# Authored in Blender; exported by tools-export-modern.py
mtllib materials.mtl
s off
v 0.218872023 0.050000000 0.230585688
v 0.218872023 0.104663772 0.230585688
v 0.757700668 0.104663772 0.230585688
v 0.757700668 0.050000000 0.230585688
v 0.218872023 0.050000000 0.769414333
v 0.757700668 0.050000000 0.769414333
v 0.757700668 0.104663772 0.769414333
v 0.218872023 0.104663772 0.769414333
v 0.488286335 0.100759221 0.394577005
v 0.508853350 0.100759221 0.396602683
v 0.528629969 0.100759221 0.402601860
v 0.546856213 0.100759221 0.412343992
v 0.562831636 0.100759221 0.425454699
v 0.575942343 0.100759221 0.441430122
v 0.585684475 0.100759221 0.459656366
v 0.591683640 0.100759221 0.479432985
v 0.593709318 0.100759221 0.500000000
v 0.591683640 0.100759221 0.520567015
v 0.585684475 0.100759221 0.540343634
v 0.575942343 0.100759221 0.558569878
v 0.562831636 0.100759221 0.574545301
v 0.546856213 0.100759221 0.587656008
v 0.528629969 0.100759221 0.597398140
v 0.508853350 0.100759221 0.603397305
v 0.488286335 0.100759221 0.605422984
v 0.467719319 0.100759221 0.603397305
v 0.447942700 0.100759221 0.597398140
v 0.429716456 0.100759221 0.587656008
v 0.413741033 0.100759221 0.574545301
v 0.400630326 0.100759221 0.558569878
v 0.390888194 0.100759221 0.540343634
v 0.384889018 0.100759221 0.520567015
v 0.382863339 0.100759221 0.500000000
v 0.384889018 0.100759221 0.479432985
v 0.390888194 0.100759221 0.459656366
v 0.400630326 0.100759221 0.441430122
v 0.413741033 0.100759221 0.425454699
v 0.429716456 0.100759221 0.412343992
v 0.447942700 0.100759221 0.402601860
v 0.467719319 0.100759221 0.396602683
v 0.508853350 0.335032532 0.396602683
v 0.488286335 0.335032532 0.394577005
v 0.467719319 0.335032532 0.396602683
v 0.447942700 0.335032532 0.402601860
v 0.429716456 0.335032532 0.412343992
v 0.413741033 0.335032532 0.425454699
v 0.400630326 0.335032532 0.441430122
v 0.390888194 0.335032532 0.459656366
v 0.384889018 0.335032532 0.479432985
v 0.382863339 0.335032532 0.500000000
v 0.384889018 0.335032532 0.520567015
v 0.390888194 0.335032532 0.540343634
v 0.400630326 0.335032532 0.558569878
v 0.413741033 0.335032532 0.574545301
v 0.429716456 0.335032532 0.587656008
v 0.447942700 0.335032532 0.597398140
v 0.467719319 0.335032532 0.603397305
v 0.488286335 0.335032532 0.605422984
v 0.508853350 0.335032532 0.603397305
v 0.528629969 0.335032532 0.597398140
v 0.546856213 0.335032532 0.587656008
v 0.562831636 0.335032532 0.574545301
v 0.575942343 0.335032532 0.558569878
v 0.585684475 0.335032532 0.540343634
v 0.591683640 0.335032532 0.520567015
v 0.593709318 0.335032532 0.500000000
v 0.591683640 0.335032532 0.479432985
v 0.585684475 0.335032532 0.459656366
v 0.575942343 0.335032532 0.441430122
v 0.562831636 0.335032532 0.425454699
v 0.546856213 0.335032532 0.412343992
v 0.528629969 0.335032532 0.402601860
v 0.488286335 0.276464213 0.439088931
v 0.501840322 0.276464213 0.440616103
v 0.514714646 0.276464213 0.445121027
v 0.526263760 0.276464213 0.452377816
v 0.535908518 0.276464213 0.462022574
v 0.543165307 0.276464213 0.473571689
v 0.547670231 0.276464213 0.486446013
v 0.549197403 0.276464213 0.500000000
v 0.547670231 0.276464213 0.513553987
v 0.543165307 0.276464213 0.526428311
v 0.535908518 0.276464213 0.537977426
v 0.526263760 0.276464213 0.547622184
v 0.514714646 0.276464213 0.554878973
v 0.501840322 0.276464213 0.559383897
v 0.488286335 0.276464213 0.560911069
v 0.474732347 0.276464213 0.559383897
v 0.461858024 0.276464213 0.554878973
v 0.450308909 0.276464213 0.547622184
v 0.440664151 0.276464213 0.537977426
v 0.433407362 0.276464213 0.526428311
v 0.428902438 0.276464213 0.513553987
v 0.427375266 0.276464213 0.500000000
v 0.428902438 0.276464213 0.486446013
v 0.433407362 0.276464213 0.473571689
v 0.440664151 0.276464213 0.462022574
v 0.450308909 0.276464213 0.452377816
v 0.461858024 0.276464213 0.445121027
v 0.474732347 0.276464213 0.440616103
v 0.501840322 0.569305855 0.440616103
v 0.488286335 0.569305855 0.439088931
v 0.474732347 0.569305855 0.440616103
v 0.461858024 0.569305855 0.445121027
v 0.450308909 0.569305855 0.452377816
v 0.440664151 0.569305855 0.462022574
v 0.433407362 0.569305855 0.473571689
v 0.428902438 0.569305855 0.486446013
v 0.427375266 0.569305855 0.500000000
v 0.428902438 0.569305855 0.513553987
v 0.433407362 0.569305855 0.526428311
v 0.440664151 0.569305855 0.537977426
v 0.450308909 0.569305855 0.547622184
v 0.461858024 0.569305855 0.554878973
v 0.474732347 0.569305855 0.559383897
v 0.488286335 0.569305855 0.560911069
v 0.501840322 0.569305855 0.559383897
v 0.514714646 0.569305855 0.554878973
v 0.526263760 0.569305855 0.547622184
v 0.535908518 0.569305855 0.537977426
v 0.543165307 0.569305855 0.526428311
v 0.547670231 0.569305855 0.513553987
v 0.549197403 0.569305855 0.500000000
v 0.547670231 0.569305855 0.486446013
v 0.543165307 0.569305855 0.473571689
v 0.535908518 0.569305855 0.462022574
v 0.526263760 0.569305855 0.452377816
v 0.514714646 0.569305855 0.445121027
v 0.488286335 0.135900219 0.423861176
v 0.473432389 0.135900219 0.425324161
v 0.473432389 0.159327551 0.425324161
v 0.488286335 0.159327551 0.423861176
v 0.459149260 0.135900219 0.429656911
v 0.459149260 0.159327551 0.429656911
v 0.445985863 0.135900219 0.436692887
v 0.445985863 0.159327551 0.436692887
v 0.434448059 0.135900219 0.446161724
v 0.434448059 0.159327551 0.446161724
v 0.424979221 0.135900219 0.457699528
v 0.424979221 0.159327551 0.457699528
v 0.417943246 0.135900219 0.470862926
v 0.417943246 0.159327551 0.470862926
v 0.413610495 0.135900219 0.485146055
v 0.413610495 0.159327551 0.485146055
v 0.412147510 0.135900219 0.500000000
v 0.412147510 0.159327551 0.500000000
v 0.413610495 0.135900219 0.514853945
v 0.413610495 0.159327551 0.514853945
v 0.417943246 0.135900219 0.529137074
v 0.417943246 0.159327551 0.529137074
v 0.424979221 0.135900219 0.542300472
v 0.424979221 0.159327551 0.542300472
v 0.434448059 0.135900219 0.553838276
v 0.434448059 0.159327551 0.553838276
v 0.445985863 0.135900219 0.563307113
v 0.445985863 0.159327551 0.563307113
v 0.459149260 0.135900219 0.570343089
v 0.459149260 0.159327551 0.570343089
v 0.473432389 0.135900219 0.574675839
v 0.473432389 0.159327551 0.574675839
v 0.488286335 0.135900219 0.576138824
v 0.488286335 0.159327551 0.576138824
v 0.503140280 0.135900219 0.574675839
v 0.503140280 0.159327551 0.574675839
v 0.517423409 0.135900219 0.570343089
v 0.517423409 0.159327551 0.570343089
v 0.530586806 0.135900219 0.563307113
v 0.530586806 0.159327551 0.563307113
v 0.542124610 0.135900219 0.553838276
v 0.542124610 0.159327551 0.553838276
v 0.551593448 0.135900219 0.542300472
v 0.551593448 0.159327551 0.542300472
v 0.558629423 0.135900219 0.529137074
v 0.558629423 0.159327551 0.529137074
v 0.562962174 0.135900219 0.514853945
v 0.562962174 0.159327551 0.514853945
v 0.564425159 0.135900219 0.500000000
v 0.564425159 0.159327551 0.500000000
v 0.562962174 0.135900219 0.485146055
v 0.562962174 0.159327551 0.485146055
v 0.558629423 0.135900219 0.470862926
v 0.558629423 0.159327551 0.470862926
v 0.551593448 0.135900219 0.457699528
v 0.551593448 0.159327551 0.457699528
v 0.542124610 0.135900219 0.446161724
v 0.542124610 0.159327551 0.446161724
v 0.530586806 0.135900219 0.436692887
v 0.530586806 0.159327551 0.436692887
v 0.517423409 0.135900219 0.429656911
v 0.517423409 0.159327551 0.429656911
v 0.503140280 0.135900219 0.425324161
v 0.503140280 0.159327551 0.425324161
v 0.484477621 0.159327551 0.480852356
v 0.488286335 0.159327551 0.480477219
v 0.480815295 0.159327551 0.481963314
v 0.477440063 0.159327551 0.483767411
v 0.474481651 0.159327551 0.486195316
v 0.472053746 0.159327551 0.489153729
v 0.470249649 0.159327551 0.492528960
v 0.469138691 0.159327551 0.496191287
v 0.468763554 0.159327551 0.500000000
v 0.469138691 0.159327551 0.503808713
v 0.470249649 0.159327551 0.507471040
v 0.472053746 0.159327551 0.510846271
v 0.474481651 0.159327551 0.513804684
v 0.477440063 0.159327551 0.516232589
v 0.480815295 0.159327551 0.518036686
v 0.484477621 0.159327551 0.519147644
v 0.488286335 0.159327551 0.519522781
v 0.492095048 0.159327551 0.519147644
v 0.495757375 0.159327551 0.518036686
v 0.499132606 0.159327551 0.516232589
v 0.502091018 0.159327551 0.513804684
v 0.504518924 0.159327551 0.510846271
v 0.506323020 0.159327551 0.507471040
v 0.507433978 0.159327551 0.503808713
v 0.507809115 0.159327551 0.500000000
v 0.507433978 0.159327551 0.496191287
v 0.506323020 0.159327551 0.492528960
v 0.504518924 0.159327551 0.489153729
v 0.502091018 0.159327551 0.486195316
v 0.499132606 0.159327551 0.483767411
v 0.495757375 0.159327551 0.481963314
v 0.492095048 0.159327551 0.480852356
v 0.484477621 0.135900219 0.480852356
v 0.488286335 0.135900219 0.480477219
v 0.480815295 0.135900219 0.481963314
v 0.477440063 0.135900219 0.483767411
v 0.474481651 0.135900219 0.486195316
v 0.472053746 0.135900219 0.489153729
v 0.470249649 0.135900219 0.492528960
v 0.469138691 0.135900219 0.496191287
v 0.468763554 0.135900219 0.500000000
v 0.469138691 0.135900219 0.503808713
v 0.470249649 0.135900219 0.507471040
v 0.472053746 0.135900219 0.510846271
v 0.474481651 0.135900219 0.513804684
v 0.477440063 0.135900219 0.516232589
v 0.480815295 0.135900219 0.518036686
v 0.484477621 0.135900219 0.519147644
v 0.488286335 0.135900219 0.519522781
v 0.492095048 0.135900219 0.519147644
v 0.495757375 0.135900219 0.518036686
v 0.499132606 0.135900219 0.516232589
v 0.502091018 0.135900219 0.513804684
v 0.504518924 0.135900219 0.510846271
v 0.506323020 0.135900219 0.507471040
v 0.507433978 0.135900219 0.503808713
v 0.507809115 0.135900219 0.500000000
v 0.507433978 0.135900219 0.496191287
v 0.506323020 0.135900219 0.492528960
v 0.504518924 0.135900219 0.489153729
v 0.502091018 0.135900219 0.486195316
v 0.499132606 0.135900219 0.483767411
v 0.495757375 0.135900219 0.481963314
v 0.492095048 0.135900219 0.480852356
v 0.488286335 0.130043386 0.426906722
v 0.474026548 0.130043386 0.428311199
v 0.474026548 0.135900219 0.428311199
v 0.488286335 0.135900219 0.426906722
v 0.460314747 0.130043386 0.432470613
v 0.460314747 0.135900219 0.432470613
v 0.447677900 0.130043386 0.439225171
v 0.447677900 0.135900219 0.439225171
v 0.436601599 0.130043386 0.448315265
v 0.436601599 0.135900219 0.448315265
v 0.427511506 0.130043386 0.459391566
v 0.427511506 0.135900219 0.459391566
v 0.420756947 0.130043386 0.472028412
v 0.420756947 0.135900219 0.472028412
v 0.416597534 0.130043386 0.485740214
v 0.416597534 0.135900219 0.485740214
v 0.415193057 0.130043386 0.500000000
v 0.415193057 0.135900219 0.500000000
v 0.416597534 0.130043386 0.514259786
v 0.416597534 0.135900219 0.514259786
v 0.420756947 0.130043386 0.527971588
v 0.420756947 0.135900219 0.527971588
v 0.427511506 0.130043386 0.540608434
v 0.427511506 0.135900219 0.540608434
v 0.436601599 0.130043386 0.551684735
v 0.436601599 0.135900219 0.551684735
v 0.447677900 0.130043386 0.560774829
v 0.447677900 0.135900219 0.560774829
v 0.460314747 0.130043386 0.567529387
v 0.460314747 0.135900219 0.567529387
v 0.474026548 0.130043386 0.571688801
v 0.474026548 0.135900219 0.571688801
v 0.488286335 0.130043386 0.573093278
v 0.488286335 0.135900219 0.573093278
v 0.502546121 0.130043386 0.571688801
v 0.502546121 0.135900219 0.571688801
v 0.516257922 0.130043386 0.567529387
v 0.516257922 0.135900219 0.567529387
v 0.528894769 0.130043386 0.560774829
v 0.528894769 0.135900219 0.560774829
v 0.539971070 0.130043386 0.551684735
v 0.539971070 0.135900219 0.551684735
v 0.549061163 0.130043386 0.540608434
v 0.549061163 0.135900219 0.540608434
v 0.555815722 0.130043386 0.527971588
v 0.555815722 0.135900219 0.527971588
v 0.559975136 0.130043386 0.514259786
v 0.559975136 0.135900219 0.514259786
v 0.561379612 0.130043386 0.500000000
v 0.561379612 0.135900219 0.500000000
v 0.559975136 0.130043386 0.485740214
v 0.559975136 0.135900219 0.485740214
v 0.555815722 0.130043386 0.472028412
v 0.555815722 0.135900219 0.472028412
v 0.549061163 0.130043386 0.459391566
v 0.549061163 0.135900219 0.459391566
v 0.539971070 0.130043386 0.448315265
v 0.539971070 0.135900219 0.448315265
v 0.528894769 0.130043386 0.439225171
v 0.528894769 0.135900219 0.439225171
v 0.516257922 0.130043386 0.432470613
v 0.516257922 0.135900219 0.432470613
v 0.502546121 0.130043386 0.428311199
v 0.502546121 0.135900219 0.428311199
v 0.484477621 0.130043386 0.480852356
v 0.488286335 0.130043386 0.480477219
v 0.480815295 0.130043386 0.481963314
v 0.477440063 0.130043386 0.483767411
v 0.474481651 0.130043386 0.486195316
v 0.472053746 0.130043386 0.489153729
v 0.470249649 0.130043386 0.492528960
v 0.469138691 0.130043386 0.496191287
v 0.468763554 0.130043386 0.500000000
v 0.469138691 0.130043386 0.503808713
v 0.470249649 0.130043386 0.507471040
v 0.472053746 0.130043386 0.510846271
v 0.474481651 0.130043386 0.513804684
v 0.477440063 0.130043386 0.516232589
v 0.480815295 0.130043386 0.518036686
v 0.484477621 0.130043386 0.519147644
v 0.488286335 0.130043386 0.519522781
v 0.492095048 0.130043386 0.519147644
v 0.495757375 0.130043386 0.518036686
v 0.499132606 0.130043386 0.516232589
v 0.502091018 0.130043386 0.513804684
v 0.504518924 0.130043386 0.510846271
v 0.506323020 0.130043386 0.507471040
v 0.507433978 0.130043386 0.503808713
v 0.507809115 0.130043386 0.500000000
v 0.507433978 0.130043386 0.496191287
v 0.506323020 0.130043386 0.492528960
v 0.504518924 0.130043386 0.489153729
v 0.502091018 0.130043386 0.486195316
v 0.499132606 0.130043386 0.483767411
v 0.495757375 0.130043386 0.481963314
v 0.492095048 0.130043386 0.480852356
v 0.488286335 0.120282001 0.431855741
v 0.491912937 0.120282001 0.433949563
v 0.491912937 0.120282001 0.438137207
v 0.488286335 0.120282001 0.440231029
v 0.484659732 0.120282001 0.438137207
v 0.484659732 0.120282001 0.433949563
v 0.491912937 0.166160528 0.433949563
v 0.488286335 0.166160528 0.431855741
v 0.484659732 0.166160528 0.433949563
v 0.484659732 0.166160528 0.438137207
v 0.488286335 0.166160528 0.440231029
v 0.491912937 0.166160528 0.438137207
v 0.456308027 0.120282001 0.440424311
v 0.459934629 0.120282001 0.442518133
v 0.459934629 0.120282001 0.446705776
v 0.456308027 0.120282001 0.448799598
v 0.452681424 0.120282001 0.446705776
v 0.452681424 0.120282001 0.442518133
v 0.459934629 0.166160528 0.442518133
v 0.456308027 0.166160528 0.440424311
v 0.452681424 0.166160528 0.442518133
v 0.452681424 0.166160528 0.446705776
v 0.456308027 0.166160528 0.448799598
v 0.459934629 0.166160528 0.446705776
v 0.432898289 0.120282001 0.463834049
v 0.436524892 0.120282001 0.465927871
v 0.436524892 0.120282001 0.470115514
v 0.432898289 0.120282001 0.472209336
v 0.429271686 0.120282001 0.470115514
v 0.429271686 0.120282001 0.465927871
v 0.436524892 0.166160528 0.465927871
v 0.432898289 0.166160528 0.463834049
v 0.429271686 0.166160528 0.465927871
v 0.429271686 0.166160528 0.470115514
v 0.432898289 0.166160528 0.472209336
v 0.436524892 0.166160528 0.470115514
v 0.424329719 0.120282001 0.495812356
v 0.427956322 0.120282001 0.497906178
v 0.427956322 0.120282001 0.502093822
v 0.424329719 0.120282001 0.504187644
v 0.420703117 0.120282001 0.502093822
v 0.420703117 0.120282001 0.497906178
v 0.427956322 0.166160528 0.497906178
v 0.424329719 0.166160528 0.495812356
v 0.420703117 0.166160528 0.497906178
v 0.420703117 0.166160528 0.502093822
v 0.424329719 0.166160528 0.504187644
v 0.427956322 0.166160528 0.502093822
v 0.432898289 0.120282001 0.527790664
v 0.436524892 0.120282001 0.529884486
v 0.436524892 0.120282001 0.534072129
v 0.432898289 0.120282001 0.536165951
v 0.429271686 0.120282001 0.534072129
v 0.429271686 0.120282001 0.529884486
v 0.436524892 0.166160528 0.529884486
v 0.432898289 0.166160528 0.527790664
v 0.429271686 0.166160528 0.529884486
v 0.429271686 0.166160528 0.534072129
v 0.432898289 0.166160528 0.536165951
v 0.436524892 0.166160528 0.534072129
v 0.456308027 0.120282001 0.551200402
v 0.459934629 0.120282001 0.553294224
v 0.459934629 0.120282001 0.557481867
v 0.456308027 0.120282001 0.559575689
v 0.452681424 0.120282001 0.557481867
v 0.452681424 0.120282001 0.553294224
v 0.459934629 0.166160528 0.553294224
v 0.456308027 0.166160528 0.551200402
v 0.452681424 0.166160528 0.553294224
v 0.452681424 0.166160528 0.557481867
v 0.456308027 0.166160528 0.559575689
v 0.459934629 0.166160528 0.557481867
v 0.488286335 0.120282001 0.559768971
v 0.491912937 0.120282001 0.561862793
v 0.491912937 0.120282001 0.566050437
v 0.488286335 0.120282001 0.568144259
v 0.484659732 0.120282001 0.566050437
v 0.484659732 0.120282001 0.561862793
v 0.491912937 0.166160528 0.561862793
v 0.488286335 0.166160528 0.559768971
v 0.484659732 0.166160528 0.561862793
v 0.484659732 0.166160528 0.566050437
v 0.488286335 0.166160528 0.568144259
v 0.491912937 0.166160528 0.566050437
v 0.520264642 0.120282001 0.551200402
v 0.523891245 0.120282001 0.553294224
v 0.523891245 0.120282001 0.557481867
v 0.520264642 0.120282001 0.559575689
v 0.516638040 0.120282001 0.557481867
v 0.516638040 0.120282001 0.553294224
v 0.523891245 0.166160528 0.553294224
v 0.520264642 0.166160528 0.551200402
v 0.516638040 0.166160528 0.553294224
v 0.516638040 0.166160528 0.557481867
v 0.520264642 0.166160528 0.559575689
v 0.523891245 0.166160528 0.557481867
v 0.543674380 0.120282001 0.527790664
v 0.547300983 0.120282001 0.529884486
v 0.547300983 0.120282001 0.534072129
v 0.543674380 0.120282001 0.536165951
v 0.540047778 0.120282001 0.534072129
v 0.540047778 0.120282001 0.529884486
v 0.547300983 0.166160528 0.529884486
v 0.543674380 0.166160528 0.527790664
v 0.540047778 0.166160528 0.529884486
v 0.540047778 0.166160528 0.534072129
v 0.543674380 0.166160528 0.536165951
v 0.547300983 0.166160528 0.534072129
v 0.552242950 0.120282001 0.495812356
v 0.555869552 0.120282001 0.497906178
v 0.555869552 0.120282001 0.502093822
v 0.552242950 0.120282001 0.504187644
v 0.548616347 0.120282001 0.502093822
v 0.548616347 0.120282001 0.497906178
v 0.555869552 0.166160528 0.497906178
v 0.552242950 0.166160528 0.495812356
v 0.548616347 0.166160528 0.497906178
v 0.548616347 0.166160528 0.502093822
v 0.552242950 0.166160528 0.504187644
v 0.555869552 0.166160528 0.502093822
v 0.543674380 0.120282001 0.463834049
v 0.547300983 0.120282001 0.465927871
v 0.547300983 0.120282001 0.470115514
v 0.543674380 0.120282001 0.472209336
v 0.540047778 0.120282001 0.470115514
v 0.540047778 0.120282001 0.465927871
v 0.547300983 0.166160528 0.465927871
v 0.543674380 0.166160528 0.463834049
v 0.540047778 0.166160528 0.465927871
v 0.540047778 0.166160528 0.470115514
v 0.543674380 0.166160528 0.472209336
v 0.547300983 0.166160528 0.470115514
v 0.520264642 0.120282001 0.440424311
v 0.523891245 0.120282001 0.442518133
v 0.523891245 0.120282001 0.446705776
v 0.520264642 0.120282001 0.448799598
v 0.516638040 0.120282001 0.446705776
v 0.516638040 0.120282001 0.442518133
v 0.523891245 0.166160528 0.442518133
v 0.520264642 0.166160528 0.440424311
v 0.516638040 0.166160528 0.442518133
v 0.516638040 0.166160528 0.446705776
v 0.520264642 0.166160528 0.448799598
v 0.523891245 0.166160528 0.446705776
v 0.488286335 0.276464213 0.423861176
v 0.473432389 0.276464213 0.425324161
v 0.473432389 0.299891545 0.425324161
v 0.488286335 0.299891545 0.423861176
v 0.459149260 0.276464213 0.429656911
v 0.459149260 0.299891545 0.429656911
v 0.445985863 0.276464213 0.436692887
v 0.445985863 0.299891545 0.436692887
v 0.434448059 0.276464213 0.446161724
v 0.434448059 0.299891545 0.446161724
v 0.424979221 0.276464213 0.457699528
v 0.424979221 0.299891545 0.457699528
v 0.417943246 0.276464213 0.470862926
v 0.417943246 0.299891545 0.470862926
v 0.413610495 0.276464213 0.485146055
v 0.413610495 0.299891545 0.485146055
v 0.412147510 0.276464213 0.500000000
v 0.412147510 0.299891545 0.500000000
v 0.413610495 0.276464213 0.514853945
v 0.413610495 0.299891545 0.514853945
v 0.417943246 0.276464213 0.529137074
v 0.417943246 0.299891545 0.529137074
v 0.424979221 0.276464213 0.542300472
v 0.424979221 0.299891545 0.542300472
v 0.434448059 0.276464213 0.553838276
v 0.434448059 0.299891545 0.553838276
v 0.445985863 0.276464213 0.563307113
v 0.445985863 0.299891545 0.563307113
v 0.459149260 0.276464213 0.570343089
v 0.459149260 0.299891545 0.570343089
v 0.473432389 0.276464213 0.574675839
v 0.473432389 0.299891545 0.574675839
v 0.488286335 0.276464213 0.576138824
v 0.488286335 0.299891545 0.576138824
v 0.503140280 0.276464213 0.574675839
v 0.503140280 0.299891545 0.574675839
v 0.517423409 0.276464213 0.570343089
v 0.517423409 0.299891545 0.570343089
v 0.530586806 0.276464213 0.563307113
v 0.530586806 0.299891545 0.563307113
v 0.542124610 0.276464213 0.553838276
v 0.542124610 0.299891545 0.553838276
v 0.551593448 0.276464213 0.542300472
v 0.551593448 0.299891545 0.542300472
v 0.558629423 0.276464213 0.529137074
v 0.558629423 0.299891545 0.529137074
v 0.562962174 0.276464213 0.514853945
v 0.562962174 0.299891545 0.514853945
v 0.564425159 0.276464213 0.500000000
v 0.564425159 0.299891545 0.500000000
v 0.562962174 0.276464213 0.485146055
v 0.562962174 0.299891545 0.485146055
v 0.558629423 0.276464213 0.470862926
v 0.558629423 0.299891545 0.470862926
v 0.551593448 0.276464213 0.457699528
v 0.551593448 0.299891545 0.457699528
v 0.542124610 0.276464213 0.446161724
v 0.542124610 0.299891545 0.446161724
v 0.530586806 0.276464213 0.436692887
v 0.530586806 0.299891545 0.436692887
v 0.517423409 0.276464213 0.429656911
v 0.517423409 0.299891545 0.429656911
v 0.503140280 0.276464213 0.425324161
v 0.503140280 0.299891545 0.425324161
v 0.484477621 0.299891545 0.480852356
v 0.488286335 0.299891545 0.480477219
v 0.480815295 0.299891545 0.481963314
v 0.477440063 0.299891545 0.483767411
v 0.474481651 0.299891545 0.486195316
v 0.472053746 0.299891545 0.489153729
v 0.470249649 0.299891545 0.492528960
v 0.469138691 0.299891545 0.496191287
v 0.468763554 0.299891545 0.500000000
v 0.469138691 0.299891545 0.503808713
v 0.470249649 0.299891545 0.507471040
v 0.472053746 0.299891545 0.510846271
v 0.474481651 0.299891545 0.513804684
v 0.477440063 0.299891545 0.516232589
v 0.480815295 0.299891545 0.518036686
v 0.484477621 0.299891545 0.519147644
v 0.488286335 0.299891545 0.519522781
v 0.492095048 0.299891545 0.519147644
v 0.495757375 0.299891545 0.518036686
v 0.499132606 0.299891545 0.516232589
v 0.502091018 0.299891545 0.513804684
v 0.504518924 0.299891545 0.510846271
v 0.506323020 0.299891545 0.507471040
v 0.507433978 0.299891545 0.503808713
v 0.507809115 0.299891545 0.500000000
v 0.507433978 0.299891545 0.496191287
v 0.506323020 0.299891545 0.492528960
v 0.504518924 0.299891545 0.489153729
v 0.502091018 0.299891545 0.486195316
v 0.499132606 0.299891545 0.483767411
v 0.495757375 0.299891545 0.481963314
v 0.492095048 0.299891545 0.480852356
v 0.484477621 0.276464213 0.480852356
v 0.488286335 0.276464213 0.480477219
v 0.480815295 0.276464213 0.481963314
v 0.477440063 0.276464213 0.483767411
v 0.474481651 0.276464213 0.486195316
v 0.472053746 0.276464213 0.489153729
v 0.470249649 0.276464213 0.492528960
v 0.469138691 0.276464213 0.496191287
v 0.468763554 0.276464213 0.500000000
v 0.469138691 0.276464213 0.503808713
v 0.470249649 0.276464213 0.507471040
v 0.472053746 0.276464213 0.510846271
v 0.474481651 0.276464213 0.513804684
v 0.477440063 0.276464213 0.516232589
v 0.480815295 0.276464213 0.518036686
v 0.484477621 0.276464213 0.519147644
v 0.488286335 0.276464213 0.519522781
v 0.492095048 0.276464213 0.519147644
v 0.495757375 0.276464213 0.518036686
v 0.499132606 0.276464213 0.516232589
v 0.502091018 0.276464213 0.513804684
v 0.504518924 0.276464213 0.510846271
v 0.506323020 0.276464213 0.507471040
v 0.507433978 0.276464213 0.503808713
v 0.507809115 0.276464213 0.500000000
v 0.507433978 0.276464213 0.496191287
v 0.506323020 0.276464213 0.492528960
v 0.504518924 0.276464213 0.489153729
v 0.502091018 0.276464213 0.486195316
v 0.499132606 0.276464213 0.483767411
v 0.495757375 0.276464213 0.481963314
v 0.492095048 0.276464213 0.480852356
v 0.488286335 0.270607386 0.426906722
v 0.474026548 0.270607386 0.428311199
v 0.474026548 0.276464213 0.428311199
v 0.488286335 0.276464213 0.426906722
v 0.460314747 0.270607386 0.432470613
v 0.460314747 0.276464213 0.432470613
v 0.447677900 0.270607386 0.439225171
v 0.447677900 0.276464213 0.439225171
v 0.436601599 0.270607386 0.448315265
v 0.436601599 0.276464213 0.448315265
v 0.427511506 0.270607386 0.459391566
v 0.427511506 0.276464213 0.459391566
v 0.420756947 0.270607386 0.472028412
v 0.420756947 0.276464213 0.472028412
v 0.416597534 0.270607386 0.485740214
v 0.416597534 0.276464213 0.485740214
v 0.415193057 0.270607386 0.500000000
v 0.415193057 0.276464213 0.500000000
v 0.416597534 0.270607386 0.514259786
v 0.416597534 0.276464213 0.514259786
v 0.420756947 0.270607386 0.527971588
v 0.420756947 0.276464213 0.527971588
v 0.427511506 0.270607386 0.540608434
v 0.427511506 0.276464213 0.540608434
v 0.436601599 0.270607386 0.551684735
v 0.436601599 0.276464213 0.551684735
v 0.447677900 0.270607386 0.560774829
v 0.447677900 0.276464213 0.560774829
v 0.460314747 0.270607386 0.567529387
v 0.460314747 0.276464213 0.567529387
v 0.474026548 0.270607386 0.571688801
v 0.474026548 0.276464213 0.571688801
v 0.488286335 0.270607386 0.573093278
v 0.488286335 0.276464213 0.573093278
v 0.502546121 0.270607386 0.571688801
v 0.502546121 0.276464213 0.571688801
v 0.516257922 0.270607386 0.567529387
v 0.516257922 0.276464213 0.567529387
v 0.528894769 0.270607386 0.560774829
v 0.528894769 0.276464213 0.560774829
v 0.539971070 0.270607386 0.551684735
v 0.539971070 0.276464213 0.551684735
v 0.549061163 0.270607386 0.540608434
v 0.549061163 0.276464213 0.540608434
v 0.555815722 0.270607386 0.527971588
v 0.555815722 0.276464213 0.527971588
v 0.559975136 0.270607386 0.514259786
v 0.559975136 0.276464213 0.514259786
v 0.561379612 0.270607386 0.500000000
v 0.561379612 0.276464213 0.500000000
v 0.559975136 0.270607386 0.485740214
v 0.559975136 0.276464213 0.485740214
v 0.555815722 0.270607386 0.472028412
v 0.555815722 0.276464213 0.472028412
v 0.549061163 0.270607386 0.459391566
v 0.549061163 0.276464213 0.459391566
v 0.539971070 0.270607386 0.448315265
v 0.539971070 0.276464213 0.448315265
v 0.528894769 0.270607386 0.439225171
v 0.528894769 0.276464213 0.439225171
v 0.516257922 0.270607386 0.432470613
v 0.516257922 0.276464213 0.432470613
v 0.502546121 0.270607386 0.428311199
v 0.502546121 0.276464213 0.428311199
v 0.484477621 0.270607386 0.480852356
v 0.488286335 0.270607386 0.480477219
v 0.480815295 0.270607386 0.481963314
v 0.477440063 0.270607386 0.483767411
v 0.474481651 0.270607386 0.486195316
v 0.472053746 0.270607386 0.489153729
v 0.470249649 0.270607386 0.492528960
v 0.469138691 0.270607386 0.496191287
v 0.468763554 0.270607386 0.500000000
v 0.469138691 0.270607386 0.503808713
v 0.470249649 0.270607386 0.507471040
v 0.472053746 0.270607386 0.510846271
v 0.474481651 0.270607386 0.513804684
v 0.477440063 0.270607386 0.516232589
v 0.480815295 0.270607386 0.518036686
v 0.484477621 0.270607386 0.519147644
v 0.488286335 0.270607386 0.519522781
v 0.492095048 0.270607386 0.519147644
v 0.495757375 0.270607386 0.518036686
v 0.499132606 0.270607386 0.516232589
v 0.502091018 0.270607386 0.513804684
v 0.504518924 0.270607386 0.510846271
v 0.506323020 0.270607386 0.507471040
v 0.507433978 0.270607386 0.503808713
v 0.507809115 0.270607386 0.500000000
v 0.507433978 0.270607386 0.496191287
v 0.506323020 0.270607386 0.492528960
v 0.504518924 0.270607386 0.489153729
v 0.502091018 0.270607386 0.486195316
v 0.499132606 0.270607386 0.483767411
v 0.495757375 0.270607386 0.481963314
v 0.492095048 0.270607386 0.480852356
v 0.488286335 0.260845984 0.431855741
v 0.491912937 0.260845984 0.433949563
v 0.491912937 0.260845984 0.438137207
v 0.488286335 0.260845984 0.440231029
v 0.484659732 0.260845984 0.438137207
v 0.484659732 0.260845984 0.433949563
v 0.491912937 0.306724510 0.433949563
v 0.488286335 0.306724510 0.431855741
v 0.484659732 0.306724510 0.433949563
v 0.484659732 0.306724510 0.438137207
v 0.488286335 0.306724510 0.440231029
v 0.491912937 0.306724510 0.438137207
v 0.456308027 0.260845984 0.440424311
v 0.459934629 0.260845984 0.442518133
v 0.459934629 0.260845984 0.446705776
v 0.456308027 0.260845984 0.448799598
v 0.452681424 0.260845984 0.446705776
v 0.452681424 0.260845984 0.442518133
v 0.459934629 0.306724510 0.442518133
v 0.456308027 0.306724510 0.440424311
v 0.452681424 0.306724510 0.442518133
v 0.452681424 0.306724510 0.446705776
v 0.456308027 0.306724510 0.448799598
v 0.459934629 0.306724510 0.446705776
v 0.432898289 0.260845984 0.463834049
v 0.436524892 0.260845984 0.465927871
v 0.436524892 0.260845984 0.470115514
v 0.432898289 0.260845984 0.472209336
v 0.429271686 0.260845984 0.470115514
v 0.429271686 0.260845984 0.465927871
v 0.436524892 0.306724510 0.465927871
v 0.432898289 0.306724510 0.463834049
v 0.429271686 0.306724510 0.465927871
v 0.429271686 0.306724510 0.470115514
v 0.432898289 0.306724510 0.472209336
v 0.436524892 0.306724510 0.470115514
v 0.424329719 0.260845984 0.495812356
v 0.427956322 0.260845984 0.497906178
v 0.427956322 0.260845984 0.502093822
v 0.424329719 0.260845984 0.504187644
v 0.420703117 0.260845984 0.502093822
v 0.420703117 0.260845984 0.497906178
v 0.427956322 0.306724510 0.497906178
v 0.424329719 0.306724510 0.495812356
v 0.420703117 0.306724510 0.497906178
v 0.420703117 0.306724510 0.502093822
v 0.424329719 0.306724510 0.504187644
v 0.427956322 0.306724510 0.502093822
v 0.432898289 0.260845984 0.527790664
v 0.436524892 0.260845984 0.529884486
v 0.436524892 0.260845984 0.534072129
v 0.432898289 0.260845984 0.536165951
v 0.429271686 0.260845984 0.534072129
v 0.429271686 0.260845984 0.529884486
v 0.436524892 0.306724510 0.529884486
v 0.432898289 0.306724510 0.527790664
v 0.429271686 0.306724510 0.529884486
v 0.429271686 0.306724510 0.534072129
v 0.432898289 0.306724510 0.536165951
v 0.436524892 0.306724510 0.534072129
v 0.456308027 0.260845984 0.551200402
v 0.459934629 0.260845984 0.553294224
v 0.459934629 0.260845984 0.557481867
v 0.456308027 0.260845984 0.559575689
v 0.452681424 0.260845984 0.557481867
v 0.452681424 0.260845984 0.553294224
v 0.459934629 0.306724510 0.553294224
v 0.456308027 0.306724510 0.551200402
v 0.452681424 0.306724510 0.553294224
v 0.452681424 0.306724510 0.557481867
v 0.456308027 0.306724510 0.559575689
v 0.459934629 0.306724510 0.557481867
v 0.488286335 0.260845984 0.559768971
v 0.491912937 0.260845984 0.561862793
v 0.491912937 0.260845984 0.566050437
v 0.488286335 0.260845984 0.568144259
v 0.484659732 0.260845984 0.566050437
v 0.484659732 0.260845984 0.561862793
v 0.491912937 0.306724510 0.561862793
v 0.488286335 0.306724510 0.559768971
v 0.484659732 0.306724510 0.561862793
v 0.484659732 0.306724510 0.566050437
v 0.488286335 0.306724510 0.568144259
v 0.491912937 0.306724510 0.566050437
v 0.520264642 0.260845984 0.551200402
v 0.523891245 0.260845984 0.553294224
v 0.523891245 0.260845984 0.557481867
v 0.520264642 0.260845984 0.559575689
v 0.516638040 0.260845984 0.557481867
v 0.516638040 0.260845984 0.553294224
v 0.523891245 0.306724510 0.553294224
v 0.520264642 0.306724510 0.551200402
v 0.516638040 0.306724510 0.553294224
v 0.516638040 0.306724510 0.557481867
v 0.520264642 0.306724510 0.559575689
v 0.523891245 0.306724510 0.557481867
v 0.543674380 0.260845984 0.527790664
v 0.547300983 0.260845984 0.529884486
v 0.547300983 0.260845984 0.534072129
v 0.543674380 0.260845984 0.536165951
v 0.540047778 0.260845984 0.534072129
v 0.540047778 0.260845984 0.529884486
v 0.547300983 0.306724510 0.529884486
v 0.543674380 0.306724510 0.527790664
v 0.540047778 0.306724510 0.529884486
v 0.540047778 0.306724510 0.534072129
v 0.543674380 0.306724510 0.536165951
v 0.547300983 0.306724510 0.534072129
v 0.552242950 0.260845984 0.495812356
v 0.555869552 0.260845984 0.497906178
v 0.555869552 0.260845984 0.502093822
v 0.552242950 0.260845984 0.504187644
v 0.548616347 0.260845984 0.502093822
v 0.548616347 0.260845984 0.497906178
v 0.555869552 0.306724510 0.497906178
v 0.552242950 0.306724510 0.495812356
v 0.548616347 0.306724510 0.497906178
v 0.548616347 0.306724510 0.502093822
v 0.552242950 0.306724510 0.504187644
v 0.555869552 0.306724510 0.502093822
v 0.543674380 0.260845984 0.463834049
v 0.547300983 0.260845984 0.465927871
v 0.547300983 0.260845984 0.470115514
v 0.543674380 0.260845984 0.472209336
v 0.540047778 0.260845984 0.470115514
v 0.540047778 0.260845984 0.465927871
v 0.547300983 0.306724510 0.465927871
v 0.543674380 0.306724510 0.463834049
v 0.540047778 0.306724510 0.465927871
v 0.540047778 0.306724510 0.470115514
v 0.543674380 0.306724510 0.472209336
v 0.547300983 0.306724510 0.470115514
v 0.520264642 0.260845984 0.440424311
v 0.523891245 0.260845984 0.442518133
v 0.523891245 0.260845984 0.446705776
v 0.520264642 0.260845984 0.448799598
v 0.516638040 0.260845984 0.446705776
v 0.516638040 0.260845984 0.442518133
v 0.523891245 0.306724510 0.442518133
v 0.520264642 0.306724510 0.440424311
v 0.516638040 0.306724510 0.442518133
v 0.516638040 0.306724510 0.446705776
v 0.520264642 0.306724510 0.448799598
v 0.523891245 0.306724510 0.446705776
v 0.488286335 0.393600851 0.423861176
v 0.473432389 0.393600851 0.425324161
v 0.473432389 0.417028184 0.425324161
v 0.488286335 0.417028184 0.423861176
v 0.459149260 0.393600851 0.429656911
v 0.459149260 0.417028184 0.429656911
v 0.445985863 0.393600851 0.436692887
v 0.445985863 0.417028184 0.436692887
v 0.434448059 0.393600851 0.446161724
v 0.434448059 0.417028184 0.446161724
v 0.424979221 0.393600851 0.457699528
v 0.424979221 0.417028184 0.457699528
v 0.417943246 0.393600851 0.470862926
v 0.417943246 0.417028184 0.470862926
v 0.413610495 0.393600851 0.485146055
v 0.413610495 0.417028184 0.485146055
v 0.412147510 0.393600851 0.500000000
v 0.412147510 0.417028184 0.500000000
v 0.413610495 0.393600851 0.514853945
v 0.413610495 0.417028184 0.514853945
v 0.417943246 0.393600851 0.529137074
v 0.417943246 0.417028184 0.529137074
v 0.424979221 0.393600851 0.542300472
v 0.424979221 0.417028184 0.542300472
v 0.434448059 0.393600851 0.553838276
v 0.434448059 0.417028184 0.553838276
v 0.445985863 0.393600851 0.563307113
v 0.445985863 0.417028184 0.563307113
v 0.459149260 0.393600851 0.570343089
v 0.459149260 0.417028184 0.570343089
v 0.473432389 0.393600851 0.574675839
v 0.473432389 0.417028184 0.574675839
v 0.488286335 0.393600851 0.576138824
v 0.488286335 0.417028184 0.576138824
v 0.503140280 0.393600851 0.574675839
v 0.503140280 0.417028184 0.574675839
v 0.517423409 0.393600851 0.570343089
v 0.517423409 0.417028184 0.570343089
v 0.530586806 0.393600851 0.563307113
v 0.530586806 0.417028184 0.563307113
v 0.542124610 0.393600851 0.553838276
v 0.542124610 0.417028184 0.553838276
v 0.551593448 0.393600851 0.542300472
v 0.551593448 0.417028184 0.542300472
v 0.558629423 0.393600851 0.529137074
v 0.558629423 0.417028184 0.529137074
v 0.562962174 0.393600851 0.514853945
v 0.562962174 0.417028184 0.514853945
v 0.564425159 0.393600851 0.500000000
v 0.564425159 0.417028184 0.500000000
v 0.562962174 0.393600851 0.485146055
v 0.562962174 0.417028184 0.485146055
v 0.558629423 0.393600851 0.470862926
v 0.558629423 0.417028184 0.470862926
v 0.551593448 0.393600851 0.457699528
v 0.551593448 0.417028184 0.457699528
v 0.542124610 0.393600851 0.446161724
v 0.542124610 0.417028184 0.446161724
v 0.530586806 0.393600851 0.436692887
v 0.530586806 0.417028184 0.436692887
v 0.517423409 0.393600851 0.429656911
v 0.517423409 0.417028184 0.429656911
v 0.503140280 0.393600851 0.425324161
v 0.503140280 0.417028184 0.425324161
v 0.484477621 0.417028184 0.480852356
v 0.488286335 0.417028184 0.480477219
v 0.480815295 0.417028184 0.481963314
v 0.477440063 0.417028184 0.483767411
v 0.474481651 0.417028184 0.486195316
v 0.472053746 0.417028184 0.489153729
v 0.470249649 0.417028184 0.492528960
v 0.469138691 0.417028184 0.496191287
v 0.468763554 0.417028184 0.500000000
v 0.469138691 0.417028184 0.503808713
v 0.470249649 0.417028184 0.507471040
v 0.472053746 0.417028184 0.510846271
v 0.474481651 0.417028184 0.513804684
v 0.477440063 0.417028184 0.516232589
v 0.480815295 0.417028184 0.518036686
v 0.484477621 0.417028184 0.519147644
v 0.488286335 0.417028184 0.519522781
v 0.492095048 0.417028184 0.519147644
v 0.495757375 0.417028184 0.518036686
v 0.499132606 0.417028184 0.516232589
v 0.502091018 0.417028184 0.513804684
v 0.504518924 0.417028184 0.510846271
v 0.506323020 0.417028184 0.507471040
v 0.507433978 0.417028184 0.503808713
v 0.507809115 0.417028184 0.500000000
v 0.507433978 0.417028184 0.496191287
v 0.506323020 0.417028184 0.492528960
v 0.504518924 0.417028184 0.489153729
v 0.502091018 0.417028184 0.486195316
v 0.499132606 0.417028184 0.483767411
v 0.495757375 0.417028184 0.481963314
v 0.492095048 0.417028184 0.480852356
v 0.484477621 0.393600851 0.480852356
v 0.488286335 0.393600851 0.480477219
v 0.480815295 0.393600851 0.481963314
v 0.477440063 0.393600851 0.483767411
v 0.474481651 0.393600851 0.486195316
v 0.472053746 0.393600851 0.489153729
v 0.470249649 0.393600851 0.492528960
v 0.469138691 0.393600851 0.496191287
v 0.468763554 0.393600851 0.500000000
v 0.469138691 0.393600851 0.503808713
v 0.470249649 0.393600851 0.507471040
v 0.472053746 0.393600851 0.510846271
v 0.474481651 0.393600851 0.513804684
v 0.477440063 0.393600851 0.516232589
v 0.480815295 0.393600851 0.518036686
v 0.484477621 0.393600851 0.519147644
v 0.488286335 0.393600851 0.519522781
v 0.492095048 0.393600851 0.519147644
v 0.495757375 0.393600851 0.518036686
v 0.499132606 0.393600851 0.516232589
v 0.502091018 0.393600851 0.513804684
v 0.504518924 0.393600851 0.510846271
v 0.506323020 0.393600851 0.507471040
v 0.507433978 0.393600851 0.503808713
v 0.507809115 0.393600851 0.500000000
v 0.507433978 0.393600851 0.496191287
v 0.506323020 0.393600851 0.492528960
v 0.504518924 0.393600851 0.489153729
v 0.502091018 0.393600851 0.486195316
v 0.499132606 0.393600851 0.483767411
v 0.495757375 0.393600851 0.481963314
v 0.492095048 0.393600851 0.480852356
v 0.488286335 0.387744024 0.426906722
v 0.474026548 0.387744024 0.428311199
v 0.474026548 0.393600851 0.428311199
v 0.488286335 0.393600851 0.426906722
v 0.460314747 0.387744024 0.432470613
v 0.460314747 0.393600851 0.432470613
v 0.447677900 0.387744024 0.439225171
v 0.447677900 0.393600851 0.439225171
v 0.436601599 0.387744024 0.448315265
v 0.436601599 0.393600851 0.448315265
v 0.427511506 0.387744024 0.459391566
v 0.427511506 0.393600851 0.459391566
v 0.420756947 0.387744024 0.472028412
v 0.420756947 0.393600851 0.472028412
v 0.416597534 0.387744024 0.485740214
v 0.416597534 0.393600851 0.485740214
v 0.415193057 0.387744024 0.500000000
v 0.415193057 0.393600851 0.500000000
v 0.416597534 0.387744024 0.514259786
v 0.416597534 0.393600851 0.514259786
v 0.420756947 0.387744024 0.527971588
v 0.420756947 0.393600851 0.527971588
v 0.427511506 0.387744024 0.540608434
v 0.427511506 0.393600851 0.540608434
v 0.436601599 0.387744024 0.551684735
v 0.436601599 0.393600851 0.551684735
v 0.447677900 0.387744024 0.560774829
v 0.447677900 0.393600851 0.560774829
v 0.460314747 0.387744024 0.567529387
v 0.460314747 0.393600851 0.567529387
v 0.474026548 0.387744024 0.571688801
v 0.474026548 0.393600851 0.571688801
v 0.488286335 0.387744024 0.573093278
v 0.488286335 0.393600851 0.573093278
v 0.502546121 0.387744024 0.571688801
v 0.502546121 0.393600851 0.571688801
v 0.516257922 0.387744024 0.567529387
v 0.516257922 0.393600851 0.567529387
v 0.528894769 0.387744024 0.560774829
v 0.528894769 0.393600851 0.560774829
v 0.539971070 0.387744024 0.551684735
v 0.539971070 0.393600851 0.551684735
v 0.549061163 0.387744024 0.540608434
v 0.549061163 0.393600851 0.540608434
v 0.555815722 0.387744024 0.527971588
v 0.555815722 0.393600851 0.527971588
v 0.559975136 0.387744024 0.514259786
v 0.559975136 0.393600851 0.514259786
v 0.561379612 0.387744024 0.500000000
v 0.561379612 0.393600851 0.500000000
v 0.559975136 0.387744024 0.485740214
v 0.559975136 0.393600851 0.485740214
v 0.555815722 0.387744024 0.472028412
v 0.555815722 0.393600851 0.472028412
v 0.549061163 0.387744024 0.459391566
v 0.549061163 0.393600851 0.459391566
v 0.539971070 0.387744024 0.448315265
v 0.539971070 0.393600851 0.448315265
v 0.528894769 0.387744024 0.439225171
v 0.528894769 0.393600851 0.439225171
v 0.516257922 0.387744024 0.432470613
v 0.516257922 0.393600851 0.432470613
v 0.502546121 0.387744024 0.428311199
v 0.502546121 0.393600851 0.428311199
v 0.484477621 0.387744024 0.480852356
v 0.488286335 0.387744024 0.480477219
v 0.480815295 0.387744024 0.481963314
v 0.477440063 0.387744024 0.483767411
v 0.474481651 0.387744024 0.486195316
v 0.472053746 0.387744024 0.489153729
v 0.470249649 0.387744024 0.492528960
v 0.469138691 0.387744024 0.496191287
v 0.468763554 0.387744024 0.500000000
v 0.469138691 0.387744024 0.503808713
v 0.470249649 0.387744024 0.507471040
v 0.472053746 0.387744024 0.510846271
v 0.474481651 0.387744024 0.513804684
v 0.477440063 0.387744024 0.516232589
v 0.480815295 0.387744024 0.518036686
v 0.484477621 0.387744024 0.519147644
v 0.488286335 0.387744024 0.519522781
v 0.492095048 0.387744024 0.519147644
v 0.495757375 0.387744024 0.518036686
v 0.499132606 0.387744024 0.516232589
v 0.502091018 0.387744024 0.513804684
v 0.504518924 0.387744024 0.510846271
v 0.506323020 0.387744024 0.507471040
v 0.507433978 0.387744024 0.503808713
v 0.507809115 0.387744024 0.500000000
v 0.507433978 0.387744024 0.496191287
v 0.506323020 0.387744024 0.492528960
v 0.504518924 0.387744024 0.489153729
v 0.502091018 0.387744024 0.486195316
v 0.499132606 0.387744024 0.483767411
v 0.495757375 0.387744024 0.481963314
v 0.492095048 0.387744024 0.480852356
v 0.488286335 0.377982622 0.431855741
v 0.491912937 0.377982622 0.433949563
v 0.491912937 0.377982622 0.438137207
v 0.488286335 0.377982622 0.440231029
v 0.484659732 0.377982622 0.438137207
v 0.484659732 0.377982622 0.433949563
v 0.491912937 0.423861149 0.433949563
v 0.488286335 0.423861149 0.431855741
v 0.484659732 0.423861149 0.433949563
v 0.484659732 0.423861149 0.438137207
v 0.488286335 0.423861149 0.440231029
v 0.491912937 0.423861149 0.438137207
v 0.456308027 0.377982622 0.440424311
v 0.459934629 0.377982622 0.442518133
v 0.459934629 0.377982622 0.446705776
v 0.456308027 0.377982622 0.448799598
v 0.452681424 0.377982622 0.446705776
v 0.452681424 0.377982622 0.442518133
v 0.459934629 0.423861149 0.442518133
v 0.456308027 0.423861149 0.440424311
v 0.452681424 0.423861149 0.442518133
v 0.452681424 0.423861149 0.446705776
v 0.456308027 0.423861149 0.448799598
v 0.459934629 0.423861149 0.446705776
v 0.432898289 0.377982622 0.463834049
v 0.436524892 0.377982622 0.465927871
v 0.436524892 0.377982622 0.470115514
v 0.432898289 0.377982622 0.472209336
v 0.429271686 0.377982622 0.470115514
v 0.429271686 0.377982622 0.465927871
v 0.436524892 0.423861149 0.465927871
v 0.432898289 0.423861149 0.463834049
v 0.429271686 0.423861149 0.465927871
v 0.429271686 0.423861149 0.470115514
v 0.432898289 0.423861149 0.472209336
v 0.436524892 0.423861149 0.470115514
v 0.424329719 0.377982622 0.495812356
v 0.427956322 0.377982622 0.497906178
v 0.427956322 0.377982622 0.502093822
v 0.424329719 0.377982622 0.504187644
v 0.420703117 0.377982622 0.502093822
v 0.420703117 0.377982622 0.497906178
v 0.427956322 0.423861149 0.497906178
v 0.424329719 0.423861149 0.495812356
v 0.420703117 0.423861149 0.497906178
v 0.420703117 0.423861149 0.502093822
v 0.424329719 0.423861149 0.504187644
v 0.427956322 0.423861149 0.502093822
v 0.432898289 0.377982622 0.527790664
v 0.436524892 0.377982622 0.529884486
v 0.436524892 0.377982622 0.534072129
v 0.432898289 0.377982622 0.536165951
v 0.429271686 0.377982622 0.534072129
v 0.429271686 0.377982622 0.529884486
v 0.436524892 0.423861149 0.529884486
v 0.432898289 0.423861149 0.527790664
v 0.429271686 0.423861149 0.529884486
v 0.429271686 0.423861149 0.534072129
v 0.432898289 0.423861149 0.536165951
v 0.436524892 0.423861149 0.534072129
v 0.456308027 0.377982622 0.551200402
v 0.459934629 0.377982622 0.553294224
v 0.459934629 0.377982622 0.557481867
v 0.456308027 0.377982622 0.559575689
v 0.452681424 0.377982622 0.557481867
v 0.452681424 0.377982622 0.553294224
v 0.459934629 0.423861149 0.553294224
v 0.456308027 0.423861149 0.551200402
v 0.452681424 0.423861149 0.553294224
v 0.452681424 0.423861149 0.557481867
v 0.456308027 0.423861149 0.559575689
v 0.459934629 0.423861149 0.557481867
v 0.488286335 0.377982622 0.559768971
v 0.491912937 0.377982622 0.561862793
v 0.491912937 0.377982622 0.566050437
v 0.488286335 0.377982622 0.568144259
v 0.484659732 0.377982622 0.566050437
v 0.484659732 0.377982622 0.561862793
v 0.491912937 0.423861149 0.561862793
v 0.488286335 0.423861149 0.559768971
v 0.484659732 0.423861149 0.561862793
v 0.484659732 0.423861149 0.566050437
v 0.488286335 0.423861149 0.568144259
v 0.491912937 0.423861149 0.566050437
v 0.520264642 0.377982622 0.551200402
v 0.523891245 0.377982622 0.553294224
v 0.523891245 0.377982622 0.557481867
v 0.520264642 0.377982622 0.559575689
v 0.516638040 0.377982622 0.557481867
v 0.516638040 0.377982622 0.553294224
v 0.523891245 0.423861149 0.553294224
v 0.520264642 0.423861149 0.551200402
v 0.516638040 0.423861149 0.553294224
v 0.516638040 0.423861149 0.557481867
v 0.520264642 0.423861149 0.559575689
v 0.523891245 0.423861149 0.557481867
v 0.543674380 0.377982622 0.527790664
v 0.547300983 0.377982622 0.529884486
v 0.547300983 0.377982622 0.534072129
v 0.543674380 0.377982622 0.536165951
v 0.540047778 0.377982622 0.534072129
v 0.540047778 0.377982622 0.529884486
v 0.547300983 0.423861149 0.529884486
v 0.543674380 0.423861149 0.527790664
v 0.540047778 0.423861149 0.529884486
v 0.540047778 0.423861149 0.534072129
v 0.543674380 0.423861149 0.536165951
v 0.547300983 0.423861149 0.534072129
v 0.552242950 0.377982622 0.495812356
v 0.555869552 0.377982622 0.497906178
v 0.555869552 0.377982622 0.502093822
v 0.552242950 0.377982622 0.504187644
v 0.548616347 0.377982622 0.502093822
v 0.548616347 0.377982622 0.497906178
v 0.555869552 0.423861149 0.497906178
v 0.552242950 0.423861149 0.495812356
v 0.548616347 0.423861149 0.497906178
v 0.548616347 0.423861149 0.502093822
v 0.552242950 0.423861149 0.504187644
v 0.555869552 0.423861149 0.502093822
v 0.543674380 0.377982622 0.463834049
v 0.547300983 0.377982622 0.465927871
v 0.547300983 0.377982622 0.470115514
v 0.543674380 0.377982622 0.472209336
v 0.540047778 0.377982622 0.470115514
v 0.540047778 0.377982622 0.465927871
v 0.547300983 0.423861149 0.465927871
v 0.543674380 0.423861149 0.463834049
v 0.540047778 0.423861149 0.465927871
v 0.540047778 0.423861149 0.470115514
v 0.543674380 0.423861149 0.472209336
v 0.547300983 0.423861149 0.470115514
v 0.520264642 0.377982622 0.440424311
v 0.523891245 0.377982622 0.442518133
v 0.523891245 0.377982622 0.446705776
v 0.520264642 0.377982622 0.448799598
v 0.516638040 0.377982622 0.446705776
v 0.516638040 0.377982622 0.442518133
v 0.523891245 0.423861149 0.442518133
v 0.520264642 0.423861149 0.440424311
v 0.516638040 0.423861149 0.442518133
v 0.516638040 0.423861149 0.446705776
v 0.520264642 0.423861149 0.448799598
v 0.523891245 0.423861149 0.446705776
v 0.488286335 0.534164892 0.423861176
v 0.473432389 0.534164892 0.425324161
v 0.473432389 0.557592201 0.425324161
v 0.488286335 0.557592201 0.423861176
v 0.459149260 0.534164892 0.429656911
v 0.459149260 0.557592201 0.429656911
v 0.445985863 0.534164892 0.436692887
v 0.445985863 0.557592201 0.436692887
v 0.434448059 0.534164892 0.446161724
v 0.434448059 0.557592201 0.446161724
v 0.424979221 0.534164892 0.457699528
v 0.424979221 0.557592201 0.457699528
v 0.417943246 0.534164892 0.470862926
v 0.417943246 0.557592201 0.470862926
v 0.413610495 0.534164892 0.485146055
v 0.413610495 0.557592201 0.485146055
v 0.412147510 0.534164892 0.500000000
v 0.412147510 0.557592201 0.500000000
v 0.413610495 0.534164892 0.514853945
v 0.413610495 0.557592201 0.514853945
v 0.417943246 0.534164892 0.529137074
v 0.417943246 0.557592201 0.529137074
v 0.424979221 0.534164892 0.542300472
v 0.424979221 0.557592201 0.542300472
v 0.434448059 0.534164892 0.553838276
v 0.434448059 0.557592201 0.553838276
v 0.445985863 0.534164892 0.563307113
v 0.445985863 0.557592201 0.563307113
v 0.459149260 0.534164892 0.570343089
v 0.459149260 0.557592201 0.570343089
v 0.473432389 0.534164892 0.574675839
v 0.473432389 0.557592201 0.574675839
v 0.488286335 0.534164892 0.576138824
v 0.488286335 0.557592201 0.576138824
v 0.503140280 0.534164892 0.574675839
v 0.503140280 0.557592201 0.574675839
v 0.517423409 0.534164892 0.570343089
v 0.517423409 0.557592201 0.570343089
v 0.530586806 0.534164892 0.563307113
v 0.530586806 0.557592201 0.563307113
v 0.542124610 0.534164892 0.553838276
v 0.542124610 0.557592201 0.553838276
v 0.551593448 0.534164892 0.542300472
v 0.551593448 0.557592201 0.542300472
v 0.558629423 0.534164892 0.529137074
v 0.558629423 0.557592201 0.529137074
v 0.562962174 0.534164892 0.514853945
v 0.562962174 0.557592201 0.514853945
v 0.564425159 0.534164892 0.500000000
v 0.564425159 0.557592201 0.500000000
v 0.562962174 0.534164892 0.485146055
v 0.562962174 0.557592201 0.485146055
v 0.558629423 0.534164892 0.470862926
v 0.558629423 0.557592201 0.470862926
v 0.551593448 0.534164892 0.457699528
v 0.551593448 0.557592201 0.457699528
v 0.542124610 0.534164892 0.446161724
v 0.542124610 0.557592201 0.446161724
v 0.530586806 0.534164892 0.436692887
v 0.530586806 0.557592201 0.436692887
v 0.517423409 0.534164892 0.429656911
v 0.517423409 0.557592201 0.429656911
v 0.503140280 0.534164892 0.425324161
v 0.503140280 0.557592201 0.425324161
v 0.484477621 0.557592201 0.480852356
v 0.488286335 0.557592201 0.480477219
v 0.480815295 0.557592201 0.481963314
v 0.477440063 0.557592201 0.483767411
v 0.474481651 0.557592201 0.486195316
v 0.472053746 0.557592201 0.489153729
v 0.470249649 0.557592201 0.492528960
v 0.469138691 0.557592201 0.496191287
v 0.468763554 0.557592201 0.500000000
v 0.469138691 0.557592201 0.503808713
v 0.470249649 0.557592201 0.507471040
v 0.472053746 0.557592201 0.510846271
v 0.474481651 0.557592201 0.513804684
v 0.477440063 0.557592201 0.516232589
v 0.480815295 0.557592201 0.518036686
v 0.484477621 0.557592201 0.519147644
v 0.488286335 0.557592201 0.519522781
v 0.492095048 0.557592201 0.519147644
v 0.495757375 0.557592201 0.518036686
v 0.499132606 0.557592201 0.516232589
v 0.502091018 0.557592201 0.513804684
v 0.504518924 0.557592201 0.510846271
v 0.506323020 0.557592201 0.507471040
v 0.507433978 0.557592201 0.503808713
v 0.507809115 0.557592201 0.500000000
v 0.507433978 0.557592201 0.496191287
v 0.506323020 0.557592201 0.492528960
v 0.504518924 0.557592201 0.489153729
v 0.502091018 0.557592201 0.486195316
v 0.499132606 0.557592201 0.483767411
v 0.495757375 0.557592201 0.481963314
v 0.492095048 0.557592201 0.480852356
v 0.484477621 0.534164892 0.480852356
v 0.488286335 0.534164892 0.480477219
v 0.480815295 0.534164892 0.481963314
v 0.477440063 0.534164892 0.483767411
v 0.474481651 0.534164892 0.486195316
v 0.472053746 0.534164892 0.489153729
v 0.470249649 0.534164892 0.492528960
v 0.469138691 0.534164892 0.496191287
v 0.468763554 0.534164892 0.500000000
v 0.469138691 0.534164892 0.503808713
v 0.470249649 0.534164892 0.507471040
v 0.472053746 0.534164892 0.510846271
v 0.474481651 0.534164892 0.513804684
v 0.477440063 0.534164892 0.516232589
v 0.480815295 0.534164892 0.518036686
v 0.484477621 0.534164892 0.519147644
v 0.488286335 0.534164892 0.519522781
v 0.492095048 0.534164892 0.519147644
v 0.495757375 0.534164892 0.518036686
v 0.499132606 0.534164892 0.516232589
v 0.502091018 0.534164892 0.513804684
v 0.504518924 0.534164892 0.510846271
v 0.506323020 0.534164892 0.507471040
v 0.507433978 0.534164892 0.503808713
v 0.507809115 0.534164892 0.500000000
v 0.507433978 0.534164892 0.496191287
v 0.506323020 0.534164892 0.492528960
v 0.504518924 0.534164892 0.489153729
v 0.502091018 0.534164892 0.486195316
v 0.499132606 0.534164892 0.483767411
v 0.495757375 0.534164892 0.481963314
v 0.492095048 0.534164892 0.480852356
v 0.488286335 0.528308018 0.426906722
v 0.474026548 0.528308018 0.428311199
v 0.474026548 0.534164892 0.428311199
v 0.488286335 0.534164892 0.426906722
v 0.460314747 0.528308018 0.432470613
v 0.460314747 0.534164892 0.432470613
v 0.447677900 0.528308018 0.439225171
v 0.447677900 0.534164892 0.439225171
v 0.436601599 0.528308018 0.448315265
v 0.436601599 0.534164892 0.448315265
v 0.427511506 0.528308018 0.459391566
v 0.427511506 0.534164892 0.459391566
v 0.420756947 0.528308018 0.472028412
v 0.420756947 0.534164892 0.472028412
v 0.416597534 0.528308018 0.485740214
v 0.416597534 0.534164892 0.485740214
v 0.415193057 0.528308018 0.500000000
v 0.415193057 0.534164892 0.500000000
v 0.416597534 0.528308018 0.514259786
v 0.416597534 0.534164892 0.514259786
v 0.420756947 0.528308018 0.527971588
v 0.420756947 0.534164892 0.527971588
v 0.427511506 0.528308018 0.540608434
v 0.427511506 0.534164892 0.540608434
v 0.436601599 0.528308018 0.551684735
v 0.436601599 0.534164892 0.551684735
v 0.447677900 0.528308018 0.560774829
v 0.447677900 0.534164892 0.560774829
v 0.460314747 0.528308018 0.567529387
v 0.460314747 0.534164892 0.567529387
v 0.474026548 0.528308018 0.571688801
v 0.474026548 0.534164892 0.571688801
v 0.488286335 0.528308018 0.573093278
v 0.488286335 0.534164892 0.573093278
v 0.502546121 0.528308018 0.571688801
v 0.502546121 0.534164892 0.571688801
v 0.516257922 0.528308018 0.567529387
v 0.516257922 0.534164892 0.567529387
v 0.528894769 0.528308018 0.560774829
v 0.528894769 0.534164892 0.560774829
v 0.539971070 0.528308018 0.551684735
v 0.539971070 0.534164892 0.551684735
v 0.549061163 0.528308018 0.540608434
v 0.549061163 0.534164892 0.540608434
v 0.555815722 0.528308018 0.527971588
v 0.555815722 0.534164892 0.527971588
v 0.559975136 0.528308018 0.514259786
v 0.559975136 0.534164892 0.514259786
v 0.561379612 0.528308018 0.500000000
v 0.561379612 0.534164892 0.500000000
v 0.559975136 0.528308018 0.485740214
v 0.559975136 0.534164892 0.485740214
v 0.555815722 0.528308018 0.472028412
v 0.555815722 0.534164892 0.472028412
v 0.549061163 0.528308018 0.459391566
v 0.549061163 0.534164892 0.459391566
v 0.539971070 0.528308018 0.448315265
v 0.539971070 0.534164892 0.448315265
v 0.528894769 0.528308018 0.439225171
v 0.528894769 0.534164892 0.439225171
v 0.516257922 0.528308018 0.432470613
v 0.516257922 0.534164892 0.432470613
v 0.502546121 0.528308018 0.428311199
v 0.502546121 0.534164892 0.428311199
v 0.484477621 0.528308018 0.480852356
v 0.488286335 0.528308018 0.480477219
v 0.480815295 0.528308018 0.481963314
v 0.477440063 0.528308018 0.483767411
v 0.474481651 0.528308018 0.486195316
v 0.472053746 0.528308018 0.489153729
v 0.470249649 0.528308018 0.492528960
v 0.469138691 0.528308018 0.496191287
v 0.468763554 0.528308018 0.500000000
v 0.469138691 0.528308018 0.503808713
v 0.470249649 0.528308018 0.507471040
v 0.472053746 0.528308018 0.510846271
v 0.474481651 0.528308018 0.513804684
v 0.477440063 0.528308018 0.516232589
v 0.480815295 0.528308018 0.518036686
v 0.484477621 0.528308018 0.519147644
v 0.488286335 0.528308018 0.519522781
v 0.492095048 0.528308018 0.519147644
v 0.495757375 0.528308018 0.518036686
v 0.499132606 0.528308018 0.516232589
v 0.502091018 0.528308018 0.513804684
v 0.504518924 0.528308018 0.510846271
v 0.506323020 0.528308018 0.507471040
v 0.507433978 0.528308018 0.503808713
v 0.507809115 0.528308018 0.500000000
v 0.507433978 0.528308018 0.496191287
v 0.506323020 0.528308018 0.492528960
v 0.504518924 0.528308018 0.489153729
v 0.502091018 0.528308018 0.486195316
v 0.499132606 0.528308018 0.483767411
v 0.495757375 0.528308018 0.481963314
v 0.492095048 0.528308018 0.480852356
v 0.488286335 0.518546639 0.431855741
v 0.491912937 0.518546639 0.433949563
v 0.491912937 0.518546639 0.438137207
v 0.488286335 0.518546639 0.440231029
v 0.484659732 0.518546639 0.438137207
v 0.484659732 0.518546639 0.433949563
v 0.491912937 0.564425189 0.433949563
v 0.488286335 0.564425189 0.431855741
v 0.484659732 0.564425189 0.433949563
v 0.484659732 0.564425189 0.438137207
v 0.488286335 0.564425189 0.440231029
v 0.491912937 0.564425189 0.438137207
v 0.456308027 0.518546639 0.440424311
v 0.459934629 0.518546639 0.442518133
v 0.459934629 0.518546639 0.446705776
v 0.456308027 0.518546639 0.448799598
v 0.452681424 0.518546639 0.446705776
v 0.452681424 0.518546639 0.442518133
v 0.459934629 0.564425189 0.442518133
v 0.456308027 0.564425189 0.440424311
v 0.452681424 0.564425189 0.442518133
v 0.452681424 0.564425189 0.446705776
v 0.456308027 0.564425189 0.448799598
v 0.459934629 0.564425189 0.446705776
v 0.432898289 0.518546639 0.463834049
v 0.436524892 0.518546639 0.465927871
v 0.436524892 0.518546639 0.470115514
v 0.432898289 0.518546639 0.472209336
v 0.429271686 0.518546639 0.470115514
v 0.429271686 0.518546639 0.465927871
v 0.436524892 0.564425189 0.465927871
v 0.432898289 0.564425189 0.463834049
v 0.429271686 0.564425189 0.465927871
v 0.429271686 0.564425189 0.470115514
v 0.432898289 0.564425189 0.472209336
v 0.436524892 0.564425189 0.470115514
v 0.424329719 0.518546639 0.495812356
v 0.427956322 0.518546639 0.497906178
v 0.427956322 0.518546639 0.502093822
v 0.424329719 0.518546639 0.504187644
v 0.420703117 0.518546639 0.502093822
v 0.420703117 0.518546639 0.497906178
v 0.427956322 0.564425189 0.497906178
v 0.424329719 0.564425189 0.495812356
v 0.420703117 0.564425189 0.497906178
v 0.420703117 0.564425189 0.502093822
v 0.424329719 0.564425189 0.504187644
v 0.427956322 0.564425189 0.502093822
v 0.432898289 0.518546639 0.527790664
v 0.436524892 0.518546639 0.529884486
v 0.436524892 0.518546639 0.534072129
v 0.432898289 0.518546639 0.536165951
v 0.429271686 0.518546639 0.534072129
v 0.429271686 0.518546639 0.529884486
v 0.436524892 0.564425189 0.529884486
v 0.432898289 0.564425189 0.527790664
v 0.429271686 0.564425189 0.529884486
v 0.429271686 0.564425189 0.534072129
v 0.432898289 0.564425189 0.536165951
v 0.436524892 0.564425189 0.534072129
v 0.456308027 0.518546639 0.551200402
v 0.459934629 0.518546639 0.553294224
v 0.459934629 0.518546639 0.557481867
v 0.456308027 0.518546639 0.559575689
v 0.452681424 0.518546639 0.557481867
v 0.452681424 0.518546639 0.553294224
v 0.459934629 0.564425189 0.553294224
v 0.456308027 0.564425189 0.551200402
v 0.452681424 0.564425189 0.553294224
v 0.452681424 0.564425189 0.557481867
v 0.456308027 0.564425189 0.559575689
v 0.459934629 0.564425189 0.557481867
v 0.488286335 0.518546639 0.559768971
v 0.491912937 0.518546639 0.561862793
v 0.491912937 0.518546639 0.566050437
v 0.488286335 0.518546639 0.568144259
v 0.484659732 0.518546639 0.566050437
v 0.484659732 0.518546639 0.561862793
v 0.491912937 0.564425189 0.561862793
v 0.488286335 0.564425189 0.559768971
v 0.484659732 0.564425189 0.561862793
v 0.484659732 0.564425189 0.566050437
v 0.488286335 0.564425189 0.568144259
v 0.491912937 0.564425189 0.566050437
v 0.520264642 0.518546639 0.551200402
v 0.523891245 0.518546639 0.553294224
v 0.523891245 0.518546639 0.557481867
v 0.520264642 0.518546639 0.559575689
v 0.516638040 0.518546639 0.557481867
v 0.516638040 0.518546639 0.553294224
v 0.523891245 0.564425189 0.553294224
v 0.520264642 0.564425189 0.551200402
v 0.516638040 0.564425189 0.553294224
v 0.516638040 0.564425189 0.557481867
v 0.520264642 0.564425189 0.559575689
v 0.523891245 0.564425189 0.557481867
v 0.543674380 0.518546639 0.527790664
v 0.547300983 0.518546639 0.529884486
v 0.547300983 0.518546639 0.534072129
v 0.543674380 0.518546639 0.536165951
v 0.540047778 0.518546639 0.534072129
v 0.540047778 0.518546639 0.529884486
v 0.547300983 0.564425189 0.529884486
v 0.543674380 0.564425189 0.527790664
v 0.540047778 0.564425189 0.529884486
v 0.540047778 0.564425189 0.534072129
v 0.543674380 0.564425189 0.536165951
v 0.547300983 0.564425189 0.534072129
v 0.552242950 0.518546639 0.495812356
v 0.555869552 0.518546639 0.497906178
v 0.555869552 0.518546639 0.502093822
v 0.552242950 0.518546639 0.504187644
v 0.548616347 0.518546639 0.502093822
v 0.548616347 0.518546639 0.497906178
v 0.555869552 0.564425189 0.497906178
v 0.552242950 0.564425189 0.495812356
v 0.548616347 0.564425189 0.497906178
v 0.548616347 0.564425189 0.502093822
v 0.552242950 0.564425189 0.504187644
v 0.555869552 0.564425189 0.502093822
v 0.543674380 0.518546639 0.463834049
v 0.547300983 0.518546639 0.465927871
v 0.547300983 0.518546639 0.470115514
v 0.543674380 0.518546639 0.472209336
v 0.540047778 0.518546639 0.470115514
v 0.540047778 0.518546639 0.465927871
v 0.547300983 0.564425189 0.465927871
v 0.543674380 0.564425189 0.463834049
v 0.540047778 0.564425189 0.465927871
v 0.540047778 0.564425189 0.470115514
v 0.543674380 0.564425189 0.472209336
v 0.547300983 0.564425189 0.470115514
v 0.520264642 0.518546639 0.440424311
v 0.523891245 0.518546639 0.442518133
v 0.523891245 0.518546639 0.446705776
v 0.520264642 0.518546639 0.448799598
v 0.516638040 0.518546639 0.446705776
v 0.516638040 0.518546639 0.442518133
v 0.523891245 0.564425189 0.442518133
v 0.520264642 0.564425189 0.440424311
v 0.516638040 0.564425189 0.442518133
v 0.516638040 0.564425189 0.446705776
v 0.520264642 0.564425189 0.448799598
v 0.523891245 0.564425189 0.446705776
v 0.388720178 0.569305855 0.400433843
v 0.388720178 0.598589992 0.400433843
v 0.587852491 0.598589992 0.400433843
v 0.587852491 0.569305855 0.400433843
v 0.388720178 0.569305855 0.599566157
v 0.587852491 0.569305855 0.599566157
v 0.587852491 0.598589992 0.599566157
v 0.388720178 0.598589992 0.599566157
v 0.488286335 0.598589992 0.403947944
v 0.507025166 0.598589992 0.405793560
v 0.525043861 0.598589992 0.411259472
v 0.541650005 0.598589992 0.420135640
v 0.556205404 0.598589992 0.432080930
v 0.568150695 0.598589992 0.446636330
v 0.577026863 0.598589992 0.463242473
v 0.582492774 0.598589992 0.481261169
v 0.584338390 0.598589992 0.500000000
v 0.582492774 0.598589992 0.518738831
v 0.577026863 0.598589992 0.536757527
v 0.568150695 0.598589992 0.553363670
v 0.556205404 0.598589992 0.567919070
v 0.541650005 0.598589992 0.579864360
v 0.525043861 0.598589992 0.588740528
v 0.507025166 0.598589992 0.594206440
v 0.488286335 0.598589992 0.596052056
v 0.469547503 0.598589992 0.594206440
v 0.451528808 0.598589992 0.588740528
v 0.434922664 0.598589992 0.579864360
v 0.420367265 0.598589992 0.567919070
v 0.408421974 0.598589992 0.553363670
v 0.399545806 0.598589992 0.536757527
v 0.394079895 0.598589992 0.518738831
v 0.392234279 0.598589992 0.500000000
v 0.394079895 0.598589992 0.481261169
v 0.399545806 0.598589992 0.463242473
v 0.408421974 0.598589992 0.446636330
v 0.420367265 0.598589992 0.432080930
v 0.434922664 0.598589992 0.420135640
v 0.451528808 0.598589992 0.411259472
v 0.469547503 0.598589992 0.405793560
v 0.507025166 0.909002163 0.405793560
v 0.488286335 0.909002163 0.403947944
v 0.469547503 0.909002163 0.405793560
v 0.451528808 0.909002163 0.411259472
v 0.434922664 0.909002163 0.420135640
v 0.420367265 0.909002163 0.432080930
v 0.408421974 0.909002163 0.446636330
v 0.399545806 0.909002163 0.463242473
v 0.394079895 0.909002163 0.481261169
v 0.392234279 0.909002163 0.500000000
v 0.394079895 0.909002163 0.518738831
v 0.399545806 0.909002163 0.536757527
v 0.408421974 0.909002163 0.553363670
v 0.420367265 0.909002163 0.567919070
v 0.434922664 0.909002163 0.579864360
v 0.451528808 0.909002163 0.588740528
v 0.469547503 0.909002163 0.594206440
v 0.488286335 0.909002163 0.596052056
v 0.507025166 0.909002163 0.594206440
v 0.525043861 0.909002163 0.588740528
v 0.541650005 0.909002163 0.579864360
v 0.556205404 0.909002163 0.567919070
v 0.568150695 0.909002163 0.553363670
v 0.577026863 0.909002163 0.536757527
v 0.582492774 0.909002163 0.518738831
v 0.584338390 0.909002163 0.500000000
v 0.582492774 0.909002163 0.481261169
v 0.577026863 0.909002163 0.463242473
v 0.568150695 0.909002163 0.446636330
v 0.556205404 0.909002163 0.432080930
v 0.541650005 0.909002163 0.420135640
v 0.525043861 0.909002163 0.411259472
v 0.488286335 0.909002163 0.399262480
v 0.507939258 0.909002163 0.401198128
v 0.526836927 0.909002163 0.406930677
v 0.544253109 0.909002163 0.416239816
v 0.559518520 0.909002163 0.428767814
v 0.572046519 0.909002163 0.444033226
v 0.581355657 0.909002163 0.461449408
v 0.587088207 0.909002163 0.480347077
v 0.589023866 0.909002163 0.500000000
v 0.587088207 0.909002163 0.519652923
v 0.581355657 0.909002163 0.538550592
v 0.572046519 0.909002163 0.555966774
v 0.559518520 0.909002163 0.571232186
v 0.544253109 0.909002163 0.583760184
v 0.526836927 0.909002163 0.593069323
v 0.507939258 0.909002163 0.598801872
v 0.488286335 0.909002163 0.600737531
v 0.468633411 0.909002163 0.598801872
v 0.449735742 0.909002163 0.593069323
v 0.432319560 0.909002163 0.583760184
v 0.417054149 0.909002163 0.571232186
v 0.404526150 0.909002163 0.555966774
v 0.395217012 0.909002163 0.538550592
v 0.389484462 0.909002163 0.519652923
v 0.387548815 0.909002163 0.500000000
v 0.389484462 0.909002163 0.480347077
v 0.395217012 0.909002163 0.461449408
v 0.404526150 0.909002163 0.444033226
v 0.417054149 0.909002163 0.428767814
v 0.432319560 0.909002163 0.416239816
v 0.449735742 0.909002163 0.406930677
v 0.468633411 0.909002163 0.401198128
v 0.507939258 0.950000000 0.401198128
v 0.488286335 0.950000000 0.399262480
v 0.468633411 0.950000000 0.401198128
v 0.449735742 0.950000000 0.406930677
v 0.432319560 0.950000000 0.416239816
v 0.417054149 0.950000000 0.428767814
v 0.404526150 0.950000000 0.444033226
v 0.395217012 0.950000000 0.461449408
v 0.389484462 0.950000000 0.480347077
v 0.387548815 0.950000000 0.500000000
v 0.389484462 0.950000000 0.519652923
v 0.395217012 0.950000000 0.538550592
v 0.404526150 0.950000000 0.555966774
v 0.417054149 0.950000000 0.571232186
v 0.432319560 0.950000000 0.583760184
v 0.449735742 0.950000000 0.593069323
v 0.468633411 0.950000000 0.598801872
v 0.488286335 0.950000000 0.600737531
v 0.507939258 0.950000000 0.598801872
v 0.526836927 0.950000000 0.593069323
v 0.544253109 0.950000000 0.583760184
v 0.559518520 0.950000000 0.571232186
v 0.572046519 0.950000000 0.555966774
v 0.581355657 0.950000000 0.538550592
v 0.587088207 0.950000000 0.519652923
v 0.589023866 0.950000000 0.500000000
v 0.587088207 0.950000000 0.480347077
v 0.581355657 0.950000000 0.461449408
v 0.572046519 0.950000000 0.444033226
v 0.559518520 0.950000000 0.428767814
v 0.544253109 0.950000000 0.416239816
v 0.526836927 0.950000000 0.406930677
v 0.586681116 0.627874175 0.497071586
v 0.589217218 0.627874175 0.498535782
v 0.589217218 0.627874175 0.501464218
v 0.586681116 0.627874175 0.502928414
v 0.584145038 0.627874175 0.501464218
v 0.584145038 0.627874175 0.498535782
v 0.589217218 0.897288508 0.498535782
v 0.586681116 0.897288508 0.497071586
v 0.584145038 0.897288508 0.498535782
v 0.584145038 0.897288508 0.501464218
v 0.586681116 0.897288508 0.502928414
v 0.589217218 0.897288508 0.501464218
v 0.583328413 0.627874175 0.522538026
v 0.585864491 0.627874175 0.524002221
v 0.585864491 0.627874175 0.526930658
v 0.583328413 0.627874175 0.528394853
v 0.580792335 0.627874175 0.526930658
v 0.580792335 0.627874175 0.524002221
v 0.585864491 0.897288508 0.524002221
v 0.583328413 0.897288508 0.522538026
v 0.580792335 0.897288508 0.524002221
v 0.580792335 0.897288508 0.526930658
v 0.583328413 0.897288508 0.528394853
v 0.585864491 0.897288508 0.526930658
v 0.573498728 0.627874175 0.546268977
v 0.576034806 0.627874175 0.547733172
v 0.576034806 0.627874175 0.550661609
v 0.573498728 0.627874175 0.552125805
v 0.570962650 0.627874175 0.550661609
v 0.570962650 0.627874175 0.547733172
v 0.576034806 0.897288508 0.547733172
v 0.573498728 0.897288508 0.546268977
v 0.570962650 0.897288508 0.547733172
v 0.570962650 0.897288508 0.550661609
v 0.573498728 0.897288508 0.552125805
v 0.576034806 0.897288508 0.550661609
v 0.557861951 0.627874175 0.566647202
v 0.560398029 0.627874175 0.568111398
v 0.560398029 0.627874175 0.571039834
v 0.557861951 0.627874175 0.572504030
v 0.555325873 0.627874175 0.571039834
v 0.555325873 0.627874175 0.568111398
v 0.560398029 0.897288508 0.568111398
v 0.557861951 0.897288508 0.566647202
v 0.555325873 0.897288508 0.568111398
v 0.555325873 0.897288508 0.571039834
v 0.557861951 0.897288508 0.572504030
v 0.560398029 0.897288508 0.571039834
v 0.537483725 0.627874175 0.582283980
v 0.540019803 0.627874175 0.583748175
v 0.540019803 0.627874175 0.586676612
v 0.537483725 0.627874175 0.588140808
v 0.534947647 0.627874175 0.586676612
v 0.534947647 0.627874175 0.583748175
v 0.540019803 0.897288508 0.583748175
v 0.537483725 0.897288508 0.582283980
v 0.534947647 0.897288508 0.583748175
v 0.534947647 0.897288508 0.586676612
v 0.537483725 0.897288508 0.588140808
v 0.540019803 0.897288508 0.586676612
v 0.513752774 0.627874175 0.592113665
v 0.516288852 0.627874175 0.593577860
v 0.516288852 0.627874175 0.596506297
v 0.513752774 0.627874175 0.597970516
v 0.511216696 0.627874175 0.596506297
v 0.511216696 0.627874175 0.593577860
v 0.516288852 0.897288508 0.593577860
v 0.513752774 0.897288508 0.592113665
v 0.511216696 0.897288508 0.593577860
v 0.511216696 0.897288508 0.596506297
v 0.513752774 0.897288508 0.597970516
v 0.516288852 0.897288508 0.596506297
v 0.488286335 0.627874175 0.595466368
v 0.490822413 0.627874175 0.596930563
v 0.490822413 0.627874175 0.599858977
v 0.488286335 0.627874175 0.601323219
v 0.485750257 0.627874175 0.599858977
v 0.485750257 0.627874175 0.596930563
v 0.490822413 0.897288508 0.596930563
v 0.488286335 0.897288508 0.595466368
v 0.485750257 0.897288508 0.596930563
v 0.485750257 0.897288508 0.599858977
v 0.488286335 0.897288508 0.601323219
v 0.490822413 0.897288508 0.599858977
v 0.462819895 0.627874175 0.592113665
v 0.465355973 0.627874175 0.593577860
v 0.465355973 0.627874175 0.596506297
v 0.462819895 0.627874175 0.597970516
v 0.460283817 0.627874175 0.596506297
v 0.460283817 0.627874175 0.593577860
v 0.465355973 0.897288508 0.593577860
v 0.462819895 0.897288508 0.592113665
v 0.460283817 0.897288508 0.593577860
v 0.460283817 0.897288508 0.596506297
v 0.462819895 0.897288508 0.597970516
v 0.465355973 0.897288508 0.596506297
v 0.439088944 0.627874175 0.582283980
v 0.441625022 0.627874175 0.583748175
v 0.441625022 0.627874175 0.586676612
v 0.439088944 0.627874175 0.588140808
v 0.436552866 0.627874175 0.586676612
v 0.436552866 0.627874175 0.583748175
v 0.441625022 0.897288508 0.583748175
v 0.439088944 0.897288508 0.582283980
v 0.436552866 0.897288508 0.583748175
v 0.436552866 0.897288508 0.586676612
v 0.439088944 0.897288508 0.588140808
v 0.441625022 0.897288508 0.586676612
v 0.418710719 0.627874175 0.566647202
v 0.421246797 0.627874175 0.568111398
v 0.421246797 0.627874175 0.571039834
v 0.418710719 0.627874175 0.572504030
v 0.416174641 0.627874175 0.571039834
v 0.416174641 0.627874175 0.568111398
v 0.421246797 0.897288508 0.568111398
v 0.418710719 0.897288508 0.566647202
v 0.416174641 0.897288508 0.568111398
v 0.416174641 0.897288508 0.571039834
v 0.418710719 0.897288508 0.572504030
v 0.421246797 0.897288508 0.571039834
v 0.403073941 0.627874175 0.546268977
v 0.405610019 0.627874175 0.547733172
v 0.405610019 0.627874175 0.550661609
v 0.403073941 0.627874175 0.552125805
v 0.400537863 0.627874175 0.550661609
v 0.400537863 0.627874175 0.547733172
v 0.405610019 0.897288508 0.547733172
v 0.403073941 0.897288508 0.546268977
v 0.400537863 0.897288508 0.547733172
v 0.400537863 0.897288508 0.550661609
v 0.403073941 0.897288508 0.552125805
v 0.405610019 0.897288508 0.550661609
v 0.393244256 0.627874175 0.522538026
v 0.395780334 0.627874175 0.524002221
v 0.395780334 0.627874175 0.526930658
v 0.393244256 0.627874175 0.528394853
v 0.390708178 0.627874175 0.526930658
v 0.390708178 0.627874175 0.524002221
v 0.395780334 0.897288508 0.524002221
v 0.393244256 0.897288508 0.522538026
v 0.390708178 0.897288508 0.524002221
v 0.390708178 0.897288508 0.526930658
v 0.393244256 0.897288508 0.528394853
v 0.395780334 0.897288508 0.526930658
v 0.389891541 0.627874175 0.497071586
v 0.392427631 0.627874175 0.498535782
v 0.392427631 0.627874175 0.501464218
v 0.389891541 0.627874175 0.502928414
v 0.387355463 0.627874175 0.501464218
v 0.387355463 0.627874175 0.498535782
v 0.392427631 0.897288508 0.498535782
v 0.389891541 0.897288508 0.497071586
v 0.387355463 0.897288508 0.498535782
v 0.387355463 0.897288508 0.501464218
v 0.389891541 0.897288508 0.502928414
v 0.392427631 0.897288508 0.501464218
v 0.393244256 0.627874175 0.471605147
v 0.395780334 0.627874175 0.473069342
v 0.395780334 0.627874175 0.475997779
v 0.393244256 0.627874175 0.477461974
v 0.390708178 0.627874175 0.475997779
v 0.390708178 0.627874175 0.473069342
v 0.395780334 0.897288508 0.473069342
v 0.393244256 0.897288508 0.471605147
v 0.390708178 0.897288508 0.473069342
v 0.390708178 0.897288508 0.475997779
v 0.393244256 0.897288508 0.477461974
v 0.395780334 0.897288508 0.475997779
v 0.403073941 0.627874175 0.447874195
v 0.405610019 0.627874175 0.449338391
v 0.405610019 0.627874175 0.452266828
v 0.403073941 0.627874175 0.453731023
v 0.400537863 0.627874175 0.452266828
v 0.400537863 0.627874175 0.449338391
v 0.405610019 0.897288508 0.449338391
v 0.403073941 0.897288508 0.447874195
v 0.400537863 0.897288508 0.449338391
v 0.400537863 0.897288508 0.452266828
v 0.403073941 0.897288508 0.453731023
v 0.405610019 0.897288508 0.452266828
v 0.418710719 0.627874175 0.427495970
v 0.421246797 0.627874175 0.428960166
v 0.421246797 0.627874175 0.431888602
v 0.418710719 0.627874175 0.433352798
v 0.416174641 0.627874175 0.431888602
v 0.416174641 0.627874175 0.428960166
v 0.421246797 0.897288508 0.428960166
v 0.418710719 0.897288508 0.427495970
v 0.416174641 0.897288508 0.428960166
v 0.416174641 0.897288508 0.431888602
v 0.418710719 0.897288508 0.433352798
v 0.421246797 0.897288508 0.431888602
v 0.439088944 0.627874175 0.411859192
v 0.441625022 0.627874175 0.413323388
v 0.441625022 0.627874175 0.416251825
v 0.439088944 0.627874175 0.417716020
v 0.436552866 0.627874175 0.416251825
v 0.436552866 0.627874175 0.413323388
v 0.441625022 0.897288508 0.413323388
v 0.439088944 0.897288508 0.411859192
v 0.436552866 0.897288508 0.413323388
v 0.436552866 0.897288508 0.416251825
v 0.439088944 0.897288508 0.417716020
v 0.441625022 0.897288508 0.416251825
v 0.462819895 0.627874175 0.402029508
v 0.465355973 0.627874175 0.403493703
v 0.465355973 0.627874175 0.406422140
v 0.462819895 0.627874175 0.407886335
v 0.460283817 0.627874175 0.406422140
v 0.460283817 0.627874175 0.403493703
v 0.465355973 0.897288508 0.403493703
v 0.462819895 0.897288508 0.402029508
v 0.460283817 0.897288508 0.403493703
v 0.460283817 0.897288508 0.406422140
v 0.462819895 0.897288508 0.407886335
v 0.465355973 0.897288508 0.406422140
v 0.488286335 0.627874175 0.398676793
v 0.490822413 0.627874175 0.400141000
v 0.490822413 0.627874175 0.403069413
v 0.488286335 0.627874175 0.404533632
v 0.485750257 0.627874175 0.403069413
v 0.485750257 0.627874175 0.400141000
v 0.490822413 0.897288508 0.400141000
v 0.488286335 0.897288508 0.398676793
v 0.485750257 0.897288508 0.400141000
v 0.485750257 0.897288508 0.403069413
v 0.488286335 0.897288508 0.404533632
v 0.490822413 0.897288508 0.403069413
v 0.513752774 0.627874175 0.402029508
v 0.516288852 0.627874175 0.403493703
v 0.516288852 0.627874175 0.406422140
v 0.513752774 0.627874175 0.407886335
v 0.511216696 0.627874175 0.406422140
v 0.511216696 0.627874175 0.403493703
v 0.516288852 0.897288508 0.403493703
v 0.513752774 0.897288508 0.402029508
v 0.511216696 0.897288508 0.403493703
v 0.511216696 0.897288508 0.406422140
v 0.513752774 0.897288508 0.407886335
v 0.516288852 0.897288508 0.406422140
v 0.537483725 0.627874175 0.411859192
v 0.540019803 0.627874175 0.413323388
v 0.540019803 0.627874175 0.416251825
v 0.537483725 0.627874175 0.417716020
v 0.534947647 0.627874175 0.416251825
v 0.534947647 0.627874175 0.413323388
v 0.540019803 0.897288508 0.413323388
v 0.537483725 0.897288508 0.411859192
v 0.534947647 0.897288508 0.413323388
v 0.534947647 0.897288508 0.416251825
v 0.537483725 0.897288508 0.417716020
v 0.540019803 0.897288508 0.416251825
v 0.557861951 0.627874175 0.427495970
v 0.560398029 0.627874175 0.428960166
v 0.560398029 0.627874175 0.431888602
v 0.557861951 0.627874175 0.433352798
v 0.555325873 0.627874175 0.431888602
v 0.555325873 0.627874175 0.428960166
v 0.560398029 0.897288508 0.428960166
v 0.557861951 0.897288508 0.427495970
v 0.555325873 0.897288508 0.428960166
v 0.555325873 0.897288508 0.431888602
v 0.557861951 0.897288508 0.433352798
v 0.560398029 0.897288508 0.431888602
v 0.573498728 0.627874175 0.447874195
v 0.576034806 0.627874175 0.449338391
v 0.576034806 0.627874175 0.452266828
v 0.573498728 0.627874175 0.453731023
v 0.570962650 0.627874175 0.452266828
v 0.570962650 0.627874175 0.449338391
v 0.576034806 0.897288508 0.449338391
v 0.573498728 0.897288508 0.447874195
v 0.570962650 0.897288508 0.449338391
v 0.570962650 0.897288508 0.452266828
v 0.573498728 0.897288508 0.453731023
v 0.576034806 0.897288508 0.452266828
v 0.583328413 0.627874175 0.471605147
v 0.585864491 0.627874175 0.473069342
v 0.585864491 0.627874175 0.475997779
v 0.583328413 0.627874175 0.477461974
v 0.580792335 0.627874175 0.475997779
v 0.580792335 0.627874175 0.473069342
v 0.585864491 0.897288508 0.473069342
v 0.583328413 0.897288508 0.471605147
v 0.580792335 0.897288508 0.473069342
v 0.580792335 0.897288508 0.475997779
v 0.583328413 0.897288508 0.477461974
v 0.585864491 0.897288508 0.475997779
v 0.439479394 0.335032532 0.371149672
v 0.441142457 0.322400364 0.371149672
v 0.441142457 0.322400364 0.500000000
v 0.439479394 0.335032532 0.500000000
v 0.446018282 0.310629062 0.371149672
v 0.446018282 0.310629062 0.500000000
v 0.453774625 0.300520823 0.371149672
v 0.453774625 0.300520823 0.500000000
v 0.463882864 0.292764480 0.371149672
v 0.463882864 0.292764480 0.500000000
v 0.475654166 0.287888654 0.371149672
v 0.475654166 0.287888654 0.500000000
v 0.488286335 0.286225592 0.371149672
v 0.488286335 0.286225592 0.500000000
v 0.500918503 0.287888654 0.371149672
v 0.500918503 0.287888654 0.500000000
v 0.512689805 0.292764480 0.371149672
v 0.512689805 0.292764480 0.500000000
v 0.522798044 0.300520823 0.371149672
v 0.522798044 0.300520823 0.500000000
v 0.530554387 0.310629062 0.371149672
v 0.530554387 0.310629062 0.500000000
v 0.535430212 0.322400364 0.371149672
v 0.535430212 0.322400364 0.500000000
v 0.537093275 0.335032532 0.371149672
v 0.537093275 0.335032532 0.500000000
v 0.535430212 0.347664701 0.371149672
v 0.535430212 0.347664701 0.500000000
v 0.530554387 0.359436002 0.371149672
v 0.530554387 0.359436002 0.500000000
v 0.522798044 0.369544241 0.371149672
v 0.522798044 0.369544241 0.500000000
v 0.512689805 0.377300585 0.371149672
v 0.512689805 0.377300585 0.500000000
v 0.500918503 0.382176410 0.371149672
v 0.500918503 0.382176410 0.500000000
v 0.488286335 0.383839473 0.371149672
v 0.488286335 0.383839473 0.500000000
v 0.475654166 0.382176410 0.371149672
v 0.475654166 0.382176410 0.500000000
v 0.463882864 0.377300585 0.371149672
v 0.463882864 0.377300585 0.500000000
v 0.453774625 0.369544241 0.371149672
v 0.453774625 0.369544241 0.500000000
v 0.446018282 0.359436002 0.371149672
v 0.446018282 0.359436002 0.500000000
v 0.441142457 0.347664701 0.371149672
v 0.441142457 0.347664701 0.500000000
v 0.449628361 0.324674155 0.500000000
v 0.448264635 0.335032532 0.500000000
v 0.453626539 0.315021694 0.500000000
v 0.459986738 0.306732935 0.500000000
v 0.468275496 0.300372737 0.500000000
v 0.477927958 0.296374558 0.500000000
v 0.488286335 0.295010833 0.500000000
v 0.498644711 0.296374558 0.500000000
v 0.508297173 0.300372737 0.500000000
v 0.516585931 0.306732935 0.500000000
v 0.522946130 0.315021694 0.500000000
v 0.526944308 0.324674155 0.500000000
v 0.528308034 0.335032532 0.500000000
v 0.526944308 0.345390909 0.500000000
v 0.522946130 0.355043370 0.500000000
v 0.516585931 0.363332129 0.500000000
v 0.508297173 0.369692327 0.500000000
v 0.498644711 0.373690506 0.500000000
v 0.488286335 0.375054232 0.500000000
v 0.477927958 0.373690506 0.500000000
v 0.468275496 0.369692327 0.500000000
v 0.459986738 0.363332129 0.500000000
v 0.453626539 0.355043370 0.500000000
v 0.449628361 0.345390909 0.500000000
v 0.449628361 0.324674155 0.371149672
v 0.448264635 0.335032532 0.371149672
v 0.453626539 0.315021694 0.371149672
v 0.459986738 0.306732935 0.371149672
v 0.468275496 0.300372737 0.371149672
v 0.477927958 0.296374558 0.371149672
v 0.488286335 0.295010833 0.371149672
v 0.498644711 0.296374558 0.371149672
v 0.508297173 0.300372737 0.371149672
v 0.516585931 0.306732935 0.371149672
v 0.522946130 0.315021694 0.371149672
v 0.526944308 0.324674155 0.371149672
v 0.528308034 0.335032532 0.371149672
v 0.526944308 0.345390909 0.371149672
v 0.522946130 0.355043370 0.371149672
v 0.516585931 0.363332129 0.371149672
v 0.508297173 0.369692327 0.371149672
v 0.498644711 0.373690506 0.371149672
v 0.488286335 0.375054232 0.371149672
v 0.477927958 0.373690506 0.371149672
v 0.468275496 0.369692327 0.371149672
v 0.459986738 0.363332129 0.371149672
v 0.453626539 0.355043370 0.371149672
v 0.449628361 0.345390909 0.371149672
v 0.439479394 0.530260294 0.500000000
v 0.441142457 0.517628149 0.500000000
v 0.441142457 0.517628149 0.628850339
v 0.439479394 0.530260294 0.628850339
v 0.446018282 0.505856824 0.500000000
v 0.446018282 0.505856824 0.628850339
v 0.453774625 0.495748585 0.500000000
v 0.453774625 0.495748585 0.628850339
v 0.463882864 0.487992265 0.500000000
v 0.463882864 0.487992265 0.628850339
v 0.475654166 0.483116393 0.500000000
v 0.475654166 0.483116393 0.628850339
v 0.488286335 0.481453353 0.500000000
v 0.488286335 0.481453353 0.628850339
v 0.500918503 0.483116393 0.500000000
v 0.500918503 0.483116393 0.628850339
v 0.512689805 0.487992265 0.500000000
v 0.512689805 0.487992265 0.628850339
v 0.522798044 0.495748585 0.500000000
v 0.522798044 0.495748585 0.628850339
v 0.530554387 0.505856824 0.500000000
v 0.530554387 0.505856824 0.628850339
v 0.535430212 0.517628149 0.500000000
v 0.535430212 0.517628149 0.628850339
v 0.537093275 0.530260294 0.500000000
v 0.537093275 0.530260294 0.628850339
v 0.535430212 0.542892439 0.500000000
v 0.535430212 0.542892439 0.628850339
v 0.530554387 0.554663764 0.500000000
v 0.530554387 0.554663764 0.628850339
v 0.522798044 0.564772003 0.500000000
v 0.522798044 0.564772003 0.628850339
v 0.512689805 0.572528323 0.500000000
v 0.512689805 0.572528323 0.628850339
v 0.500918503 0.577404195 0.500000000
v 0.500918503 0.577404195 0.628850339
v 0.488286335 0.579067234 0.500000000
v 0.488286335 0.579067234 0.628850339
v 0.475654166 0.577404195 0.500000000
v 0.475654166 0.577404195 0.628850339
v 0.463882864 0.572528323 0.500000000
v 0.463882864 0.572528323 0.628850339
v 0.453774625 0.564772003 0.500000000
v 0.453774625 0.564772003 0.628850339
v 0.446018282 0.554663764 0.500000000
v 0.446018282 0.554663764 0.628850339
v 0.441142457 0.542892439 0.500000000
v 0.441142457 0.542892439 0.628850339
v 0.449628361 0.519901917 0.628850339
v 0.448264635 0.530260294 0.628850339
v 0.453626539 0.510249456 0.628850339
v 0.459986738 0.501960697 0.628850339
v 0.468275496 0.495600475 0.628850339
v 0.477927958 0.491602320 0.628850339
v 0.488286335 0.490238618 0.628850339
v 0.498644711 0.491602320 0.628850339
v 0.508297173 0.495600475 0.628850339
v 0.516585931 0.501960697 0.628850339
v 0.522946130 0.510249456 0.628850339
v 0.526944308 0.519901917 0.628850339
v 0.528308034 0.530260294 0.628850339
v 0.526944308 0.540618671 0.628850339
v 0.522946130 0.550271132 0.628850339
v 0.516585931 0.558559891 0.628850339
v 0.508297173 0.564920112 0.628850339
v 0.498644711 0.568918268 0.628850339
v 0.488286335 0.570281970 0.628850339
v 0.477927958 0.568918268 0.628850339
v 0.468275496 0.564920112 0.628850339
v 0.459986738 0.558559891 0.628850339
v 0.453626539 0.550271132 0.628850339
v 0.449628361 0.540618671 0.628850339
v 0.449628361 0.519901917 0.500000000
v 0.448264635 0.530260294 0.500000000
v 0.453626539 0.510249456 0.500000000
v 0.459986738 0.501960697 0.500000000
v 0.468275496 0.495600475 0.500000000
v 0.477927958 0.491602320 0.500000000
v 0.488286335 0.490238618 0.500000000
v 0.498644711 0.491602320 0.500000000
v 0.508297173 0.495600475 0.500000000
v 0.516585931 0.501960697 0.500000000
v 0.522946130 0.510249456 0.500000000
v 0.526944308 0.519901917 0.500000000
v 0.528308034 0.530260294 0.500000000
v 0.526944308 0.540618671 0.500000000
v 0.522946130 0.550271132 0.500000000
v 0.516585931 0.558559891 0.500000000
v 0.508297173 0.564920112 0.500000000
v 0.498644711 0.568918268 0.500000000
v 0.488286335 0.570281970 0.500000000
v 0.477927958 0.568918268 0.500000000
v 0.468275496 0.564920112 0.500000000
v 0.459986738 0.558559891 0.500000000
v 0.453626539 0.550271132 0.500000000
v 0.449628361 0.540618671 0.500000000
v 0.552711504 0.686442494 0.472668116
v 0.552711504 0.711822125 0.472668116
v 0.663991339 0.711822125 0.472668116
v 0.663991339 0.686442494 0.472668116
v 0.552711504 0.686442494 0.527331884
v 0.663991339 0.686442494 0.527331884
v 0.663991339 0.711822125 0.527331884
v 0.552711504 0.711822125 0.527331884
v 0.273535798 0.090997830 0.277049898
v 0.280636833 0.090997830 0.281149681
v 0.280636833 0.090997830 0.289349246
v 0.273535798 0.090997830 0.293449028
v 0.266434763 0.090997830 0.289349246
v 0.266434763 0.090997830 0.281149681
v 0.280636833 0.131995662 0.281149681
v 0.273535798 0.131995662 0.277049898
v 0.266434763 0.131995662 0.281149681
v 0.266434763 0.131995662 0.289349246
v 0.273535798 0.131995662 0.293449028
v 0.280636833 0.131995662 0.289349246
v 0.703036854 0.090997830 0.277049898
v 0.710137900 0.090997830 0.281149681
v 0.710137900 0.090997830 0.289349246
v 0.703036854 0.090997830 0.293449028
v 0.695935807 0.090997830 0.289349246
v 0.695935807 0.090997830 0.281149681
v 0.710137900 0.131995662 0.281149681
v 0.703036854 0.131995662 0.277049898
v 0.695935807 0.131995662 0.281149681
v 0.695935807 0.131995662 0.289349246
v 0.703036854 0.131995662 0.293449028
v 0.710137900 0.131995662 0.289349246
v 0.273535798 0.090997830 0.706550942
v 0.280636833 0.090997830 0.710650754
v 0.280636833 0.090997830 0.718850284
v 0.273535798 0.090997830 0.722950096
v 0.266434763 0.090997830 0.718850284
v 0.266434763 0.090997830 0.710650754
v 0.280636833 0.131995662 0.710650754
v 0.273535798 0.131995662 0.706550942
v 0.266434763 0.131995662 0.710650754
v 0.266434763 0.131995662 0.718850284
v 0.273535798 0.131995662 0.722950096
v 0.280636833 0.131995662 0.718850284
v 0.703036854 0.090997830 0.706550942
v 0.710137900 0.090997830 0.710650754
v 0.710137900 0.090997830 0.718850284
v 0.703036854 0.090997830 0.722950096
v 0.695935807 0.090997830 0.718850284
v 0.695935807 0.090997830 0.710650754
v 0.710137900 0.131995662 0.710650754
v 0.703036854 0.131995662 0.706550942
v 0.695935807 0.131995662 0.710650754
v 0.695935807 0.131995662 0.718850284
v 0.703036854 0.131995662 0.722950096
v 0.710137900 0.131995662 0.718850284
v 0.537093275 0.335032532 0.373101960
v 0.534704492 0.319950349 0.373101960
v 0.534704492 0.319950349 0.230585688
v 0.537093275 0.335032532 0.230585688
v 0.527771988 0.306344533 0.373101960
v 0.527771988 0.306344533 0.230585688
v 0.516974334 0.295546879 0.373101960
v 0.516974334 0.295546879 0.230585688
v 0.503368518 0.288614375 0.373101960
v 0.503368518 0.288614375 0.230585688
v 0.488286335 0.286225592 0.373101960
v 0.488286335 0.286225592 0.230585688
v 0.473204151 0.288614375 0.373101960
v 0.473204151 0.288614375 0.230585688
v 0.459598335 0.295546879 0.373101960
v 0.459598335 0.295546879 0.230585688
v 0.448800681 0.306344533 0.373101960
v 0.448800681 0.306344533 0.230585688
v 0.441868178 0.319950349 0.373101960
v 0.441868178 0.319950349 0.230585688
v 0.439479394 0.335032532 0.373101960
v 0.439479394 0.335032532 0.230585688
v 0.441868178 0.350114715 0.373101960
v 0.441868178 0.350114715 0.230585688
v 0.448800681 0.363720532 0.373101960
v 0.448800681 0.363720532 0.230585688
v 0.459598335 0.374518186 0.373101960
v 0.459598335 0.374518186 0.230585688
v 0.473204151 0.381450689 0.373101960
v 0.473204151 0.381450689 0.230585688
v 0.488286335 0.383839473 0.373101960
v 0.488286335 0.383839473 0.230585688
v 0.503368518 0.381450689 0.373101960
v 0.503368518 0.381450689 0.230585688
v 0.516974334 0.374518186 0.373101960
v 0.516974334 0.374518186 0.230585688
v 0.527771988 0.363720532 0.373101960
v 0.527771988 0.363720532 0.230585688
v 0.534704492 0.350114715 0.373101960
v 0.534704492 0.350114715 0.230585688
v 0.526349219 0.322665140 0.230585688
v 0.528308034 0.335032532 0.230585688
v 0.520664565 0.311508361 0.230585688
v 0.511810506 0.302654302 0.230585688
v 0.500653727 0.296969648 0.230585688
v 0.488286335 0.295010833 0.230585688
v 0.475918943 0.296969648 0.230585688
v 0.464762163 0.302654302 0.230585688
v 0.455908104 0.311508361 0.230585688
v 0.450223451 0.322665140 0.230585688
v 0.448264635 0.335032532 0.230585688
v 0.450223451 0.347399924 0.230585688
v 0.455908104 0.358556703 0.230585688
v 0.464762163 0.367410762 0.230585688
v 0.475918943 0.373095416 0.230585688
v 0.488286335 0.375054232 0.230585688
v 0.500653727 0.373095416 0.230585688
v 0.511810506 0.367410762 0.230585688
v 0.520664565 0.358556703 0.230585688
v 0.526349219 0.347399924 0.230585688
v 0.526349219 0.322665140 0.373101960
v 0.528308034 0.335032532 0.373101960
v 0.520664565 0.311508361 0.373101960
v 0.511810506 0.302654302 0.373101960
v 0.500653727 0.296969648 0.373101960
v 0.488286335 0.295010833 0.373101960
v 0.475918943 0.296969648 0.373101960
v 0.464762163 0.302654302 0.373101960
v 0.455908104 0.311508361 0.373101960
v 0.450223451 0.322665140 0.373101960
v 0.448264635 0.335032532 0.373101960
v 0.450223451 0.347399924 0.373101960
v 0.455908104 0.358556703 0.373101960
v 0.464762163 0.367410762 0.373101960
v 0.475918943 0.373095416 0.373101960
v 0.488286335 0.375054232 0.373101960
v 0.500653727 0.373095416 0.373101960
v 0.511810506 0.367410762 0.373101960
v 0.520664565 0.358556703 0.373101960
v 0.526349219 0.347399924 0.373101960
v 0.540021689 0.335032532 0.289154015
v 0.537489567 0.319045426 0.289154015
v 0.537489567 0.319045426 0.267678964
v 0.540021689 0.335032532 0.267678964
v 0.530141106 0.304623264 0.289154015
v 0.530141106 0.304623264 0.267678964
v 0.518695602 0.293177761 0.289154015
v 0.518695602 0.293177761 0.267678964
v 0.504273440 0.285829300 0.289154015
v 0.504273440 0.285829300 0.267678964
v 0.488286335 0.283297178 0.289154015
v 0.488286335 0.283297178 0.267678964
v 0.472299229 0.285829300 0.289154015
v 0.472299229 0.285829300 0.267678964
v 0.457877067 0.293177761 0.289154015
v 0.457877067 0.293177761 0.267678964
v 0.446431563 0.304623264 0.289154015
v 0.446431563 0.304623264 0.267678964
v 0.439083102 0.319045426 0.289154015
v 0.439083102 0.319045426 0.267678964
v 0.436550981 0.335032532 0.289154015
v 0.436550981 0.335032532 0.267678964
v 0.439083102 0.351019638 0.289154015
v 0.439083102 0.351019638 0.267678964
v 0.446431563 0.365441800 0.289154015
v 0.446431563 0.365441800 0.267678964
v 0.457877067 0.376887303 0.289154015
v 0.457877067 0.376887303 0.267678964
v 0.472299229 0.384235765 0.289154015
v 0.472299229 0.384235765 0.267678964
v 0.488286335 0.386767886 0.289154015
v 0.488286335 0.386767886 0.267678964
v 0.504273440 0.384235765 0.289154015
v 0.504273440 0.384235765 0.267678964
v 0.518695602 0.376887303 0.289154015
v 0.518695602 0.376887303 0.267678964
v 0.530141106 0.365441800 0.289154015
v 0.530141106 0.365441800 0.267678964
v 0.537489567 0.351019638 0.289154015
v 0.537489567 0.351019638 0.267678964
v 0.533776133 0.320252013 0.267678964
v 0.536117137 0.335032532 0.267678964
v 0.526982266 0.306918281 0.267678964
v 0.516400586 0.296336600 0.267678964
v 0.503066854 0.289542734 0.267678964
v 0.488286335 0.287201730 0.267678964
v 0.473505816 0.289542734 0.267678964
v 0.460172084 0.296336600 0.267678964
v 0.449590403 0.306918281 0.267678964
v 0.442796536 0.320252013 0.267678964
v 0.440455532 0.335032532 0.267678964
v 0.442796536 0.349813051 0.267678964
v 0.449590403 0.363146783 0.267678964
v 0.460172084 0.373728464 0.267678964
v 0.473505816 0.380522331 0.267678964
v 0.488286335 0.382863335 0.267678964
v 0.503066854 0.380522331 0.267678964
v 0.516400586 0.373728464 0.267678964
v 0.526982266 0.363146783 0.267678964
v 0.533776133 0.349813051 0.267678964
v 0.533776133 0.320252013 0.289154015
v 0.536117137 0.335032532 0.289154015
v 0.526982266 0.306918281 0.289154015
v 0.516400586 0.296336600 0.289154015
v 0.503066854 0.289542734 0.289154015
v 0.488286335 0.287201730 0.289154015
v 0.473505816 0.289542734 0.289154015
v 0.460172084 0.296336600 0.289154015
v 0.449590403 0.306918281 0.289154015
v 0.442796536 0.320252013 0.289154015
v 0.440455532 0.335032532 0.289154015
v 0.442796536 0.349813051 0.289154015
v 0.449590403 0.363146783 0.289154015
v 0.460172084 0.373728464 0.289154015
v 0.473505816 0.380522331 0.289154015
v 0.488286335 0.382863335 0.289154015
v 0.503066854 0.380522331 0.289154015
v 0.516400586 0.373728464 0.289154015
v 0.526982266 0.363146783 0.289154015
v 0.533776133 0.349813051 0.289154015
v 0.566377435 0.335032532 0.230585688
v 0.563716544 0.314821058 0.230585688
v 0.563716544 0.314821058 0.212039052
v 0.566377435 0.335032532 0.212039052
v 0.555915214 0.295986971 0.230585688
v 0.555915214 0.295986971 0.212039052
v 0.543505093 0.279813774 0.230585688
v 0.543505093 0.279813774 0.212039052
v 0.527331896 0.267403653 0.230585688
v 0.527331896 0.267403653 0.212039052
v 0.508497809 0.259602323 0.230585688
v 0.508497809 0.259602323 0.212039052
v 0.488286335 0.256941432 0.230585688
v 0.488286335 0.256941432 0.212039052
v 0.468074860 0.259602323 0.230585688
v 0.468074860 0.259602323 0.212039052
v 0.449240773 0.267403653 0.230585688
v 0.449240773 0.267403653 0.212039052
v 0.433067577 0.279813774 0.230585688
v 0.433067577 0.279813774 0.212039052
v 0.420657455 0.295986971 0.230585688
v 0.420657455 0.295986971 0.212039052
v 0.412856125 0.314821058 0.230585688
v 0.412856125 0.314821058 0.212039052
v 0.410195235 0.335032532 0.230585688
v 0.410195235 0.335032532 0.212039052
v 0.412856125 0.355244007 0.230585688
v 0.412856125 0.355244007 0.212039052
v 0.420657455 0.374078094 0.230585688
v 0.420657455 0.374078094 0.212039052
v 0.433067577 0.390251290 0.230585688
v 0.433067577 0.390251290 0.212039052
v 0.449240773 0.402661411 0.230585688
v 0.449240773 0.402661411 0.212039052
v 0.468074860 0.410462741 0.230585688
v 0.468074860 0.410462741 0.212039052
v 0.488286335 0.413123632 0.230585688
v 0.488286335 0.413123632 0.212039052
v 0.508497809 0.410462741 0.230585688
v 0.508497809 0.410462741 0.212039052
v 0.527331896 0.402661411 0.230585688
v 0.527331896 0.402661411 0.212039052
v 0.543505093 0.390251290 0.230585688
v 0.543505093 0.390251290 0.212039052
v 0.555915214 0.374078094 0.230585688
v 0.555915214 0.374078094 0.212039052
v 0.563716544 0.355244007 0.230585688
v 0.563716544 0.355244007 0.212039052
v 0.526944308 0.324674155 0.212039052
v 0.528308034 0.335032532 0.212039052
v 0.522946130 0.315021694 0.212039052
v 0.516585931 0.306732935 0.212039052
v 0.508297173 0.300372737 0.212039052
v 0.498644711 0.296374558 0.212039052
v 0.488286335 0.295010833 0.212039052
v 0.477927958 0.296374558 0.212039052
v 0.468275496 0.300372737 0.212039052
v 0.459986738 0.306732935 0.212039052
v 0.453626539 0.315021694 0.212039052
v 0.449628361 0.324674155 0.212039052
v 0.448264635 0.335032532 0.212039052
v 0.449628361 0.345390909 0.212039052
v 0.453626539 0.355043370 0.212039052
v 0.459986738 0.363332129 0.212039052
v 0.468275496 0.369692327 0.212039052
v 0.477927958 0.373690506 0.212039052
v 0.488286335 0.375054232 0.212039052
v 0.498644711 0.373690506 0.212039052
v 0.508297173 0.369692327 0.212039052
v 0.516585931 0.363332129 0.212039052
v 0.522946130 0.355043370 0.212039052
v 0.526944308 0.345390909 0.212039052
v 0.526944308 0.324674155 0.230585688
v 0.522946130 0.315021694 0.230585688
v 0.516585931 0.306732935 0.230585688
v 0.508297173 0.300372737 0.230585688
v 0.498644711 0.296374558 0.230585688
v 0.477927958 0.296374558 0.230585688
v 0.468275496 0.300372737 0.230585688
v 0.459986738 0.306732935 0.230585688
v 0.453626539 0.315021694 0.230585688
v 0.449628361 0.324674155 0.230585688
v 0.449628361 0.345390909 0.230585688
v 0.453626539 0.355043370 0.230585688
v 0.459986738 0.363332129 0.230585688
v 0.468275496 0.369692327 0.230585688
v 0.477927958 0.373690506 0.230585688
v 0.498644711 0.373690506 0.230585688
v 0.508297173 0.369692327 0.230585688
v 0.516585931 0.363332129 0.230585688
v 0.522946130 0.355043370 0.230585688
v 0.526944308 0.345390909 0.230585688
v 0.540997826 0.335032532 0.212039052
v 0.539201736 0.321389782 0.212039052
v 0.539201736 0.321389782 0.207158358
v 0.540997826 0.335032532 0.207158358
v 0.533935832 0.308676786 0.212039052
v 0.533935832 0.308676786 0.207158358
v 0.525558985 0.297759882 0.212039052
v 0.525558985 0.297759882 0.207158358
v 0.514642081 0.289383035 0.212039052
v 0.514642081 0.289383035 0.207158358
v 0.501929085 0.284117131 0.212039052
v 0.501929085 0.284117131 0.207158358
v 0.488286335 0.282321040 0.212039052
v 0.488286335 0.282321040 0.207158358
v 0.474643584 0.284117131 0.212039052
v 0.474643584 0.284117131 0.207158358
v 0.461930589 0.289383035 0.212039052
v 0.461930589 0.289383035 0.207158358
v 0.451013684 0.297759882 0.212039052
v 0.451013684 0.297759882 0.207158358
v 0.442636837 0.308676786 0.212039052
v 0.442636837 0.308676786 0.207158358
v 0.437370934 0.321389782 0.212039052
v 0.437370934 0.321389782 0.207158358
v 0.435574843 0.335032532 0.212039052
v 0.435574843 0.335032532 0.207158358
v 0.437370934 0.348675283 0.212039052
v 0.437370934 0.348675283 0.207158358
v 0.442636837 0.361388278 0.212039052
v 0.442636837 0.361388278 0.207158358
v 0.451013684 0.372305183 0.212039052
v 0.451013684 0.372305183 0.207158358
v 0.461930589 0.380682030 0.212039052
v 0.461930589 0.380682030 0.207158358
v 0.474643584 0.385947933 0.212039052
v 0.474643584 0.385947933 0.207158358
v 0.488286335 0.387744024 0.212039052
v 0.488286335 0.387744024 0.207158358
v 0.501929085 0.385947933 0.212039052
v 0.501929085 0.385947933 0.207158358
v 0.514642081 0.380682030 0.212039052
v 0.514642081 0.380682030 0.207158358
v 0.525558985 0.372305183 0.212039052
v 0.525558985 0.372305183 0.207158358
v 0.533935832 0.361388278 0.212039052
v 0.533935832 0.361388278 0.207158358
v 0.539201736 0.348675283 0.212039052
v 0.539201736 0.348675283 0.207158358
v 0.526944308 0.324674155 0.207158358
v 0.528308034 0.335032532 0.207158358
v 0.522946130 0.315021694 0.207158358
v 0.516585931 0.306732935 0.207158358
v 0.508297173 0.300372737 0.207158358
v 0.498644711 0.296374558 0.207158358
v 0.488286335 0.295010833 0.207158358
v 0.477927958 0.296374558 0.207158358
v 0.468275496 0.300372737 0.207158358
v 0.459986738 0.306732935 0.207158358
v 0.453626539 0.315021694 0.207158358
v 0.449628361 0.324674155 0.207158358
v 0.448264635 0.335032532 0.207158358
v 0.449628361 0.345390909 0.207158358
v 0.453626539 0.355043370 0.207158358
v 0.459986738 0.363332129 0.207158358
v 0.468275496 0.369692327 0.207158358
v 0.477927958 0.373690506 0.207158358
v 0.488286335 0.375054232 0.207158358
v 0.498644711 0.373690506 0.207158358
v 0.508297173 0.369692327 0.207158358
v 0.516585931 0.363332129 0.207158358
v 0.522946130 0.355043370 0.207158358
v 0.526944308 0.345390909 0.207158358
v 0.556616056 0.335032532 0.234490244
v 0.554078093 0.339428399 0.234490244
v 0.549002166 0.339428399 0.234490244
v 0.546464203 0.335032532 0.234490244
v 0.549002166 0.330636665 0.234490244
v 0.554078093 0.330636665 0.234490244
v 0.554078093 0.339428399 0.208329724
v 0.556616056 0.335032532 0.208329724
v 0.554078093 0.330636665 0.208329724
v 0.549002166 0.330636665 0.208329724
v 0.546464203 0.335032532 0.208329724
v 0.549002166 0.339428399 0.208329724
v 0.548141649 0.303405646 0.234490244
v 0.545603685 0.307801513 0.234490244
v 0.540527759 0.307801513 0.234490244
v 0.537989796 0.303405646 0.234490244
v 0.540527759 0.299009779 0.234490244
v 0.545603685 0.299009779 0.234490244
v 0.545603685 0.307801513 0.208329724
v 0.548141649 0.303405646 0.208329724
v 0.545603685 0.299009779 0.208329724
v 0.540527759 0.299009779 0.208329724
v 0.537989796 0.303405646 0.208329724
v 0.540527759 0.307801513 0.208329724
v 0.524989147 0.280253144 0.234490244
v 0.522451184 0.284649011 0.234490244
v 0.517375257 0.284649011 0.234490244
v 0.514837294 0.280253144 0.234490244
v 0.517375257 0.275857277 0.234490244
v 0.522451184 0.275857277 0.234490244
v 0.522451184 0.284649011 0.208329724
v 0.524989147 0.280253144 0.208329724
v 0.522451184 0.275857277 0.208329724
v 0.517375257 0.275857277 0.208329724
v 0.514837294 0.280253144 0.208329724
v 0.517375257 0.284649011 0.208329724
v 0.493362261 0.271778737 0.234490244
v 0.490824298 0.276174604 0.234490244
v 0.485748371 0.276174604 0.234490244
v 0.483210408 0.271778737 0.234490244
v 0.485748371 0.267382870 0.234490244
v 0.490824298 0.267382870 0.234490244
v 0.490824298 0.276174604 0.208329724
v 0.493362261 0.271778737 0.208329724
v 0.490824298 0.267382870 0.208329724
v 0.485748371 0.267382870 0.208329724
v 0.483210408 0.271778737 0.208329724
v 0.485748371 0.276174604 0.208329724
v 0.461735375 0.280253144 0.234490244
v 0.459197412 0.284649011 0.234490244
v 0.454121486 0.284649011 0.234490244
v 0.451583522 0.280253144 0.234490244
v 0.454121486 0.275857277 0.234490244
v 0.459197412 0.275857277 0.234490244
v 0.459197412 0.284649011 0.208329724
v 0.461735375 0.280253144 0.208329724
v 0.459197412 0.275857277 0.208329724
v 0.454121486 0.275857277 0.208329724
v 0.451583522 0.280253144 0.208329724
v 0.454121486 0.284649011 0.208329724
v 0.438582873 0.303405646 0.234490244
v 0.436044910 0.307801513 0.234490244
v 0.430968984 0.307801513 0.234490244
v 0.428431021 0.303405646 0.234490244
v 0.430968984 0.299009779 0.234490244
v 0.436044910 0.299009779 0.234490244
v 0.436044910 0.307801513 0.208329724
v 0.438582873 0.303405646 0.208329724
v 0.436044910 0.299009779 0.208329724
v 0.430968984 0.299009779 0.208329724
v 0.428431021 0.303405646 0.208329724
v 0.430968984 0.307801513 0.208329724
v 0.430108466 0.335032532 0.234490244
v 0.427570503 0.339428399 0.234490244
v 0.422494576 0.339428399 0.234490244
v 0.419956613 0.335032532 0.234490244
v 0.422494576 0.330636665 0.234490244
v 0.427570503 0.330636665 0.234490244
v 0.427570503 0.339428399 0.208329724
v 0.430108466 0.335032532 0.208329724
v 0.427570503 0.330636665 0.208329724
v 0.422494576 0.330636665 0.208329724
v 0.419956613 0.335032532 0.208329724
v 0.422494576 0.339428399 0.208329724
v 0.438582873 0.366659418 0.234490244
v 0.436044910 0.371055285 0.234490244
v 0.430968984 0.371055285 0.234490244
v 0.428431021 0.366659418 0.234490244
v 0.430968984 0.362263551 0.234490244
v 0.436044910 0.362263551 0.234490244
v 0.436044910 0.371055285 0.208329724
v 0.438582873 0.366659418 0.208329724
v 0.436044910 0.362263551 0.208329724
v 0.430968984 0.362263551 0.208329724
v 0.428431021 0.366659418 0.208329724
v 0.430968984 0.371055285 0.208329724
v 0.461735375 0.389811920 0.234490244
v 0.459197412 0.394207787 0.234490244
v 0.454121486 0.394207787 0.234490244
v 0.451583522 0.389811920 0.234490244
v 0.454121486 0.385416053 0.234490244
v 0.459197412 0.385416053 0.234490244
v 0.459197412 0.394207787 0.208329724
v 0.461735375 0.389811920 0.208329724
v 0.459197412 0.385416053 0.208329724
v 0.454121486 0.385416053 0.208329724
v 0.451583522 0.389811920 0.208329724
v 0.454121486 0.394207787 0.208329724
v 0.493362261 0.398286327 0.234490244
v 0.490824298 0.402682194 0.234490244
v 0.485748371 0.402682194 0.234490244
v 0.483210408 0.398286327 0.234490244
v 0.485748371 0.393890460 0.234490244
v 0.490824298 0.393890460 0.234490244
v 0.490824298 0.402682194 0.208329724
v 0.493362261 0.398286327 0.208329724
v 0.490824298 0.393890460 0.208329724
v 0.485748371 0.393890460 0.208329724
v 0.483210408 0.398286327 0.208329724
v 0.485748371 0.402682194 0.208329724
v 0.524989147 0.389811920 0.234490244
v 0.522451184 0.394207787 0.234490244
v 0.517375257 0.394207787 0.234490244
v 0.514837294 0.389811920 0.234490244
v 0.517375257 0.385416053 0.234490244
v 0.522451184 0.385416053 0.234490244
v 0.522451184 0.394207787 0.208329724
v 0.524989147 0.389811920 0.208329724
v 0.522451184 0.385416053 0.208329724
v 0.517375257 0.385416053 0.208329724
v 0.514837294 0.389811920 0.208329724
v 0.517375257 0.394207787 0.208329724
v 0.548141649 0.366659418 0.234490244
v 0.545603685 0.371055285 0.234490244
v 0.540527759 0.371055285 0.234490244
v 0.537989796 0.366659418 0.234490244
v 0.540527759 0.362263551 0.234490244
v 0.545603685 0.362263551 0.234490244
v 0.545603685 0.371055285 0.208329724
v 0.548141649 0.366659418 0.208329724
v 0.545603685 0.362263551 0.208329724
v 0.540527759 0.362263551 0.208329724
v 0.537989796 0.366659418 0.208329724
v 0.540527759 0.371055285 0.208329724
v 0.439479394 0.530260294 0.626898064
v 0.441868178 0.515178111 0.626898064
v 0.441868178 0.515178111 0.769414333
v 0.439479394 0.530260294 0.769414333
v 0.448800681 0.501572271 0.626898064
v 0.448800681 0.501572271 0.769414333
v 0.459598335 0.490774640 0.626898064
v 0.459598335 0.490774640 0.769414333
v 0.473204151 0.483842137 0.626898064
v 0.473204151 0.483842137 0.769414333
v 0.488286335 0.481453353 0.626898064
v 0.488286335 0.481453353 0.769414333
v 0.503368518 0.483842137 0.626898064
v 0.503368518 0.483842137 0.769414333
v 0.516974334 0.490774640 0.626898064
v 0.516974334 0.490774640 0.769414333
v 0.527771988 0.501572271 0.626898064
v 0.527771988 0.501572271 0.769414333
v 0.534704492 0.515178111 0.626898064
v 0.534704492 0.515178111 0.769414333
v 0.537093275 0.530260294 0.626898064
v 0.537093275 0.530260294 0.769414333
v 0.534704492 0.545342477 0.626898064
v 0.534704492 0.545342477 0.769414333
v 0.527771988 0.558948316 0.626898064
v 0.527771988 0.558948316 0.769414333
v 0.516974334 0.569745947 0.626898064
v 0.516974334 0.569745947 0.769414333
v 0.503368518 0.576678451 0.626898064
v 0.503368518 0.576678451 0.769414333
v 0.488286335 0.579067234 0.626898064
v 0.488286335 0.579067234 0.769414333
v 0.473204151 0.576678451 0.626898064
v 0.473204151 0.576678451 0.769414333
v 0.459598335 0.569745947 0.626898064
v 0.459598335 0.569745947 0.769414333
v 0.448800681 0.558948316 0.626898064
v 0.448800681 0.558948316 0.769414333
v 0.441868178 0.545342477 0.626898064
v 0.441868178 0.545342477 0.769414333
v 0.450223451 0.517892902 0.769414333
v 0.448264635 0.530260294 0.769414333
v 0.455908104 0.506736123 0.769414333
v 0.464762163 0.497882064 0.769414333
v 0.475918943 0.492197410 0.769414333
v 0.488286335 0.490238618 0.769414333
v 0.500653727 0.492197410 0.769414333
v 0.511810506 0.497882064 0.769414333
v 0.520664565 0.506736123 0.769414333
v 0.526349219 0.517892902 0.769414333
v 0.528308034 0.530260294 0.769414333
v 0.526349219 0.542627686 0.769414333
v 0.520664565 0.553784465 0.769414333
v 0.511810506 0.562638524 0.769414333
v 0.500653727 0.568323178 0.769414333
v 0.488286335 0.570281970 0.769414333
v 0.475918943 0.568323178 0.769414333
v 0.464762163 0.562638524 0.769414333
v 0.455908104 0.553784465 0.769414333
v 0.450223451 0.542627686 0.769414333
v 0.450223451 0.517892902 0.626898064
v 0.448264635 0.530260294 0.626898064
v 0.455908104 0.506736123 0.626898064
v 0.464762163 0.497882064 0.626898064
v 0.475918943 0.492197410 0.626898064
v 0.488286335 0.490238618 0.626898064
v 0.500653727 0.492197410 0.626898064
v 0.511810506 0.497882064 0.626898064
v 0.520664565 0.506736123 0.626898064
v 0.526349219 0.517892902 0.626898064
v 0.528308034 0.530260294 0.626898064
v 0.526349219 0.542627686 0.626898064
v 0.520664565 0.553784465 0.626898064
v 0.511810506 0.562638524 0.626898064
v 0.500653727 0.568323178 0.626898064
v 0.488286335 0.570281970 0.626898064
v 0.475918943 0.568323178 0.626898064
v 0.464762163 0.562638524 0.626898064
v 0.455908104 0.553784465 0.626898064
v 0.450223451 0.542627686 0.626898064
v 0.436550981 0.530260294 0.710845968
v 0.439083102 0.514273211 0.710845968
v 0.439083102 0.514273211 0.732321048
v 0.436550981 0.530260294 0.732321048
v 0.446431563 0.499851003 0.710845968
v 0.446431563 0.499851003 0.732321048
v 0.457877067 0.488405499 0.710845968
v 0.457877067 0.488405499 0.732321048
v 0.472299229 0.481057061 0.710845968
v 0.472299229 0.481057061 0.732321048
v 0.488286335 0.478524963 0.710845968
v 0.488286335 0.478524963 0.732321048
v 0.504273440 0.481057061 0.710845968
v 0.504273440 0.481057061 0.732321048
v 0.518695602 0.488405499 0.710845968
v 0.518695602 0.488405499 0.732321048
v 0.530141106 0.499851003 0.710845968
v 0.530141106 0.499851003 0.732321048
v 0.537489567 0.514273211 0.710845968
v 0.537489567 0.514273211 0.732321048
v 0.540021689 0.530260294 0.710845968
v 0.540021689 0.530260294 0.732321048
v 0.537489567 0.546247376 0.710845968
v 0.537489567 0.546247376 0.732321048
v 0.530141106 0.560669585 0.710845968
v 0.530141106 0.560669585 0.732321048
v 0.518695602 0.572115088 0.710845968
v 0.518695602 0.572115088 0.732321048
v 0.504273440 0.579463526 0.710845968
v 0.504273440 0.579463526 0.732321048
v 0.488286335 0.581995625 0.710845968
v 0.488286335 0.581995625 0.732321048
v 0.472299229 0.579463526 0.710845968
v 0.472299229 0.579463526 0.732321048
v 0.457877067 0.572115088 0.710845968
v 0.457877067 0.572115088 0.732321048
v 0.446431563 0.560669585 0.710845968
v 0.446431563 0.560669585 0.732321048
v 0.439083102 0.546247376 0.710845968
v 0.439083102 0.546247376 0.732321048
v 0.442796536 0.515479775 0.732321048
v 0.440455532 0.530260294 0.732321048
v 0.449590403 0.502146043 0.732321048
v 0.460172084 0.491564339 0.732321048
v 0.473505816 0.484770495 0.732321048
v 0.488286335 0.482429515 0.732321048
v 0.503066854 0.484770495 0.732321048
v 0.516400586 0.491564339 0.732321048
v 0.526982266 0.502146043 0.732321048
v 0.533776133 0.515479775 0.732321048
v 0.536117137 0.530260294 0.732321048
v 0.533776133 0.545040813 0.732321048
v 0.526982266 0.558374545 0.732321048
v 0.516400586 0.568956249 0.732321048
v 0.503066854 0.575750092 0.732321048
v 0.488286335 0.578091073 0.732321048
v 0.473505816 0.575750092 0.732321048
v 0.460172084 0.568956249 0.732321048
v 0.449590403 0.558374545 0.732321048
v 0.442796536 0.545040813 0.732321048
v 0.442796536 0.515479775 0.710845968
v 0.440455532 0.530260294 0.710845968
v 0.449590403 0.502146043 0.710845968
v 0.460172084 0.491564339 0.710845968
v 0.473505816 0.484770495 0.710845968
v 0.488286335 0.482429515 0.710845968
v 0.503066854 0.484770495 0.710845968
v 0.516400586 0.491564339 0.710845968
v 0.526982266 0.502146043 0.710845968
v 0.533776133 0.515479775 0.710845968
v 0.536117137 0.530260294 0.710845968
v 0.533776133 0.545040813 0.710845968
v 0.526982266 0.558374545 0.710845968
v 0.516400586 0.568956249 0.710845968
v 0.503066854 0.575750092 0.710845968
v 0.488286335 0.578091073 0.710845968
v 0.473505816 0.575750092 0.710845968
v 0.460172084 0.568956249 0.710845968
v 0.449590403 0.558374545 0.710845968
v 0.442796536 0.545040813 0.710845968
v 0.410195235 0.530260294 0.769414333
v 0.412856125 0.510048843 0.769414333
v 0.412856125 0.510048843 0.787960930
v 0.410195235 0.530260294 0.787960930
v 0.420657455 0.491214732 0.769414333
v 0.420657455 0.491214732 0.787960930
v 0.433067577 0.475041559 0.769414333
v 0.433067577 0.475041559 0.787960930
v 0.449240773 0.462631391 0.769414333
v 0.449240773 0.462631391 0.787960930
v 0.468074860 0.454830061 0.769414333
v 0.468074860 0.454830061 0.787960930
v 0.488286335 0.452169171 0.769414333
v 0.488286335 0.452169171 0.787960930
v 0.508497809 0.454830061 0.769414333
v 0.508497809 0.454830061 0.787960930
v 0.527331896 0.462631391 0.769414333
v 0.527331896 0.462631391 0.787960930
v 0.543505093 0.475041559 0.769414333
v 0.543505093 0.475041559 0.787960930
v 0.555915214 0.491214732 0.769414333
v 0.555915214 0.491214732 0.787960930
v 0.563716544 0.510048843 0.769414333
v 0.563716544 0.510048843 0.787960930
v 0.566377435 0.530260294 0.769414333
v 0.566377435 0.530260294 0.787960930
v 0.563716544 0.550471745 0.769414333
v 0.563716544 0.550471745 0.787960930
v 0.555915214 0.569305855 0.769414333
v 0.555915214 0.569305855 0.787960930
v 0.543505093 0.585479029 0.769414333
v 0.543505093 0.585479029 0.787960930
v 0.527331896 0.597889196 0.769414333
v 0.527331896 0.597889196 0.787960930
v 0.508497809 0.605690526 0.769414333
v 0.508497809 0.605690526 0.787960930
v 0.488286335 0.608351417 0.769414333
v 0.488286335 0.608351417 0.787960930
v 0.468074860 0.605690526 0.769414333
v 0.468074860 0.605690526 0.787960930
v 0.449240773 0.597889196 0.769414333
v 0.449240773 0.597889196 0.787960930
v 0.433067577 0.585479029 0.769414333
v 0.433067577 0.585479029 0.787960930
v 0.420657455 0.569305855 0.769414333
v 0.420657455 0.569305855 0.787960930
v 0.412856125 0.550471745 0.769414333
v 0.412856125 0.550471745 0.787960930
v 0.449628361 0.519901917 0.787960930
v 0.448264635 0.530260294 0.787960930
v 0.453626539 0.510249456 0.787960930
v 0.459986738 0.501960697 0.787960930
v 0.468275496 0.495600475 0.787960930
v 0.477927958 0.491602320 0.787960930
v 0.488286335 0.490238618 0.787960930
v 0.498644711 0.491602320 0.787960930
v 0.508297173 0.495600475 0.787960930
v 0.516585931 0.501960697 0.787960930
v 0.522946130 0.510249456 0.787960930
v 0.526944308 0.519901917 0.787960930
v 0.528308034 0.530260294 0.787960930
v 0.526944308 0.540618671 0.787960930
v 0.522946130 0.550271132 0.787960930
v 0.516585931 0.558559891 0.787960930
v 0.508297173 0.564920112 0.787960930
v 0.498644711 0.568918268 0.787960930
v 0.488286335 0.570281970 0.787960930
v 0.477927958 0.568918268 0.787960930
v 0.468275496 0.564920112 0.787960930
v 0.459986738 0.558559891 0.787960930
v 0.453626539 0.550271132 0.787960930
v 0.449628361 0.540618671 0.787960930
v 0.449628361 0.519901917 0.769414333
v 0.453626539 0.510249456 0.769414333
v 0.459986738 0.501960697 0.769414333
v 0.468275496 0.495600475 0.769414333
v 0.477927958 0.491602320 0.769414333
v 0.498644711 0.491602320 0.769414333
v 0.508297173 0.495600475 0.769414333
v 0.516585931 0.501960697 0.769414333
v 0.522946130 0.510249456 0.769414333
v 0.526944308 0.519901917 0.769414333
v 0.526944308 0.540618671 0.769414333
v 0.522946130 0.550271132 0.769414333
v 0.516585931 0.558559891 0.769414333
v 0.508297173 0.564920112 0.769414333
v 0.498644711 0.568918268 0.769414333
v 0.477927958 0.568918268 0.769414333
v 0.468275496 0.564920112 0.769414333
v 0.459986738 0.558559891 0.769414333
v 0.453626539 0.550271132 0.769414333
v 0.449628361 0.540618671 0.769414333
v 0.435574843 0.530260294 0.787960930
v 0.437370934 0.516617543 0.787960930
v 0.437370934 0.516617543 0.792841642
v 0.435574843 0.530260294 0.792841642
v 0.442636837 0.503904548 0.787960930
v 0.442636837 0.503904548 0.792841642
v 0.451013684 0.492987620 0.787960930
v 0.451013684 0.492987620 0.792841642
v 0.461930589 0.484610796 0.787960930
v 0.461930589 0.484610796 0.792841642
v 0.474643584 0.479344916 0.787960930
v 0.474643584 0.479344916 0.792841642
v 0.488286335 0.477548802 0.787960930
v 0.488286335 0.477548802 0.792841642
v 0.501929085 0.479344916 0.787960930
v 0.501929085 0.479344916 0.792841642
v 0.514642081 0.484610796 0.787960930
v 0.514642081 0.484610796 0.792841642
v 0.525558985 0.492987620 0.787960930
v 0.525558985 0.492987620 0.792841642
v 0.533935832 0.503904548 0.787960930
v 0.533935832 0.503904548 0.792841642
v 0.539201736 0.516617543 0.787960930
v 0.539201736 0.516617543 0.792841642
v 0.540997826 0.530260294 0.787960930
v 0.540997826 0.530260294 0.792841642
v 0.539201736 0.543903044 0.787960930
v 0.539201736 0.543903044 0.792841642
v 0.533935832 0.556616040 0.787960930
v 0.533935832 0.556616040 0.792841642
v 0.525558985 0.567532968 0.787960930
v 0.525558985 0.567532968 0.792841642
v 0.514642081 0.575909791 0.787960930
v 0.514642081 0.575909791 0.792841642
v 0.501929085 0.581175672 0.787960930
v 0.501929085 0.581175672 0.792841642
v 0.488286335 0.582971786 0.787960930
v 0.488286335 0.582971786 0.792841642
v 0.474643584 0.581175672 0.787960930
v 0.474643584 0.581175672 0.792841642
v 0.461930589 0.575909791 0.787960930
v 0.461930589 0.575909791 0.792841642
v 0.451013684 0.567532968 0.787960930
v 0.451013684 0.567532968 0.792841642
v 0.442636837 0.556616040 0.787960930
v 0.442636837 0.556616040 0.792841642
v 0.437370934 0.543903044 0.787960930
v 0.437370934 0.543903044 0.792841642
v 0.449628361 0.519901917 0.792841642
v 0.448264635 0.530260294 0.792841642
v 0.453626539 0.510249456 0.792841642
v 0.459986738 0.501960697 0.792841642
v 0.468275496 0.495600475 0.792841642
v 0.477927958 0.491602320 0.792841642
v 0.488286335 0.490238618 0.792841642
v 0.498644711 0.491602320 0.792841642
v 0.508297173 0.495600475 0.792841642
v 0.516585931 0.501960697 0.792841642
v 0.522946130 0.510249456 0.792841642
v 0.526944308 0.519901917 0.792841642
v 0.528308034 0.530260294 0.792841642
v 0.526944308 0.540618671 0.792841642
v 0.522946130 0.550271132 0.792841642
v 0.516585931 0.558559891 0.792841642
v 0.508297173 0.564920112 0.792841642
v 0.498644711 0.568918268 0.792841642
v 0.488286335 0.570281970 0.792841642
v 0.477927958 0.568918268 0.792841642
v 0.468275496 0.564920112 0.792841642
v 0.459986738 0.558559891 0.792841642
v 0.453626539 0.550271132 0.792841642
v 0.449628361 0.540618671 0.792841642
v 0.419956613 0.530260294 0.765509735
v 0.422494576 0.534656184 0.765509735
v 0.427570503 0.534656184 0.765509735
v 0.430108466 0.530260294 0.765509735
v 0.427570503 0.525864404 0.765509735
v 0.422494576 0.525864404 0.765509735
v 0.422494576 0.534656184 0.791670268
v 0.419956613 0.530260294 0.791670268
v 0.422494576 0.525864404 0.791670268
v 0.427570503 0.525864404 0.791670268
v 0.430108466 0.530260294 0.791670268
v 0.427570503 0.534656184 0.791670268
v 0.428431021 0.498633408 0.765509735
v 0.430968984 0.503029298 0.765509735
v 0.436044910 0.503029298 0.765509735
v 0.438582873 0.498633408 0.765509735
v 0.436044910 0.494237518 0.765509735
v 0.430968984 0.494237518 0.765509735
v 0.430968984 0.503029298 0.791670268
v 0.428431021 0.498633408 0.791670268
v 0.430968984 0.494237518 0.791670268
v 0.436044910 0.494237518 0.791670268
v 0.438582873 0.498633408 0.791670268
v 0.436044910 0.503029298 0.791670268
v 0.451583522 0.475480906 0.765509735
v 0.454121486 0.479876796 0.765509735
v 0.459197412 0.479876796 0.765509735
v 0.461735375 0.475480906 0.765509735
v 0.459197412 0.471085016 0.765509735
v 0.454121486 0.471085016 0.765509735
v 0.454121486 0.479876796 0.791670268
v 0.451583522 0.475480906 0.791670268
v 0.454121486 0.471085016 0.791670268
v 0.459197412 0.471085016 0.791670268
v 0.461735375 0.475480906 0.791670268
v 0.459197412 0.479876796 0.791670268
v 0.483210408 0.467006522 0.765509735
v 0.485748371 0.471402412 0.765509735
v 0.490824298 0.471402412 0.765509735
v 0.493362261 0.467006522 0.765509735
v 0.490824298 0.462610632 0.765509735
v 0.485748371 0.462610632 0.765509735
v 0.485748371 0.471402412 0.791670268
v 0.483210408 0.467006522 0.791670268
v 0.485748371 0.462610632 0.791670268
v 0.490824298 0.462610632 0.791670268
v 0.493362261 0.467006522 0.791670268
v 0.490824298 0.471402412 0.791670268
v 0.514837294 0.475480906 0.765509735
v 0.517375257 0.479876796 0.765509735
v 0.522451184 0.479876796 0.765509735
v 0.524989147 0.475480906 0.765509735
v 0.522451184 0.471085016 0.765509735
v 0.517375257 0.471085016 0.765509735
v 0.517375257 0.479876796 0.791670268
v 0.514837294 0.475480906 0.791670268
v 0.517375257 0.471085016 0.791670268
v 0.522451184 0.471085016 0.791670268
v 0.524989147 0.475480906 0.791670268
v 0.522451184 0.479876796 0.791670268
v 0.537989796 0.498633408 0.765509735
v 0.540527759 0.503029298 0.765509735
v 0.545603685 0.503029298 0.765509735
v 0.548141649 0.498633408 0.765509735
v 0.545603685 0.494237518 0.765509735
v 0.540527759 0.494237518 0.765509735
v 0.540527759 0.503029298 0.791670268
v 0.537989796 0.498633408 0.791670268
v 0.540527759 0.494237518 0.791670268
v 0.545603685 0.494237518 0.791670268
v 0.548141649 0.498633408 0.791670268
v 0.545603685 0.503029298 0.791670268
v 0.546464203 0.530260294 0.765509735
v 0.549002166 0.534656184 0.765509735
v 0.554078093 0.534656184 0.765509735
v 0.556616056 0.530260294 0.765509735
v 0.554078093 0.525864404 0.765509735
v 0.549002166 0.525864404 0.765509735
v 0.549002166 0.534656184 0.791670268
v 0.546464203 0.530260294 0.791670268
v 0.549002166 0.525864404 0.791670268
v 0.554078093 0.525864404 0.791670268
v 0.556616056 0.530260294 0.791670268
v 0.554078093 0.534656184 0.791670268
v 0.537989796 0.561887180 0.765509735
v 0.540527759 0.566283070 0.765509735
v 0.545603685 0.566283070 0.765509735
v 0.548141649 0.561887180 0.765509735
v 0.545603685 0.557491289 0.765509735
v 0.540527759 0.557491289 0.765509735
v 0.540527759 0.566283070 0.791670268
v 0.537989796 0.561887180 0.791670268
v 0.540527759 0.557491289 0.791670268
v 0.545603685 0.557491289 0.791670268
v 0.548141649 0.561887180 0.791670268
v 0.545603685 0.566283070 0.791670268
v 0.514837294 0.585039682 0.765509735
v 0.517375257 0.589435572 0.765509735
v 0.522451184 0.589435572 0.765509735
v 0.524989147 0.585039682 0.765509735
v 0.522451184 0.580643791 0.765509735
v 0.517375257 0.580643791 0.765509735
v 0.517375257 0.589435572 0.791670268
v 0.514837294 0.585039682 0.791670268
v 0.517375257 0.580643791 0.791670268
v 0.522451184 0.580643791 0.791670268
v 0.524989147 0.585039682 0.791670268
v 0.522451184 0.589435572 0.791670268
v 0.483210408 0.593514066 0.765509735
v 0.485748371 0.597909956 0.765509735
v 0.490824298 0.597909956 0.765509735
v 0.493362261 0.593514066 0.765509735
v 0.490824298 0.589118175 0.765509735
v 0.485748371 0.589118175 0.765509735
v 0.485748371 0.597909956 0.791670268
v 0.483210408 0.593514066 0.791670268
v 0.485748371 0.589118175 0.791670268
v 0.490824298 0.589118175 0.791670268
v 0.493362261 0.593514066 0.791670268
v 0.490824298 0.597909956 0.791670268
v 0.451583522 0.585039682 0.765509735
v 0.454121486 0.589435572 0.765509735
v 0.459197412 0.589435572 0.765509735
v 0.461735375 0.585039682 0.765509735
v 0.459197412 0.580643791 0.765509735
v 0.454121486 0.580643791 0.765509735
v 0.454121486 0.589435572 0.791670268
v 0.451583522 0.585039682 0.791670268
v 0.454121486 0.580643791 0.791670268
v 0.459197412 0.580643791 0.791670268
v 0.461735375 0.585039682 0.791670268
v 0.459197412 0.589435572 0.791670268
v 0.428431021 0.561887180 0.765509735
v 0.430968984 0.566283070 0.765509735
v 0.436044910 0.566283070 0.765509735
v 0.438582873 0.561887180 0.765509735
v 0.436044910 0.557491289 0.765509735
v 0.430968984 0.557491289 0.765509735
v 0.430968984 0.566283070 0.791670268
v 0.428431021 0.561887180 0.791670268
v 0.430968984 0.557491289 0.791670268
v 0.436044910 0.557491289 0.791670268
v 0.438582873 0.561887180 0.791670268
v 0.436044910 0.566283070 0.791670268
v 0.585900215 0.653253806 0.427765727
v 0.585900215 0.797722305 0.427765727
v 0.781127977 0.797722305 0.427765727
v 0.781127977 0.653253806 0.427765727
v 0.585900215 0.653253806 0.572234273
v 0.781127977 0.653253806 0.572234273
v 0.781127977 0.797722305 0.572234273
v 0.585900215 0.797722305 0.572234273
v 0.771366598 0.676681115 0.451193060
v 0.771366598 0.774294996 0.451193060
v 0.781127977 0.774294996 0.451193060
v 0.781127977 0.676681115 0.451193060
v 0.771366598 0.676681115 0.548806940
v 0.781127977 0.676681115 0.548806940
v 0.781127977 0.774294996 0.548806940
v 0.771366598 0.774294996 0.548806940
vt 0.500000000 0.500000000
vn 0.000000000 0.000000000 -1.000000000
vn 0.000000000 0.000000000 1.000000000
vn 0.000000000 -1.000000000 0.000000000
vn 0.000000000 1.000000000 0.000000000
vn -1.000000000 0.000000000 0.000000000
vn 1.000000000 0.000000000 0.000000000
vn -0.098017355 0.000000000 -0.995184706
vn -0.290284879 0.000000000 -0.956940275
vn -0.471396798 0.000000000 -0.881921232
vn -0.634393764 0.000000000 -0.773010060
vn -0.773010060 0.000000000 -0.634393764
vn -0.881921232 0.000000000 -0.471396798
vn -0.956940275 0.000000000 -0.290284879
vn -0.995184706 0.000000000 -0.098017355
vn -0.995184706 0.000000000 0.098017355
vn -0.956940275 0.000000000 0.290284879
vn -0.881921232 0.000000000 0.471396798
vn -0.773010060 0.000000000 0.634393764
vn -0.634393764 0.000000000 0.773010060
vn -0.471396798 0.000000000 0.881921232
vn -0.290284363 0.000000000 0.956940431
vn -0.098017355 0.000000000 0.995184706
vn 0.098017355 0.000000000 0.995184706
vn 0.290284363 0.000000000 0.956940431
vn 0.471396798 0.000000000 0.881921232
vn 0.634393764 0.000000000 0.773010060
vn 0.773010060 0.000000000 0.634393764
vn 0.881921232 0.000000000 0.471396798
vn 0.956940431 0.000000000 0.290284363
vn 0.995184706 0.000000000 0.098017355
vn 0.995184706 0.000000000 -0.098017355
vn 0.956940431 0.000000000 -0.290284363
vn 0.881921232 0.000000000 -0.471396798
vn 0.773010060 0.000000000 -0.634393764
vn 0.634393764 0.000000000 -0.773010060
vn 0.471396798 0.000000000 -0.881921232
vn 0.290284879 0.000000000 -0.956940275
vn 0.098017355 0.000000000 -0.995184706
vn -0.111964781 0.000000000 -0.993712175
vn -0.330279285 0.000000000 -0.943883252
vn -0.532032042 0.000000000 -0.846724221
vn -0.707106781 0.000000000 -0.707106781
vn -0.846724221 0.000000000 -0.532032042
vn -0.943883252 0.000000000 -0.330279285
vn -0.993712175 0.000000000 -0.111964781
vn -0.993712175 0.000000000 0.111964781
vn -0.943883252 0.000000000 0.330279285
vn -0.846724221 0.000000000 0.532032042
vn -0.707106781 0.000000000 0.707106781
vn -0.532032042 0.000000000 0.846724221
vn -0.330279285 0.000000000 0.943883252
vn -0.111964781 0.000000000 0.993712175
vn 0.111964781 0.000000000 0.993712175
vn 0.330279285 0.000000000 0.943883252
vn 0.532032042 0.000000000 0.846724221
vn 0.707106781 0.000000000 0.707106781
vn 0.846724221 0.000000000 0.532032042
vn 0.943883252 0.000000000 0.330279285
vn 0.993712175 0.000000000 0.111964781
vn 0.993712175 0.000000000 -0.111964781
vn 0.943883252 0.000000000 -0.330279285
vn 0.846724221 0.000000000 -0.532032042
vn 0.707106781 0.000000000 -0.707106781
vn 0.532032042 0.000000000 -0.846724221
vn 0.330279285 0.000000000 -0.943883252
vn 0.111964781 0.000000000 -0.993712175
vn -0.098017079 0.000000000 -0.995184733
vn -0.290285344 0.000000000 -0.956940134
vn -0.471396362 0.000000000 -0.881921465
vn -0.634393548 0.000000000 -0.773010237
vn -0.773010237 0.000000000 -0.634393548
vn -0.881921465 0.000000000 -0.471396362
vn -0.956940134 0.000000000 -0.290285344
vn -0.995184733 0.000000000 -0.098017079
vn -0.995184733 0.000000000 0.098017079
vn -0.956940134 0.000000000 0.290285344
vn -0.881921465 0.000000000 0.471396362
vn -0.773010237 0.000000000 0.634393548
vn -0.634393548 0.000000000 0.773010237
vn -0.471396362 0.000000000 0.881921465
vn -0.290285344 0.000000000 0.956940134
vn -0.098017079 0.000000000 0.995184733
vn 0.098017079 0.000000000 0.995184733
vn 0.290285344 0.000000000 0.956940134
vn 0.471396362 0.000000000 0.881921465
vn 0.634393548 0.000000000 0.773010237
vn 0.773010237 0.000000000 0.634393548
vn 0.881921465 0.000000000 0.471396362
vn 0.956940134 0.000000000 0.290285344
vn 0.995184733 0.000000000 0.098017079
vn 0.995184733 0.000000000 -0.098017079
vn 0.956940134 0.000000000 -0.290285344
vn 0.881921465 0.000000000 -0.471396362
vn 0.773010237 0.000000000 -0.634393548
vn 0.634393548 0.000000000 -0.773010237
vn 0.471396362 0.000000000 -0.881921465
vn 0.290285344 0.000000000 -0.956940134
vn 0.098017079 0.000000000 -0.995184733
vn 0.098020079 0.000000000 0.995184437
vn 0.290285526 0.000000000 0.956940078
vn 0.471396354 0.000000000 0.881921469
vn 0.634393115 0.000000000 0.773010592
vn 0.773010592 0.000000000 0.634393115
vn 0.881921469 0.000000000 0.471396354
vn 0.956940078 0.000000000 0.290285526
vn 0.995184437 0.000000000 0.098020079
vn 0.995184437 0.000000000 -0.098020079
vn 0.956940078 0.000000000 -0.290285526
vn 0.881921469 0.000000000 -0.471396354
vn 0.773010592 0.000000000 -0.634393115
vn 0.634393115 0.000000000 -0.773010592
vn 0.471396354 0.000000000 -0.881921469
vn 0.290285526 0.000000000 -0.956940078
vn 0.098020079 0.000000000 -0.995184437
vn -0.098020079 0.000000000 -0.995184437
vn -0.290285526 0.000000000 -0.956940078
vn -0.471396354 0.000000000 -0.881921469
vn -0.634393115 0.000000000 -0.773010592
vn -0.773010592 0.000000000 -0.634393115
vn -0.881921469 0.000000000 -0.471396354
vn -0.956940078 0.000000000 -0.290285526
vn -0.995184437 0.000000000 -0.098020079
vn -0.995184437 0.000000000 0.098020079
vn -0.956940078 0.000000000 0.290285526
vn -0.881921469 0.000000000 0.471396354
vn -0.773010592 0.000000000 0.634393115
vn -0.634393115 0.000000000 0.773010592
vn -0.471396354 0.000000000 0.881921469
vn -0.290285526 0.000000000 0.956940078
vn -0.098020079 0.000000000 0.995184437
vn -0.098017857 0.000000000 -0.995184656
vn -0.290283672 0.000000000 -0.956940641
vn -0.471398007 0.000000000 -0.881920585
vn -0.634393617 0.000000000 -0.773010180
vn -0.773010180 0.000000000 -0.634393617
vn -0.881920585 0.000000000 -0.471398007
vn -0.956940641 0.000000000 -0.290283672
vn -0.995184656 0.000000000 -0.098017857
vn -0.995184656 0.000000000 0.098017857
vn -0.956940641 0.000000000 0.290283672
vn -0.881920585 0.000000000 0.471398007
vn -0.773010180 0.000000000 0.634393617
vn -0.634393617 0.000000000 0.773010180
vn -0.471398007 0.000000000 0.881920585
vn -0.290283672 0.000000000 0.956940641
vn -0.098017857 0.000000000 0.995184656
vn 0.098017857 0.000000000 0.995184656
vn 0.290283672 0.000000000 0.956940641
vn 0.471398007 0.000000000 0.881920585
vn 0.634393617 0.000000000 0.773010180
vn 0.773010180 0.000000000 0.634393617
vn 0.881920585 0.000000000 0.471398007
vn 0.956940641 0.000000000 0.290283672
vn 0.995184656 0.000000000 0.098017857
vn 0.995184656 0.000000000 -0.098017857
vn 0.956940641 0.000000000 -0.290283672
vn 0.881920585 0.000000000 -0.471398007
vn 0.773010180 0.000000000 -0.634393617
vn 0.634393617 0.000000000 -0.773010180
vn 0.471398007 0.000000000 -0.881920585
vn 0.290283672 0.000000000 -0.956940641
vn 0.098017857 0.000000000 -0.995184656
vn -0.500000354 0.000000000 -0.866025199
vn -0.500000354 0.000000000 0.866025199
vn 0.500000354 0.000000000 0.866025199
vn 0.500000354 0.000000000 -0.866025199
vn -0.098017245 0.000000000 -0.995184716
vn -0.290284663 0.000000000 -0.956940340
vn -0.471396730 0.000000000 -0.881921268
vn -0.634392730 0.000000000 -0.773010908
vn -0.773010908 0.000000000 -0.634392730
vn -0.881921268 0.000000000 -0.471396730
vn -0.956940340 0.000000000 -0.290284663
vn -0.995184716 0.000000000 -0.098017245
vn -0.995184716 0.000000000 0.098017245
vn -0.956940340 0.000000000 0.290284663
vn -0.881921268 0.000000000 0.471396730
vn -0.773010908 0.000000000 0.634392730
vn -0.634392730 0.000000000 0.773010908
vn -0.471396730 0.000000000 0.881921268
vn -0.290284663 0.000000000 0.956940340
vn -0.098017245 0.000000000 0.995184716
vn 0.098017245 0.000000000 0.995184716
vn 0.290284663 0.000000000 0.956940340
vn 0.471396730 0.000000000 0.881921268
vn 0.634392730 0.000000000 0.773010908
vn 0.773010908 0.000000000 0.634392730
vn 0.881921268 0.000000000 0.471396730
vn 0.956940340 0.000000000 0.290284663
vn 0.995184716 0.000000000 0.098017245
vn 0.995184716 0.000000000 -0.098017245
vn 0.956940340 0.000000000 -0.290284663
vn 0.881921268 0.000000000 -0.471396730
vn 0.773010908 0.000000000 -0.634392730
vn 0.634392730 0.000000000 -0.773010908
vn 0.471396730 0.000000000 -0.881921268
vn 0.290284663 0.000000000 -0.956940340
vn 0.098017245 0.000000000 -0.995184716
vn -0.098017303 0.000000000 -0.995184711
vn -0.290284882 0.000000000 -0.956940274
vn -0.471396552 0.000000000 -0.881921363
vn -0.634393271 0.000000000 -0.773010464
vn -0.773010464 0.000000000 -0.634393271
vn -0.881921363 0.000000000 -0.471396552
vn -0.956940274 0.000000000 -0.290284882
vn -0.995184711 0.000000000 -0.098017303
vn -0.995184711 0.000000000 0.098017303
vn -0.956940274 0.000000000 0.290284882
vn -0.881921363 0.000000000 0.471396552
vn -0.773010464 0.000000000 0.634393271
vn -0.634393271 0.000000000 0.773010464
vn -0.471396552 0.000000000 0.881921363
vn -0.290284882 0.000000000 0.956940274
vn -0.098017886 0.000000000 0.995184653
vn 0.098017886 0.000000000 0.995184653
vn 0.290284882 0.000000000 0.956940274
vn 0.471396552 0.000000000 0.881921363
vn 0.634393271 0.000000000 0.773010464
vn 0.773010464 0.000000000 0.634393271
vn 0.881921363 0.000000000 0.471396552
vn 0.956940274 0.000000000 0.290284882
vn 0.995184653 0.000000000 0.098017886
vn 0.995184653 0.000000000 -0.098017886
vn 0.956940274 0.000000000 -0.290284882
vn 0.881921363 0.000000000 -0.471396552
vn 0.773010464 0.000000000 -0.634393271
vn 0.634393271 0.000000000 -0.773010464
vn 0.471396552 0.000000000 -0.881921363
vn 0.290284882 0.000000000 -0.956940274
vn 0.098017303 0.000000000 -0.995184711
vn -0.499997400 0.000000000 -0.866026905
vn -0.499997400 0.000000000 0.866026905
vn 0.499993959 0.000000000 0.866028892
vn 0.499993959 0.000000000 -0.866028892
vn 0.499997400 0.000000000 0.866026905
vn 0.499997400 0.000000000 -0.866026905
vn -0.500003361 0.000000000 0.866023464
vn 0.500003361 0.000000000 0.866023464
vn -0.500009321 0.000000000 0.866020022
vn 0.500009321 0.000000000 0.866020022
vn 0.499995679 0.000000000 0.866027898
vn 0.499995679 0.000000000 -0.866027898
vn -0.500000380 0.000000000 -0.866025184
vn 0.500000380 0.000000000 -0.866025184
vn -0.991444799 -0.130526663 0.000000000
vn -0.923879739 -0.382682933 0.000000000
vn -0.793352635 -0.608762349 0.000000000
vn -0.608762349 -0.793352635 0.000000000
vn -0.382682933 -0.923879739 0.000000000
vn -0.130526663 -0.991444799 0.000000000
vn 0.130526663 -0.991444799 0.000000000
vn 0.382682933 -0.923879739 0.000000000
vn 0.608762349 -0.793352635 0.000000000
vn 0.793352635 -0.608762349 0.000000000
vn 0.923879739 -0.382682933 0.000000000
vn 0.991444799 -0.130526663 0.000000000
vn 0.991444799 0.130526663 0.000000000
vn 0.923879739 0.382682933 0.000000000
vn 0.793352635 0.608762349 0.000000000
vn 0.608762349 0.793352635 0.000000000
vn 0.382682933 0.923879739 0.000000000
vn 0.130526663 0.991444799 0.000000000
vn -0.130526663 0.991444799 0.000000000
vn -0.382682933 0.923879739 0.000000000
vn -0.608762349 0.793352635 0.000000000
vn -0.793352635 0.608762349 0.000000000
vn -0.923879739 0.382682933 0.000000000
vn -0.991444799 0.130526663 0.000000000
vn 0.991444618 0.130528038 0.000000000
vn 0.923879592 0.382683290 0.000000000
vn 0.793352884 0.608762023 0.000000000
vn 0.608762023 0.793352884 0.000000000
vn 0.382683290 0.923879592 0.000000000
vn 0.130528038 0.991444618 0.000000000
vn -0.130528038 0.991444618 0.000000000
vn -0.382683290 0.923879592 0.000000000
vn -0.608762023 0.793352884 0.000000000
vn -0.793352884 0.608762023 0.000000000
vn -0.923879592 0.382683290 0.000000000
vn -0.991444618 0.130528038 0.000000000
vn -0.991444618 -0.130528038 0.000000000
vn -0.923879592 -0.382683290 0.000000000
vn -0.793352884 -0.608762023 0.000000000
vn -0.608762023 -0.793352884 0.000000000
vn -0.382683290 -0.923879592 0.000000000
vn -0.130528038 -0.991444618 0.000000000
vn 0.130528038 -0.991444618 0.000000000
vn 0.382683290 -0.923879592 0.000000000
vn 0.608762023 -0.793352884 0.000000000
vn 0.793352884 -0.608762023 0.000000000
vn 0.923879592 -0.382683290 0.000000000
vn 0.991444618 -0.130528038 0.000000000
vn -0.991444768 -0.130526900 0.000000000
vn -0.923880007 -0.382682287 0.000000000
vn -0.608761199 -0.793353517 0.000000000
vn -0.382686051 -0.923878448 0.000000000
vn -0.130524868 -0.991445036 0.000000000
vn 0.130524868 -0.991445036 0.000000000
vn 0.382686051 -0.923878448 0.000000000
vn 0.608761199 -0.793353517 0.000000000
vn 0.923880007 -0.382682287 0.000000000
vn 0.991444768 -0.130526900 0.000000000
vn 0.991444768 0.130526900 0.000000000
vn 0.923880007 0.382682287 0.000000000
vn 0.608761199 0.793353517 0.000000000
vn 0.382686051 0.923878448 0.000000000
vn 0.130524868 0.991445036 0.000000000
vn -0.130524868 0.991445036 0.000000000
vn -0.382686051 0.923878448 0.000000000
vn -0.608761199 0.793353517 0.000000000
vn -0.923880007 0.382682287 0.000000000
vn -0.991444768 0.130526900 0.000000000
vn 0.608763425 0.793351808 0.000000000
vn 0.382681388 0.923880379 0.000000000
vn 0.130525849 0.991444907 0.000000000
vn -0.130525849 0.991444907 0.000000000
vn -0.382681388 0.923880379 0.000000000
vn -0.608763425 0.793351808 0.000000000
vn -0.608763425 -0.793351808 0.000000000
vn -0.382681388 -0.923880379 0.000000000
vn -0.130525849 -0.991444907 0.000000000
vn 0.130525849 -0.991444907 0.000000000
vn 0.382681388 -0.923880379 0.000000000
vn 0.608763425 -0.793351808 0.000000000
vn -0.499999839 0.000000000 -0.866025497
vn -0.499999839 0.000000000 0.866025497
vn 0.499999839 0.000000000 0.866025497
vn 0.499999839 0.000000000 -0.866025497
vn -0.499999225 0.000000000 -0.866025851
vn -0.499999225 0.000000000 0.866025851
vn 0.499999225 0.000000000 0.866025851
vn 0.499999225 0.000000000 -0.866025851
vn -0.500002500 0.000000000 -0.866023960
vn -0.500002500 0.000000000 0.866023960
vn 0.500002500 0.000000000 0.866023960
vn 0.500002500 0.000000000 -0.866023960
vn -0.500001886 0.000000000 -0.866024315
vn -0.500001886 0.000000000 0.866024315
vn 0.500001886 0.000000000 0.866024315
vn 0.500001886 0.000000000 -0.866024315
vn 0.987688338 -0.156434485 0.000000000
vn 0.891006684 -0.453990187 0.000000000
vn 0.707106781 -0.707106781 0.000000000
vn 0.453990187 -0.891006684 0.000000000
vn 0.156434485 -0.987688338 0.000000000
vn -0.156434485 -0.987688338 0.000000000
vn -0.453990187 -0.891006684 0.000000000
vn -0.707106781 -0.707106781 0.000000000
vn -0.891006684 -0.453990187 0.000000000
vn -0.987688338 -0.156434485 0.000000000
vn -0.987688338 0.156434485 0.000000000
vn -0.891006684 0.453990187 0.000000000
vn -0.707106781 0.707106781 0.000000000
vn -0.453990187 0.891006684 0.000000000
vn -0.156434485 0.987688338 0.000000000
vn 0.156434485 0.987688338 0.000000000
vn 0.453990187 0.891006684 0.000000000
vn 0.707106781 0.707106781 0.000000000
vn 0.891006684 0.453990187 0.000000000
vn 0.987688338 0.156434485 0.000000000
vn -0.987688180 0.156435477 0.000000000
vn -0.891006815 0.453989930 0.000000000
vn -0.453989930 0.891006815 0.000000000
vn -0.156435477 0.987688180 0.000000000
vn 0.156435477 0.987688180 0.000000000
vn 0.453989930 0.891006815 0.000000000
vn 0.891006815 0.453989930 0.000000000
vn 0.987688180 0.156435477 0.000000000
vn 0.987688180 -0.156435477 0.000000000
vn 0.891006815 -0.453989930 0.000000000
vn 0.453989930 -0.891006815 0.000000000
vn 0.156435477 -0.987688180 0.000000000
vn -0.156435477 -0.987688180 0.000000000
vn -0.453989930 -0.891006815 0.000000000
vn -0.891006815 -0.453989930 0.000000000
vn -0.987688180 -0.156435477 0.000000000
vn 0.987688218 -0.156435238 0.000000000
vn 0.891006456 -0.453990633 0.000000000
vn 0.453990633 -0.891006456 0.000000000
vn 0.156435238 -0.987688218 0.000000000
vn -0.156435238 -0.987688218 0.000000000
vn -0.453990633 -0.891006456 0.000000000
vn -0.891006456 -0.453990633 0.000000000
vn -0.987688218 -0.156435238 0.000000000
vn -0.987688218 0.156435238 0.000000000
vn -0.891006456 0.453990633 0.000000000
vn -0.453990633 0.891006456 0.000000000
vn -0.156435238 0.987688218 0.000000000
vn 0.156435238 0.987688218 0.000000000
vn 0.453990633 0.891006456 0.000000000
vn 0.891006456 0.453990633 0.000000000
vn 0.987688218 0.156435238 0.000000000
vn -0.987688342 0.156434453 0.000000000
vn -0.891006774 0.453990010 0.000000000
vn -0.453990010 0.891006774 0.000000000
vn -0.156434453 0.987688342 0.000000000
vn 0.156434453 0.987688342 0.000000000
vn 0.453990010 0.891006774 0.000000000
vn 0.891006774 0.453990010 0.000000000
vn 0.987688342 0.156434453 0.000000000
vn 0.987688342 -0.156434453 0.000000000
vn 0.891006774 -0.453990010 0.000000000
vn 0.453990010 -0.891006774 0.000000000
vn 0.156434453 -0.987688342 0.000000000
vn -0.156434453 -0.987688342 0.000000000
vn -0.453990010 -0.891006774 0.000000000
vn -0.891006774 -0.453990010 0.000000000
vn -0.987688342 -0.156434453 0.000000000
vn 0.991444862 -0.130526185 0.000000000
vn 0.923879611 -0.382683242 0.000000000
vn 0.793353550 -0.608761156 0.000000000
vn 0.608761156 -0.793353550 0.000000000
vn 0.382683242 -0.923879611 0.000000000
vn 0.130526185 -0.991444862 0.000000000
vn -0.130526185 -0.991444862 0.000000000
vn -0.382683242 -0.923879611 0.000000000
vn -0.608761156 -0.793353550 0.000000000
vn -0.793353550 -0.608761156 0.000000000
vn -0.923879611 -0.382683242 0.000000000
vn -0.991444862 -0.130526185 0.000000000
vn -0.991444862 0.130526185 0.000000000
vn -0.923879611 0.382683242 0.000000000
vn -0.793353550 0.608761156 0.000000000
vn -0.608761156 0.793353550 0.000000000
vn -0.382683242 0.923879611 0.000000000
vn -0.130526185 0.991444862 0.000000000
vn 0.130526185 0.991444862 0.000000000
vn 0.382683242 0.923879611 0.000000000
vn 0.608761156 0.793353550 0.000000000
vn 0.793353550 0.608761156 0.000000000
vn 0.923879611 0.382683242 0.000000000
vn 0.991444862 0.130526185 0.000000000
vn 0.991444967 -0.130525388 0.000000000
vn 0.923879319 -0.382683947 0.000000000
vn 0.793352941 -0.608761950 0.000000000
vn 0.608761950 -0.793352941 0.000000000
vn 0.382683947 -0.923879319 0.000000000
vn 0.130525388 -0.991444967 0.000000000
vn -0.130525388 -0.991444967 0.000000000
vn -0.382683947 -0.923879319 0.000000000
vn -0.608761950 -0.793352941 0.000000000
vn -0.793352941 -0.608761950 0.000000000
vn -0.923879319 -0.382683947 0.000000000
vn -0.991444967 -0.130525388 0.000000000
vn -0.991444967 0.130525388 0.000000000
vn -0.923879319 0.382683947 0.000000000
vn -0.793352941 0.608761950 0.000000000
vn -0.608761950 0.793352941 0.000000000
vn -0.382683947 0.923879319 0.000000000
vn -0.130525388 0.991444967 0.000000000
vn 0.130525388 0.991444967 0.000000000
vn 0.382683947 0.923879319 0.000000000
vn 0.608761950 0.793352941 0.000000000
vn 0.793352941 0.608761950 0.000000000
vn 0.923879319 0.382683947 0.000000000
vn 0.991444967 0.130525388 0.000000000
vn 0.866024711 -0.500001200 0.000000000
vn -0.866024711 -0.500001200 0.000000000
vn -0.866024711 0.500001200 0.000000000
vn 0.866024711 0.500001200 0.000000000
vn -0.891006998 -0.453989570 0.000000000
vn -0.707106019 -0.707107543 0.000000000
vn 0.707106019 -0.707107543 0.000000000
vn 0.891006998 -0.453989570 0.000000000
vn 0.891006998 0.453989570 0.000000000
vn 0.707106019 0.707107543 0.000000000
vn -0.707106019 0.707107543 0.000000000
vn -0.891006998 0.453989570 0.000000000
vn 0.156433664 0.987688467 0.000000000
vn -0.156433664 0.987688467 0.000000000
vn -0.156433664 -0.987688467 0.000000000
vn 0.156433664 -0.987688467 0.000000000
vn -0.987688183 -0.156435460 0.000000000
vn -0.891007049 -0.453989470 0.000000000
vn -0.453989492 -0.891007038 0.000000000
vn -0.156433835 -0.987688440 0.000000000
vn 0.156433835 -0.987688440 0.000000000
vn 0.453989492 -0.891007038 0.000000000
vn 0.891007049 -0.453989470 0.000000000
vn 0.987688183 -0.156435460 0.000000000
vn 0.987688183 0.156435460 0.000000000
vn 0.891007049 0.453989470 0.000000000
vn 0.453989492 0.891007038 0.000000000
vn 0.156433835 0.987688440 0.000000000
vn -0.156433835 0.987688440 0.000000000
vn -0.453989492 0.891007038 0.000000000
vn -0.891007049 0.453989470 0.000000000
vn -0.987688183 0.156435460 0.000000000
vn 0.707107559 0.707106004 0.000000000
vn 0.453988775 0.891007403 0.000000000
vn 0.156432936 0.987688583 0.000000000
vn -0.156432936 0.987688583 0.000000000
vn -0.453988775 0.891007403 0.000000000
vn -0.707107559 0.707106004 0.000000000
vn -0.707107559 -0.707106004 0.000000000
vn -0.453988775 -0.891007403 0.000000000
vn -0.156432936 -0.987688583 0.000000000
vn 0.156432936 -0.987688583 0.000000000
vn 0.453988775 -0.891007403 0.000000000
vn 0.707107559 -0.707106004 0.000000000
vn -0.991444843 -0.130526333 0.000000000
vn -0.923879779 -0.382682838 0.000000000
vn -0.793353127 -0.608761707 0.000000000
vn -0.608762593 -0.793352447 0.000000000
vn 0.608762593 -0.793352447 0.000000000
vn 0.793353127 -0.608761707 0.000000000
vn 0.923879779 -0.382682838 0.000000000
vn 0.991444843 -0.130526333 0.000000000
vn 0.991444843 0.130526333 0.000000000
vn 0.923879779 0.382682838 0.000000000
vn 0.793353127 0.608761707 0.000000000
vn 0.608762593 0.793352447 0.000000000
vn -0.608762593 0.793352447 0.000000000
vn -0.793353127 0.608761707 0.000000000
vn -0.923879779 0.382682838 0.000000000
vn -0.991444843 0.130526333 0.000000000
vn -0.793353568 -0.608761133 0.000000000
vn -0.608760885 -0.793353758 0.000000000
vn -0.382682503 -0.923879917 0.000000000
vn -0.130527050 -0.991444748 0.000000000
vn 0.130527050 -0.991444748 0.000000000
vn 0.382682503 -0.923879917 0.000000000
vn 0.608760885 -0.793353758 0.000000000
vn 0.793353568 -0.608761133 0.000000000
vn 0.793353568 0.608761133 0.000000000
vn 0.608760885 0.793353758 0.000000000
vn 0.382682503 0.923879917 0.000000000
vn 0.130527050 0.991444748 0.000000000
vn -0.130527050 0.991444748 0.000000000
vn -0.382682503 0.923879917 0.000000000
vn -0.608760885 0.793353758 0.000000000
vn -0.793353568 0.608761133 0.000000000
vn -0.866025857 -0.499999215 0.000000000
vn 0.866025857 -0.499999215 0.000000000
vn 0.866025857 0.499999215 0.000000000
vn -0.866025857 0.499999215 0.000000000
usemtl mat_0
f 1/1/1 2/1/1 3/1/1
f 1/1/1 3/1/1 4/1/1
f 5/1/2 6/1/2 7/1/2
f 5/1/2 7/1/2 8/1/2
f 1/1/3 4/1/3 6/1/3
f 1/1/3 6/1/3 5/1/3
f 2/1/4 8/1/4 7/1/4
f 2/1/4 7/1/4 3/1/4
f 1/1/5 5/1/5 8/1/5
f 1/1/5 8/1/5 2/1/5
f 4/1/6 3/1/6 7/1/6
f 4/1/6 7/1/6 6/1/6
usemtl mat_1
f 9/1/3 10/1/3 11/1/3
f 11/1/3 12/1/3 13/1/3
f 13/1/3 14/1/3 15/1/3
f 15/1/3 16/1/3 17/1/3
f 17/1/3 18/1/3 19/1/3
f 19/1/3 20/1/3 21/1/3
f 21/1/3 22/1/3 23/1/3
f 23/1/3 24/1/3 25/1/3
f 25/1/3 26/1/3 27/1/3
f 27/1/3 28/1/3 29/1/3
f 29/1/3 30/1/3 31/1/3
f 31/1/3 32/1/3 33/1/3
f 33/1/3 34/1/3 35/1/3
f 35/1/3 36/1/3 37/1/3
f 37/1/3 38/1/3 39/1/3
f 39/1/3 40/1/3 9/1/3
f 9/1/3 11/1/3 13/1/3
f 13/1/3 15/1/3 17/1/3
f 17/1/3 19/1/3 21/1/3
f 21/1/3 23/1/3 25/1/3
f 25/1/3 27/1/3 29/1/3
f 29/1/3 31/1/3 33/1/3
f 33/1/3 35/1/3 37/1/3
f 37/1/3 39/1/3 9/1/3
f 9/1/3 13/1/3 17/1/3
f 17/1/3 21/1/3 25/1/3
f 25/1/3 29/1/3 33/1/3
f 33/1/3 37/1/3 9/1/3
f 9/1/3 17/1/3 25/1/3
f 25/1/3 33/1/3 9/1/3
f 41/1/4 42/1/4 43/1/4
f 43/1/4 44/1/4 45/1/4
f 45/1/4 46/1/4 47/1/4
f 47/1/4 48/1/4 49/1/4
f 49/1/4 50/1/4 51/1/4
f 51/1/4 52/1/4 53/1/4
f 53/1/4 54/1/4 55/1/4
f 55/1/4 56/1/4 57/1/4
f 57/1/4 58/1/4 59/1/4
f 59/1/4 60/1/4 61/1/4
f 61/1/4 62/1/4 63/1/4
f 63/1/4 64/1/4 65/1/4
f 65/1/4 66/1/4 67/1/4
f 67/1/4 68/1/4 69/1/4
f 69/1/4 70/1/4 71/1/4
f 71/1/4 72/1/4 41/1/4
f 41/1/4 43/1/4 45/1/4
f 45/1/4 47/1/4 49/1/4
f 49/1/4 51/1/4 53/1/4
f 53/1/4 55/1/4 57/1/4
f 57/1/4 59/1/4 61/1/4
f 61/1/4 63/1/4 65/1/4
f 65/1/4 67/1/4 69/1/4
f 69/1/4 71/1/4 41/1/4
f 41/1/4 45/1/4 49/1/4
f 49/1/4 53/1/4 57/1/4
f 57/1/4 61/1/4 65/1/4
f 65/1/4 69/1/4 41/1/4
f 41/1/4 49/1/4 57/1/4
f 57/1/4 65/1/4 41/1/4
f 9/1/7 40/1/7 43/1/7
f 9/1/7 43/1/7 42/1/7
f 40/1/8 39/1/8 44/1/8
f 40/1/8 44/1/8 43/1/8
f 39/1/9 38/1/9 45/1/9
f 39/1/9 45/1/9 44/1/9
f 38/1/10 37/1/10 46/1/10
f 38/1/10 46/1/10 45/1/10
f 37/1/11 36/1/11 47/1/11
f 37/1/11 47/1/11 46/1/11
f 36/1/12 35/1/12 48/1/12
f 36/1/12 48/1/12 47/1/12
f 35/1/13 34/1/13 49/1/13
f 35/1/13 49/1/13 48/1/13
f 34/1/14 33/1/14 50/1/14
f 34/1/14 50/1/14 49/1/14
f 33/1/15 32/1/15 51/1/15
f 33/1/15 51/1/15 50/1/15
f 32/1/16 31/1/16 52/1/16
f 32/1/16 52/1/16 51/1/16
f 31/1/17 30/1/17 53/1/17
f 31/1/17 53/1/17 52/1/17
f 30/1/18 29/1/18 54/1/18
f 30/1/18 54/1/18 53/1/18
f 29/1/19 28/1/19 55/1/19
f 29/1/19 55/1/19 54/1/19
f 28/1/20 27/1/20 56/1/20
f 28/1/20 56/1/20 55/1/20
f 27/1/21 26/1/21 57/1/21
f 27/1/21 57/1/21 56/1/21
f 26/1/22 25/1/22 58/1/22
f 26/1/22 58/1/22 57/1/22
f 25/1/23 24/1/23 59/1/23
f 25/1/23 59/1/23 58/1/23
f 24/1/24 23/1/24 60/1/24
f 24/1/24 60/1/24 59/1/24
f 23/1/25 22/1/25 61/1/25
f 23/1/25 61/1/25 60/1/25
f 22/1/26 21/1/26 62/1/26
f 22/1/26 62/1/26 61/1/26
f 21/1/27 20/1/27 63/1/27
f 21/1/27 63/1/27 62/1/27
f 20/1/28 19/1/28 64/1/28
f 20/1/28 64/1/28 63/1/28
f 19/1/29 18/1/29 65/1/29
f 19/1/29 65/1/29 64/1/29
f 18/1/30 17/1/30 66/1/30
f 18/1/30 66/1/30 65/1/30
f 17/1/31 16/1/31 67/1/31
f 17/1/31 67/1/31 66/1/31
f 16/1/32 15/1/32 68/1/32
f 16/1/32 68/1/32 67/1/32
f 15/1/33 14/1/33 69/1/33
f 15/1/33 69/1/33 68/1/33
f 14/1/34 13/1/34 70/1/34
f 14/1/34 70/1/34 69/1/34
f 13/1/35 12/1/35 71/1/35
f 13/1/35 71/1/35 70/1/35
f 12/1/36 11/1/36 72/1/36
f 12/1/36 72/1/36 71/1/36
f 11/1/37 10/1/37 41/1/37
f 11/1/37 41/1/37 72/1/37
f 10/1/38 9/1/38 42/1/38
f 10/1/38 42/1/38 41/1/38
f 73/1/3 74/1/3 75/1/3
f 75/1/3 76/1/3 77/1/3
f 77/1/3 78/1/3 79/1/3
f 79/1/3 80/1/3 81/1/3
f 81/1/3 82/1/3 83/1/3
f 83/1/3 84/1/3 85/1/3
f 85/1/3 86/1/3 87/1/3
f 87/1/3 88/1/3 89/1/3
f 89/1/3 90/1/3 91/1/3
f 91/1/3 92/1/3 93/1/3
f 93/1/3 94/1/3 95/1/3
f 95/1/3 96/1/3 97/1/3
f 97/1/3 98/1/3 99/1/3
f 99/1/3 100/1/3 73/1/3
f 73/1/3 75/1/3 77/1/3
f 77/1/3 79/1/3 81/1/3
f 81/1/3 83/1/3 85/1/3
f 85/1/3 87/1/3 89/1/3
f 89/1/3 91/1/3 93/1/3
f 93/1/3 95/1/3 97/1/3
f 97/1/3 99/1/3 73/1/3
f 73/1/3 77/1/3 81/1/3
f 81/1/3 85/1/3 89/1/3
f 89/1/3 93/1/3 97/1/3
f 97/1/3 73/1/3 81/1/3
f 81/1/3 89/1/3 97/1/3
f 101/1/4 102/1/4 103/1/4
f 103/1/4 104/1/4 105/1/4
f 105/1/4 106/1/4 107/1/4
f 107/1/4 108/1/4 109/1/4
f 109/1/4 110/1/4 111/1/4
f 111/1/4 112/1/4 113/1/4
f 113/1/4 114/1/4 115/1/4
f 115/1/4 116/1/4 117/1/4
f 117/1/4 118/1/4 119/1/4
f 119/1/4 120/1/4 121/1/4
f 121/1/4 122/1/4 123/1/4
f 123/1/4 124/1/4 125/1/4
f 125/1/4 126/1/4 127/1/4
f 127/1/4 128/1/4 101/1/4
f 101/1/4 103/1/4 105/1/4
f 105/1/4 107/1/4 109/1/4
f 109/1/4 111/1/4 113/1/4
f 113/1/4 115/1/4 117/1/4
f 117/1/4 119/1/4 121/1/4
f 121/1/4 123/1/4 125/1/4
f 125/1/4 127/1/4 101/1/4
f 101/1/4 105/1/4 109/1/4
f 109/1/4 113/1/4 117/1/4
f 117/1/4 121/1/4 125/1/4
f 125/1/4 101/1/4 109/1/4
f 109/1/4 117/1/4 125/1/4
f 73/1/39 100/1/39 103/1/39
f 73/1/39 103/1/39 102/1/39
f 100/1/40 99/1/40 104/1/40
f 100/1/40 104/1/40 103/1/40
f 99/1/41 98/1/41 105/1/41
f 99/1/41 105/1/41 104/1/41
f 98/1/42 97/1/42 106/1/42
f 98/1/42 106/1/42 105/1/42
f 97/1/43 96/1/43 107/1/43
f 97/1/43 107/1/43 106/1/43
f 96/1/44 95/1/44 108/1/44
f 96/1/44 108/1/44 107/1/44
f 95/1/45 94/1/45 109/1/45
f 95/1/45 109/1/45 108/1/45
f 94/1/46 93/1/46 110/1/46
f 94/1/46 110/1/46 109/1/46
f 93/1/47 92/1/47 111/1/47
f 93/1/47 111/1/47 110/1/47
f 92/1/48 91/1/48 112/1/48
f 92/1/48 112/1/48 111/1/48
f 91/1/49 90/1/49 113/1/49
f 91/1/49 113/1/49 112/1/49
f 90/1/50 89/1/50 114/1/50
f 90/1/50 114/1/50 113/1/50
f 89/1/51 88/1/51 115/1/51
f 89/1/51 115/1/51 114/1/51
f 88/1/52 87/1/52 116/1/52
f 88/1/52 116/1/52 115/1/52
f 87/1/53 86/1/53 117/1/53
f 87/1/53 117/1/53 116/1/53
f 86/1/54 85/1/54 118/1/54
f 86/1/54 118/1/54 117/1/54
f 85/1/55 84/1/55 119/1/55
f 85/1/55 119/1/55 118/1/55
f 84/1/56 83/1/56 120/1/56
f 84/1/56 120/1/56 119/1/56
f 83/1/57 82/1/57 121/1/57
f 83/1/57 121/1/57 120/1/57
f 82/1/58 81/1/58 122/1/58
f 82/1/58 122/1/58 121/1/58
f 81/1/59 80/1/59 123/1/59
f 81/1/59 123/1/59 122/1/59
f 80/1/60 79/1/60 124/1/60
f 80/1/60 124/1/60 123/1/60
f 79/1/61 78/1/61 125/1/61
f 79/1/61 125/1/61 124/1/61
f 78/1/62 77/1/62 126/1/62
f 78/1/62 126/1/62 125/1/62
f 77/1/63 76/1/63 127/1/63
f 77/1/63 127/1/63 126/1/63
f 76/1/64 75/1/64 128/1/64
f 76/1/64 128/1/64 127/1/64
f 75/1/65 74/1/65 101/1/65
f 75/1/65 101/1/65 128/1/65
f 74/1/66 73/1/66 102/1/66
f 74/1/66 102/1/66 101/1/66
f 129/1/67 130/1/67 131/1/67
f 129/1/67 131/1/67 132/1/67
f 130/1/68 133/1/68 134/1/68
f 130/1/68 134/1/68 131/1/68
f 133/1/69 135/1/69 136/1/69
f 133/1/69 136/1/69 134/1/69
f 135/1/70 137/1/70 138/1/70
f 135/1/70 138/1/70 136/1/70
f 137/1/71 139/1/71 140/1/71
f 137/1/71 140/1/71 138/1/71
f 139/1/72 141/1/72 142/1/72
f 139/1/72 142/1/72 140/1/72
f 141/1/73 143/1/73 144/1/73
f 141/1/73 144/1/73 142/1/73
f 143/1/74 145/1/74 146/1/74
f 143/1/74 146/1/74 144/1/74
f 145/1/75 147/1/75 148/1/75
f 145/1/75 148/1/75 146/1/75
f 147/1/76 149/1/76 150/1/76
f 147/1/76 150/1/76 148/1/76
f 149/1/77 151/1/77 152/1/77
f 149/1/77 152/1/77 150/1/77
f 151/1/78 153/1/78 154/1/78
f 151/1/78 154/1/78 152/1/78
f 153/1/79 155/1/79 156/1/79
f 153/1/79 156/1/79 154/1/79
f 155/1/80 157/1/80 158/1/80
f 155/1/80 158/1/80 156/1/80
f 157/1/81 159/1/81 160/1/81
f 157/1/81 160/1/81 158/1/81
f 159/1/82 161/1/82 162/1/82
f 159/1/82 162/1/82 160/1/82
f 161/1/83 163/1/83 164/1/83
f 161/1/83 164/1/83 162/1/83
f 163/1/84 165/1/84 166/1/84
f 163/1/84 166/1/84 164/1/84
f 165/1/85 167/1/85 168/1/85
f 165/1/85 168/1/85 166/1/85
f 167/1/86 169/1/86 170/1/86
f 167/1/86 170/1/86 168/1/86
f 169/1/87 171/1/87 172/1/87
f 169/1/87 172/1/87 170/1/87
f 171/1/88 173/1/88 174/1/88
f 171/1/88 174/1/88 172/1/88
f 173/1/89 175/1/89 176/1/89
f 173/1/89 176/1/89 174/1/89
f 175/1/90 177/1/90 178/1/90
f 175/1/90 178/1/90 176/1/90
f 177/1/91 179/1/91 180/1/91
f 177/1/91 180/1/91 178/1/91
f 179/1/92 181/1/92 182/1/92
f 179/1/92 182/1/92 180/1/92
f 181/1/93 183/1/93 184/1/93
f 181/1/93 184/1/93 182/1/93
f 183/1/94 185/1/94 186/1/94
f 183/1/94 186/1/94 184/1/94
f 185/1/95 187/1/95 188/1/95
f 185/1/95 188/1/95 186/1/95
f 187/1/96 189/1/96 190/1/96
f 187/1/96 190/1/96 188/1/96
f 189/1/97 191/1/97 192/1/97
f 189/1/97 192/1/97 190/1/97
f 191/1/98 129/1/98 132/1/98
f 191/1/98 132/1/98 192/1/98
f 132/1/4 131/1/4 193/1/4
f 132/1/4 193/1/4 194/1/4
f 131/1/4 134/1/4 195/1/4
f 131/1/4 195/1/4 193/1/4
f 134/1/4 136/1/4 196/1/4
f 134/1/4 196/1/4 195/1/4
f 136/1/4 138/1/4 197/1/4
f 136/1/4 197/1/4 196/1/4
f 138/1/4 140/1/4 198/1/4
f 138/1/4 198/1/4 197/1/4
f 140/1/4 142/1/4 199/1/4
f 140/1/4 199/1/4 198/1/4
f 142/1/4 144/1/4 200/1/4
f 142/1/4 200/1/4 199/1/4
f 144/1/4 146/1/4 201/1/4
f 144/1/4 201/1/4 200/1/4
f 146/1/4 148/1/4 202/1/4
f 146/1/4 202/1/4 201/1/4
f 148/1/4 150/1/4 203/1/4
f 148/1/4 203/1/4 202/1/4
f 150/1/4 152/1/4 204/1/4
f 150/1/4 204/1/4 203/1/4
f 152/1/4 154/1/4 205/1/4
f 152/1/4 205/1/4 204/1/4
f 154/1/4 156/1/4 206/1/4
f 154/1/4 206/1/4 205/1/4
f 156/1/4 158/1/4 207/1/4
f 156/1/4 207/1/4 206/1/4
f 158/1/4 160/1/4 208/1/4
f 158/1/4 208/1/4 207/1/4
f 160/1/4 162/1/4 209/1/4
f 160/1/4 209/1/4 208/1/4
f 162/1/4 164/1/4 210/1/4
f 162/1/4 210/1/4 209/1/4
f 164/1/4 166/1/4 211/1/4
f 164/1/4 211/1/4 210/1/4
f 166/1/4 168/1/4 212/1/4
f 166/1/4 212/1/4 211/1/4
f 168/1/4 170/1/4 213/1/4
f 168/1/4 213/1/4 212/1/4
f 170/1/4 172/1/4 214/1/4
f 170/1/4 214/1/4 213/1/4
f 172/1/4 174/1/4 215/1/4
f 172/1/4 215/1/4 214/1/4
f 174/1/4 176/1/4 216/1/4
f 174/1/4 216/1/4 215/1/4
f 176/1/4 178/1/4 217/1/4
f 176/1/4 217/1/4 216/1/4
f 178/1/4 180/1/4 218/1/4
f 178/1/4 218/1/4 217/1/4
f 180/1/4 182/1/4 219/1/4
f 180/1/4 219/1/4 218/1/4
f 182/1/4 184/1/4 220/1/4
f 182/1/4 220/1/4 219/1/4
f 184/1/4 186/1/4 221/1/4
f 184/1/4 221/1/4 220/1/4
f 186/1/4 188/1/4 222/1/4
f 186/1/4 222/1/4 221/1/4
f 188/1/4 190/1/4 223/1/4
f 188/1/4 223/1/4 222/1/4
f 190/1/4 192/1/4 224/1/4
f 190/1/4 224/1/4 223/1/4
f 192/1/4 132/1/4 194/1/4
f 192/1/4 194/1/4 224/1/4
f 194/1/99 193/1/99 225/1/99
f 194/1/99 225/1/99 226/1/99
f 193/1/100 195/1/100 227/1/100
f 193/1/100 227/1/100 225/1/100
f 195/1/101 196/1/101 228/1/101
f 195/1/101 228/1/101 227/1/101
f 196/1/102 197/1/102 229/1/102
f 196/1/102 229/1/102 228/1/102
f 197/1/103 198/1/103 230/1/103
f 197/1/103 230/1/103 229/1/103
f 198/1/104 199/1/104 231/1/104
f 198/1/104 231/1/104 230/1/104
f 199/1/105 200/1/105 232/1/105
f 199/1/105 232/1/105 231/1/105
f 200/1/106 201/1/106 233/1/106
f 200/1/106 233/1/106 232/1/106
f 201/1/107 202/1/107 234/1/107
f 201/1/107 234/1/107 233/1/107
f 202/1/108 203/1/108 235/1/108
f 202/1/108 235/1/108 234/1/108
f 203/1/109 204/1/109 236/1/109
f 203/1/109 236/1/109 235/1/109
f 204/1/110 205/1/110 237/1/110
f 204/1/110 237/1/110 236/1/110
f 205/1/111 206/1/111 238/1/111
f 205/1/111 238/1/111 237/1/111
f 206/1/112 207/1/112 239/1/112
f 206/1/112 239/1/112 238/1/112
f 207/1/113 208/1/113 240/1/113
f 207/1/113 240/1/113 239/1/113
f 208/1/114 209/1/114 241/1/114
f 208/1/114 241/1/114 240/1/114
f 209/1/115 210/1/115 242/1/115
f 209/1/115 242/1/115 241/1/115
f 210/1/116 211/1/116 243/1/116
f 210/1/116 243/1/116 242/1/116
f 211/1/117 212/1/117 244/1/117
f 211/1/117 244/1/117 243/1/117
f 212/1/118 213/1/118 245/1/118
f 212/1/118 245/1/118 244/1/118
f 213/1/119 214/1/119 246/1/119
f 213/1/119 246/1/119 245/1/119
f 214/1/120 215/1/120 247/1/120
f 214/1/120 247/1/120 246/1/120
f 215/1/121 216/1/121 248/1/121
f 215/1/121 248/1/121 247/1/121
f 216/1/122 217/1/122 249/1/122
f 216/1/122 249/1/122 248/1/122
f 217/1/123 218/1/123 250/1/123
f 217/1/123 250/1/123 249/1/123
f 218/1/124 219/1/124 251/1/124
f 218/1/124 251/1/124 250/1/124
f 219/1/125 220/1/125 252/1/125
f 219/1/125 252/1/125 251/1/125
f 220/1/126 221/1/126 253/1/126
f 220/1/126 253/1/126 252/1/126
f 221/1/127 222/1/127 254/1/127
f 221/1/127 254/1/127 253/1/127
f 222/1/128 223/1/128 255/1/128
f 222/1/128 255/1/128 254/1/128
f 223/1/129 224/1/129 256/1/129
f 223/1/129 256/1/129 255/1/129
f 224/1/130 194/1/130 226/1/130
f 224/1/130 226/1/130 256/1/130
f 226/1/3 225/1/3 130/1/3
f 226/1/3 130/1/3 129/1/3
f 225/1/3 227/1/3 133/1/3
f 225/1/3 133/1/3 130/1/3
f 227/1/3 228/1/3 135/1/3
f 227/1/3 135/1/3 133/1/3
f 228/1/3 229/1/3 137/1/3
f 228/1/3 137/1/3 135/1/3
f 229/1/3 230/1/3 139/1/3
f 229/1/3 139/1/3 137/1/3
f 230/1/3 231/1/3 141/1/3
f 230/1/3 141/1/3 139/1/3
f 231/1/3 232/1/3 143/1/3
f 231/1/3 143/1/3 141/1/3
f 232/1/3 233/1/3 145/1/3
f 232/1/3 145/1/3 143/1/3
f 233/1/3 234/1/3 147/1/3
f 233/1/3 147/1/3 145/1/3
f 234/1/3 235/1/3 149/1/3
f 234/1/3 149/1/3 147/1/3
f 235/1/3 236/1/3 151/1/3
f 235/1/3 151/1/3 149/1/3
f 236/1/3 237/1/3 153/1/3
f 236/1/3 153/1/3 151/1/3
f 237/1/3 238/1/3 155/1/3
f 237/1/3 155/1/3 153/1/3
f 238/1/3 239/1/3 157/1/3
f 238/1/3 157/1/3 155/1/3
f 239/1/3 240/1/3 159/1/3
f 239/1/3 159/1/3 157/1/3
f 240/1/3 241/1/3 161/1/3
f 240/1/3 161/1/3 159/1/3
f 241/1/3 242/1/3 163/1/3
f 241/1/3 163/1/3 161/1/3
f 242/1/3 243/1/3 165/1/3
f 242/1/3 165/1/3 163/1/3
f 243/1/3 244/1/3 167/1/3
f 243/1/3 167/1/3 165/1/3
f 244/1/3 245/1/3 169/1/3
f 244/1/3 169/1/3 167/1/3
f 245/1/3 246/1/3 171/1/3
f 245/1/3 171/1/3 169/1/3
f 246/1/3 247/1/3 173/1/3
f 246/1/3 173/1/3 171/1/3
f 247/1/3 248/1/3 175/1/3
f 247/1/3 175/1/3 173/1/3
f 248/1/3 249/1/3 177/1/3
f 248/1/3 177/1/3 175/1/3
f 249/1/3 250/1/3 179/1/3
f 249/1/3 179/1/3 177/1/3
f 250/1/3 251/1/3 181/1/3
f 250/1/3 181/1/3 179/1/3
f 251/1/3 252/1/3 183/1/3
f 251/1/3 183/1/3 181/1/3
f 252/1/3 253/1/3 185/1/3
f 252/1/3 185/1/3 183/1/3
f 253/1/3 254/1/3 187/1/3
f 253/1/3 187/1/3 185/1/3
f 254/1/3 255/1/3 189/1/3
f 254/1/3 189/1/3 187/1/3
f 255/1/3 256/1/3 191/1/3
f 255/1/3 191/1/3 189/1/3
f 256/1/3 226/1/3 129/1/3
f 256/1/3 129/1/3 191/1/3
usemtl mat_2
f 257/1/131 258/1/131 259/1/131
f 257/1/131 259/1/131 260/1/131
f 258/1/132 261/1/132 262/1/132
f 258/1/132 262/1/132 259/1/132
f 261/1/133 263/1/133 264/1/133
f 261/1/133 264/1/133 262/1/133
f 263/1/134 265/1/134 266/1/134
f 263/1/134 266/1/134 264/1/134
f 265/1/135 267/1/135 268/1/135
f 265/1/135 268/1/135 266/1/135
f 267/1/136 269/1/136 270/1/136
f 267/1/136 270/1/136 268/1/136
f 269/1/137 271/1/137 272/1/137
f 269/1/137 272/1/137 270/1/137
f 271/1/138 273/1/138 274/1/138
f 271/1/138 274/1/138 272/1/138
f 273/1/139 275/1/139 276/1/139
f 273/1/139 276/1/139 274/1/139
f 275/1/140 277/1/140 278/1/140
f 275/1/140 278/1/140 276/1/140
f 277/1/141 279/1/141 280/1/141
f 277/1/141 280/1/141 278/1/141
f 279/1/142 281/1/142 282/1/142
f 279/1/142 282/1/142 280/1/142
f 281/1/143 283/1/143 284/1/143
f 281/1/143 284/1/143 282/1/143
f 283/1/144 285/1/144 286/1/144
f 283/1/144 286/1/144 284/1/144
f 285/1/145 287/1/145 288/1/145
f 285/1/145 288/1/145 286/1/145
f 287/1/146 289/1/146 290/1/146
f 287/1/146 290/1/146 288/1/146
f 289/1/147 291/1/147 292/1/147
f 289/1/147 292/1/147 290/1/147
f 291/1/148 293/1/148 294/1/148
f 291/1/148 294/1/148 292/1/148
f 293/1/149 295/1/149 296/1/149
f 293/1/149 296/1/149 294/1/149
f 295/1/150 297/1/150 298/1/150
f 295/1/150 298/1/150 296/1/150
f 297/1/151 299/1/151 300/1/151
f 297/1/151 300/1/151 298/1/151
f 299/1/152 301/1/152 302/1/152
f 299/1/152 302/1/152 300/1/152
f 301/1/153 303/1/153 304/1/153
f 301/1/153 304/1/153 302/1/153
f 303/1/154 305/1/154 306/1/154
f 303/1/154 306/1/154 304/1/154
f 305/1/155 307/1/155 308/1/155
f 305/1/155 308/1/155 306/1/155
f 307/1/156 309/1/156 310/1/156
f 307/1/156 310/1/156 308/1/156
f 309/1/157 311/1/157 312/1/157
f 309/1/157 312/1/157 310/1/157
f 311/1/158 313/1/158 314/1/158
f 311/1/158 314/1/158 312/1/158
f 313/1/159 315/1/159 316/1/159
f 313/1/159 316/1/159 314/1/159
f 315/1/160 317/1/160 318/1/160
f 315/1/160 318/1/160 316/1/160
f 317/1/161 319/1/161 320/1/161
f 317/1/161 320/1/161 318/1/161
f 319/1/162 257/1/162 260/1/162
f 319/1/162 260/1/162 320/1/162
f 260/1/4 259/1/4 225/1/4
f 260/1/4 225/1/4 226/1/4
f 259/1/4 262/1/4 227/1/4
f 259/1/4 227/1/4 225/1/4
f 262/1/4 264/1/4 228/1/4
f 262/1/4 228/1/4 227/1/4
f 264/1/4 266/1/4 229/1/4
f 264/1/4 229/1/4 228/1/4
f 266/1/4 268/1/4 230/1/4
f 266/1/4 230/1/4 229/1/4
f 268/1/4 270/1/4 231/1/4
f 268/1/4 231/1/4 230/1/4
f 270/1/4 272/1/4 232/1/4
f 270/1/4 232/1/4 231/1/4
f 272/1/4 274/1/4 233/1/4
f 272/1/4 233/1/4 232/1/4
f 274/1/4 276/1/4 234/1/4
f 274/1/4 234/1/4 233/1/4
f 276/1/4 278/1/4 235/1/4
f 276/1/4 235/1/4 234/1/4
f 278/1/4 280/1/4 236/1/4
f 278/1/4 236/1/4 235/1/4
f 280/1/4 282/1/4 237/1/4
f 280/1/4 237/1/4 236/1/4
f 282/1/4 284/1/4 238/1/4
f 282/1/4 238/1/4 237/1/4
f 284/1/4 286/1/4 239/1/4
f 284/1/4 239/1/4 238/1/4
f 286/1/4 288/1/4 240/1/4
f 286/1/4 240/1/4 239/1/4
f 288/1/4 290/1/4 241/1/4
f 288/1/4 241/1/4 240/1/4
f 290/1/4 292/1/4 242/1/4
f 290/1/4 242/1/4 241/1/4
f 292/1/4 294/1/4 243/1/4
f 292/1/4 243/1/4 242/1/4
f 294/1/4 296/1/4 244/1/4
f 294/1/4 244/1/4 243/1/4
f 296/1/4 298/1/4 245/1/4
f 296/1/4 245/1/4 244/1/4
f 298/1/4 300/1/4 246/1/4
f 298/1/4 246/1/4 245/1/4
f 300/1/4 302/1/4 247/1/4
f 300/1/4 247/1/4 246/1/4
f 302/1/4 304/1/4 248/1/4
f 302/1/4 248/1/4 247/1/4
f 304/1/4 306/1/4 249/1/4
f 304/1/4 249/1/4 248/1/4
f 306/1/4 308/1/4 250/1/4
f 306/1/4 250/1/4 249/1/4
f 308/1/4 310/1/4 251/1/4
f 308/1/4 251/1/4 250/1/4
f 310/1/4 312/1/4 252/1/4
f 310/1/4 252/1/4 251/1/4
f 312/1/4 314/1/4 253/1/4
f 312/1/4 253/1/4 252/1/4
f 314/1/4 316/1/4 254/1/4
f 314/1/4 254/1/4 253/1/4
f 316/1/4 318/1/4 255/1/4
f 316/1/4 255/1/4 254/1/4
f 318/1/4 320/1/4 256/1/4
f 318/1/4 256/1/4 255/1/4
f 320/1/4 260/1/4 226/1/4
f 320/1/4 226/1/4 256/1/4
f 226/1/99 225/1/99 321/1/99
f 226/1/99 321/1/99 322/1/99
f 225/1/100 227/1/100 323/1/100
f 225/1/100 323/1/100 321/1/100
f 227/1/101 228/1/101 324/1/101
f 227/1/101 324/1/101 323/1/101
f 228/1/102 229/1/102 325/1/102
f 228/1/102 325/1/102 324/1/102
f 229/1/103 230/1/103 326/1/103
f 229/1/103 326/1/103 325/1/103
f 230/1/104 231/1/104 327/1/104
f 230/1/104 327/1/104 326/1/104
f 231/1/105 232/1/105 328/1/105
f 231/1/105 328/1/105 327/1/105
f 232/1/106 233/1/106 329/1/106
f 232/1/106 329/1/106 328/1/106
f 233/1/107 234/1/107 330/1/107
f 233/1/107 330/1/107 329/1/107
f 234/1/108 235/1/108 331/1/108
f 234/1/108 331/1/108 330/1/108
f 235/1/109 236/1/109 332/1/109
f 235/1/109 332/1/109 331/1/109
f 236/1/110 237/1/110 333/1/110
f 236/1/110 333/1/110 332/1/110
f 237/1/111 238/1/111 334/1/111
f 237/1/111 334/1/111 333/1/111
f 238/1/112 239/1/112 335/1/112
f 238/1/112 335/1/112 334/1/112
f 239/1/113 240/1/113 336/1/113
f 239/1/113 336/1/113 335/1/113
f 240/1/114 241/1/114 337/1/114
f 240/1/114 337/1/114 336/1/114
f 241/1/115 242/1/115 338/1/115
f 241/1/115 338/1/115 337/1/115
f 242/1/116 243/1/116 339/1/116
f 242/1/116 339/1/116 338/1/116
f 243/1/117 244/1/117 340/1/117
f 243/1/117 340/1/117 339/1/117
f 244/1/118 245/1/118 341/1/118
f 244/1/118 341/1/118 340/1/118
f 245/1/119 246/1/119 342/1/119
f 245/1/119 342/1/119 341/1/119
f 246/1/120 247/1/120 343/1/120
f 246/1/120 343/1/120 342/1/120
f 247/1/121 248/1/121 344/1/121
f 247/1/121 344/1/121 343/1/121
f 248/1/122 249/1/122 345/1/122
f 248/1/122 345/1/122 344/1/122
f 249/1/123 250/1/123 346/1/123
f 249/1/123 346/1/123 345/1/123
f 250/1/124 251/1/124 347/1/124
f 250/1/124 347/1/124 346/1/124
f 251/1/125 252/1/125 348/1/125
f 251/1/125 348/1/125 347/1/125
f 252/1/126 253/1/126 349/1/126
f 252/1/126 349/1/126 348/1/126
f 253/1/127 254/1/127 350/1/127
f 253/1/127 350/1/127 349/1/127
f 254/1/128 255/1/128 351/1/128
f 254/1/128 351/1/128 350/1/128
f 255/1/129 256/1/129 352/1/129
f 255/1/129 352/1/129 351/1/129
f 256/1/130 226/1/130 322/1/130
f 256/1/130 322/1/130 352/1/130
f 322/1/3 321/1/3 258/1/3
f 322/1/3 258/1/3 257/1/3
f 321/1/3 323/1/3 261/1/3
f 321/1/3 261/1/3 258/1/3
f 323/1/3 324/1/3 263/1/3
f 323/1/3 263/1/3 261/1/3
f 324/1/3 325/1/3 265/1/3
f 324/1/3 265/1/3 263/1/3
f 325/1/3 326/1/3 267/1/3
f 325/1/3 267/1/3 265/1/3
f 326/1/3 327/1/3 269/1/3
f 326/1/3 269/1/3 267/1/3
f 327/1/3 328/1/3 271/1/3
f 327/1/3 271/1/3 269/1/3
f 328/1/3 329/1/3 273/1/3
f 328/1/3 273/1/3 271/1/3
f 329/1/3 330/1/3 275/1/3
f 329/1/3 275/1/3 273/1/3
f 330/1/3 331/1/3 277/1/3
f 330/1/3 277/1/3 275/1/3
f 331/1/3 332/1/3 279/1/3
f 331/1/3 279/1/3 277/1/3
f 332/1/3 333/1/3 281/1/3
f 332/1/3 281/1/3 279/1/3
f 333/1/3 334/1/3 283/1/3
f 333/1/3 283/1/3 281/1/3
f 334/1/3 335/1/3 285/1/3
f 334/1/3 285/1/3 283/1/3
f 335/1/3 336/1/3 287/1/3
f 335/1/3 287/1/3 285/1/3
f 336/1/3 337/1/3 289/1/3
f 336/1/3 289/1/3 287/1/3
f 337/1/3 338/1/3 291/1/3
f 337/1/3 291/1/3 289/1/3
f 338/1/3 339/1/3 293/1/3
f 338/1/3 293/1/3 291/1/3
f 339/1/3 340/1/3 295/1/3
f 339/1/3 295/1/3 293/1/3
f 340/1/3 341/1/3 297/1/3
f 340/1/3 297/1/3 295/1/3
f 341/1/3 342/1/3 299/1/3
f 341/1/3 299/1/3 297/1/3
f 342/1/3 343/1/3 301/1/3
f 342/1/3 301/1/3 299/1/3
f 343/1/3 344/1/3 303/1/3
f 343/1/3 303/1/3 301/1/3
f 344/1/3 345/1/3 305/1/3
f 344/1/3 305/1/3 303/1/3
f 345/1/3 346/1/3 307/1/3
f 345/1/3 307/1/3 305/1/3
f 346/1/3 347/1/3 309/1/3
f 346/1/3 309/1/3 307/1/3
f 347/1/3 348/1/3 311/1/3
f 347/1/3 311/1/3 309/1/3
f 348/1/3 349/1/3 313/1/3
f 348/1/3 313/1/3 311/1/3
f 349/1/3 350/1/3 315/1/3
f 349/1/3 315/1/3 313/1/3
f 350/1/3 351/1/3 317/1/3
f 350/1/3 317/1/3 315/1/3
f 351/1/3 352/1/3 319/1/3
f 351/1/3 319/1/3 317/1/3
f 352/1/3 322/1/3 257/1/3
f 352/1/3 257/1/3 319/1/3
usemtl mat_3
f 353/1/3 354/1/3 355/1/3
f 355/1/3 356/1/3 357/1/3
f 357/1/3 358/1/3 353/1/3
f 355/1/3 357/1/3 353/1/3
f 359/1/4 360/1/4 361/1/4
f 361/1/4 362/1/4 363/1/4
f 363/1/4 364/1/4 359/1/4
f 361/1/4 363/1/4 359/1/4
f 353/1/163 358/1/163 361/1/163
f 353/1/163 361/1/163 360/1/163
f 358/1/5 357/1/5 362/1/5
f 358/1/5 362/1/5 361/1/5
f 357/1/164 356/1/164 363/1/164
f 357/1/164 363/1/164 362/1/164
f 356/1/165 355/1/165 364/1/165
f 356/1/165 364/1/165 363/1/165
f 355/1/6 354/1/6 359/1/6
f 355/1/6 359/1/6 364/1/6
f 354/1/166 353/1/166 360/1/166
f 354/1/166 360/1/166 359/1/166
f 365/1/3 366/1/3 367/1/3
f 367/1/3 368/1/3 369/1/3
f 369/1/3 370/1/3 365/1/3
f 367/1/3 369/1/3 365/1/3
f 371/1/4 372/1/4 373/1/4
f 373/1/4 374/1/4 375/1/4
f 375/1/4 376/1/4 371/1/4
f 373/1/4 375/1/4 371/1/4
f 365/1/163 370/1/163 373/1/163
f 365/1/163 373/1/163 372/1/163
f 370/1/5 369/1/5 374/1/5
f 370/1/5 374/1/5 373/1/5
f 369/1/164 368/1/164 375/1/164
f 369/1/164 375/1/164 374/1/164
f 368/1/165 367/1/165 376/1/165
f 368/1/165 376/1/165 375/1/165
f 367/1/6 366/1/6 371/1/6
f 367/1/6 371/1/6 376/1/6
f 366/1/166 365/1/166 372/1/166
f 366/1/166 372/1/166 371/1/166
f 377/1/3 378/1/3 379/1/3
f 379/1/3 380/1/3 381/1/3
f 381/1/3 382/1/3 377/1/3
f 379/1/3 381/1/3 377/1/3
f 383/1/4 384/1/4 385/1/4
f 385/1/4 386/1/4 387/1/4
f 387/1/4 388/1/4 383/1/4
f 385/1/4 387/1/4 383/1/4
f 377/1/163 382/1/163 385/1/163
f 377/1/163 385/1/163 384/1/163
f 382/1/5 381/1/5 386/1/5
f 382/1/5 386/1/5 385/1/5
f 381/1/164 380/1/164 387/1/164
f 381/1/164 387/1/164 386/1/164
f 380/1/165 379/1/165 388/1/165
f 380/1/165 388/1/165 387/1/165
f 379/1/6 378/1/6 383/1/6
f 379/1/6 383/1/6 388/1/6
f 378/1/166 377/1/166 384/1/166
f 378/1/166 384/1/166 383/1/166
f 389/1/3 390/1/3 391/1/3
f 391/1/3 392/1/3 393/1/3
f 393/1/3 394/1/3 389/1/3
f 391/1/3 393/1/3 389/1/3
f 395/1/4 396/1/4 397/1/4
f 397/1/4 398/1/4 399/1/4
f 399/1/4 400/1/4 395/1/4
f 397/1/4 399/1/4 395/1/4
f 389/1/163 394/1/163 397/1/163
f 389/1/163 397/1/163 396/1/163
f 394/1/5 393/1/5 398/1/5
f 394/1/5 398/1/5 397/1/5
f 393/1/164 392/1/164 399/1/164
f 393/1/164 399/1/164 398/1/164
f 392/1/165 391/1/165 400/1/165
f 392/1/165 400/1/165 399/1/165
f 391/1/6 390/1/6 395/1/6
f 391/1/6 395/1/6 400/1/6
f 390/1/166 389/1/166 396/1/166
f 390/1/166 396/1/166 395/1/166
f 401/1/3 402/1/3 403/1/3
f 403/1/3 404/1/3 405/1/3
f 405/1/3 406/1/3 401/1/3
f 403/1/3 405/1/3 401/1/3
f 407/1/4 408/1/4 409/1/4
f 409/1/4 410/1/4 411/1/4
f 411/1/4 412/1/4 407/1/4
f 409/1/4 411/1/4 407/1/4
f 401/1/163 406/1/163 409/1/163
f 401/1/163 409/1/163 408/1/163
f 406/1/5 405/1/5 410/1/5
f 406/1/5 410/1/5 409/1/5
f 405/1/164 404/1/164 411/1/164
f 405/1/164 411/1/164 410/1/164
f 404/1/165 403/1/165 412/1/165
f 404/1/165 412/1/165 411/1/165
f 403/1/6 402/1/6 407/1/6
f 403/1/6 407/1/6 412/1/6
f 402/1/166 401/1/166 408/1/166
f 402/1/166 408/1/166 407/1/166
f 413/1/3 414/1/3 415/1/3
f 415/1/3 416/1/3 417/1/3
f 417/1/3 418/1/3 413/1/3
f 415/1/3 417/1/3 413/1/3
f 419/1/4 420/1/4 421/1/4
f 421/1/4 422/1/4 423/1/4
f 423/1/4 424/1/4 419/1/4
f 421/1/4 423/1/4 419/1/4
f 413/1/163 418/1/163 421/1/163
f 413/1/163 421/1/163 420/1/163
f 418/1/5 417/1/5 422/1/5
f 418/1/5 422/1/5 421/1/5
f 417/1/164 416/1/164 423/1/164
f 417/1/164 423/1/164 422/1/164
f 416/1/165 415/1/165 424/1/165
f 416/1/165 424/1/165 423/1/165
f 415/1/6 414/1/6 419/1/6
f 415/1/6 419/1/6 424/1/6
f 414/1/166 413/1/166 420/1/166
f 414/1/166 420/1/166 419/1/166
f 425/1/3 426/1/3 427/1/3
f 427/1/3 428/1/3 429/1/3
f 429/1/3 430/1/3 425/1/3
f 427/1/3 429/1/3 425/1/3
f 431/1/4 432/1/4 433/1/4
f 433/1/4 434/1/4 435/1/4
f 435/1/4 436/1/4 431/1/4
f 433/1/4 435/1/4 431/1/4
f 425/1/163 430/1/163 433/1/163
f 425/1/163 433/1/163 432/1/163
f 430/1/5 429/1/5 434/1/5
f 430/1/5 434/1/5 433/1/5
f 429/1/164 428/1/164 435/1/164
f 429/1/164 435/1/164 434/1/164
f 428/1/165 427/1/165 436/1/165
f 428/1/165 436/1/165 435/1/165
f 427/1/6 426/1/6 431/1/6
f 427/1/6 431/1/6 436/1/6
f 426/1/166 425/1/166 432/1/166
f 426/1/166 432/1/166 431/1/166
f 437/1/3 438/1/3 439/1/3
f 439/1/3 440/1/3 441/1/3
f 441/1/3 442/1/3 437/1/3
f 439/1/3 441/1/3 437/1/3
f 443/1/4 444/1/4 445/1/4
f 445/1/4 446/1/4 447/1/4
f 447/1/4 448/1/4 443/1/4
f 445/1/4 447/1/4 443/1/4
f 437/1/163 442/1/163 445/1/163
f 437/1/163 445/1/163 444/1/163
f 442/1/5 441/1/5 446/1/5
f 442/1/5 446/1/5 445/1/5
f 441/1/164 440/1/164 447/1/164
f 441/1/164 447/1/164 446/1/164
f 440/1/165 439/1/165 448/1/165
f 440/1/165 448/1/165 447/1/165
f 439/1/6 438/1/6 443/1/6
f 439/1/6 443/1/6 448/1/6
f 438/1/166 437/1/166 444/1/166
f 438/1/166 444/1/166 443/1/166
f 449/1/3 450/1/3 451/1/3
f 451/1/3 452/1/3 453/1/3
f 453/1/3 454/1/3 449/1/3
f 451/1/3 453/1/3 449/1/3
f 455/1/4 456/1/4 457/1/4
f 457/1/4 458/1/4 459/1/4
f 459/1/4 460/1/4 455/1/4
f 457/1/4 459/1/4 455/1/4
f 449/1/163 454/1/163 457/1/163
f 449/1/163 457/1/163 456/1/163
f 454/1/5 453/1/5 458/1/5
f 454/1/5 458/1/5 457/1/5
f 453/1/164 452/1/164 459/1/164
f 453/1/164 459/1/164 458/1/164
f 452/1/165 451/1/165 460/1/165
f 452/1/165 460/1/165 459/1/165
f 451/1/6 450/1/6 455/1/6
f 451/1/6 455/1/6 460/1/6
f 450/1/166 449/1/166 456/1/166
f 450/1/166 456/1/166 455/1/166
f 461/1/3 462/1/3 463/1/3
f 463/1/3 464/1/3 465/1/3
f 465/1/3 466/1/3 461/1/3
f 463/1/3 465/1/3 461/1/3
f 467/1/4 468/1/4 469/1/4
f 469/1/4 470/1/4 471/1/4
f 471/1/4 472/1/4 467/1/4
f 469/1/4 471/1/4 467/1/4
f 461/1/163 466/1/163 469/1/163
f 461/1/163 469/1/163 468/1/163
f 466/1/5 465/1/5 470/1/5
f 466/1/5 470/1/5 469/1/5
f 465/1/164 464/1/164 471/1/164
f 465/1/164 471/1/164 470/1/164
f 464/1/165 463/1/165 472/1/165
f 464/1/165 472/1/165 471/1/165
f 463/1/6 462/1/6 467/1/6
f 463/1/6 467/1/6 472/1/6
f 462/1/166 461/1/166 468/1/166
f 462/1/166 468/1/166 467/1/166
f 473/1/3 474/1/3 475/1/3
f 475/1/3 476/1/3 477/1/3
f 477/1/3 478/1/3 473/1/3
f 475/1/3 477/1/3 473/1/3
f 479/1/4 480/1/4 481/1/4
f 481/1/4 482/1/4 483/1/4
f 483/1/4 484/1/4 479/1/4
f 481/1/4 483/1/4 479/1/4
f 473/1/163 478/1/163 481/1/163
f 473/1/163 481/1/163 480/1/163
f 478/1/5 477/1/5 482/1/5
f 478/1/5 482/1/5 481/1/5
f 477/1/164 476/1/164 483/1/164
f 477/1/164 483/1/164 482/1/164
f 476/1/165 475/1/165 484/1/165
f 476/1/165 484/1/165 483/1/165
f 475/1/6 474/1/6 479/1/6
f 475/1/6 479/1/6 484/1/6
f 474/1/166 473/1/166 480/1/166
f 474/1/166 480/1/166 479/1/166
f 485/1/3 486/1/3 487/1/3
f 487/1/3 488/1/3 489/1/3
f 489/1/3 490/1/3 485/1/3
f 487/1/3 489/1/3 485/1/3
f 491/1/4 492/1/4 493/1/4
f 493/1/4 494/1/4 495/1/4
f 495/1/4 496/1/4 491/1/4
f 493/1/4 495/1/4 491/1/4
f 485/1/163 490/1/163 493/1/163
f 485/1/163 493/1/163 492/1/163
f 490/1/5 489/1/5 494/1/5
f 490/1/5 494/1/5 493/1/5
f 489/1/164 488/1/164 495/1/164
f 489/1/164 495/1/164 494/1/164
f 488/1/165 487/1/165 496/1/165
f 488/1/165 496/1/165 495/1/165
f 487/1/6 486/1/6 491/1/6
f 487/1/6 491/1/6 496/1/6
f 486/1/166 485/1/166 492/1/166
f 486/1/166 492/1/166 491/1/166
usemtl mat_1
f 497/1/67 498/1/67 499/1/67
f 497/1/67 499/1/67 500/1/67
f 498/1/68 501/1/68 502/1/68
f 498/1/68 502/1/68 499/1/68
f 501/1/69 503/1/69 504/1/69
f 501/1/69 504/1/69 502/1/69
f 503/1/70 505/1/70 506/1/70
f 503/1/70 506/1/70 504/1/70
f 505/1/71 507/1/71 508/1/71
f 505/1/71 508/1/71 506/1/71
f 507/1/72 509/1/72 510/1/72
f 507/1/72 510/1/72 508/1/72
f 509/1/73 511/1/73 512/1/73
f 509/1/73 512/1/73 510/1/73
f 511/1/74 513/1/74 514/1/74
f 511/1/74 514/1/74 512/1/74
f 513/1/75 515/1/75 516/1/75
f 513/1/75 516/1/75 514/1/75
f 515/1/76 517/1/76 518/1/76
f 515/1/76 518/1/76 516/1/76
f 517/1/77 519/1/77 520/1/77
f 517/1/77 520/1/77 518/1/77
f 519/1/78 521/1/78 522/1/78
f 519/1/78 522/1/78 520/1/78
f 521/1/79 523/1/79 524/1/79
f 521/1/79 524/1/79 522/1/79
f 523/1/80 525/1/80 526/1/80
f 523/1/80 526/1/80 524/1/80
f 525/1/81 527/1/81 528/1/81
f 525/1/81 528/1/81 526/1/81
f 527/1/82 529/1/82 530/1/82
f 527/1/82 530/1/82 528/1/82
f 529/1/83 531/1/83 532/1/83
f 529/1/83 532/1/83 530/1/83
f 531/1/84 533/1/84 534/1/84
f 531/1/84 534/1/84 532/1/84
f 533/1/85 535/1/85 536/1/85
f 533/1/85 536/1/85 534/1/85
f 535/1/86 537/1/86 538/1/86
f 535/1/86 538/1/86 536/1/86
f 537/1/87 539/1/87 540/1/87
f 537/1/87 540/1/87 538/1/87
f 539/1/88 541/1/88 542/1/88
f 539/1/88 542/1/88 540/1/88
f 541/1/89 543/1/89 544/1/89
f 541/1/89 544/1/89 542/1/89
f 543/1/90 545/1/90 546/1/90
f 543/1/90 546/1/90 544/1/90
f 545/1/91 547/1/91 548/1/91
f 545/1/91 548/1/91 546/1/91
f 547/1/92 549/1/92 550/1/92
f 547/1/92 550/1/92 548/1/92
f 549/1/93 551/1/93 552/1/93
f 549/1/93 552/1/93 550/1/93
f 551/1/94 553/1/94 554/1/94
f 551/1/94 554/1/94 552/1/94
f 553/1/95 555/1/95 556/1/95
f 553/1/95 556/1/95 554/1/95
f 555/1/96 557/1/96 558/1/96
f 555/1/96 558/1/96 556/1/96
f 557/1/97 559/1/97 560/1/97
f 557/1/97 560/1/97 558/1/97
f 559/1/98 497/1/98 500/1/98
f 559/1/98 500/1/98 560/1/98
f 500/1/4 499/1/4 561/1/4
f 500/1/4 561/1/4 562/1/4
f 499/1/4 502/1/4 563/1/4
f 499/1/4 563/1/4 561/1/4
f 502/1/4 504/1/4 564/1/4
f 502/1/4 564/1/4 563/1/4
f 504/1/4 506/1/4 565/1/4
f 504/1/4 565/1/4 564/1/4
f 506/1/4 508/1/4 566/1/4
f 506/1/4 566/1/4 565/1/4
f 508/1/4 510/1/4 567/1/4
f 508/1/4 567/1/4 566/1/4
f 510/1/4 512/1/4 568/1/4
f 510/1/4 568/1/4 567/1/4
f 512/1/4 514/1/4 569/1/4
f 512/1/4 569/1/4 568/1/4
f 514/1/4 516/1/4 570/1/4
f 514/1/4 570/1/4 569/1/4
f 516/1/4 518/1/4 571/1/4
f 516/1/4 571/1/4 570/1/4
f 518/1/4 520/1/4 572/1/4
f 518/1/4 572/1/4 571/1/4
f 520/1/4 522/1/4 573/1/4
f 520/1/4 573/1/4 572/1/4
f 522/1/4 524/1/4 574/1/4
f 522/1/4 574/1/4 573/1/4
f 524/1/4 526/1/4 575/1/4
f 524/1/4 575/1/4 574/1/4
f 526/1/4 528/1/4 576/1/4
f 526/1/4 576/1/4 575/1/4
f 528/1/4 530/1/4 577/1/4
f 528/1/4 577/1/4 576/1/4
f 530/1/4 532/1/4 578/1/4
f 530/1/4 578/1/4 577/1/4
f 532/1/4 534/1/4 579/1/4
f 532/1/4 579/1/4 578/1/4
f 534/1/4 536/1/4 580/1/4
f 534/1/4 580/1/4 579/1/4
f 536/1/4 538/1/4 581/1/4
f 536/1/4 581/1/4 580/1/4
f 538/1/4 540/1/4 582/1/4
f 538/1/4 582/1/4 581/1/4
f 540/1/4 542/1/4 583/1/4
f 540/1/4 583/1/4 582/1/4
f 542/1/4 544/1/4 584/1/4
f 542/1/4 584/1/4 583/1/4
f 544/1/4 546/1/4 585/1/4
f 544/1/4 585/1/4 584/1/4
f 546/1/4 548/1/4 586/1/4
f 546/1/4 586/1/4 585/1/4
f 548/1/4 550/1/4 587/1/4
f 548/1/4 587/1/4 586/1/4
f 550/1/4 552/1/4 588/1/4
f 550/1/4 588/1/4 587/1/4
f 552/1/4 554/1/4 589/1/4
f 552/1/4 589/1/4 588/1/4
f 554/1/4 556/1/4 590/1/4
f 554/1/4 590/1/4 589/1/4
f 556/1/4 558/1/4 591/1/4
f 556/1/4 591/1/4 590/1/4
f 558/1/4 560/1/4 592/1/4
f 558/1/4 592/1/4 591/1/4
f 560/1/4 500/1/4 562/1/4
f 560/1/4 562/1/4 592/1/4
f 562/1/99 561/1/99 593/1/99
f 562/1/99 593/1/99 594/1/99
f 561/1/100 563/1/100 595/1/100
f 561/1/100 595/1/100 593/1/100
f 563/1/101 564/1/101 596/1/101
f 563/1/101 596/1/101 595/1/101
f 564/1/102 565/1/102 597/1/102
f 564/1/102 597/1/102 596/1/102
f 565/1/103 566/1/103 598/1/103
f 565/1/103 598/1/103 597/1/103
f 566/1/104 567/1/104 599/1/104
f 566/1/104 599/1/104 598/1/104
f 567/1/105 568/1/105 600/1/105
f 567/1/105 600/1/105 599/1/105
f 568/1/106 569/1/106 601/1/106
f 568/1/106 601/1/106 600/1/106
f 569/1/107 570/1/107 602/1/107
f 569/1/107 602/1/107 601/1/107
f 570/1/108 571/1/108 603/1/108
f 570/1/108 603/1/108 602/1/108
f 571/1/109 572/1/109 604/1/109
f 571/1/109 604/1/109 603/1/109
f 572/1/110 573/1/110 605/1/110
f 572/1/110 605/1/110 604/1/110
f 573/1/111 574/1/111 606/1/111
f 573/1/111 606/1/111 605/1/111
f 574/1/112 575/1/112 607/1/112
f 574/1/112 607/1/112 606/1/112
f 575/1/113 576/1/113 608/1/113
f 575/1/113 608/1/113 607/1/113
f 576/1/114 577/1/114 609/1/114
f 576/1/114 609/1/114 608/1/114
f 577/1/115 578/1/115 610/1/115
f 577/1/115 610/1/115 609/1/115
f 578/1/116 579/1/116 611/1/116
f 578/1/116 611/1/116 610/1/116
f 579/1/117 580/1/117 612/1/117
f 579/1/117 612/1/117 611/1/117
f 580/1/118 581/1/118 613/1/118
f 580/1/118 613/1/118 612/1/118
f 581/1/119 582/1/119 614/1/119
f 581/1/119 614/1/119 613/1/119
f 582/1/120 583/1/120 615/1/120
f 582/1/120 615/1/120 614/1/120
f 583/1/121 584/1/121 616/1/121
f 583/1/121 616/1/121 615/1/121
f 584/1/122 585/1/122 617/1/122
f 584/1/122 617/1/122 616/1/122
f 585/1/123 586/1/123 618/1/123
f 585/1/123 618/1/123 617/1/123
f 586/1/124 587/1/124 619/1/124
f 586/1/124 619/1/124 618/1/124
f 587/1/125 588/1/125 620/1/125
f 587/1/125 620/1/125 619/1/125
f 588/1/126 589/1/126 621/1/126
f 588/1/126 621/1/126 620/1/126
f 589/1/127 590/1/127 622/1/127
f 589/1/127 622/1/127 621/1/127
f 590/1/128 591/1/128 623/1/128
f 590/1/128 623/1/128 622/1/128
f 591/1/129 592/1/129 624/1/129
f 591/1/129 624/1/129 623/1/129
f 592/1/130 562/1/130 594/1/130
f 592/1/130 594/1/130 624/1/130
f 594/1/3 593/1/3 498/1/3
f 594/1/3 498/1/3 497/1/3
f 593/1/3 595/1/3 501/1/3
f 593/1/3 501/1/3 498/1/3
f 595/1/3 596/1/3 503/1/3
f 595/1/3 503/1/3 501/1/3
f 596/1/3 597/1/3 505/1/3
f 596/1/3 505/1/3 503/1/3
f 597/1/3 598/1/3 507/1/3
f 597/1/3 507/1/3 505/1/3
f 598/1/3 599/1/3 509/1/3
f 598/1/3 509/1/3 507/1/3
f 599/1/3 600/1/3 511/1/3
f 599/1/3 511/1/3 509/1/3
f 600/1/3 601/1/3 513/1/3
f 600/1/3 513/1/3 511/1/3
f 601/1/3 602/1/3 515/1/3
f 601/1/3 515/1/3 513/1/3
f 602/1/3 603/1/3 517/1/3
f 602/1/3 517/1/3 515/1/3
f 603/1/3 604/1/3 519/1/3
f 603/1/3 519/1/3 517/1/3
f 604/1/3 605/1/3 521/1/3
f 604/1/3 521/1/3 519/1/3
f 605/1/3 606/1/3 523/1/3
f 605/1/3 523/1/3 521/1/3
f 606/1/3 607/1/3 525/1/3
f 606/1/3 525/1/3 523/1/3
f 607/1/3 608/1/3 527/1/3
f 607/1/3 527/1/3 525/1/3
f 608/1/3 609/1/3 529/1/3
f 608/1/3 529/1/3 527/1/3
f 609/1/3 610/1/3 531/1/3
f 609/1/3 531/1/3 529/1/3
f 610/1/3 611/1/3 533/1/3
f 610/1/3 533/1/3 531/1/3
f 611/1/3 612/1/3 535/1/3
f 611/1/3 535/1/3 533/1/3
f 612/1/3 613/1/3 537/1/3
f 612/1/3 537/1/3 535/1/3
f 613/1/3 614/1/3 539/1/3
f 613/1/3 539/1/3 537/1/3
f 614/1/3 615/1/3 541/1/3
f 614/1/3 541/1/3 539/1/3
f 615/1/3 616/1/3 543/1/3
f 615/1/3 543/1/3 541/1/3
f 616/1/3 617/1/3 545/1/3
f 616/1/3 545/1/3 543/1/3
f 617/1/3 618/1/3 547/1/3
f 617/1/3 547/1/3 545/1/3
f 618/1/3 619/1/3 549/1/3
f 618/1/3 549/1/3 547/1/3
f 619/1/3 620/1/3 551/1/3
f 619/1/3 551/1/3 549/1/3
f 620/1/3 621/1/3 553/1/3
f 620/1/3 553/1/3 551/1/3
f 621/1/3 622/1/3 555/1/3
f 621/1/3 555/1/3 553/1/3
f 622/1/3 623/1/3 557/1/3
f 622/1/3 557/1/3 555/1/3
f 623/1/3 624/1/3 559/1/3
f 623/1/3 559/1/3 557/1/3
f 624/1/3 594/1/3 497/1/3
f 624/1/3 497/1/3 559/1/3
usemtl mat_2
f 625/1/131 626/1/131 627/1/131
f 625/1/131 627/1/131 628/1/131
f 626/1/132 629/1/132 630/1/132
f 626/1/132 630/1/132 627/1/132
f 629/1/133 631/1/133 632/1/133
f 629/1/133 632/1/133 630/1/133
f 631/1/134 633/1/134 634/1/134
f 631/1/134 634/1/134 632/1/134
f 633/1/135 635/1/135 636/1/135
f 633/1/135 636/1/135 634/1/135
f 635/1/136 637/1/136 638/1/136
f 635/1/136 638/1/136 636/1/136
f 637/1/137 639/1/137 640/1/137
f 637/1/137 640/1/137 638/1/137
f 639/1/138 641/1/138 642/1/138
f 639/1/138 642/1/138 640/1/138
f 641/1/139 643/1/139 644/1/139
f 641/1/139 644/1/139 642/1/139
f 643/1/140 645/1/140 646/1/140
f 643/1/140 646/1/140 644/1/140
f 645/1/141 647/1/141 648/1/141
f 645/1/141 648/1/141 646/1/141
f 647/1/142 649/1/142 650/1/142
f 647/1/142 650/1/142 648/1/142
f 649/1/143 651/1/143 652/1/143
f 649/1/143 652/1/143 650/1/143
f 651/1/144 653/1/144 654/1/144
f 651/1/144 654/1/144 652/1/144
f 653/1/145 655/1/145 656/1/145
f 653/1/145 656/1/145 654/1/145
f 655/1/146 657/1/146 658/1/146
f 655/1/146 658/1/146 656/1/146
f 657/1/147 659/1/147 660/1/147
f 657/1/147 660/1/147 658/1/147
f 659/1/148 661/1/148 662/1/148
f 659/1/148 662/1/148 660/1/148
f 661/1/149 663/1/149 664/1/149
f 661/1/149 664/1/149 662/1/149
f 663/1/150 665/1/150 666/1/150
f 663/1/150 666/1/150 664/1/150
f 665/1/151 667/1/151 668/1/151
f 665/1/151 668/1/151 666/1/151
f 667/1/152 669/1/152 670/1/152
f 667/1/152 670/1/152 668/1/152
f 669/1/153 671/1/153 672/1/153
f 669/1/153 672/1/153 670/1/153
f 671/1/154 673/1/154 674/1/154
f 671/1/154 674/1/154 672/1/154
f 673/1/155 675/1/155 676/1/155
f 673/1/155 676/1/155 674/1/155
f 675/1/156 677/1/156 678/1/156
f 675/1/156 678/1/156 676/1/156
f 677/1/157 679/1/157 680/1/157
f 677/1/157 680/1/157 678/1/157
f 679/1/158 681/1/158 682/1/158
f 679/1/158 682/1/158 680/1/158
f 681/1/159 683/1/159 684/1/159
f 681/1/159 684/1/159 682/1/159
f 683/1/160 685/1/160 686/1/160
f 683/1/160 686/1/160 684/1/160
f 685/1/161 687/1/161 688/1/161
f 685/1/161 688/1/161 686/1/161
f 687/1/162 625/1/162 628/1/162
f 687/1/162 628/1/162 688/1/162
f 628/1/4 627/1/4 593/1/4
f 628/1/4 593/1/4 594/1/4
f 627/1/4 630/1/4 595/1/4
f 627/1/4 595/1/4 593/1/4
f 630/1/4 632/1/4 596/1/4
f 630/1/4 596/1/4 595/1/4
f 632/1/4 634/1/4 597/1/4
f 632/1/4 597/1/4 596/1/4
f 634/1/4 636/1/4 598/1/4
f 634/1/4 598/1/4 597/1/4
f 636/1/4 638/1/4 599/1/4
f 636/1/4 599/1/4 598/1/4
f 638/1/4 640/1/4 600/1/4
f 638/1/4 600/1/4 599/1/4
f 640/1/4 642/1/4 601/1/4
f 640/1/4 601/1/4 600/1/4
f 642/1/4 644/1/4 602/1/4
f 642/1/4 602/1/4 601/1/4
f 644/1/4 646/1/4 603/1/4
f 644/1/4 603/1/4 602/1/4
f 646/1/4 648/1/4 604/1/4
f 646/1/4 604/1/4 603/1/4
f 648/1/4 650/1/4 605/1/4
f 648/1/4 605/1/4 604/1/4
f 650/1/4 652/1/4 606/1/4
f 650/1/4 606/1/4 605/1/4
f 652/1/4 654/1/4 607/1/4
f 652/1/4 607/1/4 606/1/4
f 654/1/4 656/1/4 608/1/4
f 654/1/4 608/1/4 607/1/4
f 656/1/4 658/1/4 609/1/4
f 656/1/4 609/1/4 608/1/4
f 658/1/4 660/1/4 610/1/4
f 658/1/4 610/1/4 609/1/4
f 660/1/4 662/1/4 611/1/4
f 660/1/4 611/1/4 610/1/4
f 662/1/4 664/1/4 612/1/4
f 662/1/4 612/1/4 611/1/4
f 664/1/4 666/1/4 613/1/4
f 664/1/4 613/1/4 612/1/4
f 666/1/4 668/1/4 614/1/4
f 666/1/4 614/1/4 613/1/4
f 668/1/4 670/1/4 615/1/4
f 668/1/4 615/1/4 614/1/4
f 670/1/4 672/1/4 616/1/4
f 670/1/4 616/1/4 615/1/4
f 672/1/4 674/1/4 617/1/4
f 672/1/4 617/1/4 616/1/4
f 674/1/4 676/1/4 618/1/4
f 674/1/4 618/1/4 617/1/4
f 676/1/4 678/1/4 619/1/4
f 676/1/4 619/1/4 618/1/4
f 678/1/4 680/1/4 620/1/4
f 678/1/4 620/1/4 619/1/4
f 680/1/4 682/1/4 621/1/4
f 680/1/4 621/1/4 620/1/4
f 682/1/4 684/1/4 622/1/4
f 682/1/4 622/1/4 621/1/4
f 684/1/4 686/1/4 623/1/4
f 684/1/4 623/1/4 622/1/4
f 686/1/4 688/1/4 624/1/4
f 686/1/4 624/1/4 623/1/4
f 688/1/4 628/1/4 594/1/4
f 688/1/4 594/1/4 624/1/4
f 594/1/99 593/1/99 689/1/99
f 594/1/99 689/1/99 690/1/99
f 593/1/100 595/1/100 691/1/100
f 593/1/100 691/1/100 689/1/100
f 595/1/101 596/1/101 692/1/101
f 595/1/101 692/1/101 691/1/101
f 596/1/102 597/1/102 693/1/102
f 596/1/102 693/1/102 692/1/102
f 597/1/103 598/1/103 694/1/103
f 597/1/103 694/1/103 693/1/103
f 598/1/104 599/1/104 695/1/104
f 598/1/104 695/1/104 694/1/104
f 599/1/105 600/1/105 696/1/105
f 599/1/105 696/1/105 695/1/105
f 600/1/106 601/1/106 697/1/106
f 600/1/106 697/1/106 696/1/106
f 601/1/107 602/1/107 698/1/107
f 601/1/107 698/1/107 697/1/107
f 602/1/108 603/1/108 699/1/108
f 602/1/108 699/1/108 698/1/108
f 603/1/109 604/1/109 700/1/109
f 603/1/109 700/1/109 699/1/109
f 604/1/110 605/1/110 701/1/110
f 604/1/110 701/1/110 700/1/110
f 605/1/111 606/1/111 702/1/111
f 605/1/111 702/1/111 701/1/111
f 606/1/112 607/1/112 703/1/112
f 606/1/112 703/1/112 702/1/112
f 607/1/113 608/1/113 704/1/113
f 607/1/113 704/1/113 703/1/113
f 608/1/114 609/1/114 705/1/114
f 608/1/114 705/1/114 704/1/114
f 609/1/115 610/1/115 706/1/115
f 609/1/115 706/1/115 705/1/115
f 610/1/116 611/1/116 707/1/116
f 610/1/116 707/1/116 706/1/116
f 611/1/117 612/1/117 708/1/117
f 611/1/117 708/1/117 707/1/117
f 612/1/118 613/1/118 709/1/118
f 612/1/118 709/1/118 708/1/118
f 613/1/119 614/1/119 710/1/119
f 613/1/119 710/1/119 709/1/119
f 614/1/120 615/1/120 711/1/120
f 614/1/120 711/1/120 710/1/120
f 615/1/121 616/1/121 712/1/121
f 615/1/121 712/1/121 711/1/121
f 616/1/122 617/1/122 713/1/122
f 616/1/122 713/1/122 712/1/122
f 617/1/123 618/1/123 714/1/123
f 617/1/123 714/1/123 713/1/123
f 618/1/124 619/1/124 715/1/124
f 618/1/124 715/1/124 714/1/124
f 619/1/125 620/1/125 716/1/125
f 619/1/125 716/1/125 715/1/125
f 620/1/126 621/1/126 717/1/126
f 620/1/126 717/1/126 716/1/126
f 621/1/127 622/1/127 718/1/127
f 621/1/127 718/1/127 717/1/127
f 622/1/128 623/1/128 719/1/128
f 622/1/128 719/1/128 718/1/128
f 623/1/129 624/1/129 720/1/129
f 623/1/129 720/1/129 719/1/129
f 624/1/130 594/1/130 690/1/130
f 624/1/130 690/1/130 720/1/130
f 690/1/3 689/1/3 626/1/3
f 690/1/3 626/1/3 625/1/3
f 689/1/3 691/1/3 629/1/3
f 689/1/3 629/1/3 626/1/3
f 691/1/3 692/1/3 631/1/3
f 691/1/3 631/1/3 629/1/3
f 692/1/3 693/1/3 633/1/3
f 692/1/3 633/1/3 631/1/3
f 693/1/3 694/1/3 635/1/3
f 693/1/3 635/1/3 633/1/3
f 694/1/3 695/1/3 637/1/3
f 694/1/3 637/1/3 635/1/3
f 695/1/3 696/1/3 639/1/3
f 695/1/3 639/1/3 637/1/3
f 696/1/3 697/1/3 641/1/3
f 696/1/3 641/1/3 639/1/3
f 697/1/3 698/1/3 643/1/3
f 697/1/3 643/1/3 641/1/3
f 698/1/3 699/1/3 645/1/3
f 698/1/3 645/1/3 643/1/3
f 699/1/3 700/1/3 647/1/3
f 699/1/3 647/1/3 645/1/3
f 700/1/3 701/1/3 649/1/3
f 700/1/3 649/1/3 647/1/3
f 701/1/3 702/1/3 651/1/3
f 701/1/3 651/1/3 649/1/3
f 702/1/3 703/1/3 653/1/3
f 702/1/3 653/1/3 651/1/3
f 703/1/3 704/1/3 655/1/3
f 703/1/3 655/1/3 653/1/3
f 704/1/3 705/1/3 657/1/3
f 704/1/3 657/1/3 655/1/3
f 705/1/3 706/1/3 659/1/3
f 705/1/3 659/1/3 657/1/3
f 706/1/3 707/1/3 661/1/3
f 706/1/3 661/1/3 659/1/3
f 707/1/3 708/1/3 663/1/3
f 707/1/3 663/1/3 661/1/3
f 708/1/3 709/1/3 665/1/3
f 708/1/3 665/1/3 663/1/3
f 709/1/3 710/1/3 667/1/3
f 709/1/3 667/1/3 665/1/3
f 710/1/3 711/1/3 669/1/3
f 710/1/3 669/1/3 667/1/3
f 711/1/3 712/1/3 671/1/3
f 711/1/3 671/1/3 669/1/3
f 712/1/3 713/1/3 673/1/3
f 712/1/3 673/1/3 671/1/3
f 713/1/3 714/1/3 675/1/3
f 713/1/3 675/1/3 673/1/3
f 714/1/3 715/1/3 677/1/3
f 714/1/3 677/1/3 675/1/3
f 715/1/3 716/1/3 679/1/3
f 715/1/3 679/1/3 677/1/3
f 716/1/3 717/1/3 681/1/3
f 716/1/3 681/1/3 679/1/3
f 717/1/3 718/1/3 683/1/3
f 717/1/3 683/1/3 681/1/3
f 718/1/3 719/1/3 685/1/3
f 718/1/3 685/1/3 683/1/3
f 719/1/3 720/1/3 687/1/3
f 719/1/3 687/1/3 685/1/3
f 720/1/3 690/1/3 625/1/3
f 720/1/3 625/1/3 687/1/3
usemtl mat_3
f 721/1/3 722/1/3 723/1/3
f 723/1/3 724/1/3 725/1/3
f 725/1/3 726/1/3 721/1/3
f 723/1/3 725/1/3 721/1/3
f 727/1/4 728/1/4 729/1/4
f 729/1/4 730/1/4 731/1/4
f 731/1/4 732/1/4 727/1/4
f 729/1/4 731/1/4 727/1/4
f 721/1/163 726/1/163 729/1/163
f 721/1/163 729/1/163 728/1/163
f 726/1/5 725/1/5 730/1/5
f 726/1/5 730/1/5 729/1/5
f 725/1/164 724/1/164 731/1/164
f 725/1/164 731/1/164 730/1/164
f 724/1/165 723/1/165 732/1/165
f 724/1/165 732/1/165 731/1/165
f 723/1/6 722/1/6 727/1/6
f 723/1/6 727/1/6 732/1/6
f 722/1/166 721/1/166 728/1/166
f 722/1/166 728/1/166 727/1/166
f 733/1/3 734/1/3 735/1/3
f 735/1/3 736/1/3 737/1/3
f 737/1/3 738/1/3 733/1/3
f 735/1/3 737/1/3 733/1/3
f 739/1/4 740/1/4 741/1/4
f 741/1/4 742/1/4 743/1/4
f 743/1/4 744/1/4 739/1/4
f 741/1/4 743/1/4 739/1/4
f 733/1/163 738/1/163 741/1/163
f 733/1/163 741/1/163 740/1/163
f 738/1/5 737/1/5 742/1/5
f 738/1/5 742/1/5 741/1/5
f 737/1/164 736/1/164 743/1/164
f 737/1/164 743/1/164 742/1/164
f 736/1/165 735/1/165 744/1/165
f 736/1/165 744/1/165 743/1/165
f 735/1/6 734/1/6 739/1/6
f 735/1/6 739/1/6 744/1/6
f 734/1/166 733/1/166 740/1/166
f 734/1/166 740/1/166 739/1/166
f 745/1/3 746/1/3 747/1/3
f 747/1/3 748/1/3 749/1/3
f 749/1/3 750/1/3 745/1/3
f 747/1/3 749/1/3 745/1/3
f 751/1/4 752/1/4 753/1/4
f 753/1/4 754/1/4 755/1/4
f 755/1/4 756/1/4 751/1/4
f 753/1/4 755/1/4 751/1/4
f 745/1/163 750/1/163 753/1/163
f 745/1/163 753/1/163 752/1/163
f 750/1/5 749/1/5 754/1/5
f 750/1/5 754/1/5 753/1/5
f 749/1/164 748/1/164 755/1/164
f 749/1/164 755/1/164 754/1/164
f 748/1/165 747/1/165 756/1/165
f 748/1/165 756/1/165 755/1/165
f 747/1/6 746/1/6 751/1/6
f 747/1/6 751/1/6 756/1/6
f 746/1/166 745/1/166 752/1/166
f 746/1/166 752/1/166 751/1/166
f 757/1/3 758/1/3 759/1/3
f 759/1/3 760/1/3 761/1/3
f 761/1/3 762/1/3 757/1/3
f 759/1/3 761/1/3 757/1/3
f 763/1/4 764/1/4 765/1/4
f 765/1/4 766/1/4 767/1/4
f 767/1/4 768/1/4 763/1/4
f 765/1/4 767/1/4 763/1/4
f 757/1/163 762/1/163 765/1/163
f 757/1/163 765/1/163 764/1/163
f 762/1/5 761/1/5 766/1/5
f 762/1/5 766/1/5 765/1/5
f 761/1/164 760/1/164 767/1/164
f 761/1/164 767/1/164 766/1/164
f 760/1/165 759/1/165 768/1/165
f 760/1/165 768/1/165 767/1/165
f 759/1/6 758/1/6 763/1/6
f 759/1/6 763/1/6 768/1/6
f 758/1/166 757/1/166 764/1/166
f 758/1/166 764/1/166 763/1/166
f 769/1/3 770/1/3 771/1/3
f 771/1/3 772/1/3 773/1/3
f 773/1/3 774/1/3 769/1/3
f 771/1/3 773/1/3 769/1/3
f 775/1/4 776/1/4 777/1/4
f 777/1/4 778/1/4 779/1/4
f 779/1/4 780/1/4 775/1/4
f 777/1/4 779/1/4 775/1/4
f 769/1/163 774/1/163 777/1/163
f 769/1/163 777/1/163 776/1/163
f 774/1/5 773/1/5 778/1/5
f 774/1/5 778/1/5 777/1/5
f 773/1/164 772/1/164 779/1/164
f 773/1/164 779/1/164 778/1/164
f 772/1/165 771/1/165 780/1/165
f 772/1/165 780/1/165 779/1/165
f 771/1/6 770/1/6 775/1/6
f 771/1/6 775/1/6 780/1/6
f 770/1/166 769/1/166 776/1/166
f 770/1/166 776/1/166 775/1/166
f 781/1/3 782/1/3 783/1/3
f 783/1/3 784/1/3 785/1/3
f 785/1/3 786/1/3 781/1/3
f 783/1/3 785/1/3 781/1/3
f 787/1/4 788/1/4 789/1/4
f 789/1/4 790/1/4 791/1/4
f 791/1/4 792/1/4 787/1/4
f 789/1/4 791/1/4 787/1/4
f 781/1/163 786/1/163 789/1/163
f 781/1/163 789/1/163 788/1/163
f 786/1/5 785/1/5 790/1/5
f 786/1/5 790/1/5 789/1/5
f 785/1/164 784/1/164 791/1/164
f 785/1/164 791/1/164 790/1/164
f 784/1/165 783/1/165 792/1/165
f 784/1/165 792/1/165 791/1/165
f 783/1/6 782/1/6 787/1/6
f 783/1/6 787/1/6 792/1/6
f 782/1/166 781/1/166 788/1/166
f 782/1/166 788/1/166 787/1/166
f 793/1/3 794/1/3 795/1/3
f 795/1/3 796/1/3 797/1/3
f 797/1/3 798/1/3 793/1/3
f 795/1/3 797/1/3 793/1/3
f 799/1/4 800/1/4 801/1/4
f 801/1/4 802/1/4 803/1/4
f 803/1/4 804/1/4 799/1/4
f 801/1/4 803/1/4 799/1/4
f 793/1/163 798/1/163 801/1/163
f 793/1/163 801/1/163 800/1/163
f 798/1/5 797/1/5 802/1/5
f 798/1/5 802/1/5 801/1/5
f 797/1/164 796/1/164 803/1/164
f 797/1/164 803/1/164 802/1/164
f 796/1/165 795/1/165 804/1/165
f 796/1/165 804/1/165 803/1/165
f 795/1/6 794/1/6 799/1/6
f 795/1/6 799/1/6 804/1/6
f 794/1/166 793/1/166 800/1/166
f 794/1/166 800/1/166 799/1/166
f 805/1/3 806/1/3 807/1/3
f 807/1/3 808/1/3 809/1/3
f 809/1/3 810/1/3 805/1/3
f 807/1/3 809/1/3 805/1/3
f 811/1/4 812/1/4 813/1/4
f 813/1/4 814/1/4 815/1/4
f 815/1/4 816/1/4 811/1/4
f 813/1/4 815/1/4 811/1/4
f 805/1/163 810/1/163 813/1/163
f 805/1/163 813/1/163 812/1/163
f 810/1/5 809/1/5 814/1/5
f 810/1/5 814/1/5 813/1/5
f 809/1/164 808/1/164 815/1/164
f 809/1/164 815/1/164 814/1/164
f 808/1/165 807/1/165 816/1/165
f 808/1/165 816/1/165 815/1/165
f 807/1/6 806/1/6 811/1/6
f 807/1/6 811/1/6 816/1/6
f 806/1/166 805/1/166 812/1/166
f 806/1/166 812/1/166 811/1/166
f 817/1/3 818/1/3 819/1/3
f 819/1/3 820/1/3 821/1/3
f 821/1/3 822/1/3 817/1/3
f 819/1/3 821/1/3 817/1/3
f 823/1/4 824/1/4 825/1/4
f 825/1/4 826/1/4 827/1/4
f 827/1/4 828/1/4 823/1/4
f 825/1/4 827/1/4 823/1/4
f 817/1/163 822/1/163 825/1/163
f 817/1/163 825/1/163 824/1/163
f 822/1/5 821/1/5 826/1/5
f 822/1/5 826/1/5 825/1/5
f 821/1/164 820/1/164 827/1/164
f 821/1/164 827/1/164 826/1/164
f 820/1/165 819/1/165 828/1/165
f 820/1/165 828/1/165 827/1/165
f 819/1/6 818/1/6 823/1/6
f 819/1/6 823/1/6 828/1/6
f 818/1/166 817/1/166 824/1/166
f 818/1/166 824/1/166 823/1/166
f 829/1/3 830/1/3 831/1/3
f 831/1/3 832/1/3 833/1/3
f 833/1/3 834/1/3 829/1/3
f 831/1/3 833/1/3 829/1/3
f 835/1/4 836/1/4 837/1/4
f 837/1/4 838/1/4 839/1/4
f 839/1/4 840/1/4 835/1/4
f 837/1/4 839/1/4 835/1/4
f 829/1/163 834/1/163 837/1/163
f 829/1/163 837/1/163 836/1/163
f 834/1/5 833/1/5 838/1/5
f 834/1/5 838/1/5 837/1/5
f 833/1/164 832/1/164 839/1/164
f 833/1/164 839/1/164 838/1/164
f 832/1/165 831/1/165 840/1/165
f 832/1/165 840/1/165 839/1/165
f 831/1/6 830/1/6 835/1/6
f 831/1/6 835/1/6 840/1/6
f 830/1/166 829/1/166 836/1/166
f 830/1/166 836/1/166 835/1/166
f 841/1/3 842/1/3 843/1/3
f 843/1/3 844/1/3 845/1/3
f 845/1/3 846/1/3 841/1/3
f 843/1/3 845/1/3 841/1/3
f 847/1/4 848/1/4 849/1/4
f 849/1/4 850/1/4 851/1/4
f 851/1/4 852/1/4 847/1/4
f 849/1/4 851/1/4 847/1/4
f 841/1/163 846/1/163 849/1/163
f 841/1/163 849/1/163 848/1/163
f 846/1/5 845/1/5 850/1/5
f 846/1/5 850/1/5 849/1/5
f 845/1/164 844/1/164 851/1/164
f 845/1/164 851/1/164 850/1/164
f 844/1/165 843/1/165 852/1/165
f 844/1/165 852/1/165 851/1/165
f 843/1/6 842/1/6 847/1/6
f 843/1/6 847/1/6 852/1/6
f 842/1/166 841/1/166 848/1/166
f 842/1/166 848/1/166 847/1/166
f 853/1/3 854/1/3 855/1/3
f 855/1/3 856/1/3 857/1/3
f 857/1/3 858/1/3 853/1/3
f 855/1/3 857/1/3 853/1/3
f 859/1/4 860/1/4 861/1/4
f 861/1/4 862/1/4 863/1/4
f 863/1/4 864/1/4 859/1/4
f 861/1/4 863/1/4 859/1/4
f 853/1/163 858/1/163 861/1/163
f 853/1/163 861/1/163 860/1/163
f 858/1/5 857/1/5 862/1/5
f 858/1/5 862/1/5 861/1/5
f 857/1/164 856/1/164 863/1/164
f 857/1/164 863/1/164 862/1/164
f 856/1/165 855/1/165 864/1/165
f 856/1/165 864/1/165 863/1/165
f 855/1/6 854/1/6 859/1/6
f 855/1/6 859/1/6 864/1/6
f 854/1/166 853/1/166 860/1/166
f 854/1/166 860/1/166 859/1/166
usemtl mat_1
f 865/1/67 866/1/67 867/1/67
f 865/1/67 867/1/67 868/1/67
f 866/1/68 869/1/68 870/1/68
f 866/1/68 870/1/68 867/1/68
f 869/1/69 871/1/69 872/1/69
f 869/1/69 872/1/69 870/1/69
f 871/1/70 873/1/70 874/1/70
f 871/1/70 874/1/70 872/1/70
f 873/1/71 875/1/71 876/1/71
f 873/1/71 876/1/71 874/1/71
f 875/1/72 877/1/72 878/1/72
f 875/1/72 878/1/72 876/1/72
f 877/1/73 879/1/73 880/1/73
f 877/1/73 880/1/73 878/1/73
f 879/1/74 881/1/74 882/1/74
f 879/1/74 882/1/74 880/1/74
f 881/1/75 883/1/75 884/1/75
f 881/1/75 884/1/75 882/1/75
f 883/1/76 885/1/76 886/1/76
f 883/1/76 886/1/76 884/1/76
f 885/1/77 887/1/77 888/1/77
f 885/1/77 888/1/77 886/1/77
f 887/1/78 889/1/78 890/1/78
f 887/1/78 890/1/78 888/1/78
f 889/1/79 891/1/79 892/1/79
f 889/1/79 892/1/79 890/1/79
f 891/1/80 893/1/80 894/1/80
f 891/1/80 894/1/80 892/1/80
f 893/1/81 895/1/81 896/1/81
f 893/1/81 896/1/81 894/1/81
f 895/1/82 897/1/82 898/1/82
f 895/1/82 898/1/82 896/1/82
f 897/1/83 899/1/83 900/1/83
f 897/1/83 900/1/83 898/1/83
f 899/1/84 901/1/84 902/1/84
f 899/1/84 902/1/84 900/1/84
f 901/1/85 903/1/85 904/1/85
f 901/1/85 904/1/85 902/1/85
f 903/1/86 905/1/86 906/1/86
f 903/1/86 906/1/86 904/1/86
f 905/1/87 907/1/87 908/1/87
f 905/1/87 908/1/87 906/1/87
f 907/1/88 909/1/88 910/1/88
f 907/1/88 910/1/88 908/1/88
f 909/1/89 911/1/89 912/1/89
f 909/1/89 912/1/89 910/1/89
f 911/1/90 913/1/90 914/1/90
f 911/1/90 914/1/90 912/1/90
f 913/1/91 915/1/91 916/1/91
f 913/1/91 916/1/91 914/1/91
f 915/1/92 917/1/92 918/1/92
f 915/1/92 918/1/92 916/1/92
f 917/1/93 919/1/93 920/1/93
f 917/1/93 920/1/93 918/1/93
f 919/1/94 921/1/94 922/1/94
f 919/1/94 922/1/94 920/1/94
f 921/1/95 923/1/95 924/1/95
f 921/1/95 924/1/95 922/1/95
f 923/1/96 925/1/96 926/1/96
f 923/1/96 926/1/96 924/1/96
f 925/1/97 927/1/97 928/1/97
f 925/1/97 928/1/97 926/1/97
f 927/1/98 865/1/98 868/1/98
f 927/1/98 868/1/98 928/1/98
f 868/1/4 867/1/4 929/1/4
f 868/1/4 929/1/4 930/1/4
f 867/1/4 870/1/4 931/1/4
f 867/1/4 931/1/4 929/1/4
f 870/1/4 872/1/4 932/1/4
f 870/1/4 932/1/4 931/1/4
f 872/1/4 874/1/4 933/1/4
f 872/1/4 933/1/4 932/1/4
f 874/1/4 876/1/4 934/1/4
f 874/1/4 934/1/4 933/1/4
f 876/1/4 878/1/4 935/1/4
f 876/1/4 935/1/4 934/1/4
f 878/1/4 880/1/4 936/1/4
f 878/1/4 936/1/4 935/1/4
f 880/1/4 882/1/4 937/1/4
f 880/1/4 937/1/4 936/1/4
f 882/1/4 884/1/4 938/1/4
f 882/1/4 938/1/4 937/1/4
f 884/1/4 886/1/4 939/1/4
f 884/1/4 939/1/4 938/1/4
f 886/1/4 888/1/4 940/1/4
f 886/1/4 940/1/4 939/1/4
f 888/1/4 890/1/4 941/1/4
f 888/1/4 941/1/4 940/1/4
f 890/1/4 892/1/4 942/1/4
f 890/1/4 942/1/4 941/1/4
f 892/1/4 894/1/4 943/1/4
f 892/1/4 943/1/4 942/1/4
f 894/1/4 896/1/4 944/1/4
f 894/1/4 944/1/4 943/1/4
f 896/1/4 898/1/4 945/1/4
f 896/1/4 945/1/4 944/1/4
f 898/1/4 900/1/4 946/1/4
f 898/1/4 946/1/4 945/1/4
f 900/1/4 902/1/4 947/1/4
f 900/1/4 947/1/4 946/1/4
f 902/1/4 904/1/4 948/1/4
f 902/1/4 948/1/4 947/1/4
f 904/1/4 906/1/4 949/1/4
f 904/1/4 949/1/4 948/1/4
f 906/1/4 908/1/4 950/1/4
f 906/1/4 950/1/4 949/1/4
f 908/1/4 910/1/4 951/1/4
f 908/1/4 951/1/4 950/1/4
f 910/1/4 912/1/4 952/1/4
f 910/1/4 952/1/4 951/1/4
f 912/1/4 914/1/4 953/1/4
f 912/1/4 953/1/4 952/1/4
f 914/1/4 916/1/4 954/1/4
f 914/1/4 954/1/4 953/1/4
f 916/1/4 918/1/4 955/1/4
f 916/1/4 955/1/4 954/1/4
f 918/1/4 920/1/4 956/1/4
f 918/1/4 956/1/4 955/1/4
f 920/1/4 922/1/4 957/1/4
f 920/1/4 957/1/4 956/1/4
f 922/1/4 924/1/4 958/1/4
f 922/1/4 958/1/4 957/1/4
f 924/1/4 926/1/4 959/1/4
f 924/1/4 959/1/4 958/1/4
f 926/1/4 928/1/4 960/1/4
f 926/1/4 960/1/4 959/1/4
f 928/1/4 868/1/4 930/1/4
f 928/1/4 930/1/4 960/1/4
f 930/1/99 929/1/99 961/1/99
f 930/1/99 961/1/99 962/1/99
f 929/1/100 931/1/100 963/1/100
f 929/1/100 963/1/100 961/1/100
f 931/1/101 932/1/101 964/1/101
f 931/1/101 964/1/101 963/1/101
f 932/1/102 933/1/102 965/1/102
f 932/1/102 965/1/102 964/1/102
f 933/1/103 934/1/103 966/1/103
f 933/1/103 966/1/103 965/1/103
f 934/1/104 935/1/104 967/1/104
f 934/1/104 967/1/104 966/1/104
f 935/1/105 936/1/105 968/1/105
f 935/1/105 968/1/105 967/1/105
f 936/1/106 937/1/106 969/1/106
f 936/1/106 969/1/106 968/1/106
f 937/1/107 938/1/107 970/1/107
f 937/1/107 970/1/107 969/1/107
f 938/1/108 939/1/108 971/1/108
f 938/1/108 971/1/108 970/1/108
f 939/1/109 940/1/109 972/1/109
f 939/1/109 972/1/109 971/1/109
f 940/1/110 941/1/110 973/1/110
f 940/1/110 973/1/110 972/1/110
f 941/1/111 942/1/111 974/1/111
f 941/1/111 974/1/111 973/1/111
f 942/1/112 943/1/112 975/1/112
f 942/1/112 975/1/112 974/1/112
f 943/1/113 944/1/113 976/1/113
f 943/1/113 976/1/113 975/1/113
f 944/1/114 945/1/114 977/1/114
f 944/1/114 977/1/114 976/1/114
f 945/1/115 946/1/115 978/1/115
f 945/1/115 978/1/115 977/1/115
f 946/1/116 947/1/116 979/1/116
f 946/1/116 979/1/116 978/1/116
f 947/1/117 948/1/117 980/1/117
f 947/1/117 980/1/117 979/1/117
f 948/1/118 949/1/118 981/1/118
f 948/1/118 981/1/118 980/1/118
f 949/1/119 950/1/119 982/1/119
f 949/1/119 982/1/119 981/1/119
f 950/1/120 951/1/120 983/1/120
f 950/1/120 983/1/120 982/1/120
f 951/1/121 952/1/121 984/1/121
f 951/1/121 984/1/121 983/1/121
f 952/1/122 953/1/122 985/1/122
f 952/1/122 985/1/122 984/1/122
f 953/1/123 954/1/123 986/1/123
f 953/1/123 986/1/123 985/1/123
f 954/1/124 955/1/124 987/1/124
f 954/1/124 987/1/124 986/1/124
f 955/1/125 956/1/125 988/1/125
f 955/1/125 988/1/125 987/1/125
f 956/1/126 957/1/126 989/1/126
f 956/1/126 989/1/126 988/1/126
f 957/1/127 958/1/127 990/1/127
f 957/1/127 990/1/127 989/1/127
f 958/1/128 959/1/128 991/1/128
f 958/1/128 991/1/128 990/1/128
f 959/1/129 960/1/129 992/1/129
f 959/1/129 992/1/129 991/1/129
f 960/1/130 930/1/130 962/1/130
f 960/1/130 962/1/130 992/1/130
f 962/1/3 961/1/3 866/1/3
f 962/1/3 866/1/3 865/1/3
f 961/1/3 963/1/3 869/1/3
f 961/1/3 869/1/3 866/1/3
f 963/1/3 964/1/3 871/1/3
f 963/1/3 871/1/3 869/1/3
f 964/1/3 965/1/3 873/1/3
f 964/1/3 873/1/3 871/1/3
f 965/1/3 966/1/3 875/1/3
f 965/1/3 875/1/3 873/1/3
f 966/1/3 967/1/3 877/1/3
f 966/1/3 877/1/3 875/1/3
f 967/1/3 968/1/3 879/1/3
f 967/1/3 879/1/3 877/1/3
f 968/1/3 969/1/3 881/1/3
f 968/1/3 881/1/3 879/1/3
f 969/1/3 970/1/3 883/1/3
f 969/1/3 883/1/3 881/1/3
f 970/1/3 971/1/3 885/1/3
f 970/1/3 885/1/3 883/1/3
f 971/1/3 972/1/3 887/1/3
f 971/1/3 887/1/3 885/1/3
f 972/1/3 973/1/3 889/1/3
f 972/1/3 889/1/3 887/1/3
f 973/1/3 974/1/3 891/1/3
f 973/1/3 891/1/3 889/1/3
f 974/1/3 975/1/3 893/1/3
f 974/1/3 893/1/3 891/1/3
f 975/1/3 976/1/3 895/1/3
f 975/1/3 895/1/3 893/1/3
f 976/1/3 977/1/3 897/1/3
f 976/1/3 897/1/3 895/1/3
f 977/1/3 978/1/3 899/1/3
f 977/1/3 899/1/3 897/1/3
f 978/1/3 979/1/3 901/1/3
f 978/1/3 901/1/3 899/1/3
f 979/1/3 980/1/3 903/1/3
f 979/1/3 903/1/3 901/1/3
f 980/1/3 981/1/3 905/1/3
f 980/1/3 905/1/3 903/1/3
f 981/1/3 982/1/3 907/1/3
f 981/1/3 907/1/3 905/1/3
f 982/1/3 983/1/3 909/1/3
f 982/1/3 909/1/3 907/1/3
f 983/1/3 984/1/3 911/1/3
f 983/1/3 911/1/3 909/1/3
f 984/1/3 985/1/3 913/1/3
f 984/1/3 913/1/3 911/1/3
f 985/1/3 986/1/3 915/1/3
f 985/1/3 915/1/3 913/1/3
f 986/1/3 987/1/3 917/1/3
f 986/1/3 917/1/3 915/1/3
f 987/1/3 988/1/3 919/1/3
f 987/1/3 919/1/3 917/1/3
f 988/1/3 989/1/3 921/1/3
f 988/1/3 921/1/3 919/1/3
f 989/1/3 990/1/3 923/1/3
f 989/1/3 923/1/3 921/1/3
f 990/1/3 991/1/3 925/1/3
f 990/1/3 925/1/3 923/1/3
f 991/1/3 992/1/3 927/1/3
f 991/1/3 927/1/3 925/1/3
f 992/1/3 962/1/3 865/1/3
f 992/1/3 865/1/3 927/1/3
usemtl mat_2
f 993/1/131 994/1/131 995/1/131
f 993/1/131 995/1/131 996/1/131
f 994/1/132 997/1/132 998/1/132
f 994/1/132 998/1/132 995/1/132
f 997/1/133 999/1/133 1000/1/133
f 997/1/133 1000/1/133 998/1/133
f 999/1/134 1001/1/134 1002/1/134
f 999/1/134 1002/1/134 1000/1/134
f 1001/1/135 1003/1/135 1004/1/135
f 1001/1/135 1004/1/135 1002/1/135
f 1003/1/136 1005/1/136 1006/1/136
f 1003/1/136 1006/1/136 1004/1/136
f 1005/1/137 1007/1/137 1008/1/137
f 1005/1/137 1008/1/137 1006/1/137
f 1007/1/138 1009/1/138 1010/1/138
f 1007/1/138 1010/1/138 1008/1/138
f 1009/1/139 1011/1/139 1012/1/139
f 1009/1/139 1012/1/139 1010/1/139
f 1011/1/140 1013/1/140 1014/1/140
f 1011/1/140 1014/1/140 1012/1/140
f 1013/1/141 1015/1/141 1016/1/141
f 1013/1/141 1016/1/141 1014/1/141
f 1015/1/142 1017/1/142 1018/1/142
f 1015/1/142 1018/1/142 1016/1/142
f 1017/1/143 1019/1/143 1020/1/143
f 1017/1/143 1020/1/143 1018/1/143
f 1019/1/144 1021/1/144 1022/1/144
f 1019/1/144 1022/1/144 1020/1/144
f 1021/1/145 1023/1/145 1024/1/145
f 1021/1/145 1024/1/145 1022/1/145
f 1023/1/146 1025/1/146 1026/1/146
f 1023/1/146 1026/1/146 1024/1/146
f 1025/1/147 1027/1/147 1028/1/147
f 1025/1/147 1028/1/147 1026/1/147
f 1027/1/148 1029/1/148 1030/1/148
f 1027/1/148 1030/1/148 1028/1/148
f 1029/1/149 1031/1/149 1032/1/149
f 1029/1/149 1032/1/149 1030/1/149
f 1031/1/150 1033/1/150 1034/1/150
f 1031/1/150 1034/1/150 1032/1/150
f 1033/1/151 1035/1/151 1036/1/151
f 1033/1/151 1036/1/151 1034/1/151
f 1035/1/152 1037/1/152 1038/1/152
f 1035/1/152 1038/1/152 1036/1/152
f 1037/1/153 1039/1/153 1040/1/153
f 1037/1/153 1040/1/153 1038/1/153
f 1039/1/154 1041/1/154 1042/1/154
f 1039/1/154 1042/1/154 1040/1/154
f 1041/1/155 1043/1/155 1044/1/155
f 1041/1/155 1044/1/155 1042/1/155
f 1043/1/156 1045/1/156 1046/1/156
f 1043/1/156 1046/1/156 1044/1/156
f 1045/1/157 1047/1/157 1048/1/157
f 1045/1/157 1048/1/157 1046/1/157
f 1047/1/158 1049/1/158 1050/1/158
f 1047/1/158 1050/1/158 1048/1/158
f 1049/1/159 1051/1/159 1052/1/159
f 1049/1/159 1052/1/159 1050/1/159
f 1051/1/160 1053/1/160 1054/1/160
f 1051/1/160 1054/1/160 1052/1/160
f 1053/1/161 1055/1/161 1056/1/161
f 1053/1/161 1056/1/161 1054/1/161
f 1055/1/162 993/1/162 996/1/162
f 1055/1/162 996/1/162 1056/1/162
f 996/1/4 995/1/4 961/1/4
f 996/1/4 961/1/4 962/1/4
f 995/1/4 998/1/4 963/1/4
f 995/1/4 963/1/4 961/1/4
f 998/1/4 1000/1/4 964/1/4
f 998/1/4 964/1/4 963/1/4
f 1000/1/4 1002/1/4 965/1/4
f 1000/1/4 965/1/4 964/1/4
f 1002/1/4 1004/1/4 966/1/4
f 1002/1/4 966/1/4 965/1/4
f 1004/1/4 1006/1/4 967/1/4
f 1004/1/4 967/1/4 966/1/4
f 1006/1/4 1008/1/4 968/1/4
f 1006/1/4 968/1/4 967/1/4
f 1008/1/4 1010/1/4 969/1/4
f 1008/1/4 969/1/4 968/1/4
f 1010/1/4 1012/1/4 970/1/4
f 1010/1/4 970/1/4 969/1/4
f 1012/1/4 1014/1/4 971/1/4
f 1012/1/4 971/1/4 970/1/4
f 1014/1/4 1016/1/4 972/1/4
f 1014/1/4 972/1/4 971/1/4
f 1016/1/4 1018/1/4 973/1/4
f 1016/1/4 973/1/4 972/1/4
f 1018/1/4 1020/1/4 974/1/4
f 1018/1/4 974/1/4 973/1/4
f 1020/1/4 1022/1/4 975/1/4
f 1020/1/4 975/1/4 974/1/4
f 1022/1/4 1024/1/4 976/1/4
f 1022/1/4 976/1/4 975/1/4
f 1024/1/4 1026/1/4 977/1/4
f 1024/1/4 977/1/4 976/1/4
f 1026/1/4 1028/1/4 978/1/4
f 1026/1/4 978/1/4 977/1/4
f 1028/1/4 1030/1/4 979/1/4
f 1028/1/4 979/1/4 978/1/4
f 1030/1/4 1032/1/4 980/1/4
f 1030/1/4 980/1/4 979/1/4
f 1032/1/4 1034/1/4 981/1/4
f 1032/1/4 981/1/4 980/1/4
f 1034/1/4 1036/1/4 982/1/4
f 1034/1/4 982/1/4 981/1/4
f 1036/1/4 1038/1/4 983/1/4
f 1036/1/4 983/1/4 982/1/4
f 1038/1/4 1040/1/4 984/1/4
f 1038/1/4 984/1/4 983/1/4
f 1040/1/4 1042/1/4 985/1/4
f 1040/1/4 985/1/4 984/1/4
f 1042/1/4 1044/1/4 986/1/4
f 1042/1/4 986/1/4 985/1/4
f 1044/1/4 1046/1/4 987/1/4
f 1044/1/4 987/1/4 986/1/4
f 1046/1/4 1048/1/4 988/1/4
f 1046/1/4 988/1/4 987/1/4
f 1048/1/4 1050/1/4 989/1/4
f 1048/1/4 989/1/4 988/1/4
f 1050/1/4 1052/1/4 990/1/4
f 1050/1/4 990/1/4 989/1/4
f 1052/1/4 1054/1/4 991/1/4
f 1052/1/4 991/1/4 990/1/4
f 1054/1/4 1056/1/4 992/1/4
f 1054/1/4 992/1/4 991/1/4
f 1056/1/4 996/1/4 962/1/4
f 1056/1/4 962/1/4 992/1/4
f 962/1/99 961/1/99 1057/1/99
f 962/1/99 1057/1/99 1058/1/99
f 961/1/100 963/1/100 1059/1/100
f 961/1/100 1059/1/100 1057/1/100
f 963/1/101 964/1/101 1060/1/101
f 963/1/101 1060/1/101 1059/1/101
f 964/1/102 965/1/102 1061/1/102
f 964/1/102 1061/1/102 1060/1/102
f 965/1/103 966/1/103 1062/1/103
f 965/1/103 1062/1/103 1061/1/103
f 966/1/104 967/1/104 1063/1/104
f 966/1/104 1063/1/104 1062/1/104
f 967/1/105 968/1/105 1064/1/105
f 967/1/105 1064/1/105 1063/1/105
f 968/1/106 969/1/106 1065/1/106
f 968/1/106 1065/1/106 1064/1/106
f 969/1/107 970/1/107 1066/1/107
f 969/1/107 1066/1/107 1065/1/107
f 970/1/108 971/1/108 1067/1/108
f 970/1/108 1067/1/108 1066/1/108
f 971/1/109 972/1/109 1068/1/109
f 971/1/109 1068/1/109 1067/1/109
f 972/1/110 973/1/110 1069/1/110
f 972/1/110 1069/1/110 1068/1/110
f 973/1/111 974/1/111 1070/1/111
f 973/1/111 1070/1/111 1069/1/111
f 974/1/112 975/1/112 1071/1/112
f 974/1/112 1071/1/112 1070/1/112
f 975/1/113 976/1/113 1072/1/113
f 975/1/113 1072/1/113 1071/1/113
f 976/1/114 977/1/114 1073/1/114
f 976/1/114 1073/1/114 1072/1/114
f 977/1/115 978/1/115 1074/1/115
f 977/1/115 1074/1/115 1073/1/115
f 978/1/116 979/1/116 1075/1/116
f 978/1/116 1075/1/116 1074/1/116
f 979/1/117 980/1/117 1076/1/117
f 979/1/117 1076/1/117 1075/1/117
f 980/1/118 981/1/118 1077/1/118
f 980/1/118 1077/1/118 1076/1/118
f 981/1/119 982/1/119 1078/1/119
f 981/1/119 1078/1/119 1077/1/119
f 982/1/120 983/1/120 1079/1/120
f 982/1/120 1079/1/120 1078/1/120
f 983/1/121 984/1/121 1080/1/121
f 983/1/121 1080/1/121 1079/1/121
f 984/1/122 985/1/122 1081/1/122
f 984/1/122 1081/1/122 1080/1/122
f 985/1/123 986/1/123 1082/1/123
f 985/1/123 1082/1/123 1081/1/123
f 986/1/124 987/1/124 1083/1/124
f 986/1/124 1083/1/124 1082/1/124
f 987/1/125 988/1/125 1084/1/125
f 987/1/125 1084/1/125 1083/1/125
f 988/1/126 989/1/126 1085/1/126
f 988/1/126 1085/1/126 1084/1/126
f 989/1/127 990/1/127 1086/1/127
f 989/1/127 1086/1/127 1085/1/127
f 990/1/128 991/1/128 1087/1/128
f 990/1/128 1087/1/128 1086/1/128
f 991/1/129 992/1/129 1088/1/129
f 991/1/129 1088/1/129 1087/1/129
f 992/1/130 962/1/130 1058/1/130
f 992/1/130 1058/1/130 1088/1/130
f 1058/1/3 1057/1/3 994/1/3
f 1058/1/3 994/1/3 993/1/3
f 1057/1/3 1059/1/3 997/1/3
f 1057/1/3 997/1/3 994/1/3
f 1059/1/3 1060/1/3 999/1/3
f 1059/1/3 999/1/3 997/1/3
f 1060/1/3 1061/1/3 1001/1/3
f 1060/1/3 1001/1/3 999/1/3
f 1061/1/3 1062/1/3 1003/1/3
f 1061/1/3 1003/1/3 1001/1/3
f 1062/1/3 1063/1/3 1005/1/3
f 1062/1/3 1005/1/3 1003/1/3
f 1063/1/3 1064/1/3 1007/1/3
f 1063/1/3 1007/1/3 1005/1/3
f 1064/1/3 1065/1/3 1009/1/3
f 1064/1/3 1009/1/3 1007/1/3
f 1065/1/3 1066/1/3 1011/1/3
f 1065/1/3 1011/1/3 1009/1/3
f 1066/1/3 1067/1/3 1013/1/3
f 1066/1/3 1013/1/3 1011/1/3
f 1067/1/3 1068/1/3 1015/1/3
f 1067/1/3 1015/1/3 1013/1/3
f 1068/1/3 1069/1/3 1017/1/3
f 1068/1/3 1017/1/3 1015/1/3
f 1069/1/3 1070/1/3 1019/1/3
f 1069/1/3 1019/1/3 1017/1/3
f 1070/1/3 1071/1/3 1021/1/3
f 1070/1/3 1021/1/3 1019/1/3
f 1071/1/3 1072/1/3 1023/1/3
f 1071/1/3 1023/1/3 1021/1/3
f 1072/1/3 1073/1/3 1025/1/3
f 1072/1/3 1025/1/3 1023/1/3
f 1073/1/3 1074/1/3 1027/1/3
f 1073/1/3 1027/1/3 1025/1/3
f 1074/1/3 1075/1/3 1029/1/3
f 1074/1/3 1029/1/3 1027/1/3
f 1075/1/3 1076/1/3 1031/1/3
f 1075/1/3 1031/1/3 1029/1/3
f 1076/1/3 1077/1/3 1033/1/3
f 1076/1/3 1033/1/3 1031/1/3
f 1077/1/3 1078/1/3 1035/1/3
f 1077/1/3 1035/1/3 1033/1/3
f 1078/1/3 1079/1/3 1037/1/3
f 1078/1/3 1037/1/3 1035/1/3
f 1079/1/3 1080/1/3 1039/1/3
f 1079/1/3 1039/1/3 1037/1/3
f 1080/1/3 1081/1/3 1041/1/3
f 1080/1/3 1041/1/3 1039/1/3
f 1081/1/3 1082/1/3 1043/1/3
f 1081/1/3 1043/1/3 1041/1/3
f 1082/1/3 1083/1/3 1045/1/3
f 1082/1/3 1045/1/3 1043/1/3
f 1083/1/3 1084/1/3 1047/1/3
f 1083/1/3 1047/1/3 1045/1/3
f 1084/1/3 1085/1/3 1049/1/3
f 1084/1/3 1049/1/3 1047/1/3
f 1085/1/3 1086/1/3 1051/1/3
f 1085/1/3 1051/1/3 1049/1/3
f 1086/1/3 1087/1/3 1053/1/3
f 1086/1/3 1053/1/3 1051/1/3
f 1087/1/3 1088/1/3 1055/1/3
f 1087/1/3 1055/1/3 1053/1/3
f 1088/1/3 1058/1/3 993/1/3
f 1088/1/3 993/1/3 1055/1/3
usemtl mat_3
f 1089/1/3 1090/1/3 1091/1/3
f 1091/1/3 1092/1/3 1093/1/3
f 1093/1/3 1094/1/3 1089/1/3
f 1091/1/3 1093/1/3 1089/1/3
f 1095/1/4 1096/1/4 1097/1/4
f 1097/1/4 1098/1/4 1099/1/4
f 1099/1/4 1100/1/4 1095/1/4
f 1097/1/4 1099/1/4 1095/1/4
f 1089/1/163 1094/1/163 1097/1/163
f 1089/1/163 1097/1/163 1096/1/163
f 1094/1/5 1093/1/5 1098/1/5
f 1094/1/5 1098/1/5 1097/1/5
f 1093/1/164 1092/1/164 1099/1/164
f 1093/1/164 1099/1/164 1098/1/164
f 1092/1/165 1091/1/165 1100/1/165
f 1092/1/165 1100/1/165 1099/1/165
f 1091/1/6 1090/1/6 1095/1/6
f 1091/1/6 1095/1/6 1100/1/6
f 1090/1/166 1089/1/166 1096/1/166
f 1090/1/166 1096/1/166 1095/1/166
f 1101/1/3 1102/1/3 1103/1/3
f 1103/1/3 1104/1/3 1105/1/3
f 1105/1/3 1106/1/3 1101/1/3
f 1103/1/3 1105/1/3 1101/1/3
f 1107/1/4 1108/1/4 1109/1/4
f 1109/1/4 1110/1/4 1111/1/4
f 1111/1/4 1112/1/4 1107/1/4
f 1109/1/4 1111/1/4 1107/1/4
f 1101/1/163 1106/1/163 1109/1/163
f 1101/1/163 1109/1/163 1108/1/163
f 1106/1/5 1105/1/5 1110/1/5
f 1106/1/5 1110/1/5 1109/1/5
f 1105/1/164 1104/1/164 1111/1/164
f 1105/1/164 1111/1/164 1110/1/164
f 1104/1/165 1103/1/165 1112/1/165
f 1104/1/165 1112/1/165 1111/1/165
f 1103/1/6 1102/1/6 1107/1/6
f 1103/1/6 1107/1/6 1112/1/6
f 1102/1/166 1101/1/166 1108/1/166
f 1102/1/166 1108/1/166 1107/1/166
f 1113/1/3 1114/1/3 1115/1/3
f 1115/1/3 1116/1/3 1117/1/3
f 1117/1/3 1118/1/3 1113/1/3
f 1115/1/3 1117/1/3 1113/1/3
f 1119/1/4 1120/1/4 1121/1/4
f 1121/1/4 1122/1/4 1123/1/4
f 1123/1/4 1124/1/4 1119/1/4
f 1121/1/4 1123/1/4 1119/1/4
f 1113/1/163 1118/1/163 1121/1/163
f 1113/1/163 1121/1/163 1120/1/163
f 1118/1/5 1117/1/5 1122/1/5
f 1118/1/5 1122/1/5 1121/1/5
f 1117/1/164 1116/1/164 1123/1/164
f 1117/1/164 1123/1/164 1122/1/164
f 1116/1/165 1115/1/165 1124/1/165
f 1116/1/165 1124/1/165 1123/1/165
f 1115/1/6 1114/1/6 1119/1/6
f 1115/1/6 1119/1/6 1124/1/6
f 1114/1/166 1113/1/166 1120/1/166
f 1114/1/166 1120/1/166 1119/1/166
f 1125/1/3 1126/1/3 1127/1/3
f 1127/1/3 1128/1/3 1129/1/3
f 1129/1/3 1130/1/3 1125/1/3
f 1127/1/3 1129/1/3 1125/1/3
f 1131/1/4 1132/1/4 1133/1/4
f 1133/1/4 1134/1/4 1135/1/4
f 1135/1/4 1136/1/4 1131/1/4
f 1133/1/4 1135/1/4 1131/1/4
f 1125/1/163 1130/1/163 1133/1/163
f 1125/1/163 1133/1/163 1132/1/163
f 1130/1/5 1129/1/5 1134/1/5
f 1130/1/5 1134/1/5 1133/1/5
f 1129/1/164 1128/1/164 1135/1/164
f 1129/1/164 1135/1/164 1134/1/164
f 1128/1/165 1127/1/165 1136/1/165
f 1128/1/165 1136/1/165 1135/1/165
f 1127/1/6 1126/1/6 1131/1/6
f 1127/1/6 1131/1/6 1136/1/6
f 1126/1/166 1125/1/166 1132/1/166
f 1126/1/166 1132/1/166 1131/1/166
f 1137/1/3 1138/1/3 1139/1/3
f 1139/1/3 1140/1/3 1141/1/3
f 1141/1/3 1142/1/3 1137/1/3
f 1139/1/3 1141/1/3 1137/1/3
f 1143/1/4 1144/1/4 1145/1/4
f 1145/1/4 1146/1/4 1147/1/4
f 1147/1/4 1148/1/4 1143/1/4
f 1145/1/4 1147/1/4 1143/1/4
f 1137/1/163 1142/1/163 1145/1/163
f 1137/1/163 1145/1/163 1144/1/163
f 1142/1/5 1141/1/5 1146/1/5
f 1142/1/5 1146/1/5 1145/1/5
f 1141/1/164 1140/1/164 1147/1/164
f 1141/1/164 1147/1/164 1146/1/164
f 1140/1/165 1139/1/165 1148/1/165
f 1140/1/165 1148/1/165 1147/1/165
f 1139/1/6 1138/1/6 1143/1/6
f 1139/1/6 1143/1/6 1148/1/6
f 1138/1/166 1137/1/166 1144/1/166
f 1138/1/166 1144/1/166 1143/1/166
f 1149/1/3 1150/1/3 1151/1/3
f 1151/1/3 1152/1/3 1153/1/3
f 1153/1/3 1154/1/3 1149/1/3
f 1151/1/3 1153/1/3 1149/1/3
f 1155/1/4 1156/1/4 1157/1/4
f 1157/1/4 1158/1/4 1159/1/4
f 1159/1/4 1160/1/4 1155/1/4
f 1157/1/4 1159/1/4 1155/1/4
f 1149/1/163 1154/1/163 1157/1/163
f 1149/1/163 1157/1/163 1156/1/163
f 1154/1/5 1153/1/5 1158/1/5
f 1154/1/5 1158/1/5 1157/1/5
f 1153/1/164 1152/1/164 1159/1/164
f 1153/1/164 1159/1/164 1158/1/164
f 1152/1/165 1151/1/165 1160/1/165
f 1152/1/165 1160/1/165 1159/1/165
f 1151/1/6 1150/1/6 1155/1/6
f 1151/1/6 1155/1/6 1160/1/6
f 1150/1/166 1149/1/166 1156/1/166
f 1150/1/166 1156/1/166 1155/1/166
f 1161/1/3 1162/1/3 1163/1/3
f 1163/1/3 1164/1/3 1165/1/3
f 1165/1/3 1166/1/3 1161/1/3
f 1163/1/3 1165/1/3 1161/1/3
f 1167/1/4 1168/1/4 1169/1/4
f 1169/1/4 1170/1/4 1171/1/4
f 1171/1/4 1172/1/4 1167/1/4
f 1169/1/4 1171/1/4 1167/1/4
f 1161/1/163 1166/1/163 1169/1/163
f 1161/1/163 1169/1/163 1168/1/163
f 1166/1/5 1165/1/5 1170/1/5
f 1166/1/5 1170/1/5 1169/1/5
f 1165/1/164 1164/1/164 1171/1/164
f 1165/1/164 1171/1/164 1170/1/164
f 1164/1/165 1163/1/165 1172/1/165
f 1164/1/165 1172/1/165 1171/1/165
f 1163/1/6 1162/1/6 1167/1/6
f 1163/1/6 1167/1/6 1172/1/6
f 1162/1/166 1161/1/166 1168/1/166
f 1162/1/166 1168/1/166 1167/1/166
f 1173/1/3 1174/1/3 1175/1/3
f 1175/1/3 1176/1/3 1177/1/3
f 1177/1/3 1178/1/3 1173/1/3
f 1175/1/3 1177/1/3 1173/1/3
f 1179/1/4 1180/1/4 1181/1/4
f 1181/1/4 1182/1/4 1183/1/4
f 1183/1/4 1184/1/4 1179/1/4
f 1181/1/4 1183/1/4 1179/1/4
f 1173/1/163 1178/1/163 1181/1/163
f 1173/1/163 1181/1/163 1180/1/163
f 1178/1/5 1177/1/5 1182/1/5
f 1178/1/5 1182/1/5 1181/1/5
f 1177/1/164 1176/1/164 1183/1/164
f 1177/1/164 1183/1/164 1182/1/164
f 1176/1/165 1175/1/165 1184/1/165
f 1176/1/165 1184/1/165 1183/1/165
f 1175/1/6 1174/1/6 1179/1/6
f 1175/1/6 1179/1/6 1184/1/6
f 1174/1/166 1173/1/166 1180/1/166
f 1174/1/166 1180/1/166 1179/1/166
f 1185/1/3 1186/1/3 1187/1/3
f 1187/1/3 1188/1/3 1189/1/3
f 1189/1/3 1190/1/3 1185/1/3
f 1187/1/3 1189/1/3 1185/1/3
f 1191/1/4 1192/1/4 1193/1/4
f 1193/1/4 1194/1/4 1195/1/4
f 1195/1/4 1196/1/4 1191/1/4
f 1193/1/4 1195/1/4 1191/1/4
f 1185/1/163 1190/1/163 1193/1/163
f 1185/1/163 1193/1/163 1192/1/163
f 1190/1/5 1189/1/5 1194/1/5
f 1190/1/5 1194/1/5 1193/1/5
f 1189/1/164 1188/1/164 1195/1/164
f 1189/1/164 1195/1/164 1194/1/164
f 1188/1/165 1187/1/165 1196/1/165
f 1188/1/165 1196/1/165 1195/1/165
f 1187/1/6 1186/1/6 1191/1/6
f 1187/1/6 1191/1/6 1196/1/6
f 1186/1/166 1185/1/166 1192/1/166
f 1186/1/166 1192/1/166 1191/1/166
f 1197/1/3 1198/1/3 1199/1/3
f 1199/1/3 1200/1/3 1201/1/3
f 1201/1/3 1202/1/3 1197/1/3
f 1199/1/3 1201/1/3 1197/1/3
f 1203/1/4 1204/1/4 1205/1/4
f 1205/1/4 1206/1/4 1207/1/4
f 1207/1/4 1208/1/4 1203/1/4
f 1205/1/4 1207/1/4 1203/1/4
f 1197/1/163 1202/1/163 1205/1/163
f 1197/1/163 1205/1/163 1204/1/163
f 1202/1/5 1201/1/5 1206/1/5
f 1202/1/5 1206/1/5 1205/1/5
f 1201/1/164 1200/1/164 1207/1/164
f 1201/1/164 1207/1/164 1206/1/164
f 1200/1/165 1199/1/165 1208/1/165
f 1200/1/165 1208/1/165 1207/1/165
f 1199/1/6 1198/1/6 1203/1/6
f 1199/1/6 1203/1/6 1208/1/6
f 1198/1/166 1197/1/166 1204/1/166
f 1198/1/166 1204/1/166 1203/1/166
f 1209/1/3 1210/1/3 1211/1/3
f 1211/1/3 1212/1/3 1213/1/3
f 1213/1/3 1214/1/3 1209/1/3
f 1211/1/3 1213/1/3 1209/1/3
f 1215/1/4 1216/1/4 1217/1/4
f 1217/1/4 1218/1/4 1219/1/4
f 1219/1/4 1220/1/4 1215/1/4
f 1217/1/4 1219/1/4 1215/1/4
f 1209/1/163 1214/1/163 1217/1/163
f 1209/1/163 1217/1/163 1216/1/163
f 1214/1/5 1213/1/5 1218/1/5
f 1214/1/5 1218/1/5 1217/1/5
f 1213/1/164 1212/1/164 1219/1/164
f 1213/1/164 1219/1/164 1218/1/164
f 1212/1/165 1211/1/165 1220/1/165
f 1212/1/165 1220/1/165 1219/1/165
f 1211/1/6 1210/1/6 1215/1/6
f 1211/1/6 1215/1/6 1220/1/6
f 1210/1/166 1209/1/166 1216/1/166
f 1210/1/166 1216/1/166 1215/1/166
f 1221/1/3 1222/1/3 1223/1/3
f 1223/1/3 1224/1/3 1225/1/3
f 1225/1/3 1226/1/3 1221/1/3
f 1223/1/3 1225/1/3 1221/1/3
f 1227/1/4 1228/1/4 1229/1/4
f 1229/1/4 1230/1/4 1231/1/4
f 1231/1/4 1232/1/4 1227/1/4
f 1229/1/4 1231/1/4 1227/1/4
f 1221/1/163 1226/1/163 1229/1/163
f 1221/1/163 1229/1/163 1228/1/163
f 1226/1/5 1225/1/5 1230/1/5
f 1226/1/5 1230/1/5 1229/1/5
f 1225/1/164 1224/1/164 1231/1/164
f 1225/1/164 1231/1/164 1230/1/164
f 1224/1/165 1223/1/165 1232/1/165
f 1224/1/165 1232/1/165 1231/1/165
f 1223/1/6 1222/1/6 1227/1/6
f 1223/1/6 1227/1/6 1232/1/6
f 1222/1/166 1221/1/166 1228/1/166
f 1222/1/166 1228/1/166 1227/1/166
usemtl mat_1
f 1233/1/67 1234/1/67 1235/1/67
f 1233/1/67 1235/1/67 1236/1/67
f 1234/1/68 1237/1/68 1238/1/68
f 1234/1/68 1238/1/68 1235/1/68
f 1237/1/69 1239/1/69 1240/1/69
f 1237/1/69 1240/1/69 1238/1/69
f 1239/1/70 1241/1/70 1242/1/70
f 1239/1/70 1242/1/70 1240/1/70
f 1241/1/71 1243/1/71 1244/1/71
f 1241/1/71 1244/1/71 1242/1/71
f 1243/1/72 1245/1/72 1246/1/72
f 1243/1/72 1246/1/72 1244/1/72
f 1245/1/73 1247/1/73 1248/1/73
f 1245/1/73 1248/1/73 1246/1/73
f 1247/1/74 1249/1/74 1250/1/74
f 1247/1/74 1250/1/74 1248/1/74
f 1249/1/75 1251/1/75 1252/1/75
f 1249/1/75 1252/1/75 1250/1/75
f 1251/1/76 1253/1/76 1254/1/76
f 1251/1/76 1254/1/76 1252/1/76
f 1253/1/77 1255/1/77 1256/1/77
f 1253/1/77 1256/1/77 1254/1/77
f 1255/1/78 1257/1/78 1258/1/78
f 1255/1/78 1258/1/78 1256/1/78
f 1257/1/79 1259/1/79 1260/1/79
f 1257/1/79 1260/1/79 1258/1/79
f 1259/1/80 1261/1/80 1262/1/80
f 1259/1/80 1262/1/80 1260/1/80
f 1261/1/81 1263/1/81 1264/1/81
f 1261/1/81 1264/1/81 1262/1/81
f 1263/1/82 1265/1/82 1266/1/82
f 1263/1/82 1266/1/82 1264/1/82
f 1265/1/83 1267/1/83 1268/1/83
f 1265/1/83 1268/1/83 1266/1/83
f 1267/1/84 1269/1/84 1270/1/84
f 1267/1/84 1270/1/84 1268/1/84
f 1269/1/85 1271/1/85 1272/1/85
f 1269/1/85 1272/1/85 1270/1/85
f 1271/1/86 1273/1/86 1274/1/86
f 1271/1/86 1274/1/86 1272/1/86
f 1273/1/87 1275/1/87 1276/1/87
f 1273/1/87 1276/1/87 1274/1/87
f 1275/1/88 1277/1/88 1278/1/88
f 1275/1/88 1278/1/88 1276/1/88
f 1277/1/89 1279/1/89 1280/1/89
f 1277/1/89 1280/1/89 1278/1/89
f 1279/1/90 1281/1/90 1282/1/90
f 1279/1/90 1282/1/90 1280/1/90
f 1281/1/91 1283/1/91 1284/1/91
f 1281/1/91 1284/1/91 1282/1/91
f 1283/1/92 1285/1/92 1286/1/92
f 1283/1/92 1286/1/92 1284/1/92
f 1285/1/93 1287/1/93 1288/1/93
f 1285/1/93 1288/1/93 1286/1/93
f 1287/1/94 1289/1/94 1290/1/94
f 1287/1/94 1290/1/94 1288/1/94
f 1289/1/95 1291/1/95 1292/1/95
f 1289/1/95 1292/1/95 1290/1/95
f 1291/1/96 1293/1/96 1294/1/96
f 1291/1/96 1294/1/96 1292/1/96
f 1293/1/97 1295/1/97 1296/1/97
f 1293/1/97 1296/1/97 1294/1/97
f 1295/1/98 1233/1/98 1236/1/98
f 1295/1/98 1236/1/98 1296/1/98
f 1236/1/4 1235/1/4 1297/1/4
f 1236/1/4 1297/1/4 1298/1/4
f 1235/1/4 1238/1/4 1299/1/4
f 1235/1/4 1299/1/4 1297/1/4
f 1238/1/4 1240/1/4 1300/1/4
f 1238/1/4 1300/1/4 1299/1/4
f 1240/1/4 1242/1/4 1301/1/4
f 1240/1/4 1301/1/4 1300/1/4
f 1242/1/4 1244/1/4 1302/1/4
f 1242/1/4 1302/1/4 1301/1/4
f 1244/1/4 1246/1/4 1303/1/4
f 1244/1/4 1303/1/4 1302/1/4
f 1246/1/4 1248/1/4 1304/1/4
f 1246/1/4 1304/1/4 1303/1/4
f 1248/1/4 1250/1/4 1305/1/4
f 1248/1/4 1305/1/4 1304/1/4
f 1250/1/4 1252/1/4 1306/1/4
f 1250/1/4 1306/1/4 1305/1/4
f 1252/1/4 1254/1/4 1307/1/4
f 1252/1/4 1307/1/4 1306/1/4
f 1254/1/4 1256/1/4 1308/1/4
f 1254/1/4 1308/1/4 1307/1/4
f 1256/1/4 1258/1/4 1309/1/4
f 1256/1/4 1309/1/4 1308/1/4
f 1258/1/4 1260/1/4 1310/1/4
f 1258/1/4 1310/1/4 1309/1/4
f 1260/1/4 1262/1/4 1311/1/4
f 1260/1/4 1311/1/4 1310/1/4
f 1262/1/4 1264/1/4 1312/1/4
f 1262/1/4 1312/1/4 1311/1/4
f 1264/1/4 1266/1/4 1313/1/4
f 1264/1/4 1313/1/4 1312/1/4
f 1266/1/4 1268/1/4 1314/1/4
f 1266/1/4 1314/1/4 1313/1/4
f 1268/1/4 1270/1/4 1315/1/4
f 1268/1/4 1315/1/4 1314/1/4
f 1270/1/4 1272/1/4 1316/1/4
f 1270/1/4 1316/1/4 1315/1/4
f 1272/1/4 1274/1/4 1317/1/4
f 1272/1/4 1317/1/4 1316/1/4
f 1274/1/4 1276/1/4 1318/1/4
f 1274/1/4 1318/1/4 1317/1/4
f 1276/1/4 1278/1/4 1319/1/4
f 1276/1/4 1319/1/4 1318/1/4
f 1278/1/4 1280/1/4 1320/1/4
f 1278/1/4 1320/1/4 1319/1/4
f 1280/1/4 1282/1/4 1321/1/4
f 1280/1/4 1321/1/4 1320/1/4
f 1282/1/4 1284/1/4 1322/1/4
f 1282/1/4 1322/1/4 1321/1/4
f 1284/1/4 1286/1/4 1323/1/4
f 1284/1/4 1323/1/4 1322/1/4
f 1286/1/4 1288/1/4 1324/1/4
f 1286/1/4 1324/1/4 1323/1/4
f 1288/1/4 1290/1/4 1325/1/4
f 1288/1/4 1325/1/4 1324/1/4
f 1290/1/4 1292/1/4 1326/1/4
f 1290/1/4 1326/1/4 1325/1/4
f 1292/1/4 1294/1/4 1327/1/4
f 1292/1/4 1327/1/4 1326/1/4
f 1294/1/4 1296/1/4 1328/1/4
f 1294/1/4 1328/1/4 1327/1/4
f 1296/1/4 1236/1/4 1298/1/4
f 1296/1/4 1298/1/4 1328/1/4
f 1298/1/99 1297/1/99 1329/1/99
f 1298/1/99 1329/1/99 1330/1/99
f 1297/1/100 1299/1/100 1331/1/100
f 1297/1/100 1331/1/100 1329/1/100
f 1299/1/101 1300/1/101 1332/1/101
f 1299/1/101 1332/1/101 1331/1/101
f 1300/1/102 1301/1/102 1333/1/102
f 1300/1/102 1333/1/102 1332/1/102
f 1301/1/103 1302/1/103 1334/1/103
f 1301/1/103 1334/1/103 1333/1/103
f 1302/1/104 1303/1/104 1335/1/104
f 1302/1/104 1335/1/104 1334/1/104
f 1303/1/105 1304/1/105 1336/1/105
f 1303/1/105 1336/1/105 1335/1/105
f 1304/1/106 1305/1/106 1337/1/106
f 1304/1/106 1337/1/106 1336/1/106
f 1305/1/107 1306/1/107 1338/1/107
f 1305/1/107 1338/1/107 1337/1/107
f 1306/1/108 1307/1/108 1339/1/108
f 1306/1/108 1339/1/108 1338/1/108
f 1307/1/109 1308/1/109 1340/1/109
f 1307/1/109 1340/1/109 1339/1/109
f 1308/1/110 1309/1/110 1341/1/110
f 1308/1/110 1341/1/110 1340/1/110
f 1309/1/111 1310/1/111 1342/1/111
f 1309/1/111 1342/1/111 1341/1/111
f 1310/1/112 1311/1/112 1343/1/112
f 1310/1/112 1343/1/112 1342/1/112
f 1311/1/113 1312/1/113 1344/1/113
f 1311/1/113 1344/1/113 1343/1/113
f 1312/1/114 1313/1/114 1345/1/114
f 1312/1/114 1345/1/114 1344/1/114
f 1313/1/115 1314/1/115 1346/1/115
f 1313/1/115 1346/1/115 1345/1/115
f 1314/1/116 1315/1/116 1347/1/116
f 1314/1/116 1347/1/116 1346/1/116
f 1315/1/117 1316/1/117 1348/1/117
f 1315/1/117 1348/1/117 1347/1/117
f 1316/1/118 1317/1/118 1349/1/118
f 1316/1/118 1349/1/118 1348/1/118
f 1317/1/119 1318/1/119 1350/1/119
f 1317/1/119 1350/1/119 1349/1/119
f 1318/1/120 1319/1/120 1351/1/120
f 1318/1/120 1351/1/120 1350/1/120
f 1319/1/121 1320/1/121 1352/1/121
f 1319/1/121 1352/1/121 1351/1/121
f 1320/1/122 1321/1/122 1353/1/122
f 1320/1/122 1353/1/122 1352/1/122
f 1321/1/123 1322/1/123 1354/1/123
f 1321/1/123 1354/1/123 1353/1/123
f 1322/1/124 1323/1/124 1355/1/124
f 1322/1/124 1355/1/124 1354/1/124
f 1323/1/125 1324/1/125 1356/1/125
f 1323/1/125 1356/1/125 1355/1/125
f 1324/1/126 1325/1/126 1357/1/126
f 1324/1/126 1357/1/126 1356/1/126
f 1325/1/127 1326/1/127 1358/1/127
f 1325/1/127 1358/1/127 1357/1/127
f 1326/1/128 1327/1/128 1359/1/128
f 1326/1/128 1359/1/128 1358/1/128
f 1327/1/129 1328/1/129 1360/1/129
f 1327/1/129 1360/1/129 1359/1/129
f 1328/1/130 1298/1/130 1330/1/130
f 1328/1/130 1330/1/130 1360/1/130
f 1330/1/3 1329/1/3 1234/1/3
f 1330/1/3 1234/1/3 1233/1/3
f 1329/1/3 1331/1/3 1237/1/3
f 1329/1/3 1237/1/3 1234/1/3
f 1331/1/3 1332/1/3 1239/1/3
f 1331/1/3 1239/1/3 1237/1/3
f 1332/1/3 1333/1/3 1241/1/3
f 1332/1/3 1241/1/3 1239/1/3
f 1333/1/3 1334/1/3 1243/1/3
f 1333/1/3 1243/1/3 1241/1/3
f 1334/1/3 1335/1/3 1245/1/3
f 1334/1/3 1245/1/3 1243/1/3
f 1335/1/3 1336/1/3 1247/1/3
f 1335/1/3 1247/1/3 1245/1/3
f 1336/1/3 1337/1/3 1249/1/3
f 1336/1/3 1249/1/3 1247/1/3
f 1337/1/3 1338/1/3 1251/1/3
f 1337/1/3 1251/1/3 1249/1/3
f 1338/1/3 1339/1/3 1253/1/3
f 1338/1/3 1253/1/3 1251/1/3
f 1339/1/3 1340/1/3 1255/1/3
f 1339/1/3 1255/1/3 1253/1/3
f 1340/1/3 1341/1/3 1257/1/3
f 1340/1/3 1257/1/3 1255/1/3
f 1341/1/3 1342/1/3 1259/1/3
f 1341/1/3 1259/1/3 1257/1/3
f 1342/1/3 1343/1/3 1261/1/3
f 1342/1/3 1261/1/3 1259/1/3
f 1343/1/3 1344/1/3 1263/1/3
f 1343/1/3 1263/1/3 1261/1/3
f 1344/1/3 1345/1/3 1265/1/3
f 1344/1/3 1265/1/3 1263/1/3
f 1345/1/3 1346/1/3 1267/1/3
f 1345/1/3 1267/1/3 1265/1/3
f 1346/1/3 1347/1/3 1269/1/3
f 1346/1/3 1269/1/3 1267/1/3
f 1347/1/3 1348/1/3 1271/1/3
f 1347/1/3 1271/1/3 1269/1/3
f 1348/1/3 1349/1/3 1273/1/3
f 1348/1/3 1273/1/3 1271/1/3
f 1349/1/3 1350/1/3 1275/1/3
f 1349/1/3 1275/1/3 1273/1/3
f 1350/1/3 1351/1/3 1277/1/3
f 1350/1/3 1277/1/3 1275/1/3
f 1351/1/3 1352/1/3 1279/1/3
f 1351/1/3 1279/1/3 1277/1/3
f 1352/1/3 1353/1/3 1281/1/3
f 1352/1/3 1281/1/3 1279/1/3
f 1353/1/3 1354/1/3 1283/1/3
f 1353/1/3 1283/1/3 1281/1/3
f 1354/1/3 1355/1/3 1285/1/3
f 1354/1/3 1285/1/3 1283/1/3
f 1355/1/3 1356/1/3 1287/1/3
f 1355/1/3 1287/1/3 1285/1/3
f 1356/1/3 1357/1/3 1289/1/3
f 1356/1/3 1289/1/3 1287/1/3
f 1357/1/3 1358/1/3 1291/1/3
f 1357/1/3 1291/1/3 1289/1/3
f 1358/1/3 1359/1/3 1293/1/3
f 1358/1/3 1293/1/3 1291/1/3
f 1359/1/3 1360/1/3 1295/1/3
f 1359/1/3 1295/1/3 1293/1/3
f 1360/1/3 1330/1/3 1233/1/3
f 1360/1/3 1233/1/3 1295/1/3
usemtl mat_2
f 1361/1/131 1362/1/131 1363/1/131
f 1361/1/131 1363/1/131 1364/1/131
f 1362/1/132 1365/1/132 1366/1/132
f 1362/1/132 1366/1/132 1363/1/132
f 1365/1/133 1367/1/133 1368/1/133
f 1365/1/133 1368/1/133 1366/1/133
f 1367/1/134 1369/1/134 1370/1/134
f 1367/1/134 1370/1/134 1368/1/134
f 1369/1/135 1371/1/135 1372/1/135
f 1369/1/135 1372/1/135 1370/1/135
f 1371/1/136 1373/1/136 1374/1/136
f 1371/1/136 1374/1/136 1372/1/136
f 1373/1/137 1375/1/137 1376/1/137
f 1373/1/137 1376/1/137 1374/1/137
f 1375/1/138 1377/1/138 1378/1/138
f 1375/1/138 1378/1/138 1376/1/138
f 1377/1/139 1379/1/139 1380/1/139
f 1377/1/139 1380/1/139 1378/1/139
f 1379/1/140 1381/1/140 1382/1/140
f 1379/1/140 1382/1/140 1380/1/140
f 1381/1/141 1383/1/141 1384/1/141
f 1381/1/141 1384/1/141 1382/1/141
f 1383/1/142 1385/1/142 1386/1/142
f 1383/1/142 1386/1/142 1384/1/142
f 1385/1/143 1387/1/143 1388/1/143
f 1385/1/143 1388/1/143 1386/1/143
f 1387/1/144 1389/1/144 1390/1/144
f 1387/1/144 1390/1/144 1388/1/144
f 1389/1/145 1391/1/145 1392/1/145
f 1389/1/145 1392/1/145 1390/1/145
f 1391/1/146 1393/1/146 1394/1/146
f 1391/1/146 1394/1/146 1392/1/146
f 1393/1/147 1395/1/147 1396/1/147
f 1393/1/147 1396/1/147 1394/1/147
f 1395/1/148 1397/1/148 1398/1/148
f 1395/1/148 1398/1/148 1396/1/148
f 1397/1/149 1399/1/149 1400/1/149
f 1397/1/149 1400/1/149 1398/1/149
f 1399/1/150 1401/1/150 1402/1/150
f 1399/1/150 1402/1/150 1400/1/150
f 1401/1/151 1403/1/151 1404/1/151
f 1401/1/151 1404/1/151 1402/1/151
f 1403/1/152 1405/1/152 1406/1/152
f 1403/1/152 1406/1/152 1404/1/152
f 1405/1/153 1407/1/153 1408/1/153
f 1405/1/153 1408/1/153 1406/1/153
f 1407/1/154 1409/1/154 1410/1/154
f 1407/1/154 1410/1/154 1408/1/154
f 1409/1/155 1411/1/155 1412/1/155
f 1409/1/155 1412/1/155 1410/1/155
f 1411/1/156 1413/1/156 1414/1/156
f 1411/1/156 1414/1/156 1412/1/156
f 1413/1/157 1415/1/157 1416/1/157
f 1413/1/157 1416/1/157 1414/1/157
f 1415/1/158 1417/1/158 1418/1/158
f 1415/1/158 1418/1/158 1416/1/158
f 1417/1/159 1419/1/159 1420/1/159
f 1417/1/159 1420/1/159 1418/1/159
f 1419/1/160 1421/1/160 1422/1/160
f 1419/1/160 1422/1/160 1420/1/160
f 1421/1/161 1423/1/161 1424/1/161
f 1421/1/161 1424/1/161 1422/1/161
f 1423/1/162 1361/1/162 1364/1/162
f 1423/1/162 1364/1/162 1424/1/162
f 1364/1/4 1363/1/4 1329/1/4
f 1364/1/4 1329/1/4 1330/1/4
f 1363/1/4 1366/1/4 1331/1/4
f 1363/1/4 1331/1/4 1329/1/4
f 1366/1/4 1368/1/4 1332/1/4
f 1366/1/4 1332/1/4 1331/1/4
f 1368/1/4 1370/1/4 1333/1/4
f 1368/1/4 1333/1/4 1332/1/4
f 1370/1/4 1372/1/4 1334/1/4
f 1370/1/4 1334/1/4 1333/1/4
f 1372/1/4 1374/1/4 1335/1/4
f 1372/1/4 1335/1/4 1334/1/4
f 1374/1/4 1376/1/4 1336/1/4
f 1374/1/4 1336/1/4 1335/1/4
f 1376/1/4 1378/1/4 1337/1/4
f 1376/1/4 1337/1/4 1336/1/4
f 1378/1/4 1380/1/4 1338/1/4
f 1378/1/4 1338/1/4 1337/1/4
f 1380/1/4 1382/1/4 1339/1/4
f 1380/1/4 1339/1/4 1338/1/4
f 1382/1/4 1384/1/4 1340/1/4
f 1382/1/4 1340/1/4 1339/1/4
f 1384/1/4 1386/1/4 1341/1/4
f 1384/1/4 1341/1/4 1340/1/4
f 1386/1/4 1388/1/4 1342/1/4
f 1386/1/4 1342/1/4 1341/1/4
f 1388/1/4 1390/1/4 1343/1/4
f 1388/1/4 1343/1/4 1342/1/4
f 1390/1/4 1392/1/4 1344/1/4
f 1390/1/4 1344/1/4 1343/1/4
f 1392/1/4 1394/1/4 1345/1/4
f 1392/1/4 1345/1/4 1344/1/4
f 1394/1/4 1396/1/4 1346/1/4
f 1394/1/4 1346/1/4 1345/1/4
f 1396/1/4 1398/1/4 1347/1/4
f 1396/1/4 1347/1/4 1346/1/4
f 1398/1/4 1400/1/4 1348/1/4
f 1398/1/4 1348/1/4 1347/1/4
f 1400/1/4 1402/1/4 1349/1/4
f 1400/1/4 1349/1/4 1348/1/4
f 1402/1/4 1404/1/4 1350/1/4
f 1402/1/4 1350/1/4 1349/1/4
f 1404/1/4 1406/1/4 1351/1/4
f 1404/1/4 1351/1/4 1350/1/4
f 1406/1/4 1408/1/4 1352/1/4
f 1406/1/4 1352/1/4 1351/1/4
f 1408/1/4 1410/1/4 1353/1/4
f 1408/1/4 1353/1/4 1352/1/4
f 1410/1/4 1412/1/4 1354/1/4
f 1410/1/4 1354/1/4 1353/1/4
f 1412/1/4 1414/1/4 1355/1/4
f 1412/1/4 1355/1/4 1354/1/4
f 1414/1/4 1416/1/4 1356/1/4
f 1414/1/4 1356/1/4 1355/1/4
f 1416/1/4 1418/1/4 1357/1/4
f 1416/1/4 1357/1/4 1356/1/4
f 1418/1/4 1420/1/4 1358/1/4
f 1418/1/4 1358/1/4 1357/1/4
f 1420/1/4 1422/1/4 1359/1/4
f 1420/1/4 1359/1/4 1358/1/4
f 1422/1/4 1424/1/4 1360/1/4
f 1422/1/4 1360/1/4 1359/1/4
f 1424/1/4 1364/1/4 1330/1/4
f 1424/1/4 1330/1/4 1360/1/4
f 1330/1/99 1329/1/99 1425/1/99
f 1330/1/99 1425/1/99 1426/1/99
f 1329/1/100 1331/1/100 1427/1/100
f 1329/1/100 1427/1/100 1425/1/100
f 1331/1/101 1332/1/101 1428/1/101
f 1331/1/101 1428/1/101 1427/1/101
f 1332/1/102 1333/1/102 1429/1/102
f 1332/1/102 1429/1/102 1428/1/102
f 1333/1/103 1334/1/103 1430/1/103
f 1333/1/103 1430/1/103 1429/1/103
f 1334/1/104 1335/1/104 1431/1/104
f 1334/1/104 1431/1/104 1430/1/104
f 1335/1/105 1336/1/105 1432/1/105
f 1335/1/105 1432/1/105 1431/1/105
f 1336/1/106 1337/1/106 1433/1/106
f 1336/1/106 1433/1/106 1432/1/106
f 1337/1/107 1338/1/107 1434/1/107
f 1337/1/107 1434/1/107 1433/1/107
f 1338/1/108 1339/1/108 1435/1/108
f 1338/1/108 1435/1/108 1434/1/108
f 1339/1/109 1340/1/109 1436/1/109
f 1339/1/109 1436/1/109 1435/1/109
f 1340/1/110 1341/1/110 1437/1/110
f 1340/1/110 1437/1/110 1436/1/110
f 1341/1/111 1342/1/111 1438/1/111
f 1341/1/111 1438/1/111 1437/1/111
f 1342/1/112 1343/1/112 1439/1/112
f 1342/1/112 1439/1/112 1438/1/112
f 1343/1/113 1344/1/113 1440/1/113
f 1343/1/113 1440/1/113 1439/1/113
f 1344/1/114 1345/1/114 1441/1/114
f 1344/1/114 1441/1/114 1440/1/114
f 1345/1/115 1346/1/115 1442/1/115
f 1345/1/115 1442/1/115 1441/1/115
f 1346/1/116 1347/1/116 1443/1/116
f 1346/1/116 1443/1/116 1442/1/116
f 1347/1/117 1348/1/117 1444/1/117
f 1347/1/117 1444/1/117 1443/1/117
f 1348/1/118 1349/1/118 1445/1/118
f 1348/1/118 1445/1/118 1444/1/118
f 1349/1/119 1350/1/119 1446/1/119
f 1349/1/119 1446/1/119 1445/1/119
f 1350/1/120 1351/1/120 1447/1/120
f 1350/1/120 1447/1/120 1446/1/120
f 1351/1/121 1352/1/121 1448/1/121
f 1351/1/121 1448/1/121 1447/1/121
f 1352/1/122 1353/1/122 1449/1/122
f 1352/1/122 1449/1/122 1448/1/122
f 1353/1/123 1354/1/123 1450/1/123
f 1353/1/123 1450/1/123 1449/1/123
f 1354/1/124 1355/1/124 1451/1/124
f 1354/1/124 1451/1/124 1450/1/124
f 1355/1/125 1356/1/125 1452/1/125
f 1355/1/125 1452/1/125 1451/1/125
f 1356/1/126 1357/1/126 1453/1/126
f 1356/1/126 1453/1/126 1452/1/126
f 1357/1/127 1358/1/127 1454/1/127
f 1357/1/127 1454/1/127 1453/1/127
f 1358/1/128 1359/1/128 1455/1/128
f 1358/1/128 1455/1/128 1454/1/128
f 1359/1/129 1360/1/129 1456/1/129
f 1359/1/129 1456/1/129 1455/1/129
f 1360/1/130 1330/1/130 1426/1/130
f 1360/1/130 1426/1/130 1456/1/130
f 1426/1/3 1425/1/3 1362/1/3
f 1426/1/3 1362/1/3 1361/1/3
f 1425/1/3 1427/1/3 1365/1/3
f 1425/1/3 1365/1/3 1362/1/3
f 1427/1/3 1428/1/3 1367/1/3
f 1427/1/3 1367/1/3 1365/1/3
f 1428/1/3 1429/1/3 1369/1/3
f 1428/1/3 1369/1/3 1367/1/3
f 1429/1/3 1430/1/3 1371/1/3
f 1429/1/3 1371/1/3 1369/1/3
f 1430/1/3 1431/1/3 1373/1/3
f 1430/1/3 1373/1/3 1371/1/3
f 1431/1/3 1432/1/3 1375/1/3
f 1431/1/3 1375/1/3 1373/1/3
f 1432/1/3 1433/1/3 1377/1/3
f 1432/1/3 1377/1/3 1375/1/3
f 1433/1/3 1434/1/3 1379/1/3
f 1433/1/3 1379/1/3 1377/1/3
f 1434/1/3 1435/1/3 1381/1/3
f 1434/1/3 1381/1/3 1379/1/3
f 1435/1/3 1436/1/3 1383/1/3
f 1435/1/3 1383/1/3 1381/1/3
f 1436/1/3 1437/1/3 1385/1/3
f 1436/1/3 1385/1/3 1383/1/3
f 1437/1/3 1438/1/3 1387/1/3
f 1437/1/3 1387/1/3 1385/1/3
f 1438/1/3 1439/1/3 1389/1/3
f 1438/1/3 1389/1/3 1387/1/3
f 1439/1/3 1440/1/3 1391/1/3
f 1439/1/3 1391/1/3 1389/1/3
f 1440/1/3 1441/1/3 1393/1/3
f 1440/1/3 1393/1/3 1391/1/3
f 1441/1/3 1442/1/3 1395/1/3
f 1441/1/3 1395/1/3 1393/1/3
f 1442/1/3 1443/1/3 1397/1/3
f 1442/1/3 1397/1/3 1395/1/3
f 1443/1/3 1444/1/3 1399/1/3
f 1443/1/3 1399/1/3 1397/1/3
f 1444/1/3 1445/1/3 1401/1/3
f 1444/1/3 1401/1/3 1399/1/3
f 1445/1/3 1446/1/3 1403/1/3
f 1445/1/3 1403/1/3 1401/1/3
f 1446/1/3 1447/1/3 1405/1/3
f 1446/1/3 1405/1/3 1403/1/3
f 1447/1/3 1448/1/3 1407/1/3
f 1447/1/3 1407/1/3 1405/1/3
f 1448/1/3 1449/1/3 1409/1/3
f 1448/1/3 1409/1/3 1407/1/3
f 1449/1/3 1450/1/3 1411/1/3
f 1449/1/3 1411/1/3 1409/1/3
f 1450/1/3 1451/1/3 1413/1/3
f 1450/1/3 1413/1/3 1411/1/3
f 1451/1/3 1452/1/3 1415/1/3
f 1451/1/3 1415/1/3 1413/1/3
f 1452/1/3 1453/1/3 1417/1/3
f 1452/1/3 1417/1/3 1415/1/3
f 1453/1/3 1454/1/3 1419/1/3
f 1453/1/3 1419/1/3 1417/1/3
f 1454/1/3 1455/1/3 1421/1/3
f 1454/1/3 1421/1/3 1419/1/3
f 1455/1/3 1456/1/3 1423/1/3
f 1455/1/3 1423/1/3 1421/1/3
f 1456/1/3 1426/1/3 1361/1/3
f 1456/1/3 1361/1/3 1423/1/3
usemtl mat_3
f 1457/1/3 1458/1/3 1459/1/3
f 1459/1/3 1460/1/3 1461/1/3
f 1461/1/3 1462/1/3 1457/1/3
f 1459/1/3 1461/1/3 1457/1/3
f 1463/1/4 1464/1/4 1465/1/4
f 1465/1/4 1466/1/4 1467/1/4
f 1467/1/4 1468/1/4 1463/1/4
f 1465/1/4 1467/1/4 1463/1/4
f 1457/1/163 1462/1/163 1465/1/163
f 1457/1/163 1465/1/163 1464/1/163
f 1462/1/5 1461/1/5 1466/1/5
f 1462/1/5 1466/1/5 1465/1/5
f 1461/1/164 1460/1/164 1467/1/164
f 1461/1/164 1467/1/164 1466/1/164
f 1460/1/165 1459/1/165 1468/1/165
f 1460/1/165 1468/1/165 1467/1/165
f 1459/1/6 1458/1/6 1463/1/6
f 1459/1/6 1463/1/6 1468/1/6
f 1458/1/166 1457/1/166 1464/1/166
f 1458/1/166 1464/1/166 1463/1/166
f 1469/1/3 1470/1/3 1471/1/3
f 1471/1/3 1472/1/3 1473/1/3
f 1473/1/3 1474/1/3 1469/1/3
f 1471/1/3 1473/1/3 1469/1/3
f 1475/1/4 1476/1/4 1477/1/4
f 1477/1/4 1478/1/4 1479/1/4
f 1479/1/4 1480/1/4 1475/1/4
f 1477/1/4 1479/1/4 1475/1/4
f 1469/1/163 1474/1/163 1477/1/163
f 1469/1/163 1477/1/163 1476/1/163
f 1474/1/5 1473/1/5 1478/1/5
f 1474/1/5 1478/1/5 1477/1/5
f 1473/1/164 1472/1/164 1479/1/164
f 1473/1/164 1479/1/164 1478/1/164
f 1472/1/165 1471/1/165 1480/1/165
f 1472/1/165 1480/1/165 1479/1/165
f 1471/1/6 1470/1/6 1475/1/6
f 1471/1/6 1475/1/6 1480/1/6
f 1470/1/166 1469/1/166 1476/1/166
f 1470/1/166 1476/1/166 1475/1/166
f 1481/1/3 1482/1/3 1483/1/3
f 1483/1/3 1484/1/3 1485/1/3
f 1485/1/3 1486/1/3 1481/1/3
f 1483/1/3 1485/1/3 1481/1/3
f 1487/1/4 1488/1/4 1489/1/4
f 1489/1/4 1490/1/4 1491/1/4
f 1491/1/4 1492/1/4 1487/1/4
f 1489/1/4 1491/1/4 1487/1/4
f 1481/1/163 1486/1/163 1489/1/163
f 1481/1/163 1489/1/163 1488/1/163
f 1486/1/5 1485/1/5 1490/1/5
f 1486/1/5 1490/1/5 1489/1/5
f 1485/1/164 1484/1/164 1491/1/164
f 1485/1/164 1491/1/164 1490/1/164
f 1484/1/165 1483/1/165 1492/1/165
f 1484/1/165 1492/1/165 1491/1/165
f 1483/1/6 1482/1/6 1487/1/6
f 1483/1/6 1487/1/6 1492/1/6
f 1482/1/166 1481/1/166 1488/1/166
f 1482/1/166 1488/1/166 1487/1/166
f 1493/1/3 1494/1/3 1495/1/3
f 1495/1/3 1496/1/3 1497/1/3
f 1497/1/3 1498/1/3 1493/1/3
f 1495/1/3 1497/1/3 1493/1/3
f 1499/1/4 1500/1/4 1501/1/4
f 1501/1/4 1502/1/4 1503/1/4
f 1503/1/4 1504/1/4 1499/1/4
f 1501/1/4 1503/1/4 1499/1/4
f 1493/1/163 1498/1/163 1501/1/163
f 1493/1/163 1501/1/163 1500/1/163
f 1498/1/5 1497/1/5 1502/1/5
f 1498/1/5 1502/1/5 1501/1/5
f 1497/1/164 1496/1/164 1503/1/164
f 1497/1/164 1503/1/164 1502/1/164
f 1496/1/165 1495/1/165 1504/1/165
f 1496/1/165 1504/1/165 1503/1/165
f 1495/1/6 1494/1/6 1499/1/6
f 1495/1/6 1499/1/6 1504/1/6
f 1494/1/166 1493/1/166 1500/1/166
f 1494/1/166 1500/1/166 1499/1/166
f 1505/1/3 1506/1/3 1507/1/3
f 1507/1/3 1508/1/3 1509/1/3
f 1509/1/3 1510/1/3 1505/1/3
f 1507/1/3 1509/1/3 1505/1/3
f 1511/1/4 1512/1/4 1513/1/4
f 1513/1/4 1514/1/4 1515/1/4
f 1515/1/4 1516/1/4 1511/1/4
f 1513/1/4 1515/1/4 1511/1/4
f 1505/1/163 1510/1/163 1513/1/163
f 1505/1/163 1513/1/163 1512/1/163
f 1510/1/5 1509/1/5 1514/1/5
f 1510/1/5 1514/1/5 1513/1/5
f 1509/1/164 1508/1/164 1515/1/164
f 1509/1/164 1515/1/164 1514/1/164
f 1508/1/165 1507/1/165 1516/1/165
f 1508/1/165 1516/1/165 1515/1/165
f 1507/1/6 1506/1/6 1511/1/6
f 1507/1/6 1511/1/6 1516/1/6
f 1506/1/166 1505/1/166 1512/1/166
f 1506/1/166 1512/1/166 1511/1/166
f 1517/1/3 1518/1/3 1519/1/3
f 1519/1/3 1520/1/3 1521/1/3
f 1521/1/3 1522/1/3 1517/1/3
f 1519/1/3 1521/1/3 1517/1/3
f 1523/1/4 1524/1/4 1525/1/4
f 1525/1/4 1526/1/4 1527/1/4
f 1527/1/4 1528/1/4 1523/1/4
f 1525/1/4 1527/1/4 1523/1/4
f 1517/1/163 1522/1/163 1525/1/163
f 1517/1/163 1525/1/163 1524/1/163
f 1522/1/5 1521/1/5 1526/1/5
f 1522/1/5 1526/1/5 1525/1/5
f 1521/1/164 1520/1/164 1527/1/164
f 1521/1/164 1527/1/164 1526/1/164
f 1520/1/165 1519/1/165 1528/1/165
f 1520/1/165 1528/1/165 1527/1/165
f 1519/1/6 1518/1/6 1523/1/6
f 1519/1/6 1523/1/6 1528/1/6
f 1518/1/166 1517/1/166 1524/1/166
f 1518/1/166 1524/1/166 1523/1/166
f 1529/1/3 1530/1/3 1531/1/3
f 1531/1/3 1532/1/3 1533/1/3
f 1533/1/3 1534/1/3 1529/1/3
f 1531/1/3 1533/1/3 1529/1/3
f 1535/1/4 1536/1/4 1537/1/4
f 1537/1/4 1538/1/4 1539/1/4
f 1539/1/4 1540/1/4 1535/1/4
f 1537/1/4 1539/1/4 1535/1/4
f 1529/1/163 1534/1/163 1537/1/163
f 1529/1/163 1537/1/163 1536/1/163
f 1534/1/5 1533/1/5 1538/1/5
f 1534/1/5 1538/1/5 1537/1/5
f 1533/1/164 1532/1/164 1539/1/164
f 1533/1/164 1539/1/164 1538/1/164
f 1532/1/165 1531/1/165 1540/1/165
f 1532/1/165 1540/1/165 1539/1/165
f 1531/1/6 1530/1/6 1535/1/6
f 1531/1/6 1535/1/6 1540/1/6
f 1530/1/166 1529/1/166 1536/1/166
f 1530/1/166 1536/1/166 1535/1/166
f 1541/1/3 1542/1/3 1543/1/3
f 1543/1/3 1544/1/3 1545/1/3
f 1545/1/3 1546/1/3 1541/1/3
f 1543/1/3 1545/1/3 1541/1/3
f 1547/1/4 1548/1/4 1549/1/4
f 1549/1/4 1550/1/4 1551/1/4
f 1551/1/4 1552/1/4 1547/1/4
f 1549/1/4 1551/1/4 1547/1/4
f 1541/1/163 1546/1/163 1549/1/163
f 1541/1/163 1549/1/163 1548/1/163
f 1546/1/5 1545/1/5 1550/1/5
f 1546/1/5 1550/1/5 1549/1/5
f 1545/1/164 1544/1/164 1551/1/164
f 1545/1/164 1551/1/164 1550/1/164
f 1544/1/165 1543/1/165 1552/1/165
f 1544/1/165 1552/1/165 1551/1/165
f 1543/1/6 1542/1/6 1547/1/6
f 1543/1/6 1547/1/6 1552/1/6
f 1542/1/166 1541/1/166 1548/1/166
f 1542/1/166 1548/1/166 1547/1/166
f 1553/1/3 1554/1/3 1555/1/3
f 1555/1/3 1556/1/3 1557/1/3
f 1557/1/3 1558/1/3 1553/1/3
f 1555/1/3 1557/1/3 1553/1/3
f 1559/1/4 1560/1/4 1561/1/4
f 1561/1/4 1562/1/4 1563/1/4
f 1563/1/4 1564/1/4 1559/1/4
f 1561/1/4 1563/1/4 1559/1/4
f 1553/1/163 1558/1/163 1561/1/163
f 1553/1/163 1561/1/163 1560/1/163
f 1558/1/5 1557/1/5 1562/1/5
f 1558/1/5 1562/1/5 1561/1/5
f 1557/1/164 1556/1/164 1563/1/164
f 1557/1/164 1563/1/164 1562/1/164
f 1556/1/165 1555/1/165 1564/1/165
f 1556/1/165 1564/1/165 1563/1/165
f 1555/1/6 1554/1/6 1559/1/6
f 1555/1/6 1559/1/6 1564/1/6
f 1554/1/166 1553/1/166 1560/1/166
f 1554/1/166 1560/1/166 1559/1/166
f 1565/1/3 1566/1/3 1567/1/3
f 1567/1/3 1568/1/3 1569/1/3
f 1569/1/3 1570/1/3 1565/1/3
f 1567/1/3 1569/1/3 1565/1/3
f 1571/1/4 1572/1/4 1573/1/4
f 1573/1/4 1574/1/4 1575/1/4
f 1575/1/4 1576/1/4 1571/1/4
f 1573/1/4 1575/1/4 1571/1/4
f 1565/1/163 1570/1/163 1573/1/163
f 1565/1/163 1573/1/163 1572/1/163
f 1570/1/5 1569/1/5 1574/1/5
f 1570/1/5 1574/1/5 1573/1/5
f 1569/1/164 1568/1/164 1575/1/164
f 1569/1/164 1575/1/164 1574/1/164
f 1568/1/165 1567/1/165 1576/1/165
f 1568/1/165 1576/1/165 1575/1/165
f 1567/1/6 1566/1/6 1571/1/6
f 1567/1/6 1571/1/6 1576/1/6
f 1566/1/166 1565/1/166 1572/1/166
f 1566/1/166 1572/1/166 1571/1/166
f 1577/1/3 1578/1/3 1579/1/3
f 1579/1/3 1580/1/3 1581/1/3
f 1581/1/3 1582/1/3 1577/1/3
f 1579/1/3 1581/1/3 1577/1/3
f 1583/1/4 1584/1/4 1585/1/4
f 1585/1/4 1586/1/4 1587/1/4
f 1587/1/4 1588/1/4 1583/1/4
f 1585/1/4 1587/1/4 1583/1/4
f 1577/1/163 1582/1/163 1585/1/163
f 1577/1/163 1585/1/163 1584/1/163
f 1582/1/5 1581/1/5 1586/1/5
f 1582/1/5 1586/1/5 1585/1/5
f 1581/1/164 1580/1/164 1587/1/164
f 1581/1/164 1587/1/164 1586/1/164
f 1580/1/165 1579/1/165 1588/1/165
f 1580/1/165 1588/1/165 1587/1/165
f 1579/1/6 1578/1/6 1583/1/6
f 1579/1/6 1583/1/6 1588/1/6
f 1578/1/166 1577/1/166 1584/1/166
f 1578/1/166 1584/1/166 1583/1/166
f 1589/1/3 1590/1/3 1591/1/3
f 1591/1/3 1592/1/3 1593/1/3
f 1593/1/3 1594/1/3 1589/1/3
f 1591/1/3 1593/1/3 1589/1/3
f 1595/1/4 1596/1/4 1597/1/4
f 1597/1/4 1598/1/4 1599/1/4
f 1599/1/4 1600/1/4 1595/1/4
f 1597/1/4 1599/1/4 1595/1/4
f 1589/1/163 1594/1/163 1597/1/163
f 1589/1/163 1597/1/163 1596/1/163
f 1594/1/5 1593/1/5 1598/1/5
f 1594/1/5 1598/1/5 1597/1/5
f 1593/1/164 1592/1/164 1599/1/164
f 1593/1/164 1599/1/164 1598/1/164
f 1592/1/165 1591/1/165 1600/1/165
f 1592/1/165 1600/1/165 1599/1/165
f 1591/1/6 1590/1/6 1595/1/6
f 1591/1/6 1595/1/6 1600/1/6
f 1590/1/166 1589/1/166 1596/1/166
f 1590/1/166 1596/1/166 1595/1/166
usemtl mat_4
f 1601/1/1 1602/1/1 1603/1/1
f 1601/1/1 1603/1/1 1604/1/1
f 1605/1/2 1606/1/2 1607/1/2
f 1605/1/2 1607/1/2 1608/1/2
f 1601/1/3 1604/1/3 1606/1/3
f 1601/1/3 1606/1/3 1605/1/3
f 1602/1/4 1608/1/4 1607/1/4
f 1602/1/4 1607/1/4 1603/1/4
f 1601/1/5 1605/1/5 1608/1/5
f 1601/1/5 1608/1/5 1602/1/5
f 1604/1/6 1603/1/6 1607/1/6
f 1604/1/6 1607/1/6 1606/1/6
usemtl mat_1
f 1609/1/3 1610/1/3 1611/1/3
f 1611/1/3 1612/1/3 1613/1/3
f 1613/1/3 1614/1/3 1615/1/3
f 1615/1/3 1616/1/3 1617/1/3
f 1617/1/3 1618/1/3 1619/1/3
f 1619/1/3 1620/1/3 1621/1/3
f 1621/1/3 1622/1/3 1623/1/3
f 1623/1/3 1624/1/3 1625/1/3
f 1625/1/3 1626/1/3 1627/1/3
f 1627/1/3 1628/1/3 1629/1/3
f 1629/1/3 1630/1/3 1631/1/3
f 1631/1/3 1632/1/3 1633/1/3
f 1633/1/3 1634/1/3 1635/1/3
f 1635/1/3 1636/1/3 1637/1/3
f 1637/1/3 1638/1/3 1639/1/3
f 1639/1/3 1640/1/3 1609/1/3
f 1609/1/3 1611/1/3 1613/1/3
f 1613/1/3 1615/1/3 1617/1/3
f 1617/1/3 1619/1/3 1621/1/3
f 1621/1/3 1623/1/3 1625/1/3
f 1625/1/3 1627/1/3 1629/1/3
f 1629/1/3 1631/1/3 1633/1/3
f 1633/1/3 1635/1/3 1637/1/3
f 1637/1/3 1639/1/3 1609/1/3
f 1609/1/3 1613/1/3 1617/1/3
f 1617/1/3 1621/1/3 1625/1/3
f 1625/1/3 1629/1/3 1633/1/3
f 1633/1/3 1637/1/3 1609/1/3
f 1609/1/3 1617/1/3 1625/1/3
f 1625/1/3 1633/1/3 1609/1/3
f 1641/1/4 1642/1/4 1643/1/4
f 1643/1/4 1644/1/4 1645/1/4
f 1645/1/4 1646/1/4 1647/1/4
f 1647/1/4 1648/1/4 1649/1/4
f 1649/1/4 1650/1/4 1651/1/4
f 1651/1/4 1652/1/4 1653/1/4
f 1653/1/4 1654/1/4 1655/1/4
f 1655/1/4 1656/1/4 1657/1/4
f 1657/1/4 1658/1/4 1659/1/4
f 1659/1/4 1660/1/4 1661/1/4
f 1661/1/4 1662/1/4 1663/1/4
f 1663/1/4 1664/1/4 1665/1/4
f 1665/1/4 1666/1/4 1667/1/4
f 1667/1/4 1668/1/4 1669/1/4
f 1669/1/4 1670/1/4 1671/1/4
f 1671/1/4 1672/1/4 1641/1/4
f 1641/1/4 1643/1/4 1645/1/4
f 1645/1/4 1647/1/4 1649/1/4
f 1649/1/4 1651/1/4 1653/1/4
f 1653/1/4 1655/1/4 1657/1/4
f 1657/1/4 1659/1/4 1661/1/4
f 1661/1/4 1663/1/4 1665/1/4
f 1665/1/4 1667/1/4 1669/1/4
f 1669/1/4 1671/1/4 1641/1/4
f 1641/1/4 1645/1/4 1649/1/4
f 1649/1/4 1653/1/4 1657/1/4
f 1657/1/4 1661/1/4 1665/1/4
f 1665/1/4 1669/1/4 1641/1/4
f 1641/1/4 1649/1/4 1657/1/4
f 1657/1/4 1665/1/4 1641/1/4
f 1609/1/167 1640/1/167 1643/1/167
f 1609/1/167 1643/1/167 1642/1/167
f 1640/1/168 1639/1/168 1644/1/168
f 1640/1/168 1644/1/168 1643/1/168
f 1639/1/169 1638/1/169 1645/1/169
f 1639/1/169 1645/1/169 1644/1/169
f 1638/1/170 1637/1/170 1646/1/170
f 1638/1/170 1646/1/170 1645/1/170
f 1637/1/171 1636/1/171 1647/1/171
f 1637/1/171 1647/1/171 1646/1/171
f 1636/1/172 1635/1/172 1648/1/172
f 1636/1/172 1648/1/172 1647/1/172
f 1635/1/173 1634/1/173 1649/1/173
f 1635/1/173 1649/1/173 1648/1/173
f 1634/1/174 1633/1/174 1650/1/174
f 1634/1/174 1650/1/174 1649/1/174
f 1633/1/175 1632/1/175 1651/1/175
f 1633/1/175 1651/1/175 1650/1/175
f 1632/1/176 1631/1/176 1652/1/176
f 1632/1/176 1652/1/176 1651/1/176
f 1631/1/177 1630/1/177 1653/1/177
f 1631/1/177 1653/1/177 1652/1/177
f 1630/1/178 1629/1/178 1654/1/178
f 1630/1/178 1654/1/178 1653/1/178
f 1629/1/179 1628/1/179 1655/1/179
f 1629/1/179 1655/1/179 1654/1/179
f 1628/1/180 1627/1/180 1656/1/180
f 1628/1/180 1656/1/180 1655/1/180
f 1627/1/181 1626/1/181 1657/1/181
f 1627/1/181 1657/1/181 1656/1/181
f 1626/1/182 1625/1/182 1658/1/182
f 1626/1/182 1658/1/182 1657/1/182
f 1625/1/183 1624/1/183 1659/1/183
f 1625/1/183 1659/1/183 1658/1/183
f 1624/1/184 1623/1/184 1660/1/184
f 1624/1/184 1660/1/184 1659/1/184
f 1623/1/185 1622/1/185 1661/1/185
f 1623/1/185 1661/1/185 1660/1/185
f 1622/1/186 1621/1/186 1662/1/186
f 1622/1/186 1662/1/186 1661/1/186
f 1621/1/187 1620/1/187 1663/1/187
f 1621/1/187 1663/1/187 1662/1/187
f 1620/1/188 1619/1/188 1664/1/188
f 1620/1/188 1664/1/188 1663/1/188
f 1619/1/189 1618/1/189 1665/1/189
f 1619/1/189 1665/1/189 1664/1/189
f 1618/1/190 1617/1/190 1666/1/190
f 1618/1/190 1666/1/190 1665/1/190
f 1617/1/191 1616/1/191 1667/1/191
f 1617/1/191 1667/1/191 1666/1/191
f 1616/1/192 1615/1/192 1668/1/192
f 1616/1/192 1668/1/192 1667/1/192
f 1615/1/193 1614/1/193 1669/1/193
f 1615/1/193 1669/1/193 1668/1/193
f 1614/1/194 1613/1/194 1670/1/194
f 1614/1/194 1670/1/194 1669/1/194
f 1613/1/195 1612/1/195 1671/1/195
f 1613/1/195 1671/1/195 1670/1/195
f 1612/1/196 1611/1/196 1672/1/196
f 1612/1/196 1672/1/196 1671/1/196
f 1611/1/197 1610/1/197 1641/1/197
f 1611/1/197 1641/1/197 1672/1/197
f 1610/1/198 1609/1/198 1642/1/198
f 1610/1/198 1642/1/198 1641/1/198
usemtl mat_4
f 1673/1/3 1674/1/3 1675/1/3
f 1675/1/3 1676/1/3 1677/1/3
f 1677/1/3 1678/1/3 1679/1/3
f 1679/1/3 1680/1/3 1681/1/3
f 1681/1/3 1682/1/3 1683/1/3
f 1683/1/3 1684/1/3 1685/1/3
f 1685/1/3 1686/1/3 1687/1/3
f 1687/1/3 1688/1/3 1689/1/3
f 1689/1/3 1690/1/3 1691/1/3
f 1691/1/3 1692/1/3 1693/1/3
f 1693/1/3 1694/1/3 1695/1/3
f 1695/1/3 1696/1/3 1697/1/3
f 1697/1/3 1698/1/3 1699/1/3
f 1699/1/3 1700/1/3 1701/1/3
f 1701/1/3 1702/1/3 1703/1/3
f 1703/1/3 1704/1/3 1673/1/3
f 1673/1/3 1675/1/3 1677/1/3
f 1677/1/3 1679/1/3 1681/1/3
f 1681/1/3 1683/1/3 1685/1/3
f 1685/1/3 1687/1/3 1689/1/3
f 1689/1/3 1691/1/3 1693/1/3
f 1693/1/3 1695/1/3 1697/1/3
f 1697/1/3 1699/1/3 1701/1/3
f 1701/1/3 1703/1/3 1673/1/3
f 1673/1/3 1677/1/3 1681/1/3
f 1681/1/3 1685/1/3 1689/1/3
f 1689/1/3 1693/1/3 1697/1/3
f 1697/1/3 1701/1/3 1673/1/3
f 1673/1/3 1681/1/3 1689/1/3
f 1689/1/3 1697/1/3 1673/1/3
f 1705/1/4 1706/1/4 1707/1/4
f 1707/1/4 1708/1/4 1709/1/4
f 1709/1/4 1710/1/4 1711/1/4
f 1711/1/4 1712/1/4 1713/1/4
f 1713/1/4 1714/1/4 1715/1/4
f 1715/1/4 1716/1/4 1717/1/4
f 1717/1/4 1718/1/4 1719/1/4
f 1719/1/4 1720/1/4 1721/1/4
f 1721/1/4 1722/1/4 1723/1/4
f 1723/1/4 1724/1/4 1725/1/4
f 1725/1/4 1726/1/4 1727/1/4
f 1727/1/4 1728/1/4 1729/1/4
f 1729/1/4 1730/1/4 1731/1/4
f 1731/1/4 1732/1/4 1733/1/4
f 1733/1/4 1734/1/4 1735/1/4
f 1735/1/4 1736/1/4 1705/1/4
f 1705/1/4 1707/1/4 1709/1/4
f 1709/1/4 1711/1/4 1713/1/4
f 1713/1/4 1715/1/4 1717/1/4
f 1717/1/4 1719/1/4 1721/1/4
f 1721/1/4 1723/1/4 1725/1/4
f 1725/1/4 1727/1/4 1729/1/4
f 1729/1/4 1731/1/4 1733/1/4
f 1733/1/4 1735/1/4 1705/1/4
f 1705/1/4 1709/1/4 1713/1/4
f 1713/1/4 1717/1/4 1721/1/4
f 1721/1/4 1725/1/4 1729/1/4
f 1729/1/4 1733/1/4 1705/1/4
f 1705/1/4 1713/1/4 1721/1/4
f 1721/1/4 1729/1/4 1705/1/4
f 1673/1/199 1704/1/199 1707/1/199
f 1673/1/199 1707/1/199 1706/1/199
f 1704/1/200 1703/1/200 1708/1/200
f 1704/1/200 1708/1/200 1707/1/200
f 1703/1/201 1702/1/201 1709/1/201
f 1703/1/201 1709/1/201 1708/1/201
f 1702/1/202 1701/1/202 1710/1/202
f 1702/1/202 1710/1/202 1709/1/202
f 1701/1/203 1700/1/203 1711/1/203
f 1701/1/203 1711/1/203 1710/1/203
f 1700/1/204 1699/1/204 1712/1/204
f 1700/1/204 1712/1/204 1711/1/204
f 1699/1/205 1698/1/205 1713/1/205
f 1699/1/205 1713/1/205 1712/1/205
f 1698/1/206 1697/1/206 1714/1/206
f 1698/1/206 1714/1/206 1713/1/206
f 1697/1/207 1696/1/207 1715/1/207
f 1697/1/207 1715/1/207 1714/1/207
f 1696/1/208 1695/1/208 1716/1/208
f 1696/1/208 1716/1/208 1715/1/208
f 1695/1/209 1694/1/209 1717/1/209
f 1695/1/209 1717/1/209 1716/1/209
f 1694/1/210 1693/1/210 1718/1/210
f 1694/1/210 1718/1/210 1717/1/210
f 1693/1/211 1692/1/211 1719/1/211
f 1693/1/211 1719/1/211 1718/1/211
f 1692/1/212 1691/1/212 1720/1/212
f 1692/1/212 1720/1/212 1719/1/212
f 1691/1/213 1690/1/213 1721/1/213
f 1691/1/213 1721/1/213 1720/1/213
f 1690/1/214 1689/1/214 1722/1/214
f 1690/1/214 1722/1/214 1721/1/214
f 1689/1/215 1688/1/215 1723/1/215
f 1689/1/215 1723/1/215 1722/1/215
f 1688/1/216 1687/1/216 1724/1/216
f 1688/1/216 1724/1/216 1723/1/216
f 1687/1/217 1686/1/217 1725/1/217
f 1687/1/217 1725/1/217 1724/1/217
f 1686/1/218 1685/1/218 1726/1/218
f 1686/1/218 1726/1/218 1725/1/218
f 1685/1/219 1684/1/219 1727/1/219
f 1685/1/219 1727/1/219 1726/1/219
f 1684/1/220 1683/1/220 1728/1/220
f 1684/1/220 1728/1/220 1727/1/220
f 1683/1/221 1682/1/221 1729/1/221
f 1683/1/221 1729/1/221 1728/1/221
f 1682/1/222 1681/1/222 1730/1/222
f 1682/1/222 1730/1/222 1729/1/222
f 1681/1/223 1680/1/223 1731/1/223
f 1681/1/223 1731/1/223 1730/1/223
f 1680/1/224 1679/1/224 1732/1/224
f 1680/1/224 1732/1/224 1731/1/224
f 1679/1/225 1678/1/225 1733/1/225
f 1679/1/225 1733/1/225 1732/1/225
f 1678/1/226 1677/1/226 1734/1/226
f 1678/1/226 1734/1/226 1733/1/226
f 1677/1/227 1676/1/227 1735/1/227
f 1677/1/227 1735/1/227 1734/1/227
f 1676/1/228 1675/1/228 1736/1/228
f 1676/1/228 1736/1/228 1735/1/228
f 1675/1/229 1674/1/229 1705/1/229
f 1675/1/229 1705/1/229 1736/1/229
f 1674/1/230 1673/1/230 1706/1/230
f 1674/1/230 1706/1/230 1705/1/230
usemtl mat_3
f 1737/1/3 1738/1/3 1739/1/3
f 1739/1/3 1740/1/3 1741/1/3
f 1741/1/3 1742/1/3 1737/1/3
f 1739/1/3 1741/1/3 1737/1/3
f 1743/1/4 1744/1/4 1745/1/4
f 1745/1/4 1746/1/4 1747/1/4
f 1747/1/4 1748/1/4 1743/1/4
f 1745/1/4 1747/1/4 1743/1/4
f 1737/1/231 1742/1/231 1745/1/231
f 1737/1/231 1745/1/231 1744/1/231
f 1742/1/5 1741/1/5 1746/1/5
f 1742/1/5 1746/1/5 1745/1/5
f 1741/1/232 1740/1/232 1747/1/232
f 1741/1/232 1747/1/232 1746/1/232
f 1740/1/233 1739/1/233 1748/1/233
f 1740/1/233 1748/1/233 1747/1/233
f 1739/1/6 1738/1/6 1743/1/6
f 1739/1/6 1743/1/6 1748/1/6
f 1738/1/234 1737/1/234 1744/1/234
f 1738/1/234 1744/1/234 1743/1/234
f 1749/1/3 1750/1/3 1751/1/3
f 1751/1/3 1752/1/3 1753/1/3
f 1753/1/3 1754/1/3 1749/1/3
f 1751/1/3 1753/1/3 1749/1/3
f 1755/1/4 1756/1/4 1757/1/4
f 1757/1/4 1758/1/4 1759/1/4
f 1759/1/4 1760/1/4 1755/1/4
f 1757/1/4 1759/1/4 1755/1/4
f 1749/1/231 1754/1/231 1757/1/231
f 1749/1/231 1757/1/231 1756/1/231
f 1754/1/5 1753/1/5 1758/1/5
f 1754/1/5 1758/1/5 1757/1/5
f 1753/1/232 1752/1/232 1759/1/232
f 1753/1/232 1759/1/232 1758/1/232
f 1752/1/235 1751/1/235 1760/1/235
f 1752/1/235 1760/1/235 1759/1/235
f 1751/1/6 1750/1/6 1755/1/6
f 1751/1/6 1755/1/6 1760/1/6
f 1750/1/236 1749/1/236 1756/1/236
f 1750/1/236 1756/1/236 1755/1/236
f 1761/1/3 1762/1/3 1763/1/3
f 1763/1/3 1764/1/3 1765/1/3
f 1765/1/3 1766/1/3 1761/1/3
f 1763/1/3 1765/1/3 1761/1/3
f 1767/1/4 1768/1/4 1769/1/4
f 1769/1/4 1770/1/4 1771/1/4
f 1771/1/4 1772/1/4 1767/1/4
f 1769/1/4 1771/1/4 1767/1/4
f 1761/1/231 1766/1/231 1769/1/231
f 1761/1/231 1769/1/231 1768/1/231
f 1766/1/5 1765/1/5 1770/1/5
f 1766/1/5 1770/1/5 1769/1/5
f 1765/1/232 1764/1/232 1771/1/232
f 1765/1/232 1771/1/232 1770/1/232
f 1764/1/235 1763/1/235 1772/1/235
f 1764/1/235 1772/1/235 1771/1/235
f 1763/1/6 1762/1/6 1767/1/6
f 1763/1/6 1767/1/6 1772/1/6
f 1762/1/236 1761/1/236 1768/1/236
f 1762/1/236 1768/1/236 1767/1/236
f 1773/1/3 1774/1/3 1775/1/3
f 1775/1/3 1776/1/3 1777/1/3
f 1777/1/3 1778/1/3 1773/1/3
f 1775/1/3 1777/1/3 1773/1/3
f 1779/1/4 1780/1/4 1781/1/4
f 1781/1/4 1782/1/4 1783/1/4
f 1783/1/4 1784/1/4 1779/1/4
f 1781/1/4 1783/1/4 1779/1/4
f 1773/1/231 1778/1/231 1781/1/231
f 1773/1/231 1781/1/231 1780/1/231
f 1778/1/5 1777/1/5 1782/1/5
f 1778/1/5 1782/1/5 1781/1/5
f 1777/1/232 1776/1/232 1783/1/232
f 1777/1/232 1783/1/232 1782/1/232
f 1776/1/235 1775/1/235 1784/1/235
f 1776/1/235 1784/1/235 1783/1/235
f 1775/1/6 1774/1/6 1779/1/6
f 1775/1/6 1779/1/6 1784/1/6
f 1774/1/236 1773/1/236 1780/1/236
f 1774/1/236 1780/1/236 1779/1/236
f 1785/1/3 1786/1/3 1787/1/3
f 1787/1/3 1788/1/3 1789/1/3
f 1789/1/3 1790/1/3 1785/1/3
f 1787/1/3 1789/1/3 1785/1/3
f 1791/1/4 1792/1/4 1793/1/4
f 1793/1/4 1794/1/4 1795/1/4
f 1795/1/4 1796/1/4 1791/1/4
f 1793/1/4 1795/1/4 1791/1/4
f 1785/1/231 1790/1/231 1793/1/231
f 1785/1/231 1793/1/231 1792/1/231
f 1790/1/5 1789/1/5 1794/1/5
f 1790/1/5 1794/1/5 1793/1/5
f 1789/1/232 1788/1/232 1795/1/232
f 1789/1/232 1795/1/232 1794/1/232
f 1788/1/235 1787/1/235 1796/1/235
f 1788/1/235 1796/1/235 1795/1/235
f 1787/1/6 1786/1/6 1791/1/6
f 1787/1/6 1791/1/6 1796/1/6
f 1786/1/236 1785/1/236 1792/1/236
f 1786/1/236 1792/1/236 1791/1/236
f 1797/1/3 1798/1/3 1799/1/3
f 1799/1/3 1800/1/3 1801/1/3
f 1801/1/3 1802/1/3 1797/1/3
f 1799/1/3 1801/1/3 1797/1/3
f 1803/1/4 1804/1/4 1805/1/4
f 1805/1/4 1806/1/4 1807/1/4
f 1807/1/4 1808/1/4 1803/1/4
f 1805/1/4 1807/1/4 1803/1/4
f 1797/1/231 1802/1/231 1805/1/231
f 1797/1/231 1805/1/231 1804/1/231
f 1802/1/5 1801/1/5 1806/1/5
f 1802/1/5 1806/1/5 1805/1/5
f 1801/1/237 1800/1/237 1807/1/237
f 1801/1/237 1807/1/237 1806/1/237
f 1800/1/238 1799/1/238 1808/1/238
f 1800/1/238 1808/1/238 1807/1/238
f 1799/1/6 1798/1/6 1803/1/6
f 1799/1/6 1803/1/6 1808/1/6
f 1798/1/236 1797/1/236 1804/1/236
f 1798/1/236 1804/1/236 1803/1/236
f 1809/1/3 1810/1/3 1811/1/3
f 1811/1/3 1812/1/3 1813/1/3
f 1813/1/3 1814/1/3 1809/1/3
f 1811/1/3 1813/1/3 1809/1/3
f 1815/1/4 1816/1/4 1817/1/4
f 1817/1/4 1818/1/4 1819/1/4
f 1819/1/4 1820/1/4 1815/1/4
f 1817/1/4 1819/1/4 1815/1/4
f 1809/1/231 1814/1/231 1817/1/231
f 1809/1/231 1817/1/231 1816/1/231
f 1814/1/5 1813/1/5 1818/1/5
f 1814/1/5 1818/1/5 1817/1/5
f 1813/1/239 1812/1/239 1819/1/239
f 1813/1/239 1819/1/239 1818/1/239
f 1812/1/240 1811/1/240 1820/1/240
f 1812/1/240 1820/1/240 1819/1/240
f 1811/1/6 1810/1/6 1815/1/6
f 1811/1/6 1815/1/6 1820/1/6
f 1810/1/236 1809/1/236 1816/1/236
f 1810/1/236 1816/1/236 1815/1/236
f 1821/1/3 1822/1/3 1823/1/3
f 1823/1/3 1824/1/3 1825/1/3
f 1825/1/3 1826/1/3 1821/1/3
f 1823/1/3 1825/1/3 1821/1/3
f 1827/1/4 1828/1/4 1829/1/4
f 1829/1/4 1830/1/4 1831/1/4
f 1831/1/4 1832/1/4 1827/1/4
f 1829/1/4 1831/1/4 1827/1/4
f 1821/1/231 1826/1/231 1829/1/231
f 1821/1/231 1829/1/231 1828/1/231
f 1826/1/5 1825/1/5 1830/1/5
f 1826/1/5 1830/1/5 1829/1/5
f 1825/1/237 1824/1/237 1831/1/237
f 1825/1/237 1831/1/237 1830/1/237
f 1824/1/238 1823/1/238 1832/1/238
f 1824/1/238 1832/1/238 1831/1/238
f 1823/1/6 1822/1/6 1827/1/6
f 1823/1/6 1827/1/6 1832/1/6
f 1822/1/236 1821/1/236 1828/1/236
f 1822/1/236 1828/1/236 1827/1/236
f 1833/1/3 1834/1/3 1835/1/3
f 1835/1/3 1836/1/3 1837/1/3
f 1837/1/3 1838/1/3 1833/1/3
f 1835/1/3 1837/1/3 1833/1/3
f 1839/1/4 1840/1/4 1841/1/4
f 1841/1/4 1842/1/4 1843/1/4
f 1843/1/4 1844/1/4 1839/1/4
f 1841/1/4 1843/1/4 1839/1/4
f 1833/1/231 1838/1/231 1841/1/231
f 1833/1/231 1841/1/231 1840/1/231
f 1838/1/5 1837/1/5 1842/1/5
f 1838/1/5 1842/1/5 1841/1/5
f 1837/1/232 1836/1/232 1843/1/232
f 1837/1/232 1843/1/232 1842/1/232
f 1836/1/235 1835/1/235 1844/1/235
f 1836/1/235 1844/1/235 1843/1/235
f 1835/1/6 1834/1/6 1839/1/6
f 1835/1/6 1839/1/6 1844/1/6
f 1834/1/236 1833/1/236 1840/1/236
f 1834/1/236 1840/1/236 1839/1/236
f 1845/1/3 1846/1/3 1847/1/3
f 1847/1/3 1848/1/3 1849/1/3
f 1849/1/3 1850/1/3 1845/1/3
f 1847/1/3 1849/1/3 1845/1/3
f 1851/1/4 1852/1/4 1853/1/4
f 1853/1/4 1854/1/4 1855/1/4
f 1855/1/4 1856/1/4 1851/1/4
f 1853/1/4 1855/1/4 1851/1/4
f 1845/1/231 1850/1/231 1853/1/231
f 1845/1/231 1853/1/231 1852/1/231
f 1850/1/5 1849/1/5 1854/1/5
f 1850/1/5 1854/1/5 1853/1/5
f 1849/1/232 1848/1/232 1855/1/232
f 1849/1/232 1855/1/232 1854/1/232
f 1848/1/235 1847/1/235 1856/1/235
f 1848/1/235 1856/1/235 1855/1/235
f 1847/1/6 1846/1/6 1851/1/6
f 1847/1/6 1851/1/6 1856/1/6
f 1846/1/236 1845/1/236 1852/1/236
f 1846/1/236 1852/1/236 1851/1/236
f 1857/1/3 1858/1/3 1859/1/3
f 1859/1/3 1860/1/3 1861/1/3
f 1861/1/3 1862/1/3 1857/1/3
f 1859/1/3 1861/1/3 1857/1/3
f 1863/1/4 1864/1/4 1865/1/4
f 1865/1/4 1866/1/4 1867/1/4
f 1867/1/4 1868/1/4 1863/1/4
f 1865/1/4 1867/1/4 1863/1/4
f 1857/1/231 1862/1/231 1865/1/231
f 1857/1/231 1865/1/231 1864/1/231
f 1862/1/5 1861/1/5 1866/1/5
f 1862/1/5 1866/1/5 1865/1/5
f 1861/1/232 1860/1/232 1867/1/232
f 1861/1/232 1867/1/232 1866/1/232
f 1860/1/235 1859/1/235 1868/1/235
f 1860/1/235 1868/1/235 1867/1/235
f 1859/1/6 1858/1/6 1863/1/6
f 1859/1/6 1863/1/6 1868/1/6
f 1858/1/236 1857/1/236 1864/1/236
f 1858/1/236 1864/1/236 1863/1/236
f 1869/1/3 1870/1/3 1871/1/3
f 1871/1/3 1872/1/3 1873/1/3
f 1873/1/3 1874/1/3 1869/1/3
f 1871/1/3 1873/1/3 1869/1/3
f 1875/1/4 1876/1/4 1877/1/4
f 1877/1/4 1878/1/4 1879/1/4
f 1879/1/4 1880/1/4 1875/1/4
f 1877/1/4 1879/1/4 1875/1/4
f 1869/1/231 1874/1/231 1877/1/231
f 1869/1/231 1877/1/231 1876/1/231
f 1874/1/5 1873/1/5 1878/1/5
f 1874/1/5 1878/1/5 1877/1/5
f 1873/1/232 1872/1/232 1879/1/232
f 1873/1/232 1879/1/232 1878/1/232
f 1872/1/235 1871/1/235 1880/1/235
f 1872/1/235 1880/1/235 1879/1/235
f 1871/1/6 1870/1/6 1875/1/6
f 1871/1/6 1875/1/6 1880/1/6
f 1870/1/236 1869/1/236 1876/1/236
f 1870/1/236 1876/1/236 1875/1/236
f 1881/1/3 1882/1/3 1883/1/3
f 1883/1/3 1884/1/3 1885/1/3
f 1885/1/3 1886/1/3 1881/1/3
f 1883/1/3 1885/1/3 1881/1/3
f 1887/1/4 1888/1/4 1889/1/4
f 1889/1/4 1890/1/4 1891/1/4
f 1891/1/4 1892/1/4 1887/1/4
f 1889/1/4 1891/1/4 1887/1/4
f 1881/1/231 1886/1/231 1889/1/231
f 1881/1/231 1889/1/231 1888/1/231
f 1886/1/5 1885/1/5 1890/1/5
f 1886/1/5 1890/1/5 1889/1/5
f 1885/1/232 1884/1/232 1891/1/232
f 1885/1/232 1891/1/232 1890/1/232
f 1884/1/241 1883/1/241 1892/1/241
f 1884/1/241 1892/1/241 1891/1/241
f 1883/1/6 1882/1/6 1887/1/6
f 1883/1/6 1887/1/6 1892/1/6
f 1882/1/242 1881/1/242 1888/1/242
f 1882/1/242 1888/1/242 1887/1/242
f 1893/1/3 1894/1/3 1895/1/3
f 1895/1/3 1896/1/3 1897/1/3
f 1897/1/3 1898/1/3 1893/1/3
f 1895/1/3 1897/1/3 1893/1/3
f 1899/1/4 1900/1/4 1901/1/4
f 1901/1/4 1902/1/4 1903/1/4
f 1903/1/4 1904/1/4 1899/1/4
f 1901/1/4 1903/1/4 1899/1/4
f 1893/1/231 1898/1/231 1901/1/231
f 1893/1/231 1901/1/231 1900/1/231
f 1898/1/5 1897/1/5 1902/1/5
f 1898/1/5 1902/1/5 1901/1/5
f 1897/1/232 1896/1/232 1903/1/232
f 1897/1/232 1903/1/232 1902/1/232
f 1896/1/235 1895/1/235 1904/1/235
f 1896/1/235 1904/1/235 1903/1/235
f 1895/1/6 1894/1/6 1899/1/6
f 1895/1/6 1899/1/6 1904/1/6
f 1894/1/236 1893/1/236 1900/1/236
f 1894/1/236 1900/1/236 1899/1/236
f 1905/1/3 1906/1/3 1907/1/3
f 1907/1/3 1908/1/3 1909/1/3
f 1909/1/3 1910/1/3 1905/1/3
f 1907/1/3 1909/1/3 1905/1/3
f 1911/1/4 1912/1/4 1913/1/4
f 1913/1/4 1914/1/4 1915/1/4
f 1915/1/4 1916/1/4 1911/1/4
f 1913/1/4 1915/1/4 1911/1/4
f 1905/1/231 1910/1/231 1913/1/231
f 1905/1/231 1913/1/231 1912/1/231
f 1910/1/5 1909/1/5 1914/1/5
f 1910/1/5 1914/1/5 1913/1/5
f 1909/1/232 1908/1/232 1915/1/232
f 1909/1/232 1915/1/232 1914/1/232
f 1908/1/235 1907/1/235 1916/1/235
f 1908/1/235 1916/1/235 1915/1/235
f 1907/1/6 1906/1/6 1911/1/6
f 1907/1/6 1911/1/6 1916/1/6
f 1906/1/236 1905/1/236 1912/1/236
f 1906/1/236 1912/1/236 1911/1/236
f 1917/1/3 1918/1/3 1919/1/3
f 1919/1/3 1920/1/3 1921/1/3
f 1921/1/3 1922/1/3 1917/1/3
f 1919/1/3 1921/1/3 1917/1/3
f 1923/1/4 1924/1/4 1925/1/4
f 1925/1/4 1926/1/4 1927/1/4
f 1927/1/4 1928/1/4 1923/1/4
f 1925/1/4 1927/1/4 1923/1/4
f 1917/1/231 1922/1/231 1925/1/231
f 1917/1/231 1925/1/231 1924/1/231
f 1922/1/5 1921/1/5 1926/1/5
f 1922/1/5 1926/1/5 1925/1/5
f 1921/1/232 1920/1/232 1927/1/232
f 1921/1/232 1927/1/232 1926/1/232
f 1920/1/235 1919/1/235 1928/1/235
f 1920/1/235 1928/1/235 1927/1/235
f 1919/1/6 1918/1/6 1923/1/6
f 1919/1/6 1923/1/6 1928/1/6
f 1918/1/236 1917/1/236 1924/1/236
f 1918/1/236 1924/1/236 1923/1/236
f 1929/1/3 1930/1/3 1931/1/3
f 1931/1/3 1932/1/3 1933/1/3
f 1933/1/3 1934/1/3 1929/1/3
f 1931/1/3 1933/1/3 1929/1/3
f 1935/1/4 1936/1/4 1937/1/4
f 1937/1/4 1938/1/4 1939/1/4
f 1939/1/4 1940/1/4 1935/1/4
f 1937/1/4 1939/1/4 1935/1/4
f 1929/1/231 1934/1/231 1937/1/231
f 1929/1/231 1937/1/231 1936/1/231
f 1934/1/5 1933/1/5 1938/1/5
f 1934/1/5 1938/1/5 1937/1/5
f 1933/1/232 1932/1/232 1939/1/232
f 1933/1/232 1939/1/232 1938/1/232
f 1932/1/235 1931/1/235 1940/1/235
f 1932/1/235 1940/1/235 1939/1/235
f 1931/1/6 1930/1/6 1935/1/6
f 1931/1/6 1935/1/6 1940/1/6
f 1930/1/236 1929/1/236 1936/1/236
f 1930/1/236 1936/1/236 1935/1/236
f 1941/1/3 1942/1/3 1943/1/3
f 1943/1/3 1944/1/3 1945/1/3
f 1945/1/3 1946/1/3 1941/1/3
f 1943/1/3 1945/1/3 1941/1/3
f 1947/1/4 1948/1/4 1949/1/4
f 1949/1/4 1950/1/4 1951/1/4
f 1951/1/4 1952/1/4 1947/1/4
f 1949/1/4 1951/1/4 1947/1/4
f 1941/1/231 1946/1/231 1949/1/231
f 1941/1/231 1949/1/231 1948/1/231
f 1946/1/5 1945/1/5 1950/1/5
f 1946/1/5 1950/1/5 1949/1/5
f 1945/1/232 1944/1/232 1951/1/232
f 1945/1/232 1951/1/232 1950/1/232
f 1944/1/235 1943/1/235 1952/1/235
f 1944/1/235 1952/1/235 1951/1/235
f 1943/1/6 1942/1/6 1947/1/6
f 1943/1/6 1947/1/6 1952/1/6
f 1942/1/236 1941/1/236 1948/1/236
f 1942/1/236 1948/1/236 1947/1/236
f 1953/1/3 1954/1/3 1955/1/3
f 1955/1/3 1956/1/3 1957/1/3
f 1957/1/3 1958/1/3 1953/1/3
f 1955/1/3 1957/1/3 1953/1/3
f 1959/1/4 1960/1/4 1961/1/4
f 1961/1/4 1962/1/4 1963/1/4
f 1963/1/4 1964/1/4 1959/1/4
f 1961/1/4 1963/1/4 1959/1/4
f 1953/1/243 1958/1/243 1961/1/243
f 1953/1/243 1961/1/243 1960/1/243
f 1958/1/5 1957/1/5 1962/1/5
f 1958/1/5 1962/1/5 1961/1/5
f 1957/1/237 1956/1/237 1963/1/237
f 1957/1/237 1963/1/237 1962/1/237
f 1956/1/238 1955/1/238 1964/1/238
f 1956/1/238 1964/1/238 1963/1/238
f 1955/1/6 1954/1/6 1959/1/6
f 1955/1/6 1959/1/6 1964/1/6
f 1954/1/244 1953/1/244 1960/1/244
f 1954/1/244 1960/1/244 1959/1/244
f 1965/1/3 1966/1/3 1967/1/3
f 1967/1/3 1968/1/3 1969/1/3
f 1969/1/3 1970/1/3 1965/1/3
f 1967/1/3 1969/1/3 1965/1/3
f 1971/1/4 1972/1/4 1973/1/4
f 1973/1/4 1974/1/4 1975/1/4
f 1975/1/4 1976/1/4 1971/1/4
f 1973/1/4 1975/1/4 1971/1/4
f 1965/1/231 1970/1/231 1973/1/231
f 1965/1/231 1973/1/231 1972/1/231
f 1970/1/5 1969/1/5 1974/1/5
f 1970/1/5 1974/1/5 1973/1/5
f 1969/1/232 1968/1/232 1975/1/232
f 1969/1/232 1975/1/232 1974/1/232
f 1968/1/235 1967/1/235 1976/1/235
f 1968/1/235 1976/1/235 1975/1/235
f 1967/1/6 1966/1/6 1971/1/6
f 1967/1/6 1971/1/6 1976/1/6
f 1966/1/236 1965/1/236 1972/1/236
f 1966/1/236 1972/1/236 1971/1/236
f 1977/1/3 1978/1/3 1979/1/3
f 1979/1/3 1980/1/3 1981/1/3
f 1981/1/3 1982/1/3 1977/1/3
f 1979/1/3 1981/1/3 1977/1/3
f 1983/1/4 1984/1/4 1985/1/4
f 1985/1/4 1986/1/4 1987/1/4
f 1987/1/4 1988/1/4 1983/1/4
f 1985/1/4 1987/1/4 1983/1/4
f 1977/1/231 1982/1/231 1985/1/231
f 1977/1/231 1985/1/231 1984/1/231
f 1982/1/5 1981/1/5 1986/1/5
f 1982/1/5 1986/1/5 1985/1/5
f 1981/1/232 1980/1/232 1987/1/232
f 1981/1/232 1987/1/232 1986/1/232
f 1980/1/235 1979/1/235 1988/1/235
f 1980/1/235 1988/1/235 1987/1/235
f 1979/1/6 1978/1/6 1983/1/6
f 1979/1/6 1983/1/6 1988/1/6
f 1978/1/236 1977/1/236 1984/1/236
f 1978/1/236 1984/1/236 1983/1/236
f 1989/1/3 1990/1/3 1991/1/3
f 1991/1/3 1992/1/3 1993/1/3
f 1993/1/3 1994/1/3 1989/1/3
f 1991/1/3 1993/1/3 1989/1/3
f 1995/1/4 1996/1/4 1997/1/4
f 1997/1/4 1998/1/4 1999/1/4
f 1999/1/4 2000/1/4 1995/1/4
f 1997/1/4 1999/1/4 1995/1/4
f 1989/1/231 1994/1/231 1997/1/231
f 1989/1/231 1997/1/231 1996/1/231
f 1994/1/5 1993/1/5 1998/1/5
f 1994/1/5 1998/1/5 1997/1/5
f 1993/1/232 1992/1/232 1999/1/232
f 1993/1/232 1999/1/232 1998/1/232
f 1992/1/235 1991/1/235 2000/1/235
f 1992/1/235 2000/1/235 1999/1/235
f 1991/1/6 1990/1/6 1995/1/6
f 1991/1/6 1995/1/6 2000/1/6
f 1990/1/236 1989/1/236 1996/1/236
f 1990/1/236 1996/1/236 1995/1/236
f 2001/1/3 2002/1/3 2003/1/3
f 2003/1/3 2004/1/3 2005/1/3
f 2005/1/3 2006/1/3 2001/1/3
f 2003/1/3 2005/1/3 2001/1/3
f 2007/1/4 2008/1/4 2009/1/4
f 2009/1/4 2010/1/4 2011/1/4
f 2011/1/4 2012/1/4 2007/1/4
f 2009/1/4 2011/1/4 2007/1/4
f 2001/1/231 2006/1/231 2009/1/231
f 2001/1/231 2009/1/231 2008/1/231
f 2006/1/5 2005/1/5 2010/1/5
f 2006/1/5 2010/1/5 2009/1/5
f 2005/1/232 2004/1/232 2011/1/232
f 2005/1/232 2011/1/232 2010/1/232
f 2004/1/235 2003/1/235 2012/1/235
f 2004/1/235 2012/1/235 2011/1/235
f 2003/1/6 2002/1/6 2007/1/6
f 2003/1/6 2007/1/6 2012/1/6
f 2002/1/236 2001/1/236 2008/1/236
f 2002/1/236 2008/1/236 2007/1/236
f 2013/1/3 2014/1/3 2015/1/3
f 2015/1/3 2016/1/3 2017/1/3
f 2017/1/3 2018/1/3 2013/1/3
f 2015/1/3 2017/1/3 2013/1/3
f 2019/1/4 2020/1/4 2021/1/4
f 2021/1/4 2022/1/4 2023/1/4
f 2023/1/4 2024/1/4 2019/1/4
f 2021/1/4 2023/1/4 2019/1/4
f 2013/1/231 2018/1/231 2021/1/231
f 2013/1/231 2021/1/231 2020/1/231
f 2018/1/5 2017/1/5 2022/1/5
f 2018/1/5 2022/1/5 2021/1/5
f 2017/1/232 2016/1/232 2023/1/232
f 2017/1/232 2023/1/232 2022/1/232
f 2016/1/235 2015/1/235 2024/1/235
f 2016/1/235 2024/1/235 2023/1/235
f 2015/1/6 2014/1/6 2019/1/6
f 2015/1/6 2019/1/6 2024/1/6
f 2014/1/236 2013/1/236 2020/1/236
f 2014/1/236 2020/1/236 2019/1/236
usemtl mat_1
f 2025/1/245 2026/1/245 2027/1/245
f 2025/1/245 2027/1/245 2028/1/245
f 2026/1/246 2029/1/246 2030/1/246
f 2026/1/246 2030/1/246 2027/1/246
f 2029/1/247 2031/1/247 2032/1/247
f 2029/1/247 2032/1/247 2030/1/247
f 2031/1/248 2033/1/248 2034/1/248
f 2031/1/248 2034/1/248 2032/1/248
f 2033/1/249 2035/1/249 2036/1/249
f 2033/1/249 2036/1/249 2034/1/249
f 2035/1/250 2037/1/250 2038/1/250
f 2035/1/250 2038/1/250 2036/1/250
f 2037/1/251 2039/1/251 2040/1/251
f 2037/1/251 2040/1/251 2038/1/251
f 2039/1/252 2041/1/252 2042/1/252
f 2039/1/252 2042/1/252 2040/1/252
f 2041/1/253 2043/1/253 2044/1/253
f 2041/1/253 2044/1/253 2042/1/253
f 2043/1/254 2045/1/254 2046/1/254
f 2043/1/254 2046/1/254 2044/1/254
f 2045/1/255 2047/1/255 2048/1/255
f 2045/1/255 2048/1/255 2046/1/255
f 2047/1/256 2049/1/256 2050/1/256
f 2047/1/256 2050/1/256 2048/1/256
f 2049/1/257 2051/1/257 2052/1/257
f 2049/1/257 2052/1/257 2050/1/257
f 2051/1/258 2053/1/258 2054/1/258
f 2051/1/258 2054/1/258 2052/1/258
f 2053/1/259 2055/1/259 2056/1/259
f 2053/1/259 2056/1/259 2054/1/259
f 2055/1/260 2057/1/260 2058/1/260
f 2055/1/260 2058/1/260 2056/1/260
f 2057/1/261 2059/1/261 2060/1/261
f 2057/1/261 2060/1/261 2058/1/261
f 2059/1/262 2061/1/262 2062/1/262
f 2059/1/262 2062/1/262 2060/1/262
f 2061/1/263 2063/1/263 2064/1/263
f 2061/1/263 2064/1/263 2062/1/263
f 2063/1/264 2065/1/264 2066/1/264
f 2063/1/264 2066/1/264 2064/1/264
f 2065/1/265 2067/1/265 2068/1/265
f 2065/1/265 2068/1/265 2066/1/265
f 2067/1/266 2069/1/266 2070/1/266
f 2067/1/266 2070/1/266 2068/1/266
f 2069/1/267 2071/1/267 2072/1/267
f 2069/1/267 2072/1/267 2070/1/267
f 2071/1/268 2025/1/268 2028/1/268
f 2071/1/268 2028/1/268 2072/1/268
f 2028/1/2 2027/1/2 2073/1/2
f 2028/1/2 2073/1/2 2074/1/2
f 2027/1/2 2030/1/2 2075/1/2
f 2027/1/2 2075/1/2 2073/1/2
f 2030/1/2 2032/1/2 2076/1/2
f 2030/1/2 2076/1/2 2075/1/2
f 2032/1/2 2034/1/2 2077/1/2
f 2032/1/2 2077/1/2 2076/1/2
f 2034/1/2 2036/1/2 2078/1/2
f 2034/1/2 2078/1/2 2077/1/2
f 2036/1/2 2038/1/2 2079/1/2
f 2036/1/2 2079/1/2 2078/1/2
f 2038/1/2 2040/1/2 2080/1/2
f 2038/1/2 2080/1/2 2079/1/2
f 2040/1/2 2042/1/2 2081/1/2
f 2040/1/2 2081/1/2 2080/1/2
f 2042/1/2 2044/1/2 2082/1/2
f 2042/1/2 2082/1/2 2081/1/2
f 2044/1/2 2046/1/2 2083/1/2
f 2044/1/2 2083/1/2 2082/1/2
f 2046/1/2 2048/1/2 2084/1/2
f 2046/1/2 2084/1/2 2083/1/2
f 2048/1/2 2050/1/2 2085/1/2
f 2048/1/2 2085/1/2 2084/1/2
f 2050/1/2 2052/1/2 2086/1/2
f 2050/1/2 2086/1/2 2085/1/2
f 2052/1/2 2054/1/2 2087/1/2
f 2052/1/2 2087/1/2 2086/1/2
f 2054/1/2 2056/1/2 2088/1/2
f 2054/1/2 2088/1/2 2087/1/2
f 2056/1/2 2058/1/2 2089/1/2
f 2056/1/2 2089/1/2 2088/1/2
f 2058/1/2 2060/1/2 2090/1/2
f 2058/1/2 2090/1/2 2089/1/2
f 2060/1/2 2062/1/2 2091/1/2
f 2060/1/2 2091/1/2 2090/1/2
f 2062/1/2 2064/1/2 2092/1/2
f 2062/1/2 2092/1/2 2091/1/2
f 2064/1/2 2066/1/2 2093/1/2
f 2064/1/2 2093/1/2 2092/1/2
f 2066/1/2 2068/1/2 2094/1/2
f 2066/1/2 2094/1/2 2093/1/2
f 2068/1/2 2070/1/2 2095/1/2
f 2068/1/2 2095/1/2 2094/1/2
f 2070/1/2 2072/1/2 2096/1/2
f 2070/1/2 2096/1/2 2095/1/2
f 2072/1/2 2028/1/2 2074/1/2
f 2072/1/2 2074/1/2 2096/1/2
f 2074/1/269 2073/1/269 2097/1/269
f 2074/1/269 2097/1/269 2098/1/269
f 2073/1/270 2075/1/270 2099/1/270
f 2073/1/270 2099/1/270 2097/1/270
f 2075/1/271 2076/1/271 2100/1/271
f 2075/1/271 2100/1/271 2099/1/271
f 2076/1/272 2077/1/272 2101/1/272
f 2076/1/272 2101/1/272 2100/1/272
f 2077/1/273 2078/1/273 2102/1/273
f 2077/1/273 2102/1/273 2101/1/273
f 2078/1/274 2079/1/274 2103/1/274
f 2078/1/274 2103/1/274 2102/1/274
f 2079/1/275 2080/1/275 2104/1/275
f 2079/1/275 2104/1/275 2103/1/275
f 2080/1/276 2081/1/276 2105/1/276
f 2080/1/276 2105/1/276 2104/1/276
f 2081/1/277 2082/1/277 2106/1/277
f 2081/1/277 2106/1/277 2105/1/277
f 2082/1/278 2083/1/278 2107/1/278
f 2082/1/278 2107/1/278 2106/1/278
f 2083/1/279 2084/1/279 2108/1/279
f 2083/1/279 2108/1/279 2107/1/279
f 2084/1/280 2085/1/280 2109/1/280
f 2084/1/280 2109/1/280 2108/1/280
f 2085/1/281 2086/1/281 2110/1/281
f 2085/1/281 2110/1/281 2109/1/281
f 2086/1/282 2087/1/282 2111/1/282
f 2086/1/282 2111/1/282 2110/1/282
f 2087/1/283 2088/1/283 2112/1/283
f 2087/1/283 2112/1/283 2111/1/283
f 2088/1/284 2089/1/284 2113/1/284
f 2088/1/284 2113/1/284 2112/1/284
f 2089/1/285 2090/1/285 2114/1/285
f 2089/1/285 2114/1/285 2113/1/285
f 2090/1/286 2091/1/286 2115/1/286
f 2090/1/286 2115/1/286 2114/1/286
f 2091/1/287 2092/1/287 2116/1/287
f 2091/1/287 2116/1/287 2115/1/287
f 2092/1/288 2093/1/288 2117/1/288
f 2092/1/288 2117/1/288 2116/1/288
f 2093/1/289 2094/1/289 2118/1/289
f 2093/1/289 2118/1/289 2117/1/289
f 2094/1/290 2095/1/290 2119/1/290
f 2094/1/290 2119/1/290 2118/1/290
f 2095/1/291 2096/1/291 2120/1/291
f 2095/1/291 2120/1/291 2119/1/291
f 2096/1/292 2074/1/292 2098/1/292
f 2096/1/292 2098/1/292 2120/1/292
f 2098/1/1 2097/1/1 2026/1/1
f 2098/1/1 2026/1/1 2025/1/1
f 2097/1/1 2099/1/1 2029/1/1
f 2097/1/1 2029/1/1 2026/1/1
f 2099/1/1 2100/1/1 2031/1/1
f 2099/1/1 2031/1/1 2029/1/1
f 2100/1/1 2101/1/1 2033/1/1
f 2100/1/1 2033/1/1 2031/1/1
f 2101/1/1 2102/1/1 2035/1/1
f 2101/1/1 2035/1/1 2033/1/1
f 2102/1/1 2103/1/1 2037/1/1
f 2102/1/1 2037/1/1 2035/1/1
f 2103/1/1 2104/1/1 2039/1/1
f 2103/1/1 2039/1/1 2037/1/1
f 2104/1/1 2105/1/1 2041/1/1
f 2104/1/1 2041/1/1 2039/1/1
f 2105/1/1 2106/1/1 2043/1/1
f 2105/1/1 2043/1/1 2041/1/1
f 2106/1/1 2107/1/1 2045/1/1
f 2106/1/1 2045/1/1 2043/1/1
f 2107/1/1 2108/1/1 2047/1/1
f 2107/1/1 2047/1/1 2045/1/1
f 2108/1/1 2109/1/1 2049/1/1
f 2108/1/1 2049/1/1 2047/1/1
f 2109/1/1 2110/1/1 2051/1/1
f 2109/1/1 2051/1/1 2049/1/1
f 2110/1/1 2111/1/1 2053/1/1
f 2110/1/1 2053/1/1 2051/1/1
f 2111/1/1 2112/1/1 2055/1/1
f 2111/1/1 2055/1/1 2053/1/1
f 2112/1/1 2113/1/1 2057/1/1
f 2112/1/1 2057/1/1 2055/1/1
f 2113/1/1 2114/1/1 2059/1/1
f 2113/1/1 2059/1/1 2057/1/1
f 2114/1/1 2115/1/1 2061/1/1
f 2114/1/1 2061/1/1 2059/1/1
f 2115/1/1 2116/1/1 2063/1/1
f 2115/1/1 2063/1/1 2061/1/1
f 2116/1/1 2117/1/1 2065/1/1
f 2116/1/1 2065/1/1 2063/1/1
f 2117/1/1 2118/1/1 2067/1/1
f 2117/1/1 2067/1/1 2065/1/1
f 2118/1/1 2119/1/1 2069/1/1
f 2118/1/1 2069/1/1 2067/1/1
f 2119/1/1 2120/1/1 2071/1/1
f 2119/1/1 2071/1/1 2069/1/1
f 2120/1/1 2098/1/1 2025/1/1
f 2120/1/1 2025/1/1 2071/1/1
f 2121/1/293 2122/1/293 2123/1/293
f 2121/1/293 2123/1/293 2124/1/293
f 2122/1/294 2125/1/294 2126/1/294
f 2122/1/294 2126/1/294 2123/1/294
f 2125/1/247 2127/1/247 2128/1/247
f 2125/1/247 2128/1/247 2126/1/247
f 2127/1/295 2129/1/295 2130/1/295
f 2127/1/295 2130/1/295 2128/1/295
f 2129/1/296 2131/1/296 2132/1/296
f 2129/1/296 2132/1/296 2130/1/296
f 2131/1/297 2133/1/297 2134/1/297
f 2131/1/297 2134/1/297 2132/1/297
f 2133/1/298 2135/1/298 2136/1/298
f 2133/1/298 2136/1/298 2134/1/298
f 2135/1/299 2137/1/299 2138/1/299
f 2135/1/299 2138/1/299 2136/1/299
f 2137/1/300 2139/1/300 2140/1/300
f 2137/1/300 2140/1/300 2138/1/300
f 2139/1/254 2141/1/254 2142/1/254
f 2139/1/254 2142/1/254 2140/1/254
f 2141/1/301 2143/1/301 2144/1/301
f 2141/1/301 2144/1/301 2142/1/301
f 2143/1/302 2145/1/302 2146/1/302
f 2143/1/302 2146/1/302 2144/1/302
f 2145/1/303 2147/1/303 2148/1/303
f 2145/1/303 2148/1/303 2146/1/303
f 2147/1/304 2149/1/304 2150/1/304
f 2147/1/304 2150/1/304 2148/1/304
f 2149/1/259 2151/1/259 2152/1/259
f 2149/1/259 2152/1/259 2150/1/259
f 2151/1/305 2153/1/305 2154/1/305
f 2151/1/305 2154/1/305 2152/1/305
f 2153/1/306 2155/1/306 2156/1/306
f 2153/1/306 2156/1/306 2154/1/306
f 2155/1/307 2157/1/307 2158/1/307
f 2155/1/307 2158/1/307 2156/1/307
f 2157/1/308 2159/1/308 2160/1/308
f 2157/1/308 2160/1/308 2158/1/308
f 2159/1/309 2161/1/309 2162/1/309
f 2159/1/309 2162/1/309 2160/1/309
f 2161/1/310 2163/1/310 2164/1/310
f 2161/1/310 2164/1/310 2162/1/310
f 2163/1/266 2165/1/266 2166/1/266
f 2163/1/266 2166/1/266 2164/1/266
f 2165/1/311 2167/1/311 2168/1/311
f 2165/1/311 2168/1/311 2166/1/311
f 2167/1/312 2121/1/312 2124/1/312
f 2167/1/312 2124/1/312 2168/1/312
f 2124/1/2 2123/1/2 2169/1/2
f 2124/1/2 2169/1/2 2170/1/2
f 2123/1/2 2126/1/2 2171/1/2
f 2123/1/2 2171/1/2 2169/1/2
f 2126/1/2 2128/1/2 2172/1/2
f 2126/1/2 2172/1/2 2171/1/2
f 2128/1/2 2130/1/2 2173/1/2
f 2128/1/2 2173/1/2 2172/1/2
f 2130/1/2 2132/1/2 2174/1/2
f 2130/1/2 2174/1/2 2173/1/2
f 2132/1/2 2134/1/2 2175/1/2
f 2132/1/2 2175/1/2 2174/1/2
f 2134/1/2 2136/1/2 2176/1/2
f 2134/1/2 2176/1/2 2175/1/2
f 2136/1/2 2138/1/2 2177/1/2
f 2136/1/2 2177/1/2 2176/1/2
f 2138/1/2 2140/1/2 2178/1/2
f 2138/1/2 2178/1/2 2177/1/2
f 2140/1/2 2142/1/2 2179/1/2
f 2140/1/2 2179/1/2 2178/1/2
f 2142/1/2 2144/1/2 2180/1/2
f 2142/1/2 2180/1/2 2179/1/2
f 2144/1/2 2146/1/2 2181/1/2
f 2144/1/2 2181/1/2 2180/1/2
f 2146/1/2 2148/1/2 2182/1/2
f 2146/1/2 2182/1/2 2181/1/2
f 2148/1/2 2150/1/2 2183/1/2
f 2148/1/2 2183/1/2 2182/1/2
f 2150/1/2 2152/1/2 2184/1/2
f 2150/1/2 2184/1/2 2183/1/2
f 2152/1/2 2154/1/2 2185/1/2
f 2152/1/2 2185/1/2 2184/1/2
f 2154/1/2 2156/1/2 2186/1/2
f 2154/1/2 2186/1/2 2185/1/2
f 2156/1/2 2158/1/2 2187/1/2
f 2156/1/2 2187/1/2 2186/1/2
f 2158/1/2 2160/1/2 2188/1/2
f 2158/1/2 2188/1/2 2187/1/2
f 2160/1/2 2162/1/2 2189/1/2
f 2160/1/2 2189/1/2 2188/1/2
f 2162/1/2 2164/1/2 2190/1/2
f 2162/1/2 2190/1/2 2189/1/2
f 2164/1/2 2166/1/2 2191/1/2
f 2164/1/2 2191/1/2 2190/1/2
f 2166/1/2 2168/1/2 2192/1/2
f 2166/1/2 2192/1/2 2191/1/2
f 2168/1/2 2124/1/2 2170/1/2
f 2168/1/2 2170/1/2 2192/1/2
f 2170/1/269 2169/1/269 2193/1/269
f 2170/1/269 2193/1/269 2194/1/269
f 2169/1/270 2171/1/270 2195/1/270
f 2169/1/270 2195/1/270 2193/1/270
f 2171/1/271 2172/1/271 2196/1/271
f 2171/1/271 2196/1/271 2195/1/271
f 2172/1/313 2173/1/313 2197/1/313
f 2172/1/313 2197/1/313 2196/1/313
f 2173/1/314 2174/1/314 2198/1/314
f 2173/1/314 2198/1/314 2197/1/314
f 2174/1/315 2175/1/315 2199/1/315
f 2174/1/315 2199/1/315 2198/1/315
f 2175/1/316 2176/1/316 2200/1/316
f 2175/1/316 2200/1/316 2199/1/316
f 2176/1/317 2177/1/317 2201/1/317
f 2176/1/317 2201/1/317 2200/1/317
f 2177/1/318 2178/1/318 2202/1/318
f 2177/1/318 2202/1/318 2201/1/318
f 2178/1/278 2179/1/278 2203/1/278
f 2178/1/278 2203/1/278 2202/1/278
f 2179/1/279 2180/1/279 2204/1/279
f 2179/1/279 2204/1/279 2203/1/279
f 2180/1/280 2181/1/280 2205/1/280
f 2180/1/280 2205/1/280 2204/1/280
f 2181/1/281 2182/1/281 2206/1/281
f 2181/1/281 2206/1/281 2205/1/281
f 2182/1/282 2183/1/282 2207/1/282
f 2182/1/282 2207/1/282 2206/1/282
f 2183/1/283 2184/1/283 2208/1/283
f 2183/1/283 2208/1/283 2207/1/283
f 2184/1/319 2185/1/319 2209/1/319
f 2184/1/319 2209/1/319 2208/1/319
f 2185/1/320 2186/1/320 2210/1/320
f 2185/1/320 2210/1/320 2209/1/320
f 2186/1/321 2187/1/321 2211/1/321
f 2186/1/321 2211/1/321 2210/1/321
f 2187/1/322 2188/1/322 2212/1/322
f 2187/1/322 2212/1/322 2211/1/322
f 2188/1/323 2189/1/323 2213/1/323
f 2188/1/323 2213/1/323 2212/1/323
f 2189/1/324 2190/1/324 2214/1/324
f 2189/1/324 2214/1/324 2213/1/324
f 2190/1/290 2191/1/290 2215/1/290
f 2190/1/290 2215/1/290 2214/1/290
f 2191/1/291 2192/1/291 2216/1/291
f 2191/1/291 2216/1/291 2215/1/291
f 2192/1/292 2170/1/292 2194/1/292
f 2192/1/292 2194/1/292 2216/1/292
f 2194/1/1 2193/1/1 2122/1/1
f 2194/1/1 2122/1/1 2121/1/1
f 2193/1/1 2195/1/1 2125/1/1
f 2193/1/1 2125/1/1 2122/1/1
f 2195/1/1 2196/1/1 2127/1/1
f 2195/1/1 2127/1/1 2125/1/1
f 2196/1/1 2197/1/1 2129/1/1
f 2196/1/1 2129/1/1 2127/1/1
f 2197/1/1 2198/1/1 2131/1/1
f 2197/1/1 2131/1/1 2129/1/1
f 2198/1/1 2199/1/1 2133/1/1
f 2198/1/1 2133/1/1 2131/1/1
f 2199/1/1 2200/1/1 2135/1/1
f 2199/1/1 2135/1/1 2133/1/1
f 2200/1/1 2201/1/1 2137/1/1
f 2200/1/1 2137/1/1 2135/1/1
f 2201/1/1 2202/1/1 2139/1/1
f 2201/1/1 2139/1/1 2137/1/1
f 2202/1/1 2203/1/1 2141/1/1
f 2202/1/1 2141/1/1 2139/1/1
f 2203/1/1 2204/1/1 2143/1/1
f 2203/1/1 2143/1/1 2141/1/1
f 2204/1/1 2205/1/1 2145/1/1
f 2204/1/1 2145/1/1 2143/1/1
f 2205/1/1 2206/1/1 2147/1/1
f 2205/1/1 2147/1/1 2145/1/1
f 2206/1/1 2207/1/1 2149/1/1
f 2206/1/1 2149/1/1 2147/1/1
f 2207/1/1 2208/1/1 2151/1/1
f 2207/1/1 2151/1/1 2149/1/1
f 2208/1/1 2209/1/1 2153/1/1
f 2208/1/1 2153/1/1 2151/1/1
f 2209/1/1 2210/1/1 2155/1/1
f 2209/1/1 2155/1/1 2153/1/1
f 2210/1/1 2211/1/1 2157/1/1
f 2210/1/1 2157/1/1 2155/1/1
f 2211/1/1 2212/1/1 2159/1/1
f 2211/1/1 2159/1/1 2157/1/1
f 2212/1/1 2213/1/1 2161/1/1
f 2212/1/1 2161/1/1 2159/1/1
f 2213/1/1 2214/1/1 2163/1/1
f 2213/1/1 2163/1/1 2161/1/1
f 2214/1/1 2215/1/1 2165/1/1
f 2214/1/1 2165/1/1 2163/1/1
f 2215/1/1 2216/1/1 2167/1/1
f 2215/1/1 2167/1/1 2165/1/1
f 2216/1/1 2194/1/1 2121/1/1
f 2216/1/1 2121/1/1 2167/1/1
usemtl mat_4
f 2217/1/1 2218/1/1 2219/1/1
f 2217/1/1 2219/1/1 2220/1/1
f 2221/1/2 2222/1/2 2223/1/2
f 2221/1/2 2223/1/2 2224/1/2
f 2217/1/3 2220/1/3 2222/1/3
f 2217/1/3 2222/1/3 2221/1/3
f 2218/1/4 2224/1/4 2223/1/4
f 2218/1/4 2223/1/4 2219/1/4
f 2217/1/5 2221/1/5 2224/1/5
f 2217/1/5 2224/1/5 2218/1/5
f 2220/1/6 2219/1/6 2223/1/6
f 2220/1/6 2223/1/6 2222/1/6
usemtl mat_3
f 2225/1/3 2226/1/3 2227/1/3
f 2227/1/3 2228/1/3 2229/1/3
f 2229/1/3 2230/1/3 2225/1/3
f 2227/1/3 2229/1/3 2225/1/3
f 2231/1/4 2232/1/4 2233/1/4
f 2233/1/4 2234/1/4 2235/1/4
f 2235/1/4 2236/1/4 2231/1/4
f 2233/1/4 2235/1/4 2231/1/4
f 2225/1/325 2230/1/325 2233/1/325
f 2225/1/325 2233/1/325 2232/1/325
f 2230/1/5 2229/1/5 2234/1/5
f 2230/1/5 2234/1/5 2233/1/5
f 2229/1/326 2228/1/326 2235/1/326
f 2229/1/326 2235/1/326 2234/1/326
f 2228/1/327 2227/1/327 2236/1/327
f 2228/1/327 2236/1/327 2235/1/327
f 2227/1/6 2226/1/6 2231/1/6
f 2227/1/6 2231/1/6 2236/1/6
f 2226/1/328 2225/1/328 2232/1/328
f 2226/1/328 2232/1/328 2231/1/328
f 2237/1/3 2238/1/3 2239/1/3
f 2239/1/3 2240/1/3 2241/1/3
f 2241/1/3 2242/1/3 2237/1/3
f 2239/1/3 2241/1/3 2237/1/3
f 2243/1/4 2244/1/4 2245/1/4
f 2245/1/4 2246/1/4 2247/1/4
f 2247/1/4 2248/1/4 2243/1/4
f 2245/1/4 2247/1/4 2243/1/4
f 2237/1/329 2242/1/329 2245/1/329
f 2237/1/329 2245/1/329 2244/1/329
f 2242/1/5 2241/1/5 2246/1/5
f 2242/1/5 2246/1/5 2245/1/5
f 2241/1/330 2240/1/330 2247/1/330
f 2241/1/330 2247/1/330 2246/1/330
f 2240/1/331 2239/1/331 2248/1/331
f 2240/1/331 2248/1/331 2247/1/331
f 2239/1/6 2238/1/6 2243/1/6
f 2239/1/6 2243/1/6 2248/1/6
f 2238/1/332 2237/1/332 2244/1/332
f 2238/1/332 2244/1/332 2243/1/332
f 2249/1/3 2250/1/3 2251/1/3
f 2251/1/3 2252/1/3 2253/1/3
f 2253/1/3 2254/1/3 2249/1/3
f 2251/1/3 2253/1/3 2249/1/3
f 2255/1/4 2256/1/4 2257/1/4
f 2257/1/4 2258/1/4 2259/1/4
f 2259/1/4 2260/1/4 2255/1/4
f 2257/1/4 2259/1/4 2255/1/4
f 2249/1/333 2254/1/333 2257/1/333
f 2249/1/333 2257/1/333 2256/1/333
f 2254/1/5 2253/1/5 2258/1/5
f 2254/1/5 2258/1/5 2257/1/5
f 2253/1/334 2252/1/334 2259/1/334
f 2253/1/334 2259/1/334 2258/1/334
f 2252/1/335 2251/1/335 2260/1/335
f 2252/1/335 2260/1/335 2259/1/335
f 2251/1/6 2250/1/6 2255/1/6
f 2251/1/6 2255/1/6 2260/1/6
f 2250/1/336 2249/1/336 2256/1/336
f 2250/1/336 2256/1/336 2255/1/336
f 2261/1/3 2262/1/3 2263/1/3
f 2263/1/3 2264/1/3 2265/1/3
f 2265/1/3 2266/1/3 2261/1/3
f 2263/1/3 2265/1/3 2261/1/3
f 2267/1/4 2268/1/4 2269/1/4
f 2269/1/4 2270/1/4 2271/1/4
f 2271/1/4 2272/1/4 2267/1/4
f 2269/1/4 2271/1/4 2267/1/4
f 2261/1/337 2266/1/337 2269/1/337
f 2261/1/337 2269/1/337 2268/1/337
f 2266/1/5 2265/1/5 2270/1/5
f 2266/1/5 2270/1/5 2269/1/5
f 2265/1/338 2264/1/338 2271/1/338
f 2265/1/338 2271/1/338 2270/1/338
f 2264/1/339 2263/1/339 2272/1/339
f 2264/1/339 2272/1/339 2271/1/339
f 2263/1/6 2262/1/6 2267/1/6
f 2263/1/6 2267/1/6 2272/1/6
f 2262/1/340 2261/1/340 2268/1/340
f 2262/1/340 2268/1/340 2267/1/340
f 2273/1/341 2274/1/341 2275/1/341
f 2273/1/341 2275/1/341 2276/1/341
f 2274/1/342 2277/1/342 2278/1/342
f 2274/1/342 2278/1/342 2275/1/342
f 2277/1/343 2279/1/343 2280/1/343
f 2277/1/343 2280/1/343 2278/1/343
f 2279/1/344 2281/1/344 2282/1/344
f 2279/1/344 2282/1/344 2280/1/344
f 2281/1/345 2283/1/345 2284/1/345
f 2281/1/345 2284/1/345 2282/1/345
f 2283/1/346 2285/1/346 2286/1/346
f 2283/1/346 2286/1/346 2284/1/346
f 2285/1/347 2287/1/347 2288/1/347
f 2285/1/347 2288/1/347 2286/1/347
f 2287/1/348 2289/1/348 2290/1/348
f 2287/1/348 2290/1/348 2288/1/348
f 2289/1/349 2291/1/349 2292/1/349
f 2289/1/349 2292/1/349 2290/1/349
f 2291/1/350 2293/1/350 2294/1/350
f 2291/1/350 2294/1/350 2292/1/350
f 2293/1/351 2295/1/351 2296/1/351
f 2293/1/351 2296/1/351 2294/1/351
f 2295/1/352 2297/1/352 2298/1/352
f 2295/1/352 2298/1/352 2296/1/352
f 2297/1/353 2299/1/353 2300/1/353
f 2297/1/353 2300/1/353 2298/1/353
f 2299/1/354 2301/1/354 2302/1/354
f 2299/1/354 2302/1/354 2300/1/354
f 2301/1/355 2303/1/355 2304/1/355
f 2301/1/355 2304/1/355 2302/1/355
f 2303/1/356 2305/1/356 2306/1/356
f 2303/1/356 2306/1/356 2304/1/356
f 2305/1/357 2307/1/357 2308/1/357
f 2305/1/357 2308/1/357 2306/1/357
f 2307/1/358 2309/1/358 2310/1/358
f 2307/1/358 2310/1/358 2308/1/358
f 2309/1/359 2311/1/359 2312/1/359
f 2309/1/359 2312/1/359 2310/1/359
f 2311/1/360 2273/1/360 2276/1/360
f 2311/1/360 2276/1/360 2312/1/360
f 2276/1/1 2275/1/1 2313/1/1
f 2276/1/1 2313/1/1 2314/1/1
f 2275/1/1 2278/1/1 2315/1/1
f 2275/1/1 2315/1/1 2313/1/1
f 2278/1/1 2280/1/1 2316/1/1
f 2278/1/1 2316/1/1 2315/1/1
f 2280/1/1 2282/1/1 2317/1/1
f 2280/1/1 2317/1/1 2316/1/1
f 2282/1/1 2284/1/1 2318/1/1
f 2282/1/1 2318/1/1 2317/1/1
f 2284/1/1 2286/1/1 2319/1/1
f 2284/1/1 2319/1/1 2318/1/1
f 2286/1/1 2288/1/1 2320/1/1
f 2286/1/1 2320/1/1 2319/1/1
f 2288/1/1 2290/1/1 2321/1/1
f 2288/1/1 2321/1/1 2320/1/1
f 2290/1/1 2292/1/1 2322/1/1
f 2290/1/1 2322/1/1 2321/1/1
f 2292/1/1 2294/1/1 2323/1/1
f 2292/1/1 2323/1/1 2322/1/1
f 2294/1/1 2296/1/1 2324/1/1
f 2294/1/1 2324/1/1 2323/1/1
f 2296/1/1 2298/1/1 2325/1/1
f 2296/1/1 2325/1/1 2324/1/1
f 2298/1/1 2300/1/1 2326/1/1
f 2298/1/1 2326/1/1 2325/1/1
f 2300/1/1 2302/1/1 2327/1/1
f 2300/1/1 2327/1/1 2326/1/1
f 2302/1/1 2304/1/1 2328/1/1
f 2302/1/1 2328/1/1 2327/1/1
f 2304/1/1 2306/1/1 2329/1/1
f 2304/1/1 2329/1/1 2328/1/1
f 2306/1/1 2308/1/1 2330/1/1
f 2306/1/1 2330/1/1 2329/1/1
f 2308/1/1 2310/1/1 2331/1/1
f 2308/1/1 2331/1/1 2330/1/1
f 2310/1/1 2312/1/1 2332/1/1
f 2310/1/1 2332/1/1 2331/1/1
f 2312/1/1 2276/1/1 2314/1/1
f 2312/1/1 2314/1/1 2332/1/1
f 2314/1/361 2313/1/361 2333/1/361
f 2314/1/361 2333/1/361 2334/1/361
f 2313/1/362 2315/1/362 2335/1/362
f 2313/1/362 2335/1/362 2333/1/362
f 2315/1/353 2316/1/353 2336/1/353
f 2315/1/353 2336/1/353 2335/1/353
f 2316/1/363 2317/1/363 2337/1/363
f 2316/1/363 2337/1/363 2336/1/363
f 2317/1/364 2318/1/364 2338/1/364
f 2317/1/364 2338/1/364 2337/1/364
f 2318/1/365 2319/1/365 2339/1/365
f 2318/1/365 2339/1/365 2338/1/365
f 2319/1/366 2320/1/366 2340/1/366
f 2319/1/366 2340/1/366 2339/1/366
f 2320/1/358 2321/1/358 2341/1/358
f 2320/1/358 2341/1/358 2340/1/358
f 2321/1/367 2322/1/367 2342/1/367
f 2321/1/367 2342/1/367 2341/1/367
f 2322/1/368 2323/1/368 2343/1/368
f 2322/1/368 2343/1/368 2342/1/368
f 2323/1/369 2324/1/369 2344/1/369
f 2323/1/369 2344/1/369 2343/1/369
f 2324/1/370 2325/1/370 2345/1/370
f 2324/1/370 2345/1/370 2344/1/370
f 2325/1/343 2326/1/343 2346/1/343
f 2325/1/343 2346/1/343 2345/1/343
f 2326/1/371 2327/1/371 2347/1/371
f 2326/1/371 2347/1/371 2346/1/371
f 2327/1/372 2328/1/372 2348/1/372
f 2327/1/372 2348/1/372 2347/1/372
f 2328/1/373 2329/1/373 2349/1/373
f 2328/1/373 2349/1/373 2348/1/373
f 2329/1/374 2330/1/374 2350/1/374
f 2329/1/374 2350/1/374 2349/1/374
f 2330/1/348 2331/1/348 2351/1/348
f 2330/1/348 2351/1/348 2350/1/348
f 2331/1/375 2332/1/375 2352/1/375
f 2331/1/375 2352/1/375 2351/1/375
f 2332/1/376 2314/1/376 2334/1/376
f 2332/1/376 2334/1/376 2352/1/376
f 2334/1/2 2333/1/2 2274/1/2
f 2334/1/2 2274/1/2 2273/1/2
f 2333/1/2 2335/1/2 2277/1/2
f 2333/1/2 2277/1/2 2274/1/2
f 2335/1/2 2336/1/2 2279/1/2
f 2335/1/2 2279/1/2 2277/1/2
f 2336/1/2 2337/1/2 2281/1/2
f 2336/1/2 2281/1/2 2279/1/2
f 2337/1/2 2338/1/2 2283/1/2
f 2337/1/2 2283/1/2 2281/1/2
f 2338/1/2 2339/1/2 2285/1/2
f 2338/1/2 2285/1/2 2283/1/2
f 2339/1/2 2340/1/2 2287/1/2
f 2339/1/2 2287/1/2 2285/1/2
f 2340/1/2 2341/1/2 2289/1/2
f 2340/1/2 2289/1/2 2287/1/2
f 2341/1/2 2342/1/2 2291/1/2
f 2341/1/2 2291/1/2 2289/1/2
f 2342/1/2 2343/1/2 2293/1/2
f 2342/1/2 2293/1/2 2291/1/2
f 2343/1/2 2344/1/2 2295/1/2
f 2343/1/2 2295/1/2 2293/1/2
f 2344/1/2 2345/1/2 2297/1/2
f 2344/1/2 2297/1/2 2295/1/2
f 2345/1/2 2346/1/2 2299/1/2
f 2345/1/2 2299/1/2 2297/1/2
f 2346/1/2 2347/1/2 2301/1/2
f 2346/1/2 2301/1/2 2299/1/2
f 2347/1/2 2348/1/2 2303/1/2
f 2347/1/2 2303/1/2 2301/1/2
f 2348/1/2 2349/1/2 2305/1/2
f 2348/1/2 2305/1/2 2303/1/2
f 2349/1/2 2350/1/2 2307/1/2
f 2349/1/2 2307/1/2 2305/1/2
f 2350/1/2 2351/1/2 2309/1/2
f 2350/1/2 2309/1/2 2307/1/2
f 2351/1/2 2352/1/2 2311/1/2
f 2351/1/2 2311/1/2 2309/1/2
f 2352/1/2 2334/1/2 2273/1/2
f 2352/1/2 2273/1/2 2311/1/2
usemtl mat_5
f 2353/1/377 2354/1/377 2355/1/377
f 2353/1/377 2355/1/377 2356/1/377
f 2354/1/378 2357/1/378 2358/1/378
f 2354/1/378 2358/1/378 2355/1/378
f 2357/1/343 2359/1/343 2360/1/343
f 2357/1/343 2360/1/343 2358/1/343
f 2359/1/379 2361/1/379 2362/1/379
f 2359/1/379 2362/1/379 2360/1/379
f 2361/1/380 2363/1/380 2364/1/380
f 2361/1/380 2364/1/380 2362/1/380
f 2363/1/381 2365/1/381 2366/1/381
f 2363/1/381 2366/1/381 2364/1/381
f 2365/1/382 2367/1/382 2368/1/382
f 2365/1/382 2368/1/382 2366/1/382
f 2367/1/348 2369/1/348 2370/1/348
f 2367/1/348 2370/1/348 2368/1/348
f 2369/1/383 2371/1/383 2372/1/383
f 2369/1/383 2372/1/383 2370/1/383
f 2371/1/384 2373/1/384 2374/1/384
f 2371/1/384 2374/1/384 2372/1/384
f 2373/1/385 2375/1/385 2376/1/385
f 2373/1/385 2376/1/385 2374/1/385
f 2375/1/386 2377/1/386 2378/1/386
f 2375/1/386 2378/1/386 2376/1/386
f 2377/1/353 2379/1/353 2380/1/353
f 2377/1/353 2380/1/353 2378/1/353
f 2379/1/387 2381/1/387 2382/1/387
f 2379/1/387 2382/1/387 2380/1/387
f 2381/1/388 2383/1/388 2384/1/388
f 2381/1/388 2384/1/388 2382/1/388
f 2383/1/389 2385/1/389 2386/1/389
f 2383/1/389 2386/1/389 2384/1/389
f 2385/1/390 2387/1/390 2388/1/390
f 2385/1/390 2388/1/390 2386/1/390
f 2387/1/358 2389/1/358 2390/1/358
f 2387/1/358 2390/1/358 2388/1/358
f 2389/1/391 2391/1/391 2392/1/391
f 2389/1/391 2392/1/391 2390/1/391
f 2391/1/392 2353/1/392 2356/1/392
f 2391/1/392 2356/1/392 2392/1/392
f 2356/1/1 2355/1/1 2393/1/1
f 2356/1/1 2393/1/1 2394/1/1
f 2355/1/1 2358/1/1 2395/1/1
f 2355/1/1 2395/1/1 2393/1/1
f 2358/1/1 2360/1/1 2396/1/1
f 2358/1/1 2396/1/1 2395/1/1
f 2360/1/1 2362/1/1 2397/1/1
f 2360/1/1 2397/1/1 2396/1/1
f 2362/1/1 2364/1/1 2398/1/1
f 2362/1/1 2398/1/1 2397/1/1
f 2364/1/1 2366/1/1 2399/1/1
f 2364/1/1 2399/1/1 2398/1/1
f 2366/1/1 2368/1/1 2400/1/1
f 2366/1/1 2400/1/1 2399/1/1
f 2368/1/1 2370/1/1 2401/1/1
f 2368/1/1 2401/1/1 2400/1/1
f 2370/1/1 2372/1/1 2402/1/1
f 2370/1/1 2402/1/1 2401/1/1
f 2372/1/1 2374/1/1 2403/1/1
f 2372/1/1 2403/1/1 2402/1/1
f 2374/1/1 2376/1/1 2404/1/1
f 2374/1/1 2404/1/1 2403/1/1
f 2376/1/1 2378/1/1 2405/1/1
f 2376/1/1 2405/1/1 2404/1/1
f 2378/1/1 2380/1/1 2406/1/1
f 2378/1/1 2406/1/1 2405/1/1
f 2380/1/1 2382/1/1 2407/1/1
f 2380/1/1 2407/1/1 2406/1/1
f 2382/1/1 2384/1/1 2408/1/1
f 2382/1/1 2408/1/1 2407/1/1
f 2384/1/1 2386/1/1 2409/1/1
f 2384/1/1 2409/1/1 2408/1/1
f 2386/1/1 2388/1/1 2410/1/1
f 2386/1/1 2410/1/1 2409/1/1
f 2388/1/1 2390/1/1 2411/1/1
f 2388/1/1 2411/1/1 2410/1/1
f 2390/1/1 2392/1/1 2412/1/1
f 2390/1/1 2412/1/1 2411/1/1
f 2392/1/1 2356/1/1 2394/1/1
f 2392/1/1 2394/1/1 2412/1/1
f 2394/1/393 2393/1/393 2413/1/393
f 2394/1/393 2413/1/393 2414/1/393
f 2393/1/394 2395/1/394 2415/1/394
f 2393/1/394 2415/1/394 2413/1/394
f 2395/1/353 2396/1/353 2416/1/353
f 2395/1/353 2416/1/353 2415/1/353
f 2396/1/395 2397/1/395 2417/1/395
f 2396/1/395 2417/1/395 2416/1/395
f 2397/1/396 2398/1/396 2418/1/396
f 2397/1/396 2418/1/396 2417/1/396
f 2398/1/397 2399/1/397 2419/1/397
f 2398/1/397 2419/1/397 2418/1/397
f 2399/1/398 2400/1/398 2420/1/398
f 2399/1/398 2420/1/398 2419/1/398
f 2400/1/358 2401/1/358 2421/1/358
f 2400/1/358 2421/1/358 2420/1/358
f 2401/1/399 2402/1/399 2422/1/399
f 2401/1/399 2422/1/399 2421/1/399
f 2402/1/400 2403/1/400 2423/1/400
f 2402/1/400 2423/1/400 2422/1/400
f 2403/1/401 2404/1/401 2424/1/401
f 2403/1/401 2424/1/401 2423/1/401
f 2404/1/402 2405/1/402 2425/1/402
f 2404/1/402 2425/1/402 2424/1/402
f 2405/1/343 2406/1/343 2426/1/343
f 2405/1/343 2426/1/343 2425/1/343
f 2406/1/403 2407/1/403 2427/1/403
f 2406/1/403 2427/1/403 2426/1/403
f 2407/1/404 2408/1/404 2428/1/404
f 2407/1/404 2428/1/404 2427/1/404
f 2408/1/405 2409/1/405 2429/1/405
f 2408/1/405 2429/1/405 2428/1/405
f 2409/1/406 2410/1/406 2430/1/406
f 2409/1/406 2430/1/406 2429/1/406
f 2410/1/348 2411/1/348 2431/1/348
f 2410/1/348 2431/1/348 2430/1/348
f 2411/1/407 2412/1/407 2432/1/407
f 2411/1/407 2432/1/407 2431/1/407
f 2412/1/408 2394/1/408 2414/1/408
f 2412/1/408 2414/1/408 2432/1/408
f 2414/1/2 2413/1/2 2354/1/2
f 2414/1/2 2354/1/2 2353/1/2
f 2413/1/2 2415/1/2 2357/1/2
f 2413/1/2 2357/1/2 2354/1/2
f 2415/1/2 2416/1/2 2359/1/2
f 2415/1/2 2359/1/2 2357/1/2
f 2416/1/2 2417/1/2 2361/1/2
f 2416/1/2 2361/1/2 2359/1/2
f 2417/1/2 2418/1/2 2363/1/2
f 2417/1/2 2363/1/2 2361/1/2
f 2418/1/2 2419/1/2 2365/1/2
f 2418/1/2 2365/1/2 2363/1/2
f 2419/1/2 2420/1/2 2367/1/2
f 2419/1/2 2367/1/2 2365/1/2
f 2420/1/2 2421/1/2 2369/1/2
f 2420/1/2 2369/1/2 2367/1/2
f 2421/1/2 2422/1/2 2371/1/2
f 2421/1/2 2371/1/2 2369/1/2
f 2422/1/2 2423/1/2 2373/1/2
f 2422/1/2 2373/1/2 2371/1/2
f 2423/1/2 2424/1/2 2375/1/2
f 2423/1/2 2375/1/2 2373/1/2
f 2424/1/2 2425/1/2 2377/1/2
f 2424/1/2 2377/1/2 2375/1/2
f 2425/1/2 2426/1/2 2379/1/2
f 2425/1/2 2379/1/2 2377/1/2
f 2426/1/2 2427/1/2 2381/1/2
f 2426/1/2 2381/1/2 2379/1/2
f 2427/1/2 2428/1/2 2383/1/2
f 2427/1/2 2383/1/2 2381/1/2
f 2428/1/2 2429/1/2 2385/1/2
f 2428/1/2 2385/1/2 2383/1/2
f 2429/1/2 2430/1/2 2387/1/2
f 2429/1/2 2387/1/2 2385/1/2
f 2430/1/2 2431/1/2 2389/1/2
f 2430/1/2 2389/1/2 2387/1/2
f 2431/1/2 2432/1/2 2391/1/2
f 2431/1/2 2391/1/2 2389/1/2
f 2432/1/2 2414/1/2 2353/1/2
f 2432/1/2 2353/1/2 2391/1/2
usemtl mat_3
f 2433/1/409 2434/1/409 2435/1/409
f 2433/1/409 2435/1/409 2436/1/409
f 2434/1/410 2437/1/410 2438/1/410
f 2434/1/410 2438/1/410 2435/1/410
f 2437/1/411 2439/1/411 2440/1/411
f 2437/1/411 2440/1/411 2438/1/411
f 2439/1/412 2441/1/412 2442/1/412
f 2439/1/412 2442/1/412 2440/1/412
f 2441/1/413 2443/1/413 2444/1/413
f 2441/1/413 2444/1/413 2442/1/413
f 2443/1/414 2445/1/414 2446/1/414
f 2443/1/414 2446/1/414 2444/1/414
f 2445/1/415 2447/1/415 2448/1/415
f 2445/1/415 2448/1/415 2446/1/415
f 2447/1/416 2449/1/416 2450/1/416
f 2447/1/416 2450/1/416 2448/1/416
f 2449/1/417 2451/1/417 2452/1/417
f 2449/1/417 2452/1/417 2450/1/417
f 2451/1/418 2453/1/418 2454/1/418
f 2451/1/418 2454/1/418 2452/1/418
f 2453/1/419 2455/1/419 2456/1/419
f 2453/1/419 2456/1/419 2454/1/419
f 2455/1/420 2457/1/420 2458/1/420
f 2455/1/420 2458/1/420 2456/1/420
f 2457/1/421 2459/1/421 2460/1/421
f 2457/1/421 2460/1/421 2458/1/421
f 2459/1/422 2461/1/422 2462/1/422
f 2459/1/422 2462/1/422 2460/1/422
f 2461/1/423 2463/1/423 2464/1/423
f 2461/1/423 2464/1/423 2462/1/423
f 2463/1/424 2465/1/424 2466/1/424
f 2463/1/424 2466/1/424 2464/1/424
f 2465/1/425 2467/1/425 2468/1/425
f 2465/1/425 2468/1/425 2466/1/425
f 2467/1/426 2469/1/426 2470/1/426
f 2467/1/426 2470/1/426 2468/1/426
f 2469/1/427 2471/1/427 2472/1/427
f 2469/1/427 2472/1/427 2470/1/427
f 2471/1/428 2473/1/428 2474/1/428
f 2471/1/428 2474/1/428 2472/1/428
f 2473/1/429 2475/1/429 2476/1/429
f 2473/1/429 2476/1/429 2474/1/429
f 2475/1/430 2477/1/430 2478/1/430
f 2475/1/430 2478/1/430 2476/1/430
f 2477/1/431 2479/1/431 2480/1/431
f 2477/1/431 2480/1/431 2478/1/431
f 2479/1/432 2433/1/432 2436/1/432
f 2479/1/432 2436/1/432 2480/1/432
f 2436/1/1 2435/1/1 2481/1/1
f 2436/1/1 2481/1/1 2482/1/1
f 2435/1/1 2438/1/1 2483/1/1
f 2435/1/1 2483/1/1 2481/1/1
f 2438/1/1 2440/1/1 2484/1/1
f 2438/1/1 2484/1/1 2483/1/1
f 2440/1/1 2442/1/1 2485/1/1
f 2440/1/1 2485/1/1 2484/1/1
f 2442/1/1 2444/1/1 2486/1/1
f 2442/1/1 2486/1/1 2485/1/1
f 2444/1/1 2446/1/1 2487/1/1
f 2444/1/1 2487/1/1 2486/1/1
f 2446/1/1 2448/1/1 2488/1/1
f 2446/1/1 2488/1/1 2487/1/1
f 2448/1/1 2450/1/1 2489/1/1
f 2448/1/1 2489/1/1 2488/1/1
f 2450/1/1 2452/1/1 2490/1/1
f 2450/1/1 2490/1/1 2489/1/1
f 2452/1/1 2454/1/1 2491/1/1
f 2452/1/1 2491/1/1 2490/1/1
f 2454/1/1 2456/1/1 2492/1/1
f 2454/1/1 2492/1/1 2491/1/1
f 2456/1/1 2458/1/1 2493/1/1
f 2456/1/1 2493/1/1 2492/1/1
f 2458/1/1 2460/1/1 2494/1/1
f 2458/1/1 2494/1/1 2493/1/1
f 2460/1/1 2462/1/1 2495/1/1
f 2460/1/1 2495/1/1 2494/1/1
f 2462/1/1 2464/1/1 2496/1/1
f 2462/1/1 2496/1/1 2495/1/1
f 2464/1/1 2466/1/1 2497/1/1
f 2464/1/1 2497/1/1 2496/1/1
f 2466/1/1 2468/1/1 2498/1/1
f 2466/1/1 2498/1/1 2497/1/1
f 2468/1/1 2470/1/1 2499/1/1
f 2468/1/1 2499/1/1 2498/1/1
f 2470/1/1 2472/1/1 2500/1/1
f 2470/1/1 2500/1/1 2499/1/1
f 2472/1/1 2474/1/1 2501/1/1
f 2472/1/1 2501/1/1 2500/1/1
f 2474/1/1 2476/1/1 2502/1/1
f 2474/1/1 2502/1/1 2501/1/1
f 2476/1/1 2478/1/1 2503/1/1
f 2476/1/1 2503/1/1 2502/1/1
f 2478/1/1 2480/1/1 2504/1/1
f 2478/1/1 2504/1/1 2503/1/1
f 2480/1/1 2436/1/1 2482/1/1
f 2480/1/1 2482/1/1 2504/1/1
f 2482/1/280 2481/1/280 2505/1/280
f 2482/1/280 2505/1/280 2314/1/280
f 2481/1/279 2483/1/279 2506/1/279
f 2481/1/279 2506/1/279 2505/1/279
f 2483/1/278 2484/1/278 2507/1/278
f 2483/1/278 2507/1/278 2506/1/278
f 2484/1/277 2485/1/277 2508/1/277
f 2484/1/277 2508/1/277 2507/1/277
f 2485/1/276 2486/1/276 2509/1/276
f 2485/1/276 2509/1/276 2508/1/276
f 2486/1/275 2487/1/275 2318/1/275
f 2486/1/275 2318/1/275 2509/1/275
f 2487/1/274 2488/1/274 2510/1/274
f 2487/1/274 2510/1/274 2318/1/274
f 2488/1/273 2489/1/273 2511/1/273
f 2488/1/273 2511/1/273 2510/1/273
f 2489/1/272 2490/1/272 2512/1/272
f 2489/1/272 2512/1/272 2511/1/272
f 2490/1/271 2491/1/271 2513/1/271
f 2490/1/271 2513/1/271 2512/1/271
f 2491/1/270 2492/1/270 2514/1/270
f 2491/1/270 2514/1/270 2513/1/270
f 2492/1/269 2493/1/269 2323/1/269
f 2492/1/269 2323/1/269 2514/1/269
f 2493/1/292 2494/1/292 2515/1/292
f 2493/1/292 2515/1/292 2323/1/292
f 2494/1/291 2495/1/291 2516/1/291
f 2494/1/291 2516/1/291 2515/1/291
f 2495/1/290 2496/1/290 2517/1/290
f 2495/1/290 2517/1/290 2516/1/290
f 2496/1/289 2497/1/289 2518/1/289
f 2496/1/289 2518/1/289 2517/1/289
f 2497/1/288 2498/1/288 2519/1/288
f 2497/1/288 2519/1/288 2518/1/288
f 2498/1/287 2499/1/287 2328/1/287
f 2498/1/287 2328/1/287 2519/1/287
f 2499/1/286 2500/1/286 2520/1/286
f 2499/1/286 2520/1/286 2328/1/286
f 2500/1/285 2501/1/285 2521/1/285
f 2500/1/285 2521/1/285 2520/1/285
f 2501/1/284 2502/1/284 2522/1/284
f 2501/1/284 2522/1/284 2521/1/284
f 2502/1/283 2503/1/283 2523/1/283
f 2502/1/283 2523/1/283 2522/1/283
f 2503/1/282 2504/1/282 2524/1/282
f 2503/1/282 2524/1/282 2523/1/282
f 2504/1/281 2482/1/281 2314/1/281
f 2504/1/281 2314/1/281 2524/1/281
f 2314/1/2 2505/1/2 2434/1/2
f 2314/1/2 2434/1/2 2433/1/2
f 2505/1/2 2506/1/2 2437/1/2
f 2505/1/2 2437/1/2 2434/1/2
f 2506/1/2 2507/1/2 2439/1/2
f 2506/1/2 2439/1/2 2437/1/2
f 2507/1/2 2508/1/2 2441/1/2
f 2507/1/2 2441/1/2 2439/1/2
f 2508/1/2 2509/1/2 2443/1/2
f 2508/1/2 2443/1/2 2441/1/2
f 2509/1/2 2318/1/2 2445/1/2
f 2509/1/2 2445/1/2 2443/1/2
f 2318/1/2 2510/1/2 2447/1/2
f 2318/1/2 2447/1/2 2445/1/2
f 2510/1/2 2511/1/2 2449/1/2
f 2510/1/2 2449/1/2 2447/1/2
f 2511/1/2 2512/1/2 2451/1/2
f 2511/1/2 2451/1/2 2449/1/2
f 2512/1/2 2513/1/2 2453/1/2
f 2512/1/2 2453/1/2 2451/1/2
f 2513/1/2 2514/1/2 2455/1/2
f 2513/1/2 2455/1/2 2453/1/2
f 2514/1/2 2323/1/2 2457/1/2
f 2514/1/2 2457/1/2 2455/1/2
f 2323/1/2 2515/1/2 2459/1/2
f 2323/1/2 2459/1/2 2457/1/2
f 2515/1/2 2516/1/2 2461/1/2
f 2515/1/2 2461/1/2 2459/1/2
f 2516/1/2 2517/1/2 2463/1/2
f 2516/1/2 2463/1/2 2461/1/2
f 2517/1/2 2518/1/2 2465/1/2
f 2517/1/2 2465/1/2 2463/1/2
f 2518/1/2 2519/1/2 2467/1/2
f 2518/1/2 2467/1/2 2465/1/2
f 2519/1/2 2328/1/2 2469/1/2
f 2519/1/2 2469/1/2 2467/1/2
f 2328/1/2 2520/1/2 2471/1/2
f 2328/1/2 2471/1/2 2469/1/2
f 2520/1/2 2521/1/2 2473/1/2
f 2520/1/2 2473/1/2 2471/1/2
f 2521/1/2 2522/1/2 2475/1/2
f 2521/1/2 2475/1/2 2473/1/2
f 2522/1/2 2523/1/2 2477/1/2
f 2522/1/2 2477/1/2 2475/1/2
f 2523/1/2 2524/1/2 2479/1/2
f 2523/1/2 2479/1/2 2477/1/2
f 2524/1/2 2314/1/2 2433/1/2
f 2524/1/2 2433/1/2 2479/1/2
usemtl mat_2
f 2525/1/433 2526/1/433 2527/1/433
f 2525/1/433 2527/1/433 2528/1/433
f 2526/1/434 2529/1/434 2530/1/434
f 2526/1/434 2530/1/434 2527/1/434
f 2529/1/435 2531/1/435 2532/1/435
f 2529/1/435 2532/1/435 2530/1/435
f 2531/1/436 2533/1/436 2534/1/436
f 2531/1/436 2534/1/436 2532/1/436
f 2533/1/437 2535/1/437 2536/1/437
f 2533/1/437 2536/1/437 2534/1/437
f 2535/1/438 2537/1/438 2538/1/438
f 2535/1/438 2538/1/438 2536/1/438
f 2537/1/439 2539/1/439 2540/1/439
f 2537/1/439 2540/1/439 2538/1/439
f 2539/1/440 2541/1/440 2542/1/440
f 2539/1/440 2542/1/440 2540/1/440
f 2541/1/441 2543/1/441 2544/1/441
f 2541/1/441 2544/1/441 2542/1/441
f 2543/1/442 2545/1/442 2546/1/442
f 2543/1/442 2546/1/442 2544/1/442
f 2545/1/443 2547/1/443 2548/1/443
f 2545/1/443 2548/1/443 2546/1/443
f 2547/1/444 2549/1/444 2550/1/444
f 2547/1/444 2550/1/444 2548/1/444
f 2549/1/445 2551/1/445 2552/1/445
f 2549/1/445 2552/1/445 2550/1/445
f 2551/1/446 2553/1/446 2554/1/446
f 2551/1/446 2554/1/446 2552/1/446
f 2553/1/447 2555/1/447 2556/1/447
f 2553/1/447 2556/1/447 2554/1/447
f 2555/1/448 2557/1/448 2558/1/448
f 2555/1/448 2558/1/448 2556/1/448
f 2557/1/449 2559/1/449 2560/1/449
f 2557/1/449 2560/1/449 2558/1/449
f 2559/1/450 2561/1/450 2562/1/450
f 2559/1/450 2562/1/450 2560/1/450
f 2561/1/451 2563/1/451 2564/1/451
f 2561/1/451 2564/1/451 2562/1/451
f 2563/1/452 2565/1/452 2566/1/452
f 2563/1/452 2566/1/452 2564/1/452
f 2565/1/453 2567/1/453 2568/1/453
f 2565/1/453 2568/1/453 2566/1/453
f 2567/1/454 2569/1/454 2570/1/454
f 2567/1/454 2570/1/454 2568/1/454
f 2569/1/455 2571/1/455 2572/1/455
f 2569/1/455 2572/1/455 2570/1/455
f 2571/1/456 2525/1/456 2528/1/456
f 2571/1/456 2528/1/456 2572/1/456
f 2528/1/1 2527/1/1 2573/1/1
f 2528/1/1 2573/1/1 2574/1/1
f 2527/1/1 2530/1/1 2575/1/1
f 2527/1/1 2575/1/1 2573/1/1
f 2530/1/1 2532/1/1 2576/1/1
f 2530/1/1 2576/1/1 2575/1/1
f 2532/1/1 2534/1/1 2577/1/1
f 2532/1/1 2577/1/1 2576/1/1
f 2534/1/1 2536/1/1 2578/1/1
f 2534/1/1 2578/1/1 2577/1/1
f 2536/1/1 2538/1/1 2579/1/1
f 2536/1/1 2579/1/1 2578/1/1
f 2538/1/1 2540/1/1 2580/1/1
f 2538/1/1 2580/1/1 2579/1/1
f 2540/1/1 2542/1/1 2581/1/1
f 2540/1/1 2581/1/1 2580/1/1
f 2542/1/1 2544/1/1 2582/1/1
f 2542/1/1 2582/1/1 2581/1/1
f 2544/1/1 2546/1/1 2583/1/1
f 2544/1/1 2583/1/1 2582/1/1
f 2546/1/1 2548/1/1 2584/1/1
f 2546/1/1 2584/1/1 2583/1/1
f 2548/1/1 2550/1/1 2585/1/1
f 2548/1/1 2585/1/1 2584/1/1
f 2550/1/1 2552/1/1 2586/1/1
f 2550/1/1 2586/1/1 2585/1/1
f 2552/1/1 2554/1/1 2587/1/1
f 2552/1/1 2587/1/1 2586/1/1
f 2554/1/1 2556/1/1 2588/1/1
f 2554/1/1 2588/1/1 2587/1/1
f 2556/1/1 2558/1/1 2589/1/1
f 2556/1/1 2589/1/1 2588/1/1
f 2558/1/1 2560/1/1 2590/1/1
f 2558/1/1 2590/1/1 2589/1/1
f 2560/1/1 2562/1/1 2591/1/1
f 2560/1/1 2591/1/1 2590/1/1
f 2562/1/1 2564/1/1 2592/1/1
f 2562/1/1 2592/1/1 2591/1/1
f 2564/1/1 2566/1/1 2593/1/1
f 2564/1/1 2593/1/1 2592/1/1
f 2566/1/1 2568/1/1 2594/1/1
f 2566/1/1 2594/1/1 2593/1/1
f 2568/1/1 2570/1/1 2595/1/1
f 2568/1/1 2595/1/1 2594/1/1
f 2570/1/1 2572/1/1 2596/1/1
f 2570/1/1 2596/1/1 2595/1/1
f 2572/1/1 2528/1/1 2574/1/1
f 2572/1/1 2574/1/1 2596/1/1
f 2574/1/280 2573/1/280 2481/1/280
f 2574/1/280 2481/1/280 2482/1/280
f 2573/1/279 2575/1/279 2483/1/279
f 2573/1/279 2483/1/279 2481/1/279
f 2575/1/278 2576/1/278 2484/1/278
f 2575/1/278 2484/1/278 2483/1/278
f 2576/1/277 2577/1/277 2485/1/277
f 2576/1/277 2485/1/277 2484/1/277
f 2577/1/276 2578/1/276 2486/1/276
f 2577/1/276 2486/1/276 2485/1/276
f 2578/1/275 2579/1/275 2487/1/275
f 2578/1/275 2487/1/275 2486/1/275
f 2579/1/274 2580/1/274 2488/1/274
f 2579/1/274 2488/1/274 2487/1/274
f 2580/1/273 2581/1/273 2489/1/273
f 2580/1/273 2489/1/273 2488/1/273
f 2581/1/272 2582/1/272 2490/1/272
f 2581/1/272 2490/1/272 2489/1/272
f 2582/1/271 2583/1/271 2491/1/271
f 2582/1/271 2491/1/271 2490/1/271
f 2583/1/270 2584/1/270 2492/1/270
f 2583/1/270 2492/1/270 2491/1/270
f 2584/1/269 2585/1/269 2493/1/269
f 2584/1/269 2493/1/269 2492/1/269
f 2585/1/292 2586/1/292 2494/1/292
f 2585/1/292 2494/1/292 2493/1/292
f 2586/1/291 2587/1/291 2495/1/291
f 2586/1/291 2495/1/291 2494/1/291
f 2587/1/290 2588/1/290 2496/1/290
f 2587/1/290 2496/1/290 2495/1/290
f 2588/1/289 2589/1/289 2497/1/289
f 2588/1/289 2497/1/289 2496/1/289
f 2589/1/288 2590/1/288 2498/1/288
f 2589/1/288 2498/1/288 2497/1/288
f 2590/1/287 2591/1/287 2499/1/287
f 2590/1/287 2499/1/287 2498/1/287
f 2591/1/286 2592/1/286 2500/1/286
f 2591/1/286 2500/1/286 2499/1/286
f 2592/1/285 2593/1/285 2501/1/285
f 2592/1/285 2501/1/285 2500/1/285
f 2593/1/284 2594/1/284 2502/1/284
f 2593/1/284 2502/1/284 2501/1/284
f 2594/1/283 2595/1/283 2503/1/283
f 2594/1/283 2503/1/283 2502/1/283
f 2595/1/282 2596/1/282 2504/1/282
f 2595/1/282 2504/1/282 2503/1/282
f 2596/1/281 2574/1/281 2482/1/281
f 2596/1/281 2482/1/281 2504/1/281
f 2482/1/2 2481/1/2 2526/1/2
f 2482/1/2 2526/1/2 2525/1/2
f 2481/1/2 2483/1/2 2529/1/2
f 2481/1/2 2529/1/2 2526/1/2
f 2483/1/2 2484/1/2 2531/1/2
f 2483/1/2 2531/1/2 2529/1/2
f 2484/1/2 2485/1/2 2533/1/2
f 2484/1/2 2533/1/2 2531/1/2
f 2485/1/2 2486/1/2 2535/1/2
f 2485/1/2 2535/1/2 2533/1/2
f 2486/1/2 2487/1/2 2537/1/2
f 2486/1/2 2537/1/2 2535/1/2
f 2487/1/2 2488/1/2 2539/1/2
f 2487/1/2 2539/1/2 2537/1/2
f 2488/1/2 2489/1/2 2541/1/2
f 2488/1/2 2541/1/2 2539/1/2
f 2489/1/2 2490/1/2 2543/1/2
f 2489/1/2 2543/1/2 2541/1/2
f 2490/1/2 2491/1/2 2545/1/2
f 2490/1/2 2545/1/2 2543/1/2
f 2491/1/2 2492/1/2 2547/1/2
f 2491/1/2 2547/1/2 2545/1/2
f 2492/1/2 2493/1/2 2549/1/2
f 2492/1/2 2549/1/2 2547/1/2
f 2493/1/2 2494/1/2 2551/1/2
f 2493/1/2 2551/1/2 2549/1/2
f 2494/1/2 2495/1/2 2553/1/2
f 2494/1/2 2553/1/2 2551/1/2
f 2495/1/2 2496/1/2 2555/1/2
f 2495/1/2 2555/1/2 2553/1/2
f 2496/1/2 2497/1/2 2557/1/2
f 2496/1/2 2557/1/2 2555/1/2
f 2497/1/2 2498/1/2 2559/1/2
f 2497/1/2 2559/1/2 2557/1/2
f 2498/1/2 2499/1/2 2561/1/2
f 2498/1/2 2561/1/2 2559/1/2
f 2499/1/2 2500/1/2 2563/1/2
f 2499/1/2 2563/1/2 2561/1/2
f 2500/1/2 2501/1/2 2565/1/2
f 2500/1/2 2565/1/2 2563/1/2
f 2501/1/2 2502/1/2 2567/1/2
f 2501/1/2 2567/1/2 2565/1/2
f 2502/1/2 2503/1/2 2569/1/2
f 2502/1/2 2569/1/2 2567/1/2
f 2503/1/2 2504/1/2 2571/1/2
f 2503/1/2 2571/1/2 2569/1/2
f 2504/1/2 2482/1/2 2525/1/2
f 2504/1/2 2525/1/2 2571/1/2
usemtl mat_3
f 2597/1/2 2598/1/2 2599/1/2
f 2599/1/2 2600/1/2 2601/1/2
f 2601/1/2 2602/1/2 2597/1/2
f 2599/1/2 2601/1/2 2597/1/2
f 2603/1/1 2604/1/1 2605/1/1
f 2605/1/1 2606/1/1 2607/1/1
f 2607/1/1 2608/1/1 2603/1/1
f 2605/1/1 2607/1/1 2603/1/1
f 2597/1/457 2602/1/457 2605/1/457
f 2597/1/457 2605/1/457 2604/1/457
f 2602/1/3 2601/1/3 2606/1/3
f 2602/1/3 2606/1/3 2605/1/3
f 2601/1/458 2600/1/458 2607/1/458
f 2601/1/458 2607/1/458 2606/1/458
f 2600/1/459 2599/1/459 2608/1/459
f 2600/1/459 2608/1/459 2607/1/459
f 2599/1/4 2598/1/4 2603/1/4
f 2599/1/4 2603/1/4 2608/1/4
f 2598/1/460 2597/1/460 2604/1/460
f 2598/1/460 2604/1/460 2603/1/460
f 2609/1/2 2610/1/2 2611/1/2
f 2611/1/2 2612/1/2 2613/1/2
f 2613/1/2 2614/1/2 2609/1/2
f 2611/1/2 2613/1/2 2609/1/2
f 2615/1/1 2616/1/1 2617/1/1
f 2617/1/1 2618/1/1 2619/1/1
f 2619/1/1 2620/1/1 2615/1/1
f 2617/1/1 2619/1/1 2615/1/1
f 2609/1/457 2614/1/457 2617/1/457
f 2609/1/457 2617/1/457 2616/1/457
f 2614/1/3 2613/1/3 2618/1/3
f 2614/1/3 2618/1/3 2617/1/3
f 2613/1/458 2612/1/458 2619/1/458
f 2613/1/458 2619/1/458 2618/1/458
f 2612/1/459 2611/1/459 2620/1/459
f 2612/1/459 2620/1/459 2619/1/459
f 2611/1/4 2610/1/4 2615/1/4
f 2611/1/4 2615/1/4 2620/1/4
f 2610/1/460 2609/1/460 2616/1/460
f 2610/1/460 2616/1/460 2615/1/460
f 2621/1/2 2622/1/2 2623/1/2
f 2623/1/2 2624/1/2 2625/1/2
f 2625/1/2 2626/1/2 2621/1/2
f 2623/1/2 2625/1/2 2621/1/2
f 2627/1/1 2628/1/1 2629/1/1
f 2629/1/1 2630/1/1 2631/1/1
f 2631/1/1 2632/1/1 2627/1/1
f 2629/1/1 2631/1/1 2627/1/1
f 2621/1/457 2626/1/457 2629/1/457
f 2621/1/457 2629/1/457 2628/1/457
f 2626/1/3 2625/1/3 2630/1/3
f 2626/1/3 2630/1/3 2629/1/3
f 2625/1/458 2624/1/458 2631/1/458
f 2625/1/458 2631/1/458 2630/1/458
f 2624/1/459 2623/1/459 2632/1/459
f 2624/1/459 2632/1/459 2631/1/459
f 2623/1/4 2622/1/4 2627/1/4
f 2623/1/4 2627/1/4 2632/1/4
f 2622/1/460 2621/1/460 2628/1/460
f 2622/1/460 2628/1/460 2627/1/460
f 2633/1/2 2634/1/2 2635/1/2
f 2635/1/2 2636/1/2 2637/1/2
f 2637/1/2 2638/1/2 2633/1/2
f 2635/1/2 2637/1/2 2633/1/2
f 2639/1/1 2640/1/1 2641/1/1
f 2641/1/1 2642/1/1 2643/1/1
f 2643/1/1 2644/1/1 2639/1/1
f 2641/1/1 2643/1/1 2639/1/1
f 2633/1/457 2638/1/457 2641/1/457
f 2633/1/457 2641/1/457 2640/1/457
f 2638/1/3 2637/1/3 2642/1/3
f 2638/1/3 2642/1/3 2641/1/3
f 2637/1/458 2636/1/458 2643/1/458
f 2637/1/458 2643/1/458 2642/1/458
f 2636/1/459 2635/1/459 2644/1/459
f 2636/1/459 2644/1/459 2643/1/459
f 2635/1/4 2634/1/4 2639/1/4
f 2635/1/4 2639/1/4 2644/1/4
f 2634/1/460 2633/1/460 2640/1/460
f 2634/1/460 2640/1/460 2639/1/460
f 2645/1/2 2646/1/2 2647/1/2
f 2647/1/2 2648/1/2 2649/1/2
f 2649/1/2 2650/1/2 2645/1/2
f 2647/1/2 2649/1/2 2645/1/2
f 2651/1/1 2652/1/1 2653/1/1
f 2653/1/1 2654/1/1 2655/1/1
f 2655/1/1 2656/1/1 2651/1/1
f 2653/1/1 2655/1/1 2651/1/1
f 2645/1/457 2650/1/457 2653/1/457
f 2645/1/457 2653/1/457 2652/1/457
f 2650/1/3 2649/1/3 2654/1/3
f 2650/1/3 2654/1/3 2653/1/3
f 2649/1/458 2648/1/458 2655/1/458
f 2649/1/458 2655/1/458 2654/1/458
f 2648/1/459 2647/1/459 2656/1/459
f 2648/1/459 2656/1/459 2655/1/459
f 2647/1/4 2646/1/4 2651/1/4
f 2647/1/4 2651/1/4 2656/1/4
f 2646/1/460 2645/1/460 2652/1/460
f 2646/1/460 2652/1/460 2651/1/460
f 2657/1/2 2658/1/2 2659/1/2
f 2659/1/2 2660/1/2 2661/1/2
f 2661/1/2 2662/1/2 2657/1/2
f 2659/1/2 2661/1/2 2657/1/2
f 2663/1/1 2664/1/1 2665/1/1
f 2665/1/1 2666/1/1 2667/1/1
f 2667/1/1 2668/1/1 2663/1/1
f 2665/1/1 2667/1/1 2663/1/1
f 2657/1/457 2662/1/457 2665/1/457
f 2657/1/457 2665/1/457 2664/1/457
f 2662/1/3 2661/1/3 2666/1/3
f 2662/1/3 2666/1/3 2665/1/3
f 2661/1/458 2660/1/458 2667/1/458
f 2661/1/458 2667/1/458 2666/1/458
f 2660/1/459 2659/1/459 2668/1/459
f 2660/1/459 2668/1/459 2667/1/459
f 2659/1/4 2658/1/4 2663/1/4
f 2659/1/4 2663/1/4 2668/1/4
f 2658/1/460 2657/1/460 2664/1/460
f 2658/1/460 2664/1/460 2663/1/460
f 2669/1/2 2670/1/2 2671/1/2
f 2671/1/2 2672/1/2 2673/1/2
f 2673/1/2 2674/1/2 2669/1/2
f 2671/1/2 2673/1/2 2669/1/2
f 2675/1/1 2676/1/1 2677/1/1
f 2677/1/1 2678/1/1 2679/1/1
f 2679/1/1 2680/1/1 2675/1/1
f 2677/1/1 2679/1/1 2675/1/1
f 2669/1/457 2674/1/457 2677/1/457
f 2669/1/457 2677/1/457 2676/1/457
f 2674/1/3 2673/1/3 2678/1/3
f 2674/1/3 2678/1/3 2677/1/3
f 2673/1/458 2672/1/458 2679/1/458
f 2673/1/458 2679/1/458 2678/1/458
f 2672/1/459 2671/1/459 2680/1/459
f 2672/1/459 2680/1/459 2679/1/459
f 2671/1/4 2670/1/4 2675/1/4
f 2671/1/4 2675/1/4 2680/1/4
f 2670/1/460 2669/1/460 2676/1/460
f 2670/1/460 2676/1/460 2675/1/460
f 2681/1/2 2682/1/2 2683/1/2
f 2683/1/2 2684/1/2 2685/1/2
f 2685/1/2 2686/1/2 2681/1/2
f 2683/1/2 2685/1/2 2681/1/2
f 2687/1/1 2688/1/1 2689/1/1
f 2689/1/1 2690/1/1 2691/1/1
f 2691/1/1 2692/1/1 2687/1/1
f 2689/1/1 2691/1/1 2687/1/1
f 2681/1/457 2686/1/457 2689/1/457
f 2681/1/457 2689/1/457 2688/1/457
f 2686/1/3 2685/1/3 2690/1/3
f 2686/1/3 2690/1/3 2689/1/3
f 2685/1/458 2684/1/458 2691/1/458
f 2685/1/458 2691/1/458 2690/1/458
f 2684/1/459 2683/1/459 2692/1/459
f 2684/1/459 2692/1/459 2691/1/459
f 2683/1/4 2682/1/4 2687/1/4
f 2683/1/4 2687/1/4 2692/1/4
f 2682/1/460 2681/1/460 2688/1/460
f 2682/1/460 2688/1/460 2687/1/460
f 2693/1/2 2694/1/2 2695/1/2
f 2695/1/2 2696/1/2 2697/1/2
f 2697/1/2 2698/1/2 2693/1/2
f 2695/1/2 2697/1/2 2693/1/2
f 2699/1/1 2700/1/1 2701/1/1
f 2701/1/1 2702/1/1 2703/1/1
f 2703/1/1 2704/1/1 2699/1/1
f 2701/1/1 2703/1/1 2699/1/1
f 2693/1/457 2698/1/457 2701/1/457
f 2693/1/457 2701/1/457 2700/1/457
f 2698/1/3 2697/1/3 2702/1/3
f 2698/1/3 2702/1/3 2701/1/3
f 2697/1/458 2696/1/458 2703/1/458
f 2697/1/458 2703/1/458 2702/1/458
f 2696/1/459 2695/1/459 2704/1/459
f 2696/1/459 2704/1/459 2703/1/459
f 2695/1/4 2694/1/4 2699/1/4
f 2695/1/4 2699/1/4 2704/1/4
f 2694/1/460 2693/1/460 2700/1/460
f 2694/1/460 2700/1/460 2699/1/460
f 2705/1/2 2706/1/2 2707/1/2
f 2707/1/2 2708/1/2 2709/1/2
f 2709/1/2 2710/1/2 2705/1/2
f 2707/1/2 2709/1/2 2705/1/2
f 2711/1/1 2712/1/1 2713/1/1
f 2713/1/1 2714/1/1 2715/1/1
f 2715/1/1 2716/1/1 2711/1/1
f 2713/1/1 2715/1/1 2711/1/1
f 2705/1/457 2710/1/457 2713/1/457
f 2705/1/457 2713/1/457 2712/1/457
f 2710/1/3 2709/1/3 2714/1/3
f 2710/1/3 2714/1/3 2713/1/3
f 2709/1/458 2708/1/458 2715/1/458
f 2709/1/458 2715/1/458 2714/1/458
f 2708/1/459 2707/1/459 2716/1/459
f 2708/1/459 2716/1/459 2715/1/459
f 2707/1/4 2706/1/4 2711/1/4
f 2707/1/4 2711/1/4 2716/1/4
f 2706/1/460 2705/1/460 2712/1/460
f 2706/1/460 2712/1/460 2711/1/460
f 2717/1/2 2718/1/2 2719/1/2
f 2719/1/2 2720/1/2 2721/1/2
f 2721/1/2 2722/1/2 2717/1/2
f 2719/1/2 2721/1/2 2717/1/2
f 2723/1/1 2724/1/1 2725/1/1
f 2725/1/1 2726/1/1 2727/1/1
f 2727/1/1 2728/1/1 2723/1/1
f 2725/1/1 2727/1/1 2723/1/1
f 2717/1/457 2722/1/457 2725/1/457
f 2717/1/457 2725/1/457 2724/1/457
f 2722/1/3 2721/1/3 2726/1/3
f 2722/1/3 2726/1/3 2725/1/3
f 2721/1/458 2720/1/458 2727/1/458
f 2721/1/458 2727/1/458 2726/1/458
f 2720/1/459 2719/1/459 2728/1/459
f 2720/1/459 2728/1/459 2727/1/459
f 2719/1/4 2718/1/4 2723/1/4
f 2719/1/4 2723/1/4 2728/1/4
f 2718/1/460 2717/1/460 2724/1/460
f 2718/1/460 2724/1/460 2723/1/460
f 2729/1/2 2730/1/2 2731/1/2
f 2731/1/2 2732/1/2 2733/1/2
f 2733/1/2 2734/1/2 2729/1/2
f 2731/1/2 2733/1/2 2729/1/2
f 2735/1/1 2736/1/1 2737/1/1
f 2737/1/1 2738/1/1 2739/1/1
f 2739/1/1 2740/1/1 2735/1/1
f 2737/1/1 2739/1/1 2735/1/1
f 2729/1/457 2734/1/457 2737/1/457
f 2729/1/457 2737/1/457 2736/1/457
f 2734/1/3 2733/1/3 2738/1/3
f 2734/1/3 2738/1/3 2737/1/3
f 2733/1/458 2732/1/458 2739/1/458
f 2733/1/458 2739/1/458 2738/1/458
f 2732/1/459 2731/1/459 2740/1/459
f 2732/1/459 2740/1/459 2739/1/459
f 2731/1/4 2730/1/4 2735/1/4
f 2731/1/4 2735/1/4 2740/1/4
f 2730/1/460 2729/1/460 2736/1/460
f 2730/1/460 2736/1/460 2735/1/460
f 2741/1/350 2742/1/350 2743/1/350
f 2741/1/350 2743/1/350 2744/1/350
f 2742/1/461 2745/1/461 2746/1/461
f 2742/1/461 2746/1/461 2743/1/461
f 2745/1/462 2747/1/462 2748/1/462
f 2745/1/462 2748/1/462 2746/1/462
f 2747/1/347 2749/1/347 2750/1/347
f 2747/1/347 2750/1/347 2748/1/347
f 2749/1/346 2751/1/346 2752/1/346
f 2749/1/346 2752/1/346 2750/1/346
f 2751/1/345 2753/1/345 2754/1/345
f 2751/1/345 2754/1/345 2752/1/345
f 2753/1/344 2755/1/344 2756/1/344
f 2753/1/344 2756/1/344 2754/1/344
f 2755/1/463 2757/1/463 2758/1/463
f 2755/1/463 2758/1/463 2756/1/463
f 2757/1/464 2759/1/464 2760/1/464
f 2757/1/464 2760/1/464 2758/1/464
f 2759/1/341 2761/1/341 2762/1/341
f 2759/1/341 2762/1/341 2760/1/341
f 2761/1/360 2763/1/360 2764/1/360
f 2761/1/360 2764/1/360 2762/1/360
f 2763/1/465 2765/1/465 2766/1/465
f 2763/1/465 2766/1/465 2764/1/465
f 2765/1/466 2767/1/466 2768/1/466
f 2765/1/466 2768/1/466 2766/1/466
f 2767/1/357 2769/1/357 2770/1/357
f 2767/1/357 2770/1/357 2768/1/357
f 2769/1/356 2771/1/356 2772/1/356
f 2769/1/356 2772/1/356 2770/1/356
f 2771/1/355 2773/1/355 2774/1/355
f 2771/1/355 2774/1/355 2772/1/355
f 2773/1/354 2775/1/354 2776/1/354
f 2773/1/354 2776/1/354 2774/1/354
f 2775/1/467 2777/1/467 2778/1/467
f 2775/1/467 2778/1/467 2776/1/467
f 2777/1/468 2779/1/468 2780/1/468
f 2777/1/468 2780/1/468 2778/1/468
f 2779/1/351 2741/1/351 2744/1/351
f 2779/1/351 2744/1/351 2780/1/351
f 2744/1/2 2743/1/2 2781/1/2
f 2744/1/2 2781/1/2 2782/1/2
f 2743/1/2 2746/1/2 2783/1/2
f 2743/1/2 2783/1/2 2781/1/2
f 2746/1/2 2748/1/2 2784/1/2
f 2746/1/2 2784/1/2 2783/1/2
f 2748/1/2 2750/1/2 2785/1/2
f 2748/1/2 2785/1/2 2784/1/2
f 2750/1/2 2752/1/2 2786/1/2
f 2750/1/2 2786/1/2 2785/1/2
f 2752/1/2 2754/1/2 2787/1/2
f 2752/1/2 2787/1/2 2786/1/2
f 2754/1/2 2756/1/2 2788/1/2
f 2754/1/2 2788/1/2 2787/1/2
f 2756/1/2 2758/1/2 2789/1/2
f 2756/1/2 2789/1/2 2788/1/2
f 2758/1/2 2760/1/2 2790/1/2
f 2758/1/2 2790/1/2 2789/1/2
f 2760/1/2 2762/1/2 2791/1/2
f 2760/1/2 2791/1/2 2790/1/2
f 2762/1/2 2764/1/2 2792/1/2
f 2762/1/2 2792/1/2 2791/1/2
f 2764/1/2 2766/1/2 2793/1/2
f 2764/1/2 2793/1/2 2792/1/2
f 2766/1/2 2768/1/2 2794/1/2
f 2766/1/2 2794/1/2 2793/1/2
f 2768/1/2 2770/1/2 2795/1/2
f 2768/1/2 2795/1/2 2794/1/2
f 2770/1/2 2772/1/2 2796/1/2
f 2770/1/2 2796/1/2 2795/1/2
f 2772/1/2 2774/1/2 2797/1/2
f 2772/1/2 2797/1/2 2796/1/2
f 2774/1/2 2776/1/2 2798/1/2
f 2774/1/2 2798/1/2 2797/1/2
f 2776/1/2 2778/1/2 2799/1/2
f 2776/1/2 2799/1/2 2798/1/2
f 2778/1/2 2780/1/2 2800/1/2
f 2778/1/2 2800/1/2 2799/1/2
f 2780/1/2 2744/1/2 2782/1/2
f 2780/1/2 2782/1/2 2800/1/2
f 2782/1/368 2781/1/368 2801/1/368
f 2782/1/368 2801/1/368 2802/1/368
f 2781/1/367 2783/1/367 2803/1/367
f 2781/1/367 2803/1/367 2801/1/367
f 2783/1/358 2784/1/358 2804/1/358
f 2783/1/358 2804/1/358 2803/1/358
f 2784/1/366 2785/1/366 2805/1/366
f 2784/1/366 2805/1/366 2804/1/366
f 2785/1/469 2786/1/469 2806/1/469
f 2785/1/469 2806/1/469 2805/1/469
f 2786/1/470 2787/1/470 2807/1/470
f 2786/1/470 2807/1/470 2806/1/470
f 2787/1/363 2788/1/363 2808/1/363
f 2787/1/363 2808/1/363 2807/1/363
f 2788/1/353 2789/1/353 2809/1/353
f 2788/1/353 2809/1/353 2808/1/353
f 2789/1/362 2790/1/362 2810/1/362
f 2789/1/362 2810/1/362 2809/1/362
f 2790/1/361 2791/1/361 2811/1/361
f 2790/1/361 2811/1/361 2810/1/361
f 2791/1/376 2792/1/376 2812/1/376
f 2791/1/376 2812/1/376 2811/1/376
f 2792/1/375 2793/1/375 2813/1/375
f 2792/1/375 2813/1/375 2812/1/375
f 2793/1/348 2794/1/348 2814/1/348
f 2793/1/348 2814/1/348 2813/1/348
f 2794/1/374 2795/1/374 2815/1/374
f 2794/1/374 2815/1/374 2814/1/374
f 2795/1/471 2796/1/471 2816/1/471
f 2795/1/471 2816/1/471 2815/1/471
f 2796/1/472 2797/1/472 2817/1/472
f 2796/1/472 2817/1/472 2816/1/472
f 2797/1/371 2798/1/371 2818/1/371
f 2797/1/371 2818/1/371 2817/1/371
f 2798/1/343 2799/1/343 2819/1/343
f 2798/1/343 2819/1/343 2818/1/343
f 2799/1/370 2800/1/370 2820/1/370
f 2799/1/370 2820/1/370 2819/1/370
f 2800/1/369 2782/1/369 2802/1/369
f 2800/1/369 2802/1/369 2820/1/369
f 2802/1/1 2801/1/1 2742/1/1
f 2802/1/1 2742/1/1 2741/1/1
f 2801/1/1 2803/1/1 2745/1/1
f 2801/1/1 2745/1/1 2742/1/1
f 2803/1/1 2804/1/1 2747/1/1
f 2803/1/1 2747/1/1 2745/1/1
f 2804/1/1 2805/1/1 2749/1/1
f 2804/1/1 2749/1/1 2747/1/1
f 2805/1/1 2806/1/1 2751/1/1
f 2805/1/1 2751/1/1 2749/1/1
f 2806/1/1 2807/1/1 2753/1/1
f 2806/1/1 2753/1/1 2751/1/1
f 2807/1/1 2808/1/1 2755/1/1
f 2807/1/1 2755/1/1 2753/1/1
f 2808/1/1 2809/1/1 2757/1/1
f 2808/1/1 2757/1/1 2755/1/1
f 2809/1/1 2810/1/1 2759/1/1
f 2809/1/1 2759/1/1 2757/1/1
f 2810/1/1 2811/1/1 2761/1/1
f 2810/1/1 2761/1/1 2759/1/1
f 2811/1/1 2812/1/1 2763/1/1
f 2811/1/1 2763/1/1 2761/1/1
f 2812/1/1 2813/1/1 2765/1/1
f 2812/1/1 2765/1/1 2763/1/1
f 2813/1/1 2814/1/1 2767/1/1
f 2813/1/1 2767/1/1 2765/1/1
f 2814/1/1 2815/1/1 2769/1/1
f 2814/1/1 2769/1/1 2767/1/1
f 2815/1/1 2816/1/1 2771/1/1
f 2815/1/1 2771/1/1 2769/1/1
f 2816/1/1 2817/1/1 2773/1/1
f 2816/1/1 2773/1/1 2771/1/1
f 2817/1/1 2818/1/1 2775/1/1
f 2817/1/1 2775/1/1 2773/1/1
f 2818/1/1 2819/1/1 2777/1/1
f 2818/1/1 2777/1/1 2775/1/1
f 2819/1/1 2820/1/1 2779/1/1
f 2819/1/1 2779/1/1 2777/1/1
f 2820/1/1 2802/1/1 2741/1/1
f 2820/1/1 2741/1/1 2779/1/1
usemtl mat_5
f 2821/1/473 2822/1/473 2823/1/473
f 2821/1/473 2823/1/473 2824/1/473
f 2822/1/474 2825/1/474 2826/1/474
f 2822/1/474 2826/1/474 2823/1/474
f 2825/1/348 2827/1/348 2828/1/348
f 2825/1/348 2828/1/348 2826/1/348
f 2827/1/475 2829/1/475 2830/1/475
f 2827/1/475 2830/1/475 2828/1/475
f 2829/1/476 2831/1/476 2832/1/476
f 2829/1/476 2832/1/476 2830/1/476
f 2831/1/477 2833/1/477 2834/1/477
f 2831/1/477 2834/1/477 2832/1/477
f 2833/1/478 2835/1/478 2836/1/478
f 2833/1/478 2836/1/478 2834/1/478
f 2835/1/343 2837/1/343 2838/1/343
f 2835/1/343 2838/1/343 2836/1/343
f 2837/1/479 2839/1/479 2840/1/479
f 2837/1/479 2840/1/479 2838/1/479
f 2839/1/480 2841/1/480 2842/1/480
f 2839/1/480 2842/1/480 2840/1/480
f 2841/1/481 2843/1/481 2844/1/481
f 2841/1/481 2844/1/481 2842/1/481
f 2843/1/482 2845/1/482 2846/1/482
f 2843/1/482 2846/1/482 2844/1/482
f 2845/1/358 2847/1/358 2848/1/358
f 2845/1/358 2848/1/358 2846/1/358
f 2847/1/483 2849/1/483 2850/1/483
f 2847/1/483 2850/1/483 2848/1/483
f 2849/1/484 2851/1/484 2852/1/484
f 2849/1/484 2852/1/484 2850/1/484
f 2851/1/485 2853/1/485 2854/1/485
f 2851/1/485 2854/1/485 2852/1/485
f 2853/1/486 2855/1/486 2856/1/486
f 2853/1/486 2856/1/486 2854/1/486
f 2855/1/353 2857/1/353 2858/1/353
f 2855/1/353 2858/1/353 2856/1/353
f 2857/1/487 2859/1/487 2860/1/487
f 2857/1/487 2860/1/487 2858/1/487
f 2859/1/488 2821/1/488 2824/1/488
f 2859/1/488 2824/1/488 2860/1/488
f 2824/1/2 2823/1/2 2861/1/2
f 2824/1/2 2861/1/2 2862/1/2
f 2823/1/2 2826/1/2 2863/1/2
f 2823/1/2 2863/1/2 2861/1/2
f 2826/1/2 2828/1/2 2864/1/2
f 2826/1/2 2864/1/2 2863/1/2
f 2828/1/2 2830/1/2 2865/1/2
f 2828/1/2 2865/1/2 2864/1/2
f 2830/1/2 2832/1/2 2866/1/2
f 2830/1/2 2866/1/2 2865/1/2
f 2832/1/2 2834/1/2 2867/1/2
f 2832/1/2 2867/1/2 2866/1/2
f 2834/1/2 2836/1/2 2868/1/2
f 2834/1/2 2868/1/2 2867/1/2
f 2836/1/2 2838/1/2 2869/1/2
f 2836/1/2 2869/1/2 2868/1/2
f 2838/1/2 2840/1/2 2870/1/2
f 2838/1/2 2870/1/2 2869/1/2
f 2840/1/2 2842/1/2 2871/1/2
f 2840/1/2 2871/1/2 2870/1/2
f 2842/1/2 2844/1/2 2872/1/2
f 2842/1/2 2872/1/2 2871/1/2
f 2844/1/2 2846/1/2 2873/1/2
f 2844/1/2 2873/1/2 2872/1/2
f 2846/1/2 2848/1/2 2874/1/2
f 2846/1/2 2874/1/2 2873/1/2
f 2848/1/2 2850/1/2 2875/1/2
f 2848/1/2 2875/1/2 2874/1/2
f 2850/1/2 2852/1/2 2876/1/2
f 2850/1/2 2876/1/2 2875/1/2
f 2852/1/2 2854/1/2 2877/1/2
f 2852/1/2 2877/1/2 2876/1/2
f 2854/1/2 2856/1/2 2878/1/2
f 2854/1/2 2878/1/2 2877/1/2
f 2856/1/2 2858/1/2 2879/1/2
f 2856/1/2 2879/1/2 2878/1/2
f 2858/1/2 2860/1/2 2880/1/2
f 2858/1/2 2880/1/2 2879/1/2
f 2860/1/2 2824/1/2 2862/1/2
f 2860/1/2 2862/1/2 2880/1/2
f 2862/1/400 2861/1/400 2881/1/400
f 2862/1/400 2881/1/400 2882/1/400
f 2861/1/399 2863/1/399 2883/1/399
f 2861/1/399 2883/1/399 2881/1/399
f 2863/1/489 2864/1/489 2884/1/489
f 2863/1/489 2884/1/489 2883/1/489
f 2864/1/490 2865/1/490 2885/1/490
f 2864/1/490 2885/1/490 2884/1/490
f 2865/1/491 2866/1/491 2886/1/491
f 2865/1/491 2886/1/491 2885/1/491
f 2866/1/492 2867/1/492 2887/1/492
f 2866/1/492 2887/1/492 2886/1/492
f 2867/1/493 2868/1/493 2888/1/493
f 2867/1/493 2888/1/493 2887/1/493
f 2868/1/494 2869/1/494 2889/1/494
f 2868/1/494 2889/1/494 2888/1/494
f 2869/1/394 2870/1/394 2890/1/394
f 2869/1/394 2890/1/394 2889/1/394
f 2870/1/393 2871/1/393 2891/1/393
f 2870/1/393 2891/1/393 2890/1/393
f 2871/1/408 2872/1/408 2892/1/408
f 2871/1/408 2892/1/408 2891/1/408
f 2872/1/407 2873/1/407 2893/1/407
f 2872/1/407 2893/1/407 2892/1/407
f 2873/1/495 2874/1/495 2894/1/495
f 2873/1/495 2894/1/495 2893/1/495
f 2874/1/496 2875/1/496 2895/1/496
f 2874/1/496 2895/1/496 2894/1/496
f 2875/1/497 2876/1/497 2896/1/497
f 2875/1/497 2896/1/497 2895/1/497
f 2876/1/498 2877/1/498 2897/1/498
f 2876/1/498 2897/1/498 2896/1/498
f 2877/1/499 2878/1/499 2898/1/499
f 2877/1/499 2898/1/499 2897/1/499
f 2878/1/500 2879/1/500 2899/1/500
f 2878/1/500 2899/1/500 2898/1/500
f 2879/1/402 2880/1/402 2900/1/402
f 2879/1/402 2900/1/402 2899/1/402
f 2880/1/401 2862/1/401 2882/1/401
f 2880/1/401 2882/1/401 2900/1/401
f 2882/1/1 2881/1/1 2822/1/1
f 2882/1/1 2822/1/1 2821/1/1
f 2881/1/1 2883/1/1 2825/1/1
f 2881/1/1 2825/1/1 2822/1/1
f 2883/1/1 2884/1/1 2827/1/1
f 2883/1/1 2827/1/1 2825/1/1
f 2884/1/1 2885/1/1 2829/1/1
f 2884/1/1 2829/1/1 2827/1/1
f 2885/1/1 2886/1/1 2831/1/1
f 2885/1/1 2831/1/1 2829/1/1
f 2886/1/1 2887/1/1 2833/1/1
f 2886/1/1 2833/1/1 2831/1/1
f 2887/1/1 2888/1/1 2835/1/1
f 2887/1/1 2835/1/1 2833/1/1
f 2888/1/1 2889/1/1 2837/1/1
f 2888/1/1 2837/1/1 2835/1/1
f 2889/1/1 2890/1/1 2839/1/1
f 2889/1/1 2839/1/1 2837/1/1
f 2890/1/1 2891/1/1 2841/1/1
f 2890/1/1 2841/1/1 2839/1/1
f 2891/1/1 2892/1/1 2843/1/1
f 2891/1/1 2843/1/1 2841/1/1
f 2892/1/1 2893/1/1 2845/1/1
f 2892/1/1 2845/1/1 2843/1/1
f 2893/1/1 2894/1/1 2847/1/1
f 2893/1/1 2847/1/1 2845/1/1
f 2894/1/1 2895/1/1 2849/1/1
f 2894/1/1 2849/1/1 2847/1/1
f 2895/1/1 2896/1/1 2851/1/1
f 2895/1/1 2851/1/1 2849/1/1
f 2896/1/1 2897/1/1 2853/1/1
f 2896/1/1 2853/1/1 2851/1/1
f 2897/1/1 2898/1/1 2855/1/1
f 2897/1/1 2855/1/1 2853/1/1
f 2898/1/1 2899/1/1 2857/1/1
f 2898/1/1 2857/1/1 2855/1/1
f 2899/1/1 2900/1/1 2859/1/1
f 2899/1/1 2859/1/1 2857/1/1
f 2900/1/1 2882/1/1 2821/1/1
f 2900/1/1 2821/1/1 2859/1/1
usemtl mat_3
f 2901/1/501 2902/1/501 2903/1/501
f 2901/1/501 2903/1/501 2904/1/501
f 2902/1/502 2905/1/502 2906/1/502
f 2902/1/502 2906/1/502 2903/1/502
f 2905/1/503 2907/1/503 2908/1/503
f 2905/1/503 2908/1/503 2906/1/503
f 2907/1/504 2909/1/504 2910/1/504
f 2907/1/504 2910/1/504 2908/1/504
f 2909/1/416 2911/1/416 2912/1/416
f 2909/1/416 2912/1/416 2910/1/416
f 2911/1/415 2913/1/415 2914/1/415
f 2911/1/415 2914/1/415 2912/1/415
f 2913/1/414 2915/1/414 2916/1/414
f 2913/1/414 2916/1/414 2914/1/414
f 2915/1/413 2917/1/413 2918/1/413
f 2915/1/413 2918/1/413 2916/1/413
f 2917/1/505 2919/1/505 2920/1/505
f 2917/1/505 2920/1/505 2918/1/505
f 2919/1/506 2921/1/506 2922/1/506
f 2919/1/506 2922/1/506 2920/1/506
f 2921/1/507 2923/1/507 2924/1/507
f 2921/1/507 2924/1/507 2922/1/507
f 2923/1/508 2925/1/508 2926/1/508
f 2923/1/508 2926/1/508 2924/1/508
f 2925/1/509 2927/1/509 2928/1/509
f 2925/1/509 2928/1/509 2926/1/509
f 2927/1/510 2929/1/510 2930/1/510
f 2927/1/510 2930/1/510 2928/1/510
f 2929/1/511 2931/1/511 2932/1/511
f 2929/1/511 2932/1/511 2930/1/511
f 2931/1/512 2933/1/512 2934/1/512
f 2931/1/512 2934/1/512 2932/1/512
f 2933/1/428 2935/1/428 2936/1/428
f 2933/1/428 2936/1/428 2934/1/428
f 2935/1/427 2937/1/427 2938/1/427
f 2935/1/427 2938/1/427 2936/1/427
f 2937/1/426 2939/1/426 2940/1/426
f 2937/1/426 2940/1/426 2938/1/426
f 2939/1/425 2941/1/425 2942/1/425
f 2939/1/425 2942/1/425 2940/1/425
f 2941/1/513 2943/1/513 2944/1/513
f 2941/1/513 2944/1/513 2942/1/513
f 2943/1/514 2945/1/514 2946/1/514
f 2943/1/514 2946/1/514 2944/1/514
f 2945/1/515 2947/1/515 2948/1/515
f 2945/1/515 2948/1/515 2946/1/515
f 2947/1/516 2901/1/516 2904/1/516
f 2947/1/516 2904/1/516 2948/1/516
f 2904/1/2 2903/1/2 2949/1/2
f 2904/1/2 2949/1/2 2950/1/2
f 2903/1/2 2906/1/2 2951/1/2
f 2903/1/2 2951/1/2 2949/1/2
f 2906/1/2 2908/1/2 2952/1/2
f 2906/1/2 2952/1/2 2951/1/2
f 2908/1/2 2910/1/2 2953/1/2
f 2908/1/2 2953/1/2 2952/1/2
f 2910/1/2 2912/1/2 2954/1/2
f 2910/1/2 2954/1/2 2953/1/2
f 2912/1/2 2914/1/2 2955/1/2
f 2912/1/2 2955/1/2 2954/1/2
f 2914/1/2 2916/1/2 2956/1/2
f 2914/1/2 2956/1/2 2955/1/2
f 2916/1/2 2918/1/2 2957/1/2
f 2916/1/2 2957/1/2 2956/1/2
f 2918/1/2 2920/1/2 2958/1/2
f 2918/1/2 2958/1/2 2957/1/2
f 2920/1/2 2922/1/2 2959/1/2
f 2920/1/2 2959/1/2 2958/1/2
f 2922/1/2 2924/1/2 2960/1/2
f 2922/1/2 2960/1/2 2959/1/2
f 2924/1/2 2926/1/2 2961/1/2
f 2924/1/2 2961/1/2 2960/1/2
f 2926/1/2 2928/1/2 2962/1/2
f 2926/1/2 2962/1/2 2961/1/2
f 2928/1/2 2930/1/2 2963/1/2
f 2928/1/2 2963/1/2 2962/1/2
f 2930/1/2 2932/1/2 2964/1/2
f 2930/1/2 2964/1/2 2963/1/2
f 2932/1/2 2934/1/2 2965/1/2
f 2932/1/2 2965/1/2 2964/1/2
f 2934/1/2 2936/1/2 2966/1/2
f 2934/1/2 2966/1/2 2965/1/2
f 2936/1/2 2938/1/2 2967/1/2
f 2936/1/2 2967/1/2 2966/1/2
f 2938/1/2 2940/1/2 2968/1/2
f 2938/1/2 2968/1/2 2967/1/2
f 2940/1/2 2942/1/2 2969/1/2
f 2940/1/2 2969/1/2 2968/1/2
f 2942/1/2 2944/1/2 2970/1/2
f 2942/1/2 2970/1/2 2969/1/2
f 2944/1/2 2946/1/2 2971/1/2
f 2944/1/2 2971/1/2 2970/1/2
f 2946/1/2 2948/1/2 2972/1/2
f 2946/1/2 2972/1/2 2971/1/2
f 2948/1/2 2904/1/2 2950/1/2
f 2948/1/2 2950/1/2 2972/1/2
f 2950/1/269 2949/1/269 2973/1/269
f 2950/1/269 2973/1/269 2782/1/269
f 2949/1/270 2951/1/270 2974/1/270
f 2949/1/270 2974/1/270 2973/1/270
f 2951/1/271 2952/1/271 2975/1/271
f 2951/1/271 2975/1/271 2974/1/271
f 2952/1/313 2953/1/313 2976/1/313
f 2952/1/313 2976/1/313 2975/1/313
f 2953/1/314 2954/1/314 2977/1/314
f 2953/1/314 2977/1/314 2976/1/314
f 2954/1/315 2955/1/315 2786/1/315
f 2954/1/315 2786/1/315 2977/1/315
f 2955/1/316 2956/1/316 2978/1/316
f 2955/1/316 2978/1/316 2786/1/316
f 2956/1/317 2957/1/317 2979/1/317
f 2956/1/317 2979/1/317 2978/1/317
f 2957/1/318 2958/1/318 2980/1/318
f 2957/1/318 2980/1/318 2979/1/318
f 2958/1/278 2959/1/278 2981/1/278
f 2958/1/278 2981/1/278 2980/1/278
f 2959/1/279 2960/1/279 2982/1/279
f 2959/1/279 2982/1/279 2981/1/279
f 2960/1/280 2961/1/280 2791/1/280
f 2960/1/280 2791/1/280 2982/1/280
f 2961/1/281 2962/1/281 2983/1/281
f 2961/1/281 2983/1/281 2791/1/281
f 2962/1/282 2963/1/282 2984/1/282
f 2962/1/282 2984/1/282 2983/1/282
f 2963/1/283 2964/1/283 2985/1/283
f 2963/1/283 2985/1/283 2984/1/283
f 2964/1/319 2965/1/319 2986/1/319
f 2964/1/319 2986/1/319 2985/1/319
f 2965/1/320 2966/1/320 2987/1/320
f 2965/1/320 2987/1/320 2986/1/320
f 2966/1/321 2967/1/321 2796/1/321
f 2966/1/321 2796/1/321 2987/1/321
f 2967/1/322 2968/1/322 2988/1/322
f 2967/1/322 2988/1/322 2796/1/322
f 2968/1/323 2969/1/323 2989/1/323
f 2968/1/323 2989/1/323 2988/1/323
f 2969/1/324 2970/1/324 2990/1/324
f 2969/1/324 2990/1/324 2989/1/324
f 2970/1/290 2971/1/290 2991/1/290
f 2970/1/290 2991/1/290 2990/1/290
f 2971/1/291 2972/1/291 2992/1/291
f 2971/1/291 2992/1/291 2991/1/291
f 2972/1/292 2950/1/292 2782/1/292
f 2972/1/292 2782/1/292 2992/1/292
f 2782/1/1 2973/1/1 2902/1/1
f 2782/1/1 2902/1/1 2901/1/1
f 2973/1/1 2974/1/1 2905/1/1
f 2973/1/1 2905/1/1 2902/1/1
f 2974/1/1 2975/1/1 2907/1/1
f 2974/1/1 2907/1/1 2905/1/1
f 2975/1/1 2976/1/1 2909/1/1
f 2975/1/1 2909/1/1 2907/1/1
f 2976/1/1 2977/1/1 2911/1/1
f 2976/1/1 2911/1/1 2909/1/1
f 2977/1/1 2786/1/1 2913/1/1
f 2977/1/1 2913/1/1 2911/1/1
f 2786/1/1 2978/1/1 2915/1/1
f 2786/1/1 2915/1/1 2913/1/1
f 2978/1/1 2979/1/1 2917/1/1
f 2978/1/1 2917/1/1 2915/1/1
f 2979/1/1 2980/1/1 2919/1/1
f 2979/1/1 2919/1/1 2917/1/1
f 2980/1/1 2981/1/1 2921/1/1
f 2980/1/1 2921/1/1 2919/1/1
f 2981/1/1 2982/1/1 2923/1/1
f 2981/1/1 2923/1/1 2921/1/1
f 2982/1/1 2791/1/1 2925/1/1
f 2982/1/1 2925/1/1 2923/1/1
f 2791/1/1 2983/1/1 2927/1/1
f 2791/1/1 2927/1/1 2925/1/1
f 2983/1/1 2984/1/1 2929/1/1
f 2983/1/1 2929/1/1 2927/1/1
f 2984/1/1 2985/1/1 2931/1/1
f 2984/1/1 2931/1/1 2929/1/1
f 2985/1/1 2986/1/1 2933/1/1
f 2985/1/1 2933/1/1 2931/1/1
f 2986/1/1 2987/1/1 2935/1/1
f 2986/1/1 2935/1/1 2933/1/1
f 2987/1/1 2796/1/1 2937/1/1
f 2987/1/1 2937/1/1 2935/1/1
f 2796/1/1 2988/1/1 2939/1/1
f 2796/1/1 2939/1/1 2937/1/1
f 2988/1/1 2989/1/1 2941/1/1
f 2988/1/1 2941/1/1 2939/1/1
f 2989/1/1 2990/1/1 2943/1/1
f 2989/1/1 2943/1/1 2941/1/1
f 2990/1/1 2991/1/1 2945/1/1
f 2990/1/1 2945/1/1 2943/1/1
f 2991/1/1 2992/1/1 2947/1/1
f 2991/1/1 2947/1/1 2945/1/1
f 2992/1/1 2782/1/1 2901/1/1
f 2992/1/1 2901/1/1 2947/1/1
usemtl mat_2
f 2993/1/444 2994/1/444 2995/1/444
f 2993/1/444 2995/1/444 2996/1/444
f 2994/1/443 2997/1/443 2998/1/443
f 2994/1/443 2998/1/443 2995/1/443
f 2997/1/517 2999/1/517 3000/1/517
f 2997/1/517 3000/1/517 2998/1/517
f 2999/1/518 3001/1/518 3002/1/518
f 2999/1/518 3002/1/518 3000/1/518
f 3001/1/519 3003/1/519 3004/1/519
f 3001/1/519 3004/1/519 3002/1/519
f 3003/1/520 3005/1/520 3006/1/520
f 3003/1/520 3006/1/520 3004/1/520
f 3005/1/521 3007/1/521 3008/1/521
f 3005/1/521 3008/1/521 3006/1/521
f 3007/1/522 3009/1/522 3010/1/522
f 3007/1/522 3010/1/522 3008/1/522
f 3009/1/523 3011/1/523 3012/1/523
f 3009/1/523 3012/1/523 3010/1/523
f 3011/1/524 3013/1/524 3014/1/524
f 3011/1/524 3014/1/524 3012/1/524
f 3013/1/434 3015/1/434 3016/1/434
f 3013/1/434 3016/1/434 3014/1/434
f 3015/1/433 3017/1/433 3018/1/433
f 3015/1/433 3018/1/433 3016/1/433
f 3017/1/456 3019/1/456 3020/1/456
f 3017/1/456 3020/1/456 3018/1/456
f 3019/1/455 3021/1/455 3022/1/455
f 3019/1/455 3022/1/455 3020/1/455
f 3021/1/525 3023/1/525 3024/1/525
f 3021/1/525 3024/1/525 3022/1/525
f 3023/1/526 3025/1/526 3026/1/526
f 3023/1/526 3026/1/526 3024/1/526
f 3025/1/527 3027/1/527 3028/1/527
f 3025/1/527 3028/1/527 3026/1/527
f 3027/1/528 3029/1/528 3030/1/528
f 3027/1/528 3030/1/528 3028/1/528
f 3029/1/529 3031/1/529 3032/1/529
f 3029/1/529 3032/1/529 3030/1/529
f 3031/1/530 3033/1/530 3034/1/530
f 3031/1/530 3034/1/530 3032/1/530
f 3033/1/531 3035/1/531 3036/1/531
f 3033/1/531 3036/1/531 3034/1/531
f 3035/1/532 3037/1/532 3038/1/532
f 3035/1/532 3038/1/532 3036/1/532
f 3037/1/446 3039/1/446 3040/1/446
f 3037/1/446 3040/1/446 3038/1/446
f 3039/1/445 2993/1/445 2996/1/445
f 3039/1/445 2996/1/445 3040/1/445
f 2996/1/2 2995/1/2 3041/1/2
f 2996/1/2 3041/1/2 3042/1/2
f 2995/1/2 2998/1/2 3043/1/2
f 2995/1/2 3043/1/2 3041/1/2
f 2998/1/2 3000/1/2 3044/1/2
f 2998/1/2 3044/1/2 3043/1/2
f 3000/1/2 3002/1/2 3045/1/2
f 3000/1/2 3045/1/2 3044/1/2
f 3002/1/2 3004/1/2 3046/1/2
f 3002/1/2 3046/1/2 3045/1/2
f 3004/1/2 3006/1/2 3047/1/2
f 3004/1/2 3047/1/2 3046/1/2
f 3006/1/2 3008/1/2 3048/1/2
f 3006/1/2 3048/1/2 3047/1/2
f 3008/1/2 3010/1/2 3049/1/2
f 3008/1/2 3049/1/2 3048/1/2
f 3010/1/2 3012/1/2 3050/1/2
f 3010/1/2 3050/1/2 3049/1/2
f 3012/1/2 3014/1/2 3051/1/2
f 3012/1/2 3051/1/2 3050/1/2
f 3014/1/2 3016/1/2 3052/1/2
f 3014/1/2 3052/1/2 3051/1/2
f 3016/1/2 3018/1/2 3053/1/2
f 3016/1/2 3053/1/2 3052/1/2
f 3018/1/2 3020/1/2 3054/1/2
f 3018/1/2 3054/1/2 3053/1/2
f 3020/1/2 3022/1/2 3055/1/2
f 3020/1/2 3055/1/2 3054/1/2
f 3022/1/2 3024/1/2 3056/1/2
f 3022/1/2 3056/1/2 3055/1/2
f 3024/1/2 3026/1/2 3057/1/2
f 3024/1/2 3057/1/2 3056/1/2
f 3026/1/2 3028/1/2 3058/1/2
f 3026/1/2 3058/1/2 3057/1/2
f 3028/1/2 3030/1/2 3059/1/2
f 3028/1/2 3059/1/2 3058/1/2
f 3030/1/2 3032/1/2 3060/1/2
f 3030/1/2 3060/1/2 3059/1/2
f 3032/1/2 3034/1/2 3061/1/2
f 3032/1/2 3061/1/2 3060/1/2
f 3034/1/2 3036/1/2 3062/1/2
f 3034/1/2 3062/1/2 3061/1/2
f 3036/1/2 3038/1/2 3063/1/2
f 3036/1/2 3063/1/2 3062/1/2
f 3038/1/2 3040/1/2 3064/1/2
f 3038/1/2 3064/1/2 3063/1/2
f 3040/1/2 2996/1/2 3042/1/2
f 3040/1/2 3042/1/2 3064/1/2
f 3042/1/269 3041/1/269 2949/1/269
f 3042/1/269 2949/1/269 2950/1/269
f 3041/1/270 3043/1/270 2951/1/270
f 3041/1/270 2951/1/270 2949/1/270
f 3043/1/271 3044/1/271 2952/1/271
f 3043/1/271 2952/1/271 2951/1/271
f 3044/1/313 3045/1/313 2953/1/313
f 3044/1/313 2953/1/313 2952/1/313
f 3045/1/314 3046/1/314 2954/1/314
f 3045/1/314 2954/1/314 2953/1/314
f 3046/1/315 3047/1/315 2955/1/315
f 3046/1/315 2955/1/315 2954/1/315
f 3047/1/316 3048/1/316 2956/1/316
f 3047/1/316 2956/1/316 2955/1/316
f 3048/1/317 3049/1/317 2957/1/317
f 3048/1/317 2957/1/317 2956/1/317
f 3049/1/318 3050/1/318 2958/1/318
f 3049/1/318 2958/1/318 2957/1/318
f 3050/1/278 3051/1/278 2959/1/278
f 3050/1/278 2959/1/278 2958/1/278
f 3051/1/279 3052/1/279 2960/1/279
f 3051/1/279 2960/1/279 2959/1/279
f 3052/1/280 3053/1/280 2961/1/280
f 3052/1/280 2961/1/280 2960/1/280
f 3053/1/281 3054/1/281 2962/1/281
f 3053/1/281 2962/1/281 2961/1/281
f 3054/1/282 3055/1/282 2963/1/282
f 3054/1/282 2963/1/282 2962/1/282
f 3055/1/283 3056/1/283 2964/1/283
f 3055/1/283 2964/1/283 2963/1/283
f 3056/1/319 3057/1/319 2965/1/319
f 3056/1/319 2965/1/319 2964/1/319
f 3057/1/320 3058/1/320 2966/1/320
f 3057/1/320 2966/1/320 2965/1/320
f 3058/1/321 3059/1/321 2967/1/321
f 3058/1/321 2967/1/321 2966/1/321
f 3059/1/322 3060/1/322 2968/1/322
f 3059/1/322 2968/1/322 2967/1/322
f 3060/1/323 3061/1/323 2969/1/323
f 3060/1/323 2969/1/323 2968/1/323
f 3061/1/324 3062/1/324 2970/1/324
f 3061/1/324 2970/1/324 2969/1/324
f 3062/1/290 3063/1/290 2971/1/290
f 3062/1/290 2971/1/290 2970/1/290
f 3063/1/291 3064/1/291 2972/1/291
f 3063/1/291 2972/1/291 2971/1/291
f 3064/1/292 3042/1/292 2950/1/292
f 3064/1/292 2950/1/292 2972/1/292
f 2950/1/1 2949/1/1 2994/1/1
f 2950/1/1 2994/1/1 2993/1/1
f 2949/1/1 2951/1/1 2997/1/1
f 2949/1/1 2997/1/1 2994/1/1
f 2951/1/1 2952/1/1 2999/1/1
f 2951/1/1 2999/1/1 2997/1/1
f 2952/1/1 2953/1/1 3001/1/1
f 2952/1/1 3001/1/1 2999/1/1
f 2953/1/1 2954/1/1 3003/1/1
f 2953/1/1 3003/1/1 3001/1/1
f 2954/1/1 2955/1/1 3005/1/1
f 2954/1/1 3005/1/1 3003/1/1
f 2955/1/1 2956/1/1 3007/1/1
f 2955/1/1 3007/1/1 3005/1/1
f 2956/1/1 2957/1/1 3009/1/1
f 2956/1/1 3009/1/1 3007/1/1
f 2957/1/1 2958/1/1 3011/1/1
f 2957/1/1 3011/1/1 3009/1/1
f 2958/1/1 2959/1/1 3013/1/1
f 2958/1/1 3013/1/1 3011/1/1
f 2959/1/1 2960/1/1 3015/1/1
f 2959/1/1 3015/1/1 3013/1/1
f 2960/1/1 2961/1/1 3017/1/1
f 2960/1/1 3017/1/1 3015/1/1
f 2961/1/1 2962/1/1 3019/1/1
f 2961/1/1 3019/1/1 3017/1/1
f 2962/1/1 2963/1/1 3021/1/1
f 2962/1/1 3021/1/1 3019/1/1
f 2963/1/1 2964/1/1 3023/1/1
f 2963/1/1 3023/1/1 3021/1/1
f 2964/1/1 2965/1/1 3025/1/1
f 2964/1/1 3025/1/1 3023/1/1
f 2965/1/1 2966/1/1 3027/1/1
f 2965/1/1 3027/1/1 3025/1/1
f 2966/1/1 2967/1/1 3029/1/1
f 2966/1/1 3029/1/1 3027/1/1
f 2967/1/1 2968/1/1 3031/1/1
f 2967/1/1 3031/1/1 3029/1/1
f 2968/1/1 2969/1/1 3033/1/1
f 2968/1/1 3033/1/1 3031/1/1
f 2969/1/1 2970/1/1 3035/1/1
f 2969/1/1 3035/1/1 3033/1/1
f 2970/1/1 2971/1/1 3037/1/1
f 2970/1/1 3037/1/1 3035/1/1
f 2971/1/1 2972/1/1 3039/1/1
f 2971/1/1 3039/1/1 3037/1/1
f 2972/1/1 2950/1/1 2993/1/1
f 2972/1/1 2993/1/1 3039/1/1
usemtl mat_3
f 3065/1/1 3066/1/1 3067/1/1
f 3067/1/1 3068/1/1 3069/1/1
f 3069/1/1 3070/1/1 3065/1/1
f 3067/1/1 3069/1/1 3065/1/1
f 3071/1/2 3072/1/2 3073/1/2
f 3073/1/2 3074/1/2 3075/1/2
f 3075/1/2 3076/1/2 3071/1/2
f 3073/1/2 3075/1/2 3071/1/2
f 3065/1/533 3070/1/533 3073/1/533
f 3065/1/533 3073/1/533 3072/1/533
f 3070/1/3 3069/1/3 3074/1/3
f 3070/1/3 3074/1/3 3073/1/3
f 3069/1/534 3068/1/534 3075/1/534
f 3069/1/534 3075/1/534 3074/1/534
f 3068/1/535 3067/1/535 3076/1/535
f 3068/1/535 3076/1/535 3075/1/535
f 3067/1/4 3066/1/4 3071/1/4
f 3067/1/4 3071/1/4 3076/1/4
f 3066/1/536 3065/1/536 3072/1/536
f 3066/1/536 3072/1/536 3071/1/536
f 3077/1/1 3078/1/1 3079/1/1
f 3079/1/1 3080/1/1 3081/1/1
f 3081/1/1 3082/1/1 3077/1/1
f 3079/1/1 3081/1/1 3077/1/1
f 3083/1/2 3084/1/2 3085/1/2
f 3085/1/2 3086/1/2 3087/1/2
f 3087/1/2 3088/1/2 3083/1/2
f 3085/1/2 3087/1/2 3083/1/2
f 3077/1/533 3082/1/533 3085/1/533
f 3077/1/533 3085/1/533 3084/1/533
f 3082/1/3 3081/1/3 3086/1/3
f 3082/1/3 3086/1/3 3085/1/3
f 3081/1/534 3080/1/534 3087/1/534
f 3081/1/534 3087/1/534 3086/1/534
f 3080/1/535 3079/1/535 3088/1/535
f 3080/1/535 3088/1/535 3087/1/535
f 3079/1/4 3078/1/4 3083/1/4
f 3079/1/4 3083/1/4 3088/1/4
f 3078/1/536 3077/1/536 3084/1/536
f 3078/1/536 3084/1/536 3083/1/536
f 3089/1/1 3090/1/1 3091/1/1
f 3091/1/1 3092/1/1 3093/1/1
f 3093/1/1 3094/1/1 3089/1/1
f 3091/1/1 3093/1/1 3089/1/1
f 3095/1/2 3096/1/2 3097/1/2
f 3097/1/2 3098/1/2 3099/1/2
f 3099/1/2 3100/1/2 3095/1/2
f 3097/1/2 3099/1/2 3095/1/2
f 3089/1/533 3094/1/533 3097/1/533
f 3089/1/533 3097/1/533 3096/1/533
f 3094/1/3 3093/1/3 3098/1/3
f 3094/1/3 3098/1/3 3097/1/3
f 3093/1/534 3092/1/534 3099/1/534
f 3093/1/534 3099/1/534 3098/1/534
f 3092/1/535 3091/1/535 3100/1/535
f 3092/1/535 3100/1/535 3099/1/535
f 3091/1/4 3090/1/4 3095/1/4
f 3091/1/4 3095/1/4 3100/1/4
f 3090/1/536 3089/1/536 3096/1/536
f 3090/1/536 3096/1/536 3095/1/536
f 3101/1/1 3102/1/1 3103/1/1
f 3103/1/1 3104/1/1 3105/1/1
f 3105/1/1 3106/1/1 3101/1/1
f 3103/1/1 3105/1/1 3101/1/1
f 3107/1/2 3108/1/2 3109/1/2
f 3109/1/2 3110/1/2 3111/1/2
f 3111/1/2 3112/1/2 3107/1/2
f 3109/1/2 3111/1/2 3107/1/2
f 3101/1/533 3106/1/533 3109/1/533
f 3101/1/533 3109/1/533 3108/1/533
f 3106/1/3 3105/1/3 3110/1/3
f 3106/1/3 3110/1/3 3109/1/3
f 3105/1/534 3104/1/534 3111/1/534
f 3105/1/534 3111/1/534 3110/1/534
f 3104/1/535 3103/1/535 3112/1/535
f 3104/1/535 3112/1/535 3111/1/535
f 3103/1/4 3102/1/4 3107/1/4
f 3103/1/4 3107/1/4 3112/1/4
f 3102/1/536 3101/1/536 3108/1/536
f 3102/1/536 3108/1/536 3107/1/536
f 3113/1/1 3114/1/1 3115/1/1
f 3115/1/1 3116/1/1 3117/1/1
f 3117/1/1 3118/1/1 3113/1/1
f 3115/1/1 3117/1/1 3113/1/1
f 3119/1/2 3120/1/2 3121/1/2
f 3121/1/2 3122/1/2 3123/1/2
f 3123/1/2 3124/1/2 3119/1/2
f 3121/1/2 3123/1/2 3119/1/2
f 3113/1/533 3118/1/533 3121/1/533
f 3113/1/533 3121/1/533 3120/1/533
f 3118/1/3 3117/1/3 3122/1/3
f 3118/1/3 3122/1/3 3121/1/3
f 3117/1/534 3116/1/534 3123/1/534
f 3117/1/534 3123/1/534 3122/1/534
f 3116/1/535 3115/1/535 3124/1/535
f 3116/1/535 3124/1/535 3123/1/535
f 3115/1/4 3114/1/4 3119/1/4
f 3115/1/4 3119/1/4 3124/1/4
f 3114/1/536 3113/1/536 3120/1/536
f 3114/1/536 3120/1/536 3119/1/536
f 3125/1/1 3126/1/1 3127/1/1
f 3127/1/1 3128/1/1 3129/1/1
f 3129/1/1 3130/1/1 3125/1/1
f 3127/1/1 3129/1/1 3125/1/1
f 3131/1/2 3132/1/2 3133/1/2
f 3133/1/2 3134/1/2 3135/1/2
f 3135/1/2 3136/1/2 3131/1/2
f 3133/1/2 3135/1/2 3131/1/2
f 3125/1/533 3130/1/533 3133/1/533
f 3125/1/533 3133/1/533 3132/1/533
f 3130/1/3 3129/1/3 3134/1/3
f 3130/1/3 3134/1/3 3133/1/3
f 3129/1/534 3128/1/534 3135/1/534
f 3129/1/534 3135/1/534 3134/1/534
f 3128/1/535 3127/1/535 3136/1/535
f 3128/1/535 3136/1/535 3135/1/535
f 3127/1/4 3126/1/4 3131/1/4
f 3127/1/4 3131/1/4 3136/1/4
f 3126/1/536 3125/1/536 3132/1/536
f 3126/1/536 3132/1/536 3131/1/536
f 3137/1/1 3138/1/1 3139/1/1
f 3139/1/1 3140/1/1 3141/1/1
f 3141/1/1 3142/1/1 3137/1/1
f 3139/1/1 3141/1/1 3137/1/1
f 3143/1/2 3144/1/2 3145/1/2
f 3145/1/2 3146/1/2 3147/1/2
f 3147/1/2 3148/1/2 3143/1/2
f 3145/1/2 3147/1/2 3143/1/2
f 3137/1/533 3142/1/533 3145/1/533
f 3137/1/533 3145/1/533 3144/1/533
f 3142/1/3 3141/1/3 3146/1/3
f 3142/1/3 3146/1/3 3145/1/3
f 3141/1/534 3140/1/534 3147/1/534
f 3141/1/534 3147/1/534 3146/1/534
f 3140/1/535 3139/1/535 3148/1/535
f 3140/1/535 3148/1/535 3147/1/535
f 3139/1/4 3138/1/4 3143/1/4
f 3139/1/4 3143/1/4 3148/1/4
f 3138/1/536 3137/1/536 3144/1/536
f 3138/1/536 3144/1/536 3143/1/536
f 3149/1/1 3150/1/1 3151/1/1
f 3151/1/1 3152/1/1 3153/1/1
f 3153/1/1 3154/1/1 3149/1/1
f 3151/1/1 3153/1/1 3149/1/1
f 3155/1/2 3156/1/2 3157/1/2
f 3157/1/2 3158/1/2 3159/1/2
f 3159/1/2 3160/1/2 3155/1/2
f 3157/1/2 3159/1/2 3155/1/2
f 3149/1/533 3154/1/533 3157/1/533
f 3149/1/533 3157/1/533 3156/1/533
f 3154/1/3 3153/1/3 3158/1/3
f 3154/1/3 3158/1/3 3157/1/3
f 3153/1/534 3152/1/534 3159/1/534
f 3153/1/534 3159/1/534 3158/1/534
f 3152/1/535 3151/1/535 3160/1/535
f 3152/1/535 3160/1/535 3159/1/535
f 3151/1/4 3150/1/4 3155/1/4
f 3151/1/4 3155/1/4 3160/1/4
f 3150/1/536 3149/1/536 3156/1/536
f 3150/1/536 3156/1/536 3155/1/536
f 3161/1/1 3162/1/1 3163/1/1
f 3163/1/1 3164/1/1 3165/1/1
f 3165/1/1 3166/1/1 3161/1/1
f 3163/1/1 3165/1/1 3161/1/1
f 3167/1/2 3168/1/2 3169/1/2
f 3169/1/2 3170/1/2 3171/1/2
f 3171/1/2 3172/1/2 3167/1/2
f 3169/1/2 3171/1/2 3167/1/2
f 3161/1/533 3166/1/533 3169/1/533
f 3161/1/533 3169/1/533 3168/1/533
f 3166/1/3 3165/1/3 3170/1/3
f 3166/1/3 3170/1/3 3169/1/3
f 3165/1/534 3164/1/534 3171/1/534
f 3165/1/534 3171/1/534 3170/1/534
f 3164/1/535 3163/1/535 3172/1/535
f 3164/1/535 3172/1/535 3171/1/535
f 3163/1/4 3162/1/4 3167/1/4
f 3163/1/4 3167/1/4 3172/1/4
f 3162/1/536 3161/1/536 3168/1/536
f 3162/1/536 3168/1/536 3167/1/536
f 3173/1/1 3174/1/1 3175/1/1
f 3175/1/1 3176/1/1 3177/1/1
f 3177/1/1 3178/1/1 3173/1/1
f 3175/1/1 3177/1/1 3173/1/1
f 3179/1/2 3180/1/2 3181/1/2
f 3181/1/2 3182/1/2 3183/1/2
f 3183/1/2 3184/1/2 3179/1/2
f 3181/1/2 3183/1/2 3179/1/2
f 3173/1/533 3178/1/533 3181/1/533
f 3173/1/533 3181/1/533 3180/1/533
f 3178/1/3 3177/1/3 3182/1/3
f 3178/1/3 3182/1/3 3181/1/3
f 3177/1/534 3176/1/534 3183/1/534
f 3177/1/534 3183/1/534 3182/1/534
f 3176/1/535 3175/1/535 3184/1/535
f 3176/1/535 3184/1/535 3183/1/535
f 3175/1/4 3174/1/4 3179/1/4
f 3175/1/4 3179/1/4 3184/1/4
f 3174/1/536 3173/1/536 3180/1/536
f 3174/1/536 3180/1/536 3179/1/536
f 3185/1/1 3186/1/1 3187/1/1
f 3187/1/1 3188/1/1 3189/1/1
f 3189/1/1 3190/1/1 3185/1/1
f 3187/1/1 3189/1/1 3185/1/1
f 3191/1/2 3192/1/2 3193/1/2
f 3193/1/2 3194/1/2 3195/1/2
f 3195/1/2 3196/1/2 3191/1/2
f 3193/1/2 3195/1/2 3191/1/2
f 3185/1/533 3190/1/533 3193/1/533
f 3185/1/533 3193/1/533 3192/1/533
f 3190/1/3 3189/1/3 3194/1/3
f 3190/1/3 3194/1/3 3193/1/3
f 3189/1/534 3188/1/534 3195/1/534
f 3189/1/534 3195/1/534 3194/1/534
f 3188/1/535 3187/1/535 3196/1/535
f 3188/1/535 3196/1/535 3195/1/535
f 3187/1/4 3186/1/4 3191/1/4
f 3187/1/4 3191/1/4 3196/1/4
f 3186/1/536 3185/1/536 3192/1/536
f 3186/1/536 3192/1/536 3191/1/536
f 3197/1/1 3198/1/1 3199/1/1
f 3199/1/1 3200/1/1 3201/1/1
f 3201/1/1 3202/1/1 3197/1/1
f 3199/1/1 3201/1/1 3197/1/1
f 3203/1/2 3204/1/2 3205/1/2
f 3205/1/2 3206/1/2 3207/1/2
f 3207/1/2 3208/1/2 3203/1/2
f 3205/1/2 3207/1/2 3203/1/2
f 3197/1/533 3202/1/533 3205/1/533
f 3197/1/533 3205/1/533 3204/1/533
f 3202/1/3 3201/1/3 3206/1/3
f 3202/1/3 3206/1/3 3205/1/3
f 3201/1/534 3200/1/534 3207/1/534
f 3201/1/534 3207/1/534 3206/1/534
f 3200/1/535 3199/1/535 3208/1/535
f 3200/1/535 3208/1/535 3207/1/535
f 3199/1/4 3198/1/4 3203/1/4
f 3199/1/4 3203/1/4 3208/1/4
f 3198/1/536 3197/1/536 3204/1/536
f 3198/1/536 3204/1/536 3203/1/536
usemtl mat_4
f 3209/1/1 3210/1/1 3211/1/1
f 3209/1/1 3211/1/1 3212/1/1
f 3213/1/2 3214/1/2 3215/1/2
f 3213/1/2 3215/1/2 3216/1/2
f 3209/1/3 3212/1/3 3214/1/3
f 3209/1/3 3214/1/3 3213/1/3
f 3210/1/4 3216/1/4 3215/1/4
f 3210/1/4 3215/1/4 3211/1/4
f 3209/1/5 3213/1/5 3216/1/5
f 3209/1/5 3216/1/5 3210/1/5
f 3212/1/6 3211/1/6 3215/1/6
f 3212/1/6 3215/1/6 3214/1/6
usemtl mat_6
f 3217/1/1 3218/1/1 3219/1/1
f 3217/1/1 3219/1/1 3220/1/1
f 3221/1/2 3222/1/2 3223/1/2
f 3221/1/2 3223/1/2 3224/1/2
f 3217/1/3 3220/1/3 3222/1/3
f 3217/1/3 3222/1/3 3221/1/3
f 3218/1/4 3224/1/4 3223/1/4
f 3218/1/4 3223/1/4 3219/1/4
f 3217/1/5 3221/1/5 3224/1/5
f 3217/1/5 3224/1/5 3218/1/5
f 3220/1/6 3219/1/6 3223/1/6
f 3220/1/6 3223/1/6 3222/1/6
