# metre = block; Y up; per-cell coordinates; atlas UVs preserved
mtllib materials.mtl
o cell_27
usemtl pump_atlas
v 0.4657500 0.6353722 0.0317537
v 0.5038256 0.6565893 0.0000000
v 0.4887736 0.6247170 0.0000000
v 0.4657500 0.6353722 0.0317537
v 0.4887736 0.6247170 0.0000000
v 0.4657500 0.5759650 0.0000000
v 0.4657500 0.7207106 0.1017893
v 0.5807500 0.8022718 0.0202281
v 0.5807500 0.7776238 0.0000000
v 0.4657500 0.7207106 0.1017893
v 0.5807500 0.7776238 0.0000000
v 0.5362916 0.7076719 0.0000000
v 0.4657500 0.7207106 0.1017893
v 0.5362916 0.7076719 0.0000000
v 0.5038256 0.6565893 0.0000000
v 0.4657500 0.7207106 0.1017893
v 0.5038256 0.6565893 0.0000000
v 0.4657500 0.6353722 0.0317537
v 0.4657500 0.7907462 0.1871279
v 0.5807500 0.8866521 0.1230456
v 0.5807500 0.8022718 0.0202281
v 0.4657500 0.7907462 0.1871279
v 0.5807500 0.8022718 0.0202281
v 0.4657500 0.7207106 0.1017893
v 0.4657500 0.8427873 0.2844899
v 0.5807500 0.9493521 0.2403493
v 0.5807500 0.8866521 0.1230456
v 0.4657500 0.8427873 0.2844899
v 0.5807500 0.8866521 0.1230456
v 0.4657500 0.7907462 0.1871279
v 0.4657500 0.8748341 0.3901339
v 0.5807500 0.9879626 0.3676312
v 0.5807500 0.9493521 0.2403493
v 0.4657500 0.8748341 0.3901339
v 0.5807500 0.9493521 0.2403493
v 0.4657500 0.8427873 0.2844899
v 0.4657500 0.8856549 0.5000000
v 0.5797531 1.0000000 0.5000000
v 0.5807500 1.0000000 0.4898479
v 0.4657500 0.8856549 0.5000000
v 0.5807500 1.0000000 0.4898479
v 0.5807500 0.9879626 0.3676312
v 0.4657500 0.8856549 0.5000000
v 0.5807500 0.9879626 0.3676312
v 0.4657500 0.8748341 0.3901339
v 0.4657500 0.8748341 0.6098661
v 0.5807500 0.9879626 0.6323688
v 0.5807500 1.0000000 0.5101521
v 0.4657500 0.8748341 0.6098661
v 0.5807500 1.0000000 0.5101521
v 0.5798386 1.0000000 0.5008707
v 0.4657500 0.8748341 0.6098661
v 0.5798386 1.0000000 0.5008707
v 0.5797531 1.0000000 0.5000000
v 0.4657500 0.8748341 0.6098661
v 0.5797531 1.0000000 0.5000000
v 0.4657500 0.8856549 0.5000000
v 0.4657500 0.8427873 0.7155101
v 0.5807500 0.9493521 0.7596507
v 0.5807500 0.9879626 0.6323688
v 0.4657500 0.8427873 0.7155101
v 0.5807500 0.9879626 0.6323688
v 0.4657500 0.8748341 0.6098661
v 0.4657500 0.7907462 0.8128721
v 0.5807500 0.8866521 0.8769544
v 0.5807500 0.9493521 0.7596507
v 0.4657500 0.7907462 0.8128721
v 0.5807500 0.9493521 0.7596507
v 0.4657500 0.8427873 0.7155101
v 0.4657500 0.7207106 0.8982107
v 0.5807500 0.8022718 0.9797719
v 0.5807500 0.8866521 0.8769544
v 0.4657500 0.7207106 0.8982107
v 0.5807500 0.8866521 0.8769544
v 0.4657500 0.7907462 0.8128721
v 0.4657500 0.6353722 0.9682463
v 0.5038256 0.6565893 1.0000000
v 0.5807500 0.7776238 1.0000000
v 0.4657500 0.6353722 0.9682463
v 0.5807500 0.7776238 1.0000000
v 0.5807500 0.8022718 0.9797719
v 0.4657500 0.6353722 0.9682463
v 0.5807500 0.8022718 0.9797719
v 0.4657500 0.7207106 0.8982107
v 0.5038256 0.6565893 1.0000000
v 0.4657500 0.6353722 0.9682463
v 0.4657500 0.5759650 1.0000000
v 0.4657500 0.0690349 1.0000000
v 0.4657500 0.0096277 0.9682463
v 0.4830276 0.0000000 0.9826552
v 0.4657500 0.0690349 1.0000000
v 0.4830276 0.0000000 0.9826552
v 0.4983524 0.0000000 1.0000000
v 0.4657500 0.0096277 0.9682463
v 0.4657500 0.0000000 0.9603450
v 0.4723838 0.0000000 0.9689112
v 0.4657500 0.0096277 0.9682463
v 0.4723838 0.0000000 0.9689112
v 0.4830276 0.0000000 0.9826552
v 0.4657500 0.0000000 0.0396550
v 0.4657500 0.0096277 0.0317537
v 0.4830276 0.0000000 0.0173448
v 0.4657500 0.0096277 0.0317537
v 0.4657500 0.0690349 0.0000000
v 0.4887736 0.0202829 0.0000000
v 0.4657500 0.0096277 0.0317537
v 0.4887736 0.0202829 0.0000000
v 0.4983524 0.0000000 0.0000000
v 0.4657500 0.0096277 0.0317537
v 0.4983524 0.0000000 0.0000000
v 0.4830276 0.0000000 0.0173448
v 0.5807500 0.8022718 0.0202281
v 0.7187500 0.8022718 0.0202281
v 0.7187500 0.7776238 0.0000000
v 0.5807500 0.8022718 0.0202281
v 0.7187500 0.7776238 0.0000000
v 0.6138321 0.7776238 0.0000000
v 0.5807500 0.8022718 0.0202281
v 0.6138321 0.7776238 0.0000000
v 0.5807500 0.7776238 0.0000000
v 0.5807500 0.8866521 0.1230456
v 0.7187500 0.8866521 0.1230456
v 0.7187500 0.8022718 0.0202281
v 0.5807500 0.8866521 0.1230456
v 0.7187500 0.8022718 0.0202281
v 0.5807500 0.8022718 0.0202281
v 0.5807500 0.9493521 0.2403493
v 0.7187500 0.9493521 0.2403493
v 0.7187500 0.8866521 0.1230456
v 0.5807500 0.9493521 0.2403493
v 0.7187500 0.8866521 0.1230456
v 0.5807500 0.8866521 0.1230456
v 0.5807500 0.9879626 0.3676312
v 0.7187500 0.9879626 0.3676312
v 0.7187500 0.9493521 0.2403493
v 0.5807500 0.9879626 0.3676312
v 0.7187500 0.9493521 0.2403493
v 0.5807500 0.9493521 0.2403493
v 0.7187500 1.0000000 0.4898479
v 0.7187500 0.9879626 0.3676312
v 0.5913340 1.0000000 0.4898479
v 0.5913340 1.0000000 0.4898479
v 0.7187500 0.9879626 0.3676312
v 0.5807500 0.9879626 0.3676312
v 0.5913340 1.0000000 0.4898479
v 0.5807500 0.9879626 0.3676312
v 0.5807500 1.0000000 0.4898479
v 0.5807500 0.9879626 0.6323688
v 0.7187500 0.9879626 0.6323688
v 0.7187500 1.0000000 0.5101521
v 0.5807500 0.9879626 0.6323688
v 0.7187500 1.0000000 0.5101521
v 0.7081660 1.0000000 0.5101521
v 0.5807500 0.9879626 0.6323688
v 0.7081660 1.0000000 0.5101521
v 0.5807500 1.0000000 0.5101521
v 0.5807500 0.9493521 0.7596507
v 0.7187500 0.9493521 0.7596507
v 0.7187500 0.9879626 0.6323688
v 0.5807500 0.9493521 0.7596507
v 0.7187500 0.9879626 0.6323688
v 0.5807500 0.9879626 0.6323688
v 0.5807500 0.8866521 0.8769544
v 0.7187500 0.8866521 0.8769544
v 0.7187500 0.9493521 0.7596507
v 0.5807500 0.8866521 0.8769544
v 0.7187500 0.9493521 0.7596507
v 0.5807500 0.9493521 0.7596507
v 0.5807500 0.8022718 0.9797719
v 0.7187500 0.8022718 0.9797719
v 0.7187500 0.8866521 0.8769544
v 0.5807500 0.8022718 0.9797719
v 0.7187500 0.8866521 0.8769544
v 0.5807500 0.8866521 0.8769544
v 0.7187500 0.7776238 1.0000000
v 0.7187500 0.8022718 0.9797719
v 0.6856679 0.7776238 1.0000000
v 0.6856679 0.7776238 1.0000000
v 0.7187500 0.8022718 0.9797719
v 0.5807500 0.8022718 0.9797719
v 0.6856679 0.7776238 1.0000000
v 0.5807500 0.8022718 0.9797719
v 0.5807500 0.7776238 1.0000000
v 0.7187500 0.8022718 0.0202281
v 1.0000000 0.8022718 0.0202281
v 1.0000000 0.7807798 0.0025901
v 0.7187500 0.8022718 0.0202281
v 1.0000000 0.7807798 0.0025901
v 1.0000000 0.7776238 0.0000000
v 0.7187500 0.8022718 0.0202281
v 1.0000000 0.7776238 0.0000000
v 0.7187500 0.7776238 0.0000000
v 0.7187500 0.8866521 0.1230456
v 1.0000000 0.8866521 0.1230456
v 1.0000000 0.8690141 0.1015536
v 0.7187500 0.8866521 0.1230456
v 1.0000000 0.8690141 0.1015536
v 1.0000000 0.8022718 0.0202281
v 0.7187500 0.8866521 0.1230456
v 1.0000000 0.8022718 0.0202281
v 0.7187500 0.8022718 0.0202281
v 0.7187500 0.9493521 0.2403493
v 1.0000000 0.9493521 0.2403493
v 1.0000000 0.9362459 0.2158293
v 0.7187500 0.9493521 0.2403493
v 1.0000000 0.9362459 0.2158293
v 1.0000000 0.8866521 0.1230456
v 0.7187500 0.9493521 0.2403493
v 1.0000000 0.8866521 0.1230456
v 0.7187500 0.8866521 0.1230456
v 0.7187500 0.9879626 0.3676312
v 1.0000000 0.9879626 0.3676312
v 1.0000000 0.9798918 0.3410255
v 0.7187500 0.9879626 0.3676312
v 1.0000000 0.9798918 0.3410255
v 1.0000000 0.9493521 0.2403493
v 0.7187500 0.9879626 0.3676312
v 1.0000000 0.9493521 0.2403493
v 0.7187500 0.9493521 0.2403493
v 1.0000000 1.0000000 0.4898479
v 1.0000000 0.9982747 0.4723309
v 0.8219436 1.0000000 0.4898479
v 0.8219436 1.0000000 0.4898479
v 1.0000000 0.9982747 0.4723309
v 1.0000000 0.9879626 0.3676312
v 0.8219436 1.0000000 0.4898479
v 1.0000000 0.9879626 0.3676312
v 0.7187500 0.9879626 0.3676312
v 0.8219436 1.0000000 0.4898479
v 0.7187500 0.9879626 0.3676312
v 0.7187500 1.0000000 0.4898479
v 0.7187500 0.9879626 0.6323688
v 1.0000000 0.9879626 0.6323688
v 1.0000000 0.9906878 0.6046997
v 0.7187500 0.9879626 0.6323688
v 1.0000000 0.9906878 0.6046997
v 1.0000000 1.0000000 0.5101521
v 0.7187500 0.9879626 0.6323688
v 1.0000000 1.0000000 0.5101521
v 0.7187500 1.0000000 0.5101521
v 0.7187500 0.9493521 0.7596507
v 1.0000000 0.9493521 0.7596507
v 1.0000000 0.9574229 0.7330450
v 0.7187500 0.9493521 0.7596507
v 1.0000000 0.9574229 0.7330450
v 1.0000000 0.9879626 0.6323688
v 0.7187500 0.9493521 0.7596507
v 1.0000000 0.9879626 0.6323688
v 0.7187500 0.9879626 0.6323688
v 0.7187500 0.8866521 0.8769544
v 1.0000000 0.8866521 0.8769544
v 1.0000000 0.8997583 0.8524344
v 0.7187500 0.8866521 0.8769544
v 1.0000000 0.8997583 0.8524344
v 1.0000000 0.9493521 0.7596507
v 0.7187500 0.8866521 0.8769544
v 1.0000000 0.9493521 0.7596507
v 0.7187500 0.9493521 0.7596507
v 0.7187500 0.8022718 0.9797719
v 1.0000000 0.8022718 0.9797719
v 1.0000000 0.8199098 0.9582799
v 0.7187500 0.8022718 0.9797719
v 1.0000000 0.8199098 0.9582799
v 1.0000000 0.8866521 0.8769544
v 0.7187500 0.8022718 0.9797719
v 1.0000000 0.8866521 0.8769544
v 0.7187500 0.8866521 0.8769544
v 1.0000000 0.7776238 1.0000000
v 1.0000000 0.8022718 0.9797719
v 0.7187500 0.8022718 0.9797719
v 1.0000000 0.7776238 1.0000000
v 0.7187500 0.8022718 0.9797719
v 0.7187500 0.7776238 1.0000000
v 0.4657500 0.5759650 1.0000000
v 0.4657500 0.6353722 0.9682463
v 0.4657500 0.5306942 1.0000000
v 0.4657500 0.5306942 1.0000000
v 0.4657500 0.6353722 0.9682463
v 0.4657500 0.7207106 0.8982107
v 0.4657500 0.5306942 1.0000000
v 0.4657500 0.7207106 0.8982107
v 0.4657500 0.4749696 1.0000000
v 0.4657500 0.4749696 1.0000000
v 0.4657500 0.7207106 0.8982107
v 0.4657500 0.7907462 0.8128721
v 0.4657500 0.4749696 1.0000000
v 0.4657500 0.7907462 0.8128721
v 0.4657500 0.4406547 1.0000000
v 0.4657500 0.4406547 1.0000000
v 0.4657500 0.7907462 0.8128721
v 0.4657500 0.8427873 0.7155101
v 0.4657500 0.4406547 1.0000000
v 0.4657500 0.8427873 0.7155101
v 0.4657500 0.4170181 1.0000000
v 0.4657500 0.4170181 1.0000000
v 0.4657500 0.8427873 0.7155101
v 0.4657500 0.8748341 0.6098661
v 0.4657500 0.4170181 1.0000000
v 0.4657500 0.8748341 0.6098661
v 0.4657500 0.3994546 1.0000000
v 0.4657500 0.3994546 1.0000000
v 0.4657500 0.8748341 0.6098661
v 0.4657500 0.8856549 0.5000000
v 0.4657500 0.3994546 1.0000000
v 0.4657500 0.8856549 0.5000000
v 0.4657500 0.3856550 1.0000000
v 0.4657500 0.3856550 1.0000000
v 0.4657500 0.8856549 0.5000000
v 0.4657500 0.8748341 0.3901339
v 0.4657500 0.3856550 1.0000000
v 0.4657500 0.8748341 0.3901339
v 0.4657500 0.3743300 1.0000000
v 0.4657500 0.3743300 1.0000000
v 0.4657500 0.8748341 0.3901339
v 0.4657500 0.8427873 0.2844899
v 0.4657500 0.3743300 1.0000000
v 0.4657500 0.8427873 0.2844899
v 0.4657500 0.3646988 1.0000000
v 0.4657500 0.3646988 1.0000000
v 0.4657500 0.8427873 0.2844899
v 0.4657500 0.7907462 0.1871279
v 0.4657500 0.3646988 1.0000000
v 0.4657500 0.7907462 0.1871279
v 0.4657500 0.3562570 1.0000000
v 0.4657500 0.3562570 1.0000000
v 0.4657500 0.7907462 0.1871279
v 0.4657500 0.7207106 0.1017893
v 0.4657500 0.3562570 1.0000000
v 0.4657500 0.7207106 0.1017893
v 0.4657500 0.3486597 1.0000000
v 0.4657500 0.3486597 1.0000000
v 0.4657500 0.7207106 0.1017893
v 0.4657500 0.6353722 0.0317537
v 0.4657500 0.3486597 1.0000000
v 0.4657500 0.6353722 0.0317537
v 0.4657500 0.3416579 1.0000000
v 0.4657500 0.3416579 1.0000000
v 0.4657500 0.6353722 0.0317537
v 0.4657500 0.5759650 0.0000000
v 0.4657500 0.3416579 1.0000000
v 0.4657500 0.5759650 0.0000000
v 0.4657500 0.5339746 0.0000000
v 0.4657500 0.3416579 1.0000000
v 0.4657500 0.5339746 0.0000000
v 0.4657500 0.3350623 1.0000000
v 0.4657500 0.3350623 1.0000000
v 0.4657500 0.5339746 0.0000000
v 0.4657500 0.4272115 0.0000000
v 0.4657500 0.3350623 1.0000000
v 0.4657500 0.4272115 0.0000000
v 0.4657500 0.3287202 1.0000000
v 0.4657500 0.3287202 1.0000000
v 0.4657500 0.4272115 0.0000000
v 0.4657500 0.3225000 0.0000000
v 0.4657500 0.3287202 1.0000000
v 0.4657500 0.3225000 0.0000000
v 0.4657500 0.3225000 1.0000000
v 0.4657500 0.3225000 1.0000000
v 0.4657500 0.3225000 0.0000000
v 0.4657500 0.2177883 0.0000000
v 0.4657500 0.3225000 1.0000000
v 0.4657500 0.2177883 0.0000000
v 0.4657500 0.3162798 1.0000000
v 0.4657500 0.3162798 1.0000000
v 0.4657500 0.2177883 0.0000000
v 0.4657500 0.1110253 0.0000000
v 0.4657500 0.3162798 1.0000000
v 0.4657500 0.1110253 0.0000000
v 0.4657500 0.3099377 1.0000000
v 0.4657500 0.3099377 1.0000000
v 0.4657500 0.1110253 0.0000000
v 0.4657500 0.0690349 0.0000000
v 0.4657500 0.3099377 1.0000000
v 0.4657500 0.0690349 0.0000000
v 0.4657500 0.0096277 0.0317537
v 0.4657500 0.3099377 1.0000000
v 0.4657500 0.0096277 0.0317537
v 0.4657500 0.3033421 1.0000000
v 0.4657500 0.3033421 1.0000000
v 0.4657500 0.0096277 0.0317537
v 0.4657500 0.0000000 0.0396550
v 0.4657500 0.3033421 1.0000000
v 0.4657500 0.0000000 0.0396550
v 0.4657500 0.0000000 0.2845713
v 0.4657500 0.3033421 1.0000000
v 0.4657500 0.0000000 0.2845713
v 0.4657500 0.2963403 1.0000000
v 0.4657500 0.2963403 1.0000000
v 0.4657500 0.0000000 0.2845713
v 0.4657500 0.0000000 0.4598000
v 0.4657500 0.2963403 1.0000000
v 0.4657500 0.0000000 0.4598000
v 0.4657500 0.2887429 1.0000000
v 0.4657500 0.2887429 1.0000000
v 0.4657500 0.0000000 0.4598000
v 0.4657500 0.0000000 0.5804997
v 0.4657500 0.2887429 1.0000000
v 0.4657500 0.0000000 0.5804997
v 0.4657500 0.2803012 1.0000000
v 0.4657500 0.2803012 1.0000000
v 0.4657500 0.0000000 0.5804997
v 0.4657500 0.0000000 0.6701876
v 0.4657500 0.2803012 1.0000000
v 0.4657500 0.0000000 0.6701876
v 0.4657500 0.2706700 1.0000000
v 0.4657500 0.2706700 1.0000000
v 0.4657500 0.0000000 0.6701876
v 0.4657500 0.0000000 0.7406550
v 0.4657500 0.2706700 1.0000000
v 0.4657500 0.0000000 0.7406550
v 0.4657500 0.2593450 1.0000000
v 0.4657500 0.2593450 1.0000000
v 0.4657500 0.0000000 0.7406550
v 0.4657500 0.0000000 0.7984861
v 0.4657500 0.2593450 1.0000000
v 0.4657500 0.0000000 0.7984861
v 0.4657500 0.2455454 1.0000000
v 0.4657500 0.2455454 1.0000000
v 0.4657500 0.0000000 0.7984861
v 0.4657500 0.0000000 0.8476674
v 0.4657500 0.2455454 1.0000000
v 0.4657500 0.0000000 0.8476674
v 0.4657500 0.2279819 1.0000000
v 0.4657500 0.2279819 1.0000000
v 0.4657500 0.0000000 0.8476674
v 0.4657500 0.0000000 0.8907751
v 0.4657500 0.2279819 1.0000000
v 0.4657500 0.0000000 0.8907751
v 0.4657500 0.2043453 1.0000000
v 0.4657500 0.2043453 1.0000000
v 0.4657500 0.0000000 0.8907751
v 0.4657500 0.0000000 0.9295711
v 0.4657500 0.2043453 1.0000000
v 0.4657500 0.0000000 0.9295711
v 0.4657500 0.1700303 1.0000000
v 0.4657500 0.1700303 1.0000000
v 0.4657500 0.0000000 0.9295711
v 0.4657500 0.0000000 0.9603450
v 0.4657500 0.1700303 1.0000000
v 0.4657500 0.0000000 0.9603450
v 0.4657500 0.0096277 0.9682463
v 0.4657500 0.1700303 1.0000000
v 0.4657500 0.0096277 0.9682463
v 0.4657500 0.1143057 1.0000000
v 0.4657500 0.1143057 1.0000000
v 0.4657500 0.0096277 0.9682463
v 0.4657500 0.0690349 1.0000000
v 0.5577500 0.7878788 0.0346212
v 0.6497500 0.7878788 0.0346212
v 0.6497500 0.7427596 0.0000000
v 0.5577500 0.7878788 0.0346212
v 0.6497500 0.7427596 0.0000000
v 0.5882032 0.7427596 0.0000000
v 0.5577500 0.7878788 0.0346212
v 0.5882032 0.7427596 0.0000000
v 0.5577500 0.7427596 0.0000000
v 0.5577500 0.8924702 0.1709275
v 0.6497500 0.8924702 0.1709275
v 0.6497500 0.7878788 0.0346212
v 0.5577500 0.8924702 0.1709275
v 0.6497500 0.7878788 0.0346212
v 0.5577500 0.7878788 0.0346212
v 0.5577500 0.9582192 0.3296595
v 0.6497500 0.9582192 0.3296595
v 0.6497500 0.8924702 0.1709275
v 0.5577500 0.9582192 0.3296595
v 0.6497500 0.8924702 0.1709275
v 0.5577500 0.8924702 0.1709275
v 0.5577500 0.9806451 0.5000000
v 0.6497500 0.9806451 0.5000000
v 0.6497500 0.9582192 0.3296595
v 0.5577500 0.9806451 0.5000000
v 0.6497500 0.9582192 0.3296595
v 0.5577500 0.9582192 0.3296595
v 0.5577500 0.9582192 0.6703405
v 0.6497500 0.9582192 0.6703405
v 0.6497500 0.9806451 0.5000000
v 0.5577500 0.9582192 0.6703405
v 0.6497500 0.9806451 0.5000000
v 0.5577500 0.9806451 0.5000000
v 0.5577500 0.8924702 0.8290725
v 0.6497500 0.8924702 0.8290725
v 0.6497500 0.9582192 0.6703405
v 0.5577500 0.8924702 0.8290725
v 0.6497500 0.9582192 0.6703405
v 0.5577500 0.9582192 0.6703405
v 0.5577500 0.7878788 0.9653788
v 0.6497500 0.7878788 0.9653788
v 0.6497500 0.8924702 0.8290725
v 0.5577500 0.7878788 0.9653788
v 0.6497500 0.8924702 0.8290725
v 0.5577500 0.8924702 0.8290725
v 0.6497500 0.7427596 1.0000000
v 0.6497500 0.7878788 0.9653788
v 0.6192968 0.7427596 1.0000000
v 0.6192968 0.7427596 1.0000000
v 0.6497500 0.7878788 0.9653788
v 0.5577500 0.7878788 0.9653788
v 0.6192968 0.7427596 1.0000000
v 0.5577500 0.7878788 0.9653788
v 0.5577500 0.7427596 1.0000000
v 0.5577500 0.7427596 1.0000000
v 0.5577500 0.7878788 0.9653788
v 0.5577500 0.7042958 1.0000000
v 0.5577500 0.7042958 1.0000000
v 0.5577500 0.7878788 0.9653788
v 0.5577500 0.8924702 0.8290725
v 0.5577500 0.7042958 1.0000000
v 0.5577500 0.8924702 0.8290725
v 0.5577500 0.5964151 1.0000000
v 0.5577500 0.5964151 1.0000000
v 0.5577500 0.8924702 0.8290725
v 0.5577500 0.9582192 0.6703405
v 0.5577500 0.5964151 1.0000000
v 0.5577500 0.9582192 0.6703405
v 0.5577500 0.5285986 1.0000000
v 0.5577500 0.5285986 1.0000000
v 0.5577500 0.9582192 0.6703405
v 0.5577500 0.9806451 0.5000000
v 0.5577500 0.5285986 1.0000000
v 0.5577500 0.9806451 0.5000000
v 0.5577500 0.4806450 1.0000000
v 0.5577500 0.4806450 1.0000000
v 0.5577500 0.9806451 0.5000000
v 0.5577500 0.9582192 0.3296595
v 0.5577500 0.4806450 1.0000000
v 0.5577500 0.9582192 0.3296595
v 0.5577500 0.4438489 1.0000000
v 0.5577500 0.4438489 1.0000000
v 0.5577500 0.9582192 0.3296595
v 0.5577500 0.8924702 0.1709275
v 0.5577500 0.4438489 1.0000000
v 0.5577500 0.8924702 0.1709275
v 0.5577500 0.4138050 1.0000000
v 0.5577500 0.4138050 1.0000000
v 0.5577500 0.8924702 0.1709275
v 0.5577500 0.7878788 0.0346212
v 0.5577500 0.4138050 1.0000000
v 0.5577500 0.7878788 0.0346212
v 0.5577500 0.3880058 1.0000000
v 0.5577500 0.3880058 1.0000000
v 0.5577500 0.7878788 0.0346212
v 0.5577500 0.7427596 0.0000000
v 0.5577500 0.3880058 1.0000000
v 0.5577500 0.7427596 0.0000000
v 0.5577500 0.6328240 0.0000000
v 0.5577500 0.3880058 1.0000000
v 0.5577500 0.6328240 0.0000000
v 0.5577500 0.3648748 1.0000000
v 0.5577500 0.3648748 1.0000000
v 0.5577500 0.6328240 0.0000000
v 0.5577500 0.4749726 0.0000000
v 0.5577500 0.3648748 1.0000000
v 0.5577500 0.4749726 0.0000000
v 0.5577500 0.3433202 1.0000000
v 0.5577500 0.3433202 1.0000000
v 0.5577500 0.4749726 0.0000000
v 0.5577500 0.3225000 0.0000000
v 0.5577500 0.3433202 1.0000000
v 0.5577500 0.3225000 0.0000000
v 0.5577500 0.3225000 1.0000000
v 0.5577500 0.3225000 1.0000000
v 0.5577500 0.3225000 0.0000000
v 0.5577500 0.1700273 0.0000000
v 0.5577500 0.3225000 1.0000000
v 0.5577500 0.1700273 0.0000000
v 0.5577500 0.3016798 1.0000000
v 0.5577500 0.3016798 1.0000000
v 0.5577500 0.1700273 0.0000000
v 0.5577500 0.0121760 0.0000000
v 0.5577500 0.3016798 1.0000000
v 0.5577500 0.0121760 0.0000000
v 0.5577500 0.2801252 1.0000000
v 0.5577500 0.2801252 1.0000000
v 0.5577500 0.0121760 0.0000000
v 0.5577500 0.0000000 0.0000000
v 0.5577500 0.2801252 1.0000000
v 0.5577500 0.0000000 0.0000000
v 0.5577500 0.0000000 0.3795611
v 0.5577500 0.2801252 1.0000000
v 0.5577500 0.0000000 0.3795611
v 0.5577500 0.2569942 1.0000000
v 0.5577500 0.2569942 1.0000000
v 0.5577500 0.0000000 0.3795611
v 0.5577500 0.0000000 0.5995586
v 0.5577500 0.2569942 1.0000000
v 0.5577500 0.0000000 0.5995586
v 0.5577500 0.2311949 1.0000000
v 0.5577500 0.2311949 1.0000000
v 0.5577500 0.0000000 0.5995586
v 0.5577500 0.0000000 0.7378548
v 0.5577500 0.2311949 1.0000000
v 0.5577500 0.0000000 0.7378548
v 0.5577500 0.2011511 1.0000000
v 0.5577500 0.2011511 1.0000000
v 0.5577500 0.0000000 0.7378548
v 0.5577500 0.0000000 0.8356450
v 0.5577500 0.2011511 1.0000000
v 0.5577500 0.0000000 0.8356450
v 0.5577500 0.1643550 1.0000000
v 0.5577500 0.1643550 1.0000000
v 0.5577500 0.0000000 0.8356450
v 0.5577500 0.0000000 0.9106821
v 0.5577500 0.1643550 1.0000000
v 0.5577500 0.0000000 0.9106821
v 0.5577500 0.1164014 1.0000000
v 0.5577500 0.1164014 1.0000000
v 0.5577500 0.0000000 0.9106821
v 0.5577500 0.0000000 0.9719495
v 0.5577500 0.1164014 1.0000000
v 0.5577500 0.0000000 0.9719495
v 0.5577500 0.0485848 1.0000000
v 0.5577500 0.0485848 1.0000000
v 0.5577500 0.0000000 0.9719495
v 0.5577500 0.0000000 1.0000000
v 0.6497500 0.0000000 1.0000000
v 0.6497500 0.0000000 0.9719495
v 0.6497500 0.0485848 1.0000000
v 0.6497500 0.0485848 1.0000000
v 0.6497500 0.0000000 0.9719495
v 0.6497500 0.0000000 0.9106821
v 0.6497500 0.0485848 1.0000000
v 0.6497500 0.0000000 0.9106821
v 0.6497500 0.1164014 1.0000000
v 0.6497500 0.1164014 1.0000000
v 0.6497500 0.0000000 0.9106821
v 0.6497500 0.0000000 0.8356450
v 0.6497500 0.1164014 1.0000000
v 0.6497500 0.0000000 0.8356450
v 0.6497500 0.1643550 1.0000000
v 0.6497500 0.1643550 1.0000000
v 0.6497500 0.0000000 0.8356450
v 0.6497500 0.0000000 0.7378548
v 0.6497500 0.1643550 1.0000000
v 0.6497500 0.0000000 0.7378548
v 0.6497500 0.2011511 1.0000000
v 0.6497500 0.2011511 1.0000000
v 0.6497500 0.0000000 0.7378548
v 0.6497500 0.0000000 0.5995586
v 0.6497500 0.2011511 1.0000000
v 0.6497500 0.0000000 0.5995586
v 0.6497500 0.2311949 1.0000000
v 0.6497500 0.2311949 1.0000000
v 0.6497500 0.0000000 0.5995586
v 0.6497500 0.0000000 0.3795611
v 0.6497500 0.2311949 1.0000000
v 0.6497500 0.0000000 0.3795611
v 0.6497500 0.2569942 1.0000000
v 0.6497500 0.2569942 1.0000000
v 0.6497500 0.0000000 0.3795611
v 0.6497500 0.0000000 0.0000000
v 0.6497500 0.2569942 1.0000000
v 0.6497500 0.0000000 0.0000000
v 0.6497500 0.0121760 0.0000000
v 0.6497500 0.2569942 1.0000000
v 0.6497500 0.0121760 0.0000000
v 0.6497500 0.2801252 1.0000000
v 0.6497500 0.2801252 1.0000000
v 0.6497500 0.0121760 0.0000000
v 0.6497500 0.1700273 0.0000000
v 0.6497500 0.2801252 1.0000000
v 0.6497500 0.1700273 0.0000000
v 0.6497500 0.3016798 1.0000000
v 0.6497500 0.3016798 1.0000000
v 0.6497500 0.1700273 0.0000000
v 0.6497500 0.3225000 0.0000000
v 0.6497500 0.3016798 1.0000000
v 0.6497500 0.3225000 0.0000000
v 0.6497500 0.3225000 1.0000000
v 0.6497500 0.3225000 1.0000000
v 0.6497500 0.3225000 0.0000000
v 0.6497500 0.4749726 0.0000000
v 0.6497500 0.3225000 1.0000000
v 0.6497500 0.4749726 0.0000000
v 0.6497500 0.3433202 1.0000000
v 0.6497500 0.3433202 1.0000000
v 0.6497500 0.4749726 0.0000000
v 0.6497500 0.6328240 0.0000000
v 0.6497500 0.3433202 1.0000000
v 0.6497500 0.6328240 0.0000000
v 0.6497500 0.3648748 1.0000000
v 0.6497500 0.3648748 1.0000000
v 0.6497500 0.6328240 0.0000000
v 0.6497500 0.7427596 0.0000000
v 0.6497500 0.3648748 1.0000000
v 0.6497500 0.7427596 0.0000000
v 0.6497500 0.7878788 0.0346212
v 0.6497500 0.3648748 1.0000000
v 0.6497500 0.7878788 0.0346212
v 0.6497500 0.3880058 1.0000000
v 0.6497500 0.3880058 1.0000000
v 0.6497500 0.7878788 0.0346212
v 0.6497500 0.8924702 0.1709275
v 0.6497500 0.3880058 1.0000000
v 0.6497500 0.8924702 0.1709275
v 0.6497500 0.4138050 1.0000000
v 0.6497500 0.4138050 1.0000000
v 0.6497500 0.8924702 0.1709275
v 0.6497500 0.9582192 0.3296595
v 0.6497500 0.4138050 1.0000000
v 0.6497500 0.9582192 0.3296595
v 0.6497500 0.4438489 1.0000000
v 0.6497500 0.4438489 1.0000000
v 0.6497500 0.9582192 0.3296595
v 0.6497500 0.9806451 0.5000000
v 0.6497500 0.4438489 1.0000000
v 0.6497500 0.9806451 0.5000000
v 0.6497500 0.4806450 1.0000000
v 0.6497500 0.4806450 1.0000000
v 0.6497500 0.9806451 0.5000000
v 0.6497500 0.9582192 0.6703405
v 0.6497500 0.4806450 1.0000000
v 0.6497500 0.9582192 0.6703405
v 0.6497500 0.5285986 1.0000000
v 0.6497500 0.5285986 1.0000000
v 0.6497500 0.9582192 0.6703405
v 0.6497500 0.8924702 0.8290725
v 0.6497500 0.5285986 1.0000000
v 0.6497500 0.8924702 0.8290725
v 0.6497500 0.5964151 1.0000000
v 0.6497500 0.5964151 1.0000000
v 0.6497500 0.8924702 0.8290725
v 0.6497500 0.7878788 0.9653788
v 0.6497500 0.5964151 1.0000000
v 0.6497500 0.7878788 0.9653788
v 0.6497500 0.7042958 1.0000000
v 0.6497500 0.7042958 1.0000000
v 0.6497500 0.7878788 0.9653788
v 0.6497500 0.7427596 1.0000000
v 0.5520000 0.5479338 0.9757197
v 0.5308400 0.5479338 0.9757197
v 0.5308400 0.5479338 1.0000000
v 0.5520000 0.5479338 0.9757197
v 0.5308400 0.5479338 1.0000000
v 0.5325758 0.5479338 1.0000000
v 0.5520000 0.5479338 0.9757197
v 0.5325758 0.5479338 1.0000000
v 0.5520000 0.5479338 1.0000000
v 0.5520000 0.5250274 0.9624947
v 0.5308400 0.5250274 0.9624947
v 0.5308400 0.5479338 0.9757197
v 0.5520000 0.5250274 0.9624947
v 0.5308400 0.5479338 0.9757197
v 0.5520000 0.5479338 0.9757197
v 0.5520000 0.5250274 0.9624947
v 0.5520000 0.5021210 0.9757197
v 0.5308400 0.5021210 0.9757197
v 0.5520000 0.5250274 0.9624947
v 0.5308400 0.5021210 0.9757197
v 0.5308400 0.5250274 0.9624947
v 0.5520000 0.5021210 0.9757197
v 0.5520000 0.5021210 1.0000000
v 0.5325758 0.5021210 1.0000000
v 0.5520000 0.5021210 0.9757197
v 0.5325758 0.5021210 1.0000000
v 0.5308400 0.5021210 1.0000000
v 0.5520000 0.5021210 0.9757197
v 0.5308400 0.5021210 1.0000000
v 0.5308400 0.5021210 0.9757197
v 0.5520000 0.5250274 0.9624947
v 0.5520000 0.5479338 0.9757197
v 0.5520000 0.5479338 1.0000000
v 0.5520000 0.5250274 0.9624947
v 0.5520000 0.5479338 1.0000000
v 0.5520000 0.5466811 1.0000000
v 0.5520000 0.5250274 0.9624947
v 0.5520000 0.5466811 1.0000000
v 0.5520000 0.5250274 1.0000000
v 0.5520000 0.5250274 0.9624947
v 0.5520000 0.5250274 1.0000000
v 0.5520000 0.5033737 1.0000000
v 0.5520000 0.5250274 0.9624947
v 0.5520000 0.5033737 1.0000000
v 0.5520000 0.5021210 1.0000000
v 0.5520000 0.5250274 0.9624947
v 0.5520000 0.5021210 1.0000000
v 0.5520000 0.5021210 0.9757197
v 0.5308400 0.5250274 0.9624947
v 0.5308400 0.5021210 0.9757197
v 0.5308400 0.5021210 1.0000000
v 0.5308400 0.5250274 0.9624947
v 0.5308400 0.5021210 1.0000000
v 0.5308400 0.5033737 1.0000000
v 0.5308400 0.5250274 0.9624947
v 0.5308400 0.5033737 1.0000000
v 0.5308400 0.5250274 1.0000000
v 0.5308400 0.5250274 0.9624947
v 0.5308400 0.5250274 1.0000000
v 0.5308400 0.5466811 1.0000000
v 0.5308400 0.5250274 0.9624947
v 0.5308400 0.5466811 1.0000000
v 0.5308400 0.5479338 1.0000000
v 0.5308400 0.5250274 0.9624947
v 0.5308400 0.5479338 1.0000000
v 0.5308400 0.5479338 0.9757197
v 0.5520000 0.8343511 0.7157526
v 0.5308400 0.8343511 0.7157526
v 0.5308400 0.8114446 0.7289775
v 0.5520000 0.8343511 0.7157526
v 0.5308400 0.8114446 0.7289775
v 0.5520000 0.8114446 0.7289775
v 0.5520000 0.8343511 0.6893025
v 0.5308400 0.8343511 0.6893025
v 0.5308400 0.8343511 0.7157526
v 0.5520000 0.8343511 0.6893025
v 0.5308400 0.8343511 0.7157526
v 0.5520000 0.8343511 0.7157526
v 0.5520000 0.8114446 0.6760776
v 0.5308400 0.8114446 0.6760776
v 0.5308400 0.8343511 0.6893025
v 0.5520000 0.8114446 0.6760776
v 0.5308400 0.8343511 0.6893025
v 0.5520000 0.8343511 0.6893025
v 0.5520000 0.8114446 0.6760776
v 0.5520000 0.7885382 0.6893025
v 0.5308400 0.7885382 0.6893025
v 0.5520000 0.8114446 0.6760776
v 0.5308400 0.7885382 0.6893025
v 0.5308400 0.8114446 0.6760776
v 0.5520000 0.7885382 0.6893025
v 0.5520000 0.7885382 0.7157526
v 0.5308400 0.7885382 0.7157526
v 0.5520000 0.7885382 0.6893025
v 0.5308400 0.7885382 0.7157526
v 0.5308400 0.7885382 0.6893025
v 0.5520000 0.7885382 0.7157526
v 0.5520000 0.8114446 0.7289775
v 0.5308400 0.8114446 0.7289775
v 0.5520000 0.7885382 0.7157526
v 0.5308400 0.8114446 0.7289775
v 0.5308400 0.7885382 0.7157526
v 0.5520000 0.8114446 0.6760776
v 0.5520000 0.8343511 0.6893025
v 0.5520000 0.8343511 0.7157526
v 0.5520000 0.8114446 0.6760776
v 0.5520000 0.8343511 0.7157526
v 0.5520000 0.8114446 0.7289775
v 0.5520000 0.8114446 0.6760776
v 0.5520000 0.8114446 0.7289775
v 0.5520000 0.7885382 0.7157526
v 0.5520000 0.8114446 0.6760776
v 0.5520000 0.7885382 0.7157526
v 0.5520000 0.7885382 0.6893025
v 0.5308400 0.8114446 0.6760776
v 0.5308400 0.7885382 0.6893025
v 0.5308400 0.7885382 0.7157526
v 0.5308400 0.8114446 0.6760776
v 0.5308400 0.7885382 0.7157526
v 0.5308400 0.8114446 0.7289775
v 0.5308400 0.8114446 0.6760776
v 0.5308400 0.8114446 0.7289775
v 0.5308400 0.8343511 0.7157526
v 0.5308400 0.8114446 0.6760776
v 0.5308400 0.8343511 0.7157526
v 0.5308400 0.8343511 0.6893025
v 0.5520000 0.8343511 0.3106975
v 0.5308400 0.8343511 0.3106975
v 0.5308400 0.8114446 0.3239224
v 0.5520000 0.8343511 0.3106975
v 0.5308400 0.8114446 0.3239224
v 0.5520000 0.8114446 0.3239224
v 0.5520000 0.8343511 0.2842474
v 0.5308400 0.8343511 0.2842474
v 0.5308400 0.8343511 0.3106975
v 0.5520000 0.8343511 0.2842474
v 0.5308400 0.8343511 0.3106975
v 0.5520000 0.8343511 0.3106975
v 0.5520000 0.8114446 0.2710225
v 0.5308400 0.8114446 0.2710225
v 0.5308400 0.8343511 0.2842474
v 0.5520000 0.8114446 0.2710225
v 0.5308400 0.8343511 0.2842474
v 0.5520000 0.8343511 0.2842474
v 0.5520000 0.8114446 0.2710225
v 0.5520000 0.7885382 0.2842474
v 0.5308400 0.7885382 0.2842474
v 0.5520000 0.8114446 0.2710225
v 0.5308400 0.7885382 0.2842474
v 0.5308400 0.8114446 0.2710225
v 0.5520000 0.7885382 0.2842474
v 0.5520000 0.7885382 0.3106975
v 0.5308400 0.7885382 0.3106975
v 0.5520000 0.7885382 0.2842474
v 0.5308400 0.7885382 0.3106975
v 0.5308400 0.7885382 0.2842474
v 0.5520000 0.7885382 0.3106975
v 0.5520000 0.8114446 0.3239224
v 0.5308400 0.8114446 0.3239224
v 0.5520000 0.7885382 0.3106975
v 0.5308400 0.8114446 0.3239224
v 0.5308400 0.7885382 0.3106975
v 0.5520000 0.8114446 0.2710225
v 0.5520000 0.8343511 0.2842474
v 0.5520000 0.8343511 0.3106975
v 0.5520000 0.8114446 0.2710225
v 0.5520000 0.8343511 0.3106975
v 0.5520000 0.8114446 0.3239224
v 0.5520000 0.8114446 0.2710225
v 0.5520000 0.8114446 0.3239224
v 0.5520000 0.7885382 0.3106975
v 0.5520000 0.8114446 0.2710225
v 0.5520000 0.7885382 0.3106975
v 0.5520000 0.7885382 0.2842474
v 0.5308400 0.8114446 0.2710225
v 0.5308400 0.7885382 0.2842474
v 0.5308400 0.7885382 0.3106975
v 0.5308400 0.8114446 0.2710225
v 0.5308400 0.7885382 0.3106975
v 0.5308400 0.8114446 0.3239224
v 0.5308400 0.8114446 0.2710225
v 0.5308400 0.8114446 0.3239224
v 0.5308400 0.8343511 0.3106975
v 0.5308400 0.8114446 0.2710225
v 0.5308400 0.8343511 0.3106975
v 0.5308400 0.8343511 0.2842474
v 0.5520000 0.5479338 0.0242803
v 0.5308400 0.5479338 0.0242803
v 0.5308400 0.5250274 0.0375053
v 0.5520000 0.5479338 0.0242803
v 0.5308400 0.5250274 0.0375053
v 0.5520000 0.5250274 0.0375053
v 0.5308400 0.5479338 0.0000000
v 0.5308400 0.5479338 0.0242803
v 0.5502642 0.5479338 0.0000000
v 0.5502642 0.5479338 0.0000000
v 0.5308400 0.5479338 0.0242803
v 0.5520000 0.5479338 0.0242803
v 0.5502642 0.5479338 0.0000000
v 0.5520000 0.5479338 0.0242803
v 0.5520000 0.5479338 0.0000000
v 0.5520000 0.5021210 0.0000000
v 0.5520000 0.5021210 0.0242803
v 0.5308400 0.5021210 0.0242803
v 0.5520000 0.5021210 0.0000000
v 0.5308400 0.5021210 0.0242803
v 0.5502642 0.5021210 0.0000000
v 0.5502642 0.5021210 0.0000000
v 0.5308400 0.5021210 0.0242803
v 0.5308400 0.5021210 0.0000000
v 0.5520000 0.5021210 0.0242803
v 0.5520000 0.5250274 0.0375053
v 0.5308400 0.5250274 0.0375053
v 0.5520000 0.5021210 0.0242803
v 0.5308400 0.5250274 0.0375053
v 0.5308400 0.5021210 0.0242803
v 0.5520000 0.5479338 0.0000000
v 0.5520000 0.5479338 0.0242803
v 0.5520000 0.5339155 0.0000000
v 0.5520000 0.5339155 0.0000000
v 0.5520000 0.5479338 0.0242803
v 0.5520000 0.5250274 0.0375053
v 0.5520000 0.5339155 0.0000000
v 0.5520000 0.5250274 0.0375053
v 0.5520000 0.5250274 0.0000000
v 0.5520000 0.5250274 0.0000000
v 0.5520000 0.5250274 0.0375053
v 0.5520000 0.5021210 0.0242803
v 0.5520000 0.5250274 0.0000000
v 0.5520000 0.5021210 0.0242803
v 0.5520000 0.5161393 0.0000000
v 0.5520000 0.5161393 0.0000000
v 0.5520000 0.5021210 0.0242803
v 0.5520000 0.5021210 0.0000000
v 0.5308400 0.5021210 0.0000000
v 0.5308400 0.5021210 0.0242803
v 0.5308400 0.5161393 0.0000000
v 0.5308400 0.5161393 0.0000000
v 0.5308400 0.5021210 0.0242803
v 0.5308400 0.5250274 0.0375053
v 0.5308400 0.5161393 0.0000000
v 0.5308400 0.5250274 0.0375053
v 0.5308400 0.5250274 0.0000000
v 0.5308400 0.5250274 0.0000000
v 0.5308400 0.5250274 0.0375053
v 0.5308400 0.5479338 0.0242803
v 0.5308400 0.5250274 0.0000000
v 0.5308400 0.5479338 0.0242803
v 0.5308400 0.5339155 0.0000000
v 0.5308400 0.5339155 0.0000000
v 0.5308400 0.5479338 0.0242803
v 0.5308400 0.5479338 0.0000000
v 0.5520000 0.1428788 0.0242803
v 0.5308400 0.1428788 0.0242803
v 0.5308400 0.1199723 0.0375053
v 0.5520000 0.1428788 0.0242803
v 0.5308400 0.1199723 0.0375053
v 0.5520000 0.1199723 0.0375053
v 0.5308400 0.1428788 0.0000000
v 0.5308400 0.1428788 0.0242803
v 0.5502642 0.1428788 0.0000000
v 0.5502642 0.1428788 0.0000000
v 0.5308400 0.1428788 0.0242803
v 0.5520000 0.1428788 0.0242803
v 0.5502642 0.1428788 0.0000000
v 0.5520000 0.1428788 0.0242803
v 0.5520000 0.1428788 0.0000000
v 0.5520000 0.0970659 0.0000000
v 0.5520000 0.0970659 0.0242803
v 0.5308400 0.0970659 0.0242803
v 0.5520000 0.0970659 0.0000000
v 0.5308400 0.0970659 0.0242803
v 0.5502642 0.0970659 0.0000000
v 0.5502642 0.0970659 0.0000000
v 0.5308400 0.0970659 0.0242803
v 0.5308400 0.0970659 0.0000000
v 0.5520000 0.0970659 0.0242803
v 0.5520000 0.1199723 0.0375053
v 0.5308400 0.1199723 0.0375053
v 0.5520000 0.0970659 0.0242803
v 0.5308400 0.1199723 0.0375053
v 0.5308400 0.0970659 0.0242803
v 0.5520000 0.1428788 0.0000000
v 0.5520000 0.1428788 0.0242803
v 0.5520000 0.1288605 0.0000000
v 0.5520000 0.1288605 0.0000000
v 0.5520000 0.1428788 0.0242803
v 0.5520000 0.1199723 0.0375053
v 0.5520000 0.1288605 0.0000000
v 0.5520000 0.1199723 0.0375053
v 0.5520000 0.1199723 0.0000000
v 0.5520000 0.1199723 0.0000000
v 0.5520000 0.1199723 0.0375053
v 0.5520000 0.0970659 0.0242803
v 0.5520000 0.1199723 0.0000000
v 0.5520000 0.0970659 0.0242803
v 0.5520000 0.1110842 0.0000000
v 0.5520000 0.1110842 0.0000000
v 0.5520000 0.0970659 0.0242803
v 0.5520000 0.0970659 0.0000000
v 0.5308400 0.0970659 0.0000000
v 0.5308400 0.0970659 0.0242803
v 0.5308400 0.1110842 0.0000000
v 0.5308400 0.1110842 0.0000000
v 0.5308400 0.0970659 0.0242803
v 0.5308400 0.1199723 0.0375053
v 0.5308400 0.1110842 0.0000000
v 0.5308400 0.1199723 0.0375053
v 0.5308400 0.1199723 0.0000000
v 0.5308400 0.1199723 0.0000000
v 0.5308400 0.1199723 0.0375053
v 0.5308400 0.1428788 0.0242803
v 0.5308400 0.1199723 0.0000000
v 0.5308400 0.1428788 0.0242803
v 0.5308400 0.1288605 0.0000000
v 0.5308400 0.1288605 0.0000000
v 0.5308400 0.1428788 0.0242803
v 0.5308400 0.1428788 0.0000000
v 0.5520000 0.1428788 0.9757197
v 0.5308400 0.1428788 0.9757197
v 0.5308400 0.1428788 1.0000000
v 0.5520000 0.1428788 0.9757197
v 0.5308400 0.1428788 1.0000000
v 0.5325758 0.1428788 1.0000000
v 0.5520000 0.1428788 0.9757197
v 0.5325758 0.1428788 1.0000000
v 0.5520000 0.1428788 1.0000000
v 0.5520000 0.1199723 0.9624947
v 0.5308400 0.1199723 0.9624947
v 0.5308400 0.1428788 0.9757197
v 0.5520000 0.1199723 0.9624947
v 0.5308400 0.1428788 0.9757197
v 0.5520000 0.1428788 0.9757197
v 0.5520000 0.1199723 0.9624947
v 0.5520000 0.0970659 0.9757197
v 0.5308400 0.0970659 0.9757197
v 0.5520000 0.1199723 0.9624947
v 0.5308400 0.0970659 0.9757197
v 0.5308400 0.1199723 0.9624947
v 0.5520000 0.0970659 0.9757197
v 0.5520000 0.0970659 1.0000000
v 0.5325758 0.0970659 1.0000000
v 0.5520000 0.0970659 0.9757197
v 0.5325758 0.0970659 1.0000000
v 0.5308400 0.0970659 1.0000000
v 0.5520000 0.0970659 0.9757197
v 0.5308400 0.0970659 1.0000000
v 0.5308400 0.0970659 0.9757197
v 0.5520000 0.1199723 0.9624947
v 0.5520000 0.1428788 0.9757197
v 0.5520000 0.1428788 1.0000000
v 0.5520000 0.1199723 0.9624947
v 0.5520000 0.1428788 1.0000000
v 0.5520000 0.1416261 1.0000000
v 0.5520000 0.1199723 0.9624947
v 0.5520000 0.1416261 1.0000000
v 0.5520000 0.1199723 1.0000000
v 0.5520000 0.1199723 0.9624947
v 0.5520000 0.1199723 1.0000000
v 0.5520000 0.0983186 1.0000000
v 0.5520000 0.1199723 0.9624947
v 0.5520000 0.0983186 1.0000000
v 0.5520000 0.0970659 1.0000000
v 0.5520000 0.1199723 0.9624947
v 0.5520000 0.0970659 1.0000000
v 0.5520000 0.0970659 0.9757197
v 0.5308400 0.1199723 0.9624947
v 0.5308400 0.0970659 0.9757197
v 0.5308400 0.0970659 1.0000000
v 0.5308400 0.1199723 0.9624947
v 0.5308400 0.0970659 1.0000000
v 0.5308400 0.0983186 1.0000000
v 0.5308400 0.1199723 0.9624947
v 0.5308400 0.0983186 1.0000000
v 0.5308400 0.1199723 1.0000000
v 0.5308400 0.1199723 0.9624947
v 0.5308400 0.1199723 1.0000000
v 0.5308400 0.1416261 1.0000000
v 0.5308400 0.1199723 0.9624947
v 0.5308400 0.1416261 1.0000000
v 0.5308400 0.1428788 1.0000000
v 0.5308400 0.1199723 0.9624947
v 0.5308400 0.1428788 1.0000000
v 0.5308400 0.1428788 0.9757197
v 0.7245001 0.9946750 0.5184000
v 0.7291000 0.9900750 0.5184000
v 0.7291000 0.9946750 0.5230000
v 0.7245001 0.9946750 0.4816000
v 0.7291000 0.9946750 0.4770000
v 0.7291000 0.9900750 0.4816000
v 0.7291000 0.9946750 0.5230000
v 0.7291000 0.9900750 0.5184000
v 1.0000000 0.9900750 0.5184000
v 0.7291000 0.9946750 0.5230000
v 1.0000000 0.9900750 0.5184000
v 1.0000000 0.9937261 0.5220511
v 0.7291000 0.9946750 0.5230000
v 1.0000000 0.9937261 0.5220511
v 1.0000000 0.9946750 0.5230000
v 0.7245001 0.9946750 0.5184000
v 0.7245001 0.9946750 0.4816000
v 0.7291000 0.9900750 0.4816000
v 0.7245001 0.9946750 0.5184000
v 0.7291000 0.9900750 0.4816000
v 0.7291000 0.9900750 0.5184000
v 0.7291000 0.9900750 0.4816000
v 0.7291000 0.9946750 0.4770000
v 1.0000000 0.9946750 0.4770000
v 0.7291000 0.9900750 0.4816000
v 1.0000000 0.9946750 0.4770000
v 1.0000000 0.9910239 0.4806511
v 0.7291000 0.9900750 0.4816000
v 1.0000000 0.9910239 0.4806511
v 1.0000000 0.9900750 0.4816000
v 0.7245001 0.9946750 0.5184000
v 0.7291000 0.9946750 0.5230000
v 0.7291000 1.0000000 0.5230000
v 0.7245001 0.9946750 0.5184000
v 0.7291000 1.0000000 0.5230000
v 0.7248180 1.0000000 0.5187179
v 0.7245001 0.9946750 0.5184000
v 0.7248180 1.0000000 0.5187179
v 0.7245001 1.0000000 0.5184000
v 0.7245001 0.9946750 0.4816000
v 0.7245001 1.0000000 0.4816000
v 0.7248180 1.0000000 0.4812821
v 0.7245001 0.9946750 0.4816000
v 0.7248180 1.0000000 0.4812821
v 0.7291000 1.0000000 0.4770000
v 0.7245001 0.9946750 0.4816000
v 0.7291000 1.0000000 0.4770000
v 0.7291000 0.9946750 0.4770000
v 0.7291000 0.9946750 0.5230000
v 1.0000000 0.9946750 0.5230000
v 1.0000000 1.0000000 0.5230000
v 0.7291000 0.9946750 0.5230000
v 1.0000000 1.0000000 0.5230000
v 0.8198633 1.0000000 0.5230000
v 0.7291000 0.9946750 0.5230000
v 0.8198633 1.0000000 0.5230000
v 0.7291000 1.0000000 0.5230000
v 0.7291000 0.9900750 0.5184000
v 0.7291000 0.9900750 0.4816000
v 1.0000000 0.9900750 0.4816000
v 0.7291000 0.9900750 0.5184000
v 1.0000000 0.9900750 0.4816000
v 1.0000000 0.9900750 0.5108091
v 0.7291000 0.9900750 0.5184000
v 1.0000000 0.9900750 0.5108091
v 1.0000000 0.9900750 0.5184000
v 0.7245001 0.9946750 0.5184000
v 0.7245001 1.0000000 0.5184000
v 0.7245001 1.0000000 0.5158567
v 0.7245001 0.9946750 0.5184000
v 0.7245001 1.0000000 0.5158567
v 0.7245001 1.0000000 0.4816000
v 0.7245001 0.9946750 0.5184000
v 0.7245001 1.0000000 0.4816000
v 0.7245001 0.9946750 0.4816000
v 0.7291000 0.9946750 0.4770000
v 0.7291000 1.0000000 0.4770000
v 0.8198633 1.0000000 0.4770000
v 0.7291000 0.9946750 0.4770000
v 0.8198633 1.0000000 0.4770000
v 1.0000000 1.0000000 0.4770000
v 0.7291000 0.9946750 0.4770000
v 1.0000000 1.0000000 0.4770000
v 1.0000000 0.9946750 0.4770000
v 0.7245001 0.9674623 0.3097859
v 0.7291000 0.9630874 0.3112074
v 0.7291000 0.9688838 0.3141608
v 0.7245001 0.9560905 0.2747871
v 0.7291000 0.9546690 0.2704122
v 0.7291000 0.9517156 0.2762085
v 0.7291000 0.9688838 0.3141608
v 0.7291000 0.9630874 0.3112074
v 1.0000000 0.9630874 0.3112074
v 0.7291000 0.9688838 0.3141608
v 1.0000000 0.9630874 0.3112074
v 1.0000000 0.9676882 0.3135516
v 0.7291000 0.9688838 0.3141608
v 1.0000000 0.9676882 0.3135516
v 1.0000000 0.9688838 0.3141608
v 0.7245001 0.9674623 0.3097859
v 0.7245001 0.9560905 0.2747871
v 0.7291000 0.9517156 0.2762085
v 0.7245001 0.9674623 0.3097859
v 0.7291000 0.9517156 0.2762085
v 0.7291000 0.9630874 0.3112074
v 0.7291000 0.9517156 0.2762085
v 0.7291000 0.9546690 0.2704122
v 1.0000000 0.9546690 0.2704122
v 0.7291000 0.9517156 0.2762085
v 1.0000000 0.9546690 0.2704122
v 1.0000000 0.9523248 0.2750129
v 0.7291000 0.9517156 0.2762085
v 1.0000000 0.9523248 0.2750129
v 1.0000000 0.9517156 0.2762085
v 0.7245001 0.9674623 0.3097859
v 0.7291000 0.9688838 0.3141608
v 0.7291000 1.0000000 0.3040505
v 0.7245001 0.9674623 0.3097859
v 0.7291000 1.0000000 0.3040505
v 0.7265037 1.0000000 0.3013205
v 0.7245001 0.9674623 0.3097859
v 0.7265037 1.0000000 0.3013205
v 0.7245001 1.0000000 0.2992138
v 0.7245001 0.9560905 0.2747871
v 0.7245001 1.0000000 0.2605200
v 0.7273109 1.0000000 0.2575644
v 0.7245001 0.9560905 0.2747871
v 0.7273109 1.0000000 0.2575644
v 0.7291000 1.0000000 0.2556832
v 0.7245001 0.9560905 0.2747871
v 0.7291000 1.0000000 0.2556832
v 0.7291000 0.9546690 0.2704122
v 0.7291000 0.9688838 0.3141608
v 1.0000000 0.9688838 0.3141608
v 1.0000000 0.9839994 0.3092495
v 0.7291000 0.9688838 0.3141608
v 1.0000000 0.9839994 0.3092495
v 1.0000000 1.0000000 0.3040505
v 0.7291000 0.9688838 0.3141608
v 1.0000000 1.0000000 0.3040505
v 0.7291000 1.0000000 0.3040505
v 0.7291000 0.9630874 0.3112074
v 0.7291000 0.9517156 0.2762085
v 1.0000000 0.9517156 0.2762085
v 0.7291000 0.9630874 0.3112074
v 1.0000000 0.9517156 0.2762085
v 1.0000000 0.9607417 0.3039880
v 0.7291000 0.9630874 0.3112074
v 1.0000000 0.9607417 0.3039880
v 1.0000000 0.9630874 0.3112074
v 0.7245001 0.9674623 0.3097859
v 0.7245001 1.0000000 0.2992138
v 0.7245001 1.0000000 0.2788767
v 0.7245001 0.9674623 0.3097859
v 0.7245001 1.0000000 0.2788767
v 0.7245001 1.0000000 0.2605200
v 0.7245001 0.9674623 0.3097859
v 0.7245001 1.0000000 0.2605200
v 0.7245001 0.9560905 0.2747871
v 0.7291000 0.9546690 0.2704122
v 0.7291000 1.0000000 0.2556832
v 1.0000000 1.0000000 0.2556832
v 0.7291000 0.9546690 0.2704122
v 1.0000000 1.0000000 0.2556832
v 1.0000000 0.9697846 0.2655009
v 0.7291000 0.9546690 0.2704122
v 1.0000000 0.9697846 0.2655009
v 1.0000000 0.9546690 0.2704122
v 0.7245001 0.8771163 0.1197914
v 0.7291000 0.8733948 0.1224952
v 0.7291000 0.8798201 0.1235128
v 0.7245001 0.8554858 0.0900196
v 0.7291000 0.8527820 0.0862980
v 0.7291000 0.8517643 0.0927233
v 0.7245001 0.9394511 0.0745025
v 0.7291000 0.9421549 0.0782240
v 0.7291000 0.9431726 0.0717987
v 0.7245001 0.9178206 0.0447307
v 0.7291000 0.9215420 0.0420269
v 0.7291000 0.9151168 0.0410092
v 0.7291000 0.8798201 0.1235128
v 0.7291000 0.8733948 0.1224952
v 1.0000000 0.8733948 0.1224952
v 0.7291000 0.8798201 0.1235128
v 1.0000000 0.8733948 0.1224952
v 1.0000000 0.8784947 0.1233029
v 0.7291000 0.8798201 0.1235128
v 1.0000000 0.8784947 0.1233029
v 1.0000000 0.8798201 0.1235128
v 0.7245001 0.8771163 0.1197914
v 0.7245001 0.8554858 0.0900196
v 0.7291000 0.8517643 0.0927233
v 0.7245001 0.8771163 0.1197914
v 0.7291000 0.8517643 0.0927233
v 0.7291000 0.8733948 0.1224952
v 0.7291000 0.8517643 0.0927233
v 0.7291000 0.8527820 0.0862980
v 1.0000000 0.8527820 0.0862980
v 0.7291000 0.8517643 0.0927233
v 1.0000000 0.8527820 0.0862980
v 1.0000000 0.8519742 0.0913979
v 0.7291000 0.8517643 0.0927233
v 1.0000000 0.8519742 0.0913979
v 1.0000000 0.8517643 0.0927233
v 0.7245001 0.9394511 0.0745025
v 0.7291000 0.9431726 0.0717987
v 0.7291000 0.9215420 0.0420269
v 0.7245001 0.9394511 0.0745025
v 0.7291000 0.9215420 0.0420269
v 0.7245001 0.9178206 0.0447307
v 0.7291000 0.9421549 0.0782240
v 1.0000000 0.9421549 0.0782240
v 1.0000000 0.9423648 0.0768986
v 0.7291000 0.9421549 0.0782240
v 1.0000000 0.9423648 0.0768986
v 1.0000000 0.9431726 0.0717987
v 0.7291000 0.9421549 0.0782240
v 1.0000000 0.9431726 0.0717987
v 0.7291000 0.9431726 0.0717987
v 0.7291000 0.9215420 0.0420269
v 1.0000000 0.9215420 0.0420269
v 1.0000000 0.9202166 0.0418170
v 0.7291000 0.9215420 0.0420269
v 1.0000000 0.9202166 0.0418170
v 1.0000000 0.9151168 0.0410092
v 0.7291000 0.9215420 0.0420269
v 1.0000000 0.9151168 0.0410092
v 0.7291000 0.9151168 0.0410092
v 0.7245001 0.8771163 0.1197914
v 0.7291000 0.8798201 0.1235128
v 0.7291000 0.9421549 0.0782240
v 0.7245001 0.8771163 0.1197914
v 0.7291000 0.9421549 0.0782240
v 0.7245001 0.9394511 0.0745025
v 0.7245001 0.8554858 0.0900196
v 0.7245001 0.9178206 0.0447307
v 0.7291000 0.9151168 0.0410092
v 0.7245001 0.8554858 0.0900196
v 0.7291000 0.9151168 0.0410092
v 0.7291000 0.8527820 0.0862980
v 0.7291000 0.8798201 0.1235128
v 1.0000000 0.8798201 0.1235128
v 1.0000000 0.8926782 0.1141709
v 0.7291000 0.8798201 0.1235128
v 1.0000000 0.8926782 0.1141709
v 1.0000000 0.9421549 0.0782240
v 0.7291000 0.8798201 0.1235128
v 1.0000000 0.9421549 0.0782240
v 0.7291000 0.9421549 0.0782240
v 0.7291000 0.8733948 0.1224952
v 0.7291000 0.8517643 0.0927233
v 1.0000000 0.8517643 0.0927233
v 0.7291000 0.8733948 0.1224952
v 1.0000000 0.8517643 0.0927233
v 1.0000000 0.8689330 0.1163540
v 0.7291000 0.8733948 0.1224952
v 1.0000000 0.8689330 0.1163540
v 1.0000000 0.8733948 0.1224952
v 0.7245001 0.8771163 0.1197914
v 0.7245001 0.9394511 0.0745025
v 0.7245001 0.9178206 0.0447307
v 0.7245001 0.8771163 0.1197914
v 0.7245001 0.9178206 0.0447307
v 0.7245001 0.8554858 0.0900196
v 0.7291000 0.8527820 0.0862980
v 0.7291000 0.9151168 0.0410092
v 1.0000000 0.9151168 0.0410092
v 0.7291000 0.8527820 0.0862980
v 1.0000000 0.9151168 0.0410092
v 1.0000000 0.8656401 0.0769561
v 0.7291000 0.8527820 0.0862980
v 1.0000000 0.8656401 0.0769561
v 1.0000000 0.8527820 0.0862980
v 0.7291000 0.9431726 0.0717987
v 1.0000000 0.9431726 0.0717987
v 1.0000000 0.9387108 0.0656575
v 0.7291000 0.9431726 0.0717987
v 1.0000000 0.9387108 0.0656575
v 1.0000000 0.9215420 0.0420269
v 0.7291000 0.9431726 0.0717987
v 1.0000000 0.9215420 0.0420269
v 0.7291000 0.9215420 0.0420269
v 0.7245001 0.8554858 0.9099804
v 0.7291000 0.8517643 0.9072766
v 0.7291000 0.8527820 0.9137019
v 0.7245001 0.8771163 0.8802086
v 0.7291000 0.8798201 0.8764872
v 0.7291000 0.8733948 0.8775048
v 0.7245001 0.9178206 0.9552693
v 0.7291000 0.9151168 0.9589908
v 0.7291000 0.9215420 0.9579731
v 0.7245001 0.9394511 0.9254975
v 0.7291000 0.9431726 0.9282013
v 0.7291000 0.9421549 0.9217760
v 0.7291000 0.8527820 0.9137019
v 0.7291000 0.8517643 0.9072766
v 1.0000000 0.8517643 0.9072766
v 0.7291000 0.8527820 0.9137019
v 1.0000000 0.8517643 0.9072766
v 1.0000000 0.8525721 0.9123765
v 0.7291000 0.8527820 0.9137019
v 1.0000000 0.8525721 0.9123765
v 1.0000000 0.8527820 0.9137019
v 0.7245001 0.8554858 0.9099804
v 0.7245001 0.8771163 0.8802086
v 0.7291000 0.8733948 0.8775048
v 0.7245001 0.8554858 0.9099804
v 0.7291000 0.8733948 0.8775048
v 0.7291000 0.8517643 0.9072766
v 0.7291000 0.8733948 0.8775048
v 0.7291000 0.8798201 0.8764872
v 1.0000000 0.8798201 0.8764872
v 0.7291000 0.8733948 0.8775048
v 1.0000000 0.8798201 0.8764872
v 1.0000000 0.8747202 0.8772949
v 0.7291000 0.8733948 0.8775048
v 1.0000000 0.8747202 0.8772949
v 1.0000000 0.8733948 0.8775048
v 0.7245001 0.9178206 0.9552693
v 0.7291000 0.9215420 0.9579731
v 0.7291000 0.9431726 0.9282013
v 0.7245001 0.9178206 0.9552693
v 0.7291000 0.9431726 0.9282013
v 0.7245001 0.9394511 0.9254975
v 0.7291000 0.9151168 0.9589908
v 1.0000000 0.9151168 0.9589908
v 1.0000000 0.9164422 0.9587809
v 0.7291000 0.9151168 0.9589908
v 1.0000000 0.9164422 0.9587809
v 1.0000000 0.9215420 0.9579731
v 0.7291000 0.9151168 0.9589908
v 1.0000000 0.9215420 0.9579731
v 0.7291000 0.9215420 0.9579731
v 0.7291000 0.9431726 0.9282013
v 1.0000000 0.9431726 0.9282013
v 1.0000000 0.9429627 0.9268759
v 0.7291000 0.9431726 0.9282013
v 1.0000000 0.9429627 0.9268759
v 1.0000000 0.9421549 0.9217760
v 0.7291000 0.9431726 0.9282013
v 1.0000000 0.9421549 0.9217760
v 0.7291000 0.9421549 0.9217760
v 0.7245001 0.8554858 0.9099804
v 0.7291000 0.8527820 0.9137019
v 0.7291000 0.9151168 0.9589908
v 0.7245001 0.8554858 0.9099804
v 0.7291000 0.9151168 0.9589908
v 0.7245001 0.9178206 0.9552693
v 0.7245001 0.8771163 0.8802086
v 0.7245001 0.9394511 0.9254975
v 0.7291000 0.9421549 0.9217760
v 0.7245001 0.8771163 0.8802086
v 0.7291000 0.9421549 0.9217760
v 0.7291000 0.8798201 0.8764872
v 0.7291000 0.8527820 0.9137019
v 1.0000000 0.8527820 0.9137019
v 1.0000000 0.8656401 0.9230438
v 0.7291000 0.8527820 0.9137019
v 1.0000000 0.8656401 0.9230438
v 1.0000000 0.9151168 0.9589908
v 0.7291000 0.8527820 0.9137019
v 1.0000000 0.9151168 0.9589908
v 0.7291000 0.9151168 0.9589908
v 0.7291000 0.8517643 0.9072766
v 0.7291000 0.8733948 0.8775048
v 1.0000000 0.8733948 0.8775048
v 0.7291000 0.8517643 0.9072766
v 1.0000000 0.8733948 0.8775048
v 1.0000000 0.8562261 0.9011354
v 0.7291000 0.8517643 0.9072766
v 1.0000000 0.8562261 0.9011354
v 1.0000000 0.8517643 0.9072766
v 0.7245001 0.8554858 0.9099804
v 0.7245001 0.9178206 0.9552693
v 0.7245001 0.9394511 0.9254975
v 0.7245001 0.8554858 0.9099804
v 0.7245001 0.9394511 0.9254975
v 0.7245001 0.8771163 0.8802086
v 0.7291000 0.8798201 0.8764872
v 0.7291000 0.9421549 0.9217760
v 1.0000000 0.9421549 0.9217760
v 0.7291000 0.8798201 0.8764872
v 1.0000000 0.9421549 0.9217760
v 1.0000000 0.8926782 0.8858291
v 0.7291000 0.8798201 0.8764872
v 1.0000000 0.8926782 0.8858291
v 1.0000000 0.8798201 0.8764872
v 0.7291000 0.9215420 0.9579731
v 1.0000000 0.9215420 0.9579731
v 1.0000000 0.9260038 0.9518319
v 0.7291000 0.9215420 0.9579731
v 1.0000000 0.9260038 0.9518319
v 1.0000000 0.9431726 0.9282013
v 0.7291000 0.9215420 0.9579731
v 1.0000000 0.9431726 0.9282013
v 0.7291000 0.9431726 0.9282013
v 0.7245001 0.9560905 0.7252129
v 0.7291000 0.9517156 0.7237915
v 0.7291000 0.9546690 0.7295878
v 0.7245001 0.9674623 0.6902141
v 0.7291000 0.9688838 0.6858392
v 0.7291000 0.9630874 0.6887926
v 0.7291000 0.9546690 0.7295878
v 0.7291000 0.9517156 0.7237915
v 1.0000000 0.9517156 0.7237915
v 0.7291000 0.9546690 0.7295878
v 1.0000000 0.9517156 0.7237915
v 1.0000000 0.9540598 0.7283922
v 0.7291000 0.9546690 0.7295878
v 1.0000000 0.9540598 0.7283922
v 1.0000000 0.9546690 0.7295878
v 0.7245001 0.9560905 0.7252129
v 0.7245001 0.9674623 0.6902141
v 0.7291000 0.9630874 0.6887926
v 0.7245001 0.9560905 0.7252129
v 0.7291000 0.9630874 0.6887926
v 0.7291000 0.9517156 0.7237915
v 0.7291000 0.9630874 0.6887926
v 0.7291000 0.9688838 0.6858392
v 1.0000000 0.9688838 0.6858392
v 0.7291000 0.9630874 0.6887926
v 1.0000000 0.9688838 0.6858392
v 1.0000000 0.9642830 0.6881834
v 0.7291000 0.9630874 0.6887926
v 1.0000000 0.9642830 0.6881834
v 1.0000000 0.9630874 0.6887926
v 0.7245001 0.9560905 0.7252129
v 0.7291000 0.9546690 0.7295878
v 0.7291000 1.0000000 0.7443168
v 0.7245001 0.9560905 0.7252129
v 0.7291000 1.0000000 0.7443168
v 0.7273109 1.0000000 0.7424356
v 0.7245001 0.9560905 0.7252129
v 0.7273109 1.0000000 0.7424356
v 0.7245001 1.0000000 0.7394800
v 0.7245001 0.9674623 0.6902141
v 0.7245001 1.0000000 0.7007862
v 0.7265037 1.0000000 0.6986795
v 0.7245001 0.9674623 0.6902141
v 0.7265037 1.0000000 0.6986795
v 0.7291000 1.0000000 0.6959495
v 0.7245001 0.9674623 0.6902141
v 0.7291000 1.0000000 0.6959495
v 0.7291000 0.9688838 0.6858392
v 0.7291000 0.9546690 0.7295878
v 1.0000000 0.9546690 0.7295878
v 1.0000000 0.9697846 0.7344991
v 0.7291000 0.9546690 0.7295878
v 1.0000000 0.9697846 0.7344991
v 1.0000000 1.0000000 0.7443168
v 0.7291000 0.9546690 0.7295878
v 1.0000000 1.0000000 0.7443168
v 0.7291000 1.0000000 0.7443168
v 0.7291000 0.9517156 0.7237915
v 0.7291000 0.9630874 0.6887926
v 1.0000000 0.9630874 0.6887926
v 0.7291000 0.9517156 0.7237915
v 1.0000000 0.9630874 0.6887926
v 1.0000000 0.9540613 0.7165721
v 0.7291000 0.9517156 0.7237915
v 1.0000000 0.9540613 0.7165721
v 1.0000000 0.9517156 0.7237915
v 0.7245001 0.9560905 0.7252129
v 0.7245001 1.0000000 0.7394800
v 0.7245001 1.0000000 0.7194090
v 0.7245001 0.9560905 0.7252129
v 0.7245001 1.0000000 0.7194090
v 0.7245001 1.0000000 0.7007862
v 0.7245001 0.9560905 0.7252129
v 0.7245001 1.0000000 0.7007862
v 0.7245001 0.9674623 0.6902141
v 0.7291000 0.9688838 0.6858392
v 0.7291000 1.0000000 0.6959495
v 1.0000000 1.0000000 0.6959495
v 0.7291000 0.9688838 0.6858392
v 1.0000000 1.0000000 0.6959495
v 1.0000000 0.9839994 0.6907505
v 0.7291000 0.9688838 0.6858392
v 1.0000000 0.9839994 0.6907505
v 1.0000000 0.9688838 0.6858392
v 0.8757250 0.9952500 0.5402500
v 0.8757250 0.9952500 0.4597500
v 0.8996045 1.0000000 0.4597500
v 0.8757250 0.9952500 0.5402500
v 0.8996045 1.0000000 0.4597500
v 0.8996045 1.0000000 0.4965700
v 0.8757250 0.9952500 0.5402500
v 0.8996045 1.0000000 0.4965700
v 0.8996045 1.0000000 0.5402500
v 0.8518455 1.0000000 0.4597500
v 0.8757250 0.9952500 0.4597500
v 0.8518455 1.0000000 0.5034300
v 0.8518455 1.0000000 0.5034300
v 0.8757250 0.9952500 0.4597500
v 0.8757250 0.9952500 0.5402500
v 0.8518455 1.0000000 0.5034300
v 0.8757250 0.9952500 0.5402500
v 0.8518455 1.0000000 0.5402500
v 0.8757250 0.9952500 0.4597500
v 0.8757250 1.0000000 0.4597500
v 0.8779137 1.0000000 0.4597500
v 0.8757250 0.9952500 0.4597500
v 0.8779137 1.0000000 0.4597500
v 0.8996045 1.0000000 0.4597500
v 0.8757250 1.0000000 0.4597500
v 0.8757250 0.9952500 0.4597500
v 0.8518455 1.0000000 0.4597500
v 0.8757250 0.9952500 0.5402500
v 0.8996045 1.0000000 0.5402500
v 0.8779137 1.0000000 0.5402500
v 0.8757250 0.9952500 0.5402500
v 0.8779137 1.0000000 0.5402500
v 0.8757250 1.0000000 0.5402500
v 0.8518455 1.0000000 0.5402500
v 0.8757250 0.9952500 0.5402500
v 0.8757250 1.0000000 0.5402500
v 0.2587500 0.3505974 0.3951391
v 0.4945000 0.3505974 0.3951391
v 0.4945000 0.3225000 0.3914400
v 0.2587500 0.3505974 0.3951391
v 0.4945000 0.3225000 0.3914400
v 0.2587500 0.3225000 0.3914400
v 0.2587500 0.3767799 0.4059843
v 0.4945000 0.3767799 0.4059843
v 0.4945000 0.3505974 0.3951391
v 0.2587500 0.3767799 0.4059843
v 0.4945000 0.3505974 0.3951391
v 0.2587500 0.3505974 0.3951391
v 0.2587500 0.3992635 0.4232365
v 0.4945000 0.3992635 0.4232365
v 0.4945000 0.3767799 0.4059843
v 0.2587500 0.3992635 0.4232365
v 0.4945000 0.3767799 0.4059843
v 0.2587500 0.3767799 0.4059843
v 0.2587500 0.4165156 0.4457200
v 0.4945000 0.4165156 0.4457200
v 0.4945000 0.3992635 0.4232365
v 0.2587500 0.4165156 0.4457200
v 0.4945000 0.3992635 0.4232365
v 0.2587500 0.3992635 0.4232365
v 0.2587500 0.4273609 0.4719026
v 0.4945000 0.4273609 0.4719026
v 0.4945000 0.4165156 0.4457200
v 0.2587500 0.4273609 0.4719026
v 0.4945000 0.4165156 0.4457200
v 0.2587500 0.4165156 0.4457200
v 0.2587500 0.4310600 0.5000000
v 0.4945000 0.4310600 0.5000000
v 0.4945000 0.4273609 0.4719026
v 0.2587500 0.4310600 0.5000000
v 0.4945000 0.4273609 0.4719026
v 0.2587500 0.4273609 0.4719026
v 0.2587500 0.4273609 0.5280974
v 0.4945000 0.4273609 0.5280974
v 0.4945000 0.4310600 0.5000000
v 0.2587500 0.4273609 0.5280974
v 0.4945000 0.4310600 0.5000000
v 0.2587500 0.4310600 0.5000000
v 0.2587500 0.4165156 0.5542800
v 0.4945000 0.4165156 0.5542800
v 0.4945000 0.4273609 0.5280974
v 0.2587500 0.4165156 0.5542800
v 0.4945000 0.4273609 0.5280974
v 0.2587500 0.4273609 0.5280974
v 0.2587500 0.3992635 0.5767635
v 0.4945000 0.3992635 0.5767635
v 0.4945000 0.4165156 0.5542800
v 0.2587500 0.3992635 0.5767635
v 0.4945000 0.4165156 0.5542800
v 0.2587500 0.4165156 0.5542800
v 0.2587500 0.3767799 0.5940157
v 0.4945000 0.3767799 0.5940157
v 0.4945000 0.3992635 0.5767635
v 0.2587500 0.3767799 0.5940157
v 0.4945000 0.3992635 0.5767635
v 0.2587500 0.3992635 0.5767635
v 0.2587500 0.3505974 0.6048609
v 0.4945000 0.3505974 0.6048609
v 0.4945000 0.3767799 0.5940157
v 0.2587500 0.3505974 0.6048609
v 0.4945000 0.3767799 0.5940157
v 0.2587500 0.3767799 0.5940157
v 0.2587500 0.3225000 0.6085600
v 0.4945000 0.3225000 0.6085600
v 0.4945000 0.3505974 0.6048609
v 0.2587500 0.3225000 0.6085600
v 0.4945000 0.3505974 0.6048609
v 0.2587500 0.3505974 0.6048609
v 0.2587500 0.3225000 0.6085600
v 0.2587500 0.2944025 0.6048609
v 0.4945000 0.2944025 0.6048609
v 0.2587500 0.3225000 0.6085600
v 0.4945000 0.2944025 0.6048609
v 0.4945000 0.3225000 0.6085600
v 0.2587500 0.2944025 0.6048609
v 0.2587500 0.2682199 0.5940157
v 0.4945000 0.2682199 0.5940157
v 0.2587500 0.2944025 0.6048609
v 0.4945000 0.2682199 0.5940157
v 0.4945000 0.2944025 0.6048609
v 0.2587500 0.2682199 0.5940157
v 0.2587500 0.2457365 0.5767635
v 0.4945000 0.2457365 0.5767635
v 0.2587500 0.2682199 0.5940157
v 0.4945000 0.2457365 0.5767635
v 0.4945000 0.2682199 0.5940157
v 0.2587500 0.2457365 0.5767635
v 0.2587500 0.2284843 0.5542800
v 0.4945000 0.2284843 0.5542800
v 0.2587500 0.2457365 0.5767635
v 0.4945000 0.2284843 0.5542800
v 0.4945000 0.2457365 0.5767635
v 0.2587500 0.2284843 0.5542800
v 0.2587500 0.2176390 0.5280974
v 0.4945000 0.2176390 0.5280974
v 0.2587500 0.2284843 0.5542800
v 0.4945000 0.2176390 0.5280974
v 0.4945000 0.2284843 0.5542800
v 0.2587500 0.2176390 0.5280974
v 0.2587500 0.2139399 0.5000000
v 0.4945000 0.2139399 0.5000000
v 0.2587500 0.2176390 0.5280974
v 0.4945000 0.2139399 0.5000000
v 0.4945000 0.2176390 0.5280974
v 0.2587500 0.2139399 0.5000000
v 0.2587500 0.2176390 0.4719026
v 0.4945000 0.2176390 0.4719026
v 0.2587500 0.2139399 0.5000000
v 0.4945000 0.2176390 0.4719026
v 0.4945000 0.2139399 0.5000000
v 0.2587500 0.2176390 0.4719026
v 0.2587500 0.2284843 0.4457200
v 0.4945000 0.2284843 0.4457200
v 0.2587500 0.2176390 0.4719026
v 0.4945000 0.2284843 0.4457200
v 0.4945000 0.2176390 0.4719026
v 0.2587500 0.2284843 0.4457200
v 0.2587500 0.2457365 0.4232365
v 0.4945000 0.2457365 0.4232365
v 0.2587500 0.2284843 0.4457200
v 0.4945000 0.2457365 0.4232365
v 0.4945000 0.2284843 0.4457200
v 0.2587500 0.2457365 0.4232365
v 0.2587500 0.2682199 0.4059843
v 0.4945000 0.2682199 0.4059843
v 0.2587500 0.2457365 0.4232365
v 0.4945000 0.2682199 0.4059843
v 0.4945000 0.2457365 0.4232365
v 0.2587500 0.2682199 0.4059843
v 0.2587500 0.2944025 0.3951391
v 0.4945000 0.2944025 0.3951391
v 0.2587500 0.2682199 0.4059843
v 0.4945000 0.2944025 0.3951391
v 0.4945000 0.2682199 0.4059843
v 0.2587500 0.2944025 0.3951391
v 0.2587500 0.3225000 0.3914400
v 0.4945000 0.3225000 0.3914400
v 0.2587500 0.2944025 0.3951391
v 0.4945000 0.3225000 0.3914400
v 0.4945000 0.2944025 0.3951391
v 0.2587500 0.3225000 0.6085600
v 0.2587500 0.3505974 0.6048609
v 0.2587500 0.3767799 0.5940157
v 0.2587500 0.3225000 0.6085600
v 0.2587500 0.3767799 0.5940157
v 0.2587500 0.3992635 0.5767635
v 0.2587500 0.3225000 0.6085600
v 0.2587500 0.3992635 0.5767635
v 0.2587500 0.4165156 0.5542800
v 0.2587500 0.3225000 0.6085600
v 0.2587500 0.4165156 0.5542800
v 0.2587500 0.4273609 0.5280974
v 0.2587500 0.3225000 0.6085600
v 0.2587500 0.4273609 0.5280974
v 0.2587500 0.4310600 0.5000000
v 0.2587500 0.3225000 0.6085600
v 0.2587500 0.4310600 0.5000000
v 0.2587500 0.4273609 0.4719026
v 0.2587500 0.3225000 0.6085600
v 0.2587500 0.4273609 0.4719026
v 0.2587500 0.4165156 0.4457200
v 0.2587500 0.3225000 0.6085600
v 0.2587500 0.4165156 0.4457200
v 0.2587500 0.3992635 0.4232365
v 0.2587500 0.3225000 0.6085600
v 0.2587500 0.3992635 0.4232365
v 0.2587500 0.3767799 0.4059843
v 0.2587500 0.3225000 0.6085600
v 0.2587500 0.3767799 0.4059843
v 0.2587500 0.3505974 0.3951391
v 0.2587500 0.3225000 0.6085600
v 0.2587500 0.3505974 0.3951391
v 0.2587500 0.3225000 0.3914400
v 0.2587500 0.3225000 0.6085600
v 0.2587500 0.3225000 0.3914400
v 0.2587500 0.2944025 0.3951391
v 0.2587500 0.3225000 0.6085600
v 0.2587500 0.2944025 0.3951391
v 0.2587500 0.2682199 0.4059843
v 0.2587500 0.3225000 0.6085600
v 0.2587500 0.2682199 0.4059843
v 0.2587500 0.2457365 0.4232365
v 0.2587500 0.3225000 0.6085600
v 0.2587500 0.2457365 0.4232365
v 0.2587500 0.2284843 0.4457200
v 0.2587500 0.3225000 0.6085600
v 0.2587500 0.2284843 0.4457200
v 0.2587500 0.2176390 0.4719026
v 0.2587500 0.3225000 0.6085600
v 0.2587500 0.2176390 0.4719026
v 0.2587500 0.2139399 0.5000000
v 0.2587500 0.3225000 0.6085600
v 0.2587500 0.2139399 0.5000000
v 0.2587500 0.2176390 0.5280974
v 0.2587500 0.3225000 0.6085600
v 0.2587500 0.2176390 0.5280974
v 0.2587500 0.2284843 0.5542800
v 0.2587500 0.3225000 0.6085600
v 0.2587500 0.2284843 0.5542800
v 0.2587500 0.2457365 0.5767635
v 0.2587500 0.3225000 0.6085600
v 0.2587500 0.2457365 0.5767635
v 0.2587500 0.2682199 0.5940157
v 0.2587500 0.3225000 0.6085600
v 0.2587500 0.2682199 0.5940157
v 0.2587500 0.2944025 0.6048609
v 0.4945000 0.3225000 0.6085600
v 0.4945000 0.2944025 0.6048609
v 0.4945000 0.2682199 0.5940157
v 0.4945000 0.3225000 0.6085600
v 0.4945000 0.2682199 0.5940157
v 0.4945000 0.2457365 0.5767635
v 0.4945000 0.3225000 0.6085600
v 0.4945000 0.2457365 0.5767635
v 0.4945000 0.2284843 0.5542800
v 0.4945000 0.3225000 0.6085600
v 0.4945000 0.2284843 0.5542800
v 0.4945000 0.2176390 0.5280974
v 0.4945000 0.3225000 0.6085600
v 0.4945000 0.2176390 0.5280974
v 0.4945000 0.2139399 0.5000000
v 0.4945000 0.3225000 0.6085600
v 0.4945000 0.2139399 0.5000000
v 0.4945000 0.2176390 0.4719026
v 0.4945000 0.3225000 0.6085600
v 0.4945000 0.2176390 0.4719026
v 0.4945000 0.2284843 0.4457200
v 0.4945000 0.3225000 0.6085600
v 0.4945000 0.2284843 0.4457200
v 0.4945000 0.2457365 0.4232365
v 0.4945000 0.3225000 0.6085600
v 0.4945000 0.2457365 0.4232365
v 0.4945000 0.2682199 0.4059843
v 0.4945000 0.3225000 0.6085600
v 0.4945000 0.2682199 0.4059843
v 0.4945000 0.2944025 0.3951391
v 0.4945000 0.3225000 0.6085600
v 0.4945000 0.2944025 0.3951391
v 0.4945000 0.3225000 0.3914400
v 0.4945000 0.3225000 0.6085600
v 0.4945000 0.3225000 0.3914400
v 0.4945000 0.3505974 0.3951391
v 0.4945000 0.3225000 0.6085600
v 0.4945000 0.3505974 0.3951391
v 0.4945000 0.3767799 0.4059843
v 0.4945000 0.3225000 0.6085600
v 0.4945000 0.3767799 0.4059843
v 0.4945000 0.3992635 0.4232365
v 0.4945000 0.3225000 0.6085600
v 0.4945000 0.3992635 0.4232365
v 0.4945000 0.4165156 0.4457200
v 0.4945000 0.3225000 0.6085600
v 0.4945000 0.4165156 0.4457200
v 0.4945000 0.4273609 0.4719026
v 0.4945000 0.3225000 0.6085600
v 0.4945000 0.4273609 0.4719026
v 0.4945000 0.4310600 0.5000000
v 0.4945000 0.3225000 0.6085600
v 0.4945000 0.4310600 0.5000000
v 0.4945000 0.4273609 0.5280974
v 0.4945000 0.3225000 0.6085600
v 0.4945000 0.4273609 0.5280974
v 0.4945000 0.4165156 0.5542800
v 0.4945000 0.3225000 0.6085600
v 0.4945000 0.4165156 0.5542800
v 0.4945000 0.3992635 0.5767635
v 0.4945000 0.3225000 0.6085600
v 0.4945000 0.3992635 0.5767635
v 0.4945000 0.3767799 0.5940157
v 0.4945000 0.3225000 0.6085600
v 0.4945000 0.3767799 0.5940157
v 0.4945000 0.3505974 0.6048609
v 0.0000000 0.3476804 0.4060251
v 0.3047500 0.3476804 0.4060251
v 0.3047500 0.3225000 0.4027100
v 0.0000000 0.3476804 0.4060251
v 0.3047500 0.3225000 0.4027100
v 0.0000000 0.3385791 0.4048269
v 0.0000000 0.3385791 0.4048269
v 0.3047500 0.3225000 0.4027100
v 0.0000000 0.3225000 0.4027100
v 0.0000000 0.3711449 0.4157444
v 0.3047500 0.3711449 0.4157444
v 0.3047500 0.3476804 0.4060251
v 0.0000000 0.3711449 0.4157444
v 0.3047500 0.3476804 0.4060251
v 0.0000000 0.3626638 0.4122314
v 0.0000000 0.3626638 0.4122314
v 0.3047500 0.3476804 0.4060251
v 0.0000000 0.3476804 0.4060251
v 0.0000000 0.3912944 0.4312056
v 0.3047500 0.3912944 0.4312056
v 0.3047500 0.3711449 0.4157444
v 0.0000000 0.3912944 0.4312056
v 0.3047500 0.3711449 0.4157444
v 0.0000000 0.3840114 0.4256172
v 0.0000000 0.3840114 0.4256172
v 0.3047500 0.3711449 0.4157444
v 0.0000000 0.3711449 0.4157444
v 0.0000000 0.4067556 0.4513550
v 0.3047500 0.4067556 0.4513550
v 0.3047500 0.3912944 0.4312056
v 0.0000000 0.4067556 0.4513550
v 0.3047500 0.3912944 0.4312056
v 0.0000000 0.4011672 0.4440721
v 0.0000000 0.4011672 0.4440721
v 0.3047500 0.3912944 0.4312056
v 0.0000000 0.3912944 0.4312056
v 0.0000000 0.4164749 0.4748195
v 0.3047500 0.4164749 0.4748195
v 0.3047500 0.4067556 0.4513550
v 0.0000000 0.4164749 0.4748195
v 0.3047500 0.4067556 0.4513550
v 0.0000000 0.4129619 0.4663384
v 0.0000000 0.4129619 0.4663384
v 0.3047500 0.4067556 0.4513550
v 0.0000000 0.4067556 0.4513550
v 0.0000000 0.4197899 0.5000000
v 0.3047500 0.4197899 0.5000000
v 0.3047500 0.4164749 0.4748195
v 0.0000000 0.4197899 0.5000000
v 0.3047500 0.4164749 0.4748195
v 0.0000000 0.4185917 0.4908986
v 0.0000000 0.4185917 0.4908986
v 0.3047500 0.4164749 0.4748195
v 0.0000000 0.4164749 0.4748195
v 0.0000000 0.4164749 0.5251805
v 0.3047500 0.4164749 0.5251805
v 0.3047500 0.4197899 0.5000000
v 0.0000000 0.4164749 0.5251805
v 0.3047500 0.4197899 0.5000000
v 0.0000000 0.4176731 0.5160791
v 0.0000000 0.4176731 0.5160791
v 0.3047500 0.4197899 0.5000000
v 0.0000000 0.4197899 0.5000000
v 0.0000000 0.4067556 0.5486450
v 0.3047500 0.4067556 0.5486450
v 0.3047500 0.4164749 0.5251805
v 0.0000000 0.4067556 0.5486450
v 0.3047500 0.4164749 0.5251805
v 0.0000000 0.4102686 0.5401639
v 0.0000000 0.4102686 0.5401639
v 0.3047500 0.4164749 0.5251805
v 0.0000000 0.4164749 0.5251805
v 0.0000000 0.3912944 0.5687944
v 0.3047500 0.3912944 0.5687944
v 0.3047500 0.4067556 0.5486450
v 0.0000000 0.3912944 0.5687944
v 0.3047500 0.4067556 0.5486450
v 0.0000000 0.3968828 0.5615115
v 0.0000000 0.3968828 0.5615115
v 0.3047500 0.4067556 0.5486450
v 0.0000000 0.4067556 0.5486450
v 0.0000000 0.3711449 0.5842556
v 0.3047500 0.3711449 0.5842556
v 0.3047500 0.3912944 0.5687944
v 0.0000000 0.3711449 0.5842556
v 0.3047500 0.3912944 0.5687944
v 0.0000000 0.3784279 0.5786672
v 0.0000000 0.3784279 0.5786672
v 0.3047500 0.3912944 0.5687944
v 0.0000000 0.3912944 0.5687944
v 0.0000000 0.3476804 0.5939749
v 0.3047500 0.3476804 0.5939749
v 0.3047500 0.3711449 0.5842556
v 0.0000000 0.3476804 0.5939749
v 0.3047500 0.3711449 0.5842556
v 0.0000000 0.3561615 0.5904619
v 0.0000000 0.3561615 0.5904619
v 0.3047500 0.3711449 0.5842556
v 0.0000000 0.3711449 0.5842556
v 0.0000000 0.3225000 0.5972900
v 0.3047500 0.3225000 0.5972900
v 0.3047500 0.3476804 0.5939749
v 0.0000000 0.3225000 0.5972900
v 0.3047500 0.3476804 0.5939749
v 0.0000000 0.3316013 0.5960918
v 0.0000000 0.3316013 0.5960918
v 0.3047500 0.3476804 0.5939749
v 0.0000000 0.3476804 0.5939749
v 0.0000000 0.2973194 0.5939749
v 0.3047500 0.2973194 0.5939749
v 0.0000000 0.3133986 0.5960918
v 0.0000000 0.3133986 0.5960918
v 0.3047500 0.2973194 0.5939749
v 0.3047500 0.3225000 0.5972900
v 0.0000000 0.3133986 0.5960918
v 0.3047500 0.3225000 0.5972900
v 0.0000000 0.3225000 0.5972900
v 0.0000000 0.2738550 0.5842556
v 0.3047500 0.2738550 0.5842556
v 0.0000000 0.2888383 0.5904619
v 0.0000000 0.2888383 0.5904619
v 0.3047500 0.2738550 0.5842556
v 0.3047500 0.2973194 0.5939749
v 0.0000000 0.2888383 0.5904619
v 0.3047500 0.2973194 0.5939749
v 0.0000000 0.2973194 0.5939749
v 0.0000000 0.2537055 0.5687944
v 0.3047500 0.2537055 0.5687944
v 0.0000000 0.2665720 0.5786672
v 0.0000000 0.2665720 0.5786672
v 0.3047500 0.2537055 0.5687944
v 0.3047500 0.2738550 0.5842556
v 0.0000000 0.2665720 0.5786672
v 0.3047500 0.2738550 0.5842556
v 0.0000000 0.2738550 0.5842556
v 0.0000000 0.2382443 0.5486450
v 0.3047500 0.2382443 0.5486450
v 0.0000000 0.2481171 0.5615115
v 0.0000000 0.2481171 0.5615115
v 0.3047500 0.2382443 0.5486450
v 0.3047500 0.2537055 0.5687944
v 0.0000000 0.2481171 0.5615115
v 0.3047500 0.2537055 0.5687944
v 0.0000000 0.2537055 0.5687944
v 0.0000000 0.2285249 0.5251805
v 0.3047500 0.2285249 0.5251805
v 0.0000000 0.2347313 0.5401639
v 0.0000000 0.2347313 0.5401639
v 0.3047500 0.2285249 0.5251805
v 0.3047500 0.2382443 0.5486450
v 0.0000000 0.2347313 0.5401639
v 0.3047500 0.2382443 0.5486450
v 0.0000000 0.2382443 0.5486450
v 0.0000000 0.2252100 0.5000000
v 0.3047500 0.2252100 0.5000000
v 0.0000000 0.2273267 0.5160791
v 0.0000000 0.2273267 0.5160791
v 0.3047500 0.2252100 0.5000000
v 0.3047500 0.2285249 0.5251805
v 0.0000000 0.2273267 0.5160791
v 0.3047500 0.2285249 0.5251805
v 0.0000000 0.2285249 0.5251805
v 0.0000000 0.2285249 0.4748195
v 0.3047500 0.2285249 0.4748195
v 0.0000000 0.2264082 0.4908986
v 0.0000000 0.2264082 0.4908986
v 0.3047500 0.2285249 0.4748195
v 0.3047500 0.2252100 0.5000000
v 0.0000000 0.2264082 0.4908986
v 0.3047500 0.2252100 0.5000000
v 0.0000000 0.2252100 0.5000000
v 0.0000000 0.2382443 0.4513550
v 0.3047500 0.2382443 0.4513550
v 0.0000000 0.2320379 0.4663384
v 0.0000000 0.2320379 0.4663384
v 0.3047500 0.2382443 0.4513550
v 0.3047500 0.2285249 0.4748195
v 0.0000000 0.2320379 0.4663384
v 0.3047500 0.2285249 0.4748195
v 0.0000000 0.2285249 0.4748195
v 0.0000000 0.2537055 0.4312056
v 0.3047500 0.2537055 0.4312056
v 0.0000000 0.2438327 0.4440721
v 0.0000000 0.2438327 0.4440721
v 0.3047500 0.2537055 0.4312056
v 0.3047500 0.2382443 0.4513550
v 0.0000000 0.2438327 0.4440721
v 0.3047500 0.2382443 0.4513550
v 0.0000000 0.2382443 0.4513550
v 0.0000000 0.2738550 0.4157444
v 0.3047500 0.2738550 0.4157444
v 0.0000000 0.2609885 0.4256172
v 0.0000000 0.2609885 0.4256172
v 0.3047500 0.2738550 0.4157444
v 0.3047500 0.2537055 0.4312056
v 0.0000000 0.2609885 0.4256172
v 0.3047500 0.2537055 0.4312056
v 0.0000000 0.2537055 0.4312056
v 0.0000000 0.2973194 0.4060251
v 0.3047500 0.2973194 0.4060251
v 0.0000000 0.2823361 0.4122314
v 0.0000000 0.2823361 0.4122314
v 0.3047500 0.2973194 0.4060251
v 0.3047500 0.2738550 0.4157444
v 0.0000000 0.2823361 0.4122314
v 0.3047500 0.2738550 0.4157444
v 0.0000000 0.2738550 0.4157444
v 0.0000000 0.3225000 0.4027100
v 0.3047500 0.3225000 0.4027100
v 0.0000000 0.3064208 0.4048269
v 0.0000000 0.3064208 0.4048269
v 0.3047500 0.3225000 0.4027100
v 0.3047500 0.2973194 0.4060251
v 0.0000000 0.3064208 0.4048269
v 0.3047500 0.2973194 0.4060251
v 0.0000000 0.2973194 0.4060251
v 0.3047500 0.3225000 0.5972900
v 0.3047500 0.2973194 0.5939749
v 0.3047500 0.2738550 0.5842556
v 0.3047500 0.3225000 0.5972900
v 0.3047500 0.2738550 0.5842556
v 0.3047500 0.2537055 0.5687944
v 0.3047500 0.3225000 0.5972900
v 0.3047500 0.2537055 0.5687944
v 0.3047500 0.2382443 0.5486450
v 0.3047500 0.3225000 0.5972900
v 0.3047500 0.2382443 0.5486450
v 0.3047500 0.2285249 0.5251805
v 0.3047500 0.3225000 0.5972900
v 0.3047500 0.2285249 0.5251805
v 0.3047500 0.2252100 0.5000000
v 0.3047500 0.3225000 0.5972900
v 0.3047500 0.2252100 0.5000000
v 0.3047500 0.2285249 0.4748195
v 0.3047500 0.3225000 0.5972900
v 0.3047500 0.2285249 0.4748195
v 0.3047500 0.2382443 0.4513550
v 0.3047500 0.3225000 0.5972900
v 0.3047500 0.2382443 0.4513550
v 0.3047500 0.2537055 0.4312056
v 0.3047500 0.3225000 0.5972900
v 0.3047500 0.2537055 0.4312056
v 0.3047500 0.2738550 0.4157444
v 0.3047500 0.3225000 0.5972900
v 0.3047500 0.2738550 0.4157444
v 0.3047500 0.2973194 0.4060251
v 0.3047500 0.3225000 0.5972900
v 0.3047500 0.2973194 0.4060251
v 0.3047500 0.3225000 0.4027100
v 0.3047500 0.3225000 0.5972900
v 0.3047500 0.3225000 0.4027100
v 0.3047500 0.3476804 0.4060251
v 0.3047500 0.3225000 0.5972900
v 0.3047500 0.3476804 0.4060251
v 0.3047500 0.3711449 0.4157444
v 0.3047500 0.3225000 0.5972900
v 0.3047500 0.3711449 0.4157444
v 0.3047500 0.3912944 0.4312056
v 0.3047500 0.3225000 0.5972900
v 0.3047500 0.3912944 0.4312056
v 0.3047500 0.4067556 0.4513550
v 0.3047500 0.3225000 0.5972900
v 0.3047500 0.4067556 0.4513550
v 0.3047500 0.4164749 0.4748195
v 0.3047500 0.3225000 0.5972900
v 0.3047500 0.4164749 0.4748195
v 0.3047500 0.4197899 0.5000000
v 0.3047500 0.3225000 0.5972900
v 0.3047500 0.4197899 0.5000000
v 0.3047500 0.4164749 0.5251805
v 0.3047500 0.3225000 0.5972900
v 0.3047500 0.4164749 0.5251805
v 0.3047500 0.4067556 0.5486450
v 0.3047500 0.3225000 0.5972900
v 0.3047500 0.4067556 0.5486450
v 0.3047500 0.3912944 0.5687944
v 0.3047500 0.3225000 0.5972900
v 0.3047500 0.3912944 0.5687944
v 0.3047500 0.3711449 0.5842556
v 0.3047500 0.3225000 0.5972900
v 0.3047500 0.3711449 0.5842556
v 0.3047500 0.3476804 0.5939749
v 0.1408750 0.4017155 0.3087569
v 0.2673750 0.4017155 0.3087569
v 0.2673750 0.3225000 0.2930000
v 0.1408750 0.4017155 0.3087569
v 0.2673750 0.3225000 0.2930000
v 0.1408750 0.3225000 0.2930000
v 0.1408750 0.4688710 0.3536289
v 0.2673750 0.4688710 0.3536289
v 0.2673750 0.4017155 0.3087569
v 0.1408750 0.4688710 0.3536289
v 0.2673750 0.4017155 0.3087569
v 0.1408750 0.4017155 0.3087569
v 0.1408750 0.5137429 0.4207845
v 0.2673750 0.5137429 0.4207845
v 0.2673750 0.4688710 0.3536289
v 0.1408750 0.5137429 0.4207845
v 0.2673750 0.4688710 0.3536289
v 0.1408750 0.4688710 0.3536289
v 0.1408750 0.5294999 0.5000000
v 0.2673750 0.5294999 0.5000000
v 0.2673750 0.5137429 0.4207845
v 0.1408750 0.5294999 0.5000000
v 0.2673750 0.5137429 0.4207845
v 0.1408750 0.5137429 0.4207845
v 0.1408750 0.5137429 0.5792155
v 0.2673750 0.5137429 0.5792155
v 0.2673750 0.5294999 0.5000000
v 0.1408750 0.5137429 0.5792155
v 0.2673750 0.5294999 0.5000000
v 0.1408750 0.5294999 0.5000000
v 0.1408750 0.4688710 0.6463711
v 0.2673750 0.4688710 0.6463711
v 0.2673750 0.5137429 0.5792155
v 0.1408750 0.4688710 0.6463711
v 0.2673750 0.5137429 0.5792155
v 0.1408750 0.5137429 0.5792155
v 0.1408750 0.4017155 0.6912431
v 0.2673750 0.4017155 0.6912431
v 0.2673750 0.4688710 0.6463711
v 0.1408750 0.4017155 0.6912431
v 0.2673750 0.4688710 0.6463711
v 0.1408750 0.4688710 0.6463711
v 0.1408750 0.3225000 0.7070000
v 0.2673750 0.3225000 0.7070000
v 0.2673750 0.4017155 0.6912431
v 0.1408750 0.3225000 0.7070000
v 0.2673750 0.4017155 0.6912431
v 0.1408750 0.4017155 0.6912431
v 0.1408750 0.3225000 0.7070000
v 0.1408750 0.2432845 0.6912431
v 0.2673750 0.2432845 0.6912431
v 0.1408750 0.3225000 0.7070000
v 0.2673750 0.2432845 0.6912431
v 0.2673750 0.3225000 0.7070000
v 0.1408750 0.2432845 0.6912431
v 0.1408750 0.1761289 0.6463711
v 0.2673750 0.1761289 0.6463711
v 0.1408750 0.2432845 0.6912431
v 0.2673750 0.1761289 0.6463711
v 0.2673750 0.2432845 0.6912431
v 0.1408750 0.1761289 0.6463711
v 0.1408750 0.1312568 0.5792155
v 0.2673750 0.1312568 0.5792155
v 0.1408750 0.1761289 0.6463711
v 0.2673750 0.1312568 0.5792155
v 0.2673750 0.1761289 0.6463711
v 0.1408750 0.1312568 0.5792155
v 0.1408750 0.1155000 0.5000000
v 0.2673750 0.1155000 0.5000000
v 0.1408750 0.1312568 0.5792155
v 0.2673750 0.1155000 0.5000000
v 0.2673750 0.1312568 0.5792155
v 0.1408750 0.1155000 0.5000000
v 0.1408750 0.1312568 0.4207845
v 0.2673750 0.1312568 0.4207845
v 0.1408750 0.1155000 0.5000000
v 0.2673750 0.1312568 0.4207845
v 0.2673750 0.1155000 0.5000000
v 0.1408750 0.1312568 0.4207845
v 0.1408750 0.1761289 0.3536289
v 0.2673750 0.1761289 0.3536289
v 0.1408750 0.1312568 0.4207845
v 0.2673750 0.1761289 0.3536289
v 0.2673750 0.1312568 0.4207845
v 0.1408750 0.1761289 0.3536289
v 0.1408750 0.2432845 0.3087569
v 0.2673750 0.2432845 0.3087569
v 0.1408750 0.1761289 0.3536289
v 0.2673750 0.2432845 0.3087569
v 0.2673750 0.1761289 0.3536289
v 0.1408750 0.2432845 0.3087569
v 0.1408750 0.3225000 0.2930000
v 0.2673750 0.3225000 0.2930000
v 0.1408750 0.2432845 0.3087569
v 0.2673750 0.3225000 0.2930000
v 0.2673750 0.2432845 0.3087569
v 0.1408750 0.3225000 0.7070000
v 0.1408750 0.4017155 0.6912431
v 0.1408750 0.4688710 0.6463711
v 0.1408750 0.3225000 0.7070000
v 0.1408750 0.4688710 0.6463711
v 0.1408750 0.5137429 0.5792155
v 0.1408750 0.3225000 0.7070000
v 0.1408750 0.5137429 0.5792155
v 0.1408750 0.5294999 0.5000000
v 0.1408750 0.3225000 0.7070000
v 0.1408750 0.5294999 0.5000000
v 0.1408750 0.5137429 0.4207845
v 0.1408750 0.3225000 0.7070000
v 0.1408750 0.5137429 0.4207845
v 0.1408750 0.4688710 0.3536289
v 0.1408750 0.3225000 0.7070000
v 0.1408750 0.4688710 0.3536289
v 0.1408750 0.4017155 0.3087569
v 0.1408750 0.3225000 0.7070000
v 0.1408750 0.4017155 0.3087569
v 0.1408750 0.3225000 0.2930000
v 0.1408750 0.3225000 0.7070000
v 0.1408750 0.3225000 0.2930000
v 0.1408750 0.2432845 0.3087569
v 0.1408750 0.3225000 0.7070000
v 0.1408750 0.2432845 0.3087569
v 0.1408750 0.1761289 0.3536289
v 0.1408750 0.3225000 0.7070000
v 0.1408750 0.1761289 0.3536289
v 0.1408750 0.1312568 0.4207845
v 0.1408750 0.3225000 0.7070000
v 0.1408750 0.1312568 0.4207845
v 0.1408750 0.1155000 0.5000000
v 0.1408750 0.3225000 0.7070000
v 0.1408750 0.1155000 0.5000000
v 0.1408750 0.1312568 0.5792155
v 0.1408750 0.3225000 0.7070000
v 0.1408750 0.1312568 0.5792155
v 0.1408750 0.1761289 0.6463711
v 0.1408750 0.3225000 0.7070000
v 0.1408750 0.1761289 0.6463711
v 0.1408750 0.2432845 0.6912431
v 0.2673750 0.3225000 0.7070000
v 0.2673750 0.2432845 0.6912431
v 0.2673750 0.1761289 0.6463711
v 0.2673750 0.3225000 0.7070000
v 0.2673750 0.1761289 0.6463711
v 0.2673750 0.1312568 0.5792155
v 0.2673750 0.3225000 0.7070000
v 0.2673750 0.1312568 0.5792155
v 0.2673750 0.1155000 0.5000000
v 0.2673750 0.3225000 0.7070000
v 0.2673750 0.1155000 0.5000000
v 0.2673750 0.1312568 0.4207845
v 0.2673750 0.3225000 0.7070000
v 0.2673750 0.1312568 0.4207845
v 0.2673750 0.1761289 0.3536289
v 0.2673750 0.3225000 0.7070000
v 0.2673750 0.1761289 0.3536289
v 0.2673750 0.2432845 0.3087569
v 0.2673750 0.3225000 0.7070000
v 0.2673750 0.2432845 0.3087569
v 0.2673750 0.3225000 0.2930000
v 0.2673750 0.3225000 0.7070000
v 0.2673750 0.3225000 0.2930000
v 0.2673750 0.4017155 0.3087569
v 0.2673750 0.3225000 0.7070000
v 0.2673750 0.4017155 0.3087569
v 0.2673750 0.4688710 0.3536289
v 0.2673750 0.3225000 0.7070000
v 0.2673750 0.4688710 0.3536289
v 0.2673750 0.5137429 0.4207845
v 0.2673750 0.3225000 0.7070000
v 0.2673750 0.5137429 0.4207845
v 0.2673750 0.5294999 0.5000000
v 0.2673750 0.3225000 0.7070000
v 0.2673750 0.5294999 0.5000000
v 0.2673750 0.5137429 0.5792155
v 0.2673750 0.3225000 0.7070000
v 0.2673750 0.5137429 0.5792155
v 0.2673750 0.4688710 0.6463711
v 0.2673750 0.3225000 0.7070000
v 0.2673750 0.4688710 0.6463711
v 0.2673750 0.4017155 0.6912431
v 0.1374250 0.4148685 0.6369871
v 0.1190250 0.4148685 0.6369871
v 0.1190250 0.3949499 0.6484871
v 0.1374250 0.4148685 0.6369871
v 0.1190250 0.3949499 0.6484871
v 0.1374250 0.3949499 0.6484871
v 0.1374250 0.4148685 0.6139871
v 0.1190250 0.4148685 0.6139871
v 0.1190250 0.4148685 0.6369871
v 0.1374250 0.4148685 0.6139871
v 0.1190250 0.4148685 0.6369871
v 0.1374250 0.4148685 0.6369871
v 0.1374250 0.3949499 0.6024871
v 0.1190250 0.3949499 0.6024871
v 0.1190250 0.4148685 0.6139871
v 0.1374250 0.3949499 0.6024871
v 0.1190250 0.4148685 0.6139871
v 0.1374250 0.4148685 0.6139871
v 0.1374250 0.3949499 0.6024871
v 0.1374250 0.3750314 0.6139871
v 0.1190250 0.3750314 0.6139871
v 0.1374250 0.3949499 0.6024871
v 0.1190250 0.3750314 0.6139871
v 0.1190250 0.3949499 0.6024871
v 0.1374250 0.3750314 0.6139871
v 0.1374250 0.3750314 0.6369871
v 0.1190250 0.3750314 0.6369871
v 0.1374250 0.3750314 0.6139871
v 0.1190250 0.3750314 0.6369871
v 0.1190250 0.3750314 0.6139871
v 0.1374250 0.3750314 0.6369871
v 0.1374250 0.3949499 0.6484871
v 0.1190250 0.3949499 0.6484871
v 0.1374250 0.3750314 0.6369871
v 0.1190250 0.3949499 0.6484871
v 0.1190250 0.3750314 0.6369871
v 0.1374250 0.3949499 0.6024871
v 0.1374250 0.4148685 0.6139871
v 0.1374250 0.4148685 0.6369871
v 0.1374250 0.3949499 0.6024871
v 0.1374250 0.4148685 0.6369871
v 0.1374250 0.3949499 0.6484871
v 0.1374250 0.3949499 0.6024871
v 0.1374250 0.3949499 0.6484871
v 0.1374250 0.3750314 0.6369871
v 0.1374250 0.3949499 0.6024871
v 0.1374250 0.3750314 0.6369871
v 0.1374250 0.3750314 0.6139871
v 0.1190250 0.3949499 0.6024871
v 0.1190250 0.3750314 0.6139871
v 0.1190250 0.3750314 0.6369871
v 0.1190250 0.3949499 0.6024871
v 0.1190250 0.3750314 0.6369871
v 0.1190250 0.3949499 0.6484871
v 0.1190250 0.3949499 0.6024871
v 0.1190250 0.3949499 0.6484871
v 0.1190250 0.4148685 0.6369871
v 0.1190250 0.3949499 0.6024871
v 0.1190250 0.4148685 0.6369871
v 0.1190250 0.4148685 0.6139871
v 0.1374250 0.4873185 0.5115000
v 0.1190250 0.4873185 0.5115000
v 0.1190250 0.4674000 0.5230000
v 0.1374250 0.4873185 0.5115000
v 0.1190250 0.4674000 0.5230000
v 0.1374250 0.4674000 0.5230000
v 0.1374250 0.4873185 0.4885000
v 0.1190250 0.4873185 0.4885000
v 0.1190250 0.4873185 0.5115000
v 0.1374250 0.4873185 0.4885000
v 0.1190250 0.4873185 0.5115000
v 0.1374250 0.4873185 0.5115000
v 0.1374250 0.4674000 0.4770000
v 0.1190250 0.4674000 0.4770000
v 0.1190250 0.4873185 0.4885000
v 0.1374250 0.4674000 0.4770000
v 0.1190250 0.4873185 0.4885000
v 0.1374250 0.4873185 0.4885000
v 0.1374250 0.4674000 0.4770000
v 0.1374250 0.4474814 0.4885000
v 0.1190250 0.4474814 0.4885000
v 0.1374250 0.4674000 0.4770000
v 0.1190250 0.4474814 0.4885000
v 0.1190250 0.4674000 0.4770000
v 0.1374250 0.4474814 0.4885000
v 0.1374250 0.4474814 0.5115000
v 0.1190250 0.4474814 0.5115000
v 0.1374250 0.4474814 0.4885000
v 0.1190250 0.4474814 0.5115000
v 0.1190250 0.4474814 0.4885000
v 0.1374250 0.4474814 0.5115000
v 0.1374250 0.4674000 0.5230000
v 0.1190250 0.4674000 0.5230000
v 0.1374250 0.4474814 0.5115000
v 0.1190250 0.4674000 0.5230000
v 0.1190250 0.4474814 0.5115000
v 0.1374250 0.4674000 0.4770000
v 0.1374250 0.4873185 0.4885000
v 0.1374250 0.4873185 0.5115000
v 0.1374250 0.4674000 0.4770000
v 0.1374250 0.4873185 0.5115000
v 0.1374250 0.4674000 0.5230000
v 0.1374250 0.4674000 0.4770000
v 0.1374250 0.4674000 0.5230000
v 0.1374250 0.4474814 0.5115000
v 0.1374250 0.4674000 0.4770000
v 0.1374250 0.4474814 0.5115000
v 0.1374250 0.4474814 0.4885000
v 0.1190250 0.4674000 0.4770000
v 0.1190250 0.4474814 0.4885000
v 0.1190250 0.4474814 0.5115000
v 0.1190250 0.4674000 0.4770000
v 0.1190250 0.4474814 0.5115000
v 0.1190250 0.4674000 0.5230000
v 0.1190250 0.4674000 0.4770000
v 0.1190250 0.4674000 0.5230000
v 0.1190250 0.4873185 0.5115000
v 0.1190250 0.4674000 0.4770000
v 0.1190250 0.4873185 0.5115000
v 0.1190250 0.4873185 0.4885000
v 0.1374250 0.4148685 0.3860129
v 0.1190250 0.4148685 0.3860129
v 0.1190250 0.3949499 0.3975129
v 0.1374250 0.4148685 0.3860129
v 0.1190250 0.3949499 0.3975129
v 0.1374250 0.3949499 0.3975129
v 0.1374250 0.4148685 0.3630129
v 0.1190250 0.4148685 0.3630129
v 0.1190250 0.4148685 0.3860129
v 0.1374250 0.4148685 0.3630129
v 0.1190250 0.4148685 0.3860129
v 0.1374250 0.4148685 0.3860129
v 0.1374250 0.3949499 0.3515129
v 0.1190250 0.3949499 0.3515129
v 0.1190250 0.4148685 0.3630129
v 0.1374250 0.3949499 0.3515129
v 0.1190250 0.4148685 0.3630129
v 0.1374250 0.4148685 0.3630129
v 0.1374250 0.3949499 0.3515129
v 0.1374250 0.3750314 0.3630129
v 0.1190250 0.3750314 0.3630129
v 0.1374250 0.3949499 0.3515129
v 0.1190250 0.3750314 0.3630129
v 0.1190250 0.3949499 0.3515129
v 0.1374250 0.3750314 0.3630129
v 0.1374250 0.3750314 0.3860129
v 0.1190250 0.3750314 0.3860129
v 0.1374250 0.3750314 0.3630129
v 0.1190250 0.3750314 0.3860129
v 0.1190250 0.3750314 0.3630129
v 0.1374250 0.3750314 0.3860129
v 0.1374250 0.3949499 0.3975129
v 0.1190250 0.3949499 0.3975129
v 0.1374250 0.3750314 0.3860129
v 0.1190250 0.3949499 0.3975129
v 0.1190250 0.3750314 0.3860129
v 0.1374250 0.3949499 0.3515129
v 0.1374250 0.4148685 0.3630129
v 0.1374250 0.4148685 0.3860129
v 0.1374250 0.3949499 0.3515129
v 0.1374250 0.4148685 0.3860129
v 0.1374250 0.3949499 0.3975129
v 0.1374250 0.3949499 0.3515129
v 0.1374250 0.3949499 0.3975129
v 0.1374250 0.3750314 0.3860129
v 0.1374250 0.3949499 0.3515129
v 0.1374250 0.3750314 0.3860129
v 0.1374250 0.3750314 0.3630129
v 0.1190250 0.3949499 0.3515129
v 0.1190250 0.3750314 0.3630129
v 0.1190250 0.3750314 0.3860129
v 0.1190250 0.3949499 0.3515129
v 0.1190250 0.3750314 0.3860129
v 0.1190250 0.3949499 0.3975129
v 0.1190250 0.3949499 0.3515129
v 0.1190250 0.3949499 0.3975129
v 0.1190250 0.4148685 0.3860129
v 0.1190250 0.3949499 0.3515129
v 0.1190250 0.4148685 0.3860129
v 0.1190250 0.4148685 0.3630129
v 0.1374250 0.2699685 0.3860129
v 0.1190250 0.2699685 0.3860129
v 0.1190250 0.2500499 0.3975129
v 0.1374250 0.2699685 0.3860129
v 0.1190250 0.2500499 0.3975129
v 0.1374250 0.2500499 0.3975129
v 0.1374250 0.2699685 0.3630129
v 0.1190250 0.2699685 0.3630129
v 0.1190250 0.2699685 0.3860129
v 0.1374250 0.2699685 0.3630129
v 0.1190250 0.2699685 0.3860129
v 0.1374250 0.2699685 0.3860129
v 0.1374250 0.2500499 0.3515129
v 0.1190250 0.2500499 0.3515129
v 0.1190250 0.2699685 0.3630129
v 0.1374250 0.2500499 0.3515129
v 0.1190250 0.2699685 0.3630129
v 0.1374250 0.2699685 0.3630129
v 0.1374250 0.2500499 0.3515129
v 0.1374250 0.2301314 0.3630129
v 0.1190250 0.2301314 0.3630129
v 0.1374250 0.2500499 0.3515129
v 0.1190250 0.2301314 0.3630129
v 0.1190250 0.2500499 0.3515129
v 0.1374250 0.2301314 0.3630129
v 0.1374250 0.2301314 0.3860129
v 0.1190250 0.2301314 0.3860129
v 0.1374250 0.2301314 0.3630129
v 0.1190250 0.2301314 0.3860129
v 0.1190250 0.2301314 0.3630129
v 0.1374250 0.2301314 0.3860129
v 0.1374250 0.2500499 0.3975129
v 0.1190250 0.2500499 0.3975129
v 0.1374250 0.2301314 0.3860129
v 0.1190250 0.2500499 0.3975129
v 0.1190250 0.2301314 0.3860129
v 0.1374250 0.2500499 0.3515129
v 0.1374250 0.2699685 0.3630129
v 0.1374250 0.2699685 0.3860129
v 0.1374250 0.2500499 0.3515129
v 0.1374250 0.2699685 0.3860129
v 0.1374250 0.2500499 0.3975129
v 0.1374250 0.2500499 0.3515129
v 0.1374250 0.2500499 0.3975129
v 0.1374250 0.2301314 0.3860129
v 0.1374250 0.2500499 0.3515129
v 0.1374250 0.2301314 0.3860129
v 0.1374250 0.2301314 0.3630129
v 0.1190250 0.2500499 0.3515129
v 0.1190250 0.2301314 0.3630129
v 0.1190250 0.2301314 0.3860129
v 0.1190250 0.2500499 0.3515129
v 0.1190250 0.2301314 0.3860129
v 0.1190250 0.2500499 0.3975129
v 0.1190250 0.2500499 0.3515129
v 0.1190250 0.2500499 0.3975129
v 0.1190250 0.2699685 0.3860129
v 0.1190250 0.2500499 0.3515129
v 0.1190250 0.2699685 0.3860129
v 0.1190250 0.2699685 0.3630129
v 0.1374250 0.1975185 0.5115000
v 0.1190250 0.1975185 0.5115000
v 0.1190250 0.1775999 0.5230000
v 0.1374250 0.1975185 0.5115000
v 0.1190250 0.1775999 0.5230000
v 0.1374250 0.1775999 0.5230000
v 0.1374250 0.1975185 0.4885000
v 0.1190250 0.1975185 0.4885000
v 0.1190250 0.1975185 0.5115000
v 0.1374250 0.1975185 0.4885000
v 0.1190250 0.1975185 0.5115000
v 0.1374250 0.1975185 0.5115000
v 0.1374250 0.1775999 0.4770000
v 0.1190250 0.1775999 0.4770000
v 0.1190250 0.1975185 0.4885000
v 0.1374250 0.1775999 0.4770000
v 0.1190250 0.1975185 0.4885000
v 0.1374250 0.1975185 0.4885000
v 0.1374250 0.1775999 0.4770000
v 0.1374250 0.1576813 0.4885000
v 0.1190250 0.1576813 0.4885000
v 0.1374250 0.1775999 0.4770000
v 0.1190250 0.1576813 0.4885000
v 0.1190250 0.1775999 0.4770000
v 0.1374250 0.1576813 0.4885000
v 0.1374250 0.1576813 0.5115000
v 0.1190250 0.1576813 0.5115000
v 0.1374250 0.1576813 0.4885000
v 0.1190250 0.1576813 0.5115000
v 0.1190250 0.1576813 0.4885000
v 0.1374250 0.1576813 0.5115000
v 0.1374250 0.1775999 0.5230000
v 0.1190250 0.1775999 0.5230000
v 0.1374250 0.1576813 0.5115000
v 0.1190250 0.1775999 0.5230000
v 0.1190250 0.1576813 0.5115000
v 0.1374250 0.1775999 0.4770000
v 0.1374250 0.1975185 0.4885000
v 0.1374250 0.1975185 0.5115000
v 0.1374250 0.1775999 0.4770000
v 0.1374250 0.1975185 0.5115000
v 0.1374250 0.1775999 0.5230000
v 0.1374250 0.1775999 0.4770000
v 0.1374250 0.1775999 0.5230000
v 0.1374250 0.1576813 0.5115000
v 0.1374250 0.1775999 0.4770000
v 0.1374250 0.1576813 0.5115000
v 0.1374250 0.1576813 0.4885000
v 0.1190250 0.1775999 0.4770000
v 0.1190250 0.1576813 0.4885000
v 0.1190250 0.1576813 0.5115000
v 0.1190250 0.1775999 0.4770000
v 0.1190250 0.1576813 0.5115000
v 0.1190250 0.1775999 0.5230000
v 0.1190250 0.1775999 0.4770000
v 0.1190250 0.1775999 0.5230000
v 0.1190250 0.1975185 0.5115000
v 0.1190250 0.1775999 0.4770000
v 0.1190250 0.1975185 0.5115000
v 0.1190250 0.1975185 0.4885000
v 0.1374250 0.2699685 0.6369871
v 0.1190250 0.2699685 0.6369871
v 0.1190250 0.2500499 0.6484871
v 0.1374250 0.2699685 0.6369871
v 0.1190250 0.2500499 0.6484871
v 0.1374250 0.2500499 0.6484871
v 0.1374250 0.2699685 0.6139871
v 0.1190250 0.2699685 0.6139871
v 0.1190250 0.2699685 0.6369871
v 0.1374250 0.2699685 0.6139871
v 0.1190250 0.2699685 0.6369871
v 0.1374250 0.2699685 0.6369871
v 0.1374250 0.2500499 0.6024871
v 0.1190250 0.2500499 0.6024871
v 0.1190250 0.2699685 0.6139871
v 0.1374250 0.2500499 0.6024871
v 0.1190250 0.2699685 0.6139871
v 0.1374250 0.2699685 0.6139871
v 0.1374250 0.2500499 0.6024871
v 0.1374250 0.2301314 0.6139871
v 0.1190250 0.2301314 0.6139871
v 0.1374250 0.2500499 0.6024871
v 0.1190250 0.2301314 0.6139871
v 0.1190250 0.2500499 0.6024871
v 0.1374250 0.2301314 0.6139871
v 0.1374250 0.2301314 0.6369871
v 0.1190250 0.2301314 0.6369871
v 0.1374250 0.2301314 0.6139871
v 0.1190250 0.2301314 0.6369871
v 0.1190250 0.2301314 0.6139871
v 0.1374250 0.2301314 0.6369871
v 0.1374250 0.2500499 0.6484871
v 0.1190250 0.2500499 0.6484871
v 0.1374250 0.2301314 0.6369871
v 0.1190250 0.2500499 0.6484871
v 0.1190250 0.2301314 0.6369871
v 0.1374250 0.2500499 0.6024871
v 0.1374250 0.2699685 0.6139871
v 0.1374250 0.2699685 0.6369871
v 0.1374250 0.2500499 0.6024871
v 0.1374250 0.2699685 0.6369871
v 0.1374250 0.2500499 0.6484871
v 0.1374250 0.2500499 0.6024871
v 0.1374250 0.2500499 0.6484871
v 0.1374250 0.2301314 0.6369871
v 0.1374250 0.2500499 0.6024871
v 0.1374250 0.2301314 0.6369871
v 0.1374250 0.2301314 0.6139871
v 0.1190250 0.2500499 0.6024871
v 0.1190250 0.2301314 0.6139871
v 0.1190250 0.2301314 0.6369871
v 0.1190250 0.2500499 0.6024871
v 0.1190250 0.2301314 0.6369871
v 0.1190250 0.2500499 0.6484871
v 0.1190250 0.2500499 0.6024871
v 0.1190250 0.2500499 0.6484871
v 0.1190250 0.2699685 0.6369871
v 0.1190250 0.2500499 0.6024871
v 0.1190250 0.2699685 0.6369871
v 0.1190250 0.2699685 0.6139871
v 0.0086250 0.3922096 0.3317061
v 0.1236250 0.3922096 0.3317061
v 0.1236250 0.3225000 0.3178400
v 0.0086250 0.3922096 0.3317061
v 0.1236250 0.3225000 0.3178400
v 0.0086250 0.3225000 0.3178400
v 0.0086250 0.4513065 0.3711934
v 0.1236250 0.4513065 0.3711934
v 0.1236250 0.3922096 0.3317061
v 0.0086250 0.4513065 0.3711934
v 0.1236250 0.3922096 0.3317061
v 0.0086250 0.3922096 0.3317061
v 0.0086250 0.4907938 0.4302904
v 0.1236250 0.4907938 0.4302904
v 0.1236250 0.4513065 0.3711934
v 0.0086250 0.4907938 0.4302904
v 0.1236250 0.4513065 0.3711934
v 0.0086250 0.4513065 0.3711934
v 0.0086250 0.5046599 0.5000000
v 0.1236250 0.5046599 0.5000000
v 0.1236250 0.4907938 0.4302904
v 0.0086250 0.5046599 0.5000000
v 0.1236250 0.4907938 0.4302904
v 0.0086250 0.4907938 0.4302904
v 0.0086250 0.4907938 0.5697096
v 0.1236250 0.4907938 0.5697096
v 0.1236250 0.5046599 0.5000000
v 0.0086250 0.4907938 0.5697096
v 0.1236250 0.5046599 0.5000000
v 0.0086250 0.5046599 0.5000000
v 0.0086250 0.4513065 0.6288066
v 0.1236250 0.4513065 0.6288066
v 0.1236250 0.4907938 0.5697096
v 0.0086250 0.4513065 0.6288066
v 0.1236250 0.4907938 0.5697096
v 0.0086250 0.4907938 0.5697096
v 0.0086250 0.3922096 0.6682939
v 0.1236250 0.3922096 0.6682939
v 0.1236250 0.4513065 0.6288066
v 0.0086250 0.3922096 0.6682939
v 0.1236250 0.4513065 0.6288066
v 0.0086250 0.4513065 0.6288066
v 0.0086250 0.3225000 0.6821600
v 0.1236250 0.3225000 0.6821600
v 0.1236250 0.3922096 0.6682939
v 0.0086250 0.3225000 0.6821600
v 0.1236250 0.3922096 0.6682939
v 0.0086250 0.3922096 0.6682939
v 0.0086250 0.3225000 0.6821600
v 0.0086250 0.2527903 0.6682939
v 0.1236250 0.2527903 0.6682939
v 0.0086250 0.3225000 0.6821600
v 0.1236250 0.2527903 0.6682939
v 0.1236250 0.3225000 0.6821600
v 0.0086250 0.2527903 0.6682939
v 0.0086250 0.1936934 0.6288066
v 0.1236250 0.1936934 0.6288066
v 0.0086250 0.2527903 0.6682939
v 0.1236250 0.1936934 0.6288066
v 0.1236250 0.2527903 0.6682939
v 0.0086250 0.1936934 0.6288066
v 0.0086250 0.1542060 0.5697096
v 0.1236250 0.1542060 0.5697096
v 0.0086250 0.1936934 0.6288066
v 0.1236250 0.1542060 0.5697096
v 0.1236250 0.1936934 0.6288066
v 0.0086250 0.1542060 0.5697096
v 0.0086250 0.1403400 0.5000000
v 0.1236250 0.1403400 0.5000000
v 0.0086250 0.1542060 0.5697096
v 0.1236250 0.1403400 0.5000000
v 0.1236250 0.1542060 0.5697096
v 0.0086250 0.1403400 0.5000000
v 0.0086250 0.1542060 0.4302904
v 0.1236250 0.1542060 0.4302904
v 0.0086250 0.1403400 0.5000000
v 0.1236250 0.1542060 0.4302904
v 0.1236250 0.1403400 0.5000000
v 0.0086250 0.1542060 0.4302904
v 0.0086250 0.1936934 0.3711934
v 0.1236250 0.1936934 0.3711934
v 0.0086250 0.1542060 0.4302904
v 0.1236250 0.1936934 0.3711934
v 0.1236250 0.1542060 0.4302904
v 0.0086250 0.1936934 0.3711934
v 0.0086250 0.2527903 0.3317061
v 0.1236250 0.2527903 0.3317061
v 0.0086250 0.1936934 0.3711934
v 0.1236250 0.2527903 0.3317061
v 0.1236250 0.1936934 0.3711934
v 0.0086250 0.2527903 0.3317061
v 0.0086250 0.3225000 0.3178400
v 0.1236250 0.3225000 0.3178400
v 0.0086250 0.2527903 0.3317061
v 0.1236250 0.3225000 0.3178400
v 0.1236250 0.2527903 0.3317061
v 0.0086250 0.3225000 0.6821600
v 0.0086250 0.3922096 0.6682939
v 0.0086250 0.4513065 0.6288066
v 0.0086250 0.3225000 0.6821600
v 0.0086250 0.4513065 0.6288066
v 0.0086250 0.4907938 0.5697096
v 0.0086250 0.3225000 0.6821600
v 0.0086250 0.4907938 0.5697096
v 0.0086250 0.5046599 0.5000000
v 0.0086250 0.3225000 0.6821600
v 0.0086250 0.5046599 0.5000000
v 0.0086250 0.4907938 0.4302904
v 0.0086250 0.3225000 0.6821600
v 0.0086250 0.4907938 0.4302904
v 0.0086250 0.4513065 0.3711934
v 0.0086250 0.3225000 0.6821600
v 0.0086250 0.4513065 0.3711934
v 0.0086250 0.3922096 0.3317061
v 0.0086250 0.3225000 0.6821600
v 0.0086250 0.3922096 0.3317061
v 0.0086250 0.3225000 0.3178400
v 0.0086250 0.3225000 0.6821600
v 0.0086250 0.3225000 0.3178400
v 0.0086250 0.2527903 0.3317061
v 0.0086250 0.3225000 0.6821600
v 0.0086250 0.2527903 0.3317061
v 0.0086250 0.1936934 0.3711934
v 0.0086250 0.3225000 0.6821600
v 0.0086250 0.1936934 0.3711934
v 0.0086250 0.1542060 0.4302904
v 0.0086250 0.3225000 0.6821600
v 0.0086250 0.1542060 0.4302904
v 0.0086250 0.1403400 0.5000000
v 0.0086250 0.3225000 0.6821600
v 0.0086250 0.1403400 0.5000000
v 0.0086250 0.1542060 0.5697096
v 0.0086250 0.3225000 0.6821600
v 0.0086250 0.1542060 0.5697096
v 0.0086250 0.1936934 0.6288066
v 0.0086250 0.3225000 0.6821600
v 0.0086250 0.1936934 0.6288066
v 0.0086250 0.2527903 0.6682939
v 0.1236250 0.3225000 0.6821600
v 0.1236250 0.2527903 0.6682939
v 0.1236250 0.1936934 0.6288066
v 0.1236250 0.3225000 0.6821600
v 0.1236250 0.1936934 0.6288066
v 0.1236250 0.1542060 0.5697096
v 0.1236250 0.3225000 0.6821600
v 0.1236250 0.1542060 0.5697096
v 0.1236250 0.1403400 0.5000000
v 0.1236250 0.3225000 0.6821600
v 0.1236250 0.1403400 0.5000000
v 0.1236250 0.1542060 0.4302904
v 0.1236250 0.3225000 0.6821600
v 0.1236250 0.1542060 0.4302904
v 0.1236250 0.1936934 0.3711934
v 0.1236250 0.3225000 0.6821600
v 0.1236250 0.1936934 0.3711934
v 0.1236250 0.2527903 0.3317061
v 0.1236250 0.3225000 0.6821600
v 0.1236250 0.2527903 0.3317061
v 0.1236250 0.3225000 0.3178400
v 0.1236250 0.3225000 0.6821600
v 0.1236250 0.3225000 0.3178400
v 0.1236250 0.3922096 0.3317061
v 0.1236250 0.3225000 0.6821600
v 0.1236250 0.3922096 0.3317061
v 0.1236250 0.4513065 0.3711934
v 0.1236250 0.3225000 0.6821600
v 0.1236250 0.4513065 0.3711934
v 0.1236250 0.4907938 0.4302904
v 0.1236250 0.3225000 0.6821600
v 0.1236250 0.4907938 0.4302904
v 0.1236250 0.5046599 0.5000000
v 0.1236250 0.3225000 0.6821600
v 0.1236250 0.5046599 0.5000000
v 0.1236250 0.4907938 0.5697096
v 0.1236250 0.3225000 0.6821600
v 0.1236250 0.4907938 0.5697096
v 0.1236250 0.4513065 0.6288066
v 0.1236250 0.3225000 0.6821600
v 0.1236250 0.4513065 0.6288066
v 0.1236250 0.3922096 0.6682939
v 0.0000000 0.4147689 0.1556474
v 0.2070000 0.4147689 0.1556474
v 0.2070000 0.3225000 0.1435000
v 0.0000000 0.4147689 0.1556474
v 0.2070000 0.3225000 0.1435000
v 0.0000000 0.3902894 0.1524246
v 0.0000000 0.3902894 0.1524246
v 0.2070000 0.3225000 0.1435000
v 0.0000000 0.3225000 0.1435000
v 0.0000000 0.5007499 0.1912619
v 0.2070000 0.5007499 0.1912619
v 0.2070000 0.4147689 0.1556474
v 0.0000000 0.5007499 0.1912619
v 0.2070000 0.4147689 0.1556474
v 0.0000000 0.4779386 0.1818132
v 0.0000000 0.4779386 0.1818132
v 0.2070000 0.4147689 0.1556474
v 0.0000000 0.4147689 0.1556474
v 0.0000000 0.5745835 0.2479164
v 0.2070000 0.5745835 0.2479164
v 0.2070000 0.5007499 0.1912619
v 0.0000000 0.5745835 0.2479164
v 0.2070000 0.5007499 0.1912619
v 0.0000000 0.5549950 0.2328856
v 0.0000000 0.5549950 0.2328856
v 0.2070000 0.5007499 0.1912619
v 0.0000000 0.5007499 0.1912619
v 0.0000000 0.6312380 0.3217500
v 0.2070000 0.6312380 0.3217500
v 0.2070000 0.5745835 0.2479164
v 0.0000000 0.6312380 0.3217500
v 0.2070000 0.5745835 0.2479164
v 0.0000000 0.6162072 0.3021615
v 0.0000000 0.6162072 0.3021615
v 0.2070000 0.5745835 0.2479164
v 0.0000000 0.5745835 0.2479164
v 0.0000000 0.6668526 0.4077310
v 0.2070000 0.6668526 0.4077310
v 0.2070000 0.6312380 0.3217500
v 0.0000000 0.6668526 0.4077310
v 0.2070000 0.6312380 0.3217500
v 0.0000000 0.6574038 0.3849197
v 0.0000000 0.6574038 0.3849197
v 0.2070000 0.6312380 0.3217500
v 0.0000000 0.6312380 0.3217500
v 0.0000000 0.6790000 0.5000000
v 0.2070000 0.6790000 0.5000000
v 0.2070000 0.6668526 0.4077310
v 0.0000000 0.6790000 0.5000000
v 0.2070000 0.6668526 0.4077310
v 0.0000000 0.6757772 0.4755205
v 0.0000000 0.6757772 0.4755205
v 0.2070000 0.6668526 0.4077310
v 0.0000000 0.6668526 0.4077310
v 0.0000000 0.6668526 0.5922690
v 0.2070000 0.6668526 0.5922690
v 0.2070000 0.6790000 0.5000000
v 0.0000000 0.6668526 0.5922690
v 0.2070000 0.6790000 0.5000000
v 0.0000000 0.6700754 0.5677895
v 0.0000000 0.6700754 0.5677895
v 0.2070000 0.6790000 0.5000000
v 0.0000000 0.6790000 0.5000000
v 0.0000000 0.6312380 0.6782500
v 0.2070000 0.6312380 0.6782500
v 0.2070000 0.6668526 0.5922690
v 0.0000000 0.6312380 0.6782500
v 0.2070000 0.6668526 0.5922690
v 0.0000000 0.6406868 0.6554387
v 0.0000000 0.6406868 0.6554387
v 0.2070000 0.6668526 0.5922690
v 0.0000000 0.6668526 0.5922690
v 0.0000000 0.5745835 0.7520836
v 0.2070000 0.5745835 0.7520836
v 0.2070000 0.6312380 0.6782500
v 0.0000000 0.5745835 0.7520836
v 0.2070000 0.6312380 0.6782500
v 0.0000000 0.5896143 0.7324951
v 0.0000000 0.5896143 0.7324951
v 0.2070000 0.6312380 0.6782500
v 0.0000000 0.6312380 0.6782500
v 0.0000000 0.5007499 0.8087381
v 0.2070000 0.5007499 0.8087381
v 0.2070000 0.5745835 0.7520836
v 0.0000000 0.5007499 0.8087381
v 0.2070000 0.5745835 0.7520836
v 0.0000000 0.5203384 0.7937073
v 0.0000000 0.5203384 0.7937073
v 0.2070000 0.5745835 0.7520836
v 0.0000000 0.5745835 0.7520836
v 0.0000000 0.4147689 0.8443526
v 0.2070000 0.4147689 0.8443526
v 0.2070000 0.5007499 0.8087381
v 0.0000000 0.4147689 0.8443526
v 0.2070000 0.5007499 0.8087381
v 0.0000000 0.4375802 0.8349039
v 0.0000000 0.4375802 0.8349039
v 0.2070000 0.5007499 0.8087381
v 0.0000000 0.5007499 0.8087381
v 0.0000000 0.3225000 0.8565000
v 0.2070000 0.3225000 0.8565000
v 0.2070000 0.4147689 0.8443526
v 0.0000000 0.3225000 0.8565000
v 0.2070000 0.4147689 0.8443526
v 0.0000000 0.3469795 0.8532772
v 0.0000000 0.3469795 0.8532772
v 0.2070000 0.4147689 0.8443526
v 0.0000000 0.4147689 0.8443526
v 0.0000000 0.3205421 0.1583717
v 0.2070000 0.3205421 0.1583717
v 0.0000000 0.3869177 0.1670151
v 0.0000000 0.3869177 0.1670151
v 0.2070000 0.3205421 0.1583717
v 0.2070000 0.4108866 0.1701363
v 0.0000000 0.3869177 0.1670151
v 0.2070000 0.4108866 0.1701363
v 0.0000000 0.4108866 0.1701363
v 0.0000000 0.4108866 0.1701363
v 0.2070000 0.4108866 0.1701363
v 0.0000000 0.4713984 0.1952011
v 0.0000000 0.4713984 0.1952011
v 0.2070000 0.4108866 0.1701363
v 0.2070000 0.4932499 0.2042523
v 0.0000000 0.4713984 0.1952011
v 0.2070000 0.4932499 0.2042523
v 0.0000000 0.4932499 0.2042523
v 0.0000000 0.4932499 0.2042523
v 0.2070000 0.4932499 0.2042523
v 0.0000000 0.5452126 0.2441247
v 0.0000000 0.5452126 0.2441247
v 0.2070000 0.4932499 0.2042523
v 0.2070000 0.5639769 0.2585230
v 0.0000000 0.5452126 0.2441247
v 0.2070000 0.5639769 0.2585230
v 0.0000000 0.5639769 0.2585230
v 0.0000000 0.5639769 0.2585230
v 0.2070000 0.5639769 0.2585230
v 0.0000000 0.6038493 0.3104857
v 0.0000000 0.6038493 0.3104857
v 0.2070000 0.5639769 0.2585230
v 0.2070000 0.6182476 0.3292500
v 0.0000000 0.6038493 0.3104857
v 0.2070000 0.6182476 0.3292500
v 0.0000000 0.6182476 0.3292500
v 0.0000000 0.6182476 0.3292500
v 0.2070000 0.6182476 0.3292500
v 0.0000000 0.6433125 0.3897618
v 0.0000000 0.6433125 0.3897618
v 0.2070000 0.6182476 0.3292500
v 0.2070000 0.6523637 0.4116133
v 0.0000000 0.6433125 0.3897618
v 0.2070000 0.6523637 0.4116133
v 0.0000000 0.6523637 0.4116133
v 0.0000000 0.6523637 0.4116133
v 0.2070000 0.6523637 0.4116133
v 0.0000000 0.6609128 0.4765505
v 0.0000000 0.6609128 0.4765505
v 0.2070000 0.6523637 0.4116133
v 0.2070000 0.6640000 0.5000000
v 0.0000000 0.6609128 0.4765505
v 0.2070000 0.6640000 0.5000000
v 0.0000000 0.6640000 0.5000000
v 0.0000000 0.6640000 0.5000000
v 0.2070000 0.6640000 0.5000000
v 0.0000000 0.6554509 0.5649372
v 0.0000000 0.6554509 0.5649372
v 0.2070000 0.6640000 0.5000000
v 0.2070000 0.6523637 0.5883867
v 0.0000000 0.6554509 0.5649372
v 0.2070000 0.6523637 0.5883867
v 0.0000000 0.6523637 0.5883867
v 0.0000000 0.6523637 0.5883867
v 0.2070000 0.6523637 0.5883867
v 0.0000000 0.6272988 0.6488985
v 0.0000000 0.6272988 0.6488985
v 0.2070000 0.6523637 0.5883867
v 0.2070000 0.6182476 0.6707500
v 0.0000000 0.6272988 0.6488985
v 0.2070000 0.6182476 0.6707500
v 0.0000000 0.6182476 0.6707500
v 0.0000000 0.6182476 0.6707500
v 0.2070000 0.6182476 0.6707500
v 0.0000000 0.5783752 0.7227127
v 0.0000000 0.5783752 0.7227127
v 0.2070000 0.6182476 0.6707500
v 0.2070000 0.5639769 0.7414770
v 0.0000000 0.5783752 0.7227127
v 0.2070000 0.5639769 0.7414770
v 0.0000000 0.5639769 0.7414770
v 0.0000000 0.5639769 0.7414770
v 0.2070000 0.5639769 0.7414770
v 0.0000000 0.5120142 0.7813494
v 0.0000000 0.5120142 0.7813494
v 0.2070000 0.5639769 0.7414770
v 0.2070000 0.4932499 0.7957477
v 0.0000000 0.5120142 0.7813494
v 0.2070000 0.4932499 0.7957477
v 0.0000000 0.4932499 0.7957477
v 0.0000000 0.4932499 0.7957477
v 0.2070000 0.4932499 0.7957477
v 0.0000000 0.4327381 0.8208125
v 0.0000000 0.4327381 0.8208125
v 0.2070000 0.4932499 0.7957477
v 0.2070000 0.4108866 0.8298637
v 0.0000000 0.4327381 0.8208125
v 0.2070000 0.4108866 0.8298637
v 0.0000000 0.4108866 0.8298637
v 0.0000000 0.4108866 0.8298637
v 0.2070000 0.4108866 0.8298637
v 0.0000000 0.3445110 0.8385071
v 0.0000000 0.3445110 0.8385071
v 0.2070000 0.4108866 0.8298637
v 0.2070000 0.3205421 0.8416283
v 0.0000000 0.3445110 0.8385071
v 0.2070000 0.3205421 0.8416283
v 0.0000000 0.3205421 0.8416283
v 0.0000000 0.3225000 0.1435000
v 0.2070000 0.3225000 0.1435000
v 0.0000000 0.3210615 0.1544261
v 0.0000000 0.3210615 0.1544261
v 0.2070000 0.3225000 0.1435000
v 0.2070000 0.3205421 0.1583717
v 0.0000000 0.3210615 0.1544261
v 0.2070000 0.3205421 0.1583717
v 0.0000000 0.3205421 0.1583717
v 0.2070000 0.4108866 0.1701363
v 0.2070000 0.3205421 0.1583717
v 0.2070000 0.3225000 0.1435000
v 0.2070000 0.4108866 0.1701363
v 0.2070000 0.3225000 0.1435000
v 0.2070000 0.4147689 0.1556474
v 0.2070000 0.4932499 0.2042523
v 0.2070000 0.4108866 0.1701363
v 0.2070000 0.4147689 0.1556474
v 0.2070000 0.4932499 0.2042523
v 0.2070000 0.4147689 0.1556474
v 0.2070000 0.5007499 0.1912619
v 0.2070000 0.5639769 0.2585230
v 0.2070000 0.4932499 0.2042523
v 0.2070000 0.5007499 0.1912619
v 0.2070000 0.5639769 0.2585230
v 0.2070000 0.5007499 0.1912619
v 0.2070000 0.5745835 0.2479164
v 0.2070000 0.6182476 0.3292500
v 0.2070000 0.5639769 0.2585230
v 0.2070000 0.5745835 0.2479164
v 0.2070000 0.6182476 0.3292500
v 0.2070000 0.5745835 0.2479164
v 0.2070000 0.6312380 0.3217500
v 0.2070000 0.6523637 0.4116133
v 0.2070000 0.6182476 0.3292500
v 0.2070000 0.6312380 0.3217500
v 0.2070000 0.6523637 0.4116133
v 0.2070000 0.6312380 0.3217500
v 0.2070000 0.6668526 0.4077310
v 0.2070000 0.6640000 0.5000000
v 0.2070000 0.6523637 0.4116133
v 0.2070000 0.6668526 0.4077310
v 0.2070000 0.6640000 0.5000000
v 0.2070000 0.6668526 0.4077310
v 0.2070000 0.6790000 0.5000000
v 0.2070000 0.6668526 0.5922690
v 0.2070000 0.6523637 0.5883867
v 0.2070000 0.6640000 0.5000000
v 0.2070000 0.6668526 0.5922690
v 0.2070000 0.6640000 0.5000000
v 0.2070000 0.6790000 0.5000000
v 0.2070000 0.6312380 0.6782500
v 0.2070000 0.6182476 0.6707500
v 0.2070000 0.6523637 0.5883867
v 0.2070000 0.6312380 0.6782500
v 0.2070000 0.6523637 0.5883867
v 0.2070000 0.6668526 0.5922690
v 0.2070000 0.5745835 0.7520836
v 0.2070000 0.5639769 0.7414770
v 0.2070000 0.6182476 0.6707500
v 0.2070000 0.5745835 0.7520836
v 0.2070000 0.6182476 0.6707500
v 0.2070000 0.6312380 0.6782500
v 0.2070000 0.5007499 0.8087381
v 0.2070000 0.4932499 0.7957477
v 0.2070000 0.5639769 0.7414770
v 0.2070000 0.5007499 0.8087381
v 0.2070000 0.5639769 0.7414770
v 0.2070000 0.5745835 0.7520836
v 0.2070000 0.4147689 0.8443526
v 0.2070000 0.4108866 0.8298637
v 0.2070000 0.4932499 0.7957477
v 0.2070000 0.4147689 0.8443526
v 0.2070000 0.4932499 0.7957477
v 0.2070000 0.5007499 0.8087381
v 0.0000000 0.3205421 0.8416283
v 0.2070000 0.3205421 0.8416283
v 0.0000000 0.3219806 0.8525544
v 0.0000000 0.3219806 0.8525544
v 0.2070000 0.3205421 0.8416283
v 0.2070000 0.3225000 0.8565000
v 0.0000000 0.3219806 0.8525544
v 0.2070000 0.3225000 0.8565000
v 0.0000000 0.3225000 0.8565000
v 0.2070000 0.3225000 0.8565000
v 0.2070000 0.3205421 0.8416283
v 0.2070000 0.4108866 0.8298637
v 0.2070000 0.3225000 0.8565000
v 0.2070000 0.4108866 0.8298637
v 0.2070000 0.4147689 0.8443526
v 0.1955000 0.3173447 0.8372601
v 0.2185000 0.3173447 0.8372601
v 0.2300000 0.3225000 0.8565000
v 0.1840000 0.3225000 0.8565000
v 0.1955000 0.3173447 0.8372601
v 0.2300000 0.3225000 0.8565000
v 0.1840000 0.3225000 0.8565000
v 0.2300000 0.3225000 0.8565000
v 0.2185000 0.3276553 0.8757399
v 0.1840000 0.3225000 0.8565000
v 0.2185000 0.3276553 0.8757399
v 0.1955000 0.3276553 0.8757399
v 0.1840000 0.3225000 0.1435000
v 0.2185000 0.3173447 0.1627399
v 0.1955000 0.3173447 0.1627399
v 0.1840000 0.3225000 0.1435000
v 0.2300000 0.3225000 0.1435000
v 0.2185000 0.3173447 0.1627399
v 0.1840000 0.3225000 0.1435000
v 0.1955000 0.3276553 0.1242601
v 0.2300000 0.3225000 0.1435000
v 0.1955000 0.3276553 0.1242601
v 0.2185000 0.3276553 0.1242601
v 0.2300000 0.3225000 0.1435000
v 0.2185000 0.3896097 0.1366187
v 0.2300000 0.3857770 0.1561651
v 0.2300000 0.3225000 0.1435000
v 0.2185000 0.3896097 0.1366187
v 0.2300000 0.3225000 0.1435000
v 0.2185000 0.3276553 0.1242601
v 0.1955000 0.3896097 0.1366187
v 0.2185000 0.3896097 0.1366187
v 0.2185000 0.3276553 0.1242601
v 0.1955000 0.3896097 0.1366187
v 0.2185000 0.3276553 0.1242601
v 0.1955000 0.3276553 0.1242601
v 0.1840000 0.3857770 0.1561651
v 0.1955000 0.3896097 0.1366187
v 0.1955000 0.3276553 0.1242601
v 0.1840000 0.3857770 0.1561651
v 0.1955000 0.3276553 0.1242601
v 0.1840000 0.3225000 0.1435000
v 0.1840000 0.3857770 0.1561651
v 0.1840000 0.3225000 0.1435000
v 0.1955000 0.3173447 0.1627399
v 0.1840000 0.3857770 0.1561651
v 0.1955000 0.3173447 0.1627399
v 0.1955000 0.3819443 0.1757115
v 0.1955000 0.3819443 0.1757115
v 0.1955000 0.3173447 0.1627399
v 0.2185000 0.3173447 0.1627399
v 0.1955000 0.3819443 0.1757115
v 0.2185000 0.3173447 0.1627399
v 0.2185000 0.3819443 0.1757115
v 0.2185000 0.3819443 0.1757115
v 0.2185000 0.3173447 0.1627399
v 0.2300000 0.3225000 0.1435000
v 0.2185000 0.3819443 0.1757115
v 0.2300000 0.3225000 0.1435000
v 0.2300000 0.3857770 0.1561651
v 0.2185000 0.4479936 0.1479339
v 0.2300000 0.4422712 0.1670128
v 0.2300000 0.3857770 0.1561651
v 0.2185000 0.4479936 0.1479339
v 0.2300000 0.3857770 0.1561651
v 0.2185000 0.3896097 0.1366187
v 0.1955000 0.4479936 0.1479339
v 0.2185000 0.4479936 0.1479339
v 0.2185000 0.3896097 0.1366187
v 0.1955000 0.4479936 0.1479339
v 0.2185000 0.3896097 0.1366187
v 0.1955000 0.3896097 0.1366187
v 0.1840000 0.4422712 0.1670128
v 0.1955000 0.4479936 0.1479339
v 0.1955000 0.3896097 0.1366187
v 0.1840000 0.4422712 0.1670128
v 0.1955000 0.3896097 0.1366187
v 0.1840000 0.3857770 0.1561651
v 0.1840000 0.4422712 0.1670128
v 0.1840000 0.3857770 0.1561651
v 0.1955000 0.3819443 0.1757115
v 0.1840000 0.4422712 0.1670128
v 0.1955000 0.3819443 0.1757115
v 0.1955000 0.4365488 0.1860917
v 0.1955000 0.4365488 0.1860917
v 0.1955000 0.3819443 0.1757115
v 0.2185000 0.3819443 0.1757115
v 0.1955000 0.4365488 0.1860917
v 0.2185000 0.3819443 0.1757115
v 0.2185000 0.4365488 0.1860917
v 0.2185000 0.4365488 0.1860917
v 0.2185000 0.3819443 0.1757115
v 0.2300000 0.3857770 0.1561651
v 0.2185000 0.4365488 0.1860917
v 0.2300000 0.3857770 0.1561651
v 0.2300000 0.4422712 0.1670128
v 0.2185000 0.5101645 0.1737087
v 0.2300000 0.5007499 0.1912619
v 0.2300000 0.4422712 0.1670128
v 0.2185000 0.5101645 0.1737087
v 0.2300000 0.4422712 0.1670128
v 0.2185000 0.4479936 0.1479339
v 0.1955000 0.5101645 0.1737087
v 0.2185000 0.5101645 0.1737087
v 0.2185000 0.4479936 0.1479339
v 0.1955000 0.5101645 0.1737087
v 0.2185000 0.4479936 0.1479339
v 0.1955000 0.4479936 0.1479339
v 0.1840000 0.5007499 0.1912619
v 0.1955000 0.5101645 0.1737087
v 0.1955000 0.4479936 0.1479339
v 0.1840000 0.5007499 0.1912619
v 0.1955000 0.4479936 0.1479339
v 0.1840000 0.4422712 0.1670128
v 0.1840000 0.5007499 0.1912619
v 0.1840000 0.4422712 0.1670128
v 0.1955000 0.4365488 0.1860917
v 0.1840000 0.5007499 0.1912619
v 0.1955000 0.4365488 0.1860917
v 0.1955000 0.4913354 0.2088152
v 0.1955000 0.4913354 0.2088152
v 0.1955000 0.4365488 0.1860917
v 0.2185000 0.4365488 0.1860917
v 0.1955000 0.4913354 0.2088152
v 0.2185000 0.4365488 0.1860917
v 0.2185000 0.4913354 0.2088152
v 0.2185000 0.4913354 0.2088152
v 0.2185000 0.4365488 0.1860917
v 0.2300000 0.4422712 0.1670128
v 0.2185000 0.4913354 0.2088152
v 0.2300000 0.4422712 0.1670128
v 0.2300000 0.5007499 0.1912619
v 0.2185000 0.5669607 0.2118554
v 0.2300000 0.5543056 0.2272371
v 0.2300000 0.5007499 0.1912619
v 0.2185000 0.5669607 0.2118554
v 0.2300000 0.5007499 0.1912619
v 0.2185000 0.5101645 0.1737087
v 0.1955000 0.5669607 0.2118554
v 0.2185000 0.5669607 0.2118554
v 0.2185000 0.5101645 0.1737087
v 0.1955000 0.5669607 0.2118554
v 0.2185000 0.5101645 0.1737087
v 0.1955000 0.5101645 0.1737087
v 0.1840000 0.5543056 0.2272371
v 0.1955000 0.5669607 0.2118554
v 0.1955000 0.5101645 0.1737087
v 0.1840000 0.5543056 0.2272371
v 0.1955000 0.5101645 0.1737087
v 0.1840000 0.5007499 0.1912619
v 0.1840000 0.5543056 0.2272371
v 0.1840000 0.5007499 0.1912619
v 0.1955000 0.4913354 0.2088152
v 0.1840000 0.5543056 0.2272371
v 0.1955000 0.4913354 0.2088152
v 0.1955000 0.5416504 0.2426189
v 0.1955000 0.5416504 0.2426189
v 0.1955000 0.4913354 0.2088152
v 0.2185000 0.4913354 0.2088152
v 0.1955000 0.5416504 0.2426189
v 0.2185000 0.4913354 0.2088152
v 0.2185000 0.5416504 0.2426189
v 0.2185000 0.5416504 0.2426189
v 0.2185000 0.4913354 0.2088152
v 0.2300000 0.5007499 0.1912619
v 0.2185000 0.5416504 0.2426189
v 0.2300000 0.5007499 0.1912619
v 0.2300000 0.5543056 0.2272371
v 0.2185000 0.6106447 0.2555393
v 0.2300000 0.5952629 0.2681944
v 0.2300000 0.5543056 0.2272371
v 0.2185000 0.6106447 0.2555393
v 0.2300000 0.5543056 0.2272371
v 0.2185000 0.5669607 0.2118554
v 0.1955000 0.6106447 0.2555393
v 0.2185000 0.6106447 0.2555393
v 0.2185000 0.5669607 0.2118554
v 0.1955000 0.6106447 0.2555393
v 0.2185000 0.5669607 0.2118554
v 0.1955000 0.5669607 0.2118554
v 0.1840000 0.5952629 0.2681944
v 0.1955000 0.6106447 0.2555393
v 0.1955000 0.5669607 0.2118554
v 0.1840000 0.5952629 0.2681944
v 0.1955000 0.5669607 0.2118554
v 0.1840000 0.5543056 0.2272371
v 0.1840000 0.5952629 0.2681944
v 0.1840000 0.5543056 0.2272371
v 0.1955000 0.5416504 0.2426189
v 0.1840000 0.5952629 0.2681944
v 0.1955000 0.5416504 0.2426189
v 0.1955000 0.5798812 0.2808495
v 0.1955000 0.5798812 0.2808495
v 0.1955000 0.5416504 0.2426189
v 0.2185000 0.5416504 0.2426189
v 0.1955000 0.5798812 0.2808495
v 0.2185000 0.5416504 0.2426189
v 0.2185000 0.5798811 0.2808495
v 0.2185000 0.5798811 0.2808495
v 0.2185000 0.5416504 0.2426189
v 0.2300000 0.5543056 0.2272371
v 0.2185000 0.5798811 0.2808495
v 0.2300000 0.5543056 0.2272371
v 0.2300000 0.5952629 0.2681944
v 0.2185000 0.6484880 0.3117907
v 0.2300000 0.6312380 0.3217500
v 0.2300000 0.5952629 0.2681944
v 0.2185000 0.6484880 0.3117907
v 0.2300000 0.5952629 0.2681944
v 0.2185000 0.6106447 0.2555393
v 0.1955000 0.6484880 0.3117907
v 0.2185000 0.6484880 0.3117907
v 0.2185000 0.6106447 0.2555393
v 0.1955000 0.6484880 0.3117907
v 0.2185000 0.6106447 0.2555393
v 0.1955000 0.6106447 0.2555393
v 0.1840000 0.6312380 0.3217500
v 0.1955000 0.6484880 0.3117907
v 0.1955000 0.6106447 0.2555393
v 0.1840000 0.6312380 0.3217500
v 0.1955000 0.6106447 0.2555393
v 0.1840000 0.5952629 0.2681944
v 0.1840000 0.6312380 0.3217500
v 0.1840000 0.5952629 0.2681944
v 0.1955000 0.5798812 0.2808495
v 0.1840000 0.6312380 0.3217500
v 0.1955000 0.5798812 0.2808495
v 0.1955000 0.6139879 0.3317093
v 0.1955000 0.6139879 0.3317093
v 0.1955000 0.5798812 0.2808495
v 0.2185000 0.5798811 0.2808495
v 0.1955000 0.6139879 0.3317093
v 0.2185000 0.5798811 0.2808495
v 0.2185000 0.6139879 0.3317093
v 0.2185000 0.6139879 0.3317093
v 0.2185000 0.5798811 0.2808495
v 0.2300000 0.5952629 0.2681944
v 0.2185000 0.6139879 0.3317093
v 0.2300000 0.5952629 0.2681944
v 0.2300000 0.6312380 0.3217500
v 0.2185000 0.6782814 0.3726898
v 0.2300000 0.6596309 0.3796832
v 0.2300000 0.6312380 0.3217500
v 0.2185000 0.6782814 0.3726898
v 0.2300000 0.6312380 0.3217500
v 0.2185000 0.6484880 0.3117907
v 0.1955000 0.6782814 0.3726898
v 0.2185000 0.6782814 0.3726898
v 0.2185000 0.6484880 0.3117907
v 0.1955000 0.6782814 0.3726898
v 0.2185000 0.6484880 0.3117907
v 0.1955000 0.6484880 0.3117907
v 0.1840000 0.6596309 0.3796832
v 0.1955000 0.6782814 0.3726898
v 0.1955000 0.6484880 0.3117907
v 0.1840000 0.6596309 0.3796832
v 0.1955000 0.6484880 0.3117907
v 0.1840000 0.6312380 0.3217500
v 0.1840000 0.6596309 0.3796832
v 0.1840000 0.6312380 0.3217500
v 0.1955000 0.6139879 0.3317093
v 0.1840000 0.6596309 0.3796832
v 0.1955000 0.6139879 0.3317093
v 0.1955000 0.6409804 0.3866767
v 0.1955000 0.6409804 0.3866767
v 0.1955000 0.6139879 0.3317093
v 0.2185000 0.6139879 0.3317093
v 0.1955000 0.6409804 0.3866767
v 0.2185000 0.6139879 0.3317093
v 0.2185000 0.6409804 0.3866767
v 0.2185000 0.6409804 0.3866767
v 0.2185000 0.6139879 0.3317093
v 0.2300000 0.6312380 0.3217500
v 0.2185000 0.6409804 0.3866767
v 0.2300000 0.6312380 0.3217500
v 0.2300000 0.6596309 0.3796832
v 0.2185000 0.6942708 0.4323631
v 0.2300000 0.6746223 0.4356319
v 0.2300000 0.6596309 0.3796832
v 0.2185000 0.6942708 0.4323631
v 0.2300000 0.6596309 0.3796832
v 0.2185000 0.6782814 0.3726898
v 0.1955000 0.6942708 0.4323631
v 0.2185000 0.6942708 0.4323631
v 0.2185000 0.6782814 0.3726898
v 0.1955000 0.6942708 0.4323631
v 0.2185000 0.6782814 0.3726898
v 0.1955000 0.6782814 0.3726898
v 0.1840000 0.6746223 0.4356319
v 0.1955000 0.6942708 0.4323631
v 0.1955000 0.6782814 0.3726898
v 0.1840000 0.6746223 0.4356319
v 0.1955000 0.6782814 0.3726898
v 0.1840000 0.6596309 0.3796832
v 0.1840000 0.6746223 0.4356319
v 0.1840000 0.6596309 0.3796832
v 0.1955000 0.6409804 0.3866767
v 0.1840000 0.6746223 0.4356319
v 0.1955000 0.6409804 0.3866767
v 0.1955000 0.6549737 0.4389007
v 0.1955000 0.6549737 0.4389007
v 0.1955000 0.6409804 0.3866767
v 0.2185000 0.6409804 0.3866767
v 0.1955000 0.6549737 0.4389007
v 0.2185000 0.6409804 0.3866767
v 0.2185000 0.6549737 0.4389007
v 0.2185000 0.6549737 0.4389007
v 0.2185000 0.6409804 0.3866767
v 0.2300000 0.6596309 0.3796832
v 0.2185000 0.6549737 0.4389007
v 0.2300000 0.6596309 0.3796832
v 0.2300000 0.6746223 0.4356319
v 0.2185000 0.6989186 0.5000000
v 0.2300000 0.6790000 0.5000000
v 0.2300000 0.6746223 0.4356319
v 0.2185000 0.6989186 0.5000000
v 0.2300000 0.6746223 0.4356319
v 0.2185000 0.6942708 0.4323631
v 0.1955000 0.6989186 0.5000000
v 0.2185000 0.6989186 0.5000000
v 0.2185000 0.6942708 0.4323631
v 0.1955000 0.6989186 0.5000000
v 0.2185000 0.6942708 0.4323631
v 0.1955000 0.6942708 0.4323631
v 0.1840000 0.6790000 0.5000000
v 0.1955000 0.6989186 0.5000000
v 0.1955000 0.6942708 0.4323631
v 0.1840000 0.6790000 0.5000000
v 0.1955000 0.6942708 0.4323631
v 0.1840000 0.6746223 0.4356319
v 0.1840000 0.6790000 0.5000000
v 0.1840000 0.6746223 0.4356319
v 0.1955000 0.6549737 0.4389007
v 0.1840000 0.6790000 0.5000000
v 0.1955000 0.6549737 0.4389007
v 0.1955000 0.6590815 0.5000000
v 0.1955000 0.6590815 0.5000000
v 0.1955000 0.6549737 0.4389007
v 0.2185000 0.6549737 0.4389007
v 0.1955000 0.6590815 0.5000000
v 0.2185000 0.6549737 0.4389007
v 0.2185000 0.6590815 0.5000000
v 0.2185000 0.6590815 0.5000000
v 0.2185000 0.6549737 0.4389007
v 0.2300000 0.6746223 0.4356319
v 0.2185000 0.6590815 0.5000000
v 0.2300000 0.6746223 0.4356319
v 0.2300000 0.6790000 0.5000000
v 0.2185000 0.6942710 0.5676369
v 0.2300000 0.6746224 0.5643681
v 0.2300000 0.6790000 0.5000000
v 0.2185000 0.6942710 0.5676369
v 0.2300000 0.6790000 0.5000000
v 0.2185000 0.6989186 0.5000000
v 0.1955000 0.6942710 0.5676369
v 0.2185000 0.6942710 0.5676369
v 0.2185000 0.6989186 0.5000000
v 0.1955000 0.6942710 0.5676369
v 0.2185000 0.6989186 0.5000000
v 0.1955000 0.6989186 0.5000000
v 0.1840000 0.6746224 0.5643681
v 0.1955000 0.6942710 0.5676369
v 0.1955000 0.6989186 0.5000000
v 0.1840000 0.6746224 0.5643681
v 0.1955000 0.6989186 0.5000000
v 0.1840000 0.6790000 0.5000000
v 0.1840000 0.6746224 0.5643681
v 0.1840000 0.6790000 0.5000000
v 0.1955000 0.6590815 0.5000000
v 0.1840000 0.6746224 0.5643681
v 0.1955000 0.6590815 0.5000000
v 0.1955000 0.6549739 0.5610993
v 0.1955000 0.6549739 0.5610993
v 0.1955000 0.6590815 0.5000000
v 0.2185000 0.6590815 0.5000000
v 0.1955000 0.6549739 0.5610993
v 0.2185000 0.6590815 0.5000000
v 0.2185000 0.6549739 0.5610993
v 0.2185000 0.6549739 0.5610993
v 0.2185000 0.6590815 0.5000000
v 0.2300000 0.6790000 0.5000000
v 0.2185000 0.6549739 0.5610993
v 0.2300000 0.6790000 0.5000000
v 0.2300000 0.6746224 0.5643681
v 0.2185000 0.6782815 0.6273102
v 0.2300000 0.6596310 0.6203168
v 0.2300000 0.6746224 0.5643681
v 0.2185000 0.6782815 0.6273102
v 0.2300000 0.6746224 0.5643681
v 0.2185000 0.6942710 0.5676369
v 0.1955000 0.6782815 0.6273102
v 0.2185000 0.6782815 0.6273102
v 0.2185000 0.6942710 0.5676369
v 0.1955000 0.6782815 0.6273102
v 0.2185000 0.6942710 0.5676369
v 0.1955000 0.6942710 0.5676369
v 0.1840000 0.6596310 0.6203168
v 0.1955000 0.6782815 0.6273102
v 0.1955000 0.6942710 0.5676369
v 0.1840000 0.6596310 0.6203168
v 0.1955000 0.6942710 0.5676369
v 0.1840000 0.6746224 0.5643681
v 0.1840000 0.6596310 0.6203168
v 0.1840000 0.6746224 0.5643681
v 0.1955000 0.6549739 0.5610993
v 0.1840000 0.6596310 0.6203168
v 0.1955000 0.6549739 0.5610993
v 0.1955000 0.6409805 0.6133233
v 0.1955000 0.6409805 0.6133233
v 0.1955000 0.6549739 0.5610993
v 0.2185000 0.6549739 0.5610993
v 0.1955000 0.6409805 0.6133233
v 0.2185000 0.6549739 0.5610993
v 0.2185000 0.6409805 0.6133233
v 0.2185000 0.6409805 0.6133233
v 0.2185000 0.6549739 0.5610993
v 0.2300000 0.6746224 0.5643681
v 0.2185000 0.6409805 0.6133233
v 0.2300000 0.6746224 0.5643681
v 0.2300000 0.6596310 0.6203168
v 0.2185000 0.6484879 0.6882093
v 0.2300000 0.6312380 0.6782500
v 0.2300000 0.6596310 0.6203168
v 0.2185000 0.6484879 0.6882093
v 0.2300000 0.6596310 0.6203168
v 0.2185000 0.6782815 0.6273102
v 0.1955000 0.6484879 0.6882093
v 0.2185000 0.6484879 0.6882093
v 0.2185000 0.6782815 0.6273102
v 0.1955000 0.6484879 0.6882093
v 0.2185000 0.6782815 0.6273102
v 0.1955000 0.6782815 0.6273102
v 0.1840000 0.6312380 0.6782500
v 0.1955000 0.6484879 0.6882093
v 0.1955000 0.6782815 0.6273102
v 0.1840000 0.6312380 0.6782500
v 0.1955000 0.6782815 0.6273102
v 0.1840000 0.6596310 0.6203168
v 0.1840000 0.6312380 0.6782500
v 0.1840000 0.6596310 0.6203168
v 0.1955000 0.6409805 0.6133233
v 0.1840000 0.6312380 0.6782500
v 0.1955000 0.6409805 0.6133233
v 0.1955000 0.6139880 0.6682907
v 0.1955000 0.6139880 0.6682907
v 0.1955000 0.6409805 0.6133233
v 0.2185000 0.6409805 0.6133233
v 0.1955000 0.6139880 0.6682907
v 0.2185000 0.6409805 0.6133233
v 0.2185000 0.6139880 0.6682907
v 0.2185000 0.6139880 0.6682907
v 0.2185000 0.6409805 0.6133233
v 0.2300000 0.6596310 0.6203168
v 0.2185000 0.6139880 0.6682907
v 0.2300000 0.6596310 0.6203168
v 0.2300000 0.6312380 0.6782500
v 0.2185000 0.6106445 0.7444607
v 0.2300000 0.5952628 0.7318056
v 0.2300000 0.6312380 0.6782500
v 0.2185000 0.6106445 0.7444607
v 0.2300000 0.6312380 0.6782500
v 0.2185000 0.6484879 0.6882093
v 0.1955000 0.6106445 0.7444607
v 0.2185000 0.6106445 0.7444607
v 0.2185000 0.6484879 0.6882093
v 0.1955000 0.6106445 0.7444607
v 0.2185000 0.6484879 0.6882093
v 0.1955000 0.6484879 0.6882093
v 0.1840000 0.5952628 0.7318056
v 0.1955000 0.6106445 0.7444607
v 0.1955000 0.6484879 0.6882093
v 0.1840000 0.5952628 0.7318056
v 0.1955000 0.6484879 0.6882093
v 0.1840000 0.6312380 0.6782500
v 0.1840000 0.5952628 0.7318056
v 0.1840000 0.6312380 0.6782500
v 0.1955000 0.6139880 0.6682907
v 0.1840000 0.5952628 0.7318056
v 0.1955000 0.6139880 0.6682907
v 0.1955000 0.5798811 0.7191505
v 0.1955000 0.5798811 0.7191505
v 0.1955000 0.6139880 0.6682907
v 0.2185000 0.6139880 0.6682907
v 0.1955000 0.5798811 0.7191505
v 0.2185000 0.6139880 0.6682907
v 0.2185000 0.5798811 0.7191505
v 0.2185000 0.5798811 0.7191505
v 0.2185000 0.6139880 0.6682907
v 0.2300000 0.6312380 0.6782500
v 0.2185000 0.5798811 0.7191505
v 0.2300000 0.6312380 0.6782500
v 0.2300000 0.5952628 0.7318056
v 0.2185000 0.5669606 0.7881446
v 0.2300000 0.5543054 0.7727629
v 0.2300000 0.5952628 0.7318056
v 0.2185000 0.5669606 0.7881446
v 0.2300000 0.5952628 0.7318056
v 0.2185000 0.6106445 0.7444607
v 0.1955000 0.5669606 0.7881446
v 0.2185000 0.5669606 0.7881446
v 0.2185000 0.6106445 0.7444607
v 0.1955000 0.5669606 0.7881446
v 0.2185000 0.6106445 0.7444607
v 0.1955000 0.6106445 0.7444607
v 0.1840000 0.5543054 0.7727629
v 0.1955000 0.5669606 0.7881446
v 0.1955000 0.6106445 0.7444607
v 0.1840000 0.5543054 0.7727629
v 0.1955000 0.6106445 0.7444607
v 0.1840000 0.5952628 0.7318056
v 0.1840000 0.5543054 0.7727629
v 0.1840000 0.5952628 0.7318056
v 0.1955000 0.5798811 0.7191505
v 0.1840000 0.5543054 0.7727629
v 0.1955000 0.5798811 0.7191505
v 0.1955000 0.5416503 0.7573811
v 0.1955000 0.5416503 0.7573811
v 0.1955000 0.5798811 0.7191505
v 0.2185000 0.5798811 0.7191505
v 0.1955000 0.5416503 0.7573811
v 0.2185000 0.5798811 0.7191505
v 0.2185000 0.5416503 0.7573811
v 0.2185000 0.5416503 0.7573811
v 0.2185000 0.5798811 0.7191505
v 0.2300000 0.5952628 0.7318056
v 0.2185000 0.5416503 0.7573811
v 0.2300000 0.5952628 0.7318056
v 0.2300000 0.5543054 0.7727629
v 0.2185000 0.5101645 0.8262913
v 0.2300000 0.5007499 0.8087381
v 0.2300000 0.5543054 0.7727629
v 0.2185000 0.5101645 0.8262913
v 0.2300000 0.5543054 0.7727629
v 0.2185000 0.5669606 0.7881446
v 0.1955000 0.5101645 0.8262913
v 0.2185000 0.5101645 0.8262913
v 0.2185000 0.5669606 0.7881446
v 0.1955000 0.5101645 0.8262913
v 0.2185000 0.5669606 0.7881446
v 0.1955000 0.5669606 0.7881446
v 0.1840000 0.5007499 0.8087381
v 0.1955000 0.5101645 0.8262913
v 0.1955000 0.5669606 0.7881446
v 0.1840000 0.5007499 0.8087381
v 0.1955000 0.5669606 0.7881446
v 0.1840000 0.5543054 0.7727629
v 0.1840000 0.5007499 0.8087381
v 0.1840000 0.5543054 0.7727629
v 0.1955000 0.5416503 0.7573811
v 0.1840000 0.5007499 0.8087381
v 0.1955000 0.5416503 0.7573811
v 0.1955000 0.4913354 0.7911848
v 0.1955000 0.4913354 0.7911848
v 0.1955000 0.5416503 0.7573811
v 0.2185000 0.5416503 0.7573811
v 0.1955000 0.4913354 0.7911848
v 0.2185000 0.5416503 0.7573811
v 0.2185000 0.4913354 0.7911848
v 0.2185000 0.4913354 0.7911848
v 0.2185000 0.5416503 0.7573811
v 0.2300000 0.5543054 0.7727629
v 0.2185000 0.4913354 0.7911848
v 0.2300000 0.5543054 0.7727629
v 0.2300000 0.5007499 0.8087381
v 0.2185000 0.4479936 0.8520661
v 0.2300000 0.4422712 0.8329872
v 0.2300000 0.5007499 0.8087381
v 0.2185000 0.4479936 0.8520661
v 0.2300000 0.5007499 0.8087381
v 0.2185000 0.5101645 0.8262913
v 0.1955000 0.4479936 0.8520661
v 0.2185000 0.4479936 0.8520661
v 0.2185000 0.5101645 0.8262913
v 0.1955000 0.4479936 0.8520661
v 0.2185000 0.5101645 0.8262913
v 0.1955000 0.5101645 0.8262913
v 0.1840000 0.4422712 0.8329872
v 0.1955000 0.4479936 0.8520661
v 0.1955000 0.5101645 0.8262913
v 0.1840000 0.4422712 0.8329872
v 0.1955000 0.5101645 0.8262913
v 0.1840000 0.5007499 0.8087381
v 0.1840000 0.4422712 0.8329872
v 0.1840000 0.5007499 0.8087381
v 0.1955000 0.4913354 0.7911848
v 0.1840000 0.4422712 0.8329872
v 0.1955000 0.4913354 0.7911848
v 0.1955000 0.4365488 0.8139083
v 0.1955000 0.4365488 0.8139083
v 0.1955000 0.4913354 0.7911848
v 0.2185000 0.4913354 0.7911848
v 0.1955000 0.4365488 0.8139083
v 0.2185000 0.4913354 0.7911848
v 0.2185000 0.4365488 0.8139083
v 0.2185000 0.4365488 0.8139083
v 0.2185000 0.4913354 0.7911848
v 0.2300000 0.5007499 0.8087381
v 0.2185000 0.4365488 0.8139083
v 0.2300000 0.5007499 0.8087381
v 0.2300000 0.4422712 0.8329872
v 0.2185000 0.3896097 0.8633813
v 0.2300000 0.3857770 0.8438349
v 0.2300000 0.4422712 0.8329872
v 0.2185000 0.3896097 0.8633813
v 0.2300000 0.4422712 0.8329872
v 0.2185000 0.4479936 0.8520661
v 0.1955000 0.3896097 0.8633813
v 0.2185000 0.3896097 0.8633813
v 0.2185000 0.4479936 0.8520661
v 0.1955000 0.3896097 0.8633813
v 0.2185000 0.4479936 0.8520661
v 0.1955000 0.4479936 0.8520661
v 0.1840000 0.3857770 0.8438349
v 0.1955000 0.3896097 0.8633813
v 0.1955000 0.4479936 0.8520661
v 0.1840000 0.3857770 0.8438349
v 0.1955000 0.4479936 0.8520661
v 0.1840000 0.4422712 0.8329872
v 0.1840000 0.3857770 0.8438349
v 0.1840000 0.4422712 0.8329872
v 0.1955000 0.4365488 0.8139083
v 0.1840000 0.3857770 0.8438349
v 0.1955000 0.4365488 0.8139083
v 0.1955000 0.3819443 0.8242885
v 0.1955000 0.3819443 0.8242885
v 0.1955000 0.4365488 0.8139083
v 0.2185000 0.4365488 0.8139083
v 0.1955000 0.3819443 0.8242885
v 0.2185000 0.4365488 0.8139083
v 0.2185000 0.3819443 0.8242885
v 0.2185000 0.3819443 0.8242885
v 0.2185000 0.4365488 0.8139083
v 0.2300000 0.4422712 0.8329872
v 0.2185000 0.3819443 0.8242885
v 0.2300000 0.4422712 0.8329872
v 0.2300000 0.3857770 0.8438349
v 0.2185000 0.3276553 0.8757399
v 0.2300000 0.3225000 0.8565000
v 0.2300000 0.3857770 0.8438349
v 0.2185000 0.3276553 0.8757399
v 0.2300000 0.3857770 0.8438349
v 0.2185000 0.3896097 0.8633813
v 0.1955000 0.3276553 0.8757399
v 0.2185000 0.3276553 0.8757399
v 0.2185000 0.3896097 0.8633813
v 0.1955000 0.3276553 0.8757399
v 0.2185000 0.3896097 0.8633813
v 0.1955000 0.3896097 0.8633813
v 0.1840000 0.3225000 0.8565000
v 0.1955000 0.3276553 0.8757399
v 0.1955000 0.3896097 0.8633813
v 0.1840000 0.3225000 0.8565000
v 0.1955000 0.3896097 0.8633813
v 0.1840000 0.3857770 0.8438349
v 0.1840000 0.3225000 0.8565000
v 0.1840000 0.3857770 0.8438349
v 0.1955000 0.3819443 0.8242885
v 0.1840000 0.3225000 0.8565000
v 0.1955000 0.3819443 0.8242885
v 0.1955000 0.3173447 0.8372601
v 0.1955000 0.3173447 0.8372601
v 0.1955000 0.3819443 0.8242885
v 0.2185000 0.3819443 0.8242885
v 0.1955000 0.3173447 0.8372601
v 0.2185000 0.3819443 0.8242885
v 0.2185000 0.3173447 0.8372601
v 0.2185000 0.3173447 0.8372601
v 0.2185000 0.3819443 0.8242885
v 0.2300000 0.3857770 0.8438349
v 0.2185000 0.3173447 0.8372601
v 0.2300000 0.3857770 0.8438349
v 0.2300000 0.3225000 0.8565000
v 0.2001000 0.1914001 0.8823750
v 0.2001000 0.1845001 0.8754750
v 0.2070000 0.1914001 0.8754750
v 0.2001000 0.1845001 0.8375250
v 0.2001000 0.1914001 0.8306250
v 0.2070000 0.1914001 0.8375250
v 0.2001000 0.3271000 0.8823750
v 0.2070000 0.3271000 0.8754750
v 0.2001000 0.3340000 0.8754750
v 0.2001000 0.3340000 0.8375250
v 0.2070000 0.3271000 0.8375250
v 0.2001000 0.3271000 0.8306250
v 0.0000000 0.1845001 0.8754750
v 0.2001000 0.1845001 0.8754750
v 0.0000000 0.1896529 0.8806278
v 0.0000000 0.1896529 0.8806278
v 0.2001000 0.1845001 0.8754750
v 0.2001000 0.1914001 0.8823750
v 0.0000000 0.1896529 0.8806278
v 0.2001000 0.1914001 0.8823750
v 0.0000000 0.1914001 0.8823750
v 0.0000000 0.1914001 0.8306250
v 0.2001000 0.1914001 0.8306250
v 0.0000000 0.1862473 0.8357778
v 0.0000000 0.1862473 0.8357778
v 0.2001000 0.1914001 0.8306250
v 0.2001000 0.1845001 0.8375250
v 0.0000000 0.1862473 0.8357778
v 0.2001000 0.1845001 0.8375250
v 0.0000000 0.1845001 0.8375250
v 0.2001000 0.1845001 0.8754750
v 0.2001000 0.1845001 0.8375250
v 0.2070000 0.1914001 0.8375250
v 0.2001000 0.1845001 0.8754750
v 0.2070000 0.1914001 0.8375250
v 0.2070000 0.1914001 0.8754750
v 0.0000000 0.3271000 0.8823750
v 0.2001000 0.3271000 0.8823750
v 0.2001000 0.3340000 0.8754750
v 0.0000000 0.3271000 0.8823750
v 0.2001000 0.3340000 0.8754750
v 0.0000000 0.3288472 0.8806278
v 0.0000000 0.3288472 0.8806278
v 0.2001000 0.3340000 0.8754750
v 0.0000000 0.3340000 0.8754750
v 0.2001000 0.3340000 0.8754750
v 0.2070000 0.3271000 0.8754750
v 0.2070000 0.3271000 0.8375250
v 0.2001000 0.3340000 0.8754750
v 0.2070000 0.3271000 0.8375250
v 0.2001000 0.3340000 0.8375250
v 0.0000000 0.3340000 0.8375250
v 0.2001000 0.3340000 0.8375250
v 0.2001000 0.3271000 0.8306250
v 0.0000000 0.3340000 0.8375250
v 0.2001000 0.3271000 0.8306250
v 0.0000000 0.3322528 0.8357778
v 0.0000000 0.3322528 0.8357778
v 0.2001000 0.3271000 0.8306250
v 0.0000000 0.3271000 0.8306250
v 0.2001000 0.1914001 0.8823750
v 0.2070000 0.1914001 0.8754750
v 0.2070000 0.3271000 0.8754750
v 0.2001000 0.1914001 0.8823750
v 0.2070000 0.3271000 0.8754750
v 0.2001000 0.3271000 0.8823750
v 0.2001000 0.1914001 0.8306250
v 0.2001000 0.3271000 0.8306250
v 0.2070000 0.3271000 0.8375250
v 0.2001000 0.1914001 0.8306250
v 0.2070000 0.3271000 0.8375250
v 0.2070000 0.1914001 0.8375250
v 0.0000000 0.1914001 0.8823750
v 0.2001000 0.1914001 0.8823750
v 0.2001000 0.3271000 0.8823750
v 0.0000000 0.1914001 0.8823750
v 0.2001000 0.3271000 0.8823750
v 0.0000000 0.2257619 0.8823750
v 0.0000000 0.2257619 0.8823750
v 0.2001000 0.3271000 0.8823750
v 0.0000000 0.3271000 0.8823750
v 0.0000000 0.1845001 0.8375250
v 0.2001000 0.1845001 0.8375250
v 0.0000000 0.1845001 0.8658653
v 0.0000000 0.1845001 0.8658653
v 0.2001000 0.1845001 0.8375250
v 0.2001000 0.1845001 0.8754750
v 0.0000000 0.1845001 0.8658653
v 0.2001000 0.1845001 0.8754750
v 0.0000000 0.1845001 0.8754750
v 0.2070000 0.1914001 0.8754750
v 0.2070000 0.1914001 0.8375250
v 0.2070000 0.3271000 0.8375250
v 0.2070000 0.1914001 0.8754750
v 0.2070000 0.3271000 0.8375250
v 0.2070000 0.3271000 0.8754750
v 0.0000000 0.3271000 0.8306250
v 0.2001000 0.3271000 0.8306250
v 0.0000000 0.2257619 0.8306250
v 0.0000000 0.2257619 0.8306250
v 0.2001000 0.3271000 0.8306250
v 0.2001000 0.1914001 0.8306250
v 0.0000000 0.2257619 0.8306250
v 0.2001000 0.1914001 0.8306250
v 0.0000000 0.1914001 0.8306250
v 0.0000000 0.3340000 0.8754750
v 0.2001000 0.3340000 0.8754750
v 0.2001000 0.3340000 0.8375250
v 0.0000000 0.3340000 0.8754750
v 0.2001000 0.3340000 0.8375250
v 0.0000000 0.3340000 0.8658653
v 0.0000000 0.3340000 0.8658653
v 0.2001000 0.3340000 0.8375250
v 0.0000000 0.3340000 0.8375250
v 0.1811250 0.1936998 0.8473000
v 0.1673250 0.1936998 0.8335000
v 0.1673250 0.2074999 0.8473000
v 0.1546750 0.1936998 0.8335000
v 0.1408750 0.1936998 0.8473000
v 0.1546750 0.2074999 0.8473000
v 0.1546750 0.2074999 0.8657000
v 0.1408750 0.1936998 0.8657000
v 0.1546750 0.1936998 0.8795000
v 0.1811250 0.1936998 0.8657000
v 0.1673250 0.2074999 0.8657000
v 0.1673250 0.1936998 0.8795000
v 0.1811250 0.1936998 0.8473000
v 0.1673250 0.2074999 0.8473000
v 0.1673250 0.2074999 0.8657000
v 0.1811250 0.1936998 0.8473000
v 0.1673250 0.2074999 0.8657000
v 0.1811250 0.1936998 0.8657000
v 0.1673250 0.1936998 0.8335000
v 0.1546750 0.1936998 0.8335000
v 0.1546750 0.2074999 0.8473000
v 0.1673250 0.1936998 0.8335000
v 0.1546750 0.2074999 0.8473000
v 0.1673250 0.2074999 0.8473000
v 0.1546750 0.2074999 0.8473000
v 0.1408750 0.1936998 0.8473000
v 0.1408750 0.1936998 0.8657000
v 0.1546750 0.2074999 0.8473000
v 0.1408750 0.1936998 0.8657000
v 0.1546750 0.2074999 0.8657000
v 0.1673250 0.2074999 0.8657000
v 0.1546750 0.2074999 0.8657000
v 0.1546750 0.1936998 0.8795000
v 0.1673250 0.2074999 0.8657000
v 0.1546750 0.1936998 0.8795000
v 0.1673250 0.1936998 0.8795000
v 0.1673250 0.0000000 0.8335000
v 0.1673250 0.1936998 0.8335000
v 0.1703204 0.0000000 0.8364954
v 0.1703204 0.0000000 0.8364954
v 0.1673250 0.1936998 0.8335000
v 0.1811250 0.1936998 0.8473000
v 0.1703204 0.0000000 0.8364954
v 0.1811250 0.1936998 0.8473000
v 0.1811250 0.0000000 0.8473000
v 0.1408750 0.0000000 0.8473000
v 0.1408750 0.1936998 0.8473000
v 0.1438704 0.0000000 0.8443046
v 0.1438704 0.0000000 0.8443046
v 0.1408750 0.1936998 0.8473000
v 0.1546750 0.1936998 0.8335000
v 0.1438704 0.0000000 0.8443046
v 0.1546750 0.1936998 0.8335000
v 0.1546750 0.0000000 0.8335000
v 0.1546750 0.0000000 0.8795000
v 0.1546750 0.1936998 0.8795000
v 0.1408750 0.1936998 0.8657000
v 0.1546750 0.0000000 0.8795000
v 0.1408750 0.1936998 0.8657000
v 0.1438704 0.0000000 0.8686954
v 0.1438704 0.0000000 0.8686954
v 0.1408750 0.1936998 0.8657000
v 0.1408750 0.0000000 0.8657000
v 0.1811250 0.0000000 0.8657000
v 0.1811250 0.1936998 0.8657000
v 0.1673250 0.1936998 0.8795000
v 0.1811250 0.0000000 0.8657000
v 0.1673250 0.1936998 0.8795000
v 0.1703204 0.0000000 0.8765046
v 0.1703204 0.0000000 0.8765046
v 0.1673250 0.1936998 0.8795000
v 0.1673250 0.0000000 0.8795000
v 0.1546750 0.0000000 0.8335000
v 0.1546750 0.1936998 0.8335000
v 0.1574207 0.0000000 0.8335000
v 0.1574207 0.0000000 0.8335000
v 0.1546750 0.1936998 0.8335000
v 0.1673250 0.1936998 0.8335000
v 0.1574207 0.0000000 0.8335000
v 0.1673250 0.1936998 0.8335000
v 0.1673250 0.0000000 0.8335000
v 0.1811250 0.0000000 0.8473000
v 0.1811250 0.1936998 0.8473000
v 0.1811250 0.1936998 0.8657000
v 0.1811250 0.0000000 0.8473000
v 0.1811250 0.1936998 0.8657000
v 0.1811250 0.0000000 0.8617062
v 0.1811250 0.0000000 0.8617062
v 0.1811250 0.1936998 0.8657000
v 0.1811250 0.0000000 0.8657000
v 0.1408750 0.0000000 0.8657000
v 0.1408750 0.1936998 0.8657000
v 0.1408750 0.0000000 0.8617062
v 0.1408750 0.0000000 0.8617062
v 0.1408750 0.1936998 0.8657000
v 0.1408750 0.1936998 0.8473000
v 0.1408750 0.0000000 0.8617062
v 0.1408750 0.1936998 0.8473000
v 0.1408750 0.0000000 0.8473000
v 0.1673250 0.0000000 0.8795000
v 0.1673250 0.1936998 0.8795000
v 0.1546750 0.1936998 0.8795000
v 0.1673250 0.0000000 0.8795000
v 0.1546750 0.1936998 0.8795000
v 0.1574207 0.0000000 0.8795000
v 0.1574207 0.0000000 0.8795000
v 0.1546750 0.1936998 0.8795000
v 0.1546750 0.0000000 0.8795000
v 0.1673250 0.2074999 0.8473000
v 0.1546750 0.2074999 0.8473000
v 0.1546750 0.2074999 0.8657000
v 0.1673250 0.2074999 0.8473000
v 0.1546750 0.2074999 0.8657000
v 0.1673250 0.2074999 0.8657000
v 0.1495000 0.3397499 0.8764186
v 0.1495000 0.3788500 0.8764186
v 0.1380000 0.3788500 0.8565000
v 0.1495000 0.3397499 0.8764186
v 0.1380000 0.3788500 0.8565000
v 0.1380000 0.3397499 0.8565000
v 0.1725000 0.3397499 0.8764186
v 0.1725000 0.3788500 0.8764186
v 0.1495000 0.3788500 0.8764186
v 0.1725000 0.3397499 0.8764186
v 0.1495000 0.3788500 0.8764186
v 0.1495000 0.3397499 0.8764186
v 0.1840000 0.3397499 0.8565000
v 0.1840000 0.3788500 0.8565000
v 0.1725000 0.3788500 0.8764186
v 0.1840000 0.3397499 0.8565000
v 0.1725000 0.3788500 0.8764186
v 0.1725000 0.3397499 0.8764186
v 0.1840000 0.3397499 0.8565000
v 0.1725000 0.3397499 0.8365814
v 0.1725000 0.3788500 0.8365814
v 0.1840000 0.3397499 0.8565000
v 0.1725000 0.3788500 0.8365814
v 0.1840000 0.3788500 0.8565000
v 0.1725000 0.3397499 0.8365814
v 0.1495000 0.3397499 0.8365814
v 0.1495000 0.3788500 0.8365814
v 0.1725000 0.3397499 0.8365814
v 0.1495000 0.3788500 0.8365814
v 0.1725000 0.3788500 0.8365814
v 0.1495000 0.3397499 0.8365814
v 0.1380000 0.3397499 0.8565000
v 0.1380000 0.3788500 0.8565000
v 0.1495000 0.3397499 0.8365814
v 0.1380000 0.3788500 0.8565000
v 0.1495000 0.3788500 0.8365814
v 0.1840000 0.3397499 0.8565000
v 0.1725000 0.3397499 0.8764186
v 0.1495000 0.3397499 0.8764186
v 0.1840000 0.3397499 0.8565000
v 0.1495000 0.3397499 0.8764186
v 0.1380000 0.3397499 0.8565000
v 0.1840000 0.3397499 0.8565000
v 0.1380000 0.3397499 0.8565000
v 0.1495000 0.3397499 0.8365814
v 0.1840000 0.3397499 0.8565000
v 0.1495000 0.3397499 0.8365814
v 0.1725000 0.3397499 0.8365814
v 0.1840000 0.3788500 0.8565000
v 0.1725000 0.3788500 0.8365814
v 0.1495000 0.3788500 0.8365814
v 0.1840000 0.3788500 0.8565000
v 0.1495000 0.3788500 0.8365814
v 0.1380000 0.3788500 0.8565000
v 0.1840000 0.3788500 0.8565000
v 0.1380000 0.3788500 0.8565000
v 0.1495000 0.3788500 0.8764186
v 0.1840000 0.3788500 0.8565000
v 0.1495000 0.3788500 0.8764186
v 0.1725000 0.3788500 0.8764186
v 0.2001000 0.1914001 0.1693750
v 0.2001000 0.1845001 0.1624750
v 0.2070000 0.1914001 0.1624750
v 0.2001000 0.1845001 0.1245250
v 0.2001000 0.1914001 0.1176250
v 0.2070000 0.1914001 0.1245250
v 0.2001000 0.3271000 0.1693750
v 0.2070000 0.3271000 0.1624750
v 0.2001000 0.3340000 0.1624750
v 0.2001000 0.3340000 0.1245250
v 0.2070000 0.3271000 0.1245250
v 0.2001000 0.3271000 0.1176250
v 0.0000000 0.1845001 0.1624750
v 0.2001000 0.1845001 0.1624750
v 0.0000000 0.1896529 0.1676278
v 0.0000000 0.1896529 0.1676278
v 0.2001000 0.1845001 0.1624750
v 0.2001000 0.1914001 0.1693750
v 0.0000000 0.1896529 0.1676278
v 0.2001000 0.1914001 0.1693750
v 0.0000000 0.1914001 0.1693750
v 0.0000000 0.1914001 0.1176250
v 0.2001000 0.1914001 0.1176250
v 0.0000000 0.1862473 0.1227778
v 0.0000000 0.1862473 0.1227778
v 0.2001000 0.1914001 0.1176250
v 0.2001000 0.1845001 0.1245250
v 0.0000000 0.1862473 0.1227778
v 0.2001000 0.1845001 0.1245250
v 0.0000000 0.1845001 0.1245250
v 0.2001000 0.1845001 0.1624750
v 0.2001000 0.1845001 0.1245250
v 0.2070000 0.1914001 0.1245250
v 0.2001000 0.1845001 0.1624750
v 0.2070000 0.1914001 0.1245250
v 0.2070000 0.1914001 0.1624750
v 0.0000000 0.3271000 0.1693750
v 0.2001000 0.3271000 0.1693750
v 0.2001000 0.3340000 0.1624750
v 0.0000000 0.3271000 0.1693750
v 0.2001000 0.3340000 0.1624750
v 0.0000000 0.3288472 0.1676278
v 0.0000000 0.3288472 0.1676278
v 0.2001000 0.3340000 0.1624750
v 0.0000000 0.3340000 0.1624750
v 0.2001000 0.3340000 0.1624750
v 0.2070000 0.3271000 0.1624750
v 0.2070000 0.3271000 0.1245250
v 0.2001000 0.3340000 0.1624750
v 0.2070000 0.3271000 0.1245250
v 0.2001000 0.3340000 0.1245250
v 0.0000000 0.3340000 0.1245250
v 0.2001000 0.3340000 0.1245250
v 0.2001000 0.3271000 0.1176250
v 0.0000000 0.3340000 0.1245250
v 0.2001000 0.3271000 0.1176250
v 0.0000000 0.3322528 0.1227778
v 0.0000000 0.3322528 0.1227778
v 0.2001000 0.3271000 0.1176250
v 0.0000000 0.3271000 0.1176250
v 0.2001000 0.1914001 0.1693750
v 0.2070000 0.1914001 0.1624750
v 0.2070000 0.3271000 0.1624750
v 0.2001000 0.1914001 0.1693750
v 0.2070000 0.3271000 0.1624750
v 0.2001000 0.3271000 0.1693750
v 0.2001000 0.1914001 0.1176250
v 0.2001000 0.3271000 0.1176250
v 0.2070000 0.3271000 0.1245250
v 0.2001000 0.1914001 0.1176250
v 0.2070000 0.3271000 0.1245250
v 0.2070000 0.1914001 0.1245250
v 0.0000000 0.1914001 0.1693750
v 0.2001000 0.1914001 0.1693750
v 0.2001000 0.3271000 0.1693750
v 0.0000000 0.1914001 0.1693750
v 0.2001000 0.3271000 0.1693750
v 0.0000000 0.2257619 0.1693750
v 0.0000000 0.2257619 0.1693750
v 0.2001000 0.3271000 0.1693750
v 0.0000000 0.3271000 0.1693750
v 0.0000000 0.1845001 0.1245250
v 0.2001000 0.1845001 0.1245250
v 0.0000000 0.1845001 0.1528653
v 0.0000000 0.1845001 0.1528653
v 0.2001000 0.1845001 0.1245250
v 0.2001000 0.1845001 0.1624750
v 0.0000000 0.1845001 0.1528653
v 0.2001000 0.1845001 0.1624750
v 0.0000000 0.1845001 0.1624750
v 0.2070000 0.1914001 0.1624750
v 0.2070000 0.1914001 0.1245250
v 0.2070000 0.3271000 0.1245250
v 0.2070000 0.1914001 0.1624750
v 0.2070000 0.3271000 0.1245250
v 0.2070000 0.3271000 0.1624750
v 0.0000000 0.3271000 0.1176250
v 0.2001000 0.3271000 0.1176250
v 0.0000000 0.2257619 0.1176250
v 0.0000000 0.2257619 0.1176250
v 0.2001000 0.3271000 0.1176250
v 0.2001000 0.1914001 0.1176250
v 0.0000000 0.2257619 0.1176250
v 0.2001000 0.1914001 0.1176250
v 0.0000000 0.1914001 0.1176250
v 0.0000000 0.3340000 0.1624750
v 0.2001000 0.3340000 0.1624750
v 0.2001000 0.3340000 0.1245250
v 0.0000000 0.3340000 0.1624750
v 0.2001000 0.3340000 0.1245250
v 0.0000000 0.3340000 0.1528653
v 0.0000000 0.3340000 0.1528653
v 0.2001000 0.3340000 0.1245250
v 0.0000000 0.3340000 0.1245250
v 0.1811250 0.1936998 0.1343000
v 0.1673250 0.1936998 0.1205000
v 0.1673250 0.2074999 0.1343000
v 0.1546750 0.1936998 0.1205000
v 0.1408750 0.1936998 0.1343000
v 0.1546750 0.2074999 0.1343000
v 0.1546750 0.2074999 0.1527000
v 0.1408750 0.1936998 0.1527000
v 0.1546750 0.1936998 0.1665000
v 0.1811250 0.1936998 0.1527000
v 0.1673250 0.2074999 0.1527000
v 0.1673250 0.1936998 0.1665000
v 0.1811250 0.1936998 0.1343000
v 0.1673250 0.2074999 0.1343000
v 0.1673250 0.2074999 0.1527000
v 0.1811250 0.1936998 0.1343000
v 0.1673250 0.2074999 0.1527000
v 0.1811250 0.1936998 0.1527000
v 0.1673250 0.1936998 0.1205000
v 0.1546750 0.1936998 0.1205000
v 0.1546750 0.2074999 0.1343000
v 0.1673250 0.1936998 0.1205000
v 0.1546750 0.2074999 0.1343000
v 0.1673250 0.2074999 0.1343000
v 0.1546750 0.2074999 0.1343000
v 0.1408750 0.1936998 0.1343000
v 0.1408750 0.1936998 0.1527000
v 0.1546750 0.2074999 0.1343000
v 0.1408750 0.1936998 0.1527000
v 0.1546750 0.2074999 0.1527000
v 0.1673250 0.2074999 0.1527000
v 0.1546750 0.2074999 0.1527000
v 0.1546750 0.1936998 0.1665000
v 0.1673250 0.2074999 0.1527000
v 0.1546750 0.1936998 0.1665000
v 0.1673250 0.1936998 0.1665000
v 0.1673250 0.0000000 0.1205000
v 0.1673250 0.1936998 0.1205000
v 0.1703204 0.0000000 0.1234954
v 0.1703204 0.0000000 0.1234954
v 0.1673250 0.1936998 0.1205000
v 0.1811250 0.1936998 0.1343000
v 0.1703204 0.0000000 0.1234954
v 0.1811250 0.1936998 0.1343000
v 0.1811250 0.0000000 0.1343000
v 0.1408750 0.0000000 0.1343000
v 0.1408750 0.1936998 0.1343000
v 0.1438704 0.0000000 0.1313046
v 0.1438704 0.0000000 0.1313046
v 0.1408750 0.1936998 0.1343000
v 0.1546750 0.1936998 0.1205000
v 0.1438704 0.0000000 0.1313046
v 0.1546750 0.1936998 0.1205000
v 0.1546750 0.0000000 0.1205000
v 0.1546750 0.0000000 0.1665000
v 0.1546750 0.1936998 0.1665000
v 0.1408750 0.1936998 0.1527000
v 0.1546750 0.0000000 0.1665000
v 0.1408750 0.1936998 0.1527000
v 0.1438704 0.0000000 0.1556954
v 0.1438704 0.0000000 0.1556954
v 0.1408750 0.1936998 0.1527000
v 0.1408750 0.0000000 0.1527000
v 0.1811250 0.0000000 0.1527000
v 0.1811250 0.1936998 0.1527000
v 0.1673250 0.1936998 0.1665000
v 0.1811250 0.0000000 0.1527000
v 0.1673250 0.1936998 0.1665000
v 0.1703204 0.0000000 0.1635046
v 0.1703204 0.0000000 0.1635046
v 0.1673250 0.1936998 0.1665000
v 0.1673250 0.0000000 0.1665000
v 0.1546750 0.0000000 0.1205000
v 0.1546750 0.1936998 0.1205000
v 0.1574207 0.0000000 0.1205000
v 0.1574207 0.0000000 0.1205000
v 0.1546750 0.1936998 0.1205000
v 0.1673250 0.1936998 0.1205000
v 0.1574207 0.0000000 0.1205000
v 0.1673250 0.1936998 0.1205000
v 0.1673250 0.0000000 0.1205000
v 0.1811250 0.0000000 0.1343000
v 0.1811250 0.1936998 0.1343000
v 0.1811250 0.1936998 0.1527000
v 0.1811250 0.0000000 0.1343000
v 0.1811250 0.1936998 0.1527000
v 0.1811250 0.0000000 0.1487062
v 0.1811250 0.0000000 0.1487062
v 0.1811250 0.1936998 0.1527000
v 0.1811250 0.0000000 0.1527000
v 0.1408750 0.0000000 0.1527000
v 0.1408750 0.1936998 0.1527000
v 0.1408750 0.0000000 0.1487062
v 0.1408750 0.0000000 0.1487062
v 0.1408750 0.1936998 0.1527000
v 0.1408750 0.1936998 0.1343000
v 0.1408750 0.0000000 0.1487062
v 0.1408750 0.1936998 0.1343000
v 0.1408750 0.0000000 0.1343000
v 0.1673250 0.0000000 0.1665000
v 0.1673250 0.1936998 0.1665000
v 0.1546750 0.1936998 0.1665000
v 0.1673250 0.0000000 0.1665000
v 0.1546750 0.1936998 0.1665000
v 0.1574207 0.0000000 0.1665000
v 0.1574207 0.0000000 0.1665000
v 0.1546750 0.1936998 0.1665000
v 0.1546750 0.0000000 0.1665000
v 0.1673250 0.2074999 0.1343000
v 0.1546750 0.2074999 0.1343000
v 0.1546750 0.2074999 0.1527000
v 0.1673250 0.2074999 0.1343000
v 0.1546750 0.2074999 0.1527000
v 0.1673250 0.2074999 0.1527000
v 0.1495000 0.3397499 0.1634186
v 0.1495000 0.3788500 0.1634186
v 0.1380000 0.3788500 0.1435000
v 0.1495000 0.3397499 0.1634186
v 0.1380000 0.3788500 0.1435000
v 0.1380000 0.3397499 0.1435000
v 0.1725000 0.3397499 0.1634186
v 0.1725000 0.3788500 0.1634186
v 0.1495000 0.3788500 0.1634186
v 0.1725000 0.3397499 0.1634186
v 0.1495000 0.3788500 0.1634186
v 0.1495000 0.3397499 0.1634186
v 0.1840000 0.3397499 0.1435000
v 0.1840000 0.3788500 0.1435000
v 0.1725000 0.3788500 0.1634186
v 0.1840000 0.3397499 0.1435000
v 0.1725000 0.3788500 0.1634186
v 0.1725000 0.3397499 0.1634186
v 0.1840000 0.3397499 0.1435000
v 0.1725000 0.3397499 0.1235814
v 0.1725000 0.3788500 0.1235814
v 0.1840000 0.3397499 0.1435000
v 0.1725000 0.3788500 0.1235814
v 0.1840000 0.3788500 0.1435000
v 0.1725000 0.3397499 0.1235814
v 0.1495000 0.3397499 0.1235814
v 0.1495000 0.3788500 0.1235814
v 0.1725000 0.3397499 0.1235814
v 0.1495000 0.3788500 0.1235814
v 0.1725000 0.3788500 0.1235814
v 0.1495000 0.3397499 0.1235814
v 0.1380000 0.3397499 0.1435000
v 0.1380000 0.3788500 0.1435000
v 0.1495000 0.3397499 0.1235814
v 0.1380000 0.3788500 0.1435000
v 0.1495000 0.3788500 0.1235814
v 0.1840000 0.3397499 0.1435000
v 0.1725000 0.3397499 0.1634186
v 0.1495000 0.3397499 0.1634186
v 0.1840000 0.3397499 0.1435000
v 0.1495000 0.3397499 0.1634186
v 0.1380000 0.3397499 0.1435000
v 0.1840000 0.3397499 0.1435000
v 0.1380000 0.3397499 0.1435000
v 0.1495000 0.3397499 0.1235814
v 0.1840000 0.3397499 0.1435000
v 0.1495000 0.3397499 0.1235814
v 0.1725000 0.3397499 0.1235814
v 0.1840000 0.3788500 0.1435000
v 0.1725000 0.3788500 0.1235814
v 0.1495000 0.3788500 0.1235814
v 0.1840000 0.3788500 0.1435000
v 0.1495000 0.3788500 0.1235814
v 0.1380000 0.3788500 0.1435000
v 0.1840000 0.3788500 0.1435000
v 0.1380000 0.3788500 0.1435000
v 0.1495000 0.3788500 0.1634186
v 0.1840000 0.3788500 0.1435000
v 0.1495000 0.3788500 0.1634186
v 0.1725000 0.3788500 0.1634186
vt 0.4779367 0.0895189
vt 0.4806789 0.0913512
vt 0.4806789 0.0885988
vt 0.4779367 0.0895189
vt 0.4806789 0.0885988
vt 0.4806789 0.0843887
vt 0.4718886 0.0968886
vt 0.4789320 0.1039320
vt 0.4806789 0.1018035
vt 0.4718886 0.0968886
vt 0.4806789 0.1018035
vt 0.4806789 0.0957626
vt 0.4718886 0.0968886
vt 0.4806789 0.0957626
vt 0.4806789 0.0913512
vt 0.4718886 0.0968886
vt 0.4806789 0.0913512
vt 0.4779367 0.0895189
vt 0.4645189 0.1029367
vt 0.4700530 0.1112189
vt 0.4789320 0.1039320
vt 0.4645189 0.1029367
vt 0.4789320 0.1039320
vt 0.4718886 0.0968886
vt 0.4561110 0.1074309
vt 0.4599229 0.1166336
vt 0.4700530 0.1112189
vt 0.4561110 0.1074309
vt 0.4700530 0.1112189
vt 0.4645189 0.1029367
vt 0.4469878 0.1101983
vt 0.4489311 0.1199679
vt 0.4599229 0.1166336
vt 0.4469878 0.1101983
vt 0.4599229 0.1166336
vt 0.4561110 0.1074309
vt 0.4375000 0.1111328
vt 0.4375000 0.1210075
vt 0.4383767 0.1210074
vt 0.4375000 0.1111328
vt 0.4383767 0.1210074
vt 0.4489311 0.1199679
vt 0.4375000 0.1111328
vt 0.4489311 0.1199679
vt 0.4469878 0.1101983
vt 0.4280122 0.1101983
vt 0.4260689 0.1199679
vt 0.4366233 0.1210074
vt 0.4280122 0.1101983
vt 0.4366233 0.1210074
vt 0.4374248 0.1210075
vt 0.4280122 0.1101983
vt 0.4374248 0.1210075
vt 0.4375000 0.1210075
vt 0.4280122 0.1101983
vt 0.4375000 0.1210075
vt 0.4375000 0.1111328
vt 0.4188890 0.1074309
vt 0.4150771 0.1166336
vt 0.4260689 0.1199679
vt 0.4188890 0.1074309
vt 0.4260689 0.1199679
vt 0.4280122 0.1101983
vt 0.4104811 0.1029367
vt 0.4049470 0.1112189
vt 0.4150771 0.1166336
vt 0.4104811 0.1029367
vt 0.4150771 0.1166336
vt 0.4188890 0.1074309
vt 0.4031114 0.0968886
vt 0.3960680 0.1039320
vt 0.4049470 0.1112189
vt 0.4031114 0.0968886
vt 0.4049470 0.1112189
vt 0.4104811 0.1029367
vt 0.3970633 0.0895189
vt 0.3943211 0.0913512
vt 0.3943211 0.1018035
vt 0.3970633 0.0895189
vt 0.3943211 0.1018035
vt 0.3960680 0.1039320
vt 0.3970633 0.0895189
vt 0.3960680 0.1039320
vt 0.4031114 0.0968886
vt 0.3943211 0.0913512
vt 0.3970633 0.0895189
vt 0.3943211 0.0843887
vt 0.3943211 0.0406113
vt 0.3970633 0.0354811
vt 0.3958190 0.0346497
vt 0.3943211 0.0406113
vt 0.3958190 0.0346497
vt 0.3943211 0.0346497
vt 0.3970633 0.0354811
vt 0.3977456 0.0346497
vt 0.3970059 0.0346497
vt 0.3970633 0.0354811
vt 0.3970059 0.0346497
vt 0.3958190 0.0346497
vt 0.4772544 0.0346497
vt 0.4779367 0.0354811
vt 0.4791810 0.0346497
vt 0.4779367 0.0354811
vt 0.4806789 0.0406113
vt 0.4806789 0.0364012
vt 0.4779367 0.0354811
vt 0.4806789 0.0364012
vt 0.4806789 0.0346497
vt 0.4779367 0.0354811
vt 0.4806789 0.0346497
vt 0.4791810 0.0346497
vt 0.3864667 0.1039320
vt 0.3955393 0.1039320
vt 0.3955393 0.1018035
vt 0.3864667 0.1039320
vt 0.3955393 0.1018035
vt 0.3886416 0.1018035
vt 0.3864667 0.1039320
vt 0.3886416 0.1018035
vt 0.3864667 0.1018035
vt 0.3864667 0.0950529
vt 0.3955393 0.0950529
vt 0.3955393 0.1039320
vt 0.3864667 0.0950529
vt 0.3955393 0.1039320
vt 0.3864667 0.1039320
vt 0.3864667 0.0849229
vt 0.3955393 0.0849229
vt 0.3955393 0.0950529
vt 0.3864667 0.0849229
vt 0.3955393 0.0950529
vt 0.3864667 0.0950529
vt 0.3864667 0.0739311
vt 0.3955393 0.0739311
vt 0.3955393 0.0849229
vt 0.3864667 0.0739311
vt 0.3955393 0.0849229
vt 0.3864667 0.0849229
vt 0.3955393 0.0633767
vt 0.3955393 0.0739311
vt 0.3871625 0.0633767
vt 0.3871625 0.0633767
vt 0.3955393 0.0739311
vt 0.3864667 0.0739311
vt 0.3871625 0.0633767
vt 0.3864667 0.0739311
vt 0.3864667 0.0633767
vt 0.3864667 0.0510689
vt 0.3955393 0.0510689
vt 0.3955393 0.0616233
vt 0.3864667 0.0510689
vt 0.3955393 0.0616233
vt 0.3948435 0.0616233
vt 0.3864667 0.0510689
vt 0.3948435 0.0616233
vt 0.3864667 0.0616233
vt 0.3864667 0.0400771
vt 0.3955393 0.0400771
vt 0.3955393 0.0510689
vt 0.3864667 0.0400771
vt 0.3955393 0.0510689
vt 0.3864667 0.0510689
vt 0.3864667 0.0299471
vt 0.3955393 0.0299471
vt 0.3955393 0.0400771
vt 0.3864667 0.0299471
vt 0.3955393 0.0400771
vt 0.3864667 0.0400771
vt 0.3864667 0.0210680
vt 0.3955393 0.0210680
vt 0.3955393 0.0299471
vt 0.3864667 0.0210680
vt 0.3955393 0.0299471
vt 0.3864667 0.0299471
vt 0.3955393 0.1018035
vt 0.3955393 0.1039320
vt 0.3933644 0.1018035
vt 0.3933644 0.1018035
vt 0.3955393 0.1039320
vt 0.3864667 0.1039320
vt 0.3933644 0.1018035
vt 0.3864667 0.1039320
vt 0.3864667 0.1018035
vt 0.3955393 0.1039320
vt 0.4140296 0.1039320
vt 0.4140296 0.1020760
vt 0.3955393 0.1039320
vt 0.4140296 0.1020760
vt 0.4140296 0.1018035
vt 0.3955393 0.1039320
vt 0.4140296 0.1018035
vt 0.3955393 0.1018035
vt 0.3955393 0.0950529
vt 0.4140296 0.0950529
vt 0.4140296 0.0969089
vt 0.3955393 0.0950529
vt 0.4140296 0.0969089
vt 0.4140296 0.1039320
vt 0.3955393 0.0950529
vt 0.4140296 0.1039320
vt 0.3955393 0.1039320
vt 0.3955393 0.0849229
vt 0.4140296 0.0849229
vt 0.4140296 0.0870404
vt 0.3955393 0.0849229
vt 0.4140296 0.0870404
vt 0.4140296 0.0950529
vt 0.3955393 0.0849229
vt 0.4140296 0.0950529
vt 0.3955393 0.0950529
vt 0.3955393 0.0739311
vt 0.4140296 0.0739311
vt 0.4140296 0.0762287
vt 0.3955393 0.0739311
vt 0.4140296 0.0762287
vt 0.4140296 0.0849229
vt 0.3955393 0.0739311
vt 0.4140296 0.0849229
vt 0.3955393 0.0849229
vt 0.4140296 0.0633767
vt 0.4140296 0.0648894
vt 0.4023236 0.0633767
vt 0.4023236 0.0633767
vt 0.4140296 0.0648894
vt 0.4140296 0.0739311
vt 0.4023236 0.0633767
vt 0.4140296 0.0739311
vt 0.3955393 0.0739311
vt 0.4023236 0.0633767
vt 0.3955393 0.0739311
vt 0.3955393 0.0633767
vt 0.3955393 0.0510689
vt 0.4140296 0.0510689
vt 0.4140296 0.0534583
vt 0.3955393 0.0510689
vt 0.4140296 0.0534583
vt 0.4140296 0.0616233
vt 0.3955393 0.0510689
vt 0.4140296 0.0616233
vt 0.3955393 0.0616233
vt 0.3955393 0.0400771
vt 0.4140296 0.0400771
vt 0.4140296 0.0423747
vt 0.3955393 0.0400771
vt 0.4140296 0.0423747
vt 0.4140296 0.0510689
vt 0.3955393 0.0400771
vt 0.4140296 0.0510689
vt 0.3955393 0.0510689
vt 0.3955393 0.0299471
vt 0.4140296 0.0299471
vt 0.4140296 0.0320646
vt 0.3955393 0.0299471
vt 0.4140296 0.0320646
vt 0.4140296 0.0400771
vt 0.3955393 0.0299471
vt 0.4140296 0.0400771
vt 0.3955393 0.0400771
vt 0.3955393 0.0210680
vt 0.4140296 0.0210680
vt 0.4140296 0.0229240
vt 0.3955393 0.0210680
vt 0.4140296 0.0229240
vt 0.4140296 0.0299471
vt 0.3955393 0.0210680
vt 0.4140296 0.0299471
vt 0.3955393 0.0299471
vt 0.4140296 0.1018035
vt 0.4140296 0.1039320
vt 0.3955393 0.1039320
vt 0.4140296 0.1018035
vt 0.3955393 0.1039320
vt 0.3955393 0.1018035
vt 0.3943211 0.0843887
vt 0.3970633 0.0895189
vt 0.3943211 0.0804792
vt 0.3943211 0.0804792
vt 0.3970633 0.0895189
vt 0.4031114 0.0968886
vt 0.3943211 0.0804792
vt 0.4031114 0.0968886
vt 0.3943211 0.0756669
vt 0.3943211 0.0756669
vt 0.4031114 0.0968886
vt 0.4104811 0.1029367
vt 0.3943211 0.0756669
vt 0.4104811 0.1029367
vt 0.3943211 0.0727036
vt 0.3943211 0.0727036
vt 0.4104811 0.1029367
vt 0.4188890 0.1074309
vt 0.3943211 0.0727036
vt 0.4188890 0.1074309
vt 0.3943211 0.0706624
vt 0.3943211 0.0706624
vt 0.4188890 0.1074309
vt 0.4280122 0.1101983
vt 0.3943211 0.0706624
vt 0.4280122 0.1101983
vt 0.3943211 0.0691456
vt 0.3943211 0.0691456
vt 0.4280122 0.1101983
vt 0.4375000 0.1111328
vt 0.3943211 0.0691456
vt 0.4375000 0.1111328
vt 0.3943211 0.0679539
vt 0.3943211 0.0679539
vt 0.4375000 0.1111328
vt 0.4469878 0.1101983
vt 0.3943211 0.0679539
vt 0.4469878 0.1101983
vt 0.3943211 0.0669759
vt 0.3943211 0.0669759
vt 0.4469878 0.1101983
vt 0.4561110 0.1074309
vt 0.3943211 0.0669759
vt 0.4561110 0.1074309
vt 0.3943211 0.0661442
vt 0.3943211 0.0661442
vt 0.4561110 0.1074309
vt 0.4645189 0.1029367
vt 0.3943211 0.0661442
vt 0.4645189 0.1029367
vt 0.3943211 0.0654152
vt 0.3943211 0.0654152
vt 0.4645189 0.1029367
vt 0.4718886 0.0968886
vt 0.3943211 0.0654152
vt 0.4718886 0.0968886
vt 0.3943211 0.0647591
vt 0.3943211 0.0647591
vt 0.4718886 0.0968886
vt 0.4779367 0.0895189
vt 0.3943211 0.0647591
vt 0.4779367 0.0895189
vt 0.3943211 0.0641544
vt 0.3943211 0.0641544
vt 0.4779367 0.0895189
vt 0.4806789 0.0843887
vt 0.3943211 0.0641544
vt 0.4806789 0.0843887
vt 0.4806788 0.0807625
vt 0.3943211 0.0641544
vt 0.4806788 0.0807625
vt 0.3943211 0.0635849
vt 0.3943211 0.0635849
vt 0.4806788 0.0807625
vt 0.4806788 0.0715427
vt 0.3943211 0.0635849
vt 0.4806788 0.0715427
vt 0.3943211 0.0630372
vt 0.3943211 0.0630372
vt 0.4806788 0.0715427
vt 0.4806789 0.0625000
vt 0.3943211 0.0630372
vt 0.4806789 0.0625000
vt 0.3943211 0.0625000
vt 0.3943211 0.0625000
vt 0.4806789 0.0625000
vt 0.4806788 0.0534573
vt 0.3943211 0.0625000
vt 0.4806788 0.0534573
vt 0.3943211 0.0619628
vt 0.3943211 0.0619628
vt 0.4806788 0.0534573
vt 0.4806788 0.0442375
vt 0.3943211 0.0619628
vt 0.4806788 0.0442375
vt 0.3943211 0.0614151
vt 0.3943211 0.0614151
vt 0.4806788 0.0442375
vt 0.4806789 0.0406113
vt 0.3943211 0.0614151
vt 0.4806789 0.0406113
vt 0.4779367 0.0354811
vt 0.3943211 0.0614151
vt 0.4779367 0.0354811
vt 0.3943211 0.0608456
vt 0.3943211 0.0608456
vt 0.4779367 0.0354811
vt 0.4772544 0.0346497
vt 0.3943211 0.0608456
vt 0.4772544 0.0346497
vt 0.4561040 0.0346496
vt 0.3943211 0.0608456
vt 0.4561040 0.0346496
vt 0.3943211 0.0602409
vt 0.3943211 0.0602409
vt 0.4561040 0.0346496
vt 0.4409716 0.0346496
vt 0.3943211 0.0602409
vt 0.4409716 0.0346496
vt 0.3943211 0.0595848
vt 0.3943211 0.0595848
vt 0.4409716 0.0346496
vt 0.4305483 0.0346496
vt 0.3943211 0.0595848
vt 0.4305483 0.0346496
vt 0.3943211 0.0588558
vt 0.3943211 0.0588558
vt 0.4305483 0.0346496
vt 0.4228030 0.0346496
vt 0.3943211 0.0588558
vt 0.4228030 0.0346496
vt 0.3943211 0.0580241
vt 0.3943211 0.0580241
vt 0.4228030 0.0346496
vt 0.4167176 0.0346496
vt 0.3943211 0.0580241
vt 0.4167176 0.0346496
vt 0.3943211 0.0570461
vt 0.3943211 0.0570461
vt 0.4167176 0.0346496
vt 0.4117234 0.0346496
vt 0.3943211 0.0570461
vt 0.4117234 0.0346496
vt 0.3943211 0.0558544
vt 0.3943211 0.0558544
vt 0.4117234 0.0346496
vt 0.4074762 0.0346496
vt 0.3943211 0.0558544
vt 0.4074762 0.0346496
vt 0.3943211 0.0543376
vt 0.3943211 0.0543376
vt 0.4074762 0.0346496
vt 0.4037536 0.0346496
vt 0.3943211 0.0543376
vt 0.4037536 0.0346496
vt 0.3943211 0.0522964
vt 0.3943211 0.0522964
vt 0.4037536 0.0346496
vt 0.4004032 0.0346496
vt 0.3943211 0.0522964
vt 0.4004032 0.0346496
vt 0.3943211 0.0493331
vt 0.3943211 0.0493331
vt 0.4004032 0.0346496
vt 0.3977456 0.0346497
vt 0.3943211 0.0493331
vt 0.3977456 0.0346497
vt 0.3970633 0.0354811
vt 0.3943211 0.0493331
vt 0.3970633 0.0354811
vt 0.3943211 0.0445208
vt 0.3943211 0.0445208
vt 0.3970633 0.0354811
vt 0.3943211 0.0406113
vt 0.3789062 0.1039320
vt 0.4960938 0.1039320
vt 0.4960938 0.0999151
vt 0.3789062 0.1039320
vt 0.4960938 0.0999151
vt 0.4176969 0.0999151
vt 0.3789062 0.1039320
vt 0.4176969 0.0999151
vt 0.3789062 0.0999151
vt 0.3789062 0.0917969
vt 0.4960938 0.0917969
vt 0.4960938 0.1039320
vt 0.3789062 0.0917969
vt 0.4960938 0.1039320
vt 0.3789062 0.1039320
vt 0.3789062 0.0776652
vt 0.4960938 0.0776652
vt 0.4960938 0.0917969
vt 0.3789062 0.0776652
vt 0.4960938 0.0917969
vt 0.3789062 0.0917969
vt 0.3789062 0.0625000
vt 0.4960938 0.0625000
vt 0.4960938 0.0776652
vt 0.3789062 0.0625000
vt 0.4960938 0.0776652
vt 0.3789062 0.0776652
vt 0.3789062 0.0473348
vt 0.4960938 0.0473348
vt 0.4960938 0.0625000
vt 0.3789062 0.0473348
vt 0.4960938 0.0625000
vt 0.3789062 0.0625000
vt 0.3789062 0.0332031
vt 0.4960938 0.0332031
vt 0.4960938 0.0473348
vt 0.3789062 0.0332031
vt 0.4960938 0.0473348
vt 0.3789062 0.0473348
vt 0.3789062 0.0210680
vt 0.4960938 0.0210680
vt 0.4960938 0.0332031
vt 0.3789062 0.0210680
vt 0.4960938 0.0332031
vt 0.3789062 0.0332031
vt 0.4960938 0.0999151
vt 0.4960938 0.1039320
vt 0.4573031 0.0999151
vt 0.4573031 0.0999151
vt 0.4960938 0.1039320
vt 0.3789062 0.1039320
vt 0.4573031 0.0999151
vt 0.3789062 0.1039320
vt 0.3789062 0.0999151
vt 0.3929857 0.0999151
vt 0.3960680 0.1039320
vt 0.3929857 0.0964907
vt 0.3929857 0.0964907
vt 0.3960680 0.1039320
vt 0.4082031 0.1132437
vt 0.3929857 0.0964907
vt 0.4082031 0.1132437
vt 0.3929856 0.0868863
vt 0.3929856 0.0868863
vt 0.4082031 0.1132437
vt 0.4223348 0.1190972
vt 0.3929856 0.0868863
vt 0.4223348 0.1190972
vt 0.3929856 0.0808487
vt 0.3929856 0.0808487
vt 0.4223348 0.1190972
vt 0.4375000 0.1210938
vt 0.3929856 0.0808487
vt 0.4375000 0.1210938
vt 0.3929856 0.0765794
vt 0.3929856 0.0765794
vt 0.4375000 0.1210938
vt 0.4526652 0.1190972
vt 0.3929856 0.0765794
vt 0.4526652 0.1190972
vt 0.3929856 0.0733035
vt 0.3929856 0.0733035
vt 0.4526652 0.1190972
vt 0.4667969 0.1132437
vt 0.3929856 0.0733035
vt 0.4667969 0.1132437
vt 0.3929856 0.0706288
vt 0.3929856 0.0706288
vt 0.4667969 0.1132437
vt 0.4789320 0.1039320
vt 0.3929856 0.0706288
vt 0.4789320 0.1039320
vt 0.3929856 0.0683319
vt 0.3929856 0.0683319
vt 0.4789320 0.1039320
vt 0.4820143 0.0999151
vt 0.3929856 0.0683319
vt 0.4820143 0.0999151
vt 0.4820143 0.0901277
vt 0.3929856 0.0683319
vt 0.4820143 0.0901277
vt 0.3929856 0.0662726
vt 0.3929856 0.0662726
vt 0.4820143 0.0901277
vt 0.4820143 0.0760745
vt 0.3929856 0.0662726
vt 0.4820143 0.0760745
vt 0.3929856 0.0643536
vt 0.3929856 0.0643536
vt 0.4820143 0.0760745
vt 0.4820144 0.0625000
vt 0.3929856 0.0643536
vt 0.4820144 0.0625000
vt 0.3929856 0.0625000
vt 0.3929856 0.0625000
vt 0.4820144 0.0625000
vt 0.4820143 0.0489255
vt 0.3929856 0.0625000
vt 0.4820143 0.0489255
vt 0.3929856 0.0606464
vt 0.3929856 0.0606464
vt 0.4820143 0.0489255
vt 0.4820143 0.0348723
vt 0.3929856 0.0606464
vt 0.4820143 0.0348723
vt 0.3929856 0.0587274
vt 0.3929856 0.0587274
vt 0.4820143 0.0348723
vt 0.4820143 0.0337882
vt 0.3929856 0.0587274
vt 0.4820143 0.0337882
vt 0.4482225 0.0337883
vt 0.3929856 0.0587274
vt 0.4482225 0.0337883
vt 0.3929856 0.0566681
vt 0.3929856 0.0566681
vt 0.4482225 0.0337883
vt 0.4286364 0.0337883
vt 0.3929856 0.0566681
vt 0.4286364 0.0337883
vt 0.3929856 0.0543712
vt 0.3929856 0.0543712
vt 0.4286364 0.0337883
vt 0.4163241 0.0337883
vt 0.3929856 0.0543712
vt 0.4163241 0.0337883
vt 0.3929856 0.0516965
vt 0.3929856 0.0516965
vt 0.4163241 0.0337883
vt 0.4076180 0.0337882
vt 0.3929856 0.0516965
vt 0.4076180 0.0337882
vt 0.3929856 0.0484206
vt 0.3929856 0.0484206
vt 0.4076180 0.0337882
vt 0.4009375 0.0337883
vt 0.3929856 0.0484206
vt 0.4009375 0.0337883
vt 0.3929856 0.0441513
vt 0.3929856 0.0441513
vt 0.4009375 0.0337883
vt 0.3954829 0.0337883
vt 0.3929856 0.0441513
vt 0.3954829 0.0337883
vt 0.3929856 0.0381137
vt 0.3929856 0.0381137
vt 0.3954829 0.0337883
vt 0.3929857 0.0337883
vt 0.3929857 0.0337883
vt 0.3954829 0.0337883
vt 0.3929856 0.0381137
vt 0.3929856 0.0381137
vt 0.3954829 0.0337883
vt 0.4009375 0.0337883
vt 0.3929856 0.0381137
vt 0.4009375 0.0337883
vt 0.3929856 0.0441513
vt 0.3929856 0.0441513
vt 0.4009375 0.0337883
vt 0.4076180 0.0337882
vt 0.3929856 0.0441513
vt 0.4076180 0.0337882
vt 0.3929856 0.0484206
vt 0.3929856 0.0484206
vt 0.4076180 0.0337882
vt 0.4163241 0.0337883
vt 0.3929856 0.0484206
vt 0.4163241 0.0337883
vt 0.3929856 0.0516965
vt 0.3929856 0.0516965
vt 0.4163241 0.0337883
vt 0.4286364 0.0337883
vt 0.3929856 0.0516965
vt 0.4286364 0.0337883
vt 0.3929856 0.0543712
vt 0.3929856 0.0543712
vt 0.4286364 0.0337883
vt 0.4482225 0.0337883
vt 0.3929856 0.0543712
vt 0.4482225 0.0337883
vt 0.3929856 0.0566681
vt 0.3929856 0.0566681
vt 0.4482225 0.0337883
vt 0.4820143 0.0337882
vt 0.3929856 0.0566681
vt 0.4820143 0.0337882
vt 0.4820143 0.0348723
vt 0.3929856 0.0566681
vt 0.4820143 0.0348723
vt 0.3929856 0.0587274
vt 0.3929856 0.0587274
vt 0.4820143 0.0348723
vt 0.4820143 0.0489255
vt 0.3929856 0.0587274
vt 0.4820143 0.0489255
vt 0.3929856 0.0606464
vt 0.3929856 0.0606464
vt 0.4820143 0.0489255
vt 0.4820144 0.0625000
vt 0.3929856 0.0606464
vt 0.4820144 0.0625000
vt 0.3929856 0.0625000
vt 0.3929856 0.0625000
vt 0.4820144 0.0625000
vt 0.4820143 0.0760745
vt 0.3929856 0.0625000
vt 0.4820143 0.0760745
vt 0.3929856 0.0643536
vt 0.3929856 0.0643536
vt 0.4820143 0.0760745
vt 0.4820143 0.0901277
vt 0.3929856 0.0643536
vt 0.4820143 0.0901277
vt 0.3929856 0.0662726
vt 0.3929856 0.0662726
vt 0.4820143 0.0901277
vt 0.4820143 0.0999151
vt 0.3929856 0.0662726
vt 0.4820143 0.0999151
vt 0.4789320 0.1039320
vt 0.3929856 0.0662726
vt 0.4789320 0.1039320
vt 0.3929856 0.0683319
vt 0.3929856 0.0683319
vt 0.4789320 0.1039320
vt 0.4667969 0.1132437
vt 0.3929856 0.0683319
vt 0.4667969 0.1132437
vt 0.3929856 0.0706288
vt 0.3929856 0.0706288
vt 0.4667969 0.1132437
vt 0.4526652 0.1190972
vt 0.3929856 0.0706288
vt 0.4526652 0.1190972
vt 0.3929856 0.0733035
vt 0.3929856 0.0733035
vt 0.4526652 0.1190972
vt 0.4375000 0.1210938
vt 0.3929856 0.0733035
vt 0.4375000 0.1210938
vt 0.3929856 0.0765794
vt 0.3929856 0.0765794
vt 0.4375000 0.1210938
vt 0.4223348 0.1190972
vt 0.3929856 0.0765794
vt 0.4223348 0.1190972
vt 0.3929856 0.0808487
vt 0.3929856 0.0808487
vt 0.4223348 0.1190972
vt 0.4082031 0.1132437
vt 0.3929856 0.0808487
vt 0.4082031 0.1132437
vt 0.3929856 0.0868863
vt 0.3929856 0.0868863
vt 0.4082031 0.1132437
vt 0.3960680 0.1039320
vt 0.3929856 0.0868863
vt 0.3960680 0.1039320
vt 0.3929857 0.0964907
vt 0.3929857 0.0964907
vt 0.3960680 0.1039320
vt 0.3929857 0.0999151
vt 0.9082031 0.0039062
vt 0.9082031 0.1210938
vt 0.9619904 0.1210938
vt 0.9082031 0.0039062
vt 0.9619904 0.1210938
vt 0.9619904 0.1114809
vt 0.9082031 0.0039062
vt 0.9619904 0.1114809
vt 0.9619904 0.0039062
vt 0.9375000 0.0039062
vt 0.9375000 0.1210938
vt 0.9960938 0.1210938
vt 0.9375000 0.0039062
vt 0.9960938 0.1210938
vt 0.9960938 0.0039062
vt 0.9375000 0.0039062
vt 0.8789062 0.0039062
vt 0.8789062 0.1210938
vt 0.9375000 0.0039062
vt 0.8789062 0.1210938
vt 0.9375000 0.1210938
vt 0.9082031 0.0039062
vt 0.9619904 0.0039062
vt 0.9619904 0.1114809
vt 0.9082031 0.0039062
vt 0.9619904 0.1114809
vt 0.9619904 0.1210938
vt 0.9082031 0.0039062
vt 0.9619904 0.1210938
vt 0.9082031 0.1210938
vt 0.8789062 0.0625000
vt 0.9082031 0.1210938
vt 0.9619904 0.1210938
vt 0.8789062 0.0625000
vt 0.9619904 0.1210938
vt 0.9619904 0.1178895
vt 0.8789062 0.0625000
vt 0.9619904 0.1178895
vt 0.9619904 0.0625000
vt 0.8789062 0.0625000
vt 0.9619904 0.0625000
vt 0.9619904 0.0071105
vt 0.8789062 0.0625000
vt 0.9619904 0.0071105
vt 0.9619904 0.0039062
vt 0.8789062 0.0625000
vt 0.9619904 0.0039062
vt 0.9082031 0.0039062
vt 0.8789062 0.0625000
vt 0.9082031 0.0039062
vt 0.9619904 0.0039062
vt 0.8789062 0.0625000
vt 0.9619904 0.0039062
vt 0.9619904 0.0071105
vt 0.8789062 0.0625000
vt 0.9619904 0.0071105
vt 0.9619904 0.0625000
vt 0.8789062 0.0625000
vt 0.9619904 0.0625000
vt 0.9619904 0.1178895
vt 0.8789062 0.0625000
vt 0.9619904 0.1178895
vt 0.9619904 0.1210938
vt 0.8789062 0.0625000
vt 0.9619904 0.1210938
vt 0.9082031 0.1210938
vt 0.9960938 0.0039062
vt 0.9960938 0.1210938
vt 0.9375000 0.1210938
vt 0.9960938 0.0039062
vt 0.9375000 0.1210938
vt 0.9375000 0.0039062
vt 0.9082031 0.0039062
vt 0.9082031 0.1210938
vt 0.9667969 0.1210938
vt 0.9082031 0.0039062
vt 0.9667969 0.1210938
vt 0.9667969 0.0039062
vt 0.9375000 0.0039062
vt 0.9375000 0.1210938
vt 0.9960938 0.1210938
vt 0.9375000 0.0039062
vt 0.9960938 0.1210938
vt 0.9960938 0.0039062
vt 0.9375000 0.0039062
vt 0.8789062 0.0039062
vt 0.8789062 0.1210938
vt 0.9375000 0.0039062
vt 0.8789062 0.1210938
vt 0.9375000 0.1210938
vt 0.9082031 0.0039062
vt 0.9667969 0.0039062
vt 0.9667969 0.1210938
vt 0.9082031 0.0039062
vt 0.9667969 0.1210938
vt 0.9082031 0.1210938
vt 0.8789062 0.0039062
vt 0.9375000 0.0039062
vt 0.9375000 0.1210938
vt 0.8789062 0.0039062
vt 0.9375000 0.1210938
vt 0.8789062 0.1210938
vt 0.8789062 0.0625000
vt 0.9082031 0.1210938
vt 0.9667969 0.1210938
vt 0.8789062 0.0625000
vt 0.9667969 0.1210938
vt 0.9960938 0.0625000
vt 0.8789062 0.0625000
vt 0.9960938 0.0625000
vt 0.9667969 0.0039062
vt 0.8789062 0.0625000
vt 0.9667969 0.0039062
vt 0.9082031 0.0039062
vt 0.8789062 0.0625000
vt 0.9082031 0.0039062
vt 0.9667969 0.0039062
vt 0.8789062 0.0625000
vt 0.9667969 0.0039062
vt 0.9960938 0.0625000
vt 0.8789062 0.0625000
vt 0.9960938 0.0625000
vt 0.9667969 0.1210938
vt 0.8789062 0.0625000
vt 0.9667969 0.1210938
vt 0.9082031 0.1210938
vt 0.9960938 0.0039062
vt 0.9960938 0.1210938
vt 0.9375000 0.1210938
vt 0.9960938 0.0039062
vt 0.9375000 0.1210938
vt 0.9375000 0.0039062
vt 0.9082031 0.0039062
vt 0.9082031 0.1210938
vt 0.9667969 0.1210938
vt 0.9082031 0.0039062
vt 0.9667969 0.1210938
vt 0.9667969 0.0039062
vt 0.9375000 0.0039062
vt 0.9375000 0.1210938
vt 0.9960938 0.1210938
vt 0.9375000 0.0039062
vt 0.9960938 0.1210938
vt 0.9960938 0.0039062
vt 0.9375000 0.0039062
vt 0.8789062 0.0039062
vt 0.8789062 0.1210938
vt 0.9375000 0.0039062
vt 0.8789062 0.1210938
vt 0.9375000 0.1210938
vt 0.9082031 0.0039062
vt 0.9667969 0.0039062
vt 0.9667969 0.1210938
vt 0.9082031 0.0039062
vt 0.9667969 0.1210938
vt 0.9082031 0.1210938
vt 0.8789062 0.0039062
vt 0.9375000 0.0039062
vt 0.9375000 0.1210938
vt 0.8789062 0.0039062
vt 0.9375000 0.1210938
vt 0.8789062 0.1210938
vt 0.8789062 0.0625000
vt 0.9082031 0.1210938
vt 0.9667969 0.1210938
vt 0.8789062 0.0625000
vt 0.9667969 0.1210938
vt 0.9960938 0.0625000
vt 0.8789062 0.0625000
vt 0.9960938 0.0625000
vt 0.9667969 0.0039062
vt 0.8789062 0.0625000
vt 0.9667969 0.0039062
vt 0.9082031 0.0039062
vt 0.8789062 0.0625000
vt 0.9082031 0.0039062
vt 0.9667969 0.0039062
vt 0.8789062 0.0625000
vt 0.9667969 0.0039062
vt 0.9960938 0.0625000
vt 0.8789062 0.0625000
vt 0.9960938 0.0625000
vt 0.9667969 0.1210938
vt 0.8789062 0.0625000
vt 0.9667969 0.1210938
vt 0.9082031 0.1210938
vt 0.9960938 0.0039062
vt 0.9960938 0.1210938
vt 0.9375000 0.1210938
vt 0.9960938 0.0039062
vt 0.9375000 0.1210938
vt 0.9375000 0.0039062
vt 0.9130096 0.1210938
vt 0.9667969 0.1210938
vt 0.9130096 0.0135191
vt 0.9130096 0.0135191
vt 0.9667969 0.1210938
vt 0.9667969 0.0039062
vt 0.9130096 0.0135191
vt 0.9667969 0.0039062
vt 0.9130096 0.0039062
vt 0.9130096 0.0039062
vt 0.9667969 0.0039062
vt 0.9667969 0.1210938
vt 0.9130096 0.0039062
vt 0.9667969 0.1210938
vt 0.9130096 0.0135191
vt 0.9130096 0.0135191
vt 0.9667969 0.1210938
vt 0.9130096 0.1210938
vt 0.8789062 0.0039062
vt 0.9375000 0.0039062
vt 0.9375000 0.1210938
vt 0.8789062 0.0039062
vt 0.9375000 0.1210938
vt 0.8789062 0.1210938
vt 0.9130096 0.1210938
vt 0.9667969 0.1210938
vt 0.9130096 0.0852356
vt 0.9130096 0.0852356
vt 0.9667969 0.1210938
vt 0.9960938 0.0625000
vt 0.9130096 0.0852356
vt 0.9960938 0.0625000
vt 0.9130096 0.0625000
vt 0.9130096 0.0625000
vt 0.9960938 0.0625000
vt 0.9667969 0.0039062
vt 0.9130096 0.0625000
vt 0.9667969 0.0039062
vt 0.9130096 0.0397644
vt 0.9130096 0.0397644
vt 0.9667969 0.0039062
vt 0.9130096 0.0039062
vt 0.9130096 0.0039062
vt 0.9667969 0.0039062
vt 0.9130096 0.0397644
vt 0.9130096 0.0397644
vt 0.9667969 0.0039062
vt 0.9960938 0.0625000
vt 0.9130096 0.0397644
vt 0.9960938 0.0625000
vt 0.9130096 0.0625000
vt 0.9130096 0.0625000
vt 0.9960938 0.0625000
vt 0.9667969 0.1210938
vt 0.9130096 0.0625000
vt 0.9667969 0.1210938
vt 0.9130096 0.0852356
vt 0.9130096 0.0852356
vt 0.9667969 0.1210938
vt 0.9130096 0.1210938
vt 0.9960938 0.0039062
vt 0.9960938 0.1210938
vt 0.9375000 0.1210938
vt 0.9960938 0.0039062
vt 0.9375000 0.1210938
vt 0.9375000 0.0039062
vt 0.9130096 0.1210938
vt 0.9667969 0.1210938
vt 0.9130096 0.0135191
vt 0.9130096 0.0135191
vt 0.9667969 0.1210938
vt 0.9667969 0.0039062
vt 0.9130096 0.0135191
vt 0.9667969 0.0039062
vt 0.9130096 0.0039062
vt 0.9130096 0.0039062
vt 0.9667969 0.0039062
vt 0.9667969 0.1210938
vt 0.9130096 0.0039062
vt 0.9667969 0.1210938
vt 0.9130096 0.0135191
vt 0.9130096 0.0135191
vt 0.9667969 0.1210938
vt 0.9130096 0.1210938
vt 0.8789062 0.0039062
vt 0.9375000 0.0039062
vt 0.9375000 0.1210938
vt 0.8789062 0.0039062
vt 0.9375000 0.1210938
vt 0.8789062 0.1210938
vt 0.9130096 0.1210938
vt 0.9667969 0.1210938
vt 0.9130096 0.0852356
vt 0.9130096 0.0852356
vt 0.9667969 0.1210938
vt 0.9960938 0.0625000
vt 0.9130096 0.0852356
vt 0.9960938 0.0625000
vt 0.9130096 0.0625000
vt 0.9130096 0.0625000
vt 0.9960938 0.0625000
vt 0.9667969 0.0039062
vt 0.9130096 0.0625000
vt 0.9667969 0.0039062
vt 0.9130096 0.0397644
vt 0.9130096 0.0397644
vt 0.9667969 0.0039062
vt 0.9130096 0.0039062
vt 0.9130096 0.0039062
vt 0.9667969 0.0039062
vt 0.9130096 0.0397644
vt 0.9130096 0.0397644
vt 0.9667969 0.0039062
vt 0.9960938 0.0625000
vt 0.9130096 0.0397644
vt 0.9960938 0.0625000
vt 0.9130096 0.0625000
vt 0.9130096 0.0625000
vt 0.9960938 0.0625000
vt 0.9667969 0.1210938
vt 0.9130096 0.0625000
vt 0.9667969 0.1210938
vt 0.9130096 0.0852356
vt 0.9130096 0.0852356
vt 0.9667969 0.1210938
vt 0.9130096 0.1210938
vt 0.9082031 0.0039062
vt 0.9082031 0.1210938
vt 0.9619904 0.1210938
vt 0.9082031 0.0039062
vt 0.9619904 0.1210938
vt 0.9619904 0.1114809
vt 0.9082031 0.0039062
vt 0.9619904 0.1114809
vt 0.9619904 0.0039062
vt 0.9375000 0.0039062
vt 0.9375000 0.1210938
vt 0.9960938 0.1210938
vt 0.9375000 0.0039062
vt 0.9960938 0.1210938
vt 0.9960938 0.0039062
vt 0.9375000 0.0039062
vt 0.8789062 0.0039062
vt 0.8789062 0.1210938
vt 0.9375000 0.0039062
vt 0.8789062 0.1210938
vt 0.9375000 0.1210938
vt 0.9082031 0.0039062
vt 0.9619904 0.0039062
vt 0.9619904 0.1114809
vt 0.9082031 0.0039062
vt 0.9619904 0.1114809
vt 0.9619904 0.1210938
vt 0.9082031 0.0039062
vt 0.9619904 0.1210938
vt 0.9082031 0.1210938
vt 0.8789062 0.0625000
vt 0.9082031 0.1210938
vt 0.9619904 0.1210938
vt 0.8789062 0.0625000
vt 0.9619904 0.1210938
vt 0.9619904 0.1178895
vt 0.8789062 0.0625000
vt 0.9619904 0.1178895
vt 0.9619904 0.0625000
vt 0.8789062 0.0625000
vt 0.9619904 0.0625000
vt 0.9619904 0.0071105
vt 0.8789062 0.0625000
vt 0.9619904 0.0071105
vt 0.9619904 0.0039062
vt 0.8789062 0.0625000
vt 0.9619904 0.0039062
vt 0.9082031 0.0039062
vt 0.8789062 0.0625000
vt 0.9082031 0.0039062
vt 0.9619904 0.0039062
vt 0.8789062 0.0625000
vt 0.9619904 0.0039062
vt 0.9619904 0.0071105
vt 0.8789062 0.0625000
vt 0.9619904 0.0071105
vt 0.9619904 0.0625000
vt 0.8789062 0.0625000
vt 0.9619904 0.0625000
vt 0.9619904 0.1178895
vt 0.8789062 0.0625000
vt 0.9619904 0.1178895
vt 0.9619904 0.1210938
vt 0.8789062 0.0625000
vt 0.9619904 0.1210938
vt 0.9082031 0.1210938
vt 0.3876953 0.0115234
vt 0.3821416 0.0126953
vt 0.3792119 0.0101562
vt 0.4843750 0.0101562
vt 0.4960938 0.0101562
vt 0.4843750 0.0039062
vt 0.3792119 0.0101562
vt 0.3821416 0.0126953
vt 0.4055629 0.0132996
vt 0.3792119 0.0101562
vt 0.4055629 0.0132996
vt 0.4032375 0.0112843
vt 0.3792119 0.0101562
vt 0.4032375 0.0112843
vt 0.4032375 0.0098339
vt 0.3876953 0.0115234
vt 0.3789062 0.1093750
vt 0.3793139 0.1093750
vt 0.3876953 0.0115234
vt 0.3793139 0.1093750
vt 0.3821416 0.0126953
vt 0.3793139 0.1093750
vt 0.3793139 0.1210938
vt 0.4033185 0.1210938
vt 0.3793139 0.1093750
vt 0.4033185 0.1210938
vt 0.4033185 0.1117923
vt 0.3793139 0.1093750
vt 0.4033185 0.1117923
vt 0.4033185 0.1093750
vt 0.3876953 0.0115234
vt 0.3792119 0.0101562
vt 0.3792119 0.0173912
vt 0.3876953 0.0115234
vt 0.3792119 0.0173912
vt 0.3871090 0.0186640
vt 0.3876953 0.0115234
vt 0.3871090 0.0186640
vt 0.3878978 0.0186640
vt 0.4843750 0.0101562
vt 0.4843750 0.0173912
vt 0.4851849 0.0173913
vt 0.4843750 0.0101562
vt 0.4851849 0.0173913
vt 0.4960938 0.0173913
vt 0.4843750 0.0101562
vt 0.4960938 0.0173913
vt 0.4960938 0.0101562
vt 0.3792119 0.0101562
vt 0.4032375 0.0098339
vt 0.4032375 0.0171769
vt 0.3792119 0.0101562
vt 0.4032375 0.0171769
vt 0.3872615 0.0173912
vt 0.3792119 0.0101562
vt 0.3872615 0.0173912
vt 0.3792119 0.0173912
vt 0.3821416 0.0126953
vt 0.3793139 0.1093750
vt 0.4033185 0.1093750
vt 0.3821416 0.0126953
vt 0.4033185 0.1093750
vt 0.4055629 0.0326378
vt 0.3821416 0.0126953
vt 0.4055629 0.0326378
vt 0.4055629 0.0132996
vt 0.3876953 0.0115234
vt 0.3878978 0.0186640
vt 0.3943769 0.0186640
vt 0.3876953 0.0115234
vt 0.3943769 0.0186640
vt 0.4843750 0.0173912
vt 0.3876953 0.0115234
vt 0.4843750 0.0173912
vt 0.4843750 0.0101562
vt 0.3793139 0.0101562
vt 0.3793139 0.0173912
vt 0.3873565 0.0173912
vt 0.3793139 0.0101562
vt 0.3873565 0.0173912
vt 0.4033185 0.0173912
vt 0.3793139 0.0101562
vt 0.4033185 0.0173912
vt 0.4033185 0.0101562
vt 0.3876953 0.0115234
vt 0.3821416 0.0126953
vt 0.3792119 0.0101562
vt 0.4843750 0.0101562
vt 0.4960938 0.0101562
vt 0.4843750 0.0039062
vt 0.3792119 0.0101562
vt 0.3821416 0.0126953
vt 0.4055629 0.0132996
vt 0.3792119 0.0101562
vt 0.4055629 0.0132996
vt 0.4032375 0.0112843
vt 0.3792119 0.0101562
vt 0.4032375 0.0112843
vt 0.4032375 0.0098339
vt 0.3876953 0.0115234
vt 0.3789062 0.1093750
vt 0.3793139 0.1093750
vt 0.3876953 0.0115234
vt 0.3793139 0.1093750
vt 0.3821416 0.0126953
vt 0.3793139 0.1093750
vt 0.3793139 0.1210938
vt 0.4033185 0.1210938
vt 0.3793139 0.1093750
vt 0.4033185 0.1210938
vt 0.4033185 0.1117923
vt 0.3793139 0.1093750
vt 0.4033185 0.1117923
vt 0.4033185 0.1093750
vt 0.3876953 0.0115234
vt 0.3792119 0.0101562
vt 0.3792119 0.0546093
vt 0.3876953 0.0115234
vt 0.3792119 0.0546093
vt 0.3840002 0.0565272
vt 0.3876953 0.0115234
vt 0.3840002 0.0565272
vt 0.3889962 0.0574002
vt 0.4843750 0.0101562
vt 0.4843750 0.0728861
vt 0.4915359 0.0741271
vt 0.4843750 0.0101562
vt 0.4915359 0.0741271
vt 0.4960938 0.0749169
vt 0.4843750 0.0101562
vt 0.4960938 0.0749169
vt 0.4960938 0.0101562
vt 0.3792119 0.0101562
vt 0.4032375 0.0098339
vt 0.4032375 0.0317505
vt 0.3792119 0.0101562
vt 0.4032375 0.0317505
vt 0.4032376 0.0546093
vt 0.3792119 0.0101562
vt 0.4032376 0.0546093
vt 0.3792119 0.0546093
vt 0.3821416 0.0126953
vt 0.3793139 0.1093750
vt 0.4033185 0.1093750
vt 0.3821416 0.0126953
vt 0.4033185 0.1093750
vt 0.4055629 0.0326378
vt 0.3821416 0.0126953
vt 0.4055629 0.0326378
vt 0.4055629 0.0132996
vt 0.3876953 0.0115234
vt 0.3889962 0.0574002
vt 0.4385091 0.0658274
vt 0.3876953 0.0115234
vt 0.4385091 0.0658274
vt 0.4843750 0.0728861
vt 0.3876953 0.0115234
vt 0.4843750 0.0728861
vt 0.4843750 0.0101562
vt 0.3793139 0.0101562
vt 0.3793139 0.0749168
vt 0.4033185 0.0749168
vt 0.3793139 0.0101562
vt 0.4033185 0.0749168
vt 0.4033185 0.0317505
vt 0.3793139 0.0101562
vt 0.4033185 0.0317505
vt 0.4033185 0.0101562
vt 0.3876953 0.0115234
vt 0.3821416 0.0126953
vt 0.3792119 0.0101562
vt 0.4843750 0.0101562
vt 0.4960938 0.0101562
vt 0.4843750 0.0039062
vt 0.3906250 0.1148437
vt 0.3792120 0.1148437
vt 0.3868546 0.1210938
vt 0.4843750 0.1148437
vt 0.4843750 0.1210938
vt 0.4960938 0.1148438
vt 0.3792119 0.0101562
vt 0.3821416 0.0126953
vt 0.4055629 0.0132996
vt 0.3792119 0.0101562
vt 0.4055629 0.0132996
vt 0.4032375 0.0112843
vt 0.3792119 0.0101562
vt 0.4032375 0.0112843
vt 0.4032375 0.0098339
vt 0.3876953 0.0115234
vt 0.3789062 0.1093750
vt 0.3793139 0.1093750
vt 0.3876953 0.0115234
vt 0.3793139 0.1093750
vt 0.3821416 0.0126953
vt 0.3793139 0.1093750
vt 0.3793139 0.1210938
vt 0.4033185 0.1210938
vt 0.3793139 0.1093750
vt 0.4033185 0.1210938
vt 0.4033185 0.1117923
vt 0.3793139 0.1093750
vt 0.4033185 0.1117923
vt 0.4033185 0.1093750
vt 0.3906250 0.1148437
vt 0.3868546 0.1210938
vt 0.4843750 0.1210938
vt 0.3906250 0.1148437
vt 0.4843750 0.1210938
vt 0.4843750 0.1148437
vt 0.3792120 0.1148437
vt 0.4032376 0.1148437
vt 0.4032376 0.1161329
vt 0.3792120 0.1148437
vt 0.4032376 0.1161329
vt 0.4093037 0.1210938
vt 0.3792120 0.1148437
vt 0.4093037 0.1210938
vt 0.3868546 0.1210938
vt 0.3793139 0.1093750
vt 0.4027352 0.1105836
vt 0.4033185 0.1105031
vt 0.3793139 0.1093750
vt 0.4033185 0.1105031
vt 0.4033185 0.1148437
vt 0.3793139 0.1093750
vt 0.4033185 0.1148437
vt 0.3793139 0.1148437
vt 0.3876953 0.0115234
vt 0.3792119 0.0101562
vt 0.3792120 0.1148437
vt 0.3876953 0.0115234
vt 0.3792120 0.1148437
vt 0.3906250 0.1148437
vt 0.4843750 0.0101562
vt 0.4843750 0.1148437
vt 0.4960938 0.1148438
vt 0.4843750 0.0101562
vt 0.4960938 0.1148438
vt 0.4960938 0.0101562
vt 0.3792119 0.0101562
vt 0.4032375 0.0098339
vt 0.4032375 0.0317505
vt 0.3792119 0.0101562
vt 0.4032375 0.0317505
vt 0.4032376 0.1148437
vt 0.3792119 0.0101562
vt 0.4032376 0.1148437
vt 0.3792120 0.1148437
vt 0.3821416 0.0126953
vt 0.3793139 0.1093750
vt 0.4033185 0.1093750
vt 0.3821416 0.0126953
vt 0.4033185 0.1093750
vt 0.4055629 0.0326378
vt 0.3821416 0.0126953
vt 0.4055629 0.0326378
vt 0.4055629 0.0132996
vt 0.3876953 0.0115234
vt 0.3906250 0.1148437
vt 0.4843750 0.1148437
vt 0.3876953 0.0115234
vt 0.4843750 0.1148437
vt 0.4843750 0.0101562
vt 0.3793139 0.0101562
vt 0.3793139 0.1148437
vt 0.4033185 0.1148437
vt 0.3793139 0.0101562
vt 0.4033185 0.1148437
vt 0.4033185 0.0317505
vt 0.3793139 0.0101562
vt 0.4033185 0.0317505
vt 0.4033185 0.0101562
vt 0.3793139 0.0156250
vt 0.4033185 0.0156250
vt 0.4027352 0.0361719
vt 0.3793139 0.0156250
vt 0.4027352 0.0361719
vt 0.4027352 0.1105836
vt 0.3793139 0.0156250
vt 0.4027352 0.1105836
vt 0.3793139 0.1093750
vt 0.3876953 0.0115234
vt 0.3821416 0.0126953
vt 0.3792119 0.0101562
vt 0.4843750 0.0101562
vt 0.4960938 0.0101562
vt 0.4843750 0.0039062
vt 0.3906250 0.1148437
vt 0.3792119 0.1148437
vt 0.3868546 0.1210938
vt 0.4843750 0.1148437
vt 0.4843750 0.1210938
vt 0.4960938 0.1148438
vt 0.3792119 0.0101562
vt 0.3821416 0.0126953
vt 0.4055629 0.0132996
vt 0.3792119 0.0101562
vt 0.4055629 0.0132996
vt 0.4032375 0.0112843
vt 0.3792119 0.0101562
vt 0.4032375 0.0112843
vt 0.4032375 0.0098339
vt 0.3876953 0.0115234
vt 0.3789062 0.1093750
vt 0.3793139 0.1093750
vt 0.3876953 0.0115234
vt 0.3793139 0.1093750
vt 0.3821416 0.0126953
vt 0.3793139 0.1093750
vt 0.3793139 0.1210938
vt 0.4033185 0.1210938
vt 0.3793139 0.1093750
vt 0.4033185 0.1210938
vt 0.4033185 0.1117923
vt 0.3793139 0.1093750
vt 0.4033185 0.1117923
vt 0.4033185 0.1093750
vt 0.3906250 0.1148437
vt 0.3868546 0.1210938
vt 0.4843750 0.1210938
vt 0.3906250 0.1148437
vt 0.4843750 0.1210938
vt 0.4843750 0.1148437
vt 0.3792119 0.1148437
vt 0.4032375 0.1148437
vt 0.4032375 0.1161329
vt 0.3792119 0.1148437
vt 0.4032375 0.1161329
vt 0.4093037 0.1210938
vt 0.3792119 0.1148437
vt 0.4093037 0.1210938
vt 0.3868546 0.1210938
vt 0.3793139 0.1093750
vt 0.4027352 0.1105836
vt 0.4033185 0.1105031
vt 0.3793139 0.1093750
vt 0.4033185 0.1105031
vt 0.4033185 0.1148437
vt 0.3793139 0.1093750
vt 0.4033185 0.1148437
vt 0.3793139 0.1148437
vt 0.3876953 0.0115234
vt 0.3792119 0.0101562
vt 0.3792119 0.1148437
vt 0.3876953 0.0115234
vt 0.3792119 0.1148437
vt 0.3906250 0.1148437
vt 0.4843750 0.0101562
vt 0.4843750 0.1148437
vt 0.4960938 0.1148438
vt 0.4843750 0.0101562
vt 0.4960938 0.1148438
vt 0.4960938 0.0101562
vt 0.3792119 0.0101562
vt 0.4032375 0.0098339
vt 0.4032375 0.0317505
vt 0.3792119 0.0101562
vt 0.4032375 0.0317505
vt 0.4032375 0.1148437
vt 0.3792119 0.0101562
vt 0.4032375 0.1148437
vt 0.3792119 0.1148437
vt 0.3821416 0.0126953
vt 0.3793139 0.1093750
vt 0.4033185 0.1093750
vt 0.3821416 0.0126953
vt 0.4033185 0.1093750
vt 0.4055629 0.0326378
vt 0.3821416 0.0126953
vt 0.4055629 0.0326378
vt 0.4055629 0.0132996
vt 0.3876953 0.0115234
vt 0.3906250 0.1148437
vt 0.4843750 0.1148437
vt 0.3876953 0.0115234
vt 0.4843750 0.1148437
vt 0.4843750 0.0101562
vt 0.3793139 0.0101562
vt 0.3793139 0.1148437
vt 0.4033185 0.1148437
vt 0.3793139 0.0101562
vt 0.4033185 0.1148437
vt 0.4033185 0.0317505
vt 0.3793139 0.0101562
vt 0.4033185 0.0317505
vt 0.4033185 0.0101562
vt 0.3793139 0.0156250
vt 0.4033185 0.0156250
vt 0.4027352 0.0361719
vt 0.3793139 0.0156250
vt 0.4027352 0.0361719
vt 0.4027352 0.1105836
vt 0.3793139 0.0156250
vt 0.4027352 0.1105836
vt 0.3793139 0.1093750
vt 0.3876953 0.0115234
vt 0.3821416 0.0126953
vt 0.3792119 0.0101562
vt 0.4843750 0.0101562
vt 0.4960938 0.0101562
vt 0.4843750 0.0039062
vt 0.3792119 0.0101562
vt 0.3821416 0.0126953
vt 0.4055629 0.0132996
vt 0.3792119 0.0101562
vt 0.4055629 0.0132996
vt 0.4032375 0.0112843
vt 0.3792119 0.0101562
vt 0.4032375 0.0112843
vt 0.4032375 0.0098339
vt 0.3876953 0.0115234
vt 0.3789062 0.1093750
vt 0.3793139 0.1093750
vt 0.3876953 0.0115234
vt 0.3793139 0.1093750
vt 0.3821416 0.0126953
vt 0.3793139 0.1093750
vt 0.3793139 0.1210938
vt 0.4033185 0.1210938
vt 0.3793139 0.1093750
vt 0.4033185 0.1210938
vt 0.4033185 0.1117923
vt 0.3793139 0.1093750
vt 0.4033185 0.1117923
vt 0.4033185 0.1093750
vt 0.3876953 0.0115234
vt 0.3792119 0.0101562
vt 0.3792119 0.0749168
vt 0.3876953 0.0115234
vt 0.3792119 0.0749168
vt 0.3825114 0.0746588
vt 0.3876953 0.0115234
vt 0.3825114 0.0746588
vt 0.3894508 0.0734340
vt 0.4843750 0.0101562
vt 0.4843750 0.0566401
vt 0.4894794 0.0557556
vt 0.4843750 0.0101562
vt 0.4894794 0.0557556
vt 0.4960938 0.0546094
vt 0.4843750 0.0101562
vt 0.4960938 0.0546094
vt 0.4960938 0.0101562
vt 0.3792119 0.0101562
vt 0.4032375 0.0098339
vt 0.4032375 0.0317505
vt 0.3792119 0.0101562
vt 0.4032375 0.0317505
vt 0.4032375 0.0749168
vt 0.3792119 0.0101562
vt 0.4032375 0.0749168
vt 0.3792119 0.0749168
vt 0.3821416 0.0126953
vt 0.3793139 0.1093750
vt 0.4033185 0.1093750
vt 0.3821416 0.0126953
vt 0.4033185 0.1093750
vt 0.4055629 0.0326378
vt 0.3821416 0.0126953
vt 0.4055629 0.0326378
vt 0.4055629 0.0132996
vt 0.3876953 0.0115234
vt 0.3894508 0.0734340
vt 0.4378444 0.0651171
vt 0.3876953 0.0115234
vt 0.4378444 0.0651171
vt 0.4843750 0.0566401
vt 0.3876953 0.0115234
vt 0.4843750 0.0566401
vt 0.4843750 0.0101562
vt 0.3793139 0.0101562
vt 0.3793139 0.0546093
vt 0.4033185 0.0546093
vt 0.3793139 0.0101562
vt 0.4033185 0.0546093
vt 0.4033185 0.0317505
vt 0.3793139 0.0101562
vt 0.4033185 0.0317505
vt 0.4033185 0.0101562
vt 0.4375000 0.0039062
vt 0.4375000 0.1210938
vt 0.4496669 0.1210938
vt 0.4375000 0.0039062
vt 0.4496669 0.1210938
vt 0.4496669 0.0674933
vt 0.4375000 0.0039062
vt 0.4496669 0.0674933
vt 0.4496669 0.0039062
vt 0.4253331 0.1210938
vt 0.4375000 0.1210938
vt 0.4253331 0.0575067
vt 0.4253331 0.0575067
vt 0.4375000 0.1210938
vt 0.4375000 0.0039062
vt 0.4253331 0.0575067
vt 0.4375000 0.0039062
vt 0.4253331 0.0039062
vt 0.4375000 0.0039062
vt 0.4375000 0.0063264
vt 0.4386152 0.0063264
vt 0.4375000 0.0039062
vt 0.4386152 0.0063264
vt 0.4496669 0.0063264
vt 0.4375000 0.0063264
vt 0.4375000 0.0039062
vt 0.4253331 0.0063264
vt 0.4375000 0.0039062
vt 0.4496669 0.0063264
vt 0.4386152 0.0063264
vt 0.4375000 0.0039062
vt 0.4386152 0.0063264
vt 0.4375000 0.0063264
vt 0.4253331 0.0063264
vt 0.4375000 0.0039062
vt 0.4375000 0.0063264
vt 0.7539062 0.0776652
vt 0.8710938 0.0776652
vt 0.8710938 0.0625000
vt 0.7539062 0.0776652
vt 0.8710938 0.0625000
vt 0.7539062 0.0625000
vt 0.7539062 0.0917968
vt 0.8710938 0.0917968
vt 0.8710938 0.0776652
vt 0.7539062 0.0917968
vt 0.8710938 0.0776652
vt 0.7539062 0.0776652
vt 0.7539062 0.1039320
vt 0.8710938 0.1039320
vt 0.8710938 0.0917968
vt 0.7539062 0.1039320
vt 0.8710938 0.0917968
vt 0.7539062 0.0917968
vt 0.7539062 0.0917969
vt 0.8710938 0.0917969
vt 0.8710938 0.1039320
vt 0.7539062 0.0917969
vt 0.8710938 0.1039320
vt 0.7539062 0.1039320
vt 0.7539062 0.0776652
vt 0.8710938 0.0776652
vt 0.8710938 0.0917969
vt 0.7539062 0.0776652
vt 0.8710938 0.0917969
vt 0.7539062 0.0917969
vt 0.7539062 0.0625000
vt 0.8710938 0.0625000
vt 0.8710938 0.0776652
vt 0.7539062 0.0625000
vt 0.8710938 0.0776652
vt 0.7539062 0.0776652
vt 0.7539062 0.0473348
vt 0.8710938 0.0473348
vt 0.8710938 0.0625000
vt 0.7539062 0.0473348
vt 0.8710938 0.0625000
vt 0.7539062 0.0625000
vt 0.7539062 0.0332031
vt 0.8710938 0.0332031
vt 0.8710938 0.0473348
vt 0.7539062 0.0332031
vt 0.8710938 0.0473348
vt 0.7539062 0.0473348
vt 0.7539062 0.0210680
vt 0.8710938 0.0210680
vt 0.8710938 0.0332031
vt 0.7539062 0.0210680
vt 0.8710938 0.0332031
vt 0.7539062 0.0332031
vt 0.7539062 0.0917968
vt 0.8710938 0.0917968
vt 0.8710938 0.1039320
vt 0.7539062 0.0917968
vt 0.8710938 0.1039320
vt 0.7539062 0.1039320
vt 0.7539062 0.0776652
vt 0.8710938 0.0776652
vt 0.8710938 0.0917968
vt 0.7539062 0.0776652
vt 0.8710938 0.0917968
vt 0.7539062 0.0917968
vt 0.7539062 0.0625000
vt 0.8710938 0.0625000
vt 0.8710938 0.0776652
vt 0.7539062 0.0625000
vt 0.8710938 0.0776652
vt 0.7539062 0.0776652
vt 0.7539062 0.0625000
vt 0.7539062 0.0473348
vt 0.8710938 0.0473348
vt 0.7539062 0.0625000
vt 0.8710938 0.0473348
vt 0.8710938 0.0625000
vt 0.7539062 0.0473348
vt 0.7539062 0.0332032
vt 0.8710938 0.0332032
vt 0.7539062 0.0473348
vt 0.8710938 0.0332032
vt 0.8710938 0.0473348
vt 0.7539062 0.0332032
vt 0.7539062 0.0210680
vt 0.8710938 0.0210680
vt 0.7539062 0.0332032
vt 0.8710938 0.0210680
vt 0.8710938 0.0332032
vt 0.7539062 0.0210680
vt 0.7539062 0.0332031
vt 0.8710938 0.0332031
vt 0.7539062 0.0210680
vt 0.8710938 0.0332031
vt 0.8710938 0.0210680
vt 0.7539062 0.0332031
vt 0.7539062 0.0473348
vt 0.8710938 0.0473348
vt 0.7539062 0.0332031
vt 0.8710938 0.0473348
vt 0.8710938 0.0332031
vt 0.7539062 0.0473348
vt 0.7539062 0.0625000
vt 0.8710938 0.0625000
vt 0.7539062 0.0473348
vt 0.8710938 0.0625000
vt 0.8710938 0.0473348
vt 0.7539062 0.0625000
vt 0.7539062 0.0776652
vt 0.8710938 0.0776652
vt 0.7539062 0.0625000
vt 0.8710938 0.0776652
vt 0.8710938 0.0625000
vt 0.7539062 0.0776652
vt 0.7539062 0.0917969
vt 0.8710938 0.0917969
vt 0.7539062 0.0776652
vt 0.8710938 0.0917969
vt 0.8710938 0.0776652
vt 0.7539062 0.0917969
vt 0.7539062 0.1039320
vt 0.8710938 0.1039320
vt 0.7539062 0.0917969
vt 0.8710938 0.1039320
vt 0.8710938 0.0917969
vt 0.7539062 0.0210680
vt 0.7539062 0.0332032
vt 0.8710938 0.0332032
vt 0.7539062 0.0210680
vt 0.8710938 0.0332032
vt 0.8710938 0.0210680
vt 0.7539062 0.0332032
vt 0.7539062 0.0473348
vt 0.8710938 0.0473348
vt 0.7539062 0.0332032
vt 0.8710938 0.0473348
vt 0.8710938 0.0332032
vt 0.7539062 0.0473348
vt 0.7539062 0.0625000
vt 0.8710938 0.0625000
vt 0.7539062 0.0473348
vt 0.8710938 0.0625000
vt 0.8710938 0.0473348
vt 0.7539062 0.0625000
vt 0.7559028 0.0776652
vt 0.7617563 0.0917968
vt 0.7539062 0.0625000
vt 0.7617563 0.0917968
vt 0.7710680 0.1039320
vt 0.7539062 0.0625000
vt 0.7710680 0.1039320
vt 0.7832031 0.1132436
vt 0.7539062 0.0625000
vt 0.7832031 0.1132436
vt 0.7973348 0.1190972
vt 0.7539062 0.0625000
vt 0.7973348 0.1190972
vt 0.8125000 0.1210938
vt 0.7539062 0.0625000
vt 0.8125000 0.1210938
vt 0.8276652 0.1190972
vt 0.7539062 0.0625000
vt 0.8276652 0.1190972
vt 0.8417969 0.1132436
vt 0.7539062 0.0625000
vt 0.8417969 0.1132436
vt 0.8539320 0.1039320
vt 0.7539062 0.0625000
vt 0.8539320 0.1039320
vt 0.8632437 0.0917968
vt 0.7539062 0.0625000
vt 0.8632437 0.0917968
vt 0.8690972 0.0776652
vt 0.7539062 0.0625000
vt 0.8690972 0.0776652
vt 0.8710938 0.0625000
vt 0.7539062 0.0625000
vt 0.8710938 0.0625000
vt 0.8690972 0.0473348
vt 0.7539062 0.0625000
vt 0.8690972 0.0473348
vt 0.8632437 0.0332032
vt 0.7539062 0.0625000
vt 0.8632437 0.0332032
vt 0.8539320 0.0210680
vt 0.7539062 0.0625000
vt 0.8539320 0.0210680
vt 0.8417969 0.0117564
vt 0.7539062 0.0625000
vt 0.8417969 0.0117564
vt 0.8276652 0.0059028
vt 0.7539062 0.0625000
vt 0.8276652 0.0059028
vt 0.8125000 0.0039062
vt 0.7539062 0.0625000
vt 0.8125000 0.0039062
vt 0.7973348 0.0059028
vt 0.7539062 0.0625000
vt 0.7973348 0.0059028
vt 0.7832031 0.0117564
vt 0.7539062 0.0625000
vt 0.7832031 0.0117564
vt 0.7710680 0.0210680
vt 0.7539062 0.0625000
vt 0.7710680 0.0210680
vt 0.7617563 0.0332032
vt 0.7539062 0.0625000
vt 0.7617563 0.0332032
vt 0.7559028 0.0473348
vt 0.7539062 0.0625000
vt 0.7559028 0.0473348
vt 0.7617563 0.0332032
vt 0.7539062 0.0625000
vt 0.7617563 0.0332032
vt 0.7710680 0.0210680
vt 0.7539062 0.0625000
vt 0.7710680 0.0210680
vt 0.7832031 0.0117564
vt 0.7539062 0.0625000
vt 0.7832031 0.0117564
vt 0.7973348 0.0059028
vt 0.7539062 0.0625000
vt 0.7973348 0.0059028
vt 0.8125000 0.0039062
vt 0.7539062 0.0625000
vt 0.8125000 0.0039062
vt 0.8276652 0.0059028
vt 0.7539062 0.0625000
vt 0.8276652 0.0059028
vt 0.8417969 0.0117564
vt 0.7539062 0.0625000
vt 0.8417969 0.0117564
vt 0.8539320 0.0210680
vt 0.7539062 0.0625000
vt 0.8539320 0.0210680
vt 0.8632437 0.0332032
vt 0.7539062 0.0625000
vt 0.8632437 0.0332032
vt 0.8690972 0.0473348
vt 0.7539062 0.0625000
vt 0.8690972 0.0473348
vt 0.8710938 0.0625000
vt 0.7539062 0.0625000
vt 0.8710938 0.0625000
vt 0.8690972 0.0776652
vt 0.7539062 0.0625000
vt 0.8690972 0.0776652
vt 0.8632437 0.0917968
vt 0.7539062 0.0625000
vt 0.8632437 0.0917968
vt 0.8539320 0.1039320
vt 0.7539062 0.0625000
vt 0.8539320 0.1039320
vt 0.8417969 0.1132436
vt 0.7539062 0.0625000
vt 0.8417969 0.1132436
vt 0.8276652 0.1190972
vt 0.7539062 0.0625000
vt 0.8276652 0.1190972
vt 0.8125000 0.1210938
vt 0.7539062 0.0625000
vt 0.8125000 0.1210938
vt 0.7973348 0.1190972
vt 0.7539062 0.0625000
vt 0.7973348 0.1190972
vt 0.7832031 0.1132436
vt 0.7539062 0.0625000
vt 0.7832031 0.1132436
vt 0.7710680 0.1039320
vt 0.7539062 0.0625000
vt 0.7710680 0.1039320
vt 0.7617563 0.0917968
vt 0.7539062 0.0625000
vt 0.7617563 0.0917968
vt 0.7559028 0.0776652
vt 0.7962632 0.0776652
vt 0.8710938 0.0776652
vt 0.8710938 0.0625000
vt 0.7962632 0.0776652
vt 0.8710938 0.0625000
vt 0.7962632 0.0721838
vt 0.7962632 0.0721838
vt 0.8710938 0.0625000
vt 0.7962632 0.0625000
vt 0.7962632 0.0917969
vt 0.8710938 0.0917969
vt 0.8710938 0.0776652
vt 0.7962632 0.0917969
vt 0.8710938 0.0776652
vt 0.7962632 0.0866891
vt 0.7962632 0.0866891
vt 0.8710938 0.0776652
vt 0.7962632 0.0776652
vt 0.7962632 0.1039321
vt 0.8710938 0.1039321
vt 0.8710938 0.0917969
vt 0.7962632 0.1039321
vt 0.8710938 0.0917969
vt 0.7962632 0.0995459
vt 0.7962632 0.0995459
vt 0.8710938 0.0917969
vt 0.7962632 0.0917969
vt 0.7962632 0.0917969
vt 0.8710938 0.0917969
vt 0.8710938 0.1039320
vt 0.7962632 0.0917969
vt 0.8710938 0.1039320
vt 0.7962632 0.0961831
vt 0.7962632 0.0961831
vt 0.8710938 0.1039320
vt 0.7962632 0.1039320
vt 0.7962632 0.0776652
vt 0.8710938 0.0776652
vt 0.8710938 0.0917969
vt 0.7962632 0.0776652
vt 0.8710938 0.0917969
vt 0.7962632 0.0827730
vt 0.7962632 0.0827730
vt 0.8710938 0.0917969
vt 0.7962632 0.0917969
vt 0.7962632 0.0625000
vt 0.8710938 0.0625000
vt 0.8710938 0.0776652
vt 0.7962632 0.0625000
vt 0.8710938 0.0776652
vt 0.7962632 0.0679814
vt 0.7962632 0.0679814
vt 0.8710938 0.0776652
vt 0.7962632 0.0776652
vt 0.7962632 0.0473348
vt 0.8710938 0.0473348
vt 0.8710938 0.0625000
vt 0.7962632 0.0473348
vt 0.8710938 0.0625000
vt 0.7962632 0.0528162
vt 0.7962632 0.0528162
vt 0.8710938 0.0625000
vt 0.7962632 0.0625000
vt 0.7962632 0.0332031
vt 0.8710938 0.0332031
vt 0.8710938 0.0473348
vt 0.7962632 0.0332031
vt 0.8710938 0.0473348
vt 0.7962632 0.0383109
vt 0.7962632 0.0383109
vt 0.8710938 0.0473348
vt 0.7962632 0.0473348
vt 0.7962632 0.0210680
vt 0.8710938 0.0210680
vt 0.8710938 0.0332031
vt 0.7962632 0.0210680
vt 0.8710938 0.0332031
vt 0.7962632 0.0254542
vt 0.7962632 0.0254542
vt 0.8710938 0.0332031
vt 0.7962632 0.0332031
vt 0.7962632 0.0917969
vt 0.8710938 0.0917969
vt 0.8710938 0.1039321
vt 0.7962632 0.0917969
vt 0.8710938 0.1039321
vt 0.7962632 0.0961831
vt 0.7962632 0.0961831
vt 0.8710938 0.1039321
vt 0.7962632 0.1039321
vt 0.7962632 0.0776652
vt 0.8710938 0.0776652
vt 0.8710938 0.0917969
vt 0.7962632 0.0776652
vt 0.8710938 0.0917969
vt 0.7962632 0.0827730
vt 0.7962632 0.0827730
vt 0.8710938 0.0917969
vt 0.7962632 0.0917969
vt 0.7962632 0.0625000
vt 0.8710938 0.0625000
vt 0.8710938 0.0776652
vt 0.7962632 0.0625000
vt 0.8710938 0.0776652
vt 0.7962632 0.0679814
vt 0.7962632 0.0679814
vt 0.8710938 0.0776652
vt 0.7962632 0.0776652
vt 0.7962632 0.0473348
vt 0.8710938 0.0473348
vt 0.7962632 0.0570186
vt 0.7962632 0.0570186
vt 0.8710938 0.0473348
vt 0.8710938 0.0625000
vt 0.7962632 0.0570186
vt 0.8710938 0.0625000
vt 0.7962632 0.0625000
vt 0.7962632 0.0332031
vt 0.8710938 0.0332031
vt 0.7962632 0.0422270
vt 0.7962632 0.0422270
vt 0.8710938 0.0332031
vt 0.8710938 0.0473348
vt 0.7962632 0.0422270
vt 0.8710938 0.0473348
vt 0.7962632 0.0473348
vt 0.7962632 0.0210679
vt 0.8710938 0.0210679
vt 0.7962632 0.0288169
vt 0.7962632 0.0288169
vt 0.8710938 0.0210679
vt 0.8710938 0.0332031
vt 0.7962632 0.0288169
vt 0.8710938 0.0332031
vt 0.7962632 0.0332031
vt 0.7962632 0.0332031
vt 0.8710938 0.0332031
vt 0.7962632 0.0254542
vt 0.7962632 0.0254542
vt 0.8710938 0.0332031
vt 0.8710938 0.0210680
vt 0.7962632 0.0254542
vt 0.8710938 0.0210680
vt 0.7962632 0.0210680
vt 0.7962632 0.0473348
vt 0.8710938 0.0473348
vt 0.7962632 0.0383109
vt 0.7962632 0.0383109
vt 0.8710938 0.0473348
vt 0.8710938 0.0332031
vt 0.7962632 0.0383109
vt 0.8710938 0.0332031
vt 0.7962632 0.0332031
vt 0.7962632 0.0625000
vt 0.8710938 0.0625000
vt 0.7962632 0.0528162
vt 0.7962632 0.0528162
vt 0.8710938 0.0625000
vt 0.8710938 0.0473348
vt 0.7962632 0.0528162
vt 0.8710938 0.0473348
vt 0.7962632 0.0473348
vt 0.7962632 0.0776652
vt 0.8710938 0.0776652
vt 0.7962632 0.0679814
vt 0.7962632 0.0679814
vt 0.8710938 0.0776652
vt 0.8710938 0.0625000
vt 0.7962632 0.0679814
vt 0.8710938 0.0625000
vt 0.7962632 0.0625000
vt 0.7962632 0.0917969
vt 0.8710938 0.0917969
vt 0.7962632 0.0827730
vt 0.7962632 0.0827730
vt 0.8710938 0.0917969
vt 0.8710938 0.0776652
vt 0.7962632 0.0827730
vt 0.8710938 0.0776652
vt 0.7962632 0.0776652
vt 0.7962632 0.1039320
vt 0.8710938 0.1039320
vt 0.7962632 0.0961831
vt 0.7962632 0.0961831
vt 0.8710938 0.1039320
vt 0.8710938 0.0917969
vt 0.7962632 0.0961831
vt 0.8710938 0.0917969
vt 0.7962632 0.0917969
vt 0.7962632 0.0332031
vt 0.8710938 0.0332031
vt 0.7962632 0.0254541
vt 0.7962632 0.0254541
vt 0.8710938 0.0332031
vt 0.8710938 0.0210679
vt 0.7962632 0.0254541
vt 0.8710938 0.0210679
vt 0.7962632 0.0210679
vt 0.7962632 0.0473348
vt 0.8710938 0.0473348
vt 0.7962632 0.0383109
vt 0.7962632 0.0383109
vt 0.8710938 0.0473348
vt 0.8710938 0.0332031
vt 0.7962632 0.0383109
vt 0.8710938 0.0332031
vt 0.7962632 0.0332031
vt 0.7962632 0.0625000
vt 0.8710938 0.0625000
vt 0.7962632 0.0528162
vt 0.7962632 0.0528162
vt 0.8710938 0.0625000
vt 0.8710938 0.0473348
vt 0.7962632 0.0528162
vt 0.8710938 0.0473348
vt 0.7962632 0.0473348
vt 0.7539062 0.0625000
vt 0.7559028 0.0473348
vt 0.7617563 0.0332031
vt 0.7539062 0.0625000
vt 0.7617563 0.0332031
vt 0.7710680 0.0210679
vt 0.7539062 0.0625000
vt 0.7710680 0.0210679
vt 0.7832031 0.0117563
vt 0.7539062 0.0625000
vt 0.7832031 0.0117563
vt 0.7973348 0.0059027
vt 0.7539062 0.0625000
vt 0.7973348 0.0059027
vt 0.8125000 0.0039062
vt 0.7539062 0.0625000
vt 0.8125000 0.0039062
vt 0.8276652 0.0059027
vt 0.7539062 0.0625000
vt 0.8276652 0.0059027
vt 0.8417969 0.0117563
vt 0.7539062 0.0625000
vt 0.8417969 0.0117563
vt 0.8539320 0.0210679
vt 0.7539062 0.0625000
vt 0.8539320 0.0210679
vt 0.8632437 0.0332031
vt 0.7539062 0.0625000
vt 0.8632437 0.0332031
vt 0.8690972 0.0473348
vt 0.7539062 0.0625000
vt 0.8690972 0.0473348
vt 0.8710938 0.0625000
vt 0.7539062 0.0625000
vt 0.8710938 0.0625000
vt 0.8690972 0.0776652
vt 0.7539062 0.0625000
vt 0.8690972 0.0776652
vt 0.8632437 0.0917969
vt 0.7539062 0.0625000
vt 0.8632437 0.0917969
vt 0.8539320 0.1039321
vt 0.7539062 0.0625000
vt 0.8539320 0.1039321
vt 0.8417969 0.1132437
vt 0.7539062 0.0625000
vt 0.8417969 0.1132437
vt 0.8276652 0.1190973
vt 0.7539062 0.0625000
vt 0.8276652 0.1190973
vt 0.8125000 0.1210938
vt 0.7539062 0.0625000
vt 0.8125000 0.1210938
vt 0.7973348 0.1190973
vt 0.7539062 0.0625000
vt 0.7973348 0.1190973
vt 0.7832031 0.1132437
vt 0.7539062 0.0625000
vt 0.7832031 0.1132437
vt 0.7710680 0.1039321
vt 0.7539062 0.0625000
vt 0.7710680 0.1039321
vt 0.7617563 0.0917969
vt 0.7539062 0.0625000
vt 0.7617563 0.0917969
vt 0.7559028 0.0776652
vt 0.7539062 0.0849229
vt 0.8710938 0.0849229
vt 0.8710938 0.0625000
vt 0.7539062 0.0849229
vt 0.8710938 0.0625000
vt 0.7539062 0.0625000
vt 0.7539062 0.1039320
vt 0.8710938 0.1039320
vt 0.8710938 0.0849229
vt 0.7539062 0.1039320
vt 0.8710938 0.0849229
vt 0.7539062 0.0849229
vt 0.7539062 0.0849229
vt 0.8710938 0.0849229
vt 0.8710938 0.1039320
vt 0.7539062 0.0849229
vt 0.8710938 0.1039320
vt 0.7539062 0.1039320
vt 0.7539062 0.0625000
vt 0.8710938 0.0625000
vt 0.8710938 0.0849229
vt 0.7539062 0.0625000
vt 0.8710938 0.0849229
vt 0.7539062 0.0849229
vt 0.7539062 0.0400771
vt 0.8710938 0.0400771
vt 0.8710938 0.0625000
vt 0.7539062 0.0400771
vt 0.8710938 0.0625000
vt 0.7539062 0.0625000
vt 0.7539062 0.0210680
vt 0.8710938 0.0210680
vt 0.8710938 0.0400771
vt 0.7539062 0.0210680
vt 0.8710938 0.0400771
vt 0.7539062 0.0400771
vt 0.7539062 0.0849229
vt 0.8710938 0.0849229
vt 0.8710938 0.1039320
vt 0.7539062 0.0849229
vt 0.8710938 0.1039320
vt 0.7539062 0.1039320
vt 0.7539062 0.0625000
vt 0.8710938 0.0625000
vt 0.8710938 0.0849229
vt 0.7539062 0.0625000
vt 0.8710938 0.0849229
vt 0.7539062 0.0849229
vt 0.7539062 0.0625000
vt 0.7539062 0.0400771
vt 0.8710938 0.0400771
vt 0.7539062 0.0625000
vt 0.8710938 0.0400771
vt 0.8710938 0.0625000
vt 0.7539062 0.0400771
vt 0.7539062 0.0210680
vt 0.8710938 0.0210680
vt 0.7539062 0.0400771
vt 0.8710938 0.0210680
vt 0.8710938 0.0400771
vt 0.7539062 0.0210680
vt 0.7539062 0.0400771
vt 0.8710938 0.0400771
vt 0.7539062 0.0210680
vt 0.8710938 0.0400771
vt 0.8710938 0.0210680
vt 0.7539062 0.0400771
vt 0.7539062 0.0625000
vt 0.8710938 0.0625000
vt 0.7539062 0.0400771
vt 0.8710938 0.0625000
vt 0.8710938 0.0400771
vt 0.7539062 0.0625000
vt 0.7539062 0.0849229
vt 0.8710938 0.0849229
vt 0.7539062 0.0625000
vt 0.8710938 0.0849229
vt 0.8710938 0.0625000
vt 0.7539062 0.0849229
vt 0.7539062 0.1039320
vt 0.8710938 0.1039320
vt 0.7539062 0.0849229
vt 0.8710938 0.1039320
vt 0.8710938 0.0849229
vt 0.7539062 0.0210680
vt 0.7539062 0.0400771
vt 0.8710938 0.0400771
vt 0.7539062 0.0210680
vt 0.8710938 0.0400771
vt 0.8710938 0.0210680
vt 0.7539062 0.0400771
vt 0.7539062 0.0625000
vt 0.8710938 0.0625000
vt 0.7539062 0.0400771
vt 0.8710938 0.0625000
vt 0.8710938 0.0400771
vt 0.7539062 0.0625000
vt 0.7583665 0.0849229
vt 0.7710680 0.1039320
vt 0.7539062 0.0625000
vt 0.7710680 0.1039320
vt 0.7900771 0.1166336
vt 0.7539062 0.0625000
vt 0.7900771 0.1166336
vt 0.8125000 0.1210938
vt 0.7539062 0.0625000
vt 0.8125000 0.1210938
vt 0.8349229 0.1166336
vt 0.7539062 0.0625000
vt 0.8349229 0.1166336
vt 0.8539320 0.1039320
vt 0.7539062 0.0625000
vt 0.8539320 0.1039320
vt 0.8666335 0.0849229
vt 0.7539062 0.0625000
vt 0.8666335 0.0849229
vt 0.8710938 0.0625000
vt 0.7539062 0.0625000
vt 0.8710938 0.0625000
vt 0.8666335 0.0400771
vt 0.7539062 0.0625000
vt 0.8666335 0.0400771
vt 0.8539320 0.0210680
vt 0.7539062 0.0625000
vt 0.8539320 0.0210680
vt 0.8349229 0.0083664
vt 0.7539062 0.0625000
vt 0.8349229 0.0083664
vt 0.8125000 0.0039062
vt 0.7539062 0.0625000
vt 0.8125000 0.0039062
vt 0.7900771 0.0083664
vt 0.7539062 0.0625000
vt 0.7900771 0.0083664
vt 0.7710680 0.0210680
vt 0.7539062 0.0625000
vt 0.7710680 0.0210680
vt 0.7583665 0.0400771
vt 0.7539062 0.0625000
vt 0.7583665 0.0400771
vt 0.7710680 0.0210680
vt 0.7539062 0.0625000
vt 0.7710680 0.0210680
vt 0.7900771 0.0083664
vt 0.7539062 0.0625000
vt 0.7900771 0.0083664
vt 0.8125000 0.0039062
vt 0.7539062 0.0625000
vt 0.8125000 0.0039062
vt 0.8349229 0.0083664
vt 0.7539062 0.0625000
vt 0.8349229 0.0083664
vt 0.8539320 0.0210680
vt 0.7539062 0.0625000
vt 0.8539320 0.0210680
vt 0.8666335 0.0400771
vt 0.7539062 0.0625000
vt 0.8666335 0.0400771
vt 0.8710938 0.0625000
vt 0.7539062 0.0625000
vt 0.8710938 0.0625000
vt 0.8666335 0.0849229
vt 0.7539062 0.0625000
vt 0.8666335 0.0849229
vt 0.8539320 0.1039320
vt 0.7539062 0.0625000
vt 0.8539320 0.1039320
vt 0.8349229 0.1166336
vt 0.7539062 0.0625000
vt 0.8349229 0.1166336
vt 0.8125000 0.1210938
vt 0.7539062 0.0625000
vt 0.8125000 0.1210938
vt 0.7900771 0.1166336
vt 0.7539062 0.0625000
vt 0.7900771 0.1166336
vt 0.7710680 0.1039320
vt 0.7539062 0.0625000
vt 0.7710680 0.1039320
vt 0.7583665 0.0849229
vt 0.9960938 0.0039062
vt 0.9960938 0.1210938
vt 0.9375000 0.1210938
vt 0.9960938 0.0039062
vt 0.9375000 0.1210938
vt 0.9375000 0.0039062
vt 0.9082031 0.0039062
vt 0.9082031 0.1210938
vt 0.9667969 0.1210938
vt 0.9082031 0.0039062
vt 0.9667969 0.1210938
vt 0.9667969 0.0039062
vt 0.9375000 0.0039062
vt 0.9375000 0.1210938
vt 0.9960938 0.1210938
vt 0.9375000 0.0039062
vt 0.9960938 0.1210938
vt 0.9960938 0.0039062
vt 0.9375000 0.0039062
vt 0.8789062 0.0039062
vt 0.8789062 0.1210938
vt 0.9375000 0.0039062
vt 0.8789062 0.1210938
vt 0.9375000 0.1210938
vt 0.9082031 0.0039062
vt 0.9667969 0.0039062
vt 0.9667969 0.1210938
vt 0.9082031 0.0039062
vt 0.9667969 0.1210938
vt 0.9082031 0.1210938
vt 0.8789062 0.0039062
vt 0.9375000 0.0039062
vt 0.9375000 0.1210938
vt 0.8789062 0.0039062
vt 0.9375000 0.1210938
vt 0.8789062 0.1210938
vt 0.8789062 0.0625000
vt 0.9082031 0.1210938
vt 0.9667969 0.1210938
vt 0.8789062 0.0625000
vt 0.9667969 0.1210938
vt 0.9960938 0.0625000
vt 0.8789062 0.0625000
vt 0.9960938 0.0625000
vt 0.9667969 0.0039062
vt 0.8789062 0.0625000
vt 0.9667969 0.0039062
vt 0.9082031 0.0039062
vt 0.8789062 0.0625000
vt 0.9082031 0.0039062
vt 0.9667969 0.0039062
vt 0.8789062 0.0625000
vt 0.9667969 0.0039062
vt 0.9960938 0.0625000
vt 0.8789062 0.0625000
vt 0.9960938 0.0625000
vt 0.9667969 0.1210938
vt 0.8789062 0.0625000
vt 0.9667969 0.1210938
vt 0.9082031 0.1210938
vt 0.9960938 0.0039062
vt 0.9960938 0.1210938
vt 0.9375000 0.1210938
vt 0.9960938 0.0039062
vt 0.9375000 0.1210938
vt 0.9375000 0.0039062
vt 0.9082031 0.0039062
vt 0.9082031 0.1210938
vt 0.9667969 0.1210938
vt 0.9082031 0.0039062
vt 0.9667969 0.1210938
vt 0.9667969 0.0039062
vt 0.9375000 0.0039062
vt 0.9375000 0.1210938
vt 0.9960938 0.1210938
vt 0.9375000 0.0039062
vt 0.9960938 0.1210938
vt 0.9960938 0.0039062
vt 0.9375000 0.0039062
vt 0.8789062 0.0039062
vt 0.8789062 0.1210938
vt 0.9375000 0.0039062
vt 0.8789062 0.1210938
vt 0.9375000 0.1210938
vt 0.9082031 0.0039062
vt 0.9667969 0.0039062
vt 0.9667969 0.1210938
vt 0.9082031 0.0039062
vt 0.9667969 0.1210938
vt 0.9082031 0.1210938
vt 0.8789062 0.0039062
vt 0.9375000 0.0039062
vt 0.9375000 0.1210938
vt 0.8789062 0.0039062
vt 0.9375000 0.1210938
vt 0.8789062 0.1210938
vt 0.8789062 0.0625000
vt 0.9082031 0.1210938
vt 0.9667969 0.1210938
vt 0.8789062 0.0625000
vt 0.9667969 0.1210938
vt 0.9960938 0.0625000
vt 0.8789062 0.0625000
vt 0.9960938 0.0625000
vt 0.9667969 0.0039062
vt 0.8789062 0.0625000
vt 0.9667969 0.0039062
vt 0.9082031 0.0039062
vt 0.8789062 0.0625000
vt 0.9082031 0.0039062
vt 0.9667969 0.0039062
vt 0.8789062 0.0625000
vt 0.9667969 0.0039062
vt 0.9960938 0.0625000
vt 0.8789062 0.0625000
vt 0.9960938 0.0625000
vt 0.9667969 0.1210938
vt 0.8789062 0.0625000
vt 0.9667969 0.1210938
vt 0.9082031 0.1210938
vt 0.9960938 0.0039062
vt 0.9960938 0.1210938
vt 0.9375000 0.1210938
vt 0.9960938 0.0039062
vt 0.9375000 0.1210938
vt 0.9375000 0.0039062
vt 0.9082031 0.0039062
vt 0.9082031 0.1210938
vt 0.9667969 0.1210938
vt 0.9082031 0.0039062
vt 0.9667969 0.1210938
vt 0.9667969 0.0039062
vt 0.9375000 0.0039062
vt 0.9375000 0.1210938
vt 0.9960938 0.1210938
vt 0.9375000 0.0039062
vt 0.9960938 0.1210938
vt 0.9960938 0.0039062
vt 0.9375000 0.0039062
vt 0.8789062 0.0039062
vt 0.8789062 0.1210938
vt 0.9375000 0.0039062
vt 0.8789062 0.1210938
vt 0.9375000 0.1210938
vt 0.9082031 0.0039062
vt 0.9667969 0.0039062
vt 0.9667969 0.1210938
vt 0.9082031 0.0039062
vt 0.9667969 0.1210938
vt 0.9082031 0.1210938
vt 0.8789062 0.0039062
vt 0.9375000 0.0039062
vt 0.9375000 0.1210938
vt 0.8789062 0.0039062
vt 0.9375000 0.1210938
vt 0.8789062 0.1210938
vt 0.8789062 0.0625000
vt 0.9082031 0.1210938
vt 0.9667969 0.1210938
vt 0.8789062 0.0625000
vt 0.9667969 0.1210938
vt 0.9960938 0.0625000
vt 0.8789062 0.0625000
vt 0.9960938 0.0625000
vt 0.9667969 0.0039062
vt 0.8789062 0.0625000
vt 0.9667969 0.0039062
vt 0.9082031 0.0039062
vt 0.8789062 0.0625000
vt 0.9082031 0.0039062
vt 0.9667969 0.0039062
vt 0.8789062 0.0625000
vt 0.9667969 0.0039062
vt 0.9960938 0.0625000
vt 0.8789062 0.0625000
vt 0.9960938 0.0625000
vt 0.9667969 0.1210938
vt 0.8789062 0.0625000
vt 0.9667969 0.1210938
vt 0.9082031 0.1210938
vt 0.9960938 0.0039062
vt 0.9960938 0.1210938
vt 0.9375000 0.1210938
vt 0.9960938 0.0039062
vt 0.9375000 0.1210938
vt 0.9375000 0.0039062
vt 0.9082031 0.0039062
vt 0.9082031 0.1210938
vt 0.9667969 0.1210938
vt 0.9082031 0.0039062
vt 0.9667969 0.1210938
vt 0.9667969 0.0039062
vt 0.9375000 0.0039062
vt 0.9375000 0.1210938
vt 0.9960938 0.1210938
vt 0.9375000 0.0039062
vt 0.9960938 0.1210938
vt 0.9960938 0.0039062
vt 0.9375000 0.0039062
vt 0.8789062 0.0039062
vt 0.8789062 0.1210938
vt 0.9375000 0.0039062
vt 0.8789062 0.1210938
vt 0.9375000 0.1210938
vt 0.9082031 0.0039062
vt 0.9667969 0.0039062
vt 0.9667969 0.1210938
vt 0.9082031 0.0039062
vt 0.9667969 0.1210938
vt 0.9082031 0.1210938
vt 0.8789062 0.0039062
vt 0.9375000 0.0039062
vt 0.9375000 0.1210938
vt 0.8789062 0.0039062
vt 0.9375000 0.1210938
vt 0.8789062 0.1210938
vt 0.8789062 0.0625000
vt 0.9082031 0.1210938
vt 0.9667969 0.1210938
vt 0.8789062 0.0625000
vt 0.9667969 0.1210938
vt 0.9960938 0.0625000
vt 0.8789062 0.0625000
vt 0.9960938 0.0625000
vt 0.9667969 0.0039062
vt 0.8789062 0.0625000
vt 0.9667969 0.0039062
vt 0.9082031 0.0039062
vt 0.8789062 0.0625000
vt 0.9082031 0.0039062
vt 0.9667969 0.0039062
vt 0.8789062 0.0625000
vt 0.9667969 0.0039062
vt 0.9960938 0.0625000
vt 0.8789062 0.0625000
vt 0.9960938 0.0625000
vt 0.9667969 0.1210938
vt 0.8789062 0.0625000
vt 0.9667969 0.1210938
vt 0.9082031 0.1210938
vt 0.9960938 0.0039062
vt 0.9960938 0.1210938
vt 0.9375000 0.1210938
vt 0.9960938 0.0039062
vt 0.9375000 0.1210938
vt 0.9375000 0.0039062
vt 0.9082031 0.0039062
vt 0.9082031 0.1210938
vt 0.9667969 0.1210938
vt 0.9082031 0.0039062
vt 0.9667969 0.1210938
vt 0.9667969 0.0039062
vt 0.9375000 0.0039062
vt 0.9375000 0.1210938
vt 0.9960938 0.1210938
vt 0.9375000 0.0039062
vt 0.9960938 0.1210938
vt 0.9960938 0.0039062
vt 0.9375000 0.0039062
vt 0.8789062 0.0039062
vt 0.8789062 0.1210938
vt 0.9375000 0.0039062
vt 0.8789062 0.1210938
vt 0.9375000 0.1210938
vt 0.9082031 0.0039062
vt 0.9667969 0.0039062
vt 0.9667969 0.1210938
vt 0.9082031 0.0039062
vt 0.9667969 0.1210938
vt 0.9082031 0.1210938
vt 0.8789062 0.0039062
vt 0.9375000 0.0039062
vt 0.9375000 0.1210938
vt 0.8789062 0.0039062
vt 0.9375000 0.1210938
vt 0.8789062 0.1210938
vt 0.8789062 0.0625000
vt 0.9082031 0.1210938
vt 0.9667969 0.1210938
vt 0.8789062 0.0625000
vt 0.9667969 0.1210938
vt 0.9960938 0.0625000
vt 0.8789062 0.0625000
vt 0.9960938 0.0625000
vt 0.9667969 0.0039062
vt 0.8789062 0.0625000
vt 0.9667969 0.0039062
vt 0.9082031 0.0039062
vt 0.8789062 0.0625000
vt 0.9082031 0.0039062
vt 0.9667969 0.0039062
vt 0.8789062 0.0625000
vt 0.9667969 0.0039062
vt 0.9960938 0.0625000
vt 0.8789062 0.0625000
vt 0.9960938 0.0625000
vt 0.9667969 0.1210938
vt 0.8789062 0.0625000
vt 0.9667969 0.1210938
vt 0.9082031 0.1210938
vt 0.9960938 0.0039062
vt 0.9960938 0.1210938
vt 0.9375000 0.1210938
vt 0.9960938 0.0039062
vt 0.9375000 0.1210938
vt 0.9375000 0.0039062
vt 0.9082031 0.0039062
vt 0.9082031 0.1210938
vt 0.9667969 0.1210938
vt 0.9082031 0.0039062
vt 0.9667969 0.1210938
vt 0.9667969 0.0039062
vt 0.9375000 0.0039062
vt 0.9375000 0.1210938
vt 0.9960938 0.1210938
vt 0.9375000 0.0039062
vt 0.9960938 0.1210938
vt 0.9960938 0.0039062
vt 0.9375000 0.0039062
vt 0.8789062 0.0039062
vt 0.8789062 0.1210938
vt 0.9375000 0.0039062
vt 0.8789062 0.1210938
vt 0.9375000 0.1210938
vt 0.9082031 0.0039062
vt 0.9667969 0.0039062
vt 0.9667969 0.1210938
vt 0.9082031 0.0039062
vt 0.9667969 0.1210938
vt 0.9082031 0.1210938
vt 0.8789062 0.0039062
vt 0.9375000 0.0039062
vt 0.9375000 0.1210938
vt 0.8789062 0.0039062
vt 0.9375000 0.1210938
vt 0.8789062 0.1210938
vt 0.8789062 0.0625000
vt 0.9082031 0.1210938
vt 0.9667969 0.1210938
vt 0.8789062 0.0625000
vt 0.9667969 0.1210938
vt 0.9960938 0.0625000
vt 0.8789062 0.0625000
vt 0.9960938 0.0625000
vt 0.9667969 0.0039062
vt 0.8789062 0.0625000
vt 0.9667969 0.0039062
vt 0.9082031 0.0039062
vt 0.8789062 0.0625000
vt 0.9082031 0.0039062
vt 0.9667969 0.0039062
vt 0.8789062 0.0625000
vt 0.9667969 0.0039062
vt 0.9960938 0.0625000
vt 0.8789062 0.0625000
vt 0.9960938 0.0625000
vt 0.9667969 0.1210938
vt 0.8789062 0.0625000
vt 0.9667969 0.1210938
vt 0.9082031 0.1210938
vt 0.2539062 0.2099229
vt 0.3710938 0.2099229
vt 0.3710938 0.1875000
vt 0.2539062 0.2099229
vt 0.3710938 0.1875000
vt 0.2539062 0.1875000
vt 0.2539062 0.2289321
vt 0.3710938 0.2289321
vt 0.3710938 0.2099229
vt 0.2539062 0.2289321
vt 0.3710938 0.2099229
vt 0.2539062 0.2099229
vt 0.2539062 0.2099229
vt 0.3710938 0.2099229
vt 0.3710938 0.2289320
vt 0.2539062 0.2099229
vt 0.3710938 0.2289320
vt 0.2539062 0.2289320
vt 0.2539062 0.1875000
vt 0.3710938 0.1875000
vt 0.3710938 0.2099229
vt 0.2539062 0.1875000
vt 0.3710938 0.2099229
vt 0.2539062 0.2099229
vt 0.2539062 0.1650771
vt 0.3710938 0.1650771
vt 0.3710938 0.1875000
vt 0.2539062 0.1650771
vt 0.3710938 0.1875000
vt 0.2539062 0.1875000
vt 0.2539062 0.1460680
vt 0.3710938 0.1460680
vt 0.3710938 0.1650771
vt 0.2539062 0.1460680
vt 0.3710938 0.1650771
vt 0.2539062 0.1650771
vt 0.2539062 0.2099229
vt 0.3710938 0.2099229
vt 0.3710938 0.2289321
vt 0.2539062 0.2099229
vt 0.3710938 0.2289321
vt 0.2539062 0.2289321
vt 0.2539062 0.1875000
vt 0.3710938 0.1875000
vt 0.3710938 0.2099229
vt 0.2539062 0.1875000
vt 0.3710938 0.2099229
vt 0.2539062 0.2099229
vt 0.2539062 0.1875000
vt 0.2539062 0.1650771
vt 0.3710938 0.1650771
vt 0.2539062 0.1875000
vt 0.3710938 0.1650771
vt 0.3710938 0.1875000
vt 0.2539062 0.1650771
vt 0.2539062 0.1460680
vt 0.3710938 0.1460680
vt 0.2539062 0.1650771
vt 0.3710938 0.1460680
vt 0.3710938 0.1650771
vt 0.2539062 0.1460680
vt 0.2539062 0.1650771
vt 0.3710938 0.1650771
vt 0.2539062 0.1460680
vt 0.3710938 0.1650771
vt 0.3710938 0.1460680
vt 0.2539062 0.1650771
vt 0.2539062 0.1875000
vt 0.3710938 0.1875000
vt 0.2539062 0.1650771
vt 0.3710938 0.1875000
vt 0.3710938 0.1650771
vt 0.2539062 0.1875000
vt 0.2539062 0.2099229
vt 0.3710938 0.2099229
vt 0.2539062 0.1875000
vt 0.3710938 0.2099229
vt 0.3710938 0.1875000
vt 0.2539062 0.2099229
vt 0.2539062 0.2289320
vt 0.3710938 0.2289320
vt 0.2539062 0.2099229
vt 0.3710938 0.2289320
vt 0.3710938 0.2099229
vt 0.2539062 0.1460680
vt 0.2539062 0.1650771
vt 0.3710938 0.1650771
vt 0.2539062 0.1460680
vt 0.3710938 0.1650771
vt 0.3710938 0.1460680
vt 0.2539062 0.1650771
vt 0.2539062 0.1875000
vt 0.3710938 0.1875000
vt 0.2539062 0.1650771
vt 0.3710938 0.1875000
vt 0.3710938 0.1650771
vt 0.2539062 0.1875000
vt 0.2583664 0.2099229
vt 0.2710680 0.2289321
vt 0.2539062 0.1875000
vt 0.2710680 0.2289321
vt 0.2900771 0.2416336
vt 0.2539062 0.1875000
vt 0.2900771 0.2416336
vt 0.3125000 0.2460938
vt 0.2539062 0.1875000
vt 0.3125000 0.2460938
vt 0.3349229 0.2416336
vt 0.2539062 0.1875000
vt 0.3349229 0.2416336
vt 0.3539320 0.2289321
vt 0.2539062 0.1875000
vt 0.3539320 0.2289321
vt 0.3666336 0.2099229
vt 0.2539062 0.1875000
vt 0.3666336 0.2099229
vt 0.3710938 0.1875000
vt 0.2539062 0.1875000
vt 0.3710938 0.1875000
vt 0.3666336 0.1650771
vt 0.2539062 0.1875000
vt 0.3666336 0.1650771
vt 0.3539320 0.1460680
vt 0.2539062 0.1875000
vt 0.3539320 0.1460680
vt 0.3349229 0.1333664
vt 0.2539062 0.1875000
vt 0.3349229 0.1333664
vt 0.3125000 0.1289062
vt 0.2539062 0.1875000
vt 0.3125000 0.1289062
vt 0.2900771 0.1333664
vt 0.2539062 0.1875000
vt 0.2900771 0.1333664
vt 0.2710680 0.1460680
vt 0.2539062 0.1875000
vt 0.2710680 0.1460680
vt 0.2583664 0.1650771
vt 0.2539062 0.1875000
vt 0.2583664 0.1650771
vt 0.2710680 0.1460680
vt 0.2539062 0.1875000
vt 0.2710680 0.1460680
vt 0.2900771 0.1333664
vt 0.2539062 0.1875000
vt 0.2900771 0.1333664
vt 0.3125000 0.1289062
vt 0.2539062 0.1875000
vt 0.3125000 0.1289062
vt 0.3349229 0.1333664
vt 0.2539062 0.1875000
vt 0.3349229 0.1333664
vt 0.3539320 0.1460680
vt 0.2539062 0.1875000
vt 0.3539320 0.1460680
vt 0.3666336 0.1650771
vt 0.2539062 0.1875000
vt 0.3666336 0.1650771
vt 0.3710938 0.1875000
vt 0.2539062 0.1875000
vt 0.3710938 0.1875000
vt 0.3666336 0.2099229
vt 0.2539062 0.1875000
vt 0.3666336 0.2099229
vt 0.3539320 0.2289321
vt 0.2539062 0.1875000
vt 0.3539320 0.2289321
vt 0.3349229 0.2416336
vt 0.2539062 0.1875000
vt 0.3349229 0.2416336
vt 0.3125000 0.2460938
vt 0.2539062 0.1875000
vt 0.3125000 0.2460938
vt 0.2900771 0.2416336
vt 0.2539062 0.1875000
vt 0.2900771 0.2416336
vt 0.2710680 0.2289321
vt 0.2539062 0.1875000
vt 0.2710680 0.2289321
vt 0.2583664 0.2099229
vt 0.1599968 0.2842366
vt 0.2460938 0.2842366
vt 0.2460938 0.2539062
vt 0.1599968 0.2842366
vt 0.2460938 0.2539062
vt 0.1599968 0.2761898
vt 0.1599968 0.2761898
vt 0.2460938 0.2539062
vt 0.1599968 0.2539062
vt 0.1599968 0.3125000
vt 0.2460938 0.3125000
vt 0.2460938 0.2842366
vt 0.1599968 0.3125000
vt 0.2460938 0.2842366
vt 0.1599968 0.3050015
vt 0.1599968 0.3050015
vt 0.2460938 0.2842366
vt 0.1599968 0.2842366
vt 0.1599968 0.3367703
vt 0.2460938 0.3367703
vt 0.2460938 0.3125000
vt 0.1599968 0.3367703
vt 0.2460938 0.3125000
vt 0.1599968 0.3303312
vt 0.1599968 0.3303312
vt 0.2460938 0.3125000
vt 0.1599968 0.3125000
vt 0.1599968 0.3417969
vt 0.2460938 0.3417969
vt 0.2460938 0.3539320
vt 0.1599968 0.3417969
vt 0.2460938 0.3539320
vt 0.1599968 0.3450164
vt 0.1599968 0.3450164
vt 0.2460938 0.3539320
vt 0.1599968 0.3539320
vt 0.1599968 0.3276652
vt 0.2460938 0.3276652
vt 0.2460938 0.3417969
vt 0.1599968 0.3276652
vt 0.2460938 0.3417969
vt 0.1599968 0.3314144
vt 0.1599968 0.3314144
vt 0.2460938 0.3417969
vt 0.1599968 0.3417969
vt 0.1599968 0.3125000
vt 0.2460938 0.3125000
vt 0.2460938 0.3276652
vt 0.1599968 0.3125000
vt 0.2460938 0.3276652
vt 0.1599968 0.3165234
vt 0.1599968 0.3165234
vt 0.2460938 0.3276652
vt 0.1599968 0.3276652
vt 0.1599968 0.2973348
vt 0.2460938 0.2973348
vt 0.2460938 0.3125000
vt 0.1599968 0.2973348
vt 0.2460938 0.3125000
vt 0.1599968 0.3013582
vt 0.1599968 0.3013582
vt 0.2460938 0.3125000
vt 0.1599968 0.3125000
vt 0.1599968 0.2832031
vt 0.2460938 0.2832031
vt 0.2460938 0.2973348
vt 0.1599968 0.2832031
vt 0.2460938 0.2973348
vt 0.1599968 0.2869523
vt 0.1599968 0.2869523
vt 0.2460938 0.2973348
vt 0.1599968 0.2973348
vt 0.1599968 0.2710680
vt 0.2460938 0.2710680
vt 0.2460938 0.2832031
vt 0.1599968 0.2710680
vt 0.2460938 0.2832031
vt 0.1599968 0.2742875
vt 0.1599968 0.2742875
vt 0.2460938 0.2832031
vt 0.1599968 0.2832031
vt 0.1599968 0.3125000
vt 0.2460938 0.3125000
vt 0.2460938 0.3367703
vt 0.1599968 0.3125000
vt 0.2460938 0.3367703
vt 0.1599968 0.3189391
vt 0.1599968 0.3189391
vt 0.2460938 0.3367703
vt 0.1599968 0.3367703
vt 0.1599968 0.2842366
vt 0.2460938 0.2842366
vt 0.2460938 0.3125000
vt 0.1599968 0.2842366
vt 0.2460938 0.3125000
vt 0.1599968 0.2917351
vt 0.1599968 0.2917351
vt 0.2460938 0.3125000
vt 0.1599968 0.3125000
vt 0.1599968 0.2539062
vt 0.2460938 0.2539062
vt 0.2460938 0.2842366
vt 0.1599968 0.2539062
vt 0.2460938 0.2842366
vt 0.1599968 0.2619530
vt 0.1599968 0.2619530
vt 0.2460938 0.2842366
vt 0.1599968 0.2842366
vt 0.1599968 0.2539062
vt 0.2460938 0.2539062
vt 0.1599968 0.2761898
vt 0.1599968 0.2761898
vt 0.2460938 0.2539062
vt 0.2460938 0.2842366
vt 0.1599968 0.2761898
vt 0.2460938 0.2842366
vt 0.1599968 0.2842366
vt 0.1599968 0.2842366
vt 0.2460938 0.2842366
vt 0.1599968 0.3050015
vt 0.1599968 0.3050015
vt 0.2460938 0.2842366
vt 0.2460938 0.3125000
vt 0.1599968 0.3050015
vt 0.2460938 0.3125000
vt 0.1599968 0.3125000
vt 0.1599968 0.3125000
vt 0.2460938 0.3125000
vt 0.1599968 0.3303312
vt 0.1599968 0.3303312
vt 0.2460938 0.3125000
vt 0.2460938 0.3367703
vt 0.1599968 0.3303312
vt 0.2460938 0.3367703
vt 0.1599968 0.3367703
vt 0.1599968 0.3539320
vt 0.2460938 0.3539320
vt 0.1599968 0.3450164
vt 0.1599968 0.3450164
vt 0.2460938 0.3539320
vt 0.2460938 0.3417969
vt 0.1599968 0.3450164
vt 0.2460938 0.3417969
vt 0.1599968 0.3417969
vt 0.1599968 0.3417969
vt 0.2460938 0.3417969
vt 0.1599968 0.3314144
vt 0.1599968 0.3314144
vt 0.2460938 0.3417969
vt 0.2460938 0.3276652
vt 0.1599968 0.3314144
vt 0.2460938 0.3276652
vt 0.1599968 0.3276652
vt 0.1599968 0.3276652
vt 0.2460938 0.3276652
vt 0.1599968 0.3165234
vt 0.1599968 0.3165234
vt 0.2460938 0.3276652
vt 0.2460938 0.3125000
vt 0.1599968 0.3165234
vt 0.2460938 0.3125000
vt 0.1599968 0.3125000
vt 0.1599968 0.3125000
vt 0.2460938 0.3125000
vt 0.1599968 0.3013582
vt 0.1599968 0.3013582
vt 0.2460938 0.3125000
vt 0.2460938 0.2973348
vt 0.1599968 0.3013582
vt 0.2460938 0.2973348
vt 0.1599968 0.2973348
vt 0.1599968 0.2973348
vt 0.2460938 0.2973348
vt 0.1599968 0.2869523
vt 0.1599968 0.2869523
vt 0.2460938 0.2973348
vt 0.2460938 0.2832031
vt 0.1599968 0.2869523
vt 0.2460938 0.2832031
vt 0.1599968 0.2832031
vt 0.1599968 0.2832031
vt 0.2460938 0.2832031
vt 0.1599968 0.2742875
vt 0.1599968 0.2742875
vt 0.2460938 0.2832031
vt 0.2460938 0.2710680
vt 0.1599968 0.2742875
vt 0.2460938 0.2710680
vt 0.1599968 0.2710680
vt 0.1599968 0.3367703
vt 0.2460938 0.3367703
vt 0.1599968 0.3189391
vt 0.1599968 0.3189391
vt 0.2460938 0.3367703
vt 0.2460938 0.3125000
vt 0.1599968 0.3189391
vt 0.2460938 0.3125000
vt 0.1599968 0.3125000
vt 0.1599968 0.3125000
vt 0.2460938 0.3125000
vt 0.1599968 0.2917351
vt 0.1599968 0.2917351
vt 0.2460938 0.3125000
vt 0.2460938 0.2842366
vt 0.1599968 0.2917351
vt 0.2460938 0.2842366
vt 0.1599968 0.2842366
vt 0.1599968 0.2842366
vt 0.2460938 0.2842366
vt 0.1599968 0.2619530
vt 0.1599968 0.2619530
vt 0.2460938 0.2842366
vt 0.2460938 0.2539062
vt 0.1599968 0.2619530
vt 0.2460938 0.2539062
vt 0.1599968 0.2539062
vt 0.1599968 0.2539062
vt 0.2460938 0.2539062
vt 0.1599968 0.2539062
vt 0.1599968 0.2539062
vt 0.2460938 0.2539062
vt 0.2460938 0.2539062
vt 0.1599968 0.2539062
vt 0.2460938 0.2539062
vt 0.1599968 0.2539062
vt 0.2460938 0.2842366
vt 0.2460938 0.2539062
vt 0.2460938 0.2539062
vt 0.2460938 0.2842366
vt 0.2460938 0.2539062
vt 0.2460938 0.2842366
vt 0.2460938 0.3125000
vt 0.2460938 0.2842366
vt 0.2460938 0.2842366
vt 0.2460938 0.3125000
vt 0.2460938 0.2842366
vt 0.2460938 0.3125000
vt 0.2460938 0.3367703
vt 0.2460938 0.3125000
vt 0.2460938 0.3125000
vt 0.2460938 0.3367703
vt 0.2460938 0.3125000
vt 0.2460938 0.3367703
vt 0.2460938 0.3417969
vt 0.2460938 0.3539320
vt 0.2460938 0.3539320
vt 0.2460938 0.3417969
vt 0.2460938 0.3539320
vt 0.2460938 0.3417969
vt 0.2460938 0.3276652
vt 0.2460938 0.3417969
vt 0.2460938 0.3417969
vt 0.2460938 0.3276652
vt 0.2460938 0.3417969
vt 0.2460938 0.3276652
vt 0.2460938 0.3125000
vt 0.2460938 0.3276652
vt 0.2460938 0.3276652
vt 0.2460938 0.3125000
vt 0.2460938 0.3276652
vt 0.2460938 0.3125000
vt 0.2460938 0.2973348
vt 0.2460938 0.2973348
vt 0.2460938 0.3125000
vt 0.2460938 0.2973348
vt 0.2460938 0.3125000
vt 0.2460938 0.3125000
vt 0.2460938 0.2832031
vt 0.2460938 0.2832031
vt 0.2460938 0.2973348
vt 0.2460938 0.2832031
vt 0.2460938 0.2973348
vt 0.2460938 0.2973348
vt 0.2460938 0.2710680
vt 0.2460938 0.2710680
vt 0.2460938 0.2832031
vt 0.2460938 0.2710680
vt 0.2460938 0.2832031
vt 0.2460938 0.2832031
vt 0.2460938 0.3125000
vt 0.2460938 0.3125000
vt 0.2460938 0.3367703
vt 0.2460938 0.3125000
vt 0.2460938 0.3367703
vt 0.2460938 0.3367703
vt 0.2460938 0.2842366
vt 0.2460938 0.2842366
vt 0.2460938 0.3125000
vt 0.2460938 0.2842366
vt 0.2460938 0.3125000
vt 0.2460938 0.3125000
vt 0.1599968 0.2539062
vt 0.2460938 0.2539062
vt 0.1599968 0.2539062
vt 0.1599968 0.2539062
vt 0.2460938 0.2539062
vt 0.2460938 0.2539062
vt 0.1599968 0.2539062
vt 0.2460938 0.2539062
vt 0.1599968 0.2539062
vt 0.2460938 0.2539062
vt 0.2460938 0.2539062
vt 0.2460938 0.2842366
vt 0.2460938 0.2539062
vt 0.2460938 0.2842366
vt 0.2460938 0.2842366
vt 0.6000000 0.0000000
vt 0.8000000 0.0000000
vt 1.0000000 0.0000000
vt 0.4000000 0.0000000
vt 0.6000000 0.0000000
vt 1.0000000 0.0000000
vt 0.4000000 0.0000000
vt 1.0000000 0.0000000
vt 0.0000000 0.0000000
vt 0.4000000 0.0000000
vt 0.0000000 0.0000000
vt 0.2000000 0.0000000
vt 0.4000000 0.0000000
vt 0.8000000 0.0000000
vt 0.6000000 0.0000000
vt 0.4000000 0.0000000
vt 1.0000000 0.0000000
vt 0.8000000 0.0000000
vt 0.4000000 0.0000000
vt 0.2000000 0.0000000
vt 1.0000000 0.0000000
vt 0.2000000 0.0000000
vt 0.0000000 0.0000000
vt 1.0000000 0.0000000
vt 0.0555556 1.0000000
vt 0.0555556 0.8333333
vt 0.0000000 0.8333333
vt 0.0555556 1.0000000
vt 0.0000000 0.8333333
vt 0.0000000 1.0000000
vt 0.0555556 0.1666667
vt 0.0555556 0.0000000
vt 0.0000000 0.0000000
vt 0.0555556 0.1666667
vt 0.0000000 0.0000000
vt 0.0000000 0.1666667
vt 0.0555556 0.3333333
vt 0.0555556 0.1666667
vt 0.0000000 0.1666667
vt 0.0555556 0.3333333
vt 0.0000000 0.1666667
vt 0.0000000 0.3333333
vt 0.0555556 0.3333333
vt 0.0000000 0.3333333
vt 0.0000000 0.5000000
vt 0.0555556 0.3333333
vt 0.0000000 0.5000000
vt 0.0555556 0.5000000
vt 0.0555556 0.5000000
vt 0.0000000 0.5000000
vt 0.0000000 0.6666667
vt 0.0555556 0.5000000
vt 0.0000000 0.6666667
vt 0.0555556 0.6666667
vt 0.0555556 0.6666667
vt 0.0000000 0.6666667
vt 0.0000000 0.8333333
vt 0.0555556 0.6666667
vt 0.0000000 0.8333333
vt 0.0555556 0.8333333
vt 0.1111111 1.0000000
vt 0.1111111 0.8333333
vt 0.0555556 0.8333333
vt 0.1111111 1.0000000
vt 0.0555556 0.8333333
vt 0.0555556 1.0000000
vt 0.1111111 0.1666667
vt 0.1111111 0.0000000
vt 0.0555556 0.0000000
vt 0.1111111 0.1666667
vt 0.0555556 0.0000000
vt 0.0555556 0.1666667
vt 0.1111111 0.3333333
vt 0.1111111 0.1666667
vt 0.0555556 0.1666667
vt 0.1111111 0.3333333
vt 0.0555556 0.1666667
vt 0.0555556 0.3333333
vt 0.1111111 0.3333333
vt 0.0555556 0.3333333
vt 0.0555556 0.5000000
vt 0.1111111 0.3333333
vt 0.0555556 0.5000000
vt 0.1111111 0.5000000
vt 0.1111111 0.5000000
vt 0.0555556 0.5000000
vt 0.0555556 0.6666667
vt 0.1111111 0.5000000
vt 0.0555556 0.6666667
vt 0.1111111 0.6666667
vt 0.1111111 0.6666667
vt 0.0555556 0.6666667
vt 0.0555556 0.8333333
vt 0.1111111 0.6666667
vt 0.0555556 0.8333333
vt 0.1111111 0.8333333
vt 0.1666667 1.0000000
vt 0.1666667 0.8333333
vt 0.1111111 0.8333333
vt 0.1666667 1.0000000
vt 0.1111111 0.8333333
vt 0.1111111 1.0000000
vt 0.1666667 0.1666667
vt 0.1666667 0.0000000
vt 0.1111111 0.0000000
vt 0.1666667 0.1666667
vt 0.1111111 0.0000000
vt 0.1111111 0.1666667
vt 0.1666667 0.3333333
vt 0.1666667 0.1666667
vt 0.1111111 0.1666667
vt 0.1666667 0.3333333
vt 0.1111111 0.1666667
vt 0.1111111 0.3333333
vt 0.1666667 0.3333333
vt 0.1111111 0.3333333
vt 0.1111111 0.5000000
vt 0.1666667 0.3333333
vt 0.1111111 0.5000000
vt 0.1666667 0.5000000
vt 0.1666667 0.5000000
vt 0.1111111 0.5000000
vt 0.1111111 0.6666667
vt 0.1666667 0.5000000
vt 0.1111111 0.6666667
vt 0.1666667 0.6666667
vt 0.1666667 0.6666667
vt 0.1111111 0.6666667
vt 0.1111111 0.8333333
vt 0.1666667 0.6666667
vt 0.1111111 0.8333333
vt 0.1666667 0.8333333
vt 0.2222222 1.0000000
vt 0.2222222 0.8333333
vt 0.1666667 0.8333333
vt 0.2222222 1.0000000
vt 0.1666667 0.8333333
vt 0.1666667 1.0000000
vt 0.2222222 0.1666667
vt 0.2222222 0.0000000
vt 0.1666667 0.0000000
vt 0.2222222 0.1666667
vt 0.1666667 0.0000000
vt 0.1666667 0.1666667
vt 0.2222222 0.3333333
vt 0.2222222 0.1666667
vt 0.1666667 0.1666667
vt 0.2222222 0.3333333
vt 0.1666667 0.1666667
vt 0.1666667 0.3333333
vt 0.2222222 0.3333333
vt 0.1666667 0.3333333
vt 0.1666667 0.5000000
vt 0.2222222 0.3333333
vt 0.1666667 0.5000000
vt 0.2222222 0.5000000
vt 0.2222222 0.5000000
vt 0.1666667 0.5000000
vt 0.1666667 0.6666667
vt 0.2222222 0.5000000
vt 0.1666667 0.6666667
vt 0.2222222 0.6666667
vt 0.2222222 0.6666667
vt 0.1666667 0.6666667
vt 0.1666667 0.8333333
vt 0.2222222 0.6666667
vt 0.1666667 0.8333333
vt 0.2222222 0.8333333
vt 0.2777778 1.0000000
vt 0.2777778 0.8333333
vt 0.2222222 0.8333333
vt 0.2777778 1.0000000
vt 0.2222222 0.8333333
vt 0.2222222 1.0000000
vt 0.2777778 0.1666667
vt 0.2777778 0.0000000
vt 0.2222222 0.0000000
vt 0.2777778 0.1666667
vt 0.2222222 0.0000000
vt 0.2222222 0.1666667
vt 0.2777778 0.3333333
vt 0.2777778 0.1666667
vt 0.2222222 0.1666667
vt 0.2777778 0.3333333
vt 0.2222222 0.1666667
vt 0.2222222 0.3333333
vt 0.2777778 0.3333333
vt 0.2222222 0.3333333
vt 0.2222222 0.5000000
vt 0.2777778 0.3333333
vt 0.2222222 0.5000000
vt 0.2777778 0.5000000
vt 0.2777778 0.5000000
vt 0.2222222 0.5000000
vt 0.2222222 0.6666667
vt 0.2777778 0.5000000
vt 0.2222222 0.6666667
vt 0.2777778 0.6666667
vt 0.2777778 0.6666667
vt 0.2222222 0.6666667
vt 0.2222222 0.8333333
vt 0.2777778 0.6666667
vt 0.2222222 0.8333333
vt 0.2777778 0.8333333
vt 0.3333333 1.0000000
vt 0.3333333 0.8333333
vt 0.2777778 0.8333333
vt 0.3333333 1.0000000
vt 0.2777778 0.8333333
vt 0.2777778 1.0000000
vt 0.3333333 0.1666667
vt 0.3333333 0.0000000
vt 0.2777778 0.0000000
vt 0.3333333 0.1666667
vt 0.2777778 0.0000000
vt 0.2777778 0.1666667
vt 0.3333333 0.3333333
vt 0.3333333 0.1666667
vt 0.2777778 0.1666667
vt 0.3333333 0.3333333
vt 0.2777778 0.1666667
vt 0.2777778 0.3333333
vt 0.3333333 0.3333333
vt 0.2777778 0.3333333
vt 0.2777778 0.5000000
vt 0.3333333 0.3333333
vt 0.2777778 0.5000000
vt 0.3333333 0.5000000
vt 0.3333333 0.5000000
vt 0.2777778 0.5000000
vt 0.2777778 0.6666667
vt 0.3333333 0.5000000
vt 0.2777778 0.6666667
vt 0.3333333 0.6666667
vt 0.3333333 0.6666667
vt 0.2777778 0.6666667
vt 0.2777778 0.8333333
vt 0.3333333 0.6666667
vt 0.2777778 0.8333333
vt 0.3333333 0.8333333
vt 0.3888889 1.0000000
vt 0.3888889 0.8333333
vt 0.3333333 0.8333333
vt 0.3888889 1.0000000
vt 0.3333333 0.8333333
vt 0.3333333 1.0000000
vt 0.3888889 0.1666667
vt 0.3888889 0.0000000
vt 0.3333333 0.0000000
vt 0.3888889 0.1666667
vt 0.3333333 0.0000000
vt 0.3333333 0.1666667
vt 0.3888889 0.3333333
vt 0.3888889 0.1666667
vt 0.3333333 0.1666667
vt 0.3888889 0.3333333
vt 0.3333333 0.1666667
vt 0.3333333 0.3333333
vt 0.3888889 0.3333333
vt 0.3333333 0.3333333
vt 0.3333333 0.5000000
vt 0.3888889 0.3333333
vt 0.3333333 0.5000000
vt 0.3888889 0.5000000
vt 0.3888889 0.5000000
vt 0.3333333 0.5000000
vt 0.3333333 0.6666667
vt 0.3888889 0.5000000
vt 0.3333333 0.6666667
vt 0.3888889 0.6666667
vt 0.3888889 0.6666667
vt 0.3333333 0.6666667
vt 0.3333333 0.8333333
vt 0.3888889 0.6666667
vt 0.3333333 0.8333333
vt 0.3888889 0.8333333
vt 0.4444444 1.0000000
vt 0.4444444 0.8333333
vt 0.3888889 0.8333333
vt 0.4444444 1.0000000
vt 0.3888889 0.8333333
vt 0.3888889 1.0000000
vt 0.4444444 0.1666667
vt 0.4444444 0.0000000
vt 0.3888889 0.0000000
vt 0.4444444 0.1666667
vt 0.3888889 0.0000000
vt 0.3888889 0.1666667
vt 0.4444444 0.3333333
vt 0.4444444 0.1666667
vt 0.3888889 0.1666667
vt 0.4444444 0.3333333
vt 0.3888889 0.1666667
vt 0.3888889 0.3333333
vt 0.4444444 0.3333333
vt 0.3888889 0.3333333
vt 0.3888889 0.5000000
vt 0.4444444 0.3333333
vt 0.3888889 0.5000000
vt 0.4444444 0.5000000
vt 0.4444444 0.5000000
vt 0.3888889 0.5000000
vt 0.3888889 0.6666667
vt 0.4444444 0.5000000
vt 0.3888889 0.6666667
vt 0.4444444 0.6666667
vt 0.4444444 0.6666667
vt 0.3888889 0.6666667
vt 0.3888889 0.8333333
vt 0.4444444 0.6666667
vt 0.3888889 0.8333333
vt 0.4444444 0.8333333
vt 0.5000000 1.0000000
vt 0.5000000 0.8333333
vt 0.4444444 0.8333333
vt 0.5000000 1.0000000
vt 0.4444444 0.8333333
vt 0.4444444 1.0000000
vt 0.5000000 0.1666667
vt 0.5000000 0.0000000
vt 0.4444444 0.0000000
vt 0.5000000 0.1666667
vt 0.4444444 0.0000000
vt 0.4444444 0.1666667
vt 0.5000000 0.3333333
vt 0.5000000 0.1666667
vt 0.4444444 0.1666667
vt 0.5000000 0.3333333
vt 0.4444444 0.1666667
vt 0.4444444 0.3333333
vt 0.5000000 0.3333333
vt 0.4444444 0.3333333
vt 0.4444444 0.5000000
vt 0.5000000 0.3333333
vt 0.4444444 0.5000000
vt 0.5000000 0.5000000
vt 0.5000000 0.5000000
vt 0.4444444 0.5000000
vt 0.4444444 0.6666667
vt 0.5000000 0.5000000
vt 0.4444444 0.6666667
vt 0.5000000 0.6666667
vt 0.5000000 0.6666667
vt 0.4444444 0.6666667
vt 0.4444444 0.8333333
vt 0.5000000 0.6666667
vt 0.4444444 0.8333333
vt 0.5000000 0.8333333
vt 0.5555556 1.0000000
vt 0.5555556 0.8333333
vt 0.5000000 0.8333333
vt 0.5555556 1.0000000
vt 0.5000000 0.8333333
vt 0.5000000 1.0000000
vt 0.5555556 0.1666667
vt 0.5555556 0.0000000
vt 0.5000000 0.0000000
vt 0.5555556 0.1666667
vt 0.5000000 0.0000000
vt 0.5000000 0.1666667
vt 0.5555556 0.3333333
vt 0.5555556 0.1666667
vt 0.5000000 0.1666667
vt 0.5555556 0.3333333
vt 0.5000000 0.1666667
vt 0.5000000 0.3333333
vt 0.5555556 0.3333333
vt 0.5000000 0.3333333
vt 0.5000000 0.5000000
vt 0.5555556 0.3333333
vt 0.5000000 0.5000000
vt 0.5555556 0.5000000
vt 0.5555556 0.5000000
vt 0.5000000 0.5000000
vt 0.5000000 0.6666667
vt 0.5555556 0.5000000
vt 0.5000000 0.6666667
vt 0.5555556 0.6666667
vt 0.5555556 0.6666667
vt 0.5000000 0.6666667
vt 0.5000000 0.8333333
vt 0.5555556 0.6666667
vt 0.5000000 0.8333333
vt 0.5555556 0.8333333
vt 0.6111111 1.0000000
vt 0.6111111 0.8333333
vt 0.5555556 0.8333333
vt 0.6111111 1.0000000
vt 0.5555556 0.8333333
vt 0.5555556 1.0000000
vt 0.6111111 0.1666667
vt 0.6111111 0.0000000
vt 0.5555556 0.0000000
vt 0.6111111 0.1666667
vt 0.5555556 0.0000000
vt 0.5555556 0.1666667
vt 0.6111111 0.3333333
vt 0.6111111 0.1666667
vt 0.5555556 0.1666667
vt 0.6111111 0.3333333
vt 0.5555556 0.1666667
vt 0.5555556 0.3333333
vt 0.6111111 0.3333333
vt 0.5555556 0.3333333
vt 0.5555556 0.5000000
vt 0.6111111 0.3333333
vt 0.5555556 0.5000000
vt 0.6111111 0.5000000
vt 0.6111111 0.5000000
vt 0.5555556 0.5000000
vt 0.5555556 0.6666667
vt 0.6111111 0.5000000
vt 0.5555556 0.6666667
vt 0.6111111 0.6666667
vt 0.6111111 0.6666667
vt 0.5555556 0.6666667
vt 0.5555556 0.8333333
vt 0.6111111 0.6666667
vt 0.5555556 0.8333333
vt 0.6111111 0.8333333
vt 0.6666667 1.0000000
vt 0.6666667 0.8333333
vt 0.6111111 0.8333333
vt 0.6666667 1.0000000
vt 0.6111111 0.8333333
vt 0.6111111 1.0000000
vt 0.6666667 0.1666667
vt 0.6666667 0.0000000
vt 0.6111111 0.0000000
vt 0.6666667 0.1666667
vt 0.6111111 0.0000000
vt 0.6111111 0.1666667
vt 0.6666667 0.3333333
vt 0.6666667 0.1666667
vt 0.6111111 0.1666667
vt 0.6666667 0.3333333
vt 0.6111111 0.1666667
vt 0.6111111 0.3333333
vt 0.6666667 0.3333333
vt 0.6111111 0.3333333
vt 0.6111111 0.5000000
vt 0.6666667 0.3333333
vt 0.6111111 0.5000000
vt 0.6666667 0.5000000
vt 0.6666667 0.5000000
vt 0.6111111 0.5000000
vt 0.6111111 0.6666667
vt 0.6666667 0.5000000
vt 0.6111111 0.6666667
vt 0.6666667 0.6666667
vt 0.6666667 0.6666667
vt 0.6111111 0.6666667
vt 0.6111111 0.8333333
vt 0.6666667 0.6666667
vt 0.6111111 0.8333333
vt 0.6666667 0.8333333
vt 0.7222222 1.0000000
vt 0.7222222 0.8333333
vt 0.6666667 0.8333333
vt 0.7222222 1.0000000
vt 0.6666667 0.8333333
vt 0.6666667 1.0000000
vt 0.7222222 0.1666667
vt 0.7222222 0.0000000
vt 0.6666667 0.0000000
vt 0.7222222 0.1666667
vt 0.6666667 0.0000000
vt 0.6666667 0.1666667
vt 0.7222222 0.3333333
vt 0.7222222 0.1666667
vt 0.6666667 0.1666667
vt 0.7222222 0.3333333
vt 0.6666667 0.1666667
vt 0.6666667 0.3333333
vt 0.7222222 0.3333333
vt 0.6666667 0.3333333
vt 0.6666667 0.5000000
vt 0.7222222 0.3333333
vt 0.6666667 0.5000000
vt 0.7222222 0.5000000
vt 0.7222222 0.5000000
vt 0.6666667 0.5000000
vt 0.6666667 0.6666667
vt 0.7222222 0.5000000
vt 0.6666667 0.6666667
vt 0.7222222 0.6666667
vt 0.7222222 0.6666667
vt 0.6666667 0.6666667
vt 0.6666667 0.8333333
vt 0.7222222 0.6666667
vt 0.6666667 0.8333333
vt 0.7222222 0.8333333
vt 0.7777778 1.0000000
vt 0.7777778 0.8333333
vt 0.7222222 0.8333333
vt 0.7777778 1.0000000
vt 0.7222222 0.8333333
vt 0.7222222 1.0000000
vt 0.7777778 0.1666667
vt 0.7777778 0.0000000
vt 0.7222222 0.0000000
vt 0.7777778 0.1666667
vt 0.7222222 0.0000000
vt 0.7222222 0.1666667
vt 0.7777778 0.3333333
vt 0.7777778 0.1666667
vt 0.7222222 0.1666667
vt 0.7777778 0.3333333
vt 0.7222222 0.1666667
vt 0.7222222 0.3333333
vt 0.7777778 0.3333333
vt 0.7222222 0.3333333
vt 0.7222222 0.5000000
vt 0.7777778 0.3333333
vt 0.7222222 0.5000000
vt 0.7777778 0.5000000
vt 0.7777778 0.5000000
vt 0.7222222 0.5000000
vt 0.7222222 0.6666667
vt 0.7777778 0.5000000
vt 0.7222222 0.6666667
vt 0.7777778 0.6666667
vt 0.7777778 0.6666667
vt 0.7222222 0.6666667
vt 0.7222222 0.8333333
vt 0.7777778 0.6666667
vt 0.7222222 0.8333333
vt 0.7777778 0.8333333
vt 0.8333333 1.0000000
vt 0.8333333 0.8333333
vt 0.7777778 0.8333333
vt 0.8333333 1.0000000
vt 0.7777778 0.8333333
vt 0.7777778 1.0000000
vt 0.8333333 0.1666667
vt 0.8333333 0.0000000
vt 0.7777778 0.0000000
vt 0.8333333 0.1666667
vt 0.7777778 0.0000000
vt 0.7777778 0.1666667
vt 0.8333333 0.3333333
vt 0.8333333 0.1666667
vt 0.7777778 0.1666667
vt 0.8333333 0.3333333
vt 0.7777778 0.1666667
vt 0.7777778 0.3333333
vt 0.8333333 0.3333333
vt 0.7777778 0.3333333
vt 0.7777778 0.5000000
vt 0.8333333 0.3333333
vt 0.7777778 0.5000000
vt 0.8333333 0.5000000
vt 0.8333333 0.5000000
vt 0.7777778 0.5000000
vt 0.7777778 0.6666667
vt 0.8333333 0.5000000
vt 0.7777778 0.6666667
vt 0.8333333 0.6666667
vt 0.8333333 0.6666667
vt 0.7777778 0.6666667
vt 0.7777778 0.8333333
vt 0.8333333 0.6666667
vt 0.7777778 0.8333333
vt 0.8333333 0.8333333
vt 0.8888889 1.0000000
vt 0.8888889 0.8333333
vt 0.8333333 0.8333333
vt 0.8888889 1.0000000
vt 0.8333333 0.8333333
vt 0.8333333 1.0000000
vt 0.8888889 0.1666667
vt 0.8888889 0.0000000
vt 0.8333333 0.0000000
vt 0.8888889 0.1666667
vt 0.8333333 0.0000000
vt 0.8333333 0.1666667
vt 0.8888889 0.3333333
vt 0.8888889 0.1666667
vt 0.8333333 0.1666667
vt 0.8888889 0.3333333
vt 0.8333333 0.1666667
vt 0.8333333 0.3333333
vt 0.8888889 0.3333333
vt 0.8333333 0.3333333
vt 0.8333333 0.5000000
vt 0.8888889 0.3333333
vt 0.8333333 0.5000000
vt 0.8888889 0.5000000
vt 0.8888889 0.5000000
vt 0.8333333 0.5000000
vt 0.8333333 0.6666667
vt 0.8888889 0.5000000
vt 0.8333333 0.6666667
vt 0.8888889 0.6666667
vt 0.8888889 0.6666667
vt 0.8333333 0.6666667
vt 0.8333333 0.8333333
vt 0.8888889 0.6666667
vt 0.8333333 0.8333333
vt 0.8888889 0.8333333
vt 0.9444444 1.0000000
vt 0.9444444 0.8333333
vt 0.8888889 0.8333333
vt 0.9444444 1.0000000
vt 0.8888889 0.8333333
vt 0.8888889 1.0000000
vt 0.9444444 0.1666667
vt 0.9444444 0.0000000
vt 0.8888889 0.0000000
vt 0.9444444 0.1666667
vt 0.8888889 0.0000000
vt 0.8888889 0.1666667
vt 0.9444444 0.3333333
vt 0.9444444 0.1666667
vt 0.8888889 0.1666667
vt 0.9444444 0.3333333
vt 0.8888889 0.1666667
vt 0.8888889 0.3333333
vt 0.9444444 0.3333333
vt 0.8888889 0.3333333
vt 0.8888889 0.5000000
vt 0.9444444 0.3333333
vt 0.8888889 0.5000000
vt 0.9444444 0.5000000
vt 0.9444444 0.5000000
vt 0.8888889 0.5000000
vt 0.8888889 0.6666667
vt 0.9444444 0.5000000
vt 0.8888889 0.6666667
vt 0.9444444 0.6666667
vt 0.9444444 0.6666667
vt 0.8888889 0.6666667
vt 0.8888889 0.8333333
vt 0.9444444 0.6666667
vt 0.8888889 0.8333333
vt 0.9444444 0.8333333
vt 1.0000000 1.0000000
vt 1.0000000 0.8333333
vt 0.9444444 0.8333333
vt 1.0000000 1.0000000
vt 0.9444444 0.8333333
vt 0.9444444 1.0000000
vt 1.0000000 0.1666667
vt 1.0000000 0.0000000
vt 0.9444444 0.0000000
vt 1.0000000 0.1666667
vt 0.9444444 0.0000000
vt 0.9444444 0.1666667
vt 1.0000000 0.3333333
vt 1.0000000 0.1666667
vt 0.9444444 0.1666667
vt 1.0000000 0.3333333
vt 0.9444444 0.1666667
vt 0.9444444 0.3333333
vt 1.0000000 0.3333333
vt 0.9444444 0.3333333
vt 0.9444444 0.5000000
vt 1.0000000 0.3333333
vt 0.9444444 0.5000000
vt 1.0000000 0.5000000
vt 1.0000000 0.5000000
vt 0.9444444 0.5000000
vt 0.9444444 0.6666667
vt 1.0000000 0.5000000
vt 0.9444444 0.6666667
vt 1.0000000 0.6666667
vt 1.0000000 0.6666667
vt 0.9444444 0.6666667
vt 0.9444444 0.8333333
vt 1.0000000 0.6666667
vt 0.9444444 0.8333333
vt 1.0000000 0.8333333
vt 0.2432239 0.1329627
vt 0.2432238 0.1445312
vt 0.2460938 0.1411258
vt 0.2432239 0.1289062
vt 0.2432239 0.1343149
vt 0.2356771 0.1343149
vt 0.2432239 0.2406851
vt 0.2460938 0.2406851
vt 0.2432239 0.2460938
vt 0.2400351 0.2382812
vt 0.2343750 0.2406851
vt 0.2432239 0.2406851
vt 0.1623781 0.1416141
vt 0.2432238 0.1445312
vt 0.1594610 0.1369019
vt 0.1594610 0.1369019
vt 0.2432238 0.1445312
vt 0.2432239 0.1329627
vt 0.1594610 0.1369019
vt 0.2432239 0.1329627
vt 0.1594610 0.1339725
vt 0.1599968 0.2460938
vt 0.2432239 0.2460938
vt 0.1599968 0.2344253
vt 0.1599968 0.2344253
vt 0.2432239 0.2460938
vt 0.2432238 0.2304688
vt 0.1599968 0.2344253
vt 0.2432238 0.2304688
vt 0.1599968 0.2304688
vt 0.2432238 0.1445312
vt 0.2432238 0.2304688
vt 0.2460938 0.2304688
vt 0.2432238 0.1445312
vt 0.2460938 0.2304688
vt 0.2460938 0.1411258
vt 0.1594610 0.2406851
vt 0.2432239 0.2406851
vt 0.2432239 0.2460938
vt 0.1594610 0.2406851
vt 0.2432239 0.2460938
vt 0.1594610 0.2420547
vt 0.1594610 0.2420547
vt 0.2432239 0.2460938
vt 0.1663470 0.2460938
vt 0.1445312 0.2460938
vt 0.1445312 0.2406851
vt 0.2343750 0.2406851
vt 0.1445312 0.2460938
vt 0.2343750 0.2406851
vt 0.2400351 0.2382812
vt 0.1591893 0.2324470
vt 0.2400351 0.2382812
vt 0.2432239 0.2406851
vt 0.1591893 0.2324470
vt 0.2432239 0.2406851
vt 0.1599968 0.2330558
vt 0.1599968 0.2330558
vt 0.2432239 0.2406851
vt 0.1599969 0.2406851
vt 0.2432239 0.1329627
vt 0.2460938 0.1411258
vt 0.2460938 0.2406851
vt 0.2432239 0.1329627
vt 0.2460938 0.2406851
vt 0.2432239 0.2406851
vt 0.2432239 0.1343149
vt 0.2432239 0.2406851
vt 0.2343750 0.2406851
vt 0.2432239 0.1343149
vt 0.2343750 0.2406851
vt 0.2356771 0.1343149
vt 0.1594610 0.1339725
vt 0.2432239 0.1329627
vt 0.2432239 0.2406851
vt 0.1594610 0.1339725
vt 0.2432239 0.2406851
vt 0.1594610 0.1612498
vt 0.1594610 0.1612498
vt 0.2432239 0.2406851
vt 0.1594610 0.2406851
vt 0.1599968 0.2304688
vt 0.2432238 0.2304688
vt 0.1623781 0.1633751
vt 0.1623781 0.1633751
vt 0.2432238 0.2304688
vt 0.2432238 0.1445312
vt 0.1623781 0.1633751
vt 0.2432238 0.1445312
vt 0.1623781 0.1416141
vt 0.1445313 0.1343149
vt 0.2356771 0.1343149
vt 0.2343750 0.2406851
vt 0.1445313 0.1343149
vt 0.2343750 0.2406851
vt 0.1445312 0.2406851
vt 0.1599969 0.2406851
vt 0.2432239 0.2406851
vt 0.1599969 0.1612498
vt 0.1599969 0.1612498
vt 0.2432239 0.2406851
vt 0.2432239 0.1343149
vt 0.1599969 0.1612498
vt 0.2432239 0.1343149
vt 0.1599969 0.1343149
vt 0.1599968 0.1445312
vt 0.2432238 0.1445312
vt 0.2400351 0.2382812
vt 0.1599968 0.1445312
vt 0.2400351 0.2382812
vt 0.1591893 0.1682705
vt 0.1591893 0.1682705
vt 0.2400351 0.2382812
vt 0.1591893 0.2324470
vt 0.9140626 0.1193359
vt 0.9090402 0.1193359
vt 0.9157366 0.1210938
vt 0.9559151 0.1193359
vt 0.9960938 0.1193359
vt 0.9559151 0.1210938
vt 0.9571708 0.1035156
vt 0.9697266 0.1193359
vt 0.9559151 0.1193359
vt 0.9609375 0.1193359
vt 0.9609375 0.1210938
vt 0.9960938 0.1193359
vt 0.9140626 0.1193359
vt 0.9157366 0.1210938
vt 0.9609375 0.1210938
vt 0.9140626 0.1193359
vt 0.9609375 0.1210938
vt 0.9609375 0.1193359
vt 0.9090402 0.1193359
vt 0.9559151 0.1193359
vt 0.9559151 0.1210938
vt 0.9090402 0.1193359
vt 0.9559151 0.1210938
vt 0.9157366 0.1210938
vt 0.9140625 0.1210938
vt 0.9140625 0.1193359
vt 0.9697266 0.1193359
vt 0.9140625 0.1210938
vt 0.9697266 0.1193359
vt 0.9571708 0.1035156
vt 0.9190848 0.0859375
vt 0.9571708 0.1035156
vt 0.9559151 0.1193359
vt 0.9190848 0.0859375
vt 0.9559151 0.1193359
vt 0.9190848 0.1193359
vt 0.9090402 0.0946629
vt 0.9090402 0.1193359
vt 0.9082226 0.0964752
vt 0.9082226 0.0964752
vt 0.9090402 0.1193359
vt 0.9140626 0.1193359
vt 0.9082226 0.0964752
vt 0.9140626 0.1193359
vt 0.9121549 0.0964752
vt 0.9960938 0.0994957
vt 0.9960938 0.1193359
vt 0.9873728 0.0945675
vt 0.9873728 0.0945675
vt 0.9960938 0.1193359
vt 0.9559151 0.1193359
vt 0.9873728 0.0945675
vt 0.9559151 0.1193359
vt 0.9559151 0.0945675
vt 0.9559151 0.0946629
vt 0.9559151 0.1193359
vt 0.9697266 0.1193359
vt 0.9559151 0.0946629
vt 0.9697266 0.1193359
vt 0.9667288 0.0946629
vt 0.9667288 0.0946629
vt 0.9697266 0.1193359
vt 0.9703625 0.0946629
vt 0.9609375 0.0946629
vt 0.9609375 0.1193359
vt 0.9960938 0.1193359
vt 0.9609375 0.0946629
vt 0.9960938 0.1193359
vt 0.9884629 0.0946629
vt 0.9884629 0.0946629
vt 0.9960938 0.1193359
vt 0.9960938 0.0946629
vt 0.9559151 0.0945675
vt 0.9559151 0.1193359
vt 0.9457407 0.0946629
vt 0.9457407 0.0946629
vt 0.9559151 0.1193359
vt 0.9090402 0.1193359
vt 0.9457407 0.0946629
vt 0.9090402 0.1193359
vt 0.9090402 0.0946629
vt 0.9121549 0.0964752
vt 0.9140626 0.1193359
vt 0.9609375 0.1193359
vt 0.9121549 0.0964752
vt 0.9609375 0.1193359
vt 0.9488553 0.0964752
vt 0.9488553 0.0964752
vt 0.9609375 0.1193359
vt 0.9609375 0.0946629
vt 0.9703625 0.0946629
vt 0.9697266 0.1193359
vt 0.9576445 0.0946629
vt 0.9576445 0.0946629
vt 0.9697266 0.1193359
vt 0.9140625 0.1193359
vt 0.9576445 0.0946629
vt 0.9140625 0.1193359
vt 0.9140625 0.0946629
vt 0.9190848 0.0946629
vt 0.9190848 0.1193359
vt 0.9559151 0.1193359
vt 0.9190848 0.0946629
vt 0.9559151 0.1193359
vt 0.9479209 0.0946629
vt 0.9479209 0.0946629
vt 0.9559151 0.1193359
vt 0.9559151 0.0946629
vt 0.9190848 0.0390625
vt 0.9559152 0.0390625
vt 0.9571708 0.1035156
vt 0.9190848 0.0390625
vt 0.9571708 0.1035156
vt 0.9190848 0.0859375
vt 0.9960938 0.0039062
vt 0.9960938 0.1210938
vt 0.9375000 0.1210938
vt 0.9960938 0.0039062
vt 0.9375000 0.1210938
vt 0.9375000 0.0039062
vt 0.9082031 0.0039062
vt 0.9082031 0.1210938
vt 0.9667969 0.1210938
vt 0.9082031 0.0039062
vt 0.9667969 0.1210938
vt 0.9667969 0.0039062
vt 0.9375000 0.0039062
vt 0.9375000 0.1210938
vt 0.9960938 0.1210938
vt 0.9375000 0.0039062
vt 0.9960938 0.1210938
vt 0.9960938 0.0039062
vt 0.9375000 0.0039062
vt 0.8789062 0.0039062
vt 0.8789062 0.1210938
vt 0.9375000 0.0039062
vt 0.8789062 0.1210938
vt 0.9375000 0.1210938
vt 0.9082031 0.0039062
vt 0.9667969 0.0039062
vt 0.9667969 0.1210938
vt 0.9082031 0.0039062
vt 0.9667969 0.1210938
vt 0.9082031 0.1210938
vt 0.8789062 0.0039062
vt 0.9375000 0.0039062
vt 0.9375000 0.1210938
vt 0.8789062 0.0039062
vt 0.9375000 0.1210938
vt 0.8789062 0.1210938
vt 0.8789062 0.0625000
vt 0.9082031 0.1210938
vt 0.9667969 0.1210938
vt 0.8789062 0.0625000
vt 0.9667969 0.1210938
vt 0.9960938 0.0625000
vt 0.8789062 0.0625000
vt 0.9960938 0.0625000
vt 0.9667969 0.0039062
vt 0.8789062 0.0625000
vt 0.9667969 0.0039062
vt 0.9082031 0.0039062
vt 0.8789062 0.0625000
vt 0.9082031 0.0039062
vt 0.9667969 0.0039062
vt 0.8789062 0.0625000
vt 0.9667969 0.0039062
vt 0.9960938 0.0625000
vt 0.8789062 0.0625000
vt 0.9960938 0.0625000
vt 0.9667969 0.1210938
vt 0.8789062 0.0625000
vt 0.9667969 0.1210938
vt 0.9082031 0.1210938
vt 0.2432239 0.1329627
vt 0.2432238 0.1445312
vt 0.2460938 0.1411258
vt 0.2432239 0.1289062
vt 0.2432239 0.1343149
vt 0.2356771 0.1343149
vt 0.2432239 0.2406851
vt 0.2460938 0.2406851
vt 0.2432239 0.2460938
vt 0.2400351 0.2382812
vt 0.2343750 0.2406851
vt 0.2432239 0.2406851
vt 0.1623781 0.1416141
vt 0.2432238 0.1445312
vt 0.1594610 0.1369019
vt 0.1594610 0.1369019
vt 0.2432238 0.1445312
vt 0.2432239 0.1329627
vt 0.1594610 0.1369019
vt 0.2432239 0.1329627
vt 0.1594610 0.1339725
vt 0.1599968 0.2460938
vt 0.2432239 0.2460938
vt 0.1599968 0.2344253
vt 0.1599968 0.2344253
vt 0.2432239 0.2460938
vt 0.2432238 0.2304688
vt 0.1599968 0.2344253
vt 0.2432238 0.2304688
vt 0.1599968 0.2304688
vt 0.2432238 0.1445312
vt 0.2432238 0.2304688
vt 0.2460938 0.2304688
vt 0.2432238 0.1445312
vt 0.2460938 0.2304688
vt 0.2460938 0.1411258
vt 0.1594610 0.2406851
vt 0.2432239 0.2406851
vt 0.2432239 0.2460938
vt 0.1594610 0.2406851
vt 0.2432239 0.2460938
vt 0.1594610 0.2420547
vt 0.1594610 0.2420547
vt 0.2432239 0.2460938
vt 0.1663470 0.2460938
vt 0.1445312 0.2460938
vt 0.1445312 0.2406851
vt 0.2343750 0.2406851
vt 0.1445312 0.2460938
vt 0.2343750 0.2406851
vt 0.2400351 0.2382812
vt 0.1591893 0.2324470
vt 0.2400351 0.2382812
vt 0.2432239 0.2406851
vt 0.1591893 0.2324470
vt 0.2432239 0.2406851
vt 0.1599968 0.2330558
vt 0.1599968 0.2330558
vt 0.2432239 0.2406851
vt 0.1599969 0.2406851
vt 0.2432239 0.1329627
vt 0.2460938 0.1411258
vt 0.2460938 0.2406851
vt 0.2432239 0.1329627
vt 0.2460938 0.2406851
vt 0.2432239 0.2406851
vt 0.2432239 0.1343149
vt 0.2432239 0.2406851
vt 0.2343750 0.2406851
vt 0.2432239 0.1343149
vt 0.2343750 0.2406851
vt 0.2356771 0.1343149
vt 0.1594610 0.1339725
vt 0.2432239 0.1329627
vt 0.2432239 0.2406851
vt 0.1594610 0.1339725
vt 0.2432239 0.2406851
vt 0.1594610 0.1612498
vt 0.1594610 0.1612498
vt 0.2432239 0.2406851
vt 0.1594610 0.2406851
vt 0.1599968 0.2304688
vt 0.2432238 0.2304688
vt 0.1623781 0.1633751
vt 0.1623781 0.1633751
vt 0.2432238 0.2304688
vt 0.2432238 0.1445312
vt 0.1623781 0.1633751
vt 0.2432238 0.1445312
vt 0.1623781 0.1416141
vt 0.1445313 0.1343149
vt 0.2356771 0.1343149
vt 0.2343750 0.2406851
vt 0.1445313 0.1343149
vt 0.2343750 0.2406851
vt 0.1445312 0.2406851
vt 0.1599969 0.2406851
vt 0.2432239 0.2406851
vt 0.1599969 0.1612498
vt 0.1599969 0.1612498
vt 0.2432239 0.2406851
vt 0.2432239 0.1343149
vt 0.1599969 0.1612498
vt 0.2432239 0.1343149
vt 0.1599969 0.1343149
vt 0.1599968 0.1445312
vt 0.2432238 0.1445312
vt 0.2400351 0.2382812
vt 0.1599968 0.1445312
vt 0.2400351 0.2382812
vt 0.1591893 0.1682705
vt 0.1591893 0.1682705
vt 0.2400351 0.2382812
vt 0.1591893 0.2324470
vt 0.9140626 0.1193359
vt 0.9090402 0.1193359
vt 0.9157366 0.1210938
vt 0.9559151 0.1193359
vt 0.9960938 0.1193359
vt 0.9559151 0.1210938
vt 0.9571708 0.1035156
vt 0.9697266 0.1193359
vt 0.9559151 0.1193359
vt 0.9609375 0.1193359
vt 0.9609375 0.1210938
vt 0.9960938 0.1193359
vt 0.9140626 0.1193359
vt 0.9157366 0.1210938
vt 0.9609375 0.1210938
vt 0.9140626 0.1193359
vt 0.9609375 0.1210938
vt 0.9609375 0.1193359
vt 0.9090402 0.1193359
vt 0.9559151 0.1193359
vt 0.9559151 0.1210938
vt 0.9090402 0.1193359
vt 0.9559151 0.1210938
vt 0.9157366 0.1210938
vt 0.9140625 0.1210938
vt 0.9140625 0.1193359
vt 0.9697266 0.1193359
vt 0.9140625 0.1210938
vt 0.9697266 0.1193359
vt 0.9571708 0.1035156
vt 0.9190848 0.0859375
vt 0.9571708 0.1035156
vt 0.9559151 0.1193359
vt 0.9190848 0.0859375
vt 0.9559151 0.1193359
vt 0.9190848 0.1193359
vt 0.9090402 0.0946629
vt 0.9090402 0.1193359
vt 0.9082226 0.0964752
vt 0.9082226 0.0964752
vt 0.9090402 0.1193359
vt 0.9140626 0.1193359
vt 0.9082226 0.0964752
vt 0.9140626 0.1193359
vt 0.9121549 0.0964752
vt 0.9960938 0.0994957
vt 0.9960938 0.1193359
vt 0.9873728 0.0945675
vt 0.9873728 0.0945675
vt 0.9960938 0.1193359
vt 0.9559151 0.1193359
vt 0.9873728 0.0945675
vt 0.9559151 0.1193359
vt 0.9559151 0.0945675
vt 0.9559151 0.0946629
vt 0.9559151 0.1193359
vt 0.9697266 0.1193359
vt 0.9559151 0.0946629
vt 0.9697266 0.1193359
vt 0.9667288 0.0946629
vt 0.9667288 0.0946629
vt 0.9697266 0.1193359
vt 0.9703625 0.0946629
vt 0.9609375 0.0946629
vt 0.9609375 0.1193359
vt 0.9960938 0.1193359
vt 0.9609375 0.0946629
vt 0.9960938 0.1193359
vt 0.9884629 0.0946629
vt 0.9884629 0.0946629
vt 0.9960938 0.1193359
vt 0.9960938 0.0946629
vt 0.9559151 0.0945675
vt 0.9559151 0.1193359
vt 0.9457407 0.0946629
vt 0.9457407 0.0946629
vt 0.9559151 0.1193359
vt 0.9090402 0.1193359
vt 0.9457407 0.0946629
vt 0.9090402 0.1193359
vt 0.9090402 0.0946629
vt 0.9121549 0.0964752
vt 0.9140626 0.1193359
vt 0.9609375 0.1193359
vt 0.9121549 0.0964752
vt 0.9609375 0.1193359
vt 0.9488553 0.0964752
vt 0.9488553 0.0964752
vt 0.9609375 0.1193359
vt 0.9609375 0.0946629
vt 0.9703625 0.0946629
vt 0.9697266 0.1193359
vt 0.9576445 0.0946629
vt 0.9576445 0.0946629
vt 0.9697266 0.1193359
vt 0.9140625 0.1193359
vt 0.9576445 0.0946629
vt 0.9140625 0.1193359
vt 0.9140625 0.0946629
vt 0.9190848 0.0946629
vt 0.9190848 0.1193359
vt 0.9559151 0.1193359
vt 0.9190848 0.0946629
vt 0.9559151 0.1193359
vt 0.9479209 0.0946629
vt 0.9479209 0.0946629
vt 0.9559151 0.1193359
vt 0.9559151 0.0946629
vt 0.9190848 0.0390625
vt 0.9559152 0.0390625
vt 0.9571708 0.1035156
vt 0.9190848 0.0390625
vt 0.9571708 0.1035156
vt 0.9190848 0.0859375
vt 0.9960938 0.0039062
vt 0.9960938 0.1210938
vt 0.9375000 0.1210938
vt 0.9960938 0.0039062
vt 0.9375000 0.1210938
vt 0.9375000 0.0039062
vt 0.9082031 0.0039062
vt 0.9082031 0.1210938
vt 0.9667969 0.1210938
vt 0.9082031 0.0039062
vt 0.9667969 0.1210938
vt 0.9667969 0.0039062
vt 0.9375000 0.0039062
vt 0.9375000 0.1210938
vt 0.9960938 0.1210938
vt 0.9375000 0.0039062
vt 0.9960938 0.1210938
vt 0.9960938 0.0039062
vt 0.9375000 0.0039062
vt 0.8789062 0.0039062
vt 0.8789062 0.1210938
vt 0.9375000 0.0039062
vt 0.8789062 0.1210938
vt 0.9375000 0.1210938
vt 0.9082031 0.0039062
vt 0.9667969 0.0039062
vt 0.9667969 0.1210938
vt 0.9082031 0.0039062
vt 0.9667969 0.1210938
vt 0.9082031 0.1210938
vt 0.8789062 0.0039062
vt 0.9375000 0.0039062
vt 0.9375000 0.1210938
vt 0.8789062 0.0039062
vt 0.9375000 0.1210938
vt 0.8789062 0.1210938
vt 0.8789062 0.0625000
vt 0.9082031 0.1210938
vt 0.9667969 0.1210938
vt 0.8789062 0.0625000
vt 0.9667969 0.1210938
vt 0.9960938 0.0625000
vt 0.8789062 0.0625000
vt 0.9960938 0.0625000
vt 0.9667969 0.0039062
vt 0.8789062 0.0625000
vt 0.9667969 0.0039062
vt 0.9082031 0.0039062
vt 0.8789062 0.0625000
vt 0.9082031 0.0039062
vt 0.9667969 0.0039062
vt 0.8789062 0.0625000
vt 0.9667969 0.0039062
vt 0.9960938 0.0625000
vt 0.8789062 0.0625000
vt 0.9960938 0.0625000
vt 0.9667969 0.1210938
vt 0.8789062 0.0625000
vt 0.9667969 0.1210938
vt 0.9082031 0.1210938
vn -0.7081650 0.3922587 -0.5870567
vn -0.7081650 0.3922586 -0.5870567
vn -0.7092536 0.3683859 -0.6010418
vn -0.7081650 0.3922587 -0.5870567
vn -0.7092536 0.3683859 -0.6010418
vn -0.7097839 0.3185044 -0.6283007
vn -0.7081649 0.4992508 -0.4992506
vn -0.7081649 0.4992508 -0.4992506
vn -0.7094044 0.4744310 -0.5212107
vn -0.7081649 0.4992508 -0.4992506
vn -0.7094044 0.4744310 -0.5212107
vn -0.7097790 0.4346096 -0.5543720
vn -0.7081649 0.4992508 -0.4992506
vn -0.7097790 0.4346096 -0.5543720
vn -0.7081650 0.3922586 -0.5870567
vn -0.7081649 0.4992508 -0.4992506
vn -0.7081650 0.3922586 -0.5870567
vn -0.7081650 0.3922587 -0.5870567
vn -0.7081651 0.5870565 -0.3922586
vn -0.7081651 0.5870565 -0.3922586
vn -0.7081649 0.4992508 -0.4992506
vn -0.7081651 0.5870565 -0.3922586
vn -0.7081649 0.4992508 -0.4992506
vn -0.7081649 0.4992508 -0.4992506
vn -0.7081652 0.6523023 -0.2701922
vn -0.7081652 0.6523022 -0.2701922
vn -0.7081651 0.5870565 -0.3922586
vn -0.7081652 0.6523023 -0.2701922
vn -0.7081651 0.5870565 -0.3922586
vn -0.7081651 0.5870565 -0.3922586
vn -0.7081649 0.6924806 -0.1377431
vn -0.7081649 0.6924806 -0.1377431
vn -0.7081652 0.6523022 -0.2701922
vn -0.7081649 0.6924806 -0.1377431
vn -0.7081652 0.6523022 -0.2701922
vn -0.7081652 0.6523023 -0.2701922
vn -0.7081649 0.7060471 0.0000000
vn -0.7081649 0.7060470 0.0000000
vn -0.7086458 0.7054852 -0.0105714
vn -0.7081649 0.7060471 0.0000000
vn -0.7086458 0.7054852 -0.0105714
vn -0.7081649 0.6924806 -0.1377431
vn -0.7081649 0.7060471 0.0000000
vn -0.7081649 0.6924806 -0.1377431
vn -0.7081649 0.6924806 -0.1377431
vn -0.7081649 0.6924806 0.1377430
vn -0.7081649 0.6924806 0.1377430
vn -0.7086458 0.7054852 0.0105714
vn -0.7081649 0.6924806 0.1377430
vn -0.7086458 0.7054852 0.0105714
vn -0.7082183 0.7059927 0.0010917
vn -0.7081649 0.6924806 0.1377430
vn -0.7082183 0.7059927 0.0010917
vn -0.7081649 0.7060470 0.0000000
vn -0.7081649 0.6924806 0.1377430
vn -0.7081649 0.7060470 0.0000000
vn -0.7081649 0.7060471 0.0000000
vn -0.7081652 0.6523023 0.2701922
vn -0.7081652 0.6523023 0.2701921
vn -0.7081649 0.6924806 0.1377430
vn -0.7081652 0.6523023 0.2701922
vn -0.7081649 0.6924806 0.1377430
vn -0.7081649 0.6924806 0.1377430
vn -0.7081652 0.5870565 0.3922585
vn -0.7081652 0.5870566 0.3922585
vn -0.7081652 0.6523023 0.2701921
vn -0.7081652 0.5870565 0.3922585
vn -0.7081652 0.6523023 0.2701921
vn -0.7081652 0.6523023 0.2701922
vn -0.7081648 0.4992509 0.4992506
vn -0.7081648 0.4992509 0.4992507
vn -0.7081652 0.5870566 0.3922585
vn -0.7081648 0.4992509 0.4992506
vn -0.7081652 0.5870566 0.3922585
vn -0.7081652 0.5870565 0.3922585
vn -0.7081649 0.3922587 0.5870568
vn -0.7081649 0.3922587 0.5870568
vn -0.7094043 0.4744311 0.5212108
vn -0.7081649 0.3922587 0.5870568
vn -0.7094043 0.4744311 0.5212108
vn -0.7081648 0.4992509 0.4992507
vn -0.7081649 0.3922587 0.5870568
vn -0.7081648 0.4992509 0.4992507
vn -0.7081648 0.4992509 0.4992506
vn -0.7081649 0.3922587 0.5870568
vn -0.7081649 0.3922587 0.5870568
vn -0.7097840 0.3185044 0.6283006
vn -0.7097840 -0.3185044 0.6283006
vn -0.7081650 -0.3922587 0.5870566
vn -0.7081650 -0.3922587 0.5870566
vn -0.7097840 -0.3185044 0.6283006
vn -0.7081650 -0.3922587 0.5870566
vn -0.7087084 -0.3818452 0.5932341
vn -0.7081650 -0.3922587 0.5870566
vn -0.7088449 -0.4047175 0.5777046
vn -0.7085340 -0.3986382 0.5822947
vn -0.7081650 -0.3922587 0.5870566
vn -0.7085340 -0.3986382 0.5822947
vn -0.7081650 -0.3922587 0.5870566
vn -0.7088448 -0.4047175 -0.5777047
vn -0.7081649 -0.3922587 -0.5870567
vn -0.7081649 -0.3922587 -0.5870567
vn -0.7081649 -0.3922587 -0.5870567
vn -0.7097839 -0.3185044 -0.6283006
vn -0.7092536 -0.3683859 -0.6010418
vn -0.7081649 -0.3922587 -0.5870567
vn -0.7092536 -0.3683859 -0.6010418
vn -0.7086232 -0.3836206 -0.5921895
vn -0.7081649 -0.3922587 -0.5870567
vn -0.7086232 -0.3836206 -0.5921895
vn -0.7081649 -0.3922587 -0.5870567
vn 0.0000000 0.7071066 -0.7071070
vn 0.0000000 0.7071066 -0.7071070
vn 0.0000000 0.6731410 -0.7395142
vn 0.0000000 0.7071066 -0.7071070
vn 0.0000000 0.6731410 -0.7395142
vn 0.0000000 0.6731410 -0.7395142
vn 0.0000000 0.7071066 -0.7071070
vn 0.0000000 0.6731410 -0.7395142
vn 0.0000000 0.6731410 -0.7395142
vn 0.0000000 0.8314696 -0.5555702
vn 0.0000000 0.8314696 -0.5555702
vn 0.0000000 0.7071066 -0.7071070
vn 0.0000000 0.8314696 -0.5555702
vn 0.0000000 0.7071066 -0.7071070
vn 0.0000000 0.7071066 -0.7071070
vn 0.0000000 0.9238798 -0.3826829
vn 0.0000000 0.9238798 -0.3826829
vn 0.0000000 0.8314696 -0.5555702
vn 0.0000000 0.9238798 -0.3826829
vn 0.0000000 0.8314696 -0.5555702
vn 0.0000000 0.8314696 -0.5555702
vn 0.0000000 0.9807852 -0.1950905
vn 0.0000000 0.9807852 -0.1950905
vn 0.0000000 0.9238798 -0.3826829
vn 0.0000000 0.9807852 -0.1950905
vn 0.0000000 0.9238798 -0.3826829
vn 0.0000000 0.9238798 -0.3826829
vn 0.0000000 0.9998877 -0.0149829
vn 0.0000000 0.9807852 -0.1950905
vn 0.0000000 0.9998877 -0.0149829
vn 0.0000000 0.9998877 -0.0149829
vn 0.0000000 0.9807852 -0.1950905
vn 0.0000000 0.9807852 -0.1950905
vn 0.0000000 0.9998877 -0.0149829
vn 0.0000000 0.9807852 -0.1950905
vn 0.0000000 0.9998877 -0.0149829
vn 0.0000000 0.9807852 0.1950905
vn 0.0000000 0.9807852 0.1950905
vn 0.0000000 0.9998877 0.0149829
vn 0.0000000 0.9807852 0.1950905
vn 0.0000000 0.9998877 0.0149829
vn 0.0000000 0.9998877 0.0149829
vn 0.0000000 0.9807852 0.1950905
vn 0.0000000 0.9998877 0.0149829
vn 0.0000000 0.9998877 0.0149829
vn 0.0000000 0.9238798 0.3826829
vn 0.0000000 0.9238798 0.3826829
vn 0.0000000 0.9807852 0.1950905
vn 0.0000000 0.9238798 0.3826829
vn 0.0000000 0.9807852 0.1950905
vn 0.0000000 0.9807852 0.1950905
vn 0.0000000 0.8314696 0.5555702
vn 0.0000000 0.8314696 0.5555702
vn 0.0000000 0.9238798 0.3826829
vn 0.0000000 0.8314696 0.5555702
vn 0.0000000 0.9238798 0.3826829
vn 0.0000000 0.9238798 0.3826829
vn 0.0000000 0.7071066 0.7071070
vn 0.0000000 0.7071066 0.7071070
vn 0.0000000 0.8314696 0.5555702
vn 0.0000000 0.7071066 0.7071070
vn 0.0000000 0.8314696 0.5555702
vn 0.0000000 0.8314696 0.5555702
vn 0.0000000 0.6731410 0.7395142
vn 0.0000000 0.7071066 0.7071070
vn 0.0000000 0.6731410 0.7395142
vn 0.0000000 0.6731410 0.7395142
vn 0.0000000 0.7071066 0.7071070
vn 0.0000000 0.7071066 0.7071070
vn 0.0000000 0.6731410 0.7395142
vn 0.0000000 0.7071066 0.7071070
vn 0.0000000 0.6731410 0.7395142
vn 0.0000000 0.7071065 -0.7071071
vn 0.0000000 0.7071065 -0.7071071
vn 0.0000000 0.6775869 -0.7354427
vn 0.0000000 0.7071065 -0.7071071
vn 0.0000000 0.6775869 -0.7354427
vn 0.0000000 0.6731409 -0.7395143
vn 0.0000000 0.7071065 -0.7071071
vn 0.0000000 0.6731409 -0.7395143
vn 0.0000000 0.6731409 -0.7395143
vn 0.0000000 0.8314697 -0.5555702
vn 0.0000000 0.8314697 -0.5555702
vn 0.0000000 0.8080452 -0.5891205
vn 0.0000000 0.8314697 -0.5555702
vn 0.0000000 0.8080452 -0.5891205
vn 0.0000000 0.7071065 -0.7071071
vn 0.0000000 0.8314697 -0.5555702
vn 0.0000000 0.7071065 -0.7071071
vn 0.0000000 0.7071065 -0.7071071
vn 0.0000000 0.9238798 -0.3826828
vn 0.0000000 0.9238798 -0.3826828
vn 0.0000000 0.9074508 -0.4201584
vn 0.0000000 0.9238798 -0.3826828
vn 0.0000000 0.9074508 -0.4201584
vn 0.0000000 0.8314697 -0.5555702
vn 0.0000000 0.9238798 -0.3826828
vn 0.0000000 0.8314697 -0.5555702
vn 0.0000000 0.8314697 -0.5555702
vn 0.0000000 0.9807852 -0.1950905
vn 0.0000000 0.9807852 -0.1950905
vn 0.0000000 0.9719831 -0.2350508
vn 0.0000000 0.9807852 -0.1950905
vn 0.0000000 0.9719831 -0.2350508
vn 0.0000000 0.9238798 -0.3826828
vn 0.0000000 0.9807852 -0.1950905
vn 0.0000000 0.9238798 -0.3826828
vn 0.0000000 0.9238798 -0.3826828
vn 0.0000000 0.9998877 -0.0149829
vn 0.0000000 0.9991628 -0.0409100
vn 0.0000000 0.9998877 -0.0149829
vn 0.0000000 0.9998877 -0.0149829
vn 0.0000000 0.9991628 -0.0409100
vn 0.0000000 0.9807852 -0.1950905
vn 0.0000000 0.9998877 -0.0149829
vn 0.0000000 0.9807852 -0.1950905
vn 0.0000000 0.9807852 -0.1950905
vn 0.0000000 0.9998877 -0.0149829
vn 0.0000000 0.9807852 -0.1950905
vn 0.0000000 0.9998877 -0.0149829
vn 0.0000000 0.9807852 0.1950905
vn 0.0000000 0.9807852 0.1950905
vn 0.0000000 0.9879453 0.1548033
vn 0.0000000 0.9807852 0.1950905
vn 0.0000000 0.9879453 0.1548033
vn 0.0000000 0.9998877 0.0149829
vn 0.0000000 0.9807852 0.1950905
vn 0.0000000 0.9998877 0.0149829
vn 0.0000000 0.9998877 0.0149829
vn 0.0000000 0.9238798 0.3826828
vn 0.0000000 0.9238798 0.3826828
vn 0.0000000 0.9387618 0.3445667
vn 0.0000000 0.9238798 0.3826828
vn 0.0000000 0.9387618 0.3445667
vn 0.0000000 0.9807852 0.1950905
vn 0.0000000 0.9238798 0.3826828
vn 0.0000000 0.9807852 0.1950905
vn 0.0000000 0.9807852 0.1950905
vn 0.0000000 0.8314697 0.5555702
vn 0.0000000 0.8314697 0.5555702
vn 0.0000000 0.8535020 0.5210896
vn 0.0000000 0.8314697 0.5555702
vn 0.0000000 0.8535020 0.5210896
vn 0.0000000 0.9238798 0.3826828
vn 0.0000000 0.8314697 0.5555702
vn 0.0000000 0.9238798 0.3826828
vn 0.0000000 0.9238798 0.3826828
vn 0.0000000 0.7071065 0.7071071
vn 0.0000000 0.7071065 0.7071071
vn 0.0000000 0.7354423 0.6775874
vn 0.0000000 0.7071065 0.7071071
vn 0.0000000 0.7354423 0.6775874
vn 0.0000000 0.8314697 0.5555702
vn 0.0000000 0.7071065 0.7071071
vn 0.0000000 0.8314697 0.5555702
vn 0.0000000 0.8314697 0.5555702
vn 0.0000000 0.6731409 0.7395143
vn 0.0000000 0.7071065 0.7071071
vn 0.0000000 0.7071065 0.7071071
vn 0.0000000 0.6731409 0.7395143
vn 0.0000000 0.7071065 0.7071071
vn 0.0000000 0.6731409 0.7395143
vn -1.0000000 0.0000000 0.0000000
vn -1.0000000 0.0000000 0.0000000
vn -1.0000000 0.0000000 0.0000000
vn -1.0000000 0.0000000 0.0000000
vn -1.0000000 0.0000000 0.0000000
vn -1.0000000 0.0000000 0.0000000
vn -1.0000000 0.0000000 0.0000000
vn -1.0000000 0.0000000 0.0000000
vn -1.0000000 0.0000000 0.0000000
vn -1.0000000 0.0000000 0.0000000
vn -1.0000000 0.0000000 0.0000000
vn -1.0000000 0.0000000 0.0000000
vn -1.0000000 0.0000000 0.0000000
vn -1.0000000 0.0000000 0.0000000
vn -1.0000000 0.0000000 0.0000000
vn -1.0000000 0.0000000 0.0000000
vn -1.0000000 0.0000000 0.0000000
vn -1.0000000 0.0000000 0.0000000
vn -1.0000000 0.0000000 0.0000000
vn -1.0000000 0.0000000 0.0000000
vn -1.0000000 0.0000000 0.0000000
vn -1.0000000 0.0000000 0.0000000
vn -1.0000000 0.0000000 0.0000000
vn -1.0000000 0.0000000 0.0000000
vn -1.0000000 0.0000000 0.0000000
vn -1.0000000 0.0000000 0.0000000
vn -1.0000000 0.0000000 0.0000000
vn -1.0000000 0.0000000 0.0000000
vn -1.0000000 0.0000000 0.0000000
vn -1.0000000 0.0000000 0.0000000
vn -1.0000000 0.0000000 0.0000000
vn -1.0000000 0.0000000 0.0000000
vn -1.0000000 0.0000000 0.0000000
vn -1.0000000 0.0000000 0.0000000
vn -1.0000000 0.0000000 0.0000000
vn -1.0000000 0.0000000 0.0000000
vn -1.0000000 0.0000000 0.0000000
vn -1.0000000 0.0000000 0.0000000
vn -1.0000000 0.0000000 0.0000000
vn -1.0000000 0.0000000 0.0000000
vn -1.0000000 0.0000000 0.0000000
vn -1.0000000 0.0000000 0.0000000
vn -1.0000000 0.0000000 0.0000000
vn -1.0000000 0.0000000 0.0000000
vn -1.0000000 0.0000000 0.0000000
vn -1.0000000 0.0000000 0.0000000
vn -1.0000000 0.0000000 0.0000000
vn -1.0000000 0.0000000 0.0000000
vn -1.0000000 0.0000000 0.0000000
vn -1.0000000 0.0000000 0.0000000
vn -1.0000000 0.0000000 0.0000000
vn -1.0000000 0.0000000 0.0000000
vn -1.0000000 0.0000000 0.0000000
vn -1.0000000 0.0000000 0.0000000
vn -1.0000000 0.0000000 0.0000000
vn -1.0000000 0.0000000 0.0000000
vn -1.0000000 0.0000000 0.0000000
vn -1.0000000 0.0000000 0.0000000
vn -1.0000000 0.0000000 0.0000000
vn -1.0000000 0.0000000 0.0000000
vn -1.0000000 0.0000000 0.0000000
vn -1.0000000 0.0000000 0.0000000
vn -1.0000000 0.0000000 0.0000000
vn -1.0000000 0.0000000 0.0000000
vn -1.0000000 0.0000000 0.0000000
vn -1.0000000 0.0000000 0.0000000
vn -1.0000000 0.0000000 0.0000000
vn -1.0000000 0.0000000 0.0000000
vn -1.0000000 0.0000000 0.0000000
vn -1.0000000 0.0000000 0.0000000
vn -1.0000000 0.0000000 0.0000000
vn -1.0000000 0.0000000 0.0000000
vn -1.0000000 0.0000000 0.0000000
vn -1.0000000 0.0000000 0.0000000
vn -1.0000000 0.0000000 0.0000000
vn -1.0000000 0.0000000 0.0000000
vn -1.0000000 0.0000000 0.0000000
vn -1.0000000 0.0000000 0.0000000
vn -1.0000000 0.0000000 0.0000000
vn -1.0000000 0.0000000 0.0000000
vn -1.0000000 0.0000000 0.0000000
vn -1.0000000 0.0000000 0.0000000
vn -1.0000000 0.0000000 0.0000000
vn -1.0000000 0.0000000 0.0000000
vn -1.0000000 0.0000000 0.0000000
vn -1.0000000 0.0000000 0.0000000
vn -1.0000000 0.0000000 0.0000000
vn -1.0000000 0.0000000 0.0000000
vn -1.0000000 0.0000000 0.0000000
vn -1.0000000 0.0000000 0.0000000
vn -1.0000000 0.0000000 0.0000000
vn -1.0000000 0.0000000 0.0000000
vn -1.0000000 0.0000000 0.0000000
vn -1.0000000 0.0000000 0.0000000
vn -1.0000000 0.0000000 0.0000000
vn -1.0000000 0.0000000 0.0000000
vn -1.0000000 0.0000000 0.0000000
vn -1.0000000 0.0000000 0.0000000
vn -1.0000000 0.0000000 0.0000000
vn -1.0000000 0.0000000 0.0000000
vn -1.0000000 0.0000000 0.0000000
vn -1.0000000 0.0000000 0.0000000
vn -1.0000000 0.0000000 0.0000000
vn -1.0000000 0.0000000 0.0000000
vn -1.0000000 0.0000000 0.0000000
vn -1.0000000 0.0000000 0.0000000
vn -1.0000000 0.0000000 0.0000000
vn -1.0000000 0.0000000 0.0000000
vn -1.0000000 0.0000000 0.0000000
vn -1.0000000 0.0000000 0.0000000
vn -1.0000000 0.0000000 0.0000000
vn -1.0000000 0.0000000 0.0000000
vn -1.0000000 0.0000000 0.0000000
vn -1.0000000 0.0000000 0.0000000
vn -1.0000000 0.0000000 0.0000000
vn -1.0000000 0.0000000 0.0000000
vn -1.0000000 0.0000000 0.0000000
vn -1.0000000 0.0000000 0.0000000
vn -1.0000000 0.0000000 0.0000000
vn -1.0000000 0.0000000 0.0000000
vn -1.0000000 0.0000000 0.0000000
vn -1.0000000 0.0000000 0.0000000
vn -1.0000000 0.0000000 0.0000000
vn -1.0000000 0.0000000 0.0000000
vn -1.0000000 0.0000000 0.0000000
vn -1.0000000 0.0000000 0.0000000
vn -1.0000000 0.0000000 0.0000000
vn -1.0000000 0.0000000 0.0000000
vn -1.0000000 0.0000000 0.0000000
vn -1.0000000 0.0000000 0.0000000
vn -1.0000000 0.0000000 0.0000000
vn -1.0000000 0.0000000 0.0000000
vn -1.0000000 0.0000000 0.0000000
vn -1.0000000 0.0000000 0.0000000
vn -1.0000000 0.0000000 0.0000000
vn -1.0000000 0.0000000 0.0000000
vn -1.0000000 0.0000000 0.0000000
vn -1.0000000 0.0000000 0.0000000
vn -1.0000000 0.0000000 0.0000000
vn -1.0000000 0.0000000 0.0000000
vn -1.0000000 0.0000000 0.0000000
vn -1.0000000 0.0000000 0.0000000
vn -1.0000000 0.0000000 0.0000000
vn -1.0000000 0.0000000 0.0000000
vn -1.0000000 0.0000000 0.0000000
vn -1.0000000 0.0000000 0.0000000
vn -1.0000000 0.0000000 0.0000000
vn -1.0000000 0.0000000 0.0000000
vn -1.0000000 0.0000000 0.0000000
vn -1.0000000 0.0000000 0.0000000
vn -1.0000000 0.0000000 0.0000000
vn -1.0000000 0.0000000 0.0000000
vn -1.0000000 0.0000000 0.0000000
vn -1.0000000 0.0000000 0.0000000
vn -1.0000000 0.0000000 0.0000000
vn -1.0000000 0.0000000 0.0000000
vn -1.0000000 0.0000000 0.0000000
vn -1.0000000 0.0000000 0.0000000
vn -1.0000000 0.0000000 0.0000000
vn -1.0000000 0.0000000 0.0000000
vn -1.0000000 0.0000000 0.0000000
vn -1.0000000 0.0000000 0.0000000
vn -1.0000000 0.0000000 0.0000000
vn -1.0000000 0.0000000 0.0000000
vn -1.0000000 0.0000000 0.0000000
vn -1.0000000 0.0000000 0.0000000
vn -1.0000000 0.0000000 0.0000000
vn -1.0000000 0.0000000 0.0000000
vn -1.0000000 0.0000000 0.0000000
vn -1.0000000 0.0000000 0.0000000
vn -1.0000000 0.0000000 0.0000000
vn -1.0000000 0.0000000 0.0000000
vn -1.0000000 0.0000000 0.0000000
vn -1.0000000 0.0000000 0.0000000
vn 0.0000000 0.7071068 -0.7071067
vn 0.0000000 0.7071068 -0.7071067
vn 0.0000000 0.6434251 -0.7655091
vn 0.0000000 0.7071068 -0.7071067
vn 0.0000000 0.6434251 -0.7655091
vn 0.0000000 0.6434251 -0.7655091
vn 0.0000000 0.7071068 -0.7071067
vn 0.0000000 0.6434251 -0.7655091
vn 0.0000000 0.6434251 -0.7655091
vn 0.0000000 0.8660255 -0.4999999
vn 0.0000000 0.8660255 -0.4999999
vn 0.0000000 0.7071068 -0.7071067
vn 0.0000000 0.8660255 -0.4999999
vn 0.0000000 0.7071068 -0.7071067
vn 0.0000000 0.7071068 -0.7071067
vn 0.0000000 0.9659258 -0.2588193
vn 0.0000000 0.9659258 -0.2588193
vn 0.0000000 0.8660255 -0.4999999
vn 0.0000000 0.9659258 -0.2588193
vn 0.0000000 0.8660255 -0.4999999
vn 0.0000000 0.8660255 -0.4999999
vn 0.0000000 1.0000000 0.0000000
vn 0.0000000 1.0000000 0.0000000
vn 0.0000000 0.9659258 -0.2588193
vn 0.0000000 1.0000000 0.0000000
vn 0.0000000 0.9659258 -0.2588193
vn 0.0000000 0.9659258 -0.2588193
vn 0.0000000 0.9659258 0.2588193
vn 0.0000000 0.9659258 0.2588193
vn 0.0000000 1.0000000 0.0000000
vn 0.0000000 0.9659258 0.2588193
vn 0.0000000 1.0000000 0.0000000
vn 0.0000000 1.0000000 0.0000000
vn 0.0000000 0.8660255 0.4999999
vn 0.0000000 0.8660255 0.4999999
vn 0.0000000 0.9659258 0.2588193
vn 0.0000000 0.8660255 0.4999999
vn 0.0000000 0.9659258 0.2588193
vn 0.0000000 0.9659258 0.2588193
vn 0.0000000 0.7071068 0.7071067
vn 0.0000000 0.7071068 0.7071067
vn 0.0000000 0.8660255 0.4999999
vn 0.0000000 0.7071068 0.7071067
vn 0.0000000 0.8660255 0.4999999
vn 0.0000000 0.8660255 0.4999999
vn 0.0000000 0.6434251 0.7655091
vn 0.0000000 0.7071068 0.7071067
vn 0.0000000 0.6434251 0.7655091
vn 0.0000000 0.6434251 0.7655091
vn 0.0000000 0.7071068 0.7071067
vn 0.0000000 0.7071068 0.7071067
vn 0.0000000 0.6434251 0.7655091
vn 0.0000000 0.7071068 0.7071067
vn 0.0000000 0.6434251 0.7655091
vn -1.0000000 0.0000000 0.0000000
vn -1.0000000 0.0000000 -0.0000000
vn -1.0000000 0.0000000 0.0000000
vn -1.0000000 0.0000000 0.0000000
vn -1.0000000 0.0000000 -0.0000000
vn -1.0000000 0.0000000 -0.0000000
vn -1.0000000 0.0000000 0.0000000
vn -1.0000000 0.0000000 -0.0000000
vn -1.0000000 0.0000000 0.0000000
vn -1.0000000 0.0000000 0.0000000
vn -1.0000000 0.0000000 -0.0000000
vn -1.0000000 0.0000000 -0.0000000
vn -1.0000000 0.0000000 0.0000000
vn -1.0000000 0.0000000 -0.0000000
vn -1.0000000 0.0000000 0.0000000
vn -1.0000000 0.0000000 0.0000000
vn -1.0000000 0.0000000 -0.0000000
vn -1.0000000 0.0000000 -0.0000000
vn -1.0000000 0.0000000 0.0000000
vn -1.0000000 0.0000000 -0.0000000
vn -1.0000000 0.0000000 0.0000000
vn -1.0000000 0.0000000 0.0000000
vn -1.0000000 0.0000000 -0.0000000
vn -1.0000000 0.0000000 -0.0000000
vn -1.0000000 0.0000000 0.0000000
vn -1.0000000 0.0000000 -0.0000000
vn -1.0000000 0.0000000 0.0000000
vn -1.0000000 0.0000000 0.0000000
vn -1.0000000 0.0000000 -0.0000000
vn -1.0000000 0.0000000 -0.0000000
vn -1.0000000 0.0000000 0.0000000
vn -1.0000000 0.0000000 -0.0000000
vn -1.0000000 0.0000000 0.0000000
vn -1.0000000 0.0000000 0.0000000
vn -1.0000000 0.0000000 -0.0000000
vn -1.0000000 0.0000000 -0.0000000
vn -1.0000000 0.0000000 0.0000000
vn -1.0000000 0.0000000 -0.0000000
vn -1.0000000 0.0000000 0.0000000
vn -1.0000000 0.0000000 0.0000000
vn -1.0000000 0.0000000 -0.0000000
vn -1.0000000 0.0000000 0.0000000
vn -1.0000000 0.0000000 0.0000000
vn -1.0000000 0.0000000 0.0000000
vn -1.0000000 0.0000000 0.0000000
vn -1.0000000 0.0000000 0.0000000
vn -1.0000000 0.0000000 0.0000000
vn -1.0000000 0.0000000 0.0000000
vn -1.0000000 0.0000000 0.0000000
vn -1.0000000 0.0000000 0.0000000
vn -1.0000000 0.0000000 0.0000000
vn -1.0000000 0.0000000 0.0000000
vn -1.0000000 0.0000000 0.0000000
vn -1.0000000 0.0000000 0.0000000
vn -1.0000000 0.0000000 0.0000000
vn -1.0000000 0.0000000 0.0000000
vn -1.0000000 0.0000000 0.0000000
vn -1.0000000 0.0000000 0.0000000
vn -1.0000000 0.0000000 0.0000000
vn -1.0000000 0.0000000 0.0000000
vn -1.0000000 0.0000000 0.0000000
vn -1.0000000 0.0000000 0.0000000
vn -1.0000000 0.0000000 0.0000000
vn -1.0000000 0.0000000 0.0000000
vn -1.0000000 0.0000000 0.0000000
vn -1.0000000 0.0000000 0.0000000
vn -1.0000000 0.0000000 0.0000000
vn -1.0000000 0.0000000 0.0000000
vn -1.0000000 0.0000000 0.0000000
vn -1.0000000 0.0000000 0.0000000
vn -1.0000000 0.0000000 0.0000000
vn -1.0000000 0.0000000 0.0000000
vn -1.0000000 0.0000000 0.0000000
vn -1.0000000 0.0000000 0.0000000
vn -1.0000000 0.0000000 0.0000000
vn -1.0000000 0.0000000 0.0000000
vn -1.0000000 0.0000000 0.0000000
vn -1.0000000 0.0000000 0.0000000
vn -1.0000000 0.0000000 0.0000000
vn -1.0000000 0.0000000 0.0000000
vn -1.0000000 0.0000000 0.0000000
vn -1.0000000 0.0000000 0.0000000
vn -1.0000000 0.0000000 0.0000000
vn -1.0000000 0.0000000 0.0000000
vn -1.0000000 0.0000000 0.0000000
vn -1.0000000 0.0000000 0.0000000
vn -1.0000000 0.0000000 0.0000000
vn -1.0000000 0.0000000 0.0000000
vn -1.0000000 0.0000000 0.0000000
vn -1.0000000 0.0000000 0.0000000
vn -1.0000000 0.0000000 0.0000000
vn -1.0000000 0.0000000 0.0000000
vn -1.0000000 0.0000000 0.0000000
vn -1.0000000 0.0000000 0.0000000
vn -1.0000000 0.0000000 0.0000000
vn -1.0000000 0.0000000 0.0000000
vn -1.0000000 0.0000000 0.0000000
vn -1.0000000 0.0000000 0.0000000
vn -1.0000000 0.0000000 0.0000000
vn -1.0000000 0.0000000 0.0000000
vn -1.0000000 0.0000000 0.0000000
vn -1.0000000 0.0000000 0.0000000
vn -1.0000000 0.0000000 0.0000000
vn -1.0000000 0.0000000 0.0000000
vn -1.0000000 0.0000000 0.0000000
vn -1.0000000 0.0000000 0.0000000
vn -1.0000000 0.0000000 0.0000000
vn -1.0000000 0.0000000 0.0000000
vn -1.0000000 0.0000000 0.0000000
vn -1.0000000 0.0000000 0.0000000
vn -1.0000000 0.0000000 0.0000000
vn -1.0000000 0.0000000 0.0000000
vn -1.0000000 0.0000000 0.0000000
vn -1.0000000 0.0000000 0.0000000
vn 1.0000000 0.0000000 -0.0000001
vn 1.0000000 0.0000000 -0.0000001
vn 1.0000000 0.0000000 -0.0000001
vn 1.0000000 0.0000000 -0.0000001
vn 1.0000000 0.0000000 -0.0000001
vn 1.0000000 0.0000000 -0.0000001
vn 1.0000000 0.0000000 -0.0000001
vn 1.0000000 0.0000000 -0.0000001
vn 1.0000000 0.0000000 -0.0000001
vn 1.0000000 0.0000000 -0.0000001
vn 1.0000000 0.0000000 -0.0000001
vn 1.0000000 0.0000000 -0.0000001
vn 1.0000000 0.0000000 -0.0000001
vn 1.0000000 0.0000000 -0.0000001
vn 1.0000000 0.0000000 -0.0000001
vn 1.0000000 0.0000000 -0.0000001
vn 1.0000000 0.0000000 -0.0000001
vn 1.0000000 0.0000000 -0.0000001
vn 1.0000000 0.0000000 -0.0000001
vn 1.0000000 0.0000000 -0.0000001
vn 1.0000000 0.0000000 -0.0000001
vn 1.0000000 0.0000000 -0.0000001
vn 1.0000000 0.0000000 -0.0000001
vn 1.0000000 0.0000000 -0.0000001
vn 1.0000000 0.0000000 -0.0000001
vn 1.0000000 0.0000000 -0.0000001
vn 1.0000000 0.0000000 -0.0000001
vn 1.0000000 0.0000000 -0.0000001
vn 1.0000000 0.0000000 -0.0000001
vn 1.0000000 0.0000000 -0.0000001
vn 1.0000000 0.0000000 -0.0000001
vn 1.0000000 0.0000000 -0.0000001
vn 1.0000000 0.0000000 -0.0000001
vn 1.0000000 0.0000000 -0.0000001
vn 1.0000000 0.0000000 -0.0000001
vn 1.0000000 0.0000000 -0.0000001
vn 1.0000000 0.0000000 -0.0000001
vn 1.0000000 0.0000000 -0.0000001
vn 1.0000000 0.0000000 -0.0000001
vn 1.0000000 0.0000000 -0.0000001
vn 1.0000000 0.0000000 -0.0000001
vn 1.0000000 0.0000000 -0.0000001
vn 1.0000000 0.0000000 -0.0000001
vn 1.0000000 0.0000000 -0.0000001
vn 1.0000000 0.0000000 -0.0000001
vn 1.0000000 0.0000000 -0.0000001
vn 1.0000000 0.0000000 -0.0000001
vn 1.0000000 0.0000000 -0.0000001
vn 1.0000000 0.0000000 -0.0000001
vn 1.0000000 0.0000000 -0.0000001
vn 1.0000000 0.0000000 -0.0000001
vn 1.0000000 0.0000000 -0.0000001
vn 1.0000000 0.0000000 -0.0000001
vn 1.0000000 0.0000000 -0.0000001
vn 1.0000000 0.0000000 -0.0000001
vn 1.0000000 0.0000000 -0.0000001
vn 1.0000000 0.0000000 -0.0000001
vn 1.0000000 0.0000000 -0.0000001
vn 1.0000000 0.0000000 -0.0000001
vn 1.0000000 0.0000000 -0.0000001
vn 1.0000000 0.0000000 -0.0000001
vn 1.0000000 0.0000000 -0.0000001
vn 1.0000000 0.0000000 -0.0000001
vn 1.0000000 0.0000000 -0.0000001
vn 1.0000000 0.0000000 -0.0000001
vn 1.0000000 0.0000000 -0.0000001
vn 1.0000000 0.0000000 -0.0000001
vn 1.0000000 0.0000000 -0.0000001
vn 1.0000000 0.0000000 -0.0000001
vn 1.0000000 0.0000000 -0.0000001
vn 1.0000000 0.0000000 -0.0000001
vn 1.0000000 0.0000000 -0.0000001
vn 1.0000000 0.0000000 -0.0000001
vn 1.0000000 0.0000000 -0.0000001
vn 1.0000000 0.0000000 -0.0000001
vn 1.0000000 0.0000000 -0.0000001
vn 1.0000000 0.0000000 -0.0000001
vn 1.0000000 0.0000000 -0.0000001
vn 1.0000000 0.0000000 -0.0000001
vn 1.0000000 0.0000000 -0.0000001
vn 1.0000000 0.0000000 -0.0000001
vn 1.0000000 0.0000000 -0.0000001
vn 1.0000000 0.0000000 -0.0000001
vn 1.0000000 0.0000000 -0.0000001
vn 1.0000000 0.0000000 -0.0000001
vn 1.0000000 0.0000000 -0.0000001
vn 1.0000000 0.0000000 -0.0000001
vn 1.0000000 0.0000000 -0.0000001
vn 1.0000000 0.0000000 -0.0000001
vn 1.0000000 0.0000000 -0.0000001
vn 1.0000000 0.0000000 -0.0000001
vn 1.0000000 0.0000000 -0.0000001
vn 1.0000000 0.0000000 -0.0000001
vn 1.0000000 0.0000000 -0.0000001
vn 1.0000000 0.0000000 -0.0000001
vn 1.0000000 0.0000000 -0.0000001
vn 1.0000000 0.0000000 -0.0000001
vn 1.0000000 0.0000000 -0.0000001
vn 1.0000000 0.0000000 -0.0000001
vn 1.0000000 0.0000000 -0.0000001
vn 1.0000000 0.0000000 -0.0000001
vn 1.0000000 0.0000000 -0.0000001
vn 1.0000000 0.0000000 -0.0000001
vn 1.0000000 0.0000000 -0.0000001
vn 1.0000000 0.0000000 -0.0000001
vn 1.0000000 0.0000000 -0.0000001
vn 1.0000000 0.0000000 -0.0000001
vn 1.0000000 0.0000000 -0.0000001
vn 1.0000000 0.0000000 -0.0000001
vn 1.0000000 0.0000000 -0.0000001
vn 1.0000000 0.0000000 -0.0000001
vn 1.0000000 0.0000000 -0.0000001
vn 1.0000000 0.0000000 -0.0000001
vn 1.0000000 0.0000000 -0.0000001
vn -0.0000000 1.0000000 -0.0000000
vn -0.0000000 1.0000000 -0.0000000
vn 0.0000000 1.0000000 0.0000000
vn -0.0000000 1.0000000 -0.0000000
vn 0.0000000 1.0000000 0.0000000
vn 0.0000000 1.0000000 0.0000000
vn -0.0000000 1.0000000 -0.0000000
vn 0.0000000 1.0000000 0.0000000
vn 0.0000000 1.0000000 0.0000000
vn 0.0000000 0.5000001 -0.8660254
vn 0.0000000 0.5000001 -0.8660254
vn 0.0000000 0.5000001 -0.8660254
vn 0.0000000 0.5000001 -0.8660254
vn 0.0000000 0.5000001 -0.8660254
vn 0.0000000 0.5000001 -0.8660254
vn 0.0000001 -0.5000001 -0.8660254
vn 0.0000001 -0.5000001 -0.8660254
vn 0.0000001 -0.5000001 -0.8660254
vn 0.0000001 -0.5000001 -0.8660254
vn 0.0000001 -0.5000001 -0.8660254
vn 0.0000001 -0.5000001 -0.8660254
vn 0.0000000 -1.0000000 0.0000000
vn 0.0000000 -1.0000000 0.0000000
vn 0.0000000 -1.0000000 0.0000000
vn 0.0000000 -1.0000000 0.0000000
vn 0.0000000 -1.0000000 0.0000000
vn 0.0000000 -1.0000000 0.0000000
vn 0.0000000 -1.0000000 0.0000000
vn 0.0000000 -1.0000000 0.0000000
vn 0.0000000 -1.0000000 0.0000000
vn 1.0000000 0.0000000 0.0000000
vn 1.0000000 0.0000000 0.0000000
vn 1.0000000 0.0000000 0.0000000
vn 1.0000000 0.0000000 0.0000000
vn 1.0000000 0.0000000 0.0000000
vn 1.0000000 0.0000000 0.0000000
vn 1.0000000 0.0000000 0.0000000
vn 1.0000000 0.0000000 0.0000000
vn 1.0000000 0.0000000 0.0000000
vn 1.0000000 0.0000000 0.0000000
vn 1.0000000 0.0000000 0.0000000
vn 1.0000000 0.0000000 0.0000000
vn 1.0000000 0.0000000 0.0000000
vn 1.0000000 0.0000000 0.0000000
vn 1.0000000 0.0000000 0.0000000
vn 1.0000000 0.0000000 0.0000000
vn 1.0000000 0.0000000 0.0000000
vn 1.0000000 0.0000000 0.0000000
vn -1.0000000 -0.0000000 -0.0000000
vn -1.0000000 -0.0000000 -0.0000000
vn -1.0000000 0.0000000 0.0000000
vn -1.0000000 -0.0000000 -0.0000000
vn -1.0000000 0.0000000 0.0000000
vn -1.0000000 0.0000000 0.0000000
vn -1.0000000 -0.0000000 -0.0000000
vn -1.0000000 0.0000000 0.0000000
vn -1.0000000 0.0000000 0.0000000
vn -1.0000000 -0.0000000 -0.0000000
vn -1.0000000 0.0000000 0.0000000
vn -1.0000000 0.0000000 0.0000000
vn -1.0000000 -0.0000000 -0.0000000
vn -1.0000000 0.0000000 0.0000000
vn -1.0000000 0.0000000 0.0000000
vn -1.0000000 -0.0000000 -0.0000000
vn -1.0000000 0.0000000 0.0000000
vn -1.0000000 -0.0000000 -0.0000000
vn -0.0000001 0.5000001 0.8660254
vn -0.0000001 0.5000001 0.8660254
vn -0.0000001 0.5000001 0.8660254
vn -0.0000001 0.5000001 0.8660254
vn -0.0000001 0.5000001 0.8660254
vn -0.0000001 0.5000001 0.8660254
vn -0.0000000 1.0000000 -0.0000000
vn -0.0000000 1.0000000 -0.0000000
vn -0.0000000 1.0000000 -0.0000000
vn -0.0000000 1.0000000 -0.0000000
vn -0.0000000 1.0000000 -0.0000000
vn -0.0000000 1.0000000 -0.0000000
vn 0.0000000 0.5000001 -0.8660254
vn 0.0000000 0.5000001 -0.8660254
vn 0.0000000 0.5000001 -0.8660254
vn 0.0000000 0.5000001 -0.8660254
vn 0.0000000 0.5000001 -0.8660254
vn 0.0000000 0.5000001 -0.8660254
vn 0.0000001 -0.5000001 -0.8660254
vn 0.0000001 -0.5000001 -0.8660254
vn 0.0000001 -0.5000001 -0.8660254
vn 0.0000001 -0.5000001 -0.8660254
vn 0.0000001 -0.5000001 -0.8660254
vn 0.0000001 -0.5000001 -0.8660254
vn 0.0000000 -1.0000000 0.0000000
vn 0.0000000 -1.0000000 0.0000000
vn 0.0000000 -1.0000000 0.0000000
vn 0.0000000 -1.0000000 0.0000000
vn 0.0000000 -1.0000000 0.0000000
vn 0.0000000 -1.0000000 0.0000000
vn -0.0000000 -0.5000001 0.8660254
vn -0.0000000 -0.5000001 0.8660254
vn -0.0000000 -0.5000001 0.8660254
vn -0.0000000 -0.5000001 0.8660254
vn -0.0000000 -0.5000001 0.8660254
vn -0.0000000 -0.5000001 0.8660254
vn 1.0000000 0.0000000 0.0000000
vn 1.0000000 0.0000000 0.0000000
vn 1.0000000 0.0000000 0.0000000
vn 1.0000000 0.0000000 0.0000000
vn 1.0000000 0.0000000 0.0000000
vn 1.0000000 0.0000000 0.0000000
vn 1.0000000 0.0000000 0.0000000
vn 1.0000000 0.0000000 0.0000000
vn 1.0000000 0.0000000 0.0000000
vn 1.0000000 0.0000000 0.0000000
vn 1.0000000 0.0000000 0.0000000
vn 1.0000000 0.0000000 0.0000000
vn -1.0000000 -0.0000000 -0.0000000
vn -1.0000000 -0.0000000 -0.0000000
vn -1.0000000 -0.0000000 -0.0000000
vn -1.0000000 -0.0000000 -0.0000000
vn -1.0000000 -0.0000000 -0.0000000
vn -1.0000000 -0.0000000 -0.0000000
vn -1.0000000 -0.0000000 -0.0000000
vn -1.0000000 -0.0000000 -0.0000000
vn -1.0000000 -0.0000000 -0.0000000
vn -1.0000000 -0.0000000 -0.0000000
vn -1.0000000 -0.0000000 -0.0000000
vn -1.0000000 -0.0000000 -0.0000000
vn -0.0000001 0.5000001 0.8660254
vn -0.0000001 0.5000001 0.8660254
vn -0.0000001 0.5000001 0.8660254
vn -0.0000001 0.5000001 0.8660254
vn -0.0000001 0.5000001 0.8660254
vn -0.0000001 0.5000001 0.8660254
vn -0.0000000 1.0000000 -0.0000000
vn -0.0000000 1.0000000 -0.0000000
vn -0.0000000 1.0000000 -0.0000000
vn -0.0000000 1.0000000 -0.0000000
vn -0.0000000 1.0000000 -0.0000000
vn -0.0000000 1.0000000 -0.0000000
vn 0.0000000 0.5000001 -0.8660254
vn 0.0000000 0.5000001 -0.8660254
vn 0.0000000 0.5000001 -0.8660254
vn 0.0000000 0.5000001 -0.8660254
vn 0.0000000 0.5000001 -0.8660254
vn 0.0000000 0.5000001 -0.8660254
vn 0.0000001 -0.5000001 -0.8660254
vn 0.0000001 -0.5000001 -0.8660254
vn 0.0000001 -0.5000001 -0.8660254
vn 0.0000001 -0.5000001 -0.8660254
vn 0.0000001 -0.5000001 -0.8660254
vn 0.0000001 -0.5000001 -0.8660254
vn 0.0000000 -1.0000000 0.0000000
vn 0.0000000 -1.0000000 0.0000000
vn 0.0000000 -1.0000000 0.0000000
vn 0.0000000 -1.0000000 0.0000000
vn 0.0000000 -1.0000000 0.0000000
vn 0.0000000 -1.0000000 0.0000000
vn -0.0000000 -0.5000001 0.8660254
vn -0.0000000 -0.5000001 0.8660254
vn -0.0000000 -0.5000001 0.8660254
vn -0.0000000 -0.5000001 0.8660254
vn -0.0000000 -0.5000001 0.8660254
vn -0.0000000 -0.5000001 0.8660254
vn 1.0000000 0.0000000 0.0000000
vn 1.0000000 0.0000000 0.0000000
vn 1.0000000 0.0000000 0.0000000
vn 1.0000000 0.0000000 0.0000000
vn 1.0000000 0.0000000 0.0000000
vn 1.0000000 0.0000000 0.0000000
vn 1.0000000 0.0000000 0.0000000
vn 1.0000000 0.0000000 0.0000000
vn 1.0000000 0.0000000 0.0000000
vn 1.0000000 0.0000000 0.0000000
vn 1.0000000 0.0000000 0.0000000
vn 1.0000000 0.0000000 0.0000000
vn -1.0000000 -0.0000000 -0.0000000
vn -1.0000000 -0.0000000 -0.0000000
vn -1.0000000 -0.0000000 -0.0000000
vn -1.0000000 -0.0000000 -0.0000000
vn -1.0000000 -0.0000000 -0.0000000
vn -1.0000000 -0.0000000 -0.0000000
vn -1.0000000 -0.0000000 -0.0000000
vn -1.0000000 -0.0000000 -0.0000000
vn -1.0000000 -0.0000000 -0.0000000
vn -1.0000000 -0.0000000 -0.0000000
vn -1.0000000 -0.0000000 -0.0000000
vn -1.0000000 -0.0000000 -0.0000000
vn -0.0000001 0.5000001 0.8660254
vn -0.0000001 0.5000001 0.8660254
vn -0.0000001 0.5000001 0.8660254
vn -0.0000001 0.5000001 0.8660254
vn -0.0000001 0.5000001 0.8660254
vn -0.0000001 0.5000001 0.8660254
vn 0.0000000 1.0000000 0.0000000
vn -0.0000000 1.0000000 -0.0000000
vn 0.0000000 1.0000000 0.0000000
vn 0.0000000 1.0000000 0.0000000
vn -0.0000000 1.0000000 -0.0000000
vn -0.0000000 1.0000000 -0.0000000
vn 0.0000000 1.0000000 0.0000000
vn -0.0000000 1.0000000 -0.0000000
vn 0.0000000 1.0000000 0.0000000
vn 0.0000000 -1.0000000 0.0000000
vn 0.0000000 -1.0000000 0.0000000
vn 0.0000000 -1.0000000 0.0000000
vn 0.0000000 -1.0000000 0.0000000
vn 0.0000000 -1.0000000 0.0000000
vn 0.0000000 -1.0000000 0.0000000
vn 0.0000000 -1.0000000 0.0000000
vn 0.0000000 -1.0000000 0.0000000
vn 0.0000000 -1.0000000 0.0000000
vn -0.0000000 -0.5000001 0.8660254
vn -0.0000000 -0.5000001 0.8660254
vn -0.0000000 -0.5000001 0.8660254
vn -0.0000000 -0.5000001 0.8660254
vn -0.0000000 -0.5000001 0.8660254
vn -0.0000000 -0.5000001 0.8660254
vn 1.0000000 0.0000000 0.0000000
vn 1.0000000 0.0000000 0.0000000
vn 1.0000000 0.0000000 0.0000000
vn 1.0000000 0.0000000 0.0000000
vn 1.0000000 0.0000000 0.0000000
vn 1.0000000 0.0000000 0.0000000
vn 1.0000000 0.0000000 0.0000000
vn 1.0000000 0.0000000 0.0000000
vn 1.0000000 0.0000000 0.0000000
vn 1.0000000 0.0000000 0.0000000
vn 1.0000000 0.0000000 0.0000000
vn 1.0000000 0.0000000 0.0000000
vn 1.0000000 0.0000000 0.0000000
vn 1.0000000 0.0000000 0.0000000
vn 1.0000000 0.0000000 0.0000000
vn 1.0000000 0.0000000 0.0000000
vn 1.0000000 0.0000000 0.0000000
vn 1.0000000 0.0000000 0.0000000
vn -1.0000000 0.0000000 0.0000000
vn -1.0000000 -0.0000000 -0.0000000
vn -1.0000000 0.0000000 0.0000000
vn -1.0000000 0.0000000 0.0000000
vn -1.0000000 -0.0000000 -0.0000000
vn -1.0000000 -0.0000000 -0.0000000
vn -1.0000000 0.0000000 0.0000000
vn -1.0000000 -0.0000000 -0.0000000
vn -1.0000000 0.0000000 0.0000000
vn -1.0000000 0.0000000 0.0000000
vn -1.0000000 -0.0000000 -0.0000000
vn -1.0000000 -0.0000000 -0.0000000
vn -1.0000000 0.0000000 0.0000000
vn -1.0000000 -0.0000000 -0.0000000
vn -1.0000000 0.0000000 0.0000000
vn -1.0000000 0.0000000 0.0000000
vn -1.0000000 -0.0000000 -0.0000000
vn -1.0000000 0.0000000 0.0000000
vn -0.0000001 0.5000001 0.8660254
vn -0.0000001 0.5000001 0.8660254
vn -0.0000001 0.5000001 0.8660254
vn -0.0000001 0.5000001 0.8660254
vn -0.0000001 0.5000001 0.8660254
vn -0.0000001 0.5000001 0.8660254
vn 0.0000000 1.0000000 0.0000000
vn -0.0000000 1.0000000 -0.0000000
vn 0.0000000 1.0000000 0.0000000
vn 0.0000000 1.0000000 0.0000000
vn -0.0000000 1.0000000 -0.0000000
vn -0.0000000 1.0000000 -0.0000000
vn 0.0000000 1.0000000 0.0000000
vn -0.0000000 1.0000000 -0.0000000
vn 0.0000000 1.0000000 0.0000000
vn 0.0000000 -1.0000000 0.0000000
vn 0.0000000 -1.0000000 0.0000000
vn 0.0000000 -1.0000000 0.0000000
vn 0.0000000 -1.0000000 0.0000000
vn 0.0000000 -1.0000000 0.0000000
vn 0.0000000 -1.0000000 0.0000000
vn 0.0000000 -1.0000000 0.0000000
vn 0.0000000 -1.0000000 0.0000000
vn 0.0000000 -1.0000000 0.0000000
vn -0.0000000 -0.5000001 0.8660254
vn -0.0000000 -0.5000001 0.8660254
vn -0.0000000 -0.5000001 0.8660254
vn -0.0000000 -0.5000001 0.8660254
vn -0.0000000 -0.5000001 0.8660254
vn -0.0000000 -0.5000001 0.8660254
vn 1.0000000 0.0000000 0.0000000
vn 1.0000000 0.0000000 0.0000000
vn 1.0000000 0.0000000 0.0000000
vn 1.0000000 0.0000000 0.0000000
vn 1.0000000 0.0000000 0.0000000
vn 1.0000000 0.0000000 0.0000000
vn 1.0000000 0.0000000 0.0000000
vn 1.0000000 0.0000000 0.0000000
vn 1.0000000 0.0000000 0.0000000
vn 1.0000000 0.0000000 0.0000000
vn 1.0000000 0.0000000 0.0000000
vn 1.0000000 0.0000000 0.0000000
vn 1.0000000 0.0000000 0.0000000
vn 1.0000000 0.0000000 0.0000000
vn 1.0000000 0.0000000 0.0000000
vn 1.0000000 0.0000000 0.0000000
vn 1.0000000 0.0000000 0.0000000
vn 1.0000000 0.0000000 0.0000000
vn -1.0000000 0.0000000 0.0000000
vn -1.0000000 -0.0000000 -0.0000000
vn -1.0000000 0.0000000 0.0000000
vn -1.0000000 0.0000000 0.0000000
vn -1.0000000 -0.0000000 -0.0000000
vn -1.0000000 -0.0000000 -0.0000000
vn -1.0000000 0.0000000 0.0000000
vn -1.0000000 -0.0000000 -0.0000000
vn -1.0000000 0.0000000 0.0000000
vn -1.0000000 0.0000000 0.0000000
vn -1.0000000 -0.0000000 -0.0000000
vn -1.0000000 -0.0000000 -0.0000000
vn -1.0000000 0.0000000 0.0000000
vn -1.0000000 -0.0000000 -0.0000000
vn -1.0000000 0.0000000 0.0000000
vn -1.0000000 0.0000000 0.0000000
vn -1.0000000 -0.0000000 -0.0000000
vn -1.0000000 0.0000000 0.0000000
vn -0.0000000 1.0000000 -0.0000000
vn -0.0000000 1.0000000 -0.0000000
vn 0.0000000 1.0000000 0.0000000
vn -0.0000000 1.0000000 -0.0000000
vn 0.0000000 1.0000000 0.0000000
vn 0.0000000 1.0000000 0.0000000
vn -0.0000000 1.0000000 -0.0000000
vn 0.0000000 1.0000000 0.0000000
vn 0.0000000 1.0000000 0.0000000
vn 0.0000000 0.5000001 -0.8660254
vn 0.0000000 0.5000001 -0.8660254
vn 0.0000000 0.5000001 -0.8660254
vn 0.0000000 0.5000001 -0.8660254
vn 0.0000000 0.5000001 -0.8660254
vn 0.0000000 0.5000001 -0.8660254
vn 0.0000001 -0.5000001 -0.8660254
vn 0.0000001 -0.5000001 -0.8660254
vn 0.0000001 -0.5000001 -0.8660254
vn 0.0000001 -0.5000001 -0.8660254
vn 0.0000001 -0.5000001 -0.8660254
vn 0.0000001 -0.5000001 -0.8660254
vn 0.0000000 -1.0000000 0.0000000
vn 0.0000000 -1.0000000 0.0000000
vn 0.0000000 -1.0000000 0.0000000
vn 0.0000000 -1.0000000 0.0000000
vn 0.0000000 -1.0000000 0.0000000
vn 0.0000000 -1.0000000 0.0000000
vn 0.0000000 -1.0000000 0.0000000
vn 0.0000000 -1.0000000 0.0000000
vn 0.0000000 -1.0000000 0.0000000
vn 1.0000000 0.0000000 0.0000000
vn 1.0000000 0.0000000 0.0000000
vn 1.0000000 0.0000000 0.0000000
vn 1.0000000 0.0000000 0.0000000
vn 1.0000000 0.0000000 0.0000000
vn 1.0000000 0.0000000 0.0000000
vn 1.0000000 0.0000000 0.0000000
vn 1.0000000 0.0000000 0.0000000
vn 1.0000000 0.0000000 0.0000000
vn 1.0000000 0.0000000 0.0000000
vn 1.0000000 0.0000000 0.0000000
vn 1.0000000 0.0000000 0.0000000
vn 1.0000000 0.0000000 0.0000000
vn 1.0000000 0.0000000 0.0000000
vn 1.0000000 0.0000000 0.0000000
vn 1.0000000 0.0000000 0.0000000
vn 1.0000000 0.0000000 0.0000000
vn 1.0000000 0.0000000 0.0000000
vn -1.0000000 -0.0000000 -0.0000000
vn -1.0000000 -0.0000000 -0.0000000
vn -1.0000000 0.0000000 0.0000000
vn -1.0000000 -0.0000000 -0.0000000
vn -1.0000000 0.0000000 0.0000000
vn -1.0000000 0.0000000 0.0000000
vn -1.0000000 -0.0000000 -0.0000000
vn -1.0000000 0.0000000 0.0000000
vn -1.0000000 0.0000000 0.0000000
vn -1.0000000 -0.0000000 -0.0000000
vn -1.0000000 0.0000000 0.0000000
vn -1.0000000 0.0000000 0.0000000
vn -1.0000000 -0.0000000 -0.0000000
vn -1.0000000 0.0000000 0.0000000
vn -1.0000000 0.0000000 0.0000000
vn -1.0000000 -0.0000000 -0.0000000
vn -1.0000000 0.0000000 0.0000000
vn -1.0000000 -0.0000000 -0.0000000
vn -0.5773545 -0.5773521 0.5773442
vn -0.5773545 -0.5773521 0.5773442
vn -0.5773545 -0.5773521 0.5773442
vn -0.5773545 -0.5773521 -0.5773442
vn -0.5773545 -0.5773521 -0.5773442
vn -0.5773545 -0.5773521 -0.5773442
vn 0.0000000 -0.7071068 0.7071068
vn 0.0000000 -0.7071068 0.7071068
vn 0.0000000 -0.7071068 0.7071068
vn 0.0000000 -0.7071068 0.7071068
vn 0.0000000 -0.7071068 0.7071068
vn 0.0000000 -0.7071068 0.7071068
vn 0.0000000 -0.7071068 0.7071068
vn 0.0000000 -0.7071068 0.7071068
vn 0.0000000 -0.7071068 0.7071068
vn -0.7071077 -0.7071059 0.0000000
vn -0.7071077 -0.7071059 0.0000000
vn -0.7071077 -0.7071059 0.0000000
vn -0.7071077 -0.7071059 0.0000000
vn -0.7071077 -0.7071059 0.0000000
vn -0.7071077 -0.7071059 0.0000000
vn 0.0000000 -0.7071068 -0.7071068
vn 0.0000000 -0.7071068 -0.7071068
vn 0.0000000 -0.7071068 -0.7071068
vn 0.0000000 -0.7071068 -0.7071068
vn 0.0000000 -0.7071068 -0.7071068
vn 0.0000000 -0.7071068 -0.7071068
vn 0.0000000 -0.7071068 -0.7071068
vn 0.0000000 -0.7071068 -0.7071068
vn 0.0000000 -0.7071068 -0.7071068
vn -0.7071089 0.0000000 0.7071047
vn -0.7071089 0.0000000 0.7071047
vn -0.7071089 0.0000000 0.7071047
vn -0.7071089 0.0000000 0.7071047
vn -0.7071089 0.0000000 0.7071047
vn -0.7071089 0.0000000 0.7071047
vn -0.7071089 0.0000000 0.7071047
vn -0.7071089 0.0000000 0.7071047
vn -0.7071089 0.0000000 0.7071047
vn -0.7071089 0.0000000 -0.7071047
vn -0.7071089 0.0000000 -0.7071047
vn -0.7071089 0.0000000 -0.7071047
vn -0.7071089 0.0000000 -0.7071047
vn -0.7071089 0.0000000 -0.7071047
vn -0.7071089 0.0000000 -0.7071047
vn -0.7071089 0.0000000 -0.7071047
vn -0.7071089 0.0000000 -0.7071047
vn -0.7071089 0.0000000 -0.7071047
vn 0.0000000 0.0000000 1.0000000
vn 0.0000000 0.0000000 1.0000000
vn 0.0000000 0.0000000 1.0000000
vn 0.0000000 0.0000000 1.0000000
vn 0.0000000 0.0000000 1.0000000
vn 0.0000000 0.0000000 1.0000000
vn 0.0000000 0.0000000 1.0000000
vn 0.0000000 0.0000000 1.0000000
vn 0.0000000 0.0000000 1.0000000
vn 0.0000000 -1.0000000 0.0000000
vn 0.0000000 -1.0000000 0.0000000
vn 0.0000000 -1.0000000 0.0000000
vn 0.0000000 -1.0000000 0.0000000
vn 0.0000000 -1.0000000 0.0000000
vn 0.0000000 -1.0000000 0.0000000
vn 0.0000000 -1.0000000 0.0000000
vn 0.0000000 -1.0000000 0.0000000
vn 0.0000000 -1.0000000 0.0000000
vn -1.0000000 0.0000000 0.0000000
vn -1.0000000 0.0000000 0.0000000
vn -1.0000000 0.0000000 0.0000000
vn -1.0000000 0.0000000 0.0000000
vn -1.0000000 0.0000000 0.0000000
vn -1.0000000 0.0000000 0.0000000
vn -1.0000000 0.0000000 0.0000000
vn -1.0000000 0.0000000 0.0000000
vn -1.0000000 0.0000000 0.0000000
vn 0.0000000 0.0000000 -1.0000000
vn 0.0000000 0.0000000 -1.0000000
vn 0.0000000 0.0000000 -1.0000000
vn 0.0000000 0.0000000 -1.0000000
vn 0.0000000 0.0000000 -1.0000000
vn 0.0000000 0.0000000 -1.0000000
vn 0.0000000 0.0000000 -1.0000000
vn 0.0000000 0.0000000 -1.0000000
vn 0.0000000 0.0000000 -1.0000000
vn -0.5773545 -0.3706853 0.7274985
vn -0.5773545 -0.3706853 0.7274985
vn -0.5773545 -0.3706853 0.7274985
vn -0.5773545 -0.7275037 -0.3706753
vn -0.5773545 -0.7275037 -0.3706753
vn -0.5773545 -0.7275037 -0.3706753
vn 0.0000000 -0.4539905 0.8910065
vn 0.0000000 -0.4539905 0.8910065
vn 0.0000000 -0.4539905 0.8910065
vn 0.0000000 -0.4539905 0.8910065
vn 0.0000000 -0.4539905 0.8910065
vn 0.0000000 -0.4539905 0.8910065
vn 0.0000000 -0.4539905 0.8910065
vn 0.0000000 -0.4539905 0.8910065
vn 0.0000000 -0.4539905 0.8910065
vn -0.7071077 -0.6724977 0.2185077
vn -0.7071077 -0.6724977 0.2185077
vn -0.7071077 -0.6724977 0.2185077
vn -0.7071077 -0.6724977 0.2185077
vn -0.7071077 -0.6724977 0.2185077
vn -0.7071077 -0.6724977 0.2185077
vn 0.0000000 -0.8910065 -0.4539905
vn 0.0000000 -0.8910065 -0.4539905
vn 0.0000000 -0.8910065 -0.4539905
vn 0.0000000 -0.8910065 -0.4539905
vn 0.0000000 -0.8910065 -0.4539905
vn 0.0000000 -0.8910065 -0.4539905
vn 0.0000000 -0.8910065 -0.4539905
vn 0.0000000 -0.8910065 -0.4539905
vn 0.0000000 -0.8910065 -0.4539905
vn -0.7071088 0.2185074 0.6724965
vn -0.7071088 0.2185074 0.6724965
vn -0.7071088 0.2185074 0.6724965
vn -0.7071088 0.2185074 0.6724965
vn -0.7071088 0.2185074 0.6724965
vn -0.7071088 0.2185074 0.6724965
vn -0.7071088 0.2185074 0.6724965
vn -0.7071088 0.2185074 0.6724965
vn -0.7071088 0.2185074 0.6724965
vn -0.7071088 -0.2185074 -0.6724965
vn -0.7071088 -0.2185074 -0.6724965
vn -0.7071088 -0.2185074 -0.6724965
vn -0.7071088 -0.2185074 -0.6724965
vn -0.7071088 -0.2185074 -0.6724965
vn -0.7071088 -0.2185074 -0.6724965
vn -0.7071088 -0.2185074 -0.6724965
vn -0.7071088 -0.2185074 -0.6724965
vn -0.7071088 -0.2185074 -0.6724965
vn 0.0000000 0.3090170 0.9510565
vn 0.0000000 0.3090170 0.9510565
vn 0.0000000 0.3090170 0.9510565
vn 0.0000000 0.3090170 0.9510565
vn 0.0000000 0.3090170 0.9510565
vn 0.0000000 0.3090170 0.9510565
vn 0.0000000 0.3090170 0.9510565
vn 0.0000000 0.3090170 0.9510565
vn 0.0000000 0.3090170 0.9510565
vn 0.0000000 -0.9510565 0.3090170
vn 0.0000000 -0.9510565 0.3090170
vn 0.0000000 -0.9510565 0.3090170
vn 0.0000000 -0.9510565 0.3090170
vn 0.0000000 -0.9510565 0.3090170
vn 0.0000000 -0.9510565 0.3090170
vn 0.0000000 -0.9510565 0.3090170
vn 0.0000000 -0.9510565 0.3090170
vn 0.0000000 -0.9510565 0.3090170
vn -1.0000000 0.0000000 0.0000000
vn -1.0000000 0.0000000 0.0000000
vn -1.0000000 0.0000000 0.0000000
vn -1.0000000 0.0000000 0.0000000
vn -1.0000000 0.0000000 0.0000000
vn -1.0000000 0.0000000 0.0000000
vn -1.0000000 0.0000000 0.0000000
vn -1.0000000 0.0000000 0.0000000
vn -1.0000000 0.0000000 0.0000000
vn 0.0000000 -0.3090170 -0.9510565
vn 0.0000000 -0.3090170 -0.9510565
vn 0.0000000 -0.3090170 -0.9510565
vn 0.0000000 -0.3090170 -0.9510565
vn 0.0000000 -0.3090170 -0.9510565
vn 0.0000000 -0.3090170 -0.9510565
vn 0.0000000 -0.3090170 -0.9510565
vn 0.0000000 -0.3090170 -0.9510565
vn 0.0000000 -0.3090170 -0.9510565
vn -0.5773545 -0.1277333 0.8064403
vn -0.5773545 -0.1277333 0.8064403
vn -0.5773545 -0.1277333 0.8064403
vn -0.5773546 -0.8064420 -0.1277222
vn -0.5773546 -0.8064420 -0.1277222
vn -0.5773546 -0.8064420 -0.1277222
vn -0.5773546 0.8064420 0.1277222
vn -0.5773546 0.8064420 0.1277222
vn -0.5773546 0.8064420 0.1277222
vn -0.5773545 0.1277333 -0.8064403
vn -0.5773545 0.1277333 -0.8064403
vn -0.5773545 0.1277333 -0.8064403
vn 0.0000000 -0.1564345 0.9876883
vn 0.0000000 -0.1564345 0.9876883
vn 0.0000000 -0.1564345 0.9876883
vn 0.0000000 -0.1564345 0.9876883
vn 0.0000000 -0.1564345 0.9876883
vn 0.0000000 -0.1564345 0.9876883
vn 0.0000000 -0.1564345 0.9876883
vn 0.0000000 -0.1564345 0.9876883
vn 0.0000000 -0.1564345 0.9876883
vn -0.7071077 -0.5720607 0.4156264
vn -0.7071077 -0.5720607 0.4156264
vn -0.7071077 -0.5720607 0.4156264
vn -0.7071077 -0.5720607 0.4156264
vn -0.7071077 -0.5720607 0.4156264
vn -0.7071077 -0.5720607 0.4156264
vn 0.0000000 -0.9876883 -0.1564345
vn 0.0000000 -0.9876883 -0.1564345
vn 0.0000000 -0.9876883 -0.1564345
vn 0.0000000 -0.9876883 -0.1564345
vn 0.0000000 -0.9876883 -0.1564345
vn 0.0000000 -0.9876883 -0.1564345
vn 0.0000000 -0.9876883 -0.1564345
vn 0.0000000 -0.9876883 -0.1564345
vn 0.0000000 -0.9876883 -0.1564345
vn -0.7071077 0.5720607 -0.4156264
vn -0.7071077 0.5720607 -0.4156264
vn -0.7071077 0.5720607 -0.4156264
vn -0.7071077 0.5720607 -0.4156264
vn -0.7071077 0.5720607 -0.4156264
vn -0.7071077 0.5720607 -0.4156264
vn 0.0000000 0.9876883 0.1564345
vn 0.0000000 0.9876883 0.1564345
vn 0.0000000 0.9876883 0.1564345
vn 0.0000000 0.9876883 0.1564345
vn 0.0000000 0.9876883 0.1564345
vn 0.0000000 0.9876883 0.1564345
vn 0.0000000 0.9876883 0.1564345
vn 0.0000000 0.9876883 0.1564345
vn 0.0000000 0.9876883 0.1564345
vn 0.0000000 0.1564345 -0.9876883
vn 0.0000000 0.1564345 -0.9876883
vn 0.0000000 0.1564345 -0.9876883
vn 0.0000000 0.1564345 -0.9876883
vn 0.0000000 0.1564345 -0.9876883
vn 0.0000000 0.1564345 -0.9876883
vn 0.0000000 0.1564345 -0.9876883
vn 0.0000000 0.1564345 -0.9876883
vn 0.0000000 0.1564345 -0.9876883
vn -0.7071089 0.4156257 0.5720597
vn -0.7071089 0.4156257 0.5720597
vn -0.7071089 0.4156257 0.5720597
vn -0.7071089 0.4156257 0.5720597
vn -0.7071089 0.4156257 0.5720597
vn -0.7071089 0.4156257 0.5720597
vn -0.7071089 -0.4156257 -0.5720597
vn -0.7071089 -0.4156257 -0.5720597
vn -0.7071089 -0.4156257 -0.5720597
vn -0.7071089 -0.4156257 -0.5720597
vn -0.7071089 -0.4156257 -0.5720597
vn -0.7071089 -0.4156257 -0.5720597
vn 0.0000000 0.5877852 0.8090171
vn 0.0000000 0.5877852 0.8090171
vn 0.0000000 0.5877852 0.8090171
vn 0.0000000 0.5877852 0.8090171
vn 0.0000000 0.5877852 0.8090171
vn 0.0000000 0.5877852 0.8090171
vn 0.0000000 0.5877852 0.8090171
vn 0.0000000 0.5877852 0.8090171
vn 0.0000000 0.5877852 0.8090171
vn 0.0000000 -0.8090170 0.5877852
vn 0.0000000 -0.8090170 0.5877852
vn 0.0000000 -0.8090170 0.5877852
vn 0.0000000 -0.8090170 0.5877852
vn 0.0000000 -0.8090170 0.5877852
vn 0.0000000 -0.8090170 0.5877852
vn 0.0000000 -0.8090170 0.5877852
vn 0.0000000 -0.8090170 0.5877852
vn 0.0000000 -0.8090170 0.5877852
vn -1.0000000 0.0000000 0.0000000
vn -1.0000000 0.0000000 0.0000000
vn -1.0000000 0.0000000 0.0000000
vn -1.0000000 0.0000000 0.0000000
vn -1.0000000 0.0000000 0.0000000
vn -1.0000000 0.0000000 0.0000000
vn 0.0000000 -0.5877852 -0.8090171
vn 0.0000000 -0.5877852 -0.8090171
vn 0.0000000 -0.5877852 -0.8090171
vn 0.0000000 -0.5877852 -0.8090171
vn 0.0000000 -0.5877852 -0.8090171
vn 0.0000000 -0.5877852 -0.8090171
vn 0.0000000 -0.5877852 -0.8090171
vn 0.0000000 -0.5877852 -0.8090171
vn 0.0000000 -0.5877852 -0.8090171
vn 0.0000000 0.8090170 -0.5877852
vn 0.0000000 0.8090170 -0.5877852
vn 0.0000000 0.8090170 -0.5877852
vn 0.0000000 0.8090170 -0.5877852
vn 0.0000000 0.8090170 -0.5877852
vn 0.0000000 0.8090170 -0.5877852
vn 0.0000000 0.8090170 -0.5877852
vn 0.0000000 0.8090170 -0.5877852
vn 0.0000000 0.8090170 -0.5877852
vn -0.5773546 -0.8064420 0.1277222
vn -0.5773546 -0.8064420 0.1277222
vn -0.5773546 -0.8064420 0.1277222
vn -0.5773545 -0.1277332 -0.8064403
vn -0.5773545 -0.1277332 -0.8064403
vn -0.5773545 -0.1277332 -0.8064403
vn -0.5773545 0.1277332 0.8064403
vn -0.5773545 0.1277332 0.8064403
vn -0.5773545 0.1277332 0.8064403
vn -0.5773546 0.8064420 -0.1277222
vn -0.5773546 0.8064420 -0.1277222
vn -0.5773546 0.8064420 -0.1277222
vn 0.0000000 -0.9876884 0.1564343
vn 0.0000000 -0.9876884 0.1564343
vn 0.0000000 -0.9876884 0.1564343
vn 0.0000000 -0.9876884 0.1564343
vn 0.0000000 -0.9876884 0.1564343
vn 0.0000000 -0.9876884 0.1564343
vn 0.0000000 -0.9876884 0.1564343
vn 0.0000000 -0.9876884 0.1564343
vn 0.0000000 -0.9876884 0.1564343
vn -0.7071077 -0.5720606 -0.4156264
vn -0.7071077 -0.5720606 -0.4156264
vn -0.7071077 -0.5720606 -0.4156264
vn -0.7071077 -0.5720606 -0.4156264
vn -0.7071077 -0.5720606 -0.4156264
vn -0.7071077 -0.5720606 -0.4156264
vn 0.0000000 -0.1564344 -0.9876884
vn 0.0000000 -0.1564344 -0.9876884
vn 0.0000000 -0.1564344 -0.9876884
vn 0.0000000 -0.1564344 -0.9876884
vn 0.0000000 -0.1564344 -0.9876884
vn 0.0000000 -0.1564344 -0.9876884
vn 0.0000000 -0.1564344 -0.9876884
vn 0.0000000 -0.1564344 -0.9876884
vn 0.0000000 -0.1564344 -0.9876884
vn -0.7071077 0.5720606 0.4156264
vn -0.7071077 0.5720606 0.4156264
vn -0.7071077 0.5720606 0.4156264
vn -0.7071077 0.5720606 0.4156264
vn -0.7071077 0.5720606 0.4156264
vn -0.7071077 0.5720606 0.4156264
vn 0.0000000 0.1564344 0.9876884
vn 0.0000000 0.1564344 0.9876884
vn 0.0000000 0.1564344 0.9876884
vn 0.0000000 0.1564344 0.9876884
vn 0.0000000 0.1564344 0.9876884
vn 0.0000000 0.1564344 0.9876884
vn 0.0000000 0.1564344 0.9876884
vn 0.0000000 0.1564344 0.9876884
vn 0.0000000 0.1564344 0.9876884
vn 0.0000000 0.9876884 -0.1564343
vn 0.0000000 0.9876884 -0.1564343
vn 0.0000000 0.9876884 -0.1564343
vn 0.0000000 0.9876884 -0.1564343
vn 0.0000000 0.9876884 -0.1564343
vn 0.0000000 0.9876884 -0.1564343
vn 0.0000000 0.9876884 -0.1564343
vn 0.0000000 0.9876884 -0.1564343
vn 0.0000000 0.9876884 -0.1564343
vn -0.7071089 -0.4156258 0.5720597
vn -0.7071089 -0.4156258 0.5720597
vn -0.7071089 -0.4156258 0.5720597
vn -0.7071089 -0.4156258 0.5720597
vn -0.7071089 -0.4156258 0.5720597
vn -0.7071089 -0.4156258 0.5720597
vn -0.7071089 0.4156258 -0.5720597
vn -0.7071089 0.4156258 -0.5720597
vn -0.7071089 0.4156258 -0.5720597
vn -0.7071089 0.4156258 -0.5720597
vn -0.7071089 0.4156258 -0.5720597
vn -0.7071089 0.4156258 -0.5720597
vn 0.0000000 -0.5877853 0.8090170
vn 0.0000000 -0.5877853 0.8090170
vn 0.0000000 -0.5877853 0.8090170
vn 0.0000000 -0.5877853 0.8090170
vn 0.0000000 -0.5877853 0.8090170
vn 0.0000000 -0.5877853 0.8090170
vn 0.0000000 -0.5877853 0.8090170
vn 0.0000000 -0.5877853 0.8090170
vn 0.0000000 -0.5877853 0.8090170
vn 0.0000000 -0.8090169 -0.5877853
vn 0.0000000 -0.8090169 -0.5877853
vn 0.0000000 -0.8090169 -0.5877853
vn 0.0000000 -0.8090169 -0.5877853
vn 0.0000000 -0.8090169 -0.5877853
vn 0.0000000 -0.8090169 -0.5877853
vn 0.0000000 -0.8090169 -0.5877853
vn 0.0000000 -0.8090169 -0.5877853
vn 0.0000000 -0.8090169 -0.5877853
vn -1.0000000 0.0000000 0.0000000
vn -1.0000000 0.0000000 0.0000000
vn -1.0000000 0.0000000 0.0000000
vn -1.0000000 0.0000000 0.0000000
vn -1.0000000 0.0000000 0.0000000
vn -1.0000000 0.0000000 0.0000000
vn 0.0000000 0.5877853 -0.8090170
vn 0.0000000 0.5877853 -0.8090170
vn 0.0000000 0.5877853 -0.8090170
vn 0.0000000 0.5877853 -0.8090170
vn 0.0000000 0.5877853 -0.8090170
vn 0.0000000 0.5877853 -0.8090170
vn 0.0000000 0.5877853 -0.8090170
vn 0.0000000 0.5877853 -0.8090170
vn 0.0000000 0.5877853 -0.8090170
vn 0.0000000 0.8090169 0.5877853
vn 0.0000000 0.8090169 0.5877853
vn 0.0000000 0.8090169 0.5877853
vn 0.0000000 0.8090169 0.5877853
vn 0.0000000 0.8090169 0.5877853
vn 0.0000000 0.8090169 0.5877853
vn 0.0000000 0.8090169 0.5877853
vn 0.0000000 0.8090169 0.5877853
vn 0.0000000 0.8090169 0.5877853
vn -0.5773545 -0.7275037 0.3706753
vn -0.5773545 -0.7275037 0.3706753
vn -0.5773545 -0.7275037 0.3706753
vn -0.5773545 -0.3706854 -0.7274985
vn -0.5773545 -0.3706854 -0.7274985
vn -0.5773545 -0.3706854 -0.7274985
vn 0.0000000 -0.8910065 0.4539905
vn 0.0000000 -0.8910065 0.4539905
vn 0.0000000 -0.8910065 0.4539905
vn 0.0000000 -0.8910065 0.4539905
vn 0.0000000 -0.8910065 0.4539905
vn 0.0000000 -0.8910065 0.4539905
vn 0.0000000 -0.8910065 0.4539905
vn 0.0000000 -0.8910065 0.4539905
vn 0.0000000 -0.8910065 0.4539905
vn -0.7071077 -0.6724977 -0.2185077
vn -0.7071077 -0.6724977 -0.2185077
vn -0.7071077 -0.6724977 -0.2185077
vn -0.7071077 -0.6724977 -0.2185077
vn -0.7071077 -0.6724977 -0.2185077
vn -0.7071077 -0.6724977 -0.2185077
vn 0.0000000 -0.4539906 -0.8910065
vn 0.0000000 -0.4539906 -0.8910065
vn 0.0000000 -0.4539906 -0.8910065
vn 0.0000000 -0.4539906 -0.8910065
vn 0.0000000 -0.4539906 -0.8910065
vn 0.0000000 -0.4539906 -0.8910065
vn 0.0000000 -0.4539906 -0.8910065
vn 0.0000000 -0.4539906 -0.8910065
vn 0.0000000 -0.4539906 -0.8910065
vn -0.7071089 -0.2185073 0.6724966
vn -0.7071089 -0.2185073 0.6724966
vn -0.7071089 -0.2185073 0.6724966
vn -0.7071089 -0.2185073 0.6724966
vn -0.7071089 -0.2185073 0.6724966
vn -0.7071089 -0.2185073 0.6724966
vn -0.7071089 -0.2185073 0.6724966
vn -0.7071089 -0.2185073 0.6724966
vn -0.7071089 -0.2185073 0.6724966
vn -0.7071089 0.2185073 -0.6724966
vn -0.7071089 0.2185073 -0.6724966
vn -0.7071089 0.2185073 -0.6724966
vn -0.7071089 0.2185073 -0.6724966
vn -0.7071089 0.2185073 -0.6724966
vn -0.7071089 0.2185073 -0.6724966
vn -0.7071089 0.2185073 -0.6724966
vn -0.7071089 0.2185073 -0.6724966
vn -0.7071089 0.2185073 -0.6724966
vn 0.0000000 -0.3090169 0.9510566
vn 0.0000000 -0.3090169 0.9510566
vn 0.0000000 -0.3090169 0.9510566
vn 0.0000000 -0.3090169 0.9510566
vn 0.0000000 -0.3090169 0.9510566
vn 0.0000000 -0.3090169 0.9510566
vn 0.0000000 -0.3090169 0.9510566
vn 0.0000000 -0.3090169 0.9510566
vn 0.0000000 -0.3090169 0.9510566
vn 0.0000000 -0.9510565 -0.3090169
vn 0.0000000 -0.9510565 -0.3090169
vn 0.0000000 -0.9510565 -0.3090169
vn 0.0000000 -0.9510565 -0.3090169
vn 0.0000000 -0.9510565 -0.3090169
vn 0.0000000 -0.9510565 -0.3090169
vn 0.0000000 -0.9510565 -0.3090169
vn 0.0000000 -0.9510565 -0.3090169
vn 0.0000000 -0.9510565 -0.3090169
vn -1.0000000 0.0000000 0.0000000
vn -1.0000000 0.0000000 0.0000000
vn -1.0000000 0.0000000 0.0000000
vn -1.0000000 0.0000000 0.0000000
vn -1.0000000 0.0000000 0.0000000
vn -1.0000000 0.0000000 0.0000000
vn -1.0000000 0.0000000 0.0000000
vn -1.0000000 0.0000000 0.0000000
vn -1.0000000 0.0000000 0.0000000
vn 0.0000000 0.3090169 -0.9510566
vn 0.0000000 0.3090169 -0.9510566
vn 0.0000000 0.3090169 -0.9510566
vn 0.0000000 0.3090169 -0.9510566
vn 0.0000000 0.3090169 -0.9510566
vn 0.0000000 0.3090169 -0.9510566
vn 0.0000000 0.3090169 -0.9510566
vn 0.0000000 0.3090169 -0.9510566
vn 0.0000000 0.3090169 -0.9510566
vn -0.0000001 -1.0000000 0.0000000
vn -0.0000001 -1.0000000 0.0000000
vn 0.2116865 -0.9773376 0.0000000
vn -0.0000001 -1.0000000 0.0000000
vn 0.2116865 -0.9773376 0.0000000
vn 0.2116865 -0.9773376 0.0000000
vn -0.0000001 -1.0000000 0.0000000
vn 0.2116865 -0.9773376 0.0000000
vn 0.2116865 -0.9773376 0.0000000
vn -0.2116864 -0.9773376 0.0000000
vn -0.0000001 -1.0000000 0.0000000
vn -0.2116864 -0.9773376 0.0000000
vn -0.2116864 -0.9773376 0.0000000
vn -0.0000001 -1.0000000 0.0000000
vn -0.0000001 -1.0000000 0.0000000
vn -0.2116864 -0.9773376 0.0000000
vn -0.0000001 -1.0000000 0.0000000
vn -0.2116864 -0.9773376 0.0000000
vn 0.0000000 0.0000000 -1.0000000
vn 0.0000000 0.0000000 -1.0000000
vn 0.0000000 0.0000000 -1.0000000
vn 0.0000000 0.0000000 -1.0000000
vn 0.0000000 0.0000000 -1.0000000
vn 0.0000000 0.0000000 -1.0000000
vn 0.0000000 0.0000000 -1.0000000
vn 0.0000000 0.0000000 -1.0000000
vn 0.0000000 0.0000000 -1.0000000
vn 0.0000000 -0.0000000 1.0000000
vn 0.0000000 0.0000000 1.0000000
vn 0.0000000 0.0000000 1.0000000
vn 0.0000000 -0.0000000 1.0000000
vn 0.0000000 0.0000000 1.0000000
vn 0.0000000 0.0000000 1.0000000
vn 0.0000000 0.0000000 1.0000000
vn 0.0000000 -0.0000000 1.0000000
vn 0.0000000 0.0000000 1.0000000
vn 0.0000000 0.2588197 -0.9659257
vn 0.0000000 0.2588197 -0.9659257
vn 0.0000000 0.0000003 -1.0000000
vn 0.0000000 0.2588197 -0.9659257
vn 0.0000000 0.0000003 -1.0000000
vn 0.0000000 0.0000003 -1.0000000
vn 0.0000000 0.4999997 -0.8660256
vn 0.0000000 0.4999997 -0.8660256
vn 0.0000000 0.2588197 -0.9659257
vn 0.0000000 0.4999997 -0.8660256
vn 0.0000000 0.2588197 -0.9659257
vn 0.0000000 0.2588197 -0.9659257
vn 0.0000000 0.7071073 -0.7071063
vn 0.0000000 0.7071073 -0.7071063
vn 0.0000000 0.4999997 -0.8660256
vn 0.0000000 0.7071073 -0.7071063
vn 0.0000000 0.4999997 -0.8660256
vn 0.0000000 0.4999997 -0.8660256
vn 0.0000000 0.8660253 -0.5000002
vn 0.0000000 0.8660253 -0.5000002
vn 0.0000000 0.7071073 -0.7071063
vn 0.0000000 0.8660253 -0.5000002
vn 0.0000000 0.7071073 -0.7071063
vn 0.0000000 0.7071073 -0.7071063
vn 0.0000000 0.9659255 -0.2588204
vn 0.0000000 0.9659255 -0.2588204
vn 0.0000000 0.8660253 -0.5000002
vn 0.0000000 0.9659255 -0.2588204
vn 0.0000000 0.8660253 -0.5000002
vn 0.0000000 0.8660253 -0.5000002
vn 0.0000000 1.0000000 0.0000000
vn 0.0000000 1.0000000 0.0000000
vn 0.0000000 0.9659255 -0.2588204
vn 0.0000000 1.0000000 0.0000000
vn 0.0000000 0.9659255 -0.2588204
vn 0.0000000 0.9659255 -0.2588204
vn 0.0000000 0.9659255 0.2588204
vn 0.0000000 0.9659255 0.2588204
vn 0.0000000 1.0000000 0.0000000
vn 0.0000000 0.9659255 0.2588204
vn 0.0000000 1.0000000 0.0000000
vn 0.0000000 1.0000000 0.0000000
vn 0.0000000 0.8660253 0.5000002
vn 0.0000000 0.8660253 0.5000002
vn 0.0000000 0.9659255 0.2588204
vn 0.0000000 0.8660253 0.5000002
vn 0.0000000 0.9659255 0.2588204
vn 0.0000000 0.9659255 0.2588204
vn 0.0000000 0.7071073 0.7071063
vn 0.0000000 0.7071073 0.7071063
vn 0.0000000 0.8660253 0.5000002
vn 0.0000000 0.7071073 0.7071063
vn 0.0000000 0.8660253 0.5000002
vn 0.0000000 0.8660253 0.5000002
vn 0.0000000 0.4999997 0.8660256
vn 0.0000000 0.4999997 0.8660256
vn 0.0000000 0.7071073 0.7071063
vn 0.0000000 0.4999997 0.8660256
vn 0.0000000 0.7071073 0.7071063
vn 0.0000000 0.7071073 0.7071063
vn 0.0000000 0.2588197 0.9659257
vn 0.0000000 0.2588197 0.9659257
vn 0.0000000 0.4999997 0.8660256
vn 0.0000000 0.2588197 0.9659257
vn 0.0000000 0.4999997 0.8660256
vn 0.0000000 0.4999997 0.8660256
vn 0.0000000 0.0000003 1.0000000
vn 0.0000000 0.0000003 1.0000000
vn 0.0000000 0.2588197 0.9659257
vn 0.0000000 0.0000003 1.0000000
vn 0.0000000 0.2588197 0.9659257
vn 0.0000000 0.2588197 0.9659257
vn 0.0000000 0.0000003 1.0000000
vn 0.0000000 -0.2588194 0.9659257
vn 0.0000000 -0.2588194 0.9659257
vn 0.0000000 0.0000003 1.0000000
vn 0.0000000 -0.2588194 0.9659257
vn 0.0000000 0.0000003 1.0000000
vn 0.0000000 -0.2588194 0.9659257
vn 0.0000000 -0.5000009 0.8660249
vn 0.0000000 -0.5000009 0.8660249
vn 0.0000000 -0.2588194 0.9659257
vn 0.0000000 -0.5000009 0.8660249
vn 0.0000000 -0.2588194 0.9659257
vn 0.0000000 -0.5000009 0.8660249
vn 0.0000000 -0.7071070 0.7071065
vn 0.0000000 -0.7071070 0.7071065
vn 0.0000000 -0.5000009 0.8660249
vn 0.0000000 -0.7071070 0.7071065
vn 0.0000000 -0.5000009 0.8660249
vn 0.0000000 -0.7071070 0.7071065
vn 0.0000000 -0.8660245 0.5000015
vn 0.0000000 -0.8660245 0.5000015
vn 0.0000000 -0.7071070 0.7071065
vn 0.0000000 -0.8660245 0.5000015
vn 0.0000000 -0.7071070 0.7071065
vn 0.0000000 -0.8660245 0.5000015
vn 0.0000000 -0.9659255 0.2588204
vn 0.0000000 -0.9659255 0.2588204
vn 0.0000000 -0.8660245 0.5000015
vn 0.0000000 -0.9659255 0.2588204
vn 0.0000000 -0.8660245 0.5000015
vn 0.0000000 -0.9659255 0.2588204
vn 0.0000000 -1.0000000 0.0000000
vn 0.0000000 -1.0000000 0.0000000
vn 0.0000000 -0.9659255 0.2588204
vn 0.0000000 -1.0000000 0.0000000
vn 0.0000000 -0.9659255 0.2588204
vn 0.0000000 -1.0000000 0.0000000
vn 0.0000000 -0.9659255 -0.2588204
vn 0.0000000 -0.9659255 -0.2588204
vn 0.0000000 -1.0000000 0.0000000
vn 0.0000000 -0.9659255 -0.2588204
vn 0.0000000 -1.0000000 0.0000000
vn 0.0000000 -0.9659255 -0.2588204
vn 0.0000000 -0.8660245 -0.5000015
vn 0.0000000 -0.8660245 -0.5000015
vn 0.0000000 -0.9659255 -0.2588204
vn 0.0000000 -0.8660245 -0.5000015
vn 0.0000000 -0.9659255 -0.2588204
vn 0.0000000 -0.8660245 -0.5000015
vn 0.0000000 -0.7071070 -0.7071065
vn 0.0000000 -0.7071070 -0.7071065
vn 0.0000000 -0.8660245 -0.5000015
vn 0.0000000 -0.7071070 -0.7071065
vn 0.0000000 -0.8660245 -0.5000015
vn 0.0000000 -0.7071070 -0.7071065
vn 0.0000000 -0.5000009 -0.8660249
vn 0.0000000 -0.5000009 -0.8660249
vn 0.0000000 -0.7071070 -0.7071065
vn 0.0000000 -0.5000009 -0.8660249
vn 0.0000000 -0.7071070 -0.7071065
vn 0.0000000 -0.5000009 -0.8660249
vn 0.0000000 -0.2588194 -0.9659257
vn 0.0000000 -0.2588194 -0.9659257
vn 0.0000000 -0.5000009 -0.8660249
vn 0.0000000 -0.2588194 -0.9659257
vn 0.0000000 -0.5000009 -0.8660249
vn 0.0000000 -0.2588194 -0.9659257
vn 0.0000000 0.0000003 -1.0000000
vn 0.0000000 0.0000003 -1.0000000
vn 0.0000000 -0.2588194 -0.9659257
vn 0.0000000 0.0000003 -1.0000000
vn 0.0000000 -0.2588194 -0.9659257
vn -1.0000000 0.0000000 -0.0000000
vn -1.0000000 0.0000000 -0.0000000
vn -1.0000000 0.0000000 -0.0000000
vn -1.0000000 0.0000000 -0.0000000
vn -1.0000000 0.0000000 -0.0000000
vn -1.0000000 0.0000000 -0.0000000
vn -1.0000000 0.0000000 -0.0000000
vn -1.0000000 0.0000000 -0.0000000
vn -1.0000000 0.0000000 -0.0000000
vn -1.0000000 0.0000000 -0.0000000
vn -1.0000000 0.0000000 -0.0000000
vn -1.0000000 0.0000000 -0.0000000
vn -1.0000000 0.0000000 -0.0000000
vn -1.0000000 0.0000000 -0.0000000
vn -1.0000000 0.0000000 -0.0000000
vn -1.0000000 0.0000000 -0.0000000
vn -1.0000000 0.0000000 -0.0000000
vn -1.0000000 0.0000000 -0.0000000
vn -1.0000000 0.0000000 -0.0000000
vn -1.0000000 0.0000000 -0.0000000
vn -1.0000000 0.0000000 -0.0000000
vn -1.0000000 0.0000000 -0.0000000
vn -1.0000000 0.0000000 -0.0000000
vn -1.0000000 0.0000000 -0.0000000
vn -1.0000000 0.0000000 -0.0000000
vn -1.0000000 0.0000000 -0.0000000
vn -1.0000000 0.0000000 -0.0000000
vn -1.0000000 0.0000000 -0.0000000
vn -1.0000000 0.0000000 -0.0000000
vn -1.0000000 0.0000000 -0.0000000
vn -1.0000000 0.0000000 -0.0000000
vn -1.0000000 0.0000000 -0.0000000
vn -1.0000000 0.0000000 -0.0000000
vn -1.0000000 0.0000000 -0.0000000
vn -1.0000000 0.0000000 -0.0000000
vn -1.0000000 0.0000000 -0.0000000
vn -1.0000000 0.0000000 -0.0000000
vn -1.0000000 0.0000000 -0.0000000
vn -1.0000000 0.0000000 -0.0000000
vn -1.0000000 0.0000000 -0.0000000
vn -1.0000000 0.0000000 -0.0000000
vn -1.0000000 0.0000000 -0.0000000
vn -1.0000000 0.0000000 -0.0000000
vn -1.0000000 0.0000000 -0.0000000
vn -1.0000000 0.0000000 -0.0000000
vn -1.0000000 0.0000000 -0.0000000
vn -1.0000000 0.0000000 -0.0000000
vn -1.0000000 0.0000000 -0.0000000
vn -1.0000000 0.0000000 -0.0000000
vn -1.0000000 0.0000000 -0.0000000
vn -1.0000000 0.0000000 -0.0000000
vn -1.0000000 0.0000000 -0.0000000
vn -1.0000000 0.0000000 -0.0000000
vn -1.0000000 0.0000000 -0.0000000
vn -1.0000000 0.0000000 -0.0000000
vn -1.0000000 0.0000000 -0.0000000
vn -1.0000000 0.0000000 -0.0000000
vn -1.0000000 0.0000000 -0.0000000
vn -1.0000000 0.0000000 -0.0000000
vn -1.0000000 0.0000000 -0.0000000
vn -1.0000000 0.0000000 -0.0000000
vn -1.0000000 0.0000000 -0.0000000
vn -1.0000000 0.0000000 -0.0000000
vn -1.0000000 0.0000000 -0.0000000
vn -1.0000000 0.0000000 -0.0000000
vn -1.0000000 0.0000000 -0.0000000
vn 1.0000000 0.0000000 0.0000002
vn 1.0000000 0.0000000 0.0000002
vn 1.0000000 0.0000000 0.0000002
vn 1.0000000 0.0000000 0.0000002
vn 1.0000000 0.0000000 0.0000002
vn 1.0000000 0.0000000 0.0000002
vn 1.0000000 0.0000000 0.0000002
vn 1.0000000 0.0000000 0.0000002
vn 1.0000000 0.0000000 0.0000002
vn 1.0000000 0.0000000 0.0000002
vn 1.0000000 0.0000000 0.0000002
vn 1.0000000 0.0000000 0.0000002
vn 1.0000000 0.0000000 0.0000002
vn 1.0000000 0.0000000 0.0000002
vn 1.0000000 0.0000000 0.0000002
vn 1.0000000 0.0000000 0.0000002
vn 1.0000000 0.0000000 0.0000002
vn 1.0000000 0.0000000 0.0000002
vn 1.0000000 0.0000000 0.0000002
vn 1.0000000 0.0000000 0.0000002
vn 1.0000000 0.0000000 0.0000002
vn 1.0000000 0.0000000 0.0000002
vn 1.0000000 0.0000000 0.0000002
vn 1.0000000 0.0000000 0.0000002
vn 1.0000000 0.0000000 0.0000002
vn 1.0000000 0.0000000 0.0000002
vn 1.0000000 0.0000000 0.0000002
vn 1.0000000 0.0000000 0.0000002
vn 1.0000000 0.0000000 0.0000002
vn 1.0000000 0.0000000 0.0000002
vn 1.0000000 0.0000000 0.0000002
vn 1.0000000 0.0000000 0.0000002
vn 1.0000000 0.0000000 0.0000002
vn 1.0000000 0.0000000 0.0000002
vn 1.0000000 0.0000000 0.0000002
vn 1.0000000 0.0000000 0.0000002
vn 1.0000000 0.0000000 0.0000002
vn 1.0000000 0.0000000 0.0000002
vn 1.0000000 0.0000000 0.0000002
vn 1.0000000 0.0000000 0.0000002
vn 1.0000000 0.0000000 0.0000002
vn 1.0000000 0.0000000 0.0000002
vn 1.0000000 0.0000000 0.0000002
vn 1.0000000 0.0000000 0.0000002
vn 1.0000000 0.0000000 0.0000002
vn 1.0000000 0.0000000 0.0000002
vn 1.0000000 0.0000000 0.0000002
vn 1.0000000 0.0000000 0.0000002
vn 1.0000000 0.0000000 0.0000002
vn 1.0000000 0.0000000 0.0000002
vn 1.0000000 0.0000000 0.0000002
vn 1.0000000 0.0000000 0.0000002
vn 1.0000000 0.0000000 0.0000002
vn 1.0000000 0.0000000 0.0000002
vn 1.0000000 0.0000000 0.0000002
vn 1.0000000 0.0000000 0.0000002
vn 1.0000000 0.0000000 0.0000002
vn 1.0000000 0.0000000 0.0000002
vn 1.0000000 0.0000000 0.0000002
vn 1.0000000 0.0000000 0.0000002
vn 1.0000000 0.0000000 0.0000002
vn 1.0000000 0.0000000 0.0000002
vn 1.0000000 0.0000000 0.0000002
vn 1.0000000 0.0000000 0.0000002
vn 1.0000000 0.0000000 0.0000002
vn 1.0000000 0.0000000 0.0000002
vn 0.0000000 0.2588198 -0.9659256
vn 0.0000000 0.2588198 -0.9659256
vn 0.0000000 0.0000003 -1.0000000
vn 0.0000000 0.2588198 -0.9659256
vn 0.0000000 0.0000003 -1.0000000
vn 0.0000000 0.1665859 -0.9860269
vn 0.0000000 0.1665859 -0.9860269
vn 0.0000000 0.0000003 -1.0000000
vn 0.0000000 0.0000003 -1.0000000
vn 0.0000000 0.4999999 -0.8660255
vn 0.0000000 0.4999999 -0.8660255
vn 0.0000000 0.2588198 -0.9659256
vn 0.0000000 0.4999999 -0.8660255
vn 0.0000000 0.2588198 -0.9659256
vn 0.0000000 0.4161118 -0.9093135
vn 0.0000000 0.4161118 -0.9093135
vn 0.0000000 0.2588198 -0.9659256
vn 0.0000000 0.2588198 -0.9659256
vn 0.0000000 0.7071061 -0.7071075
vn 0.0000000 0.7071061 -0.7071075
vn 0.0000000 0.4999999 -0.8660255
vn 0.0000000 0.7071061 -0.7071075
vn 0.0000000 0.4999999 -0.8660255
vn 0.0000000 0.6372801 -0.7706323
vn 0.0000000 0.6372801 -0.7706323
vn 0.0000000 0.4999999 -0.8660255
vn 0.0000000 0.4999999 -0.8660255
vn 0.0000000 0.8660248 -0.5000011
vn 0.0000000 0.8660248 -0.5000011
vn 0.0000000 0.7071061 -0.7071075
vn 0.0000000 0.8660248 -0.5000011
vn 0.0000000 0.7071061 -0.7071075
vn 0.0000000 0.8150193 -0.5794338
vn 0.0000000 0.8150193 -0.5794338
vn 0.0000000 0.7071061 -0.7071075
vn 0.0000000 0.7071061 -0.7071075
vn 0.0000000 0.9659261 -0.2588181
vn 0.0000000 0.9659261 -0.2588181
vn 0.0000000 0.8660248 -0.5000011
vn 0.0000000 0.9659261 -0.2588181
vn 0.0000000 0.8660248 -0.5000011
vn 0.0000000 0.9372172 -0.3487463
vn 0.0000000 0.9372172 -0.3487463
vn 0.0000000 0.8660248 -0.5000011
vn 0.0000000 0.8660248 -0.5000011
vn 0.0000000 1.0000000 0.0000000
vn 0.0000000 1.0000000 0.0000000
vn 0.0000000 0.9659261 -0.2588181
vn 0.0000000 1.0000000 0.0000000
vn 0.0000000 0.9659261 -0.2588181
vn 0.0000000 0.9955445 -0.0942932
vn 0.0000000 0.9955445 -0.0942932
vn 0.0000000 0.9659261 -0.2588181
vn 0.0000000 0.9659261 -0.2588181
vn 0.0000000 0.9659261 0.2588181
vn 0.0000000 0.9659261 0.2588181
vn 0.0000000 1.0000000 0.0000000
vn 0.0000000 0.9659261 0.2588181
vn 0.0000000 1.0000000 0.0000000
vn 0.0000000 0.9860272 0.1665846
vn 0.0000000 0.9860272 0.1665846
vn 0.0000000 1.0000000 0.0000000
vn 0.0000000 1.0000000 0.0000000
vn 0.0000000 0.8660248 0.5000011
vn 0.0000000 0.8660248 0.5000011
vn 0.0000000 0.9659261 0.2588181
vn 0.0000000 0.8660248 0.5000011
vn 0.0000000 0.9659261 0.2588181
vn 0.0000000 0.9093134 0.4161120
vn 0.0000000 0.9093134 0.4161120
vn 0.0000000 0.9659261 0.2588181
vn 0.0000000 0.9659261 0.2588181
vn 0.0000000 0.7071061 0.7071075
vn 0.0000000 0.7071061 0.7071075
vn 0.0000000 0.8660248 0.5000011
vn 0.0000000 0.7071061 0.7071075
vn 0.0000000 0.8660248 0.5000011
vn 0.0000000 0.7706311 0.6372815
vn 0.0000000 0.7706311 0.6372815
vn 0.0000000 0.8660248 0.5000011
vn 0.0000000 0.8660248 0.5000011
vn 0.0000000 0.4999999 0.8660255
vn 0.0000000 0.4999999 0.8660255
vn 0.0000000 0.7071061 0.7071075
vn 0.0000000 0.4999999 0.8660255
vn 0.0000000 0.7071061 0.7071075
vn 0.0000000 0.5794325 0.8150203
vn 0.0000000 0.5794325 0.8150203
vn 0.0000000 0.7071061 0.7071075
vn 0.0000000 0.7071061 0.7071075
vn 0.0000000 0.2588198 0.9659256
vn 0.0000000 0.2588198 0.9659256
vn 0.0000000 0.4999999 0.8660255
vn 0.0000000 0.2588198 0.9659256
vn 0.0000000 0.4999999 0.8660255
vn 0.0000000 0.3487469 0.9372170
vn 0.0000000 0.3487469 0.9372170
vn 0.0000000 0.4999999 0.8660255
vn 0.0000000 0.4999999 0.8660255
vn 0.0000000 0.0000003 1.0000000
vn 0.0000000 0.0000003 1.0000000
vn 0.0000000 0.2588198 0.9659256
vn 0.0000000 0.0000003 1.0000000
vn 0.0000000 0.2588198 0.9659256
vn 0.0000000 0.0942940 0.9955444
vn 0.0000000 0.0942940 0.9955444
vn 0.0000000 0.2588198 0.9659256
vn 0.0000000 0.2588198 0.9659256
vn 0.0000000 -0.2588196 0.9659257
vn 0.0000000 -0.2588196 0.9659257
vn 0.0000000 -0.0942936 0.9955444
vn 0.0000000 -0.0942936 0.9955444
vn 0.0000000 -0.2588196 0.9659257
vn 0.0000000 0.0000003 1.0000000
vn 0.0000000 -0.0942936 0.9955444
vn 0.0000000 0.0000003 1.0000000
vn 0.0000000 0.0000003 1.0000000
vn 0.0000000 -0.4999999 0.8660255
vn 0.0000000 -0.4999999 0.8660255
vn 0.0000000 -0.3487467 0.9372170
vn 0.0000000 -0.3487467 0.9372170
vn 0.0000000 -0.4999999 0.8660255
vn 0.0000000 -0.2588196 0.9659257
vn 0.0000000 -0.3487467 0.9372170
vn 0.0000000 -0.2588196 0.9659257
vn 0.0000000 -0.2588196 0.9659257
vn 0.0000000 -0.7071061 0.7071075
vn 0.0000000 -0.7071061 0.7071075
vn 0.0000000 -0.5794325 0.8150203
vn 0.0000000 -0.5794325 0.8150203
vn 0.0000000 -0.7071061 0.7071075
vn 0.0000000 -0.4999999 0.8660255
vn 0.0000000 -0.5794325 0.8150203
vn 0.0000000 -0.4999999 0.8660255
vn 0.0000000 -0.4999999 0.8660255
vn 0.0000000 -0.8660248 0.5000011
vn 0.0000000 -0.8660248 0.5000011
vn 0.0000000 -0.7706311 0.6372815
vn 0.0000000 -0.7706311 0.6372815
vn 0.0000000 -0.8660248 0.5000011
vn 0.0000000 -0.7071061 0.7071075
vn 0.0000000 -0.7706311 0.6372815
vn 0.0000000 -0.7071061 0.7071075
vn 0.0000000 -0.7071061 0.7071075
vn 0.0000000 -0.9659261 0.2588181
vn 0.0000000 -0.9659261 0.2588181
vn 0.0000000 -0.9093134 0.4161120
vn 0.0000000 -0.9093134 0.4161120
vn 0.0000000 -0.9659261 0.2588181
vn 0.0000000 -0.8660248 0.5000011
vn 0.0000000 -0.9093134 0.4161120
vn 0.0000000 -0.8660248 0.5000011
vn 0.0000000 -0.8660248 0.5000011
vn 0.0000000 -1.0000000 0.0000000
vn 0.0000000 -1.0000000 0.0000000
vn 0.0000000 -0.9860272 0.1665846
vn 0.0000000 -0.9860272 0.1665846
vn 0.0000000 -1.0000000 0.0000000
vn 0.0000000 -0.9659261 0.2588181
vn 0.0000000 -0.9860272 0.1665846
vn 0.0000000 -0.9659261 0.2588181
vn 0.0000000 -0.9659261 0.2588181
vn 0.0000000 -0.9659261 -0.2588181
vn 0.0000000 -0.9659261 -0.2588181
vn 0.0000000 -0.9955445 -0.0942932
vn 0.0000000 -0.9955445 -0.0942932
vn 0.0000000 -0.9659261 -0.2588181
vn 0.0000000 -1.0000000 0.0000000
vn 0.0000000 -0.9955445 -0.0942932
vn 0.0000000 -1.0000000 0.0000000
vn 0.0000000 -1.0000000 0.0000000
vn 0.0000000 -0.8660248 -0.5000011
vn 0.0000000 -0.8660248 -0.5000011
vn 0.0000000 -0.9372172 -0.3487463
vn 0.0000000 -0.9372172 -0.3487463
vn 0.0000000 -0.8660248 -0.5000011
vn 0.0000000 -0.9659261 -0.2588181
vn 0.0000000 -0.9372172 -0.3487463
vn 0.0000000 -0.9659261 -0.2588181
vn 0.0000000 -0.9659261 -0.2588181
vn 0.0000000 -0.7071061 -0.7071075
vn 0.0000000 -0.7071061 -0.7071075
vn 0.0000000 -0.8150193 -0.5794338
vn 0.0000000 -0.8150193 -0.5794338
vn 0.0000000 -0.7071061 -0.7071075
vn 0.0000000 -0.8660248 -0.5000011
vn 0.0000000 -0.8150193 -0.5794338
vn 0.0000000 -0.8660248 -0.5000011
vn 0.0000000 -0.8660248 -0.5000011
vn 0.0000000 -0.4999999 -0.8660255
vn 0.0000000 -0.4999999 -0.8660255
vn 0.0000000 -0.6372801 -0.7706323
vn 0.0000000 -0.6372801 -0.7706323
vn 0.0000000 -0.4999999 -0.8660255
vn 0.0000000 -0.7071061 -0.7071075
vn 0.0000000 -0.6372801 -0.7706323
vn 0.0000000 -0.7071061 -0.7071075
vn 0.0000000 -0.7071061 -0.7071075
vn 0.0000000 -0.2588196 -0.9659257
vn 0.0000000 -0.2588196 -0.9659257
vn 0.0000000 -0.4161117 -0.9093135
vn 0.0000000 -0.4161117 -0.9093135
vn 0.0000000 -0.2588196 -0.9659257
vn 0.0000000 -0.4999999 -0.8660255
vn 0.0000000 -0.4161117 -0.9093135
vn 0.0000000 -0.4999999 -0.8660255
vn 0.0000000 -0.4999999 -0.8660255
vn 0.0000000 0.0000003 -1.0000000
vn 0.0000000 0.0000003 -1.0000000
vn 0.0000000 -0.1665855 -0.9860270
vn 0.0000000 -0.1665855 -0.9860270
vn 0.0000000 0.0000003 -1.0000000
vn 0.0000000 -0.2588196 -0.9659257
vn 0.0000000 -0.1665855 -0.9860270
vn 0.0000000 -0.2588196 -0.9659257
vn 0.0000000 -0.2588196 -0.9659257
vn 1.0000000 0.0000000 0.0000000
vn 1.0000000 0.0000000 0.0000000
vn 1.0000000 0.0000000 0.0000000
vn 1.0000000 0.0000000 0.0000000
vn 1.0000000 0.0000000 0.0000000
vn 1.0000000 0.0000000 0.0000000
vn 1.0000000 0.0000000 0.0000000
vn 1.0000000 0.0000000 0.0000000
vn 1.0000000 0.0000000 0.0000000
vn 1.0000000 0.0000000 0.0000000
vn 1.0000000 0.0000000 0.0000000
vn 1.0000000 0.0000000 0.0000000
vn 1.0000000 0.0000000 0.0000000
vn 1.0000000 0.0000000 0.0000000
vn 1.0000000 0.0000000 0.0000000
vn 1.0000000 0.0000000 0.0000000
vn 1.0000000 0.0000000 0.0000000
vn 1.0000000 0.0000000 0.0000000
vn 1.0000000 0.0000000 0.0000000
vn 1.0000000 0.0000000 0.0000000
vn 1.0000000 0.0000000 0.0000000
vn 1.0000000 0.0000000 0.0000000
vn 1.0000000 0.0000000 0.0000000
vn 1.0000000 0.0000000 0.0000000
vn 1.0000000 0.0000000 0.0000000
vn 1.0000000 0.0000000 0.0000000
vn 1.0000000 0.0000000 0.0000000
vn 1.0000000 0.0000000 0.0000000
vn 1.0000000 0.0000000 0.0000000
vn 1.0000000 0.0000000 0.0000000
vn 1.0000000 0.0000000 0.0000000
vn 1.0000000 0.0000000 0.0000000
vn 1.0000000 0.0000000 0.0000000
vn 1.0000000 0.0000000 0.0000000
vn 1.0000000 0.0000000 0.0000000
vn 1.0000000 0.0000000 0.0000000
vn 1.0000000 0.0000000 0.0000000
vn 1.0000000 0.0000000 0.0000000
vn 1.0000000 0.0000000 0.0000000
vn 1.0000000 0.0000000 0.0000000
vn 1.0000000 0.0000000 0.0000000
vn 1.0000000 0.0000000 0.0000000
vn 1.0000000 0.0000000 0.0000000
vn 1.0000000 0.0000000 0.0000000
vn 1.0000000 0.0000000 0.0000000
vn 1.0000000 0.0000000 0.0000000
vn 1.0000000 0.0000000 0.0000000
vn 1.0000000 0.0000000 0.0000000
vn 1.0000000 0.0000000 0.0000000
vn 1.0000000 0.0000000 0.0000000
vn 1.0000000 0.0000000 0.0000000
vn 1.0000000 0.0000000 0.0000000
vn 1.0000000 0.0000000 0.0000000
vn 1.0000000 0.0000000 0.0000000
vn 1.0000000 0.0000000 0.0000000
vn 1.0000000 0.0000000 0.0000000
vn 1.0000000 0.0000000 0.0000000
vn 1.0000000 0.0000000 0.0000000
vn 1.0000000 0.0000000 0.0000000
vn 1.0000000 0.0000000 0.0000000
vn 1.0000000 0.0000000 0.0000000
vn 1.0000000 0.0000000 0.0000000
vn 1.0000000 0.0000000 0.0000000
vn 1.0000000 0.0000000 0.0000000
vn 1.0000000 0.0000000 0.0000000
vn 1.0000000 0.0000000 0.0000000
vn 0.0000000 0.3826839 -0.9238793
vn 0.0000000 0.3826839 -0.9238793
vn 0.0000000 0.0000000 -1.0000000
vn 0.0000000 0.3826839 -0.9238793
vn 0.0000000 0.0000000 -1.0000000
vn 0.0000000 0.0000000 -1.0000000
vn 0.0000000 0.7071073 -0.7071063
vn 0.0000000 0.7071073 -0.7071063
vn 0.0000000 0.3826839 -0.9238793
vn 0.0000000 0.7071073 -0.7071063
vn 0.0000000 0.3826839 -0.9238793
vn 0.0000000 0.3826839 -0.9238793
vn 0.0000000 0.9238795 -0.3826835
vn 0.0000000 0.9238795 -0.3826835
vn 0.0000000 0.7071073 -0.7071063
vn 0.0000000 0.9238795 -0.3826835
vn 0.0000000 0.7071073 -0.7071063
vn 0.0000000 0.7071073 -0.7071063
vn 0.0000000 1.0000000 0.0000000
vn 0.0000000 1.0000000 0.0000000
vn 0.0000000 0.9238795 -0.3826835
vn 0.0000000 1.0000000 0.0000000
vn 0.0000000 0.9238795 -0.3826835
vn 0.0000000 0.9238795 -0.3826835
vn 0.0000000 0.9238795 0.3826835
vn 0.0000000 0.9238795 0.3826835
vn 0.0000000 1.0000000 0.0000000
vn 0.0000000 0.9238795 0.3826835
vn 0.0000000 1.0000000 0.0000000
vn 0.0000000 1.0000000 0.0000000
vn 0.0000000 0.7071073 0.7071063
vn 0.0000000 0.7071073 0.7071063
vn 0.0000000 0.9238795 0.3826835
vn 0.0000000 0.7071073 0.7071063
vn 0.0000000 0.9238795 0.3826835
vn 0.0000000 0.9238795 0.3826835
vn 0.0000000 0.3826839 0.9238793
vn 0.0000000 0.3826839 0.9238793
vn 0.0000000 0.7071073 0.7071063
vn 0.0000000 0.3826839 0.9238793
vn 0.0000000 0.7071073 0.7071063
vn 0.0000000 0.7071073 0.7071063
vn 0.0000000 0.0000000 1.0000000
vn 0.0000000 0.0000000 1.0000000
vn 0.0000000 0.3826839 0.9238793
vn 0.0000000 0.0000000 1.0000000
vn 0.0000000 0.3826839 0.9238793
vn 0.0000000 0.3826839 0.9238793
vn 0.0000000 0.0000000 1.0000000
vn 0.0000000 -0.3826836 0.9238795
vn 0.0000000 -0.3826836 0.9238795
vn 0.0000000 0.0000000 1.0000000
vn 0.0000000 -0.3826836 0.9238795
vn 0.0000000 0.0000000 1.0000000
vn 0.0000000 -0.3826836 0.9238795
vn 0.0000000 -0.7071066 0.7071070
vn 0.0000000 -0.7071066 0.7071070
vn 0.0000000 -0.3826836 0.9238795
vn 0.0000000 -0.7071066 0.7071070
vn 0.0000000 -0.3826836 0.9238795
vn 0.0000000 -0.7071066 0.7071070
vn 0.0000000 -0.9238796 0.3826834
vn 0.0000000 -0.9238796 0.3826834
vn 0.0000000 -0.7071066 0.7071070
vn 0.0000000 -0.9238796 0.3826834
vn 0.0000000 -0.7071066 0.7071070
vn 0.0000000 -0.9238796 0.3826834
vn 0.0000000 -1.0000000 0.0000000
vn 0.0000000 -1.0000000 0.0000000
vn 0.0000000 -0.9238796 0.3826834
vn 0.0000000 -1.0000000 0.0000000
vn 0.0000000 -0.9238796 0.3826834
vn 0.0000000 -1.0000000 0.0000000
vn 0.0000000 -0.9238796 -0.3826834
vn 0.0000000 -0.9238796 -0.3826834
vn 0.0000000 -1.0000000 0.0000000
vn 0.0000000 -0.9238796 -0.3826834
vn 0.0000000 -1.0000000 0.0000000
vn 0.0000000 -0.9238796 -0.3826834
vn 0.0000000 -0.7071066 -0.7071070
vn 0.0000000 -0.7071066 -0.7071070
vn 0.0000000 -0.9238796 -0.3826834
vn 0.0000000 -0.7071066 -0.7071070
vn 0.0000000 -0.9238796 -0.3826834
vn 0.0000000 -0.7071066 -0.7071070
vn 0.0000000 -0.3826836 -0.9238795
vn 0.0000000 -0.3826836 -0.9238795
vn 0.0000000 -0.7071066 -0.7071070
vn 0.0000000 -0.3826836 -0.9238795
vn 0.0000000 -0.7071066 -0.7071070
vn 0.0000000 -0.3826836 -0.9238795
vn 0.0000000 0.0000000 -1.0000000
vn 0.0000000 0.0000000 -1.0000000
vn 0.0000000 -0.3826836 -0.9238795
vn 0.0000000 0.0000000 -1.0000000
vn 0.0000000 -0.3826836 -0.9238795
vn -1.0000000 0.0000000 -0.0000000
vn -1.0000000 0.0000000 -0.0000000
vn -1.0000000 0.0000000 -0.0000000
vn -1.0000000 0.0000000 -0.0000000
vn -1.0000000 0.0000000 -0.0000000
vn -1.0000000 0.0000000 -0.0000000
vn -1.0000000 0.0000000 -0.0000000
vn -1.0000000 0.0000000 -0.0000000
vn -1.0000000 0.0000000 -0.0000000
vn -1.0000000 0.0000000 -0.0000000
vn -1.0000000 0.0000000 -0.0000000
vn -1.0000000 0.0000000 -0.0000000
vn -1.0000000 0.0000000 -0.0000000
vn -1.0000000 0.0000000 -0.0000000
vn -1.0000000 0.0000000 -0.0000000
vn -1.0000000 0.0000000 -0.0000000
vn -1.0000000 0.0000000 -0.0000000
vn -1.0000000 0.0000000 -0.0000000
vn -1.0000000 0.0000000 -0.0000000
vn -1.0000000 0.0000000 -0.0000000
vn -1.0000000 0.0000000 -0.0000000
vn -1.0000000 0.0000000 -0.0000000
vn -1.0000000 0.0000000 -0.0000000
vn -1.0000000 0.0000000 -0.0000000
vn -1.0000000 0.0000000 -0.0000000
vn -1.0000000 0.0000000 -0.0000000
vn -1.0000000 0.0000000 -0.0000000
vn -1.0000000 0.0000000 -0.0000000
vn -1.0000000 0.0000000 -0.0000000
vn -1.0000000 0.0000000 -0.0000000
vn -1.0000000 0.0000000 -0.0000000
vn -1.0000000 0.0000000 -0.0000000
vn -1.0000000 0.0000000 -0.0000000
vn -1.0000000 0.0000000 -0.0000000
vn -1.0000000 0.0000000 -0.0000000
vn -1.0000000 0.0000000 -0.0000000
vn -1.0000000 0.0000000 -0.0000000
vn -1.0000000 0.0000000 -0.0000000
vn -1.0000000 0.0000000 -0.0000000
vn -1.0000000 0.0000000 -0.0000000
vn -1.0000000 0.0000000 -0.0000000
vn -1.0000000 0.0000000 -0.0000000
vn 1.0000000 0.0000000 -0.0000000
vn 1.0000000 0.0000000 -0.0000000
vn 1.0000000 0.0000000 -0.0000000
vn 1.0000000 0.0000000 -0.0000000
vn 1.0000000 0.0000000 -0.0000000
vn 1.0000000 0.0000000 -0.0000000
vn 1.0000000 0.0000000 -0.0000000
vn 1.0000000 0.0000000 -0.0000000
vn 1.0000000 0.0000000 -0.0000000
vn 1.0000000 0.0000000 -0.0000000
vn 1.0000000 0.0000000 -0.0000000
vn 1.0000000 0.0000000 -0.0000000
vn 1.0000000 0.0000000 -0.0000000
vn 1.0000000 0.0000000 -0.0000000
vn 1.0000000 0.0000000 -0.0000000
vn 1.0000000 0.0000000 -0.0000000
vn 1.0000000 0.0000000 -0.0000000
vn 1.0000000 0.0000000 -0.0000000
vn 1.0000000 0.0000000 -0.0000000
vn 1.0000000 0.0000000 -0.0000000
vn 1.0000000 0.0000000 -0.0000000
vn 1.0000000 0.0000000 -0.0000000
vn 1.0000000 0.0000000 -0.0000000
vn 1.0000000 0.0000000 -0.0000000
vn 1.0000000 0.0000000 -0.0000000
vn 1.0000000 0.0000000 -0.0000000
vn 1.0000000 0.0000000 -0.0000000
vn 1.0000000 0.0000000 -0.0000000
vn 1.0000000 0.0000000 -0.0000000
vn 1.0000000 0.0000000 -0.0000000
vn 1.0000000 0.0000000 -0.0000000
vn 1.0000000 0.0000000 -0.0000000
vn 1.0000000 0.0000000 -0.0000000
vn 1.0000000 0.0000000 -0.0000000
vn 1.0000000 0.0000000 -0.0000000
vn 1.0000000 0.0000000 -0.0000000
vn 1.0000000 0.0000000 -0.0000000
vn 1.0000000 0.0000000 -0.0000000
vn 1.0000000 0.0000000 -0.0000000
vn 1.0000000 0.0000000 -0.0000000
vn 1.0000000 0.0000000 -0.0000000
vn 1.0000000 0.0000000 -0.0000000
vn -0.0000001 0.5000000 0.8660254
vn -0.0000001 0.5000000 0.8660254
vn -0.0000001 0.5000000 0.8660254
vn -0.0000001 0.5000000 0.8660254
vn -0.0000001 0.5000000 0.8660254
vn -0.0000001 0.5000000 0.8660254
vn -0.0000000 1.0000000 -0.0000000
vn -0.0000000 1.0000000 -0.0000000
vn -0.0000000 1.0000000 -0.0000000
vn -0.0000000 1.0000000 -0.0000000
vn -0.0000000 1.0000000 -0.0000000
vn -0.0000000 1.0000000 -0.0000000
vn 0.0000000 0.5000000 -0.8660254
vn 0.0000000 0.5000000 -0.8660254
vn 0.0000000 0.5000000 -0.8660254
vn 0.0000000 0.5000000 -0.8660254
vn 0.0000000 0.5000000 -0.8660254
vn 0.0000000 0.5000000 -0.8660254
vn 0.0000001 -0.5000000 -0.8660254
vn 0.0000001 -0.5000000 -0.8660254
vn 0.0000001 -0.5000000 -0.8660254
vn 0.0000001 -0.5000000 -0.8660254
vn 0.0000001 -0.5000000 -0.8660254
vn 0.0000001 -0.5000000 -0.8660254
vn 0.0000000 -1.0000000 0.0000000
vn 0.0000000 -1.0000000 0.0000000
vn 0.0000000 -1.0000000 0.0000000
vn 0.0000000 -1.0000000 0.0000000
vn 0.0000000 -1.0000000 0.0000000
vn 0.0000000 -1.0000000 0.0000000
vn -0.0000000 -0.5000000 0.8660254
vn -0.0000000 -0.5000000 0.8660254
vn -0.0000000 -0.5000000 0.8660254
vn -0.0000000 -0.5000000 0.8660254
vn -0.0000000 -0.5000000 0.8660254
vn -0.0000000 -0.5000000 0.8660254
vn 1.0000000 0.0000000 0.0000000
vn 1.0000000 0.0000000 0.0000000
vn 1.0000000 0.0000000 0.0000000
vn 1.0000000 0.0000000 0.0000000
vn 1.0000000 0.0000000 0.0000000
vn 1.0000000 0.0000000 0.0000000
vn 1.0000000 0.0000000 0.0000000
vn 1.0000000 0.0000000 0.0000000
vn 1.0000000 0.0000000 0.0000000
vn 1.0000000 0.0000000 0.0000000
vn 1.0000000 0.0000000 0.0000000
vn 1.0000000 0.0000000 0.0000000
vn -1.0000000 -0.0000000 -0.0000000
vn -1.0000000 -0.0000000 -0.0000000
vn -1.0000000 -0.0000000 -0.0000000
vn -1.0000000 -0.0000000 -0.0000000
vn -1.0000000 -0.0000000 -0.0000000
vn -1.0000000 -0.0000000 -0.0000000
vn -1.0000000 -0.0000000 -0.0000000
vn -1.0000000 -0.0000000 -0.0000000
vn -1.0000000 -0.0000000 -0.0000000
vn -1.0000000 -0.0000000 -0.0000000
vn -1.0000000 -0.0000000 -0.0000000
vn -1.0000000 -0.0000000 -0.0000000
vn -0.0000001 0.5000000 0.8660254
vn -0.0000001 0.5000000 0.8660254
vn -0.0000001 0.5000000 0.8660254
vn -0.0000001 0.5000000 0.8660254
vn -0.0000001 0.5000000 0.8660254
vn -0.0000001 0.5000000 0.8660254
vn -0.0000000 1.0000000 -0.0000000
vn -0.0000000 1.0000000 -0.0000000
vn -0.0000000 1.0000000 -0.0000000
vn -0.0000000 1.0000000 -0.0000000
vn -0.0000000 1.0000000 -0.0000000
vn -0.0000000 1.0000000 -0.0000000
vn 0.0000000 0.5000000 -0.8660254
vn 0.0000000 0.5000000 -0.8660254
vn 0.0000000 0.5000000 -0.8660254
vn 0.0000000 0.5000000 -0.8660254
vn 0.0000000 0.5000000 -0.8660254
vn 0.0000000 0.5000000 -0.8660254
vn 0.0000001 -0.5000000 -0.8660254
vn 0.0000001 -0.5000000 -0.8660254
vn 0.0000001 -0.5000000 -0.8660254
vn 0.0000001 -0.5000000 -0.8660254
vn 0.0000001 -0.5000000 -0.8660254
vn 0.0000001 -0.5000000 -0.8660254
vn 0.0000000 -1.0000000 0.0000000
vn 0.0000000 -1.0000000 0.0000000
vn 0.0000000 -1.0000000 0.0000000
vn 0.0000000 -1.0000000 0.0000000
vn 0.0000000 -1.0000000 0.0000000
vn 0.0000000 -1.0000000 0.0000000
vn -0.0000000 -0.5000000 0.8660254
vn -0.0000000 -0.5000000 0.8660254
vn -0.0000000 -0.5000000 0.8660254
vn -0.0000000 -0.5000000 0.8660254
vn -0.0000000 -0.5000000 0.8660254
vn -0.0000000 -0.5000000 0.8660254
vn 1.0000000 0.0000000 0.0000000
vn 1.0000000 0.0000000 0.0000000
vn 1.0000000 0.0000000 0.0000000
vn 1.0000000 0.0000000 0.0000000
vn 1.0000000 0.0000000 0.0000000
vn 1.0000000 0.0000000 0.0000000
vn 1.0000000 0.0000000 0.0000000
vn 1.0000000 0.0000000 0.0000000
vn 1.0000000 0.0000000 0.0000000
vn 1.0000000 0.0000000 0.0000000
vn 1.0000000 0.0000000 0.0000000
vn 1.0000000 0.0000000 0.0000000
vn -1.0000000 -0.0000000 -0.0000000
vn -1.0000000 -0.0000000 -0.0000000
vn -1.0000000 -0.0000000 -0.0000000
vn -1.0000000 -0.0000000 -0.0000000
vn -1.0000000 -0.0000000 -0.0000000
vn -1.0000000 -0.0000000 -0.0000000
vn -1.0000000 -0.0000000 -0.0000000
vn -1.0000000 -0.0000000 -0.0000000
vn -1.0000000 -0.0000000 -0.0000000
vn -1.0000000 -0.0000000 -0.0000000
vn -1.0000000 -0.0000000 -0.0000000
vn -1.0000000 -0.0000000 -0.0000000
vn -0.0000001 0.5000000 0.8660254
vn -0.0000001 0.5000000 0.8660254
vn -0.0000001 0.5000000 0.8660254
vn -0.0000001 0.5000000 0.8660254
vn -0.0000001 0.5000000 0.8660254
vn -0.0000001 0.5000000 0.8660254
vn -0.0000000 1.0000000 -0.0000000
vn -0.0000000 1.0000000 -0.0000000
vn -0.0000000 1.0000000 -0.0000000
vn -0.0000000 1.0000000 -0.0000000
vn -0.0000000 1.0000000 -0.0000000
vn -0.0000000 1.0000000 -0.0000000
vn 0.0000000 0.5000000 -0.8660254
vn 0.0000000 0.5000000 -0.8660254
vn 0.0000000 0.5000000 -0.8660254
vn 0.0000000 0.5000000 -0.8660254
vn 0.0000000 0.5000000 -0.8660254
vn 0.0000000 0.5000000 -0.8660254
vn 0.0000001 -0.5000000 -0.8660254
vn 0.0000001 -0.5000000 -0.8660254
vn 0.0000001 -0.5000000 -0.8660254
vn 0.0000001 -0.5000000 -0.8660254
vn 0.0000001 -0.5000000 -0.8660254
vn 0.0000001 -0.5000000 -0.8660254
vn 0.0000000 -1.0000000 0.0000000
vn 0.0000000 -1.0000000 0.0000000
vn 0.0000000 -1.0000000 0.0000000
vn 0.0000000 -1.0000000 0.0000000
vn 0.0000000 -1.0000000 0.0000000
vn 0.0000000 -1.0000000 0.0000000
vn -0.0000000 -0.5000000 0.8660254
vn -0.0000000 -0.5000000 0.8660254
vn -0.0000000 -0.5000000 0.8660254
vn -0.0000000 -0.5000000 0.8660254
vn -0.0000000 -0.5000000 0.8660254
vn -0.0000000 -0.5000000 0.8660254
vn 1.0000000 0.0000000 0.0000000
vn 1.0000000 0.0000000 0.0000000
vn 1.0000000 0.0000000 0.0000000
vn 1.0000000 0.0000000 0.0000000
vn 1.0000000 0.0000000 0.0000000
vn 1.0000000 0.0000000 0.0000000
vn 1.0000000 0.0000000 0.0000000
vn 1.0000000 0.0000000 0.0000000
vn 1.0000000 0.0000000 0.0000000
vn 1.0000000 0.0000000 0.0000000
vn 1.0000000 0.0000000 0.0000000
vn 1.0000000 0.0000000 0.0000000
vn -1.0000000 -0.0000000 -0.0000000
vn -1.0000000 -0.0000000 -0.0000000
vn -1.0000000 -0.0000000 -0.0000000
vn -1.0000000 -0.0000000 -0.0000000
vn -1.0000000 -0.0000000 -0.0000000
vn -1.0000000 -0.0000000 -0.0000000
vn -1.0000000 -0.0000000 -0.0000000
vn -1.0000000 -0.0000000 -0.0000000
vn -1.0000000 -0.0000000 -0.0000000
vn -1.0000000 -0.0000000 -0.0000000
vn -1.0000000 -0.0000000 -0.0000000
vn -1.0000000 -0.0000000 -0.0000000
vn -0.0000001 0.5000000 0.8660254
vn -0.0000001 0.5000000 0.8660254
vn -0.0000001 0.5000000 0.8660254
vn -0.0000001 0.5000000 0.8660254
vn -0.0000001 0.5000000 0.8660254
vn -0.0000001 0.5000000 0.8660254
vn -0.0000000 1.0000000 -0.0000000
vn -0.0000000 1.0000000 -0.0000000
vn -0.0000000 1.0000000 -0.0000000
vn -0.0000000 1.0000000 -0.0000000
vn -0.0000000 1.0000000 -0.0000000
vn -0.0000000 1.0000000 -0.0000000
vn 0.0000000 0.5000000 -0.8660254
vn 0.0000000 0.5000000 -0.8660254
vn 0.0000000 0.5000000 -0.8660254
vn 0.0000000 0.5000000 -0.8660254
vn 0.0000000 0.5000000 -0.8660254
vn 0.0000000 0.5000000 -0.8660254
vn 0.0000001 -0.5000000 -0.8660254
vn 0.0000001 -0.5000000 -0.8660254
vn 0.0000001 -0.5000000 -0.8660254
vn 0.0000001 -0.5000000 -0.8660254
vn 0.0000001 -0.5000000 -0.8660254
vn 0.0000001 -0.5000000 -0.8660254
vn 0.0000000 -1.0000000 0.0000000
vn 0.0000000 -1.0000000 0.0000000
vn 0.0000000 -1.0000000 0.0000000
vn 0.0000000 -1.0000000 0.0000000
vn 0.0000000 -1.0000000 0.0000000
vn 0.0000000 -1.0000000 0.0000000
vn -0.0000000 -0.5000000 0.8660254
vn -0.0000000 -0.5000000 0.8660254
vn -0.0000000 -0.5000000 0.8660254
vn -0.0000000 -0.5000000 0.8660254
vn -0.0000000 -0.5000000 0.8660254
vn -0.0000000 -0.5000000 0.8660254
vn 1.0000000 0.0000000 0.0000000
vn 1.0000000 0.0000000 0.0000000
vn 1.0000000 0.0000000 0.0000000
vn 1.0000000 0.0000000 0.0000000
vn 1.0000000 0.0000000 0.0000000
vn 1.0000000 0.0000000 0.0000000
vn 1.0000000 0.0000000 0.0000000
vn 1.0000000 0.0000000 0.0000000
vn 1.0000000 0.0000000 0.0000000
vn 1.0000000 0.0000000 0.0000000
vn 1.0000000 0.0000000 0.0000000
vn 1.0000000 0.0000000 0.0000000
vn -1.0000000 -0.0000000 -0.0000000
vn -1.0000000 -0.0000000 -0.0000000
vn -1.0000000 -0.0000000 -0.0000000
vn -1.0000000 -0.0000000 -0.0000000
vn -1.0000000 -0.0000000 -0.0000000
vn -1.0000000 -0.0000000 -0.0000000
vn -1.0000000 -0.0000000 -0.0000000
vn -1.0000000 -0.0000000 -0.0000000
vn -1.0000000 -0.0000000 -0.0000000
vn -1.0000000 -0.0000000 -0.0000000
vn -1.0000000 -0.0000000 -0.0000000
vn -1.0000000 -0.0000000 -0.0000000
vn -0.0000001 0.5000000 0.8660254
vn -0.0000001 0.5000000 0.8660254
vn -0.0000001 0.5000000 0.8660254
vn -0.0000001 0.5000000 0.8660254
vn -0.0000001 0.5000000 0.8660254
vn -0.0000001 0.5000000 0.8660254
vn -0.0000000 1.0000000 -0.0000000
vn -0.0000000 1.0000000 -0.0000000
vn -0.0000000 1.0000000 -0.0000000
vn -0.0000000 1.0000000 -0.0000000
vn -0.0000000 1.0000000 -0.0000000
vn -0.0000000 1.0000000 -0.0000000
vn 0.0000000 0.5000000 -0.8660254
vn 0.0000000 0.5000000 -0.8660254
vn 0.0000000 0.5000000 -0.8660254
vn 0.0000000 0.5000000 -0.8660254
vn 0.0000000 0.5000000 -0.8660254
vn 0.0000000 0.5000000 -0.8660254
vn 0.0000001 -0.5000000 -0.8660254
vn 0.0000001 -0.5000000 -0.8660254
vn 0.0000001 -0.5000000 -0.8660254
vn 0.0000001 -0.5000000 -0.8660254
vn 0.0000001 -0.5000000 -0.8660254
vn 0.0000001 -0.5000000 -0.8660254
vn 0.0000000 -1.0000000 0.0000000
vn 0.0000000 -1.0000000 0.0000000
vn 0.0000000 -1.0000000 0.0000000
vn 0.0000000 -1.0000000 0.0000000
vn 0.0000000 -1.0000000 0.0000000
vn 0.0000000 -1.0000000 0.0000000
vn -0.0000000 -0.5000000 0.8660254
vn -0.0000000 -0.5000000 0.8660254
vn -0.0000000 -0.5000000 0.8660254
vn -0.0000000 -0.5000000 0.8660254
vn -0.0000000 -0.5000000 0.8660254
vn -0.0000000 -0.5000000 0.8660254
vn 1.0000000 0.0000000 0.0000000
vn 1.0000000 0.0000000 0.0000000
vn 1.0000000 0.0000000 0.0000000
vn 1.0000000 0.0000000 0.0000000
vn 1.0000000 0.0000000 0.0000000
vn 1.0000000 0.0000000 0.0000000
vn 1.0000000 0.0000000 0.0000000
vn 1.0000000 0.0000000 0.0000000
vn 1.0000000 0.0000000 0.0000000
vn 1.0000000 0.0000000 0.0000000
vn 1.0000000 0.0000000 0.0000000
vn 1.0000000 0.0000000 0.0000000
vn -1.0000000 -0.0000000 -0.0000000
vn -1.0000000 -0.0000000 -0.0000000
vn -1.0000000 -0.0000000 -0.0000000
vn -1.0000000 -0.0000000 -0.0000000
vn -1.0000000 -0.0000000 -0.0000000
vn -1.0000000 -0.0000000 -0.0000000
vn -1.0000000 -0.0000000 -0.0000000
vn -1.0000000 -0.0000000 -0.0000000
vn -1.0000000 -0.0000000 -0.0000000
vn -1.0000000 -0.0000000 -0.0000000
vn -1.0000000 -0.0000000 -0.0000000
vn -1.0000000 -0.0000000 -0.0000000
vn -0.0000001 0.5000000 0.8660254
vn -0.0000001 0.5000000 0.8660254
vn -0.0000001 0.5000000 0.8660254
vn -0.0000001 0.5000000 0.8660254
vn -0.0000001 0.5000000 0.8660254
vn -0.0000001 0.5000000 0.8660254
vn -0.0000000 1.0000000 -0.0000000
vn -0.0000000 1.0000000 -0.0000000
vn -0.0000000 1.0000000 -0.0000000
vn -0.0000000 1.0000000 -0.0000000
vn -0.0000000 1.0000000 -0.0000000
vn -0.0000000 1.0000000 -0.0000000
vn 0.0000000 0.5000000 -0.8660254
vn 0.0000000 0.5000000 -0.8660254
vn 0.0000000 0.5000000 -0.8660254
vn 0.0000000 0.5000000 -0.8660254
vn 0.0000000 0.5000000 -0.8660254
vn 0.0000000 0.5000000 -0.8660254
vn 0.0000001 -0.5000000 -0.8660254
vn 0.0000001 -0.5000000 -0.8660254
vn 0.0000001 -0.5000000 -0.8660254
vn 0.0000001 -0.5000000 -0.8660254
vn 0.0000001 -0.5000000 -0.8660254
vn 0.0000001 -0.5000000 -0.8660254
vn 0.0000000 -1.0000000 0.0000000
vn 0.0000000 -1.0000000 0.0000000
vn 0.0000000 -1.0000000 0.0000000
vn 0.0000000 -1.0000000 0.0000000
vn 0.0000000 -1.0000000 0.0000000
vn 0.0000000 -1.0000000 0.0000000
vn -0.0000000 -0.5000000 0.8660254
vn -0.0000000 -0.5000000 0.8660254
vn -0.0000000 -0.5000000 0.8660254
vn -0.0000000 -0.5000000 0.8660254
vn -0.0000000 -0.5000000 0.8660254
vn -0.0000000 -0.5000000 0.8660254
vn 1.0000000 0.0000000 0.0000000
vn 1.0000000 0.0000000 0.0000000
vn 1.0000000 0.0000000 0.0000000
vn 1.0000000 0.0000000 0.0000000
vn 1.0000000 0.0000000 0.0000000
vn 1.0000000 0.0000000 0.0000000
vn 1.0000000 0.0000000 0.0000000
vn 1.0000000 0.0000000 0.0000000
vn 1.0000000 0.0000000 0.0000000
vn 1.0000000 0.0000000 0.0000000
vn 1.0000000 0.0000000 0.0000000
vn 1.0000000 0.0000000 0.0000000
vn -1.0000000 -0.0000000 -0.0000000
vn -1.0000000 -0.0000000 -0.0000000
vn -1.0000000 -0.0000000 -0.0000000
vn -1.0000000 -0.0000000 -0.0000000
vn -1.0000000 -0.0000000 -0.0000000
vn -1.0000000 -0.0000000 -0.0000000
vn -1.0000000 -0.0000000 -0.0000000
vn -1.0000000 -0.0000000 -0.0000000
vn -1.0000000 -0.0000000 -0.0000000
vn -1.0000000 -0.0000000 -0.0000000
vn -1.0000000 -0.0000000 -0.0000000
vn -1.0000000 -0.0000000 -0.0000000
vn 0.0000000 0.3826839 -0.9238793
vn 0.0000000 0.3826839 -0.9238793
vn 0.0000000 0.0000000 -1.0000000
vn 0.0000000 0.3826839 -0.9238793
vn 0.0000000 0.0000000 -1.0000000
vn 0.0000000 0.0000000 -1.0000000
vn 0.0000000 0.7071070 -0.7071065
vn 0.0000000 0.7071070 -0.7071065
vn 0.0000000 0.3826839 -0.9238793
vn 0.0000000 0.7071070 -0.7071065
vn 0.0000000 0.3826839 -0.9238793
vn 0.0000000 0.3826839 -0.9238793
vn 0.0000000 0.9238795 -0.3826834
vn 0.0000000 0.9238795 -0.3826834
vn 0.0000000 0.7071070 -0.7071065
vn 0.0000000 0.9238795 -0.3826834
vn 0.0000000 0.7071070 -0.7071065
vn 0.0000000 0.7071070 -0.7071065
vn 0.0000000 1.0000000 0.0000000
vn 0.0000000 1.0000000 0.0000000
vn 0.0000000 0.9238795 -0.3826834
vn 0.0000000 1.0000000 0.0000000
vn 0.0000000 0.9238795 -0.3826834
vn 0.0000000 0.9238795 -0.3826834
vn 0.0000000 0.9238795 0.3826834
vn 0.0000000 0.9238795 0.3826834
vn 0.0000000 1.0000000 0.0000000
vn 0.0000000 0.9238795 0.3826834
vn 0.0000000 1.0000000 0.0000000
vn 0.0000000 1.0000000 0.0000000
vn 0.0000000 0.7071070 0.7071065
vn 0.0000000 0.7071070 0.7071065
vn 0.0000000 0.9238795 0.3826834
vn 0.0000000 0.7071070 0.7071065
vn 0.0000000 0.9238795 0.3826834
vn 0.0000000 0.9238795 0.3826834
vn 0.0000000 0.3826839 0.9238793
vn 0.0000000 0.3826839 0.9238793
vn 0.0000000 0.7071070 0.7071065
vn 0.0000000 0.3826839 0.9238793
vn 0.0000000 0.7071070 0.7071065
vn 0.0000000 0.7071070 0.7071065
vn 0.0000000 0.0000000 1.0000000
vn 0.0000000 0.0000000 1.0000000
vn 0.0000000 0.3826839 0.9238793
vn 0.0000000 0.0000000 1.0000000
vn 0.0000000 0.3826839 0.9238793
vn 0.0000000 0.3826839 0.9238793
vn 0.0000000 0.0000000 1.0000000
vn 0.0000000 -0.3826835 0.9238795
vn 0.0000000 -0.3826835 0.9238795
vn 0.0000000 0.0000000 1.0000000
vn 0.0000000 -0.3826835 0.9238795
vn 0.0000000 0.0000000 1.0000000
vn 0.0000000 -0.3826835 0.9238795
vn 0.0000000 -0.7071066 0.7071069
vn 0.0000000 -0.7071066 0.7071069
vn 0.0000000 -0.3826835 0.9238795
vn 0.0000000 -0.7071066 0.7071069
vn 0.0000000 -0.3826835 0.9238795
vn 0.0000000 -0.7071066 0.7071069
vn 0.0000000 -0.9238795 0.3826834
vn 0.0000000 -0.9238795 0.3826834
vn 0.0000000 -0.7071066 0.7071069
vn 0.0000000 -0.9238795 0.3826834
vn 0.0000000 -0.7071066 0.7071069
vn 0.0000000 -0.9238795 0.3826834
vn 0.0000000 -1.0000000 0.0000000
vn 0.0000000 -1.0000000 0.0000000
vn 0.0000000 -0.9238795 0.3826834
vn 0.0000000 -1.0000000 0.0000000
vn 0.0000000 -0.9238795 0.3826834
vn 0.0000000 -1.0000000 0.0000000
vn 0.0000000 -0.9238795 -0.3826834
vn 0.0000000 -0.9238795 -0.3826834
vn 0.0000000 -1.0000000 0.0000000
vn 0.0000000 -0.9238795 -0.3826834
vn 0.0000000 -1.0000000 0.0000000
vn 0.0000000 -0.9238795 -0.3826834
vn 0.0000000 -0.7071066 -0.7071069
vn 0.0000000 -0.7071066 -0.7071069
vn 0.0000000 -0.9238795 -0.3826834
vn 0.0000000 -0.7071066 -0.7071069
vn 0.0000000 -0.9238795 -0.3826834
vn 0.0000000 -0.7071066 -0.7071069
vn 0.0000000 -0.3826835 -0.9238795
vn 0.0000000 -0.3826835 -0.9238795
vn 0.0000000 -0.7071066 -0.7071069
vn 0.0000000 -0.3826835 -0.9238795
vn 0.0000000 -0.7071066 -0.7071069
vn 0.0000000 -0.3826835 -0.9238795
vn 0.0000000 0.0000000 -1.0000000
vn 0.0000000 0.0000000 -1.0000000
vn 0.0000000 -0.3826835 -0.9238795
vn 0.0000000 0.0000000 -1.0000000
vn 0.0000000 -0.3826835 -0.9238795
vn -1.0000000 0.0000000 0.0000000
vn -1.0000000 0.0000000 0.0000000
vn -1.0000000 0.0000000 0.0000000
vn -1.0000000 0.0000000 0.0000000
vn -1.0000000 0.0000000 0.0000000
vn -1.0000000 0.0000000 0.0000000
vn -1.0000000 0.0000000 0.0000000
vn -1.0000000 0.0000000 0.0000000
vn -1.0000000 0.0000000 0.0000000
vn -1.0000000 0.0000000 0.0000000
vn -1.0000000 0.0000000 0.0000000
vn -1.0000000 0.0000000 0.0000000
vn -1.0000000 0.0000000 0.0000000
vn -1.0000000 0.0000000 0.0000000
vn -1.0000000 0.0000000 0.0000000
vn -1.0000000 0.0000000 0.0000000
vn -1.0000000 0.0000000 0.0000000
vn -1.0000000 0.0000000 0.0000000
vn -1.0000000 0.0000000 0.0000000
vn -1.0000000 0.0000000 0.0000000
vn -1.0000000 0.0000000 0.0000000
vn -1.0000000 0.0000000 0.0000000
vn -1.0000000 0.0000000 0.0000000
vn -1.0000000 0.0000000 0.0000000
vn -1.0000000 0.0000000 0.0000000
vn -1.0000000 0.0000000 0.0000000
vn -1.0000000 0.0000000 0.0000000
vn -1.0000000 0.0000000 0.0000000
vn -1.0000000 0.0000000 0.0000000
vn -1.0000000 0.0000000 0.0000000
vn -1.0000000 0.0000000 0.0000000
vn -1.0000000 0.0000000 0.0000000
vn -1.0000000 0.0000000 0.0000000
vn -1.0000000 0.0000000 0.0000000
vn -1.0000000 0.0000000 0.0000000
vn -1.0000000 0.0000000 0.0000000
vn -1.0000000 0.0000000 0.0000000
vn -1.0000000 0.0000000 0.0000000
vn -1.0000000 0.0000000 0.0000000
vn -1.0000000 0.0000000 0.0000000
vn -1.0000000 0.0000000 0.0000000
vn -1.0000000 0.0000000 0.0000000
vn 1.0000000 0.0000000 0.0000000
vn 1.0000000 0.0000000 0.0000000
vn 1.0000000 0.0000000 0.0000000
vn 1.0000000 0.0000000 0.0000000
vn 1.0000000 0.0000000 0.0000000
vn 1.0000000 0.0000000 0.0000000
vn 1.0000000 0.0000000 0.0000000
vn 1.0000000 0.0000000 0.0000000
vn 1.0000000 0.0000000 0.0000000
vn 1.0000000 0.0000000 0.0000000
vn 1.0000000 0.0000000 0.0000000
vn 1.0000000 0.0000000 0.0000000
vn 1.0000000 0.0000000 0.0000000
vn 1.0000000 0.0000000 0.0000000
vn 1.0000000 0.0000000 0.0000000
vn 1.0000000 0.0000000 0.0000000
vn 1.0000000 0.0000000 0.0000000
vn 1.0000000 0.0000000 0.0000000
vn 1.0000000 0.0000000 0.0000000
vn 1.0000000 0.0000000 0.0000000
vn 1.0000000 0.0000000 0.0000000
vn 1.0000000 0.0000000 0.0000000
vn 1.0000000 0.0000000 0.0000000
vn 1.0000000 0.0000000 0.0000000
vn 1.0000000 0.0000000 0.0000000
vn 1.0000000 0.0000000 0.0000000
vn 1.0000000 0.0000000 0.0000000
vn 1.0000000 0.0000000 0.0000000
vn 1.0000000 0.0000000 0.0000000
vn 1.0000000 0.0000000 0.0000000
vn 1.0000000 0.0000000 0.0000000
vn 1.0000000 0.0000000 0.0000000
vn 1.0000000 0.0000000 0.0000000
vn 1.0000000 0.0000000 0.0000000
vn 1.0000000 0.0000000 0.0000000
vn 1.0000000 0.0000000 0.0000000
vn 1.0000000 0.0000000 0.0000000
vn 1.0000000 0.0000000 0.0000000
vn 1.0000000 0.0000000 0.0000000
vn 1.0000000 0.0000000 0.0000000
vn 1.0000000 0.0000000 0.0000000
vn 1.0000000 0.0000000 0.0000000
vn 0.0000000 0.1305260 -0.9914449
vn 0.0000000 0.1305260 -0.9914449
vn 0.0000000 0.1305260 -0.9914449
vn 0.0000000 0.1305260 -0.9914449
vn 0.0000000 0.1305260 -0.9914449
vn 0.0000000 0.1305260 -0.9914449
vn 0.0000000 0.1305260 -0.9914449
vn 0.0000000 0.1305260 -0.9914449
vn 0.0000000 0.1305260 -0.9914449
vn 0.0000000 0.3826835 -0.9238795
vn 0.0000000 0.3826835 -0.9238795
vn 0.0000000 0.3826835 -0.9238795
vn 0.0000000 0.3826835 -0.9238795
vn 0.0000000 0.3826835 -0.9238795
vn 0.0000000 0.3826835 -0.9238795
vn 0.0000000 0.3826835 -0.9238795
vn 0.0000000 0.3826835 -0.9238795
vn 0.0000000 0.3826835 -0.9238795
vn 0.0000000 0.6087613 -0.7933535
vn 0.0000000 0.6087613 -0.7933535
vn 0.0000000 0.6087613 -0.7933535
vn 0.0000000 0.6087613 -0.7933535
vn 0.0000000 0.6087613 -0.7933535
vn 0.0000000 0.6087613 -0.7933535
vn 0.0000000 0.6087613 -0.7933535
vn 0.0000000 0.6087613 -0.7933535
vn 0.0000000 0.6087613 -0.7933535
vn 0.0000000 0.7933535 -0.6087612
vn 0.0000000 0.7933535 -0.6087612
vn 0.0000000 0.7933535 -0.6087612
vn 0.0000000 0.7933535 -0.6087612
vn 0.0000000 0.7933535 -0.6087612
vn 0.0000000 0.7933535 -0.6087612
vn 0.0000000 0.7933535 -0.6087612
vn 0.0000000 0.7933535 -0.6087612
vn 0.0000000 0.7933535 -0.6087612
vn 0.0000000 0.9238791 -0.3826844
vn 0.0000000 0.9238791 -0.3826844
vn 0.0000000 0.9238791 -0.3826844
vn 0.0000000 0.9238791 -0.3826844
vn 0.0000000 0.9238791 -0.3826844
vn 0.0000000 0.9238791 -0.3826844
vn 0.0000000 0.9238791 -0.3826844
vn 0.0000000 0.9238791 -0.3826844
vn 0.0000000 0.9238791 -0.3826844
vn 0.0000000 0.9914449 -0.1305260
vn 0.0000000 0.9914449 -0.1305260
vn 0.0000000 0.9914449 -0.1305260
vn 0.0000000 0.9914449 -0.1305260
vn 0.0000000 0.9914449 -0.1305260
vn 0.0000000 0.9914449 -0.1305260
vn 0.0000000 0.9914449 -0.1305260
vn 0.0000000 0.9914449 -0.1305260
vn 0.0000000 0.9914449 -0.1305260
vn 0.0000000 0.9914449 0.1305260
vn 0.0000000 0.9914449 0.1305260
vn 0.0000000 0.9914449 0.1305260
vn 0.0000000 0.9914449 0.1305260
vn 0.0000000 0.9914449 0.1305260
vn 0.0000000 0.9914449 0.1305260
vn 0.0000000 0.9914449 0.1305260
vn 0.0000000 0.9914449 0.1305260
vn 0.0000000 0.9914449 0.1305260
vn 0.0000000 0.9238791 0.3826844
vn 0.0000000 0.9238791 0.3826844
vn 0.0000000 0.9238791 0.3826844
vn 0.0000000 0.9238791 0.3826844
vn 0.0000000 0.9238791 0.3826844
vn 0.0000000 0.9238791 0.3826844
vn 0.0000000 0.9238791 0.3826844
vn 0.0000000 0.9238791 0.3826844
vn 0.0000000 0.9238791 0.3826844
vn 0.0000000 0.7933535 0.6087612
vn 0.0000000 0.7933535 0.6087612
vn 0.0000000 0.7933535 0.6087612
vn 0.0000000 0.7933535 0.6087612
vn 0.0000000 0.7933535 0.6087612
vn 0.0000000 0.7933535 0.6087612
vn 0.0000000 0.7933535 0.6087612
vn 0.0000000 0.7933535 0.6087612
vn 0.0000000 0.7933535 0.6087612
vn 0.0000000 0.6087613 0.7933535
vn 0.0000000 0.6087613 0.7933535
vn 0.0000000 0.6087613 0.7933535
vn 0.0000000 0.6087613 0.7933535
vn 0.0000000 0.6087613 0.7933535
vn 0.0000000 0.6087613 0.7933535
vn 0.0000000 0.6087613 0.7933535
vn 0.0000000 0.6087613 0.7933535
vn 0.0000000 0.6087613 0.7933535
vn 0.0000000 0.3826835 0.9238795
vn 0.0000000 0.3826835 0.9238795
vn 0.0000000 0.3826835 0.9238795
vn 0.0000000 0.3826835 0.9238795
vn 0.0000000 0.3826835 0.9238795
vn 0.0000000 0.3826835 0.9238795
vn 0.0000000 0.3826835 0.9238795
vn 0.0000000 0.3826835 0.9238795
vn 0.0000000 0.3826835 0.9238795
vn 0.0000000 0.1305260 0.9914449
vn 0.0000000 0.1305260 0.9914449
vn 0.0000000 0.1305260 0.9914449
vn 0.0000000 0.1305260 0.9914449
vn 0.0000000 0.1305260 0.9914449
vn 0.0000000 0.1305260 0.9914449
vn 0.0000000 0.1305260 0.9914449
vn 0.0000000 0.1305260 0.9914449
vn 0.0000000 0.1305260 0.9914449
vn 0.0000000 -0.1291292 0.9916278
vn 0.0000000 -0.1291292 0.9916278
vn 0.0000000 -0.1291292 0.9916278
vn 0.0000000 -0.1291292 0.9916278
vn 0.0000000 -0.1291292 0.9916278
vn 0.0000000 -0.1291292 0.9916278
vn 0.0000000 -0.1291292 0.9916278
vn 0.0000000 -0.1291292 0.9916278
vn 0.0000000 -0.1291292 0.9916278
vn 0.0000000 -0.3826838 0.9238794
vn 0.0000000 -0.3826838 0.9238794
vn 0.0000000 -0.3826838 0.9238794
vn 0.0000000 -0.3826838 0.9238794
vn 0.0000000 -0.3826838 0.9238794
vn 0.0000000 -0.3826838 0.9238794
vn 0.0000000 -0.3826838 0.9238794
vn 0.0000000 -0.3826838 0.9238794
vn 0.0000000 -0.3826838 0.9238794
vn 0.0000000 -0.6087613 0.7933534
vn 0.0000000 -0.6087613 0.7933534
vn 0.0000000 -0.6087613 0.7933534
vn 0.0000000 -0.6087613 0.7933534
vn 0.0000000 -0.6087613 0.7933534
vn 0.0000000 -0.6087613 0.7933534
vn 0.0000000 -0.6087613 0.7933534
vn 0.0000000 -0.6087613 0.7933534
vn 0.0000000 -0.6087613 0.7933534
vn 0.0000000 -0.7933532 0.6087617
vn 0.0000000 -0.7933532 0.6087617
vn 0.0000000 -0.7933532 0.6087617
vn 0.0000000 -0.7933532 0.6087617
vn 0.0000000 -0.7933532 0.6087617
vn 0.0000000 -0.7933532 0.6087617
vn 0.0000000 -0.7933532 0.6087617
vn 0.0000000 -0.7933532 0.6087617
vn 0.0000000 -0.7933532 0.6087617
vn 0.0000000 -0.9238794 0.3826838
vn 0.0000000 -0.9238794 0.3826838
vn 0.0000000 -0.9238794 0.3826838
vn 0.0000000 -0.9238794 0.3826838
vn 0.0000000 -0.9238794 0.3826838
vn 0.0000000 -0.9238794 0.3826838
vn 0.0000000 -0.9238794 0.3826838
vn 0.0000000 -0.9238794 0.3826838
vn 0.0000000 -0.9238794 0.3826838
vn 0.0000000 -0.9914448 0.1305267
vn 0.0000000 -0.9914448 0.1305267
vn 0.0000000 -0.9914448 0.1305267
vn 0.0000000 -0.9914448 0.1305267
vn 0.0000000 -0.9914448 0.1305267
vn 0.0000000 -0.9914448 0.1305267
vn 0.0000000 -0.9914448 0.1305267
vn 0.0000000 -0.9914448 0.1305267
vn 0.0000000 -0.9914448 0.1305267
vn 0.0000000 -0.9914448 -0.1305267
vn 0.0000000 -0.9914448 -0.1305267
vn 0.0000000 -0.9914448 -0.1305267
vn 0.0000000 -0.9914448 -0.1305267
vn 0.0000000 -0.9914448 -0.1305267
vn 0.0000000 -0.9914448 -0.1305267
vn 0.0000000 -0.9914448 -0.1305267
vn 0.0000000 -0.9914448 -0.1305267
vn 0.0000000 -0.9914448 -0.1305267
vn 0.0000000 -0.9238794 -0.3826838
vn 0.0000000 -0.9238794 -0.3826838
vn 0.0000000 -0.9238794 -0.3826838
vn 0.0000000 -0.9238794 -0.3826838
vn 0.0000000 -0.9238794 -0.3826838
vn 0.0000000 -0.9238794 -0.3826838
vn 0.0000000 -0.9238794 -0.3826838
vn 0.0000000 -0.9238794 -0.3826838
vn 0.0000000 -0.9238794 -0.3826838
vn 0.0000000 -0.7933532 -0.6087617
vn 0.0000000 -0.7933532 -0.6087617
vn 0.0000000 -0.7933532 -0.6087617
vn 0.0000000 -0.7933532 -0.6087617
vn 0.0000000 -0.7933532 -0.6087617
vn 0.0000000 -0.7933532 -0.6087617
vn 0.0000000 -0.7933532 -0.6087617
vn 0.0000000 -0.7933532 -0.6087617
vn 0.0000000 -0.7933532 -0.6087617
vn 0.0000000 -0.6087613 -0.7933534
vn 0.0000000 -0.6087613 -0.7933534
vn 0.0000000 -0.6087613 -0.7933534
vn 0.0000000 -0.6087613 -0.7933534
vn 0.0000000 -0.6087613 -0.7933534
vn 0.0000000 -0.6087613 -0.7933534
vn 0.0000000 -0.6087613 -0.7933534
vn 0.0000000 -0.6087613 -0.7933534
vn 0.0000000 -0.6087613 -0.7933534
vn 0.0000000 -0.3826838 -0.9238794
vn 0.0000000 -0.3826838 -0.9238794
vn 0.0000000 -0.3826838 -0.9238794
vn 0.0000000 -0.3826838 -0.9238794
vn 0.0000000 -0.3826838 -0.9238794
vn 0.0000000 -0.3826838 -0.9238794
vn 0.0000000 -0.3826838 -0.9238794
vn 0.0000000 -0.3826838 -0.9238794
vn 0.0000000 -0.3826838 -0.9238794
vn 0.0000000 -0.1291292 -0.9916278
vn 0.0000000 -0.1291292 -0.9916278
vn 0.0000000 -0.1291292 -0.9916278
vn 0.0000000 -0.1291292 -0.9916278
vn 0.0000000 -0.1291292 -0.9916278
vn 0.0000000 -0.1291292 -0.9916278
vn 0.0000000 -0.1291292 -0.9916278
vn 0.0000000 -0.1291292 -0.9916278
vn 0.0000000 -0.1291292 -0.9916278
vn 0.0000000 -0.9914449 -0.1305262
vn 0.0000000 -0.9914449 -0.1305262
vn 0.0000000 -0.9914449 -0.1305262
vn 0.0000000 -0.9914449 -0.1305262
vn 0.0000000 -0.9914449 -0.1305262
vn 0.0000000 -0.9914449 -0.1305262
vn 0.0000000 -0.9914449 -0.1305262
vn 0.0000000 -0.9914449 -0.1305262
vn 0.0000000 -0.9914449 -0.1305262
vn 1.0000000 0.0000000 -0.0000014
vn 1.0000000 0.0000000 -0.0000014
vn 1.0000000 0.0000000 -0.0000014
vn 1.0000000 0.0000000 -0.0000014
vn 1.0000000 0.0000000 -0.0000014
vn 1.0000000 0.0000000 -0.0000014
vn 1.0000000 0.0000000 0.0000000
vn 1.0000000 0.0000000 0.0000000
vn 1.0000000 0.0000000 0.0000000
vn 1.0000000 0.0000000 0.0000000
vn 1.0000000 0.0000000 0.0000000
vn 1.0000000 0.0000000 0.0000000
vn 1.0000000 0.0000000 -0.0000007
vn 1.0000000 0.0000000 -0.0000007
vn 1.0000000 0.0000000 -0.0000007
vn 1.0000000 0.0000000 -0.0000007
vn 1.0000000 0.0000000 -0.0000007
vn 1.0000000 0.0000000 -0.0000007
vn 1.0000000 0.0000000 0.0000000
vn 1.0000000 0.0000000 0.0000000
vn 1.0000000 0.0000000 0.0000000
vn 1.0000000 0.0000000 0.0000000
vn 1.0000000 0.0000000 0.0000000
vn 1.0000000 0.0000000 0.0000000
vn 1.0000000 0.0000000 -0.0000003
vn 1.0000000 0.0000000 -0.0000003
vn 1.0000000 0.0000000 -0.0000003
vn 1.0000000 0.0000000 -0.0000003
vn 1.0000000 0.0000000 -0.0000003
vn 1.0000000 0.0000000 -0.0000003
vn 1.0000000 0.0000000 -0.0000002
vn 1.0000000 0.0000000 -0.0000002
vn 1.0000000 0.0000000 -0.0000002
vn 1.0000000 0.0000000 -0.0000002
vn 1.0000000 0.0000000 -0.0000002
vn 1.0000000 0.0000000 -0.0000002
vn 1.0000000 0.0000000 0.0000000
vn 1.0000000 0.0000000 0.0000000
vn 1.0000000 0.0000000 0.0000000
vn 1.0000000 0.0000000 0.0000000
vn 1.0000000 0.0000000 0.0000000
vn 1.0000000 0.0000000 0.0000000
vn 1.0000000 0.0000000 -0.0000003
vn 1.0000000 0.0000000 -0.0000003
vn 1.0000000 0.0000000 -0.0000003
vn 1.0000000 0.0000000 -0.0000003
vn 1.0000000 0.0000000 -0.0000003
vn 1.0000000 0.0000000 -0.0000003
vn 1.0000000 0.0000000 0.0000000
vn 1.0000000 0.0000000 0.0000000
vn 1.0000000 0.0000000 0.0000000
vn 1.0000000 0.0000000 0.0000000
vn 1.0000000 0.0000000 0.0000000
vn 1.0000000 0.0000000 0.0000000
vn 1.0000000 0.0000000 0.0000000
vn 1.0000000 0.0000000 0.0000000
vn 1.0000000 0.0000000 0.0000000
vn 1.0000000 0.0000000 0.0000000
vn 1.0000000 0.0000000 0.0000000
vn 1.0000000 0.0000000 0.0000000
vn 1.0000000 0.0000000 0.0000000
vn 1.0000000 0.0000000 0.0000000
vn 1.0000000 0.0000000 0.0000000
vn 1.0000000 0.0000000 0.0000000
vn 1.0000000 0.0000000 0.0000000
vn 1.0000000 0.0000000 0.0000000
vn 0.0000000 -0.9914449 0.1305262
vn 0.0000000 -0.9914449 0.1305262
vn 0.0000000 -0.9914449 0.1305262
vn 0.0000000 -0.9914449 0.1305262
vn 0.0000000 -0.9914449 0.1305262
vn 0.0000000 -0.9914449 0.1305262
vn 0.0000000 -0.9914449 0.1305262
vn 0.0000000 -0.9914449 0.1305262
vn 0.0000000 -0.9914449 0.1305262
vn 1.0000000 0.0000000 0.0000014
vn 1.0000000 0.0000000 0.0000014
vn 1.0000000 0.0000000 0.0000014
vn 1.0000000 0.0000000 0.0000014
vn 1.0000000 0.0000000 0.0000014
vn 1.0000000 0.0000000 0.0000014
vn 0.0000000 -0.9659255 0.2588201
vn 0.0000000 -0.9659256 0.2588199
vn 0.0000000 -0.9659255 0.2588202
vn 0.0000000 -0.9659255 0.2588201
vn 0.0000000 -0.9659255 0.2588201
vn 0.0000000 -0.9659255 0.2588202
vn 0.0000000 -0.9659255 0.2588201
vn 0.0000000 -0.9659255 0.2588202
vn 0.0000000 -0.9659255 0.2588203
vn 0.0000000 -0.9659255 0.2588201
vn 0.0000000 -0.9659255 0.2588203
vn 0.0000000 -0.9659256 0.2588199
vn 0.0000000 -0.9659255 -0.2588202
vn 0.0000000 -0.9659255 -0.2588201
vn 0.0000000 -0.9659256 -0.2588199
vn 0.0000000 -0.9659255 -0.2588202
vn 0.0000000 -0.9659255 -0.2588201
vn 0.0000000 -0.9659255 -0.2588201
vn 0.0000000 -0.9659255 -0.2588202
vn 0.0000000 -0.9659255 -0.2588203
vn 0.0000000 -0.9659255 -0.2588201
vn 0.0000000 -0.9659255 -0.2588203
vn 0.0000000 -0.9659256 -0.2588199
vn 0.0000000 -0.9659255 -0.2588201
vn 0.5000404 0.1670174 -0.8497440
vn 0.9999992 -0.0000779 0.0012638
vn 0.9997909 -0.0041933 0.0200143
vn 0.5000404 0.1670174 -0.8497440
vn 0.9997909 -0.0041933 0.0200143
vn 0.5085554 0.1685332 -0.8443743
vn -0.5000405 0.1670174 -0.8497439
vn 0.5000404 0.1670174 -0.8497440
vn 0.5085554 0.1685332 -0.8443743
vn -0.5000405 0.1670174 -0.8497439
vn 0.5085554 0.1685332 -0.8443743
vn -0.5085553 0.1685332 -0.8443744
vn -0.9999992 -0.0000779 0.0012642
vn -0.5000405 0.1670174 -0.8497439
vn -0.5085553 0.1685332 -0.8443744
vn -0.9999992 -0.0000779 0.0012642
vn -0.5085553 0.1685332 -0.8443744
vn -0.9997909 -0.0041933 0.0200149
vn -0.9999992 -0.0000779 0.0012642
vn -0.9997909 -0.0041933 0.0200149
vn -0.4908654 -0.1714354 0.8542020
vn -0.9999992 -0.0000779 0.0012642
vn -0.4908654 -0.1714354 0.8542020
vn -0.4989508 -0.1663216 0.8505206
vn -0.4989508 -0.1663216 0.8505206
vn -0.4908654 -0.1714354 0.8542020
vn 0.4908649 -0.1714354 0.8542023
vn -0.4989508 -0.1663216 0.8505206
vn 0.4908649 -0.1714354 0.8542023
vn 0.4989501 -0.1663217 0.8505210
vn 0.4989501 -0.1663217 0.8505210
vn 0.4908649 -0.1714354 0.8542023
vn 0.9997909 -0.0041933 0.0200143
vn 0.4989501 -0.1663217 0.8505210
vn 0.9997909 -0.0041933 0.0200143
vn 0.9999992 -0.0000779 0.0012638
vn 0.4868601 0.2515360 -0.8364788
vn 0.9994783 0.0095174 -0.0308626
vn 0.9999992 -0.0000779 0.0012638
vn 0.4868601 0.2515360 -0.8364788
vn 0.9999992 -0.0000779 0.0012638
vn 0.5000404 0.1670174 -0.8497440
vn -0.4868603 0.2515361 -0.8364787
vn 0.4868601 0.2515360 -0.8364788
vn 0.5000404 0.1670174 -0.8497440
vn -0.4868603 0.2515361 -0.8364787
vn 0.5000404 0.1670174 -0.8497440
vn -0.5000405 0.1670174 -0.8497439
vn -0.9994783 0.0095174 -0.0308620
vn -0.4868603 0.2515361 -0.8364787
vn -0.5000405 0.1670174 -0.8497439
vn -0.9994783 0.0095174 -0.0308620
vn -0.5000405 0.1670174 -0.8497439
vn -0.9999992 -0.0000779 0.0012642
vn -0.9994783 0.0095174 -0.0308620
vn -0.9999992 -0.0000779 0.0012642
vn -0.4989508 -0.1663216 0.8505206
vn -0.9994783 0.0095174 -0.0308620
vn -0.4989508 -0.1663216 0.8505206
vn -0.5149310 -0.2456887 0.8212692
vn -0.5149310 -0.2456887 0.8212692
vn -0.4989508 -0.1663216 0.8505206
vn 0.4989501 -0.1663217 0.8505210
vn -0.5149310 -0.2456887 0.8212692
vn 0.4989501 -0.1663217 0.8505210
vn 0.5149311 -0.2456888 0.8212691
vn 0.5149311 -0.2456888 0.8212691
vn 0.4989501 -0.1663217 0.8505210
vn 0.9999992 -0.0000779 0.0012638
vn 0.5149311 -0.2456888 0.8212691
vn 0.9999992 -0.0000779 0.0012638
vn 0.9994783 0.0095174 -0.0308626
vn 0.4868195 0.4128142 -0.7697995
vn 0.9995026 0.0148859 -0.0278007
vn 0.9994783 0.0095174 -0.0308626
vn 0.4868195 0.4128142 -0.7697995
vn 0.9994783 0.0095174 -0.0308626
vn 0.4868601 0.2515360 -0.8364788
vn -0.4868195 0.4128142 -0.7697995
vn 0.4868195 0.4128142 -0.7697995
vn 0.4868601 0.2515360 -0.8364788
vn -0.4868195 0.4128142 -0.7697995
vn 0.4868601 0.2515360 -0.8364788
vn -0.4868603 0.2515361 -0.8364787
vn -0.9995027 0.0148856 -0.0277997
vn -0.4868195 0.4128142 -0.7697995
vn -0.4868603 0.2515361 -0.8364787
vn -0.9995027 0.0148856 -0.0277997
vn -0.4868603 0.2515361 -0.8364787
vn -0.9994783 0.0095174 -0.0308620
vn -0.9995027 0.0148856 -0.0277997
vn -0.9994783 0.0095174 -0.0308620
vn -0.5149310 -0.2456887 0.8212692
vn -0.9995027 0.0148856 -0.0277997
vn -0.5149310 -0.2456887 0.8212692
vn -0.5141489 -0.4054386 0.7558243
vn -0.5141489 -0.4054386 0.7558243
vn -0.5149310 -0.2456887 0.8212692
vn 0.5149311 -0.2456888 0.8212691
vn -0.5141489 -0.4054386 0.7558243
vn 0.5149311 -0.2456888 0.8212691
vn 0.5141499 -0.4054387 0.7558236
vn 0.5141499 -0.4054387 0.7558236
vn 0.5149311 -0.2456888 0.8212691
vn 0.9994783 0.0095174 -0.0308626
vn 0.5141499 -0.4054387 0.7558236
vn 0.9994783 0.0095174 -0.0308626
vn 0.9995026 0.0148859 -0.0278007
vn 0.4870972 0.5548553 -0.6744420
vn 0.9995250 0.0195721 -0.0238048
vn 0.9995026 0.0148859 -0.0278007
vn 0.4870972 0.5548553 -0.6744420
vn 0.9995026 0.0148859 -0.0278007
vn 0.4868195 0.4128142 -0.7697995
vn -0.4870971 0.5548552 -0.6744421
vn 0.4870972 0.5548553 -0.6744420
vn 0.4868195 0.4128142 -0.7697995
vn -0.4870971 0.5548552 -0.6744421
vn 0.4868195 0.4128142 -0.7697995
vn -0.4868195 0.4128142 -0.7697995
vn -0.9995250 0.0195720 -0.0238045
vn -0.4870971 0.5548552 -0.6744421
vn -0.4868195 0.4128142 -0.7697995
vn -0.9995250 0.0195720 -0.0238045
vn -0.4868195 0.4128142 -0.7697995
vn -0.9995027 0.0148856 -0.0277997
vn -0.9995250 0.0195720 -0.0238045
vn -0.9995027 0.0148856 -0.0277997
vn -0.5141489 -0.4054386 0.7558243
vn -0.9995250 0.0195720 -0.0238045
vn -0.5141489 -0.4054386 0.7558243
vn -0.5138016 -0.5450841 0.6624886
vn -0.5138016 -0.5450841 0.6624886
vn -0.5141489 -0.4054386 0.7558243
vn 0.5141499 -0.4054387 0.7558236
vn -0.5138016 -0.5450841 0.6624886
vn 0.5141499 -0.4054387 0.7558236
vn 0.5138022 -0.5450841 0.6624882
vn 0.5138022 -0.5450841 0.6624882
vn 0.5141499 -0.4054387 0.7558236
vn 0.9995026 0.0148859 -0.0278007
vn 0.5138022 -0.5450841 0.6624882
vn 0.9995026 0.0148859 -0.0278007
vn 0.9995250 0.0195721 -0.0238048
vn 0.4872622 0.6741867 -0.5550206
vn 0.9995253 0.0237223 -0.0196568
vn 0.9995250 0.0195721 -0.0238048
vn 0.4872622 0.6741867 -0.5550206
vn 0.9995250 0.0195721 -0.0238048
vn 0.4870972 0.5548553 -0.6744420
vn -0.4872615 0.6741870 -0.5550207
vn 0.4872622 0.6741867 -0.5550206
vn 0.4870972 0.5548553 -0.6744420
vn -0.4872615 0.6741870 -0.5550207
vn 0.4870972 0.5548553 -0.6744420
vn -0.4870971 0.5548552 -0.6744421
vn -0.9995253 0.0237223 -0.0196570
vn -0.4872615 0.6741870 -0.5550207
vn -0.4870971 0.5548552 -0.6744421
vn -0.9995253 0.0237223 -0.0196570
vn -0.4870971 0.5548552 -0.6744421
vn -0.9995250 0.0195720 -0.0238045
vn -0.9995253 0.0237223 -0.0196570
vn -0.9995250 0.0195720 -0.0238045
vn -0.5138016 -0.5450841 0.6624886
vn -0.9995253 0.0237223 -0.0196570
vn -0.5138016 -0.5450841 0.6624886
vn -0.5139970 -0.6625839 0.5447840
vn -0.5139970 -0.6625839 0.5447840
vn -0.5138016 -0.5450841 0.6624886
vn 0.5138022 -0.5450841 0.6624882
vn -0.5139970 -0.6625839 0.5447840
vn 0.5138022 -0.5450841 0.6624882
vn 0.5139950 -0.6625847 0.5447851
vn 0.5139950 -0.6625847 0.5447851
vn 0.5138022 -0.5450841 0.6624882
vn 0.9995250 0.0195721 -0.0238048
vn 0.5139950 -0.6625847 0.5447851
vn 0.9995250 0.0195721 -0.0238048
vn 0.9995253 0.0237223 -0.0196568
vn 0.4905709 0.7546558 -0.4357003
vn 0.9997667 0.0187044 -0.0107991
vn 0.9995253 0.0237223 -0.0196568
vn 0.4905709 0.7546558 -0.4357003
vn 0.9995253 0.0237223 -0.0196568
vn 0.4872622 0.6741867 -0.5550206
vn -0.4905705 0.7546561 -0.4357003
vn 0.4905709 0.7546558 -0.4357003
vn 0.4872622 0.6741867 -0.5550206
vn -0.4905705 0.7546561 -0.4357003
vn 0.4872622 0.6741867 -0.5550206
vn -0.4872615 0.6741870 -0.5550207
vn -0.9997667 0.0187044 -0.0107991
vn -0.4905705 0.7546561 -0.4357003
vn -0.4872615 0.6741870 -0.5550207
vn -0.9997667 0.0187044 -0.0107991
vn -0.4872615 0.6741870 -0.5550207
vn -0.9995253 0.0237223 -0.0196570
vn -0.9997667 0.0187044 -0.0107991
vn -0.9995253 0.0237223 -0.0196570
vn -0.5139970 -0.6625839 0.5447840
vn -0.9997667 0.0187044 -0.0107991
vn -0.5139970 -0.6625839 0.5447840
vn -0.5092313 -0.7453275 0.4303144
vn -0.5092313 -0.7453275 0.4303144
vn -0.5139970 -0.6625839 0.5447840
vn 0.5139950 -0.6625847 0.5447851
vn -0.5092313 -0.7453275 0.4303144
vn 0.5139950 -0.6625847 0.5447851
vn 0.5092298 -0.7453282 0.4303150
vn 0.5092298 -0.7453282 0.4303150
vn 0.5139950 -0.6625847 0.5447851
vn 0.9995253 0.0237223 -0.0196568
vn 0.5092298 -0.7453282 0.4303150
vn 0.9995253 0.0237223 -0.0196568
vn 0.9997667 0.0187044 -0.0107991
vn 0.4872628 0.8177551 -0.3063522
vn 0.9995254 0.0288830 -0.0107149
vn 0.9997667 0.0187044 -0.0107991
vn 0.4872628 0.8177551 -0.3063522
vn 0.9997667 0.0187044 -0.0107991
vn 0.4905709 0.7546558 -0.4357003
vn -0.4872628 0.8177551 -0.3063522
vn 0.4872628 0.8177551 -0.3063522
vn 0.4905709 0.7546558 -0.4357003
vn -0.4872628 0.8177551 -0.3063522
vn 0.4905709 0.7546558 -0.4357003
vn -0.4905705 0.7546561 -0.4357003
vn -0.9995254 0.0288830 -0.0107150
vn -0.4872628 0.8177551 -0.3063522
vn -0.4905705 0.7546561 -0.4357003
vn -0.9995254 0.0288830 -0.0107150
vn -0.4905705 0.7546561 -0.4357003
vn -0.9997667 0.0187044 -0.0107991
vn -0.9995254 0.0288830 -0.0107150
vn -0.9997667 0.0187044 -0.0107991
vn -0.5092313 -0.7453275 0.4303144
vn -0.9995254 0.0288830 -0.0107150
vn -0.5092313 -0.7453275 0.4303144
vn -0.5139953 -0.8030899 0.3014225
vn -0.5139953 -0.8030899 0.3014225
vn -0.5092313 -0.7453275 0.4303144
vn 0.5092298 -0.7453282 0.4303150
vn -0.5139953 -0.8030899 0.3014225
vn 0.5092298 -0.7453282 0.4303150
vn 0.5139953 -0.8030898 0.3014226
vn 0.5139953 -0.8030898 0.3014226
vn 0.5092298 -0.7453282 0.4303150
vn 0.9997667 0.0187044 -0.0107991
vn 0.5139953 -0.8030898 0.3014226
vn 0.9997667 0.0187044 -0.0107991
vn 0.9995254 0.0288830 -0.0107149
vn 0.4872613 0.8613735 -0.1435689
vn 0.9995253 0.0303727 -0.0051617
vn 0.9995254 0.0288830 -0.0107149
vn 0.4872613 0.8613735 -0.1435689
vn 0.9995254 0.0288830 -0.0107149
vn 0.4872628 0.8177551 -0.3063522
vn -0.4872613 0.8613735 -0.1435690
vn 0.4872613 0.8613735 -0.1435689
vn 0.4872628 0.8177551 -0.3063522
vn -0.4872613 0.8613735 -0.1435690
vn 0.4872628 0.8177551 -0.3063522
vn -0.4872628 0.8177551 -0.3063522
vn -0.9995253 0.0303720 -0.0051619
vn -0.4872613 0.8613735 -0.1435690
vn -0.4872628 0.8177551 -0.3063522
vn -0.9995253 0.0303720 -0.0051619
vn -0.4872628 0.8177551 -0.3063522
vn -0.9995254 0.0288830 -0.0107150
vn -0.9995253 0.0303720 -0.0051619
vn -0.9995254 0.0288830 -0.0107150
vn -0.5139953 -0.8030899 0.3014225
vn -0.9995253 0.0303720 -0.0051619
vn -0.5139953 -0.8030899 0.3014225
vn -0.5139946 -0.8462077 0.1405064
vn -0.5139946 -0.8462077 0.1405064
vn -0.5139953 -0.8030899 0.3014225
vn 0.5139953 -0.8030898 0.3014226
vn -0.5139946 -0.8462077 0.1405064
vn 0.5139953 -0.8030898 0.3014226
vn 0.5139952 -0.8462074 0.1405065
vn 0.5139952 -0.8462074 0.1405065
vn 0.5139953 -0.8030898 0.3014226
vn 0.9995254 0.0288830 -0.0107149
vn 0.5139952 -0.8462074 0.1405065
vn 0.9995254 0.0288830 -0.0107149
vn 0.9995253 0.0303727 -0.0051617
vn 0.4905688 0.8714024 -0.0000008
vn 0.9997667 0.0216009 -0.0000001
vn 0.9995253 0.0303727 -0.0051617
vn 0.4905688 0.8714024 -0.0000008
vn 0.9995253 0.0303727 -0.0051617
vn 0.4872613 0.8613735 -0.1435689
vn -0.4905687 0.8714025 -0.0000008
vn 0.4905688 0.8714024 -0.0000008
vn 0.4872613 0.8613735 -0.1435689
vn -0.4905687 0.8714025 -0.0000008
vn 0.4872613 0.8613735 -0.1435689
vn -0.4872613 0.8613735 -0.1435690
vn -0.9997667 0.0216003 -0.0000001
vn -0.4905687 0.8714025 -0.0000008
vn -0.4872613 0.8613735 -0.1435690
vn -0.9997667 0.0216003 -0.0000001
vn -0.4872613 0.8613735 -0.1435690
vn -0.9995253 0.0303720 -0.0051619
vn -0.9997667 0.0216003 -0.0000001
vn -0.9995253 0.0303720 -0.0051619
vn -0.5139946 -0.8462077 0.1405064
vn -0.9997667 0.0216003 -0.0000001
vn -0.5139946 -0.8462077 0.1405064
vn -0.5092306 -0.8606301 0.0000008
vn -0.5092306 -0.8606301 0.0000008
vn -0.5139946 -0.8462077 0.1405064
vn 0.5139952 -0.8462074 0.1405065
vn -0.5092306 -0.8606301 0.0000008
vn 0.5139952 -0.8462074 0.1405065
vn 0.5092311 -0.8606298 0.0000008
vn 0.5092311 -0.8606298 0.0000008
vn 0.5139952 -0.8462074 0.1405065
vn 0.9995253 0.0303727 -0.0051617
vn 0.5092311 -0.8606298 0.0000008
vn 0.9995253 0.0303727 -0.0051617
vn 0.9997667 0.0216009 -0.0000001
vn 0.4872622 0.8613732 0.1435680
vn 0.9995253 0.0303717 0.0051615
vn 0.9997667 0.0216009 -0.0000001
vn 0.4872622 0.8613732 0.1435680
vn 0.9997667 0.0216009 -0.0000001
vn 0.4905688 0.8714024 -0.0000008
vn -0.4872622 0.8613732 0.1435681
vn 0.4872622 0.8613732 0.1435680
vn 0.4905688 0.8714024 -0.0000008
vn -0.4872622 0.8613732 0.1435681
vn 0.4905688 0.8714024 -0.0000008
vn -0.4905687 0.8714025 -0.0000008
vn -0.9995253 0.0303717 0.0051616
vn -0.4872622 0.8613732 0.1435681
vn -0.4905687 0.8714025 -0.0000008
vn -0.9995253 0.0303717 0.0051616
vn -0.4905687 0.8714025 -0.0000008
vn -0.9997667 0.0216003 -0.0000001
vn -0.9995253 0.0303717 0.0051616
vn -0.9997667 0.0216003 -0.0000001
vn -0.5092306 -0.8606301 0.0000008
vn -0.9995253 0.0303717 0.0051616
vn -0.5092306 -0.8606301 0.0000008
vn -0.5139953 -0.8462074 -0.1405057
vn -0.5139953 -0.8462074 -0.1405057
vn -0.5092306 -0.8606301 0.0000008
vn 0.5092311 -0.8606298 0.0000008
vn -0.5139953 -0.8462074 -0.1405057
vn 0.5092311 -0.8606298 0.0000008
vn 0.5139953 -0.8462074 -0.1405057
vn 0.5139953 -0.8462074 -0.1405057
vn 0.5092311 -0.8606298 0.0000008
vn 0.9997667 0.0216009 -0.0000001
vn 0.5139953 -0.8462074 -0.1405057
vn 0.9997667 0.0216009 -0.0000001
vn 0.9995253 0.0303717 0.0051615
vn 0.4872620 0.8177550 0.3063536
vn 0.9995254 0.0288832 0.0107154
vn 0.9995253 0.0303717 0.0051615
vn 0.4872620 0.8177550 0.3063536
vn 0.9995253 0.0303717 0.0051615
vn 0.4872622 0.8613732 0.1435680
vn -0.4872620 0.8177550 0.3063536
vn 0.4872620 0.8177550 0.3063536
vn 0.4872622 0.8613732 0.1435680
vn -0.4872620 0.8177550 0.3063536
vn 0.4872622 0.8613732 0.1435680
vn -0.4872622 0.8613732 0.1435681
vn -0.9995254 0.0288833 0.0107154
vn -0.4872620 0.8177550 0.3063536
vn -0.4872622 0.8613732 0.1435681
vn -0.9995254 0.0288833 0.0107154
vn -0.4872622 0.8613732 0.1435681
vn -0.9995253 0.0303717 0.0051616
vn -0.9995254 0.0288833 0.0107154
vn -0.9995253 0.0303717 0.0051616
vn -0.5139953 -0.8462074 -0.1405057
vn -0.9995254 0.0288833 0.0107154
vn -0.5139953 -0.8462074 -0.1405057
vn -0.5139948 -0.8030900 -0.3014229
vn -0.5139948 -0.8030900 -0.3014229
vn -0.5139953 -0.8462074 -0.1405057
vn 0.5139953 -0.8462074 -0.1405057
vn -0.5139948 -0.8030900 -0.3014229
vn 0.5139953 -0.8462074 -0.1405057
vn 0.5139948 -0.8030900 -0.3014229
vn 0.5139948 -0.8030900 -0.3014229
vn 0.5139953 -0.8462074 -0.1405057
vn 0.9995253 0.0303717 0.0051615
vn 0.5139948 -0.8030900 -0.3014229
vn 0.9995253 0.0303717 0.0051615
vn 0.9995254 0.0288832 0.0107154
vn 0.4905694 0.7546557 0.4357022
vn 0.9997667 0.0187055 0.0107998
vn 0.9995254 0.0288832 0.0107154
vn 0.4905694 0.7546557 0.4357022
vn 0.9995254 0.0288832 0.0107154
vn 0.4872620 0.8177550 0.3063536
vn -0.4905694 0.7546557 0.4357022
vn 0.4905694 0.7546557 0.4357022
vn 0.4872620 0.8177550 0.3063536
vn -0.4905694 0.7546557 0.4357022
vn 0.4872620 0.8177550 0.3063536
vn -0.4872620 0.8177550 0.3063536
vn -0.9997667 0.0187054 0.0107998
vn -0.4905694 0.7546557 0.4357022
vn -0.4872620 0.8177550 0.3063536
vn -0.9997667 0.0187054 0.0107998
vn -0.4872620 0.8177550 0.3063536
vn -0.9995254 0.0288833 0.0107154
vn -0.9997667 0.0187054 0.0107998
vn -0.9995254 0.0288833 0.0107154
vn -0.5139948 -0.8030900 -0.3014229
vn -0.9997667 0.0187054 0.0107998
vn -0.5139948 -0.8030900 -0.3014229
vn -0.5092303 -0.7453274 -0.4303157
vn -0.5092303 -0.7453274 -0.4303157
vn -0.5139948 -0.8030900 -0.3014229
vn 0.5139948 -0.8030900 -0.3014229
vn -0.5092303 -0.7453274 -0.4303157
vn 0.5139948 -0.8030900 -0.3014229
vn 0.5092303 -0.7453274 -0.4303156
vn 0.5092303 -0.7453274 -0.4303156
vn 0.5139948 -0.8030900 -0.3014229
vn 0.9995254 0.0288832 0.0107154
vn 0.5092303 -0.7453274 -0.4303156
vn 0.9995254 0.0288832 0.0107154
vn 0.9997667 0.0187055 0.0107998
vn 0.4872624 0.6741867 0.5550204
vn 0.9995254 0.0237214 0.0196555
vn 0.9997667 0.0187055 0.0107998
vn 0.4872624 0.6741867 0.5550204
vn 0.9997667 0.0187055 0.0107998
vn 0.4905694 0.7546557 0.4357022
vn -0.4872623 0.6741866 0.5550205
vn 0.4872624 0.6741867 0.5550204
vn 0.4905694 0.7546557 0.4357022
vn -0.4872623 0.6741866 0.5550205
vn 0.4905694 0.7546557 0.4357022
vn -0.4905694 0.7546557 0.4357022
vn -0.9995254 0.0237216 0.0196559
vn -0.4872623 0.6741866 0.5550205
vn -0.4905694 0.7546557 0.4357022
vn -0.9995254 0.0237216 0.0196559
vn -0.4905694 0.7546557 0.4357022
vn -0.9997667 0.0187054 0.0107998
vn -0.9995254 0.0237216 0.0196559
vn -0.9997667 0.0187054 0.0107998
vn -0.5092303 -0.7453274 -0.4303157
vn -0.9995254 0.0237216 0.0196559
vn -0.5092303 -0.7453274 -0.4303157
vn -0.5139953 -0.6625839 -0.5447857
vn -0.5139953 -0.6625839 -0.5447857
vn -0.5092303 -0.7453274 -0.4303157
vn 0.5092303 -0.7453274 -0.4303156
vn -0.5139953 -0.6625839 -0.5447857
vn 0.5092303 -0.7453274 -0.4303156
vn 0.5139950 -0.6625841 -0.5447857
vn 0.5139950 -0.6625841 -0.5447857
vn 0.5092303 -0.7453274 -0.4303156
vn 0.9997667 0.0187055 0.0107998
vn 0.5139950 -0.6625841 -0.5447857
vn 0.9997667 0.0187055 0.0107998
vn 0.9995254 0.0237214 0.0196555
vn 0.4870977 0.5548556 0.6744413
vn 0.9995251 0.0195706 0.0238029
vn 0.9995254 0.0237214 0.0196555
vn 0.4870977 0.5548556 0.6744413
vn 0.9995254 0.0237214 0.0196555
vn 0.4872624 0.6741867 0.5550204
vn -0.4870977 0.5548557 0.6744413
vn 0.4870977 0.5548556 0.6744413
vn 0.4872624 0.6741867 0.5550204
vn -0.4870977 0.5548557 0.6744413
vn 0.4872624 0.6741867 0.5550204
vn -0.4872623 0.6741866 0.5550205
vn -0.9995251 0.0195710 0.0238033
vn -0.4870977 0.5548557 0.6744413
vn -0.4872623 0.6741866 0.5550205
vn -0.9995251 0.0195710 0.0238033
vn -0.4872623 0.6741866 0.5550205
vn -0.9995254 0.0237216 0.0196559
vn -0.9995251 0.0195710 0.0238033
vn -0.9995254 0.0237216 0.0196559
vn -0.5139953 -0.6625839 -0.5447857
vn -0.9995251 0.0195710 0.0238033
vn -0.5139953 -0.6625839 -0.5447857
vn -0.5138011 -0.5450845 -0.6624888
vn -0.5138011 -0.5450845 -0.6624888
vn -0.5139953 -0.6625839 -0.5447857
vn 0.5139950 -0.6625841 -0.5447857
vn -0.5138011 -0.5450845 -0.6624888
vn 0.5139950 -0.6625841 -0.5447857
vn 0.5138005 -0.5450848 -0.6624890
vn 0.5138005 -0.5450848 -0.6624890
vn 0.5139950 -0.6625841 -0.5447857
vn 0.9995254 0.0237214 0.0196555
vn 0.5138005 -0.5450848 -0.6624890
vn 0.9995254 0.0237214 0.0196555
vn 0.9995251 0.0195706 0.0238029
vn 0.4868196 0.4128146 0.7697992
vn 0.9995027 0.0148855 0.0277997
vn 0.9995251 0.0195706 0.0238029
vn 0.4868196 0.4128146 0.7697992
vn 0.9995251 0.0195706 0.0238029
vn 0.4870977 0.5548556 0.6744413
vn -0.4868193 0.4128146 0.7697994
vn 0.4868196 0.4128146 0.7697992
vn 0.4870977 0.5548556 0.6744413
vn -0.4868193 0.4128146 0.7697994
vn 0.4870977 0.5548556 0.6744413
vn -0.4870977 0.5548557 0.6744413
vn -0.9995027 0.0148858 0.0278000
vn -0.4868193 0.4128146 0.7697994
vn -0.4870977 0.5548557 0.6744413
vn -0.9995027 0.0148858 0.0278000
vn -0.4870977 0.5548557 0.6744413
vn -0.9995251 0.0195710 0.0238033
vn -0.9995027 0.0148858 0.0278000
vn -0.9995251 0.0195710 0.0238033
vn -0.5138011 -0.5450845 -0.6624888
vn -0.9995027 0.0148858 0.0278000
vn -0.5138011 -0.5450845 -0.6624888
vn -0.5141491 -0.4054390 -0.7558240
vn -0.5141491 -0.4054390 -0.7558240
vn -0.5138011 -0.5450845 -0.6624888
vn 0.5138005 -0.5450848 -0.6624890
vn -0.5141491 -0.4054390 -0.7558240
vn 0.5138005 -0.5450848 -0.6624890
vn 0.5141491 -0.4054392 -0.7558239
vn 0.5141491 -0.4054392 -0.7558239
vn 0.5138005 -0.5450848 -0.6624890
vn 0.9995251 0.0195706 0.0238029
vn 0.5141491 -0.4054392 -0.7558239
vn 0.9995251 0.0195706 0.0238029
vn 0.9995027 0.0148855 0.0277997
vn 0.4868603 0.2515362 0.8364787
vn 0.9994783 0.0095172 0.0308624
vn 0.9995027 0.0148855 0.0277997
vn 0.4868603 0.2515362 0.8364787
vn 0.9995027 0.0148855 0.0277997
vn 0.4868196 0.4128146 0.7697992
vn -0.4868598 0.2515363 0.8364789
vn 0.4868603 0.2515362 0.8364787
vn 0.4868196 0.4128146 0.7697992
vn -0.4868598 0.2515363 0.8364789
vn 0.4868196 0.4128146 0.7697992
vn -0.4868193 0.4128146 0.7697994
vn -0.9994783 0.0095173 0.0308625
vn -0.4868598 0.2515363 0.8364789
vn -0.4868193 0.4128146 0.7697994
vn -0.9994783 0.0095173 0.0308625
vn -0.4868193 0.4128146 0.7697994
vn -0.9995027 0.0148858 0.0278000
vn -0.9994783 0.0095173 0.0308625
vn -0.9995027 0.0148858 0.0278000
vn -0.5141491 -0.4054390 -0.7558240
vn -0.9994783 0.0095173 0.0308625
vn -0.5141491 -0.4054390 -0.7558240
vn -0.5149310 -0.2456892 -0.8212690
vn -0.5149310 -0.2456892 -0.8212690
vn -0.5141491 -0.4054390 -0.7558240
vn 0.5141491 -0.4054392 -0.7558239
vn -0.5149310 -0.2456892 -0.8212690
vn 0.5141491 -0.4054392 -0.7558239
vn 0.5149311 -0.2456892 -0.8212690
vn 0.5149311 -0.2456892 -0.8212690
vn 0.5141491 -0.4054392 -0.7558239
vn 0.9995027 0.0148855 0.0277997
vn 0.5149311 -0.2456892 -0.8212690
vn 0.9995027 0.0148855 0.0277997
vn 0.9994783 0.0095172 0.0308624
vn 0.5000405 0.1670171 0.8497440
vn 0.9999992 -0.0000780 -0.0012637
vn 0.9994783 0.0095172 0.0308624
vn 0.5000405 0.1670171 0.8497440
vn 0.9994783 0.0095172 0.0308624
vn 0.4868603 0.2515362 0.8364787
vn -0.5000404 0.1670171 0.8497440
vn 0.5000405 0.1670171 0.8497440
vn 0.4868603 0.2515362 0.8364787
vn -0.5000404 0.1670171 0.8497440
vn 0.4868603 0.2515362 0.8364787
vn -0.4868598 0.2515363 0.8364789
vn -0.9999992 -0.0000780 -0.0012636
vn -0.5000404 0.1670171 0.8497440
vn -0.4868598 0.2515363 0.8364789
vn -0.9999992 -0.0000780 -0.0012636
vn -0.4868598 0.2515363 0.8364789
vn -0.9994783 0.0095173 0.0308625
vn -0.9999992 -0.0000780 -0.0012636
vn -0.9994783 0.0095173 0.0308625
vn -0.5149310 -0.2456892 -0.8212690
vn -0.9999992 -0.0000780 -0.0012636
vn -0.5149310 -0.2456892 -0.8212690
vn -0.4989509 -0.1663216 -0.8505205
vn -0.4989509 -0.1663216 -0.8505205
vn -0.5149310 -0.2456892 -0.8212690
vn 0.5149311 -0.2456892 -0.8212690
vn -0.4989509 -0.1663216 -0.8505205
vn 0.5149311 -0.2456892 -0.8212690
vn 0.4989505 -0.1663216 -0.8505207
vn 0.4989505 -0.1663216 -0.8505207
vn 0.5149311 -0.2456892 -0.8212690
vn 0.9994783 0.0095172 0.0308624
vn 0.4989505 -0.1663216 -0.8505207
vn 0.9994783 0.0095172 0.0308624
vn 0.9999992 -0.0000780 -0.0012637
vn 0.5085554 0.1685328 0.8443744
vn 0.9997909 -0.0041931 -0.0200145
vn 0.9999992 -0.0000780 -0.0012637
vn 0.5085554 0.1685328 0.8443744
vn 0.9999992 -0.0000780 -0.0012637
vn 0.5000405 0.1670171 0.8497440
vn -0.5085554 0.1685328 0.8443744
vn 0.5085554 0.1685328 0.8443744
vn 0.5000405 0.1670171 0.8497440
vn -0.5085554 0.1685328 0.8443744
vn 0.5000405 0.1670171 0.8497440
vn -0.5000404 0.1670171 0.8497440
vn -0.9997909 -0.0041931 -0.0200142
vn -0.5085554 0.1685328 0.8443744
vn -0.5000404 0.1670171 0.8497440
vn -0.9997909 -0.0041931 -0.0200142
vn -0.5000404 0.1670171 0.8497440
vn -0.9999992 -0.0000780 -0.0012636
vn -0.9997909 -0.0041931 -0.0200142
vn -0.9999992 -0.0000780 -0.0012636
vn -0.4989509 -0.1663216 -0.8505205
vn -0.9997909 -0.0041931 -0.0200142
vn -0.4989509 -0.1663216 -0.8505205
vn -0.4908656 -0.1714346 -0.8542021
vn -0.4908656 -0.1714346 -0.8542021
vn -0.4989509 -0.1663216 -0.8505205
vn 0.4989505 -0.1663216 -0.8505207
vn -0.4908656 -0.1714346 -0.8542021
vn 0.4989505 -0.1663216 -0.8505207
vn 0.4908654 -0.1714347 -0.8542022
vn 0.4908654 -0.1714347 -0.8542022
vn 0.4989505 -0.1663216 -0.8505207
vn 0.9999992 -0.0000780 -0.0012637
vn 0.4908654 -0.1714347 -0.8542022
vn 0.9999992 -0.0000780 -0.0012637
vn 0.9997909 -0.0041931 -0.0200145
vn 0.5773505 -0.5773498 0.5773505
vn 0.5773505 -0.5773498 0.5773505
vn 0.5773505 -0.5773498 0.5773505
vn 0.5773505 -0.5773498 -0.5773505
vn 0.5773505 -0.5773498 -0.5773505
vn 0.5773505 -0.5773498 -0.5773505
vn 0.5773505 0.5773498 0.5773505
vn 0.5773505 0.5773498 0.5773505
vn 0.5773505 0.5773498 0.5773505
vn 0.5773505 0.5773498 -0.5773505
vn 0.5773505 0.5773498 -0.5773505
vn 0.5773505 0.5773498 -0.5773505
vn 0.0000000 -0.7071068 0.7071067
vn 0.0000000 -0.7071068 0.7071067
vn 0.0000000 -0.7071068 0.7071067
vn 0.0000000 -0.7071068 0.7071067
vn 0.0000000 -0.7071068 0.7071067
vn 0.0000000 -0.7071068 0.7071067
vn 0.0000000 -0.7071068 0.7071067
vn 0.0000000 -0.7071068 0.7071067
vn 0.0000000 -0.7071068 0.7071067
vn 0.0000000 -0.7071068 -0.7071067
vn 0.0000000 -0.7071068 -0.7071067
vn 0.0000000 -0.7071068 -0.7071067
vn 0.0000000 -0.7071068 -0.7071067
vn 0.0000000 -0.7071068 -0.7071067
vn 0.0000000 -0.7071068 -0.7071067
vn 0.0000000 -0.7071068 -0.7071067
vn 0.0000000 -0.7071068 -0.7071067
vn 0.0000000 -0.7071068 -0.7071067
vn 0.7071066 -0.7071069 0.0000000
vn 0.7071066 -0.7071069 0.0000000
vn 0.7071066 -0.7071069 0.0000000
vn 0.7071066 -0.7071069 0.0000000
vn 0.7071066 -0.7071069 0.0000000
vn 0.7071066 -0.7071069 0.0000000
vn 0.0000000 0.7071068 0.7071067
vn 0.0000000 0.7071068 0.7071067
vn 0.0000000 0.7071068 0.7071067
vn 0.0000000 0.7071068 0.7071067
vn 0.0000000 0.7071068 0.7071067
vn 0.0000000 0.7071068 0.7071067
vn 0.0000000 0.7071068 0.7071067
vn 0.0000000 0.7071068 0.7071067
vn 0.0000000 0.7071068 0.7071067
vn 0.7071066 0.7071069 0.0000000
vn 0.7071066 0.7071069 0.0000000
vn 0.7071066 0.7071069 0.0000000
vn 0.7071066 0.7071069 0.0000000
vn 0.7071066 0.7071069 0.0000000
vn 0.7071066 0.7071069 0.0000000
vn 0.0000000 0.7071068 -0.7071067
vn 0.0000000 0.7071068 -0.7071067
vn 0.0000000 0.7071068 -0.7071067
vn 0.0000000 0.7071068 -0.7071067
vn 0.0000000 0.7071068 -0.7071067
vn 0.0000000 0.7071068 -0.7071067
vn 0.0000000 0.7071068 -0.7071067
vn 0.0000000 0.7071068 -0.7071067
vn 0.0000000 0.7071068 -0.7071067
vn 0.7071070 0.0000000 0.7071066
vn 0.7071070 0.0000000 0.7071066
vn 0.7071070 0.0000000 0.7071066
vn 0.7071070 0.0000000 0.7071066
vn 0.7071070 0.0000000 0.7071066
vn 0.7071070 0.0000000 0.7071066
vn 0.7071070 0.0000000 -0.7071066
vn 0.7071070 0.0000000 -0.7071066
vn 0.7071070 0.0000000 -0.7071066
vn 0.7071070 0.0000000 -0.7071066
vn 0.7071070 0.0000000 -0.7071066
vn 0.7071070 0.0000000 -0.7071066
vn 0.0000000 0.0000000 1.0000000
vn 0.0000000 0.0000000 1.0000000
vn 0.0000000 0.0000000 1.0000000
vn 0.0000000 0.0000000 1.0000000
vn 0.0000000 0.0000000 1.0000000
vn 0.0000000 0.0000000 1.0000000
vn 0.0000000 0.0000000 1.0000000
vn 0.0000000 0.0000000 1.0000000
vn 0.0000000 0.0000000 1.0000000
vn 0.0000000 -1.0000000 0.0000000
vn 0.0000000 -1.0000000 0.0000000
vn 0.0000000 -1.0000000 0.0000000
vn 0.0000000 -1.0000000 0.0000000
vn 0.0000000 -1.0000000 0.0000000
vn 0.0000000 -1.0000000 0.0000000
vn 0.0000000 -1.0000000 0.0000000
vn 0.0000000 -1.0000000 0.0000000
vn 0.0000000 -1.0000000 0.0000000
vn 1.0000000 0.0000000 0.0000000
vn 1.0000000 0.0000000 0.0000000
vn 1.0000000 0.0000000 0.0000000
vn 1.0000000 0.0000000 0.0000000
vn 1.0000000 0.0000000 0.0000000
vn 1.0000000 0.0000000 0.0000000
vn 0.0000000 0.0000000 -1.0000000
vn 0.0000000 0.0000000 -1.0000000
vn 0.0000000 0.0000000 -1.0000000
vn 0.0000000 0.0000000 -1.0000000
vn 0.0000000 0.0000000 -1.0000000
vn 0.0000000 0.0000000 -1.0000000
vn 0.0000000 0.0000000 -1.0000000
vn 0.0000000 0.0000000 -1.0000000
vn 0.0000000 0.0000000 -1.0000000
vn 0.0000000 1.0000000 0.0000000
vn 0.0000000 1.0000000 0.0000000
vn 0.0000000 1.0000000 0.0000000
vn 0.0000000 1.0000000 0.0000000
vn 0.0000000 1.0000000 0.0000000
vn 0.0000000 1.0000000 0.0000000
vn 0.0000000 1.0000000 0.0000000
vn 0.0000000 1.0000000 0.0000000
vn 0.0000000 1.0000000 0.0000000
vn 0.5773514 0.5773497 -0.5773497
vn 0.5773514 0.5773497 -0.5773497
vn 0.5773514 0.5773497 -0.5773497
vn -0.5773515 0.5773498 -0.5773495
vn -0.5773515 0.5773498 -0.5773495
vn -0.5773515 0.5773498 -0.5773495
vn -0.5773514 0.5773497 0.5773497
vn -0.5773514 0.5773497 0.5773497
vn -0.5773514 0.5773497 0.5773497
vn 0.5773515 0.5773498 0.5773495
vn 0.5773515 0.5773498 0.5773495
vn 0.5773515 0.5773498 0.5773495
vn 0.7071075 0.7071061 -0.0000001
vn 0.7071075 0.7071061 -0.0000001
vn 0.7071075 0.7071061 -0.0000001
vn 0.7071075 0.7071061 -0.0000001
vn 0.7071075 0.7071061 -0.0000001
vn 0.7071075 0.7071061 -0.0000001
vn -0.0000001 0.7071069 -0.7071066
vn -0.0000001 0.7071069 -0.7071066
vn -0.0000001 0.7071069 -0.7071066
vn -0.0000001 0.7071069 -0.7071066
vn -0.0000001 0.7071069 -0.7071066
vn -0.0000001 0.7071069 -0.7071066
vn -0.7071075 0.7071061 0.0000001
vn -0.7071075 0.7071061 0.0000001
vn -0.7071075 0.7071061 0.0000001
vn -0.7071075 0.7071061 0.0000001
vn -0.7071075 0.7071061 0.0000001
vn -0.7071075 0.7071061 0.0000001
vn 0.0000001 0.7071069 0.7071066
vn 0.0000001 0.7071069 0.7071066
vn 0.0000001 0.7071069 0.7071066
vn 0.0000001 0.7071069 0.7071066
vn 0.0000001 0.7071069 0.7071066
vn 0.0000001 0.7071069 0.7071066
vn 0.7071066 0.0000000 -0.7071069
vn 0.7071066 0.0000000 -0.7071069
vn 0.7071066 0.0000000 -0.7071069
vn 0.7071066 0.0000000 -0.7071069
vn 0.7071066 0.0000000 -0.7071069
vn 0.7071066 0.0000000 -0.7071069
vn 0.7071066 0.0000000 -0.7071069
vn 0.7071066 0.0000000 -0.7071069
vn 0.7071066 0.0000000 -0.7071069
vn -0.7071069 0.0000000 -0.7071066
vn -0.7071069 -0.0000000 -0.7071066
vn -0.7071069 0.0000000 -0.7071066
vn -0.7071069 0.0000000 -0.7071066
vn -0.7071069 -0.0000000 -0.7071066
vn -0.7071069 -0.0000000 -0.7071066
vn -0.7071069 0.0000000 -0.7071066
vn -0.7071069 -0.0000000 -0.7071066
vn -0.7071069 0.0000000 -0.7071066
vn -0.7071066 0.0000000 0.7071069
vn -0.7071066 0.0000000 0.7071069
vn -0.7071066 0.0000000 0.7071069
vn -0.7071066 0.0000000 0.7071069
vn -0.7071066 0.0000000 0.7071069
vn -0.7071066 0.0000000 0.7071069
vn -0.7071066 0.0000000 0.7071069
vn -0.7071066 0.0000000 0.7071069
vn -0.7071066 0.0000000 0.7071069
vn 0.7071069 0.0000000 0.7071066
vn 0.7071069 -0.0000000 0.7071066
vn 0.7071069 -0.0000000 0.7071066
vn 0.7071069 0.0000000 0.7071066
vn 0.7071069 -0.0000000 0.7071066
vn 0.7071069 0.0000000 0.7071066
vn 0.7071069 0.0000000 0.7071066
vn 0.7071069 -0.0000000 0.7071066
vn 0.7071069 0.0000000 0.7071066
vn -0.0000002 0.0000000 -1.0000000
vn -0.0000002 0.0000000 -1.0000000
vn -0.0000002 0.0000000 -1.0000000
vn -0.0000002 0.0000000 -1.0000000
vn -0.0000002 0.0000000 -1.0000000
vn -0.0000002 0.0000000 -1.0000000
vn -0.0000002 0.0000000 -1.0000000
vn -0.0000002 0.0000000 -1.0000000
vn -0.0000002 0.0000000 -1.0000000
vn 1.0000000 0.0000000 -0.0000002
vn 1.0000000 0.0000000 -0.0000002
vn 1.0000000 0.0000000 -0.0000002
vn 1.0000000 0.0000000 -0.0000002
vn 1.0000000 0.0000000 -0.0000002
vn 1.0000000 0.0000000 -0.0000002
vn 1.0000000 0.0000000 -0.0000002
vn 1.0000000 0.0000000 -0.0000002
vn 1.0000000 0.0000000 -0.0000002
vn -1.0000000 0.0000000 0.0000002
vn -1.0000000 0.0000000 0.0000002
vn -1.0000000 0.0000000 0.0000002
vn -1.0000000 0.0000000 0.0000002
vn -1.0000000 0.0000000 0.0000002
vn -1.0000000 0.0000000 0.0000002
vn -1.0000000 0.0000000 0.0000002
vn -1.0000000 0.0000000 0.0000002
vn -1.0000000 0.0000000 0.0000002
vn 0.0000002 0.0000000 1.0000000
vn 0.0000002 0.0000000 1.0000000
vn 0.0000002 0.0000000 1.0000000
vn 0.0000002 0.0000000 1.0000000
vn 0.0000002 0.0000000 1.0000000
vn 0.0000002 0.0000000 1.0000000
vn 0.0000002 0.0000000 1.0000000
vn 0.0000002 0.0000000 1.0000000
vn 0.0000002 0.0000000 1.0000000
vn 0.0000000 1.0000000 0.0000000
vn 0.0000000 1.0000000 0.0000000
vn 0.0000000 1.0000000 0.0000000
vn 0.0000000 1.0000000 0.0000000
vn 0.0000000 1.0000000 0.0000000
vn 0.0000000 1.0000000 0.0000000
vn -0.8660253 0.0000000 0.5000001
vn -0.8660253 0.0000000 0.5000001
vn -0.8660253 0.0000000 0.5000001
vn -0.8660253 0.0000000 0.5000001
vn -0.8660253 0.0000000 0.5000001
vn -0.8660253 0.0000000 0.5000001
vn 0.0000002 0.0000000 1.0000000
vn 0.0000002 0.0000000 1.0000000
vn 0.0000002 0.0000000 1.0000000
vn 0.0000002 0.0000000 1.0000000
vn 0.0000002 0.0000000 1.0000000
vn 0.0000002 0.0000000 1.0000000
vn 0.8660255 0.0000000 0.4999998
vn 0.8660255 0.0000000 0.4999998
vn 0.8660255 0.0000000 0.4999998
vn 0.8660255 0.0000000 0.4999998
vn 0.8660255 0.0000000 0.4999998
vn 0.8660255 0.0000000 0.4999998
vn 0.8660253 0.0000000 -0.5000001
vn 0.8660253 0.0000000 -0.5000001
vn 0.8660253 0.0000000 -0.5000001
vn 0.8660253 0.0000000 -0.5000001
vn 0.8660253 0.0000000 -0.5000001
vn 0.8660253 0.0000000 -0.5000001
vn -0.0000002 0.0000000 -1.0000000
vn -0.0000002 0.0000000 -1.0000000
vn -0.0000002 0.0000000 -1.0000000
vn -0.0000002 0.0000000 -1.0000000
vn -0.0000002 0.0000000 -1.0000000
vn -0.0000002 0.0000000 -1.0000000
vn -0.8660255 0.0000000 -0.4999998
vn -0.8660255 0.0000000 -0.4999998
vn -0.8660255 0.0000000 -0.4999998
vn -0.8660255 0.0000000 -0.4999998
vn -0.8660255 0.0000000 -0.4999998
vn -0.8660255 0.0000000 -0.4999998
vn 0.0000000 -1.0000000 0.0000000
vn 0.0000000 -1.0000000 0.0000000
vn 0.0000000 -1.0000000 0.0000000
vn 0.0000000 -1.0000000 0.0000000
vn 0.0000000 -1.0000000 0.0000000
vn 0.0000000 -1.0000000 0.0000000
vn 0.0000000 -1.0000000 0.0000000
vn 0.0000000 -1.0000000 0.0000000
vn 0.0000000 -1.0000000 0.0000000
vn 0.0000000 -1.0000000 0.0000000
vn 0.0000000 -1.0000000 0.0000000
vn 0.0000000 -1.0000000 0.0000000
vn 0.0000000 1.0000000 0.0000000
vn 0.0000000 1.0000000 0.0000000
vn 0.0000000 1.0000000 0.0000000
vn 0.0000000 1.0000000 0.0000000
vn 0.0000000 1.0000000 0.0000000
vn 0.0000000 1.0000000 0.0000000
vn 0.0000000 1.0000000 0.0000000
vn 0.0000000 1.0000000 0.0000000
vn 0.0000000 1.0000000 0.0000000
vn 0.0000000 1.0000000 0.0000000
vn 0.0000000 1.0000000 0.0000000
vn 0.0000000 1.0000000 0.0000000
vn 0.5773505 -0.5773498 0.5773505
vn 0.5773505 -0.5773498 0.5773505
vn 0.5773505 -0.5773498 0.5773505
vn 0.5773505 -0.5773498 -0.5773505
vn 0.5773505 -0.5773498 -0.5773505
vn 0.5773505 -0.5773498 -0.5773505
vn 0.5773505 0.5773498 0.5773505
vn 0.5773505 0.5773498 0.5773505
vn 0.5773505 0.5773498 0.5773505
vn 0.5773505 0.5773498 -0.5773505
vn 0.5773505 0.5773498 -0.5773505
vn 0.5773505 0.5773498 -0.5773505
vn 0.0000000 -0.7071068 0.7071067
vn 0.0000000 -0.7071068 0.7071067
vn 0.0000000 -0.7071068 0.7071067
vn 0.0000000 -0.7071068 0.7071067
vn 0.0000000 -0.7071068 0.7071067
vn 0.0000000 -0.7071068 0.7071067
vn 0.0000000 -0.7071068 0.7071067
vn 0.0000000 -0.7071068 0.7071067
vn 0.0000000 -0.7071068 0.7071067
vn 0.0000000 -0.7071068 -0.7071067
vn 0.0000000 -0.7071068 -0.7071067
vn 0.0000000 -0.7071068 -0.7071067
vn 0.0000000 -0.7071068 -0.7071067
vn 0.0000000 -0.7071068 -0.7071067
vn 0.0000000 -0.7071068 -0.7071067
vn 0.0000000 -0.7071068 -0.7071067
vn 0.0000000 -0.7071068 -0.7071067
vn 0.0000000 -0.7071068 -0.7071067
vn 0.7071066 -0.7071069 0.0000000
vn 0.7071066 -0.7071069 0.0000000
vn 0.7071066 -0.7071069 0.0000000
vn 0.7071066 -0.7071069 0.0000000
vn 0.7071066 -0.7071069 0.0000000
vn 0.7071066 -0.7071069 0.0000000
vn 0.0000000 0.7071068 0.7071067
vn 0.0000000 0.7071068 0.7071067
vn 0.0000000 0.7071068 0.7071067
vn 0.0000000 0.7071068 0.7071067
vn 0.0000000 0.7071068 0.7071067
vn 0.0000000 0.7071068 0.7071067
vn 0.0000000 0.7071068 0.7071067
vn 0.0000000 0.7071068 0.7071067
vn 0.0000000 0.7071068 0.7071067
vn 0.7071066 0.7071069 0.0000000
vn 0.7071066 0.7071069 0.0000000
vn 0.7071066 0.7071069 0.0000000
vn 0.7071066 0.7071069 0.0000000
vn 0.7071066 0.7071069 0.0000000
vn 0.7071066 0.7071069 0.0000000
vn 0.0000000 0.7071068 -0.7071067
vn 0.0000000 0.7071068 -0.7071067
vn 0.0000000 0.7071068 -0.7071067
vn 0.0000000 0.7071068 -0.7071067
vn 0.0000000 0.7071068 -0.7071067
vn 0.0000000 0.7071068 -0.7071067
vn 0.0000000 0.7071068 -0.7071067
vn 0.0000000 0.7071068 -0.7071067
vn 0.0000000 0.7071068 -0.7071067
vn 0.7071070 0.0000000 0.7071066
vn 0.7071070 0.0000000 0.7071066
vn 0.7071070 0.0000000 0.7071066
vn 0.7071070 0.0000000 0.7071066
vn 0.7071070 0.0000000 0.7071066
vn 0.7071070 0.0000000 0.7071066
vn 0.7071070 0.0000000 -0.7071066
vn 0.7071070 0.0000000 -0.7071066
vn 0.7071070 0.0000000 -0.7071066
vn 0.7071070 0.0000000 -0.7071066
vn 0.7071070 0.0000000 -0.7071066
vn 0.7071070 0.0000000 -0.7071066
vn 0.0000000 0.0000000 1.0000000
vn 0.0000000 0.0000000 1.0000000
vn 0.0000000 0.0000000 1.0000000
vn 0.0000000 0.0000000 1.0000000
vn 0.0000000 0.0000000 1.0000000
vn 0.0000000 0.0000000 1.0000000
vn 0.0000000 0.0000000 1.0000000
vn 0.0000000 0.0000000 1.0000000
vn 0.0000000 0.0000000 1.0000000
vn 0.0000000 -1.0000000 0.0000000
vn 0.0000000 -1.0000000 0.0000000
vn 0.0000000 -1.0000000 0.0000000
vn 0.0000000 -1.0000000 0.0000000
vn 0.0000000 -1.0000000 0.0000000
vn 0.0000000 -1.0000000 0.0000000
vn 0.0000000 -1.0000000 0.0000000
vn 0.0000000 -1.0000000 0.0000000
vn 0.0000000 -1.0000000 0.0000000
vn 1.0000000 0.0000000 0.0000000
vn 1.0000000 0.0000000 0.0000000
vn 1.0000000 0.0000000 0.0000000
vn 1.0000000 0.0000000 0.0000000
vn 1.0000000 0.0000000 0.0000000
vn 1.0000000 0.0000000 0.0000000
vn 0.0000000 0.0000000 -1.0000000
vn 0.0000000 0.0000000 -1.0000000
vn 0.0000000 0.0000000 -1.0000000
vn 0.0000000 0.0000000 -1.0000000
vn 0.0000000 0.0000000 -1.0000000
vn 0.0000000 0.0000000 -1.0000000
vn 0.0000000 0.0000000 -1.0000000
vn 0.0000000 0.0000000 -1.0000000
vn 0.0000000 0.0000000 -1.0000000
vn 0.0000000 1.0000000 0.0000000
vn 0.0000000 1.0000000 0.0000000
vn 0.0000000 1.0000000 0.0000000
vn 0.0000000 1.0000000 0.0000000
vn 0.0000000 1.0000000 0.0000000
vn 0.0000000 1.0000000 0.0000000
vn 0.0000000 1.0000000 0.0000000
vn 0.0000000 1.0000000 0.0000000
vn 0.0000000 1.0000000 0.0000000
vn 0.5773514 0.5773497 -0.5773497
vn 0.5773514 0.5773497 -0.5773497
vn 0.5773514 0.5773497 -0.5773497
vn -0.5773515 0.5773498 -0.5773495
vn -0.5773515 0.5773498 -0.5773495
vn -0.5773515 0.5773498 -0.5773495
vn -0.5773514 0.5773497 0.5773497
vn -0.5773514 0.5773497 0.5773497
vn -0.5773514 0.5773497 0.5773497
vn 0.5773515 0.5773498 0.5773495
vn 0.5773515 0.5773498 0.5773495
vn 0.5773515 0.5773498 0.5773495
vn 0.7071075 0.7071061 -0.0000001
vn 0.7071075 0.7071061 -0.0000001
vn 0.7071075 0.7071061 -0.0000001
vn 0.7071075 0.7071061 -0.0000001
vn 0.7071075 0.7071061 -0.0000001
vn 0.7071075 0.7071061 -0.0000001
vn -0.0000001 0.7071069 -0.7071066
vn -0.0000001 0.7071069 -0.7071066
vn -0.0000001 0.7071069 -0.7071066
vn -0.0000001 0.7071069 -0.7071066
vn -0.0000001 0.7071069 -0.7071066
vn -0.0000001 0.7071069 -0.7071066
vn -0.7071075 0.7071061 0.0000001
vn -0.7071075 0.7071061 0.0000001
vn -0.7071075 0.7071061 0.0000001
vn -0.7071075 0.7071061 0.0000001
vn -0.7071075 0.7071061 0.0000001
vn -0.7071075 0.7071061 0.0000001
vn 0.0000001 0.7071069 0.7071066
vn 0.0000001 0.7071069 0.7071066
vn 0.0000001 0.7071069 0.7071066
vn 0.0000001 0.7071069 0.7071066
vn 0.0000001 0.7071069 0.7071066
vn 0.0000001 0.7071069 0.7071066
vn 0.7071066 0.0000000 -0.7071069
vn 0.7071066 0.0000000 -0.7071069
vn 0.7071066 0.0000000 -0.7071069
vn 0.7071066 0.0000000 -0.7071069
vn 0.7071066 0.0000000 -0.7071069
vn 0.7071066 0.0000000 -0.7071069
vn 0.7071066 0.0000000 -0.7071069
vn 0.7071066 0.0000000 -0.7071069
vn 0.7071066 0.0000000 -0.7071069
vn -0.7071069 0.0000000 -0.7071066
vn -0.7071069 -0.0000000 -0.7071066
vn -0.7071069 0.0000000 -0.7071066
vn -0.7071069 0.0000000 -0.7071066
vn -0.7071069 -0.0000000 -0.7071066
vn -0.7071069 -0.0000000 -0.7071066
vn -0.7071069 0.0000000 -0.7071066
vn -0.7071069 -0.0000000 -0.7071066
vn -0.7071069 0.0000000 -0.7071066
vn -0.7071066 0.0000000 0.7071069
vn -0.7071066 0.0000000 0.7071069
vn -0.7071066 0.0000000 0.7071069
vn -0.7071066 0.0000000 0.7071069
vn -0.7071066 0.0000000 0.7071069
vn -0.7071066 0.0000000 0.7071069
vn -0.7071066 0.0000000 0.7071069
vn -0.7071066 0.0000000 0.7071069
vn -0.7071066 0.0000000 0.7071069
vn 0.7071069 0.0000000 0.7071066
vn 0.7071069 -0.0000000 0.7071066
vn 0.7071069 -0.0000000 0.7071066
vn 0.7071069 0.0000000 0.7071066
vn 0.7071069 -0.0000000 0.7071066
vn 0.7071069 0.0000000 0.7071066
vn 0.7071069 0.0000000 0.7071066
vn 0.7071069 -0.0000000 0.7071066
vn 0.7071069 0.0000000 0.7071066
vn -0.0000002 0.0000000 -1.0000000
vn -0.0000002 0.0000000 -1.0000000
vn -0.0000002 0.0000000 -1.0000000
vn -0.0000002 0.0000000 -1.0000000
vn -0.0000002 0.0000000 -1.0000000
vn -0.0000002 0.0000000 -1.0000000
vn -0.0000002 0.0000000 -1.0000000
vn -0.0000002 0.0000000 -1.0000000
vn -0.0000002 0.0000000 -1.0000000
vn 1.0000000 0.0000000 -0.0000002
vn 1.0000000 0.0000000 -0.0000002
vn 1.0000000 0.0000000 -0.0000002
vn 1.0000000 0.0000000 -0.0000002
vn 1.0000000 0.0000000 -0.0000002
vn 1.0000000 0.0000000 -0.0000002
vn 1.0000000 0.0000000 -0.0000002
vn 1.0000000 0.0000000 -0.0000002
vn 1.0000000 0.0000000 -0.0000002
vn -1.0000000 0.0000000 0.0000002
vn -1.0000000 0.0000000 0.0000002
vn -1.0000000 0.0000000 0.0000002
vn -1.0000000 0.0000000 0.0000002
vn -1.0000000 0.0000000 0.0000002
vn -1.0000000 0.0000000 0.0000002
vn -1.0000000 0.0000000 0.0000002
vn -1.0000000 0.0000000 0.0000002
vn -1.0000000 0.0000000 0.0000002
vn 0.0000002 0.0000000 1.0000000
vn 0.0000002 0.0000000 1.0000000
vn 0.0000002 0.0000000 1.0000000
vn 0.0000002 0.0000000 1.0000000
vn 0.0000002 0.0000000 1.0000000
vn 0.0000002 0.0000000 1.0000000
vn 0.0000002 0.0000000 1.0000000
vn 0.0000002 0.0000000 1.0000000
vn 0.0000002 0.0000000 1.0000000
vn 0.0000000 1.0000000 0.0000000
vn 0.0000000 1.0000000 0.0000000
vn 0.0000000 1.0000000 0.0000000
vn 0.0000000 1.0000000 0.0000000
vn 0.0000000 1.0000000 0.0000000
vn 0.0000000 1.0000000 0.0000000
vn -0.8660253 0.0000000 0.5000001
vn -0.8660253 0.0000000 0.5000001
vn -0.8660253 0.0000000 0.5000001
vn -0.8660253 0.0000000 0.5000001
vn -0.8660253 0.0000000 0.5000001
vn -0.8660253 0.0000000 0.5000001
vn 0.0000002 0.0000000 1.0000000
vn 0.0000002 0.0000000 1.0000000
vn 0.0000002 0.0000000 1.0000000
vn 0.0000002 0.0000000 1.0000000
vn 0.0000002 0.0000000 1.0000000
vn 0.0000002 0.0000000 1.0000000
vn 0.8660255 0.0000000 0.4999998
vn 0.8660255 0.0000000 0.4999998
vn 0.8660255 0.0000000 0.4999998
vn 0.8660255 0.0000000 0.4999998
vn 0.8660255 0.0000000 0.4999998
vn 0.8660255 0.0000000 0.4999998
vn 0.8660253 0.0000000 -0.5000001
vn 0.8660253 0.0000000 -0.5000001
vn 0.8660253 0.0000000 -0.5000001
vn 0.8660253 0.0000000 -0.5000001
vn 0.8660253 0.0000000 -0.5000001
vn 0.8660253 0.0000000 -0.5000001
vn -0.0000002 0.0000000 -1.0000000
vn -0.0000002 0.0000000 -1.0000000
vn -0.0000002 0.0000000 -1.0000000
vn -0.0000002 0.0000000 -1.0000000
vn -0.0000002 0.0000000 -1.0000000
vn -0.0000002 0.0000000 -1.0000000
vn -0.8660255 0.0000000 -0.4999998
vn -0.8660255 0.0000000 -0.4999998
vn -0.8660255 0.0000000 -0.4999998
vn -0.8660255 0.0000000 -0.4999998
vn -0.8660255 0.0000000 -0.4999998
vn -0.8660255 0.0000000 -0.4999998
vn 0.0000000 -1.0000000 0.0000000
vn 0.0000000 -1.0000000 0.0000000
vn 0.0000000 -1.0000000 0.0000000
vn 0.0000000 -1.0000000 0.0000000
vn 0.0000000 -1.0000000 0.0000000
vn 0.0000000 -1.0000000 0.0000000
vn 0.0000000 -1.0000000 0.0000000
vn 0.0000000 -1.0000000 0.0000000
vn 0.0000000 -1.0000000 0.0000000
vn 0.0000000 -1.0000000 0.0000000
vn 0.0000000 -1.0000000 0.0000000
vn 0.0000000 -1.0000000 0.0000000
vn 0.0000000 1.0000000 0.0000000
vn 0.0000000 1.0000000 0.0000000
vn 0.0000000 1.0000000 0.0000000
vn 0.0000000 1.0000000 0.0000000
vn 0.0000000 1.0000000 0.0000000
vn 0.0000000 1.0000000 0.0000000
vn 0.0000000 1.0000000 0.0000000
vn 0.0000000 1.0000000 0.0000000
vn 0.0000000 1.0000000 0.0000000
vn 0.0000000 1.0000000 0.0000000
vn 0.0000000 1.0000000 0.0000000
vn 0.0000000 1.0000000 0.0000000
f 1/1/1 2/2/2 3/3/3
f 4/4/4 5/5/5 6/6/6
f 7/7/7 8/8/8 9/9/9
f 10/10/10 11/11/11 12/12/12
f 13/13/13 14/14/14 15/15/15
f 16/16/16 17/17/17 18/18/18
f 19/19/19 20/20/20 21/21/21
f 22/22/22 23/23/23 24/24/24
f 25/25/25 26/26/26 27/27/27
f 28/28/28 29/29/29 30/30/30
f 31/31/31 32/32/32 33/33/33
f 34/34/34 35/35/35 36/36/36
f 37/37/37 38/38/38 39/39/39
f 40/40/40 41/41/41 42/42/42
f 43/43/43 44/44/44 45/45/45
f 46/46/46 47/47/47 48/48/48
f 49/49/49 50/50/50 51/51/51
f 52/52/52 53/53/53 54/54/54
f 55/55/55 56/56/56 57/57/57
f 58/58/58 59/59/59 60/60/60
f 61/61/61 62/62/62 63/63/63
f 64/64/64 65/65/65 66/66/66
f 67/67/67 68/68/68 69/69/69
f 70/70/70 71/71/71 72/72/72
f 73/73/73 74/74/74 75/75/75
f 76/76/76 77/77/77 78/78/78
f 79/79/79 80/80/80 81/81/81
f 82/82/82 83/83/83 84/84/84
f 85/85/85 86/86/86 87/87/87
f 88/88/88 89/89/89 90/90/90
f 91/91/91 92/92/92 93/93/93
f 94/94/94 95/95/95 96/96/96
f 97/97/97 98/98/98 99/99/99
f 100/100/100 101/101/101 102/102/102
f 103/103/103 104/104/104 105/105/105
f 106/106/106 107/107/107 108/108/108
f 109/109/109 110/110/110 111/111/111
f 112/112/112 113/113/113 114/114/114
f 115/115/115 116/116/116 117/117/117
f 118/118/118 119/119/119 120/120/120
f 121/121/121 122/122/122 123/123/123
f 124/124/124 125/125/125 126/126/126
f 127/127/127 128/128/128 129/129/129
f 130/130/130 131/131/131 132/132/132
f 133/133/133 134/134/134 135/135/135
f 136/136/136 137/137/137 138/138/138
f 139/139/139 140/140/140 141/141/141
f 142/142/142 143/143/143 144/144/144
f 145/145/145 146/146/146 147/147/147
f 148/148/148 149/149/149 150/150/150
f 151/151/151 152/152/152 153/153/153
f 154/154/154 155/155/155 156/156/156
f 157/157/157 158/158/158 159/159/159
f 160/160/160 161/161/161 162/162/162
f 163/163/163 164/164/164 165/165/165
f 166/166/166 167/167/167 168/168/168
f 169/169/169 170/170/170 171/171/171
f 172/172/172 173/173/173 174/174/174
f 175/175/175 176/176/176 177/177/177
f 178/178/178 179/179/179 180/180/180
f 181/181/181 182/182/182 183/183/183
f 184/184/184 185/185/185 186/186/186
f 187/187/187 188/188/188 189/189/189
f 190/190/190 191/191/191 192/192/192
f 193/193/193 194/194/194 195/195/195
f 196/196/196 197/197/197 198/198/198
f 199/199/199 200/200/200 201/201/201
f 202/202/202 203/203/203 204/204/204
f 205/205/205 206/206/206 207/207/207
f 208/208/208 209/209/209 210/210/210
f 211/211/211 212/212/212 213/213/213
f 214/214/214 215/215/215 216/216/216
f 217/217/217 218/218/218 219/219/219
f 220/220/220 221/221/221 222/222/222
f 223/223/223 224/224/224 225/225/225
f 226/226/226 227/227/227 228/228/228
f 229/229/229 230/230/230 231/231/231
f 232/232/232 233/233/233 234/234/234
f 235/235/235 236/236/236 237/237/237
f 238/238/238 239/239/239 240/240/240
f 241/241/241 242/242/242 243/243/243
f 244/244/244 245/245/245 246/246/246
f 247/247/247 248/248/248 249/249/249
f 250/250/250 251/251/251 252/252/252
f 253/253/253 254/254/254 255/255/255
f 256/256/256 257/257/257 258/258/258
f 259/259/259 260/260/260 261/261/261
f 262/262/262 263/263/263 264/264/264
f 265/265/265 266/266/266 267/267/267
f 268/268/268 269/269/269 270/270/270
f 271/271/271 272/272/272 273/273/273
f 274/274/274 275/275/275 276/276/276
f 277/277/277 278/278/278 279/279/279
f 280/280/280 281/281/281 282/282/282
f 283/283/283 284/284/284 285/285/285
f 286/286/286 287/287/287 288/288/288
f 289/289/289 290/290/290 291/291/291
f 292/292/292 293/293/293 294/294/294
f 295/295/295 296/296/296 297/297/297
f 298/298/298 299/299/299 300/300/300
f 301/301/301 302/302/302 303/303/303
f 304/304/304 305/305/305 306/306/306
f 307/307/307 308/308/308 309/309/309
f 310/310/310 311/311/311 312/312/312
f 313/313/313 314/314/314 315/315/315
f 316/316/316 317/317/317 318/318/318
f 319/319/319 320/320/320 321/321/321
f 322/322/322 323/323/323 324/324/324
f 325/325/325 326/326/326 327/327/327
f 328/328/328 329/329/329 330/330/330
f 331/331/331 332/332/332 333/333/333
f 334/334/334 335/335/335 336/336/336
f 337/337/337 338/338/338 339/339/339
f 340/340/340 341/341/341 342/342/342
f 343/343/343 344/344/344 345/345/345
f 346/346/346 347/347/347 348/348/348
f 349/349/349 350/350/350 351/351/351
f 352/352/352 353/353/353 354/354/354
f 355/355/355 356/356/356 357/357/357
f 358/358/358 359/359/359 360/360/360
f 361/361/361 362/362/362 363/363/363
f 364/364/364 365/365/365 366/366/366
f 367/367/367 368/368/368 369/369/369
f 370/370/370 371/371/371 372/372/372
f 373/373/373 374/374/374 375/375/375
f 376/376/376 377/377/377 378/378/378
f 379/379/379 380/380/380 381/381/381
f 382/382/382 383/383/383 384/384/384
f 385/385/385 386/386/386 387/387/387
f 388/388/388 389/389/389 390/390/390
f 391/391/391 392/392/392 393/393/393
f 394/394/394 395/395/395 396/396/396
f 397/397/397 398/398/398 399/399/399
f 400/400/400 401/401/401 402/402/402
f 403/403/403 404/404/404 405/405/405
f 406/406/406 407/407/407 408/408/408
f 409/409/409 410/410/410 411/411/411
f 412/412/412 413/413/413 414/414/414
f 415/415/415 416/416/416 417/417/417
f 418/418/418 419/419/419 420/420/420
f 421/421/421 422/422/422 423/423/423
f 424/424/424 425/425/425 426/426/426
f 427/427/427 428/428/428 429/429/429
f 430/430/430 431/431/431 432/432/432
f 433/433/433 434/434/434 435/435/435
f 436/436/436 437/437/437 438/438/438
f 439/439/439 440/440/440 441/441/441
f 442/442/442 443/443/443 444/444/444
f 445/445/445 446/446/446 447/447/447
f 448/448/448 449/449/449 450/450/450
f 451/451/451 452/452/452 453/453/453
f 454/454/454 455/455/455 456/456/456
f 457/457/457 458/458/458 459/459/459
f 460/460/460 461/461/461 462/462/462
f 463/463/463 464/464/464 465/465/465
f 466/466/466 467/467/467 468/468/468
f 469/469/469 470/470/470 471/471/471
f 472/472/472 473/473/473 474/474/474
f 475/475/475 476/476/476 477/477/477
f 478/478/478 479/479/479 480/480/480
f 481/481/481 482/482/482 483/483/483
f 484/484/484 485/485/485 486/486/486
f 487/487/487 488/488/488 489/489/489
f 490/490/490 491/491/491 492/492/492
f 493/493/493 494/494/494 495/495/495
f 496/496/496 497/497/497 498/498/498
f 499/499/499 500/500/500 501/501/501
f 502/502/502 503/503/503 504/504/504
f 505/505/505 506/506/506 507/507/507
f 508/508/508 509/509/509 510/510/510
f 511/511/511 512/512/512 513/513/513
f 514/514/514 515/515/515 516/516/516
f 517/517/517 518/518/518 519/519/519
f 520/520/520 521/521/521 522/522/522
f 523/523/523 524/524/524 525/525/525
f 526/526/526 527/527/527 528/528/528
f 529/529/529 530/530/530 531/531/531
f 532/532/532 533/533/533 534/534/534
f 535/535/535 536/536/536 537/537/537
f 538/538/538 539/539/539 540/540/540
f 541/541/541 542/542/542 543/543/543
f 544/544/544 545/545/545 546/546/546
f 547/547/547 548/548/548 549/549/549
f 550/550/550 551/551/551 552/552/552
f 553/553/553 554/554/554 555/555/555
f 556/556/556 557/557/557 558/558/558
f 559/559/559 560/560/560 561/561/561
f 562/562/562 563/563/563 564/564/564
f 565/565/565 566/566/566 567/567/567
f 568/568/568 569/569/569 570/570/570
f 571/571/571 572/572/572 573/573/573
f 574/574/574 575/575/575 576/576/576
f 577/577/577 578/578/578 579/579/579
f 580/580/580 581/581/581 582/582/582
f 583/583/583 584/584/584 585/585/585
f 586/586/586 587/587/587 588/588/588
f 589/589/589 590/590/590 591/591/591
f 592/592/592 593/593/593 594/594/594
f 595/595/595 596/596/596 597/597/597
f 598/598/598 599/599/599 600/600/600
f 601/601/601 602/602/602 603/603/603
f 604/604/604 605/605/605 606/606/606
f 607/607/607 608/608/608 609/609/609
f 610/610/610 611/611/611 612/612/612
f 613/613/613 614/614/614 615/615/615
f 616/616/616 617/617/617 618/618/618
f 619/619/619 620/620/620 621/621/621
f 622/622/622 623/623/623 624/624/624
f 625/625/625 626/626/626 627/627/627
f 628/628/628 629/629/629 630/630/630
f 631/631/631 632/632/632 633/633/633
f 634/634/634 635/635/635 636/636/636
f 637/637/637 638/638/638 639/639/639
f 640/640/640 641/641/641 642/642/642
f 643/643/643 644/644/644 645/645/645
f 646/646/646 647/647/647 648/648/648
f 649/649/649 650/650/650 651/651/651
f 652/652/652 653/653/653 654/654/654
f 655/655/655 656/656/656 657/657/657
f 658/658/658 659/659/659 660/660/660
f 661/661/661 662/662/662 663/663/663
f 664/664/664 665/665/665 666/666/666
f 667/667/667 668/668/668 669/669/669
f 670/670/670 671/671/671 672/672/672
f 673/673/673 674/674/674 675/675/675
f 676/676/676 677/677/677 678/678/678
f 679/679/679 680/680/680 681/681/681
f 682/682/682 683/683/683 684/684/684
f 685/685/685 686/686/686 687/687/687
f 688/688/688 689/689/689 690/690/690
f 691/691/691 692/692/692 693/693/693
f 694/694/694 695/695/695 696/696/696
f 697/697/697 698/698/698 699/699/699
f 700/700/700 701/701/701 702/702/702
f 703/703/703 704/704/704 705/705/705
f 706/706/706 707/707/707 708/708/708
f 709/709/709 710/710/710 711/711/711
f 712/712/712 713/713/713 714/714/714
f 715/715/715 716/716/716 717/717/717
f 718/718/718 719/719/719 720/720/720
f 721/721/721 722/722/722 723/723/723
f 724/724/724 725/725/725 726/726/726
f 727/727/727 728/728/728 729/729/729
f 730/730/730 731/731/731 732/732/732
f 733/733/733 734/734/734 735/735/735
f 736/736/736 737/737/737 738/738/738
f 739/739/739 740/740/740 741/741/741
f 742/742/742 743/743/743 744/744/744
f 745/745/745 746/746/746 747/747/747
f 748/748/748 749/749/749 750/750/750
f 751/751/751 752/752/752 753/753/753
f 754/754/754 755/755/755 756/756/756
f 757/757/757 758/758/758 759/759/759
f 760/760/760 761/761/761 762/762/762
f 763/763/763 764/764/764 765/765/765
f 766/766/766 767/767/767 768/768/768
f 769/769/769 770/770/770 771/771/771
f 772/772/772 773/773/773 774/774/774
f 775/775/775 776/776/776 777/777/777
f 778/778/778 779/779/779 780/780/780
f 781/781/781 782/782/782 783/783/783
f 784/784/784 785/785/785 786/786/786
f 787/787/787 788/788/788 789/789/789
f 790/790/790 791/791/791 792/792/792
f 793/793/793 794/794/794 795/795/795
f 796/796/796 797/797/797 798/798/798
f 799/799/799 800/800/800 801/801/801
f 802/802/802 803/803/803 804/804/804
f 805/805/805 806/806/806 807/807/807
f 808/808/808 809/809/809 810/810/810
f 811/811/811 812/812/812 813/813/813
f 814/814/814 815/815/815 816/816/816
f 817/817/817 818/818/818 819/819/819
f 820/820/820 821/821/821 822/822/822
f 823/823/823 824/824/824 825/825/825
f 826/826/826 827/827/827 828/828/828
f 829/829/829 830/830/830 831/831/831
f 832/832/832 833/833/833 834/834/834
f 835/835/835 836/836/836 837/837/837
f 838/838/838 839/839/839 840/840/840
f 841/841/841 842/842/842 843/843/843
f 844/844/844 845/845/845 846/846/846
f 847/847/847 848/848/848 849/849/849
f 850/850/850 851/851/851 852/852/852
f 853/853/853 854/854/854 855/855/855
f 856/856/856 857/857/857 858/858/858
f 859/859/859 860/860/860 861/861/861
f 862/862/862 863/863/863 864/864/864
f 865/865/865 866/866/866 867/867/867
f 868/868/868 869/869/869 870/870/870
f 871/871/871 872/872/872 873/873/873
f 874/874/874 875/875/875 876/876/876
f 877/877/877 878/878/878 879/879/879
f 880/880/880 881/881/881 882/882/882
f 883/883/883 884/884/884 885/885/885
f 886/886/886 887/887/887 888/888/888
f 889/889/889 890/890/890 891/891/891
f 892/892/892 893/893/893 894/894/894
f 895/895/895 896/896/896 897/897/897
f 898/898/898 899/899/899 900/900/900
f 901/901/901 902/902/902 903/903/903
f 904/904/904 905/905/905 906/906/906
f 907/907/907 908/908/908 909/909/909
f 910/910/910 911/911/911 912/912/912
f 913/913/913 914/914/914 915/915/915
f 916/916/916 917/917/917 918/918/918
f 919/919/919 920/920/920 921/921/921
f 922/922/922 923/923/923 924/924/924
f 925/925/925 926/926/926 927/927/927
f 928/928/928 929/929/929 930/930/930
f 931/931/931 932/932/932 933/933/933
f 934/934/934 935/935/935 936/936/936
f 937/937/937 938/938/938 939/939/939
f 940/940/940 941/941/941 942/942/942
f 943/943/943 944/944/944 945/945/945
f 946/946/946 947/947/947 948/948/948
f 949/949/949 950/950/950 951/951/951
f 952/952/952 953/953/953 954/954/954
f 955/955/955 956/956/956 957/957/957
f 958/958/958 959/959/959 960/960/960
f 961/961/961 962/962/962 963/963/963
f 964/964/964 965/965/965 966/966/966
f 967/967/967 968/968/968 969/969/969
f 970/970/970 971/971/971 972/972/972
f 973/973/973 974/974/974 975/975/975
f 976/976/976 977/977/977 978/978/978
f 979/979/979 980/980/980 981/981/981
f 982/982/982 983/983/983 984/984/984
f 985/985/985 986/986/986 987/987/987
f 988/988/988 989/989/989 990/990/990
f 991/991/991 992/992/992 993/993/993
f 994/994/994 995/995/995 996/996/996
f 997/997/997 998/998/998 999/999/999
f 1000/1000/1000 1001/1001/1001 1002/1002/1002
f 1003/1003/1003 1004/1004/1004 1005/1005/1005
f 1006/1006/1006 1007/1007/1007 1008/1008/1008
f 1009/1009/1009 1010/1010/1010 1011/1011/1011
f 1012/1012/1012 1013/1013/1013 1014/1014/1014
f 1015/1015/1015 1016/1016/1016 1017/1017/1017
f 1018/1018/1018 1019/1019/1019 1020/1020/1020
f 1021/1021/1021 1022/1022/1022 1023/1023/1023
f 1024/1024/1024 1025/1025/1025 1026/1026/1026
f 1027/1027/1027 1028/1028/1028 1029/1029/1029
f 1030/1030/1030 1031/1031/1031 1032/1032/1032
f 1033/1033/1033 1034/1034/1034 1035/1035/1035
f 1036/1036/1036 1037/1037/1037 1038/1038/1038
f 1039/1039/1039 1040/1040/1040 1041/1041/1041
f 1042/1042/1042 1043/1043/1043 1044/1044/1044
f 1045/1045/1045 1046/1046/1046 1047/1047/1047
f 1048/1048/1048 1049/1049/1049 1050/1050/1050
f 1051/1051/1051 1052/1052/1052 1053/1053/1053
f 1054/1054/1054 1055/1055/1055 1056/1056/1056
f 1057/1057/1057 1058/1058/1058 1059/1059/1059
f 1060/1060/1060 1061/1061/1061 1062/1062/1062
f 1063/1063/1063 1064/1064/1064 1065/1065/1065
f 1066/1066/1066 1067/1067/1067 1068/1068/1068
f 1069/1069/1069 1070/1070/1070 1071/1071/1071
f 1072/1072/1072 1073/1073/1073 1074/1074/1074
f 1075/1075/1075 1076/1076/1076 1077/1077/1077
f 1078/1078/1078 1079/1079/1079 1080/1080/1080
f 1081/1081/1081 1082/1082/1082 1083/1083/1083
f 1084/1084/1084 1085/1085/1085 1086/1086/1086
f 1087/1087/1087 1088/1088/1088 1089/1089/1089
f 1090/1090/1090 1091/1091/1091 1092/1092/1092
f 1093/1093/1093 1094/1094/1094 1095/1095/1095
f 1096/1096/1096 1097/1097/1097 1098/1098/1098
f 1099/1099/1099 1100/1100/1100 1101/1101/1101
f 1102/1102/1102 1103/1103/1103 1104/1104/1104
f 1105/1105/1105 1106/1106/1106 1107/1107/1107
f 1108/1108/1108 1109/1109/1109 1110/1110/1110
f 1111/1111/1111 1112/1112/1112 1113/1113/1113
f 1114/1114/1114 1115/1115/1115 1116/1116/1116
f 1117/1117/1117 1118/1118/1118 1119/1119/1119
f 1120/1120/1120 1121/1121/1121 1122/1122/1122
f 1123/1123/1123 1124/1124/1124 1125/1125/1125
f 1126/1126/1126 1127/1127/1127 1128/1128/1128
f 1129/1129/1129 1130/1130/1130 1131/1131/1131
f 1132/1132/1132 1133/1133/1133 1134/1134/1134
f 1135/1135/1135 1136/1136/1136 1137/1137/1137
f 1138/1138/1138 1139/1139/1139 1140/1140/1140
f 1141/1141/1141 1142/1142/1142 1143/1143/1143
f 1144/1144/1144 1145/1145/1145 1146/1146/1146
f 1147/1147/1147 1148/1148/1148 1149/1149/1149
f 1150/1150/1150 1151/1151/1151 1152/1152/1152
f 1153/1153/1153 1154/1154/1154 1155/1155/1155
f 1156/1156/1156 1157/1157/1157 1158/1158/1158
f 1159/1159/1159 1160/1160/1160 1161/1161/1161
f 1162/1162/1162 1163/1163/1163 1164/1164/1164
f 1165/1165/1165 1166/1166/1166 1167/1167/1167
f 1168/1168/1168 1169/1169/1169 1170/1170/1170
f 1171/1171/1171 1172/1172/1172 1173/1173/1173
f 1174/1174/1174 1175/1175/1175 1176/1176/1176
f 1177/1177/1177 1178/1178/1178 1179/1179/1179
f 1180/1180/1180 1181/1181/1181 1182/1182/1182
f 1183/1183/1183 1184/1184/1184 1185/1185/1185
f 1186/1186/1186 1187/1187/1187 1188/1188/1188
f 1189/1189/1189 1190/1190/1190 1191/1191/1191
f 1192/1192/1192 1193/1193/1193 1194/1194/1194
f 1195/1195/1195 1196/1196/1196 1197/1197/1197
f 1198/1198/1198 1199/1199/1199 1200/1200/1200
f 1201/1201/1201 1202/1202/1202 1203/1203/1203
f 1204/1204/1204 1205/1205/1205 1206/1206/1206
f 1207/1207/1207 1208/1208/1208 1209/1209/1209
f 1210/1210/1210 1211/1211/1211 1212/1212/1212
f 1213/1213/1213 1214/1214/1214 1215/1215/1215
f 1216/1216/1216 1217/1217/1217 1218/1218/1218
f 1219/1219/1219 1220/1220/1220 1221/1221/1221
f 1222/1222/1222 1223/1223/1223 1224/1224/1224
f 1225/1225/1225 1226/1226/1226 1227/1227/1227
f 1228/1228/1228 1229/1229/1229 1230/1230/1230
f 1231/1231/1231 1232/1232/1232 1233/1233/1233
f 1234/1234/1234 1235/1235/1235 1236/1236/1236
f 1237/1237/1237 1238/1238/1238 1239/1239/1239
f 1240/1240/1240 1241/1241/1241 1242/1242/1242
f 1243/1243/1243 1244/1244/1244 1245/1245/1245
f 1246/1246/1246 1247/1247/1247 1248/1248/1248
f 1249/1249/1249 1250/1250/1250 1251/1251/1251
f 1252/1252/1252 1253/1253/1253 1254/1254/1254
f 1255/1255/1255 1256/1256/1256 1257/1257/1257
f 1258/1258/1258 1259/1259/1259 1260/1260/1260
f 1261/1261/1261 1262/1262/1262 1263/1263/1263
f 1264/1264/1264 1265/1265/1265 1266/1266/1266
f 1267/1267/1267 1268/1268/1268 1269/1269/1269
f 1270/1270/1270 1271/1271/1271 1272/1272/1272
f 1273/1273/1273 1274/1274/1274 1275/1275/1275
f 1276/1276/1276 1277/1277/1277 1278/1278/1278
f 1279/1279/1279 1280/1280/1280 1281/1281/1281
f 1282/1282/1282 1283/1283/1283 1284/1284/1284
f 1285/1285/1285 1286/1286/1286 1287/1287/1287
f 1288/1288/1288 1289/1289/1289 1290/1290/1290
f 1291/1291/1291 1292/1292/1292 1293/1293/1293
f 1294/1294/1294 1295/1295/1295 1296/1296/1296
f 1297/1297/1297 1298/1298/1298 1299/1299/1299
f 1300/1300/1300 1301/1301/1301 1302/1302/1302
f 1303/1303/1303 1304/1304/1304 1305/1305/1305
f 1306/1306/1306 1307/1307/1307 1308/1308/1308
f 1309/1309/1309 1310/1310/1310 1311/1311/1311
f 1312/1312/1312 1313/1313/1313 1314/1314/1314
f 1315/1315/1315 1316/1316/1316 1317/1317/1317
f 1318/1318/1318 1319/1319/1319 1320/1320/1320
f 1321/1321/1321 1322/1322/1322 1323/1323/1323
f 1324/1324/1324 1325/1325/1325 1326/1326/1326
f 1327/1327/1327 1328/1328/1328 1329/1329/1329
f 1330/1330/1330 1331/1331/1331 1332/1332/1332
f 1333/1333/1333 1334/1334/1334 1335/1335/1335
f 1336/1336/1336 1337/1337/1337 1338/1338/1338
f 1339/1339/1339 1340/1340/1340 1341/1341/1341
f 1342/1342/1342 1343/1343/1343 1344/1344/1344
f 1345/1345/1345 1346/1346/1346 1347/1347/1347
f 1348/1348/1348 1349/1349/1349 1350/1350/1350
f 1351/1351/1351 1352/1352/1352 1353/1353/1353
f 1354/1354/1354 1355/1355/1355 1356/1356/1356
f 1357/1357/1357 1358/1358/1358 1359/1359/1359
f 1360/1360/1360 1361/1361/1361 1362/1362/1362
f 1363/1363/1363 1364/1364/1364 1365/1365/1365
f 1366/1366/1366 1367/1367/1367 1368/1368/1368
f 1369/1369/1369 1370/1370/1370 1371/1371/1371
f 1372/1372/1372 1373/1373/1373 1374/1374/1374
f 1375/1375/1375 1376/1376/1376 1377/1377/1377
f 1378/1378/1378 1379/1379/1379 1380/1380/1380
f 1381/1381/1381 1382/1382/1382 1383/1383/1383
f 1384/1384/1384 1385/1385/1385 1386/1386/1386
f 1387/1387/1387 1388/1388/1388 1389/1389/1389
f 1390/1390/1390 1391/1391/1391 1392/1392/1392
f 1393/1393/1393 1394/1394/1394 1395/1395/1395
f 1396/1396/1396 1397/1397/1397 1398/1398/1398
f 1399/1399/1399 1400/1400/1400 1401/1401/1401
f 1402/1402/1402 1403/1403/1403 1404/1404/1404
f 1405/1405/1405 1406/1406/1406 1407/1407/1407
f 1408/1408/1408 1409/1409/1409 1410/1410/1410
f 1411/1411/1411 1412/1412/1412 1413/1413/1413
f 1414/1414/1414 1415/1415/1415 1416/1416/1416
f 1417/1417/1417 1418/1418/1418 1419/1419/1419
f 1420/1420/1420 1421/1421/1421 1422/1422/1422
f 1423/1423/1423 1424/1424/1424 1425/1425/1425
f 1426/1426/1426 1427/1427/1427 1428/1428/1428
f 1429/1429/1429 1430/1430/1430 1431/1431/1431
f 1432/1432/1432 1433/1433/1433 1434/1434/1434
f 1435/1435/1435 1436/1436/1436 1437/1437/1437
f 1438/1438/1438 1439/1439/1439 1440/1440/1440
f 1441/1441/1441 1442/1442/1442 1443/1443/1443
f 1444/1444/1444 1445/1445/1445 1446/1446/1446
f 1447/1447/1447 1448/1448/1448 1449/1449/1449
f 1450/1450/1450 1451/1451/1451 1452/1452/1452
f 1453/1453/1453 1454/1454/1454 1455/1455/1455
f 1456/1456/1456 1457/1457/1457 1458/1458/1458
f 1459/1459/1459 1460/1460/1460 1461/1461/1461
f 1462/1462/1462 1463/1463/1463 1464/1464/1464
f 1465/1465/1465 1466/1466/1466 1467/1467/1467
f 1468/1468/1468 1469/1469/1469 1470/1470/1470
f 1471/1471/1471 1472/1472/1472 1473/1473/1473
f 1474/1474/1474 1475/1475/1475 1476/1476/1476
f 1477/1477/1477 1478/1478/1478 1479/1479/1479
f 1480/1480/1480 1481/1481/1481 1482/1482/1482
f 1483/1483/1483 1484/1484/1484 1485/1485/1485
f 1486/1486/1486 1487/1487/1487 1488/1488/1488
f 1489/1489/1489 1490/1490/1490 1491/1491/1491
f 1492/1492/1492 1493/1493/1493 1494/1494/1494
f 1495/1495/1495 1496/1496/1496 1497/1497/1497
f 1498/1498/1498 1499/1499/1499 1500/1500/1500
f 1501/1501/1501 1502/1502/1502 1503/1503/1503
f 1504/1504/1504 1505/1505/1505 1506/1506/1506
f 1507/1507/1507 1508/1508/1508 1509/1509/1509
f 1510/1510/1510 1511/1511/1511 1512/1512/1512
f 1513/1513/1513 1514/1514/1514 1515/1515/1515
f 1516/1516/1516 1517/1517/1517 1518/1518/1518
f 1519/1519/1519 1520/1520/1520 1521/1521/1521
f 1522/1522/1522 1523/1523/1523 1524/1524/1524
f 1525/1525/1525 1526/1526/1526 1527/1527/1527
f 1528/1528/1528 1529/1529/1529 1530/1530/1530
f 1531/1531/1531 1532/1532/1532 1533/1533/1533
f 1534/1534/1534 1535/1535/1535 1536/1536/1536
f 1537/1537/1537 1538/1538/1538 1539/1539/1539
f 1540/1540/1540 1541/1541/1541 1542/1542/1542
f 1543/1543/1543 1544/1544/1544 1545/1545/1545
f 1546/1546/1546 1547/1547/1547 1548/1548/1548
f 1549/1549/1549 1550/1550/1550 1551/1551/1551
f 1552/1552/1552 1553/1553/1553 1554/1554/1554
f 1555/1555/1555 1556/1556/1556 1557/1557/1557
f 1558/1558/1558 1559/1559/1559 1560/1560/1560
f 1561/1561/1561 1562/1562/1562 1563/1563/1563
f 1564/1564/1564 1565/1565/1565 1566/1566/1566
f 1567/1567/1567 1568/1568/1568 1569/1569/1569
f 1570/1570/1570 1571/1571/1571 1572/1572/1572
f 1573/1573/1573 1574/1574/1574 1575/1575/1575
f 1576/1576/1576 1577/1577/1577 1578/1578/1578
f 1579/1579/1579 1580/1580/1580 1581/1581/1581
f 1582/1582/1582 1583/1583/1583 1584/1584/1584
f 1585/1585/1585 1586/1586/1586 1587/1587/1587
f 1588/1588/1588 1589/1589/1589 1590/1590/1590
f 1591/1591/1591 1592/1592/1592 1593/1593/1593
f 1594/1594/1594 1595/1595/1595 1596/1596/1596
f 1597/1597/1597 1598/1598/1598 1599/1599/1599
f 1600/1600/1600 1601/1601/1601 1602/1602/1602
f 1603/1603/1603 1604/1604/1604 1605/1605/1605
f 1606/1606/1606 1607/1607/1607 1608/1608/1608
f 1609/1609/1609 1610/1610/1610 1611/1611/1611
f 1612/1612/1612 1613/1613/1613 1614/1614/1614
f 1615/1615/1615 1616/1616/1616 1617/1617/1617
f 1618/1618/1618 1619/1619/1619 1620/1620/1620
f 1621/1621/1621 1622/1622/1622 1623/1623/1623
f 1624/1624/1624 1625/1625/1625 1626/1626/1626
f 1627/1627/1627 1628/1628/1628 1629/1629/1629
f 1630/1630/1630 1631/1631/1631 1632/1632/1632
f 1633/1633/1633 1634/1634/1634 1635/1635/1635
f 1636/1636/1636 1637/1637/1637 1638/1638/1638
f 1639/1639/1639 1640/1640/1640 1641/1641/1641
f 1642/1642/1642 1643/1643/1643 1644/1644/1644
f 1645/1645/1645 1646/1646/1646 1647/1647/1647
f 1648/1648/1648 1649/1649/1649 1650/1650/1650
f 1651/1651/1651 1652/1652/1652 1653/1653/1653
f 1654/1654/1654 1655/1655/1655 1656/1656/1656
f 1657/1657/1657 1658/1658/1658 1659/1659/1659
f 1660/1660/1660 1661/1661/1661 1662/1662/1662
f 1663/1663/1663 1664/1664/1664 1665/1665/1665
f 1666/1666/1666 1667/1667/1667 1668/1668/1668
f 1669/1669/1669 1670/1670/1670 1671/1671/1671
f 1672/1672/1672 1673/1673/1673 1674/1674/1674
f 1675/1675/1675 1676/1676/1676 1677/1677/1677
f 1678/1678/1678 1679/1679/1679 1680/1680/1680
f 1681/1681/1681 1682/1682/1682 1683/1683/1683
f 1684/1684/1684 1685/1685/1685 1686/1686/1686
f 1687/1687/1687 1688/1688/1688 1689/1689/1689
f 1690/1690/1690 1691/1691/1691 1692/1692/1692
f 1693/1693/1693 1694/1694/1694 1695/1695/1695
f 1696/1696/1696 1697/1697/1697 1698/1698/1698
f 1699/1699/1699 1700/1700/1700 1701/1701/1701
f 1702/1702/1702 1703/1703/1703 1704/1704/1704
f 1705/1705/1705 1706/1706/1706 1707/1707/1707
f 1708/1708/1708 1709/1709/1709 1710/1710/1710
f 1711/1711/1711 1712/1712/1712 1713/1713/1713
f 1714/1714/1714 1715/1715/1715 1716/1716/1716
f 1717/1717/1717 1718/1718/1718 1719/1719/1719
f 1720/1720/1720 1721/1721/1721 1722/1722/1722
f 1723/1723/1723 1724/1724/1724 1725/1725/1725
f 1726/1726/1726 1727/1727/1727 1728/1728/1728
f 1729/1729/1729 1730/1730/1730 1731/1731/1731
f 1732/1732/1732 1733/1733/1733 1734/1734/1734
f 1735/1735/1735 1736/1736/1736 1737/1737/1737
f 1738/1738/1738 1739/1739/1739 1740/1740/1740
f 1741/1741/1741 1742/1742/1742 1743/1743/1743
f 1744/1744/1744 1745/1745/1745 1746/1746/1746
f 1747/1747/1747 1748/1748/1748 1749/1749/1749
f 1750/1750/1750 1751/1751/1751 1752/1752/1752
f 1753/1753/1753 1754/1754/1754 1755/1755/1755
f 1756/1756/1756 1757/1757/1757 1758/1758/1758
f 1759/1759/1759 1760/1760/1760 1761/1761/1761
f 1762/1762/1762 1763/1763/1763 1764/1764/1764
f 1765/1765/1765 1766/1766/1766 1767/1767/1767
f 1768/1768/1768 1769/1769/1769 1770/1770/1770
f 1771/1771/1771 1772/1772/1772 1773/1773/1773
f 1774/1774/1774 1775/1775/1775 1776/1776/1776
f 1777/1777/1777 1778/1778/1778 1779/1779/1779
f 1780/1780/1780 1781/1781/1781 1782/1782/1782
f 1783/1783/1783 1784/1784/1784 1785/1785/1785
f 1786/1786/1786 1787/1787/1787 1788/1788/1788
f 1789/1789/1789 1790/1790/1790 1791/1791/1791
f 1792/1792/1792 1793/1793/1793 1794/1794/1794
f 1795/1795/1795 1796/1796/1796 1797/1797/1797
f 1798/1798/1798 1799/1799/1799 1800/1800/1800
f 1801/1801/1801 1802/1802/1802 1803/1803/1803
f 1804/1804/1804 1805/1805/1805 1806/1806/1806
f 1807/1807/1807 1808/1808/1808 1809/1809/1809
f 1810/1810/1810 1811/1811/1811 1812/1812/1812
f 1813/1813/1813 1814/1814/1814 1815/1815/1815
f 1816/1816/1816 1817/1817/1817 1818/1818/1818
f 1819/1819/1819 1820/1820/1820 1821/1821/1821
f 1822/1822/1822 1823/1823/1823 1824/1824/1824
f 1825/1825/1825 1826/1826/1826 1827/1827/1827
f 1828/1828/1828 1829/1829/1829 1830/1830/1830
f 1831/1831/1831 1832/1832/1832 1833/1833/1833
f 1834/1834/1834 1835/1835/1835 1836/1836/1836
f 1837/1837/1837 1838/1838/1838 1839/1839/1839
f 1840/1840/1840 1841/1841/1841 1842/1842/1842
f 1843/1843/1843 1844/1844/1844 1845/1845/1845
f 1846/1846/1846 1847/1847/1847 1848/1848/1848
f 1849/1849/1849 1850/1850/1850 1851/1851/1851
f 1852/1852/1852 1853/1853/1853 1854/1854/1854
f 1855/1855/1855 1856/1856/1856 1857/1857/1857
f 1858/1858/1858 1859/1859/1859 1860/1860/1860
f 1861/1861/1861 1862/1862/1862 1863/1863/1863
f 1864/1864/1864 1865/1865/1865 1866/1866/1866
f 1867/1867/1867 1868/1868/1868 1869/1869/1869
f 1870/1870/1870 1871/1871/1871 1872/1872/1872
f 1873/1873/1873 1874/1874/1874 1875/1875/1875
f 1876/1876/1876 1877/1877/1877 1878/1878/1878
f 1879/1879/1879 1880/1880/1880 1881/1881/1881
f 1882/1882/1882 1883/1883/1883 1884/1884/1884
f 1885/1885/1885 1886/1886/1886 1887/1887/1887
f 1888/1888/1888 1889/1889/1889 1890/1890/1890
f 1891/1891/1891 1892/1892/1892 1893/1893/1893
f 1894/1894/1894 1895/1895/1895 1896/1896/1896
f 1897/1897/1897 1898/1898/1898 1899/1899/1899
f 1900/1900/1900 1901/1901/1901 1902/1902/1902
f 1903/1903/1903 1904/1904/1904 1905/1905/1905
f 1906/1906/1906 1907/1907/1907 1908/1908/1908
f 1909/1909/1909 1910/1910/1910 1911/1911/1911
f 1912/1912/1912 1913/1913/1913 1914/1914/1914
f 1915/1915/1915 1916/1916/1916 1917/1917/1917
f 1918/1918/1918 1919/1919/1919 1920/1920/1920
f 1921/1921/1921 1922/1922/1922 1923/1923/1923
f 1924/1924/1924 1925/1925/1925 1926/1926/1926
f 1927/1927/1927 1928/1928/1928 1929/1929/1929
f 1930/1930/1930 1931/1931/1931 1932/1932/1932
f 1933/1933/1933 1934/1934/1934 1935/1935/1935
f 1936/1936/1936 1937/1937/1937 1938/1938/1938
f 1939/1939/1939 1940/1940/1940 1941/1941/1941
f 1942/1942/1942 1943/1943/1943 1944/1944/1944
f 1945/1945/1945 1946/1946/1946 1947/1947/1947
f 1948/1948/1948 1949/1949/1949 1950/1950/1950
f 1951/1951/1951 1952/1952/1952 1953/1953/1953
f 1954/1954/1954 1955/1955/1955 1956/1956/1956
f 1957/1957/1957 1958/1958/1958 1959/1959/1959
f 1960/1960/1960 1961/1961/1961 1962/1962/1962
f 1963/1963/1963 1964/1964/1964 1965/1965/1965
f 1966/1966/1966 1967/1967/1967 1968/1968/1968
f 1969/1969/1969 1970/1970/1970 1971/1971/1971
f 1972/1972/1972 1973/1973/1973 1974/1974/1974
f 1975/1975/1975 1976/1976/1976 1977/1977/1977
f 1978/1978/1978 1979/1979/1979 1980/1980/1980
f 1981/1981/1981 1982/1982/1982 1983/1983/1983
f 1984/1984/1984 1985/1985/1985 1986/1986/1986
f 1987/1987/1987 1988/1988/1988 1989/1989/1989
f 1990/1990/1990 1991/1991/1991 1992/1992/1992
f 1993/1993/1993 1994/1994/1994 1995/1995/1995
f 1996/1996/1996 1997/1997/1997 1998/1998/1998
f 1999/1999/1999 2000/2000/2000 2001/2001/2001
f 2002/2002/2002 2003/2003/2003 2004/2004/2004
f 2005/2005/2005 2006/2006/2006 2007/2007/2007
f 2008/2008/2008 2009/2009/2009 2010/2010/2010
f 2011/2011/2011 2012/2012/2012 2013/2013/2013
f 2014/2014/2014 2015/2015/2015 2016/2016/2016
f 2017/2017/2017 2018/2018/2018 2019/2019/2019
f 2020/2020/2020 2021/2021/2021 2022/2022/2022
f 2023/2023/2023 2024/2024/2024 2025/2025/2025
f 2026/2026/2026 2027/2027/2027 2028/2028/2028
f 2029/2029/2029 2030/2030/2030 2031/2031/2031
f 2032/2032/2032 2033/2033/2033 2034/2034/2034
f 2035/2035/2035 2036/2036/2036 2037/2037/2037
f 2038/2038/2038 2039/2039/2039 2040/2040/2040
f 2041/2041/2041 2042/2042/2042 2043/2043/2043
f 2044/2044/2044 2045/2045/2045 2046/2046/2046
f 2047/2047/2047 2048/2048/2048 2049/2049/2049
f 2050/2050/2050 2051/2051/2051 2052/2052/2052
f 2053/2053/2053 2054/2054/2054 2055/2055/2055
f 2056/2056/2056 2057/2057/2057 2058/2058/2058
f 2059/2059/2059 2060/2060/2060 2061/2061/2061
f 2062/2062/2062 2063/2063/2063 2064/2064/2064
f 2065/2065/2065 2066/2066/2066 2067/2067/2067
f 2068/2068/2068 2069/2069/2069 2070/2070/2070
f 2071/2071/2071 2072/2072/2072 2073/2073/2073
f 2074/2074/2074 2075/2075/2075 2076/2076/2076
f 2077/2077/2077 2078/2078/2078 2079/2079/2079
f 2080/2080/2080 2081/2081/2081 2082/2082/2082
f 2083/2083/2083 2084/2084/2084 2085/2085/2085
f 2086/2086/2086 2087/2087/2087 2088/2088/2088
f 2089/2089/2089 2090/2090/2090 2091/2091/2091
f 2092/2092/2092 2093/2093/2093 2094/2094/2094
f 2095/2095/2095 2096/2096/2096 2097/2097/2097
f 2098/2098/2098 2099/2099/2099 2100/2100/2100
f 2101/2101/2101 2102/2102/2102 2103/2103/2103
f 2104/2104/2104 2105/2105/2105 2106/2106/2106
f 2107/2107/2107 2108/2108/2108 2109/2109/2109
f 2110/2110/2110 2111/2111/2111 2112/2112/2112
f 2113/2113/2113 2114/2114/2114 2115/2115/2115
f 2116/2116/2116 2117/2117/2117 2118/2118/2118
f 2119/2119/2119 2120/2120/2120 2121/2121/2121
f 2122/2122/2122 2123/2123/2123 2124/2124/2124
f 2125/2125/2125 2126/2126/2126 2127/2127/2127
f 2128/2128/2128 2129/2129/2129 2130/2130/2130
f 2131/2131/2131 2132/2132/2132 2133/2133/2133
f 2134/2134/2134 2135/2135/2135 2136/2136/2136
f 2137/2137/2137 2138/2138/2138 2139/2139/2139
f 2140/2140/2140 2141/2141/2141 2142/2142/2142
f 2143/2143/2143 2144/2144/2144 2145/2145/2145
f 2146/2146/2146 2147/2147/2147 2148/2148/2148
f 2149/2149/2149 2150/2150/2150 2151/2151/2151
f 2152/2152/2152 2153/2153/2153 2154/2154/2154
f 2155/2155/2155 2156/2156/2156 2157/2157/2157
f 2158/2158/2158 2159/2159/2159 2160/2160/2160
f 2161/2161/2161 2162/2162/2162 2163/2163/2163
f 2164/2164/2164 2165/2165/2165 2166/2166/2166
f 2167/2167/2167 2168/2168/2168 2169/2169/2169
f 2170/2170/2170 2171/2171/2171 2172/2172/2172
f 2173/2173/2173 2174/2174/2174 2175/2175/2175
f 2176/2176/2176 2177/2177/2177 2178/2178/2178
f 2179/2179/2179 2180/2180/2180 2181/2181/2181
f 2182/2182/2182 2183/2183/2183 2184/2184/2184
f 2185/2185/2185 2186/2186/2186 2187/2187/2187
f 2188/2188/2188 2189/2189/2189 2190/2190/2190
f 2191/2191/2191 2192/2192/2192 2193/2193/2193
f 2194/2194/2194 2195/2195/2195 2196/2196/2196
f 2197/2197/2197 2198/2198/2198 2199/2199/2199
f 2200/2200/2200 2201/2201/2201 2202/2202/2202
f 2203/2203/2203 2204/2204/2204 2205/2205/2205
f 2206/2206/2206 2207/2207/2207 2208/2208/2208
f 2209/2209/2209 2210/2210/2210 2211/2211/2211
f 2212/2212/2212 2213/2213/2213 2214/2214/2214
f 2215/2215/2215 2216/2216/2216 2217/2217/2217
f 2218/2218/2218 2219/2219/2219 2220/2220/2220
f 2221/2221/2221 2222/2222/2222 2223/2223/2223
f 2224/2224/2224 2225/2225/2225 2226/2226/2226
f 2227/2227/2227 2228/2228/2228 2229/2229/2229
f 2230/2230/2230 2231/2231/2231 2232/2232/2232
f 2233/2233/2233 2234/2234/2234 2235/2235/2235
f 2236/2236/2236 2237/2237/2237 2238/2238/2238
f 2239/2239/2239 2240/2240/2240 2241/2241/2241
f 2242/2242/2242 2243/2243/2243 2244/2244/2244
f 2245/2245/2245 2246/2246/2246 2247/2247/2247
f 2248/2248/2248 2249/2249/2249 2250/2250/2250
f 2251/2251/2251 2252/2252/2252 2253/2253/2253
f 2254/2254/2254 2255/2255/2255 2256/2256/2256
f 2257/2257/2257 2258/2258/2258 2259/2259/2259
f 2260/2260/2260 2261/2261/2261 2262/2262/2262
f 2263/2263/2263 2264/2264/2264 2265/2265/2265
f 2266/2266/2266 2267/2267/2267 2268/2268/2268
f 2269/2269/2269 2270/2270/2270 2271/2271/2271
f 2272/2272/2272 2273/2273/2273 2274/2274/2274
f 2275/2275/2275 2276/2276/2276 2277/2277/2277
f 2278/2278/2278 2279/2279/2279 2280/2280/2280
f 2281/2281/2281 2282/2282/2282 2283/2283/2283
f 2284/2284/2284 2285/2285/2285 2286/2286/2286
f 2287/2287/2287 2288/2288/2288 2289/2289/2289
f 2290/2290/2290 2291/2291/2291 2292/2292/2292
f 2293/2293/2293 2294/2294/2294 2295/2295/2295
f 2296/2296/2296 2297/2297/2297 2298/2298/2298
f 2299/2299/2299 2300/2300/2300 2301/2301/2301
f 2302/2302/2302 2303/2303/2303 2304/2304/2304
f 2305/2305/2305 2306/2306/2306 2307/2307/2307
f 2308/2308/2308 2309/2309/2309 2310/2310/2310
f 2311/2311/2311 2312/2312/2312 2313/2313/2313
f 2314/2314/2314 2315/2315/2315 2316/2316/2316
f 2317/2317/2317 2318/2318/2318 2319/2319/2319
f 2320/2320/2320 2321/2321/2321 2322/2322/2322
f 2323/2323/2323 2324/2324/2324 2325/2325/2325
f 2326/2326/2326 2327/2327/2327 2328/2328/2328
f 2329/2329/2329 2330/2330/2330 2331/2331/2331
f 2332/2332/2332 2333/2333/2333 2334/2334/2334
f 2335/2335/2335 2336/2336/2336 2337/2337/2337
f 2338/2338/2338 2339/2339/2339 2340/2340/2340
f 2341/2341/2341 2342/2342/2342 2343/2343/2343
f 2344/2344/2344 2345/2345/2345 2346/2346/2346
f 2347/2347/2347 2348/2348/2348 2349/2349/2349
f 2350/2350/2350 2351/2351/2351 2352/2352/2352
f 2353/2353/2353 2354/2354/2354 2355/2355/2355
f 2356/2356/2356 2357/2357/2357 2358/2358/2358
f 2359/2359/2359 2360/2360/2360 2361/2361/2361
f 2362/2362/2362 2363/2363/2363 2364/2364/2364
f 2365/2365/2365 2366/2366/2366 2367/2367/2367
f 2368/2368/2368 2369/2369/2369 2370/2370/2370
f 2371/2371/2371 2372/2372/2372 2373/2373/2373
f 2374/2374/2374 2375/2375/2375 2376/2376/2376
f 2377/2377/2377 2378/2378/2378 2379/2379/2379
f 2380/2380/2380 2381/2381/2381 2382/2382/2382
f 2383/2383/2383 2384/2384/2384 2385/2385/2385
f 2386/2386/2386 2387/2387/2387 2388/2388/2388
f 2389/2389/2389 2390/2390/2390 2391/2391/2391
f 2392/2392/2392 2393/2393/2393 2394/2394/2394
f 2395/2395/2395 2396/2396/2396 2397/2397/2397
f 2398/2398/2398 2399/2399/2399 2400/2400/2400
f 2401/2401/2401 2402/2402/2402 2403/2403/2403
f 2404/2404/2404 2405/2405/2405 2406/2406/2406
f 2407/2407/2407 2408/2408/2408 2409/2409/2409
f 2410/2410/2410 2411/2411/2411 2412/2412/2412
f 2413/2413/2413 2414/2414/2414 2415/2415/2415
f 2416/2416/2416 2417/2417/2417 2418/2418/2418
f 2419/2419/2419 2420/2420/2420 2421/2421/2421
f 2422/2422/2422 2423/2423/2423 2424/2424/2424
f 2425/2425/2425 2426/2426/2426 2427/2427/2427
f 2428/2428/2428 2429/2429/2429 2430/2430/2430
f 2431/2431/2431 2432/2432/2432 2433/2433/2433
f 2434/2434/2434 2435/2435/2435 2436/2436/2436
f 2437/2437/2437 2438/2438/2438 2439/2439/2439
f 2440/2440/2440 2441/2441/2441 2442/2442/2442
f 2443/2443/2443 2444/2444/2444 2445/2445/2445
f 2446/2446/2446 2447/2447/2447 2448/2448/2448
f 2449/2449/2449 2450/2450/2450 2451/2451/2451
f 2452/2452/2452 2453/2453/2453 2454/2454/2454
f 2455/2455/2455 2456/2456/2456 2457/2457/2457
f 2458/2458/2458 2459/2459/2459 2460/2460/2460
f 2461/2461/2461 2462/2462/2462 2463/2463/2463
f 2464/2464/2464 2465/2465/2465 2466/2466/2466
f 2467/2467/2467 2468/2468/2468 2469/2469/2469
f 2470/2470/2470 2471/2471/2471 2472/2472/2472
f 2473/2473/2473 2474/2474/2474 2475/2475/2475
f 2476/2476/2476 2477/2477/2477 2478/2478/2478
f 2479/2479/2479 2480/2480/2480 2481/2481/2481
f 2482/2482/2482 2483/2483/2483 2484/2484/2484
f 2485/2485/2485 2486/2486/2486 2487/2487/2487
f 2488/2488/2488 2489/2489/2489 2490/2490/2490
f 2491/2491/2491 2492/2492/2492 2493/2493/2493
f 2494/2494/2494 2495/2495/2495 2496/2496/2496
f 2497/2497/2497 2498/2498/2498 2499/2499/2499
f 2500/2500/2500 2501/2501/2501 2502/2502/2502
f 2503/2503/2503 2504/2504/2504 2505/2505/2505
f 2506/2506/2506 2507/2507/2507 2508/2508/2508
f 2509/2509/2509 2510/2510/2510 2511/2511/2511
f 2512/2512/2512 2513/2513/2513 2514/2514/2514
f 2515/2515/2515 2516/2516/2516 2517/2517/2517
f 2518/2518/2518 2519/2519/2519 2520/2520/2520
f 2521/2521/2521 2522/2522/2522 2523/2523/2523
f 2524/2524/2524 2525/2525/2525 2526/2526/2526
f 2527/2527/2527 2528/2528/2528 2529/2529/2529
f 2530/2530/2530 2531/2531/2531 2532/2532/2532
f 2533/2533/2533 2534/2534/2534 2535/2535/2535
f 2536/2536/2536 2537/2537/2537 2538/2538/2538
f 2539/2539/2539 2540/2540/2540 2541/2541/2541
f 2542/2542/2542 2543/2543/2543 2544/2544/2544
f 2545/2545/2545 2546/2546/2546 2547/2547/2547
f 2548/2548/2548 2549/2549/2549 2550/2550/2550
f 2551/2551/2551 2552/2552/2552 2553/2553/2553
f 2554/2554/2554 2555/2555/2555 2556/2556/2556
f 2557/2557/2557 2558/2558/2558 2559/2559/2559
f 2560/2560/2560 2561/2561/2561 2562/2562/2562
f 2563/2563/2563 2564/2564/2564 2565/2565/2565
f 2566/2566/2566 2567/2567/2567 2568/2568/2568
f 2569/2569/2569 2570/2570/2570 2571/2571/2571
f 2572/2572/2572 2573/2573/2573 2574/2574/2574
f 2575/2575/2575 2576/2576/2576 2577/2577/2577
f 2578/2578/2578 2579/2579/2579 2580/2580/2580
f 2581/2581/2581 2582/2582/2582 2583/2583/2583
f 2584/2584/2584 2585/2585/2585 2586/2586/2586
f 2587/2587/2587 2588/2588/2588 2589/2589/2589
f 2590/2590/2590 2591/2591/2591 2592/2592/2592
f 2593/2593/2593 2594/2594/2594 2595/2595/2595
f 2596/2596/2596 2597/2597/2597 2598/2598/2598
f 2599/2599/2599 2600/2600/2600 2601/2601/2601
f 2602/2602/2602 2603/2603/2603 2604/2604/2604
f 2605/2605/2605 2606/2606/2606 2607/2607/2607
f 2608/2608/2608 2609/2609/2609 2610/2610/2610
f 2611/2611/2611 2612/2612/2612 2613/2613/2613
f 2614/2614/2614 2615/2615/2615 2616/2616/2616
f 2617/2617/2617 2618/2618/2618 2619/2619/2619
f 2620/2620/2620 2621/2621/2621 2622/2622/2622
f 2623/2623/2623 2624/2624/2624 2625/2625/2625
f 2626/2626/2626 2627/2627/2627 2628/2628/2628
f 2629/2629/2629 2630/2630/2630 2631/2631/2631
f 2632/2632/2632 2633/2633/2633 2634/2634/2634
f 2635/2635/2635 2636/2636/2636 2637/2637/2637
f 2638/2638/2638 2639/2639/2639 2640/2640/2640
f 2641/2641/2641 2642/2642/2642 2643/2643/2643
f 2644/2644/2644 2645/2645/2645 2646/2646/2646
f 2647/2647/2647 2648/2648/2648 2649/2649/2649
f 2650/2650/2650 2651/2651/2651 2652/2652/2652
f 2653/2653/2653 2654/2654/2654 2655/2655/2655
f 2656/2656/2656 2657/2657/2657 2658/2658/2658
f 2659/2659/2659 2660/2660/2660 2661/2661/2661
f 2662/2662/2662 2663/2663/2663 2664/2664/2664
f 2665/2665/2665 2666/2666/2666 2667/2667/2667
f 2668/2668/2668 2669/2669/2669 2670/2670/2670
f 2671/2671/2671 2672/2672/2672 2673/2673/2673
f 2674/2674/2674 2675/2675/2675 2676/2676/2676
f 2677/2677/2677 2678/2678/2678 2679/2679/2679
f 2680/2680/2680 2681/2681/2681 2682/2682/2682
f 2683/2683/2683 2684/2684/2684 2685/2685/2685
f 2686/2686/2686 2687/2687/2687 2688/2688/2688
f 2689/2689/2689 2690/2690/2690 2691/2691/2691
f 2692/2692/2692 2693/2693/2693 2694/2694/2694
f 2695/2695/2695 2696/2696/2696 2697/2697/2697
f 2698/2698/2698 2699/2699/2699 2700/2700/2700
f 2701/2701/2701 2702/2702/2702 2703/2703/2703
f 2704/2704/2704 2705/2705/2705 2706/2706/2706
f 2707/2707/2707 2708/2708/2708 2709/2709/2709
f 2710/2710/2710 2711/2711/2711 2712/2712/2712
f 2713/2713/2713 2714/2714/2714 2715/2715/2715
f 2716/2716/2716 2717/2717/2717 2718/2718/2718
f 2719/2719/2719 2720/2720/2720 2721/2721/2721
f 2722/2722/2722 2723/2723/2723 2724/2724/2724
f 2725/2725/2725 2726/2726/2726 2727/2727/2727
f 2728/2728/2728 2729/2729/2729 2730/2730/2730
f 2731/2731/2731 2732/2732/2732 2733/2733/2733
f 2734/2734/2734 2735/2735/2735 2736/2736/2736
f 2737/2737/2737 2738/2738/2738 2739/2739/2739
f 2740/2740/2740 2741/2741/2741 2742/2742/2742
f 2743/2743/2743 2744/2744/2744 2745/2745/2745
f 2746/2746/2746 2747/2747/2747 2748/2748/2748
f 2749/2749/2749 2750/2750/2750 2751/2751/2751
f 2752/2752/2752 2753/2753/2753 2754/2754/2754
f 2755/2755/2755 2756/2756/2756 2757/2757/2757
f 2758/2758/2758 2759/2759/2759 2760/2760/2760
f 2761/2761/2761 2762/2762/2762 2763/2763/2763
f 2764/2764/2764 2765/2765/2765 2766/2766/2766
f 2767/2767/2767 2768/2768/2768 2769/2769/2769
f 2770/2770/2770 2771/2771/2771 2772/2772/2772
f 2773/2773/2773 2774/2774/2774 2775/2775/2775
f 2776/2776/2776 2777/2777/2777 2778/2778/2778
f 2779/2779/2779 2780/2780/2780 2781/2781/2781
f 2782/2782/2782 2783/2783/2783 2784/2784/2784
f 2785/2785/2785 2786/2786/2786 2787/2787/2787
f 2788/2788/2788 2789/2789/2789 2790/2790/2790
f 2791/2791/2791 2792/2792/2792 2793/2793/2793
f 2794/2794/2794 2795/2795/2795 2796/2796/2796
f 2797/2797/2797 2798/2798/2798 2799/2799/2799
f 2800/2800/2800 2801/2801/2801 2802/2802/2802
f 2803/2803/2803 2804/2804/2804 2805/2805/2805
f 2806/2806/2806 2807/2807/2807 2808/2808/2808
f 2809/2809/2809 2810/2810/2810 2811/2811/2811
f 2812/2812/2812 2813/2813/2813 2814/2814/2814
f 2815/2815/2815 2816/2816/2816 2817/2817/2817
f 2818/2818/2818 2819/2819/2819 2820/2820/2820
f 2821/2821/2821 2822/2822/2822 2823/2823/2823
f 2824/2824/2824 2825/2825/2825 2826/2826/2826
f 2827/2827/2827 2828/2828/2828 2829/2829/2829
f 2830/2830/2830 2831/2831/2831 2832/2832/2832
f 2833/2833/2833 2834/2834/2834 2835/2835/2835
f 2836/2836/2836 2837/2837/2837 2838/2838/2838
f 2839/2839/2839 2840/2840/2840 2841/2841/2841
f 2842/2842/2842 2843/2843/2843 2844/2844/2844
f 2845/2845/2845 2846/2846/2846 2847/2847/2847
f 2848/2848/2848 2849/2849/2849 2850/2850/2850
f 2851/2851/2851 2852/2852/2852 2853/2853/2853
f 2854/2854/2854 2855/2855/2855 2856/2856/2856
f 2857/2857/2857 2858/2858/2858 2859/2859/2859
f 2860/2860/2860 2861/2861/2861 2862/2862/2862
f 2863/2863/2863 2864/2864/2864 2865/2865/2865
f 2866/2866/2866 2867/2867/2867 2868/2868/2868
f 2869/2869/2869 2870/2870/2870 2871/2871/2871
f 2872/2872/2872 2873/2873/2873 2874/2874/2874
f 2875/2875/2875 2876/2876/2876 2877/2877/2877
f 2878/2878/2878 2879/2879/2879 2880/2880/2880
f 2881/2881/2881 2882/2882/2882 2883/2883/2883
f 2884/2884/2884 2885/2885/2885 2886/2886/2886
f 2887/2887/2887 2888/2888/2888 2889/2889/2889
f 2890/2890/2890 2891/2891/2891 2892/2892/2892
f 2893/2893/2893 2894/2894/2894 2895/2895/2895
f 2896/2896/2896 2897/2897/2897 2898/2898/2898
f 2899/2899/2899 2900/2900/2900 2901/2901/2901
f 2902/2902/2902 2903/2903/2903 2904/2904/2904
f 2905/2905/2905 2906/2906/2906 2907/2907/2907
f 2908/2908/2908 2909/2909/2909 2910/2910/2910
f 2911/2911/2911 2912/2912/2912 2913/2913/2913
f 2914/2914/2914 2915/2915/2915 2916/2916/2916
f 2917/2917/2917 2918/2918/2918 2919/2919/2919
f 2920/2920/2920 2921/2921/2921 2922/2922/2922
f 2923/2923/2923 2924/2924/2924 2925/2925/2925
f 2926/2926/2926 2927/2927/2927 2928/2928/2928
f 2929/2929/2929 2930/2930/2930 2931/2931/2931
f 2932/2932/2932 2933/2933/2933 2934/2934/2934
f 2935/2935/2935 2936/2936/2936 2937/2937/2937
f 2938/2938/2938 2939/2939/2939 2940/2940/2940
f 2941/2941/2941 2942/2942/2942 2943/2943/2943
f 2944/2944/2944 2945/2945/2945 2946/2946/2946
f 2947/2947/2947 2948/2948/2948 2949/2949/2949
f 2950/2950/2950 2951/2951/2951 2952/2952/2952
f 2953/2953/2953 2954/2954/2954 2955/2955/2955
f 2956/2956/2956 2957/2957/2957 2958/2958/2958
f 2959/2959/2959 2960/2960/2960 2961/2961/2961
f 2962/2962/2962 2963/2963/2963 2964/2964/2964
f 2965/2965/2965 2966/2966/2966 2967/2967/2967
f 2968/2968/2968 2969/2969/2969 2970/2970/2970
f 2971/2971/2971 2972/2972/2972 2973/2973/2973
f 2974/2974/2974 2975/2975/2975 2976/2976/2976
f 2977/2977/2977 2978/2978/2978 2979/2979/2979
f 2980/2980/2980 2981/2981/2981 2982/2982/2982
f 2983/2983/2983 2984/2984/2984 2985/2985/2985
f 2986/2986/2986 2987/2987/2987 2988/2988/2988
f 2989/2989/2989 2990/2990/2990 2991/2991/2991
f 2992/2992/2992 2993/2993/2993 2994/2994/2994
f 2995/2995/2995 2996/2996/2996 2997/2997/2997
f 2998/2998/2998 2999/2999/2999 3000/3000/3000
f 3001/3001/3001 3002/3002/3002 3003/3003/3003
f 3004/3004/3004 3005/3005/3005 3006/3006/3006
f 3007/3007/3007 3008/3008/3008 3009/3009/3009
f 3010/3010/3010 3011/3011/3011 3012/3012/3012
f 3013/3013/3013 3014/3014/3014 3015/3015/3015
f 3016/3016/3016 3017/3017/3017 3018/3018/3018
f 3019/3019/3019 3020/3020/3020 3021/3021/3021
f 3022/3022/3022 3023/3023/3023 3024/3024/3024
f 3025/3025/3025 3026/3026/3026 3027/3027/3027
f 3028/3028/3028 3029/3029/3029 3030/3030/3030
f 3031/3031/3031 3032/3032/3032 3033/3033/3033
f 3034/3034/3034 3035/3035/3035 3036/3036/3036
f 3037/3037/3037 3038/3038/3038 3039/3039/3039
f 3040/3040/3040 3041/3041/3041 3042/3042/3042
f 3043/3043/3043 3044/3044/3044 3045/3045/3045
f 3046/3046/3046 3047/3047/3047 3048/3048/3048
f 3049/3049/3049 3050/3050/3050 3051/3051/3051
f 3052/3052/3052 3053/3053/3053 3054/3054/3054
f 3055/3055/3055 3056/3056/3056 3057/3057/3057
f 3058/3058/3058 3059/3059/3059 3060/3060/3060
f 3061/3061/3061 3062/3062/3062 3063/3063/3063
f 3064/3064/3064 3065/3065/3065 3066/3066/3066
f 3067/3067/3067 3068/3068/3068 3069/3069/3069
f 3070/3070/3070 3071/3071/3071 3072/3072/3072
f 3073/3073/3073 3074/3074/3074 3075/3075/3075
f 3076/3076/3076 3077/3077/3077 3078/3078/3078
f 3079/3079/3079 3080/3080/3080 3081/3081/3081
f 3082/3082/3082 3083/3083/3083 3084/3084/3084
f 3085/3085/3085 3086/3086/3086 3087/3087/3087
f 3088/3088/3088 3089/3089/3089 3090/3090/3090
f 3091/3091/3091 3092/3092/3092 3093/3093/3093
f 3094/3094/3094 3095/3095/3095 3096/3096/3096
f 3097/3097/3097 3098/3098/3098 3099/3099/3099
f 3100/3100/3100 3101/3101/3101 3102/3102/3102
f 3103/3103/3103 3104/3104/3104 3105/3105/3105
f 3106/3106/3106 3107/3107/3107 3108/3108/3108
f 3109/3109/3109 3110/3110/3110 3111/3111/3111
f 3112/3112/3112 3113/3113/3113 3114/3114/3114
f 3115/3115/3115 3116/3116/3116 3117/3117/3117
f 3118/3118/3118 3119/3119/3119 3120/3120/3120
f 3121/3121/3121 3122/3122/3122 3123/3123/3123
f 3124/3124/3124 3125/3125/3125 3126/3126/3126
f 3127/3127/3127 3128/3128/3128 3129/3129/3129
f 3130/3130/3130 3131/3131/3131 3132/3132/3132
f 3133/3133/3133 3134/3134/3134 3135/3135/3135
f 3136/3136/3136 3137/3137/3137 3138/3138/3138
f 3139/3139/3139 3140/3140/3140 3141/3141/3141
f 3142/3142/3142 3143/3143/3143 3144/3144/3144
f 3145/3145/3145 3146/3146/3146 3147/3147/3147
f 3148/3148/3148 3149/3149/3149 3150/3150/3150
f 3151/3151/3151 3152/3152/3152 3153/3153/3153
f 3154/3154/3154 3155/3155/3155 3156/3156/3156
f 3157/3157/3157 3158/3158/3158 3159/3159/3159
f 3160/3160/3160 3161/3161/3161 3162/3162/3162
f 3163/3163/3163 3164/3164/3164 3165/3165/3165
f 3166/3166/3166 3167/3167/3167 3168/3168/3168
f 3169/3169/3169 3170/3170/3170 3171/3171/3171
f 3172/3172/3172 3173/3173/3173 3174/3174/3174
f 3175/3175/3175 3176/3176/3176 3177/3177/3177
f 3178/3178/3178 3179/3179/3179 3180/3180/3180
f 3181/3181/3181 3182/3182/3182 3183/3183/3183
f 3184/3184/3184 3185/3185/3185 3186/3186/3186
f 3187/3187/3187 3188/3188/3188 3189/3189/3189
f 3190/3190/3190 3191/3191/3191 3192/3192/3192
f 3193/3193/3193 3194/3194/3194 3195/3195/3195
f 3196/3196/3196 3197/3197/3197 3198/3198/3198
f 3199/3199/3199 3200/3200/3200 3201/3201/3201
f 3202/3202/3202 3203/3203/3203 3204/3204/3204
f 3205/3205/3205 3206/3206/3206 3207/3207/3207
f 3208/3208/3208 3209/3209/3209 3210/3210/3210
f 3211/3211/3211 3212/3212/3212 3213/3213/3213
f 3214/3214/3214 3215/3215/3215 3216/3216/3216
f 3217/3217/3217 3218/3218/3218 3219/3219/3219
f 3220/3220/3220 3221/3221/3221 3222/3222/3222
f 3223/3223/3223 3224/3224/3224 3225/3225/3225
f 3226/3226/3226 3227/3227/3227 3228/3228/3228
f 3229/3229/3229 3230/3230/3230 3231/3231/3231
f 3232/3232/3232 3233/3233/3233 3234/3234/3234
f 3235/3235/3235 3236/3236/3236 3237/3237/3237
f 3238/3238/3238 3239/3239/3239 3240/3240/3240
f 3241/3241/3241 3242/3242/3242 3243/3243/3243
f 3244/3244/3244 3245/3245/3245 3246/3246/3246
f 3247/3247/3247 3248/3248/3248 3249/3249/3249
f 3250/3250/3250 3251/3251/3251 3252/3252/3252
f 3253/3253/3253 3254/3254/3254 3255/3255/3255
f 3256/3256/3256 3257/3257/3257 3258/3258/3258
f 3259/3259/3259 3260/3260/3260 3261/3261/3261
f 3262/3262/3262 3263/3263/3263 3264/3264/3264
f 3265/3265/3265 3266/3266/3266 3267/3267/3267
f 3268/3268/3268 3269/3269/3269 3270/3270/3270
f 3271/3271/3271 3272/3272/3272 3273/3273/3273
f 3274/3274/3274 3275/3275/3275 3276/3276/3276
f 3277/3277/3277 3278/3278/3278 3279/3279/3279
f 3280/3280/3280 3281/3281/3281 3282/3282/3282
f 3283/3283/3283 3284/3284/3284 3285/3285/3285
f 3286/3286/3286 3287/3287/3287 3288/3288/3288
f 3289/3289/3289 3290/3290/3290 3291/3291/3291
f 3292/3292/3292 3293/3293/3293 3294/3294/3294
f 3295/3295/3295 3296/3296/3296 3297/3297/3297
f 3298/3298/3298 3299/3299/3299 3300/3300/3300
f 3301/3301/3301 3302/3302/3302 3303/3303/3303
f 3304/3304/3304 3305/3305/3305 3306/3306/3306
f 3307/3307/3307 3308/3308/3308 3309/3309/3309
f 3310/3310/3310 3311/3311/3311 3312/3312/3312
f 3313/3313/3313 3314/3314/3314 3315/3315/3315
f 3316/3316/3316 3317/3317/3317 3318/3318/3318
f 3319/3319/3319 3320/3320/3320 3321/3321/3321
f 3322/3322/3322 3323/3323/3323 3324/3324/3324
f 3325/3325/3325 3326/3326/3326 3327/3327/3327
f 3328/3328/3328 3329/3329/3329 3330/3330/3330
f 3331/3331/3331 3332/3332/3332 3333/3333/3333
f 3334/3334/3334 3335/3335/3335 3336/3336/3336
f 3337/3337/3337 3338/3338/3338 3339/3339/3339
f 3340/3340/3340 3341/3341/3341 3342/3342/3342
f 3343/3343/3343 3344/3344/3344 3345/3345/3345
f 3346/3346/3346 3347/3347/3347 3348/3348/3348
f 3349/3349/3349 3350/3350/3350 3351/3351/3351
f 3352/3352/3352 3353/3353/3353 3354/3354/3354
f 3355/3355/3355 3356/3356/3356 3357/3357/3357
f 3358/3358/3358 3359/3359/3359 3360/3360/3360
f 3361/3361/3361 3362/3362/3362 3363/3363/3363
f 3364/3364/3364 3365/3365/3365 3366/3366/3366
f 3367/3367/3367 3368/3368/3368 3369/3369/3369
f 3370/3370/3370 3371/3371/3371 3372/3372/3372
f 3373/3373/3373 3374/3374/3374 3375/3375/3375
f 3376/3376/3376 3377/3377/3377 3378/3378/3378
f 3379/3379/3379 3380/3380/3380 3381/3381/3381
f 3382/3382/3382 3383/3383/3383 3384/3384/3384
f 3385/3385/3385 3386/3386/3386 3387/3387/3387
f 3388/3388/3388 3389/3389/3389 3390/3390/3390
f 3391/3391/3391 3392/3392/3392 3393/3393/3393
f 3394/3394/3394 3395/3395/3395 3396/3396/3396
f 3397/3397/3397 3398/3398/3398 3399/3399/3399
f 3400/3400/3400 3401/3401/3401 3402/3402/3402
f 3403/3403/3403 3404/3404/3404 3405/3405/3405
f 3406/3406/3406 3407/3407/3407 3408/3408/3408
f 3409/3409/3409 3410/3410/3410 3411/3411/3411
f 3412/3412/3412 3413/3413/3413 3414/3414/3414
f 3415/3415/3415 3416/3416/3416 3417/3417/3417
f 3418/3418/3418 3419/3419/3419 3420/3420/3420
f 3421/3421/3421 3422/3422/3422 3423/3423/3423
f 3424/3424/3424 3425/3425/3425 3426/3426/3426
f 3427/3427/3427 3428/3428/3428 3429/3429/3429
f 3430/3430/3430 3431/3431/3431 3432/3432/3432
f 3433/3433/3433 3434/3434/3434 3435/3435/3435
f 3436/3436/3436 3437/3437/3437 3438/3438/3438
f 3439/3439/3439 3440/3440/3440 3441/3441/3441
f 3442/3442/3442 3443/3443/3443 3444/3444/3444
f 3445/3445/3445 3446/3446/3446 3447/3447/3447
f 3448/3448/3448 3449/3449/3449 3450/3450/3450
f 3451/3451/3451 3452/3452/3452 3453/3453/3453
f 3454/3454/3454 3455/3455/3455 3456/3456/3456
f 3457/3457/3457 3458/3458/3458 3459/3459/3459
f 3460/3460/3460 3461/3461/3461 3462/3462/3462
f 3463/3463/3463 3464/3464/3464 3465/3465/3465
f 3466/3466/3466 3467/3467/3467 3468/3468/3468
f 3469/3469/3469 3470/3470/3470 3471/3471/3471
f 3472/3472/3472 3473/3473/3473 3474/3474/3474
f 3475/3475/3475 3476/3476/3476 3477/3477/3477
f 3478/3478/3478 3479/3479/3479 3480/3480/3480
f 3481/3481/3481 3482/3482/3482 3483/3483/3483
f 3484/3484/3484 3485/3485/3485 3486/3486/3486
f 3487/3487/3487 3488/3488/3488 3489/3489/3489
f 3490/3490/3490 3491/3491/3491 3492/3492/3492
f 3493/3493/3493 3494/3494/3494 3495/3495/3495
f 3496/3496/3496 3497/3497/3497 3498/3498/3498
f 3499/3499/3499 3500/3500/3500 3501/3501/3501
f 3502/3502/3502 3503/3503/3503 3504/3504/3504
f 3505/3505/3505 3506/3506/3506 3507/3507/3507
f 3508/3508/3508 3509/3509/3509 3510/3510/3510
f 3511/3511/3511 3512/3512/3512 3513/3513/3513
f 3514/3514/3514 3515/3515/3515 3516/3516/3516
f 3517/3517/3517 3518/3518/3518 3519/3519/3519
f 3520/3520/3520 3521/3521/3521 3522/3522/3522
f 3523/3523/3523 3524/3524/3524 3525/3525/3525
f 3526/3526/3526 3527/3527/3527 3528/3528/3528
f 3529/3529/3529 3530/3530/3530 3531/3531/3531
f 3532/3532/3532 3533/3533/3533 3534/3534/3534
f 3535/3535/3535 3536/3536/3536 3537/3537/3537
f 3538/3538/3538 3539/3539/3539 3540/3540/3540
f 3541/3541/3541 3542/3542/3542 3543/3543/3543
f 3544/3544/3544 3545/3545/3545 3546/3546/3546
f 3547/3547/3547 3548/3548/3548 3549/3549/3549
f 3550/3550/3550 3551/3551/3551 3552/3552/3552
f 3553/3553/3553 3554/3554/3554 3555/3555/3555
f 3556/3556/3556 3557/3557/3557 3558/3558/3558
f 3559/3559/3559 3560/3560/3560 3561/3561/3561
f 3562/3562/3562 3563/3563/3563 3564/3564/3564
f 3565/3565/3565 3566/3566/3566 3567/3567/3567
f 3568/3568/3568 3569/3569/3569 3570/3570/3570
f 3571/3571/3571 3572/3572/3572 3573/3573/3573
f 3574/3574/3574 3575/3575/3575 3576/3576/3576
f 3577/3577/3577 3578/3578/3578 3579/3579/3579
f 3580/3580/3580 3581/3581/3581 3582/3582/3582
f 3583/3583/3583 3584/3584/3584 3585/3585/3585
f 3586/3586/3586 3587/3587/3587 3588/3588/3588
f 3589/3589/3589 3590/3590/3590 3591/3591/3591
f 3592/3592/3592 3593/3593/3593 3594/3594/3594
f 3595/3595/3595 3596/3596/3596 3597/3597/3597
f 3598/3598/3598 3599/3599/3599 3600/3600/3600
f 3601/3601/3601 3602/3602/3602 3603/3603/3603
f 3604/3604/3604 3605/3605/3605 3606/3606/3606
f 3607/3607/3607 3608/3608/3608 3609/3609/3609
f 3610/3610/3610 3611/3611/3611 3612/3612/3612
f 3613/3613/3613 3614/3614/3614 3615/3615/3615
f 3616/3616/3616 3617/3617/3617 3618/3618/3618
f 3619/3619/3619 3620/3620/3620 3621/3621/3621
f 3622/3622/3622 3623/3623/3623 3624/3624/3624
f 3625/3625/3625 3626/3626/3626 3627/3627/3627
f 3628/3628/3628 3629/3629/3629 3630/3630/3630
f 3631/3631/3631 3632/3632/3632 3633/3633/3633
f 3634/3634/3634 3635/3635/3635 3636/3636/3636
f 3637/3637/3637 3638/3638/3638 3639/3639/3639
f 3640/3640/3640 3641/3641/3641 3642/3642/3642
f 3643/3643/3643 3644/3644/3644 3645/3645/3645
f 3646/3646/3646 3647/3647/3647 3648/3648/3648
f 3649/3649/3649 3650/3650/3650 3651/3651/3651
f 3652/3652/3652 3653/3653/3653 3654/3654/3654
f 3655/3655/3655 3656/3656/3656 3657/3657/3657
f 3658/3658/3658 3659/3659/3659 3660/3660/3660
f 3661/3661/3661 3662/3662/3662 3663/3663/3663
f 3664/3664/3664 3665/3665/3665 3666/3666/3666
f 3667/3667/3667 3668/3668/3668 3669/3669/3669
f 3670/3670/3670 3671/3671/3671 3672/3672/3672
f 3673/3673/3673 3674/3674/3674 3675/3675/3675
f 3676/3676/3676 3677/3677/3677 3678/3678/3678
f 3679/3679/3679 3680/3680/3680 3681/3681/3681
f 3682/3682/3682 3683/3683/3683 3684/3684/3684
f 3685/3685/3685 3686/3686/3686 3687/3687/3687
f 3688/3688/3688 3689/3689/3689 3690/3690/3690
f 3691/3691/3691 3692/3692/3692 3693/3693/3693
f 3694/3694/3694 3695/3695/3695 3696/3696/3696
f 3697/3697/3697 3698/3698/3698 3699/3699/3699
f 3700/3700/3700 3701/3701/3701 3702/3702/3702
f 3703/3703/3703 3704/3704/3704 3705/3705/3705
f 3706/3706/3706 3707/3707/3707 3708/3708/3708
f 3709/3709/3709 3710/3710/3710 3711/3711/3711
f 3712/3712/3712 3713/3713/3713 3714/3714/3714
f 3715/3715/3715 3716/3716/3716 3717/3717/3717
f 3718/3718/3718 3719/3719/3719 3720/3720/3720
f 3721/3721/3721 3722/3722/3722 3723/3723/3723
f 3724/3724/3724 3725/3725/3725 3726/3726/3726
f 3727/3727/3727 3728/3728/3728 3729/3729/3729
f 3730/3730/3730 3731/3731/3731 3732/3732/3732
f 3733/3733/3733 3734/3734/3734 3735/3735/3735
f 3736/3736/3736 3737/3737/3737 3738/3738/3738
f 3739/3739/3739 3740/3740/3740 3741/3741/3741
f 3742/3742/3742 3743/3743/3743 3744/3744/3744
f 3745/3745/3745 3746/3746/3746 3747/3747/3747
f 3748/3748/3748 3749/3749/3749 3750/3750/3750
f 3751/3751/3751 3752/3752/3752 3753/3753/3753
f 3754/3754/3754 3755/3755/3755 3756/3756/3756
f 3757/3757/3757 3758/3758/3758 3759/3759/3759
f 3760/3760/3760 3761/3761/3761 3762/3762/3762
f 3763/3763/3763 3764/3764/3764 3765/3765/3765
f 3766/3766/3766 3767/3767/3767 3768/3768/3768
f 3769/3769/3769 3770/3770/3770 3771/3771/3771
f 3772/3772/3772 3773/3773/3773 3774/3774/3774
f 3775/3775/3775 3776/3776/3776 3777/3777/3777
f 3778/3778/3778 3779/3779/3779 3780/3780/3780
f 3781/3781/3781 3782/3782/3782 3783/3783/3783
f 3784/3784/3784 3785/3785/3785 3786/3786/3786
f 3787/3787/3787 3788/3788/3788 3789/3789/3789
f 3790/3790/3790 3791/3791/3791 3792/3792/3792
f 3793/3793/3793 3794/3794/3794 3795/3795/3795
f 3796/3796/3796 3797/3797/3797 3798/3798/3798
f 3799/3799/3799 3800/3800/3800 3801/3801/3801
f 3802/3802/3802 3803/3803/3803 3804/3804/3804
f 3805/3805/3805 3806/3806/3806 3807/3807/3807
f 3808/3808/3808 3809/3809/3809 3810/3810/3810
f 3811/3811/3811 3812/3812/3812 3813/3813/3813
f 3814/3814/3814 3815/3815/3815 3816/3816/3816
f 3817/3817/3817 3818/3818/3818 3819/3819/3819
f 3820/3820/3820 3821/3821/3821 3822/3822/3822
f 3823/3823/3823 3824/3824/3824 3825/3825/3825
f 3826/3826/3826 3827/3827/3827 3828/3828/3828
f 3829/3829/3829 3830/3830/3830 3831/3831/3831
f 3832/3832/3832 3833/3833/3833 3834/3834/3834
f 3835/3835/3835 3836/3836/3836 3837/3837/3837
f 3838/3838/3838 3839/3839/3839 3840/3840/3840
f 3841/3841/3841 3842/3842/3842 3843/3843/3843
f 3844/3844/3844 3845/3845/3845 3846/3846/3846
f 3847/3847/3847 3848/3848/3848 3849/3849/3849
f 3850/3850/3850 3851/3851/3851 3852/3852/3852
f 3853/3853/3853 3854/3854/3854 3855/3855/3855
f 3856/3856/3856 3857/3857/3857 3858/3858/3858
f 3859/3859/3859 3860/3860/3860 3861/3861/3861
f 3862/3862/3862 3863/3863/3863 3864/3864/3864
f 3865/3865/3865 3866/3866/3866 3867/3867/3867
f 3868/3868/3868 3869/3869/3869 3870/3870/3870
f 3871/3871/3871 3872/3872/3872 3873/3873/3873
f 3874/3874/3874 3875/3875/3875 3876/3876/3876
f 3877/3877/3877 3878/3878/3878 3879/3879/3879
f 3880/3880/3880 3881/3881/3881 3882/3882/3882
f 3883/3883/3883 3884/3884/3884 3885/3885/3885
f 3886/3886/3886 3887/3887/3887 3888/3888/3888
f 3889/3889/3889 3890/3890/3890 3891/3891/3891
f 3892/3892/3892 3893/3893/3893 3894/3894/3894
f 3895/3895/3895 3896/3896/3896 3897/3897/3897
f 3898/3898/3898 3899/3899/3899 3900/3900/3900
f 3901/3901/3901 3902/3902/3902 3903/3903/3903
f 3904/3904/3904 3905/3905/3905 3906/3906/3906
f 3907/3907/3907 3908/3908/3908 3909/3909/3909
f 3910/3910/3910 3911/3911/3911 3912/3912/3912
f 3913/3913/3913 3914/3914/3914 3915/3915/3915
f 3916/3916/3916 3917/3917/3917 3918/3918/3918
f 3919/3919/3919 3920/3920/3920 3921/3921/3921
f 3922/3922/3922 3923/3923/3923 3924/3924/3924
f 3925/3925/3925 3926/3926/3926 3927/3927/3927
f 3928/3928/3928 3929/3929/3929 3930/3930/3930
f 3931/3931/3931 3932/3932/3932 3933/3933/3933
f 3934/3934/3934 3935/3935/3935 3936/3936/3936
f 3937/3937/3937 3938/3938/3938 3939/3939/3939
f 3940/3940/3940 3941/3941/3941 3942/3942/3942
f 3943/3943/3943 3944/3944/3944 3945/3945/3945
f 3946/3946/3946 3947/3947/3947 3948/3948/3948
f 3949/3949/3949 3950/3950/3950 3951/3951/3951
f 3952/3952/3952 3953/3953/3953 3954/3954/3954
f 3955/3955/3955 3956/3956/3956 3957/3957/3957
f 3958/3958/3958 3959/3959/3959 3960/3960/3960
f 3961/3961/3961 3962/3962/3962 3963/3963/3963
f 3964/3964/3964 3965/3965/3965 3966/3966/3966
f 3967/3967/3967 3968/3968/3968 3969/3969/3969
f 3970/3970/3970 3971/3971/3971 3972/3972/3972
f 3973/3973/3973 3974/3974/3974 3975/3975/3975
f 3976/3976/3976 3977/3977/3977 3978/3978/3978
f 3979/3979/3979 3980/3980/3980 3981/3981/3981
f 3982/3982/3982 3983/3983/3983 3984/3984/3984
f 3985/3985/3985 3986/3986/3986 3987/3987/3987
f 3988/3988/3988 3989/3989/3989 3990/3990/3990
f 3991/3991/3991 3992/3992/3992 3993/3993/3993
f 3994/3994/3994 3995/3995/3995 3996/3996/3996
f 3997/3997/3997 3998/3998/3998 3999/3999/3999
f 4000/4000/4000 4001/4001/4001 4002/4002/4002
f 4003/4003/4003 4004/4004/4004 4005/4005/4005
f 4006/4006/4006 4007/4007/4007 4008/4008/4008
f 4009/4009/4009 4010/4010/4010 4011/4011/4011
f 4012/4012/4012 4013/4013/4013 4014/4014/4014
f 4015/4015/4015 4016/4016/4016 4017/4017/4017
f 4018/4018/4018 4019/4019/4019 4020/4020/4020
f 4021/4021/4021 4022/4022/4022 4023/4023/4023
f 4024/4024/4024 4025/4025/4025 4026/4026/4026
f 4027/4027/4027 4028/4028/4028 4029/4029/4029
f 4030/4030/4030 4031/4031/4031 4032/4032/4032
f 4033/4033/4033 4034/4034/4034 4035/4035/4035
f 4036/4036/4036 4037/4037/4037 4038/4038/4038
f 4039/4039/4039 4040/4040/4040 4041/4041/4041
f 4042/4042/4042 4043/4043/4043 4044/4044/4044
f 4045/4045/4045 4046/4046/4046 4047/4047/4047
f 4048/4048/4048 4049/4049/4049 4050/4050/4050
f 4051/4051/4051 4052/4052/4052 4053/4053/4053
f 4054/4054/4054 4055/4055/4055 4056/4056/4056
f 4057/4057/4057 4058/4058/4058 4059/4059/4059
f 4060/4060/4060 4061/4061/4061 4062/4062/4062
f 4063/4063/4063 4064/4064/4064 4065/4065/4065
f 4066/4066/4066 4067/4067/4067 4068/4068/4068
f 4069/4069/4069 4070/4070/4070 4071/4071/4071
f 4072/4072/4072 4073/4073/4073 4074/4074/4074
f 4075/4075/4075 4076/4076/4076 4077/4077/4077
f 4078/4078/4078 4079/4079/4079 4080/4080/4080
f 4081/4081/4081 4082/4082/4082 4083/4083/4083
f 4084/4084/4084 4085/4085/4085 4086/4086/4086
f 4087/4087/4087 4088/4088/4088 4089/4089/4089
f 4090/4090/4090 4091/4091/4091 4092/4092/4092
f 4093/4093/4093 4094/4094/4094 4095/4095/4095
f 4096/4096/4096 4097/4097/4097 4098/4098/4098
f 4099/4099/4099 4100/4100/4100 4101/4101/4101
f 4102/4102/4102 4103/4103/4103 4104/4104/4104
f 4105/4105/4105 4106/4106/4106 4107/4107/4107
f 4108/4108/4108 4109/4109/4109 4110/4110/4110
f 4111/4111/4111 4112/4112/4112 4113/4113/4113
f 4114/4114/4114 4115/4115/4115 4116/4116/4116
f 4117/4117/4117 4118/4118/4118 4119/4119/4119
f 4120/4120/4120 4121/4121/4121 4122/4122/4122
f 4123/4123/4123 4124/4124/4124 4125/4125/4125
f 4126/4126/4126 4127/4127/4127 4128/4128/4128
f 4129/4129/4129 4130/4130/4130 4131/4131/4131
f 4132/4132/4132 4133/4133/4133 4134/4134/4134
f 4135/4135/4135 4136/4136/4136 4137/4137/4137
f 4138/4138/4138 4139/4139/4139 4140/4140/4140
f 4141/4141/4141 4142/4142/4142 4143/4143/4143
f 4144/4144/4144 4145/4145/4145 4146/4146/4146
f 4147/4147/4147 4148/4148/4148 4149/4149/4149
f 4150/4150/4150 4151/4151/4151 4152/4152/4152
f 4153/4153/4153 4154/4154/4154 4155/4155/4155
f 4156/4156/4156 4157/4157/4157 4158/4158/4158
f 4159/4159/4159 4160/4160/4160 4161/4161/4161
f 4162/4162/4162 4163/4163/4163 4164/4164/4164
f 4165/4165/4165 4166/4166/4166 4167/4167/4167
f 4168/4168/4168 4169/4169/4169 4170/4170/4170
f 4171/4171/4171 4172/4172/4172 4173/4173/4173
f 4174/4174/4174 4175/4175/4175 4176/4176/4176
f 4177/4177/4177 4178/4178/4178 4179/4179/4179
f 4180/4180/4180 4181/4181/4181 4182/4182/4182
f 4183/4183/4183 4184/4184/4184 4185/4185/4185
f 4186/4186/4186 4187/4187/4187 4188/4188/4188
f 4189/4189/4189 4190/4190/4190 4191/4191/4191
f 4192/4192/4192 4193/4193/4193 4194/4194/4194
f 4195/4195/4195 4196/4196/4196 4197/4197/4197
f 4198/4198/4198 4199/4199/4199 4200/4200/4200
f 4201/4201/4201 4202/4202/4202 4203/4203/4203
f 4204/4204/4204 4205/4205/4205 4206/4206/4206
f 4207/4207/4207 4208/4208/4208 4209/4209/4209
f 4210/4210/4210 4211/4211/4211 4212/4212/4212
f 4213/4213/4213 4214/4214/4214 4215/4215/4215
f 4216/4216/4216 4217/4217/4217 4218/4218/4218
f 4219/4219/4219 4220/4220/4220 4221/4221/4221
f 4222/4222/4222 4223/4223/4223 4224/4224/4224
f 4225/4225/4225 4226/4226/4226 4227/4227/4227
f 4228/4228/4228 4229/4229/4229 4230/4230/4230
f 4231/4231/4231 4232/4232/4232 4233/4233/4233
f 4234/4234/4234 4235/4235/4235 4236/4236/4236
f 4237/4237/4237 4238/4238/4238 4239/4239/4239
f 4240/4240/4240 4241/4241/4241 4242/4242/4242
f 4243/4243/4243 4244/4244/4244 4245/4245/4245
f 4246/4246/4246 4247/4247/4247 4248/4248/4248
f 4249/4249/4249 4250/4250/4250 4251/4251/4251
f 4252/4252/4252 4253/4253/4253 4254/4254/4254
f 4255/4255/4255 4256/4256/4256 4257/4257/4257
f 4258/4258/4258 4259/4259/4259 4260/4260/4260
f 4261/4261/4261 4262/4262/4262 4263/4263/4263
f 4264/4264/4264 4265/4265/4265 4266/4266/4266
f 4267/4267/4267 4268/4268/4268 4269/4269/4269
f 4270/4270/4270 4271/4271/4271 4272/4272/4272
f 4273/4273/4273 4274/4274/4274 4275/4275/4275
f 4276/4276/4276 4277/4277/4277 4278/4278/4278
f 4279/4279/4279 4280/4280/4280 4281/4281/4281
f 4282/4282/4282 4283/4283/4283 4284/4284/4284
f 4285/4285/4285 4286/4286/4286 4287/4287/4287
f 4288/4288/4288 4289/4289/4289 4290/4290/4290
f 4291/4291/4291 4292/4292/4292 4293/4293/4293
f 4294/4294/4294 4295/4295/4295 4296/4296/4296
f 4297/4297/4297 4298/4298/4298 4299/4299/4299
f 4300/4300/4300 4301/4301/4301 4302/4302/4302
f 4303/4303/4303 4304/4304/4304 4305/4305/4305
f 4306/4306/4306 4307/4307/4307 4308/4308/4308
f 4309/4309/4309 4310/4310/4310 4311/4311/4311
f 4312/4312/4312 4313/4313/4313 4314/4314/4314
f 4315/4315/4315 4316/4316/4316 4317/4317/4317
f 4318/4318/4318 4319/4319/4319 4320/4320/4320
f 4321/4321/4321 4322/4322/4322 4323/4323/4323
f 4324/4324/4324 4325/4325/4325 4326/4326/4326
f 4327/4327/4327 4328/4328/4328 4329/4329/4329
f 4330/4330/4330 4331/4331/4331 4332/4332/4332
f 4333/4333/4333 4334/4334/4334 4335/4335/4335
f 4336/4336/4336 4337/4337/4337 4338/4338/4338
f 4339/4339/4339 4340/4340/4340 4341/4341/4341
f 4342/4342/4342 4343/4343/4343 4344/4344/4344
f 4345/4345/4345 4346/4346/4346 4347/4347/4347
f 4348/4348/4348 4349/4349/4349 4350/4350/4350
f 4351/4351/4351 4352/4352/4352 4353/4353/4353
f 4354/4354/4354 4355/4355/4355 4356/4356/4356
f 4357/4357/4357 4358/4358/4358 4359/4359/4359
f 4360/4360/4360 4361/4361/4361 4362/4362/4362
f 4363/4363/4363 4364/4364/4364 4365/4365/4365
f 4366/4366/4366 4367/4367/4367 4368/4368/4368
f 4369/4369/4369 4370/4370/4370 4371/4371/4371
f 4372/4372/4372 4373/4373/4373 4374/4374/4374
f 4375/4375/4375 4376/4376/4376 4377/4377/4377
f 4378/4378/4378 4379/4379/4379 4380/4380/4380
f 4381/4381/4381 4382/4382/4382 4383/4383/4383
f 4384/4384/4384 4385/4385/4385 4386/4386/4386
f 4387/4387/4387 4388/4388/4388 4389/4389/4389
f 4390/4390/4390 4391/4391/4391 4392/4392/4392
f 4393/4393/4393 4394/4394/4394 4395/4395/4395
f 4396/4396/4396 4397/4397/4397 4398/4398/4398
f 4399/4399/4399 4400/4400/4400 4401/4401/4401
f 4402/4402/4402 4403/4403/4403 4404/4404/4404
f 4405/4405/4405 4406/4406/4406 4407/4407/4407
f 4408/4408/4408 4409/4409/4409 4410/4410/4410
f 4411/4411/4411 4412/4412/4412 4413/4413/4413
f 4414/4414/4414 4415/4415/4415 4416/4416/4416
f 4417/4417/4417 4418/4418/4418 4419/4419/4419
f 4420/4420/4420 4421/4421/4421 4422/4422/4422
f 4423/4423/4423 4424/4424/4424 4425/4425/4425
f 4426/4426/4426 4427/4427/4427 4428/4428/4428
f 4429/4429/4429 4430/4430/4430 4431/4431/4431
f 4432/4432/4432 4433/4433/4433 4434/4434/4434
f 4435/4435/4435 4436/4436/4436 4437/4437/4437
f 4438/4438/4438 4439/4439/4439 4440/4440/4440
f 4441/4441/4441 4442/4442/4442 4443/4443/4443
f 4444/4444/4444 4445/4445/4445 4446/4446/4446
f 4447/4447/4447 4448/4448/4448 4449/4449/4449
f 4450/4450/4450 4451/4451/4451 4452/4452/4452
f 4453/4453/4453 4454/4454/4454 4455/4455/4455
f 4456/4456/4456 4457/4457/4457 4458/4458/4458
f 4459/4459/4459 4460/4460/4460 4461/4461/4461
