# Authored in Blender; exported by tools-export-modern.py
mtllib materials.mtl
s off
v 0.370100230 0.519999981 0.005103721
v 0.376457959 0.479827762 0.004853927
v 0.378285110 0.479827762 0.048930053
v 0.371942073 0.519999981 0.049429260
v 0.394908875 0.443587899 0.004128997
v 0.396693319 0.443587899 0.047481291
v 0.423646808 0.414827764 0.002999892
v 0.425364792 0.414827764 0.045224790
v 0.459858775 0.396362633 0.001577136
v 0.461492956 0.396362633 0.042381436
v 0.500000000 0.389999986 0.000000000
v 0.501541317 0.389999986 0.039229549
v 0.540141225 0.396362633 -0.001577136
v 0.541589677 0.396362633 0.036077663
v 0.576353192 0.414827764 -0.002999892
v 0.577717841 0.414827764 0.033234309
v 0.605091095 0.443587899 -0.004128997
v 0.606389284 0.443587899 0.030977810
v 0.623542011 0.479827762 -0.004853927
v 0.624797523 0.479827762 0.029529046
v 0.629899740 0.519999981 -0.005103721
v 0.631140590 0.519999981 0.029029839
v 0.623542011 0.560172200 -0.004853927
v 0.624797523 0.560172200 0.029529046
v 0.605091095 0.596412063 -0.004128997
v 0.606389284 0.596412063 0.030977810
v 0.576353192 0.625172198 -0.002999892
v 0.577717841 0.625172198 0.033234309
v 0.540141225 0.643637300 -0.001577136
v 0.541589677 0.643637300 0.036077663
v 0.500000000 0.649999976 0.000000000
v 0.501541317 0.649999976 0.039229549
v 0.459858775 0.643637300 0.001577136
v 0.461492956 0.643637300 0.042381436
v 0.423646808 0.625172198 0.002999892
v 0.425364792 0.625172198 0.045224790
v 0.394908875 0.596412063 0.004128997
v 0.396693319 0.596412063 0.047481291
v 0.376457959 0.560172200 0.004853927
v 0.378285110 0.560172200 0.048930053
v 0.384040684 0.479827762 0.097558409
v 0.377756357 0.519999981 0.098553747
v 0.402278483 0.443587899 0.094669819
v 0.430684537 0.414827764 0.090170734
v 0.466478229 0.396362633 0.084501557
v 0.506155849 0.389999986 0.078217231
v 0.545833468 0.396362633 0.071932904
v 0.581627131 0.414827764 0.066263728
v 0.610033214 0.443587899 0.061764643
v 0.628270984 0.479827762 0.058876056
v 0.634555340 0.519999981 0.057880715
v 0.628270984 0.560172200 0.058876056
v 0.610033214 0.596412063 0.061764643
v 0.581627131 0.625172198 0.066263728
v 0.545833468 0.643637300 0.071932904
v 0.506155849 0.649999976 0.078217231
v 0.466478229 0.643637300 0.084501557
v 0.430684537 0.625172198 0.090170734
v 0.402278483 0.596412063 0.094669819
v 0.384040684 0.560172200 0.097558409
v 0.393593818 0.479827762 0.145585239
v 0.387406945 0.519999981 0.147070572
v 0.411548764 0.443587899 0.141274646
v 0.439514220 0.414827764 0.134560719
v 0.474752784 0.396362633 0.126100689
v 0.513815045 0.389999986 0.116722681
v 0.552877307 0.396362633 0.107344665
v 0.588115871 0.414827764 0.098884642
v 0.616081357 0.443587899 0.092170723
v 0.634036303 0.479827762 0.087860122
v 0.640223145 0.519999981 0.086374789
v 0.634036303 0.560172200 0.087860122
v 0.616081357 0.596412063 0.092170723
v 0.588115871 0.625172198 0.098884642
v 0.552877307 0.643637300 0.107344665
v 0.513815045 0.649999976 0.116722681
v 0.474752784 0.643637300 0.126100689
v 0.439514220 0.625172198 0.134560719
v 0.411548764 0.596412063 0.141274646
v 0.393593818 0.560172200 0.145585239
v 0.406885684 0.479827762 0.192714557
v 0.400834441 0.519999981 0.194680721
v 0.424447060 0.443587899 0.187008515
v 0.451799572 0.414827764 0.178121150
v 0.486265719 0.396362633 0.166922405
v 0.524471760 0.389999986 0.154508501
v 0.562677801 0.396362633 0.142094597
v 0.597143948 0.414827764 0.130895853
v 0.624496460 0.443587899 0.122008488
v 0.642057836 0.479827762 0.116302446
v 0.648109078 0.519999981 0.114336282
v 0.642057836 0.560172200 0.116302446
v 0.624496460 0.596412063 0.122008488
v 0.597143948 0.625172198 0.130895853
v 0.562677801 0.643637300 0.142094597
v 0.524471760 0.649999976 0.154508501
v 0.486265719 0.643637300 0.166922405
v 0.451799572 0.625172198 0.178121150
v 0.424447060 0.596412063 0.187008515
v 0.406885684 0.560172200 0.192714557
v 0.423834264 0.479827762 0.238655686
v 0.417955935 0.519999981 0.241090566
v 0.440893829 0.443587899 0.231589377
v 0.467464715 0.414827764 0.220583364
v 0.500945985 0.396362633 0.206714958
v 0.538060248 0.389999986 0.191341713
v 0.575174510 0.396362633 0.175968468
v 0.608655810 0.414827764 0.162100062
v 0.635226667 0.443587899 0.151094049
v 0.652286232 0.479827762 0.144027740
v 0.658164561 0.519999981 0.141592860
v 0.652286232 0.560172200 0.144027740
v 0.635226667 0.596412063 0.151094049
v 0.608655810 0.625172198 0.162100062
v 0.575174510 0.643637300 0.175968468
v 0.538060248 0.649999976 0.191341713
v 0.500945985 0.643637300 0.206714958
v 0.467464715 0.625172198 0.220583364
v 0.440893829 0.596412063 0.231589377
v 0.423834264 0.560172200 0.238655686
v 0.444335073 0.479827762 0.283125430
v 0.438665926 0.519999981 0.286013991
v 0.460787624 0.443587899 0.274742424
v 0.486413091 0.414827764 0.261685610
v 0.518703043 0.396362633 0.245233044
v 0.554496765 0.389999986 0.226995245
v 0.590290487 0.396362633 0.208757445
v 0.622580409 0.414827764 0.192304894
v 0.648205876 0.443587899 0.179248065
v 0.664658427 0.479827762 0.170865074
v 0.670327604 0.519999981 0.167976484
v 0.664658427 0.560172200 0.170865074
v 0.648205876 0.596412063 0.179248065
v 0.622580409 0.625172198 0.192304894
v 0.590290487 0.643637300 0.208757445
v 0.554496765 0.649999976 0.226995245
v 0.518703043 0.643637300 0.245233044
v 0.486413091 0.625172198 0.261685610
v 0.460787624 0.596412063 0.274742424
v 0.444335073 0.560172200 0.283125430
v 0.468261749 0.479827762 0.325849593
v 0.462836683 0.519999981 0.329174101
v 0.484005868 0.443587899 0.316201597
v 0.508527935 0.414827764 0.301174462
v 0.539427459 0.396362633 0.282239199
v 0.573679924 0.389999986 0.261249274
v 0.607932389 0.396362633 0.240259349
v 0.638831913 0.414827764 0.221324071
v 0.663353980 0.443587899 0.206296951
v 0.679098070 0.479827762 0.196648940
v 0.684523165 0.519999981 0.193324462
v 0.679098070 0.560172200 0.196648940
v 0.663353980 0.596412063 0.206296951
v 0.638831913 0.625172198 0.221324071
v 0.607932389 0.643637300 0.240259349
v 0.573679924 0.649999976 0.261249274
v 0.539427459 0.643637300 0.282239199
v 0.508527935 0.625172198 0.301174462
v 0.484005868 0.596412063 0.316201597
v 0.468261749 0.560172200 0.325849593
v 0.495466799 0.479827762 0.366564810
v 0.490319312 0.519999981 0.370304674
v 0.510405421 0.443587899 0.355711281
v 0.533672869 0.414827764 0.338806510
v 0.562991500 0.396362633 0.317505240
v 0.595491529 0.389999986 0.293892622
v 0.627991557 0.396362633 0.270280004
v 0.657310188 0.414827764 0.248978749
v 0.680577636 0.443587899 0.232073978
v 0.695516288 0.479827762 0.221220449
v 0.700663745 0.519999981 0.217480570
v 0.695516288 0.560172200 0.221220449
v 0.680577636 0.596412063 0.232073978
v 0.657310188 0.625172198 0.248978749
v 0.627991557 0.643637300 0.270280004
v 0.595491529 0.649999976 0.293892622
v 0.562991500 0.643637300 0.317505240
v 0.533672869 0.625172198 0.338806510
v 0.510405421 0.596412063 0.355711281
v 0.495466799 0.560172200 0.366564810
v 0.525782406 0.479827762 0.405019999
v 0.520944178 0.519999981 0.409152210
v 0.539823413 0.443587899 0.393027872
v 0.561692774 0.414827764 0.374349684
v 0.589249790 0.396362633 0.350813776
v 0.619796991 0.389999986 0.324724019
v 0.650344193 0.396362633 0.298634261
v 0.677901208 0.414827764 0.275098354
v 0.699770570 0.443587899 0.256420165
v 0.713811576 0.479827762 0.244428024
v 0.718649805 0.519999981 0.240295812
v 0.713811576 0.560172200 0.244428024
v 0.699770570 0.596412063 0.256420165
v 0.677901208 0.625172198 0.275098354
v 0.650344193 0.643637300 0.298634261
v 0.619796991 0.649999976 0.324724019
v 0.589249790 0.643637300 0.350813776
v 0.561692774 0.625172198 0.374349684
v 0.539823413 0.596412063 0.393027872
v 0.525782406 0.560172200 0.405019999
v 0.559021771 0.479827762 0.440978229
v 0.554522753 0.519999981 0.445477277
v 0.572078645 0.443587899 0.427921385
v 0.592415094 0.414827764 0.407584906
v 0.618040562 0.396362633 0.381959438
v 0.646446586 0.389999986 0.353553385
v 0.674852610 0.396362633 0.325147331
v 0.700478077 0.414827764 0.299521863
v 0.720814526 0.443587899 0.279185385
v 0.733871400 0.479827762 0.266128540
v 0.738370419 0.519999981 0.261629492
v 0.733871400 0.560172200 0.266128540
v 0.720814526 0.596412063 0.279185385
v 0.700478077 0.625172198 0.299521863
v 0.674852610 0.643637300 0.325147331
v 0.646446586 0.649999976 0.353553385
v 0.618040562 0.643637300 0.381959438
v 0.592415094 0.625172198 0.407584906
v 0.572078645 0.596412063 0.427921385
v 0.559021771 0.560172200 0.440978229
v 0.594979942 0.479827762 0.474217564
v 0.590847731 0.519999981 0.479055762
v 0.606972098 0.443587899 0.460176557
v 0.625650287 0.414827764 0.438307196
v 0.649186254 0.396362633 0.410750180
v 0.675275981 0.389999986 0.380202979
v 0.701365709 0.396362633 0.349655777
v 0.724901676 0.414827764 0.322098762
v 0.743579865 0.443587899 0.300229400
v 0.755572021 0.479827762 0.286188394
v 0.759704232 0.519999981 0.281350195
v 0.755572021 0.560172200 0.286188394
v 0.743579865 0.596412063 0.300229400
v 0.724901676 0.625172198 0.322098762
v 0.701365709 0.643637300 0.349655777
v 0.675275981 0.649999976 0.380202979
v 0.649186254 0.643637300 0.410750180
v 0.625650287 0.625172198 0.438307196
v 0.606972098 0.596412063 0.460176557
v 0.594979942 0.560172200 0.474217564
v 0.633435130 0.479827762 0.504533172
v 0.629695296 0.519999981 0.509680688
v 0.644288659 0.443587899 0.489594579
v 0.661193490 0.414827764 0.466327161
v 0.682494760 0.396362633 0.437008500
v 0.706107378 0.389999986 0.404508501
v 0.729719996 0.396362633 0.372008502
v 0.751021266 0.414827764 0.342689842
v 0.767926097 0.443587899 0.319422424
v 0.778779626 0.479827762 0.304483801
v 0.782519460 0.519999981 0.299336314
v 0.778779626 0.560172200 0.304483801
v 0.767926097 0.596412063 0.319422424
v 0.751021266 0.625172198 0.342689842
v 0.729719996 0.643637300 0.372008502
v 0.706107378 0.649999976 0.404508501
v 0.682494760 0.643637300 0.437008500
v 0.661193490 0.625172198 0.466327161
v 0.644288659 0.596412063 0.489594579
v 0.633435130 0.560172200 0.504533172
v 0.674150348 0.479827762 0.531738222
v 0.670825899 0.519999981 0.537163317
v 0.683798373 0.443587899 0.515994132
v 0.698825479 0.414827764 0.491472095
v 0.717760801 0.396362633 0.460572511
v 0.738750696 0.389999986 0.426320076
v 0.759740591 0.396362633 0.392067641
v 0.778675914 0.414827764 0.361168057
v 0.793703020 0.443587899 0.336646020
v 0.803351045 0.479827762 0.320901901
v 0.806675494 0.519999981 0.315476835
v 0.803351045 0.560172200 0.320901901
v 0.793703020 0.596412063 0.336646020
v 0.778675914 0.625172198 0.361168057
v 0.759740591 0.643637300 0.392067641
v 0.738750696 0.649999976 0.426320076
v 0.717760801 0.643637300 0.460572511
v 0.698825479 0.625172198 0.491472095
v 0.683798373 0.596412063 0.515994132
v 0.674150348 0.560172200 0.531738222
v 0.716874599 0.479827762 0.555664957
v 0.713986039 0.519999981 0.561334133
v 0.725257635 0.443587899 0.539212406
v 0.738314450 0.414827764 0.513586938
v 0.754767001 0.396362633 0.481296957
v 0.773004770 0.389999986 0.445503265
v 0.791242540 0.396362633 0.409709573
v 0.807695091 0.414827764 0.377419591
v 0.820751905 0.443587899 0.351794124
v 0.829134941 0.479827762 0.335341573
v 0.832023501 0.519999981 0.329672396
v 0.829134941 0.560172200 0.335341573
v 0.820751905 0.596412063 0.351794124
v 0.807695091 0.625172198 0.377419591
v 0.791242540 0.643637300 0.409709573
v 0.773004770 0.649999976 0.445503265
v 0.754767001 0.643637300 0.481296957
v 0.738314450 0.625172198 0.513586938
v 0.725257635 0.596412063 0.539212406
v 0.716874599 0.560172200 0.555664957
v 0.761344314 0.479827762 0.576165736
v 0.758909464 0.519999981 0.582044065
v 0.768410623 0.443587899 0.559106171
v 0.779416680 0.414827764 0.532535315
v 0.793285072 0.396362633 0.499054044
v 0.808658302 0.389999986 0.461939752
v 0.824031532 0.396362633 0.424825460
v 0.837899923 0.414827764 0.391344190
v 0.848905981 0.443587899 0.364773303
v 0.855972290 0.479827762 0.347713739
v 0.858407140 0.519999981 0.341835439
v 0.855972290 0.560172200 0.347713739
v 0.848905981 0.596412063 0.364773303
v 0.837899923 0.625172198 0.391344190
v 0.824031532 0.643637300 0.424825460
v 0.808658302 0.649999976 0.461939752
v 0.793285072 0.643637300 0.499054044
v 0.779416680 0.625172198 0.532535315
v 0.768410623 0.596412063 0.559106171
v 0.761344314 0.560172200 0.576165736
v 0.807285428 0.479827762 0.593114376
v 0.805319309 0.519999981 0.599165618
v 0.812991500 0.443587899 0.575552940
v 0.821878910 0.414827764 0.548200488
v 0.833077610 0.396362633 0.513734281
v 0.845491529 0.389999986 0.475528270
v 0.857905447 0.396362633 0.437322229
v 0.869104147 0.414827764 0.402856052
v 0.877991557 0.443587899 0.375503570
v 0.883697629 0.479827762 0.357942164
v 0.885663748 0.519999981 0.351890922
v 0.883697629 0.560172200 0.357942164
v 0.877991557 0.596412063 0.375503570
v 0.869104147 0.625172198 0.402856052
v 0.857905447 0.643637300 0.437322229
v 0.845491529 0.649999976 0.475528270
v 0.833077610 0.643637300 0.513734281
v 0.821878910 0.625172198 0.548200488
v 0.812991500 0.596412063 0.575552940
v 0.807285428 0.560172200 0.593114376
v 0.854414761 0.479827762 0.606406212
v 0.852929413 0.519999981 0.612593055
v 0.858725309 0.443587899 0.588451266
v 0.865439236 0.414827764 0.560485780
v 0.873899281 0.396362633 0.525247216
v 0.883277297 0.389999986 0.486184955
v 0.892655313 0.396362633 0.447122723
v 0.901115358 0.414827764 0.411884159
v 0.907829285 0.443587899 0.383918673
v 0.912139833 0.479827762 0.365963727
v 0.913625181 0.519999981 0.359776884
v 0.912139833 0.560172200 0.365963727
v 0.907829285 0.596412063 0.383918673
v 0.901115358 0.625172198 0.411884159
v 0.892655313 0.643637300 0.447122723
v 0.883277297 0.649999976 0.486184955
v 0.873899281 0.643637300 0.525247216
v 0.865439236 0.625172198 0.560485780
v 0.858725309 0.596412063 0.588451266
v 0.854414761 0.560172200 0.606406212
v 0.902441680 0.479827762 0.615959346
v 0.901446342 0.519999981 0.622243643
v 0.905330241 0.443587899 0.597721517
v 0.909829319 0.414827764 0.569315493
v 0.915498495 0.396362633 0.533521831
v 0.921782792 0.389999986 0.493844181
v 0.928067088 0.396362633 0.454166561
v 0.933736265 0.414827764 0.418372869
v 0.938235343 0.443587899 0.389966816
v 0.941123903 0.479827762 0.371729016
v 0.942119241 0.519999981 0.365444720
v 0.941123903 0.560172200 0.371729016
v 0.938235343 0.596412063 0.389966816
v 0.933736265 0.625172198 0.418372869
v 0.928067088 0.643637300 0.454166561
v 0.921782792 0.649999976 0.493844181
v 0.915498495 0.643637300 0.533521831
v 0.909829319 0.625172198 0.569315493
v 0.905330241 0.596412063 0.597721517
v 0.902441680 0.560172200 0.615959346
v 0.951069951 0.479827762 0.621714890
v 0.950570762 0.519999981 0.628057897
v 0.952518702 0.443587899 0.603306651
v 0.954775214 0.414827764 0.574635208
v 0.957618535 0.396362633 0.538507044
v 0.960770428 0.389999986 0.498458654
v 0.963922322 0.396362633 0.458410263
v 0.966765642 0.414827764 0.422282130
v 0.969022155 0.443587899 0.393610656
v 0.970470905 0.479827762 0.375202447
v 0.970970094 0.519999981 0.368859410
v 0.970470905 0.560172200 0.375202447
v 0.969022155 0.596412063 0.393610656
v 0.966765642 0.625172198 0.422282130
v 0.963922322 0.643637300 0.458410263
v 0.960770428 0.649999976 0.498458654
v 0.957618535 0.643637300 0.538507044
v 0.954775214 0.625172198 0.574635208
v 0.952518702 0.596412063 0.603306651
v 0.951069951 0.560172200 0.621714890
v 0.995145977 0.479827762 0.623542011
v 0.994896173 0.519999981 0.629899740
v 0.995870948 0.443587899 0.605091095
v 0.997000039 0.414827764 0.576353192
v 0.998422861 0.396362633 0.540141225
v 1.000000000 0.389999986 0.500000000
v 1.001577139 0.396362633 0.459858775
v 1.002999902 0.414827764 0.423646837
v 1.004129052 0.443587899 0.394908875
v 1.004853964 0.479827762 0.376457989
v 1.005103827 0.519999981 0.370100230
v 1.004853964 0.560172200 0.376457989
v 1.004129052 0.596412063 0.394908875
v 1.002999902 0.625172198 0.423646837
v 1.001577139 0.643637300 0.459858775
v 1.000000000 0.649999976 0.500000000
v 0.998422861 0.643637300 0.540141225
v 0.997000039 0.625172198 0.576353192
v 0.995870948 0.596412063 0.605091095
v 0.995145977 0.560172200 0.623542011
v 0.360000014 0.519999981 0.064999998
v 0.366852105 0.476737589 0.064999998
v 0.366852105 0.476737589 0.094999999
v 0.360000014 0.519999981 0.094999999
v 0.386737615 0.437710047 0.064999998
v 0.386737615 0.437710047 0.094999999
v 0.417710066 0.406737596 0.064999998
v 0.417710066 0.406737596 0.094999999
v 0.456737608 0.386852086 0.064999998
v 0.456737608 0.386852086 0.094999999
v 0.500000000 0.379999995 0.064999998
v 0.500000000 0.379999995 0.094999999
v 0.543262362 0.386852086 0.064999998
v 0.543262362 0.386852086 0.094999999
v 0.582289934 0.406737596 0.064999998
v 0.582289934 0.406737596 0.094999999
v 0.613262355 0.437710047 0.064999998
v 0.613262355 0.437710047 0.094999999
v 0.633147895 0.476737589 0.064999998
v 0.633147895 0.476737589 0.094999999
v 0.639999986 0.519999981 0.064999998
v 0.639999986 0.519999981 0.094999999
v 0.633147895 0.563262343 0.064999998
v 0.633147895 0.563262343 0.094999999
v 0.613262355 0.602289915 0.064999998
v 0.613262355 0.602289915 0.094999999
v 0.582289934 0.633262336 0.064999998
v 0.582289934 0.633262336 0.094999999
v 0.543262362 0.653147876 0.064999998
v 0.543262362 0.653147876 0.094999999
v 0.500000000 0.659999967 0.064999998
v 0.500000000 0.659999967 0.094999999
v 0.456737608 0.653147876 0.064999998
v 0.456737608 0.653147876 0.094999999
v 0.417710066 0.633262336 0.064999998
v 0.417710066 0.633262336 0.094999999
v 0.386737615 0.602289915 0.064999998
v 0.386737615 0.602289915 0.094999999
v 0.366852105 0.563262343 0.064999998
v 0.366852105 0.563262343 0.094999999
v 0.378264755 0.480445802 0.094999999
v 0.371999979 0.519999981 0.094999999
v 0.396445811 0.444763482 0.094999999
v 0.424763501 0.416445792 0.094999999
v 0.460445821 0.398264736 0.094999999
v 0.500000000 0.391999960 0.094999999
v 0.539554179 0.398264736 0.094999999
v 0.575236499 0.416445792 0.094999999
v 0.603554189 0.444763482 0.094999999
v 0.621735215 0.480445802 0.094999999
v 0.628000021 0.519999981 0.094999999
v 0.621735215 0.559554160 0.094999999
v 0.603554189 0.595236480 0.094999999
v 0.575236499 0.623554170 0.094999999
v 0.539554179 0.641735196 0.094999999
v 0.500000000 0.648000002 0.094999999
v 0.460445821 0.641735196 0.094999999
v 0.424763501 0.623554170 0.094999999
v 0.396445811 0.595236480 0.094999999
v 0.378264755 0.559554160 0.094999999
v 0.378264755 0.480445802 0.064999998
v 0.371999979 0.519999981 0.064999998
v 0.396445811 0.444763482 0.064999998
v 0.424763501 0.416445792 0.064999998
v 0.460445821 0.398264736 0.064999998
v 0.500000000 0.391999960 0.064999998
v 0.539554179 0.398264736 0.064999998
v 0.575236499 0.416445792 0.064999998
v 0.603554189 0.444763482 0.064999998
v 0.621735215 0.480445802 0.064999998
v 0.628000021 0.519999981 0.064999998
v 0.621735215 0.559554160 0.064999998
v 0.603554189 0.595236480 0.064999998
v 0.575236499 0.623554170 0.064999998
v 0.539554179 0.641735196 0.064999998
v 0.500000000 0.648000002 0.064999998
v 0.460445821 0.641735196 0.064999998
v 0.424763501 0.623554170 0.064999998
v 0.396445811 0.595236480 0.064999998
v 0.378264755 0.559554160 0.064999998
v 0.904999971 0.519999981 0.639999986
v 0.904999971 0.476737589 0.633147895
v 0.935000002 0.476737589 0.633147895
v 0.935000002 0.519999981 0.639999986
v 0.904999971 0.437710047 0.613262355
v 0.935000002 0.437710047 0.613262355
v 0.904999971 0.406737596 0.582289934
v 0.935000002 0.406737596 0.582289934
v 0.904999971 0.386852086 0.543262362
v 0.935000002 0.386852086 0.543262362
v 0.904999971 0.379999995 0.500000000
v 0.935000002 0.379999995 0.500000000
v 0.904999971 0.386852086 0.456737608
v 0.935000002 0.386852086 0.456737608
v 0.904999971 0.406737596 0.417710066
v 0.935000002 0.406737596 0.417710066
v 0.904999971 0.437710047 0.386737615
v 0.935000002 0.437710047 0.386737615
v 0.904999971 0.476737589 0.366852105
v 0.935000002 0.476737589 0.366852105
v 0.904999971 0.519999981 0.360000014
v 0.935000002 0.519999981 0.360000014
v 0.904999971 0.563262343 0.366852105
v 0.935000002 0.563262343 0.366852105
v 0.904999971 0.602289915 0.386737615
v 0.935000002 0.602289915 0.386737615
v 0.904999971 0.633262336 0.417710066
v 0.935000002 0.633262336 0.417710066
v 0.904999971 0.653147876 0.456737608
v 0.935000002 0.653147876 0.456737608
v 0.904999971 0.659999967 0.500000000
v 0.935000002 0.659999967 0.500000000
v 0.904999971 0.653147876 0.543262362
v 0.935000002 0.653147876 0.543262362
v 0.904999971 0.633262336 0.582289934
v 0.935000002 0.633262336 0.582289934
v 0.904999971 0.602289915 0.613262355
v 0.935000002 0.602289915 0.613262355
v 0.904999971 0.563262343 0.633147895
v 0.935000002 0.563262343 0.633147895
v 0.935000002 0.480445802 0.621735215
v 0.935000002 0.519999981 0.628000021
v 0.935000002 0.444763482 0.603554189
v 0.935000002 0.416445792 0.575236499
v 0.935000002 0.398264736 0.539554179
v 0.935000002 0.391999960 0.500000000
v 0.935000002 0.398264736 0.460445821
v 0.935000002 0.416445792 0.424763501
v 0.935000002 0.444763482 0.396445811
v 0.935000002 0.480445802 0.378264755
v 0.935000002 0.519999981 0.371999979
v 0.935000002 0.559554160 0.378264755
v 0.935000002 0.595236480 0.396445811
v 0.935000002 0.623554170 0.424763501
v 0.935000002 0.641735196 0.460445821
v 0.935000002 0.648000002 0.500000000
v 0.935000002 0.641735196 0.539554179
v 0.935000002 0.623554170 0.575236499
v 0.935000002 0.595236480 0.603554189
v 0.935000002 0.559554160 0.621735215
v 0.904999971 0.480445802 0.621735215
v 0.904999971 0.519999981 0.628000021
v 0.904999971 0.444763482 0.603554189
v 0.904999971 0.416445792 0.575236499
v 0.904999971 0.398264736 0.539554179
v 0.904999971 0.391999960 0.500000000
v 0.904999971 0.398264736 0.460445821
v 0.904999971 0.416445792 0.424763501
v 0.904999971 0.444763482 0.396445811
v 0.904999971 0.480445802 0.378264755
v 0.904999971 0.519999981 0.371999979
v 0.904999971 0.559554160 0.378264755
v 0.904999971 0.595236480 0.396445811
v 0.904999971 0.623554170 0.424763501
v 0.904999971 0.641735196 0.460445821
v 0.904999971 0.648000002 0.500000000
v 0.904999971 0.641735196 0.539554179
v 0.904999971 0.623554170 0.575236499
v 0.904999971 0.595236480 0.603554189
v 0.904999971 0.559554160 0.621735215
v 0.686751664 0.519999981 0.393858463
v 0.681351840 0.491499990 0.388458610
v 0.804678798 0.492053419 0.265131623
v 0.814030886 0.519999981 0.266579241
v 0.666599154 0.470636547 0.373705924
v 0.787032843 0.471595138 0.253272176
v 0.646446586 0.462999970 0.353553385
v 0.765821338 0.464106888 0.234178632
v 0.626294017 0.470636547 0.333400846
v 0.746727765 0.471595138 0.212967098
v 0.611541331 0.491499990 0.318648160
v 0.734868348 0.492053419 0.195321172
v 0.606141508 0.519999981 0.313248307
v 0.733420730 0.519999981 0.185969070
v 0.611541331 0.548500001 0.318648160
v 0.742772818 0.547946513 0.187416703
v 0.626294017 0.569363415 0.333400846
v 0.760418773 0.568404853 0.199276134
v 0.646446586 0.576999962 0.353553385
v 0.781630278 0.575893104 0.218369693
v 0.666599154 0.569363415 0.373705924
v 0.800723851 0.568404853 0.239581227
v 0.681351840 0.548500001 0.388458610
v 0.812583268 0.547946513 0.257227153
v 0.879233837 0.439847440 0.190576568
v 0.898883700 0.459999979 0.181726426
v 0.854049444 0.425094754 0.186255604
v 0.830078602 0.419694901 0.169921339
v 0.813744366 0.425094754 0.145950526
v 0.809423387 0.439847440 0.120766118
v 0.818273544 0.459999979 0.101116270
v 0.837923408 0.480152518 0.092266113
v 0.863107800 0.494905204 0.096587092
v 0.887078643 0.500305057 0.112921342
v 0.903412879 0.494905204 0.136892170
v 0.907733858 0.480152518 0.162076578
v 0.932555079 0.305860013 0.137255341
v 0.955452204 0.319999993 0.125157893
v 0.904993474 0.295508862 0.135311589
v 0.880152583 0.291720062 0.119847417
v 0.864688396 0.295508862 0.095006496
v 0.862744629 0.305860013 0.067444891
v 0.874842048 0.319999993 0.044547737
v 0.897739232 0.334139943 0.032450289
v 0.925300837 0.344491124 0.034394026
v 0.950141788 0.348279893 0.049858212
v 0.965605974 0.344491124 0.074699104
v 0.967549682 0.334139943 0.102260739
v 0.946083784 0.376435786 0.161396429
v 0.924137235 0.362006128 0.175161511
v 0.959219575 0.275181800 0.140079200
v 0.981166124 0.289611459 0.126314119
v 0.897350430 0.349773228 0.178649575
v 0.932432711 0.262948900 0.143567249
v 0.869801342 0.341599464 0.171329528
v 0.904883623 0.254775167 0.136247203
v 0.845684171 0.338729233 0.154315814
v 0.880766511 0.251904905 0.119233489
v 0.828670442 0.341599464 0.130198628
v 0.863752782 0.254775167 0.095116317
v 0.821350396 0.349773228 0.102649570
v 0.856432736 0.262948900 0.067567259
v 0.824838459 0.362006128 0.075862736
v 0.859920740 0.275181800 0.040780425
v 0.838603556 0.376435786 0.053916216
v 0.873685837 0.289611459 0.018833876
v 0.860550046 0.390865445 0.040151119
v 0.895632386 0.304041147 0.005068809
v 0.887336910 0.403098345 0.036663085
v 0.922419190 0.316274047 0.001580745
v 0.914885938 0.411272109 0.043983102
v 0.949968278 0.324447811 0.008900791
v 0.939003110 0.414142340 0.060996830
v 0.974085450 0.327318043 0.025914520
v 0.956016898 0.411272109 0.085114032
v 0.991099179 0.324447811 0.050031692
v 0.963336885 0.403098345 0.112663075
v 0.998419225 0.316274047 0.077580750
v 0.959848881 0.390865445 0.139449894
v 0.994931161 0.304041147 0.104367584
v 0.943741083 0.282206774 0.107214823
v 0.955003142 0.289611459 0.100151151
v 0.929995179 0.275929362 0.109004751
v 0.915858209 0.271734953 0.105248421
v 0.903482318 0.270262063 0.096517682
v 0.894751549 0.271734953 0.084141761
v 0.890995204 0.275929362 0.070004761
v 0.892785132 0.282206774 0.056258887
v 0.899848819 0.289611459 0.044996828
v 0.911110878 0.297016174 0.037933171
v 0.924856722 0.303293586 0.036143243
v 0.938993692 0.307488024 0.039899588
v 0.951369643 0.308960915 0.048630327
v 0.960100412 0.307488024 0.061006248
v 0.963856697 0.303293586 0.075143248
v 0.962066770 0.297016174 0.088889122
v 0.908658743 0.369031072 0.142297149
v 0.919920802 0.376435786 0.135233492
v 0.894912899 0.362753689 0.144087061
v 0.880775869 0.358559251 0.140330732
v 0.868399978 0.357086360 0.131600007
v 0.859669209 0.358559251 0.119224086
v 0.855912924 0.362753689 0.105087072
v 0.857702851 0.369031072 0.091341197
v 0.864766479 0.376435786 0.080079168
v 0.876028538 0.383840501 0.073015481
v 0.889774382 0.390117884 0.071225584
v 0.903911412 0.394312322 0.074981898
v 0.916287303 0.395785213 0.083712637
v 0.925018072 0.394312322 0.096088558
v 0.928774357 0.390117884 0.110225573
v 0.926984489 0.383840501 0.123971447
v 0.927984297 0.354729712 0.125755787
v 0.936049283 0.364156306 0.110490978
v 0.934753418 0.371057034 0.092116565
v 0.924444020 0.373582900 0.075555950
v 0.907883406 0.371057034 0.065246522
v 0.889508963 0.364156306 0.063950688
v 0.874244213 0.354729712 0.072015673
v 0.866179228 0.345303118 0.087280482
v 0.867475033 0.338402390 0.105654895
v 0.877784491 0.335876524 0.122215509
v 0.894345045 0.338402390 0.132524952
v 0.912719488 0.345303118 0.133820772
v 0.937803388 0.359815061 0.108736873
v 0.929738402 0.350388467 0.124001682
v 0.914473593 0.340961874 0.132066667
v 0.896099210 0.334061146 0.130770832
v 0.879538536 0.331535280 0.120461404
v 0.869229138 0.334061146 0.103900775
v 0.867933273 0.340961874 0.085526377
v 0.875998259 0.350388467 0.070261568
v 0.891263127 0.359815061 0.062196583
v 0.909637511 0.366715819 0.063492417
v 0.926198125 0.369241655 0.073801845
v 0.936507583 0.366715819 0.090362459
v 0.775140047 0.519999981 0.319612265
v 0.768792808 0.486499965 0.313265055
v 0.790006042 0.486499965 0.292051852
v 0.796353221 0.519999981 0.298399061
v 0.751451969 0.461976290 0.295924187
v 0.772665143 0.461976290 0.274710983
v 0.727763891 0.452999979 0.272236109
v 0.748977065 0.452999979 0.251022905
v 0.704075813 0.461976290 0.248548031
v 0.725288987 0.461976290 0.227334827
v 0.686734915 0.486499965 0.231207147
v 0.707948089 0.486499965 0.209993944
v 0.680387735 0.519999981 0.224859953
v 0.701600909 0.519999981 0.203646749
v 0.686734915 0.553499997 0.231207147
v 0.707948089 0.553499997 0.209993944
v 0.704075813 0.578023672 0.248548031
v 0.725288987 0.578023672 0.227334827
v 0.727763891 0.587000012 0.272236109
v 0.748977065 0.587000012 0.251022905
v 0.751451969 0.578023672 0.295924187
v 0.772665143 0.578023672 0.274710983
v 0.768792808 0.553499997 0.313265055
v 0.790006042 0.553499997 0.292051852
v 0.781432807 0.493499994 0.283478647
v 0.786453724 0.519999981 0.288499564
v 0.767715394 0.474100649 0.269761235
v 0.748977065 0.466999978 0.251022905
v 0.730238736 0.474100649 0.232284576
v 0.716521323 0.493499994 0.218567163
v 0.711500406 0.519999981 0.213546246
v 0.716521323 0.546499968 0.218567163
v 0.730238736 0.565899312 0.232284576
v 0.748977065 0.572999954 0.251022905
v 0.767715394 0.565899312 0.269761235
v 0.781432807 0.546499968 0.283478647
v 0.760219574 0.493499994 0.304691851
v 0.765240550 0.519999981 0.309712768
v 0.746502221 0.474100649 0.290974438
v 0.727763891 0.466999978 0.272236109
v 0.709025562 0.474100649 0.253497779
v 0.695308149 0.493499994 0.239780366
v 0.690287232 0.519999981 0.234759450
v 0.695308149 0.546499968 0.239780366
v 0.709025562 0.565899312 0.253497779
v 0.727763891 0.572999954 0.272236109
v 0.746502221 0.565899312 0.290974438
v 0.760219574 0.546499968 0.304691851
v 0.521288693 0.519999981 0.424971163
v 0.526099205 0.477046609 0.420160621
v 0.579839349 0.477046609 0.473900735
v 0.575028777 0.519999981 0.478711277
v 0.540059984 0.438297838 0.406199872
v 0.593800128 0.438297838 0.459939986
v 0.561804414 0.407546610 0.384455472
v 0.615544498 0.407546610 0.438195586
v 0.589203894 0.387803137 0.357055932
v 0.642944038 0.387803137 0.410796046
v 0.619576514 0.380999982 0.326683342
v 0.673316658 0.380999982 0.380423427
v 0.649949133 0.387803137 0.296310723
v 0.703689277 0.387803137 0.350050837
v 0.677348673 0.407546610 0.268911183
v 0.731088758 0.407546610 0.322651297
v 0.699093044 0.438297838 0.247166783
v 0.752833188 0.438297838 0.300906897
v 0.713053823 0.477046609 0.233206034
v 0.766793966 0.477046609 0.286946148
v 0.717864394 0.519999981 0.228395492
v 0.771604478 0.519999981 0.282135606
v 0.713053823 0.562953353 0.233206034
v 0.766793966 0.562953353 0.286946148
v 0.699093044 0.601702154 0.247166783
v 0.752833188 0.601702154 0.300906897
v 0.677348673 0.632453322 0.268911183
v 0.731088758 0.632453322 0.322651297
v 0.649949133 0.652196825 0.296310723
v 0.703689277 0.652196825 0.350050837
v 0.619576514 0.658999979 0.326683342
v 0.673316658 0.658999979 0.380423427
v 0.589203894 0.652196825 0.357055932
v 0.642944038 0.652196825 0.410796046
v 0.561804414 0.632453322 0.384455472
v 0.615544498 0.632453322 0.438195586
v 0.540059984 0.601702154 0.406199872
v 0.593800128 0.601702154 0.459939986
v 0.526099205 0.562953353 0.420160621
v 0.579839349 0.562953353 0.473900735
v 0.589254320 0.481372863 0.464485765
v 0.584928274 0.519999981 0.468811780
v 0.601808965 0.446526825 0.451931119
v 0.621363282 0.418872863 0.432376802
v 0.646003127 0.401117921 0.407736957
v 0.673316658 0.394999981 0.380423427
v 0.700630128 0.401117921 0.353109926
v 0.725270033 0.418872863 0.328470081
v 0.744824290 0.446526825 0.308915764
v 0.757378936 0.481372863 0.296361119
v 0.761704981 0.519999981 0.292035103
v 0.757378936 0.558627129 0.296361119
v 0.744824290 0.593473136 0.308915764
v 0.725270033 0.621127129 0.328470081
v 0.700630128 0.638882041 0.353109926
v 0.673316658 0.644999981 0.380423427
v 0.646003127 0.638882041 0.407736957
v 0.621363282 0.621127129 0.432376802
v 0.601808965 0.593473136 0.451931119
v 0.589254320 0.558627129 0.464485765
v 0.535514235 0.481372863 0.410745651
v 0.531188190 0.519999981 0.415071666
v 0.548068881 0.446526825 0.398191005
v 0.567623138 0.418872863 0.378636688
v 0.592263043 0.401117921 0.353996843
v 0.619576514 0.394999981 0.326683342
v 0.646890044 0.401117921 0.299369812
v 0.671529889 0.418872863 0.274729967
v 0.691084206 0.446526825 0.255175650
v 0.703638852 0.481372863 0.242621005
v 0.707964897 0.519999981 0.238294989
v 0.703638852 0.558627129 0.242621005
v 0.691084206 0.593473136 0.255175650
v 0.671529889 0.621127129 0.274729967
v 0.646890044 0.638882041 0.299369812
v 0.619576514 0.644999981 0.326683342
v 0.592263043 0.638882041 0.353996843
v 0.567623138 0.621127129 0.378636688
v 0.548068881 0.593473136 0.398191005
v 0.535514235 0.558627129 0.410745651
v 0.459063292 0.369999975 0.392444253
v 0.459063292 0.444999993 0.392444253
v 0.501489699 0.444999993 0.350017846
v 0.501489699 0.369999975 0.350017846
v 0.607555687 0.369999975 0.540936708
v 0.649982095 0.369999975 0.498510271
v 0.649982095 0.444999993 0.498510271
v 0.607555687 0.444999993 0.540936708
v 0.377746016 0.369999975 0.480832607
v 0.377746016 0.409999967 0.480832607
v 0.490883112 0.409999967 0.367695510
v 0.490883112 0.369999975 0.367695510
v 0.519167364 0.369999975 0.622253954
v 0.632304430 0.369999975 0.509116888
v 0.632304430 0.409999967 0.509116888
v 0.519167364 0.409999967 0.622253954
v 0.425122172 0.354999959 0.450426996
v 0.447338462 0.354999959 0.444474161
v 0.463601917 0.354999959 0.460737616
v 0.457649082 0.354999959 0.482953906
v 0.435432792 0.354999959 0.488906771
v 0.419169307 0.354999959 0.472643316
v 0.447338462 0.429999977 0.444474161
v 0.425122172 0.429999977 0.450426996
v 0.419169307 0.429999977 0.472643316
v 0.435432792 0.429999977 0.488906771
v 0.457649082 0.429999977 0.482953906
v 0.463601917 0.429999977 0.460737616
v 0.517046034 0.354999959 0.542350888
v 0.539262354 0.354999959 0.536398053
v 0.555525780 0.354999959 0.552661538
v 0.549572945 0.354999959 0.574877799
v 0.527356684 0.354999959 0.580830634
v 0.511093199 0.354999959 0.564567208
v 0.539262354 0.429999977 0.536398053
v 0.517046034 0.429999977 0.542350888
v 0.511093199 0.429999977 0.564567208
v 0.527356684 0.429999977 0.580830634
v 0.549572945 0.429999977 0.574877799
v 0.555525780 0.429999977 0.552661538
vt 0.500000000 0.500000000
vn -0.986840908 -0.156433635 0.040908926
vn -0.986853308 -0.156329865 0.041006359
vn -0.890252810 -0.453990246 0.036644108
vn -0.890368243 -0.453742289 0.036909706
vn -0.706522951 -0.707106066 0.028745969
vn -0.706755668 -0.706859346 0.029091097
vn -0.453626503 -0.891006701 0.018167390
vn -0.453873428 -0.890874794 0.018466536
vn -0.156313769 -0.987688355 0.006141518
vn -0.156422201 -0.987670416 0.006264588
vn 0.156318815 -0.987688347 -0.006013055
vn 0.156431410 -0.987669701 -0.006146140
vn 0.453668893 -0.891006511 -0.017086026
vn 0.453944388 -0.890858901 -0.017461701
vn 0.706625508 -0.707105102 -0.026129793
vn 0.706901703 -0.706810572 -0.026623251
vn 0.890413604 -0.453989493 -0.032513918
vn 0.890556265 -0.453679483 -0.032931235
vn 0.987036539 -0.156433335 -0.035881514
vn 0.987051749 -0.156300249 -0.036042710
vn 0.987030682 0.156433406 -0.036041941
vn 0.987057759 0.156299204 -0.035882285
vn 0.890398268 0.453989916 -0.032925392
vn 0.890574932 0.453672517 -0.032519809
vn 0.706607031 0.707105577 -0.026612153
vn 0.706929661 0.706800609 -0.026141040
vn 0.453654081 0.891006988 -0.017450534
vn 0.453969421 0.890853212 -0.017097344
vn 0.156314483 0.987688242 -0.006141546
vn 0.156442102 0.987668798 -0.006017797
vn -0.156309825 0.987688235 0.006260087
vn -0.156432125 0.987669588 0.006146168
vn -0.453614517 0.891006872 0.018456002
vn -0.453893263 0.890870621 0.018178073
vn -0.706509515 0.707105793 0.029080965
vn -0.706775686 0.706853031 0.028756252
vn -0.890242163 0.453990034 0.036904480
vn -0.890380998 0.453738361 0.036649385
vn -0.986836898 0.156433602 0.041005677
vn -0.986857411 0.156329311 0.040909610
vn -0.980860583 -0.156316716 0.116093070
vn -0.980860568 -0.156316968 0.116092857
vn -0.884970994 -0.453712538 0.104743848
vn -0.884970946 -0.453712657 0.104743728
vn -0.702476155 -0.706833996 0.083144178
vn -0.702476055 -0.706834113 0.083144019
vn -0.451119529 -0.890864900 0.053393815
vn -0.451119625 -0.890864845 0.053393941
vn -0.155466938 -0.987669701 0.018400868
vn -0.155466904 -0.987669708 0.018400824
vn 0.155466935 -0.987669701 -0.018400914
vn 0.155466898 -0.987669708 -0.018400863
vn 0.451119555 -0.890864905 -0.053393525
vn 0.451119897 -0.890864696 -0.053394108
vn 0.702476431 -0.706833611 -0.083145120
vn 0.702475760 -0.706834468 -0.083143497
vn 0.884970724 -0.453713124 -0.104743584
vn 0.884971063 -0.453712094 -0.104745187
vn 0.980860443 -0.156317425 -0.116093297
vn 0.980860445 -0.156317689 -0.116092924
vn 0.980860487 0.156317427 -0.116092928
vn 0.980860401 0.156317691 -0.116093292
vn 0.884970554 0.453713099 -0.104745127
vn 0.884971258 0.453712069 -0.104743647
vn 0.702476581 0.706833641 -0.083143594
vn 0.702475550 0.706834498 -0.083145016
vn 0.451118930 0.890865193 -0.053393993
vn 0.451119400 0.890864985 -0.053393507
vn 0.155467649 0.987669588 -0.018400952
vn 0.155467601 0.987669595 -0.018400993
vn -0.155467652 0.987669588 0.018400913
vn -0.155467609 0.987669594 0.018400947
vn -0.451118942 0.890865195 0.053393860
vn -0.451119064 0.890865139 0.053393760
vn -0.702476169 0.706833998 0.083144032
vn -0.702476036 0.706834116 0.083144163
vn -0.884971006 0.453712540 0.104743735
vn -0.884970932 0.453712659 0.104743841
vn -0.980860608 0.156316717 0.116092861
vn -0.980860543 0.156316969 0.116093066
vn -0.968728417 -0.156316962 0.192692143
vn -0.968728419 -0.156317255 0.192691894
vn -0.874024863 -0.453712658 0.173854432
vn -0.874024861 -0.453712663 0.173854427
vn -0.693787342 -0.706834122 0.138002351
vn -0.693787689 -0.706833652 0.138003013
vn -0.445539862 -0.890864847 0.088623103
vn -0.445539821 -0.890864875 0.088623039
vn -0.153543969 -0.987669708 0.030541741
vn -0.153543935 -0.987669715 0.030541689
vn 0.153543960 -0.987669707 -0.030541799
vn 0.153543919 -0.987669716 -0.030541731
vn 0.445540020 -0.890864687 -0.088623928
vn 0.445539756 -0.890864873 -0.088623386
vn 0.693786907 -0.706834472 -0.138002740
vn 0.693787200 -0.706834008 -0.138003645
vn 0.874025005 -0.453712060 -0.173855277
vn 0.874024876 -0.453712689 -0.173854286
vn 0.968728438 -0.156317685 -0.192691447
vn 0.968728305 -0.156316560 -0.192693032
vn 0.968728132 0.156317675 -0.192692998
vn 0.968728615 0.156316551 -0.192691482
vn 0.874025182 0.453712075 -0.173854347
vn 0.874024683 0.453712704 -0.173855214
vn 0.693786761 0.706834456 -0.138003557
vn 0.693787378 0.706833992 -0.138002833
vn 0.445539528 0.890864991 -0.088623340
vn 0.445539077 0.890865177 -0.088623740
vn 0.153544671 0.987669594 -0.030541881
vn 0.153544607 0.987669603 -0.030541928
vn -0.153544678 0.987669595 0.030541837
vn -0.153544626 0.987669602 0.030541872
vn -0.445539301 0.890865145 0.088622935
vn -0.445539238 0.890865172 0.088622979
vn -0.693787239 0.706834110 0.138002924
vn -0.693787813 0.706833641 0.138002444
vn -0.874024864 0.453712658 0.173854427
vn -0.874024860 0.453712663 0.173854431
vn -0.968728464 0.156316964 0.192691903
vn -0.968728371 0.156317256 0.192692134
vn -0.950623555 -0.156317246 0.268104038
vn -0.950623517 -0.156316744 0.268104464
vn -0.857690046 -0.453712646 0.241893818
vn -0.857690097 -0.453712428 0.241894047
vn -0.680821234 -0.706833653 0.192012068
vn -0.680821012 -0.706834008 0.192011548
vn -0.437212936 -0.890864876 0.123307020
vn -0.437213049 -0.890864791 0.123307232
vn -0.150674300 -0.987669715 0.042494591
vn -0.150674322 -0.987669710 0.042494629
vn 0.150674303 -0.987669716 -0.042494545
vn 0.150674331 -0.987669709 -0.042494600
vn 0.437213063 -0.890864873 -0.123306590
vn 0.437213168 -0.890864785 -0.123306855
vn 0.680821164 -0.706834000 -0.192011038
vn 0.680821165 -0.706833998 -0.192011043
vn 0.857690319 -0.453712703 -0.241892744
vn 0.857690342 -0.453712414 -0.241893204
vn 0.950623990 -0.156316565 -0.268102892
vn 0.950624028 -0.156316732 -0.268102659
vn 0.950624054 0.156316567 -0.268102666
vn 0.950623964 0.156316734 -0.268102885
vn 0.857690204 0.453712696 -0.241893165
vn 0.857690464 0.453712407 -0.241892785
vn 0.680821163 0.706834000 -0.192011042
vn 0.680821166 0.706833998 -0.192011039
vn 0.437212449 0.890865166 -0.123306652
vn 0.437212676 0.890865078 -0.123306481
vn 0.150674981 0.987669602 -0.042494783
vn 0.150675034 0.987669596 -0.042494751
vn -0.150674981 0.987669601 0.042494815
vn -0.150675020 0.987669596 0.042494794
vn -0.437212334 0.890865170 0.123307030
vn -0.437212541 0.890865085 0.123306909
vn -0.680821345 0.706833662 0.192011642
vn -0.680820884 0.706834017 0.192011970
vn -0.857689992 0.453712643 0.241894017
vn -0.857690155 0.453712425 0.241893848
vn -0.950623441 0.156317243 0.268104443
vn -0.950623632 0.156316741 0.268104060
vn -0.926658110 -0.156316730 0.341862293
vn -0.926658127 -0.156316852 0.341862191
vn -0.836067352 -0.453712423 0.308441924
vn -0.836067302 -0.453712753 0.308441573
vn -0.663657250 -0.706833999 0.244836174
vn -0.663657336 -0.706833830 0.244836430
vn -0.426190768 -0.890864788 0.157230275
vn -0.426190693 -0.890864854 0.157230104
vn -0.146875779 -0.987669710 0.054185331
vn -0.146875820 -0.987669699 0.054185420
vn 0.146875805 -0.987669710 -0.054185254
vn 0.146875846 -0.987669698 -0.054185356
vn 0.426190739 -0.890864786 -0.157230364
vn 0.426190545 -0.890864991 -0.157229729
vn 0.663657440 -0.706834011 -0.244835626
vn 0.663657606 -0.706833488 -0.244836683
vn 0.836067530 -0.453712431 -0.308441428
vn 0.836067544 -0.453712742 -0.308440934
vn 0.926658134 -0.156316731 -0.341862228
vn 0.926658174 -0.156316851 -0.341862062
vn 0.926658192 0.156316732 -0.341862069
vn 0.926658116 0.156316852 -0.341862221
vn 0.836067689 0.453712439 -0.308440987
vn 0.836067378 0.453712749 -0.308441372
vn 0.663657134 0.706833992 -0.244836509
vn 0.663657947 0.706833470 -0.244835813
vn 0.426190360 0.890865091 -0.157229661
vn 0.426189801 0.890865296 -0.157230018
vn 0.146876451 0.987669596 -0.054185579
vn 0.146876548 0.987669584 -0.054185529
vn -0.146876429 0.987669596 0.054185644
vn -0.146876517 0.987669585 0.054185603
vn -0.426190265 0.890865086 0.157229946
vn -0.426190097 0.890865152 0.157230028
vn -0.663657181 0.706833995 0.244836372
vn -0.663657413 0.706833826 0.244836234
vn -0.836067458 0.453712428 0.308441630
vn -0.836067192 0.453712758 0.308441865
vn -0.926658145 0.156316731 0.341862197
vn -0.926658092 0.156316853 0.341862286
vn -0.896979518 -0.156316848 0.413512741
vn -0.896979370 -0.156316131 0.413513333
vn -0.809290184 -0.453712770 0.373087282
vn -0.809290195 -0.453712607 0.373087457
vn -0.642402098 -0.706833821 0.296151134
vn -0.642402044 -0.706833960 0.296150920
vn -0.412540861 -0.890864860 0.190183698
vn -0.412540885 -0.890864834 0.190183767
vn -0.142171718 -0.987669699 0.065542116
vn -0.142171657 -0.987669719 0.065541947
vn 0.142171661 -0.987669698 -0.065542254
vn 0.142171599 -0.987669719 -0.065542061
vn 0.412540626 -0.890864998 -0.190183563
vn 0.412540851 -0.890864677 -0.190184577
vn 0.642402041 -0.706833471 -0.296152093
vn 0.642401951 -0.706834038 -0.296150934
vn 0.809289787 -0.453712754 -0.373088162
vn 0.809289745 -0.453712504 -0.373088559
vn 0.896979000 -0.156316840 -0.413513867
vn 0.896979108 -0.156317081 -0.413513543
vn 0.896979142 0.156316842 -0.413513559
vn 0.896978965 0.156317084 -0.413513851
vn 0.809289632 0.453712748 -0.373088507
vn 0.809289906 0.453712498 -0.373088217
vn 0.642402448 0.706833490 -0.296151163
vn 0.642401508 0.706834058 -0.296151847
vn 0.412539775 0.890865281 -0.190184081
vn 0.412540692 0.890864961 -0.190183593
vn 0.142172368 0.987669585 -0.065542415
vn 0.142172181 0.987669607 -0.065542494
vn -0.142172416 0.987669586 0.065542298
vn -0.142172248 0.987669606 0.065542360
vn -0.412540312 0.890865156 0.190183503
vn -0.412540380 0.890865130 0.190183476
vn -0.642402167 0.706833825 0.296150976
vn -0.642401969 0.706833963 0.296151075
vn -0.809290121 0.453712767 0.373087423
vn -0.809290261 0.453712604 0.373087317
vn -0.896979268 0.156316844 0.413513286
vn -0.896979622 0.156316128 0.413512789
vn -0.861770528 -0.156316107 0.482614579
vn -0.861770876 -0.156317393 0.482613541
vn -0.777523181 -0.453712632 0.435433750
vn -0.777523180 -0.453712579 0.435433807
vn -0.617185639 -0.706833951 0.345640931
vn -0.617185547 -0.706834294 0.345640393
vn -0.396347532 -0.890864846 0.221964998
vn -0.396347691 -0.890864623 0.221965607
vn -0.136591021 -0.987669719 0.076494570
vn -0.136591014 -0.987669722 0.076494545
vn 0.136591011 -0.987669719 -0.076494589
vn 0.136591004 -0.987669722 -0.076494561
vn 0.396347792 -0.890864676 -0.221965216
vn 0.396347801 -0.890864655 -0.221965283
vn 0.617185717 -0.706834047 -0.345640594
vn 0.617185718 -0.706834201 -0.345640279
vn 0.777523391 -0.453712495 -0.435433518
vn 0.777523309 -0.453712214 -0.435433956
vn 0.861770179 -0.156317077 -0.482614888
vn 0.861770505 -0.156317671 -0.482614114
vn 0.861770586 0.156317082 -0.482614159
vn 0.861770096 0.156317676 -0.482614841
vn 0.777523188 0.453712488 -0.435433888
vn 0.777523519 0.453712208 -0.435433589
vn 0.617185847 0.706834053 -0.345640351
vn 0.617185578 0.706834206 -0.345640516
vn 0.396347260 0.890864972 -0.221964979
vn 0.396347321 0.890864951 -0.221964953
vn 0.136591645 0.987669606 -0.076494919
vn 0.136591617 0.987669609 -0.076494929
vn -0.136591653 0.987669606 0.076494903
vn -0.136591628 0.987669609 0.076494910
vn -0.396346815 0.890865135 0.221965117
vn -0.396347417 0.890864913 0.221964934
vn -0.617185839 0.706833959 0.345640556
vn -0.617185332 0.706834303 0.345640759
vn -0.777523156 0.453712631 0.435433794
vn -0.777523205 0.453712578 0.435433764
vn -0.861771053 0.156316113 0.482613640
vn -0.861770350 0.156317399 0.482614479
vn -0.821248141 -0.156317437 0.548740694
vn -0.821247828 -0.156316497 0.548741431
vn -0.740962330 -0.453712556 0.495095690
vn -0.740962356 -0.453712804 0.495095424
vn -0.588164253 -0.706834290 0.392998852
vn -0.588164284 -0.706834072 0.392999199
vn -0.377710659 -0.890864620 0.252378460
vn -0.377710613 -0.890864712 0.252378203
vn -0.130168180 -0.987669722 0.086975664
vn -0.130168185 -0.987669718 0.086975693
vn 0.130168193 -0.987669722 -0.086975642
vn 0.130168198 -0.987669718 -0.086975676
vn 0.377710650 -0.890864664 -0.252378318
vn 0.377710649 -0.890864671 -0.252378294
vn 0.588164392 -0.706834191 -0.392998823
vn 0.588164372 -0.706834069 -0.392999072
vn 0.740961840 -0.453712215 -0.495096735
vn 0.740962283 -0.453713284 -0.495095093
vn 0.821248464 -0.156317638 -0.548740153
vn 0.821247469 -0.156316105 -0.548742079
vn 0.821247269 0.156317625 -0.548741946
vn 0.821248668 0.156316092 -0.548740289
vn 0.740962724 0.453712241 -0.495095388
vn 0.740961377 0.453713310 -0.495096426
vn 0.588164275 0.706834186 -0.392999006
vn 0.588164497 0.706834064 -0.392998893
vn 0.377710177 0.890864961 -0.252377978
vn 0.377710154 0.890864968 -0.252377986
vn 0.130168774 0.987669608 -0.086976061
vn 0.130168807 0.987669605 -0.086976053
vn -0.130168763 0.987669608 0.086976079
vn -0.130168792 0.987669605 0.086976073
vn -0.377710275 0.890864920 0.252377977
vn -0.377710019 0.890865012 0.252378033
vn -0.588164107 0.706834285 0.392999080
vn -0.588164439 0.706834066 0.392998976
vn -0.740962459 0.453712560 0.495095493
vn -0.740962224 0.453712808 0.495095618
vn -0.821247705 0.156317432 0.548741348
vn -0.821248266 0.156316492 0.548740777
vn -0.775663224 -0.156316486 0.611483213
vn -0.775663541 -0.156317291 0.611482604
vn -0.699833920 -0.453712790 0.551703896
vn -0.699833866 -0.453712500 0.551704203
vn -0.555517570 -0.706834068 0.437933590
vn -0.555517577 -0.706833681 0.437934206
vn -0.356745107 -0.890864730 0.281234710
vn -0.356745077 -0.890864839 0.281234403
vn -0.122943035 -0.987669717 0.096920273
vn -0.122943041 -0.987669712 0.096920321
vn 0.122943059 -0.987669718 -0.096920240
vn 0.122943063 -0.987669712 -0.096920295
vn 0.356745065 -0.890864680 -0.281234921
vn 0.356745074 -0.890864839 -0.281234406
vn 0.555517596 -0.706834069 -0.437933556
vn 0.555517472 -0.706833685 -0.437934334
vn 0.699834699 -0.453713272 -0.551702511
vn 0.699834376 -0.453712666 -0.551703420
vn 0.775663544 -0.156316148 -0.611482892
vn 0.775664391 -0.156317283 -0.611481529
vn 0.775664531 0.156316158 -0.611481639
vn 0.775663402 0.156317293 -0.611482780
vn 0.699834139 0.453713258 -0.551703233
vn 0.699834948 0.453712651 -0.551702706
vn 0.555517181 0.706834055 -0.437934105
vn 0.555517908 0.706833671 -0.437933803
vn 0.356744852 0.890864983 -0.281234231
vn 0.356744353 0.890865142 -0.281234360
vn 0.122943597 0.987669604 -0.096920716
vn 0.122943651 0.987669598 -0.096920707
vn -0.122943577 0.987669604 0.096920744
vn -0.122943625 0.987669598 0.096920738
vn -0.356744782 0.890865030 0.281234171
vn -0.356744477 0.890865139 0.281234213
vn -0.555517281 0.706834059 0.437933972
vn -0.555517881 0.706833672 0.437933835
vn -0.699833752 0.453712786 0.551704113
vn -0.699834037 0.453712496 0.551703989
vn -0.775663641 0.156316490 0.611482683
vn -0.775663123 0.156317296 0.611483133
vn -0.725296228 -0.156317267 0.670455288
vn -0.725295354 -0.156315332 0.670456685
vn -0.654390123 -0.453712474 0.604912025
vn -0.654390436 -0.453713643 0.604910809
vn -0.519444916 -0.706833682 0.480169891
vn -0.519444912 -0.706833644 0.480169952
vn -0.333579457 -0.890864843 0.308357872
vn -0.333579452 -0.890864925 0.308357641
vn -0.114959678 -0.987669712 0.106267644
vn -0.114959681 -0.987669706 0.106267702
vn 0.114959710 -0.987669712 -0.106267607
vn 0.114959710 -0.987669705 -0.106267673
vn 0.333579496 -0.890864844 -0.308357827
vn 0.333579520 -0.890864923 -0.308357572
vn 0.519444846 -0.706833680 -0.480169970
vn 0.519444830 -0.706833647 -0.480170037
vn 0.654388970 -0.453712646 -0.604913143
vn 0.654389629 -0.453713662 -0.604911669
vn 0.725296026 -0.156317266 -0.670455507
vn 0.725294414 -0.156315340 -0.670457700
vn 0.725294192 0.156317249 -0.670457495
vn 0.725296252 0.156315324 -0.670455715
vn 0.654389999 0.453712671 -0.604912011
vn 0.654388581 0.453713686 -0.604912784
vn 0.519444806 0.706833679 -0.480170015
vn 0.519444872 0.706833645 -0.480169994
vn 0.333579202 0.890865144 -0.308357278
vn 0.333578950 0.890865223 -0.308357323
vn 0.114960204 0.987669599 -0.106268129
vn 0.114960270 0.987669592 -0.106268124
vn -0.114960177 0.987669598 0.106268161
vn -0.114960235 0.987669592 0.106268158
vn -0.333579138 0.890865143 0.308357351
vn -0.333578908 0.890865224 0.308357365
vn -0.519444885 0.706833682 0.480169927
vn -0.519444945 0.706833643 0.480169918
vn -0.654390866 0.453712492 0.604911207
vn -0.654389679 0.453713661 0.604911615
vn -0.725295130 0.156317257 0.670456478
vn -0.725296454 0.156315322 0.670455497
vn -0.670455768 -0.156315364 0.725296195
vn -0.670456462 -0.156316733 0.725295258
vn -0.604911581 -0.453713627 0.654389734
vn -0.604911321 -0.453712882 0.654390491
vn -0.480169885 -0.706833663 0.519444948
vn -0.480169890 -0.706833683 0.519444917
vn -0.308357438 -0.890864920 0.333579652
vn -0.308357460 -0.890865052 0.333579281
vn -0.106267611 -0.987669706 0.114959762
vn -0.106267609 -0.987669701 0.114959809
vn 0.106267639 -0.987669706 -0.114959735
vn 0.106267635 -0.987669700 -0.114959787
vn 0.308357340 -0.890864918 -0.333579749
vn 0.308357415 -0.890865053 -0.333579319
vn 0.480169369 -0.706833649 -0.519445444
vn 0.480169398 -0.706833695 -0.519445354
vn 0.604911720 -0.453713630 -0.654389603
vn 0.604911153 -0.453712885 -0.654390644
vn 0.670455078 -0.156315359 -0.725296834
vn 0.670456350 -0.156316734 -0.725295362
vn 0.670456496 0.156315370 -0.725295520
vn 0.670454929 0.156316746 -0.725296672
vn 0.604910901 0.453713612 -0.654390372
vn 0.604911984 0.453712867 -0.654389888
vn 0.480169429 0.706833651 -0.519445387
vn 0.480169336 0.706833697 -0.519445409
vn 0.308357192 0.890865220 -0.333579078
vn 0.308356758 0.890865355 -0.333579120
vn 0.106268097 0.987669592 -0.114960288
vn 0.106268150 0.987669587 -0.114960287
vn -0.106268074 0.987669592 0.114960311
vn -0.106268120 0.987669587 0.114960313
vn -0.308357235 0.890865221 0.333579037
vn -0.308356862 0.890865353 0.333579029
vn -0.480169902 0.706833664 0.519444931
vn -0.480169872 0.706833683 0.519444933
vn -0.604911067 0.453713616 0.654390217
vn -0.604911843 0.453712870 0.654390017
vn -0.670456608 0.156315371 0.725295417
vn -0.670455620 0.156316740 0.725296035
vn -0.611483188 -0.156316734 0.775663193
vn -0.611483116 -0.156316605 0.775663276
vn -0.551704488 -0.453712869 0.699833402
vn -0.551704257 -0.453712329 0.699833934
vn -0.437934178 -0.706833681 0.555517600
vn -0.437934366 -0.706834213 0.555516774
vn -0.281234689 -0.890865037 0.356744357
vn -0.281234616 -0.890864848 0.356744887
vn -0.096920481 -0.987669702 0.122942997
vn -0.096920481 -0.987669702 0.122942994
vn 0.096920478 -0.987669702 -0.122942999
vn 0.096920479 -0.987669702 -0.122942995
vn 0.281235079 -0.890865045 -0.356744029
vn 0.281234914 -0.890864842 -0.356744666
vn 0.437934553 -0.706833690 -0.555517292
vn 0.437934952 -0.706834198 -0.555516331
vn 0.551704418 -0.453712867 -0.699833458
vn 0.551704343 -0.453712781 -0.699833573
vn 0.611484330 -0.156316743 -0.775662291
vn 0.611483623 -0.156316040 -0.775662990
vn 0.611483555 0.156316737 -0.775662903
vn 0.611484400 0.156316034 -0.775662379
vn 0.551704317 0.453712865 -0.699833539
vn 0.551704446 0.453712779 -0.699833493
vn 0.437935255 0.706833708 -0.555516715
vn 0.437934228 0.706834216 -0.555516879
vn 0.281234318 0.890865333 -0.356743909
vn 0.281234976 0.890865130 -0.356743898
vn 0.096920923 0.987669588 -0.122943559
vn 0.096920920 0.987669589 -0.122943559
vn -0.096920925 0.987669588 0.122943557
vn -0.096920922 0.987669589 0.122943557
vn -0.281234033 0.890865327 0.356744148
vn -0.281234566 0.890865138 0.356744200
vn -0.437934687 0.706833694 0.555517182
vn -0.437933841 0.706834226 0.555517172
vn -0.551704089 0.453712861 0.699833722
vn -0.551704661 0.453712321 0.699833621
vn -0.611483104 0.156316734 0.775663260
vn -0.611483201 0.156316604 0.775663209
vn -0.548740759 -0.156316689 0.821248240
vn -0.548741091 -0.156317234 0.821247915
vn -0.495095499 -0.453712319 0.740962603
vn -0.495095539 -0.453712399 0.740962527
vn -0.392999344 -0.706834179 0.588164058
vn -0.392999155 -0.706833781 0.588164662
vn -0.252378003 -0.890864837 0.377710452
vn -0.252378125 -0.890865037 0.377709898
vn -0.086975701 -0.987669703 0.130168295
vn -0.086975691 -0.987669697 0.130168347
vn 0.086975737 -0.987669703 -0.130168269
vn 0.086975723 -0.987669697 -0.130168328
vn 0.252377760 -0.890864832 -0.377710626
vn 0.252377979 -0.890865040 -0.377709989
vn 0.392998993 -0.706834171 -0.588164302
vn 0.392998641 -0.706833793 -0.588164991
vn 0.495095329 -0.453712802 -0.740962420
vn 0.495095408 -0.453712883 -0.740962319
vn 0.548740059 -0.156316089 -0.821248822
vn 0.548740658 -0.156316644 -0.821248317
vn 0.548740706 0.156316094 -0.821248389
vn 0.548740010 0.156316648 -0.821248749
vn 0.495095430 0.453712804 -0.740962352
vn 0.495095306 0.453712885 -0.740962385
vn 0.392998439 0.706834157 -0.588164689
vn 0.392999210 0.706833780 -0.588164627
vn 0.252377873 0.890865138 -0.377709830
vn 0.252377200 0.890865345 -0.377709789
vn 0.086976099 0.987669590 -0.130168890
vn 0.086976158 0.987669583 -0.130168899
vn -0.086976068 0.987669589 0.130168912
vn -0.086976120 0.987669583 0.130168922
vn -0.252378013 0.890865140 0.377709730
vn -0.252377454 0.890865341 0.377709631
vn -0.392998939 0.706834169 0.588164340
vn -0.392999570 0.706833771 0.588164397
vn -0.495095561 0.453712320 0.740962560
vn -0.495095476 0.453712400 0.740962569
vn -0.548741139 0.156316692 0.821247986
vn -0.548740711 0.156317237 0.821248168
vn -0.482614631 -0.156317325 0.861770278
vn -0.482614244 -0.156316733 0.861770602
vn -0.435433531 -0.453712350 0.777523468
vn -0.435433856 -0.453712913 0.777522957
vn -0.345640218 -0.706833785 0.617186228
vn -0.345640324 -0.706833965 0.617185963
vn -0.221964862 -0.890865029 0.396347197
vn -0.221964791 -0.890864943 0.396347430
vn -0.076494650 -0.987669698 0.136591130
vn -0.076494643 -0.987669695 0.136591157
vn 0.076494670 -0.987669698 -0.136591118
vn 0.076494660 -0.987669694 -0.136591148
vn 0.221965182 -0.890865035 -0.396347004
vn 0.221965057 -0.890864938 -0.396347292
vn 0.345640716 -0.706833797 -0.617185936
vn 0.345640883 -0.706833952 -0.617185664
vn 0.435433727 -0.453712863 -0.777523059
vn 0.435433782 -0.453712915 -0.777522998
vn 0.482614485 -0.156316700 -0.861770473
vn 0.482614520 -0.156316731 -0.861770448
vn 0.482614522 0.156316700 -0.861770452
vn 0.482614483 0.156316731 -0.861770469
vn 0.435433794 0.453712864 -0.777523021
vn 0.435433714 0.453712916 -0.777523036
vn 0.345640956 0.706833802 -0.617185795
vn 0.345640638 0.706833958 -0.617185795
vn 0.221964684 0.890865327 -0.396346625
vn 0.221964994 0.890865231 -0.396346669
vn 0.076495000 0.987669584 -0.136591754
vn 0.076495030 0.987669581 -0.136591761
vn -0.076494983 0.987669584 0.136591764
vn -0.076495010 0.987669581 0.136591772
vn -0.221964427 0.890865323 0.396346780
vn -0.221964662 0.890865237 0.396346841
vn -0.345640409 0.706833790 0.617186116
vn -0.345640128 0.706833969 0.617186068
vn -0.435433994 0.453712358 0.777523204
vn -0.435433389 0.453712922 0.777523214
vn -0.482614199 0.156317322 0.861770520
vn -0.482614677 0.156316730 0.861770360
vn -0.413512479 -0.156316775 0.896979652
vn -0.413512324 -0.156316551 0.896979762
vn -0.373087230 -0.453712847 0.809290165
vn -0.373087181 -0.453712771 0.809290230
vn -0.296151162 -0.706833965 0.642401926
vn -0.296150991 -0.706833722 0.642402272
vn -0.190183953 -0.890864945 0.412540561
vn -0.190183830 -0.890864827 0.412540873
vn -0.065542028 -0.987669695 0.142171784
vn -0.065542079 -0.987669711 0.142171648
vn 0.065541919 -0.987669694 -0.142171840
vn 0.065541983 -0.987669712 -0.142171687
vn 0.190183611 -0.890864939 -0.412540731
vn 0.190183450 -0.890864833 -0.412541034
vn 0.296150811 -0.706833958 -0.642402096
vn 0.296150927 -0.706834054 -0.642401937
vn 0.373087231 -0.453712847 -0.809290165
vn 0.373087144 -0.453712772 -0.809290247
vn 0.413513678 -0.156316783 -0.896979097
vn 0.413512610 -0.156315900 -0.896979744
vn 0.413512552 0.156316775 -0.896979618
vn 0.413513737 0.156315893 -0.896979225
vn 0.373087128 0.453712846 -0.809290213
vn 0.373087247 0.453712770 -0.809290200
vn 0.296150966 0.706833961 -0.642402021
vn 0.296150770 0.706834057 -0.642402006
vn 0.190183123 0.890865231 -0.412540325
vn 0.190183458 0.890865125 -0.412540399
vn 0.065542327 0.987669582 -0.142172434
vn 0.065542170 0.987669599 -0.142172384
vn -0.065542420 0.987669582 0.142172387
vn -0.065542282 0.987669599 0.142172337
vn -0.190183493 0.890865238 0.412540140
vn -0.190183809 0.890865119 0.412540250
vn -0.296150891 0.706833959 0.642402057
vn -0.296151266 0.706833717 0.642402152
vn -0.373087165 0.453712846 0.809290196
vn -0.373087246 0.453712770 0.809290201
vn -0.413512309 0.156316774 0.896979730
vn -0.413512494 0.156316550 0.896979684
vn -0.341863455 -0.156316613 0.926657701
vn -0.341863265 -0.156316353 0.926657815
vn -0.308441774 -0.453712756 0.836067226
vn -0.308442448 -0.453713704 0.836066463
vn -0.244836619 -0.706833679 0.663657427
vn -0.244836472 -0.706833499 0.663657673
vn -0.157230020 -0.890864826 0.426190782
vn -0.157230225 -0.890864991 0.426190360
vn -0.054185410 -0.987669713 0.146875730
vn -0.054185347 -0.987669696 0.146875866
vn 0.054185413 -0.987669713 -0.146875729
vn 0.054185411 -0.987669712 -0.146875733
vn 0.157230268 -0.890864830 -0.426190682
vn 0.157230303 -0.890864850 -0.426190628
vn 0.244836707 -0.706834027 -0.663657023
vn 0.244836458 -0.706833841 -0.663657314
vn 0.308441724 -0.453712755 -0.836067245
vn 0.308442228 -0.453713163 -0.836066838
vn 0.341861942 -0.156315932 -0.926658374
vn 0.341862481 -0.156316358 -0.926658103
vn 0.341862504 0.156315936 -0.926658166
vn 0.341861919 0.156316362 -0.926658310
vn 0.308442299 0.453712765 -0.836067028
vn 0.308441650 0.453713173 -0.836067046
vn 0.244836396 0.706834021 -0.663657145
vn 0.244836774 0.706833834 -0.663657204
vn 0.157230114 0.890865127 -0.426190117
vn 0.157230052 0.890865147 -0.426190098
vn 0.054185658 0.987669599 -0.146876401
vn 0.054185662 0.987669599 -0.146876403
vn -0.054185559 0.987669599 0.146876442
vn -0.054185695 0.987669582 0.146876504
vn -0.157230133 0.890865128 0.426190110
vn -0.157229703 0.890865294 0.426189922
vn -0.244836411 0.706833675 0.663657508
vn -0.244836683 0.706833495 0.663657600
vn -0.308442612 0.453712770 0.836066909
vn -0.308441605 0.453713718 0.836066767
vn -0.341863251 0.156316611 0.926657776
vn -0.341863469 0.156316352 0.926657740
vn -0.268103437 -0.156316446 0.950623856
vn -0.268103599 -0.156316658 0.950623776
vn -0.241894480 -0.453713716 0.857689294
vn -0.241893475 -0.453712416 0.857690265
vn -0.192011686 -0.706833451 0.680821551
vn -0.192012193 -0.706834001 0.680820837
vn -0.123307069 -0.890865020 0.437212628
vn -0.123306894 -0.890864899 0.437212926
vn -0.042494570 -0.987669694 0.150674439
vn -0.042494663 -0.987669715 0.150674275
vn 0.042494627 -0.987669712 -0.150674306
vn 0.042494562 -0.987669699 -0.150674411
vn 0.123306968 -0.890864872 -0.437212960
vn 0.123307016 -0.890864897 -0.437212895
vn 0.192011315 -0.706833799 -0.680821295
vn 0.192011626 -0.706834013 -0.680820985
vn 0.241894454 -0.453713154 -0.857689598
vn 0.241893484 -0.453712415 -0.857690263
vn 0.268104365 -0.156316452 -0.950623593
vn 0.268104626 -0.156316651 -0.950623487
vn 0.268104635 0.156316454 -0.950623517
vn 0.268104356 0.156316653 -0.950623563
vn 0.241893384 0.453713137 -0.857689909
vn 0.241894558 0.453712398 -0.857689969
vn 0.192011682 0.706833806 -0.680821184
vn 0.192011255 0.706834021 -0.680821082
vn 0.123306871 0.890865169 -0.437212380
vn 0.123306796 0.890865194 -0.437212351
vn 0.042494734 0.987669598 -0.150675023
vn 0.042494845 0.987669585 -0.150675078
vn -0.042494891 0.987669582 0.150675086
vn -0.042494727 0.987669603 0.150674995
vn -0.123306674 0.890865313 0.437212143
vn -0.123306977 0.890865191 0.437212306
vn -0.192012339 0.706833465 0.680821353
vn -0.192011533 0.706834015 0.680821009
vn -0.241893298 0.453713697 0.857689637
vn -0.241894662 0.453712396 0.857689941
vn -0.268103608 0.156316447 0.950623808
vn -0.268103428 0.156316659 0.950623824
vn -0.192691809 -0.156316623 0.968728538
vn -0.192691526 -0.156316265 0.968728652
vn -0.173853538 -0.453712478 0.874025134
vn -0.173854070 -0.453713120 0.874024695
vn -0.138002532 -0.706834003 0.693787426
vn -0.138002271 -0.706833747 0.693787739
vn -0.088623530 -0.890864897 0.445539678
vn -0.088623208 -0.890864698 0.445540140
vn -0.030541811 -0.987669716 0.153543900
vn -0.030541835 -0.987669721 0.153543864
vn 0.030541797 -0.987669698 -0.153544017
vn 0.030541826 -0.987669704 -0.153543978
vn 0.088623475 -0.890864896 -0.445539690
vn 0.088623361 -0.890864843 -0.445539820
vn 0.138002927 -0.706834011 -0.693787340
vn 0.138003049 -0.706834090 -0.693787235
vn 0.173854349 -0.453712491 -0.874024966
vn 0.173854423 -0.453712545 -0.874024923
vn 0.192692551 -0.156316627 -0.968728390
vn 0.192692059 -0.156316262 -0.968728546
vn 0.192692048 0.156316624 -0.968728490
vn 0.192692563 0.156316259 -0.968728447
vn 0.173854428 0.453712492 -0.874024949
vn 0.173854343 0.453712546 -0.874024938
vn 0.138003064 0.706834014 -0.693787309
vn 0.138002911 0.706834093 -0.693787260
vn 0.088623228 0.890865191 -0.445539151
vn 0.088623383 0.890865138 -0.445539226
vn 0.030541972 0.987669585 -0.153544711
vn 0.030541930 0.987669591 -0.153544685
vn -0.030541980 0.987669603 0.153544594
vn -0.030541944 0.987669608 0.153544571
vn -0.088623021 0.890865188 0.445539199
vn -0.088623496 0.890864989 0.445539502
vn -0.138002222 0.706833997 0.693787494
vn -0.138002583 0.706833741 0.693787684
vn -0.173854133 0.453712487 0.874025011
vn -0.173853473 0.453713130 0.874024808
vn -0.192691515 0.156316621 0.968728597
vn -0.192691820 0.156316263 0.968728594
vn -0.116092688 -0.156316257 0.980860701
vn -0.116092445 -0.156315958 0.980860778
vn -0.104743406 -0.453713162 0.884970726
vn -0.104743349 -0.453713097 0.884970766
vn -0.083143837 -0.706833734 0.702476459
vn -0.083143752 -0.706833657 0.702476546
vn -0.053393337 -0.890864684 0.451120013
vn -0.053393694 -0.890864882 0.451119579
vn -0.018400639 -0.987669722 0.155466833
vn -0.018400632 -0.987669721 0.155466841
vn 0.018400533 -0.987669704 -0.155466964
vn 0.018400639 -0.987669721 -0.155466840
vn 0.053393206 -0.890864833 -0.451119735
vn 0.053392998 -0.890864744 -0.451119935
vn 0.083143107 -0.706834084 -0.702476192
vn 0.083143024 -0.706834034 -0.702476252
vn 0.104742757 -0.453712573 -0.884971104
vn 0.104742695 -0.453712531 -0.884971134
vn 0.116091409 -0.156316249 -0.980860854
vn 0.116091989 -0.156316670 -0.980860718
vn 0.116091997 0.156316253 -0.980860784
vn 0.116091401 0.156316674 -0.980860787
vn 0.104742693 0.453712572 -0.884971112
vn 0.104742760 0.453712530 -0.884971127
vn 0.083143019 0.706834083 -0.702476205
vn 0.083143113 0.706834033 -0.702476244
vn 0.053392910 0.890865126 -0.451119191
vn 0.053393159 0.890865037 -0.451119338
vn 0.018400736 0.987669591 -0.155467655
vn 0.018400604 0.987669608 -0.155467560
vn -0.018400716 0.987669609 0.155467545
vn -0.018400723 0.987669608 0.155467551
vn -0.053393670 0.890864987 0.451119375
vn -0.053393222 0.890865186 0.451119036
vn -0.083143743 0.706833732 0.702476472
vn -0.083143847 0.706833655 0.702476537
vn -0.104743345 0.453713161 0.884970733
vn -0.104743410 0.453713097 0.884970759
vn -0.116092439 0.156316255 0.980860731
vn -0.116092693 0.156315956 0.980860749
vn -0.040909041 -0.156328575 0.986857552
vn -0.041005795 -0.156433611 0.986836891
vn -0.036649413 -0.453738935 0.890380705
vn -0.036903962 -0.453990067 0.890242167
vn -0.028756316 -0.706852671 0.706776044
vn -0.029081013 -0.707105420 0.706509887
vn -0.018178085 -0.890870317 0.453893859
vn -0.018456056 -0.891006589 0.453615070
vn -0.006146251 -0.987669720 0.156431287
vn -0.006260054 -0.987688348 0.156309110
vn 0.006018009 -0.987668931 -0.156441254
vn 0.006141633 -0.987688355 -0.156313764
vn 0.017098095 -0.890852770 -0.453970261
vn 0.017451277 -0.891006543 -0.453654928
vn 0.026141557 -0.706800992 -0.706929258
vn 0.026613243 -0.707106331 -0.706606235
vn 0.032520510 -0.453671938 -0.890575201
vn 0.032926073 -0.453989321 -0.890398545
vn 0.035881247 -0.156298467 -0.987057914
vn 0.036042702 -0.156434181 -0.987030532
vn 0.036043480 0.156299523 -0.987051836
vn 0.035880467 0.156434109 -0.987036454
vn 0.032931916 0.453678903 -0.890556535
vn 0.032514619 0.453988899 -0.890413881
vn 0.026624355 0.706810967 -0.706901266
vn 0.026130296 0.707105856 -0.706624735
vn 0.017462400 0.890859052 -0.453944065
vn 0.017086733 0.891006659 -0.453668577
vn 0.006146279 0.987669607 -0.156432001
vn 0.006013327 0.987688234 -0.156319520
vn -0.006264608 0.987670320 0.156422802
vn -0.006141661 0.987688242 0.156314479
vn -0.018466545 0.890875084 0.453872858
vn -0.018167353 0.891007011 0.453625896
vn -0.029091144 0.706858985 0.706756026
vn -0.028746034 0.707105693 0.706523322
vn -0.036909177 0.453742854 0.890367977
vn -0.036644148 0.453990279 0.890252792
vn -0.041006482 0.156329133 0.986853419
vn -0.040908352 0.156433644 0.986840930
vn -0.039259327 -0.000000025 -0.999229055
vn -0.039259287 -0.000000132 -0.999229057
vn -0.039259404 0.000000000 -0.999229052
vn -0.039259244 0.000000215 -0.999229059
vn -0.039259327 0.000000025 -0.999229055
vn -0.039259244 -0.000000215 -0.999229059
vn -0.039259287 0.000000132 -0.999229057
vn -0.039259376 -0.000000009 -0.999229054
vn -0.039259404 -0.000000005 -0.999229052
vn -0.039259403 -0.000000000 -0.999229052
vn -0.039259404 0.000000005 -0.999229052
vn -0.039259376 0.000000009 -0.999229054
vn -0.039259400 0.000000008 -0.999229053
vn -0.039259402 -0.000000000 -0.999229052
vn -0.039259395 -0.000000005 -0.999229053
vn 0.999228992 0.000000000 0.039260945
vn 0.999229177 0.000002730 0.039256238
vn 0.999229081 0.000004958 0.039258680
vn 0.999229052 -0.000000369 0.039259406
vn 0.999228889 0.000002622 0.039263574
vn 0.999228632 -0.000000000 0.039270115
vn 0.999228889 -0.000002622 0.039263574
vn 0.999229052 0.000000369 0.039259406
vn 0.999229081 -0.000004958 0.039258680
vn 0.999229177 -0.000002730 0.039256238
vn 0.999229029 0.000000000 0.039259992
vn 0.999229033 0.000001176 0.039259908
vn 0.999229030 0.000000000 0.039259968
vn 0.999229053 0.000000420 0.039259390
vn 0.999229014 0.000000283 0.039260382
vn 0.999229033 0.000000027 0.039259908
vn 0.999229039 -0.000000072 0.039259747
vn 0.999229027 -0.000000171 0.039260052
vn -0.987688339 -0.156434478 0.000000000
vn -0.891006668 -0.453990217 0.000000000
vn -0.707106781 -0.707106781 0.000000000
vn -0.453990217 -0.891006668 0.000000000
vn -0.156434478 -0.987688339 0.000000000
vn 0.156434583 -0.987688322 0.000000000
vn 0.453989942 -0.891006809 0.000000000
vn 0.707107121 -0.707106441 0.000000000
vn 0.891006393 -0.453990757 0.000000000
vn 0.987688339 -0.156434478 0.000000000
vn 0.987688322 0.156434583 0.000000000
vn 0.891006533 0.453990482 0.000000000
vn 0.707106781 0.707106781 0.000000000
vn 0.453990482 0.891006533 0.000000000
vn 0.156434583 0.987688322 0.000000000
vn -0.156434478 0.987688339 0.000000000
vn -0.453990757 0.891006393 0.000000000
vn -0.707106441 0.707107121 0.000000000
vn -0.891006809 0.453989942 0.000000000
vn -0.987688322 0.156434583 0.000000000
vn 0.000000000 0.000000000 1.000000000
vn 0.987688304 0.156434697 0.000000000
vn 0.891006470 0.453990606 0.000000000
vn 0.453990606 0.891006470 0.000000000
vn 0.156434697 0.987688304 0.000000000
vn -0.156434697 0.987688304 0.000000000
vn -0.453990606 0.891006470 0.000000000
vn -0.707106781 0.707106781 0.000000000
vn -0.891006771 0.453990015 0.000000000
vn -0.987688189 0.156435423 0.000000000
vn -0.987688189 -0.156435423 0.000000000
vn -0.891006771 -0.453990015 0.000000000
vn -0.453990015 -0.891006771 0.000000000
vn -0.156435423 -0.987688189 0.000000000
vn 0.156435423 -0.987688189 0.000000000
vn 0.453990015 -0.891006771 0.000000000
vn 0.707106781 -0.707106781 0.000000000
vn 0.891006470 -0.453990606 0.000000000
vn 0.987688304 -0.156434697 0.000000000
vn 0.000000000 -0.000000000 -1.000000000
vn 0.000000000 -0.156434478 0.987688339
vn 0.000000000 -0.453990757 0.891006393
vn 0.000000000 -0.707106441 0.707107121
vn 0.000000000 -0.891006809 0.453989942
vn 0.000000000 -0.987688322 0.156434583
vn 0.000000000 -0.987688339 -0.156434478
vn 0.000000000 -0.891006668 -0.453990217
vn 0.000000000 -0.707106781 -0.707106781
vn 0.000000000 -0.453990217 -0.891006668
vn 0.000000000 -0.156434478 -0.987688339
vn 0.000000000 0.156434583 -0.987688322
vn 0.000000000 0.453989942 -0.891006809
vn 0.000000000 0.707107121 -0.707106441
vn 0.000000000 0.891006393 -0.453990757
vn 0.000000000 0.987688339 -0.156434478
vn 0.000000000 0.987688322 0.156434583
vn 0.000000000 0.891006533 0.453990482
vn 0.000000000 0.707106781 0.707106781
vn 0.000000000 0.453990482 0.891006533
vn 0.000000000 0.156434583 0.987688322
vn 1.000000000 0.000000000 0.000000000
vn 0.000000000 0.156435423 -0.987688189
vn 0.000000000 0.453990015 -0.891006771
vn 0.000000000 0.707106781 -0.707106781
vn 0.000000000 0.891006470 -0.453990606
vn 0.000000000 0.987688304 -0.156434697
vn 0.000000000 0.987688304 0.156434697
vn 0.000000000 0.891006470 0.453990606
vn 0.000000000 0.453990606 0.891006470
vn 0.000000000 0.156434697 0.987688304
vn 0.000000000 -0.156434697 0.987688304
vn 0.000000000 -0.453990606 0.891006470
vn 0.000000000 -0.707106781 0.707106781
vn 0.000000000 -0.891006771 0.453990015
vn 0.000000000 -0.987688189 0.156435423
vn 0.000000000 -0.987688189 -0.156435423
vn 0.000000000 -0.891006771 -0.453990015
vn 0.000000000 -0.453990015 -0.891006771
vn 0.000000000 -0.156435423 -0.987688189
vn -1.000000000 -0.000000000 0.000000000
vn 0.683593428 -0.258818159 0.682431818
vn 0.682099535 -0.263591441 0.682099535
vn 0.502810188 -0.707101267 0.497181771
vn 0.496514426 -0.714226462 0.493309219
vn 0.187487741 -0.965906279 0.178531250
vn 0.183347891 -0.967228477 0.175649151
vn -0.179166384 -0.965911375 -0.186854550
vn -0.174981698 -0.967235036 -0.183950510
vn -0.498412056 -0.707105087 -0.501585306
vn -0.491942415 -0.714393735 -0.497628628
vn -0.683012893 -0.258818247 -0.683012813
vn -0.681477259 -0.263747457 -0.682660988
vn -0.682466818 0.258817918 -0.683558577
vn -0.682099457 0.263592051 -0.682099377
vn -0.497469547 0.707102857 -0.502523233
vn -0.493718248 0.713794574 -0.496728898
vn -0.179055297 0.965910797 -0.186963990
vn -0.176402208 0.967097859 -0.183313917
vn 0.186461916 0.965914395 0.179558723
vn 0.183841099 0.967085116 0.175922790
vn 0.501489691 0.707105799 0.498507250
vn 0.497876420 0.713646096 0.492776136
vn 0.683012901 0.258817995 0.683012901
vn 0.682683161 0.263445379 0.681571885
vn 0.597486677 -0.239583654 0.765251164
vn 0.594531153 -0.243113990 0.766438709
vn 0.267534000 -0.645467067 0.715400464
vn 0.258561984 -0.650546887 0.714096946
vn -0.123178239 -0.869716286 0.477933786
vn -0.128118828 -0.870226908 0.475700215
vn -0.478822060 -0.869081828 0.124202298
vn -0.474674061 -0.870912291 0.127264757
vn -0.716913036 -0.644615193 -0.265531452
vn -0.712244234 -0.652089665 -0.259783024
vn -0.765941900 -0.239354169 -0.596693044
vn -0.765805880 -0.243879943 -0.595032712
vn -0.596071731 0.239174553 -0.766481588
vn -0.594531315 0.243113579 -0.766438715
vn -0.260666991 0.642532015 -0.720559039
vn -0.256222490 0.647586420 -0.717622368
vn 0.132821146 0.863655588 -0.486269029
vn 0.134966588 0.864649587 -0.483906099
vn 0.485923930 0.863911325 -0.132420379
vn 0.484304949 0.864374090 -0.135300217
vn 0.719798056 0.642970058 0.261687338
vn 0.718550883 0.646801146 0.255603026
vn 0.765941936 0.239354101 0.596693024
vn 0.766930957 0.242515906 0.594140507
vn 0.516048799 -0.131469373 0.846409736
vn 0.524113805 -0.128409917 0.841911879
vn 0.044652020 -0.350253811 0.935589902
vn 0.064257650 -0.346809249 0.935731959
vn -0.422814930 -0.468872592 0.775490830
vn -0.413958321 -0.469363955 0.779958964
vn -0.774899986 -0.470550003 0.422034011
vn -0.780618357 -0.467675043 0.414626380
vn -0.934356278 -0.353275651 -0.046633250
vn -0.936999734 -0.343608533 -0.062965661
vn -0.845611543 -0.132769389 -0.517023605
vn -0.842504335 -0.126942567 -0.523518892
vn -0.517906895 0.133950331 -0.844884464
vn -0.524112883 0.128410486 -0.841912367
vn -0.052903877 0.362809815 -0.930360262
vn -0.067355130 0.354473271 -0.932637114
vn 0.412899193 0.489802612 -0.767859139
vn 0.406607308 0.487583345 -0.772614379
vn 0.768300163 0.488634292 -0.413462681
vn 0.772124370 0.488761289 -0.406123577
vn 0.931346847 0.360490708 0.051376072
vn 0.931621898 0.356942870 0.068355155
vn 0.845611543 0.132769389 0.517023605
vn 0.841370499 0.129746856 0.524653635
vn -0.707106067 0.000001010 0.707107495
vn -0.707106258 0.000000000 0.707107304
vn -0.707106067 -0.000001010 0.707107495
vn -0.707106258 0.000000854 0.707107304
vn -0.707107304 0.000000000 0.707106258
vn -0.707106258 -0.000000854 0.707107304
vn -0.707106607 0.000000000 0.707106955
vn 0.350825572 -0.868242982 -0.350821240
vn 0.350822742 -0.868244496 -0.350820322
vn 0.350820928 -0.868244202 -0.350822864
vn 0.350821240 -0.868242982 -0.350825572
vn 0.350823131 -0.868242837 -0.350824039
vn 0.350821615 -0.868244014 -0.350822643
vn 0.350823370 -0.868242982 -0.350823441
vn 0.350823441 -0.868242982 -0.350823370
vn 0.350822902 -0.868243389 -0.350822902
vn 0.350823388 -0.868242996 -0.350823388
vn 0.573745570 -0.096791992 0.813294123
vn 0.246851756 -0.275639637 0.929024758
vn 0.246850786 -0.275639787 0.929024971
vn -0.117625317 -0.412524461 0.903320460
vn -0.117625746 -0.412524468 0.903320401
vn -0.464194685 -0.486605876 0.740093248
vn -0.464195093 -0.486605804 0.740093040
vn -0.740093128 -0.486605991 0.464194757
vn -0.740093301 -0.486605900 0.464194576
vn -0.903320415 -0.412524534 0.117625411
vn -0.903320269 -0.412524755 0.117625753
vn -0.929024959 -0.275639315 -0.246851361
vn -0.929024984 -0.275640566 -0.246849868
vn -0.813293751 -0.096791302 -0.573746214
vn -0.813293959 -0.096791731 -0.573745848
vn -0.573746736 0.096791257 -0.813293388
vn -0.573745545 0.096792651 -0.813294063
vn -0.246850542 0.275640419 -0.929024849
vn -0.246851685 0.275639461 -0.929024829
vn 0.117624716 0.412524220 -0.903320649
vn 0.117625270 0.412524578 -0.903320413
vn 0.464194976 0.486605942 -0.740093023
vn 0.740092514 0.486605849 -0.464195883
vn 0.740092994 0.486606013 -0.464194947
vn 0.903320799 0.412524172 -0.117623730
vn 0.903320548 0.412524204 -0.117625544
vn 0.929025135 0.275640106 0.246849815
vn 0.929024748 0.275639835 0.246851571
vn 0.813293655 0.096792011 0.573746231
vn 0.813294528 0.096792364 0.573744933
vn 0.350822514 -0.868243372 -0.350823332
vn 0.350822105 -0.868243953 -0.350822305
vn 0.350822777 -0.868243176 -0.350823555
vn 0.350822548 -0.868243354 -0.350823344
vn 0.350822285 -0.868243479 -0.350823295
vn 0.350823055 -0.868243072 -0.350823535
vn 0.350824525 -0.868242984 -0.350822281
vn 0.350824415 -0.868243024 -0.350822293
vn 0.350822795 -0.868242897 -0.350824227
vn 0.350822353 -0.868242984 -0.350824453
vn 0.350823563 -0.868243220 -0.350822659
vn 0.350823505 -0.868243219 -0.350822721
vn 0.350823301 -0.868242919 -0.350823668
vn 0.350823529 -0.868243039 -0.350823141
vn 0.350822508 -0.868243546 -0.350822907
vn 0.350822555 -0.868244071 -0.350821561
vn 0.350823327 -0.868242868 -0.350823766
vn 0.350823302 -0.868242905 -0.350823701
vn 0.350823281 -0.868242987 -0.350823519
vn 0.350823686 -0.868242672 -0.350823893
vn 0.350823059 -0.868243370 -0.350822793
vn 0.350825002 -0.868242341 -0.350823398
vn 0.350823183 -0.868243331 -0.350822764
vn 0.350823104 -0.868243360 -0.350822772
vn 0.350823168 -0.868243066 -0.350823437
vn 0.350821825 -0.868243331 -0.350824122
vn 0.350822984 -0.868243146 -0.350823422
vn 0.350823366 -0.868243156 -0.350823016
vn 0.350823088 -0.868243248 -0.350823066
vn 0.350822994 -0.868243198 -0.350823283
vn 0.350823723 -0.868242645 -0.350823923
vn 0.350823693 -0.868242313 -0.350824775
vn -0.573745648 0.096792106 -0.813294055
vn -0.573745231 0.096792481 -0.813294304
vn -0.246851116 0.275639788 -0.929024883
vn -0.246850705 0.275640051 -0.929024915
vn 0.117625796 0.412524540 -0.903320362
vn 0.117624685 0.412524023 -0.903320743
vn 0.464195768 0.486606136 -0.740092398
vn 0.464195217 0.486605970 -0.740092852
vn 0.740092073 0.486606224 -0.464196193
vn 0.903320350 0.412524349 -0.117626553
vn 0.903321213 0.412523709 -0.117622170
vn 0.929024921 0.275639355 0.246851458
vn 0.929025013 0.275639507 0.246850942
vn 0.813293653 0.096791798 0.573746269
vn 0.813294622 0.096792462 0.573744784
vn 0.573745146 -0.096792271 0.813294389
vn 0.573746410 -0.096791706 0.813293565
vn 0.246852063 -0.275639573 0.929024695
vn 0.246849806 -0.275640234 0.929025099
vn -0.117625891 -0.412524500 0.903320368
vn -0.117623701 -0.412524180 0.903320799
vn -0.464194328 -0.486605865 0.740093479
vn -0.464195904 -0.486605800 0.740092533
vn -0.740092097 -0.486606164 0.464196217
vn -0.903321185 -0.412523741 0.117622277
vn -0.903321220 -0.412523694 0.117622176
vn -0.929024962 -0.275639252 -0.246851417
vn -0.929025231 -0.275641528 -0.246847865
vn -0.813294522 -0.096792709 -0.573744884
vn -0.813293444 -0.096791086 -0.573746685
vn -0.350823679 0.868242968 0.350823166
vn -0.350822604 0.868243387 0.350823204
vn -0.350822539 0.868243319 0.350823440
vn -0.350823401 0.868243121 0.350823067
vn -0.350823327 0.868243089 0.350823219
vn -0.350823137 0.868243094 0.350823398
vn -0.350823874 0.868243331 0.350822073
vn -0.350823277 0.868243100 0.350823243
vn -0.350822719 0.868242744 0.350824682
vn -0.350822891 0.868243331 0.350823056
vn -0.350823039 0.868243438 0.350822644
vn -0.350823293 0.868243004 0.350823463
vn -0.350821973 0.868244143 0.350821965
vn -0.350823007 0.868243272 0.350823087
vn -0.350824562 0.868242210 0.350824162
vn -0.350822454 0.868243401 0.350823322
vn -0.350823093 0.868243290 0.350822958
vn -0.350823349 0.868243190 0.350822949
vn -0.350822973 0.868243315 0.350823015
vn -0.350823099 0.868243286 0.350822961
vn -0.350823016 0.868243156 0.350823366
vn -0.350823422 0.868243146 0.350822984
vn -0.350824122 0.868243331 0.350821825
vn -0.350823437 0.868243066 0.350823168
vn -0.350822399 0.868242954 0.350824482
vn -0.350822509 0.868243331 0.350823438
vn -0.350823129 0.868243285 0.350822933
vn -0.350822255 0.868243540 0.350823175
vn -0.350822948 0.868242957 0.350823926
vn -0.350822900 0.868243148 0.350823500
vn -0.350822283 0.868243497 0.350823254
vn -0.350821276 0.868244663 0.350821374
vn -0.350823337 0.868243195 0.350822948
vn -0.350820120 0.868243645 0.350825052
vn -0.350823066 0.868244390 0.350820260
vn -0.350826271 0.868240902 0.350825688
vn -0.350819981 0.868244322 0.350823514
vn -0.350821642 0.868244565 0.350821253
vn -0.350821544 0.868244801 0.350820766
vn -0.350821008 0.868245156 0.350820424
vn -0.350821155 0.868244801 0.350821155
vn 0.350821337 -0.868244654 -0.350821337
vn 0.350821361 -0.868244595 -0.350821459
vn 0.350821375 -0.868244526 -0.350821614
vn 0.350819547 -0.868244927 -0.350822451
vn 0.350822407 -0.868243157 -0.350823973
vn 0.350821330 -0.868244549 -0.350821605
vn 0.350820549 -0.868244927 -0.350821448
vn 0.350821956 -0.868244245 -0.350821731
vn 0.350821393 -0.868244700 -0.350821168
vn 0.524112394 -0.128409128 0.841912878
vn 0.065877878 -0.350821478 0.934122259
vn 0.065876702 -0.350819921 0.934122927
vn -0.410013292 -0.479224702 0.776036588
vn -0.410006465 -0.479234802 0.776033957
vn -0.776034787 -0.479229922 0.410010598
vn -0.776039857 -0.479220487 0.410012031
vn -0.934126920 -0.350809791 -0.065874025
vn -0.934122899 -0.350820265 -0.065875265
vn -0.841916399 -0.128400414 -0.524108873
vn -0.524111434 0.128402943 -0.841914419
vn -0.524113353 0.128415314 -0.841911337
vn -0.065877249 0.350821807 -0.934122180
vn -0.065876923 0.350819053 -0.934123238
vn 0.410010037 0.479228710 -0.776035832
vn 0.410009646 0.479231284 -0.776034450
vn 0.776032201 0.479239071 -0.410004799
vn 0.776034836 0.479228954 -0.410011638
vn 0.934122827 0.350820453 0.065875287
vn 0.934118409 0.350830757 0.065883068
vn 0.841912878 0.128409128 0.524112394
vn 0.683012078 -0.258819806 0.683013038
vn 0.683013252 -0.258818672 0.683012293
vn 0.500000400 -0.707106712 0.499999698
vn 0.499999268 -0.707107320 0.499999971
vn 0.183013064 -0.965925738 0.183012807
vn -0.183013064 -0.965925738 -0.183012807
vn -0.499999863 -0.707107472 -0.499999161
vn -0.683013306 -0.258818388 -0.683012347
vn -0.683013306 0.258818388 -0.683012347
vn -0.499999863 0.707107472 -0.499999161
vn -0.183013631 0.965925523 -0.183013373
vn 0.183013631 0.965925523 0.183013373
vn 0.499999698 0.707106712 0.500000400
vn 0.499999971 0.707107320 0.499999268
vn 0.683013038 0.258819806 0.683012078
vn 0.683012293 0.258818672 0.683013252
vn 0.707105939 0.000000948 -0.707107623
vn 0.707106781 0.000000000 -0.707106781
vn 0.707106396 -0.000000315 -0.707107166
vn 0.707106002 0.000001102 -0.707107560
vn 0.707106280 -0.000000279 -0.707107282
vn 0.707106781 -0.000000315 -0.707106781
vn 0.707106249 -0.000000202 -0.707107313
vn 0.707106360 0.000000474 -0.707107202
vn 0.707106589 -0.000000157 -0.707106974
vn 0.707106392 0.000000551 -0.707107171
vn 0.707105780 -0.000000557 -0.707107783
vn 0.707106781 -0.000000629 -0.707106781
vn 0.707105717 -0.000000403 -0.707107846
vn -0.683012234 0.258818982 -0.683013194
vn -0.683012922 0.258820415 -0.683011963
vn -0.500000267 0.707106900 -0.499999565
vn -0.500000108 0.707106132 -0.500000810
vn -0.183013264 0.965925662 -0.183013007
vn 0.183013264 0.965925662 0.183013007
vn 0.500000267 0.707106900 0.499999565
vn 0.683013194 0.258818982 0.683012234
vn 0.683013194 -0.258818982 0.683012234
vn 0.500000267 -0.707106900 0.499999565
vn 0.183012548 -0.965925933 0.183012290
vn -0.183012548 -0.965925933 -0.183012290
vn -0.499999565 -0.707106900 -0.500000267
vn -0.500000810 -0.707106132 -0.500000108
vn -0.683013194 -0.258818982 -0.683012234
vn -0.683011963 -0.258820415 -0.683012922
vn -0.707105155 0.000000974 0.707108408
vn -0.707106781 0.000000629 0.707106781
vn -0.707107755 -0.000000795 0.707105807
vn -0.707106224 -0.000001647 0.707107338
vn -0.707106781 0.000000000 0.707106781
vn -0.707106392 0.000000551 0.707107171
vn -0.707106589 -0.000000157 0.707106974
vn -0.707106360 0.000000474 0.707107202
vn -0.707106249 -0.000000202 0.707107313
vn -0.707106781 -0.000000315 0.707106781
vn -0.707106280 -0.000000279 0.707107282
vn -0.707106564 0.000002479 0.707106998
vn -0.707107166 0.000000315 0.707106396
vn -0.707106781 -0.000001590 0.707106781
vn -0.707105494 -0.000000141 0.707108068
vn -0.698401013 -0.156433718 0.698401401
vn -0.698401295 -0.156434663 0.698400907
vn -0.630036472 -0.453990803 0.630036821
vn -0.499999988 -0.707106994 0.499999711
vn -0.500000054 -0.707106509 0.500000331
vn -0.321019589 -0.891006584 0.321019767
vn -0.321019490 -0.891006784 0.321019312
vn -0.110616011 -0.987688295 0.110616134
vn -0.110615989 -0.987688307 0.110616051
vn 0.110615989 -0.987688307 -0.110616051
vn 0.110616011 -0.987688295 -0.110616134
vn 0.321019490 -0.891006784 -0.321019312
vn 0.321019589 -0.891006584 -0.321019767
vn 0.500000054 -0.707106509 -0.500000331
vn 0.499999988 -0.707106994 -0.499999711
vn 0.630036472 -0.453990803 -0.630036821
vn 0.698401295 -0.156434663 -0.698400907
vn 0.698401013 -0.156433718 -0.698401401
vn 0.698400907 0.156434663 -0.698401295
vn 0.698401401 0.156433718 -0.698401013
vn 0.630036571 0.453990525 -0.630036921
vn 0.499999846 0.707107195 -0.499999569
vn 0.499999226 0.707107679 -0.499999504
vn 0.321019696 0.891006507 -0.321019874
vn 0.321020152 0.891006307 -0.321019974
vn 0.110615959 0.987688307 -0.110616081
vn 0.110616042 0.987688295 -0.110616103
vn -0.110616042 0.987688295 0.110616103
vn -0.110615959 0.987688307 0.110616081
vn -0.321020152 0.891006307 0.321019974
vn -0.321019696 0.891006507 0.321019874
vn -0.499999226 0.707107679 0.499999504
vn -0.499999846 0.707107195 0.499999569
vn -0.630036571 0.453990525 0.630036921
vn -0.698401401 0.156433718 0.698401013
vn -0.698400907 0.156434663 0.698401295
vn 0.707106674 0.000000467 0.707106888
vn 0.707106781 0.000000546 0.707106781
vn 0.707107537 0.000001089 0.707106025
vn 0.707106781 0.000000000 0.707106781
vn 0.707107062 -0.000000288 0.707106501
vn 0.707107543 0.000001078 0.707106019
vn 0.707106114 0.000002859 0.707107448
vn 0.707107167 -0.000000000 0.707106395
vn 0.707108321 -0.000002139 0.707105241
vn 0.707105069 0.000002379 0.707108493
vn 0.707105815 0.000000681 0.707107747
vn 0.707108929 -0.000001514 0.707104633
vn 0.707104754 0.000000917 0.707108809
vn 0.707105821 0.000000692 0.707107741
vn 0.707106781 0.000000491 0.707106781
vn 0.707104533 -0.000000042 0.707109029
vn 0.707104760 -0.000000943 0.707108803
vn 0.707105617 -0.000000295 0.707107945
vn 0.707104861 -0.000001384 0.707108702
vn 0.707108025 0.000002444 0.707105538
vn 0.707106473 -0.000001960 0.707107090
vn 0.707106463 -0.000003019 0.707107100
vn 0.707107135 0.000003357 0.707106427
vn 0.707106434 0.000000000 0.707107128
vn 0.707106811 -0.000003179 0.707106751
vn 0.707107747 -0.000000681 0.707105815
vn 0.707106674 -0.000000467 0.707106888
vn 0.707107741 -0.000000692 0.707105821
vn 0.707106781 -0.000000491 0.707106781
vn 0.707106662 -0.000000519 0.707106900
vn 0.698401326 0.156434383 -0.698400939
vn 0.630036879 0.453990642 -0.630036529
vn 0.499999699 0.707107010 -0.499999977
vn 0.500000358 0.707106472 -0.500000080
vn 0.321020093 0.891006349 -0.321019915
vn 0.321019607 0.891006571 -0.321019785
vn 0.110615775 0.987688348 -0.110615897
vn 0.110616043 0.987688309 -0.110615982
vn -0.110616043 0.987688309 0.110615982
vn -0.110615775 0.987688348 0.110615897
vn -0.321019607 0.891006571 0.321019785
vn -0.321020093 0.891006349 0.321019915
vn -0.500000358 0.707106472 0.500000080
vn -0.499999699 0.707107010 0.499999977
vn -0.630036879 0.453990642 0.630036529
vn -0.698401326 0.156434383 0.698400939
vn -0.698401339 -0.156434265 0.698400952
vn -0.630036768 -0.453990950 0.630036418
vn -0.500000350 -0.707106091 0.500000627
vn -0.500000246 -0.707106629 0.499999969
vn -0.321019357 -0.891006879 0.321019179
vn -0.321019487 -0.891006657 0.321019665
vn -0.110615951 -0.987688309 0.110616074
vn -0.110615867 -0.987688348 0.110615805
vn 0.110615867 -0.987688348 -0.110615805
vn 0.110615951 -0.987688309 -0.110616074
vn 0.321019487 -0.891006657 -0.321019665
vn 0.321019357 -0.891006879 -0.321019179
vn 0.500000246 -0.707106629 -0.499999969
vn 0.500000350 -0.707106091 -0.500000627
vn 0.630036768 -0.453990950 -0.630036418
vn 0.698401339 -0.156434265 -0.698400952
vn -0.707104533 -0.000000042 -0.707109029
vn -0.707106781 0.000000491 -0.707106781
vn -0.707105821 0.000000692 -0.707107741
vn -0.707104754 0.000000917 -0.707108809
vn -0.707108929 -0.000001514 -0.707104633
vn -0.707105815 0.000000681 -0.707107747
vn -0.707105069 0.000002379 -0.707108493
vn -0.707108321 -0.000002139 -0.707105241
vn -0.707107167 0.000000000 -0.707106395
vn -0.707106114 0.000002859 -0.707107448
vn -0.707106781 0.000000000 -0.707106781
vn -0.707107543 0.000001078 -0.707106019
vn -0.707107062 -0.000000288 -0.707106501
vn -0.707107537 0.000001089 -0.707106025
vn -0.707106781 0.000000546 -0.707106781
vn -0.707106674 0.000000467 -0.707106888
vn -0.707106662 -0.000000519 -0.707106900
vn -0.707106781 -0.000000491 -0.707106781
vn -0.707107741 -0.000000692 -0.707105821
vn -0.707106674 -0.000000467 -0.707106888
vn -0.707107747 -0.000000681 -0.707105815
vn -0.707106811 -0.000003179 -0.707106751
vn -0.707106434 0.000000000 -0.707107128
vn -0.707107135 0.000003357 -0.707106427
vn -0.707106463 -0.000003019 -0.707107100
vn -0.707106473 -0.000001960 -0.707107090
vn -0.707108025 0.000002444 -0.707105538
vn -0.707104861 -0.000001384 -0.707108702
vn -0.707105617 -0.000000295 -0.707107945
vn -0.707104760 -0.000000943 -0.707108803
vn 0.707107030 0.000000000 0.707106533
vn 0.000000000 -1.000000000 0.000000000
vn 0.000000000 1.000000000 0.000000000
vn -0.707106923 0.000000000 0.707106639
vn 0.707106852 0.000000000 -0.707106710
vn 0.707106930 0.000000000 -0.707106632
vn -0.965925610 0.000000000 -0.258819851
vn -0.707106133 0.000000000 0.707107429
vn 0.258820175 0.000000000 0.965925523
vn 0.965925847 0.000000000 0.258818966
vn -0.258818966 0.000000000 -0.965925847
vn -0.965925934 0.000000000 -0.258818642
vn -0.707105485 0.000000000 0.707108077
vn 0.258819290 0.000000000 0.965925761
vn 0.965925761 0.000000000 0.258819290
vn 0.707108077 0.000000000 -0.707105485
vn -0.258818642 0.000000000 -0.965925934
usemtl mat_0
f 1/1/1 2/1/1 3/1/1
f 1/1/2 3/1/2 4/1/2
f 2/1/3 5/1/3 6/1/3
f 2/1/4 6/1/4 3/1/4
f 5/1/5 7/1/5 8/1/5
f 5/1/6 8/1/6 6/1/6
f 7/1/7 9/1/7 10/1/7
f 7/1/8 10/1/8 8/1/8
f 9/1/9 11/1/9 12/1/9
f 9/1/10 12/1/10 10/1/10
f 11/1/11 13/1/11 14/1/11
f 11/1/12 14/1/12 12/1/12
f 13/1/13 15/1/13 16/1/13
f 13/1/14 16/1/14 14/1/14
f 15/1/15 17/1/15 18/1/15
f 15/1/16 18/1/16 16/1/16
f 17/1/17 19/1/17 20/1/17
f 17/1/18 20/1/18 18/1/18
f 19/1/19 21/1/19 22/1/19
f 19/1/20 22/1/20 20/1/20
f 21/1/21 23/1/21 24/1/21
f 21/1/22 24/1/22 22/1/22
f 23/1/23 25/1/23 26/1/23
f 23/1/24 26/1/24 24/1/24
f 25/1/25 27/1/25 28/1/25
f 25/1/26 28/1/26 26/1/26
f 27/1/27 29/1/27 30/1/27
f 27/1/28 30/1/28 28/1/28
f 29/1/29 31/1/29 32/1/29
f 29/1/30 32/1/30 30/1/30
f 31/1/31 33/1/31 34/1/31
f 31/1/32 34/1/32 32/1/32
f 33/1/33 35/1/33 36/1/33
f 33/1/34 36/1/34 34/1/34
f 35/1/35 37/1/35 38/1/35
f 35/1/36 38/1/36 36/1/36
f 37/1/37 39/1/37 40/1/37
f 37/1/38 40/1/38 38/1/38
f 39/1/39 1/1/39 4/1/39
f 39/1/40 4/1/40 40/1/40
f 4/1/41 3/1/41 41/1/41
f 4/1/42 41/1/42 42/1/42
f 3/1/43 6/1/43 43/1/43
f 3/1/44 43/1/44 41/1/44
f 6/1/45 8/1/45 44/1/45
f 6/1/46 44/1/46 43/1/46
f 8/1/47 10/1/47 45/1/47
f 8/1/48 45/1/48 44/1/48
f 10/1/49 12/1/49 46/1/49
f 10/1/50 46/1/50 45/1/50
f 12/1/51 14/1/51 47/1/51
f 12/1/52 47/1/52 46/1/52
f 14/1/53 16/1/53 48/1/53
f 14/1/54 48/1/54 47/1/54
f 16/1/55 18/1/55 49/1/55
f 16/1/56 49/1/56 48/1/56
f 18/1/57 20/1/57 50/1/57
f 18/1/58 50/1/58 49/1/58
f 20/1/59 22/1/59 51/1/59
f 20/1/60 51/1/60 50/1/60
f 22/1/61 24/1/61 52/1/61
f 22/1/62 52/1/62 51/1/62
f 24/1/63 26/1/63 53/1/63
f 24/1/64 53/1/64 52/1/64
f 26/1/65 28/1/65 54/1/65
f 26/1/66 54/1/66 53/1/66
f 28/1/67 30/1/67 55/1/67
f 28/1/68 55/1/68 54/1/68
f 30/1/69 32/1/69 56/1/69
f 30/1/70 56/1/70 55/1/70
f 32/1/71 34/1/71 57/1/71
f 32/1/72 57/1/72 56/1/72
f 34/1/73 36/1/73 58/1/73
f 34/1/74 58/1/74 57/1/74
f 36/1/75 38/1/75 59/1/75
f 36/1/76 59/1/76 58/1/76
f 38/1/77 40/1/77 60/1/77
f 38/1/78 60/1/78 59/1/78
f 40/1/79 4/1/79 42/1/79
f 40/1/80 42/1/80 60/1/80
f 42/1/81 41/1/81 61/1/81
f 42/1/82 61/1/82 62/1/82
f 41/1/83 43/1/83 63/1/83
f 41/1/84 63/1/84 61/1/84
f 43/1/85 44/1/85 64/1/85
f 43/1/86 64/1/86 63/1/86
f 44/1/87 45/1/87 65/1/87
f 44/1/88 65/1/88 64/1/88
f 45/1/89 46/1/89 66/1/89
f 45/1/90 66/1/90 65/1/90
f 46/1/91 47/1/91 67/1/91
f 46/1/92 67/1/92 66/1/92
f 47/1/93 48/1/93 68/1/93
f 47/1/94 68/1/94 67/1/94
f 48/1/95 49/1/95 69/1/95
f 48/1/96 69/1/96 68/1/96
f 49/1/97 50/1/97 70/1/97
f 49/1/98 70/1/98 69/1/98
f 50/1/99 51/1/99 71/1/99
f 50/1/100 71/1/100 70/1/100
f 51/1/101 52/1/101 72/1/101
f 51/1/102 72/1/102 71/1/102
f 52/1/103 53/1/103 73/1/103
f 52/1/104 73/1/104 72/1/104
f 53/1/105 54/1/105 74/1/105
f 53/1/106 74/1/106 73/1/106
f 54/1/107 55/1/107 75/1/107
f 54/1/108 75/1/108 74/1/108
f 55/1/109 56/1/109 76/1/109
f 55/1/110 76/1/110 75/1/110
f 56/1/111 57/1/111 77/1/111
f 56/1/112 77/1/112 76/1/112
f 57/1/113 58/1/113 78/1/113
f 57/1/114 78/1/114 77/1/114
f 58/1/115 59/1/115 79/1/115
f 58/1/116 79/1/116 78/1/116
f 59/1/117 60/1/117 80/1/117
f 59/1/118 80/1/118 79/1/118
f 60/1/119 42/1/119 62/1/119
f 60/1/120 62/1/120 80/1/120
f 62/1/121 61/1/121 81/1/121
f 62/1/122 81/1/122 82/1/122
f 61/1/123 63/1/123 83/1/123
f 61/1/124 83/1/124 81/1/124
f 63/1/125 64/1/125 84/1/125
f 63/1/126 84/1/126 83/1/126
f 64/1/127 65/1/127 85/1/127
f 64/1/128 85/1/128 84/1/128
f 65/1/129 66/1/129 86/1/129
f 65/1/130 86/1/130 85/1/130
f 66/1/131 67/1/131 87/1/131
f 66/1/132 87/1/132 86/1/132
f 67/1/133 68/1/133 88/1/133
f 67/1/134 88/1/134 87/1/134
f 68/1/135 69/1/135 89/1/135
f 68/1/136 89/1/136 88/1/136
f 69/1/137 70/1/137 90/1/137
f 69/1/138 90/1/138 89/1/138
f 70/1/139 71/1/139 91/1/139
f 70/1/140 91/1/140 90/1/140
f 71/1/141 72/1/141 92/1/141
f 71/1/142 92/1/142 91/1/142
f 72/1/143 73/1/143 93/1/143
f 72/1/144 93/1/144 92/1/144
f 73/1/145 74/1/145 94/1/145
f 73/1/146 94/1/146 93/1/146
f 74/1/147 75/1/147 95/1/147
f 74/1/148 95/1/148 94/1/148
f 75/1/149 76/1/149 96/1/149
f 75/1/150 96/1/150 95/1/150
f 76/1/151 77/1/151 97/1/151
f 76/1/152 97/1/152 96/1/152
f 77/1/153 78/1/153 98/1/153
f 77/1/154 98/1/154 97/1/154
f 78/1/155 79/1/155 99/1/155
f 78/1/156 99/1/156 98/1/156
f 79/1/157 80/1/157 100/1/157
f 79/1/158 100/1/158 99/1/158
f 80/1/159 62/1/159 82/1/159
f 80/1/160 82/1/160 100/1/160
f 82/1/161 81/1/161 101/1/161
f 82/1/162 101/1/162 102/1/162
f 81/1/163 83/1/163 103/1/163
f 81/1/164 103/1/164 101/1/164
f 83/1/165 84/1/165 104/1/165
f 83/1/166 104/1/166 103/1/166
f 84/1/167 85/1/167 105/1/167
f 84/1/168 105/1/168 104/1/168
f 85/1/169 86/1/169 106/1/169
f 85/1/170 106/1/170 105/1/170
f 86/1/171 87/1/171 107/1/171
f 86/1/172 107/1/172 106/1/172
f 87/1/173 88/1/173 108/1/173
f 87/1/174 108/1/174 107/1/174
f 88/1/175 89/1/175 109/1/175
f 88/1/176 109/1/176 108/1/176
f 89/1/177 90/1/177 110/1/177
f 89/1/178 110/1/178 109/1/178
f 90/1/179 91/1/179 111/1/179
f 90/1/180 111/1/180 110/1/180
f 91/1/181 92/1/181 112/1/181
f 91/1/182 112/1/182 111/1/182
f 92/1/183 93/1/183 113/1/183
f 92/1/184 113/1/184 112/1/184
f 93/1/185 94/1/185 114/1/185
f 93/1/186 114/1/186 113/1/186
f 94/1/187 95/1/187 115/1/187
f 94/1/188 115/1/188 114/1/188
f 95/1/189 96/1/189 116/1/189
f 95/1/190 116/1/190 115/1/190
f 96/1/191 97/1/191 117/1/191
f 96/1/192 117/1/192 116/1/192
f 97/1/193 98/1/193 118/1/193
f 97/1/194 118/1/194 117/1/194
f 98/1/195 99/1/195 119/1/195
f 98/1/196 119/1/196 118/1/196
f 99/1/197 100/1/197 120/1/197
f 99/1/198 120/1/198 119/1/198
f 100/1/199 82/1/199 102/1/199
f 100/1/200 102/1/200 120/1/200
f 102/1/201 101/1/201 121/1/201
f 102/1/202 121/1/202 122/1/202
f 101/1/203 103/1/203 123/1/203
f 101/1/204 123/1/204 121/1/204
f 103/1/205 104/1/205 124/1/205
f 103/1/206 124/1/206 123/1/206
f 104/1/207 105/1/207 125/1/207
f 104/1/208 125/1/208 124/1/208
f 105/1/209 106/1/209 126/1/209
f 105/1/210 126/1/210 125/1/210
f 106/1/211 107/1/211 127/1/211
f 106/1/212 127/1/212 126/1/212
f 107/1/213 108/1/213 128/1/213
f 107/1/214 128/1/214 127/1/214
f 108/1/215 109/1/215 129/1/215
f 108/1/216 129/1/216 128/1/216
f 109/1/217 110/1/217 130/1/217
f 109/1/218 130/1/218 129/1/218
f 110/1/219 111/1/219 131/1/219
f 110/1/220 131/1/220 130/1/220
f 111/1/221 112/1/221 132/1/221
f 111/1/222 132/1/222 131/1/222
f 112/1/223 113/1/223 133/1/223
f 112/1/224 133/1/224 132/1/224
f 113/1/225 114/1/225 134/1/225
f 113/1/226 134/1/226 133/1/226
f 114/1/227 115/1/227 135/1/227
f 114/1/228 135/1/228 134/1/228
f 115/1/229 116/1/229 136/1/229
f 115/1/230 136/1/230 135/1/230
f 116/1/231 117/1/231 137/1/231
f 116/1/232 137/1/232 136/1/232
f 117/1/233 118/1/233 138/1/233
f 117/1/234 138/1/234 137/1/234
f 118/1/235 119/1/235 139/1/235
f 118/1/236 139/1/236 138/1/236
f 119/1/237 120/1/237 140/1/237
f 119/1/238 140/1/238 139/1/238
f 120/1/239 102/1/239 122/1/239
f 120/1/240 122/1/240 140/1/240
f 122/1/241 121/1/241 141/1/241
f 122/1/242 141/1/242 142/1/242
f 121/1/243 123/1/243 143/1/243
f 121/1/244 143/1/244 141/1/244
f 123/1/245 124/1/245 144/1/245
f 123/1/246 144/1/246 143/1/246
f 124/1/247 125/1/247 145/1/247
f 124/1/248 145/1/248 144/1/248
f 125/1/249 126/1/249 146/1/249
f 125/1/250 146/1/250 145/1/250
f 126/1/251 127/1/251 147/1/251
f 126/1/252 147/1/252 146/1/252
f 127/1/253 128/1/253 148/1/253
f 127/1/254 148/1/254 147/1/254
f 128/1/255 129/1/255 149/1/255
f 128/1/256 149/1/256 148/1/256
f 129/1/257 130/1/257 150/1/257
f 129/1/258 150/1/258 149/1/258
f 130/1/259 131/1/259 151/1/259
f 130/1/260 151/1/260 150/1/260
f 131/1/261 132/1/261 152/1/261
f 131/1/262 152/1/262 151/1/262
f 132/1/263 133/1/263 153/1/263
f 132/1/264 153/1/264 152/1/264
f 133/1/265 134/1/265 154/1/265
f 133/1/266 154/1/266 153/1/266
f 134/1/267 135/1/267 155/1/267
f 134/1/268 155/1/268 154/1/268
f 135/1/269 136/1/269 156/1/269
f 135/1/270 156/1/270 155/1/270
f 136/1/271 137/1/271 157/1/271
f 136/1/272 157/1/272 156/1/272
f 137/1/273 138/1/273 158/1/273
f 137/1/274 158/1/274 157/1/274
f 138/1/275 139/1/275 159/1/275
f 138/1/276 159/1/276 158/1/276
f 139/1/277 140/1/277 160/1/277
f 139/1/278 160/1/278 159/1/278
f 140/1/279 122/1/279 142/1/279
f 140/1/280 142/1/280 160/1/280
f 142/1/281 141/1/281 161/1/281
f 142/1/282 161/1/282 162/1/282
f 141/1/283 143/1/283 163/1/283
f 141/1/284 163/1/284 161/1/284
f 143/1/285 144/1/285 164/1/285
f 143/1/286 164/1/286 163/1/286
f 144/1/287 145/1/287 165/1/287
f 144/1/288 165/1/288 164/1/288
f 145/1/289 146/1/289 166/1/289
f 145/1/290 166/1/290 165/1/290
f 146/1/291 147/1/291 167/1/291
f 146/1/292 167/1/292 166/1/292
f 147/1/293 148/1/293 168/1/293
f 147/1/294 168/1/294 167/1/294
f 148/1/295 149/1/295 169/1/295
f 148/1/296 169/1/296 168/1/296
f 149/1/297 150/1/297 170/1/297
f 149/1/298 170/1/298 169/1/298
f 150/1/299 151/1/299 171/1/299
f 150/1/300 171/1/300 170/1/300
f 151/1/301 152/1/301 172/1/301
f 151/1/302 172/1/302 171/1/302
f 152/1/303 153/1/303 173/1/303
f 152/1/304 173/1/304 172/1/304
f 153/1/305 154/1/305 174/1/305
f 153/1/306 174/1/306 173/1/306
f 154/1/307 155/1/307 175/1/307
f 154/1/308 175/1/308 174/1/308
f 155/1/309 156/1/309 176/1/309
f 155/1/310 176/1/310 175/1/310
f 156/1/311 157/1/311 177/1/311
f 156/1/312 177/1/312 176/1/312
f 157/1/313 158/1/313 178/1/313
f 157/1/314 178/1/314 177/1/314
f 158/1/315 159/1/315 179/1/315
f 158/1/316 179/1/316 178/1/316
f 159/1/317 160/1/317 180/1/317
f 159/1/318 180/1/318 179/1/318
f 160/1/319 142/1/319 162/1/319
f 160/1/320 162/1/320 180/1/320
f 162/1/321 161/1/321 181/1/321
f 162/1/322 181/1/322 182/1/322
f 161/1/323 163/1/323 183/1/323
f 161/1/324 183/1/324 181/1/324
f 163/1/325 164/1/325 184/1/325
f 163/1/326 184/1/326 183/1/326
f 164/1/327 165/1/327 185/1/327
f 164/1/328 185/1/328 184/1/328
f 165/1/329 166/1/329 186/1/329
f 165/1/330 186/1/330 185/1/330
f 166/1/331 167/1/331 187/1/331
f 166/1/332 187/1/332 186/1/332
f 167/1/333 168/1/333 188/1/333
f 167/1/334 188/1/334 187/1/334
f 168/1/335 169/1/335 189/1/335
f 168/1/336 189/1/336 188/1/336
f 169/1/337 170/1/337 190/1/337
f 169/1/338 190/1/338 189/1/338
f 170/1/339 171/1/339 191/1/339
f 170/1/340 191/1/340 190/1/340
f 171/1/341 172/1/341 192/1/341
f 171/1/342 192/1/342 191/1/342
f 172/1/343 173/1/343 193/1/343
f 172/1/344 193/1/344 192/1/344
f 173/1/345 174/1/345 194/1/345
f 173/1/346 194/1/346 193/1/346
f 174/1/347 175/1/347 195/1/347
f 174/1/348 195/1/348 194/1/348
f 175/1/349 176/1/349 196/1/349
f 175/1/350 196/1/350 195/1/350
f 176/1/351 177/1/351 197/1/351
f 176/1/352 197/1/352 196/1/352
f 177/1/353 178/1/353 198/1/353
f 177/1/354 198/1/354 197/1/354
f 178/1/355 179/1/355 199/1/355
f 178/1/356 199/1/356 198/1/356
f 179/1/357 180/1/357 200/1/357
f 179/1/358 200/1/358 199/1/358
f 180/1/359 162/1/359 182/1/359
f 180/1/360 182/1/360 200/1/360
f 182/1/361 181/1/361 201/1/361
f 182/1/362 201/1/362 202/1/362
f 181/1/363 183/1/363 203/1/363
f 181/1/364 203/1/364 201/1/364
f 183/1/365 184/1/365 204/1/365
f 183/1/366 204/1/366 203/1/366
f 184/1/367 185/1/367 205/1/367
f 184/1/368 205/1/368 204/1/368
f 185/1/369 186/1/369 206/1/369
f 185/1/370 206/1/370 205/1/370
f 186/1/371 187/1/371 207/1/371
f 186/1/372 207/1/372 206/1/372
f 187/1/373 188/1/373 208/1/373
f 187/1/374 208/1/374 207/1/374
f 188/1/375 189/1/375 209/1/375
f 188/1/376 209/1/376 208/1/376
f 189/1/377 190/1/377 210/1/377
f 189/1/378 210/1/378 209/1/378
f 190/1/379 191/1/379 211/1/379
f 190/1/380 211/1/380 210/1/380
f 191/1/381 192/1/381 212/1/381
f 191/1/382 212/1/382 211/1/382
f 192/1/383 193/1/383 213/1/383
f 192/1/384 213/1/384 212/1/384
f 193/1/385 194/1/385 214/1/385
f 193/1/386 214/1/386 213/1/386
f 194/1/387 195/1/387 215/1/387
f 194/1/388 215/1/388 214/1/388
f 195/1/389 196/1/389 216/1/389
f 195/1/390 216/1/390 215/1/390
f 196/1/391 197/1/391 217/1/391
f 196/1/392 217/1/392 216/1/392
f 197/1/393 198/1/393 218/1/393
f 197/1/394 218/1/394 217/1/394
f 198/1/395 199/1/395 219/1/395
f 198/1/396 219/1/396 218/1/396
f 199/1/397 200/1/397 220/1/397
f 199/1/398 220/1/398 219/1/398
f 200/1/399 182/1/399 202/1/399
f 200/1/400 202/1/400 220/1/400
f 202/1/401 201/1/401 221/1/401
f 202/1/402 221/1/402 222/1/402
f 201/1/403 203/1/403 223/1/403
f 201/1/404 223/1/404 221/1/404
f 203/1/405 204/1/405 224/1/405
f 203/1/406 224/1/406 223/1/406
f 204/1/407 205/1/407 225/1/407
f 204/1/408 225/1/408 224/1/408
f 205/1/409 206/1/409 226/1/409
f 205/1/410 226/1/410 225/1/410
f 206/1/411 207/1/411 227/1/411
f 206/1/412 227/1/412 226/1/412
f 207/1/413 208/1/413 228/1/413
f 207/1/414 228/1/414 227/1/414
f 208/1/415 209/1/415 229/1/415
f 208/1/416 229/1/416 228/1/416
f 209/1/417 210/1/417 230/1/417
f 209/1/418 230/1/418 229/1/418
f 210/1/419 211/1/419 231/1/419
f 210/1/420 231/1/420 230/1/420
f 211/1/421 212/1/421 232/1/421
f 211/1/422 232/1/422 231/1/422
f 212/1/423 213/1/423 233/1/423
f 212/1/424 233/1/424 232/1/424
f 213/1/425 214/1/425 234/1/425
f 213/1/426 234/1/426 233/1/426
f 214/1/427 215/1/427 235/1/427
f 214/1/428 235/1/428 234/1/428
f 215/1/429 216/1/429 236/1/429
f 215/1/430 236/1/430 235/1/430
f 216/1/431 217/1/431 237/1/431
f 216/1/432 237/1/432 236/1/432
f 217/1/433 218/1/433 238/1/433
f 217/1/434 238/1/434 237/1/434
f 218/1/435 219/1/435 239/1/435
f 218/1/436 239/1/436 238/1/436
f 219/1/437 220/1/437 240/1/437
f 219/1/438 240/1/438 239/1/438
f 220/1/439 202/1/439 222/1/439
f 220/1/440 222/1/440 240/1/440
f 222/1/441 221/1/441 241/1/441
f 222/1/442 241/1/442 242/1/442
f 221/1/443 223/1/443 243/1/443
f 221/1/444 243/1/444 241/1/444
f 223/1/445 224/1/445 244/1/445
f 223/1/446 244/1/446 243/1/446
f 224/1/447 225/1/447 245/1/447
f 224/1/448 245/1/448 244/1/448
f 225/1/449 226/1/449 246/1/449
f 225/1/450 246/1/450 245/1/450
f 226/1/451 227/1/451 247/1/451
f 226/1/452 247/1/452 246/1/452
f 227/1/453 228/1/453 248/1/453
f 227/1/454 248/1/454 247/1/454
f 228/1/455 229/1/455 249/1/455
f 228/1/456 249/1/456 248/1/456
f 229/1/457 230/1/457 250/1/457
f 229/1/458 250/1/458 249/1/458
f 230/1/459 231/1/459 251/1/459
f 230/1/460 251/1/460 250/1/460
f 231/1/461 232/1/461 252/1/461
f 231/1/462 252/1/462 251/1/462
f 232/1/463 233/1/463 253/1/463
f 232/1/464 253/1/464 252/1/464
f 233/1/465 234/1/465 254/1/465
f 233/1/466 254/1/466 253/1/466
f 234/1/467 235/1/467 255/1/467
f 234/1/468 255/1/468 254/1/468
f 235/1/469 236/1/469 256/1/469
f 235/1/470 256/1/470 255/1/470
f 236/1/471 237/1/471 257/1/471
f 236/1/472 257/1/472 256/1/472
f 237/1/473 238/1/473 258/1/473
f 237/1/474 258/1/474 257/1/474
f 238/1/475 239/1/475 259/1/475
f 238/1/476 259/1/476 258/1/476
f 239/1/477 240/1/477 260/1/477
f 239/1/478 260/1/478 259/1/478
f 240/1/479 222/1/479 242/1/479
f 240/1/480 242/1/480 260/1/480
f 242/1/481 241/1/481 261/1/481
f 242/1/482 261/1/482 262/1/482
f 241/1/483 243/1/483 263/1/483
f 241/1/484 263/1/484 261/1/484
f 243/1/485 244/1/485 264/1/485
f 243/1/486 264/1/486 263/1/486
f 244/1/487 245/1/487 265/1/487
f 244/1/488 265/1/488 264/1/488
f 245/1/489 246/1/489 266/1/489
f 245/1/490 266/1/490 265/1/490
f 246/1/491 247/1/491 267/1/491
f 246/1/492 267/1/492 266/1/492
f 247/1/493 248/1/493 268/1/493
f 247/1/494 268/1/494 267/1/494
f 248/1/495 249/1/495 269/1/495
f 248/1/496 269/1/496 268/1/496
f 249/1/497 250/1/497 270/1/497
f 249/1/498 270/1/498 269/1/498
f 250/1/499 251/1/499 271/1/499
f 250/1/500 271/1/500 270/1/500
f 251/1/501 252/1/501 272/1/501
f 251/1/502 272/1/502 271/1/502
f 252/1/503 253/1/503 273/1/503
f 252/1/504 273/1/504 272/1/504
f 253/1/505 254/1/505 274/1/505
f 253/1/506 274/1/506 273/1/506
f 254/1/507 255/1/507 275/1/507
f 254/1/508 275/1/508 274/1/508
f 255/1/509 256/1/509 276/1/509
f 255/1/510 276/1/510 275/1/510
f 256/1/511 257/1/511 277/1/511
f 256/1/512 277/1/512 276/1/512
f 257/1/513 258/1/513 278/1/513
f 257/1/514 278/1/514 277/1/514
f 258/1/515 259/1/515 279/1/515
f 258/1/516 279/1/516 278/1/516
f 259/1/517 260/1/517 280/1/517
f 259/1/518 280/1/518 279/1/518
f 260/1/519 242/1/519 262/1/519
f 260/1/520 262/1/520 280/1/520
f 262/1/521 261/1/521 281/1/521
f 262/1/522 281/1/522 282/1/522
f 261/1/523 263/1/523 283/1/523
f 261/1/524 283/1/524 281/1/524
f 263/1/525 264/1/525 284/1/525
f 263/1/526 284/1/526 283/1/526
f 264/1/527 265/1/527 285/1/527
f 264/1/528 285/1/528 284/1/528
f 265/1/529 266/1/529 286/1/529
f 265/1/530 286/1/530 285/1/530
f 266/1/531 267/1/531 287/1/531
f 266/1/532 287/1/532 286/1/532
f 267/1/533 268/1/533 288/1/533
f 267/1/534 288/1/534 287/1/534
f 268/1/535 269/1/535 289/1/535
f 268/1/536 289/1/536 288/1/536
f 269/1/537 270/1/537 290/1/537
f 269/1/538 290/1/538 289/1/538
f 270/1/539 271/1/539 291/1/539
f 270/1/540 291/1/540 290/1/540
f 271/1/541 272/1/541 292/1/541
f 271/1/542 292/1/542 291/1/542
f 272/1/543 273/1/543 293/1/543
f 272/1/544 293/1/544 292/1/544
f 273/1/545 274/1/545 294/1/545
f 273/1/546 294/1/546 293/1/546
f 274/1/547 275/1/547 295/1/547
f 274/1/548 295/1/548 294/1/548
f 275/1/549 276/1/549 296/1/549
f 275/1/550 296/1/550 295/1/550
f 276/1/551 277/1/551 297/1/551
f 276/1/552 297/1/552 296/1/552
f 277/1/553 278/1/553 298/1/553
f 277/1/554 298/1/554 297/1/554
f 278/1/555 279/1/555 299/1/555
f 278/1/556 299/1/556 298/1/556
f 279/1/557 280/1/557 300/1/557
f 279/1/558 300/1/558 299/1/558
f 280/1/559 262/1/559 282/1/559
f 280/1/560 282/1/560 300/1/560
f 282/1/561 281/1/561 301/1/561
f 282/1/562 301/1/562 302/1/562
f 281/1/563 283/1/563 303/1/563
f 281/1/564 303/1/564 301/1/564
f 283/1/565 284/1/565 304/1/565
f 283/1/566 304/1/566 303/1/566
f 284/1/567 285/1/567 305/1/567
f 284/1/568 305/1/568 304/1/568
f 285/1/569 286/1/569 306/1/569
f 285/1/570 306/1/570 305/1/570
f 286/1/571 287/1/571 307/1/571
f 286/1/572 307/1/572 306/1/572
f 287/1/573 288/1/573 308/1/573
f 287/1/574 308/1/574 307/1/574
f 288/1/575 289/1/575 309/1/575
f 288/1/576 309/1/576 308/1/576
f 289/1/577 290/1/577 310/1/577
f 289/1/578 310/1/578 309/1/578
f 290/1/579 291/1/579 311/1/579
f 290/1/580 311/1/580 310/1/580
f 291/1/581 292/1/581 312/1/581
f 291/1/582 312/1/582 311/1/582
f 292/1/583 293/1/583 313/1/583
f 292/1/584 313/1/584 312/1/584
f 293/1/585 294/1/585 314/1/585
f 293/1/586 314/1/586 313/1/586
f 294/1/587 295/1/587 315/1/587
f 294/1/588 315/1/588 314/1/588
f 295/1/589 296/1/589 316/1/589
f 295/1/590 316/1/590 315/1/590
f 296/1/591 297/1/591 317/1/591
f 296/1/592 317/1/592 316/1/592
f 297/1/593 298/1/593 318/1/593
f 297/1/594 318/1/594 317/1/594
f 298/1/595 299/1/595 319/1/595
f 298/1/596 319/1/596 318/1/596
f 299/1/597 300/1/597 320/1/597
f 299/1/598 320/1/598 319/1/598
f 300/1/599 282/1/599 302/1/599
f 300/1/600 302/1/600 320/1/600
f 302/1/601 301/1/601 321/1/601
f 302/1/602 321/1/602 322/1/602
f 301/1/603 303/1/603 323/1/603
f 301/1/604 323/1/604 321/1/604
f 303/1/605 304/1/605 324/1/605
f 303/1/606 324/1/606 323/1/606
f 304/1/607 305/1/607 325/1/607
f 304/1/608 325/1/608 324/1/608
f 305/1/609 306/1/609 326/1/609
f 305/1/610 326/1/610 325/1/610
f 306/1/611 307/1/611 327/1/611
f 306/1/612 327/1/612 326/1/612
f 307/1/613 308/1/613 328/1/613
f 307/1/614 328/1/614 327/1/614
f 308/1/615 309/1/615 329/1/615
f 308/1/616 329/1/616 328/1/616
f 309/1/617 310/1/617 330/1/617
f 309/1/618 330/1/618 329/1/618
f 310/1/619 311/1/619 331/1/619
f 310/1/620 331/1/620 330/1/620
f 311/1/621 312/1/621 332/1/621
f 311/1/622 332/1/622 331/1/622
f 312/1/623 313/1/623 333/1/623
f 312/1/624 333/1/624 332/1/624
f 313/1/625 314/1/625 334/1/625
f 313/1/626 334/1/626 333/1/626
f 314/1/627 315/1/627 335/1/627
f 314/1/628 335/1/628 334/1/628
f 315/1/629 316/1/629 336/1/629
f 315/1/630 336/1/630 335/1/630
f 316/1/631 317/1/631 337/1/631
f 316/1/632 337/1/632 336/1/632
f 317/1/633 318/1/633 338/1/633
f 317/1/634 338/1/634 337/1/634
f 318/1/635 319/1/635 339/1/635
f 318/1/636 339/1/636 338/1/636
f 319/1/637 320/1/637 340/1/637
f 319/1/638 340/1/638 339/1/638
f 320/1/639 302/1/639 322/1/639
f 320/1/640 322/1/640 340/1/640
f 322/1/641 321/1/641 341/1/641
f 322/1/642 341/1/642 342/1/642
f 321/1/643 323/1/643 343/1/643
f 321/1/644 343/1/644 341/1/644
f 323/1/645 324/1/645 344/1/645
f 323/1/646 344/1/646 343/1/646
f 324/1/647 325/1/647 345/1/647
f 324/1/648 345/1/648 344/1/648
f 325/1/649 326/1/649 346/1/649
f 325/1/650 346/1/650 345/1/650
f 326/1/651 327/1/651 347/1/651
f 326/1/652 347/1/652 346/1/652
f 327/1/653 328/1/653 348/1/653
f 327/1/654 348/1/654 347/1/654
f 328/1/655 329/1/655 349/1/655
f 328/1/656 349/1/656 348/1/656
f 329/1/657 330/1/657 350/1/657
f 329/1/658 350/1/658 349/1/658
f 330/1/659 331/1/659 351/1/659
f 330/1/660 351/1/660 350/1/660
f 331/1/661 332/1/661 352/1/661
f 331/1/662 352/1/662 351/1/662
f 332/1/663 333/1/663 353/1/663
f 332/1/664 353/1/664 352/1/664
f 333/1/665 334/1/665 354/1/665
f 333/1/666 354/1/666 353/1/666
f 334/1/667 335/1/667 355/1/667
f 334/1/668 355/1/668 354/1/668
f 335/1/669 336/1/669 356/1/669
f 335/1/670 356/1/670 355/1/670
f 336/1/671 337/1/671 357/1/671
f 336/1/672 357/1/672 356/1/672
f 337/1/673 338/1/673 358/1/673
f 337/1/674 358/1/674 357/1/674
f 338/1/675 339/1/675 359/1/675
f 338/1/676 359/1/676 358/1/676
f 339/1/677 340/1/677 360/1/677
f 339/1/678 360/1/678 359/1/678
f 340/1/679 322/1/679 342/1/679
f 340/1/680 342/1/680 360/1/680
f 342/1/681 341/1/681 361/1/681
f 342/1/682 361/1/682 362/1/682
f 341/1/683 343/1/683 363/1/683
f 341/1/684 363/1/684 361/1/684
f 343/1/685 344/1/685 364/1/685
f 343/1/686 364/1/686 363/1/686
f 344/1/687 345/1/687 365/1/687
f 344/1/688 365/1/688 364/1/688
f 345/1/689 346/1/689 366/1/689
f 345/1/690 366/1/690 365/1/690
f 346/1/691 347/1/691 367/1/691
f 346/1/692 367/1/692 366/1/692
f 347/1/693 348/1/693 368/1/693
f 347/1/694 368/1/694 367/1/694
f 348/1/695 349/1/695 369/1/695
f 348/1/696 369/1/696 368/1/696
f 349/1/697 350/1/697 370/1/697
f 349/1/698 370/1/698 369/1/698
f 350/1/699 351/1/699 371/1/699
f 350/1/700 371/1/700 370/1/700
f 351/1/701 352/1/701 372/1/701
f 351/1/702 372/1/702 371/1/702
f 352/1/703 353/1/703 373/1/703
f 352/1/704 373/1/704 372/1/704
f 353/1/705 354/1/705 374/1/705
f 353/1/706 374/1/706 373/1/706
f 354/1/707 355/1/707 375/1/707
f 354/1/708 375/1/708 374/1/708
f 355/1/709 356/1/709 376/1/709
f 355/1/710 376/1/710 375/1/710
f 356/1/711 357/1/711 377/1/711
f 356/1/712 377/1/712 376/1/712
f 357/1/713 358/1/713 378/1/713
f 357/1/714 378/1/714 377/1/714
f 358/1/715 359/1/715 379/1/715
f 358/1/716 379/1/716 378/1/716
f 359/1/717 360/1/717 380/1/717
f 359/1/718 380/1/718 379/1/718
f 360/1/719 342/1/719 362/1/719
f 360/1/720 362/1/720 380/1/720
f 362/1/721 361/1/721 381/1/721
f 362/1/722 381/1/722 382/1/722
f 361/1/723 363/1/723 383/1/723
f 361/1/724 383/1/724 381/1/724
f 363/1/725 364/1/725 384/1/725
f 363/1/726 384/1/726 383/1/726
f 364/1/727 365/1/727 385/1/727
f 364/1/728 385/1/728 384/1/728
f 365/1/729 366/1/729 386/1/729
f 365/1/730 386/1/730 385/1/730
f 366/1/731 367/1/731 387/1/731
f 366/1/732 387/1/732 386/1/732
f 367/1/733 368/1/733 388/1/733
f 367/1/734 388/1/734 387/1/734
f 368/1/735 369/1/735 389/1/735
f 368/1/736 389/1/736 388/1/736
f 369/1/737 370/1/737 390/1/737
f 369/1/738 390/1/738 389/1/738
f 370/1/739 371/1/739 391/1/739
f 370/1/740 391/1/740 390/1/740
f 371/1/741 372/1/741 392/1/741
f 371/1/742 392/1/742 391/1/742
f 372/1/743 373/1/743 393/1/743
f 372/1/744 393/1/744 392/1/744
f 373/1/745 374/1/745 394/1/745
f 373/1/746 394/1/746 393/1/746
f 374/1/747 375/1/747 395/1/747
f 374/1/748 395/1/748 394/1/748
f 375/1/749 376/1/749 396/1/749
f 375/1/750 396/1/750 395/1/750
f 376/1/751 377/1/751 397/1/751
f 376/1/752 397/1/752 396/1/752
f 377/1/753 378/1/753 398/1/753
f 377/1/754 398/1/754 397/1/754
f 378/1/755 379/1/755 399/1/755
f 378/1/756 399/1/756 398/1/756
f 379/1/757 380/1/757 400/1/757
f 379/1/758 400/1/758 399/1/758
f 380/1/759 362/1/759 382/1/759
f 380/1/760 382/1/760 400/1/760
f 382/1/761 381/1/761 401/1/761
f 382/1/762 401/1/762 402/1/762
f 381/1/763 383/1/763 403/1/763
f 381/1/764 403/1/764 401/1/764
f 383/1/765 384/1/765 404/1/765
f 383/1/766 404/1/766 403/1/766
f 384/1/767 385/1/767 405/1/767
f 384/1/768 405/1/768 404/1/768
f 385/1/769 386/1/769 406/1/769
f 385/1/770 406/1/770 405/1/770
f 386/1/771 387/1/771 407/1/771
f 386/1/772 407/1/772 406/1/772
f 387/1/773 388/1/773 408/1/773
f 387/1/774 408/1/774 407/1/774
f 388/1/775 389/1/775 409/1/775
f 388/1/776 409/1/776 408/1/776
f 389/1/777 390/1/777 410/1/777
f 389/1/778 410/1/778 409/1/778
f 390/1/779 391/1/779 411/1/779
f 390/1/780 411/1/780 410/1/780
f 391/1/781 392/1/781 412/1/781
f 391/1/782 412/1/782 411/1/782
f 392/1/783 393/1/783 413/1/783
f 392/1/784 413/1/784 412/1/784
f 393/1/785 394/1/785 414/1/785
f 393/1/786 414/1/786 413/1/786
f 394/1/787 395/1/787 415/1/787
f 394/1/788 415/1/788 414/1/788
f 395/1/789 396/1/789 416/1/789
f 395/1/790 416/1/790 415/1/790
f 396/1/791 397/1/791 417/1/791
f 396/1/792 417/1/792 416/1/792
f 397/1/793 398/1/793 418/1/793
f 397/1/794 418/1/794 417/1/794
f 398/1/795 399/1/795 419/1/795
f 398/1/796 419/1/796 418/1/796
f 399/1/797 400/1/797 420/1/797
f 399/1/798 420/1/798 419/1/798
f 400/1/799 382/1/799 402/1/799
f 400/1/800 402/1/800 420/1/800
f 1/1/801 39/1/801 37/1/801
f 37/1/802 35/1/802 33/1/802
f 33/1/803 31/1/803 29/1/803
f 29/1/804 27/1/804 25/1/804
f 25/1/805 23/1/805 21/1/805
f 21/1/801 19/1/801 17/1/801
f 17/1/806 15/1/806 13/1/806
f 13/1/803 11/1/803 9/1/803
f 9/1/807 7/1/807 5/1/807
f 5/1/805 2/1/805 1/1/805
f 1/1/808 37/1/808 33/1/808
f 33/1/809 29/1/809 25/1/809
f 25/1/810 21/1/810 17/1/810
f 17/1/811 13/1/811 9/1/811
f 9/1/812 5/1/812 1/1/812
f 1/1/813 33/1/813 25/1/813
f 25/1/814 17/1/814 9/1/814
f 25/1/815 9/1/815 1/1/815
f 420/1/816 402/1/816 401/1/816
f 401/1/817 403/1/817 404/1/817
f 404/1/818 405/1/818 406/1/818
f 406/1/819 407/1/819 408/1/819
f 408/1/820 409/1/820 410/1/820
f 410/1/821 411/1/821 412/1/821
f 412/1/822 413/1/822 414/1/822
f 414/1/823 415/1/823 416/1/823
f 416/1/824 417/1/824 418/1/824
f 418/1/825 419/1/825 420/1/825
f 420/1/826 401/1/826 404/1/826
f 404/1/827 406/1/827 408/1/827
f 408/1/828 410/1/828 412/1/828
f 412/1/829 414/1/829 416/1/829
f 416/1/830 418/1/830 420/1/830
f 420/1/831 404/1/831 408/1/831
f 408/1/832 412/1/832 416/1/832
f 408/1/833 416/1/833 420/1/833
usemtl mat_1
f 421/1/834 422/1/834 423/1/834
f 421/1/834 423/1/834 424/1/834
f 422/1/835 425/1/835 426/1/835
f 422/1/835 426/1/835 423/1/835
f 425/1/836 427/1/836 428/1/836
f 425/1/836 428/1/836 426/1/836
f 427/1/837 429/1/837 430/1/837
f 427/1/837 430/1/837 428/1/837
f 429/1/838 431/1/838 432/1/838
f 429/1/838 432/1/838 430/1/838
f 431/1/839 433/1/839 434/1/839
f 431/1/839 434/1/839 432/1/839
f 433/1/840 435/1/840 436/1/840
f 433/1/840 436/1/840 434/1/840
f 435/1/841 437/1/841 438/1/841
f 435/1/841 438/1/841 436/1/841
f 437/1/842 439/1/842 440/1/842
f 437/1/842 440/1/842 438/1/842
f 439/1/843 441/1/843 442/1/843
f 439/1/843 442/1/843 440/1/843
f 441/1/844 443/1/844 444/1/844
f 441/1/844 444/1/844 442/1/844
f 443/1/845 445/1/845 446/1/845
f 443/1/845 446/1/845 444/1/845
f 445/1/846 447/1/846 448/1/846
f 445/1/846 448/1/846 446/1/846
f 447/1/847 449/1/847 450/1/847
f 447/1/847 450/1/847 448/1/847
f 449/1/848 451/1/848 452/1/848
f 449/1/848 452/1/848 450/1/848
f 451/1/849 453/1/849 454/1/849
f 451/1/849 454/1/849 452/1/849
f 453/1/850 455/1/850 456/1/850
f 453/1/850 456/1/850 454/1/850
f 455/1/851 457/1/851 458/1/851
f 455/1/851 458/1/851 456/1/851
f 457/1/852 459/1/852 460/1/852
f 457/1/852 460/1/852 458/1/852
f 459/1/853 421/1/853 424/1/853
f 459/1/853 424/1/853 460/1/853
f 424/1/854 423/1/854 461/1/854
f 424/1/854 461/1/854 462/1/854
f 423/1/854 426/1/854 463/1/854
f 423/1/854 463/1/854 461/1/854
f 426/1/854 428/1/854 464/1/854
f 426/1/854 464/1/854 463/1/854
f 428/1/854 430/1/854 465/1/854
f 428/1/854 465/1/854 464/1/854
f 430/1/854 432/1/854 466/1/854
f 430/1/854 466/1/854 465/1/854
f 432/1/854 434/1/854 467/1/854
f 432/1/854 467/1/854 466/1/854
f 434/1/854 436/1/854 468/1/854
f 434/1/854 468/1/854 467/1/854
f 436/1/854 438/1/854 469/1/854
f 436/1/854 469/1/854 468/1/854
f 438/1/854 440/1/854 470/1/854
f 438/1/854 470/1/854 469/1/854
f 440/1/854 442/1/854 471/1/854
f 440/1/854 471/1/854 470/1/854
f 442/1/854 444/1/854 472/1/854
f 442/1/854 472/1/854 471/1/854
f 444/1/854 446/1/854 473/1/854
f 444/1/854 473/1/854 472/1/854
f 446/1/854 448/1/854 474/1/854
f 446/1/854 474/1/854 473/1/854
f 448/1/854 450/1/854 475/1/854
f 448/1/854 475/1/854 474/1/854
f 450/1/854 452/1/854 476/1/854
f 450/1/854 476/1/854 475/1/854
f 452/1/854 454/1/854 477/1/854
f 452/1/854 477/1/854 476/1/854
f 454/1/854 456/1/854 478/1/854
f 454/1/854 478/1/854 477/1/854
f 456/1/854 458/1/854 479/1/854
f 456/1/854 479/1/854 478/1/854
f 458/1/854 460/1/854 480/1/854
f 458/1/854 480/1/854 479/1/854
f 460/1/854 424/1/854 462/1/854
f 460/1/854 462/1/854 480/1/854
f 462/1/855 461/1/855 481/1/855
f 462/1/855 481/1/855 482/1/855
f 461/1/856 463/1/856 483/1/856
f 461/1/856 483/1/856 481/1/856
f 463/1/846 464/1/846 484/1/846
f 463/1/846 484/1/846 483/1/846
f 464/1/857 465/1/857 485/1/857
f 464/1/857 485/1/857 484/1/857
f 465/1/858 466/1/858 486/1/858
f 465/1/858 486/1/858 485/1/858
f 466/1/859 467/1/859 487/1/859
f 466/1/859 487/1/859 486/1/859
f 467/1/860 468/1/860 488/1/860
f 467/1/860 488/1/860 487/1/860
f 468/1/861 469/1/861 489/1/861
f 468/1/861 489/1/861 488/1/861
f 469/1/862 470/1/862 490/1/862
f 469/1/862 490/1/862 489/1/862
f 470/1/863 471/1/863 491/1/863
f 470/1/863 491/1/863 490/1/863
f 471/1/864 472/1/864 492/1/864
f 471/1/864 492/1/864 491/1/864
f 472/1/865 473/1/865 493/1/865
f 472/1/865 493/1/865 492/1/865
f 473/1/836 474/1/836 494/1/836
f 473/1/836 494/1/836 493/1/836
f 474/1/866 475/1/866 495/1/866
f 474/1/866 495/1/866 494/1/866
f 475/1/867 476/1/867 496/1/867
f 475/1/867 496/1/867 495/1/867
f 476/1/868 477/1/868 497/1/868
f 476/1/868 497/1/868 496/1/868
f 477/1/869 478/1/869 498/1/869
f 477/1/869 498/1/869 497/1/869
f 478/1/870 479/1/870 499/1/870
f 478/1/870 499/1/870 498/1/870
f 479/1/871 480/1/871 500/1/871
f 479/1/871 500/1/871 499/1/871
f 480/1/872 462/1/872 482/1/872
f 480/1/872 482/1/872 500/1/872
f 482/1/873 481/1/873 422/1/873
f 482/1/873 422/1/873 421/1/873
f 481/1/873 483/1/873 425/1/873
f 481/1/873 425/1/873 422/1/873
f 483/1/873 484/1/873 427/1/873
f 483/1/873 427/1/873 425/1/873
f 484/1/873 485/1/873 429/1/873
f 484/1/873 429/1/873 427/1/873
f 485/1/873 486/1/873 431/1/873
f 485/1/873 431/1/873 429/1/873
f 486/1/873 487/1/873 433/1/873
f 486/1/873 433/1/873 431/1/873
f 487/1/873 488/1/873 435/1/873
f 487/1/873 435/1/873 433/1/873
f 488/1/873 489/1/873 437/1/873
f 488/1/873 437/1/873 435/1/873
f 489/1/873 490/1/873 439/1/873
f 489/1/873 439/1/873 437/1/873
f 490/1/873 491/1/873 441/1/873
f 490/1/873 441/1/873 439/1/873
f 491/1/873 492/1/873 443/1/873
f 491/1/873 443/1/873 441/1/873
f 492/1/873 493/1/873 445/1/873
f 492/1/873 445/1/873 443/1/873
f 493/1/873 494/1/873 447/1/873
f 493/1/873 447/1/873 445/1/873
f 494/1/873 495/1/873 449/1/873
f 494/1/873 449/1/873 447/1/873
f 495/1/873 496/1/873 451/1/873
f 495/1/873 451/1/873 449/1/873
f 496/1/873 497/1/873 453/1/873
f 496/1/873 453/1/873 451/1/873
f 497/1/873 498/1/873 455/1/873
f 497/1/873 455/1/873 453/1/873
f 498/1/873 499/1/873 457/1/873
f 498/1/873 457/1/873 455/1/873
f 499/1/873 500/1/873 459/1/873
f 499/1/873 459/1/873 457/1/873
f 500/1/873 482/1/873 421/1/873
f 500/1/873 421/1/873 459/1/873
f 501/1/874 502/1/874 503/1/874
f 501/1/874 503/1/874 504/1/874
f 502/1/875 505/1/875 506/1/875
f 502/1/875 506/1/875 503/1/875
f 505/1/876 507/1/876 508/1/876
f 505/1/876 508/1/876 506/1/876
f 507/1/877 509/1/877 510/1/877
f 507/1/877 510/1/877 508/1/877
f 509/1/878 511/1/878 512/1/878
f 509/1/878 512/1/878 510/1/878
f 511/1/879 513/1/879 514/1/879
f 511/1/879 514/1/879 512/1/879
f 513/1/880 515/1/880 516/1/880
f 513/1/880 516/1/880 514/1/880
f 515/1/881 517/1/881 518/1/881
f 515/1/881 518/1/881 516/1/881
f 517/1/882 519/1/882 520/1/882
f 517/1/882 520/1/882 518/1/882
f 519/1/883 521/1/883 522/1/883
f 519/1/883 522/1/883 520/1/883
f 521/1/884 523/1/884 524/1/884
f 521/1/884 524/1/884 522/1/884
f 523/1/885 525/1/885 526/1/885
f 523/1/885 526/1/885 524/1/885
f 525/1/886 527/1/886 528/1/886
f 525/1/886 528/1/886 526/1/886
f 527/1/887 529/1/887 530/1/887
f 527/1/887 530/1/887 528/1/887
f 529/1/888 531/1/888 532/1/888
f 529/1/888 532/1/888 530/1/888
f 531/1/889 533/1/889 534/1/889
f 531/1/889 534/1/889 532/1/889
f 533/1/890 535/1/890 536/1/890
f 533/1/890 536/1/890 534/1/890
f 535/1/891 537/1/891 538/1/891
f 535/1/891 538/1/891 536/1/891
f 537/1/892 539/1/892 540/1/892
f 537/1/892 540/1/892 538/1/892
f 539/1/893 501/1/893 504/1/893
f 539/1/893 504/1/893 540/1/893
f 504/1/894 503/1/894 541/1/894
f 504/1/894 541/1/894 542/1/894
f 503/1/894 506/1/894 543/1/894
f 503/1/894 543/1/894 541/1/894
f 506/1/894 508/1/894 544/1/894
f 506/1/894 544/1/894 543/1/894
f 508/1/894 510/1/894 545/1/894
f 508/1/894 545/1/894 544/1/894
f 510/1/894 512/1/894 546/1/894
f 510/1/894 546/1/894 545/1/894
f 512/1/894 514/1/894 547/1/894
f 512/1/894 547/1/894 546/1/894
f 514/1/894 516/1/894 548/1/894
f 514/1/894 548/1/894 547/1/894
f 516/1/894 518/1/894 549/1/894
f 516/1/894 549/1/894 548/1/894
f 518/1/894 520/1/894 550/1/894
f 518/1/894 550/1/894 549/1/894
f 520/1/894 522/1/894 551/1/894
f 520/1/894 551/1/894 550/1/894
f 522/1/894 524/1/894 552/1/894
f 522/1/894 552/1/894 551/1/894
f 524/1/894 526/1/894 553/1/894
f 524/1/894 553/1/894 552/1/894
f 526/1/894 528/1/894 554/1/894
f 526/1/894 554/1/894 553/1/894
f 528/1/894 530/1/894 555/1/894
f 528/1/894 555/1/894 554/1/894
f 530/1/894 532/1/894 556/1/894
f 530/1/894 556/1/894 555/1/894
f 532/1/894 534/1/894 557/1/894
f 532/1/894 557/1/894 556/1/894
f 534/1/894 536/1/894 558/1/894
f 534/1/894 558/1/894 557/1/894
f 536/1/894 538/1/894 559/1/894
f 536/1/894 559/1/894 558/1/894
f 538/1/894 540/1/894 560/1/894
f 538/1/894 560/1/894 559/1/894
f 540/1/894 504/1/894 542/1/894
f 540/1/894 542/1/894 560/1/894
f 542/1/895 541/1/895 561/1/895
f 542/1/895 561/1/895 562/1/895
f 541/1/896 543/1/896 563/1/896
f 541/1/896 563/1/896 561/1/896
f 543/1/897 544/1/897 564/1/897
f 543/1/897 564/1/897 563/1/897
f 544/1/898 545/1/898 565/1/898
f 544/1/898 565/1/898 564/1/898
f 545/1/899 546/1/899 566/1/899
f 545/1/899 566/1/899 565/1/899
f 546/1/900 547/1/900 567/1/900
f 546/1/900 567/1/900 566/1/900
f 547/1/901 548/1/901 568/1/901
f 547/1/901 568/1/901 567/1/901
f 548/1/891 549/1/891 569/1/891
f 548/1/891 569/1/891 568/1/891
f 549/1/902 550/1/902 570/1/902
f 549/1/902 570/1/902 569/1/902
f 550/1/903 551/1/903 571/1/903
f 550/1/903 571/1/903 570/1/903
f 551/1/904 552/1/904 572/1/904
f 551/1/904 572/1/904 571/1/904
f 552/1/905 553/1/905 573/1/905
f 552/1/905 573/1/905 572/1/905
f 553/1/906 554/1/906 574/1/906
f 553/1/906 574/1/906 573/1/906
f 554/1/907 555/1/907 575/1/907
f 554/1/907 575/1/907 574/1/907
f 555/1/908 556/1/908 576/1/908
f 555/1/908 576/1/908 575/1/908
f 556/1/909 557/1/909 577/1/909
f 556/1/909 577/1/909 576/1/909
f 557/1/910 558/1/910 578/1/910
f 557/1/910 578/1/910 577/1/910
f 558/1/881 559/1/881 579/1/881
f 558/1/881 579/1/881 578/1/881
f 559/1/911 560/1/911 580/1/911
f 559/1/911 580/1/911 579/1/911
f 560/1/912 542/1/912 562/1/912
f 560/1/912 562/1/912 580/1/912
f 562/1/913 561/1/913 502/1/913
f 562/1/913 502/1/913 501/1/913
f 561/1/913 563/1/913 505/1/913
f 561/1/913 505/1/913 502/1/913
f 563/1/913 564/1/913 507/1/913
f 563/1/913 507/1/913 505/1/913
f 564/1/913 565/1/913 509/1/913
f 564/1/913 509/1/913 507/1/913
f 565/1/913 566/1/913 511/1/913
f 565/1/913 511/1/913 509/1/913
f 566/1/913 567/1/913 513/1/913
f 566/1/913 513/1/913 511/1/913
f 567/1/913 568/1/913 515/1/913
f 567/1/913 515/1/913 513/1/913
f 568/1/913 569/1/913 517/1/913
f 568/1/913 517/1/913 515/1/913
f 569/1/913 570/1/913 519/1/913
f 569/1/913 519/1/913 517/1/913
f 570/1/913 571/1/913 521/1/913
f 570/1/913 521/1/913 519/1/913
f 571/1/913 572/1/913 523/1/913
f 571/1/913 523/1/913 521/1/913
f 572/1/913 573/1/913 525/1/913
f 572/1/913 525/1/913 523/1/913
f 573/1/913 574/1/913 527/1/913
f 573/1/913 527/1/913 525/1/913
f 574/1/913 575/1/913 529/1/913
f 574/1/913 529/1/913 527/1/913
f 575/1/913 576/1/913 531/1/913
f 575/1/913 531/1/913 529/1/913
f 576/1/913 577/1/913 533/1/913
f 576/1/913 533/1/913 531/1/913
f 577/1/913 578/1/913 535/1/913
f 577/1/913 535/1/913 533/1/913
f 578/1/913 579/1/913 537/1/913
f 578/1/913 537/1/913 535/1/913
f 579/1/913 580/1/913 539/1/913
f 579/1/913 539/1/913 537/1/913
f 580/1/913 562/1/913 501/1/913
f 580/1/913 501/1/913 539/1/913
usemtl mat_0
f 581/1/914 582/1/914 583/1/914
f 581/1/915 583/1/915 584/1/915
f 582/1/916 585/1/916 586/1/916
f 582/1/917 586/1/917 583/1/917
f 585/1/918 587/1/918 588/1/918
f 585/1/919 588/1/919 586/1/919
f 587/1/920 589/1/920 590/1/920
f 587/1/921 590/1/921 588/1/921
f 589/1/922 591/1/922 592/1/922
f 589/1/923 592/1/923 590/1/923
f 591/1/924 593/1/924 594/1/924
f 591/1/925 594/1/925 592/1/925
f 593/1/926 595/1/926 596/1/926
f 593/1/927 596/1/927 594/1/927
f 595/1/928 597/1/928 598/1/928
f 595/1/929 598/1/929 596/1/929
f 597/1/930 599/1/930 600/1/930
f 597/1/931 600/1/931 598/1/931
f 599/1/932 601/1/932 602/1/932
f 599/1/933 602/1/933 600/1/933
f 601/1/934 603/1/934 604/1/934
f 601/1/935 604/1/935 602/1/935
f 603/1/936 581/1/936 584/1/936
f 603/1/937 584/1/937 604/1/937
f 584/1/938 583/1/938 605/1/938
f 584/1/939 605/1/939 606/1/939
f 583/1/940 586/1/940 607/1/940
f 583/1/941 607/1/941 605/1/941
f 586/1/942 588/1/942 608/1/942
f 586/1/943 608/1/943 607/1/943
f 588/1/944 590/1/944 609/1/944
f 588/1/945 609/1/945 608/1/945
f 590/1/946 592/1/946 610/1/946
f 590/1/947 610/1/947 609/1/947
f 592/1/948 594/1/948 611/1/948
f 592/1/949 611/1/949 610/1/949
f 594/1/950 596/1/950 612/1/950
f 594/1/951 612/1/951 611/1/951
f 596/1/952 598/1/952 613/1/952
f 596/1/953 613/1/953 612/1/953
f 598/1/954 600/1/954 614/1/954
f 598/1/955 614/1/955 613/1/955
f 600/1/956 602/1/956 615/1/956
f 600/1/957 615/1/957 614/1/957
f 602/1/958 604/1/958 616/1/958
f 602/1/959 616/1/959 615/1/959
f 604/1/960 584/1/960 606/1/960
f 604/1/961 606/1/961 616/1/961
f 606/1/962 605/1/962 617/1/962
f 606/1/963 617/1/963 618/1/963
f 605/1/964 607/1/964 619/1/964
f 605/1/965 619/1/965 617/1/965
f 607/1/966 608/1/966 620/1/966
f 607/1/967 620/1/967 619/1/967
f 608/1/968 609/1/968 621/1/968
f 608/1/969 621/1/969 620/1/969
f 609/1/970 610/1/970 622/1/970
f 609/1/971 622/1/971 621/1/971
f 610/1/972 611/1/972 623/1/972
f 610/1/973 623/1/973 622/1/973
f 611/1/974 612/1/974 624/1/974
f 611/1/975 624/1/975 623/1/975
f 612/1/976 613/1/976 625/1/976
f 612/1/977 625/1/977 624/1/977
f 613/1/978 614/1/978 626/1/978
f 613/1/979 626/1/979 625/1/979
f 614/1/980 615/1/980 627/1/980
f 614/1/981 627/1/981 626/1/981
f 615/1/982 616/1/982 628/1/982
f 615/1/983 628/1/983 627/1/983
f 616/1/984 606/1/984 618/1/984
f 616/1/985 618/1/985 628/1/985
f 581/1/986 603/1/986 601/1/986
f 601/1/987 599/1/987 597/1/987
f 597/1/988 595/1/988 593/1/988
f 593/1/986 591/1/986 589/1/986
f 589/1/987 587/1/987 585/1/987
f 585/1/988 582/1/988 581/1/988
f 581/1/989 601/1/989 597/1/989
f 597/1/990 593/1/990 589/1/990
f 589/1/991 585/1/991 581/1/991
f 597/1/992 589/1/992 581/1/992
f 628/1/993 618/1/993 617/1/993
f 617/1/994 619/1/994 620/1/994
f 620/1/995 621/1/995 622/1/995
f 622/1/996 623/1/996 624/1/996
f 624/1/997 625/1/997 626/1/997
f 626/1/998 627/1/998 628/1/998
f 628/1/999 617/1/999 620/1/999
f 620/1/1000 622/1/1000 624/1/1000
f 624/1/1001 626/1/1001 628/1/1001
f 620/1/1002 624/1/1002 628/1/1002
f 629/1/1003 630/1/1003 631/1/1003
f 629/1/1003 631/1/1003 632/1/1003
f 630/1/1004 633/1/1004 634/1/1004
f 630/1/1005 634/1/1005 631/1/1005
f 633/1/1006 635/1/1006 636/1/1006
f 633/1/1007 636/1/1007 634/1/1007
f 635/1/1008 637/1/1008 638/1/1008
f 635/1/1009 638/1/1009 636/1/1009
f 637/1/1010 639/1/1010 640/1/1010
f 637/1/1011 640/1/1011 638/1/1011
f 639/1/1012 641/1/1012 642/1/1012
f 639/1/1013 642/1/1013 640/1/1013
f 641/1/1014 643/1/1014 644/1/1014
f 641/1/1015 644/1/1015 642/1/1015
f 643/1/1016 645/1/1016 646/1/1016
f 643/1/1017 646/1/1017 644/1/1017
f 645/1/1018 647/1/1018 648/1/1018
f 645/1/1019 648/1/1019 646/1/1019
f 647/1/1020 649/1/1020 650/1/1020
f 647/1/1021 650/1/1021 648/1/1021
f 649/1/1022 651/1/1022 652/1/1022
f 649/1/1023 652/1/1023 650/1/1023
f 651/1/1024 653/1/1024 654/1/1024
f 651/1/1024 654/1/1024 652/1/1024
f 653/1/1025 655/1/1025 656/1/1025
f 653/1/1026 656/1/1026 654/1/1026
f 655/1/1027 657/1/1027 658/1/1027
f 655/1/1028 658/1/1028 656/1/1028
f 657/1/1029 659/1/1029 660/1/1029
f 657/1/1030 660/1/1030 658/1/1030
f 659/1/1031 629/1/1031 632/1/1031
f 659/1/1032 632/1/1032 660/1/1032
f 632/1/1033 631/1/1033 661/1/1033
f 632/1/1034 661/1/1034 662/1/1034
f 631/1/1035 634/1/1035 663/1/1035
f 631/1/1036 663/1/1036 661/1/1036
f 634/1/1037 636/1/1037 664/1/1037
f 634/1/1038 664/1/1038 663/1/1038
f 636/1/1039 638/1/1039 665/1/1039
f 636/1/1040 665/1/1040 664/1/1040
f 638/1/1041 640/1/1041 666/1/1041
f 638/1/1042 666/1/1042 665/1/1042
f 640/1/1043 642/1/1043 667/1/1043
f 640/1/1044 667/1/1044 666/1/1044
f 642/1/1045 644/1/1045 668/1/1045
f 642/1/1046 668/1/1046 667/1/1046
f 644/1/1047 646/1/1047 669/1/1047
f 644/1/1048 669/1/1048 668/1/1048
f 646/1/1049 648/1/1049 670/1/1049
f 646/1/1050 670/1/1050 669/1/1050
f 648/1/1051 650/1/1051 671/1/1051
f 648/1/1052 671/1/1052 670/1/1052
f 650/1/1053 652/1/1053 672/1/1053
f 650/1/1054 672/1/1054 671/1/1054
f 652/1/1055 654/1/1055 673/1/1055
f 652/1/1056 673/1/1056 672/1/1056
f 654/1/1057 656/1/1057 674/1/1057
f 654/1/1058 674/1/1058 673/1/1058
f 656/1/1059 658/1/1059 675/1/1059
f 656/1/1060 675/1/1060 674/1/1060
f 658/1/1061 660/1/1061 676/1/1061
f 658/1/1062 676/1/1062 675/1/1062
f 660/1/1063 632/1/1063 662/1/1063
f 660/1/1064 662/1/1064 676/1/1064
f 662/1/1065 661/1/1065 677/1/1065
f 662/1/1066 677/1/1066 678/1/1066
f 661/1/1067 663/1/1067 679/1/1067
f 661/1/1068 679/1/1068 677/1/1068
f 663/1/1069 664/1/1069 680/1/1069
f 663/1/1070 680/1/1070 679/1/1070
f 664/1/1071 665/1/1071 681/1/1071
f 664/1/1072 681/1/1072 680/1/1072
f 665/1/1073 666/1/1073 682/1/1073
f 665/1/1073 682/1/1073 681/1/1073
f 666/1/1074 667/1/1074 683/1/1074
f 666/1/1075 683/1/1075 682/1/1075
f 667/1/1076 668/1/1076 684/1/1076
f 667/1/1077 684/1/1077 683/1/1077
f 668/1/1078 669/1/1078 685/1/1078
f 668/1/1079 685/1/1079 684/1/1079
f 669/1/1080 670/1/1080 686/1/1080
f 669/1/1081 686/1/1081 685/1/1081
f 670/1/1082 671/1/1082 687/1/1082
f 670/1/1083 687/1/1083 686/1/1083
f 671/1/1084 672/1/1084 688/1/1084
f 671/1/1085 688/1/1085 687/1/1085
f 672/1/1086 673/1/1086 689/1/1086
f 672/1/1087 689/1/1087 688/1/1087
f 673/1/1088 674/1/1088 690/1/1088
f 673/1/1088 690/1/1088 689/1/1088
f 674/1/1089 675/1/1089 691/1/1089
f 674/1/1090 691/1/1090 690/1/1090
f 675/1/1091 676/1/1091 692/1/1091
f 675/1/1092 692/1/1092 691/1/1092
f 676/1/1093 662/1/1093 678/1/1093
f 676/1/1094 678/1/1094 692/1/1094
f 678/1/1095 677/1/1095 630/1/1095
f 678/1/1096 630/1/1096 629/1/1096
f 677/1/1097 679/1/1097 633/1/1097
f 677/1/1098 633/1/1098 630/1/1098
f 679/1/1099 680/1/1099 635/1/1099
f 679/1/1100 635/1/1100 633/1/1100
f 680/1/1101 681/1/1101 637/1/1101
f 680/1/1102 637/1/1102 635/1/1102
f 681/1/1103 682/1/1103 639/1/1103
f 681/1/1104 639/1/1104 637/1/1104
f 682/1/1105 683/1/1105 641/1/1105
f 682/1/1106 641/1/1106 639/1/1106
f 683/1/1107 684/1/1107 643/1/1107
f 683/1/1108 643/1/1108 641/1/1108
f 684/1/1109 685/1/1109 645/1/1109
f 684/1/1110 645/1/1110 643/1/1110
f 685/1/1111 686/1/1111 647/1/1111
f 685/1/1112 647/1/1112 645/1/1112
f 686/1/1113 687/1/1113 649/1/1113
f 686/1/1114 649/1/1114 647/1/1114
f 687/1/1115 688/1/1115 651/1/1115
f 687/1/1116 651/1/1116 649/1/1116
f 688/1/1117 689/1/1117 653/1/1117
f 688/1/1118 653/1/1118 651/1/1118
f 689/1/1119 690/1/1119 655/1/1119
f 689/1/1120 655/1/1120 653/1/1120
f 690/1/1105 691/1/1105 657/1/1105
f 690/1/1121 657/1/1121 655/1/1121
f 691/1/1122 692/1/1122 659/1/1122
f 691/1/1123 659/1/1123 657/1/1123
f 692/1/1124 678/1/1124 629/1/1124
f 692/1/1125 629/1/1125 659/1/1125
usemtl mat_2
f 693/1/1126 694/1/1126 695/1/1126
f 695/1/1127 696/1/1127 697/1/1127
f 697/1/1128 698/1/1128 699/1/1128
f 699/1/1129 700/1/1129 701/1/1129
f 701/1/1130 702/1/1130 703/1/1130
f 703/1/1131 704/1/1131 693/1/1131
f 693/1/1132 695/1/1132 697/1/1132
f 697/1/1133 699/1/1133 701/1/1133
f 701/1/1134 703/1/1134 693/1/1134
f 697/1/1135 701/1/1135 693/1/1135
f 705/1/1136 706/1/1136 707/1/1136
f 707/1/1137 708/1/1137 709/1/1137
f 709/1/1138 710/1/1138 711/1/1138
f 711/1/1139 712/1/1139 713/1/1139
f 713/1/1140 714/1/1140 715/1/1140
f 715/1/1141 716/1/1141 705/1/1141
f 705/1/1136 707/1/1136 709/1/1136
f 709/1/1142 711/1/1142 713/1/1142
f 713/1/1143 715/1/1143 705/1/1143
f 709/1/1144 713/1/1144 705/1/1144
f 693/1/1145 704/1/1145 707/1/1145
f 693/1/1145 707/1/1145 706/1/1145
f 704/1/1146 703/1/1146 708/1/1146
f 704/1/1147 708/1/1147 707/1/1147
f 703/1/1148 702/1/1148 709/1/1148
f 703/1/1149 709/1/1149 708/1/1149
f 702/1/1150 701/1/1150 710/1/1150
f 702/1/1151 710/1/1151 709/1/1151
f 701/1/1152 700/1/1152 711/1/1152
f 701/1/1153 711/1/1153 710/1/1153
f 700/1/1154 699/1/1154 712/1/1154
f 700/1/1154 712/1/1154 711/1/1154
f 699/1/1155 698/1/1155 713/1/1155
f 699/1/1156 713/1/1156 712/1/1156
f 698/1/1157 697/1/1157 714/1/1157
f 698/1/1158 714/1/1158 713/1/1158
f 697/1/1159 696/1/1159 715/1/1159
f 697/1/1160 715/1/1160 714/1/1160
f 696/1/1161 695/1/1161 716/1/1161
f 696/1/1162 716/1/1162 715/1/1162
f 695/1/1163 694/1/1163 705/1/1163
f 695/1/1164 705/1/1164 716/1/1164
f 694/1/1165 693/1/1165 706/1/1165
f 694/1/1165 706/1/1165 705/1/1165
usemtl mat_1
f 717/1/1166 718/1/1166 719/1/1166
f 717/1/1167 719/1/1167 720/1/1167
f 718/1/1168 721/1/1168 722/1/1168
f 718/1/1169 722/1/1169 719/1/1169
f 721/1/1170 723/1/1170 724/1/1170
f 721/1/1170 724/1/1170 722/1/1170
f 723/1/1171 725/1/1171 726/1/1171
f 723/1/1171 726/1/1171 724/1/1171
f 725/1/1172 727/1/1172 728/1/1172
f 725/1/1172 728/1/1172 726/1/1172
f 727/1/1173 729/1/1173 730/1/1173
f 727/1/1173 730/1/1173 728/1/1173
f 729/1/1174 731/1/1174 732/1/1174
f 729/1/1174 732/1/1174 730/1/1174
f 731/1/1175 733/1/1175 734/1/1175
f 731/1/1175 734/1/1175 732/1/1175
f 733/1/1176 735/1/1176 736/1/1176
f 733/1/1176 736/1/1176 734/1/1176
f 735/1/1177 737/1/1177 738/1/1177
f 735/1/1177 738/1/1177 736/1/1177
f 737/1/1178 739/1/1178 740/1/1178
f 737/1/1179 740/1/1179 738/1/1179
f 739/1/1180 717/1/1180 720/1/1180
f 739/1/1181 720/1/1181 740/1/1181
f 720/1/1182 719/1/1182 741/1/1182
f 720/1/1183 741/1/1183 742/1/1183
f 719/1/1184 722/1/1184 743/1/1184
f 719/1/1185 743/1/1185 741/1/1185
f 722/1/1183 724/1/1183 744/1/1183
f 722/1/1183 744/1/1183 743/1/1183
f 724/1/1183 726/1/1183 745/1/1183
f 724/1/1183 745/1/1183 744/1/1183
f 726/1/1186 728/1/1186 746/1/1186
f 726/1/1183 746/1/1183 745/1/1183
f 728/1/1187 730/1/1187 747/1/1187
f 728/1/1188 747/1/1188 746/1/1188
f 730/1/1189 732/1/1189 748/1/1189
f 730/1/1183 748/1/1183 747/1/1183
f 732/1/1190 734/1/1190 749/1/1190
f 732/1/1191 749/1/1191 748/1/1191
f 734/1/1183 736/1/1183 750/1/1183
f 734/1/1183 750/1/1183 749/1/1183
f 736/1/1183 738/1/1183 751/1/1183
f 736/1/1183 751/1/1183 750/1/1183
f 738/1/1192 740/1/1192 752/1/1192
f 738/1/1183 752/1/1183 751/1/1183
f 740/1/1193 720/1/1193 742/1/1193
f 740/1/1194 742/1/1194 752/1/1194
f 742/1/1195 741/1/1195 753/1/1195
f 742/1/1196 753/1/1196 754/1/1196
f 741/1/1197 743/1/1197 755/1/1197
f 741/1/1198 755/1/1198 753/1/1198
f 743/1/1199 744/1/1199 756/1/1199
f 743/1/1199 756/1/1199 755/1/1199
f 744/1/1200 745/1/1200 757/1/1200
f 744/1/1200 757/1/1200 756/1/1200
f 745/1/1201 746/1/1201 758/1/1201
f 745/1/1201 758/1/1201 757/1/1201
f 746/1/1202 747/1/1202 759/1/1202
f 746/1/1202 759/1/1202 758/1/1202
f 747/1/1203 748/1/1203 760/1/1203
f 747/1/1203 760/1/1203 759/1/1203
f 748/1/1204 749/1/1204 761/1/1204
f 748/1/1204 761/1/1204 760/1/1204
f 749/1/1205 750/1/1205 762/1/1205
f 749/1/1205 762/1/1205 761/1/1205
f 750/1/1206 751/1/1206 763/1/1206
f 750/1/1206 763/1/1206 762/1/1206
f 751/1/1207 752/1/1207 764/1/1207
f 751/1/1208 764/1/1208 763/1/1208
f 752/1/1209 742/1/1209 754/1/1209
f 752/1/1210 754/1/1210 764/1/1210
f 754/1/1211 753/1/1211 718/1/1211
f 754/1/1212 718/1/1212 717/1/1212
f 753/1/1213 755/1/1213 721/1/1213
f 753/1/1214 721/1/1214 718/1/1214
f 755/1/1215 756/1/1215 723/1/1215
f 755/1/1215 723/1/1215 721/1/1215
f 756/1/1215 757/1/1215 725/1/1215
f 756/1/1215 725/1/1215 723/1/1215
f 757/1/1216 758/1/1216 727/1/1216
f 757/1/1217 727/1/1217 725/1/1217
f 758/1/1215 759/1/1215 729/1/1215
f 758/1/1218 729/1/1218 727/1/1218
f 759/1/1219 760/1/1219 731/1/1219
f 759/1/1220 731/1/1220 729/1/1220
f 760/1/1215 761/1/1215 733/1/1215
f 760/1/1221 733/1/1221 731/1/1221
f 761/1/1215 762/1/1215 735/1/1215
f 761/1/1215 735/1/1215 733/1/1215
f 762/1/1215 763/1/1215 737/1/1215
f 762/1/1215 737/1/1215 735/1/1215
f 763/1/1222 764/1/1222 739/1/1222
f 763/1/1223 739/1/1223 737/1/1223
f 764/1/1224 754/1/1224 717/1/1224
f 764/1/1225 717/1/1225 739/1/1225
usemtl mat_3
f 765/1/1226 766/1/1226 767/1/1226
f 765/1/1227 767/1/1227 768/1/1227
f 766/1/1228 769/1/1228 770/1/1228
f 766/1/1228 770/1/1228 767/1/1228
f 769/1/1229 771/1/1229 772/1/1229
f 769/1/1230 772/1/1230 770/1/1230
f 771/1/1231 773/1/1231 774/1/1231
f 771/1/1232 774/1/1232 772/1/1232
f 773/1/1233 775/1/1233 776/1/1233
f 773/1/1234 776/1/1234 774/1/1234
f 775/1/1235 777/1/1235 778/1/1235
f 775/1/1236 778/1/1236 776/1/1236
f 777/1/1237 779/1/1237 780/1/1237
f 777/1/1238 780/1/1238 778/1/1238
f 779/1/1239 781/1/1239 782/1/1239
f 779/1/1240 782/1/1240 780/1/1240
f 781/1/1241 783/1/1241 784/1/1241
f 781/1/1241 784/1/1241 782/1/1241
f 783/1/1242 785/1/1242 786/1/1242
f 783/1/1243 786/1/1243 784/1/1243
f 785/1/1244 787/1/1244 788/1/1244
f 785/1/1245 788/1/1245 786/1/1245
f 787/1/1246 789/1/1246 790/1/1246
f 787/1/1246 790/1/1246 788/1/1246
f 789/1/1247 791/1/1247 792/1/1247
f 789/1/1248 792/1/1248 790/1/1248
f 791/1/1249 793/1/1249 794/1/1249
f 791/1/1250 794/1/1250 792/1/1250
f 793/1/1251 795/1/1251 796/1/1251
f 793/1/1252 796/1/1252 794/1/1252
f 795/1/1253 797/1/1253 798/1/1253
f 795/1/1254 798/1/1254 796/1/1254
f 797/1/1255 799/1/1255 800/1/1255
f 797/1/1256 800/1/1256 798/1/1256
f 799/1/1257 801/1/1257 802/1/1257
f 799/1/1258 802/1/1258 800/1/1258
f 801/1/1259 803/1/1259 804/1/1259
f 801/1/1259 804/1/1259 802/1/1259
f 803/1/1260 765/1/1260 768/1/1260
f 803/1/1261 768/1/1261 804/1/1261
f 768/1/1262 767/1/1262 805/1/1262
f 768/1/1263 805/1/1263 806/1/1263
f 767/1/1264 770/1/1264 807/1/1264
f 767/1/1265 807/1/1265 805/1/1265
f 770/1/1266 772/1/1266 808/1/1266
f 770/1/1267 808/1/1267 807/1/1267
f 772/1/1265 774/1/1265 809/1/1265
f 772/1/1265 809/1/1265 808/1/1265
f 774/1/1265 776/1/1265 810/1/1265
f 774/1/1265 810/1/1265 809/1/1265
f 776/1/1268 778/1/1268 811/1/1268
f 776/1/1269 811/1/1269 810/1/1269
f 778/1/1270 780/1/1270 812/1/1270
f 778/1/1271 812/1/1271 811/1/1271
f 780/1/1272 782/1/1272 813/1/1272
f 780/1/1273 813/1/1273 812/1/1273
f 782/1/1274 784/1/1274 814/1/1274
f 782/1/1275 814/1/1275 813/1/1275
f 784/1/1276 786/1/1276 815/1/1276
f 784/1/1277 815/1/1277 814/1/1277
f 786/1/1278 788/1/1278 816/1/1278
f 786/1/1263 816/1/1263 815/1/1263
f 788/1/1279 790/1/1279 817/1/1279
f 788/1/1280 817/1/1280 816/1/1280
f 790/1/1281 792/1/1281 818/1/1281
f 790/1/1282 818/1/1282 817/1/1282
f 792/1/1283 794/1/1283 819/1/1283
f 792/1/1284 819/1/1284 818/1/1284
f 794/1/1285 796/1/1285 820/1/1285
f 794/1/1286 820/1/1286 819/1/1286
f 796/1/1265 798/1/1265 821/1/1265
f 796/1/1265 821/1/1265 820/1/1265
f 798/1/1265 800/1/1265 822/1/1265
f 798/1/1265 822/1/1265 821/1/1265
f 800/1/1287 802/1/1287 823/1/1287
f 800/1/1265 823/1/1265 822/1/1265
f 802/1/1288 804/1/1288 824/1/1288
f 802/1/1289 824/1/1289 823/1/1289
f 804/1/1290 768/1/1290 806/1/1290
f 804/1/1291 806/1/1291 824/1/1291
f 806/1/1292 805/1/1292 825/1/1292
f 806/1/1292 825/1/1292 826/1/1292
f 805/1/1293 807/1/1293 827/1/1293
f 805/1/1293 827/1/1293 825/1/1293
f 807/1/1294 808/1/1294 828/1/1294
f 807/1/1295 828/1/1295 827/1/1295
f 808/1/1296 809/1/1296 829/1/1296
f 808/1/1297 829/1/1297 828/1/1297
f 809/1/1298 810/1/1298 830/1/1298
f 809/1/1299 830/1/1299 829/1/1299
f 810/1/1300 811/1/1300 831/1/1300
f 810/1/1301 831/1/1301 830/1/1301
f 811/1/1302 812/1/1302 832/1/1302
f 811/1/1303 832/1/1303 831/1/1303
f 812/1/1304 813/1/1304 833/1/1304
f 812/1/1305 833/1/1305 832/1/1305
f 813/1/1306 814/1/1306 834/1/1306
f 813/1/1306 834/1/1306 833/1/1306
f 814/1/1307 815/1/1307 835/1/1307
f 814/1/1307 835/1/1307 834/1/1307
f 815/1/1308 816/1/1308 836/1/1308
f 815/1/1308 836/1/1308 835/1/1308
f 816/1/1309 817/1/1309 837/1/1309
f 816/1/1309 837/1/1309 836/1/1309
f 817/1/1310 818/1/1310 838/1/1310
f 817/1/1311 838/1/1311 837/1/1311
f 818/1/1312 819/1/1312 839/1/1312
f 818/1/1313 839/1/1313 838/1/1313
f 819/1/1314 820/1/1314 840/1/1314
f 819/1/1315 840/1/1315 839/1/1315
f 820/1/1316 821/1/1316 841/1/1316
f 820/1/1317 841/1/1317 840/1/1317
f 821/1/1318 822/1/1318 842/1/1318
f 821/1/1319 842/1/1319 841/1/1319
f 822/1/1320 823/1/1320 843/1/1320
f 822/1/1321 843/1/1321 842/1/1321
f 823/1/1322 824/1/1322 844/1/1322
f 823/1/1322 844/1/1322 843/1/1322
f 824/1/1323 806/1/1323 826/1/1323
f 824/1/1323 826/1/1323 844/1/1323
f 826/1/1324 825/1/1324 766/1/1324
f 826/1/1325 766/1/1325 765/1/1325
f 825/1/1326 827/1/1326 769/1/1326
f 825/1/1327 769/1/1327 766/1/1327
f 827/1/1328 828/1/1328 771/1/1328
f 827/1/1329 771/1/1329 769/1/1329
f 828/1/1330 829/1/1330 773/1/1330
f 828/1/1331 773/1/1331 771/1/1331
f 829/1/1332 830/1/1332 775/1/1332
f 829/1/1333 775/1/1333 773/1/1333
f 830/1/1334 831/1/1334 777/1/1334
f 830/1/1334 777/1/1334 775/1/1334
f 831/1/1334 832/1/1334 779/1/1334
f 831/1/1334 779/1/1334 777/1/1334
f 832/1/1335 833/1/1335 781/1/1335
f 832/1/1336 781/1/1336 779/1/1336
f 833/1/1334 834/1/1334 783/1/1334
f 833/1/1337 783/1/1337 781/1/1337
f 834/1/1338 835/1/1338 785/1/1338
f 834/1/1339 785/1/1339 783/1/1339
f 835/1/1340 836/1/1340 787/1/1340
f 835/1/1341 787/1/1341 785/1/1341
f 836/1/1342 837/1/1342 789/1/1342
f 836/1/1343 789/1/1343 787/1/1343
f 837/1/1334 838/1/1334 791/1/1334
f 837/1/1344 791/1/1344 789/1/1344
f 838/1/1334 839/1/1334 793/1/1334
f 838/1/1334 793/1/1334 791/1/1334
f 839/1/1334 840/1/1334 795/1/1334
f 839/1/1334 795/1/1334 793/1/1334
f 840/1/1345 841/1/1345 797/1/1345
f 840/1/1346 797/1/1346 795/1/1346
f 841/1/1347 842/1/1347 799/1/1347
f 841/1/1348 799/1/1348 797/1/1348
f 842/1/1349 843/1/1349 801/1/1349
f 842/1/1350 801/1/1350 799/1/1350
f 843/1/1351 844/1/1351 803/1/1351
f 843/1/1352 803/1/1352 801/1/1352
f 844/1/1338 826/1/1338 765/1/1338
f 844/1/1353 765/1/1353 803/1/1353
usemtl mat_0
f 845/1/1334 846/1/1334 847/1/1334
f 845/1/1334 847/1/1334 848/1/1334
f 849/1/1354 850/1/1354 851/1/1354
f 849/1/1354 851/1/1354 852/1/1354
f 845/1/1355 848/1/1355 850/1/1355
f 845/1/1355 850/1/1355 849/1/1355
f 846/1/1356 852/1/1356 851/1/1356
f 846/1/1356 851/1/1356 847/1/1356
f 845/1/1357 849/1/1357 852/1/1357
f 845/1/1357 852/1/1357 846/1/1357
f 848/1/1358 847/1/1358 851/1/1358
f 848/1/1358 851/1/1358 850/1/1358
f 853/1/1334 854/1/1334 855/1/1334
f 853/1/1334 855/1/1334 856/1/1334
f 857/1/1265 858/1/1265 859/1/1265
f 857/1/1265 859/1/1265 860/1/1265
f 853/1/1355 856/1/1355 858/1/1355
f 853/1/1355 858/1/1355 857/1/1355
f 854/1/1356 860/1/1356 859/1/1356
f 854/1/1356 859/1/1356 855/1/1356
f 853/1/1215 857/1/1215 860/1/1215
f 853/1/1215 860/1/1215 854/1/1215
f 856/1/1359 855/1/1359 859/1/1359
f 856/1/1359 859/1/1359 858/1/1359
usemtl mat_4
f 861/1/1355 862/1/1355 863/1/1355
f 863/1/1355 864/1/1355 865/1/1355
f 865/1/1355 866/1/1355 861/1/1355
f 863/1/1355 865/1/1355 861/1/1355
f 867/1/1356 868/1/1356 869/1/1356
f 869/1/1356 870/1/1356 871/1/1356
f 871/1/1356 872/1/1356 867/1/1356
f 869/1/1356 871/1/1356 867/1/1356
f 861/1/1360 866/1/1360 869/1/1360
f 861/1/1360 869/1/1360 868/1/1360
f 866/1/1361 865/1/1361 870/1/1361
f 866/1/1361 870/1/1361 869/1/1361
f 865/1/1362 864/1/1362 871/1/1362
f 865/1/1362 871/1/1362 870/1/1362
f 864/1/1363 863/1/1363 872/1/1363
f 864/1/1363 872/1/1363 871/1/1363
f 863/1/1183 862/1/1183 867/1/1183
f 863/1/1183 867/1/1183 872/1/1183
f 862/1/1364 861/1/1364 868/1/1364
f 862/1/1364 868/1/1364 867/1/1364
f 873/1/1355 874/1/1355 875/1/1355
f 875/1/1355 876/1/1355 877/1/1355
f 877/1/1355 878/1/1355 873/1/1355
f 875/1/1355 877/1/1355 873/1/1355
f 879/1/1356 880/1/1356 881/1/1356
f 881/1/1356 882/1/1356 883/1/1356
f 883/1/1356 884/1/1356 879/1/1356
f 881/1/1356 883/1/1356 879/1/1356
f 873/1/1365 878/1/1365 881/1/1365
f 873/1/1365 881/1/1365 880/1/1365
f 878/1/1366 877/1/1366 882/1/1366
f 878/1/1366 882/1/1366 881/1/1366
f 877/1/1367 876/1/1367 883/1/1367
f 877/1/1367 883/1/1367 882/1/1367
f 876/1/1368 875/1/1368 884/1/1368
f 876/1/1368 884/1/1368 883/1/1368
f 875/1/1369 874/1/1369 879/1/1369
f 875/1/1369 879/1/1369 884/1/1369
f 874/1/1370 873/1/1370 880/1/1370
f 874/1/1370 880/1/1370 879/1/1370
