# Generated by tools-import-turbines.py; estimated STEP scale.
mtllib materials.mtl
s off
v 0.500000005 0.133017242 0.698620675
v 0.500000005 0.133017242 0.707931010
v 0.509437975 0.131774702 0.707931010
v 0.509437975 0.131774702 0.698620675
v 0.518232750 0.128131778 0.707931010
v 0.518232750 0.128131787 0.698620675
v 0.525785013 0.122336731 0.707931010
v 0.525785013 0.122336740 0.698620675
v 0.531580069 0.114784477 0.707931010
v 0.531580069 0.114784477 0.698620675
v 0.535222984 0.105989693 0.707931010
v 0.535222984 0.105989693 0.698620675
v 0.536465524 0.096551723 0.707930964
v 0.536465524 0.096551723 0.698620675
v 0.535222984 0.087113752 0.707930964
v 0.535222984 0.087113752 0.698620628
v 0.531580069 0.078318968 0.707930964
v 0.531580069 0.078318968 0.698620628
v 0.525785013 0.070766705 0.707930964
v 0.525785013 0.070766714 0.698620628
v 0.518232750 0.064971658 0.707930964
v 0.518232750 0.064971667 0.698620628
v 0.509437975 0.061328743 0.707930964
v 0.509437975 0.061328743 0.698620628
v 0.500000005 0.060086203 0.707930964
v 0.500000005 0.060086213 0.698620628
v 0.490562034 0.061328743 0.707930964
v 0.490562034 0.061328743 0.698620628
v 0.481767259 0.064971658 0.707930964
v 0.481767259 0.064971667 0.698620628
v 0.474214996 0.070766705 0.707930964
v 0.474214996 0.070766714 0.698620628
v 0.468419940 0.078318968 0.707930964
v 0.468419940 0.078318968 0.698620628
v 0.464777026 0.087113752 0.707930964
v 0.464777026 0.087113752 0.698620628
v 0.463534486 0.096551723 0.707930964
v 0.463534486 0.096551723 0.698620675
v 0.464777026 0.105989693 0.707931010
v 0.464777026 0.105989693 0.698620675
v 0.468419940 0.114784477 0.707931010
v 0.468419940 0.114784477 0.698620675
v 0.474214996 0.122336731 0.707931010
v 0.474214996 0.122336740 0.698620675
v 0.481767259 0.128131778 0.707931010
v 0.481767259 0.128131787 0.698620675
v 0.490562034 0.131774702 0.707931010
v 0.490562034 0.131774702 0.698620675
v 0.500000005 0.237603432 0.273913809
v 0.500000005 0.237603432 0.267706909
v 0.495430990 0.234965505 0.267706909
v 0.495430962 0.234965505 0.273913809
v 0.495430962 0.229689640 0.267706909
v 0.495430962 0.229689640 0.273913809
v 0.500000005 0.227051712 0.267706909
v 0.500000005 0.227051712 0.273913809
v 0.504569047 0.229689640 0.267706909
v 0.504569019 0.229689640 0.273913809
v 0.504569047 0.234965505 0.267706909
v 0.504569047 0.234965505 0.273913809
v 0.464339886 0.252374350 0.273913809
v 0.464339886 0.252374350 0.267706909
v 0.459770863 0.249736431 0.267706909
v 0.459770844 0.249736431 0.273913809
v 0.459770844 0.244460557 0.267706909
v 0.459770844 0.244460557 0.273913809
v 0.464339886 0.241822639 0.267706909
v 0.464339886 0.241822639 0.273913809
v 0.468908928 0.244460557 0.267706909
v 0.468908901 0.244460557 0.273913809
v 0.468908928 0.249736431 0.267706909
v 0.468908928 0.249736431 0.273913809
v 0.449568969 0.288034468 0.273913809
v 0.449568969 0.288034468 0.267706909
v 0.444999936 0.285396550 0.267706909
v 0.444999936 0.285396550 0.273913809
v 0.444999936 0.280120676 0.267706909
v 0.444999936 0.280120676 0.273913809
v 0.449568969 0.277482757 0.267706909
v 0.449568969 0.277482757 0.273913809
v 0.454138002 0.280120676 0.267706909
v 0.454137983 0.280120676 0.273913809
v 0.454138002 0.285396550 0.267706909
v 0.454138002 0.285396550 0.273913809
v 0.464339886 0.323694587 0.273913809
v 0.464339886 0.323694587 0.267706909
v 0.459770863 0.321056668 0.267706909
v 0.459770844 0.321056668 0.273913809
v 0.459770844 0.315780794 0.267706909
v 0.459770844 0.315780794 0.273913809
v 0.464339886 0.313142875 0.267706909
v 0.464339886 0.313142875 0.273913809
v 0.468908928 0.315780794 0.267706909
v 0.468908901 0.315780794 0.273913809
v 0.468908928 0.321056668 0.267706909
v 0.468908928 0.321056668 0.273913809
v 0.500000005 0.338465514 0.273913809
v 0.500000005 0.338465514 0.267706909
v 0.495430990 0.335827595 0.267706909
v 0.495430962 0.335827595 0.273913809
v 0.495430962 0.330551711 0.267706909
v 0.495430962 0.330551711 0.273913809
v 0.500000005 0.327913793 0.267706909
v 0.500000005 0.327913793 0.273913809
v 0.504569047 0.330551711 0.267706909
v 0.504569019 0.330551711 0.273913809
v 0.504569047 0.335827595 0.267706909
v 0.504569047 0.335827595 0.273913809
v 0.535660123 0.323694587 0.273913809
v 0.535660123 0.323694587 0.267706909
v 0.531091109 0.321056668 0.267706909
v 0.531091081 0.321056668 0.273913809
v 0.531091081 0.315780794 0.267706909
v 0.531091081 0.315780794 0.273913809
v 0.535660123 0.313142875 0.267706909
v 0.535660123 0.313142875 0.273913809
v 0.540229165 0.315780794 0.267706909
v 0.540229147 0.315780794 0.273913809
v 0.540229165 0.321056668 0.267706909
v 0.540229165 0.321056668 0.273913809
v 0.550431041 0.288034468 0.273913809
v 0.550431041 0.288034468 0.267706909
v 0.545862026 0.285396550 0.267706909
v 0.545862008 0.285396550 0.273913809
v 0.545862008 0.280120676 0.267706909
v 0.545862008 0.280120676 0.273913809
v 0.550431041 0.277482757 0.267706909
v 0.550431041 0.277482757 0.273913809
v 0.555000083 0.280120676 0.267706909
v 0.555000064 0.280120676 0.273913809
v 0.555000083 0.285396550 0.267706909
v 0.555000083 0.285396550 0.273913809
v 0.535660123 0.252374350 0.273913809
v 0.535660123 0.252374350 0.267706909
v 0.531091109 0.249736431 0.267706909
v 0.531091081 0.249736431 0.273913809
v 0.531091081 0.244460557 0.267706909
v 0.531091081 0.244460557 0.273913809
v 0.535660123 0.241822639 0.267706909
v 0.535660123 0.241822639 0.273913809
v 0.540229165 0.244460557 0.267706909
v 0.540229147 0.244460557 0.273913809
v 0.540229165 0.249736431 0.267706909
v 0.540229165 0.249736431 0.273913809
v 0.500000005 0.315856887 0.269879329
v 0.500000005 0.315856887 0.268172426
v 0.491433557 0.314729097 0.268172426
v 0.491433529 0.314729097 0.269879320
v 0.483450877 0.311422566 0.268172426
v 0.483450877 0.311422566 0.269879320
v 0.476595996 0.306162622 0.268172426
v 0.476595996 0.306162622 0.269879320
v 0.471336052 0.299307759 0.268172426
v 0.471336052 0.299307759 0.269879320
v 0.468029520 0.291325089 0.268172426
v 0.468029520 0.291325089 0.269879320
v 0.466901730 0.282758613 0.268172417
v 0.466901730 0.282758613 0.269879320
v 0.468029520 0.274192165 0.268172417
v 0.468029520 0.274192137 0.269879320
v 0.471336052 0.266209485 0.268172417
v 0.471336052 0.266209485 0.269879320
v 0.476595996 0.259354604 0.268172417
v 0.476595996 0.259354604 0.269879320
v 0.483450858 0.254094660 0.268172417
v 0.483450858 0.254094660 0.269879320
v 0.491433529 0.250788128 0.268172426
v 0.491433529 0.250788128 0.269879320
v 0.500000005 0.249660338 0.268172426
v 0.500000005 0.249660338 0.269879320
v 0.508566481 0.250788128 0.268172426
v 0.508566453 0.250788128 0.269879320
v 0.516549133 0.254094660 0.268172426
v 0.516549133 0.254094660 0.269879320
v 0.523404014 0.259354604 0.268172426
v 0.523404014 0.259354604 0.269879329
v 0.528663958 0.266209466 0.268172426
v 0.528663958 0.266209466 0.269879329
v 0.531970489 0.274192137 0.268172426
v 0.531970489 0.274192137 0.269879329
v 0.533098279 0.282758613 0.268172436
v 0.533098279 0.282758613 0.269879329
v 0.531970489 0.291325089 0.268172436
v 0.531970489 0.291325061 0.269879329
v 0.528663958 0.299307741 0.268172436
v 0.528663958 0.299307741 0.269879329
v 0.523404014 0.306162622 0.268172436
v 0.523404014 0.306162622 0.269879329
v 0.516549151 0.311422566 0.268172436
v 0.516549151 0.311422566 0.269879329
v 0.508566481 0.314729097 0.268172426
v 0.508566481 0.314729097 0.269879329
v 0.500000005 0.141396552 0.726086201
v 0.500000005 0.141396552 0.732293091
v 0.504569047 0.138758615 0.732293091
v 0.504569047 0.138758624 0.726086201
v 0.504569047 0.133482750 0.732293091
v 0.504569047 0.133482759 0.726086201
v 0.500000005 0.130844822 0.732293091
v 0.500000005 0.130844822 0.726086201
v 0.495430962 0.133482750 0.732293091
v 0.495430962 0.133482759 0.726086201
v 0.495430962 0.138758615 0.732293091
v 0.495430962 0.138758624 0.726086201
v 0.472020520 0.129807063 0.726086201
v 0.472020520 0.129807063 0.732293091
v 0.476589562 0.127169135 0.732293091
v 0.476589562 0.127169135 0.726086201
v 0.476589562 0.121893270 0.732293091
v 0.476589562 0.121893279 0.726086201
v 0.472020520 0.119255342 0.732293091
v 0.472020520 0.119255342 0.726086201
v 0.467451478 0.121893270 0.732293091
v 0.467451478 0.121893279 0.726086201
v 0.467451478 0.127169135 0.732293091
v 0.467451478 0.127169135 0.726086201
v 0.460431041 0.101827588 0.726086201
v 0.460431041 0.101827588 0.732293091
v 0.465000083 0.099189650 0.732293091
v 0.465000083 0.099189660 0.726086201
v 0.465000083 0.093913795 0.732293091
v 0.465000083 0.093913795 0.726086201
v 0.460431041 0.091275858 0.732293091
v 0.460431041 0.091275858 0.726086201
v 0.455862008 0.093913795 0.732293091
v 0.455862008 0.093913795 0.726086201
v 0.455862008 0.099189650 0.732293091
v 0.455862008 0.099189660 0.726086201
v 0.472020520 0.073848103 0.726086201
v 0.472020520 0.073848103 0.732293091
v 0.476589562 0.071210175 0.732293091
v 0.476589562 0.071210175 0.726086201
v 0.476589562 0.065934310 0.732293091
v 0.476589562 0.065934310 0.726086201
v 0.472020520 0.063296382 0.732293091
v 0.472020520 0.063296382 0.726086201
v 0.467451478 0.065934310 0.732293091
v 0.467451478 0.065934310 0.726086201
v 0.467451478 0.071210175 0.732293091
v 0.467451478 0.071210175 0.726086201
v 0.500000005 0.062258623 0.726086201
v 0.500000005 0.062258623 0.732293091
v 0.504569047 0.059620686 0.732293091
v 0.504569047 0.059620696 0.726086201
v 0.504569047 0.054344831 0.732293091
v 0.504569047 0.054344831 0.726086201
v 0.500000005 0.051706893 0.732293091
v 0.500000005 0.051706903 0.726086201
v 0.495430962 0.054344831 0.732293091
v 0.495430962 0.054344831 0.726086201
v 0.495430962 0.059620686 0.732293091
v 0.495430962 0.059620696 0.726086201
v 0.527979471 0.073848103 0.726086201
v 0.527979471 0.073848103 0.732293091
v 0.532548513 0.071210175 0.732293091
v 0.532548513 0.071210175 0.726086201
v 0.532548513 0.065934310 0.732293091
v 0.532548513 0.065934310 0.726086201
v 0.527979471 0.063296382 0.732293091
v 0.527979471 0.063296382 0.726086201
v 0.523410428 0.065934310 0.732293091
v 0.523410428 0.065934310 0.726086201
v 0.523410428 0.071210175 0.732293091
v 0.523410428 0.071210175 0.726086201
v 0.539568969 0.101827588 0.726086201
v 0.539568969 0.101827588 0.732293091
v 0.544138002 0.099189650 0.732293091
v 0.544138002 0.099189660 0.726086201
v 0.544138002 0.093913795 0.732293091
v 0.544138002 0.093913795 0.726086201
v 0.539568969 0.091275858 0.732293091
v 0.539568969 0.091275858 0.726086201
v 0.534999927 0.093913795 0.732293091
v 0.534999927 0.093913795 0.726086201
v 0.534999927 0.099189650 0.732293091
v 0.534999927 0.099189660 0.726086201
v 0.527979471 0.129807063 0.726086201
v 0.527979471 0.129807063 0.732293091
v 0.532548513 0.127169135 0.732293091
v 0.532548513 0.127169135 0.726086201
v 0.532548513 0.121893270 0.732293091
v 0.532548513 0.121893279 0.726086201
v 0.527979471 0.119255342 0.732293091
v 0.527979471 0.119255342 0.726086201
v 0.523410428 0.121893270 0.732293091
v 0.523410428 0.121893279 0.726086201
v 0.523410428 0.127169135 0.732293091
v 0.523410428 0.127169135 0.726086201
v 0.500000005 0.121068969 0.730120699
v 0.500000005 0.121068960 0.731827601
v 0.506345544 0.120233552 0.731827601
v 0.506345544 0.120233561 0.730120699
v 0.512258628 0.117784270 0.731827601
v 0.512258628 0.117784270 0.730120699
v 0.517336304 0.113888031 0.731827601
v 0.517336304 0.113888031 0.730120699
v 0.521232553 0.108810346 0.731827601
v 0.521232553 0.108810346 0.730120699
v 0.523681834 0.102897253 0.731827601
v 0.523681834 0.102897253 0.730120699
v 0.524517242 0.096551723 0.731827601
v 0.524517242 0.096551723 0.730120699
v 0.523681834 0.090206192 0.731827601
v 0.523681834 0.090206192 0.730120699
v 0.521232553 0.084293099 0.731827601
v 0.521232553 0.084293099 0.730120699
v 0.517336304 0.079215414 0.731827601
v 0.517336304 0.079215414 0.730120699
v 0.512258628 0.075319165 0.731827601
v 0.512258628 0.075319175 0.730120699
v 0.506345544 0.072869884 0.731827601
v 0.506345544 0.072869884 0.730120699
v 0.500000005 0.072034476 0.731827601
v 0.500000005 0.072034476 0.730120699
v 0.493654465 0.072869884 0.731827601
v 0.493654465 0.072869884 0.730120699
v 0.487741381 0.075319165 0.731827601
v 0.487741381 0.075319175 0.730120699
v 0.482663706 0.079215414 0.731827601
v 0.482663706 0.079215414 0.730120699
v 0.478767457 0.084293099 0.731827601
v 0.478767457 0.084293099 0.730120699
v 0.476318175 0.090206192 0.731827601
v 0.476318175 0.090206192 0.730120699
v 0.475482767 0.096551723 0.731827601
v 0.475482767 0.096551723 0.730120699
v 0.476318175 0.102897253 0.731827601
v 0.476318175 0.102897253 0.730120699
v 0.478767457 0.108810346 0.731827601
v 0.478767457 0.108810346 0.730120699
v 0.482663706 0.113888031 0.731827601
v 0.482663706 0.113888031 0.730120699
v 0.487741381 0.117784270 0.731827601
v 0.487741381 0.117784270 0.730120699
v 0.493654465 0.120233552 0.731827601
v 0.493654465 0.120233561 0.730120699
v 0.323103459 0.050000000 0.717241345
v 0.323103459 0.079482761 0.717241345
v 0.323103459 0.079482761 0.282758636
v 0.323103459 0.050000000 0.282758636
v 0.366551727 0.079482761 0.282758636
v 0.366551727 0.050000000 0.282758636
v 0.366551727 0.079482761 0.717241345
v 0.366551727 0.050000000 0.717241345
v 0.633448264 0.050000000 0.717241345
v 0.633448264 0.079482761 0.717241345
v 0.633448264 0.079482761 0.282758636
v 0.633448264 0.050000000 0.282758636
v 0.676896513 0.079482761 0.282758636
v 0.676896513 0.050000000 0.282758636
v 0.676896513 0.079482761 0.717241345
v 0.676896513 0.050000000 0.717241345
v 0.500000023 0.937586220 0.608620675
v 0.500000023 0.950000000 0.608620675
v 0.478809186 0.950000000 0.606533566
v 0.478809186 0.937586220 0.606533566
v 0.458432687 0.950000000 0.600352428
v 0.458432687 0.937586220 0.600352428
v 0.439653601 0.950000000 0.590314815
v 0.439653601 0.937586220 0.590314815
v 0.423193601 0.950000000 0.576806446
v 0.423193601 0.937586220 0.576806446
v 0.409685222 0.950000000 0.560346446
v 0.409685222 0.937586220 0.560346446
v 0.399647591 0.950000000 0.541567350
v 0.399647591 0.937586220 0.541567350
v 0.393466444 0.950000000 0.521190870
v 0.393466444 0.937586220 0.521190870
v 0.391379325 0.950000000 0.500000023
v 0.391379325 0.937586220 0.500000023
v 0.393466444 0.950000000 0.478809186
v 0.393466444 0.937586220 0.478809186
v 0.399647572 0.950000000 0.458432687
v 0.399647572 0.937586220 0.458432687
v 0.409685213 0.950000000 0.439653601
v 0.409685213 0.937586220 0.439653601
v 0.423193573 0.950000000 0.423193601
v 0.423193573 0.937586220 0.423193601
v 0.439653564 0.950000000 0.409685222
v 0.439653564 0.937586220 0.409685222
v 0.458432659 0.950000000 0.399647591
v 0.458432659 0.937586220 0.399647591
v 0.478809139 0.950000000 0.393466444
v 0.478809139 0.937586220 0.393466444
v 0.499999986 0.950000000 0.391379325
v 0.499999986 0.937586220 0.391379325
v 0.521190824 0.950000000 0.393466444
v 0.521190824 0.937586220 0.393466444
v 0.541567323 0.950000000 0.399647572
v 0.541567323 0.937586220 0.399647572
v 0.560346418 0.950000000 0.409685213
v 0.560346418 0.937586220 0.409685213
v 0.576806399 0.950000000 0.423193573
v 0.576806399 0.937586220 0.423193573
v 0.590314787 0.950000000 0.439653564
v 0.590314787 0.937586220 0.439653564
v 0.600352428 0.950000000 0.458432659
v 0.600352428 0.937586220 0.458432659
v 0.606533566 0.950000000 0.478809139
v 0.606533566 0.937586220 0.478809139
v 0.608620675 0.950000000 0.499999986
v 0.608620675 0.937586220 0.499999986
v 0.606533566 0.950000000 0.521190824
v 0.606533566 0.937586220 0.521190824
v 0.600352428 0.950000000 0.541567323
v 0.600352428 0.937586220 0.541567323
v 0.590314815 0.950000000 0.560346418
v 0.590314815 0.937586220 0.560346418
v 0.576806446 0.950000000 0.576806399
v 0.576806446 0.937586220 0.576806399
v 0.560346446 0.950000000 0.590314787
v 0.560346446 0.937586220 0.590314787
v 0.541567350 0.950000000 0.600352428
v 0.541567350 0.937586220 0.600352428
v 0.521190870 0.950000000 0.606533566
v 0.521190870 0.937586220 0.606533566
v 0.500000023 0.914853310 0.631431028
v 0.500000023 0.916870629 0.631431028
v 0.474359102 0.916870629 0.628905635
v 0.474359102 0.914853310 0.628905635
v 0.449703550 0.916870629 0.621426439
v 0.449703550 0.914853310 0.621426439
v 0.426980853 0.916870629 0.609280918
v 0.426980853 0.914853310 0.609280918
v 0.407064248 0.916870629 0.592935789
v 0.407064248 0.914853310 0.592935789
v 0.390719110 0.916870629 0.573019184
v 0.390719110 0.914853310 0.573019184
v 0.378573579 0.916870629 0.550296506
v 0.378573579 0.914853310 0.550296506
v 0.371094384 0.916870629 0.525640954
v 0.371094384 0.914853310 0.525640954
v 0.368568981 0.916870629 0.500000023
v 0.368568981 0.914853310 0.500000023
v 0.371094384 0.916870629 0.474359102
v 0.371094384 0.914853310 0.474359102
v 0.378573551 0.916870629 0.449703550
v 0.378573551 0.914853310 0.449703550
v 0.390719091 0.916870629 0.426980853
v 0.390719091 0.914853310 0.426980853
v 0.407064220 0.916870629 0.407064248
v 0.407064220 0.914853310 0.407064248
v 0.426980816 0.916870629 0.390719110
v 0.426980816 0.914853310 0.390719110
v 0.449703503 0.916870629 0.378573579
v 0.449703503 0.914853310 0.378573579
v 0.474359055 0.916870629 0.371094384
v 0.474359055 0.914853310 0.371094384
v 0.499999986 0.916870629 0.368568981
v 0.499999986 0.914853310 0.368568981
v 0.525640908 0.916870629 0.371094384
v 0.525640908 0.914853310 0.371094384
v 0.550296459 0.916870629 0.378573551
v 0.550296459 0.914853310 0.378573551
v 0.573019156 0.916870629 0.390719091
v 0.573019156 0.914853310 0.390719091
v 0.592935770 0.916870629 0.407064220
v 0.592935770 0.914853310 0.407064220
v 0.609280900 0.916870629 0.426980816
v 0.609280900 0.914853310 0.426980816
v 0.621426439 0.916870629 0.449703503
v 0.621426439 0.914853310 0.449703503
v 0.628905607 0.916870629 0.474359055
v 0.628905607 0.914853310 0.474359055
v 0.631431028 0.916870629 0.499999986
v 0.631431028 0.914853310 0.499999986
v 0.628905635 0.916870629 0.525640908
v 0.628905635 0.914853310 0.525640908
v 0.621426439 0.916870629 0.550296459
v 0.621426439 0.914853310 0.550296459
v 0.609280918 0.916870629 0.573019156
v 0.609280918 0.914853310 0.573019156
v 0.592935789 0.916870629 0.592935770
v 0.592935789 0.914853310 0.592935770
v 0.573019184 0.916870629 0.609280900
v 0.573019184 0.914853310 0.609280900
v 0.550296506 0.916870629 0.621426439
v 0.550296506 0.914853310 0.621426439
v 0.525640954 0.916870629 0.628905607
v 0.525640954 0.914853310 0.628905607
v 0.500000023 0.920129231 0.631431028
v 0.500000023 0.922146550 0.631431028
v 0.474359102 0.922146550 0.628905635
v 0.474359102 0.920129231 0.628905635
v 0.449703550 0.922146550 0.621426439
v 0.449703550 0.920129231 0.621426439
v 0.426980853 0.922146550 0.609280918
v 0.426980853 0.920129231 0.609280918
v 0.407064248 0.922146550 0.592935789
v 0.407064248 0.920129231 0.592935789
v 0.390719110 0.922146550 0.573019184
v 0.390719110 0.920129231 0.573019184
v 0.378573579 0.922146550 0.550296506
v 0.378573579 0.920129231 0.550296506
v 0.371094384 0.922146550 0.525640954
v 0.371094384 0.920129231 0.525640954
v 0.368568981 0.922146550 0.500000023
v 0.368568981 0.920129231 0.500000023
v 0.371094384 0.922146550 0.474359102
v 0.371094384 0.920129231 0.474359102
v 0.378573551 0.922146550 0.449703550
v 0.378573551 0.920129231 0.449703550
v 0.390719091 0.922146550 0.426980853
v 0.390719091 0.920129231 0.426980853
v 0.407064220 0.922146550 0.407064248
v 0.407064220 0.920129231 0.407064248
v 0.426980816 0.922146550 0.390719110
v 0.426980816 0.920129231 0.390719110
v 0.449703503 0.922146550 0.378573579
v 0.449703503 0.920129231 0.378573579
v 0.474359055 0.922146550 0.371094384
v 0.474359055 0.920129231 0.371094384
v 0.499999986 0.922146550 0.368568981
v 0.499999986 0.920129231 0.368568981
v 0.525640908 0.922146550 0.371094384
v 0.525640908 0.920129231 0.371094384
v 0.550296459 0.922146550 0.378573551
v 0.550296459 0.920129231 0.378573551
v 0.573019156 0.922146550 0.390719091
v 0.573019156 0.920129231 0.390719091
v 0.592935770 0.922146550 0.407064220
v 0.592935770 0.920129231 0.407064220
v 0.609280900 0.922146550 0.426980816
v 0.609280900 0.920129231 0.426980816
v 0.621426439 0.922146550 0.449703503
v 0.621426439 0.920129231 0.449703503
v 0.628905607 0.922146550 0.474359055
v 0.628905607 0.920129231 0.474359055
v 0.631431028 0.922146550 0.499999986
v 0.631431028 0.920129231 0.499999986
v 0.628905635 0.922146550 0.525640908
v 0.628905635 0.920129231 0.525640908
v 0.621426439 0.922146550 0.550296459
v 0.621426439 0.920129231 0.550296459
v 0.609280918 0.922146550 0.573019156
v 0.609280918 0.920129231 0.573019156
v 0.592935789 0.922146550 0.592935770
v 0.592935789 0.920129231 0.592935770
v 0.573019184 0.922146550 0.609280900
v 0.573019184 0.920129231 0.609280900
v 0.550296506 0.922146550 0.621426439
v 0.550296506 0.920129231 0.621426439
v 0.525640954 0.922146550 0.628905607
v 0.525640954 0.920129231 0.628905607
v 0.500000023 0.925405068 0.631431028
v 0.500000023 0.927422387 0.631431028
v 0.474359102 0.927422387 0.628905635
v 0.474359102 0.925405068 0.628905635
v 0.449703550 0.927422387 0.621426439
v 0.449703550 0.925405068 0.621426439
v 0.426980853 0.927422387 0.609280918
v 0.426980853 0.925405068 0.609280918
v 0.407064248 0.927422387 0.592935789
v 0.407064248 0.925405068 0.592935789
v 0.390719110 0.927422387 0.573019184
v 0.390719110 0.925405068 0.573019184
v 0.378573579 0.927422387 0.550296506
v 0.378573579 0.925405068 0.550296506
v 0.371094384 0.927422387 0.525640954
v 0.371094384 0.925405068 0.525640954
v 0.368568981 0.927422387 0.500000023
v 0.368568981 0.925405068 0.500000023
v 0.371094384 0.927422387 0.474359102
v 0.371094384 0.925405068 0.474359102
v 0.378573551 0.927422387 0.449703550
v 0.378573551 0.925405068 0.449703550
v 0.390719091 0.927422387 0.426980853
v 0.390719091 0.925405068 0.426980853
v 0.407064220 0.927422387 0.407064248
v 0.407064220 0.925405068 0.407064248
v 0.426980816 0.927422387 0.390719110
v 0.426980816 0.925405068 0.390719110
v 0.449703503 0.927422387 0.378573579
v 0.449703503 0.925405068 0.378573579
v 0.474359055 0.927422387 0.371094384
v 0.474359055 0.925405068 0.371094384
v 0.499999986 0.927422387 0.368568981
v 0.499999986 0.925405068 0.368568981
v 0.525640908 0.927422387 0.371094384
v 0.525640908 0.925405068 0.371094384
v 0.550296459 0.927422387 0.378573551
v 0.550296459 0.925405068 0.378573551
v 0.573019156 0.927422387 0.390719091
v 0.573019156 0.925405068 0.390719091
v 0.592935770 0.927422387 0.407064220
v 0.592935770 0.925405068 0.407064220
v 0.609280900 0.927422387 0.426980816
v 0.609280900 0.925405068 0.426980816
v 0.621426439 0.927422387 0.449703503
v 0.621426439 0.925405068 0.449703503
v 0.628905607 0.927422387 0.474359055
v 0.628905607 0.925405068 0.474359055
v 0.631431028 0.927422387 0.499999986
v 0.631431028 0.925405068 0.499999986
v 0.628905635 0.927422387 0.525640908
v 0.628905635 0.925405068 0.525640908
v 0.621426439 0.927422387 0.550296459
v 0.621426439 0.925405068 0.550296459
v 0.609280918 0.927422387 0.573019156
v 0.609280918 0.925405068 0.573019156
v 0.592935789 0.927422387 0.592935770
v 0.592935789 0.925405068 0.592935770
v 0.573019184 0.927422387 0.609280900
v 0.573019184 0.925405068 0.609280900
v 0.550296506 0.927422387 0.621426439
v 0.550296506 0.925405068 0.621426439
v 0.525640954 0.927422387 0.628905607
v 0.525640954 0.925405068 0.628905607
v 0.500000023 0.930680989 0.631431028
v 0.500000023 0.932698307 0.631431028
v 0.474359102 0.932698307 0.628905635
v 0.474359102 0.930680989 0.628905635
v 0.449703550 0.932698307 0.621426439
v 0.449703550 0.930680989 0.621426439
v 0.426980853 0.932698307 0.609280918
v 0.426980853 0.930680989 0.609280918
v 0.407064248 0.932698307 0.592935789
v 0.407064248 0.930680989 0.592935789
v 0.390719110 0.932698307 0.573019184
v 0.390719110 0.930680989 0.573019184
v 0.378573579 0.932698307 0.550296506
v 0.378573579 0.930680989 0.550296506
v 0.371094384 0.932698307 0.525640954
v 0.371094384 0.930680989 0.525640954
v 0.368568981 0.932698307 0.500000023
v 0.368568981 0.930680989 0.500000023
v 0.371094384 0.932698307 0.474359102
v 0.371094384 0.930680989 0.474359102
v 0.378573551 0.932698307 0.449703550
v 0.378573551 0.930680989 0.449703550
v 0.390719091 0.932698307 0.426980853
v 0.390719091 0.930680989 0.426980853
v 0.407064220 0.932698307 0.407064248
v 0.407064220 0.930680989 0.407064248
v 0.426980816 0.932698307 0.390719110
v 0.426980816 0.930680989 0.390719110
v 0.449703503 0.932698307 0.378573579
v 0.449703503 0.930680989 0.378573579
v 0.474359055 0.932698307 0.371094384
v 0.474359055 0.930680989 0.371094384
v 0.499999986 0.932698307 0.368568981
v 0.499999986 0.930680989 0.368568981
v 0.525640908 0.932698307 0.371094384
v 0.525640908 0.930680989 0.371094384
v 0.550296459 0.932698307 0.378573551
v 0.550296459 0.930680989 0.378573551
v 0.573019156 0.932698307 0.390719091
v 0.573019156 0.930680989 0.390719091
v 0.592935770 0.932698307 0.407064220
v 0.592935770 0.930680989 0.407064220
v 0.609280900 0.932698307 0.426980816
v 0.609280900 0.930680989 0.426980816
v 0.621426439 0.932698307 0.449703503
v 0.621426439 0.930680989 0.449703503
v 0.628905607 0.932698307 0.474359055
v 0.628905607 0.930680989 0.474359055
v 0.631431028 0.932698307 0.499999986
v 0.631431028 0.930680989 0.499999986
v 0.628905635 0.932698307 0.525640908
v 0.628905635 0.930680989 0.525640908
v 0.621426439 0.932698307 0.550296459
v 0.621426439 0.930680989 0.550296459
v 0.609280918 0.932698307 0.573019156
v 0.609280918 0.930680989 0.573019156
v 0.592935789 0.932698307 0.592935770
v 0.592935789 0.930680989 0.592935770
v 0.573019184 0.932698307 0.609280900
v 0.573019184 0.930680989 0.609280900
v 0.550296506 0.932698307 0.621426439
v 0.550296506 0.930680989 0.621426439
v 0.525640954 0.932698307 0.628905607
v 0.525640954 0.930680989 0.628905607
v 0.500000023 0.935956733 0.631431028
v 0.500000023 0.937974051 0.631431028
v 0.474359102 0.937974051 0.628905635
v 0.474359102 0.935956733 0.628905635
v 0.449703550 0.937974051 0.621426439
v 0.449703550 0.935956733 0.621426439
v 0.426980853 0.937974051 0.609280918
v 0.426980853 0.935956733 0.609280918
v 0.407064248 0.937974051 0.592935789
v 0.407064248 0.935956733 0.592935789
v 0.390719110 0.937974051 0.573019184
v 0.390719110 0.935956733 0.573019184
v 0.378573579 0.937974051 0.550296506
v 0.378573579 0.935956733 0.550296506
v 0.371094384 0.937974051 0.525640954
v 0.371094384 0.935956733 0.525640954
v 0.368568981 0.937974051 0.500000023
v 0.368568981 0.935956733 0.500000023
v 0.371094384 0.937974051 0.474359102
v 0.371094384 0.935956733 0.474359102
v 0.378573551 0.937974051 0.449703550
v 0.378573551 0.935956733 0.449703550
v 0.390719091 0.937974051 0.426980853
v 0.390719091 0.935956733 0.426980853
v 0.407064220 0.937974051 0.407064248
v 0.407064220 0.935956733 0.407064248
v 0.426980816 0.937974051 0.390719110
v 0.426980816 0.935956733 0.390719110
v 0.449703503 0.937974051 0.378573579
v 0.449703503 0.935956733 0.378573579
v 0.474359055 0.937974051 0.371094384
v 0.474359055 0.935956733 0.371094384
v 0.499999986 0.937974051 0.368568981
v 0.499999986 0.935956733 0.368568981
v 0.525640908 0.937974051 0.371094384
v 0.525640908 0.935956733 0.371094384
v 0.550296459 0.937974051 0.378573551
v 0.550296459 0.935956733 0.378573551
v 0.573019156 0.937974051 0.390719091
v 0.573019156 0.935956733 0.390719091
v 0.592935770 0.937974051 0.407064220
v 0.592935770 0.935956733 0.407064220
v 0.609280900 0.937974051 0.426980816
v 0.609280900 0.935956733 0.426980816
v 0.621426439 0.937974051 0.449703503
v 0.621426439 0.935956733 0.449703503
v 0.628905607 0.937974051 0.474359055
v 0.628905607 0.935956733 0.474359055
v 0.631431028 0.937974051 0.499999986
v 0.631431028 0.935956733 0.499999986
v 0.628905635 0.937974051 0.525640908
v 0.628905635 0.935956733 0.525640908
v 0.621426439 0.937974051 0.550296459
v 0.621426439 0.935956733 0.550296459
v 0.609280918 0.937974051 0.573019156
v 0.609280918 0.935956733 0.573019156
v 0.592935789 0.937974051 0.592935770
v 0.592935789 0.935956733 0.592935770
v 0.573019184 0.937974051 0.609280900
v 0.573019184 0.935956733 0.609280900
v 0.550296506 0.937974051 0.621426439
v 0.550296506 0.935956733 0.621426439
v 0.525640954 0.937974051 0.628905607
v 0.525640954 0.935956733 0.628905607
v 0.537474160 0.804991301 0.356931050
v 0.537474160 0.809491381 0.356931050
v 0.537474160 0.809491381 0.355068981
v 0.537474160 0.804991301 0.355068981
v 0.541974138 0.809491381 0.355068981
v 0.541974138 0.804991301 0.355068981
v 0.541974138 0.809491381 0.356931050
v 0.541974138 0.804991301 0.356931050
v 0.532508618 0.804991301 0.356931050
v 0.532508618 0.809491381 0.356931050
v 0.532508618 0.809491381 0.355068981
v 0.532508618 0.804991301 0.355068981
v 0.537008605 0.809491381 0.355068981
v 0.537008605 0.804991301 0.355068981
v 0.537008605 0.809491381 0.356931050
v 0.537008605 0.804991301 0.356931050
v 0.537474160 0.800025796 0.356931050
v 0.537474160 0.804525867 0.356931050
v 0.537474160 0.804525867 0.355068981
v 0.537474160 0.800025796 0.355068981
v 0.541974138 0.804525867 0.355068981
v 0.541974138 0.800025796 0.355068981
v 0.541974138 0.804525867 0.356931050
v 0.541974138 0.800025796 0.356931050
v 0.527543104 0.800025796 0.356931050
v 0.527543104 0.804525867 0.356931050
v 0.527543104 0.804525867 0.355068981
v 0.527543104 0.800025796 0.355068981
v 0.532043091 0.804525867 0.355068981
v 0.532043091 0.800025796 0.355068981
v 0.532043091 0.804525867 0.356931050
v 0.532043091 0.800025796 0.356931050
v 0.537474160 0.795060282 0.356931050
v 0.537474160 0.799560353 0.356931050
v 0.537474160 0.799560353 0.355068981
v 0.537474160 0.795060282 0.355068981
v 0.541974138 0.799560353 0.355068981
v 0.541974138 0.795060282 0.355068981
v 0.541974138 0.799560353 0.356931050
v 0.541974138 0.795060282 0.356931050
v 0.527543104 0.795060282 0.356931050
v 0.527543104 0.799560353 0.356931050
v 0.527543104 0.799560353 0.355068981
v 0.527543104 0.795060282 0.355068981
v 0.532043091 0.799560353 0.355068981
v 0.532043091 0.795060282 0.355068981
v 0.532043091 0.799560353 0.356931050
v 0.532043091 0.795060282 0.356931050
v 0.537474160 0.790094768 0.356931050
v 0.537474160 0.794594755 0.356931050
v 0.537474160 0.794594755 0.355068981
v 0.537474160 0.790094768 0.355068981
v 0.541974138 0.794594755 0.355068981
v 0.541974138 0.790094768 0.355068981
v 0.541974138 0.794594755 0.356931050
v 0.541974138 0.790094768 0.356931050
v 0.527543104 0.790094768 0.356931050
v 0.527543104 0.794594755 0.356931050
v 0.527543104 0.794594755 0.355068981
v 0.527543104 0.790094768 0.355068981
v 0.532043091 0.794594755 0.355068981
v 0.532043091 0.790094768 0.355068981
v 0.532043091 0.794594755 0.356931050
v 0.532043091 0.790094768 0.356931050
v 0.537474160 0.785129254 0.356931050
v 0.537474160 0.789629241 0.356931050
v 0.537474160 0.789629241 0.355068981
v 0.537474160 0.785129254 0.355068981
v 0.541974138 0.789629241 0.355068981
v 0.541974138 0.785129254 0.355068981
v 0.541974138 0.789629241 0.356931050
v 0.541974138 0.785129254 0.356931050
v 0.532508618 0.785129254 0.356931050
v 0.532508618 0.789629241 0.356931050
v 0.532508618 0.789629241 0.355068981
v 0.532508618 0.785129254 0.355068981
v 0.537008605 0.789629241 0.355068981
v 0.537008605 0.785129254 0.355068981
v 0.537008605 0.789629241 0.356931050
v 0.537008605 0.785129254 0.356931050
v 0.495577582 0.804991301 0.356931050
v 0.495577582 0.809491381 0.356931050
v 0.495577582 0.809491381 0.355068981
v 0.495577582 0.804991301 0.355068981
v 0.500077560 0.809491381 0.355068981
v 0.500077560 0.804991301 0.355068981
v 0.500077560 0.809491381 0.356931050
v 0.500077560 0.804991301 0.356931050
v 0.490612068 0.804991301 0.356931050
v 0.490612068 0.809491381 0.356931050
v 0.490612068 0.809491381 0.355068981
v 0.490612068 0.804991301 0.355068981
v 0.495112055 0.809491381 0.355068981
v 0.495112055 0.804991301 0.355068981
v 0.495112055 0.809491381 0.356931050
v 0.495112055 0.804991301 0.356931050
v 0.485646572 0.804991301 0.356931050
v 0.485646572 0.809491381 0.356931050
v 0.485646572 0.809491381 0.355068981
v 0.485646572 0.804991301 0.355068981
v 0.490146560 0.809491381 0.355068981
v 0.490146560 0.804991301 0.355068981
v 0.490146560 0.809491381 0.356931050
v 0.490146560 0.804991301 0.356931050
v 0.495577582 0.800025796 0.356931050
v 0.495577582 0.804525867 0.356931050
v 0.495577582 0.804525867 0.355068981
v 0.495577582 0.800025796 0.355068981
v 0.500077560 0.804525867 0.355068981
v 0.500077560 0.800025796 0.355068981
v 0.500077560 0.804525867 0.356931050
v 0.500077560 0.800025796 0.356931050
v 0.495577582 0.795060282 0.356931050
v 0.495577582 0.799560353 0.356931050
v 0.495577582 0.799560353 0.355068981
v 0.495577582 0.795060282 0.355068981
v 0.500077560 0.799560353 0.355068981
v 0.500077560 0.795060282 0.355068981
v 0.500077560 0.799560353 0.356931050
v 0.500077560 0.795060282 0.356931050
v 0.490612068 0.795060282 0.356931050
v 0.490612068 0.799560353 0.356931050
v 0.490612068 0.799560353 0.355068981
v 0.490612068 0.795060282 0.355068981
v 0.495112055 0.799560353 0.355068981
v 0.495112055 0.795060282 0.355068981
v 0.495112055 0.799560353 0.356931050
v 0.495112055 0.795060282 0.356931050
v 0.485646572 0.795060282 0.356931050
v 0.485646572 0.799560353 0.356931050
v 0.485646572 0.799560353 0.355068981
v 0.485646572 0.795060282 0.355068981
v 0.490146560 0.799560353 0.355068981
v 0.490146560 0.795060282 0.355068981
v 0.490146560 0.799560353 0.356931050
v 0.490146560 0.795060282 0.356931050
v 0.485646572 0.790094768 0.356931050
v 0.485646572 0.794594755 0.356931050
v 0.485646572 0.794594755 0.355068981
v 0.485646572 0.790094768 0.355068981
v 0.490146560 0.794594755 0.355068981
v 0.490146560 0.790094768 0.355068981
v 0.490146560 0.794594755 0.356931050
v 0.490146560 0.790094768 0.356931050
v 0.495577582 0.785129254 0.356931050
v 0.495577582 0.789629241 0.356931050
v 0.495577582 0.789629241 0.355068981
v 0.495577582 0.785129254 0.355068981
v 0.500077560 0.789629241 0.355068981
v 0.500077560 0.785129254 0.355068981
v 0.500077560 0.789629241 0.356931050
v 0.500077560 0.785129254 0.356931050
v 0.490612068 0.785129254 0.356931050
v 0.490612068 0.789629241 0.356931050
v 0.490612068 0.789629241 0.355068981
v 0.490612068 0.785129254 0.355068981
v 0.495112055 0.789629241 0.355068981
v 0.495112055 0.785129254 0.355068981
v 0.495112055 0.789629241 0.356931050
v 0.495112055 0.785129254 0.356931050
v 0.485646572 0.785129254 0.356931050
v 0.485646572 0.789629241 0.356931050
v 0.485646572 0.789629241 0.355068981
v 0.485646572 0.785129254 0.355068981
v 0.490146560 0.789629241 0.355068981
v 0.490146560 0.785129254 0.355068981
v 0.490146560 0.789629241 0.356931050
v 0.490146560 0.785129254 0.356931050
v 0.474629316 0.804991301 0.356931050
v 0.474629316 0.809491381 0.356931050
v 0.474629316 0.809491381 0.355068981
v 0.474629316 0.804991301 0.355068981
v 0.479129294 0.809491381 0.355068981
v 0.479129294 0.804991301 0.355068981
v 0.479129294 0.809491381 0.356931050
v 0.479129294 0.804991301 0.356931050
v 0.469663802 0.804991301 0.356931050
v 0.469663802 0.809491381 0.356931050
v 0.469663802 0.809491381 0.355068981
v 0.469663802 0.804991301 0.355068981
v 0.474163780 0.809491381 0.355068981
v 0.474163780 0.804991301 0.355068981
v 0.474163780 0.809491381 0.356931050
v 0.474163780 0.804991301 0.356931050
v 0.464698269 0.804991301 0.356931050
v 0.464698269 0.809491381 0.356931050
v 0.464698269 0.809491381 0.355068981
v 0.464698269 0.804991301 0.355068981
v 0.469198247 0.809491381 0.355068981
v 0.469198247 0.804991301 0.355068981
v 0.469198247 0.809491381 0.356931050
v 0.469198247 0.804991301 0.356931050
v 0.474629316 0.800025796 0.356931050
v 0.474629316 0.804525867 0.356931050
v 0.474629316 0.804525867 0.355068981
v 0.474629316 0.800025796 0.355068981
v 0.479129294 0.804525867 0.355068981
v 0.479129294 0.800025796 0.355068981
v 0.479129294 0.804525867 0.356931050
v 0.479129294 0.800025796 0.356931050
v 0.474629316 0.795060282 0.356931050
v 0.474629316 0.799560353 0.356931050
v 0.474629316 0.799560353 0.355068981
v 0.474629316 0.795060282 0.355068981
v 0.479129294 0.799560353 0.355068981
v 0.479129294 0.795060282 0.355068981
v 0.479129294 0.799560353 0.356931050
v 0.479129294 0.795060282 0.356931050
v 0.469663802 0.795060282 0.356931050
v 0.469663802 0.799560353 0.356931050
v 0.469663802 0.799560353 0.355068981
v 0.469663802 0.795060282 0.355068981
v 0.474163780 0.799560353 0.355068981
v 0.474163780 0.795060282 0.355068981
v 0.474163780 0.799560353 0.356931050
v 0.474163780 0.795060282 0.356931050
v 0.464698269 0.795060282 0.356931050
v 0.464698269 0.799560353 0.356931050
v 0.464698269 0.799560353 0.355068981
v 0.464698269 0.795060282 0.355068981
v 0.469198247 0.799560353 0.355068981
v 0.469198247 0.795060282 0.355068981
v 0.469198247 0.799560353 0.356931050
v 0.469198247 0.795060282 0.356931050
v 0.464698269 0.790094768 0.356931050
v 0.464698269 0.794594755 0.356931050
v 0.464698269 0.794594755 0.355068981
v 0.464698269 0.790094768 0.355068981
v 0.469198247 0.794594755 0.355068981
v 0.469198247 0.790094768 0.355068981
v 0.469198247 0.794594755 0.356931050
v 0.469198247 0.790094768 0.356931050
v 0.474629316 0.785129254 0.356931050
v 0.474629316 0.789629241 0.356931050
v 0.474629316 0.789629241 0.355068981
v 0.474629316 0.785129254 0.355068981
v 0.479129294 0.789629241 0.355068981
v 0.479129294 0.785129254 0.355068981
v 0.479129294 0.789629241 0.356931050
v 0.479129294 0.785129254 0.356931050
v 0.469663802 0.785129254 0.356931050
v 0.469663802 0.789629241 0.356931050
v 0.469663802 0.789629241 0.355068981
v 0.469663802 0.785129254 0.355068981
v 0.474163780 0.789629241 0.355068981
v 0.474163780 0.785129254 0.355068981
v 0.474163780 0.789629241 0.356931050
v 0.474163780 0.785129254 0.356931050
v 0.464698269 0.785129254 0.356931050
v 0.464698269 0.789629241 0.356931050
v 0.464698269 0.789629241 0.355068981
v 0.464698269 0.785129254 0.355068981
v 0.469198247 0.789629241 0.355068981
v 0.469198247 0.785129254 0.355068981
v 0.469198247 0.789629241 0.356931050
v 0.469198247 0.785129254 0.356931050
v 0.516525866 0.804991301 0.356931050
v 0.516525866 0.809491381 0.356931050
v 0.516525866 0.809491381 0.355068981
v 0.516525866 0.804991301 0.355068981
v 0.521025854 0.809491381 0.355068981
v 0.521025854 0.804991301 0.355068981
v 0.521025854 0.809491381 0.356931050
v 0.521025854 0.804991301 0.356931050
v 0.506594838 0.804991301 0.356931050
v 0.506594838 0.809491381 0.356931050
v 0.506594838 0.809491381 0.355068981
v 0.506594838 0.804991301 0.355068981
v 0.511094826 0.809491381 0.355068981
v 0.511094826 0.804991301 0.355068981
v 0.511094826 0.809491381 0.356931050
v 0.511094826 0.804991301 0.356931050
v 0.516525866 0.800025796 0.356931050
v 0.516525866 0.804525867 0.356931050
v 0.516525866 0.804525867 0.355068981
v 0.516525866 0.800025796 0.355068981
v 0.521025854 0.804525867 0.355068981
v 0.521025854 0.800025796 0.355068981
v 0.521025854 0.804525867 0.356931050
v 0.521025854 0.800025796 0.356931050
v 0.506594838 0.800025796 0.356931050
v 0.506594838 0.804525867 0.356931050
v 0.506594838 0.804525867 0.355068981
v 0.506594838 0.800025796 0.355068981
v 0.511094826 0.804525867 0.355068981
v 0.511094826 0.800025796 0.355068981
v 0.511094826 0.804525867 0.356931050
v 0.511094826 0.800025796 0.356931050
v 0.516525866 0.795060282 0.356931050
v 0.516525866 0.799560353 0.356931050
v 0.516525866 0.799560353 0.355068981
v 0.516525866 0.795060282 0.355068981
v 0.521025854 0.799560353 0.355068981
v 0.521025854 0.795060282 0.355068981
v 0.521025854 0.799560353 0.356931050
v 0.521025854 0.795060282 0.356931050
v 0.506594838 0.795060282 0.356931050
v 0.506594838 0.799560353 0.356931050
v 0.506594838 0.799560353 0.355068981
v 0.506594838 0.795060282 0.355068981
v 0.511094826 0.799560353 0.355068981
v 0.511094826 0.795060282 0.355068981
v 0.511094826 0.799560353 0.356931050
v 0.511094826 0.795060282 0.356931050
v 0.516525866 0.790094768 0.356931050
v 0.516525866 0.794594755 0.356931050
v 0.516525866 0.794594755 0.355068981
v 0.516525866 0.790094768 0.355068981
v 0.521025854 0.794594755 0.355068981
v 0.521025854 0.790094768 0.355068981
v 0.521025854 0.794594755 0.356931050
v 0.521025854 0.790094768 0.356931050
v 0.506594838 0.790094768 0.356931050
v 0.506594838 0.794594755 0.356931050
v 0.506594838 0.794594755 0.355068981
v 0.506594838 0.790094768 0.355068981
v 0.511094826 0.794594755 0.355068981
v 0.511094826 0.790094768 0.355068981
v 0.511094826 0.794594755 0.356931050
v 0.511094826 0.790094768 0.356931050
v 0.511560352 0.785129254 0.356931050
v 0.511560352 0.789629241 0.356931050
v 0.511560352 0.789629241 0.355068981
v 0.511560352 0.785129254 0.355068981
v 0.516060340 0.789629241 0.355068981
v 0.516060340 0.785129254 0.355068981
v 0.516060340 0.789629241 0.356931050
v 0.516060340 0.785129254 0.356931050
v 0.455000009 0.781948207 0.355689665
v 0.455000009 0.781948207 0.357396558
v 0.457284516 0.780629267 0.357396558
v 0.457284516 0.780629267 0.355689665
v 0.457284516 0.777991311 0.357396558
v 0.457284516 0.777991311 0.355689665
v 0.455000009 0.776672370 0.357396558
v 0.455000009 0.776672370 0.355689665
v 0.452715484 0.777991311 0.357396558
v 0.452715484 0.777991311 0.355689665
v 0.452715484 0.780629267 0.357396558
v 0.452715484 0.780629267 0.355689665
v 0.455000009 0.816086196 0.355689665
v 0.455000009 0.816086196 0.357396558
v 0.457284516 0.814767209 0.357396558
v 0.457284516 0.814767209 0.355689665
v 0.457284516 0.812129253 0.357396558
v 0.457284516 0.812129253 0.355689665
v 0.455000009 0.810810266 0.357396558
v 0.455000009 0.810810266 0.355689665
v 0.452715484 0.812129253 0.357396558
v 0.452715484 0.812129253 0.355689665
v 0.452715484 0.814767209 0.357396558
v 0.452715484 0.814767209 0.355689665
v 0.544999981 0.781948207 0.355689665
v 0.544999981 0.781948207 0.357396558
v 0.547284489 0.780629267 0.357396558
v 0.547284489 0.780629267 0.355689665
v 0.547284489 0.777991311 0.357396558
v 0.547284489 0.777991311 0.355689665
v 0.544999981 0.776672370 0.357396558
v 0.544999981 0.776672370 0.355689665
v 0.542715474 0.777991311 0.357396558
v 0.542715474 0.777991311 0.355689665
v 0.542715474 0.780629267 0.357396558
v 0.542715474 0.780629267 0.355689665
v 0.544999981 0.816086196 0.355689665
v 0.544999981 0.816086196 0.357396558
v 0.547284489 0.814767209 0.357396558
v 0.547284489 0.814767209 0.355689665
v 0.547284489 0.812129253 0.357396558
v 0.547284489 0.812129253 0.355689665
v 0.544999981 0.810810266 0.357396558
v 0.544999981 0.810810266 0.355689665
v 0.542715474 0.812129253 0.357396558
v 0.542715474 0.812129253 0.355689665
v 0.542715474 0.814767209 0.357396558
v 0.542715474 0.814767209 0.355689665
v 0.500000005 0.388275857 0.555862062
v 0.500000005 0.444137896 0.555862062
v 0.489101855 0.444137896 0.554788701
v 0.489101855 0.388275857 0.554788701
v 0.478622523 0.444137896 0.551609823
v 0.478622523 0.388275857 0.551609823
v 0.468964707 0.444137896 0.546447619
v 0.468964707 0.388275857 0.546447619
v 0.460499565 0.444137896 0.539500463
v 0.460499565 0.388275857 0.539500463
v 0.453552390 0.444137896 0.531035321
v 0.453552390 0.388275857 0.531035321
v 0.448390186 0.444137896 0.521377505
v 0.448390186 0.388275857 0.521377505
v 0.445211309 0.444137896 0.510898154
v 0.445211309 0.388275857 0.510898154
v 0.444137938 0.444137896 0.500000005
v 0.444137938 0.388275857 0.500000005
v 0.445211309 0.444137896 0.489101855
v 0.445211309 0.388275857 0.489101855
v 0.448390186 0.444137896 0.478622523
v 0.448390186 0.388275857 0.478622523
v 0.453552390 0.444137896 0.468964707
v 0.453552390 0.388275857 0.468964707
v 0.460499546 0.444137896 0.460499565
v 0.460499546 0.388275857 0.460499565
v 0.468964688 0.444137896 0.453552390
v 0.468964688 0.388275857 0.453552390
v 0.478622504 0.444137896 0.448390186
v 0.478622504 0.388275857 0.448390186
v 0.489101855 0.444137896 0.445211309
v 0.489101855 0.388275857 0.445211309
v 0.500000005 0.444137896 0.444137938
v 0.500000005 0.388275857 0.444137938
v 0.510898154 0.444137896 0.445211309
v 0.510898154 0.388275857 0.445211309
v 0.521377487 0.444137896 0.448390186
v 0.521377487 0.388275857 0.448390186
v 0.531035303 0.444137896 0.453552390
v 0.531035303 0.388275857 0.453552390
v 0.539500445 0.444137896 0.460499546
v 0.539500445 0.388275857 0.460499546
v 0.546447619 0.444137896 0.468964688
v 0.546447619 0.388275857 0.468964688
v 0.551609823 0.444137896 0.478622504
v 0.551609823 0.388275857 0.478622504
v 0.554788701 0.444137896 0.489101855
v 0.554788701 0.388275857 0.489101855
v 0.555862062 0.444137896 0.500000005
v 0.555862062 0.388275857 0.500000005
v 0.554788701 0.444137896 0.510898154
v 0.554788701 0.388275857 0.510898154
v 0.551609823 0.444137896 0.521377487
v 0.551609823 0.388275857 0.521377487
v 0.546447619 0.444137896 0.531035303
v 0.546447619 0.388275857 0.531035303
v 0.539500463 0.444137896 0.539500445
v 0.539500463 0.388275857 0.539500445
v 0.531035321 0.444137896 0.546447619
v 0.531035321 0.388275857 0.546447619
v 0.521377505 0.444137896 0.551609823
v 0.521377505 0.388275857 0.551609823
v 0.510898154 0.444137896 0.554788701
v 0.510898154 0.388275857 0.554788701
v 0.680000005 0.729655168 0.542672414
v 0.680000005 0.807241341 0.542672414
v 0.680000005 0.807241341 0.457327595
v 0.680000005 0.729655168 0.457327595
v 0.686206895 0.807241341 0.457327595
v 0.686206895 0.729655168 0.457327595
v 0.686206895 0.807241341 0.542672414
v 0.686206895 0.729655168 0.542672414
v 0.619094813 0.725775780 0.502715525
v 0.619094813 0.885603364 0.502715525
v 0.619094813 0.885603364 0.497284484
v 0.619094813 0.725775780 0.497284484
v 0.632284480 0.885603364 0.497284484
v 0.632284480 0.725775780 0.497284484
v 0.632284480 0.885603364 0.502715525
v 0.632284480 0.725775780 0.502715525
v 0.614333912 0.725775780 0.533446998
v 0.614333912 0.885603364 0.533446998
v 0.615739579 0.885603364 0.528201020
v 0.615739579 0.725775780 0.528201020
v 0.628479817 0.885603364 0.531614769
v 0.628479817 0.725775780 0.531614769
v 0.627074150 0.885603364 0.536860748
v 0.627074150 0.725775780 0.536860748
v 0.601781398 0.725775780 0.561899123
v 0.601781398 0.885603364 0.561899123
v 0.604496919 0.885603364 0.557195713
v 0.604496919 0.725775780 0.557195713
v 0.615919492 0.885603364 0.563790528
v 0.615919492 0.725775780 0.563790528
v 0.613203971 0.885603364 0.568493937
v 0.613203971 0.725775780 0.568493937
v 0.582292604 0.725775780 0.586132916
v 0.582292604 0.885603364 0.586132916
v 0.586132916 0.885603364 0.582292604
v 0.586132916 0.725775780 0.582292604
v 0.595459414 0.885603364 0.591619092
v 0.595459414 0.725775780 0.591619092
v 0.591619092 0.885603364 0.595459414
v 0.591619092 0.725775780 0.595459414
v 0.557195713 0.725775780 0.604496919
v 0.557195713 0.885603364 0.604496919
v 0.561899123 0.885603364 0.601781398
v 0.561899123 0.725775780 0.601781398
v 0.568493937 0.885603364 0.613203971
v 0.568493937 0.725775780 0.613203971
v 0.563790528 0.885603364 0.615919492
v 0.563790528 0.725775780 0.615919492
v 0.528201020 0.725775780 0.615739579
v 0.528201020 0.885603364 0.615739579
v 0.533446998 0.885603364 0.614333912
v 0.533446998 0.725775780 0.614333912
v 0.536860748 0.885603364 0.627074150
v 0.536860748 0.725775780 0.627074150
v 0.531614769 0.885603364 0.628479817
v 0.531614769 0.725775780 0.628479817
v 0.497284484 0.725775780 0.619094813
v 0.497284484 0.885603364 0.619094813
v 0.502715525 0.885603364 0.619094813
v 0.502715525 0.725775780 0.619094813
v 0.502715525 0.885603364 0.632284480
v 0.502715525 0.725775780 0.632284480
v 0.497284484 0.885603364 0.632284480
v 0.497284484 0.725775780 0.632284480
v 0.466553011 0.725775780 0.614333912
v 0.466553011 0.885603364 0.614333912
v 0.471798990 0.885603364 0.615739579
v 0.471798990 0.725775780 0.615739579
v 0.468385240 0.885603364 0.628479817
v 0.468385240 0.725775780 0.628479817
v 0.463139261 0.885603364 0.627074150
v 0.463139261 0.725775780 0.627074150
v 0.438100887 0.725775780 0.601781398
v 0.438100887 0.885603364 0.601781398
v 0.442804305 0.885603364 0.604496919
v 0.442804305 0.725775780 0.604496919
v 0.436209481 0.885603364 0.615919492
v 0.436209481 0.725775780 0.615919492
v 0.431506063 0.885603364 0.613203971
v 0.431506063 0.725775780 0.613203971
v 0.413867093 0.725775780 0.582292604
v 0.413867093 0.885603364 0.582292604
v 0.417707406 0.885603364 0.586132916
v 0.417707406 0.725775780 0.586132916
v 0.408380917 0.885603364 0.595459414
v 0.408380917 0.725775780 0.595459414
v 0.404540596 0.885603364 0.591619092
v 0.404540596 0.725775780 0.591619092
v 0.395503100 0.725775780 0.557195695
v 0.395503100 0.885603364 0.557195695
v 0.398218620 0.885603364 0.561899123
v 0.398218620 0.725775780 0.561899123
v 0.386796056 0.885603364 0.568493956
v 0.386796056 0.725775780 0.568493956
v 0.384080536 0.885603364 0.563790528
v 0.384080536 0.725775780 0.563790528
v 0.384260412 0.725775780 0.528201020
v 0.384260412 0.885603364 0.528201020
v 0.385666060 0.885603364 0.533446998
v 0.385666060 0.725775780 0.533446998
v 0.372925831 0.885603364 0.536860748
v 0.372925831 0.725775780 0.536860748
v 0.371520183 0.885603364 0.531614769
v 0.371520183 0.725775780 0.531614769
v 0.380905178 0.725775780 0.497284484
v 0.380905178 0.885603364 0.497284484
v 0.380905178 0.885603364 0.502715525
v 0.380905178 0.725775780 0.502715525
v 0.367715530 0.885603364 0.502715525
v 0.367715530 0.725775780 0.502715525
v 0.367715530 0.885603364 0.497284484
v 0.367715530 0.725775780 0.497284484
v 0.385666060 0.725775780 0.466553011
v 0.385666060 0.885603364 0.466553011
v 0.384260412 0.885603364 0.471798990
v 0.384260412 0.725775780 0.471798990
v 0.371520183 0.885603364 0.468385240
v 0.371520183 0.725775780 0.468385240
v 0.372925831 0.885603364 0.463139261
v 0.372925831 0.725775780 0.463139261
v 0.398218620 0.725775780 0.438100887
v 0.398218620 0.885603364 0.438100887
v 0.395503100 0.885603364 0.442804305
v 0.395503100 0.725775780 0.442804305
v 0.384080536 0.885603364 0.436209481
v 0.384080536 0.725775780 0.436209481
v 0.386796056 0.885603364 0.431506063
v 0.386796056 0.725775780 0.431506063
v 0.417707406 0.725775780 0.413867093
v 0.417707406 0.885603364 0.413867093
v 0.413867093 0.885603364 0.417707406
v 0.413867093 0.725775780 0.417707406
v 0.404540596 0.885603364 0.408380917
v 0.404540596 0.725775780 0.408380917
v 0.408380917 0.885603364 0.404540596
v 0.408380917 0.725775780 0.404540596
v 0.442804305 0.725775780 0.395503100
v 0.442804305 0.885603364 0.395503100
v 0.438100887 0.885603364 0.398218620
v 0.438100887 0.725775780 0.398218620
v 0.431506063 0.885603364 0.386796056
v 0.431506063 0.725775780 0.386796056
v 0.436209481 0.885603364 0.384080536
v 0.436209481 0.725775780 0.384080536
v 0.471798990 0.725775780 0.384260412
v 0.471798990 0.885603364 0.384260412
v 0.466553011 0.885603364 0.385666060
v 0.466553011 0.725775780 0.385666060
v 0.463139261 0.885603364 0.372925831
v 0.463139261 0.725775780 0.372925831
v 0.468385240 0.885603364 0.371520183
v 0.468385240 0.725775780 0.371520183
v 0.502715525 0.725775780 0.380905178
v 0.502715525 0.885603364 0.380905178
v 0.497284484 0.885603364 0.380905178
v 0.497284484 0.725775780 0.380905178
v 0.497284484 0.885603364 0.367715530
v 0.497284484 0.725775780 0.367715530
v 0.502715525 0.885603364 0.367715530
v 0.502715525 0.725775780 0.367715530
v 0.533446998 0.725775780 0.385666060
v 0.533446998 0.885603364 0.385666060
v 0.528201020 0.885603364 0.384260412
v 0.528201020 0.725775780 0.384260412
v 0.531614769 0.885603364 0.371520183
v 0.531614769 0.725775780 0.371520183
v 0.536860748 0.885603364 0.372925831
v 0.536860748 0.725775780 0.372925831
v 0.561899123 0.725775780 0.398218620
v 0.561899123 0.885603364 0.398218620
v 0.557195713 0.885603364 0.395503100
v 0.557195713 0.725775780 0.395503100
v 0.563790528 0.885603364 0.384080536
v 0.563790528 0.725775780 0.384080536
v 0.568493937 0.885603364 0.386796056
v 0.568493937 0.725775780 0.386796056
v 0.586132916 0.725775780 0.417707406
v 0.586132916 0.885603364 0.417707406
v 0.582292604 0.885603364 0.413867093
v 0.582292604 0.725775780 0.413867093
v 0.591619092 0.885603364 0.404540596
v 0.591619092 0.725775780 0.404540596
v 0.595459414 0.885603364 0.408380917
v 0.595459414 0.725775780 0.408380917
v 0.604496919 0.725775780 0.442804305
v 0.604496919 0.885603364 0.442804305
v 0.601781398 0.885603364 0.438100887
v 0.601781398 0.725775780 0.438100887
v 0.613203971 0.885603364 0.431506063
v 0.613203971 0.725775780 0.431506063
v 0.615919492 0.885603364 0.436209481
v 0.615919492 0.725775780 0.436209481
v 0.615739579 0.725775780 0.471798990
v 0.615739579 0.885603364 0.471798990
v 0.614333912 0.885603364 0.466553011
v 0.614333912 0.725775780 0.466553011
v 0.627074150 0.885603364 0.463139261
v 0.627074150 0.725775780 0.463139261
v 0.628479817 0.885603364 0.468385240
v 0.628479817 0.725775780 0.468385240
v 0.500000023 0.914310265 0.630344837
v 0.500000023 0.937586127 0.608620675
v 0.478809186 0.937586127 0.606533566
v 0.474571024 0.914310265 0.627840280
v 0.458432687 0.937586127 0.600352428
v 0.450119219 0.914310265 0.620422915
v 0.439653601 0.937586127 0.590314815
v 0.427584313 0.914310265 0.608377768
v 0.423193601 0.937586127 0.576806446
v 0.407832324 0.914310265 0.592167714
v 0.409685222 0.937586127 0.560346446
v 0.391622260 0.914310265 0.572415715
v 0.399647591 0.937586127 0.541567350
v 0.379577123 0.914310265 0.549880836
v 0.393466444 0.937586127 0.521190870
v 0.372159739 0.914310265 0.525429032
v 0.391379325 0.937586127 0.500000023
v 0.369655182 0.914310265 0.500000023
v 0.393466444 0.937586127 0.478809186
v 0.372159739 0.914310265 0.474571024
v 0.399647572 0.937586127 0.458432687
v 0.379577095 0.914310265 0.450119219
v 0.409685213 0.937586127 0.439653601
v 0.391622241 0.914310265 0.427584313
v 0.423193573 0.937586127 0.423193601
v 0.407832286 0.914310265 0.407832324
v 0.439653564 0.937586127 0.409685222
v 0.427584294 0.914310265 0.391622260
v 0.458432659 0.937586127 0.399647591
v 0.450119173 0.914310265 0.379577123
v 0.478809139 0.937586127 0.393466444
v 0.474570977 0.914310265 0.372159739
v 0.499999986 0.937586127 0.391379325
v 0.499999986 0.914310265 0.369655182
v 0.521190824 0.937586127 0.393466444
v 0.525428986 0.914310265 0.372159739
v 0.541567323 0.937586127 0.399647572
v 0.549880790 0.914310265 0.379577095
v 0.560346418 0.937586127 0.409685213
v 0.572415697 0.914310265 0.391622241
v 0.576806399 0.937586127 0.423193573
v 0.592167686 0.914310265 0.407832286
v 0.590314787 0.937586127 0.439653564
v 0.608377750 0.914310265 0.427584294
v 0.600352428 0.937586127 0.458432659
v 0.620422887 0.914310265 0.450119173
v 0.606533566 0.937586127 0.478809139
v 0.627840261 0.914310265 0.474570977
v 0.608620675 0.937586127 0.499999986
v 0.630344837 0.914310265 0.499999986
v 0.606533566 0.937586127 0.521190824
v 0.627840280 0.914310265 0.525428986
v 0.600352428 0.937586127 0.541567323
v 0.620422915 0.914310265 0.549880790
v 0.590314815 0.937586127 0.560346418
v 0.608377768 0.914310265 0.572415697
v 0.576806446 0.937586127 0.576806399
v 0.592167714 0.914310265 0.592167686
v 0.560346446 0.937586127 0.590314787
v 0.572415715 0.914310265 0.608377750
v 0.541567350 0.937586127 0.600352428
v 0.549880836 0.914310265 0.620422887
v 0.521190870 0.937586127 0.606533566
v 0.525429032 0.914310265 0.627840261
v 0.500000023 0.686982693 0.628793091
v 0.500000023 0.725775826 0.628793091
v 0.474873731 0.725775826 0.626318374
v 0.474873731 0.686982693 0.626318374
v 0.450713043 0.725775826 0.618989308
v 0.450713043 0.686982693 0.618989308
v 0.428446413 0.725775826 0.607087559
v 0.428446413 0.686982693 0.607087559
v 0.408929548 0.725775826 0.591070480
v 0.408929548 0.686982693 0.591070480
v 0.392912478 0.725775826 0.571553633
v 0.392912478 0.686982693 0.571553633
v 0.381010720 0.725775826 0.549287004
v 0.381010720 0.686982693 0.549287004
v 0.373681636 0.725775826 0.525126297
v 0.373681636 0.686982693 0.525126297
v 0.371206909 0.725775826 0.500000023
v 0.371206909 0.686982693 0.500000023
v 0.373681636 0.725775826 0.474873731
v 0.373681636 0.686982693 0.474873731
v 0.381010692 0.725775826 0.450713043
v 0.381010692 0.686982693 0.450713043
v 0.392912450 0.725775826 0.428446413
v 0.392912450 0.686982693 0.428446413
v 0.408929511 0.725775826 0.408929548
v 0.408929511 0.686982693 0.408929548
v 0.428446376 0.725775826 0.392912478
v 0.428446376 0.686982693 0.392912478
v 0.450713005 0.725775826 0.381010720
v 0.450713005 0.686982693 0.381010720
v 0.474873712 0.725775826 0.373681636
v 0.474873712 0.686982693 0.373681636
v 0.499999986 0.725775826 0.371206909
v 0.499999986 0.686982693 0.371206909
v 0.525126278 0.725775826 0.373681636
v 0.525126278 0.686982693 0.373681636
v 0.549286957 0.725775826 0.381010692
v 0.549286957 0.686982693 0.381010692
v 0.571553605 0.725775826 0.392912450
v 0.571553605 0.686982693 0.392912450
v 0.591070462 0.725775826 0.408929511
v 0.591070462 0.686982693 0.408929511
v 0.607087531 0.725775826 0.428446376
v 0.607087531 0.686982693 0.428446376
v 0.618989308 0.725775826 0.450713005
v 0.618989308 0.686982693 0.450713005
v 0.626318374 0.725775826 0.474873712
v 0.626318374 0.686982693 0.474873712
v 0.628793091 0.725775826 0.499999986
v 0.628793091 0.686982693 0.499999986
v 0.626318374 0.725775826 0.525126278
v 0.626318374 0.686982693 0.525126278
v 0.618989308 0.725775826 0.549286957
v 0.618989308 0.686982693 0.549286957
v 0.607087559 0.725775826 0.571553605
v 0.607087559 0.686982693 0.571553605
v 0.591070480 0.725775826 0.591070462
v 0.591070480 0.686982693 0.591070462
v 0.571553633 0.725775826 0.607087531
v 0.571553633 0.686982693 0.607087531
v 0.549287004 0.725775826 0.618989308
v 0.549287004 0.686982693 0.618989308
v 0.525126297 0.725775826 0.626318374
v 0.525126297 0.686982693 0.626318374
v 0.500000023 0.662155086 0.639655172
v 0.500000023 0.691637931 0.639655172
v 0.472754659 0.691637931 0.636971726
v 0.472754659 0.662155086 0.636971726
v 0.446556309 0.691637931 0.629024546
v 0.446556309 0.662155086 0.629024546
v 0.422411765 0.691637931 0.616119040
v 0.422411765 0.662155086 0.616119040
v 0.401248914 0.691637931 0.598751114
v 0.401248914 0.662155086 0.598751114
v 0.383880997 0.691637931 0.577588291
v 0.383880997 0.662155086 0.577588291
v 0.370975472 0.691637931 0.553443747
v 0.370975472 0.662155086 0.553443747
v 0.363028283 0.691637931 0.527245396
v 0.363028283 0.662155086 0.527245396
v 0.360344846 0.691637931 0.500000023
v 0.360344846 0.662155086 0.500000023
v 0.363028283 0.691637931 0.472754659
v 0.363028283 0.662155086 0.472754659
v 0.370975454 0.691637931 0.446556309
v 0.370975454 0.662155086 0.446556309
v 0.383880978 0.691637931 0.422411765
v 0.383880978 0.662155086 0.422411765
v 0.401248895 0.691637931 0.401248914
v 0.401248895 0.662155086 0.401248914
v 0.422411737 0.691637931 0.383880997
v 0.422411737 0.662155086 0.383880997
v 0.446556262 0.691637931 0.370975472
v 0.446556262 0.662155086 0.370975472
v 0.472754613 0.691637931 0.363028283
v 0.472754613 0.662155086 0.363028283
v 0.499999986 0.691637931 0.360344846
v 0.499999986 0.662155086 0.360344846
v 0.527245350 0.691637931 0.363028283
v 0.527245350 0.662155086 0.363028283
v 0.553443700 0.691637931 0.370975454
v 0.553443700 0.662155086 0.370975454
v 0.577588245 0.691637931 0.383880978
v 0.577588245 0.662155086 0.383880978
v 0.598751095 0.691637931 0.401248895
v 0.598751095 0.662155086 0.401248895
v 0.616119003 0.691637931 0.422411737
v 0.616119003 0.662155086 0.422411737
v 0.629024546 0.691637931 0.446556262
v 0.629024546 0.662155086 0.446556262
v 0.636971726 0.691637931 0.472754613
v 0.636971726 0.662155086 0.472754613
v 0.639655172 0.691637931 0.499999986
v 0.639655172 0.662155086 0.499999986
v 0.636971726 0.691637931 0.527245350
v 0.636971726 0.662155086 0.527245350
v 0.629024546 0.691637931 0.553443700
v 0.629024546 0.662155086 0.553443700
v 0.616119040 0.691637931 0.577588245
v 0.616119040 0.662155086 0.577588245
v 0.598751114 0.691637931 0.598751095
v 0.598751114 0.662155086 0.598751095
v 0.577588291 0.691637931 0.616119003
v 0.577588291 0.662155086 0.616119003
v 0.553443747 0.691637931 0.629024546
v 0.553443747 0.662155086 0.629024546
v 0.527245396 0.691637931 0.636971726
v 0.527245396 0.662155086 0.636971726
v 0.500000023 0.715689642 0.621034483
v 0.500000023 0.898793087 0.621034483
v 0.481066060 0.898793087 0.619544353
v 0.481066060 0.715689642 0.619544353
v 0.462598302 0.898793087 0.615110628
v 0.462598302 0.715689642 0.615110628
v 0.445051515 0.898793087 0.607842516
v 0.445051515 0.715689642 0.607842516
v 0.428857744 0.898793087 0.597918946
v 0.428857744 0.715689642 0.597918946
v 0.414415724 0.898793087 0.585584304
v 0.414415724 0.715689642 0.585584304
v 0.402081073 0.898793087 0.571142284
v 0.402081073 0.715689642 0.571142284
v 0.392157502 0.898793087 0.554948522
v 0.392157502 0.715689642 0.554948522
v 0.384889391 0.898793087 0.537401725
v 0.384889391 0.715689642 0.537401725
v 0.380455665 0.898793087 0.518933996
v 0.380455665 0.715689642 0.518933996
v 0.378965526 0.898793087 0.500000023
v 0.378965526 0.715689642 0.500000023
v 0.380455665 0.898793087 0.481066060
v 0.380455665 0.715689642 0.481066060
v 0.384889372 0.898793087 0.462598302
v 0.384889372 0.715689642 0.462598302
v 0.392157484 0.898793087 0.445051515
v 0.392157484 0.715689642 0.445051515
v 0.402081045 0.898793087 0.428857744
v 0.402081045 0.715689642 0.428857744
v 0.414415706 0.898793087 0.414415724
v 0.414415706 0.715689642 0.414415724
v 0.428857716 0.898793087 0.402081073
v 0.428857716 0.715689642 0.402081073
v 0.445051487 0.898793087 0.392157502
v 0.445051487 0.715689642 0.392157502
v 0.462598284 0.898793087 0.384889391
v 0.462598284 0.715689642 0.384889391
v 0.481066013 0.898793087 0.380455665
v 0.481066013 0.715689642 0.380455665
v 0.499999986 0.898793087 0.378965526
v 0.499999986 0.715689642 0.378965526
v 0.518933950 0.898793087 0.380455665
v 0.518933950 0.715689642 0.380455665
v 0.537401707 0.898793087 0.384889372
v 0.537401707 0.715689642 0.384889372
v 0.554948494 0.898793087 0.392157484
v 0.554948494 0.715689642 0.392157484
v 0.571142265 0.898793087 0.402081045
v 0.571142265 0.715689642 0.402081045
v 0.585584285 0.898793087 0.414415706
v 0.585584285 0.715689642 0.414415706
v 0.597918946 0.898793087 0.428857716
v 0.597918946 0.715689642 0.428857716
v 0.607842516 0.898793087 0.445051487
v 0.607842516 0.715689642 0.445051487
v 0.615110628 0.898793087 0.462598284
v 0.615110628 0.715689642 0.462598284
v 0.619544335 0.898793087 0.481066013
v 0.619544335 0.715689642 0.481066013
v 0.621034483 0.898793087 0.499999986
v 0.621034483 0.715689642 0.499999986
v 0.619544353 0.898793087 0.518933950
v 0.619544353 0.715689642 0.518933950
v 0.615110628 0.898793087 0.537401707
v 0.615110628 0.715689642 0.537401707
v 0.607842516 0.898793087 0.554948494
v 0.607842516 0.715689642 0.554948494
v 0.597918946 0.898793087 0.571142265
v 0.597918946 0.715689642 0.571142265
v 0.585584304 0.898793087 0.585584285
v 0.585584304 0.715689642 0.585584285
v 0.571142284 0.898793087 0.597918946
v 0.571142284 0.715689642 0.597918946
v 0.554948522 0.898793087 0.607842516
v 0.554948522 0.715689642 0.607842516
v 0.537401725 0.898793087 0.615110628
v 0.537401725 0.715689642 0.615110628
v 0.518933996 0.898793087 0.619544335
v 0.518933996 0.715689642 0.619544335
v 0.607068976 0.723448277 0.550431022
v 0.607068976 0.813448231 0.550431022
v 0.607068976 0.813448231 0.449568978
v 0.607068976 0.723448277 0.449568978
v 0.681551750 0.813448231 0.449568978
v 0.681551750 0.723448277 0.449568978
v 0.681551750 0.813448231 0.550431022
v 0.681551750 0.723448277 0.550431022
v 0.500000023 0.890258554 0.631896536
v 0.500000023 0.913534416 0.631896536
v 0.474268289 0.913534416 0.629362195
v 0.474268289 0.890258554 0.629362195
v 0.449525406 0.913534416 0.621856521
v 0.449525406 0.890258554 0.621856521
v 0.426722212 0.913534416 0.609667977
v 0.426722212 0.890258554 0.609667977
v 0.406735072 0.913534416 0.593264956
v 0.406735072 0.890258554 0.593264956
v 0.390332042 0.913534416 0.573277825
v 0.390332042 0.890258554 0.573277825
v 0.378143497 0.913534416 0.550474641
v 0.378143497 0.890258554 0.550474641
v 0.370637814 0.913534416 0.525731767
v 0.370637814 0.890258554 0.525731767
v 0.368103464 0.913534416 0.500000023
v 0.368103464 0.890258554 0.500000023
v 0.370637814 0.913534416 0.474268289
v 0.370637814 0.890258554 0.474268289
v 0.378143479 0.913534416 0.449525406
v 0.378143479 0.890258554 0.449525406
v 0.390332014 0.913534416 0.426722212
v 0.390332014 0.890258554 0.426722212
v 0.406735053 0.913534416 0.406735072
v 0.406735053 0.890258554 0.406735072
v 0.426722193 0.913534416 0.390332042
v 0.426722193 0.890258554 0.390332042
v 0.449525359 0.913534416 0.378143497
v 0.449525359 0.890258554 0.378143497
v 0.474268242 0.913534416 0.370637814
v 0.474268242 0.890258554 0.370637814
v 0.499999986 0.913534416 0.368103464
v 0.499999986 0.890258554 0.368103464
v 0.525731721 0.913534416 0.370637814
v 0.525731721 0.890258554 0.370637814
v 0.550474622 0.913534416 0.378143479
v 0.550474622 0.890258554 0.378143479
v 0.573277779 0.913534416 0.390332014
v 0.573277779 0.890258554 0.390332014
v 0.593264938 0.913534416 0.406735053
v 0.593264938 0.890258554 0.406735053
v 0.609667977 0.913534416 0.426722193
v 0.609667977 0.890258554 0.426722193
v 0.621856521 0.913534416 0.449525359
v 0.621856521 0.890258554 0.449525359
v 0.629362195 0.913534416 0.474268242
v 0.629362195 0.890258554 0.474268242
v 0.631896536 0.913534416 0.499999986
v 0.631896536 0.890258554 0.499999986
v 0.629362195 0.913534416 0.525731721
v 0.629362195 0.890258554 0.525731721
v 0.621856521 0.913534416 0.550474622
v 0.621856521 0.890258554 0.550474622
v 0.609667977 0.913534416 0.573277779
v 0.609667977 0.890258554 0.573277779
v 0.593264956 0.913534416 0.593264938
v 0.593264956 0.890258554 0.593264938
v 0.573277825 0.913534416 0.609667977
v 0.573277825 0.890258554 0.609667977
v 0.550474641 0.913534416 0.621856521
v 0.550474641 0.890258554 0.621856521
v 0.525731767 0.913534416 0.629362195
v 0.525731767 0.890258554 0.629362195
v 0.500000005 0.330086185 0.301379325
v 0.500000005 0.330086203 0.292068980
v 0.487750729 0.328473549 0.292068980
v 0.487750729 0.328473549 0.301379325
v 0.476336219 0.323745514 0.292068980
v 0.476336219 0.323745514 0.301379325
v 0.466534362 0.316224274 0.292068980
v 0.466534362 0.316224274 0.301379316
v 0.459013131 0.306422417 0.292068980
v 0.459013131 0.306422417 0.301379316
v 0.454285068 0.295007907 0.292068971
v 0.454285068 0.295007907 0.301379316
v 0.452672423 0.282758613 0.292068971
v 0.452672423 0.282758613 0.301379316
v 0.454285068 0.270509337 0.292068971
v 0.454285068 0.270509337 0.301379316
v 0.459013103 0.259094827 0.292068971
v 0.459013103 0.259094827 0.301379316
v 0.466534344 0.249292970 0.292068971
v 0.466534344 0.249292970 0.301379316
v 0.476336200 0.241771739 0.292068971
v 0.476336200 0.241771739 0.301379316
v 0.487750710 0.237043676 0.292068971
v 0.487750710 0.237043676 0.301379316
v 0.500000005 0.235431031 0.292068971
v 0.500000005 0.235431031 0.301379316
v 0.512249280 0.237043676 0.292068980
v 0.512249280 0.237043676 0.301379316
v 0.523663791 0.241771711 0.292068980
v 0.523663791 0.241771711 0.301379316
v 0.533465647 0.249292952 0.292068980
v 0.533465647 0.249292952 0.301379325
v 0.540986878 0.259094808 0.292068980
v 0.540986878 0.259094808 0.301379325
v 0.545714941 0.270509318 0.292068980
v 0.545714941 0.270509318 0.301379325
v 0.547327595 0.282758613 0.292068980
v 0.547327577 0.282758613 0.301379325
v 0.545714941 0.295007888 0.292068980
v 0.545714941 0.295007888 0.301379325
v 0.540986906 0.306422399 0.292068980
v 0.540986906 0.306422399 0.301379325
v 0.533465666 0.316224255 0.292068980
v 0.533465666 0.316224255 0.301379325
v 0.523663809 0.323745486 0.292068980
v 0.523663809 0.323745486 0.301379325
v 0.512249299 0.328473549 0.292068980
v 0.512249299 0.328473549 0.301379325
v 0.500000005 0.324655163 0.406896560
v 0.500000023 0.324655163 0.275775878
v 0.491826407 0.323850125 0.275775878
v 0.491826388 0.323850125 0.406896560
v 0.483966902 0.321465998 0.275775878
v 0.483966884 0.321465970 0.406896560
v 0.476723548 0.317594337 0.275775868
v 0.476723520 0.317594309 0.406896560
v 0.470374675 0.312383961 0.275775868
v 0.470374675 0.312383943 0.406896550
v 0.465164308 0.306035098 0.275775868
v 0.465164308 0.306035098 0.406896550
v 0.461292648 0.298791733 0.275775868
v 0.461292648 0.298791733 0.406896550
v 0.458908492 0.290932229 0.275775868
v 0.458908492 0.290932229 0.406896550
v 0.458103454 0.282758631 0.275775868
v 0.458103454 0.282758613 0.406896550
v 0.458908492 0.274585015 0.275775868
v 0.458908492 0.274584996 0.406896550
v 0.461292648 0.266725510 0.275775868
v 0.461292620 0.266725492 0.406896550
v 0.465164308 0.259482156 0.275775868
v 0.465164280 0.259482128 0.406896550
v 0.470374675 0.253133283 0.275775868
v 0.470374656 0.253133283 0.406896550
v 0.476723520 0.247922916 0.275775868
v 0.476723520 0.247922916 0.406896550
v 0.483966884 0.244051256 0.275775868
v 0.483966884 0.244051256 0.406896550
v 0.491826388 0.241667100 0.275775868
v 0.491826388 0.241667100 0.406896550
v 0.500000005 0.240862062 0.275775868
v 0.499999986 0.240862062 0.406896550
v 0.508173621 0.241667100 0.275775868
v 0.508173603 0.241667100 0.406896550
v 0.516033125 0.244051256 0.275775868
v 0.516033107 0.244051228 0.406896550
v 0.523276490 0.247922916 0.275775868
v 0.523276462 0.247922888 0.406896550
v 0.529625335 0.253133283 0.275775868
v 0.529625335 0.253133264 0.406896560
v 0.534835701 0.259482128 0.275775878
v 0.534835701 0.259482128 0.406896560
v 0.538707362 0.266725492 0.275775878
v 0.538707362 0.266725492 0.406896560
v 0.541091517 0.274584996 0.275775878
v 0.541091517 0.274584996 0.406896560
v 0.541896555 0.282758613 0.275775878
v 0.541896555 0.282758594 0.406896560
v 0.541091517 0.290932229 0.275775878
v 0.541091517 0.290932211 0.406896560
v 0.538707390 0.298791733 0.275775878
v 0.538707362 0.298791715 0.406896560
v 0.534835729 0.306035098 0.275775878
v 0.534835701 0.306035070 0.406896560
v 0.529625353 0.312383943 0.275775878
v 0.529625335 0.312383943 0.406896560
v 0.523276490 0.317594309 0.275775878
v 0.523276490 0.317594309 0.406896560
v 0.516033125 0.321465970 0.275775878
v 0.516033125 0.321465970 0.406896560
v 0.508173621 0.323850125 0.275775878
v 0.508173621 0.323850125 0.406896560
v 0.335769754 0.102309286 0.331618989
v 0.385424903 0.277654095 0.387015539
v 0.395839827 0.275967750 0.383017798
v 0.346184669 0.100622941 0.327621239
v 0.405459787 0.271896532 0.387281340
v 0.355804629 0.096551723 0.331884780
v 0.408649548 0.267825314 0.397308646
v 0.358994390 0.092480514 0.341912087
v 0.403540590 0.266138968 0.407225848
v 0.353885432 0.090794159 0.351829289
v 0.393125685 0.267825314 0.411223598
v 0.343470517 0.092480504 0.355827039
v 0.383505725 0.271896532 0.406960056
v 0.333850557 0.096551723 0.351563497
v 0.380315954 0.275967750 0.396932750
v 0.330660796 0.100622931 0.341536200
v 0.335769727 0.102309295 0.668380983
v 0.385424931 0.277654095 0.612984452
v 0.380315973 0.275967750 0.603067241
v 0.330660777 0.100622941 0.658463809
v 0.383505734 0.271896532 0.593039944
v 0.333850548 0.096551732 0.648436494
v 0.393125694 0.267825314 0.588776411
v 0.343470508 0.092480514 0.644172961
v 0.403540618 0.266138968 0.592774152
v 0.353885413 0.090794159 0.648170702
v 0.408649567 0.267825314 0.602691364
v 0.358994372 0.092480514 0.658087923
v 0.405459797 0.271896532 0.612718660
v 0.355804610 0.096551732 0.668115192
v 0.395839837 0.275967750 0.616982193
v 0.346184641 0.100622941 0.672378771
v 0.664230255 0.102309295 0.331618989
v 0.614575115 0.277654095 0.387015529
v 0.619684064 0.275967750 0.396932741
v 0.669339213 0.100622941 0.341536200
v 0.616494312 0.271896532 0.406960047
v 0.666149415 0.096551732 0.351563506
v 0.606874343 0.267825314 0.411223589
v 0.656529473 0.092480514 0.355827048
v 0.596459438 0.266138968 0.407225848
v 0.646114540 0.090794168 0.351829307
v 0.591350479 0.267825314 0.397308646
v 0.641005582 0.092480514 0.341912105
v 0.594540231 0.271896532 0.387281340
v 0.644195380 0.096551732 0.331884799
v 0.604160201 0.275967750 0.383017788
v 0.653815322 0.100622941 0.327621248
v 0.664230255 0.102309295 0.668380983
v 0.614575087 0.277654095 0.612984452
v 0.604160182 0.275967750 0.616982193
v 0.653815322 0.100622941 0.672378724
v 0.594540213 0.271896532 0.612718660
v 0.644195380 0.096551732 0.668115192
v 0.591350461 0.267825314 0.602691364
v 0.641005628 0.092480514 0.658087923
v 0.596459419 0.266138968 0.592774152
v 0.646114587 0.090794159 0.648170702
v 0.606874324 0.267825314 0.588776411
v 0.656529511 0.092480514 0.644172961
v 0.616494294 0.271896532 0.593039944
v 0.666149461 0.096551732 0.648436494
v 0.619684046 0.275967750 0.603067259
v 0.669339213 0.100622941 0.658463809
v 0.535689646 0.225344818 0.500000005
v 0.535003874 0.225344818 0.506962699
v 0.535003874 0.197413785 0.506962699
v 0.535689646 0.197413785 0.500000005
v 0.532972953 0.225344818 0.513657852
v 0.532972953 0.197413785 0.513657852
v 0.529674875 0.225344818 0.519828115
v 0.529674875 0.197413785 0.519828115
v 0.525236401 0.225344818 0.525236401
v 0.525236401 0.197413785 0.525236401
v 0.519828115 0.225344818 0.529674875
v 0.519828115 0.197413785 0.529674875
v 0.513657852 0.225344818 0.532972953
v 0.513657852 0.197413785 0.532972953
v 0.506962699 0.225344818 0.535003874
v 0.506962699 0.197413785 0.535003874
v 0.500000005 0.225344818 0.535689646
v 0.500000005 0.197413785 0.535689646
v 0.493037310 0.225344818 0.535003874
v 0.493037310 0.197413785 0.535003874
v 0.486342158 0.225344818 0.532972953
v 0.486342158 0.197413785 0.532972953
v 0.480171894 0.225344818 0.529674875
v 0.480171894 0.197413785 0.529674875
v 0.474763590 0.225344818 0.525236401
v 0.474763590 0.197413785 0.525236401
v 0.470325134 0.225344818 0.519828115
v 0.470325134 0.197413785 0.519828115
v 0.467027056 0.225344818 0.513657852
v 0.467027056 0.197413785 0.513657852
v 0.464996117 0.225344818 0.506962699
v 0.464996117 0.197413785 0.506962699
v 0.464310345 0.225344818 0.500000005
v 0.464310345 0.197413785 0.500000005
v 0.464996117 0.225344818 0.493037310
v 0.464996117 0.197413785 0.493037310
v 0.467027056 0.225344818 0.486342158
v 0.467027056 0.197413785 0.486342158
v 0.470325134 0.225344818 0.480171894
v 0.470325134 0.197413785 0.480171894
v 0.474763590 0.225344818 0.474763590
v 0.474763590 0.197413785 0.474763590
v 0.480171894 0.225344818 0.470325134
v 0.480171894 0.197413785 0.470325134
v 0.486342158 0.225344818 0.467027056
v 0.486342158 0.197413785 0.467027056
v 0.493037310 0.225344818 0.464996117
v 0.493037310 0.197413785 0.464996117
v 0.500000005 0.225344818 0.464310345
v 0.500000005 0.197413785 0.464310345
v 0.506962699 0.225344818 0.464996117
v 0.506962699 0.197413785 0.464996117
v 0.513657852 0.225344818 0.467027056
v 0.513657852 0.197413785 0.467027056
v 0.519828115 0.225344818 0.470325134
v 0.519828115 0.197413785 0.470325134
v 0.525236401 0.225344818 0.474763590
v 0.525236401 0.197413785 0.474763590
v 0.529674875 0.225344818 0.480171894
v 0.529674875 0.197413785 0.480171894
v 0.532972953 0.225344818 0.486342158
v 0.532972953 0.197413785 0.486342158
v 0.535003874 0.225344818 0.493037310
v 0.535003874 0.197413785 0.493037310
v 0.535003874 0.188210035 0.507414865
v 0.535689646 0.187527577 0.500485688
v 0.532972953 0.188866274 0.514077739
v 0.529674875 0.189471074 0.520218302
v 0.525236401 0.190001168 0.525600557
v 0.519828115 0.190436222 0.530017654
v 0.513657852 0.190759486 0.533299858
v 0.506962699 0.190958551 0.535321012
v 0.500000005 0.191025771 0.536003479
v 0.493037310 0.190958551 0.535321012
v 0.486342158 0.190759486 0.533299858
v 0.480171894 0.190436222 0.530017654
v 0.474763590 0.190001168 0.525600557
v 0.470325134 0.189471074 0.520218302
v 0.467027056 0.188866274 0.514077739
v 0.464996117 0.188210035 0.507414865
v 0.464310345 0.187527577 0.500485688
v 0.464996117 0.186845110 0.493556511
v 0.467027056 0.186188870 0.486893591
v 0.470325134 0.185584070 0.480753046
v 0.474763590 0.185053977 0.475370801
v 0.480171894 0.184618923 0.470953704
v 0.486342158 0.184295658 0.467671500
v 0.493037310 0.184096603 0.465650345
v 0.500000005 0.184029373 0.464967878
v 0.506962699 0.184096603 0.465650345
v 0.513657852 0.184295658 0.467671500
v 0.519828115 0.184618923 0.470953704
v 0.525236401 0.185053977 0.475370801
v 0.529674875 0.185584070 0.480753046
v 0.532972953 0.186188870 0.486893591
v 0.535003874 0.186845110 0.493556511
v 0.535003874 0.179094928 0.508766970
v 0.535689646 0.177736567 0.501938027
v 0.532972953 0.180401095 0.515333453
v 0.529674875 0.181604848 0.521385168
v 0.525236401 0.182659952 0.526689522
v 0.519828115 0.183525851 0.531042695
v 0.513657852 0.184169280 0.534277416
v 0.506962699 0.184565491 0.536269336
v 0.500000005 0.184699281 0.536941925
v 0.493037310 0.184565491 0.536269336
v 0.486342158 0.184169280 0.534277416
v 0.480171894 0.183525851 0.531042695
v 0.474763590 0.182659952 0.526689522
v 0.470325134 0.181604848 0.521385168
v 0.467027056 0.180401095 0.515333453
v 0.464996117 0.179094928 0.508766970
v 0.464310345 0.177736567 0.501938027
v 0.464996117 0.176378225 0.495109122
v 0.467027056 0.175072058 0.488542630
v 0.470325134 0.173868296 0.482490896
v 0.474763590 0.172813192 0.477186560
v 0.480171894 0.171947293 0.472833369
v 0.486342158 0.171303864 0.469598648
v 0.493037310 0.170907644 0.467606746
v 0.500000005 0.170773863 0.466934158
v 0.506962699 0.170907644 0.467606746
v 0.513657852 0.171303864 0.469598648
v 0.519828115 0.171947293 0.472833369
v 0.525236401 0.172813192 0.477186560
v 0.529674875 0.173868296 0.482490896
v 0.532972953 0.175072058 0.488542630
v 0.535003874 0.176378225 0.495109122
v 0.535003874 0.170156234 0.511005968
v 0.535689646 0.168135079 0.504343094
v 0.532972953 0.172099740 0.517412816
v 0.529674875 0.173890874 0.523317399
v 0.525236401 0.175460803 0.528492806
v 0.519828115 0.176749233 0.532740138
v 0.513657852 0.177706616 0.535896215
v 0.506962699 0.178296156 0.537839703
v 0.500000005 0.178495230 0.538495952
v 0.493037310 0.178296156 0.537839703
v 0.486342158 0.177706616 0.535896215
v 0.480171894 0.176749233 0.532740138
v 0.474763590 0.175460803 0.528492806
v 0.470325134 0.173890874 0.523317399
v 0.467027056 0.172099740 0.517412816
v 0.464996117 0.170156234 0.511005968
v 0.464310345 0.168135079 0.504343094
v 0.464996117 0.166113896 0.497680183
v 0.467027056 0.164170408 0.491273354
v 0.470325134 0.162379275 0.485368770
v 0.474763590 0.160809328 0.480193364
v 0.480171894 0.159520916 0.475946003
v 0.486342158 0.158563533 0.472789955
v 0.493037310 0.157973974 0.470846467
v 0.500000005 0.157774919 0.470190218
v 0.506962699 0.157973974 0.470846467
v 0.513657852 0.158563533 0.472789955
v 0.519828115 0.159520916 0.475946003
v 0.525236401 0.160809328 0.480193364
v 0.529674875 0.162379275 0.485368770
v 0.532972953 0.164170408 0.491273354
v 0.535003874 0.166113896 0.497680183
v 0.535003874 0.161480054 0.514110372
v 0.535689646 0.158815545 0.507677659
v 0.532972953 0.164042177 0.520295857
v 0.529674875 0.166403439 0.525996451
v 0.525236401 0.168473091 0.530993062
v 0.519828115 0.170171624 0.535093663
v 0.513657852 0.171433743 0.538140706
v 0.506962699 0.172210962 0.540017048
v 0.500000005 0.172473392 0.540650607
v 0.493037310 0.172210962 0.540017048
v 0.486342158 0.171433743 0.538140706
v 0.480171894 0.170171624 0.535093663
v 0.474763590 0.168473091 0.530993062
v 0.470325134 0.166403439 0.525996451
v 0.467027056 0.164042177 0.520295857
v 0.464996117 0.161480054 0.514110372
v 0.464310345 0.158815545 0.507677659
v 0.464996117 0.156151036 0.501244975
v 0.467027056 0.153588913 0.495059461
v 0.470325134 0.151227652 0.489358877
v 0.474763590 0.149157990 0.484362266
v 0.480171894 0.147459467 0.480261665
v 0.486342158 0.146197347 0.477214640
v 0.493037310 0.145420129 0.475338280
v 0.500000005 0.145157698 0.474704739
v 0.506962699 0.145420129 0.475338280
v 0.513657852 0.146197347 0.477214640
v 0.519828115 0.147459467 0.480261665
v 0.525236401 0.149157990 0.484362266
v 0.529674875 0.151227652 0.489358877
v 0.532972953 0.153588913 0.495059461
v 0.535003874 0.156151036 0.501244975
v 0.535003874 0.153149940 0.518050221
v 0.535689646 0.149867736 0.511909676
v 0.532972953 0.156305998 0.523954804
v 0.529674875 0.159214642 0.529396496
v 0.525236401 0.161764094 0.534166185
v 0.519828115 0.163856371 0.538080552
v 0.513657852 0.165411068 0.540989206
v 0.506962699 0.166368450 0.542780330
v 0.500000005 0.166691724 0.543385130
v 0.493037310 0.166368450 0.542780330
v 0.486342158 0.165411068 0.540989206
v 0.480171894 0.163856371 0.538080552
v 0.474763590 0.161764094 0.534166185
v 0.470325134 0.159214642 0.529396496
v 0.467027056 0.156305998 0.523954804
v 0.464996117 0.153149940 0.518050221
v 0.464310345 0.149867736 0.511909676
v 0.464996117 0.146585533 0.505769094
v 0.467027056 0.143429475 0.499864511
v 0.470325134 0.140520830 0.494422838
v 0.474763590 0.137971388 0.489653149
v 0.480171894 0.135879102 0.485738763
v 0.486342158 0.134324405 0.482830128
v 0.493037310 0.133367022 0.481038976
v 0.500000005 0.133043748 0.480434185
v 0.506962699 0.133367022 0.481038976
v 0.513657852 0.134324405 0.482830128
v 0.519828115 0.135879102 0.485738763
v 0.525236401 0.137971388 0.489653149
v 0.529674875 0.140520830 0.494422838
v 0.532972953 0.143429475 0.499864511
v 0.535003874 0.146585533 0.505769094
v 0.535003874 0.145246100 0.522787604
v 0.535689646 0.141377829 0.516998320
v 0.532972953 0.148965703 0.528354407
v 0.529674875 0.152393726 0.533484780
v 0.525236401 0.155398416 0.537981611
v 0.519828115 0.157864298 0.541672073
v 0.513657852 0.159696611 0.544414323
v 0.506962699 0.160824932 0.546102978
v 0.500000005 0.161205939 0.546673190
v 0.493037310 0.160824932 0.546102978
v 0.486342158 0.159696611 0.544414323
v 0.480171894 0.157864298 0.541672073
v 0.474763590 0.155398416 0.537981611
v 0.470325134 0.152393726 0.533484780
v 0.467027056 0.148965703 0.528354407
v 0.464996117 0.145246100 0.522787604
v 0.464310345 0.141377829 0.516998320
v 0.464996117 0.137509548 0.511209036
v 0.467027056 0.133789944 0.505642232
v 0.470325134 0.130361913 0.500511859
v 0.474763590 0.127357232 0.496015028
v 0.480171894 0.124891350 0.492324566
v 0.486342158 0.123059046 0.489582316
v 0.493037310 0.121930707 0.487893661
v 0.500000005 0.121549718 0.487323449
v 0.506962699 0.121930707 0.487893661
v 0.513657852 0.123059046 0.489582316
v 0.519828115 0.124891350 0.492324566
v 0.525236401 0.127357232 0.496015028
v 0.529674875 0.130361913 0.500511859
v 0.532972953 0.133789944 0.505642232
v 0.535003874 0.137509548 0.511209036
v 0.535003874 0.137844665 0.528276871
v 0.535689646 0.133427567 0.522894626
v 0.532972953 0.142092016 0.533452287
v 0.529674875 0.146006392 0.538221967
v 0.525236401 0.149437375 0.542402647
v 0.519828115 0.152253102 0.545833611
v 0.513657852 0.154345379 0.548383053
v 0.506962699 0.155633800 0.549953001
v 0.500000005 0.156068845 0.550483123
v 0.493037310 0.155633800 0.549953001
v 0.486342158 0.154345379 0.548383053
v 0.480171894 0.152253102 0.545833611
v 0.474763590 0.149437375 0.542402647
v 0.470325134 0.146006392 0.538221967
v 0.467027056 0.142092016 0.533452287
v 0.464996117 0.137844665 0.528276871
v 0.464310345 0.133427567 0.522894626
v 0.464996117 0.129010470 0.517512372
v 0.467027056 0.124763128 0.512336984
v 0.470325134 0.120848752 0.507567294
v 0.474763590 0.117417769 0.503386624
v 0.480171894 0.114602041 0.499955650
v 0.486342158 0.112509755 0.497406217
v 0.493037310 0.111221343 0.495836270
v 0.500000005 0.110786290 0.495306148
v 0.506962699 0.111221343 0.495836270
v 0.513657852 0.112509755 0.497406217
v 0.519828115 0.114602041 0.499955650
v 0.525236401 0.117417769 0.503386624
v 0.529674875 0.120848752 0.507567294
v 0.532972953 0.124763128 0.512336984
v 0.535003874 0.129010470 0.517512372
v 0.535003874 0.131016914 0.534465206
v 0.535689646 0.126093539 0.529541802
v 0.532972953 0.135751085 0.539199376
v 0.529674875 0.140114126 0.543562399
v 0.525236401 0.143938360 0.547386642
v 0.519828115 0.147076839 0.550525094
v 0.513657852 0.149408922 0.552857195
v 0.506962699 0.150845024 0.554293316
v 0.500000005 0.151329926 0.554778217
v 0.493037310 0.150845024 0.554293316
v 0.486342158 0.149408922 0.552857195
v 0.480171894 0.147076839 0.550525094
v 0.474763590 0.143938360 0.547386642
v 0.470325134 0.140114126 0.543562399
v 0.467027056 0.135751085 0.539199376
v 0.464996117 0.131016914 0.534465206
v 0.464310345 0.126093539 0.529541802
v 0.464996117 0.121170163 0.524618446
v 0.467027056 0.116435984 0.519884275
v 0.470325134 0.112072942 0.515521224
v 0.474763590 0.108248709 0.511696981
v 0.480171894 0.105110238 0.508558530
v 0.486342158 0.102778146 0.506226428
v 0.493037310 0.101342053 0.504790335
v 0.500000005 0.100857142 0.504305425
v 0.506962699 0.101342053 0.504790335
v 0.513657852 0.102778146 0.506226428
v 0.519828115 0.105110238 0.508558530
v 0.525236401 0.108248709 0.511696981
v 0.529674875 0.112072942 0.515521224
v 0.532972953 0.116435984 0.519884275
v 0.535003874 0.121170163 0.524618446
v 0.535003874 0.124828598 0.541292937
v 0.535689646 0.119446353 0.536875840
v 0.532972953 0.130004004 0.545540270
v 0.529674875 0.134773685 0.549454665
v 0.525236401 0.138954355 0.552885657
v 0.519828115 0.142385338 0.555701375
v 0.513657852 0.144934781 0.557793680
v 0.506962699 0.146504728 0.559082064
v 0.500000005 0.147034840 0.559517117
v 0.493037310 0.146504728 0.559082064
v 0.486342158 0.144934781 0.557793680
v 0.480171894 0.142385338 0.555701375
v 0.474763590 0.138954355 0.552885657
v 0.470325134 0.134773685 0.549454665
v 0.467027056 0.130004004 0.545540270
v 0.464996117 0.124828598 0.541292937
v 0.464310345 0.119446353 0.536875840
v 0.464996117 0.114064108 0.532458761
v 0.467027056 0.108888702 0.528211391
v 0.470325134 0.104119022 0.524297025
v 0.474763590 0.099938360 0.520866051
v 0.480171894 0.096507377 0.518050333
v 0.486342158 0.093957935 0.515958028
v 0.493037310 0.092387988 0.514669616
v 0.500000005 0.091857884 0.514234562
v 0.506962699 0.092387988 0.514669616
v 0.513657852 0.093957935 0.515958028
v 0.519828115 0.096507377 0.518050333
v 0.525236401 0.099938360 0.520866051
v 0.529674875 0.104119022 0.524297025
v 0.532972953 0.108888702 0.528211391
v 0.535003874 0.114064108 0.532458761
v 0.535003874 0.119339321 0.548694373
v 0.535689646 0.113550047 0.544826111
v 0.532972953 0.124906125 0.552413976
v 0.529674875 0.130036507 0.555842017
v 0.525236401 0.134533338 0.558846707
v 0.519828115 0.138223791 0.561312571
v 0.513657852 0.140966041 0.563144893
v 0.506962699 0.142654714 0.564273214
v 0.500000005 0.143224899 0.564654221
v 0.493037310 0.142654714 0.564273214
v 0.486342158 0.140966041 0.563144893
v 0.480171894 0.138223791 0.561312571
v 0.474763590 0.134533338 0.558846707
v 0.470325134 0.130036507 0.555842017
v 0.467027056 0.124906125 0.552413976
v 0.464996117 0.119339321 0.548694373
v 0.464310345 0.113550047 0.544826111
v 0.464996117 0.107760772 0.540957821
v 0.467027056 0.102193968 0.537238217
v 0.470325134 0.097063568 0.533810195
v 0.474763590 0.092566746 0.530805514
v 0.480171894 0.088876293 0.528339623
v 0.486342158 0.086134043 0.526507328
v 0.493037310 0.084445379 0.525378980
v 0.500000005 0.083875176 0.524998000
v 0.506962699 0.084445379 0.525378980
v 0.513657852 0.086134043 0.526507328
v 0.519828115 0.088876293 0.528339623
v 0.525236401 0.092566746 0.530805514
v 0.529674875 0.097063568 0.533810195
v 0.532972953 0.102193968 0.537238217
v 0.535003874 0.107760772 0.540957821
v 0.535003874 0.114601939 0.556598222
v 0.535689646 0.108461385 0.553316018
v 0.532972953 0.120506522 0.559754280
v 0.529674875 0.125948223 0.562662943
v 0.525236401 0.130717903 0.565212376
v 0.519828115 0.134632288 0.567304653
v 0.513657852 0.137540924 0.568859350
v 0.506962699 0.139332057 0.569816733
v 0.500000005 0.139936848 0.570139997
v 0.493037310 0.139332057 0.569816733
v 0.486342158 0.137540924 0.568859350
v 0.480171894 0.134632288 0.567304653
v 0.474763590 0.130717903 0.565212376
v 0.470325134 0.125948223 0.562662943
v 0.467027056 0.120506522 0.559754280
v 0.464996117 0.114601939 0.556598222
v 0.464310345 0.108461385 0.553316018
v 0.464996117 0.102320831 0.550033815
v 0.467027056 0.096416248 0.546877766
v 0.470325134 0.090974556 0.543969131
v 0.474763590 0.086204867 0.541419670
v 0.480171894 0.082290491 0.539327384
v 0.486342158 0.079381846 0.537772668
v 0.493037310 0.077590712 0.536815285
v 0.500000005 0.076985922 0.536492021
v 0.506962699 0.077590712 0.536815285
v 0.513657852 0.079381846 0.537772668
v 0.519828115 0.082290491 0.539327384
v 0.525236401 0.086204867 0.541419670
v 0.529674875 0.090974556 0.543969131
v 0.532972953 0.096416248 0.546877766
v 0.535003874 0.102320831 0.550033815
v 0.535003874 0.110662090 0.564928336
v 0.535689646 0.104229386 0.562263827
v 0.532972953 0.116847585 0.567490450
v 0.529674875 0.122548169 0.569851721
v 0.525236401 0.127544779 0.571921373
v 0.519828115 0.131645381 0.573619887
v 0.513657852 0.134692415 0.574882026
v 0.506962699 0.136568766 0.575659225
v 0.500000005 0.137202325 0.575921674
v 0.493037310 0.136568766 0.575659225
v 0.486342158 0.134692415 0.574882026
v 0.480171894 0.131645381 0.573619887
v 0.474763590 0.127544779 0.571921373
v 0.470325134 0.122548169 0.569851721
v 0.467027056 0.116847585 0.567490450
v 0.464996117 0.110662090 0.564928336
v 0.464310345 0.104229386 0.562263827
v 0.464996117 0.097796692 0.559599318
v 0.467027056 0.091611188 0.557037177
v 0.470325134 0.085910604 0.554675934
v 0.474763590 0.080914003 0.552606272
v 0.480171894 0.076813392 0.550907758
v 0.486342158 0.073766367 0.549645629
v 0.493037310 0.071890016 0.548868420
v 0.500000005 0.071256448 0.548605980
v 0.506962699 0.071890016 0.548868420
v 0.513657852 0.073766367 0.549645629
v 0.519828115 0.076813392 0.550907758
v 0.525236401 0.080914003 0.552606272
v 0.529674875 0.085910604 0.554675934
v 0.532972953 0.091611188 0.557037177
v 0.535003874 0.097796692 0.559599318
v 0.535003874 0.107557695 0.573604507
v 0.535689646 0.100894812 0.571583352
v 0.532972953 0.113964543 0.575548022
v 0.529674875 0.119869127 0.577339146
v 0.525236401 0.125044533 0.578909113
v 0.519828115 0.129291884 0.580197525
v 0.513657852 0.132447942 0.581154907
v 0.506962699 0.134391439 0.581744429
v 0.500000005 0.135047669 0.581943521
v 0.493037310 0.134391439 0.581744429
v 0.486342158 0.132447942 0.581154907
v 0.480171894 0.129291884 0.580197525
v 0.474763590 0.125044533 0.578909113
v 0.470325134 0.119869127 0.577339146
v 0.467027056 0.113964543 0.575548022
v 0.464996117 0.107557695 0.573604507
v 0.464310345 0.100894812 0.571583352
v 0.464996117 0.094231911 0.569562169
v 0.467027056 0.087825071 0.567618681
v 0.470325134 0.081920488 0.565827539
v 0.474763590 0.076745082 0.564257610
v 0.480171894 0.072497740 0.562969198
v 0.486342158 0.069341673 0.562011815
v 0.493037310 0.067398176 0.561422275
v 0.500000005 0.066741936 0.561223201
v 0.506962699 0.067398176 0.561422275
v 0.513657852 0.069341673 0.562011815
v 0.519828115 0.072497740 0.562969198
v 0.525236401 0.076745082 0.564257610
v 0.529674875 0.081920488 0.565827539
v 0.532972953 0.087825071 0.567618681
v 0.535003874 0.094231911 0.569562169
v 0.535003874 0.105318678 0.582543210
v 0.535689646 0.098489755 0.581184831
v 0.532972953 0.111885171 0.583849358
v 0.529674875 0.117936867 0.585053139
v 0.525236401 0.123241240 0.586108234
v 0.519828115 0.127594422 0.586974115
v 0.513657852 0.130829134 0.587617562
v 0.506962699 0.132821045 0.588013782
v 0.500000005 0.133493643 0.588147553
v 0.493037310 0.132821045 0.588013782
v 0.486342158 0.130829134 0.587617562
v 0.480171894 0.127594422 0.586974115
v 0.474763590 0.123241240 0.586108234
v 0.470325134 0.117936867 0.585053139
v 0.467027056 0.111885171 0.583849358
v 0.464996117 0.105318678 0.582543210
v 0.464310345 0.098489755 0.581184831
v 0.464996117 0.091660840 0.579826489
v 0.467027056 0.085094357 0.578520341
v 0.470325134 0.079042642 0.577316569
v 0.474763590 0.073738269 0.576261474
v 0.480171894 0.069385087 0.575395584
v 0.486342158 0.066150385 0.574752146
v 0.493037310 0.064158464 0.574355945
v 0.500000005 0.063485866 0.574222136
v 0.506962699 0.064158464 0.574355945
v 0.513657852 0.066150385 0.574752146
v 0.519828115 0.069385087 0.575395584
v 0.525236401 0.073738269 0.576261474
v 0.529674875 0.079042642 0.577316569
v 0.532972953 0.085094357 0.578520341
v 0.535003874 0.091660840 0.579826489
v 0.535003874 0.103966574 0.591658317
v 0.535689646 0.097037397 0.590975859
v 0.532972953 0.110629475 0.592314566
v 0.529674875 0.116770029 0.592919347
v 0.525236401 0.122152274 0.593449441
v 0.519828115 0.126569372 0.593884495
v 0.513657852 0.129851566 0.594207759
v 0.506962699 0.131872730 0.594406823
v 0.500000005 0.132555197 0.594474063
v 0.493037310 0.131872730 0.594406823
v 0.486342158 0.129851566 0.594207759
v 0.480171894 0.126569372 0.593884495
v 0.474763590 0.122152274 0.593449441
v 0.470325134 0.116770029 0.592919347
v 0.467027056 0.110629475 0.592314566
v 0.464996117 0.103966574 0.591658317
v 0.464310345 0.097037397 0.590975859
v 0.464996117 0.090108219 0.590293392
v 0.467027056 0.083445327 0.589637162
v 0.470325134 0.077304764 0.589032343
v 0.474763590 0.071922519 0.588502240
v 0.480171894 0.067505431 0.588067196
v 0.486342158 0.064223236 0.587743931
v 0.493037310 0.062202063 0.587544857
v 0.500000005 0.061519605 0.587477674
v 0.506962699 0.062202063 0.587544857
v 0.513657852 0.064223236 0.587743931
v 0.519828115 0.067505431 0.588067196
v 0.525236401 0.071922519 0.588502240
v 0.529674875 0.077304764 0.589032343
v 0.532972953 0.083445327 0.589637162
v 0.535003874 0.090108219 0.590293392
v 0.535003874 0.103514426 0.600862086
v 0.535689646 0.096551723 0.600862086
v 0.532972953 0.110209560 0.600862086
v 0.529674875 0.116379833 0.600862086
v 0.525236401 0.121788119 0.600862086
v 0.519828115 0.126226584 0.600862086
v 0.513657852 0.129524661 0.600862086
v 0.506962699 0.131555601 0.600862086
v 0.500000005 0.132241373 0.600862086
v 0.493037310 0.131555601 0.600862086
v 0.486342158 0.129524661 0.600862086
v 0.480171894 0.126226584 0.600862086
v 0.474763590 0.121788119 0.600862086
v 0.470325134 0.116379833 0.600862086
v 0.467027056 0.110209560 0.600862086
v 0.464996117 0.103514426 0.600862086
v 0.464310345 0.096551723 0.600862086
v 0.464996117 0.089589019 0.600862086
v 0.467027056 0.082893885 0.600862086
v 0.470325134 0.076723612 0.600862086
v 0.474763590 0.071315326 0.600862086
v 0.480171894 0.066876861 0.600862086
v 0.486342158 0.063578784 0.600862086
v 0.493037310 0.061547834 0.600862086
v 0.500000005 0.060862072 0.600862086
v 0.506962699 0.061547834 0.600862086
v 0.513657852 0.063578784 0.600862086
v 0.519828115 0.066876861 0.600862086
v 0.525236401 0.071315326 0.600862086
v 0.529674875 0.076723612 0.600862086
v 0.532972953 0.082893885 0.600862086
v 0.535003874 0.089589019 0.600862086
v 0.535003874 0.103514426 0.724224132
v 0.535689646 0.096551723 0.724224132
v 0.532972953 0.110209560 0.724224132
v 0.529674875 0.116379833 0.724224132
v 0.525236401 0.121788119 0.724224132
v 0.519828115 0.126226584 0.724224132
v 0.513657852 0.129524661 0.724224132
v 0.506962699 0.131555601 0.724224132
v 0.500000005 0.132241373 0.724224132
v 0.493037310 0.131555601 0.724224132
v 0.486342158 0.129524661 0.724224132
v 0.480171894 0.126226584 0.724224132
v 0.474763590 0.121788119 0.724224132
v 0.470325134 0.116379833 0.724224132
v 0.467027056 0.110209560 0.724224132
v 0.464996117 0.103514426 0.724224132
v 0.464310345 0.096551723 0.724224132
v 0.464996117 0.089589019 0.724224132
v 0.467027056 0.082893885 0.724224132
v 0.470325134 0.076723612 0.724224132
v 0.474763590 0.071315326 0.724224132
v 0.480171894 0.066876861 0.724224132
v 0.486342158 0.063578784 0.724224132
v 0.493037310 0.061547834 0.724224132
v 0.500000005 0.060862072 0.724224132
v 0.506962699 0.061547834 0.724224132
v 0.513657852 0.063578784 0.724224132
v 0.519828115 0.066876861 0.724224132
v 0.525236401 0.071315326 0.724224132
v 0.529674875 0.076723612 0.724224132
v 0.532972953 0.082893885 0.724224132
v 0.535003874 0.089589019 0.724224132
v 0.500000023 0.237758617 0.644310363
v 0.500000023 0.333965507 0.644310363
v 0.477424924 0.333965507 0.642533670
v 0.477424924 0.237758617 0.642533670
v 0.455405670 0.333965507 0.637247284
v 0.455405670 0.237758617 0.637247284
v 0.434484488 0.333965507 0.628581458
v 0.434484488 0.237758617 0.628581458
v 0.415176538 0.333965507 0.616749546
v 0.415176538 0.237758617 0.616749546
v 0.397957204 0.333965507 0.602042842
v 0.397957204 0.237758617 0.602042842
v 0.383250500 0.333965507 0.584823500
v 0.383250500 0.237758617 0.584823500
v 0.371418570 0.333965507 0.565515549
v 0.371418570 0.237758617 0.565515549
v 0.362752734 0.333965507 0.544594367
v 0.362752734 0.237758617 0.544594367
v 0.357466367 0.333965507 0.522575132
v 0.357466367 0.237758617 0.522575132
v 0.355689665 0.333965507 0.500000023
v 0.355689665 0.237758617 0.500000023
v 0.357466358 0.333965507 0.477424924
v 0.357466358 0.237758617 0.477424924
v 0.362752706 0.333965507 0.455405670
v 0.362752706 0.237758617 0.455405670
v 0.371418552 0.333965507 0.434484488
v 0.371418552 0.237758617 0.434484488
v 0.383250472 0.333965507 0.415176538
v 0.383250472 0.237758617 0.415176538
v 0.397957176 0.333965507 0.397957204
v 0.397957176 0.237758617 0.397957204
v 0.415176491 0.333965507 0.383250500
v 0.415176491 0.237758617 0.383250500
v 0.434484460 0.333965507 0.371418570
v 0.434484460 0.237758617 0.371418570
v 0.455405642 0.333965507 0.362752734
v 0.455405642 0.237758617 0.362752734
v 0.477424877 0.333965507 0.357466367
v 0.477424877 0.237758617 0.357466367
v 0.499999986 0.333965507 0.355689665
v 0.499999986 0.237758617 0.355689665
v 0.522575086 0.333965507 0.357466358
v 0.522575086 0.237758617 0.357466358
v 0.544594339 0.333965507 0.362752706
v 0.544594339 0.237758617 0.362752706
v 0.565515502 0.333965507 0.371418552
v 0.565515502 0.237758617 0.371418552
v 0.584823481 0.333965507 0.383250472
v 0.584823481 0.237758617 0.383250472
v 0.602042796 0.333965507 0.397957176
v 0.602042796 0.237758617 0.397957176
v 0.616749500 0.333965507 0.415176491
v 0.616749500 0.237758617 0.415176491
v 0.628581439 0.333965507 0.434484460
v 0.628581439 0.237758617 0.434484460
v 0.637247284 0.333965507 0.455405642
v 0.637247284 0.237758617 0.455405642
v 0.642533624 0.333965507 0.477424877
v 0.642533624 0.237758617 0.477424877
v 0.644310363 0.333965507 0.499999986
v 0.644310363 0.237758617 0.499999986
v 0.642533670 0.333965507 0.522575086
v 0.642533670 0.237758617 0.522575086
v 0.637247284 0.333965507 0.544594339
v 0.637247284 0.237758617 0.544594339
v 0.628581458 0.333965507 0.565515502
v 0.628581458 0.237758617 0.565515502
v 0.616749546 0.333965507 0.584823481
v 0.616749546 0.237758617 0.584823481
v 0.602042842 0.333965507 0.602042796
v 0.602042842 0.237758617 0.602042796
v 0.584823500 0.333965507 0.616749500
v 0.584823500 0.237758617 0.616749500
v 0.565515549 0.333965507 0.628581439
v 0.565515549 0.237758617 0.628581439
v 0.544594367 0.333965507 0.637247284
v 0.544594367 0.237758617 0.637247284
v 0.522575132 0.333965507 0.642533624
v 0.522575132 0.237758617 0.642533624
v 0.500000023 0.374310293 0.614827584
v 0.500000023 0.396034455 0.614827584
v 0.477598264 0.396034455 0.612621218
v 0.477598264 0.374310293 0.612621218
v 0.456057413 0.396034455 0.606086865
v 0.456057413 0.374310293 0.606086865
v 0.436205226 0.396034455 0.595475642
v 0.436205226 0.374310293 0.595475642
v 0.418804658 0.396034455 0.581195370
v 0.418804658 0.374310293 0.581195370
v 0.404524377 0.396034455 0.563794820
v 0.404524377 0.374310293 0.563794820
v 0.393913163 0.396034455 0.543942643
v 0.393913163 0.374310293 0.543942643
v 0.387378810 0.396034455 0.522401774
v 0.387378810 0.374310293 0.522401774
v 0.385172426 0.396034455 0.500000023
v 0.385172426 0.374310293 0.500000023
v 0.387378810 0.396034455 0.477598264
v 0.387378810 0.374310293 0.477598264
v 0.393913145 0.396034455 0.456057413
v 0.393913145 0.374310293 0.456057413
v 0.404524358 0.396034455 0.436205226
v 0.404524358 0.374310293 0.436205226
v 0.418804621 0.396034455 0.418804658
v 0.418804621 0.374310293 0.418804658
v 0.436205208 0.396034455 0.404524377
v 0.436205208 0.374310293 0.404524377
v 0.456057367 0.396034455 0.393913163
v 0.456057367 0.374310293 0.393913163
v 0.477598236 0.396034455 0.387378810
v 0.477598236 0.374310293 0.387378810
v 0.499999986 0.396034455 0.385172426
v 0.499999986 0.374310293 0.385172426
v 0.522401746 0.396034455 0.387378810
v 0.522401746 0.374310293 0.387378810
v 0.543942596 0.396034455 0.393913145
v 0.543942596 0.374310293 0.393913145
v 0.563794774 0.396034455 0.404524358
v 0.563794774 0.374310293 0.404524358
v 0.581195352 0.396034455 0.418804621
v 0.581195352 0.374310293 0.418804621
v 0.595475642 0.396034455 0.436205208
v 0.595475642 0.374310293 0.436205208
v 0.606086846 0.396034455 0.456057367
v 0.606086846 0.374310293 0.456057367
v 0.612621190 0.396034455 0.477598236
v 0.612621190 0.374310293 0.477598236
v 0.614827584 0.396034455 0.499999986
v 0.614827584 0.374310293 0.499999986
v 0.612621218 0.396034455 0.522401746
v 0.612621218 0.374310293 0.522401746
v 0.606086865 0.396034455 0.543942596
v 0.606086865 0.374310293 0.543942596
v 0.595475642 0.396034455 0.563794774
v 0.595475642 0.374310293 0.563794774
v 0.581195370 0.396034455 0.581195352
v 0.581195370 0.374310293 0.581195352
v 0.563794820 0.396034455 0.595475642
v 0.563794820 0.374310293 0.595475642
v 0.543942643 0.396034455 0.606086846
v 0.543942643 0.374310293 0.606086846
v 0.522401774 0.396034455 0.612621190
v 0.522401774 0.374310293 0.612621190
v 0.573402137 0.394482747 0.543541516
v 0.567400903 0.394482747 0.552353180
v 0.609066938 0.642758566 0.584716999
v 0.618778010 0.642758566 0.570458085
v 0.592086332 0.394482747 0.554624811
v 0.637462204 0.642758566 0.581541417
v 0.626223520 0.642758566 0.598043239
v 0.584557512 0.394482747 0.565679458
v 0.560347907 0.394482747 0.560347907
v 0.597653890 0.642758566 0.597653890
v 0.613015158 0.642758566 0.613015158
v 0.575709194 0.394482747 0.575709194
v 0.552353180 0.394482747 0.567400903
v 0.584716999 0.642758566 0.609066938
v 0.598043239 0.642758566 0.626223520
v 0.565679458 0.394482747 0.584557512
v 0.543541516 0.394482747 0.573402137
v 0.570458085 0.642758566 0.618778010
v 0.581541417 0.642758566 0.637462204
v 0.554624811 0.394482747 0.592086332
v 0.456458475 0.394482747 0.573402137
v 0.447646820 0.394482747 0.567400903
v 0.415283020 0.642758566 0.609066938
v 0.429541906 0.642758566 0.618778010
v 0.445375189 0.394482747 0.592086332
v 0.418458611 0.642758566 0.637462204
v 0.401956751 0.642758566 0.626223520
v 0.434320552 0.394482747 0.584557512
v 0.439652093 0.394482747 0.560347907
v 0.402346119 0.642758566 0.597653890
v 0.386984833 0.642758566 0.613015158
v 0.424290806 0.394482747 0.575709194
v 0.432599088 0.394482747 0.552353180
v 0.390933080 0.642758566 0.584716999
v 0.373776480 0.642758566 0.598043239
v 0.415442497 0.394482747 0.565679458
v 0.426597854 0.394482747 0.543541516
v 0.381221981 0.642758566 0.570458085
v 0.362537805 0.642758566 0.581541417
v 0.407913677 0.394482747 0.554624811
v 0.426597854 0.394482747 0.456458475
v 0.432599088 0.394482747 0.447646820
v 0.390933080 0.642758566 0.415283020
v 0.381221981 0.642758566 0.429541906
v 0.407913677 0.394482747 0.445375189
v 0.362537805 0.642758566 0.418458611
v 0.373776480 0.642758566 0.401956751
v 0.415442497 0.394482747 0.434320552
v 0.439652093 0.394482747 0.439652093
v 0.402346119 0.642758566 0.402346119
v 0.386984833 0.642758566 0.386984833
v 0.424290806 0.394482747 0.424290806
v 0.447646820 0.394482747 0.432599088
v 0.415283020 0.642758566 0.390933080
v 0.401956751 0.642758566 0.373776480
v 0.434320552 0.394482747 0.415442497
v 0.456458475 0.394482747 0.426597854
v 0.429541906 0.642758566 0.381221981
v 0.418458611 0.642758566 0.362537805
v 0.445375189 0.394482747 0.407913677
v 0.543541516 0.394482747 0.426597854
v 0.552353180 0.394482747 0.432599088
v 0.584716999 0.642758566 0.390933080
v 0.570458085 0.642758566 0.381221981
v 0.554624811 0.394482747 0.407913677
v 0.581541417 0.642758566 0.362537805
v 0.598043239 0.642758566 0.373776480
v 0.565679458 0.394482747 0.415442497
v 0.560347907 0.394482747 0.439652093
v 0.597653890 0.642758566 0.402346119
v 0.613015158 0.642758566 0.386984833
v 0.575709194 0.394482747 0.424290806
v 0.567400903 0.394482747 0.447646820
v 0.609066938 0.642758566 0.415283020
v 0.626223520 0.642758566 0.401956751
v 0.584557512 0.394482747 0.434320552
v 0.573402137 0.394482747 0.456458475
v 0.618778010 0.642758566 0.429541906
v 0.637462204 0.642758566 0.418458611
v 0.592086332 0.394482747 0.445375189
v 0.500000023 0.211379292 0.603965531
v 0.500000023 0.245517225 0.603965531
v 0.479717354 0.245517225 0.601967857
v 0.479717354 0.211379292 0.601967857
v 0.460214128 0.245517225 0.596051626
v 0.460214128 0.211379292 0.596051626
v 0.442239875 0.245517225 0.586444170
v 0.442239875 0.211379292 0.586444170
v 0.426485301 0.245517225 0.573514746
v 0.426485301 0.211379292 0.573514746
v 0.413555849 0.245517225 0.557760153
v 0.413555849 0.211379292 0.557760153
v 0.403948411 0.245517225 0.539785900
v 0.403948411 0.211379292 0.539785900
v 0.398032162 0.245517225 0.520282702
v 0.398032162 0.211379292 0.520282702
v 0.396034488 0.245517225 0.500000023
v 0.396034488 0.211379292 0.500000023
v 0.398032162 0.245517225 0.479717354
v 0.398032162 0.211379292 0.479717354
v 0.403948383 0.245517225 0.460214128
v 0.403948383 0.211379292 0.460214128
v 0.413555839 0.245517225 0.442239875
v 0.413555839 0.211379292 0.442239875
v 0.426485264 0.245517225 0.426485301
v 0.426485264 0.211379292 0.426485301
v 0.442239838 0.245517225 0.413555849
v 0.442239838 0.211379292 0.413555849
v 0.460214109 0.245517225 0.403948411
v 0.460214109 0.211379292 0.403948411
v 0.479717307 0.245517225 0.398032162
v 0.479717307 0.211379292 0.398032162
v 0.499999986 0.245517225 0.396034488
v 0.499999986 0.211379292 0.396034488
v 0.520282655 0.245517225 0.398032162
v 0.520282655 0.211379292 0.398032162
v 0.539785881 0.245517225 0.403948383
v 0.539785881 0.211379292 0.403948383
v 0.557760134 0.245517225 0.413555839
v 0.557760134 0.211379292 0.413555839
v 0.573514718 0.245517225 0.426485264
v 0.573514718 0.211379292 0.426485264
v 0.586444151 0.245517225 0.442239838
v 0.586444151 0.211379292 0.442239838
v 0.596051598 0.245517225 0.460214109
v 0.596051598 0.211379292 0.460214109
v 0.601967838 0.245517225 0.479717307
v 0.601967838 0.211379292 0.479717307
v 0.603965531 0.245517225 0.499999986
v 0.603965531 0.211379292 0.499999986
v 0.601967857 0.245517225 0.520282655
v 0.601967857 0.211379292 0.520282655
v 0.596051626 0.245517225 0.539785881
v 0.596051626 0.211379292 0.539785881
v 0.586444170 0.245517225 0.557760134
v 0.586444170 0.211379292 0.557760134
v 0.573514746 0.245517225 0.573514718
v 0.573514746 0.211379292 0.573514718
v 0.557760153 0.245517225 0.586444151
v 0.557760153 0.211379292 0.586444151
v 0.539785900 0.245517225 0.596051598
v 0.539785900 0.211379292 0.596051598
v 0.520282702 0.245517225 0.601967838
v 0.520282702 0.211379292 0.601967838
v 0.304482770 0.063965517 0.378965517
v 0.304482770 0.104310340 0.378965517
v 0.304482770 0.104310340 0.304482770
v 0.304482770 0.063965517 0.304482770
v 0.385172426 0.104310340 0.304482770
v 0.385172426 0.063965517 0.304482770
v 0.385172426 0.104310340 0.378965517
v 0.385172426 0.063965517 0.378965517
v 0.304482770 0.063965517 0.695517230
v 0.304482770 0.104310340 0.695517230
v 0.304482770 0.104310340 0.621034455
v 0.304482770 0.063965517 0.621034455
v 0.385172426 0.104310340 0.621034455
v 0.385172426 0.063965517 0.621034455
v 0.385172426 0.104310340 0.695517230
v 0.385172426 0.063965517 0.695517230
v 0.614827565 0.063965517 0.378965517
v 0.614827565 0.104310340 0.378965517
v 0.614827565 0.104310340 0.304482770
v 0.614827565 0.063965517 0.304482770
v 0.695517230 0.104310340 0.304482770
v 0.695517230 0.063965517 0.304482770
v 0.695517230 0.104310340 0.378965517
v 0.695517230 0.063965517 0.378965517
v 0.614827565 0.063965517 0.695517230
v 0.614827565 0.104310340 0.695517230
v 0.614827565 0.104310340 0.621034455
v 0.614827565 0.063965517 0.621034455
v 0.695517230 0.104310340 0.621034455
v 0.695517230 0.063965517 0.621034455
v 0.695517230 0.104310340 0.695517230
v 0.695517230 0.063965517 0.695517230
v 0.500000023 0.212931020 0.588448277
v 0.500000023 0.242413780 0.641206872
v 0.477910402 0.242413780 0.639468425
v 0.486163669 0.212931020 0.587359330
v 0.456364692 0.242413780 0.634295738
v 0.472667999 0.212931020 0.584119312
v 0.435893432 0.242413780 0.625816285
v 0.459845336 0.212931020 0.578808002
v 0.417000704 0.242413780 0.614238798
v 0.448011423 0.212931020 0.571556156
v 0.400151662 0.242413780 0.599848366
v 0.437457644 0.212931020 0.562542384
v 0.385761230 0.242413780 0.582999352
v 0.428443862 0.212931020 0.551988605
v 0.374183752 0.242413780 0.564106624
v 0.421192026 0.212931020 0.540154692
v 0.365704281 0.242413780 0.543635364
v 0.415880698 0.212931020 0.527332029
v 0.360531593 0.242413780 0.522089644
v 0.412640679 0.212931020 0.513836387
v 0.358793110 0.242413780 0.500000023
v 0.411551732 0.212931020 0.500000023
v 0.360531593 0.242413780 0.477910402
v 0.412640679 0.212931020 0.486163669
v 0.365704253 0.242413780 0.456364692
v 0.415880698 0.212931020 0.472667999
v 0.374183724 0.242413780 0.435893432
v 0.421192007 0.212931020 0.459845336
v 0.385761212 0.242413780 0.417000704
v 0.428443834 0.212931020 0.448011423
v 0.400151643 0.242413780 0.400151662
v 0.437457626 0.212931020 0.437457644
v 0.417000658 0.242413780 0.385761230
v 0.448011404 0.212931020 0.428443862
v 0.435893395 0.242413780 0.374183752
v 0.459845317 0.212931020 0.421192026
v 0.456364645 0.242413780 0.365704281
v 0.472667980 0.212931020 0.415880698
v 0.477910365 0.242413780 0.360531593
v 0.486163622 0.212931020 0.412640679
v 0.499999986 0.242413780 0.358793110
v 0.499999986 0.212931020 0.411551732
v 0.522089607 0.242413780 0.360531593
v 0.513836340 0.212931020 0.412640679
v 0.543635318 0.242413780 0.365704253
v 0.527332011 0.212931020 0.415880698
v 0.564106577 0.242413780 0.374183724
v 0.540154673 0.212931020 0.421192007
v 0.582999305 0.242413780 0.385761212
v 0.551988587 0.212931020 0.428443834
v 0.599848347 0.242413780 0.400151643
v 0.562542365 0.212931020 0.437457626
v 0.614238779 0.242413780 0.417000658
v 0.571556156 0.212931020 0.448011404
v 0.625816258 0.242413780 0.435893395
v 0.578807984 0.212931020 0.459845317
v 0.634295738 0.242413780 0.456364645
v 0.584119312 0.212931020 0.472667980
v 0.639468397 0.242413780 0.477910365
v 0.587359330 0.212931020 0.486163622
v 0.641206872 0.242413780 0.499999986
v 0.588448277 0.212931020 0.499999986
v 0.639468425 0.242413780 0.522089607
v 0.587359330 0.212931020 0.513836340
v 0.634295738 0.242413780 0.543635318
v 0.584119312 0.212931020 0.527332011
v 0.625816285 0.242413780 0.564106577
v 0.578808002 0.212931020 0.540154673
v 0.614238798 0.242413780 0.582999305
v 0.571556156 0.212931020 0.551988587
v 0.599848366 0.242413780 0.599848347
v 0.562542384 0.212931020 0.562542365
v 0.582999352 0.242413780 0.614238779
v 0.551988605 0.212931020 0.571556156
v 0.564106624 0.242413780 0.625816258
v 0.540154692 0.212931020 0.578807984
v 0.543635364 0.242413780 0.634295738
v 0.527332029 0.212931020 0.584119312
v 0.522089644 0.242413780 0.639468397
v 0.513836387 0.212931020 0.587359330
v 0.500000023 0.332413780 0.644310363
v 0.500000023 0.355689642 0.619482756
v 0.481308808 0.355689642 0.618011740
v 0.477424924 0.332413780 0.642533670
v 0.463077822 0.355689642 0.613634863
v 0.455405670 0.332413780 0.637247284
v 0.445755982 0.355689642 0.606459921
v 0.434484488 0.332413780 0.628581458
v 0.429769823 0.355689642 0.596663586
v 0.415176538 0.332413780 0.616749546
v 0.415512958 0.355689642 0.584487080
v 0.397957204 0.332413780 0.602042842
v 0.403336433 0.355689642 0.570230205
v 0.383250500 0.332413780 0.584823500
v 0.393540107 0.355689642 0.554244055
v 0.371418570 0.332413780 0.565515549
v 0.386365164 0.355689642 0.536922215
v 0.362752734 0.332413780 0.544594367
v 0.381988278 0.355689642 0.518691238
v 0.357466367 0.332413780 0.522575132
v 0.380517253 0.355689642 0.500000023
v 0.355689665 0.332413780 0.500000023
v 0.381988278 0.355689642 0.481308808
v 0.357466358 0.332413780 0.477424924
v 0.386365146 0.355689642 0.463077822
v 0.362752706 0.332413780 0.455405670
v 0.393540079 0.355689642 0.445755982
v 0.371418552 0.332413780 0.434484488
v 0.403336414 0.355689642 0.429769823
v 0.383250472 0.332413780 0.415176538
v 0.415512930 0.355689642 0.415512958
v 0.397957176 0.332413780 0.397957204
v 0.429769786 0.355689642 0.403336433
v 0.415176491 0.332413780 0.383250500
v 0.445755954 0.355689642 0.393540107
v 0.434484460 0.332413780 0.371418570
v 0.463077795 0.355689642 0.386365164
v 0.455405642 0.332413780 0.362752734
v 0.481308771 0.355689642 0.381988278
v 0.477424877 0.332413780 0.357466367
v 0.499999986 0.355689642 0.380517253
v 0.499999986 0.332413780 0.355689665
v 0.518691201 0.355689642 0.381988278
v 0.522575086 0.332413780 0.357466358
v 0.536922187 0.355689642 0.386365146
v 0.544594339 0.332413780 0.362752706
v 0.554244036 0.355689642 0.393540079
v 0.565515502 0.332413780 0.371418552
v 0.570230186 0.355689642 0.403336414
v 0.584823481 0.332413780 0.383250472
v 0.584487052 0.355689642 0.415512930
v 0.602042796 0.332413780 0.397957176
v 0.596663586 0.355689642 0.429769786
v 0.616749500 0.332413780 0.415176491
v 0.606459921 0.355689642 0.445755954
v 0.628581439 0.332413780 0.434484460
v 0.613634845 0.355689642 0.463077795
v 0.637247284 0.332413780 0.455405642
v 0.618011722 0.355689642 0.481308771
v 0.642533624 0.332413780 0.477424877
v 0.619482756 0.355689642 0.499999986
v 0.644310363 0.332413780 0.499999986
v 0.618011740 0.355689642 0.518691201
v 0.642533670 0.332413780 0.522575086
v 0.613634863 0.355689642 0.536922187
v 0.637247284 0.332413780 0.544594339
v 0.606459921 0.355689642 0.554244036
v 0.628581458 0.332413780 0.565515502
v 0.596663586 0.355689642 0.570230186
v 0.616749546 0.332413780 0.584823481
v 0.584487080 0.355689642 0.584487052
v 0.602042842 0.332413780 0.602042796
v 0.570230205 0.355689642 0.596663586
v 0.584823500 0.332413780 0.616749500
v 0.554244055 0.355689642 0.606459921
v 0.565515549 0.332413780 0.628581439
v 0.536922215 0.355689642 0.613634845
v 0.544594367 0.332413780 0.637247284
v 0.518691238 0.355689642 0.618011722
v 0.522575132 0.332413780 0.642533624
v 0.500000005 0.340172398 0.292068980
v 0.500000005 0.340172416 0.269568978
v 0.485140229 0.338216071 0.269568978
v 0.485140229 0.338216071 0.292068980
v 0.471293122 0.332480414 0.269568978
v 0.471293122 0.332480414 0.292068980
v 0.459402322 0.323356295 0.269568978
v 0.459402322 0.323356295 0.292068980
v 0.450278212 0.311465514 0.269568978
v 0.450278212 0.311465514 0.292068971
v 0.444542547 0.297618416 0.269568978
v 0.444542547 0.297618416 0.292068971
v 0.442586210 0.282758613 0.269568969
v 0.442586210 0.282758613 0.292068971
v 0.444542547 0.267898837 0.269568969
v 0.444542547 0.267898837 0.292068971
v 0.450278203 0.254051730 0.269568969
v 0.450278203 0.254051730 0.292068971
v 0.459402322 0.242160930 0.269568969
v 0.459402322 0.242160930 0.292068971
v 0.471293103 0.233036820 0.269568969
v 0.471293103 0.233036820 0.292068971
v 0.485140201 0.227301155 0.269568969
v 0.485140201 0.227301155 0.292068971
v 0.500000005 0.225344818 0.269568978
v 0.500000005 0.225344818 0.292068971
v 0.514859780 0.227301155 0.269568978
v 0.514859780 0.227301155 0.292068971
v 0.528706888 0.233036811 0.269568978
v 0.528706888 0.233036811 0.292068980
v 0.540597687 0.242160930 0.269568978
v 0.540597687 0.242160930 0.292068980
v 0.549721806 0.254051711 0.269568978
v 0.549721806 0.254051711 0.292068980
v 0.555457463 0.267898809 0.269568978
v 0.555457463 0.267898809 0.292068980
v 0.557413808 0.282758613 0.269568987
v 0.557413790 0.282758613 0.292068980
v 0.555457463 0.297618388 0.269568987
v 0.555457463 0.297618388 0.292068980
v 0.549721806 0.311465496 0.269568987
v 0.549721806 0.311465496 0.292068980
v 0.540597687 0.323356295 0.269568987
v 0.540597687 0.323356295 0.292068980
v 0.528706906 0.332480414 0.269568987
v 0.528706906 0.332480414 0.292068980
v 0.514859808 0.338216071 0.269568987
v 0.514859808 0.338216071 0.292068980
v 0.500000005 0.143103445 0.707931010
v 0.500000005 0.143103436 0.730431022
v 0.512048484 0.141517223 0.730431022
v 0.512048484 0.141517242 0.707931010
v 0.523275866 0.136866697 0.730431022
v 0.523275866 0.136866697 0.707931010
v 0.532917035 0.129468762 0.730431022
v 0.532917035 0.129468762 0.707931010
v 0.540314979 0.119827574 0.730431022
v 0.540314979 0.119827593 0.707931010
v 0.544965505 0.108600193 0.730431022
v 0.544965505 0.108600202 0.707931010
v 0.546551727 0.096551723 0.730431022
v 0.546551727 0.096551732 0.707931010
v 0.544965505 0.084503243 0.730431022
v 0.544965505 0.084503252 0.707931010
v 0.540314979 0.073275861 0.730431022
v 0.540314979 0.073275861 0.707931010
v 0.532917035 0.063634683 0.730431022
v 0.532917035 0.063634683 0.707931010
v 0.523275866 0.056236748 0.730431022
v 0.523275866 0.056236748 0.707931010
v 0.512048484 0.051586213 0.730431022
v 0.512048484 0.051586213 0.707931010
v 0.500000005 0.050000000 0.730431022
v 0.500000005 0.050000000 0.707931010
v 0.487951525 0.051586213 0.730431022
v 0.487951525 0.051586213 0.707931010
v 0.476724143 0.056236748 0.730431022
v 0.476724143 0.056236748 0.707931010
v 0.467082974 0.063634683 0.730431022
v 0.467082974 0.063634683 0.707931010
v 0.459685031 0.073275861 0.730431022
v 0.459685031 0.073275861 0.707931010
v 0.455034504 0.084503243 0.730431022
v 0.455034504 0.084503252 0.707931010
v 0.453448282 0.096551723 0.730431022
v 0.453448282 0.096551732 0.707931010
v 0.455034504 0.108600193 0.730431022
v 0.455034504 0.108600202 0.707931010
v 0.459685031 0.119827574 0.730431022
v 0.459685031 0.119827593 0.707931010
v 0.467082974 0.129468762 0.730431022
v 0.467082974 0.129468762 0.707931010
v 0.476724143 0.136866697 0.730431022
v 0.476724143 0.136866697 0.707931010
v 0.487951525 0.141517223 0.730431022
v 0.487951525 0.141517242 0.707931010
v 0.344827593 0.104310340 0.351034493
v 0.344827593 0.113620684 0.351034493
v 0.336764602 0.113620684 0.346379320
v 0.336764602 0.104310340 0.346379320
v 0.336764593 0.113620684 0.337068966
v 0.336764593 0.104310340 0.337068966
v 0.344827593 0.113620684 0.332413794
v 0.344827593 0.104310340 0.332413794
v 0.352890584 0.113620684 0.337068966
v 0.352890584 0.104310340 0.337068966
v 0.352890594 0.113620684 0.346379320
v 0.352890594 0.104310340 0.346379320
v 0.344827593 0.104310340 0.667586178
v 0.344827593 0.113620684 0.667586178
v 0.336764602 0.113620684 0.662931034
v 0.336764602 0.104310340 0.662931034
v 0.336764593 0.113620684 0.653620652
v 0.336764593 0.104310340 0.653620652
v 0.344827593 0.113620684 0.648965507
v 0.344827593 0.104310340 0.648965507
v 0.352890584 0.113620684 0.653620652
v 0.352890584 0.104310340 0.653620652
v 0.352890594 0.113620684 0.662931034
v 0.352890594 0.104310340 0.662931034
v 0.655172398 0.104310340 0.351034493
v 0.655172398 0.113620684 0.351034493
v 0.647109388 0.113620684 0.346379320
v 0.647109388 0.104310340 0.346379320
v 0.647109388 0.113620684 0.337068966
v 0.647109388 0.104310340 0.337068966
v 0.655172398 0.113620684 0.332413794
v 0.655172398 0.104310340 0.332413794
v 0.663235407 0.113620684 0.337068966
v 0.663235407 0.104310340 0.337068966
v 0.663235407 0.113620684 0.346379320
v 0.663235407 0.104310340 0.346379320
v 0.655172398 0.104310340 0.667586178
v 0.655172398 0.113620684 0.667586178
v 0.647109388 0.113620684 0.662931034
v 0.647109388 0.104310340 0.662931034
v 0.647109388 0.113620684 0.653620652
v 0.647109388 0.104310340 0.653620652
v 0.655172398 0.113620684 0.648965507
v 0.655172398 0.104310340 0.648965507
v 0.663235407 0.113620684 0.653620652
v 0.663235407 0.104310340 0.653620652
v 0.663235407 0.113620684 0.662931034
v 0.663235407 0.104310340 0.662931034
v 0.500000023 0.347931024 0.647413762
v 0.500000023 0.366551704 0.647413762
v 0.471241030 0.366551704 0.644581266
v 0.471241030 0.347931024 0.644581266
v 0.443587203 0.366551704 0.636192590
v 0.443587203 0.347931024 0.636192590
v 0.418101317 0.366551704 0.622570104
v 0.418101317 0.347931024 0.622570104
v 0.395762728 0.366551704 0.604237318
v 0.395762728 0.347931024 0.604237318
v 0.377429934 0.366551704 0.581898729
v 0.377429934 0.347931024 0.581898729
v 0.363807438 0.366551704 0.556412853
v 0.363807438 0.347931024 0.556412853
v 0.355418743 0.366551704 0.528759026
v 0.355418743 0.347931024 0.528759026
v 0.352586220 0.366551704 0.500000023
v 0.352586220 0.347931024 0.500000023
v 0.355418734 0.366551704 0.471241030
v 0.355418734 0.347931024 0.471241030
v 0.363807419 0.366551704 0.443587203
v 0.363807419 0.347931024 0.443587203
v 0.377429915 0.366551704 0.418101317
v 0.377429915 0.347931024 0.418101317
v 0.395762700 0.366551704 0.395762728
v 0.395762700 0.347931024 0.395762728
v 0.418101271 0.366551704 0.377429934
v 0.418101271 0.347931024 0.377429934
v 0.443587166 0.366551704 0.363807438
v 0.443587166 0.347931024 0.363807438
v 0.471240984 0.366551704 0.355418743
v 0.471240984 0.347931024 0.355418743
v 0.499999986 0.366551704 0.352586220
v 0.499999986 0.347931024 0.352586220
v 0.528758979 0.366551704 0.355418734
v 0.528758979 0.347931024 0.355418734
v 0.556412807 0.366551704 0.363807419
v 0.556412807 0.347931024 0.363807419
v 0.581898701 0.366551704 0.377429915
v 0.581898701 0.347931024 0.377429915
v 0.604237272 0.366551704 0.395762700
v 0.604237272 0.347931024 0.395762700
v 0.622570066 0.366551704 0.418101271
v 0.622570066 0.347931024 0.418101271
v 0.636192571 0.366551704 0.443587166
v 0.636192571 0.347931024 0.443587166
v 0.644581266 0.366551704 0.471240984
v 0.644581266 0.347931024 0.471240984
v 0.647413762 0.366551704 0.499999986
v 0.647413762 0.347931024 0.499999986
v 0.644581266 0.366551704 0.528758979
v 0.644581266 0.347931024 0.528758979
v 0.636192590 0.366551704 0.556412807
v 0.636192590 0.347931024 0.556412807
v 0.622570104 0.366551704 0.581898701
v 0.622570104 0.347931024 0.581898701
v 0.604237318 0.366551704 0.604237272
v 0.604237318 0.347931024 0.604237272
v 0.581898729 0.366551704 0.622570066
v 0.581898729 0.347931024 0.622570066
v 0.556412853 0.366551704 0.636192571
v 0.556412853 0.347931024 0.636192571
v 0.528759026 0.366551704 0.644581266
v 0.528759026 0.347931024 0.644581266
v 0.630344818 0.367327591 0.508068964
v 0.630344818 0.378965484 0.508068964
v 0.623356884 0.378965484 0.504034484
v 0.623356884 0.367327591 0.504034484
v 0.623356884 0.378965484 0.495965525
v 0.623356884 0.367327591 0.495965525
v 0.630344818 0.378965484 0.491931046
v 0.630344818 0.367327591 0.491931046
v 0.637332753 0.378965484 0.495965525
v 0.637332753 0.367327591 0.495965525
v 0.637332753 0.378965484 0.504034484
v 0.637332753 0.367327591 0.504034484
v 0.620422933 0.367327591 0.557949749
v 0.620422933 0.378965484 0.557949749
v 0.613434998 0.378965484 0.553915269
v 0.613434998 0.367327591 0.553915269
v 0.613434998 0.378965484 0.545846310
v 0.613434998 0.367327591 0.545846310
v 0.620422933 0.378965484 0.541811831
v 0.620422933 0.367327591 0.541811831
v 0.627410868 0.378965484 0.545846310
v 0.627410868 0.367327591 0.545846310
v 0.627410868 0.378965484 0.553915269
v 0.627410868 0.367327591 0.553915269
v 0.407832286 0.367327591 0.415901255
v 0.407832286 0.378965484 0.415901255
v 0.400844361 0.378965484 0.411866766
v 0.400844361 0.367327591 0.411866766
v 0.400844361 0.378965484 0.403797807
v 0.400844361 0.367327591 0.403797807
v 0.407832286 0.378965484 0.399763318
v 0.407832286 0.367327591 0.399763318
v 0.414820212 0.378965484 0.403797807
v 0.414820212 0.367327591 0.403797807
v 0.414820212 0.378965484 0.411866766
v 0.414820212 0.367327591 0.411866766
v 0.450119201 0.367327591 0.387646054
v 0.450119201 0.378965484 0.387646054
v 0.443131275 0.378965484 0.383611565
v 0.443131275 0.367327591 0.383611565
v 0.443131275 0.378965484 0.375542606
v 0.443131275 0.367327591 0.375542606
v 0.450119201 0.378965484 0.371508117
v 0.450119201 0.367327591 0.371508117
v 0.457107136 0.378965484 0.375542606
v 0.457107136 0.367327591 0.375542606
v 0.457107136 0.378965484 0.383611565
v 0.457107136 0.367327591 0.383611565
v 0.500000005 0.367327591 0.377724150
v 0.500000005 0.378965484 0.377724150
v 0.493012070 0.378965484 0.373689661
v 0.493012070 0.367327591 0.373689661
v 0.493012070 0.378965484 0.365620702
v 0.493012070 0.367327591 0.365620702
v 0.500000005 0.378965484 0.361586213
v 0.500000005 0.367327591 0.361586213
v 0.506987940 0.378965484 0.365620702
v 0.506987940 0.367327591 0.365620702
v 0.506987940 0.378965484 0.373689661
v 0.506987940 0.367327591 0.373689661
v 0.549880790 0.367327591 0.387646054
v 0.549880790 0.378965484 0.387646054
v 0.542892855 0.378965484 0.383611565
v 0.542892855 0.367327591 0.383611565
v 0.542892855 0.378965484 0.375542606
v 0.542892855 0.367327591 0.375542606
v 0.549880790 0.378965484 0.371508117
v 0.549880790 0.367327591 0.371508117
v 0.556868725 0.378965484 0.375542606
v 0.556868725 0.367327591 0.375542606
v 0.556868725 0.378965484 0.383611565
v 0.556868725 0.367327591 0.383611565
v 0.592167686 0.367327591 0.415901255
v 0.592167686 0.378965484 0.415901255
v 0.585179751 0.378965484 0.411866766
v 0.585179751 0.367327591 0.411866766
v 0.585179751 0.378965484 0.403797807
v 0.585179751 0.367327591 0.403797807
v 0.592167686 0.378965484 0.399763318
v 0.592167686 0.367327591 0.399763318
v 0.599155621 0.378965484 0.403797807
v 0.599155621 0.367327591 0.403797807
v 0.599155621 0.378965484 0.411866766
v 0.599155621 0.367327591 0.411866766
v 0.620422933 0.367327591 0.458188160
v 0.620422933 0.378965484 0.458188160
v 0.613434998 0.378965484 0.454153680
v 0.613434998 0.367327591 0.454153680
v 0.613434998 0.378965484 0.446084721
v 0.613434998 0.367327591 0.446084721
v 0.620422933 0.378965484 0.442050233
v 0.620422933 0.367327591 0.442050233
v 0.627410868 0.378965484 0.446084721
v 0.627410868 0.367327591 0.446084721
v 0.627410868 0.378965484 0.454153680
v 0.627410868 0.367327591 0.454153680
v 0.592167686 0.367327591 0.600236645
v 0.592167686 0.378965484 0.600236645
v 0.585179751 0.378965484 0.596202165
v 0.585179751 0.367327591 0.596202165
v 0.585179751 0.378965484 0.588133206
v 0.585179751 0.367327591 0.588133206
v 0.592167686 0.378965484 0.584098727
v 0.592167686 0.367327591 0.584098727
v 0.599155621 0.378965484 0.588133206
v 0.599155621 0.367327591 0.588133206
v 0.599155621 0.378965484 0.596202165
v 0.599155621 0.367327591 0.596202165
v 0.549880790 0.367327591 0.628491892
v 0.549880790 0.378965484 0.628491892
v 0.542892855 0.378965484 0.624457413
v 0.542892855 0.367327591 0.624457413
v 0.542892855 0.378965484 0.616388454
v 0.542892855 0.367327591 0.616388454
v 0.549880790 0.378965484 0.612353974
v 0.549880790 0.367327591 0.612353974
v 0.556868725 0.378965484 0.616388454
v 0.556868725 0.367327591 0.616388454
v 0.556868725 0.378965484 0.624457413
v 0.556868725 0.367327591 0.624457413
v 0.500000005 0.367327591 0.638413768
v 0.500000005 0.378965484 0.638413768
v 0.493012070 0.378965484 0.634379289
v 0.493012070 0.367327591 0.634379289
v 0.493012070 0.378965484 0.626310339
v 0.493012070 0.367327591 0.626310339
v 0.500000005 0.378965484 0.622275859
v 0.500000005 0.367327591 0.622275859
v 0.506987940 0.378965484 0.626310339
v 0.506987940 0.367327591 0.626310339
v 0.506987940 0.378965484 0.634379289
v 0.506987940 0.367327591 0.634379289
v 0.450119201 0.367327591 0.628491892
v 0.450119201 0.378965484 0.628491892
v 0.443131275 0.378965484 0.624457413
v 0.443131275 0.367327591 0.624457413
v 0.443131275 0.378965484 0.616388454
v 0.443131275 0.367327591 0.616388454
v 0.450119201 0.378965484 0.612353974
v 0.450119201 0.367327591 0.612353974
v 0.457107136 0.378965484 0.616388454
v 0.457107136 0.367327591 0.616388454
v 0.457107136 0.378965484 0.624457413
v 0.457107136 0.367327591 0.624457413
v 0.407832286 0.367327591 0.600236645
v 0.407832286 0.378965484 0.600236645
v 0.400844361 0.378965484 0.596202165
v 0.400844361 0.367327591 0.596202165
v 0.400844361 0.378965484 0.588133206
v 0.400844361 0.367327591 0.588133206
v 0.407832286 0.378965484 0.584098727
v 0.407832286 0.367327591 0.584098727
v 0.414820212 0.378965484 0.588133206
v 0.414820212 0.367327591 0.588133206
v 0.414820212 0.378965484 0.596202165
v 0.414820212 0.367327591 0.596202165
v 0.379577085 0.367327591 0.557949749
v 0.379577085 0.378965484 0.557949749
v 0.372589160 0.378965484 0.553915269
v 0.372589160 0.367327591 0.553915269
v 0.372589160 0.378965484 0.545846310
v 0.372589160 0.367327591 0.545846310
v 0.379577085 0.378965484 0.541811831
v 0.379577085 0.367327591 0.541811831
v 0.386565011 0.378965484 0.545846310
v 0.386565011 0.367327591 0.545846310
v 0.386565011 0.378965484 0.553915269
v 0.386565011 0.367327591 0.553915269
v 0.369655182 0.367327591 0.508068964
v 0.369655182 0.378965484 0.508068964
v 0.362667256 0.378965484 0.504034484
v 0.362667256 0.367327591 0.504034484
v 0.362667256 0.378965484 0.495965525
v 0.362667256 0.367327591 0.495965525
v 0.369655182 0.378965484 0.491931046
v 0.369655182 0.367327591 0.491931046
v 0.376643107 0.378965484 0.495965525
v 0.376643107 0.367327591 0.495965525
v 0.376643107 0.378965484 0.504034484
v 0.376643107 0.367327591 0.504034484
v 0.379577085 0.367327591 0.458188160
v 0.379577085 0.378965484 0.458188160
v 0.372589160 0.378965484 0.454153680
v 0.372589160 0.367327591 0.454153680
v 0.372589160 0.378965484 0.446084721
v 0.372589160 0.367327591 0.446084721
v 0.379577085 0.378965484 0.442050233
v 0.379577085 0.367327591 0.442050233
v 0.386565011 0.378965484 0.446084721
v 0.386565011 0.367327591 0.446084721
v 0.386565011 0.378965484 0.454153680
v 0.386565011 0.367327591 0.454153680
v 0.500000005 0.502327549 0.535689646
v 0.500000005 0.556637954 0.535689646
v 0.493037310 0.556637954 0.535003893
v 0.493037310 0.502327549 0.535003893
v 0.486342158 0.556637954 0.532972953
v 0.486342158 0.502327549 0.532972953
v 0.480171894 0.556637954 0.529674875
v 0.480171894 0.502327549 0.529674875
v 0.474763608 0.556637954 0.525236401
v 0.474763608 0.502327549 0.525236401
v 0.470325153 0.556637954 0.519828115
v 0.470325153 0.502327549 0.519828115
v 0.467027056 0.556637954 0.513657852
v 0.467027056 0.502327549 0.513657852
v 0.464996117 0.556637954 0.506962727
v 0.464996117 0.502327549 0.506962727
v 0.464310363 0.556637954 0.500000005
v 0.464310363 0.502327549 0.500000005
v 0.464996117 0.556637954 0.493037310
v 0.464996117 0.502327549 0.493037310
v 0.467027056 0.556637954 0.486342158
v 0.467027056 0.502327549 0.486342158
v 0.470325134 0.556637954 0.480171894
v 0.470325134 0.502327549 0.480171894
v 0.474763608 0.556637954 0.474763608
v 0.474763608 0.502327549 0.474763608
v 0.480171894 0.556637954 0.470325153
v 0.480171894 0.502327549 0.470325153
v 0.486342158 0.556637954 0.467027056
v 0.486342158 0.502327549 0.467027056
v 0.493037282 0.556637954 0.464996117
v 0.493037282 0.502327549 0.464996117
v 0.500000005 0.556637954 0.464310363
v 0.500000005 0.502327549 0.464310363
v 0.506962699 0.556637954 0.464996117
v 0.506962699 0.502327549 0.464996117
v 0.513657852 0.556637954 0.467027056
v 0.513657852 0.502327549 0.467027056
v 0.519828115 0.556637954 0.470325134
v 0.519828115 0.502327549 0.470325134
v 0.525236401 0.556637954 0.474763608
v 0.525236401 0.502327549 0.474763608
v 0.529674856 0.556637954 0.480171894
v 0.529674856 0.502327549 0.480171894
v 0.532972953 0.556637954 0.486342158
v 0.532972953 0.502327549 0.486342158
v 0.535003893 0.556637954 0.493037282
v 0.535003893 0.502327549 0.493037282
v 0.535689646 0.556637954 0.500000005
v 0.535689646 0.502327549 0.500000005
v 0.535003893 0.556637954 0.506962699
v 0.535003893 0.502327549 0.506962699
v 0.532972953 0.556637954 0.513657852
v 0.532972953 0.502327549 0.513657852
v 0.529674875 0.556637954 0.519828115
v 0.529674875 0.502327549 0.519828115
v 0.525236401 0.556637954 0.525236401
v 0.525236401 0.502327549 0.525236401
v 0.519828115 0.556637954 0.529674856
v 0.519828115 0.502327549 0.529674856
v 0.513657852 0.556637954 0.532972953
v 0.513657852 0.502327549 0.532972953
v 0.506962727 0.556637954 0.535003893
v 0.506962727 0.502327549 0.535003893
v 0.500000005 0.566724092 0.535689646
v 0.500000005 0.600862034 0.535689646
v 0.493037310 0.600862034 0.535003893
v 0.493037310 0.566724092 0.535003893
v 0.486342158 0.600862034 0.532972953
v 0.486342158 0.566724092 0.532972953
v 0.480171894 0.600862034 0.529674875
v 0.480171894 0.566724092 0.529674875
v 0.474763608 0.600862034 0.525236401
v 0.474763608 0.566724092 0.525236401
v 0.470325153 0.600862034 0.519828115
v 0.470325153 0.566724092 0.519828115
v 0.467027056 0.600862034 0.513657852
v 0.467027056 0.566724092 0.513657852
v 0.464996117 0.600862034 0.506962727
v 0.464996117 0.566724092 0.506962727
v 0.464310363 0.600862034 0.500000005
v 0.464310363 0.566724092 0.500000005
v 0.464996117 0.600862034 0.493037310
v 0.464996117 0.566724092 0.493037310
v 0.467027056 0.600862034 0.486342158
v 0.467027056 0.566724092 0.486342158
v 0.470325134 0.600862034 0.480171894
v 0.470325134 0.566724092 0.480171894
v 0.474763608 0.600862034 0.474763608
v 0.474763608 0.566724092 0.474763608
v 0.480171894 0.600862034 0.470325153
v 0.480171894 0.566724092 0.470325153
v 0.486342158 0.600862034 0.467027056
v 0.486342158 0.566724092 0.467027056
v 0.493037282 0.600862034 0.464996117
v 0.493037282 0.566724092 0.464996117
v 0.500000005 0.600862034 0.464310363
v 0.500000005 0.566724092 0.464310363
v 0.506962699 0.600862034 0.464996117
v 0.506962699 0.566724092 0.464996117
v 0.513657852 0.600862034 0.467027056
v 0.513657852 0.566724092 0.467027056
v 0.519828115 0.600862034 0.470325134
v 0.519828115 0.566724092 0.470325134
v 0.525236401 0.600862034 0.474763608
v 0.525236401 0.566724092 0.474763608
v 0.529674856 0.600862034 0.480171894
v 0.529674856 0.566724092 0.480171894
v 0.532972953 0.600862034 0.486342158
v 0.532972953 0.566724092 0.486342158
v 0.535003893 0.600862034 0.493037282
v 0.535003893 0.566724092 0.493037282
v 0.535689646 0.600862034 0.500000005
v 0.535689646 0.566724092 0.500000005
v 0.535003893 0.600862034 0.506962699
v 0.535003893 0.566724092 0.506962699
v 0.532972953 0.600862034 0.513657852
v 0.532972953 0.566724092 0.513657852
v 0.529674875 0.600862034 0.519828115
v 0.529674875 0.566724092 0.519828115
v 0.525236401 0.600862034 0.525236401
v 0.525236401 0.566724092 0.525236401
v 0.519828115 0.600862034 0.529674856
v 0.519828115 0.566724092 0.529674856
v 0.513657852 0.600862034 0.532972953
v 0.513657852 0.566724092 0.532972953
v 0.506962727 0.600862034 0.535003893
v 0.506962727 0.566724092 0.535003893
v 0.500000023 0.637327572 0.670689669
v 0.500000023 0.663706832 0.670689669
v 0.466700133 0.663706832 0.667409886
v 0.466700133 0.637327572 0.667409886
v 0.434679922 0.663706832 0.657696665
v 0.434679922 0.637327572 0.657696665
v 0.405169938 0.663706832 0.641923275
v 0.405169938 0.637327572 0.641923275
v 0.379304218 0.663706832 0.620695829
v 0.379304218 0.637327572 0.620695829
v 0.358076772 0.663706832 0.594830109
v 0.358076772 0.637327572 0.594830109
v 0.342303354 0.663706832 0.565320143
v 0.342303354 0.637327572 0.565320143
v 0.332590132 0.663706832 0.533299923
v 0.332590132 0.637327572 0.533299923
v 0.329310349 0.663706832 0.500000023
v 0.329310349 0.637327572 0.500000023
v 0.332590114 0.663706832 0.466700133
v 0.332590114 0.637327572 0.466700133
v 0.342303335 0.663706832 0.434679922
v 0.342303335 0.637327572 0.434679922
v 0.358076735 0.663706832 0.405169938
v 0.358076735 0.637327572 0.405169938
v 0.379304181 0.663706832 0.379304218
v 0.379304181 0.637327572 0.379304218
v 0.405169900 0.663706832 0.358076772
v 0.405169900 0.637327572 0.358076772
v 0.434679875 0.663706832 0.342303354
v 0.434679875 0.637327572 0.342303354
v 0.466700086 0.663706832 0.332590132
v 0.466700086 0.637327572 0.332590132
v 0.499999986 0.663706832 0.329310349
v 0.499999986 0.637327572 0.329310349
v 0.533299876 0.663706832 0.332590114
v 0.533299876 0.637327572 0.332590114
v 0.565320078 0.663706832 0.342303335
v 0.565320078 0.637327572 0.342303335
v 0.594830072 0.663706832 0.358076735
v 0.594830072 0.637327572 0.358076735
v 0.620695792 0.663706832 0.379304181
v 0.620695792 0.637327572 0.379304181
v 0.641923237 0.663706832 0.405169900
v 0.641923237 0.637327572 0.405169900
v 0.657696665 0.663706832 0.434679875
v 0.657696665 0.637327572 0.434679875
v 0.667409886 0.663706832 0.466700086
v 0.667409886 0.637327572 0.466700086
v 0.670689669 0.663706832 0.499999986
v 0.670689669 0.637327572 0.499999986
v 0.667409886 0.663706832 0.533299876
v 0.667409886 0.637327572 0.533299876
v 0.657696665 0.663706832 0.565320078
v 0.657696665 0.637327572 0.565320078
v 0.641923275 0.663706832 0.594830072
v 0.641923275 0.637327572 0.594830072
v 0.620695829 0.663706832 0.620695792
v 0.620695829 0.637327572 0.620695792
v 0.594830109 0.663706832 0.641923237
v 0.594830109 0.637327572 0.641923237
v 0.565320143 0.663706832 0.657696665
v 0.565320143 0.637327572 0.657696665
v 0.533299923 0.663706832 0.667409886
v 0.533299923 0.637327572 0.667409886
v 0.599310358 0.396810324 0.508068964
v 0.599310358 0.408448254 0.508068964
v 0.592322424 0.408448254 0.504034484
v 0.592322424 0.396810324 0.504034484
v 0.592322424 0.408448254 0.495965525
v 0.592322424 0.396810324 0.495965525
v 0.599310358 0.408448254 0.491931046
v 0.599310358 0.396810324 0.491931046
v 0.606298293 0.408448254 0.495965525
v 0.606298293 0.396810324 0.495965525
v 0.606298293 0.408448254 0.504034484
v 0.606298293 0.396810324 0.504034484
v 0.586005262 0.396810324 0.557724131
v 0.586005262 0.408448254 0.557724131
v 0.579017327 0.408448254 0.553689652
v 0.579017327 0.396810324 0.553689652
v 0.579017327 0.408448254 0.545620693
v 0.579017327 0.396810324 0.545620693
v 0.586005262 0.408448254 0.541586213
v 0.586005262 0.396810324 0.541586213
v 0.592993197 0.408448254 0.545620693
v 0.592993197 0.396810324 0.545620693
v 0.592993197 0.408448254 0.553689652
v 0.592993197 0.396810324 0.553689652
v 0.549655172 0.396810324 0.422063697
v 0.549655172 0.408448254 0.422063697
v 0.542667237 0.408448254 0.418029209
v 0.542667237 0.396810324 0.418029209
v 0.542667237 0.408448254 0.409960249
v 0.542667237 0.396810324 0.409960249
v 0.549655172 0.408448254 0.405925761
v 0.549655172 0.396810324 0.405925761
v 0.556643107 0.408448254 0.409960249
v 0.556643107 0.396810324 0.409960249
v 0.556643107 0.408448254 0.418029209
v 0.556643107 0.396810324 0.418029209
v 0.586005262 0.396810324 0.458413796
v 0.586005262 0.408448254 0.458413796
v 0.579017327 0.408448254 0.454379317
v 0.579017327 0.396810324 0.454379317
v 0.579017327 0.408448254 0.446310348
v 0.579017327 0.396810324 0.446310348
v 0.586005262 0.408448254 0.442275859
v 0.586005262 0.396810324 0.442275859
v 0.592993197 0.408448254 0.446310348
v 0.592993197 0.396810324 0.446310348
v 0.592993197 0.408448254 0.454379317
v 0.592993197 0.396810324 0.454379317
v 0.549655172 0.396810324 0.594074221
v 0.549655172 0.408448254 0.594074221
v 0.542667237 0.408448254 0.590039741
v 0.542667237 0.396810324 0.590039741
v 0.542667237 0.408448254 0.581970782
v 0.542667237 0.396810324 0.581970782
v 0.549655172 0.408448254 0.577936303
v 0.549655172 0.396810324 0.577936303
v 0.556643107 0.408448254 0.581970782
v 0.556643107 0.396810324 0.581970782
v 0.556643107 0.408448254 0.590039741
v 0.556643107 0.396810324 0.590039741
v 0.500000005 0.396810324 0.607379318
v 0.500000005 0.408448254 0.607379318
v 0.493012070 0.408448254 0.603344838
v 0.493012070 0.396810324 0.603344838
v 0.493012070 0.408448254 0.595275879
v 0.493012070 0.396810324 0.595275879
v 0.500000005 0.408448254 0.591241409
v 0.500000005 0.396810324 0.591241409
v 0.506987940 0.408448254 0.595275879
v 0.506987940 0.396810324 0.595275879
v 0.506987940 0.408448254 0.603344838
v 0.506987940 0.396810324 0.603344838
v 0.450344828 0.396810324 0.594074221
v 0.450344828 0.408448254 0.594074221
v 0.443356902 0.408448254 0.590039741
v 0.443356902 0.396810324 0.590039741
v 0.443356902 0.408448254 0.581970782
v 0.443356902 0.396810324 0.581970782
v 0.450344828 0.408448254 0.577936303
v 0.450344828 0.396810324 0.577936303
v 0.457332753 0.408448254 0.581970782
v 0.457332753 0.396810324 0.581970782
v 0.457332753 0.408448254 0.590039741
v 0.457332753 0.396810324 0.590039741
v 0.413994729 0.396810324 0.557724131
v 0.413994729 0.408448254 0.557724131
v 0.407006803 0.408448254 0.553689652
v 0.407006803 0.396810324 0.553689652
v 0.407006803 0.408448254 0.545620693
v 0.407006803 0.396810324 0.545620693
v 0.413994729 0.408448254 0.541586213
v 0.413994729 0.396810324 0.541586213
v 0.420982655 0.408448254 0.545620693
v 0.420982655 0.396810324 0.545620693
v 0.420982655 0.408448254 0.553689652
v 0.420982655 0.396810324 0.553689652
v 0.400689660 0.396810324 0.508068964
v 0.400689660 0.408448254 0.508068964
v 0.393701735 0.408448254 0.504034484
v 0.393701735 0.396810324 0.504034484
v 0.393701735 0.408448254 0.495965525
v 0.393701735 0.396810324 0.495965525
v 0.400689660 0.408448254 0.491931046
v 0.400689660 0.396810324 0.491931046
v 0.407677586 0.408448254 0.495965525
v 0.407677586 0.396810324 0.495965525
v 0.407677586 0.408448254 0.504034484
v 0.407677586 0.396810324 0.504034484
v 0.413994729 0.396810324 0.458413796
v 0.413994729 0.408448254 0.458413796
v 0.407006803 0.408448254 0.454379317
v 0.407006803 0.396810324 0.454379317
v 0.407006803 0.408448254 0.446310348
v 0.407006803 0.396810324 0.446310348
v 0.413994729 0.408448254 0.442275859
v 0.413994729 0.396810324 0.442275859
v 0.420982655 0.408448254 0.446310348
v 0.420982655 0.396810324 0.446310348
v 0.420982655 0.408448254 0.454379317
v 0.420982655 0.396810324 0.454379317
v 0.450344828 0.396810324 0.422063697
v 0.450344828 0.408448254 0.422063697
v 0.443356902 0.408448254 0.418029209
v 0.443356902 0.396810324 0.418029209
v 0.443356902 0.408448254 0.409960249
v 0.443356902 0.396810324 0.409960249
v 0.450344828 0.408448254 0.405925761
v 0.450344828 0.396810324 0.405925761
v 0.457332753 0.408448254 0.409960249
v 0.457332753 0.396810324 0.409960249
v 0.457332753 0.408448254 0.418029209
v 0.457332753 0.396810324 0.418029209
v 0.500000005 0.396810324 0.408758628
v 0.500000005 0.408448254 0.408758628
v 0.493012070 0.408448254 0.404724140
v 0.493012070 0.396810324 0.404724140
v 0.493012070 0.408448254 0.396655181
v 0.493012070 0.396810324 0.396655181
v 0.500000005 0.408448254 0.392620692
v 0.500000005 0.396810324 0.392620692
v 0.506987940 0.408448254 0.396655181
v 0.506987940 0.396810324 0.396655181
v 0.506987940 0.408448254 0.404724140
v 0.506987940 0.396810324 0.404724140
v 0.652068953 0.664482728 0.508068964
v 0.652068953 0.676120659 0.508068964
v 0.645081018 0.676120659 0.504034484
v 0.645081018 0.664482728 0.504034484
v 0.645081018 0.676120659 0.495965525
v 0.645081018 0.664482728 0.495965525
v 0.652068953 0.676120659 0.491931046
v 0.652068953 0.664482728 0.491931046
v 0.659056887 0.676120659 0.495965525
v 0.659056887 0.664482728 0.495965525
v 0.659056887 0.676120659 0.504034484
v 0.659056887 0.664482728 0.504034484
v 0.640493401 0.664482728 0.566263235
v 0.640493401 0.676120659 0.566263235
v 0.633505466 0.676120659 0.562228755
v 0.633505466 0.664482728 0.562228755
v 0.633505466 0.676120659 0.554159796
v 0.633505466 0.664482728 0.554159796
v 0.640493401 0.676120659 0.550125317
v 0.640493401 0.664482728 0.550125317
v 0.647481336 0.676120659 0.554159796
v 0.647481336 0.664482728 0.554159796
v 0.647481336 0.676120659 0.562228755
v 0.647481336 0.664482728 0.562228755
v 0.392471000 0.664482728 0.400539968
v 0.392471000 0.676120659 0.400539968
v 0.385483074 0.676120659 0.396505480
v 0.385483074 0.664482728 0.396505480
v 0.385483074 0.676120659 0.388436521
v 0.385483074 0.664482728 0.388436521
v 0.392471000 0.676120659 0.384402032
v 0.392471000 0.664482728 0.384402032
v 0.399458926 0.676120659 0.388436521
v 0.399458926 0.664482728 0.388436521
v 0.399458926 0.676120659 0.396505480
v 0.399458926 0.664482728 0.396505480
v 0.441805724 0.664482728 0.367575567
v 0.441805724 0.676120659 0.367575567
v 0.434817799 0.676120659 0.363541078
v 0.434817799 0.664482728 0.363541078
v 0.434817799 0.676120659 0.355472119
v 0.434817799 0.664482728 0.355472119
v 0.441805724 0.676120659 0.351437640
v 0.441805724 0.664482728 0.351437640
v 0.448793650 0.676120659 0.355472119
v 0.448793650 0.664482728 0.355472119
v 0.448793650 0.676120659 0.363541078
v 0.448793650 0.664482728 0.363541078
v 0.500000005 0.664482728 0.356000007
v 0.500000005 0.676120659 0.356000007
v 0.493012070 0.676120659 0.351965527
v 0.493012070 0.664482728 0.351965527
v 0.493012070 0.676120659 0.343896559
v 0.493012070 0.664482728 0.343896559
v 0.500000005 0.676120659 0.339862079
v 0.500000005 0.664482728 0.339862079
v 0.506987940 0.676120659 0.343896559
v 0.506987940 0.664482728 0.343896559
v 0.506987940 0.676120659 0.351965518
v 0.506987940 0.664482728 0.351965518
v 0.558194276 0.664482728 0.367575567
v 0.558194276 0.676120659 0.367575567
v 0.551206341 0.676120659 0.363541078
v 0.551206341 0.664482728 0.363541078
v 0.551206341 0.676120659 0.355472119
v 0.551206341 0.664482728 0.355472119
v 0.558194276 0.676120659 0.351437640
v 0.558194276 0.664482728 0.351437640
v 0.565182211 0.676120659 0.355472119
v 0.565182211 0.664482728 0.355472119
v 0.565182211 0.676120659 0.363541078
v 0.565182211 0.664482728 0.363541078
v 0.607528972 0.664482728 0.400539968
v 0.607528972 0.676120659 0.400539968
v 0.600541037 0.676120659 0.396505480
v 0.600541037 0.664482728 0.396505480
v 0.600541037 0.676120659 0.388436521
v 0.600541037 0.664482728 0.388436521
v 0.607528972 0.676120659 0.384402032
v 0.607528972 0.664482728 0.384402032
v 0.614516907 0.676120659 0.388436521
v 0.614516907 0.664482728 0.388436521
v 0.614516907 0.676120659 0.396505480
v 0.614516907 0.664482728 0.396505480
v 0.640493401 0.664482728 0.449874693
v 0.640493401 0.676120659 0.449874693
v 0.633505466 0.676120659 0.445840204
v 0.633505466 0.664482728 0.445840204
v 0.633505466 0.676120659 0.437771245
v 0.633505466 0.664482728 0.437771245
v 0.640493401 0.676120659 0.433736756
v 0.640493401 0.664482728 0.433736756
v 0.647481336 0.676120659 0.437771245
v 0.647481336 0.664482728 0.437771245
v 0.647481336 0.676120659 0.445840204
v 0.647481336 0.664482728 0.445840204
v 0.607528972 0.664482728 0.615597931
v 0.607528972 0.676120659 0.615597931
v 0.600541037 0.676120659 0.611563451
v 0.600541037 0.664482728 0.611563451
v 0.600541037 0.676120659 0.603494502
v 0.600541037 0.664482728 0.603494502
v 0.607528972 0.676120659 0.599460022
v 0.607528972 0.664482728 0.599460022
v 0.614516907 0.676120659 0.603494502
v 0.614516907 0.664482728 0.603494502
v 0.614516907 0.676120659 0.611563451
v 0.614516907 0.664482728 0.611563451
v 0.558194276 0.664482728 0.648562351
v 0.558194276 0.676120659 0.648562351
v 0.551206341 0.676120659 0.644527899
v 0.551206341 0.664482728 0.644527899
v 0.551206341 0.676120659 0.636458922
v 0.551206341 0.664482728 0.636458922
v 0.558194276 0.676120659 0.632424442
v 0.558194276 0.664482728 0.632424442
v 0.565182211 0.676120659 0.636458922
v 0.565182211 0.664482728 0.636458922
v 0.565182211 0.676120659 0.644527899
v 0.565182211 0.664482728 0.644527899
v 0.500000005 0.664482728 0.660137912
v 0.500000005 0.676120659 0.660137912
v 0.493012070 0.676120659 0.656103451
v 0.493012070 0.664482728 0.656103451
v 0.493012070 0.676120659 0.648034454
v 0.493012070 0.664482728 0.648034454
v 0.500000005 0.676120659 0.643999993
v 0.500000005 0.664482728 0.643999993
v 0.506987940 0.676120659 0.648034454
v 0.506987940 0.664482728 0.648034454
v 0.506987940 0.676120659 0.656103451
v 0.506987940 0.664482728 0.656103451
v 0.441805724 0.664482728 0.648562351
v 0.441805724 0.676120659 0.648562351
v 0.434817799 0.676120659 0.644527899
v 0.434817799 0.664482728 0.644527899
v 0.434817799 0.676120659 0.636458922
v 0.434817799 0.664482728 0.636458922
v 0.441805724 0.676120659 0.632424442
v 0.441805724 0.664482728 0.632424442
v 0.448793650 0.676120659 0.636458922
v 0.448793650 0.664482728 0.636458922
v 0.448793650 0.676120659 0.644527899
v 0.448793650 0.664482728 0.644527899
v 0.392471000 0.664482728 0.615597931
v 0.392471000 0.676120659 0.615597931
v 0.385483074 0.676120659 0.611563451
v 0.385483074 0.664482728 0.611563451
v 0.385483074 0.676120659 0.603494502
v 0.385483074 0.664482728 0.603494502
v 0.392471000 0.676120659 0.599460022
v 0.392471000 0.664482728 0.599460022
v 0.399458926 0.676120659 0.603494502
v 0.399458926 0.664482728 0.603494502
v 0.399458926 0.676120659 0.611563451
v 0.399458926 0.664482728 0.611563451
v 0.359506599 0.664482728 0.566263235
v 0.359506599 0.676120659 0.566263235
v 0.352518673 0.676120659 0.562228755
v 0.352518673 0.664482728 0.562228755
v 0.352518673 0.676120659 0.554159796
v 0.352518673 0.664482728 0.554159796
v 0.359506599 0.676120659 0.550125317
v 0.359506599 0.664482728 0.550125317
v 0.366494524 0.676120659 0.554159796
v 0.366494524 0.664482728 0.554159796
v 0.366494524 0.676120659 0.562228755
v 0.366494524 0.664482728 0.562228755
v 0.347931038 0.664482728 0.508068964
v 0.347931038 0.676120659 0.508068964
v 0.340943113 0.676120659 0.504034484
v 0.340943113 0.664482728 0.504034484
v 0.340943113 0.676120659 0.495965525
v 0.340943113 0.664482728 0.495965525
v 0.347931038 0.676120659 0.491931046
v 0.347931038 0.664482728 0.491931046
v 0.354918973 0.676120659 0.495965525
v 0.354918973 0.664482728 0.495965525
v 0.354918973 0.676120659 0.504034484
v 0.354918973 0.664482728 0.504034484
v 0.359506599 0.664482728 0.449874693
v 0.359506599 0.676120659 0.449874693
v 0.352518673 0.676120659 0.445840204
v 0.352518673 0.664482728 0.445840204
v 0.352518673 0.676120659 0.437771245
v 0.352518673 0.664482728 0.437771245
v 0.359506599 0.676120659 0.433736756
v 0.359506599 0.664482728 0.433736756
v 0.366494524 0.676120659 0.437771245
v 0.366494524 0.664482728 0.437771245
v 0.366494524 0.676120659 0.445840204
v 0.366494524 0.664482728 0.445840204
v 0.500000005 0.368103422 0.517068976
v 0.500000005 0.659827537 0.517068976
v 0.494725415 0.659827537 0.516233549
v 0.494725415 0.368103422 0.516233549
v 0.489967112 0.659827537 0.513809080
v 0.489967112 0.368103422 0.513809080
v 0.486190930 0.659827537 0.510032897
v 0.486190930 0.368103422 0.510032897
v 0.483766460 0.659827537 0.505274622
v 0.483766460 0.368103422 0.505274622
v 0.482931034 0.659827537 0.500000005
v 0.482931034 0.368103422 0.500000005
v 0.483766460 0.659827537 0.494725415
v 0.483766460 0.368103422 0.494725415
v 0.486190930 0.659827537 0.489967112
v 0.486190930 0.368103422 0.489967112
v 0.489967112 0.659827537 0.486190930
v 0.489967112 0.368103422 0.486190930
v 0.494725387 0.659827537 0.483766460
v 0.494725387 0.368103422 0.483766460
v 0.500000005 0.659827537 0.482931034
v 0.500000005 0.368103422 0.482931034
v 0.505274594 0.659827537 0.483766460
v 0.505274594 0.368103422 0.483766460
v 0.510032897 0.659827537 0.486190930
v 0.510032897 0.368103422 0.486190930
v 0.513809080 0.659827537 0.489967112
v 0.513809080 0.368103422 0.489967112
v 0.516233549 0.659827537 0.494725387
v 0.516233549 0.368103422 0.494725387
v 0.517068976 0.659827537 0.500000005
v 0.517068976 0.368103422 0.500000005
v 0.516233549 0.659827537 0.505274594
v 0.516233549 0.368103422 0.505274594
v 0.513809080 0.659827537 0.510032897
v 0.513809080 0.368103422 0.510032897
v 0.510032897 0.659827537 0.513809080
v 0.510032897 0.368103422 0.513809080
v 0.505274622 0.659827537 0.516233549
v 0.505274622 0.368103422 0.516233549
v 0.551206899 0.451896532 0.505431045
v 0.551206899 0.463534462 0.505431045
v 0.546503490 0.463534462 0.502715525
v 0.546503490 0.451896532 0.502715525
v 0.546503490 0.463534462 0.497284484
v 0.546503490 0.451896532 0.497284484
v 0.551206899 0.463534462 0.494568964
v 0.551206899 0.451896532 0.494568964
v 0.555910299 0.463534462 0.497284484
v 0.555910299 0.451896532 0.497284484
v 0.555910299 0.463534462 0.502715525
v 0.555910299 0.451896532 0.502715525
v 0.536208735 0.451896532 0.541639776
v 0.536208735 0.463534462 0.541639776
v 0.531505335 0.463534462 0.538924255
v 0.531505335 0.451896532 0.538924255
v 0.531505335 0.463534462 0.533493215
v 0.531505335 0.451896532 0.533493215
v 0.536208735 0.463534462 0.530777695
v 0.536208735 0.451896532 0.530777695
v 0.540912144 0.463534462 0.533493215
v 0.540912144 0.451896532 0.533493215
v 0.540912144 0.463534462 0.538924255
v 0.540912144 0.451896532 0.538924255
v 0.500000005 0.451896532 0.556637931
v 0.500000005 0.463534462 0.556637931
v 0.495296605 0.463534462 0.553922420
v 0.495296605 0.451896532 0.553922420
v 0.495296605 0.463534462 0.548491379
v 0.495296605 0.451896532 0.548491379
v 0.500000005 0.463534462 0.545775859
v 0.500000005 0.451896532 0.545775859
v 0.504703404 0.463534462 0.548491379
v 0.504703404 0.451896532 0.548491379
v 0.504703404 0.463534462 0.553922420
v 0.504703404 0.451896532 0.553922420
v 0.463791246 0.451896532 0.541639776
v 0.463791246 0.463534462 0.541639776
v 0.459087846 0.463534462 0.538924255
v 0.459087846 0.451896532 0.538924255
v 0.459087846 0.463534462 0.533493215
v 0.459087846 0.451896532 0.533493215
v 0.463791246 0.463534462 0.530777695
v 0.463791246 0.451896532 0.530777695
v 0.468494655 0.463534462 0.533493215
v 0.468494655 0.451896532 0.533493215
v 0.468494655 0.463534462 0.538924255
v 0.468494655 0.451896532 0.538924255
v 0.448793101 0.451896532 0.505431045
v 0.448793101 0.463534462 0.505431045
v 0.444089691 0.463534462 0.502715525
v 0.444089691 0.451896532 0.502715525
v 0.444089691 0.463534462 0.497284484
v 0.444089691 0.451896532 0.497284484
v 0.448793101 0.463534462 0.494568964
v 0.448793101 0.451896532 0.494568964
v 0.453496519 0.463534462 0.497284484
v 0.453496519 0.451896532 0.497284484
v 0.453496519 0.463534462 0.502715525
v 0.453496519 0.451896532 0.502715525
v 0.463791246 0.451896532 0.469222287
v 0.463791246 0.463534462 0.469222287
v 0.459087846 0.463534462 0.466506766
v 0.459087846 0.451896532 0.466506766
v 0.459087846 0.463534462 0.461075726
v 0.459087846 0.451896532 0.461075726
v 0.463791246 0.463534462 0.458360206
v 0.463791246 0.451896532 0.458360206
v 0.468494655 0.463534462 0.461075726
v 0.468494655 0.451896532 0.461075726
v 0.468494655 0.463534462 0.466506766
v 0.468494655 0.451896532 0.466506766
v 0.500000005 0.451896532 0.454224132
v 0.500000005 0.463534462 0.454224132
v 0.495296605 0.463534462 0.451508621
v 0.495296605 0.451896532 0.451508621
v 0.495296605 0.463534462 0.446077580
v 0.495296605 0.451896532 0.446077580
v 0.500000005 0.463534462 0.443362079
v 0.500000005 0.451896532 0.443362079
v 0.504703404 0.463534462 0.446077580
v 0.504703404 0.451896532 0.446077580
v 0.504703404 0.463534462 0.451508621
v 0.504703404 0.451896532 0.451508621
v 0.536208735 0.451896532 0.469222287
v 0.536208735 0.463534462 0.469222287
v 0.531505335 0.463534462 0.466506766
v 0.531505335 0.451896532 0.466506766
v 0.531505335 0.463534462 0.461075726
v 0.531505335 0.451896532 0.461075726
v 0.536208735 0.463534462 0.458360206
v 0.536208735 0.451896532 0.458360206
v 0.540912144 0.463534462 0.461075726
v 0.540912144 0.451896532 0.461075726
v 0.540912144 0.463534462 0.466506766
v 0.540912144 0.451896532 0.466506766
v 0.500000005 0.437155109 0.563620698
v 0.500000005 0.451120682 0.563620698
v 0.487588245 0.451120682 0.562398231
v 0.487588245 0.437155109 0.562398231
v 0.475653417 0.451120682 0.558777848
v 0.475653417 0.437155109 0.558777848
v 0.464654250 0.451120682 0.552898682
v 0.464654250 0.437155109 0.552898682
v 0.455013388 0.451120682 0.544986621
v 0.455013388 0.437155109 0.544986621
v 0.447101336 0.451120682 0.535345759
v 0.447101336 0.437155109 0.535345759
v 0.441222161 0.451120682 0.524346593
v 0.441222161 0.437155109 0.524346593
v 0.437601778 0.451120682 0.512411783
v 0.437601778 0.437155109 0.512411783
v 0.436379311 0.451120682 0.500000005
v 0.436379311 0.437155109 0.500000005
v 0.437601769 0.451120682 0.487588245
v 0.437601769 0.437155109 0.487588245
v 0.441222161 0.451120682 0.475653417
v 0.441222161 0.437155109 0.475653417
v 0.447101336 0.451120682 0.464654250
v 0.447101336 0.437155109 0.464654250
v 0.455013388 0.451120682 0.455013388
v 0.455013388 0.437155109 0.455013388
v 0.464654250 0.451120682 0.447101336
v 0.464654250 0.437155109 0.447101336
v 0.475653417 0.451120682 0.441222161
v 0.475653417 0.437155109 0.441222161
v 0.487588226 0.451120682 0.437601778
v 0.487588226 0.437155109 0.437601778
v 0.500000005 0.451120682 0.436379311
v 0.500000005 0.437155109 0.436379311
v 0.512411765 0.451120682 0.437601769
v 0.512411765 0.437155109 0.437601769
v 0.524346593 0.451120682 0.441222161
v 0.524346593 0.437155109 0.441222161
v 0.535345759 0.451120682 0.447101336
v 0.535345759 0.437155109 0.447101336
v 0.544986621 0.451120682 0.455013388
v 0.544986621 0.437155109 0.455013388
v 0.552898664 0.451120682 0.464654250
v 0.552898664 0.437155109 0.464654250
v 0.558777848 0.451120682 0.475653417
v 0.558777848 0.437155109 0.475653417
v 0.562398231 0.451120682 0.487588226
v 0.562398231 0.437155109 0.487588226
v 0.563620698 0.451120682 0.500000005
v 0.563620698 0.437155109 0.500000005
v 0.562398231 0.451120682 0.512411765
v 0.562398231 0.437155109 0.512411765
v 0.558777848 0.451120682 0.524346593
v 0.558777848 0.437155109 0.524346593
v 0.552898682 0.451120682 0.535345759
v 0.552898682 0.437155109 0.535345759
v 0.544986621 0.451120682 0.544986621
v 0.544986621 0.437155109 0.544986621
v 0.535345759 0.451120682 0.552898664
v 0.535345759 0.437155109 0.552898664
v 0.524346593 0.451120682 0.558777848
v 0.524346593 0.437155109 0.558777848
v 0.512411783 0.451120682 0.562398231
v 0.512411783 0.437155109 0.562398231
v 0.414655186 0.460430971 0.500000005
v 0.500000005 0.460430971 0.500000005
v 0.500000005 0.459294764 0.497256916
v 0.414655186 0.459294764 0.497256916
v 0.500000005 0.456551676 0.496120691
v 0.414655186 0.456551676 0.496120691
v 0.500000005 0.453808588 0.497256916
v 0.414655186 0.453808588 0.497256916
v 0.500000005 0.452672381 0.500000005
v 0.414655186 0.452672381 0.500000005
v 0.500000005 0.453808588 0.502743093
v 0.414655186 0.453808588 0.502743093
v 0.500000005 0.456551676 0.503879318
v 0.414655186 0.456551676 0.503879318
v 0.500000005 0.459294764 0.502743093
v 0.414655186 0.459294764 0.502743093
v 0.585344814 0.460430971 0.500000005
v 0.585344814 0.459294764 0.502743093
v 0.585344814 0.456551676 0.503879318
v 0.585344814 0.453808588 0.502743093
v 0.585344814 0.452672381 0.500000005
v 0.585344814 0.453808588 0.497256916
v 0.585344814 0.456551676 0.496120691
v 0.585344814 0.459294764 0.497256916
v 0.414655177 0.368103440 0.503879318
v 0.414655177 0.456551723 0.503879318
v 0.411912079 0.456551723 0.502743093
v 0.411912079 0.368103440 0.502743093
v 0.410775864 0.456551723 0.500000005
v 0.410775864 0.368103440 0.500000005
v 0.411912079 0.456551723 0.497256916
v 0.411912079 0.368103440 0.497256916
v 0.414655177 0.456551723 0.496120691
v 0.414655177 0.368103440 0.496120691
v 0.417398265 0.456551723 0.497256916
v 0.417398265 0.368103440 0.497256916
v 0.418534481 0.456551723 0.500000005
v 0.418534481 0.368103440 0.500000005
v 0.417398265 0.456551723 0.502743093
v 0.417398265 0.368103440 0.502743093
v 0.585344814 0.368103440 0.503879318
v 0.585344814 0.456551723 0.503879318
v 0.582601726 0.456551723 0.502743093
v 0.582601726 0.368103440 0.502743093
v 0.581465500 0.456551723 0.500000005
v 0.581465500 0.368103440 0.500000005
v 0.582601726 0.456551723 0.497256916
v 0.582601726 0.368103440 0.497256916
v 0.585344814 0.456551723 0.496120691
v 0.585344814 0.368103440 0.496120691
v 0.588087902 0.456551723 0.497256916
v 0.588087902 0.368103440 0.497256916
v 0.589224136 0.456551723 0.500000005
v 0.589224136 0.368103440 0.500000005
v 0.588087902 0.456551723 0.502743093
v 0.588087902 0.368103440 0.502743093
v 0.500000023 0.184999986 0.574482761
v 0.500000023 0.209827574 0.574482761
v 0.485469154 0.209827574 0.573051593
v 0.485469154 0.184999986 0.573051593
v 0.471496702 0.209827574 0.568813096
v 0.471496702 0.184999986 0.568813096
v 0.458619611 0.209827574 0.561930154
v 0.458619611 0.184999986 0.561930154
v 0.447332754 0.209827574 0.552667274
v 0.447332754 0.184999986 0.552667274
v 0.438069865 0.209827574 0.541380417
v 0.438069865 0.184999986 0.541380417
v 0.431186913 0.209827574 0.528503336
v 0.431186913 0.184999986 0.528503336
v 0.426948416 0.209827574 0.514530883
v 0.426948416 0.184999986 0.514530883
v 0.425517249 0.209827574 0.500000023
v 0.425517249 0.184999986 0.500000023
v 0.426948416 0.209827574 0.485469154
v 0.426948416 0.184999986 0.485469154
v 0.431186904 0.209827574 0.471496702
v 0.431186904 0.184999986 0.471496702
v 0.438069846 0.209827574 0.458619611
v 0.438069846 0.184999986 0.458619611
v 0.447332736 0.209827574 0.447332754
v 0.447332736 0.184999986 0.447332754
v 0.458619592 0.209827574 0.438069865
v 0.458619592 0.184999986 0.438069865
v 0.471496674 0.209827574 0.431186913
v 0.471496674 0.184999986 0.431186913
v 0.485469127 0.209827574 0.426948416
v 0.485469127 0.184999986 0.426948416
v 0.499999986 0.209827574 0.425517249
v 0.499999986 0.184999986 0.425517249
v 0.514530855 0.209827574 0.426948416
v 0.514530855 0.184999986 0.426948416
v 0.528503308 0.209827574 0.431186904
v 0.528503308 0.184999986 0.431186904
v 0.541380399 0.209827574 0.438069846
v 0.541380399 0.184999986 0.438069846
v 0.552667255 0.209827574 0.447332736
v 0.552667255 0.184999986 0.447332736
v 0.561930154 0.209827574 0.458619592
v 0.561930154 0.184999986 0.458619592
v 0.568813096 0.209827574 0.471496674
v 0.568813096 0.184999986 0.471496674
v 0.573051593 0.209827574 0.485469127
v 0.573051593 0.184999986 0.485469127
v 0.574482761 0.209827574 0.499999986
v 0.574482761 0.184999986 0.499999986
v 0.573051593 0.209827574 0.514530855
v 0.573051593 0.184999986 0.514530855
v 0.568813096 0.209827574 0.528503308
v 0.568813096 0.184999986 0.528503308
v 0.561930154 0.209827574 0.541380399
v 0.561930154 0.184999986 0.541380399
v 0.552667274 0.209827574 0.552667255
v 0.552667274 0.184999986 0.552667255
v 0.541380417 0.209827574 0.561930154
v 0.541380417 0.184999986 0.561930154
v 0.528503336 0.209827574 0.568813096
v 0.528503336 0.184999986 0.568813096
v 0.514530883 0.209827574 0.573051593
v 0.514530883 0.184999986 0.573051593
v 0.644310363 0.707930959 0.486810347
v 0.644310363 0.723448231 0.486810347
v 0.636081089 0.723448231 0.483401690
v 0.636081089 0.707930959 0.483401690
v 0.632672432 0.723448231 0.475172416
v 0.632672432 0.707930959 0.475172416
v 0.636081089 0.723448231 0.466943152
v 0.636081089 0.707930959 0.466943152
v 0.644310363 0.723448231 0.463534486
v 0.644310363 0.707930959 0.463534486
v 0.652539628 0.723448231 0.466943152
v 0.652539628 0.707930959 0.466943152
v 0.655948294 0.723448231 0.475172416
v 0.655948294 0.707930959 0.475172416
v 0.652539628 0.723448231 0.483401690
v 0.652539628 0.707930959 0.483401690
v 0.644310363 0.707930959 0.536465524
v 0.644310363 0.723448231 0.536465524
v 0.636081089 0.723448231 0.533056858
v 0.636081089 0.707930959 0.533056858
v 0.632672432 0.723448231 0.524827593
v 0.632672432 0.707930959 0.524827593
v 0.636081089 0.723448231 0.516598319
v 0.636081089 0.707930959 0.516598319
v 0.644310363 0.723448231 0.513189662
v 0.644310363 0.707930959 0.513189662
v 0.652539628 0.723448231 0.516598319
v 0.652539628 0.707930959 0.516598319
v 0.655948294 0.723448231 0.524827593
v 0.655948294 0.707930959 0.524827593
v 0.652539628 0.723448231 0.533056858
v 0.652539628 0.707930959 0.533056858
v 0.500000005 0.551206867 0.543448282
v 0.500000005 0.566724139 0.543448282
v 0.491523681 0.566724139 0.542613433
v 0.491523681 0.551206867 0.542613433
v 0.483373079 0.566724139 0.540140978
v 0.483373079 0.551206867 0.540140978
v 0.475861438 0.566724139 0.536125920
v 0.475861438 0.551206867 0.536125920
v 0.469277451 0.566724139 0.530722577
v 0.469277451 0.551206867 0.530722577
v 0.463874090 0.566724139 0.524138572
v 0.463874090 0.551206867 0.524138572
v 0.459859032 0.566724139 0.516626958
v 0.459859032 0.551206867 0.516626958
v 0.457386576 0.566724139 0.508476356
v 0.457386576 0.551206867 0.508476356
v 0.456551727 0.566724139 0.500000005
v 0.456551727 0.551206867 0.500000005
v 0.457386576 0.566724139 0.491523681
v 0.457386576 0.551206867 0.491523681
v 0.459859032 0.566724139 0.483373079
v 0.459859032 0.551206867 0.483373079
v 0.463874090 0.566724139 0.475861438
v 0.463874090 0.551206867 0.475861438
v 0.469277432 0.566724139 0.469277451
v 0.469277432 0.551206867 0.469277451
v 0.475861438 0.566724139 0.463874090
v 0.475861438 0.551206867 0.463874090
v 0.483373051 0.566724139 0.459859032
v 0.483373051 0.551206867 0.459859032
v 0.491523653 0.566724139 0.457386576
v 0.491523653 0.551206867 0.457386576
v 0.500000005 0.566724139 0.456551727
v 0.500000005 0.551206867 0.456551727
v 0.508476329 0.566724139 0.457386576
v 0.508476329 0.551206867 0.457386576
v 0.516626930 0.566724139 0.459859032
v 0.516626930 0.551206867 0.459859032
v 0.524138572 0.566724139 0.463874090
v 0.524138572 0.551206867 0.463874090
v 0.530722559 0.566724139 0.469277432
v 0.530722559 0.551206867 0.469277432
v 0.536125920 0.566724139 0.475861438
v 0.536125920 0.551206867 0.475861438
v 0.540140978 0.566724139 0.483373051
v 0.540140978 0.551206867 0.483373051
v 0.542613433 0.566724139 0.491523653
v 0.542613433 0.551206867 0.491523653
v 0.543448282 0.566724139 0.500000005
v 0.543448282 0.551206867 0.500000005
v 0.542613433 0.566724139 0.508476329
v 0.542613433 0.551206867 0.508476329
v 0.540140978 0.566724139 0.516626930
v 0.540140978 0.551206867 0.516626930
v 0.536125920 0.566724139 0.524138572
v 0.536125920 0.551206867 0.524138572
v 0.530722577 0.566724139 0.530722559
v 0.530722577 0.551206867 0.530722559
v 0.524138572 0.566724139 0.536125920
v 0.524138572 0.551206867 0.536125920
v 0.516626958 0.566724139 0.540140978
v 0.516626958 0.551206867 0.540140978
v 0.508476356 0.566724139 0.542613433
v 0.508476356 0.551206867 0.542613433
v 0.414655177 0.391379302 0.508534490
v 0.414655177 0.409999981 0.508534490
v 0.407264095 0.409999981 0.504267243
v 0.407264095 0.391379302 0.504267243
v 0.407264095 0.409999981 0.495732767
v 0.407264095 0.391379302 0.495732767
v 0.414655177 0.409999981 0.491465519
v 0.414655177 0.391379302 0.491465519
v 0.422046250 0.409999981 0.495732767
v 0.422046250 0.391379302 0.495732767
v 0.422046250 0.409999981 0.504267243
v 0.422046250 0.391379302 0.504267243
v 0.585344814 0.391379302 0.508534490
v 0.585344814 0.409999981 0.508534490
v 0.577953732 0.409999981 0.504267243
v 0.577953732 0.391379302 0.504267243
v 0.577953732 0.409999981 0.495732767
v 0.577953732 0.391379302 0.495732767
v 0.585344814 0.409999981 0.491465519
v 0.585344814 0.391379302 0.491465519
v 0.592735905 0.409999981 0.495732767
v 0.592735905 0.391379302 0.495732767
v 0.592735905 0.409999981 0.504267243
v 0.592735905 0.391379302 0.504267243
v 0.448793110 0.772327549 0.360189662
v 0.448793110 0.820430971 0.360189662
v 0.448793110 0.820430971 0.357396558
v 0.448793110 0.772327549 0.357396558
v 0.551206899 0.820430971 0.357396558
v 0.551206899 0.772327549 0.357396558
v 0.551206899 0.820430971 0.360189662
v 0.551206899 0.772327549 0.360189662
vt 0 0
vt 1 0
vt 1 1
vt 0 1
vn -1.000000000 0.000000000 0.000000000
vn -1.000000000 0.000000000 0.000001000
vn -1.000000000 0.000000000 0.000001000
vn -1.000000000 0.000003529 -0.000003000
vn -1.000000000 0.000003529 -0.000003000
vn -1.000000000 0.000005294 -0.000004500
vn -1.000000000 0.000005294 -0.000004500
vn -1.000000000 0.000005294 -0.000004500
vn -1.000000000 0.000005294 -0.000004500
vn -0.996917354 0.000000000 -0.078458840
vn -0.996917324 0.000000000 0.078459217
vn -0.996917320 0.000000000 0.078459268
vn -0.996917317 0.000000000 -0.078459306
vn -0.995184934 0.000000000 0.098015033
vn -0.995184934 0.000000000 0.098015033
vn -0.995184896 0.000000000 -0.098015422
vn -0.995184896 0.000000000 -0.098015422
vn -0.995184758 0.000000000 0.098016823
vn -0.995184758 0.000000000 0.098016823
vn -0.995184758 0.000000000 0.098016823
vn -0.995184758 0.000000000 0.098016823
vn -0.995184754 0.000000000 -0.098016859
vn -0.995184754 0.000000000 -0.098016859
vn -0.995184754 0.000000000 -0.098016859
vn -0.995184754 0.000000000 -0.098016859
vn -0.995184754 0.000000000 0.098016867
vn -0.995184754 0.000000000 -0.098016867
vn -0.995184747 0.000000000 0.098016937
vn -0.995184743 0.000000000 -0.098016972
vn -0.995184725 0.000000000 -0.098017156
vn -0.995184720 0.000000000 0.098017204
vn -0.995184717 0.000000000 -0.098017237
vn -0.995184716 0.000000000 0.098017247
vn -0.995184715 0.000000000 -0.098017259
vn -0.995184714 0.000000000 -0.098017268
vn -0.995184712 0.000000000 -0.098017287
vn -0.995184712 0.000000000 -0.098017290
vn -0.995184709 0.000000000 0.098017315
vn -0.995184708 0.000000000 0.098017327
vn -0.995184708 0.000000000 0.098017330
vn -0.995184708 0.000000000 0.098017331
vn -0.995184705 0.000000000 0.098017363
vn -0.995184700 0.000000000 -0.098017408
vn -0.995184697 0.000000000 0.098017443
vn -0.995184693 0.000000000 -0.098017479
vn -0.995184681 0.000000000 -0.098017608
vn -0.995184678 0.000000000 -0.098017635
vn -0.995184649 -0.098017928 0.000000000
vn -0.995184649 0.098017928 0.000000000
vn -0.995184648 -0.098017935 -0.000000014
vn -0.995184648 -0.098017935 -0.000000014
vn -0.995184648 0.098017935 0.000000014
vn -0.995184642 0.000000000 0.098018003
vn -0.995184636 0.000000000 -0.098018058
vn -0.995184636 0.000000000 0.098018058
vn -0.995184627 0.098018156 0.000000000
vn -0.995184622 0.000000000 0.098018202
vn -0.995173148 -0.041958110 -0.088712580
vn -0.995173147 -0.050451327 -0.084172869
vn -0.995173146 0.014399403 0.097072478
vn -0.995173145 0.023844956 0.095193641
vn -0.995173143 -0.023844962 -0.095193665
vn -0.995173142 -0.033060769 -0.092398065
vn -0.995173141 0.065903366 0.072712897
vn -0.995173138 0.072713034 0.065903266
vn -0.995173131 -0.092398252 -0.033060575
vn -0.995173129 -0.095193862 -0.023844747
vn -0.995173128 0.095193885 0.023844701
vn -0.995173128 0.033060793 0.092398212
vn -0.995173128 -0.058458793 -0.078822683
vn -0.995173128 -0.058458793 -0.078822684
vn -0.995173126 -0.065903512 -0.072712967
vn -0.995173126 -0.050451311 -0.084173119
vn -0.995173125 0.041958210 0.088712792
vn -0.995173125 -0.078822736 -0.058458764
vn -0.995173124 0.097072715 0.014399338
vn -0.995173122 -0.084173103 -0.050451415
vn -0.995173120 0.050451452 0.084173105
vn -0.995173120 0.058458840 0.078822746
vn -0.995173118 0.065903396 0.072713187
vn -0.995173117 0.072713086 0.065903519
vn -0.995173117 0.058458840 0.078822780
vn -0.995173117 0.078822802 0.058458813
vn -0.995173115 0.092398411 0.033060632
vn -0.995173115 0.088712967 0.041958093
vn -0.995173114 0.084173187 0.050451441
vn -0.995173114 -0.084173148 -0.050451514
vn -0.995173113 -0.097072825 -0.014399354
vn -0.995173113 -0.014399356 -0.097072825
vn -0.995173113 -0.004815307 -0.098016775
vn -0.995173113 0.004815414 0.098016770
vn -0.995173113 0.088712978 0.041958114
vn -0.995173112 -0.098016785 -0.004815201
vn -0.995173112 -0.088713009 -0.041958055
vn -0.995173112 0.014399202 0.097072859
vn -0.995173112 0.098016791 0.004815206
vn -0.995173112 -0.098016792 -0.004815206
vn -0.995173112 0.098016792 0.004815207
vn -0.995173111 0.097072834 0.014399456
vn -0.995173104 -0.097072905 -0.014399429
vn -0.995173104 -0.092398452 -0.033060852
vn -0.995173103 0.050451431 0.084173319
vn -0.995173103 -0.088713068 -0.041958156
vn -0.995173103 0.084173241 0.050451569
vn -0.995173103 -0.078822827 -0.058459027
vn -0.995173102 -0.095194083 -0.023844998
vn -0.995173102 0.078822859 0.058458997
vn -0.995173101 0.041958152 0.088713091
vn -0.995173101 -0.072713312 -0.065903518
vn -0.995173099 -0.004815216 -0.098016922
vn -0.995173098 0.004815314 0.098016922
vn -0.995173096 0.095194143 0.023845013
vn -0.995173095 -0.072713329 -0.065903589
vn -0.995173093 0.092398560 0.033060854
vn -0.995173093 -0.065903567 -0.072713376
vn -0.995173092 -0.041958001 -0.088713260
vn -0.995173091 -0.023844740 -0.095194263
vn -0.995173091 -0.014399234 -0.097073075
vn -0.995173090 -0.033060606 -0.092398687
vn -0.995173083 0.033060630 0.092398756
vn -0.995173081 0.023844652 0.095194384
vn -0.991444981 0.130525283 0.000000000
vn -0.991444981 0.130525283 0.000000000
vn -0.991444981 -0.130525283 -0.000002136
vn -0.991444926 -0.130525702 0.000000000
vn -0.991444918 0.130525760 0.000000000
vn -0.991444893 -0.130525955 0.000000000
vn -0.991444810 0.130526581 0.000000000
vn -0.991444810 0.130526581 0.000000000
vn -0.991444801 -0.130526648 0.000000000
vn -0.991444801 0.130526648 0.000000000
vn -0.991444778 -0.130526822 0.000000000
vn -0.991444778 -0.130526822 0.000000000
vn -0.991444759 -0.130526967 -0.000000054
vn -0.991444759 -0.130526967 -0.000000054
vn -0.991444759 0.130526971 0.000000000
vn -0.991444759 -0.130526971 0.000000000
vn -0.991444759 0.130526971 0.000000000
vn -0.991444759 -0.130526971 0.000000000
vn -0.991444746 0.130527067 0.000000054
vn -0.987688074 0.000000000 0.156436145
vn -0.987687946 0.000000000 -0.156436953
vn -0.972370030 0.000000000 -0.233444908
vn -0.972369986 0.000000000 -0.233445089
vn -0.972369755 0.000000000 0.233446053
vn -0.972369727 0.000000000 0.233446168
vn -0.965926190 0.000000000 -0.258817689
vn -0.965926190 0.000000000 0.258817689
vn -0.965925580 0.000000000 -0.258819965
vn -0.965925580 0.000000000 0.258819965
vn -0.965925532 0.000000000 0.258820142
vn -0.965925532 0.000000000 -0.258820142
vn -0.965925333 0.000000000 -0.258820887
vn -0.965925333 0.000000000 0.258820887
vn -0.956941238 -0.290281702 -0.000000245
vn -0.956940827 0.000000000 0.290283056
vn -0.956940827 0.000000000 -0.290283056
vn -0.956940827 0.000000000 -0.290283056
vn -0.956940827 0.000000000 -0.290283056
vn -0.956940603 -0.290283795 0.000000000
vn -0.956940603 0.290283795 0.000000000
vn -0.956940577 0.000000000 -0.290283881
vn -0.956940531 0.000000000 -0.290284033
vn -0.956940516 0.000000000 -0.290284082
vn -0.956940491 0.000000000 0.290284165
vn -0.956940491 0.000000000 0.290284165
vn -0.956940471 0.000000000 -0.290284230
vn -0.956940471 0.000000000 -0.290284230
vn -0.956940471 0.000000000 -0.290284230
vn -0.956940467 0.000000000 -0.290284244
vn -0.956940461 0.000000000 -0.290284265
vn -0.956940444 0.000000000 -0.290284321
vn -0.956940428 0.000000000 0.290284373
vn -0.956940428 0.000000000 -0.290284373
vn -0.956940425 0.000000000 -0.290284384
vn -0.956940410 0.000000000 -0.290284432
vn -0.956940386 0.000000000 0.290284513
vn -0.956940371 0.000000000 0.290284561
vn -0.956940362 0.000000000 -0.290284590
vn -0.956940354 0.000000000 0.290284616
vn -0.956940339 0.000000000 0.290284666
vn -0.956940311 0.000000000 0.290284760
vn -0.956940307 0.000000000 0.290284771
vn -0.956940294 0.290284816 0.000000000
vn -0.956940294 0.290284816 0.000000000
vn -0.956940294 -0.290284816 -0.000000041
vn -0.956940289 0.000000000 -0.290284830
vn -0.956940272 0.000000000 0.290284888
vn -0.956940214 0.000000000 0.290285077
vn -0.956940180 0.000000000 0.290285192
vn -0.956940179 0.000000000 0.290285192
vn -0.956940170 0.000000000 0.290285223
vn -0.956940170 0.000000000 0.290285223
vn -0.956940170 0.000000000 0.290285223
vn -0.956940170 0.000000000 0.290285223
vn -0.956940167 0.000000000 -0.290285233
vn -0.956940081 0.000000000 0.290285517
vn -0.956843615 -0.014259092 -0.290253296
vn -0.956843610 -0.042640762 -0.287457947
vn -0.956843541 -0.014258942 -0.290253545
vn -0.956843532 -0.097901964 -0.273615899
vn -0.956843531 0.014259713 0.290253542
vn -0.956843525 -0.124248925 -0.262702631
vn -0.956843521 -0.262702665 -0.124248890
vn -0.956843492 -0.273616274 -0.097901311
vn -0.956843469 -0.215323121 -0.195157705
vn -0.956843453 0.273616389 0.097901365
vn -0.956843444 -0.233415444 -0.173112257
vn -0.956843424 0.281895011 0.070610651
vn -0.956843409 0.287458657 0.042640484
vn -0.956843407 0.173112717 0.233415254
vn -0.956843407 0.097902029 0.273616316
vn -0.956843396 0.195158141 0.215323050
vn -0.956843395 0.290254017 0.014259120
vn -0.956843394 0.070610451 0.281895165
vn -0.956843392 -0.070611099 -0.281895010
vn -0.956843379 -0.042640370 -0.287458773
vn -0.956843350 0.287458826 0.042640670
vn -0.956843340 0.281895226 0.070610940
vn -0.956843333 -0.215323252 -0.195158229
vn -0.956843328 -0.195158424 -0.215323094
vn -0.956843315 -0.290254283 -0.014259115
vn -0.956843311 0.290254282 0.014259361
vn -0.956843307 0.124249547 0.262703134
vn -0.956843303 0.262703245 0.124249337
vn -0.956843298 0.249259767 0.149400374
vn -0.956843295 0.070610271 0.281895544
vn -0.956843295 -0.124248790 -0.262703535
vn -0.956843295 0.149400586 0.249259652
vn -0.956843293 -0.149400673 -0.249259605
vn -0.956843280 0.042641302 0.287458965
vn -0.956843279 0.273616771 0.097902003
vn -0.956843273 -0.290254416 -0.014259214
vn -0.956843271 0.262703304 0.124249461
vn -0.956843267 -0.149400668 -0.249259708
vn -0.956843266 0.149400568 0.249259774
vn -0.956843265 -0.249259813 -0.149400510
vn -0.956843265 0.249259814 0.149400507
vn -0.956843264 -0.287459122 -0.042640602
vn -0.956843261 -0.262703193 -0.124249773
vn -0.956843254 0.173112685 0.233415907
vn -0.956843253 0.233415886 0.173112717
vn -0.956843250 0.215323434 0.195158434
vn -0.956843249 -0.233415704 -0.173112986
vn -0.956843248 -0.173113069 -0.233415648
vn -0.956843245 0.195158172 0.215323694
vn -0.956843238 -0.287459198 -0.042640671
vn -0.956843238 -0.249259858 -0.149400605
vn -0.956843235 -0.281895581 -0.070610941
vn -0.956843232 -0.281895590 -0.070610950
vn -0.956843226 -0.273616901 -0.097902159
vn -0.956843219 0.124249456 0.262703497
vn -0.956843206 0.097901740 0.273617121
vn -0.956843180 0.233415961 0.173113018
vn -0.956843159 0.215323491 0.195158818
vn -0.956843130 -0.097901576 -0.273617445
vn -0.956843122 -0.070610738 -0.281896016
vn -0.956843075 -0.195158570 -0.215324085
vn -0.956843064 -0.173113104 -0.233416374
vn -0.956843057 0.042640812 0.287459782
vn -0.956843043 0.014258473 0.290255210
vn -0.923880545 0.000000000 -0.382680987
vn -0.923880545 0.000000000 0.382680987
vn -0.923880329 0.000000000 -0.382681510
vn -0.923880329 0.000000000 0.382681510
vn -0.923880176 0.000000000 -0.382681880
vn -0.923880176 0.000000000 0.382681880
vn -0.923879859 -0.382682644 -0.000000158
vn -0.923879859 0.382682644 0.000000317
vn -0.923879818 -0.382682744 0.000000000
vn -0.923879747 -0.382682915 0.000000000
vn -0.923879747 0.382682915 0.000000158
vn -0.923879719 0.000000000 0.382682982
vn -0.923879701 -0.382683026 0.000000000
vn -0.923879701 0.382683026 0.000000000
vn -0.923879647 0.000000000 -0.382683156
vn -0.923879645 -0.382683162 -0.000006262
vn -0.923879623 0.382683214 0.000000000
vn -0.923879623 -0.382683214 0.000000000
vn -0.923879615 -0.382683233 0.000000000
vn -0.923879555 0.000000000 0.382683378
vn -0.923879487 0.382683543 0.000000000
vn -0.923879437 0.000000000 -0.382683664
vn -0.923879437 0.000000000 0.382683664
vn -0.923879410 0.000000000 -0.382683729
vn -0.923879304 0.382683983 0.000000000
vn -0.923879171 -0.382684305 0.000000000
vn -0.923879018 0.382684674 0.000000000
vn -0.923879018 0.382684674 0.000000000
vn -0.923098738 -0.149465391 -0.354328685
vn -0.923098569 -0.149465592 0.354329041
vn -0.923098413 0.149465275 0.354329581
vn -0.923098338 0.149465371 -0.354329735
vn -0.923098334 -0.149465228 0.354329806
vn -0.923098324 0.149465349 -0.354329782
vn -0.923098236 0.149465093 0.354330118
vn -0.923097602 -0.149464224 -0.354332135
vn -0.891007045 0.000000000 -0.453989478
vn -0.891005967 0.000000000 0.453991594
vn -0.881921680 0.000000000 -0.471395959
vn -0.881921486 0.000000000 -0.471396323
vn -0.881921486 0.000000000 0.471396323
vn -0.881921459 0.000000000 -0.471396372
vn -0.881921451 0.000000000 0.471396388
vn -0.881921444 0.000000000 -0.471396400
vn -0.881921358 -0.471396562 0.000000000
vn -0.881921358 0.471396562 0.000000000
vn -0.881921345 0.000000000 0.471396586
vn -0.881921321 0.000000000 -0.471396631
vn -0.881921321 0.000000000 0.471396631
vn -0.881921320 0.000000000 -0.471396632
vn -0.881921320 0.000000000 0.471396632
vn -0.881921311 0.000000000 -0.471396649
vn -0.881921311 0.000000000 0.471396649
vn -0.881921287 0.000000000 -0.471396695
vn -0.881921282 0.000000000 0.471396703
vn -0.881921195 0.471396866 0.000000000
vn -0.881921195 0.471396866 0.000000000
vn -0.881921195 -0.471396866 -0.000000288
vn -0.881921195 0.000000000 0.471396867
vn -0.881921178 0.000000000 -0.471396899
vn -0.881921173 0.000000000 -0.471396907
vn -0.881921173 0.000000000 -0.471396907
vn -0.881921173 0.000000000 -0.471396907
vn -0.881921173 0.000000000 -0.471396907
vn -0.881921170 0.000000000 -0.471396914
vn -0.881921163 0.000000000 0.471396926
vn -0.881921163 0.000000000 0.471396926
vn -0.881921106 0.000000000 0.471397033
vn -0.881921104 0.000000000 0.471397036
vn -0.881921066 0.000000000 -0.471397108
vn -0.881921062 0.000000000 -0.471397115
vn -0.881921062 0.000000000 -0.471397115
vn -0.881921062 0.000000000 -0.471397115
vn -0.881921062 0.000000000 0.471397115
vn -0.881921038 0.000000000 0.471397161
vn -0.881920943 -0.471397338 -0.000000255
vn -0.881920903 0.000000000 -0.471397414
vn -0.881920441 0.000000000 0.471398277
vn -0.881919955 0.000000000 0.471399186
vn -0.881919955 0.000000000 0.471399186
vn -0.881685640 -0.069233552 -0.466730273
vn -0.881685601 -0.114648032 -0.457696766
vn -0.881685437 0.404709240 0.242572096
vn -0.881685378 0.426536272 0.201736716
vn -0.881685189 -0.316867300 -0.349608841
vn -0.881685178 -0.378984299 -0.281073207
vn -0.881685169 0.349608931 0.316867257
vn -0.881685163 -0.349609063 -0.316867128
vn -0.881685157 -0.404709472 -0.242572727
vn -0.881685152 -0.466731239 -0.069233246
vn -0.881685128 0.158957760 0.444256419
vn -0.881685124 -0.457697944 -0.114646999
vn -0.881685117 0.378984288 0.281073413
vn -0.881685111 0.201737150 0.426536618
vn -0.881685089 -0.466731344 -0.069233344
vn -0.881685071 -0.471270020 -0.023151762
vn -0.881685062 -0.444256702 -0.158957335
vn -0.881685049 0.378984318 0.281073586
vn -0.881685044 0.069234333 0.466731283
vn -0.881685032 -0.457698082 -0.114647156
vn -0.881685031 0.023151237 0.471270120
vn -0.881685022 0.069234301 0.466731330
vn -0.881685016 -0.281074079 -0.378984030
vn -0.881684994 -0.316867359 -0.349609280
vn -0.881684992 0.114646469 0.457698330
vn -0.881684970 0.471270211 0.023151713
vn -0.881684967 -0.114647530 -0.457698113
vn -0.881684966 -0.471270209 -0.023151905
vn -0.881684964 -0.158957331 -0.444256898
vn -0.881684962 0.404709563 0.242573283
vn -0.881684960 0.426536658 0.201737728
vn -0.881684958 0.158957581 0.444256820
vn -0.881684943 0.114646406 0.457698441
vn -0.881684939 0.444256913 0.158957431
vn -0.881684888 0.457698338 0.114647242
vn -0.881684859 0.444257004 0.158957615
vn -0.881684855 0.242573612 0.404709599
vn -0.881684852 0.201736936 0.426537256
vn -0.881684841 -0.201737468 -0.426537026
vn -0.881684833 -0.158957256 -0.444257184
vn -0.881684789 0.281074761 0.378984052
vn -0.881684770 0.316867787 0.349609457
vn -0.881684736 -0.426537211 -0.201737535
vn -0.881684724 0.471270648 0.023152176
vn -0.881684704 -0.404709898 -0.242573660
vn -0.881684696 0.023150667 0.471270775
vn -0.881684694 0.466732152 0.069232929
vn -0.881684672 -0.023151853 -0.471270762
vn -0.881684649 -0.444257249 -0.158958093
vn -0.881684633 -0.281074111 -0.378984897
vn -0.881684608 0.457698724 0.114647857
vn -0.881684599 -0.378984725 -0.281074450
vn -0.881684590 0.349609035 0.316868752
vn -0.881684584 -0.426537385 -0.201737834
vn -0.881684566 -0.242574137 -0.404709913
vn -0.881684559 -0.349609378 -0.316868459
vn -0.881684541 0.466732395 0.069233243
vn -0.881684520 0.316867768 0.349610104
vn -0.881684500 -0.069232416 -0.466732595
vn -0.881684448 0.281074649 0.378984928
vn -0.881684445 -0.023151582 -0.471271200
vn -0.881684391 0.242573344 0.404710770
vn -0.881684346 -0.242574106 -0.404710412
vn -0.881684314 -0.201737278 -0.426538207
vn -0.866025805 0.000000000 0.499999304
vn -0.866025754 0.000000000 0.499999393
vn -0.866025578 0.000000000 -0.499999698
vn -0.866025449 0.000000000 -0.499999922
vn -0.866025377 0.000000000 0.500000047
vn -0.866025377 0.000000000 -0.500000047
vn -0.866025272 0.000000000 0.500000228
vn -0.866024948 0.000000000 -0.500000789
vn -0.860065755 0.000000175 0.510183199
vn -0.860065532 0.000000082 -0.510183575
vn -0.860065003 -0.000000267 0.510184467
vn -0.860064780 -0.000000360 -0.510184843
vn -0.852640291 0.000000000 -0.522498358
vn -0.852640108 0.000000000 0.522498657
vn -0.852640035 0.000000000 -0.522498776
vn -0.852639816 0.360841177 -0.377887535
vn -0.852639758 -0.360841246 -0.377887601
vn -0.852639683 0.000000000 0.522499351
vn -0.852639638 0.360841216 -0.377887899
vn -0.852639472 -0.360841370 -0.377888126
vn -0.852639443 0.360841473 0.377888094
vn -0.852639417 -0.360841114 0.377888496
vn -0.852639417 -0.360841114 0.377888496
vn -0.852639328 0.360841523 0.377888306
vn -0.808537679 0.207470437 -0.550656735
vn -0.808537167 0.207470492 0.550657466
vn -0.808536893 -0.207470498 0.550657865
vn -0.808536769 -0.207470436 -0.550658071
vn -0.808536687 -0.207470445 -0.550658189
vn -0.808536513 0.207470546 -0.550658405
vn -0.808536267 0.207470405 0.550658820
vn -0.808536194 -0.207470417 0.550658922
vn -0.793353741 -0.608760907 0.000000000
vn -0.793353741 -0.608760907 0.000000000
vn -0.793353581 0.608761116 0.000000000
vn -0.793353581 0.608761116 0.000000000
vn -0.793353323 0.608761452 0.000000504
vn -0.793353277 0.608761512 0.000000609
vn -0.793353277 -0.608761512 -0.000000609
vn -0.793353236 0.608761565 0.000000000
vn -0.793353039 -0.608761822 0.000000000
vn -0.793353031 0.608761832 0.000000000
vn -0.793353031 -0.608761832 0.000000000
vn -0.793352914 0.608761984 0.000000000
vn -0.793352914 -0.608761984 0.000000000
vn -0.793352872 -0.608762039 0.000000000
vn -0.793352822 -0.608762104 0.000000000
vn -0.793352822 -0.608762104 0.000000000
vn -0.793352755 0.608762192 0.000000000
vn -0.793352024 0.608763145 0.000000000
vn -0.773012244 0.000000000 -0.634391102
vn -0.773011564 -0.634391931 -0.000000300
vn -0.773011173 0.634392407 0.000000000
vn -0.773011173 -0.634392407 0.000000000
vn -0.773011173 0.000000000 0.634392407
vn -0.773011173 0.000000000 0.634392407
vn -0.773011173 0.000000000 0.634392407
vn -0.773011108 0.634392486 0.000000090
vn -0.773010942 0.000000000 -0.634392689
vn -0.773010808 0.000000000 -0.634392852
vn -0.773010786 0.000000000 -0.634392879
vn -0.773010783 0.000000000 -0.634392882
vn -0.773010766 0.000000000 -0.634392903
vn -0.773010748 0.000000000 -0.634392926
vn -0.773010650 0.000000000 0.634393045
vn -0.773010638 0.000000000 0.634393060
vn -0.773010574 0.000000000 -0.634393137
vn -0.773010574 0.000000000 -0.634393137
vn -0.773010574 0.000000000 -0.634393137
vn -0.773010480 0.000000000 -0.634393252
vn -0.773010480 0.000000000 0.634393252
vn -0.773010412 0.000000000 -0.634393334
vn -0.773010412 0.000000000 0.634393334
vn -0.773010397 0.000000000 0.634393353
vn -0.773010397 0.000000000 0.634393353
vn -0.773010397 0.000000000 0.634393353
vn -0.773010319 0.000000000 0.634393448
vn -0.773010308 0.000000000 0.634393461
vn -0.773010245 0.000000000 0.634393538
vn -0.773010245 0.000000000 -0.634393538
vn -0.773010239 0.000000000 -0.634393546
vn -0.773010197 0.000000000 -0.634393596
vn -0.773010196 0.634393598 0.000000000
vn -0.773010158 0.000000000 0.634393645
vn -0.773010126 0.000000000 -0.634393683
vn -0.773010047 0.000000000 0.634393780
vn -0.773010045 0.000000000 0.634393782
vn -0.773009932 0.000000000 0.634393919
vn -0.773009868 0.000000000 -0.634393998
vn -0.773009868 0.000000000 -0.634393998
vn -0.773009787 0.000000000 0.634394097
vn -0.773009640 -0.634394276 -0.000000110
vn -0.772637089 -0.031151174 -0.634083222
vn -0.772637012 0.378179992 0.509913661
vn -0.772636923 0.426337700 0.470391699
vn -0.772636897 0.470392021 0.426337393
vn -0.772636848 0.509915115 0.378178366
vn -0.772636776 -0.544528055 -0.326376486
vn -0.772636704 -0.573896277 -0.271432471
vn -0.772636609 0.031150284 0.634083851
vn -0.772636556 0.509915151 0.378178914
vn -0.772636531 -0.378178678 -0.509915364
vn -0.772636530 0.378179787 0.509914542
vn -0.772636514 0.326376502 0.544528417
vn -0.772636511 -0.426338473 -0.470391675
vn -0.772636508 0.093153289 0.627977143
vn -0.772636504 0.326376496 0.544528433
vn -0.772636504 0.544528630 0.326376169
vn -0.772636489 0.271433099 0.573896270
vn -0.772636468 0.597738219 0.213873584
vn -0.772636339 -0.213873751 -0.597738326
vn -0.772636336 0.615823155 0.154256067
vn -0.772636323 -0.271433450 -0.573896328
vn -0.772636297 -0.627977612 -0.093151874
vn -0.772636284 0.627977704 0.093151363
vn -0.772636265 -0.271433433 -0.573896413
vn -0.772636264 -0.326377613 -0.544528105
vn -0.772636250 -0.378178677 -0.509915791
vn -0.772636241 -0.615823439 -0.154255411
vn -0.772636235 -0.426338513 -0.470392093
vn -0.772636220 0.615823252 0.154256263
vn -0.772636203 -0.326377603 -0.544528198
vn -0.772636202 0.470391979 0.426338697
vn -0.772636202 0.426337524 0.470393044
vn -0.772636193 0.213875160 0.597738010
vn -0.772636187 -0.470392420 -0.426338238
vn -0.772636166 0.597738419 0.213874115
vn -0.772636113 0.271432808 0.573896914
vn -0.772636108 -0.213873648 -0.597738661
vn -0.772636100 0.573896698 0.271433301
vn -0.772636096 -0.634084481 -0.031150187
vn -0.772636096 -0.154256980 -0.615823228
vn -0.772636086 -0.627977837 -0.093152101
vn -0.772636073 -0.031150312 -0.634084503
vn -0.772636069 0.634084515 0.031150160
vn -0.772636058 0.031149529 0.634084559
vn -0.772636042 0.634084546 0.031150201
vn -0.772636041 -0.634084545 -0.031150240
vn -0.772636016 0.627977970 0.093151791
vn -0.772636004 -0.093152255 -0.627977915
vn -0.772635851 -0.597738653 -0.213874600
vn -0.772635839 -0.573896892 -0.271433633
vn -0.772635806 -0.615823856 -0.154255922
vn -0.772635803 -0.544528615 -0.326377854
vn -0.772635801 -0.509915778 -0.378179613
vn -0.772635792 -0.509915781 -0.378179625
vn -0.772635785 0.154255078 0.615824093
vn -0.772635760 -0.470392545 -0.426338875
vn -0.772635723 0.213874719 0.597738775
vn -0.772635722 -0.597738761 -0.213874763
vn -0.772635563 0.573896960 0.271434276
vn -0.772635466 0.544528949 0.326378094
vn -0.772635356 0.154254609 0.615824749
vn -0.772635307 0.093151802 0.627978840
vn -0.772634290 -0.154255921 -0.615825758
vn -0.772634221 -0.093150969 -0.627980301
vn -0.760406050 0.000000000 0.649447949
vn -0.760405936 0.000000000 0.649448083
vn -0.760405877 0.000000000 -0.649448152
vn -0.760405694 0.000000000 -0.649448366
vn -0.733575873 0.207470436 -0.647164937
vn -0.733575860 0.207470523 0.647164925
vn -0.733575552 -0.207470393 -0.647165315
vn -0.733575251 -0.207470412 0.647165650
vn -0.733574940 -0.207470381 0.647166012
vn -0.733574929 -0.207470453 -0.647166002
vn -0.733574776 0.207470434 0.647166181
vn -0.733574528 0.207470544 -0.647166428
vn -0.729167712 0.680556236 0.071816831
vn -0.729167644 0.680556259 -0.071817298
vn -0.729167467 0.680556497 -0.071816838
vn -0.729167446 0.680556477 0.071817252
vn -0.707107134 0.000000000 -0.707106428
vn -0.707107134 0.000000000 0.707106428
vn -0.707106781 0.000000000 -0.707106781
vn -0.707106781 0.000000000 -0.707106781
vn -0.707106781 0.000000000 0.707106781
vn -0.707106781 0.000000000 0.707106781
vn -0.707106781 0.000000000 0.707106781
vn -0.707106428 0.000000000 -0.707107134
vn -0.707106428 0.000000000 0.707107134
vn -0.701146354 0.680556237 -0.212689911
vn -0.701146353 0.680556240 -0.212689906
vn -0.701146163 0.680556202 0.212690654
vn -0.701146141 0.680556217 0.212690677
vn -0.682952555 0.728482544 0.053749335
vn -0.682952427 0.728482663 -0.053749345
vn -0.682952419 0.728482672 -0.053749324
vn -0.682952409 0.728482661 0.053749604
vn -0.666135899 0.728482664 -0.159924896
vn -0.666135896 0.728482670 -0.159924880
vn -0.666135869 0.728482543 0.159925572
vn -0.666135818 0.728482575 0.159925638
vn -0.649448558 0.000000000 -0.760405530
vn -0.649448325 0.000000000 -0.760405729
vn -0.649448152 0.000000000 0.760405877
vn -0.649447800 0.000000000 0.760406178
vn -0.647166440 0.207470462 -0.733574541
vn -0.647166263 -0.207470422 0.733574708
vn -0.647166141 0.207470470 0.733574801
vn -0.647166009 -0.207470405 -0.733574937
vn -0.647165701 -0.207470373 0.733575218
vn -0.647165420 0.207470418 0.733575453
vn -0.647165305 -0.207470464 -0.733575541
vn -0.647164919 0.207470570 -0.733575852
vn -0.646180085 0.680556289 0.345390264
vn -0.646180049 0.680556311 0.345390290
vn -0.646179907 0.680556589 -0.345390007
vn -0.646179889 0.680556257 -0.345390696
vn -0.634393998 0.000000000 0.773009868
vn -0.634393998 0.000000000 0.773009868
vn -0.634393919 0.000000000 -0.773009932
vn -0.634393800 0.000000000 0.773010030
vn -0.634393780 0.000000000 0.773010046
vn -0.634393780 0.000000000 -0.773010047
vn -0.634393763 0.000000000 -0.773010060
vn -0.634393663 0.000000000 -0.773010143
vn -0.634393598 0.773010196 0.000000110
vn -0.634393598 -0.773010196 -0.000000090
vn -0.634393546 0.000000000 0.773010239
vn -0.634393538 0.000000000 -0.773010245
vn -0.634393530 0.000000000 -0.773010252
vn -0.634393530 0.000000000 -0.773010252
vn -0.634393530 0.000000000 -0.773010252
vn -0.634393530 0.000000000 -0.773010252
vn -0.634393508 0.000000000 -0.773010270
vn -0.634393468 0.000000000 -0.773010303
vn -0.634393361 0.000000000 -0.773010390
vn -0.634393334 0.000000000 -0.773010412
vn -0.634393320 0.000000000 0.773010424
vn -0.634393253 0.000000000 0.773010479
vn -0.634393252 0.000000000 0.773010480
vn -0.634393252 0.000000000 -0.773010480
vn -0.634393187 0.000000000 0.773010533
vn -0.634393157 0.000000000 0.773010557
vn -0.634393137 0.000000000 0.773010574
vn -0.634393137 0.000000000 0.773010574
vn -0.634393137 0.000000000 0.773010574
vn -0.634393129 0.000000000 0.773010580
vn -0.634393099 0.000000000 -0.773010605
vn -0.634392971 0.000000000 -0.773010710
vn -0.634392903 0.000000000 0.773010766
vn -0.634392852 0.000000000 0.773010808
vn -0.634392692 0.000000000 0.773010939
vn -0.634392689 0.000000000 0.773010942
vn -0.634392608 0.773011008 0.000000030
vn -0.634392486 -0.773011108 0.000000000
vn -0.634392407 0.000000000 -0.773011173
vn -0.634392407 0.000000000 -0.773011173
vn -0.634391897 -0.773011592 0.000000000
vn -0.634391897 0.773011592 0.000000000
vn -0.634391102 0.000000000 -0.773012244
vn -0.633936122 0.397600472 0.663354247
vn -0.633936096 -0.397599539 -0.663354832
vn -0.633936039 -0.460705693 -0.621188669
vn -0.633936023 -0.187916886 -0.750208213
vn -0.633936001 0.460706976 0.621187756
vn -0.633935965 -0.397599513 -0.663354973
vn -0.633935956 -0.330665629 -0.699131923
vn -0.633935941 -0.260546059 -0.728176472
vn -0.633935882 -0.621188966 -0.460705510
vn -0.633935816 -0.113479878 -0.765014835
vn -0.633935813 -0.663355228 -0.397599329
vn -0.633935781 -0.187916766 -0.750208448
vn -0.633935751 0.037947925 0.772454153
vn -0.633935607 0.699132334 0.330665428
vn -0.633935582 0.663355808 0.397598729
vn -0.633935509 0.765015302 0.113478448
vn -0.633935490 0.113479213 0.765015204
vn -0.633935479 -0.113479679 -0.765015144
vn -0.633935444 -0.037949056 -0.772454349
vn -0.633935414 0.772454436 0.037947796
vn -0.633935407 0.037947507 0.772454456
vn -0.633935279 -0.663355406 -0.397599883
vn -0.633935278 0.750208527 0.187918145
vn -0.633935248 0.728177802 0.260544029
vn -0.633935204 -0.699133050 -0.330664687
vn -0.633934959 -0.772454809 -0.037947801
vn -0.633934945 0.772454791 0.037948402
vn -0.633934919 -0.728177375 -0.260546021
vn -0.633934896 -0.765015674 -0.113479363
vn -0.633934813 -0.699133220 -0.330665079
vn -0.633934797 -0.750209050 -0.187917678
vn -0.633934781 0.765015758 0.113479440
vn -0.633934757 0.330665726 0.699132964
vn -0.633934752 0.260547888 0.728176853
vn -0.633934700 0.573042311 0.519373956
vn -0.633934595 0.663355865 0.397600207
vn -0.633934585 -0.772455102 -0.037948084
vn -0.633934578 -0.765015898 -0.113479627
vn -0.633934568 0.750208875 0.187919152
vn -0.633934541 0.519374243 0.573042227
vn -0.633934499 -0.621189285 -0.460706983
vn -0.633934497 -0.750209237 -0.187917947
vn -0.633934469 0.621190038 0.460706008
vn -0.633934464 0.621190037 0.460706015
vn -0.633934441 -0.728177628 -0.260546475
vn -0.633934434 -0.330665174 -0.699133518
vn -0.633934419 -0.260545450 -0.728178015
vn -0.633934372 0.573042233 0.519374441
vn -0.633934372 -0.573042217 -0.519374460
vn -0.633934292 -0.519375252 -0.573041587
vn -0.633934287 -0.460705538 -0.621190572
vn -0.633934244 0.187916753 0.750209750
vn -0.633934218 0.397599225 0.663356815
vn -0.633934206 0.260547393 0.728177505
vn -0.633934184 0.113477749 0.765016504
vn -0.633934155 -0.037948184 -0.772455450
vn -0.633934153 0.728178183 0.260545624
vn -0.633934149 0.330665249 0.699133741
vn -0.633934125 -0.573042248 -0.519374727
vn -0.633934076 0.187916581 0.750209935
vn -0.633934030 -0.519375257 -0.573041873
vn -0.633934028 0.699132657 0.330667773
vn -0.633933754 0.519373944 0.573043368
vn -0.633933645 0.460705751 0.621191070
vn -0.632916932 0.728482572 0.262162734
vn -0.632916907 0.728482497 -0.262163005
vn -0.632916893 0.728482700 -0.262162473
vn -0.632916863 0.728482609 0.262162800
vn -0.608763145 -0.793352024 0.000000000
vn -0.608762534 -0.793352492 -0.000004327
vn -0.608762104 0.793352822 0.000000000
vn -0.608762039 0.793352872 0.000000000
vn -0.608762039 0.793352872 0.000000000
vn -0.608761710 -0.793353125 0.000000000
vn -0.608761710 0.793353125 0.000000000
vn -0.608761619 -0.793353195 0.000000000
vn -0.608761619 0.793353195 0.000000000
vn -0.608761565 -0.793353236 0.000000000
vn -0.608761116 -0.793353581 0.000000000
vn -0.608760907 0.793353741 0.000000000
vn -0.608760907 0.793353741 0.000000000
vn -0.608760896 -0.793353749 -0.000000793
vn -0.608760896 -0.793353749 -0.000000793
vn -0.608760896 0.793353749 0.000000793
vn -0.608760896 0.793353749 0.000000793
vn -0.584113401 0.728482630 -0.357944957
vn -0.584113359 0.728482508 -0.357945275
vn -0.584113338 0.728482595 0.357945131
vn -0.584113285 0.728482620 0.357945168
vn -0.566381533 0.680556124 0.464817513
vn -0.566381498 0.680556611 -0.464816843
vn -0.566381377 0.680556345 -0.464817380
vn -0.566381288 0.680556254 0.464817622
vn -0.550658422 0.207470411 -0.808536537
vn -0.550658416 0.207470459 0.808536528
vn -0.550658383 -0.207470431 0.808536558
vn -0.550658192 -0.207470416 0.808536692
vn -0.550658190 -0.207470434 -0.808536689
vn -0.550658070 -0.207470444 -0.808536768
vn -0.550657819 0.207470420 0.808536945
vn -0.550656725 0.207470521 -0.808537664
vn -0.522499132 0.000000000 0.852639817
vn -0.522499132 0.000000000 -0.852639817
vn -0.522498290 0.000000000 -0.852640332
vn -0.522498059 0.000000000 0.852640474
vn -0.520927029 0.728482616 0.444913597
vn -0.520926926 0.728482625 -0.444913703
vn -0.520926915 0.728482610 -0.444913740
vn -0.520926846 0.728482693 0.444913684
vn -0.510184843 -0.000000360 -0.860064780
vn -0.510183575 -0.000000047 0.860065532
vn -0.510183575 0.000000082 -0.860065532
vn -0.510183258 0.000000064 0.860065720
vn -0.500007497 0.866021075 0.000000000
vn -0.500007497 -0.866021075 0.000000000
vn -0.500004441 0.866022840 0.000000000
vn -0.500004441 -0.866022840 0.000000000
vn -0.500001531 0.000000000 -0.866024520
vn -0.500001531 0.000000000 0.866024520
vn -0.500001531 0.000000000 -0.866024520
vn -0.500001531 0.000000000 0.866024520
vn -0.500001531 0.000000000 -0.866024520
vn -0.500001531 0.000000000 0.866024520
vn -0.500001531 0.000000000 -0.866024520
vn -0.500001531 0.000000000 0.866024520
vn -0.500000880 0.866024896 0.000000000
vn -0.500000789 0.000000000 -0.866024948
vn -0.500000789 0.000000000 0.866024948
vn -0.500000789 0.000000000 0.866024948
vn -0.500000789 0.000000000 -0.866024948
vn -0.500000757 0.000000000 -0.866024967
vn -0.500000752 0.000000000 -0.866024970
vn -0.500000752 0.000000000 -0.866024970
vn -0.500000752 0.000000000 0.866024970
vn -0.500000752 0.000000000 -0.866024970
vn -0.500000752 0.000000000 0.866024970
vn -0.500000752 0.000000000 0.866024970
vn -0.500000752 0.000000000 -0.866024970
vn -0.500000752 0.000000000 0.866024970
vn -0.500000752 0.000000000 0.866024970
vn -0.500000675 -0.866025014 0.000000000
vn -0.500000675 0.866025014 0.000001299
vn -0.500000366 0.000000000 -0.866025192
vn -0.500000366 0.000000000 0.866025192
vn -0.500000366 0.000000000 -0.866025192
vn -0.500000366 0.000000000 0.866025192
vn -0.500000252 0.000000000 -0.866025258
vn -0.500000252 0.000000000 -0.866025258
vn -0.500000252 0.000000000 0.866025258
vn -0.500000252 0.000000000 -0.866025258
vn -0.500000252 0.000000000 0.866025258
vn -0.500000252 0.000000000 -0.866025258
vn -0.500000252 0.000000000 0.866025258
vn -0.500000252 0.000000000 -0.866025258
vn -0.500000252 0.000000000 0.866025258
vn -0.500000252 0.000000000 -0.866025258
vn -0.500000252 0.000000000 0.866025258
vn -0.500000252 0.000000000 -0.866025258
vn -0.500000252 0.000000000 0.866025258
vn -0.500000246 0.000000000 0.866025262
vn -0.500000228 0.000000000 0.866025272
vn -0.500000175 0.000000000 0.866025303
vn -0.500000047 0.000000000 0.866025377
vn -0.500000047 0.000000000 -0.866025377
vn -0.499999922 0.000000000 -0.866025449
vn -0.499999911 -0.866025455 0.000000000
vn -0.499999911 -0.866025455 -0.000001299
vn -0.499999911 -0.866025455 -0.000001299
vn -0.499999911 0.866025455 0.000001299
vn -0.499999911 -0.866025455 -0.000001299
vn -0.499999911 0.866025455 0.000001299
vn -0.499999911 -0.866025455 -0.000001299
vn -0.499999911 0.866025455 0.000001299
vn -0.499999886 0.000000000 -0.866025469
vn -0.499999886 0.000000000 -0.866025469
vn -0.499999886 0.000000000 0.866025469
vn -0.499999886 0.000000000 -0.866025469
vn -0.499999886 0.000000000 0.866025469
vn -0.499999886 0.000000000 -0.866025469
vn -0.499999886 0.000000000 0.866025469
vn -0.499999886 0.000000000 0.866025469
vn -0.499999886 0.000000000 -0.866025469
vn -0.499999886 0.000000000 -0.866025469
vn -0.499999886 0.000000000 0.866025469
vn -0.499999886 0.000000000 -0.866025469
vn -0.499999742 0.000000000 -0.866025553
vn -0.499999556 0.866025660 0.000000000
vn -0.499999556 0.866025660 0.000000000
vn -0.499999556 0.866025660 0.000000000
vn -0.499999393 0.000000000 0.866025754
vn -0.499999387 0.000000000 -0.866025758
vn -0.499999387 0.000000000 0.866025758
vn -0.499999387 0.000000000 -0.866025758
vn -0.499999387 0.000000000 0.866025758
vn -0.499999387 0.000000000 -0.866025758
vn -0.499999387 0.000000000 -0.866025758
vn -0.499999387 0.000000000 0.866025758
vn -0.499999387 0.000000000 0.866025758
vn -0.499999387 0.000000000 -0.866025758
vn -0.499999387 0.000000000 0.866025758
vn -0.499999387 0.000000000 -0.866025758
vn -0.499999387 0.000000000 -0.866025758
vn -0.499999387 0.000000000 -0.866025758
vn -0.499999387 0.000000000 0.866025758
vn -0.499999387 0.000000000 -0.866025758
vn -0.499999387 0.000000000 0.866025758
vn -0.499999352 0.866025778 0.000000000
vn -0.499999309 0.000000000 -0.866025803
vn -0.499999309 0.000000000 0.866025803
vn -0.499998960 0.000000000 -0.866026004
vn -0.499998792 0.866026101 0.000000000
vn -0.499998792 0.866026101 0.000000000
vn -0.499998587 -0.866026219 0.000000000
vn -0.499998587 0.866026219 0.000000000
vn -0.499998587 -0.866026219 0.000000000
vn -0.499998587 0.866026219 0.000000000
vn -0.499998587 -0.866026219 0.000000000
vn -0.499998587 -0.866026219 0.000000000
vn -0.499998587 0.866026219 0.000000000
vn -0.499998587 -0.866026219 0.000000000
vn -0.499998587 0.866026219 0.000000000
vn -0.499998587 0.866026219 -0.000002250
vn -0.499998521 0.000000000 -0.866026257
vn -0.499998028 -0.866026542 0.000000000
vn -0.499998028 0.866026542 0.000000000
vn -0.499998028 -0.866026542 0.000000000
vn -0.499998028 0.866026542 0.000000000
vn -0.499998028 0.866026542 -0.000001500
vn -0.499997925 0.000000000 0.866026602
vn -0.499997656 0.000000000 -0.866026757
vn -0.499997656 0.000000000 0.866026757
vn -0.499997492 0.000000000 -0.866026852
vn -0.499997290 0.000000000 0.866026968
vn -0.499997264 -0.866026983 0.000000000
vn -0.499997264 -0.866026983 0.000000000
vn -0.499997264 -0.866026983 0.000000000
vn -0.499997264 0.866026983 -0.000001500
vn -0.499997264 0.866026983 -0.000001500
vn -0.499997264 0.866026983 -0.000002250
vn -0.499997264 0.866026983 -0.000002250
vn -0.499997264 0.866026983 -0.000002250
vn -0.499997059 0.000000000 -0.866027102
vn -0.499997059 0.000000000 0.866027102
vn -0.499996791 0.000000000 0.866027257
vn -0.499994262 0.866028716 0.000000000
vn -0.499994262 -0.866028716 0.000000000
vn -0.499991206 0.866030481 0.000000000
vn -0.499991206 -0.866030481 0.000000000
vn -0.487462257 -0.872300840 -0.038363946
vn -0.487462253 -0.872300833 0.038364174
vn -0.487462211 -0.872300866 0.038363943
vn -0.487462171 -0.872300877 -0.038364193
vn -0.475459285 -0.872300876 -0.114147490
vn -0.475459277 -0.872300879 -0.114147504
vn -0.475459262 -0.872300813 0.114148068
vn -0.475459255 -0.872300863 0.114147719
vn -0.471399186 0.000000000 -0.881919955
vn -0.471399186 0.000000000 -0.881919955
vn -0.471398277 0.000000000 -0.881920441
vn -0.471397414 0.000000000 0.881920903
vn -0.471397338 0.881920943 0.000000121
vn -0.471397211 0.000000000 -0.881921011
vn -0.471397161 0.000000000 -0.881921038
vn -0.471397115 0.000000000 0.881921062
vn -0.471397115 0.000000000 0.881921062
vn -0.471397115 0.881921062 0.000000000
vn -0.471397115 0.000000000 0.881921062
vn -0.471397115 -0.881921062 0.000000000
vn -0.471397115 0.000000000 -0.881921062
vn -0.471397017 0.000000000 0.881921115
vn -0.471396932 0.000000000 -0.881921160
vn -0.471396920 0.000000000 -0.881921166
vn -0.471396914 0.000000000 0.881921170
vn -0.471396866 -0.881921195 0.000000000
vn -0.471396866 -0.881921195 0.000000000
vn -0.471396866 0.881921195 0.000000087
vn -0.471396776 0.000000000 -0.881921243
vn -0.471396776 0.000000000 -0.881921243
vn -0.471396776 0.000000000 -0.881921243
vn -0.471396776 0.000000000 -0.881921243
vn -0.471396765 0.000000000 -0.881921249
vn -0.471396688 0.000000000 -0.881921291
vn -0.471396649 0.000000000 0.881921311
vn -0.471396632 0.000000000 -0.881921320
vn -0.471396631 0.000000000 -0.881921321
vn -0.471396586 0.000000000 -0.881921345
vn -0.471396400 0.000000000 0.881921444
vn -0.471396345 0.000000000 0.881921474
vn -0.471396345 0.000000000 0.881921474
vn -0.471396345 0.000000000 0.881921474
vn -0.471396323 0.000000000 -0.881921485
vn -0.471396323 0.000000000 -0.881921486
vn -0.471396323 0.000000000 0.881921486
vn -0.471396239 0.000000000 0.881921531
vn -0.471396156 0.000000000 0.881921575
vn -0.471396120 0.000000000 0.881921594
vn -0.471396087 0.000000000 0.881921612
vn -0.471396052 0.000000000 0.881921631
vn -0.470957066 0.297191988 0.830587963
vn -0.470957066 0.214345141 0.855719348
vn -0.470957020 -0.129439641 -0.872608082
vn -0.470957012 -0.214347722 -0.855718731
vn -0.470956993 0.129438349 0.872608288
vn -0.470956950 0.377170016 0.797459924
vn -0.470956901 0.797459994 0.377169928
vn -0.470956773 0.653636452 0.592418017
vn -0.470956729 -0.653634992 -0.592419663
vn -0.470956687 0.830589841 0.297187339
vn -0.470956671 0.214344747 0.855719664
vn -0.470956636 0.297191594 0.830588348
vn -0.470956544 0.855719367 0.214346214
vn -0.470956459 0.708554664 0.525500050
vn -0.470956455 -0.708554774 -0.525499904
vn -0.470956271 0.872608685 0.129438299
vn -0.470956057 0.043285387 0.881094074
vn -0.470956054 -0.043285241 -0.881094083
vn -0.470956049 0.129437337 0.872608948
vn -0.470956012 -0.129439110 -0.872608705
vn -0.470956011 -0.756651284 -0.453518764
vn -0.470955941 -0.592420649 -0.653634665
vn -0.470955895 0.377169150 0.797460956
vn -0.470955861 -0.653634979 -0.592420367
vn -0.470955861 -0.797460641 -0.377169860
vn -0.470955800 0.453520275 0.756650510
vn -0.470955731 0.708554472 0.525500960
vn -0.470955706 -0.830589559 -0.297189684
vn -0.470955705 -0.855719703 -0.214346715
vn -0.470955637 0.756651933 0.453518071
vn -0.470955525 -0.797460715 -0.377170122
vn -0.470955413 -0.830589645 -0.297189905
vn -0.470955315 0.043284546 0.881094512
vn -0.470955310 -0.043284806 -0.881094502
vn -0.470955302 -0.881094488 -0.043285166
vn -0.470955301 0.881094486 0.043285226
vn -0.470955274 -0.855719862 -0.214347027
vn -0.470955232 0.592420409 0.653635394
vn -0.470955151 0.525499708 0.708555787
vn -0.470955142 0.453519800 0.756651205
vn -0.470955112 -0.872609166 -0.129439271
vn -0.470955078 0.653635799 0.592420084
vn -0.470955069 -0.297190164 -0.830589748
vn -0.470955064 -0.377171036 -0.797460555
vn -0.470955025 0.881094618 0.043285553
vn -0.470955021 -0.881094630 -0.043285346
vn -0.470954984 -0.872609223 -0.129439359
vn -0.470954973 0.872609149 0.129439892
vn -0.470954735 0.855719793 0.214348487
vn -0.470954731 0.830590059 0.297189831
vn -0.470954650 0.592420117 0.653636078
vn -0.470954597 -0.453519435 -0.756651762
vn -0.470954575 0.525499353 0.708556433
vn -0.470954568 -0.592420520 -0.653635773
vn -0.470954500 -0.525501229 -0.708555091
vn -0.470954405 -0.525501212 -0.708555166
vn -0.470954112 0.797459955 0.377173495
vn -0.470954082 -0.756651562 -0.453520305
vn -0.470954058 -0.453519300 -0.756652179
vn -0.470954048 -0.377170707 -0.797461311
vn -0.470954039 0.756651710 0.453520103
vn -0.470953869 -0.708554942 -0.525501997
vn -0.470953763 -0.297189648 -0.830590673
vn -0.470953678 -0.214346178 -0.855720953
vn -0.464817677 0.680556112 0.566381413
vn -0.464817547 0.680556334 -0.566381254
vn -0.464817487 0.680556262 -0.566381389
vn -0.464817185 0.680556356 0.566381524
vn -0.453991594 0.000000000 -0.891005967
vn -0.453989478 0.000000000 0.891007045
vn -0.452819815 0.149464930 -0.878984897
vn -0.452818949 0.149465236 -0.878985291
vn -0.452818658 -0.149465395 0.878985414
vn -0.452818658 -0.149465395 0.878985414
vn -0.452818540 0.149465319 0.878985488
vn -0.452818019 -0.149465583 -0.878985712
vn -0.452818019 -0.149465583 -0.878985712
vn -0.452817705 0.149465734 0.878985848
vn -0.451749133 -0.872300833 -0.187120219
vn -0.451748982 -0.872300852 0.187120497
vn -0.451748941 -0.872300810 0.187120796
vn -0.451748937 -0.872300879 -0.187120478
vn -0.444914066 0.728482627 -0.520926613
vn -0.444914029 0.728482595 -0.520926690
vn -0.444913673 0.728482708 0.520926836
vn -0.444913364 0.728482830 0.520926928
vn -0.416915240 -0.872300789 -0.255485843
vn -0.416915033 -0.872300883 0.255485860
vn -0.416915018 -0.872300833 -0.255486056
vn -0.416914986 -0.872300860 0.255486015
vn -0.382684970 -0.923878895 -0.000005039
vn -0.382684970 0.923878895 0.000005039
vn -0.382684674 -0.923879018 0.000000000
vn -0.382684305 0.923879171 0.000000000
vn -0.382684222 0.923879205 0.000000765
vn -0.382684207 0.923879212 0.000000924
vn -0.382684207 -0.923879212 -0.000000924
vn -0.382683983 -0.923879304 0.000000000
vn -0.382683729 -0.923879410 0.000000000
vn -0.382683729 0.923879410 0.000000000
vn -0.382683664 0.000000000 -0.923879437
vn -0.382683664 0.000000000 0.923879437
vn -0.382683569 -0.923879476 0.000000000
vn -0.382683543 -0.923879487 0.000000000
vn -0.382683543 -0.923879487 0.000000000
vn -0.382683378 0.000000000 -0.923879555
vn -0.382683372 0.923879557 0.000000000
vn -0.382683372 -0.923879557 0.000000000
vn -0.382683233 0.923879615 0.000000000
vn -0.382683233 0.923879615 0.000000000
vn -0.382683162 0.923879645 -0.000006262
vn -0.382683156 0.000000000 0.923879647
vn -0.382683027 0.000000000 0.923879700
vn -0.382682982 0.000000000 -0.923879719
vn -0.382682915 0.923879747 0.000000000
vn -0.382682744 0.923879818 0.000000000
vn -0.382682555 0.000000000 -0.923879896
vn -0.382682555 0.000000000 0.923879896
vn -0.382682402 0.000000000 -0.923879959
vn -0.382682402 0.000000000 0.923879959
vn -0.382681510 0.000000000 -0.923880329
vn -0.382681510 0.000000000 0.923880329
vn -0.371815560 -0.872300788 -0.317560269
vn -0.371815260 -0.872300879 0.317560371
vn -0.371815202 -0.872300860 0.317560490
vn -0.371815118 -0.872300864 -0.317560578
vn -0.357945214 0.728482618 0.584113259
vn -0.357944911 0.728482631 -0.584113428
vn -0.357944836 0.728482581 -0.584113537
vn -0.357944636 0.728482840 0.584113336
vn -0.345390290 0.680556311 -0.646180049
vn -0.345390264 0.680556289 -0.646180085
vn -0.345390129 0.680556311 0.646180134
vn -0.345389869 0.680556437 0.646180141
vn -0.317560490 -0.872300860 -0.371815202
vn -0.317560371 -0.872300879 -0.371815260
vn -0.317560218 -0.872300847 0.371815465
vn -0.317560204 -0.872300844 0.371815484
vn -0.290285517 0.000000000 -0.956940081
vn -0.290285233 0.000000000 0.956940167
vn -0.290285223 0.000000000 0.956940170
vn -0.290285223 0.000000000 -0.956940170
vn -0.290285223 0.000000000 0.956940170
vn -0.290285223 0.000000000 -0.956940170
vn -0.290285223 0.000000000 -0.956940170
vn -0.290285223 0.000000000 -0.956940170
vn -0.290285192 0.000000000 -0.956940179
vn -0.290285092 0.000000000 -0.956940210
vn -0.290285077 0.000000000 -0.956940214
vn -0.290285001 0.000000000 0.956940237
vn -0.290284888 0.000000000 -0.956940272
vn -0.290284816 -0.956940294 0.000000000
vn -0.290284816 -0.956940294 0.000000000
vn -0.290284816 0.956940294 0.000000163
vn -0.290284771 0.000000000 -0.956940307
vn -0.290284762 0.000000000 0.956940310
vn -0.290284760 0.000000000 -0.956940311
vn -0.290284722 0.000000000 0.956940322
vn -0.290284706 0.000000000 -0.956940327
vn -0.290284666 0.000000000 0.956940339
vn -0.290284666 0.000000000 -0.956940339
vn -0.290284590 0.000000000 -0.956940362
vn -0.290284590 0.000000000 0.956940362
vn -0.290284577 0.000000000 0.956940366
vn -0.290284561 0.000000000 -0.956940371
vn -0.290284434 0.000000000 0.956940410
vn -0.290284373 0.000000000 -0.956940428
vn -0.290284373 0.000000000 0.956940428
vn -0.290284300 0.000000000 0.956940450
vn -0.290284275 -0.956940458 0.000000000
vn -0.290284165 0.000000000 -0.956940491
vn -0.290284165 0.000000000 -0.956940491
vn -0.290284146 0.000000000 0.956940497
vn -0.290284026 0.000000000 0.956940533
vn -0.290283056 0.000000000 -0.956940827
vn -0.290283056 0.000000000 0.956940827
vn -0.290283056 0.000000000 0.956940827
vn -0.290283056 0.956940827 0.000000000
vn -0.290281702 0.956941238 -0.000000041
vn -0.290280619 0.000000000 0.956941567
vn -0.289966616 0.642708373 0.709115864
vn -0.289966376 0.709119425 0.642704553
vn -0.289965765 -0.409186303 -0.865151099
vn -0.289965653 -0.492016526 -0.820877371
vn -0.289965384 -0.409186162 -0.865151293
vn -0.289965327 -0.322415675 -0.901092804
vn -0.289964626 -0.946678891 -0.140426471
vn -0.289964549 -0.955884611 -0.046959250
vn -0.289964386 0.570108200 0.768698442
vn -0.289964347 0.642706962 0.709118071
vn -0.289964165 -0.768699799 -0.570106483
vn -0.289964031 -0.955884754 -0.046959544
vn -0.289963962 -0.820878223 -0.492016100
vn -0.289963775 -0.901093094 -0.322416261
vn -0.289963775 -0.865152155 -0.409185482
vn -0.289963643 -0.570107340 -0.768699360
vn -0.289963634 -0.768699753 -0.570106815
vn -0.289963599 -0.928356529 -0.232540890
vn -0.289963580 0.820878610 0.492015681
vn -0.289963570 -0.820878214 -0.492016348
vn -0.289963550 0.865152059 0.409185842
vn -0.289963547 -0.865152163 -0.409185626
vn -0.289963527 -0.642707185 -0.709118204
vn -0.289963524 -0.709118076 -0.642707328
vn -0.289963440 -0.901093127 -0.322416470
vn -0.289963364 0.901093225 0.322416263
vn -0.289963274 0.955884989 0.046959433
vn -0.289963264 0.140427031 0.946679225
vn -0.289963248 0.946679370 0.140426083
vn -0.289963244 0.865151997 0.409186190
vn -0.289963205 0.409184794 0.865152671
vn -0.289963202 0.232539306 0.928357050
vn -0.289963139 -0.322414761 -0.901093836
vn -0.289963127 0.820878468 0.492016184
vn -0.289963090 0.322419963 0.901091989
vn -0.289963090 -0.946679226 -0.140427379
vn -0.289963060 -0.709118008 -0.642707612
vn -0.289963051 -0.642707087 -0.709118488
vn -0.289963032 -0.232542595 -0.928356279
vn -0.289963006 0.928356714 0.232540894
vn -0.289962974 0.768700424 0.570106246
vn -0.289962878 -0.928356645 -0.232541329
vn -0.289962815 -0.046959440 -0.955885127
vn -0.289962808 0.955885104 0.046959958
vn -0.289962610 0.901093158 0.322417131
vn -0.289962528 0.492016278 0.820878624
vn -0.289962456 -0.570107028 -0.768700040
vn -0.289962420 0.409184105 0.865153260
vn -0.289962382 0.232538479 0.928357514
vn -0.289962283 0.928356730 0.232541729
vn -0.289962276 -0.492015452 -0.820879208
vn -0.289962255 0.322419172 0.901092542
vn -0.289962239 0.946679508 0.140427239
vn -0.289962085 0.046961547 0.955885245
vn -0.289962047 0.140425745 0.946679788
vn -0.289961991 -0.046958997 -0.955885399
vn -0.289961852 -0.140426949 -0.946679669
vn -0.289961467 0.768699791 0.570107866
vn -0.289961102 -0.232541703 -0.928357106
vn -0.289961029 0.570105803 0.768701487
vn -0.289961028 0.709116625 0.642710054
vn -0.289961023 -0.140426533 -0.946679985
vn -0.289961013 0.492015066 0.820879885
vn -0.289960377 0.046959673 0.955885855
vn -0.282719180 0.360841759 0.888742421
vn -0.282716735 0.360841405 -0.888743342
vn -0.282716302 -0.360841229 0.888743551
vn -0.282716281 -0.360841303 -0.888743528
vn -0.282716236 0.360841461 0.888743478
vn -0.282715858 0.360841208 -0.888743701
vn -0.282715667 -0.360841086 0.888743811
vn -0.282715564 -0.360841231 -0.888743786
vn -0.262162865 0.728482450 0.632917019
vn -0.262162800 0.728482609 -0.632916863
vn -0.262162734 0.728482572 -0.632916932
vn -0.262162484 0.728482595 0.632917009
vn -0.260695080 -0.920571307 0.290837660
vn -0.260694735 0.920571966 -0.290835882
vn -0.260694727 0.920572043 0.290835646
vn -0.260694426 -0.920572542 0.290834336
vn -0.260694132 0.920572139 0.290835874
vn -0.260693821 -0.920572497 -0.290835022
vn -0.260693668 -0.920572446 -0.290835320
vn -0.260693530 0.920572312 -0.290835866
vn -0.260693499 -0.920572312 0.290835895
vn -0.260693137 -0.920572542 0.290835492
vn -0.260693137 -0.920572542 0.290835492
vn -0.260693056 0.920572449 -0.290835860
vn -0.260693056 0.920572449 -0.290835860
vn -0.260692973 0.920572201 -0.290836718
vn -0.260692973 0.920572201 -0.290836718
vn -0.260692931 0.920572484 0.290835858
vn -0.260692877 0.920572323 0.290836417
vn -0.260692815 -0.920572497 -0.290835923
vn -0.260692804 -0.920572442 -0.290836106
vn -0.260692798 -0.920572446 -0.290836099
vn -0.260692717 0.920572620 0.290835620
vn -0.260692708 -0.920572565 -0.290835804
vn -0.260692644 0.920572400 0.290836382
vn -0.260690194 -0.920572542 0.290838129
vn -0.258820887 0.000000000 -0.965925333
vn -0.258820887 0.000000000 0.965925333
vn -0.258820142 0.000000000 -0.965925532
vn -0.258820142 0.000000000 0.965925532
vn -0.258819965 0.000000000 0.965925580
vn -0.258819965 0.000000000 -0.965925580
vn -0.258817689 0.000000000 0.965926190
vn -0.258817689 0.000000000 -0.965926190
vn -0.255486243 -0.872300871 0.416914823
vn -0.255486056 -0.872300833 0.416915018
vn -0.255486033 -0.872300841 -0.416915016
vn -0.255485772 -0.872300879 -0.416915095
vn -0.233446644 0.000000000 0.972369613
vn -0.233446168 0.000000000 -0.972369727
vn -0.233446053 0.000000000 -0.972369755
vn -0.233445835 0.000000000 0.972369807
vn -0.212690677 0.680556217 -0.701146141
vn -0.212690654 0.680556202 -0.701146163
vn -0.212690163 0.680556375 0.701146144
vn -0.212690111 0.680556400 0.701146135
vn -0.187120796 -0.872300810 -0.451748941
vn -0.187120577 -0.872300841 -0.451748971
vn -0.187120219 -0.872300833 0.451749133
vn -0.187120166 -0.872300824 0.451749174
vn -0.159925997 0.728482463 0.666135854
vn -0.159925638 0.728482575 -0.666135818
vn -0.159925572 0.728482543 -0.666135869
vn -0.159925190 0.728482776 0.666135706
vn -0.156436953 0.000000000 0.987687946
vn -0.156436145 0.000000000 -0.987688074
vn -0.130527432 0.991444698 0.000000821
vn -0.130526971 0.991444759 0.000000000
vn -0.130526971 -0.991444759 -0.000000991
vn -0.130526696 0.991444795 0.000001983
vn -0.130526581 -0.991444810 0.000000000
vn -0.130526581 -0.991444810 0.000000000
vn -0.130526460 -0.991444826 0.000000000
vn -0.130526460 0.991444826 0.000005408
vn -0.130526214 -0.991444858 0.000000000
vn -0.130526214 0.991444858 0.000000821
vn -0.130526211 0.991444859 0.000000000
vn -0.130526010 -0.991444885 0.000000000
vn -0.130525760 -0.991444918 0.000000000
vn -0.130525702 0.991444926 0.000000000
vn -0.130525461 0.991444958 0.000000410
vn -0.130525283 -0.991444981 0.000000000
vn -0.130525283 -0.991444981 0.000000000
vn -0.130525283 0.991444981 -0.000002136
vn -0.130525215 0.991444990 0.000000000
vn -0.114148081 -0.872300894 0.475459110
vn -0.114148068 -0.872300813 -0.475459262
vn -0.114147719 -0.872300863 -0.475459255
vn -0.114147520 -0.872300804 0.475459410
vn -0.098018348 0.000000000 0.995184608
vn -0.098018202 0.000000000 -0.995184622
vn -0.098018156 -0.995184627 -0.000000014
vn -0.098018058 0.995184636 0.000000000
vn -0.098018058 0.000000000 -0.995184636
vn -0.098018058 0.000000000 0.995184636
vn -0.098018030 0.000000000 0.995184639
vn -0.098018003 0.000000000 -0.995184642
vn -0.098017935 0.995184648 -0.000000014
vn -0.098017935 -0.995184648 0.000000000
vn -0.098017935 0.995184648 -0.000000014
vn -0.098017635 0.000000000 0.995184678
vn -0.098017574 0.000000000 0.995184684
vn -0.098017443 0.000000000 -0.995184697
vn -0.098017408 0.000000000 0.995184700
vn -0.098017363 0.000000000 -0.995184705
vn -0.098017331 0.000000000 -0.995184708
vn -0.098017330 0.000000000 -0.995184708
vn -0.098017327 0.000000000 -0.995184708
vn -0.098017315 0.000000000 -0.995184709
vn -0.098017268 0.000000000 0.995184714
vn -0.098017247 0.000000000 -0.995184716
vn -0.098017204 0.000000000 -0.995184720
vn -0.098016937 0.000000000 -0.995184747
vn -0.098016894 0.000000000 0.995184751
vn -0.098016867 0.000000000 -0.995184754
vn -0.098016857 0.000000000 0.995184755
vn -0.098016823 0.000000000 -0.995184758
vn -0.098016823 0.000000000 -0.995184758
vn -0.098016823 0.000000000 -0.995184758
vn -0.098016823 0.000000000 -0.995184758
vn -0.098016740 -0.995184766 0.000000000
vn -0.098016615 0.000000000 0.995184778
vn -0.098016517 0.000000000 0.995184788
vn -0.098016501 0.000000000 0.995184790
vn -0.098016501 0.000000000 0.995184790
vn -0.098016501 0.000000000 0.995184790
vn -0.098016467 0.000000000 0.995184793
vn -0.098016025 0.000000000 0.995184836
vn -0.098015422 0.000000000 0.995184896
vn -0.098015422 0.000000000 0.995184896
vn -0.098015033 0.000000000 -0.995184934
vn -0.098015033 0.000000000 -0.995184934
vn -0.097903711 0.592839232 0.799347552
vn -0.097903683 0.511633707 0.853607532
vn -0.097902961 -0.592837695 -0.799348784
vn -0.097902892 -0.668333668 -0.737390759
vn -0.097902330 -0.511634205 -0.853607388
vn -0.097902222 -0.965371338 -0.241812604
vn -0.097902178 0.592837975 0.799348672
vn -0.097902152 -0.592837400 -0.799349101
vn -0.097902128 0.335275225 0.937019582
vn -0.097902105 0.241811905 0.965371525
vn -0.097902001 0.668334663 0.737389976
vn -0.097901940 -0.984424704 -0.146024695
vn -0.097901923 0.737391909 0.668332541
vn -0.097901899 0.799349399 0.592837041
vn -0.097901721 0.511631967 0.853608800
vn -0.097901696 0.425500816 0.899646771
vn -0.097901471 -0.241813276 -0.965371245
vn -0.097901282 -0.899646998 -0.425500432
vn -0.097901257 -0.335271951 -0.937020844
vn -0.097901186 -0.937021070 -0.335271340
vn -0.097901168 0.984424728 0.146025056
vn -0.097901162 0.984424727 0.146025063
vn -0.097901124 -0.048831945 -0.993997390
vn -0.097901123 0.993997387 0.048832013
vn -0.097901114 0.048833948 0.993997292
vn -0.097900962 -0.146026364 -0.984424554
vn -0.097900943 -0.737391452 -0.668333189
vn -0.097900941 0.965371465 0.241812616
vn -0.097900907 -0.937021047 -0.335271488
vn -0.097900854 0.993997399 0.048832309
vn -0.097900843 -0.799349119 -0.592837592
vn -0.097900833 -0.965371293 -0.241813346
vn -0.097900787 -0.048831770 -0.993997432
vn -0.097900770 0.146026048 0.984424620
vn -0.097900731 0.048833532 0.993997351
vn -0.097900655 0.899647129 0.425500300
vn -0.097900583 -0.511633506 -0.853608008
vn -0.097900550 0.937020858 0.335272119
vn -0.097900542 0.799348622 0.592838312
vn -0.097900516 -0.853608136 -0.511633305
vn -0.097900506 -0.425501271 -0.899646686
vn -0.097900449 -0.737391314 -0.668333414
vn -0.097900445 -0.668332876 -0.737391802
vn -0.097900394 0.937020815 0.335272286
vn -0.097900315 0.241810050 0.965372171
vn -0.097900306 -0.799348994 -0.592837850
vn -0.097900287 0.853608289 0.511633094
vn -0.097900253 0.146025497 0.984424753
vn -0.097900195 0.965371338 0.241813424
vn -0.097900062 -0.146025908 -0.984424711
vn -0.097899983 -0.241812552 -0.965371578
vn -0.097899942 -0.899646816 -0.425501126
vn -0.097899941 0.899646859 0.425501036
vn -0.097899905 0.853608107 0.511633471
vn -0.097899905 -0.853608022 -0.511633612
vn -0.097899809 -0.993997536 -0.048831604
vn -0.097899536 0.425498773 0.899647973
vn -0.097899507 0.335272613 0.937020790
vn -0.097899148 -0.993997584 -0.048831955
vn -0.097898691 -0.984424770 -0.146026432
vn -0.097898599 0.737389711 0.668335453
vn -0.097898578 0.668332116 0.737392739
vn -0.097897149 -0.425499816 -0.899647739
vn -0.097897011 -0.335269989 -0.937021990
vn -0.078459268 0.000000000 -0.996917320
vn -0.078459217 0.000000000 -0.996917324
vn -0.078458840 0.000000000 0.996917354
vn -0.078458819 0.000000000 0.996917356
vn -0.071817284 0.680556416 0.729167500
vn -0.071817252 0.680556477 -0.729167446
vn -0.071816831 0.680556236 -0.729167712
vn -0.071816491 0.680556826 0.729167195
vn -0.053749604 0.728482661 -0.682952409
vn -0.053749335 0.728482791 0.682952291
vn -0.053749335 0.728482544 -0.682952555
vn -0.053748963 0.728482941 0.682952160
vn -0.038364188 -0.872300914 0.487462106
vn -0.038364174 -0.872300833 -0.487462253
vn -0.038363943 -0.872300866 -0.487462211
vn -0.038363141 -0.872300757 0.487462469
vn -0.000018732 0.000002466 -1.000000000
vn -0.000017456 -0.000007231 1.000000000
vn -0.000004492 0.000003686 1.000000000
vn -0.000004492 0.000003686 1.000000000
vn -0.000003846 0.000001593 -1.000000000
vn -0.000003846 0.000001593 -1.000000000
vn -0.000003488 -0.000003488 1.000000000
vn -0.000002217 0.000000918 1.000000000
vn -0.000002217 0.000000918 -1.000000000
vn -0.000002217 0.000000918 -1.000000000
vn -0.000001461 0.000001904 1.000000000
vn -0.000001375 0.000000570 1.000000000
vn -0.000001375 0.000000570 1.000000000
vn -0.000001042 0.000001042 -1.000000000
vn -0.000000827 0.000001237 -1.000000000
vn -0.000000769 0.000000769 -1.000000000
vn -0.000000769 0.000000769 -1.000000000
vn -0.000000627 0.000000000 1.000000000
vn -0.000000543 0.000000941 1.000000000
vn -0.000000543 -0.000004128 1.000000000
vn -0.000000543 -0.000004128 -1.000000000
vn -0.000000543 -0.000004128 -1.000000000
vn -0.000000537 0.000000537 -1.000000000
vn -0.000000443 0.000000443 -1.000000000
vn -0.000000443 0.000000443 -1.000000000
vn -0.000000426 -0.000000737 1.000000000
vn -0.000000314 0.000000084 1.000000000
vn -0.000000230 -0.000000230 1.000000000
vn -0.000000220 0.000000822 -1.000000000
vn -0.000000219 0.000000059 1.000000000
vn -0.000000181 -0.000000049 1.000000000
vn -0.000000161 -0.000000161 1.000000000
vn -0.000000132 -0.000000132 1.000000000
vn -0.000000131 -0.000000087 1.000000000
vn -0.000000131 -0.000000087 1.000000000
vn -0.000000127 -0.000000034 1.000000000
vn -0.000000104 -0.000000028 1.000000000
vn -0.000000000 0.000000000 -1.000000000
vn -0.000000000 0.000000000 1.000000000
vn -0.000000000 1.000000000 0.000000000
vn 0.000000000 -1.000000000 -0.000000000
vn 0.000000000 -1.000000000 0.000000000
vn 0.000000000 -1.000000000 0.000000000
vn 0.000000000 -1.000000000 0.000000000
vn 0.000000000 -0.923881654 0.382678311
vn 0.000000000 -0.923881654 0.382678311
vn 0.000000000 -0.923881654 -0.382678311
vn 0.000000000 -0.923881654 -0.382678311
vn 0.000000000 -0.382683664 -0.923879437
vn 0.000000000 -0.382683664 0.923879437
vn 0.000000000 -0.382683664 -0.923879437
vn 0.000000000 -0.382683664 0.923879437
vn 0.000000000 -0.000001474 1.000000000
vn 0.000000000 -0.000001087 1.000000000
vn 0.000000000 -0.000000760 1.000000000
vn 0.000000000 -0.000000760 1.000000000
vn 0.000000000 -0.000000627 1.000000000
vn 0.000000000 0.000000000 -1.000000000
vn 0.000000000 0.000000000 1.000000000
vn 0.000000000 0.382683664 0.923879437
vn 0.000000000 0.382683664 -0.923879437
vn 0.000000000 0.382683664 -0.923879437
vn 0.000000000 0.382683664 0.923879437
vn 0.000000000 0.923881654 -0.382678311
vn 0.000000000 0.923881654 -0.382678311
vn 0.000000000 0.923881654 0.382678311
vn 0.000000000 0.923881654 0.382678311
vn 0.000000000 1.000000000 -0.000000000
vn 0.000000000 1.000000000 -0.000000000
vn 0.000000000 1.000000000 0.000000000
vn 0.000000000 1.000000000 0.000000000
vn 0.000000000 1.000000000 0.000000000
vn 0.000000000 -1.000000000 0.000000000
vn 0.000000048 -0.000000181 1.000000000
vn 0.000000060 0.000000145 -1.000000000
vn 0.000000060 0.000000145 -1.000000000
vn 0.000000066 0.000000114 -1.000000000
vn 0.000000080 -0.000000403 1.000000000
vn 0.000000080 -0.000000403 1.000000000
vn 0.000000162 -0.000000605 -1.000000000
vn 0.000000162 0.000000094 -1.000000000
vn 0.000000162 0.000000094 -1.000000000
vn 0.000000162 -0.000000605 -1.000000000
vn 0.000000162 0.000000094 -1.000000000
vn 0.000000162 0.000000094 -1.000000000
vn 0.000000197 -0.000000114 -1.000000000
vn 0.000000197 0.000000114 -1.000000000
vn 0.000000197 0.000000734 -1.000000000
vn 0.000000281 0.000000162 -1.000000000
vn 0.000000281 0.000000162 -1.000000000
vn 0.000000281 0.000000162 -1.000000000
vn 0.000000281 0.000000162 -1.000000000
vn 0.000000281 -0.000001050 -1.000000000
vn 0.000000281 -0.000001050 -1.000000000
vn 0.000000382 0.000001424 -1.000000000
vn 0.000000411 0.000000000 -1.000000000
vn 0.000000411 -0.000000000 -1.000000000
vn 0.000000918 0.000002217 -1.000000000
vn 0.000000918 0.000002217 -1.000000000
vn 0.000001114 -0.000002690 1.000000000
vn 0.000001114 -0.000002690 1.000000000
vn 0.000001114 -0.000002690 -1.000000000
vn 0.000001237 -0.000000827 -1.000000000
vn 0.000001277 -0.000000737 1.000000000
vn 0.000001593 -0.000003846 1.000000000
vn 0.000002887 -0.000000380 -1.000000000
vn 0.000003488 -0.000003488 1.000000000
vn 0.000003686 -0.000004492 -1.000000000
vn 0.000004272 0.000002466 -1.000000000
vn 0.000004272 0.000002466 -1.000000000
vn 0.000005124 -0.000002739 -1.000000000
vn 0.000017456 -0.000007231 1.000000000
vn 0.000018732 0.000002466 -1.000000000
vn 0.038363750 -0.872300785 0.487462371
vn 0.038363946 -0.872300840 -0.487462257
vn 0.038364189 -0.872300722 0.487462449
vn 0.038364193 -0.872300877 -0.487462171
vn 0.053749324 0.728482672 -0.682952419
vn 0.053749345 0.728482663 -0.682952427
vn 0.053749682 0.728482429 0.682952650
vn 0.053750706 0.728482873 0.682952096
vn 0.071816529 0.680556064 0.729167903
vn 0.071816838 0.680556497 -0.729167467
vn 0.071817298 0.680556259 -0.729167644
vn 0.071817755 0.680556764 0.729167128
vn 0.078458840 0.000000000 -0.996917354
vn 0.078459306 0.000000000 -0.996917317
vn 0.078459755 0.000000000 0.996917282
vn 0.078460851 0.000000000 0.996917196
vn 0.097897022 -0.335272091 -0.937021237
vn 0.097897140 -0.425501412 -0.899646985
vn 0.097898582 0.737392153 0.668332762
vn 0.097898596 0.668334888 0.737390224
vn 0.097898699 -0.984425020 -0.146024742
vn 0.097899146 -0.993997601 -0.048831607
vn 0.097899521 0.335275311 0.937019823
vn 0.097899525 0.425500908 0.899646964
vn 0.097899807 -0.993997519 -0.048831951
vn 0.097899906 -0.853608188 -0.511633336
vn 0.097899907 0.853608321 0.511633114
vn 0.097899938 0.899647193 0.425500330
vn 0.097899939 -0.899647117 -0.425500489
vn 0.097899979 -0.241813312 -0.965371388
vn 0.097900064 -0.146026377 -0.984424641
vn 0.097900191 0.965371536 0.241812633
vn 0.097900256 0.146026056 0.984424670
vn 0.097900289 0.853608074 0.511633452
vn 0.097900306 0.241811948 0.965371696
vn 0.097900308 -0.799349162 -0.592837623
vn 0.097900393 0.937020873 0.335272124
vn 0.097900447 -0.737391488 -0.668333222
vn 0.097900451 -0.668333829 -0.737390937
vn 0.097900498 -0.425499675 -0.899647442
vn 0.097900518 -0.853607971 -0.511633581
vn 0.097900549 0.799349505 0.592837120
vn 0.097900550 0.937020800 0.335272280
vn 0.097900578 -0.511634294 -0.853607536
vn 0.097900651 0.899646795 0.425501006
vn 0.097900733 0.048833950 0.993997330
vn 0.097900773 0.146025489 0.984424703
vn 0.097900788 -0.048831947 -0.993997423
vn 0.097900830 -0.965371470 -0.241812637
vn 0.097900844 -0.799348951 -0.592837819
vn 0.097900853 0.993997413 0.048832015
vn 0.097900907 -0.937021096 -0.335271350
vn 0.097900937 0.965371267 0.241813406
vn 0.097900941 -0.737391278 -0.668333382
vn 0.097900964 -0.146025895 -0.984424623
vn 0.097901116 0.048833530 0.993997313
vn 0.097901122 0.993997372 0.048832307
vn 0.097901124 -0.048831768 -0.993997399
vn 0.097901162 0.984424728 0.146025056
vn 0.097901168 0.984424727 0.146025063
vn 0.097901187 -0.937021021 -0.335271479
vn 0.097901268 -0.335269848 -0.937021596
vn 0.097901279 -0.899646697 -0.425501070
vn 0.097901467 -0.241812517 -0.965371436
vn 0.097901684 0.425498682 0.899647782
vn 0.097901711 0.511633807 0.853607698
vn 0.097901905 0.737389470 0.668335235
vn 0.097901906 0.799348514 0.592838232
vn 0.097901948 -0.984424453 -0.146026385
vn 0.097902019 0.668331889 0.737392488
vn 0.097902095 0.241810007 0.965372001
vn 0.097902142 0.335272526 0.937020546
vn 0.097902150 -0.592837742 -0.799348848
vn 0.097902186 0.592839321 0.799347672
vn 0.097902218 -0.965371160 -0.241813313
vn 0.097902325 -0.511633418 -0.853607861
vn 0.097902898 -0.668332714 -0.737391623
vn 0.097902959 -0.592837353 -0.799349037
vn 0.097903672 0.511631868 0.853608635
vn 0.097903719 0.592837885 0.799348550
vn 0.098015033 0.000000000 0.995184934
vn 0.098015033 0.000000000 0.995184934
vn 0.098015422 0.000000000 -0.995184896
vn 0.098015422 0.000000000 -0.995184896
vn 0.098016025 0.000000000 0.995184836
vn 0.098016486 0.000000000 0.995184791
vn 0.098016580 0.000000000 0.995184782
vn 0.098016740 -0.995184766 0.000000000
vn 0.098016814 0.000000000 0.995184759
vn 0.098016859 0.000000000 -0.995184754
vn 0.098016859 0.000000000 -0.995184754
vn 0.098016859 0.000000000 -0.995184754
vn 0.098016859 0.000000000 -0.995184754
vn 0.098016867 0.000000000 -0.995184754
vn 0.098016966 0.000000000 0.995184744
vn 0.098016972 0.000000000 -0.995184743
vn 0.098017156 0.000000000 -0.995184725
vn 0.098017237 0.000000000 -0.995184717
vn 0.098017259 0.000000000 -0.995184715
vn 0.098017268 0.000000000 -0.995184714
vn 0.098017287 0.000000000 -0.995184712
vn 0.098017290 0.000000000 -0.995184712
vn 0.098017315 0.000000000 0.995184709
vn 0.098017330 0.000000000 0.995184708
vn 0.098017408 0.000000000 -0.995184700
vn 0.098017479 0.000000000 -0.995184693
vn 0.098017539 0.000000000 0.995184687
vn 0.098017539 0.000000000 0.995184687
vn 0.098017539 0.000000000 0.995184687
vn 0.098017541 0.000000000 0.995184687
vn 0.098017608 0.000000000 -0.995184681
vn 0.098017635 0.000000000 -0.995184678
vn 0.098017737 0.000000000 0.995184668
vn 0.098017935 -0.995184648 0.000000014
vn 0.098017935 -0.995184648 0.000000014
vn 0.098017935 0.995184648 0.000000014
vn 0.098018003 0.000000000 0.995184642
vn 0.098018058 0.000000000 -0.995184636
vn 0.098018058 0.000000000 0.995184636
vn 0.098018058 0.995184636 0.000000000
vn 0.098018156 0.995184627 0.000000000
vn 0.098018202 0.000000000 0.995184622
vn 0.098018268 0.000000000 0.995184616
vn 0.114147478 -0.872300829 0.475459374
vn 0.114147490 -0.872300876 -0.475459285
vn 0.114147504 -0.872300879 -0.475459277
vn 0.114147749 -0.872300791 0.475459379
vn 0.130525019 0.991445016 0.000001983
vn 0.130525283 -0.991444981 0.000000000
vn 0.130525283 0.991444981 0.000000000
vn 0.130525461 0.991444958 0.000000821
vn 0.130525702 -0.991444926 0.000002136
vn 0.130525955 -0.991444893 0.000000000
vn 0.130525955 -0.991444893 0.000000000
vn 0.130525970 0.991444891 0.000000821
vn 0.130526010 -0.991444885 -0.000000991
vn 0.130526214 0.991444858 0.000000410
vn 0.130526214 -0.991444858 0.000000000
vn 0.130526460 0.991444826 0.000005408
vn 0.130526460 -0.991444826 0.000000000
vn 0.130526501 0.991444821 0.000000000
vn 0.130526822 -0.991444778 0.000000000
vn 0.130526971 0.991444759 0.000000000
vn 0.130526971 -0.991444759 0.000000000
vn 0.130527191 0.991444730 0.000000000
vn 0.156436145 0.000000000 0.987688074
vn 0.156436953 0.000000000 -0.987687946
vn 0.159924796 0.728482450 0.666136157
vn 0.159924880 0.728482670 -0.666135896
vn 0.159924896 0.728482664 -0.666135899
vn 0.159925289 0.728482687 0.666135779
vn 0.187120219 -0.872300833 -0.451749133
vn 0.187120478 -0.872300879 -0.451748937
vn 0.187120668 -0.872300859 0.451748899
vn 0.187120772 -0.872300844 0.451748885
vn 0.212689906 0.680556240 -0.701146353
vn 0.212689911 0.680556237 -0.701146354
vn 0.212690428 0.680556051 0.701146378
vn 0.212690447 0.680556064 0.701146360
vn 0.233444887 0.000000000 0.972370035
vn 0.233444908 0.000000000 -0.972370030
vn 0.233445089 0.000000000 -0.972369986
vn 0.233445241 0.000000000 0.972369950
vn 0.255485768 -0.872300869 0.416915118
vn 0.255485843 -0.872300789 -0.416915240
vn 0.255485890 -0.872300851 0.416915081
vn 0.255486056 -0.872300833 -0.416915018
vn 0.258817689 0.000000000 -0.965926190
vn 0.258817689 0.000000000 0.965926190
vn 0.258819965 0.000000000 0.965925580
vn 0.258819965 0.000000000 -0.965925580
vn 0.258820142 0.000000000 -0.965925532
vn 0.258820142 0.000000000 0.965925532
vn 0.258820887 0.000000000 0.965925333
vn 0.258820887 0.000000000 -0.965925333
vn 0.260691692 -0.920573172 -0.290834793
vn 0.260692466 -0.920572107 0.290837472
vn 0.260692532 -0.920572638 -0.290835729
vn 0.260692688 0.920572123 0.290837222
vn 0.260692708 -0.920572588 -0.290835732
vn 0.260692784 0.920572000 -0.290837523
vn 0.260692816 -0.920572519 -0.290835852
vn 0.260692863 0.920572649 0.290835399
vn 0.260692976 0.920572577 -0.290835524
vn 0.260692980 -0.920572532 0.290835665
vn 0.260693059 0.920572091 -0.290836989
vn 0.260693078 -0.920572107 0.290836923
vn 0.260693117 0.920572264 0.290836389
vn 0.260693142 -0.920572638 -0.290835182
vn 0.260693178 -0.920572406 0.290835886
vn 0.260693179 0.920572449 0.290835750
vn 0.260693179 0.920572449 -0.290835750
vn 0.260693200 -0.920572029 0.290837059
vn 0.260693873 0.920572249 0.290835759
vn 0.260694208 0.920572263 0.290835416
vn 0.260694431 -0.920572406 0.290834763
vn 0.260694476 0.920572076 -0.290835767
vn 0.260694497 0.920572140 -0.290835545
vn 0.260694934 -0.920572588 -0.290833737
vn 0.262162326 0.728482346 0.632917361
vn 0.262162350 0.728482705 -0.632916938
vn 0.262162930 0.728482681 0.632916726
vn 0.262163261 0.728482358 -0.632916961
vn 0.282715378 0.360841092 -0.888743901
vn 0.282715394 0.360841036 0.888743919
vn 0.282715839 -0.360841275 -0.888743680
vn 0.282715992 -0.360841310 -0.888743617
vn 0.282716095 0.360841165 -0.888743643
vn 0.282716299 0.360841239 0.888743548
vn 0.282716731 -0.360841418 0.888743338
vn 0.282716950 -0.360841440 0.888743259
vn 0.289960351 0.046961573 0.955885770
vn 0.289960978 0.570108815 0.768699272
vn 0.289961029 -0.140426985 -0.946679916
vn 0.289961036 0.492016510 0.820879012
vn 0.289961088 -0.232542738 -0.928356851
vn 0.289961109 0.709120607 0.642705624
vn 0.289961444 0.768700796 0.570106522
vn 0.289961858 -0.140426496 -0.946679735
vn 0.289961997 -0.046959452 -0.955885375
vn 0.289962029 0.140427086 0.946679595
vn 0.289962059 0.046959648 0.955885347
vn 0.289962224 0.946679677 0.140426128
vn 0.289962242 0.322420050 0.901092231
vn 0.289962294 0.928356923 0.232540946
vn 0.289962301 -0.492017048 -0.820878242
vn 0.289962394 0.232539365 0.928357288
vn 0.289962432 0.409184894 0.865152883
vn 0.289962447 -0.570107556 -0.768699651
vn 0.289962551 0.492014827 0.820879485
vn 0.289962622 0.901093437 0.322416339
vn 0.289962815 0.955885127 0.046959440
vn 0.289962821 -0.046958985 -0.955885148
vn 0.289962884 -0.928356740 -0.232540943
vn 0.289962951 0.768699430 0.570107598
vn 0.289963017 0.928356515 0.232541674
vn 0.289963018 -0.232541562 -0.928356543
vn 0.289963054 -0.642707281 -0.709118310
vn 0.289963057 -0.709118181 -0.642707423
vn 0.289963078 0.322419088 0.901092307
vn 0.289963078 -0.946679354 -0.140426540
vn 0.289963120 0.820878729 0.492015752
vn 0.289963122 -0.322415901 -0.901093433
vn 0.289963215 0.232538418 0.928357269
vn 0.289963217 0.409184002 0.865153042
vn 0.289963233 0.946679210 0.140427195
vn 0.289963246 0.140425691 0.946679429
vn 0.289963248 0.865152142 0.409185881
vn 0.289963281 0.955884961 0.046959951
vn 0.289963375 0.901092939 0.322417053
vn 0.289963442 -0.901093189 -0.322416295
vn 0.289963521 -0.709117904 -0.642707518
vn 0.289963530 -0.642706989 -0.709118380
vn 0.289963545 -0.865152217 -0.409185512
vn 0.289963555 0.865151912 0.409186150
vn 0.289963573 -0.820878325 -0.492016161
vn 0.289963573 0.820878352 0.492016115
vn 0.289963605 -0.928356431 -0.232541276
vn 0.289963630 -0.768699929 -0.570106580
vn 0.289963634 -0.570106815 -0.768699753
vn 0.289963773 -0.865152101 -0.409185596
vn 0.289963777 -0.901093031 -0.322416435
vn 0.289963965 -0.820878111 -0.492016286
vn 0.289964035 -0.955884766 -0.046959258
vn 0.289964161 -0.768699625 -0.570106720
vn 0.289964312 0.642708842 0.709116381
vn 0.289964335 0.570105206 0.768700682
vn 0.289964553 -0.955884596 -0.046959536
vn 0.289964615 -0.946678769 -0.140427311
vn 0.289965311 -0.322414539 -0.901093216
vn 0.289965381 -0.409186353 -0.865151204
vn 0.289965678 -0.492014922 -0.820878324
vn 0.289965762 -0.409186113 -0.865151190
vn 0.289966457 0.709115407 0.642708950
vn 0.289966581 0.642706507 0.709117569
vn 0.290280619 0.000000000 0.956941567
vn 0.290281702 -0.956941238 -0.000000163
vn 0.290283056 0.956940827 0.000000000
vn 0.290283056 0.000000000 -0.956940827
vn 0.290283056 0.000000000 -0.956940827
vn 0.290283056 0.000000000 -0.956940827
vn 0.290283881 0.000000000 -0.956940577
vn 0.290284033 0.000000000 -0.956940531
vn 0.290284082 0.000000000 -0.956940516
vn 0.290284165 0.000000000 0.956940491
vn 0.290284165 0.000000000 0.956940491
vn 0.290284230 0.000000000 -0.956940471
vn 0.290284230 0.000000000 0.956940471
vn 0.290284230 0.000000000 -0.956940471
vn 0.290284230 0.000000000 -0.956940471
vn 0.290284230 0.000000000 0.956940471
vn 0.290284232 0.000000000 -0.956940471
vn 0.290284244 0.000000000 -0.956940467
vn 0.290284265 0.000000000 -0.956940461
vn 0.290284275 -0.956940458 0.000000000
vn 0.290284321 0.000000000 -0.956940444
vn 0.290284373 0.000000000 0.956940428
vn 0.290284373 0.000000000 -0.956940428
vn 0.290284393 0.000000000 0.956940422
vn 0.290284487 0.000000000 -0.956940394
vn 0.290284513 0.000000000 0.956940386
vn 0.290284517 0.000000000 0.956940384
vn 0.290284561 0.000000000 0.956940371
vn 0.290284577 0.000000000 0.956940366
vn 0.290284616 0.000000000 0.956940354
vn 0.290284666 0.000000000 0.956940339
vn 0.290284668 0.000000000 -0.956940339
vn 0.290284677 0.000000000 0.956940336
vn 0.290284760 0.000000000 0.956940311
vn 0.290284816 -0.956940294 0.000000041
vn 0.290284816 0.956940294 0.000000000
vn 0.290284830 0.000000000 -0.956940289
vn 0.290284862 0.000000000 0.956940280
vn 0.290285099 0.000000000 0.956940208
vn 0.290285233 0.000000000 -0.956940167
vn 0.317560269 -0.872300788 -0.371815560
vn 0.317560490 -0.872300860 0.371815202
vn 0.317560578 -0.872300864 -0.371815118
vn 0.317560603 -0.872300842 0.371815148
vn 0.345390040 0.680556515 -0.646179968
vn 0.345390325 0.680556151 0.646180199
vn 0.345390533 0.680556325 0.646179904
vn 0.345390559 0.680556264 -0.646179954
vn 0.357944553 0.728482680 -0.584113586
vn 0.357945494 0.728482387 0.584113375
vn 0.357945500 0.728482391 0.584113367
vn 0.357945543 0.728482299 -0.584113455
vn 0.371815148 -0.872300842 -0.317560603
vn 0.371815202 -0.872300860 -0.317560490
vn 0.371815465 -0.872300847 0.317560218
vn 0.371815484 -0.872300844 0.317560204
vn 0.382681880 0.000000000 -0.923880176
vn 0.382681880 0.000000000 0.923880176
vn 0.382682744 -0.923879818 0.000000000
vn 0.382682772 0.000000000 -0.923879806
vn 0.382682772 0.000000000 0.923879806
vn 0.382682915 0.923879747 0.000000765
vn 0.382682982 0.000000000 0.923879719
vn 0.382683156 0.000000000 -0.923879647
vn 0.382683162 -0.923879645 0.000000000
vn 0.382683233 -0.923879615 0.000000000
vn 0.382683233 -0.923879615 0.000000000
vn 0.382683372 -0.923879557 -0.000000924
vn 0.382683372 0.923879557 0.000000924
vn 0.382683453 0.923879524 0.000000000
vn 0.382683453 0.923879524 0.000000000
vn 0.382683543 0.923879487 0.000000000
vn 0.382683543 0.923879487 0.000000000
vn 0.382683569 -0.923879476 0.000000000
vn 0.382683664 0.000000000 -0.923879437
vn 0.382683664 0.000000000 0.923879437
vn 0.382683664 0.000000000 -0.923879437
vn 0.382683664 0.000000000 0.923879437
vn 0.382683729 0.923879410 0.000005039
vn 0.382683729 -0.923879410 -0.000005039
vn 0.382683729 0.000000000 0.923879410
vn 0.382684020 0.000000000 -0.923879289
vn 0.382684207 -0.923879212 0.000000000
vn 0.382684207 0.923879212 0.000000000
vn 0.382684222 0.923879205 0.000000000
vn 0.382684305 -0.923879171 0.000006262
vn 0.382684674 0.923879018 0.000000000
vn 0.382684970 0.923878895 0.000000000
vn 0.382684970 -0.923878895 0.000000000
vn 0.416914823 -0.872300871 0.255486243
vn 0.416915018 -0.872300833 0.255486056
vn 0.416915143 -0.872300848 -0.255485802
vn 0.416915148 -0.872300850 -0.255485786
vn 0.444913645 0.728482708 -0.520926859
vn 0.444913732 0.728482421 0.520927187
vn 0.444913941 0.728482606 0.520926749
vn 0.444914066 0.728482541 -0.520926734
vn 0.451748885 -0.872300844 -0.187120772
vn 0.451748888 -0.872300847 -0.187120748
vn 0.451749133 -0.872300833 0.187120219
vn 0.451749174 -0.872300824 0.187120166
vn 0.452817701 -0.149465718 -0.878985853
vn 0.452817997 0.149465504 0.878985737
vn 0.452818349 -0.149465489 -0.878985557
vn 0.452818360 -0.149465600 0.878985533
vn 0.452818664 0.149465415 -0.878985408
vn 0.452818664 0.149465415 -0.878985408
vn 0.452819298 -0.149465134 0.878985129
vn 0.452820714 0.149464545 0.878984500
vn 0.453989478 0.000000000 -0.891007045
vn 0.453991594 0.000000000 0.891005967
vn 0.464817228 0.680556491 -0.566381326
vn 0.464817322 0.680556445 -0.566381305
vn 0.464817622 0.680556254 0.566381288
vn 0.464817626 0.680556258 0.566381280
vn 0.470953720 -0.214348149 -0.855720436
vn 0.470953747 -0.297190402 -0.830590412
vn 0.470953901 -0.708555869 -0.525500717
vn 0.470954045 0.797461373 0.377170580
vn 0.470954051 -0.453519585 -0.756652013
vn 0.470954058 -0.756652179 -0.453519300
vn 0.470954061 -0.377171265 -0.797461039
vn 0.470954076 0.756652647 0.453518500
vn 0.470954407 -0.525501258 -0.708555131
vn 0.470954501 -0.525501182 -0.708555125
vn 0.470954550 -0.592421148 -0.653635215
vn 0.470954588 0.525499886 0.708556028
vn 0.470954590 -0.453519154 -0.756651935
vn 0.470954636 0.592420623 0.653635629
vn 0.470954692 0.855720326 0.214346454
vn 0.470954777 0.830590801 0.297187683
vn 0.470954986 -0.872609233 -0.129439281
vn 0.470955004 0.872609354 0.129438398
vn 0.470955017 -0.881094641 -0.043285174
vn 0.470955018 0.881094637 0.043285233
vn 0.470955038 0.653637138 0.592418639
vn 0.470955052 -0.297189416 -0.830590025
vn 0.470955076 -0.377170472 -0.797460815
vn 0.470955114 -0.872609154 -0.129439349
vn 0.470955158 0.453520451 0.756650804
vn 0.470955164 0.525499166 0.708556180
vn 0.470955218 0.592419913 0.653635854
vn 0.470955279 -0.855719923 -0.214346770
vn 0.470955295 0.881094474 0.043285546
vn 0.470955297 0.043285407 0.881094479
vn 0.470955299 -0.881094482 -0.043285338
vn 0.470955300 -0.043285261 -0.881094485
vn 0.470955410 -0.830589707 -0.297189738
vn 0.470955529 -0.797460801 -0.377169936
vn 0.470955675 0.756650961 0.453519654
vn 0.470955702 -0.830589500 -0.297189853
vn 0.470955710 -0.855719636 -0.214346970
vn 0.470955748 0.708554968 0.525500276
vn 0.470955816 0.453519615 0.756650896
vn 0.470955850 -0.653635339 -0.592419978
vn 0.470955865 -0.797460551 -0.377170045
vn 0.470955920 0.377170251 0.797460421
vn 0.470955924 -0.592420033 -0.653635236
vn 0.470955987 -0.756650689 -0.453519782
vn 0.470956000 -0.129439720 -0.872608621
vn 0.470956026 0.129438424 0.872608799
vn 0.470956039 0.043284527 0.881094126
vn 0.470956044 -0.043284787 -0.881094111
vn 0.470956301 0.872608448 0.129439788
vn 0.470956476 0.708554153 0.525500723
vn 0.470956487 -0.708553819 -0.525501164
vn 0.470956501 0.855718878 0.214348258
vn 0.470956626 0.297192067 0.830588184
vn 0.470956680 0.214345191 0.855719548
vn 0.470956718 -0.653634640 -0.592420060
vn 0.470956733 0.830589052 0.297189471
vn 0.470956733 0.653635145 0.592419491
vn 0.470956835 0.797458641 0.377172873
vn 0.470956971 0.129437265 0.872608461
vn 0.470956975 0.377168903 0.797460436
vn 0.470957008 -0.129439032 -0.872608179
vn 0.470957054 -0.214345740 -0.855719205
vn 0.470957056 0.297191518 0.830588137
vn 0.470957076 0.214344694 0.855719455
vn 0.471396256 0.000000000 -0.881921521
vn 0.471396323 0.000000000 0.881921486
vn 0.471396323 0.000000000 -0.881921486
vn 0.471396325 0.000000000 -0.881921485
vn 0.471396388 0.000000000 0.881921451
vn 0.471396400 0.000000000 -0.881921444
vn 0.471396546 0.000000000 0.881921367
vn 0.471396557 0.000000000 -0.881921360
vn 0.471396632 0.000000000 -0.881921320
vn 0.471396649 0.000000000 -0.881921311
vn 0.471396665 0.000000000 0.881921303
vn 0.471396765 0.000000000 -0.881921249
vn 0.471396866 -0.881921195 -0.000000121
vn 0.471396866 0.881921195 0.000000000
vn 0.471396867 0.000000000 -0.881921195
vn 0.471396907 0.000000000 -0.881921173
vn 0.471396907 0.000000000 -0.881921173
vn 0.471396907 0.000000000 -0.881921173
vn 0.471396914 0.000000000 -0.881921170
vn 0.471396926 0.000000000 -0.881921163
vn 0.471396926 0.000000000 0.881921163
vn 0.471397058 0.000000000 0.881921092
vn 0.471397115 0.000000000 -0.881921062
vn 0.471397115 -0.881921062 0.000000000
vn 0.471397115 0.881921062 0.000000000
vn 0.471397115 0.000000000 -0.881921062
vn 0.471397115 0.000000000 -0.881921062
vn 0.471397115 0.000000000 0.881921062
vn 0.471397178 0.000000000 0.881921029
vn 0.471397205 0.000000000 0.881921014
vn 0.471397207 0.000000000 0.881921013
vn 0.471397207 0.000000000 0.881921013
vn 0.471397213 0.000000000 0.881921010
vn 0.471397253 0.000000000 0.881920989
vn 0.471397284 0.000000000 0.881920972
vn 0.471397338 -0.881920943 -0.000000087
vn 0.471397414 0.000000000 -0.881920903
vn 0.471398277 0.000000000 0.881920441
vn 0.471399186 0.000000000 0.881919955
vn 0.471399186 0.000000000 0.881919955
vn 0.475459110 -0.872300894 0.114148081
vn 0.475459374 -0.872300829 -0.114147478
vn 0.475459379 -0.872300791 -0.114147749
vn 0.475459410 -0.872300804 0.114147520
vn 0.487462106 -0.872300914 0.038364188
vn 0.487462371 -0.872300785 -0.038363750
vn 0.487462449 -0.872300722 -0.038364189
vn 0.487462469 -0.872300757 0.038363141
vn 0.499994262 -0.866028716 0.000000000
vn 0.499994262 0.866028716 0.000000000
vn 0.499996791 0.000000000 0.866027257
vn 0.499997059 0.000000000 -0.866027102
vn 0.499997059 0.000000000 0.866027102
vn 0.499997264 -0.866026983 0.000000000
vn 0.499997264 0.866026983 0.000000000
vn 0.499997264 0.866026983 0.000000000
vn 0.499997264 -0.866026983 0.000000000
vn 0.499997264 0.866026983 0.000000000
vn 0.499997264 -0.866026983 0.000000000
vn 0.499997264 0.866026983 0.000000000
vn 0.499997264 0.866026983 0.000000000
vn 0.499997264 -0.866026983 0.000000000
vn 0.499997264 0.866026983 0.000000000
vn 0.499997290 0.000000000 0.866026968
vn 0.499997492 0.000000000 0.866026852
vn 0.499997656 0.000000000 0.866026757
vn 0.499997656 0.000000000 -0.866026757
vn 0.499997925 0.000000000 -0.866026602
vn 0.499998028 -0.866026542 0.000000000
vn 0.499998028 0.866026542 0.000000000
vn 0.499998028 0.866026542 0.000000000
vn 0.499998521 0.000000000 -0.866026257
vn 0.499998587 -0.866026219 -0.000001299
vn 0.499998587 -0.866026219 -0.000001299
vn 0.499998587 0.866026219 0.000001299
vn 0.499998587 0.866026219 0.000001299
vn 0.499998587 -0.866026219 -0.000001299
vn 0.499998587 -0.866026219 -0.000001299
vn 0.499998587 0.866026219 0.000001299
vn 0.499998587 -0.866026219 0.000000000
vn 0.499998587 0.866026219 0.000000000
vn 0.499998587 0.866026219 0.000000000
vn 0.499998587 0.866026219 0.000000000
vn 0.499998587 -0.866026219 0.000000000
vn 0.499998792 -0.866026101 0.000001500
vn 0.499998792 -0.866026101 0.000001500
vn 0.499998792 -0.866026101 0.000001500
vn 0.499998960 0.000000000 -0.866026004
vn 0.499999309 0.000000000 -0.866025803
vn 0.499999309 0.000000000 0.866025803
vn 0.499999352 0.866025778 0.000001299
vn 0.499999387 0.000000000 -0.866025758
vn 0.499999387 0.000000000 -0.866025758
vn 0.499999387 0.000000000 0.866025758
vn 0.499999387 0.000000000 -0.866025758
vn 0.499999387 0.000000000 -0.866025758
vn 0.499999387 0.000000000 0.866025758
vn 0.499999387 0.000000000 -0.866025758
vn 0.499999387 0.000000000 0.866025758
vn 0.499999387 0.000000000 0.866025758
vn 0.499999387 0.000000000 0.866025758
vn 0.499999387 0.000000000 0.866025758
vn 0.499999387 0.000000000 -0.866025758
vn 0.499999387 0.000000000 0.866025758
vn 0.499999387 0.000000000 -0.866025758
vn 0.499999387 0.000000000 -0.866025758
vn 0.499999387 0.000000000 0.866025758
vn 0.499999387 0.000000000 -0.866025758
vn 0.499999387 0.000000000 0.866025758
vn 0.499999387 0.000000000 -0.866025758
vn 0.499999387 0.000000000 -0.866025758
vn 0.499999387 0.000000000 0.866025758
vn 0.499999387 0.000000000 -0.866025758
vn 0.499999393 0.000000000 -0.866025754
vn 0.499999556 -0.866025660 0.000002250
vn 0.499999556 -0.866025660 0.000002250
vn 0.499999556 -0.866025660 0.000002250
vn 0.499999556 -0.866025660 0.000001500
vn 0.499999742 0.000000000 0.866025553
vn 0.499999886 0.000000000 -0.866025469
vn 0.499999886 0.000000000 -0.866025469
vn 0.499999886 0.000000000 0.866025469
vn 0.499999886 0.000000000 -0.866025469
vn 0.499999886 0.000000000 0.866025469
vn 0.499999886 0.000000000 -0.866025469
vn 0.499999886 0.000000000 -0.866025469
vn 0.499999886 0.000000000 0.866025469
vn 0.499999886 0.000000000 -0.866025469
vn 0.499999886 0.000000000 0.866025469
vn 0.499999886 0.000000000 -0.866025469
vn 0.499999886 0.000000000 0.866025469
vn 0.499999894 0.000000000 -0.866025465
vn 0.499999894 0.000000000 0.866025465
vn 0.499999911 -0.866025455 0.000000000
vn 0.499999911 -0.866025455 0.000000000
vn 0.499999911 0.866025455 0.000000000
vn 0.499999911 0.866025455 0.000000000
vn 0.499999911 -0.866025455 0.000000000
vn 0.499999911 -0.866025455 0.000000000
vn 0.499999911 0.866025455 0.000000000
vn 0.499999922 0.000000000 0.866025449
vn 0.500000047 0.000000000 -0.866025377
vn 0.500000047 0.000000000 0.866025377
vn 0.500000047 0.000000000 -0.866025377
vn 0.500000047 0.000000000 0.866025377
vn 0.500000175 0.000000000 -0.866025303
vn 0.500000228 0.000000000 -0.866025272
vn 0.500000246 0.000000000 0.866025262
vn 0.500000252 0.000000000 -0.866025258
vn 0.500000252 0.000000000 0.866025258
vn 0.500000252 0.000000000 0.866025258
vn 0.500000252 0.000000000 0.866025258
vn 0.500000252 0.000000000 -0.866025258
vn 0.500000252 0.000000000 -0.866025258
vn 0.500000252 0.000000000 -0.866025258
vn 0.500000252 0.000000000 0.866025258
vn 0.500000252 0.000000000 -0.866025258
vn 0.500000252 0.000000000 0.866025258
vn 0.500000252 0.000000000 0.866025258
vn 0.500000252 0.000000000 0.866025258
vn 0.500000252 0.000000000 -0.866025258
vn 0.500000252 0.000000000 -0.866025258
vn 0.500000252 0.000000000 0.866025258
vn 0.500000252 0.000000000 -0.866025258
vn 0.500000675 -0.866025014 0.000000000
vn 0.500000675 0.866025014 0.000000000
vn 0.500000752 0.000000000 0.866024970
vn 0.500000752 0.000000000 0.866024970
vn 0.500000752 0.000000000 0.866024970
vn 0.500000752 0.000000000 0.866024970
vn 0.500000752 0.000000000 -0.866024970
vn 0.500000752 0.000000000 0.866024970
vn 0.500000752 0.000000000 -0.866024970
vn 0.500000752 0.000000000 -0.866024970
vn 0.500000752 0.000000000 -0.866024970
vn 0.500000757 0.000000000 0.866024967
vn 0.500000789 0.000000000 -0.866024948
vn 0.500000789 0.000000000 0.866024948
vn 0.500000789 0.000000000 -0.866024948
vn 0.500000789 0.000000000 0.866024948
vn 0.500000789 0.000000000 -0.866024948
vn 0.500000789 0.000000000 0.866024948
vn 0.500000838 0.000000000 -0.866024920
vn 0.500000838 0.000000000 0.866024920
vn 0.500000880 -0.866024896 0.000002250
vn 0.500001531 0.000000000 -0.866024520
vn 0.500001531 0.000000000 -0.866024520
vn 0.500001531 0.000000000 0.866024520
vn 0.500007497 -0.866021075 0.000000000
vn 0.500007497 0.866021075 0.000000000
vn 0.510182882 0.000000157 0.860065944
vn 0.510183199 0.000000175 -0.860065755
vn 0.510183199 0.000000046 0.860065755
vn 0.510184467 -0.000000267 -0.860065003
vn 0.520926516 0.728482540 -0.444914323
vn 0.520926654 0.728482639 0.444913998
vn 0.520926848 0.728482399 -0.444914164
vn 0.520926860 0.728482914 0.444913306
vn 0.522497808 0.000000000 -0.852640628
vn 0.522498776 0.000000000 -0.852640035
vn 0.522498956 0.000000000 0.852639925
vn 0.522499351 0.000000000 0.852639683
vn 0.550657474 0.207470426 -0.808537179
vn 0.550657865 -0.207470498 0.808536893
vn 0.550657877 -0.207470401 -0.808536910
vn 0.550658556 0.207470422 0.808536442
vn 0.550658807 0.207470513 -0.808536248
vn 0.550658820 0.207470405 0.808536267
vn 0.550658914 -0.207470482 -0.808536183
vn 0.550659237 -0.207470393 0.808535986
vn 0.566381001 0.680556467 -0.464817659
vn 0.566381341 0.680556212 0.464817618
vn 0.566381352 0.680556236 0.464817570
vn 0.566381389 0.680556262 -0.464817487
vn 0.584113355 0.728482409 0.357945482
vn 0.584113510 0.728482402 -0.357945243
vn 0.584113521 0.728482890 0.357944232
vn 0.584113574 0.728482373 -0.357945199
vn 0.608760896 -0.793353749 -0.000000793
vn 0.608760896 -0.793353749 -0.000000793
vn 0.608760896 0.793353749 0.000000793
vn 0.608760896 0.793353749 0.000000793
vn 0.608760907 -0.793353741 0.000000000
vn 0.608760907 -0.793353741 0.000000000
vn 0.608761507 0.793353281 0.000000000
vn 0.608761507 0.793353281 0.000000000
vn 0.608761565 0.793353236 0.000000000
vn 0.608761619 -0.793353195 -0.000004327
vn 0.608761619 0.793353195 0.000000000
vn 0.608761710 0.793353125 0.000000000
vn 0.608761710 -0.793353125 0.000000000
vn 0.608762039 -0.793352872 0.000000000
vn 0.608762039 -0.793352872 0.000000000
vn 0.608762104 -0.793352822 0.000000000
vn 0.608762104 -0.793352822 0.000000000
vn 0.608762534 -0.793352492 0.000000000
vn 0.608763145 0.793352024 0.000000000
vn 0.608763145 0.793352024 0.000000000
vn 0.632916726 0.728482681 -0.262162930
vn 0.632917064 0.728482456 0.262162740
vn 0.632917064 0.728482455 0.262162743
vn 0.632917361 0.728482346 -0.262162326
vn 0.633935021 0.460707455 0.621188402
vn 0.633935036 0.519373970 0.573041926
vn 0.633935340 -0.519374676 -0.573040951
vn 0.633935381 0.699132501 0.330665507
vn 0.633935386 0.187916525 0.750208841
vn 0.633935426 0.728177664 0.260543980
vn 0.633935426 -0.573041577 -0.519373880
vn 0.633935439 -0.037949056 -0.772454354
vn 0.633935466 0.397600749 0.663354709
vn 0.633935473 0.330665475 0.699132434
vn 0.633935495 0.260547682 0.728176279
vn 0.633935529 0.113479209 0.765015173
vn 0.633935555 0.187916287 0.750208759
vn 0.633935602 -0.519374392 -0.573040918
vn 0.633935623 -0.460705896 -0.621188943
vn 0.633935673 -0.573041308 -0.519373875
vn 0.633935688 0.573041711 0.519373413
vn 0.633935713 -0.330665714 -0.699132103
vn 0.633935751 -0.260546111 -0.728176619
vn 0.633935755 -0.728176730 -0.260545790
vn 0.633935770 0.621189181 0.460705373
vn 0.633935775 0.621189175 0.460705375
vn 0.633935780 -0.621189032 -0.460705559
vn 0.633935797 -0.750208255 -0.187917479
vn 0.633935822 0.519372806 0.573042112
vn 0.633935871 0.663355605 0.397598607
vn 0.633935884 -0.772454052 -0.037947763
vn 0.633935889 -0.765014869 -0.113479243
vn 0.633935895 0.750208036 0.187918023
vn 0.633936015 0.573041236 0.519373537
vn 0.633936041 0.260546887 0.728176089
vn 0.633936064 0.765014852 0.113478381
vn 0.633936081 0.330664572 0.699132309
vn 0.633936098 -0.750207964 -0.187917628
vn 0.633936125 -0.699132368 -0.330664364
vn 0.633936207 -0.765014578 -0.113479431
vn 0.633936232 -0.728176246 -0.260545981
vn 0.633936258 -0.772453732 -0.037948016
vn 0.633936264 0.772453740 0.037947762
vn 0.633936517 -0.699131957 -0.330664481
vn 0.633936520 0.728176357 0.260544971
vn 0.633936594 -0.663354679 -0.397599000
vn 0.633936605 0.750207255 0.187918746
vn 0.633936723 0.037947886 0.772453358
vn 0.633936727 -0.037948080 -0.772453344
vn 0.633936733 0.772453327 0.037948331
vn 0.633936779 -0.113479762 -0.765014055
vn 0.633936792 0.765014127 0.113479198
vn 0.633936835 0.113477430 0.765014354
vn 0.633936857 0.663354275 0.397599254
vn 0.633936960 0.699130484 0.330666745
vn 0.633937067 0.037947440 0.772453097
vn 0.633937082 -0.187916675 -0.750207371
vn 0.633937116 -0.113479482 -0.765013817
vn 0.633937128 -0.663354107 -0.397599104
vn 0.633937163 -0.621187530 -0.460705682
vn 0.633937235 -0.330664192 -0.699131442
vn 0.633937268 -0.397599045 -0.663354008
vn 0.633937273 -0.260544662 -0.728175812
vn 0.633937325 -0.187916458 -0.750207220
vn 0.633937370 0.397597896 0.663354599
vn 0.633937375 -0.460704030 -0.621188539
vn 0.633937378 0.460703927 0.621188612
vn 0.633937399 -0.397598909 -0.663353964
vn 0.634392407 0.000000000 -0.773011173
vn 0.634392407 0.000000000 0.773011173
vn 0.634392407 0.000000000 0.773011173
vn 0.634392465 0.000000000 -0.773011126
vn 0.634392486 0.773011108 0.000000090
vn 0.634392514 0.000000000 0.773011086
vn 0.634392608 -0.773011008 -0.000000110
vn 0.634392679 0.000000000 -0.773010950
vn 0.634392888 0.000000000 0.773010778
vn 0.634392903 0.000000000 -0.773010766
vn 0.634392959 0.000000000 -0.773010720
vn 0.634392959 0.000000000 -0.773010720
vn 0.634393045 0.000000000 0.773010650
vn 0.634393060 0.000000000 -0.773010638
vn 0.634393137 0.000000000 0.773010574
vn 0.634393137 0.000000000 0.773010574
vn 0.634393137 0.000000000 0.773010574
vn 0.634393168 0.000000000 -0.773010548
vn 0.634393202 0.773010520 0.000000000
vn 0.634393202 -0.773010520 0.000000000
vn 0.634393252 0.000000000 -0.773010480
vn 0.634393252 0.000000000 0.773010480
vn 0.634393330 0.000000000 -0.773010416
vn 0.634393334 0.000000000 -0.773010412
vn 0.634393355 0.000000000 -0.773010396
vn 0.634393461 0.000000000 0.773010308
vn 0.634393538 0.000000000 -0.773010245
vn 0.634393546 0.000000000 -0.773010239
vn 0.634393596 0.000000000 -0.773010197
vn 0.634393598 -0.773010196 -0.000000030
vn 0.634393598 0.773010196 0.000000000
vn 0.634393710 0.000000000 0.773010104
vn 0.634393780 0.000000000 0.773010047
vn 0.634393860 0.000000000 0.773009981
vn 0.634393894 0.000000000 0.773009953
vn 0.634393919 0.000000000 0.773009932
vn 0.634393919 0.000000000 0.773009932
vn 0.634393998 0.000000000 -0.773009868
vn 0.634393998 0.000000000 -0.773009868
vn 0.634393998 0.000000000 0.773009868
vn 0.634394029 0.000000000 0.773009842
vn 0.646179904 0.680556325 -0.345390533
vn 0.646180195 0.680556237 0.345390161
vn 0.646180199 0.680556151 -0.345390325
vn 0.646180206 0.680556444 0.345389733
vn 0.647164941 0.207470413 -0.733575877
vn 0.647165418 0.207470436 0.733575450
vn 0.647165655 -0.207470375 -0.733575257
vn 0.647165889 0.207470403 0.733575043
vn 0.647166009 -0.207470406 -0.733574937
vn 0.647166038 -0.207470379 0.733574919
vn 0.647166172 0.207470502 -0.733574766
vn 0.647166272 -0.207470359 0.733574718
vn 0.649447949 0.000000000 0.760406050
vn 0.649448366 0.000000000 0.760405694
vn 0.649448366 0.000000000 -0.760405694
vn 0.649448558 0.000000000 -0.760405530
vn 0.666135706 0.728482776 0.159925190
vn 0.666135779 0.728482687 -0.159925289
vn 0.666135854 0.728482463 0.159925997
vn 0.666136157 0.728482450 -0.159924796
vn 0.682952096 0.728482873 -0.053750706
vn 0.682952160 0.728482941 0.053748963
vn 0.682952291 0.728482791 0.053749335
vn 0.682952650 0.728482429 -0.053749682
vn 0.701146135 0.680556400 0.212690111
vn 0.701146144 0.680556375 0.212690163
vn 0.701146360 0.680556064 -0.212690447
vn 0.701146378 0.680556051 -0.212690428
vn 0.707106428 0.000000000 0.707107134
vn 0.707106428 0.000000000 -0.707107134
vn 0.707106781 0.000000000 -0.707106781
vn 0.707106781 0.000000000 0.707106781
vn 0.707106781 0.000000000 0.707106781
vn 0.707106781 0.000000000 -0.707106781
vn 0.707106781 0.000000000 -0.707106781
vn 0.707107134 0.000000000 -0.707106428
vn 0.707107134 0.000000000 0.707106428
vn 0.729167128 0.680556764 -0.071817755
vn 0.729167195 0.680556826 0.071816491
vn 0.729167500 0.680556416 0.071817284
vn 0.729167903 0.680556064 -0.071816529
vn 0.733574714 -0.207470383 -0.647166269
vn 0.733574715 -0.207470375 0.647166270
vn 0.733574808 0.207470430 -0.647166147
vn 0.733574922 -0.207470356 0.647166041
vn 0.733575039 0.207470428 0.647165885
vn 0.733575208 -0.207470431 -0.647165693
vn 0.733575442 0.207470483 -0.647165411
vn 0.733575456 0.207470395 0.647165423
vn 0.760405487 0.000000000 -0.649448609
vn 0.760405530 0.000000000 0.649448558
vn 0.760405530 0.000000000 -0.649448558
vn 0.760406178 0.000000000 0.649447800
vn 0.772632944 -0.154257912 -0.615826948
vn 0.772632953 -0.093152800 -0.627981588
vn 0.772634035 0.154255596 0.615826160
vn 0.772634042 0.093153729 0.627980110
vn 0.772634195 0.544531041 0.326377613
vn 0.772634238 0.573898747 0.271434270
vn 0.772634401 0.213875895 0.597740064
vn 0.772634419 -0.597740294 -0.213875188
vn 0.772634463 -0.470393975 -0.426339647
vn 0.772634464 0.154254873 0.615825803
vn 0.772634475 -0.544530456 -0.326377925
vn 0.772634486 -0.509917063 -0.378180566
vn 0.772634490 -0.615825505 -0.154255928
vn 0.772634494 -0.509917050 -0.378180566
vn 0.772634547 -0.597740108 -0.213875245
vn 0.772634552 -0.573898645 -0.271433591
vn 0.772634718 0.627979588 0.093151642
vn 0.772634733 0.031150396 0.634086132
vn 0.772634736 -0.634086134 -0.031150268
vn 0.772634737 0.634086135 0.031150240
vn 0.772634737 -0.093150877 -0.627979679
vn 0.772634750 -0.154255785 -0.615825216
vn 0.772634764 0.634086100 0.031150277
vn 0.772634775 0.573897827 0.271434686
vn 0.772634785 -0.627979432 -0.093152144
vn 0.772634789 -0.031151311 -0.634086018
vn 0.772634791 -0.634086065 -0.031150315
vn 0.772634794 0.271433981 0.573898135
vn 0.772634797 -0.213874383 -0.597740093
vn 0.772634849 0.597740074 0.213874247
vn 0.772634870 0.213875069 0.597739753
vn 0.772634872 0.470393846 0.426339048
vn 0.772634890 -0.470393329 -0.426339586
vn 0.772634895 -0.326378470 -0.544529534
vn 0.772634917 0.615824830 0.154256487
vn 0.772634920 0.426339337 0.470393505
vn 0.772634925 -0.615824897 -0.154256183
vn 0.772634934 -0.426339762 -0.470393097
vn 0.772634937 -0.378179833 -0.509916922
vn 0.772634957 -0.326378383 -0.544529499
vn 0.772634960 -0.271434160 -0.573897827
vn 0.772634987 0.627979209 0.093151975
vn 0.772634995 -0.627979151 -0.093152296
vn 0.772635017 -0.271434082 -0.573897786
vn 0.772635028 -0.213874091 -0.597739899
vn 0.772635033 0.615824653 0.154256613
vn 0.772635151 0.597739582 0.213874531
vn 0.772635169 0.271433299 0.573897952
vn 0.772635198 0.326377325 0.544529791
vn 0.772635207 0.326377308 0.544529788
vn 0.772635207 0.378181300 0.509915425
vn 0.772635211 -0.426339349 -0.470393017
vn 0.772635218 -0.378179425 -0.509916799
vn 0.772635233 0.544529192 0.326378240
vn 0.772635243 0.093151814 0.627978918
vn 0.772635260 0.509916668 0.378179518
vn 0.772635284 0.031149575 0.634085501
vn 0.772635417 -0.573897357 -0.271433852
vn 0.772635448 -0.544528986 -0.326378075
vn 0.772635552 0.509916133 0.378179642
vn 0.772635566 0.470392553 0.426339217
vn 0.772635642 0.426337982 0.470393549
vn 0.772635689 0.378180397 0.509915365
vn 0.772635805 -0.031150328 -0.634084829
vn 0.773009640 0.634394276 0.000000300
vn 0.773009868 0.000000000 0.634393998
vn 0.773009868 0.000000000 0.634393998
vn 0.773009868 -0.634393998 0.000000000
vn 0.773009868 0.634393998 0.000000000
vn 0.773009868 0.000000000 0.634393998
vn 0.773009928 0.000000000 -0.634393924
vn 0.773009932 0.000000000 -0.634393919
vn 0.773009932 0.000000000 -0.634393919
vn 0.773010030 0.000000000 0.634393800
vn 0.773010046 0.000000000 0.634393780
vn 0.773010047 0.000000000 -0.634393780
vn 0.773010126 0.000000000 -0.634393683
vn 0.773010181 0.000000000 0.634393616
vn 0.773010196 -0.634393598 -0.000000090
vn 0.773010227 0.000000000 -0.634393560
vn 0.773010239 0.000000000 0.634393546
vn 0.773010276 0.000000000 0.634393500
vn 0.773010390 0.000000000 -0.634393361
vn 0.773010429 0.000000000 -0.634393314
vn 0.773010429 0.000000000 -0.634393314
vn 0.773010429 0.000000000 -0.634393314
vn 0.773010480 0.000000000 -0.634393252
vn 0.773010480 0.000000000 0.634393252
vn 0.773010508 0.000000000 -0.634393218
vn 0.773010548 0.000000000 0.634393168
vn 0.773010557 0.000000000 0.634393157
vn 0.773010605 0.000000000 -0.634393099
vn 0.773010718 0.000000000 -0.634392962
vn 0.773010720 0.000000000 0.634392959
vn 0.773010720 0.000000000 0.634392959
vn 0.773010747 0.000000000 0.634392927
vn 0.773010766 0.000000000 0.634392903
vn 0.773010769 0.000000000 0.634392900
vn 0.773010778 0.000000000 -0.634392888
vn 0.773010939 0.000000000 -0.634392692
vn 0.773011108 -0.634392486 0.000000000
vn 0.773011126 0.000000000 0.634392465
vn 0.773011173 0.000000000 -0.634392407
vn 0.773011173 0.000000000 -0.634392407
vn 0.773011564 0.634391931 0.000000110
vn 0.793352024 -0.608763145 0.000000000
vn 0.793352024 -0.608763145 0.000000000
vn 0.793352755 0.608762192 0.000000504
vn 0.793352822 0.608762104 0.000000000
vn 0.793352872 0.608762039 0.000000000
vn 0.793352914 -0.608761984 -0.000000609
vn 0.793352914 0.608761984 0.000000609
vn 0.793353031 -0.608761832 0.000000000
vn 0.793353031 0.608761832 0.000000000
vn 0.793353039 -0.608761822 0.000000000
vn 0.793353236 -0.608761565 0.000000000
vn 0.793353277 -0.608761512 0.000000000
vn 0.793353277 0.608761512 0.000000000
vn 0.793353281 -0.608761507 0.000000000
vn 0.793353323 0.608761452 0.000000000
vn 0.793353741 0.608760907 0.000000000
vn 0.793353741 0.608760907 0.000000000
vn 0.808535972 -0.207470478 0.550659226
vn 0.808536263 0.207470426 0.550658817
vn 0.808536445 0.207470409 0.550658558
vn 0.808536537 0.207470411 -0.550658422
vn 0.808536560 -0.207470419 -0.550658384
vn 0.808536689 -0.207470434 -0.550658190
vn 0.808536915 -0.207470372 0.550657881
vn 0.808536939 0.207470450 -0.550657816
vn 0.852639057 0.360841461 0.377888977
vn 0.852639199 0.360841430 0.377888685
vn 0.852639342 -0.360841378 0.377888412
vn 0.852639481 -0.360841318 0.377888156
vn 0.852639643 0.360841199 -0.377887905
vn 0.852639716 -0.360841394 -0.377887554
vn 0.852639757 -0.360841385 -0.377887470
vn 0.852639817 0.000000000 0.522499132
vn 0.852639817 0.000000000 -0.522499132
vn 0.852639833 0.360841116 -0.377887555
vn 0.852640149 0.000000000 -0.522498589
vn 0.852640811 0.000000000 0.522497509
vn 0.860065532 -0.000000047 -0.510183575
vn 0.860065720 0.000000064 -0.510183258
vn 0.860065755 0.000000046 0.510183199
vn 0.860065944 0.000000157 0.510182882
vn 0.866024948 0.000000000 0.500000789
vn 0.866025272 0.000000000 -0.500000228
vn 0.866025377 0.000000000 -0.500000047
vn 0.866025377 0.000000000 0.500000047
vn 0.866025449 0.000000000 0.499999922
vn 0.866025578 0.000000000 0.499999698
vn 0.866025754 0.000000000 -0.499999393
vn 0.866025805 0.000000000 -0.499999304
vn 0.881684327 -0.201737878 -0.426537894
vn 0.881684340 -0.242574354 -0.404710276
vn 0.881684408 0.242574041 0.404710315
vn 0.881684435 0.281075155 0.378984583
vn 0.881684451 -0.023151873 -0.471271175
vn 0.881684470 -0.069233873 -0.466732436
vn 0.881684529 0.316868089 0.349609790
vn 0.881684535 0.466732445 0.069232973
vn 0.881684560 -0.242573900 -0.404710068
vn 0.881684569 0.349609761 0.316868009
vn 0.881684575 -0.349609877 -0.316867865
vn 0.881684584 -0.378985191 -0.281073869
vn 0.881684588 -0.426537462 -0.201737654
vn 0.881684618 0.457698827 0.114647364
vn 0.881684623 -0.281074517 -0.378984619
vn 0.881684639 -0.444257447 -0.158957601
vn 0.881684678 -0.023151561 -0.471270765
vn 0.881684684 0.023151269 0.471270769
vn 0.881684689 0.466732122 0.069233203
vn 0.881684715 0.471270686 0.023151736
vn 0.881684716 -0.404710178 -0.242573150
vn 0.881684740 -0.426537120 -0.201737709
vn 0.881684776 0.281074284 0.378984436
vn 0.881684779 0.316867443 0.349609746
vn 0.881684837 -0.158957411 -0.444257121
vn 0.881684855 -0.201736845 -0.426537293
vn 0.881684861 0.201737350 0.426537041
vn 0.881684862 0.444257047 0.158957479
vn 0.881684872 0.242572883 0.404710000
vn 0.881684898 0.457698197 0.114647725
vn 0.881684942 0.444256859 0.158957563
vn 0.881684944 0.404710029 0.242572569
vn 0.881684945 0.114646491 0.457698416
vn 0.881684952 0.158957871 0.444256728
vn 0.881684961 0.471270206 0.023152154
vn 0.881684967 -0.158957172 -0.444256948
vn 0.881684969 -0.471270210 -0.023151771
vn 0.881684975 0.426536953 0.201737038
vn 0.881684983 -0.114648312 -0.457697886
vn 0.881684988 -0.316867552 -0.349609119
vn 0.881684994 0.114646382 0.457698349
vn 0.881685006 -0.281073695 -0.378984338
vn 0.881685019 0.023150638 0.471270173
vn 0.881685023 0.069234339 0.466731322
vn 0.881685029 -0.457698116 -0.114647042
vn 0.881685044 0.069234294 0.466731288
vn 0.881685051 -0.444256542 -0.158957840
vn 0.881685052 0.378984386 0.281073486
vn 0.881685074 -0.471270008 -0.023151896
vn 0.881685088 -0.466731359 -0.069233264
vn 0.881685119 0.378984212 0.281073508
vn 0.881685121 0.201736721 0.426536801
vn 0.881685121 0.158957478 0.444256533
vn 0.881685122 -0.457697920 -0.114647115
vn 0.881685148 0.349608263 0.316868053
vn 0.881685151 -0.466731230 -0.069233327
vn 0.881685163 -0.378983878 -0.281073821
vn 0.881685169 -0.404709154 -0.242573214
vn 0.881685179 -0.349608521 -0.316867682
vn 0.881685184 -0.316867120 -0.349609016
vn 0.881685393 0.426535926 0.201737382
vn 0.881685419 0.404708830 0.242572844
vn 0.881685610 -0.069232112 -0.466730543
vn 0.881685617 -0.114647235 -0.457696934
vn 0.881919955 0.000000000 -0.471399186
vn 0.881919955 0.000000000 -0.471399186
vn 0.881920441 0.000000000 -0.471398277
vn 0.881920877 0.000000000 -0.471397461
vn 0.881920903 0.000000000 0.471397414
vn 0.881920943 0.471397338 0.000000288
vn 0.881921010 0.000000000 -0.471397213
vn 0.881921014 0.000000000 -0.471397205
vn 0.881921023 0.000000000 0.471397189
vn 0.881921051 0.000000000 -0.471397137
vn 0.881921062 0.000000000 0.471397115
vn 0.881921062 0.000000000 0.471397115
vn 0.881921062 0.000000000 -0.471397115
vn 0.881921062 0.000000000 0.471397115
vn 0.881921093 0.000000000 -0.471397057
vn 0.881921093 0.000000000 -0.471397057
vn 0.881921093 0.000000000 -0.471397057
vn 0.881921115 0.000000000 -0.471397016
vn 0.881921163 0.000000000 -0.471396926
vn 0.881921170 0.000000000 0.471396914
vn 0.881921183 0.000000000 -0.471396890
vn 0.881921195 0.471396866 0.000000255
vn 0.881921195 -0.471396866 0.000000000
vn 0.881921211 0.000000000 0.471396838
vn 0.881921291 0.000000000 -0.471396688
vn 0.881921295 0.000000000 -0.471396679
vn 0.881921303 0.000000000 -0.471396665
vn 0.881921358 0.471396562 0.000000000
vn 0.881921358 -0.471396562 0.000000000
vn 0.881921383 0.000000000 0.471396515
vn 0.881921444 0.000000000 0.471396400
vn 0.881921474 0.000000000 0.471396345
vn 0.881921474 0.000000000 0.471396345
vn 0.881921486 0.000000000 0.471396323
vn 0.881921486 0.000000000 -0.471396323
vn 0.881921594 0.000000000 0.471396120
vn 0.881921631 0.000000000 0.471396052
vn 0.881921637 0.000000000 0.471396040
vn 0.881921638 0.000000000 0.471396038
vn 0.881921709 0.000000000 0.471395906
vn 0.891005967 0.000000000 -0.453991594
vn 0.891007045 0.000000000 0.453989478
vn 0.923097696 0.149464061 0.354331960
vn 0.923098082 -0.149465084 0.354330524
vn 0.923098116 -0.149465119 0.354330420
vn 0.923098463 -0.149465327 -0.354329428
vn 0.923098496 -0.149465378 -0.354329321
vn 0.923098681 0.149465592 0.354328748
vn 0.923098743 0.149465771 -0.354328512
vn 0.923098780 0.149465809 -0.354328400
vn 0.923878328 0.000000000 0.382686341
vn 0.923878328 0.000000000 -0.382686341
vn 0.923879018 -0.382684674 0.000000000
vn 0.923879171 0.382684305 0.000006262
vn 0.923879410 0.000000000 -0.382683729
vn 0.923879487 -0.382683543 0.000000000
vn 0.923879524 -0.382683453 0.000000000
vn 0.923879580 0.000000000 0.382683318
vn 0.923879615 0.382683233 0.000000000
vn 0.923879615 0.382683233 0.000000000
vn 0.923879623 -0.382683214 0.000000000
vn 0.923879623 0.382683214 0.000000000
vn 0.923879645 0.382683162 0.000000000
vn 0.923879647 0.000000000 0.382683156
vn 0.923879701 0.382683026 0.000000000
vn 0.923879701 -0.382683026 0.000000000
vn 0.923879719 0.000000000 -0.382682982
vn 0.923879747 0.382682915 0.000000317
vn 0.923879747 -0.382682915 -0.000000158
vn 0.923879806 0.000000000 -0.382682772
vn 0.923879806 0.000000000 0.382682772
vn 0.923879818 0.382682744 0.000000000
vn 0.923879859 0.382682644 0.000000158
vn 0.923879859 -0.382682644 0.000000000
vn 0.923879959 0.000000000 -0.382682402
vn 0.923879959 0.000000000 0.382682402
vn 0.923880545 0.000000000 0.382680987
vn 0.923880545 0.000000000 -0.382680987
vn 0.956843789 0.042641057 0.287457307
vn 0.956843802 0.014259669 0.290252650
vn 0.956843809 -0.195157362 -0.215321922
vn 0.956843811 -0.173111964 -0.233414159
vn 0.956843859 -0.097901602 -0.273614887
vn 0.956843871 -0.070610715 -0.281893479
vn 0.956843903 0.215321841 0.195156989
vn 0.956843919 0.233414127 0.173111412
vn 0.956843954 0.097901421 0.273614618
vn 0.956843956 0.124248632 0.262701200
vn 0.956843973 -0.281893225 -0.070610350
vn 0.956843975 -0.273614777 -0.097900776
vn 0.956843976 -0.281893212 -0.070610355
vn 0.956843978 -0.287456796 -0.042640257
vn 0.956843980 -0.249257794 -0.149399299
vn 0.956843989 0.173111576 0.233413716
vn 0.956843991 0.195156825 0.215321598
vn 0.956843992 0.233413816 0.173111427
vn 0.956843994 0.215321453 0.195156971
vn 0.956843994 -0.173111280 -0.233413915
vn 0.956843994 -0.262701256 -0.124248224
vn 0.956843996 -0.233413986 -0.173111176
vn 0.956844004 -0.287456703 -0.042640301
vn 0.956844004 0.249257772 0.149399178
vn 0.956844006 -0.249257688 -0.149399304
vn 0.956844008 0.149399379 0.249257639
vn 0.956844009 -0.149399462 -0.249257584
vn 0.956844012 -0.290251988 -0.014259003
vn 0.956844013 0.042640350 0.287456668
vn 0.956844013 0.273614653 0.097900744
vn 0.956844013 0.262701132 0.124248337
vn 0.956844032 0.070609940 0.281893125
vn 0.956844035 -0.149399369 -0.249257540
vn 0.956844037 0.149399263 0.249257597
vn 0.956844038 0.249257632 0.149399199
vn 0.956844043 -0.124248197 -0.262701091
vn 0.956844044 0.124248294 0.262701040
vn 0.956844045 0.262700999 0.124248371
vn 0.956844054 -0.290251847 -0.014259088
vn 0.956844055 0.290251847 0.014259014
vn 0.956844061 -0.195156390 -0.215321679
vn 0.956844069 -0.215321656 -0.195156377
vn 0.956844084 0.281892905 0.070610123
vn 0.956844089 0.287456443 0.042640155
vn 0.956844127 -0.042640512 -0.287456263
vn 0.956844131 0.070609602 0.281892875
vn 0.956844139 0.290251559 0.014259227
vn 0.956844141 -0.070609922 -0.281892762
vn 0.956844142 0.195156187 0.215321504
vn 0.956844142 0.173110942 0.233413557
vn 0.956844148 0.287456227 0.042640285
vn 0.956844155 0.097900687 0.273614179
vn 0.956844168 0.281892579 0.070610278
vn 0.956844188 0.273613954 0.097900995
vn 0.956844191 -0.233413212 -0.173111138
vn 0.956844205 -0.215321122 -0.195156299
vn 0.956844241 -0.273613754 -0.097901033
vn 0.956844254 -0.262700239 -0.124248376
vn 0.956844261 -0.097900321 -0.273613939
vn 0.956844273 -0.124247413 -0.262700623
vn 0.956844280 -0.014258984 -0.290251108
vn 0.956844290 0.014258272 0.290251111
vn 0.956844353 -0.014258811 -0.290250874
vn 0.956844358 -0.042639898 -0.287455586
vn 0.956940167 0.000000000 0.290285233
vn 0.956940170 0.000000000 0.290285223
vn 0.956940170 0.000000000 0.290285223
vn 0.956940170 0.000000000 0.290285223
vn 0.956940208 0.000000000 -0.290285099
vn 0.956940237 0.000000000 0.290285001
vn 0.956940291 0.000000000 0.290284824
vn 0.956940294 0.290284816 0.000000245
vn 0.956940294 -0.290284816 0.000000000
vn 0.956940310 0.000000000 -0.290284762
vn 0.956940311 0.000000000 -0.290284760
vn 0.956940327 0.000000000 -0.290284706
vn 0.956940336 0.000000000 -0.290284677
vn 0.956940339 0.000000000 0.290284668
vn 0.956940339 0.000000000 -0.290284666
vn 0.956940339 0.000000000 0.290284666
vn 0.956940362 0.000000000 -0.290284590
vn 0.956940366 0.000000000 0.290284577
vn 0.956940366 0.000000000 -0.290284577
vn 0.956940371 0.000000000 0.290284562
vn 0.956940371 0.000000000 -0.290284561
vn 0.956940384 0.000000000 -0.290284517
vn 0.956940410 0.000000000 0.290284434
vn 0.956940422 0.000000000 -0.290284393
vn 0.956940428 0.000000000 -0.290284373
vn 0.956940428 0.000000000 0.290284373
vn 0.956940450 0.000000000 0.290284300
vn 0.956940471 0.000000000 -0.290284230
vn 0.956940471 0.000000000 -0.290284230
vn 0.956940491 0.000000000 -0.290284165
vn 0.956940491 0.000000000 -0.290284165
vn 0.956940497 0.000000000 0.290284146
vn 0.956940533 0.000000000 0.290284026
vn 0.956940827 0.000000000 0.290283056
vn 0.956940827 0.000000000 0.290283056
vn 0.956941238 0.290281702 0.000000041
vn 0.956941343 0.290281358 0.000000000
vn 0.956941343 -0.290281358 0.000000000
vn 0.956941567 0.000000000 -0.290280619
vn 0.956941567 0.000000000 0.290280619
vn 0.965925333 0.000000000 0.258820887
vn 0.965925333 0.000000000 -0.258820887
vn 0.965925532 0.000000000 0.258820142
vn 0.965925532 0.000000000 -0.258820142
vn 0.965925580 0.000000000 -0.258819965
vn 0.965925580 0.000000000 0.258819965
vn 0.965926190 0.000000000 0.258817689
vn 0.965926190 0.000000000 -0.258817689
vn 0.972369613 0.000000000 0.233446644
vn 0.972369807 0.000000000 0.233445835
vn 0.972369950 0.000000000 -0.233445241
vn 0.972370035 0.000000000 -0.233444887
vn 0.987687946 0.000000000 0.156436953
vn 0.987688074 0.000000000 -0.156436145
vn 0.991444698 0.130527432 0.000000821
vn 0.991444730 -0.130527191 0.000000000
vn 0.991444746 0.130527067 0.000000054
vn 0.991444759 -0.130526971 0.000000000
vn 0.991444759 0.130526971 0.000000000
vn 0.991444759 0.130526971 0.000000000
vn 0.991444759 -0.130526971 0.000000000
vn 0.991444759 -0.130526967 -0.000000054
vn 0.991444759 -0.130526967 -0.000000054
vn 0.991444795 0.130526696 0.000001983
vn 0.991444801 0.130526648 0.000000000
vn 0.991444801 -0.130526648 0.000000000
vn 0.991444821 -0.130526501 0.000000000
vn 0.991444859 0.130526211 0.000000000
vn 0.991444891 -0.130525970 0.000000821
vn 0.991444926 0.130525702 0.000002136
vn 0.991444981 -0.130525283 0.000000000
vn 0.991444981 -0.130525283 0.000000000
vn 0.991444981 0.130525283 0.000000000
vn 0.991444990 0.130525215 0.000000000
vn 0.991445016 -0.130525019 0.000001983
vn 0.995173081 0.033060953 0.092398658
vn 0.995173084 0.023845108 0.095194246
vn 0.995173089 -0.023845094 -0.095194193
vn 0.995173090 -0.041958361 -0.088713111
vn 0.995173091 -0.014399389 -0.097073044
vn 0.995173092 -0.033060942 -0.092398547
vn 0.995173094 -0.065903733 -0.072713211
vn 0.995173094 0.092398606 0.033060702
vn 0.995173095 0.095194213 0.023844783
vn 0.995173095 -0.072713358 -0.065903560
vn 0.995173098 0.004815422 0.098016922
vn 0.995173098 -0.004815314 -0.098016922
vn 0.995173101 -0.072713286 -0.065903550
vn 0.995173102 -0.078822927 -0.058458905
vn 0.995173102 0.041958311 0.088713006
vn 0.995173102 0.078822923 0.058458902
vn 0.995173102 0.084173287 0.050451501
vn 0.995173103 0.050451544 0.084173259
vn 0.995173103 -0.092398526 -0.033060673
vn 0.995173103 -0.095194120 -0.023844812
vn 0.995173103 -0.088713094 -0.041958095
vn 0.995173104 -0.097072917 -0.014399368
vn 0.995173111 0.014399456 0.097072834
vn 0.995173111 0.097072844 0.014399357
vn 0.995173112 0.098016792 0.004815206
vn 0.995173112 -0.098016792 -0.004815201
vn 0.995173112 0.098016791 0.004815207
vn 0.995173112 0.004815307 0.098016781
vn 0.995173112 -0.098016784 -0.004815206
vn 0.995173112 -0.004815209 -0.098016784
vn 0.995173113 0.088712984 0.041958102
vn 0.995173113 -0.088712978 -0.041958114
vn 0.995173113 -0.097072819 -0.014399416
vn 0.995173114 0.084173148 0.050451514
vn 0.995173114 -0.084173177 -0.050451460
vn 0.995173114 -0.014399199 -0.097072840
vn 0.995173114 0.088712962 0.041958106
vn 0.995173116 0.092398350 0.033060779
vn 0.995173117 0.065903529 0.072713077
vn 0.995173117 0.058458855 0.078822767
vn 0.995173118 0.078822730 0.058458901
vn 0.995173118 0.072713183 0.065903401
vn 0.995173120 0.050451346 0.084173176
vn 0.995173120 0.058458823 0.078822757
vn 0.995173123 -0.084173069 -0.050451466
vn 0.995173124 -0.078822648 -0.058458895
vn 0.995173125 0.097072695 0.014399435
vn 0.995173126 0.041958043 0.088712861
vn 0.995173126 0.033060482 0.092398340
vn 0.995173127 0.095193838 0.023844936
vn 0.995173127 -0.050451429 -0.084173040
vn 0.995173128 -0.065903331 -0.072713115
vn 0.995173128 -0.058458793 -0.078822684
vn 0.995173128 -0.058458793 -0.078822684
vn 0.995173130 -0.095193807 -0.023844928
vn 0.995173130 -0.092398196 -0.033060760
vn 0.995173138 0.072712927 0.065903374
vn 0.995173140 0.065903244 0.072713019
vn 0.995173141 -0.023844616 -0.095193769
vn 0.995173144 -0.033060421 -0.092398171
vn 0.995173145 0.014399153 0.097072528
vn 0.995173146 -0.041957767 -0.088712764
vn 0.995173147 -0.050451202 -0.084172936
vn 0.995173147 0.023844490 0.095193734
vn 0.995184608 0.000000000 0.098018348
vn 0.995184616 0.000000000 -0.098018268
vn 0.995184622 0.000000000 -0.098018202
vn 0.995184627 -0.098018156 -0.000000014
vn 0.995184636 0.000000000 0.098018058
vn 0.995184636 0.000000000 -0.098018058
vn 0.995184639 0.000000000 0.098018030
vn 0.995184642 0.000000000 -0.098018003
vn 0.995184648 0.098017935 0.000000014
vn 0.995184648 0.098017935 0.000000014
vn 0.995184648 -0.098017935 0.000000000
vn 0.995184649 -0.098017928 0.000000000
vn 0.995184649 0.098017928 0.000000000
vn 0.995184668 0.000000000 -0.098017737
vn 0.995184678 0.000000000 0.098017635
vn 0.995184684 0.000000000 0.098017574
vn 0.995184687 0.000000000 -0.098017541
vn 0.995184687 0.000000000 -0.098017539
vn 0.995184687 0.000000000 -0.098017539
vn 0.995184700 0.000000000 0.098017408
vn 0.995184708 0.000000000 -0.098017330
vn 0.995184709 0.000000000 -0.098017315
vn 0.995184714 0.000000000 0.098017268
vn 0.995184744 0.000000000 -0.098016966
vn 0.995184751 0.000000000 0.098016894
vn 0.995184755 0.000000000 0.098016857
vn 0.995184759 0.000000000 -0.098016814
vn 0.995184778 0.000000000 0.098016615
vn 0.995184782 0.000000000 -0.098016580
vn 0.995184788 0.000000000 0.098016517
vn 0.995184790 0.000000000 0.098016501
vn 0.995184790 0.000000000 0.098016501
vn 0.995184791 0.000000000 -0.098016486
vn 0.995184793 0.000000000 0.098016467
vn 0.995184836 0.000000000 -0.098016025
vn 0.995184836 0.000000000 0.098016025
vn 0.995184896 0.000000000 0.098015422
vn 0.995184896 0.000000000 0.098015422
vn 0.995184934 0.000000000 -0.098015033
vn 0.995184934 0.000000000 -0.098015033
vn 0.996917196 0.000000000 -0.078460851
vn 0.996917282 0.000000000 -0.078459755
vn 0.996917354 0.000000000 0.078458840
vn 0.996917356 0.000000000 0.078458819
vn 1.000000000 -0.000005294 0.000000000
vn 1.000000000 -0.000005294 0.000000000
vn 1.000000000 -0.000005294 0.000000000
vn 1.000000000 0.000000000 0.000004500
vn 1.000000000 0.000000000 0.000004500
vn 1.000000000 0.000000000 0.000004500
vn 1.000000000 -0.000003529 0.000000000
vn 1.000000000 -0.000003529 0.000000000
vn 1.000000000 -0.000003529 0.000000000
vn 1.000000000 0.000000000 0.000003000
vn 1.000000000 0.000000000 0.000003000
vn 1.000000000 0.000000000 0.000003000
vn 1.000000000 0.000000000 -0.000001000
vn 1.000000000 0.000000000 -0.000001000
vn 1.000000000 0.000000000 0.000000000
usemtl dvss_0
f 1/1/1667 2/2/1667 3/3/1667
f 1/1/1667 3/2/1667 4/3/1667
f 4/1/1883 3/2/1883 5/3/1883
f 4/1/1868 5/2/1868 6/3/1868
f 6/1/2200 5/2/2200 7/3/2200
f 6/1/2199 7/2/2199 8/3/2199
f 8/1/2490 7/2/2490 9/3/2490
f 8/1/2496 9/2/2496 10/3/2496
f 10/1/2661 9/2/2661 11/3/2661
f 10/1/2661 11/2/2661 12/3/2661
f 12/1/2797 11/2/2797 13/3/2797
f 12/1/2798 13/2/2798 14/3/2798
f 14/1/2799 13/2/2799 15/3/2799
f 14/1/2796 15/2/2796 16/3/2796
f 16/1/2662 15/2/2662 17/3/2662
f 16/1/2662 17/2/2662 18/3/2662
f 18/1/2495 17/2/2495 19/3/2495
f 18/1/2489 19/2/2489 20/3/2489
f 20/1/2197 19/2/2197 21/3/2197
f 20/1/2198 21/2/2198 22/3/2198
f 22/1/1867 21/2/1867 23/3/1867
f 22/1/1882 23/2/1882 24/3/1882
f 24/1/1668 23/2/1668 25/3/1668
f 24/1/1660 25/2/1660 26/3/1660
f 26/1/1268 25/2/1268 27/3/1268
f 26/1/1277 27/2/1277 28/3/1277
f 28/1/1063 27/2/1063 29/3/1063
f 28/1/1052 29/2/1052 30/3/1052
f 30/1/740 29/2/740 31/3/740
f 30/1/739 31/2/739 32/3/739
f 32/1/444 31/2/444 33/3/444
f 32/1/450 33/2/450 34/3/450
f 34/1/274 33/2/274 35/3/274
f 34/1/274 35/2/274 36/3/274
f 36/1/139 35/2/139 37/3/139
f 36/1/137 37/2/137 38/3/137
f 38/1/138 37/2/138 39/3/138
f 38/1/136 39/2/136 40/3/136
f 40/1/275 39/2/275 41/3/275
f 40/1/275 41/2/275 42/3/275
f 42/1/449 41/2/449 43/3/449
f 42/1/443 43/2/443 44/3/443
f 44/1/741 43/2/741 45/3/741
f 44/1/742 45/2/742 46/3/742
f 5/1/1470 3/2/1470 2/3/1470
f 2/1/1470 47/2/1470 45/3/1470
f 45/1/1470 43/2/1470 41/3/1470
f 41/1/1523 39/2/1523 37/3/1523
f 37/1/1470 35/2/1470 33/3/1470
f 33/1/1470 31/2/1470 29/3/1470
f 29/1/1470 27/2/1470 25/3/1470
f 25/1/1470 23/2/1470 21/3/1470
f 21/1/1470 19/2/1470 17/3/1470
f 17/1/1470 15/2/1470 13/3/1470
f 13/1/1413 11/2/1413 9/3/1413
f 9/1/1470 7/2/1470 5/3/1470
f 5/1/1470 2/2/1470 45/3/1470
f 45/1/1518 41/2/1518 37/3/1518
f 37/1/1470 33/2/1470 29/3/1470
f 29/1/1470 25/2/1470 21/3/1470
f 21/1/1470 17/2/1470 13/3/1470
f 13/1/1418 9/2/1418 5/3/1418
f 5/1/1464 45/2/1464 37/3/1464
f 37/1/1470 29/2/1470 21/3/1470
f 21/1/1515 13/2/1515 5/3/1515
f 37/1/1437 21/2/1437 5/3/1437
f 46/1/1051 45/2/1051 47/3/1051
f 46/1/1062 47/2/1062 48/3/1062
f 48/1/1267 47/2/1267 2/3/1267
f 48/1/1267 2/2/1267 1/3/1267
f 48/1/1469 1/2/1469 4/3/1469
f 4/1/1469 6/2/1469 8/3/1469
f 8/1/1469 10/2/1469 12/3/1469
f 12/1/1524 14/2/1524 16/3/1524
f 16/1/1469 18/2/1469 20/3/1469
f 20/1/1469 22/2/1469 24/3/1469
f 24/1/1469 26/2/1469 28/3/1469
f 28/1/1469 30/2/1469 32/3/1469
f 32/1/1469 34/2/1469 36/3/1469
f 36/1/1412 38/2/1412 40/3/1412
f 40/1/1469 42/2/1469 44/3/1469
f 44/1/1469 46/2/1469 48/3/1469
f 48/1/1469 4/2/1469 8/3/1469
f 8/1/1521 12/2/1521 16/3/1521
f 16/1/1469 20/2/1469 24/3/1469
f 24/1/1469 28/2/1469 32/3/1469
f 32/1/1520 36/2/1520 40/3/1520
f 40/1/1469 44/2/1469 48/3/1469
f 48/1/1506 8/2/1506 16/3/1506
f 16/1/1469 24/2/1469 32/3/1469
f 32/1/1425 40/2/1425 48/3/1425
f 16/1/1440 32/2/1440 48/3/1440
usemtl dvss_1
f 49/1/783 50/2/783 51/3/783
f 49/1/879 51/2/879 52/3/879
f 52/1/9 51/2/9 53/3/9
f 52/1/1 53/2/1 54/3/1
f 54/1/874 53/2/874 55/3/874
f 54/1/874 55/2/874 56/3/874
f 56/1/2062 55/2/2062 57/3/2062
f 56/1/2163 57/2/2163 58/3/2163
f 53/1/1469 51/2/1469 50/3/1469
f 50/1/1469 59/2/1469 57/3/1469
f 57/1/1469 55/2/1469 53/3/1469
f 50/1/1469 57/2/1469 53/3/1469
f 58/1/2926 57/2/2926 59/3/2926
f 58/1/2922 59/2/2922 60/3/2922
f 60/1/2061 59/2/2061 50/3/2061
f 60/1/2060 50/2/2060 49/3/2060
f 60/1/1470 49/2/1470 52/3/1470
f 52/1/1470 54/2/1470 56/3/1470
f 56/1/1470 58/2/1470 60/3/1470
f 52/1/1470 56/2/1470 60/3/1470
f 61/1/869 62/2/869 63/3/869
f 61/1/895 63/2/895 64/3/895
f 64/1/4 63/2/4 65/3/4
f 64/1/1 65/2/1 66/3/1
f 66/1/892 65/2/892 67/3/892
f 66/1/892 67/2/892 68/3/892
f 68/1/2040 67/2/2040 69/3/2040
f 68/1/2094 69/2/2094 70/3/2094
f 65/1/1469 63/2/1469 62/3/1469
f 62/1/1469 71/2/1469 69/3/1469
f 69/1/1469 67/2/1469 65/3/1469
f 62/1/1469 69/2/1469 65/3/1469
f 70/1/2927 69/2/2927 71/3/2927
f 70/1/2923 71/2/2923 72/3/2923
f 72/1/2036 71/2/2036 62/3/2036
f 72/1/2034 62/2/2034 61/3/2034
f 72/1/1470 61/2/1470 64/3/1470
f 64/1/1470 66/2/1470 68/3/1470
f 68/1/1470 70/2/1470 72/3/1470
f 64/1/1470 68/2/1470 72/3/1470
f 73/1/882 74/2/882 75/3/882
f 73/1/884 75/2/884 76/3/884
f 76/1/1 75/2/1 77/3/1
f 76/1/1 77/2/1 78/3/1
f 78/1/881 77/2/881 79/3/881
f 78/1/883 79/2/883 80/3/883
f 80/1/2047 79/2/2047 81/3/2047
f 80/1/2096 81/2/2096 82/3/2096
f 77/1/1469 75/2/1469 74/3/1469
f 74/1/1469 83/2/1469 81/3/1469
f 81/1/1469 79/2/1469 77/3/1469
f 74/1/1469 81/2/1469 77/3/1469
f 82/1/2933 81/2/2933 83/3/2933
f 82/1/2928 83/2/2928 84/3/2928
f 84/1/2049 83/2/2049 74/3/2049
f 84/1/2048 74/2/2048 73/3/2048
f 84/1/1470 73/2/1470 76/3/1470
f 76/1/1470 78/2/1470 80/3/1470
f 80/1/1470 82/2/1470 84/3/1470
f 76/1/1470 80/2/1470 84/3/1470
f 85/1/868 86/2/868 87/3/868
f 85/1/894 87/2/894 88/3/894
f 88/1/4 87/2/4 89/3/4
f 88/1/1 89/2/1 90/3/1
f 90/1/893 89/2/893 91/3/893
f 90/1/892 91/2/892 92/3/892
f 92/1/2035 91/2/2035 93/3/2035
f 92/1/2093 93/2/2093 94/3/2093
f 89/1/1469 87/2/1469 86/3/1469
f 86/1/1469 95/2/1469 93/3/1469
f 93/1/1469 91/2/1469 89/3/1469
f 86/1/1469 93/2/1469 89/3/1469
f 94/1/2927 93/2/2927 95/3/2927
f 94/1/2923 95/2/2923 96/3/2923
f 96/1/2041 95/2/2041 86/3/2041
f 96/1/2038 86/2/2038 85/3/2038
f 96/1/1470 85/2/1470 88/3/1470
f 88/1/1470 90/2/1470 92/3/1470
f 92/1/1470 94/2/1470 96/3/1470
f 88/1/1470 92/2/1470 96/3/1470
f 97/1/844 98/2/844 99/3/844
f 97/1/897 99/2/897 100/3/897
f 100/1/6 99/2/6 101/3/6
f 100/1/1 101/2/1 102/3/1
f 102/1/892 101/2/892 103/3/892
f 102/1/891 103/2/891 104/3/891
f 104/1/2037 103/2/2037 105/3/2037
f 104/1/2095 105/2/2095 106/3/2095
f 101/1/1469 99/2/1469 98/3/1469
f 98/1/1469 107/2/1469 105/3/1469
f 105/1/1469 103/2/1469 101/3/1469
f 98/1/1469 105/2/1469 101/3/1469
f 106/1/2925 105/2/2925 107/3/2925
f 106/1/2924 107/2/2924 108/3/2924
f 108/1/2038 107/2/2038 98/3/2038
f 108/1/2039 98/2/2039 97/3/2039
f 108/1/1470 97/2/1470 100/3/1470
f 100/1/1470 102/2/1470 104/3/1470
f 104/1/1470 106/2/1470 108/3/1470
f 100/1/1470 104/2/1470 108/3/1470
f 109/1/845 110/2/845 111/3/845
f 109/1/896 111/2/896 112/3/896
f 112/1/7 111/2/7 113/3/7
f 112/1/1 113/2/1 114/3/1
f 114/1/893 113/2/893 115/3/893
f 114/1/892 115/2/892 116/3/892
f 116/1/2035 115/2/2035 117/3/2035
f 116/1/2063 117/2/2063 118/3/2063
f 113/1/1469 111/2/1469 110/3/1469
f 110/1/1469 119/2/1469 117/3/1469
f 117/1/1469 115/2/1469 113/3/1469
f 110/1/1469 117/2/1469 113/3/1469
f 118/1/2932 117/2/2932 119/3/2932
f 118/1/2930 119/2/2930 120/3/2930
f 120/1/2041 119/2/2041 110/3/2041
f 120/1/2038 110/2/2038 109/3/2038
f 120/1/1470 109/2/1470 112/3/1470
f 112/1/1470 114/2/1470 116/3/1470
f 116/1/1470 118/2/1470 120/3/1470
f 112/1/1470 116/2/1470 120/3/1470
f 121/1/846 122/2/846 123/3/846
f 121/1/885 123/2/885 124/3/885
f 124/1/5 123/2/5 125/3/5
f 124/1/1 125/2/1 126/3/1
f 126/1/881 125/2/881 127/3/881
f 126/1/883 127/2/883 128/3/883
f 128/1/2032 127/2/2032 129/3/2032
f 128/1/2065 129/2/2065 130/3/2065
f 125/1/1469 123/2/1469 122/3/1469
f 122/1/1469 131/2/1469 129/3/1469
f 129/1/1469 127/2/1469 125/3/1469
f 122/1/1469 129/2/1469 125/3/1469
f 130/1/2933 129/2/2933 131/3/2933
f 130/1/2929 131/2/2929 132/3/2929
f 132/1/2036 131/2/2036 122/3/2036
f 132/1/2033 122/2/2033 121/3/2033
f 132/1/1470 121/2/1470 124/3/1470
f 124/1/1470 126/2/1470 128/3/1470
f 128/1/1470 130/2/1470 132/3/1470
f 124/1/1470 128/2/1470 132/3/1470
f 133/1/846 134/2/846 135/3/846
f 133/1/898 135/2/898 136/3/898
f 136/1/8 135/2/8 137/3/8
f 136/1/1 137/2/1 138/3/1
f 138/1/892 137/2/892 139/3/892
f 138/1/892 139/2/892 140/3/892
f 140/1/2040 139/2/2040 141/3/2040
f 140/1/2064 141/2/2064 142/3/2064
f 137/1/1469 135/2/1469 134/3/1469
f 134/1/1469 143/2/1469 141/3/1469
f 141/1/1469 139/2/1469 137/3/1469
f 134/1/1469 141/2/1469 137/3/1469
f 142/1/2931 141/2/2931 143/3/2931
f 142/1/2930 143/2/2930 144/3/2930
f 144/1/2036 143/2/2036 134/3/2036
f 144/1/2034 134/2/2034 133/3/2034
f 144/1/1470 133/2/1470 136/3/1470
f 136/1/1470 138/2/1470 140/3/1470
f 140/1/1470 142/2/1470 144/3/1470
f 136/1/1470 140/2/1470 144/3/1470
f 145/1/1279 146/2/1279 147/3/1279
f 145/1/1283 147/2/1283 148/3/1283
f 148/1/1066 147/2/1066 149/3/1066
f 148/1/1049 149/2/1049 150/3/1049
f 150/1/728 149/2/728 151/3/728
f 150/1/728 151/2/728 152/3/728
f 152/1/455 151/2/455 153/3/455
f 152/1/455 153/2/455 154/3/455
f 154/1/282 153/2/282 155/3/282
f 154/1/282 155/2/282 156/3/282
f 156/1/123 155/2/123 157/3/123
f 156/1/122 157/2/122 158/3/122
f 158/1/125 157/2/125 159/3/125
f 158/1/124 159/2/124 160/3/124
f 160/1/277 159/2/277 161/3/277
f 160/1/287 161/2/287 162/3/287
f 162/1/453 161/2/453 163/3/453
f 162/1/452 163/2/452 164/3/452
f 164/1/726 163/2/726 165/3/726
f 164/1/726 165/2/726 166/3/726
f 166/1/1060 165/2/1060 167/3/1060
f 166/1/1059 167/2/1059 168/3/1059
f 168/1/1281 167/2/1281 169/3/1281
f 168/1/1282 169/2/1282 170/3/1282
f 170/1/1653 169/2/1653 171/3/1653
f 170/1/1656 171/2/1656 172/3/1656
f 172/1/1885 171/2/1885 173/3/1885
f 172/1/1864 173/2/1864 174/3/1864
f 174/1/2212 173/2/2212 175/3/2212
f 174/1/2213 175/2/2213 176/3/2213
f 176/1/2484 175/2/2484 177/3/2484
f 176/1/2485 177/2/2485 178/3/2485
f 178/1/2652 177/2/2652 179/3/2652
f 178/1/2652 179/2/2652 180/3/2652
f 180/1/2809 179/2/2809 181/3/2809
f 180/1/2810 181/2/2810 182/3/2810
f 182/1/2811 181/2/2811 183/3/2811
f 182/1/2808 183/2/2808 184/3/2808
f 184/1/2650 183/2/2650 185/3/2650
f 184/1/2659 185/2/2659 186/3/2659
f 186/1/2487 185/2/2487 187/3/2487
f 186/1/2487 187/2/2487 188/3/2487
f 188/1/2215 187/2/2215 189/3/2215
f 188/1/2216 189/2/2216 190/3/2216
f 149/1/1469 147/2/1469 146/3/1469
f 146/1/1433 191/2/1433 189/3/1433
f 189/1/1469 187/2/1469 185/3/1469
f 185/1/1469 183/2/1469 181/3/1469
f 181/1/1416 179/2/1416 177/3/1416
f 177/1/1469 175/2/1469 173/3/1469
f 173/1/1469 171/2/1469 169/3/1469
f 169/1/1432 167/2/1432 165/3/1432
f 165/1/1469 163/2/1469 161/3/1469
f 161/1/1469 159/2/1469 157/3/1469
f 157/1/1417 155/2/1417 153/3/1417
f 153/1/1469 151/2/1469 149/3/1469
f 149/1/1505 146/2/1505 189/3/1505
f 189/1/1469 185/2/1469 181/3/1469
f 181/1/1428 177/2/1428 173/3/1428
f 173/1/1504 169/2/1504 165/3/1504
f 165/1/1469 161/2/1469 157/3/1469
f 157/1/1427 153/2/1427 149/3/1427
f 149/1/1503 189/2/1503 181/3/1503
f 181/1/1502 173/2/1502 165/3/1502
f 165/1/1500 157/2/1500 149/3/1500
f 181/1/1501 165/2/1501 149/3/1501
f 190/1/1871 189/2/1871 191/3/1871
f 190/1/1872 191/2/1872 192/3/1872
f 192/1/1654 191/2/1654 146/3/1654
f 192/1/1654 146/2/1654 145/3/1654
f 192/1/1431 145/2/1431 148/3/1431
f 148/1/1470 150/2/1470 152/3/1470
f 152/1/1470 154/2/1470 156/3/1470
f 156/1/1470 158/2/1470 160/3/1470
f 160/1/1470 162/2/1470 164/3/1470
f 164/1/1470 166/2/1470 168/3/1470
f 168/1/1470 170/2/1470 172/3/1470
f 172/1/1516 174/2/1516 176/3/1516
f 176/1/1470 178/2/1470 180/3/1470
f 180/1/1470 182/2/1470 184/3/1470
f 184/1/1470 186/2/1470 188/3/1470
f 188/1/1470 190/2/1470 192/3/1470
f 192/1/1430 148/2/1430 152/3/1430
f 152/1/1470 156/2/1470 160/3/1470
f 160/1/1470 164/2/1470 168/3/1470
f 168/1/1465 172/2/1465 176/3/1465
f 176/1/1470 180/2/1470 184/3/1470
f 184/1/1470 188/2/1470 192/3/1470
f 192/1/1438 152/2/1438 160/3/1438
f 160/1/1439 168/2/1439 176/3/1439
f 176/1/1470 184/2/1470 192/3/1470
f 160/1/1442 176/2/1442 192/3/1442
f 193/1/2118 194/2/2118 195/3/2118
f 193/1/2057 195/2/2057 196/3/2057
f 196/1/2936 195/2/2936 197/3/2936
f 196/1/2936 197/2/2936 198/3/2936
f 198/1/2056 197/2/2056 199/3/2056
f 198/1/2117 199/2/2117 200/3/2117
f 200/1/875 199/2/875 201/3/875
f 200/1/827 201/2/827 202/3/827
f 197/1/1470 195/2/1470 194/3/1470
f 194/1/1470 203/2/1470 201/3/1470
f 201/1/1470 199/2/1470 197/3/1470
f 194/1/1470 201/2/1470 197/3/1470
f 202/1/1 201/2/1 203/3/1
f 202/1/1 203/2/1 204/3/1
f 204/1/828 203/2/828 194/3/828
f 204/1/876 194/2/876 193/3/876
f 204/1/1469 193/2/1469 196/3/1469
f 196/1/1469 198/2/1469 200/3/1469
f 200/1/1469 202/2/1469 204/3/1469
f 196/1/1469 200/2/1469 204/3/1469
f 205/1/2059 206/2/2059 207/3/2059
f 205/1/2059 207/2/2059 208/3/2059
f 208/1/2936 207/2/2936 209/3/2936
f 208/1/2936 209/2/2936 210/3/2936
f 210/1/2051 209/2/2051 211/3/2051
f 210/1/2112 211/2/2112 212/3/2112
f 212/1/870 211/2/870 213/3/870
f 212/1/825 213/2/825 214/3/825
f 209/1/1470 207/2/1470 206/3/1470
f 206/1/1470 215/2/1470 213/3/1470
f 213/1/1470 211/2/1470 209/3/1470
f 206/1/1470 213/2/1470 209/3/1470
f 214/1/1 213/2/1 215/3/1
f 214/1/1 215/2/1 216/3/1
f 216/1/871 215/2/871 206/3/871
f 216/1/871 206/2/871 205/3/871
f 216/1/1469 205/2/1469 208/3/1469
f 208/1/1469 210/2/1469 212/3/1469
f 212/1/1469 214/2/1469 216/3/1469
f 208/1/1469 212/2/1469 216/3/1469
f 217/1/2114 218/2/2114 219/3/2114
f 217/1/2053 219/2/2053 220/3/2053
f 220/1/2936 219/2/2936 221/3/2936
f 220/1/2936 221/2/2936 222/3/2936
f 222/1/2113 221/2/2113 223/3/2113
f 222/1/2113 223/2/2113 224/3/2113
f 224/1/798 223/2/798 225/3/798
f 224/1/798 225/2/798 226/3/798
f 221/1/1470 219/2/1470 218/3/1470
f 218/1/1470 227/2/1470 225/3/1470
f 225/1/1470 223/2/1470 221/3/1470
f 218/1/1470 225/2/1470 221/3/1470
f 226/1/1 225/2/1 227/3/1
f 226/1/1 227/2/1 228/3/1
f 228/1/799 227/2/799 218/3/799
f 228/1/864 218/2/864 217/3/864
f 228/1/1469 217/2/1469 220/3/1469
f 220/1/1469 222/2/1469 224/3/1469
f 224/1/1469 226/2/1469 228/3/1469
f 220/1/1469 224/2/1469 228/3/1469
f 229/1/2059 230/2/2059 231/3/2059
f 229/1/2059 231/2/2059 232/3/2059
f 232/1/2936 231/2/2936 233/3/2936
f 232/1/2936 233/2/2936 234/3/2936
f 234/1/2058 233/2/2058 235/3/2058
f 234/1/2058 235/2/2058 236/3/2058
f 236/1/872 235/2/872 237/3/872
f 236/1/872 237/2/872 238/3/872
f 233/1/1470 231/2/1470 230/3/1470
f 230/1/1470 239/2/1470 237/3/1470
f 237/1/1470 235/2/1470 233/3/1470
f 230/1/1470 237/2/1470 233/3/1470
f 238/1/1 237/2/1 239/3/1
f 238/1/1 239/2/1 240/3/1
f 240/1/871 239/2/871 230/3/871
f 240/1/871 230/2/871 229/3/871
f 240/1/1469 229/2/1469 232/3/1469
f 232/1/1469 234/2/1469 236/3/1469
f 236/1/1469 238/2/1469 240/3/1469
f 232/1/1469 236/2/1469 240/3/1469
f 241/1/2115 242/2/2115 243/3/2115
f 241/1/2054 243/2/2054 244/3/2054
f 244/1/2936 243/2/2936 245/3/2936
f 244/1/2936 245/2/2936 246/3/2936
f 246/1/2116 245/2/2116 247/3/2116
f 246/1/2055 247/2/2055 248/3/2055
f 248/1/829 247/2/829 249/3/829
f 248/1/877 249/2/877 250/3/877
f 245/1/1470 243/2/1470 242/3/1470
f 242/1/1470 251/2/1470 249/3/1470
f 249/1/1470 247/2/1470 245/3/1470
f 242/1/1470 249/2/1470 245/3/1470
f 250/1/1 249/2/1 251/3/1
f 250/1/1 251/2/1 252/3/1
f 252/1/830 251/2/830 242/3/830
f 252/1/878 242/2/878 241/3/878
f 252/1/1469 241/2/1469 244/3/1469
f 244/1/1469 246/2/1469 248/3/1469
f 248/1/1469 250/2/1469 252/3/1469
f 244/1/1469 248/2/1469 252/3/1469
f 253/1/2059 254/2/2059 255/3/2059
f 253/1/2059 255/2/2059 256/3/2059
f 256/1/2936 255/2/2936 257/3/2936
f 256/1/2936 257/2/2936 258/3/2936
f 258/1/2058 257/2/2058 259/3/2058
f 258/1/2058 259/2/2058 260/3/2058
f 260/1/872 259/2/872 261/3/872
f 260/1/872 261/2/872 262/3/872
f 257/1/1470 255/2/1470 254/3/1470
f 254/1/1470 263/2/1470 261/3/1470
f 261/1/1470 259/2/1470 257/3/1470
f 254/1/1470 261/2/1470 257/3/1470
f 262/1/1 261/2/1 263/3/1
f 262/1/1 263/2/1 264/3/1
f 264/1/871 263/2/871 254/3/871
f 264/1/871 254/2/871 253/3/871
f 264/1/1469 253/2/1469 256/3/1469
f 256/1/1469 258/2/1469 260/3/1469
f 260/1/1469 262/2/1469 264/3/1469
f 256/1/1469 260/2/1469 264/3/1469
f 265/1/2144 266/2/2144 267/3/2144
f 265/1/2069 267/2/2069 268/3/2069
f 268/1/2936 267/2/2936 269/3/2936
f 268/1/2936 269/2/2936 270/3/2936
f 270/1/2143 269/2/2143 271/3/2143
f 270/1/2143 271/2/2143 272/3/2143
f 272/1/823 271/2/823 273/3/823
f 272/1/823 273/2/823 274/3/823
f 269/1/1470 267/2/1470 266/3/1470
f 266/1/1470 275/2/1470 273/3/1470
f 273/1/1470 271/2/1470 269/3/1470
f 266/1/1470 273/2/1470 269/3/1470
f 274/1/1 273/2/1 275/3/1
f 274/1/1 275/2/1 276/3/1
f 276/1/826 275/2/826 266/3/826
f 276/1/873 266/2/873 265/3/873
f 276/1/1469 265/2/1469 268/3/1469
f 268/1/1469 270/2/1469 272/3/1469
f 272/1/1469 274/2/1469 276/3/1469
f 268/1/1469 272/2/1469 276/3/1469
f 277/1/2059 278/2/2059 279/3/2059
f 277/1/2059 279/2/2059 280/3/2059
f 280/1/2936 279/2/2936 281/3/2936
f 280/1/2936 281/2/2936 282/3/2936
f 282/1/2052 281/2/2052 283/3/2052
f 282/1/2112 283/2/2112 284/3/2112
f 284/1/870 283/2/870 285/3/870
f 284/1/824 285/2/824 286/3/824
f 281/1/1470 279/2/1470 278/3/1470
f 278/1/1470 287/2/1470 285/3/1470
f 285/1/1470 283/2/1470 281/3/1470
f 278/1/1470 285/2/1470 281/3/1470
f 286/1/1 285/2/1 287/3/1
f 286/1/1 287/2/1 288/3/1
f 288/1/871 287/2/871 278/3/871
f 288/1/871 278/2/871 277/3/871
f 288/1/1469 277/2/1469 280/3/1469
f 280/1/1469 282/2/1469 284/3/1469
f 284/1/1469 286/2/1469 288/3/1469
f 280/1/1469 284/2/1469 288/3/1469
f 289/1/1663 290/2/1663 291/3/1663
f 289/1/1663 291/2/1663 292/3/1663
f 292/1/1878 291/2/1878 293/3/1878
f 292/1/1887 293/2/1887 294/3/1887
f 294/1/2207 293/2/2207 295/3/2207
f 294/1/2207 295/2/2207 296/3/2207
f 296/1/2492 295/2/2492 297/3/2492
f 296/1/2492 297/2/2492 298/3/2492
f 298/1/2658 297/2/2658 299/3/2658
f 298/1/2658 299/2/2658 300/3/2658
f 300/1/2803 299/2/2803 301/3/2803
f 300/1/2803 301/2/2803 302/3/2803
f 302/1/2804 301/2/2804 303/3/2804
f 302/1/2804 303/2/2804 304/3/2804
f 304/1/2657 303/2/2657 305/3/2657
f 304/1/2657 305/2/2657 306/3/2657
f 306/1/2491 305/2/2491 307/3/2491
f 306/1/2491 307/2/2491 308/3/2491
f 308/1/2214 307/2/2214 309/3/2214
f 308/1/2206 309/2/2206 310/3/2206
f 310/1/1879 309/2/1879 311/3/1879
f 310/1/1888 311/2/1888 312/3/1888
f 312/1/1664 311/2/1664 313/3/1664
f 312/1/1664 313/2/1664 314/3/1664
f 314/1/1272 313/2/1272 315/3/1272
f 314/1/1272 315/2/1272 316/3/1272
f 316/1/1054 315/2/1054 317/3/1054
f 316/1/1046 317/2/1046 318/3/1046
f 318/1/727 317/2/727 319/3/727
f 318/1/733 319/2/733 320/3/733
f 320/1/448 319/2/448 321/3/448
f 320/1/448 321/2/448 322/3/448
f 322/1/279 321/2/279 323/3/279
f 322/1/279 323/2/279 324/3/279
f 324/1/130 323/2/130 325/3/130
f 324/1/130 325/2/130 326/3/130
f 326/1/131 325/2/131 327/3/131
f 326/1/131 327/2/131 328/3/131
f 328/1/278 327/2/278 329/3/278
f 328/1/278 329/2/278 330/3/278
f 330/1/447 329/2/447 331/3/447
f 330/1/447 331/2/447 332/3/447
f 332/1/734 331/2/734 333/3/734
f 332/1/734 333/2/734 334/3/734
f 293/1/1470 291/2/1470 290/3/1470
f 290/1/1470 335/2/1470 333/3/1470
f 333/1/1470 331/2/1470 329/3/1470
f 329/1/1470 327/2/1470 325/3/1470
f 325/1/1470 323/2/1470 321/3/1470
f 321/1/1470 319/2/1470 317/3/1470
f 317/1/1470 315/2/1470 313/3/1470
f 313/1/1470 311/2/1470 309/3/1470
f 309/1/1470 307/2/1470 305/3/1470
f 305/1/1470 303/2/1470 301/3/1470
f 301/1/1470 299/2/1470 297/3/1470
f 297/1/1470 295/2/1470 293/3/1470
f 293/1/1470 290/2/1470 333/3/1470
f 333/1/1470 329/2/1470 325/3/1470
f 325/1/1470 321/2/1470 317/3/1470
f 317/1/1470 313/2/1470 309/3/1470
f 309/1/1470 305/2/1470 301/3/1470
f 301/1/1470 297/2/1470 293/3/1470
f 293/1/1470 333/2/1470 325/3/1470
f 325/1/1470 317/2/1470 309/3/1470
f 309/1/1470 301/2/1470 293/3/1470
f 325/1/1450 309/2/1450 293/3/1450
f 334/1/1055 333/2/1055 335/3/1055
f 334/1/1047 335/2/1047 336/3/1047
f 336/1/1273 335/2/1273 290/3/1273
f 336/1/1273 290/2/1273 289/3/1273
f 336/1/1469 289/2/1469 292/3/1469
f 292/1/1469 294/2/1469 296/3/1469
f 296/1/1469 298/2/1469 300/3/1469
f 300/1/1469 302/2/1469 304/3/1469
f 304/1/1469 306/2/1469 308/3/1469
f 308/1/1469 310/2/1469 312/3/1469
f 312/1/1469 314/2/1469 316/3/1469
f 316/1/1469 318/2/1469 320/3/1469
f 320/1/1469 322/2/1469 324/3/1469
f 324/1/1469 326/2/1469 328/3/1469
f 328/1/1469 330/2/1469 332/3/1469
f 332/1/1469 334/2/1469 336/3/1469
f 336/1/1469 292/2/1469 296/3/1469
f 296/1/1469 300/2/1469 304/3/1469
f 304/1/1469 308/2/1469 312/3/1469
f 312/1/1469 316/2/1469 320/3/1469
f 320/1/1469 324/2/1469 328/3/1469
f 328/1/1469 332/2/1469 336/3/1469
f 336/1/1469 296/2/1469 304/3/1469
f 304/1/1469 312/2/1469 320/3/1469
f 320/1/1469 328/2/1469 336/3/1469
f 304/1/1469 320/2/1469 336/3/1469
f 337/1/1 338/2/1 339/3/1
f 337/1/1 339/2/1 340/3/1
f 340/1/1469 339/2/1469 341/3/1469
f 340/1/1469 341/2/1469 342/3/1469
f 342/1/2936 341/2/2936 343/3/2936
f 342/1/2936 343/2/2936 344/3/2936
f 344/1/1470 343/2/1470 338/3/1470
f 344/1/1470 338/2/1470 337/3/1470
f 340/1/1453 342/2/1453 344/3/1453
f 340/1/1453 344/2/1453 337/3/1453
f 341/1/1481 339/2/1481 338/3/1481
f 341/1/1481 338/2/1481 343/3/1481
f 345/1/1 346/2/1 347/3/1
f 345/1/1 347/2/1 348/3/1
f 348/1/1469 347/2/1469 349/3/1469
f 348/1/1469 349/2/1469 350/3/1469
f 350/1/2936 349/2/2936 351/3/2936
f 350/1/2936 351/2/2936 352/3/2936
f 352/1/1470 351/2/1470 346/3/1470
f 352/1/1470 346/2/1470 345/3/1470
f 348/1/1453 350/2/1453 352/3/1453
f 348/1/1453 352/2/1453 345/3/1453
f 349/1/1481 347/2/1481 346/3/1481
f 349/1/1481 346/2/1481 351/3/1481
f 353/1/1315 354/2/1315 355/3/1315
f 353/1/1315 355/2/1315 356/3/1315
f 356/1/1121 355/2/1121 357/3/1121
f 356/1/1121 357/2/1121 358/3/1121
f 358/1/954 357/2/954 359/3/954
f 358/1/954 359/2/954 360/3/954
f 360/1/639 359/2/639 361/3/639
f 360/1/639 361/2/639 362/3/639
f 362/1/482 361/2/482 363/3/482
f 362/1/482 363/2/482 364/3/482
f 364/1/308 363/2/308 365/3/308
f 364/1/308 365/2/308 366/3/308
f 366/1/189 365/2/189 367/3/189
f 366/1/189 367/2/189 368/3/189
f 368/1/33 367/2/33 369/3/33
f 368/1/33 369/2/33 370/3/33
f 370/1/37 369/2/37 371/3/37
f 370/1/37 371/2/37 372/3/37
f 372/1/163 371/2/163 373/3/163
f 372/1/163 373/2/163 374/3/163
f 374/1/331 373/2/331 375/3/331
f 374/1/331 375/2/331 376/3/331
f 376/1/469 375/2/469 377/3/469
f 376/1/469 377/2/469 378/3/469
f 378/1/622 377/2/622 379/3/622
f 378/1/622 379/2/622 380/3/622
f 380/1/943 379/2/943 381/3/943
f 380/1/943 381/2/943 382/3/943
f 382/1/1104 381/2/1104 383/3/1104
f 382/1/1104 383/2/1104 384/3/1104
f 384/1/1310 383/2/1310 385/3/1310
f 384/1/1310 385/2/1310 386/3/1310
f 386/1/1626 385/2/1626 387/3/1626
f 386/1/1626 387/2/1626 388/3/1626
f 388/1/1807 387/2/1807 389/3/1807
f 388/1/1807 389/2/1807 390/3/1807
f 390/1/1998 389/2/1998 391/3/1998
f 390/1/1998 391/2/1998 392/3/1998
f 392/1/2309 391/2/2309 393/3/2309
f 392/1/2309 393/2/2309 394/3/2309
f 394/1/2449 393/2/2449 395/3/2449
f 394/1/2449 395/2/2449 396/3/2449
f 396/1/2615 395/2/2615 397/3/2615
f 396/1/2615 397/2/2615 398/3/2615
f 398/1/2751 397/2/2751 399/3/2751
f 398/1/2751 399/2/2751 400/3/2751
f 400/1/2904 399/2/2904 401/3/2904
f 400/1/2904 401/2/2904 402/3/2904
f 402/1/2903 401/2/2903 403/3/2903
f 402/1/2903 403/2/2903 404/3/2903
f 404/1/2761 403/2/2761 405/3/2761
f 404/1/2761 405/2/2761 406/3/2761
f 406/1/2636 405/2/2636 407/3/2636
f 406/1/2636 407/2/2636 408/3/2636
f 408/1/2456 407/2/2456 409/3/2456
f 408/1/2456 409/2/2456 410/3/2456
f 410/1/2316 409/2/2316 411/3/2316
f 410/1/2316 411/2/2316 412/3/2316
f 412/1/1999 411/2/1999 413/3/1999
f 412/1/1999 413/2/1999 414/3/1999
f 357/1/1481 355/2/1481 354/3/1481
f 354/1/1481 415/2/1481 413/3/1481
f 413/1/1481 411/2/1481 409/3/1481
f 409/1/1481 407/2/1481 405/3/1481
f 405/1/1481 403/2/1481 401/3/1481
f 401/1/1481 399/2/1481 397/3/1481
f 397/1/1481 395/2/1481 393/3/1481
f 393/1/1481 391/2/1481 389/3/1481
f 389/1/1481 387/2/1481 385/3/1481
f 385/1/1481 383/2/1481 381/3/1481
f 381/1/1481 379/2/1481 377/3/1481
f 377/1/1481 375/2/1481 373/3/1481
f 373/1/1481 371/2/1481 369/3/1481
f 369/1/1481 367/2/1481 365/3/1481
f 365/1/1481 363/2/1481 361/3/1481
f 361/1/1481 359/2/1481 357/3/1481
f 357/1/1481 354/2/1481 413/3/1481
f 413/1/1481 409/2/1481 405/3/1481
f 405/1/1481 401/2/1481 397/3/1481
f 397/1/1481 393/2/1481 389/3/1481
f 389/1/1481 385/2/1481 381/3/1481
f 381/1/1481 377/2/1481 373/3/1481
f 373/1/1481 369/2/1481 365/3/1481
f 365/1/1481 361/2/1481 357/3/1481
f 357/1/1481 413/2/1481 405/3/1481
f 405/1/1481 397/2/1481 389/3/1481
f 389/1/1481 381/2/1481 373/3/1481
f 373/1/1481 365/2/1481 357/3/1481
f 357/1/1481 405/2/1481 389/3/1481
f 389/1/1481 373/2/1481 357/3/1481
f 414/1/1832 413/2/1832 415/3/1832
f 414/1/1832 415/2/1832 416/3/1832
f 416/1/1613 415/2/1613 354/3/1613
f 416/1/1613 354/2/1613 353/3/1613
f 416/1/1453 353/2/1453 356/3/1453
f 356/1/1453 358/2/1453 360/3/1453
f 360/1/1453 362/2/1453 364/3/1453
f 364/1/1453 366/2/1453 368/3/1453
f 368/1/1453 370/2/1453 372/3/1453
f 372/1/1453 374/2/1453 376/3/1453
f 376/1/1453 378/2/1453 380/3/1453
f 380/1/1453 382/2/1453 384/3/1453
f 384/1/1453 386/2/1453 388/3/1453
f 388/1/1453 390/2/1453 392/3/1453
f 392/1/1453 394/2/1453 396/3/1453
f 396/1/1453 398/2/1453 400/3/1453
f 400/1/1453 402/2/1453 404/3/1453
f 404/1/1453 406/2/1453 408/3/1453
f 408/1/1453 410/2/1453 412/3/1453
f 412/1/1453 414/2/1453 416/3/1453
f 416/1/1453 356/2/1453 360/3/1453
f 360/1/1453 364/2/1453 368/3/1453
f 368/1/1453 372/2/1453 376/3/1453
f 376/1/1453 380/2/1453 384/3/1453
f 384/1/1453 388/2/1453 392/3/1453
f 392/1/1453 396/2/1453 400/3/1453
f 400/1/1453 404/2/1453 408/3/1453
f 408/1/1453 412/2/1453 416/3/1453
f 416/1/1453 360/2/1453 368/3/1453
f 368/1/1453 376/2/1453 384/3/1453
f 384/1/1453 392/2/1453 400/3/1453
f 400/1/1453 408/2/1453 416/3/1453
f 416/1/1453 368/2/1453 384/3/1453
f 384/1/1453 400/2/1453 416/3/1453
f 417/1/1325 418/2/1325 419/3/1325
f 417/1/1325 419/2/1325 420/3/1325
f 420/1/1096 419/2/1096 421/3/1096
f 420/1/1096 421/2/1096 422/3/1096
f 422/1/946 421/2/946 423/3/946
f 422/1/946 423/2/946 424/3/946
f 424/1/643 423/2/643 425/3/643
f 424/1/643 425/2/643 426/3/643
f 426/1/480 425/2/480 427/3/480
f 426/1/480 427/2/480 428/3/480
f 428/1/327 427/2/327 429/3/327
f 428/1/327 429/2/327 430/3/327
f 430/1/195 429/2/195 431/3/195
f 430/1/195 431/2/195 432/3/195
f 432/1/18 431/2/18 433/3/18
f 432/1/18 433/2/18 434/3/18
f 434/1/22 433/2/22 435/3/22
f 434/1/22 435/2/22 436/3/22
f 436/1/169 435/2/169 437/3/169
f 436/1/169 437/2/169 438/3/169
f 438/1/323 437/2/323 439/3/323
f 438/1/323 439/2/323 440/3/323
f 440/1/473 439/2/473 441/3/473
f 440/1/473 441/2/473 442/3/473
f 442/1/629 441/2/629 443/3/629
f 442/1/629 443/2/629 444/3/629
f 444/1/936 443/2/936 445/3/936
f 444/1/936 445/2/936 446/3/936
f 446/1/1097 445/2/1097 447/3/1097
f 446/1/1097 447/2/1097 448/3/1097
f 448/1/1319 447/2/1319 449/3/1319
f 448/1/1319 449/2/1319 450/3/1319
f 450/1/1614 449/2/1614 451/3/1614
f 450/1/1614 451/2/1614 452/3/1614
f 452/1/1814 451/2/1814 453/3/1814
f 452/1/1814 453/2/1814 454/3/1814
f 454/1/1995 453/2/1995 455/3/1995
f 454/1/1995 455/2/1995 456/3/1995
f 456/1/2295 455/2/2295 457/3/2295
f 456/1/2295 457/2/2295 458/3/2295
f 458/1/2463 457/2/2463 459/3/2463
f 458/1/2463 459/2/2463 460/3/2463
f 460/1/2613 459/2/2613 461/3/2613
f 460/1/2613 461/2/2613 462/3/2613
f 462/1/2766 461/2/2766 463/3/2766
f 462/1/2766 463/2/2766 464/3/2766
f 464/1/2896 463/2/2896 465/3/2896
f 464/1/2896 465/2/2896 466/3/2896
f 466/1/2909 465/2/2909 467/3/2909
f 466/1/2909 467/2/2909 468/3/2909
f 468/1/2741 467/2/2741 469/3/2741
f 468/1/2741 469/2/2741 470/3/2741
f 470/1/2629 469/2/2629 471/3/2629
f 470/1/2629 471/2/2629 472/3/2629
f 472/1/2473 471/2/2473 473/3/2473
f 472/1/2473 473/2/2473 474/3/2473
f 474/1/2300 473/2/2300 475/3/2300
f 474/1/2300 475/2/2300 476/3/2300
f 476/1/2009 475/2/2009 477/3/2009
f 476/1/2009 477/2/2009 478/3/2009
f 421/1/1481 419/2/1481 418/3/1481
f 418/1/1481 479/2/1481 477/3/1481
f 477/1/1481 475/2/1481 473/3/1481
f 473/1/1481 471/2/1481 469/3/1481
f 469/1/1481 467/2/1481 465/3/1481
f 465/1/1481 463/2/1481 461/3/1481
f 461/1/1481 459/2/1481 457/3/1481
f 457/1/1481 455/2/1481 453/3/1481
f 453/1/1481 451/2/1481 449/3/1481
f 449/1/1481 447/2/1481 445/3/1481
f 445/1/1481 443/2/1481 441/3/1481
f 441/1/1481 439/2/1481 437/3/1481
f 437/1/1481 435/2/1481 433/3/1481
f 433/1/1481 431/2/1481 429/3/1481
f 429/1/1481 427/2/1481 425/3/1481
f 425/1/1481 423/2/1481 421/3/1481
f 421/1/1481 418/2/1481 477/3/1481
f 477/1/1481 473/2/1481 469/3/1481
f 469/1/1481 465/2/1481 461/3/1481
f 461/1/1481 457/2/1481 453/3/1481
f 453/1/1481 449/2/1481 445/3/1481
f 445/1/1481 441/2/1481 437/3/1481
f 437/1/1481 433/2/1481 429/3/1481
f 429/1/1481 425/2/1481 421/3/1481
f 421/1/1481 477/2/1481 469/3/1481
f 469/1/1481 461/2/1481 453/3/1481
f 453/1/1481 445/2/1481 437/3/1481
f 437/1/1481 429/2/1481 421/3/1481
f 421/1/1481 469/2/1481 453/3/1481
f 453/1/1481 437/2/1481 421/3/1481
f 478/1/1812 477/2/1812 479/3/1812
f 478/1/1812 479/2/1812 480/3/1812
f 480/1/1632 479/2/1632 418/3/1632
f 480/1/1632 418/2/1632 417/3/1632
f 480/1/1453 417/2/1453 420/3/1453
f 420/1/1453 422/2/1453 424/3/1453
f 424/1/1453 426/2/1453 428/3/1453
f 428/1/1453 430/2/1453 432/3/1453
f 432/1/1453 434/2/1453 436/3/1453
f 436/1/1453 438/2/1453 440/3/1453
f 440/1/1453 442/2/1453 444/3/1453
f 444/1/1453 446/2/1453 448/3/1453
f 448/1/1453 450/2/1453 452/3/1453
f 452/1/1453 454/2/1453 456/3/1453
f 456/1/1453 458/2/1453 460/3/1453
f 460/1/1453 462/2/1453 464/3/1453
f 464/1/1453 466/2/1453 468/3/1453
f 468/1/1453 470/2/1453 472/3/1453
f 472/1/1453 474/2/1453 476/3/1453
f 476/1/1453 478/2/1453 480/3/1453
f 480/1/1453 420/2/1453 424/3/1453
f 424/1/1453 428/2/1453 432/3/1453
f 432/1/1453 436/2/1453 440/3/1453
f 440/1/1453 444/2/1453 448/3/1453
f 448/1/1453 452/2/1453 456/3/1453
f 456/1/1453 460/2/1453 464/3/1453
f 464/1/1453 468/2/1453 472/3/1453
f 472/1/1453 476/2/1453 480/3/1453
f 480/1/1453 424/2/1453 432/3/1453
f 432/1/1453 440/2/1453 448/3/1453
f 448/1/1453 456/2/1453 464/3/1453
f 464/1/1453 472/2/1453 480/3/1453
f 480/1/1453 432/2/1453 448/3/1453
f 448/1/1453 464/2/1453 480/3/1453
f 481/1/1325 482/2/1325 483/3/1325
f 481/1/1325 483/2/1325 484/3/1325
f 484/1/1096 483/2/1096 485/3/1096
f 484/1/1096 485/2/1096 486/3/1096
f 486/1/945 485/2/945 487/3/945
f 486/1/945 487/2/945 488/3/945
f 488/1/642 487/2/642 489/3/642
f 488/1/642 489/2/642 490/3/642
f 490/1/481 489/2/481 491/3/481
f 490/1/481 491/2/481 492/3/481
f 492/1/327 491/2/327 493/3/327
f 492/1/327 493/2/327 494/3/327
f 494/1/194 493/2/194 495/3/194
f 494/1/194 495/2/194 496/3/194
f 496/1/21 495/2/21 497/3/21
f 496/1/21 497/2/21 498/3/21
f 498/1/24 497/2/24 499/3/24
f 498/1/24 499/2/24 500/3/24
f 500/1/168 499/2/168 501/3/168
f 500/1/168 501/2/168 502/3/168
f 502/1/325 501/2/325 503/3/325
f 502/1/325 503/2/325 504/3/325
f 504/1/472 503/2/472 505/3/472
f 504/1/472 505/2/472 506/3/472
f 506/1/629 505/2/629 507/3/629
f 506/1/629 507/2/629 508/3/629
f 508/1/935 507/2/935 509/3/935
f 508/1/935 509/2/935 510/3/935
f 510/1/1099 509/2/1099 511/3/1099
f 510/1/1099 511/2/1099 512/3/1099
f 512/1/1316 511/2/1316 513/3/1316
f 512/1/1316 513/2/1316 514/3/1316
f 514/1/1617 513/2/1617 515/3/1617
f 514/1/1617 515/2/1617 516/3/1617
f 516/1/1813 515/2/1813 517/3/1813
f 516/1/1813 517/2/1813 518/3/1813
f 518/1/1995 517/2/1995 519/3/1995
f 518/1/1995 519/2/1995 520/3/1995
f 520/1/2295 519/2/2295 521/3/2295
f 520/1/2295 521/2/2295 522/3/2295
f 522/1/2463 521/2/2463 523/3/2463
f 522/1/2463 523/2/2463 524/3/2463
f 524/1/2612 523/2/2612 525/3/2612
f 524/1/2612 525/2/2612 526/3/2612
f 526/1/2766 525/2/2766 527/3/2766
f 526/1/2766 527/2/2766 528/3/2766
f 528/1/2896 527/2/2896 529/3/2896
f 528/1/2896 529/2/2896 530/3/2896
f 530/1/2909 529/2/2909 531/3/2909
f 530/1/2909 531/2/2909 532/3/2909
f 532/1/2740 531/2/2740 533/3/2740
f 532/1/2740 533/2/2740 534/3/2740
f 534/1/2629 533/2/2629 535/3/2629
f 534/1/2629 535/2/2629 536/3/2629
f 536/1/2472 535/2/2472 537/3/2472
f 536/1/2472 537/2/2472 538/3/2472
f 538/1/2301 537/2/2301 539/3/2301
f 538/1/2301 539/2/2301 540/3/2301
f 540/1/2009 539/2/2009 541/3/2009
f 540/1/2009 541/2/2009 542/3/2009
f 485/1/1481 483/2/1481 482/3/1481
f 482/1/1481 543/2/1481 541/3/1481
f 541/1/1481 539/2/1481 537/3/1481
f 537/1/1481 535/2/1481 533/3/1481
f 533/1/1481 531/2/1481 529/3/1481
f 529/1/1481 527/2/1481 525/3/1481
f 525/1/1481 523/2/1481 521/3/1481
f 521/1/1481 519/2/1481 517/3/1481
f 517/1/1481 515/2/1481 513/3/1481
f 513/1/1481 511/2/1481 509/3/1481
f 509/1/1481 507/2/1481 505/3/1481
f 505/1/1481 503/2/1481 501/3/1481
f 501/1/1481 499/2/1481 497/3/1481
f 497/1/1481 495/2/1481 493/3/1481
f 493/1/1481 491/2/1481 489/3/1481
f 489/1/1481 487/2/1481 485/3/1481
f 485/1/1481 482/2/1481 541/3/1481
f 541/1/1481 537/2/1481 533/3/1481
f 533/1/1481 529/2/1481 525/3/1481
f 525/1/1481 521/2/1481 517/3/1481
f 517/1/1481 513/2/1481 509/3/1481
f 509/1/1481 505/2/1481 501/3/1481
f 501/1/1481 497/2/1481 493/3/1481
f 493/1/1481 489/2/1481 485/3/1481
f 485/1/1481 541/2/1481 533/3/1481
f 533/1/1481 525/2/1481 517/3/1481
f 517/1/1481 509/2/1481 501/3/1481
f 501/1/1481 493/2/1481 485/3/1481
f 485/1/1481 533/2/1481 517/3/1481
f 517/1/1481 501/2/1481 485/3/1481
f 542/1/1815 541/2/1815 543/3/1815
f 542/1/1815 543/2/1815 544/3/1815
f 544/1/1632 543/2/1632 482/3/1632
f 544/1/1632 482/2/1632 481/3/1632
f 544/1/1453 481/2/1453 484/3/1453
f 484/1/1453 486/2/1453 488/3/1453
f 488/1/1453 490/2/1453 492/3/1453
f 492/1/1453 494/2/1453 496/3/1453
f 496/1/1453 498/2/1453 500/3/1453
f 500/1/1453 502/2/1453 504/3/1453
f 504/1/1453 506/2/1453 508/3/1453
f 508/1/1453 510/2/1453 512/3/1453
f 512/1/1453 514/2/1453 516/3/1453
f 516/1/1453 518/2/1453 520/3/1453
f 520/1/1453 522/2/1453 524/3/1453
f 524/1/1453 526/2/1453 528/3/1453
f 528/1/1453 530/2/1453 532/3/1453
f 532/1/1453 534/2/1453 536/3/1453
f 536/1/1453 538/2/1453 540/3/1453
f 540/1/1453 542/2/1453 544/3/1453
f 544/1/1453 484/2/1453 488/3/1453
f 488/1/1453 492/2/1453 496/3/1453
f 496/1/1453 500/2/1453 504/3/1453
f 504/1/1453 508/2/1453 512/3/1453
f 512/1/1453 516/2/1453 520/3/1453
f 520/1/1453 524/2/1453 528/3/1453
f 528/1/1453 532/2/1453 536/3/1453
f 536/1/1453 540/2/1453 544/3/1453
f 544/1/1453 488/2/1453 496/3/1453
f 496/1/1453 504/2/1453 512/3/1453
f 512/1/1453 520/2/1453 528/3/1453
f 528/1/1453 536/2/1453 544/3/1453
f 544/1/1453 496/2/1453 512/3/1453
f 512/1/1453 528/2/1453 544/3/1453
f 545/1/1325 546/2/1325 547/3/1325
f 545/1/1325 547/2/1325 548/3/1325
f 548/1/1096 547/2/1096 549/3/1096
f 548/1/1096 549/2/1096 550/3/1096
f 550/1/946 549/2/946 551/3/946
f 550/1/946 551/2/946 552/3/946
f 552/1/641 551/2/641 553/3/641
f 552/1/641 553/2/641 554/3/641
f 554/1/481 553/2/481 555/3/481
f 554/1/481 555/2/481 556/3/481
f 556/1/328 555/2/328 557/3/328
f 556/1/328 557/2/328 558/3/328
f 558/1/193 557/2/193 559/3/193
f 558/1/193 559/2/193 560/3/193
f 560/1/19 559/2/19 561/3/19
f 560/1/19 561/2/19 562/3/19
f 562/1/23 561/2/23 563/3/23
f 562/1/23 563/2/23 564/3/23
f 564/1/169 563/2/169 565/3/169
f 564/1/169 565/2/169 566/3/169
f 566/1/323 565/2/323 567/3/323
f 566/1/323 567/2/323 568/3/323
f 568/1/474 567/2/474 569/3/474
f 568/1/474 569/2/474 570/3/474
f 570/1/627 569/2/627 571/3/627
f 570/1/627 571/2/627 572/3/627
f 572/1/934 571/2/934 573/3/934
f 572/1/934 573/2/934 574/3/934
f 574/1/1100 573/2/1100 575/3/1100
f 574/1/1100 575/2/1100 576/3/1100
f 576/1/1317 575/2/1317 577/3/1317
f 576/1/1317 577/2/1317 578/3/1317
f 578/1/1615 577/2/1615 579/3/1615
f 578/1/1615 579/2/1615 580/3/1615
f 580/1/1814 579/2/1814 581/3/1814
f 580/1/1814 581/2/1814 582/3/1814
f 582/1/1995 581/2/1995 583/3/1995
f 582/1/1995 583/2/1995 584/3/1995
f 584/1/2296 583/2/2296 585/3/2296
f 584/1/2296 585/2/2296 586/3/2296
f 586/1/2462 585/2/2462 587/3/2462
f 586/1/2462 587/2/2462 588/3/2462
f 588/1/2612 587/2/2612 589/3/2612
f 588/1/2612 589/2/2612 590/3/2612
f 590/1/2767 589/2/2767 591/3/2767
f 590/1/2767 591/2/2767 592/3/2767
f 592/1/2896 591/2/2896 593/3/2896
f 592/1/2896 593/2/2896 594/3/2896
f 594/1/2909 593/2/2909 595/3/2909
f 594/1/2909 595/2/2909 596/3/2909
f 596/1/2741 595/2/2741 597/3/2741
f 596/1/2741 597/2/2741 598/3/2741
f 598/1/2629 597/2/2629 599/3/2629
f 598/1/2629 599/2/2629 600/3/2629
f 600/1/2472 599/2/2472 601/3/2472
f 600/1/2472 601/2/2472 602/3/2472
f 602/1/2301 601/2/2301 603/3/2301
f 602/1/2301 603/2/2301 604/3/2301
f 604/1/2009 603/2/2009 605/3/2009
f 604/1/2009 605/2/2009 606/3/2009
f 549/1/1481 547/2/1481 546/3/1481
f 546/1/1481 607/2/1481 605/3/1481
f 605/1/1481 603/2/1481 601/3/1481
f 601/1/1481 599/2/1481 597/3/1481
f 597/1/1481 595/2/1481 593/3/1481
f 593/1/1481 591/2/1481 589/3/1481
f 589/1/1481 587/2/1481 585/3/1481
f 585/1/1481 583/2/1481 581/3/1481
f 581/1/1481 579/2/1481 577/3/1481
f 577/1/1481 575/2/1481 573/3/1481
f 573/1/1481 571/2/1481 569/3/1481
f 569/1/1481 567/2/1481 565/3/1481
f 565/1/1481 563/2/1481 561/3/1481
f 561/1/1481 559/2/1481 557/3/1481
f 557/1/1481 555/2/1481 553/3/1481
f 553/1/1481 551/2/1481 549/3/1481
f 549/1/1481 546/2/1481 605/3/1481
f 605/1/1481 601/2/1481 597/3/1481
f 597/1/1481 593/2/1481 589/3/1481
f 589/1/1481 585/2/1481 581/3/1481
f 581/1/1481 577/2/1481 573/3/1481
f 573/1/1481 569/2/1481 565/3/1481
f 565/1/1481 561/2/1481 557/3/1481
f 557/1/1481 553/2/1481 549/3/1481
f 549/1/1481 605/2/1481 597/3/1481
f 597/1/1481 589/2/1481 581/3/1481
f 581/1/1481 573/2/1481 565/3/1481
f 565/1/1481 557/2/1481 549/3/1481
f 549/1/1481 597/2/1481 581/3/1481
f 581/1/1483 565/2/1483 549/3/1483
f 606/1/1812 605/2/1812 607/3/1812
f 606/1/1812 607/2/1812 608/3/1812
f 608/1/1632 607/2/1632 546/3/1632
f 608/1/1632 546/2/1632 545/3/1632
f 608/1/1453 545/2/1453 548/3/1453
f 548/1/1453 550/2/1453 552/3/1453
f 552/1/1453 554/2/1453 556/3/1453
f 556/1/1453 558/2/1453 560/3/1453
f 560/1/1453 562/2/1453 564/3/1453
f 564/1/1453 566/2/1453 568/3/1453
f 568/1/1453 570/2/1453 572/3/1453
f 572/1/1453 574/2/1453 576/3/1453
f 576/1/1453 578/2/1453 580/3/1453
f 580/1/1453 582/2/1453 584/3/1453
f 584/1/1453 586/2/1453 588/3/1453
f 588/1/1453 590/2/1453 592/3/1453
f 592/1/1453 594/2/1453 596/3/1453
f 596/1/1453 598/2/1453 600/3/1453
f 600/1/1453 602/2/1453 604/3/1453
f 604/1/1453 606/2/1453 608/3/1453
f 608/1/1453 548/2/1453 552/3/1453
f 552/1/1453 556/2/1453 560/3/1453
f 560/1/1453 564/2/1453 568/3/1453
f 568/1/1453 572/2/1453 576/3/1453
f 576/1/1453 580/2/1453 584/3/1453
f 584/1/1453 588/2/1453 592/3/1453
f 592/1/1453 596/2/1453 600/3/1453
f 600/1/1453 604/2/1453 608/3/1453
f 608/1/1453 552/2/1453 560/3/1453
f 560/1/1453 568/2/1453 576/3/1453
f 576/1/1453 584/2/1453 592/3/1453
f 592/1/1453 600/2/1453 608/3/1453
f 608/1/1453 560/2/1453 576/3/1453
f 576/1/1453 592/2/1453 608/3/1453
f 609/1/1323 610/2/1323 611/3/1323
f 609/1/1323 611/2/1323 612/3/1323
f 612/1/1096 611/2/1096 613/3/1096
f 612/1/1096 613/2/1096 614/3/1096
f 614/1/946 613/2/946 615/3/946
f 614/1/946 615/2/946 616/3/946
f 616/1/643 615/2/643 617/3/643
f 616/1/643 617/2/643 618/3/643
f 618/1/479 617/2/479 619/3/479
f 618/1/479 619/2/479 620/3/479
f 620/1/328 619/2/328 621/3/328
f 620/1/328 621/2/328 622/3/328
f 622/1/192 621/2/192 623/3/192
f 622/1/192 623/2/192 624/3/192
f 624/1/19 623/2/19 625/3/19
f 624/1/19 625/2/19 626/3/19
f 626/1/23 625/2/23 627/3/23
f 626/1/23 627/2/23 628/3/23
f 628/1/168 627/2/168 629/3/168
f 628/1/168 629/2/168 630/3/168
f 630/1/322 629/2/322 631/3/322
f 630/1/322 631/2/322 632/3/322
f 632/1/474 631/2/474 633/3/474
f 632/1/474 633/2/474 634/3/474
f 634/1/630 633/2/630 635/3/630
f 634/1/630 635/2/630 636/3/630
f 636/1/934 635/2/934 637/3/934
f 636/1/934 637/2/934 638/3/934
f 638/1/1101 637/2/1101 639/3/1101
f 638/1/1101 639/2/1101 640/3/1101
f 640/1/1318 639/2/1318 641/3/1318
f 640/1/1318 641/2/1318 642/3/1318
f 642/1/1616 641/2/1616 643/3/1616
f 642/1/1616 643/2/1616 644/3/1616
f 644/1/1811 643/2/1811 645/3/1811
f 644/1/1811 645/2/1811 646/3/1811
f 646/1/1996 645/2/1996 647/3/1996
f 646/1/1996 647/2/1996 648/3/1996
f 648/1/2296 647/2/2296 649/3/2296
f 648/1/2296 649/2/2296 650/3/2296
f 650/1/2463 649/2/2463 651/3/2463
f 650/1/2463 651/2/2463 652/3/2463
f 652/1/2612 651/2/2612 653/3/2612
f 652/1/2612 653/2/2612 654/3/2612
f 654/1/2766 653/2/2766 655/3/2766
f 654/1/2766 655/2/2766 656/3/2766
f 656/1/2895 655/2/2895 657/3/2895
f 656/1/2895 657/2/2895 658/3/2895
f 658/1/2908 657/2/2908 659/3/2908
f 658/1/2908 659/2/2908 660/3/2908
f 660/1/2742 659/2/2742 661/3/2742
f 660/1/2742 661/2/2742 662/3/2742
f 662/1/2628 661/2/2628 663/3/2628
f 662/1/2628 663/2/2628 664/3/2628
f 664/1/2473 663/2/2473 665/3/2473
f 664/1/2473 665/2/2473 666/3/2473
f 666/1/2300 665/2/2300 667/3/2300
f 666/1/2300 667/2/2300 668/3/2300
f 668/1/2009 667/2/2009 669/3/2009
f 668/1/2009 669/2/2009 670/3/2009
f 613/1/1481 611/2/1481 610/3/1481
f 610/1/1481 671/2/1481 669/3/1481
f 669/1/1481 667/2/1481 665/3/1481
f 665/1/1481 663/2/1481 661/3/1481
f 661/1/1481 659/2/1481 657/3/1481
f 657/1/1481 655/2/1481 653/3/1481
f 653/1/1481 651/2/1481 649/3/1481
f 649/1/1481 647/2/1481 645/3/1481
f 645/1/1481 643/2/1481 641/3/1481
f 641/1/1481 639/2/1481 637/3/1481
f 637/1/1481 635/2/1481 633/3/1481
f 633/1/1481 631/2/1481 629/3/1481
f 629/1/1481 627/2/1481 625/3/1481
f 625/1/1481 623/2/1481 621/3/1481
f 621/1/1481 619/2/1481 617/3/1481
f 617/1/1481 615/2/1481 613/3/1481
f 613/1/1481 610/2/1481 669/3/1481
f 669/1/1481 665/2/1481 661/3/1481
f 661/1/1481 657/2/1481 653/3/1481
f 653/1/1481 649/2/1481 645/3/1481
f 645/1/1481 641/2/1481 637/3/1481
f 637/1/1481 633/2/1481 629/3/1481
f 629/1/1481 625/2/1481 621/3/1481
f 621/1/1481 617/2/1481 613/3/1481
f 613/1/1481 669/2/1481 661/3/1481
f 661/1/1481 653/2/1481 645/3/1481
f 645/1/1481 637/2/1481 629/3/1481
f 629/1/1481 621/2/1481 613/3/1481
f 613/1/1481 661/2/1481 645/3/1481
f 645/1/1483 629/2/1483 613/3/1483
f 670/1/1815 669/2/1815 671/3/1815
f 670/1/1815 671/2/1815 672/3/1815
f 672/1/1633 671/2/1633 610/3/1633
f 672/1/1633 610/2/1633 609/3/1633
f 672/1/1453 609/2/1453 612/3/1453
f 612/1/1453 614/2/1453 616/3/1453
f 616/1/1453 618/2/1453 620/3/1453
f 620/1/1453 622/2/1453 624/3/1453
f 624/1/1453 626/2/1453 628/3/1453
f 628/1/1453 630/2/1453 632/3/1453
f 632/1/1453 634/2/1453 636/3/1453
f 636/1/1453 638/2/1453 640/3/1453
f 640/1/1453 642/2/1453 644/3/1453
f 644/1/1453 646/2/1453 648/3/1453
f 648/1/1453 650/2/1453 652/3/1453
f 652/1/1453 654/2/1453 656/3/1453
f 656/1/1453 658/2/1453 660/3/1453
f 660/1/1453 662/2/1453 664/3/1453
f 664/1/1453 666/2/1453 668/3/1453
f 668/1/1453 670/2/1453 672/3/1453
f 672/1/1453 612/2/1453 616/3/1453
f 616/1/1453 620/2/1453 624/3/1453
f 624/1/1453 628/2/1453 632/3/1453
f 632/1/1453 636/2/1453 640/3/1453
f 640/1/1453 644/2/1453 648/3/1453
f 648/1/1453 652/2/1453 656/3/1453
f 656/1/1453 660/2/1453 664/3/1453
f 664/1/1453 668/2/1453 672/3/1453
f 672/1/1453 616/2/1453 624/3/1453
f 624/1/1453 632/2/1453 640/3/1453
f 640/1/1453 648/2/1453 656/3/1453
f 656/1/1453 664/2/1453 672/3/1453
f 672/1/1453 624/2/1453 640/3/1453
f 640/1/1453 656/2/1453 672/3/1453
f 673/1/1324 674/2/1324 675/3/1324
f 673/1/1324 675/2/1324 676/3/1324
f 676/1/1098 675/2/1098 677/3/1098
f 676/1/1098 677/2/1098 678/3/1098
f 678/1/945 677/2/945 679/3/945
f 678/1/945 679/2/945 680/3/945
f 680/1/643 679/2/643 681/3/643
f 680/1/643 681/2/643 682/3/643
f 682/1/479 681/2/479 683/3/479
f 682/1/479 683/2/479 684/3/479
f 684/1/327 683/2/327 685/3/327
f 684/1/327 685/2/327 686/3/327
f 686/1/194 685/2/194 687/3/194
f 686/1/194 687/2/194 688/3/194
f 688/1/20 687/2/20 689/3/20
f 688/1/20 689/2/20 690/3/20
f 690/1/25 689/2/25 691/3/25
f 690/1/25 691/2/25 692/3/25
f 692/1/167 691/2/167 693/3/167
f 692/1/167 693/2/167 694/3/167
f 694/1/324 693/2/324 695/3/324
f 694/1/324 695/2/324 696/3/324
f 696/1/474 695/2/474 697/3/474
f 696/1/474 697/2/474 698/3/474
f 698/1/628 697/2/628 699/3/628
f 698/1/628 699/2/628 700/3/628
f 700/1/937 699/2/937 701/3/937
f 700/1/937 701/2/937 702/3/937
f 702/1/1099 701/2/1099 703/3/1099
f 702/1/1099 703/2/1099 704/3/1099
f 704/1/1316 703/2/1316 705/3/1316
f 704/1/1316 705/2/1316 706/3/1316
f 706/1/1617 705/2/1617 707/3/1617
f 706/1/1617 707/2/1617 708/3/1617
f 708/1/1813 707/2/1813 709/3/1813
f 708/1/1813 709/2/1813 710/3/1813
f 710/1/1994 709/2/1994 711/3/1994
f 710/1/1994 711/2/1994 712/3/1994
f 712/1/2296 711/2/2296 713/3/2296
f 712/1/2296 713/2/2296 714/3/2296
f 714/1/2464 713/2/2464 715/3/2464
f 714/1/2464 715/2/2464 716/3/2464
f 716/1/2611 715/2/2611 717/3/2611
f 716/1/2611 717/2/2611 718/3/2611
f 718/1/2766 717/2/2766 719/3/2766
f 718/1/2766 719/2/2766 720/3/2766
f 720/1/2896 719/2/2896 721/3/2896
f 720/1/2896 721/2/2896 722/3/2896
f 722/1/2909 721/2/2909 723/3/2909
f 722/1/2909 723/2/2909 724/3/2909
f 724/1/2740 723/2/2740 725/3/2740
f 724/1/2740 725/2/2740 726/3/2740
f 726/1/2629 725/2/2629 727/3/2629
f 726/1/2629 727/2/2629 728/3/2629
f 728/1/2473 727/2/2473 729/3/2473
f 728/1/2473 729/2/2473 730/3/2473
f 730/1/2299 729/2/2299 731/3/2299
f 730/1/2299 731/2/2299 732/3/2299
f 732/1/2010 731/2/2010 733/3/2010
f 732/1/2010 733/2/2010 734/3/2010
f 677/1/1481 675/2/1481 674/3/1481
f 674/1/1481 735/2/1481 733/3/1481
f 733/1/1481 731/2/1481 729/3/1481
f 729/1/1481 727/2/1481 725/3/1481
f 725/1/1481 723/2/1481 721/3/1481
f 721/1/1481 719/2/1481 717/3/1481
f 717/1/1481 715/2/1481 713/3/1481
f 713/1/1481 711/2/1481 709/3/1481
f 709/1/1481 707/2/1481 705/3/1481
f 705/1/1481 703/2/1481 701/3/1481
f 701/1/1481 699/2/1481 697/3/1481
f 697/1/1481 695/2/1481 693/3/1481
f 693/1/1481 691/2/1481 689/3/1481
f 689/1/1481 687/2/1481 685/3/1481
f 685/1/1481 683/2/1481 681/3/1481
f 681/1/1481 679/2/1481 677/3/1481
f 677/1/1481 674/2/1481 733/3/1481
f 733/1/1481 729/2/1481 725/3/1481
f 725/1/1481 721/2/1481 717/3/1481
f 717/1/1481 713/2/1481 709/3/1481
f 709/1/1481 705/2/1481 701/3/1481
f 701/1/1481 697/2/1481 693/3/1481
f 693/1/1481 689/2/1481 685/3/1481
f 685/1/1481 681/2/1481 677/3/1481
f 677/1/1481 733/2/1481 725/3/1481
f 725/1/1481 717/2/1481 709/3/1481
f 709/1/1481 701/2/1481 693/3/1481
f 693/1/1481 685/2/1481 677/3/1481
f 677/1/1481 725/2/1481 709/3/1481
f 709/1/1479 693/2/1479 677/3/1479
f 734/1/1815 733/2/1815 735/3/1815
f 734/1/1815 735/2/1815 736/3/1815
f 736/1/1631 735/2/1631 674/3/1631
f 736/1/1631 674/2/1631 673/3/1631
f 736/1/1453 673/2/1453 676/3/1453
f 676/1/1453 678/2/1453 680/3/1453
f 680/1/1453 682/2/1453 684/3/1453
f 684/1/1453 686/2/1453 688/3/1453
f 688/1/1453 690/2/1453 692/3/1453
f 692/1/1453 694/2/1453 696/3/1453
f 696/1/1453 698/2/1453 700/3/1453
f 700/1/1453 702/2/1453 704/3/1453
f 704/1/1453 706/2/1453 708/3/1453
f 708/1/1453 710/2/1453 712/3/1453
f 712/1/1453 714/2/1453 716/3/1453
f 716/1/1453 718/2/1453 720/3/1453
f 720/1/1453 722/2/1453 724/3/1453
f 724/1/1453 726/2/1453 728/3/1453
f 728/1/1453 730/2/1453 732/3/1453
f 732/1/1453 734/2/1453 736/3/1453
f 736/1/1453 676/2/1453 680/3/1453
f 680/1/1453 684/2/1453 688/3/1453
f 688/1/1453 692/2/1453 696/3/1453
f 696/1/1453 700/2/1453 704/3/1453
f 704/1/1453 708/2/1453 712/3/1453
f 712/1/1453 716/2/1453 720/3/1453
f 720/1/1453 724/2/1453 728/3/1453
f 728/1/1453 732/2/1453 736/3/1453
f 736/1/1453 680/2/1453 688/3/1453
f 688/1/1453 696/2/1453 704/3/1453
f 704/1/1453 712/2/1453 720/3/1453
f 720/1/1453 728/2/1453 736/3/1453
f 736/1/1453 688/2/1453 704/3/1453
f 704/1/1453 720/2/1453 736/3/1453
f 737/1/1 738/2/1 739/3/1
f 737/1/1 739/2/1 740/3/1
f 740/1/1469 739/2/1469 741/3/1469
f 740/1/1469 741/2/1469 742/3/1469
f 742/1/2936 741/2/2936 743/3/2936
f 742/1/2936 743/2/2936 744/3/2936
f 744/1/1470 743/2/1470 738/3/1470
f 744/1/1470 738/2/1470 737/3/1470
f 740/1/1453 742/2/1453 744/3/1453
f 740/1/1453 744/2/1453 737/3/1453
f 741/1/1481 739/2/1481 738/3/1481
f 741/1/1481 738/2/1481 743/3/1481
f 745/1/1 746/2/1 747/3/1
f 745/1/1 747/2/1 748/3/1
f 748/1/1469 747/2/1469 749/3/1469
f 748/1/1469 749/2/1469 750/3/1469
f 750/1/2936 749/2/2936 751/3/2936
f 750/1/2936 751/2/2936 752/3/2936
f 752/1/1470 751/2/1470 746/3/1470
f 752/1/1470 746/2/1470 745/3/1470
f 748/1/1453 750/2/1453 752/3/1453
f 748/1/1453 752/2/1453 745/3/1453
f 749/1/1481 747/2/1481 746/3/1481
f 749/1/1481 746/2/1481 751/3/1481
f 753/1/1 754/2/1 755/3/1
f 753/1/1 755/2/1 756/3/1
f 756/1/1469 755/2/1469 757/3/1469
f 756/1/1469 757/2/1469 758/3/1469
f 758/1/2936 757/2/2936 759/3/2936
f 758/1/2936 759/2/2936 760/3/2936
f 760/1/1470 759/2/1470 754/3/1470
f 760/1/1470 754/2/1470 753/3/1470
f 756/1/1453 758/2/1453 760/3/1453
f 756/1/1453 760/2/1453 753/3/1453
f 757/1/1481 755/2/1481 754/3/1481
f 757/1/1481 754/2/1481 759/3/1481
f 761/1/1 762/2/1 763/3/1
f 761/1/1 763/2/1 764/3/1
f 764/1/1469 763/2/1469 765/3/1469
f 764/1/1469 765/2/1469 766/3/1469
f 766/1/2936 765/2/2936 767/3/2936
f 766/1/2936 767/2/2936 768/3/2936
f 768/1/1470 767/2/1470 762/3/1470
f 768/1/1470 762/2/1470 761/3/1470
f 764/1/1453 766/2/1453 768/3/1453
f 764/1/1453 768/2/1453 761/3/1453
f 765/1/1481 763/2/1481 762/3/1481
f 765/1/1481 762/2/1481 767/3/1481
f 769/1/1 770/2/1 771/3/1
f 769/1/1 771/2/1 772/3/1
f 772/1/1469 771/2/1469 773/3/1469
f 772/1/1469 773/2/1469 774/3/1469
f 774/1/2936 773/2/2936 775/3/2936
f 774/1/2936 775/2/2936 776/3/2936
f 776/1/1470 775/2/1470 770/3/1470
f 776/1/1470 770/2/1470 769/3/1470
f 772/1/1453 774/2/1453 776/3/1453
f 772/1/1453 776/2/1453 769/3/1453
f 773/1/1481 771/2/1481 770/3/1481
f 773/1/1481 770/2/1481 775/3/1481
f 777/1/1 778/2/1 779/3/1
f 777/1/1 779/2/1 780/3/1
f 780/1/1469 779/2/1469 781/3/1469
f 780/1/1469 781/2/1469 782/3/1469
f 782/1/2936 781/2/2936 783/3/2936
f 782/1/2936 783/2/2936 784/3/2936
f 784/1/1470 783/2/1470 778/3/1470
f 784/1/1470 778/2/1470 777/3/1470
f 780/1/1453 782/2/1453 784/3/1453
f 780/1/1453 784/2/1453 777/3/1453
f 781/1/1481 779/2/1481 778/3/1481
f 781/1/1481 778/2/1481 783/3/1481
f 785/1/1 786/2/1 787/3/1
f 785/1/1 787/2/1 788/3/1
f 788/1/1469 787/2/1469 789/3/1469
f 788/1/1469 789/2/1469 790/3/1469
f 790/1/2936 789/2/2936 791/3/2936
f 790/1/2936 791/2/2936 792/3/2936
f 792/1/1470 791/2/1470 786/3/1470
f 792/1/1470 786/2/1470 785/3/1470
f 788/1/1453 790/2/1453 792/3/1453
f 788/1/1453 792/2/1453 785/3/1453
f 789/1/1481 787/2/1481 786/3/1481
f 789/1/1481 786/2/1481 791/3/1481
f 793/1/1 794/2/1 795/3/1
f 793/1/1 795/2/1 796/3/1
f 796/1/1469 795/2/1469 797/3/1469
f 796/1/1469 797/2/1469 798/3/1469
f 798/1/2936 797/2/2936 799/3/2936
f 798/1/2936 799/2/2936 800/3/2936
f 800/1/1470 799/2/1470 794/3/1470
f 800/1/1470 794/2/1470 793/3/1470
f 796/1/1453 798/2/1453 800/3/1453
f 796/1/1453 800/2/1453 793/3/1453
f 797/1/1481 795/2/1481 794/3/1481
f 797/1/1481 794/2/1481 799/3/1481
f 801/1/1 802/2/1 803/3/1
f 801/1/1 803/2/1 804/3/1
f 804/1/1469 803/2/1469 805/3/1469
f 804/1/1469 805/2/1469 806/3/1469
f 806/1/2936 805/2/2936 807/3/2936
f 806/1/2936 807/2/2936 808/3/2936
f 808/1/1470 807/2/1470 802/3/1470
f 808/1/1470 802/2/1470 801/3/1470
f 804/1/1453 806/2/1453 808/3/1453
f 804/1/1453 808/2/1453 801/3/1453
f 805/1/1481 803/2/1481 802/3/1481
f 805/1/1481 802/2/1481 807/3/1481
f 809/1/1 810/2/1 811/3/1
f 809/1/1 811/2/1 812/3/1
f 812/1/1469 811/2/1469 813/3/1469
f 812/1/1469 813/2/1469 814/3/1469
f 814/1/2936 813/2/2936 815/3/2936
f 814/1/2936 815/2/2936 816/3/2936
f 816/1/1470 815/2/1470 810/3/1470
f 816/1/1470 810/2/1470 809/3/1470
f 812/1/1453 814/2/1453 816/3/1453
f 812/1/1453 816/2/1453 809/3/1453
f 813/1/1481 811/2/1481 810/3/1481
f 813/1/1481 810/2/1481 815/3/1481
f 817/1/1 818/2/1 819/3/1
f 817/1/1 819/2/1 820/3/1
f 820/1/1469 819/2/1469 821/3/1469
f 820/1/1469 821/2/1469 822/3/1469
f 822/1/2936 821/2/2936 823/3/2936
f 822/1/2936 823/2/2936 824/3/2936
f 824/1/1470 823/2/1470 818/3/1470
f 824/1/1470 818/2/1470 817/3/1470
f 820/1/1453 822/2/1453 824/3/1453
f 820/1/1453 824/2/1453 817/3/1453
f 821/1/1481 819/2/1481 818/3/1481
f 821/1/1481 818/2/1481 823/3/1481
f 825/1/1 826/2/1 827/3/1
f 825/1/1 827/2/1 828/3/1
f 828/1/1469 827/2/1469 829/3/1469
f 828/1/1469 829/2/1469 830/3/1469
f 830/1/2936 829/2/2936 831/3/2936
f 830/1/2936 831/2/2936 832/3/2936
f 832/1/1470 831/2/1470 826/3/1470
f 832/1/1470 826/2/1470 825/3/1470
f 828/1/1453 830/2/1453 832/3/1453
f 828/1/1453 832/2/1453 825/3/1453
f 829/1/1481 827/2/1481 826/3/1481
f 829/1/1481 826/2/1481 831/3/1481
f 833/1/1 834/2/1 835/3/1
f 833/1/1 835/2/1 836/3/1
f 836/1/1469 835/2/1469 837/3/1469
f 836/1/1469 837/2/1469 838/3/1469
f 838/1/2936 837/2/2936 839/3/2936
f 838/1/2936 839/2/2936 840/3/2936
f 840/1/1470 839/2/1470 834/3/1470
f 840/1/1470 834/2/1470 833/3/1470
f 836/1/1453 838/2/1453 840/3/1453
f 836/1/1453 840/2/1453 833/3/1453
f 837/1/1481 835/2/1481 834/3/1481
f 837/1/1481 834/2/1481 839/3/1481
f 841/1/1 842/2/1 843/3/1
f 841/1/1 843/2/1 844/3/1
f 844/1/1469 843/2/1469 845/3/1469
f 844/1/1469 845/2/1469 846/3/1469
f 846/1/2936 845/2/2936 847/3/2936
f 846/1/2936 847/2/2936 848/3/2936
f 848/1/1470 847/2/1470 842/3/1470
f 848/1/1470 842/2/1470 841/3/1470
f 844/1/1453 846/2/1453 848/3/1453
f 844/1/1453 848/2/1453 841/3/1453
f 845/1/1481 843/2/1481 842/3/1481
f 845/1/1481 842/2/1481 847/3/1481
f 849/1/1 850/2/1 851/3/1
f 849/1/1 851/2/1 852/3/1
f 852/1/1469 851/2/1469 853/3/1469
f 852/1/1469 853/2/1469 854/3/1469
f 854/1/2936 853/2/2936 855/3/2936
f 854/1/2936 855/2/2936 856/3/2936
f 856/1/1470 855/2/1470 850/3/1470
f 856/1/1470 850/2/1470 849/3/1470
f 852/1/1453 854/2/1453 856/3/1453
f 852/1/1453 856/2/1453 849/3/1453
f 853/1/1481 851/2/1481 850/3/1481
f 853/1/1481 850/2/1481 855/3/1481
f 857/1/1 858/2/1 859/3/1
f 857/1/1 859/2/1 860/3/1
f 860/1/1469 859/2/1469 861/3/1469
f 860/1/1469 861/2/1469 862/3/1469
f 862/1/2936 861/2/2936 863/3/2936
f 862/1/2936 863/2/2936 864/3/2936
f 864/1/1470 863/2/1470 858/3/1470
f 864/1/1470 858/2/1470 857/3/1470
f 860/1/1453 862/2/1453 864/3/1453
f 860/1/1453 864/2/1453 857/3/1453
f 861/1/1481 859/2/1481 858/3/1481
f 861/1/1481 858/2/1481 863/3/1481
f 865/1/1 866/2/1 867/3/1
f 865/1/1 867/2/1 868/3/1
f 868/1/1469 867/2/1469 869/3/1469
f 868/1/1469 869/2/1469 870/3/1469
f 870/1/2936 869/2/2936 871/3/2936
f 870/1/2936 871/2/2936 872/3/2936
f 872/1/1470 871/2/1470 866/3/1470
f 872/1/1470 866/2/1470 865/3/1470
f 868/1/1453 870/2/1453 872/3/1453
f 868/1/1453 872/2/1453 865/3/1453
f 869/1/1481 867/2/1481 866/3/1481
f 869/1/1481 866/2/1481 871/3/1481
f 873/1/1 874/2/1 875/3/1
f 873/1/1 875/2/1 876/3/1
f 876/1/1469 875/2/1469 877/3/1469
f 876/1/1469 877/2/1469 878/3/1469
f 878/1/2936 877/2/2936 879/3/2936
f 878/1/2936 879/2/2936 880/3/2936
f 880/1/1470 879/2/1470 874/3/1470
f 880/1/1470 874/2/1470 873/3/1470
f 876/1/1453 878/2/1453 880/3/1453
f 876/1/1453 880/2/1453 873/3/1453
f 877/1/1481 875/2/1481 874/3/1481
f 877/1/1481 874/2/1481 879/3/1481
f 881/1/1 882/2/1 883/3/1
f 881/1/1 883/2/1 884/3/1
f 884/1/1469 883/2/1469 885/3/1469
f 884/1/1469 885/2/1469 886/3/1469
f 886/1/2936 885/2/2936 887/3/2936
f 886/1/2936 887/2/2936 888/3/2936
f 888/1/1470 887/2/1470 882/3/1470
f 888/1/1470 882/2/1470 881/3/1470
f 884/1/1453 886/2/1453 888/3/1453
f 884/1/1453 888/2/1453 881/3/1453
f 885/1/1481 883/2/1481 882/3/1481
f 885/1/1481 882/2/1481 887/3/1481
f 889/1/1 890/2/1 891/3/1
f 889/1/1 891/2/1 892/3/1
f 892/1/1469 891/2/1469 893/3/1469
f 892/1/1469 893/2/1469 894/3/1469
f 894/1/2936 893/2/2936 895/3/2936
f 894/1/2936 895/2/2936 896/3/2936
f 896/1/1470 895/2/1470 890/3/1470
f 896/1/1470 890/2/1470 889/3/1470
f 892/1/1453 894/2/1453 896/3/1453
f 892/1/1453 896/2/1453 889/3/1453
f 893/1/1481 891/2/1481 890/3/1481
f 893/1/1481 890/2/1481 895/3/1481
f 897/1/1 898/2/1 899/3/1
f 897/1/1 899/2/1 900/3/1
f 900/1/1469 899/2/1469 901/3/1469
f 900/1/1469 901/2/1469 902/3/1469
f 902/1/2936 901/2/2936 903/3/2936
f 902/1/2936 903/2/2936 904/3/2936
f 904/1/1470 903/2/1470 898/3/1470
f 904/1/1470 898/2/1470 897/3/1470
f 900/1/1453 902/2/1453 904/3/1453
f 900/1/1453 904/2/1453 897/3/1453
f 901/1/1481 899/2/1481 898/3/1481
f 901/1/1481 898/2/1481 903/3/1481
f 905/1/1 906/2/1 907/3/1
f 905/1/1 907/2/1 908/3/1
f 908/1/1469 907/2/1469 909/3/1469
f 908/1/1469 909/2/1469 910/3/1469
f 910/1/2936 909/2/2936 911/3/2936
f 910/1/2936 911/2/2936 912/3/2936
f 912/1/1470 911/2/1470 906/3/1470
f 912/1/1470 906/2/1470 905/3/1470
f 908/1/1453 910/2/1453 912/3/1453
f 908/1/1453 912/2/1453 905/3/1453
f 909/1/1481 907/2/1481 906/3/1481
f 909/1/1481 906/2/1481 911/3/1481
f 913/1/1 914/2/1 915/3/1
f 913/1/1 915/2/1 916/3/1
f 916/1/1469 915/2/1469 917/3/1469
f 916/1/1469 917/2/1469 918/3/1469
f 918/1/2936 917/2/2936 919/3/2936
f 918/1/2936 919/2/2936 920/3/2936
f 920/1/1470 919/2/1470 914/3/1470
f 920/1/1470 914/2/1470 913/3/1470
f 916/1/1453 918/2/1453 920/3/1453
f 916/1/1453 920/2/1453 913/3/1453
f 917/1/1481 915/2/1481 914/3/1481
f 917/1/1481 914/2/1481 919/3/1481
f 921/1/1 922/2/1 923/3/1
f 921/1/1 923/2/1 924/3/1
f 924/1/1469 923/2/1469 925/3/1469
f 924/1/1469 925/2/1469 926/3/1469
f 926/1/2936 925/2/2936 927/3/2936
f 926/1/2936 927/2/2936 928/3/2936
f 928/1/1470 927/2/1470 922/3/1470
f 928/1/1470 922/2/1470 921/3/1470
f 924/1/1453 926/2/1453 928/3/1453
f 924/1/1453 928/2/1453 921/3/1453
f 925/1/1481 923/2/1481 922/3/1481
f 925/1/1481 922/2/1481 927/3/1481
f 929/1/1 930/2/1 931/3/1
f 929/1/1 931/2/1 932/3/1
f 932/1/1469 931/2/1469 933/3/1469
f 932/1/1469 933/2/1469 934/3/1469
f 934/1/2936 933/2/2936 935/3/2936
f 934/1/2936 935/2/2936 936/3/2936
f 936/1/1470 935/2/1470 930/3/1470
f 936/1/1470 930/2/1470 929/3/1470
f 932/1/1453 934/2/1453 936/3/1453
f 932/1/1453 936/2/1453 929/3/1453
f 933/1/1481 931/2/1481 930/3/1481
f 933/1/1481 930/2/1481 935/3/1481
f 937/1/1 938/2/1 939/3/1
f 937/1/1 939/2/1 940/3/1
f 940/1/1469 939/2/1469 941/3/1469
f 940/1/1469 941/2/1469 942/3/1469
f 942/1/2936 941/2/2936 943/3/2936
f 942/1/2936 943/2/2936 944/3/2936
f 944/1/1470 943/2/1470 938/3/1470
f 944/1/1470 938/2/1470 937/3/1470
f 940/1/1453 942/2/1453 944/3/1453
f 940/1/1453 944/2/1453 937/3/1453
f 941/1/1481 939/2/1481 938/3/1481
f 941/1/1481 938/2/1481 943/3/1481
f 945/1/1 946/2/1 947/3/1
f 945/1/1 947/2/1 948/3/1
f 948/1/1469 947/2/1469 949/3/1469
f 948/1/1469 949/2/1469 950/3/1469
f 950/1/2936 949/2/2936 951/3/2936
f 950/1/2936 951/2/2936 952/3/2936
f 952/1/1470 951/2/1470 946/3/1470
f 952/1/1470 946/2/1470 945/3/1470
f 948/1/1453 950/2/1453 952/3/1453
f 948/1/1453 952/2/1453 945/3/1453
f 949/1/1481 947/2/1481 946/3/1481
f 949/1/1481 946/2/1481 951/3/1481
f 953/1/1 954/2/1 955/3/1
f 953/1/1 955/2/1 956/3/1
f 956/1/1469 955/2/1469 957/3/1469
f 956/1/1469 957/2/1469 958/3/1469
f 958/1/2936 957/2/2936 959/3/2936
f 958/1/2936 959/2/2936 960/3/2936
f 960/1/1470 959/2/1470 954/3/1470
f 960/1/1470 954/2/1470 953/3/1470
f 956/1/1453 958/2/1453 960/3/1453
f 956/1/1453 960/2/1453 953/3/1453
f 957/1/1481 955/2/1481 954/3/1481
f 957/1/1481 954/2/1481 959/3/1481
f 961/1/1 962/2/1 963/3/1
f 961/1/1 963/2/1 964/3/1
f 964/1/1469 963/2/1469 965/3/1469
f 964/1/1469 965/2/1469 966/3/1469
f 966/1/2936 965/2/2936 967/3/2936
f 966/1/2936 967/2/2936 968/3/2936
f 968/1/1470 967/2/1470 962/3/1470
f 968/1/1470 962/2/1470 961/3/1470
f 964/1/1453 966/2/1453 968/3/1453
f 964/1/1453 968/2/1453 961/3/1453
f 965/1/1481 963/2/1481 962/3/1481
f 965/1/1481 962/2/1481 967/3/1481
f 969/1/1 970/2/1 971/3/1
f 969/1/1 971/2/1 972/3/1
f 972/1/1469 971/2/1469 973/3/1469
f 972/1/1469 973/2/1469 974/3/1469
f 974/1/2936 973/2/2936 975/3/2936
f 974/1/2936 975/2/2936 976/3/2936
f 976/1/1470 975/2/1470 970/3/1470
f 976/1/1470 970/2/1470 969/3/1470
f 972/1/1453 974/2/1453 976/3/1453
f 972/1/1453 976/2/1453 969/3/1453
f 973/1/1481 971/2/1481 970/3/1481
f 973/1/1481 970/2/1481 975/3/1481
f 977/1/1 978/2/1 979/3/1
f 977/1/1 979/2/1 980/3/1
f 980/1/1469 979/2/1469 981/3/1469
f 980/1/1469 981/2/1469 982/3/1469
f 982/1/2936 981/2/2936 983/3/2936
f 982/1/2936 983/2/2936 984/3/2936
f 984/1/1470 983/2/1470 978/3/1470
f 984/1/1470 978/2/1470 977/3/1470
f 980/1/1453 982/2/1453 984/3/1453
f 980/1/1453 984/2/1453 977/3/1453
f 981/1/1481 979/2/1481 978/3/1481
f 981/1/1481 978/2/1481 983/3/1481
f 985/1/1 986/2/1 987/3/1
f 985/1/1 987/2/1 988/3/1
f 988/1/1469 987/2/1469 989/3/1469
f 988/1/1469 989/2/1469 990/3/1469
f 990/1/2936 989/2/2936 991/3/2936
f 990/1/2936 991/2/2936 992/3/2936
f 992/1/1470 991/2/1470 986/3/1470
f 992/1/1470 986/2/1470 985/3/1470
f 988/1/1453 990/2/1453 992/3/1453
f 988/1/1453 992/2/1453 985/3/1453
f 989/1/1481 987/2/1481 986/3/1481
f 989/1/1481 986/2/1481 991/3/1481
f 993/1/1 994/2/1 995/3/1
f 993/1/1 995/2/1 996/3/1
f 996/1/1469 995/2/1469 997/3/1469
f 996/1/1469 997/2/1469 998/3/1469
f 998/1/2936 997/2/2936 999/3/2936
f 998/1/2936 999/2/2936 1000/3/2936
f 1000/1/1470 999/2/1470 994/3/1470
f 1000/1/1470 994/2/1470 993/3/1470
f 996/1/1453 998/2/1453 1000/3/1453
f 996/1/1453 1000/2/1453 993/3/1453
f 997/1/1481 995/2/1481 994/3/1481
f 997/1/1481 994/2/1481 999/3/1481
f 1001/1/1 1002/2/1 1003/3/1
f 1001/1/1 1003/2/1 1004/3/1
f 1004/1/1469 1003/2/1469 1005/3/1469
f 1004/1/1469 1005/2/1469 1006/3/1469
f 1006/1/2936 1005/2/2936 1007/3/2936
f 1006/1/2936 1007/2/2936 1008/3/2936
f 1008/1/1470 1007/2/1470 1002/3/1470
f 1008/1/1470 1002/2/1470 1001/3/1470
f 1004/1/1453 1006/2/1453 1008/3/1453
f 1004/1/1453 1008/2/1453 1001/3/1453
f 1005/1/1481 1003/2/1481 1002/3/1481
f 1005/1/1481 1002/2/1481 1007/3/1481
f 1009/1/1 1010/2/1 1011/3/1
f 1009/1/1 1011/2/1 1012/3/1
f 1012/1/1469 1011/2/1469 1013/3/1469
f 1012/1/1469 1013/2/1469 1014/3/1469
f 1014/1/2936 1013/2/2936 1015/3/2936
f 1014/1/2936 1015/2/2936 1016/3/2936
f 1016/1/1470 1015/2/1470 1010/3/1470
f 1016/1/1470 1010/2/1470 1009/3/1470
f 1012/1/1453 1014/2/1453 1016/3/1453
f 1012/1/1453 1016/2/1453 1009/3/1453
f 1013/1/1481 1011/2/1481 1010/3/1481
f 1013/1/1481 1010/2/1481 1015/3/1481
f 1017/1/1 1018/2/1 1019/3/1
f 1017/1/1 1019/2/1 1020/3/1
f 1020/1/1469 1019/2/1469 1021/3/1469
f 1020/1/1469 1021/2/1469 1022/3/1469
f 1022/1/2936 1021/2/2936 1023/3/2936
f 1022/1/2936 1023/2/2936 1024/3/2936
f 1024/1/1470 1023/2/1470 1018/3/1470
f 1024/1/1470 1018/2/1470 1017/3/1470
f 1020/1/1453 1022/2/1453 1024/3/1453
f 1020/1/1453 1024/2/1453 1017/3/1453
f 1021/1/1481 1019/2/1481 1018/3/1481
f 1021/1/1481 1018/2/1481 1023/3/1481
f 1025/1/1 1026/2/1 1027/3/1
f 1025/1/1 1027/2/1 1028/3/1
f 1028/1/1469 1027/2/1469 1029/3/1469
f 1028/1/1469 1029/2/1469 1030/3/1469
f 1030/1/2936 1029/2/2936 1031/3/2936
f 1030/1/2936 1031/2/2936 1032/3/2936
f 1032/1/1470 1031/2/1470 1026/3/1470
f 1032/1/1470 1026/2/1470 1025/3/1470
f 1028/1/1453 1030/2/1453 1032/3/1453
f 1028/1/1453 1032/2/1453 1025/3/1453
f 1029/1/1481 1027/2/1481 1026/3/1481
f 1029/1/1481 1026/2/1481 1031/3/1481
f 1033/1/1 1034/2/1 1035/3/1
f 1033/1/1 1035/2/1 1036/3/1
f 1036/1/1469 1035/2/1469 1037/3/1469
f 1036/1/1469 1037/2/1469 1038/3/1469
f 1038/1/2936 1037/2/2936 1039/3/2936
f 1038/1/2936 1039/2/2936 1040/3/2936
f 1040/1/1470 1039/2/1470 1034/3/1470
f 1040/1/1470 1034/2/1470 1033/3/1470
f 1036/1/1453 1038/2/1453 1040/3/1453
f 1036/1/1453 1040/2/1453 1033/3/1453
f 1037/1/1481 1035/2/1481 1034/3/1481
f 1037/1/1481 1034/2/1481 1039/3/1481
f 1041/1/1 1042/2/1 1043/3/1
f 1041/1/1 1043/2/1 1044/3/1
f 1044/1/1469 1043/2/1469 1045/3/1469
f 1044/1/1469 1045/2/1469 1046/3/1469
f 1046/1/2936 1045/2/2936 1047/3/2936
f 1046/1/2936 1047/2/2936 1048/3/2936
f 1048/1/1470 1047/2/1470 1042/3/1470
f 1048/1/1470 1042/2/1470 1041/3/1470
f 1044/1/1453 1046/2/1453 1048/3/1453
f 1044/1/1453 1048/2/1453 1041/3/1453
f 1045/1/1481 1043/2/1481 1042/3/1481
f 1045/1/1481 1042/2/1481 1047/3/1481
f 1049/1/1 1050/2/1 1051/3/1
f 1049/1/1 1051/2/1 1052/3/1
f 1052/1/1469 1051/2/1469 1053/3/1469
f 1052/1/1469 1053/2/1469 1054/3/1469
f 1054/1/2936 1053/2/2936 1055/3/2936
f 1054/1/2936 1055/2/2936 1056/3/2936
f 1056/1/1470 1055/2/1470 1050/3/1470
f 1056/1/1470 1050/2/1470 1049/3/1470
f 1052/1/1453 1054/2/1453 1056/3/1453
f 1052/1/1453 1056/2/1453 1049/3/1453
f 1053/1/1481 1051/2/1481 1050/3/1481
f 1053/1/1481 1050/2/1481 1055/3/1481
f 1057/1/1 1058/2/1 1059/3/1
f 1057/1/1 1059/2/1 1060/3/1
f 1060/1/1469 1059/2/1469 1061/3/1469
f 1060/1/1469 1061/2/1469 1062/3/1469
f 1062/1/2936 1061/2/2936 1063/3/2936
f 1062/1/2936 1063/2/2936 1064/3/2936
f 1064/1/1470 1063/2/1470 1058/3/1470
f 1064/1/1470 1058/2/1470 1057/3/1470
f 1060/1/1453 1062/2/1453 1064/3/1453
f 1060/1/1453 1064/2/1453 1057/3/1453
f 1061/1/1481 1059/2/1481 1058/3/1481
f 1061/1/1481 1058/2/1481 1063/3/1481
f 1065/1/2028 1066/2/2028 1067/3/2028
f 1065/1/2028 1067/2/2028 1068/3/2028
f 1068/1/2936 1067/2/2936 1069/3/2936
f 1068/1/2936 1069/2/2936 1070/3/2936
f 1070/1/2027 1069/2/2027 1071/3/2027
f 1070/1/2027 1071/2/2027 1072/3/2027
f 1072/1/905 1071/2/905 1073/3/905
f 1072/1/905 1073/2/905 1074/3/905
f 1069/1/1470 1067/2/1470 1066/3/1470
f 1066/1/1470 1075/2/1470 1073/3/1470
f 1073/1/1470 1071/2/1470 1069/3/1470
f 1066/1/1470 1073/2/1470 1069/3/1470
f 1074/1/1 1073/2/1 1075/3/1
f 1074/1/1 1075/2/1 1076/3/1
f 1076/1/904 1075/2/904 1066/3/904
f 1076/1/904 1066/2/904 1065/3/904
f 1076/1/1469 1065/2/1469 1068/3/1469
f 1068/1/1469 1070/2/1469 1072/3/1469
f 1072/1/1469 1074/2/1469 1076/3/1469
f 1068/1/1469 1072/2/1469 1076/3/1469
f 1077/1/2168 1078/2/2168 1079/3/2168
f 1077/1/2168 1079/2/2168 1080/3/2168
f 1080/1/2936 1079/2/2936 1081/3/2936
f 1080/1/2936 1081/2/2936 1082/3/2936
f 1082/1/2167 1081/2/2167 1083/3/2167
f 1082/1/2167 1083/2/2167 1084/3/2167
f 1084/1/774 1083/2/774 1085/3/774
f 1084/1/774 1085/2/774 1086/3/774
f 1081/1/1470 1079/2/1470 1078/3/1470
f 1078/1/1470 1087/2/1470 1085/3/1470
f 1085/1/1470 1083/2/1470 1081/3/1470
f 1078/1/1470 1085/2/1470 1081/3/1470
f 1086/1/1 1085/2/1 1087/3/1
f 1086/1/1 1087/2/1 1088/3/1
f 1088/1/773 1087/2/773 1078/3/773
f 1088/1/773 1078/2/773 1077/3/773
f 1088/1/1469 1077/2/1469 1080/3/1469
f 1080/1/1469 1082/2/1469 1084/3/1469
f 1084/1/1469 1086/2/1469 1088/3/1469
f 1080/1/1469 1084/2/1469 1088/3/1469
f 1089/1/2028 1090/2/2028 1091/3/2028
f 1089/1/2028 1091/2/2028 1092/3/2028
f 1092/1/2936 1091/2/2936 1093/3/2936
f 1092/1/2936 1093/2/2936 1094/3/2936
f 1094/1/2027 1093/2/2027 1095/3/2027
f 1094/1/2027 1095/2/2027 1096/3/2027
f 1096/1/903 1095/2/903 1097/3/903
f 1096/1/903 1097/2/903 1098/3/903
f 1093/1/1470 1091/2/1470 1090/3/1470
f 1090/1/1470 1099/2/1470 1097/3/1470
f 1097/1/1470 1095/2/1470 1093/3/1470
f 1090/1/1470 1097/2/1470 1093/3/1470
f 1098/1/1 1097/2/1 1099/3/1
f 1098/1/1 1099/2/1 1100/3/1
f 1100/1/902 1099/2/902 1090/3/902
f 1100/1/902 1090/2/902 1089/3/902
f 1100/1/1469 1089/2/1469 1092/3/1469
f 1092/1/1469 1094/2/1469 1096/3/1469
f 1096/1/1469 1098/2/1469 1100/3/1469
f 1092/1/1469 1096/2/1469 1100/3/1469
f 1101/1/2168 1102/2/2168 1103/3/2168
f 1101/1/2168 1103/2/2168 1104/3/2168
f 1104/1/2936 1103/2/2936 1105/3/2936
f 1104/1/2936 1105/2/2936 1106/3/2936
f 1106/1/2167 1105/2/2167 1107/3/2167
f 1106/1/2167 1107/2/2167 1108/3/2167
f 1108/1/772 1107/2/772 1109/3/772
f 1108/1/772 1109/2/772 1110/3/772
f 1105/1/1470 1103/2/1470 1102/3/1470
f 1102/1/1470 1111/2/1470 1109/3/1470
f 1109/1/1470 1107/2/1470 1105/3/1470
f 1102/1/1470 1109/2/1470 1105/3/1470
f 1110/1/1 1109/2/1 1111/3/1
f 1110/1/1 1111/2/1 1112/3/1
f 1112/1/771 1111/2/771 1102/3/771
f 1112/1/771 1102/2/771 1101/3/771
f 1112/1/1469 1101/2/1469 1104/3/1469
f 1104/1/1469 1106/2/1469 1108/3/1469
f 1108/1/1469 1110/2/1469 1112/3/1469
f 1104/1/1469 1108/2/1469 1112/3/1469
f 1113/1/1327 1114/2/1327 1115/3/1327
f 1113/1/1327 1115/2/1327 1116/3/1327
f 1116/1/1095 1115/2/1095 1117/3/1095
f 1116/1/1095 1117/2/1095 1118/3/1095
f 1118/1/950 1117/2/950 1119/3/950
f 1118/1/950 1119/2/950 1120/3/950
f 1120/1/647 1119/2/647 1121/3/647
f 1120/1/647 1121/2/647 1122/3/647
f 1122/1/493 1121/2/493 1123/3/493
f 1122/1/493 1123/2/493 1124/3/493
f 1124/1/302 1123/2/302 1125/3/302
f 1124/1/302 1125/2/302 1126/3/302
f 1126/1/182 1125/2/182 1127/3/182
f 1126/1/182 1127/2/182 1128/3/182
f 1128/1/26 1127/2/26 1129/3/26
f 1128/1/26 1129/2/26 1130/3/26
f 1130/1/27 1129/2/27 1131/3/27
f 1130/1/27 1131/2/27 1132/3/27
f 1132/1/196 1131/2/196 1133/3/196
f 1132/1/196 1133/2/196 1134/3/196
f 1134/1/301 1133/2/301 1135/3/301
f 1134/1/301 1135/2/301 1136/3/301
f 1136/1/468 1135/2/468 1137/3/468
f 1136/1/468 1137/2/468 1138/3/468
f 1138/1/617 1137/2/617 1139/3/617
f 1138/1/617 1139/2/617 1140/3/617
f 1140/1/949 1139/2/949 1141/3/949
f 1140/1/949 1141/2/949 1142/3/949
f 1142/1/1112 1141/2/1112 1143/3/1112
f 1142/1/1112 1143/2/1112 1144/3/1112
f 1144/1/1314 1143/2/1314 1145/3/1314
f 1144/1/1314 1145/2/1314 1146/3/1314
f 1146/1/1618 1145/2/1618 1147/3/1618
f 1146/1/1618 1147/2/1618 1148/3/1618
f 1148/1/1839 1147/2/1839 1149/3/1839
f 1148/1/1839 1149/2/1839 1150/3/1839
f 1150/1/1981 1149/2/1981 1151/3/1981
f 1150/1/1981 1151/2/1981 1152/3/1981
f 1152/1/2294 1151/2/2294 1153/3/2294
f 1152/1/2294 1153/2/2294 1154/3/2294
f 1154/1/2450 1153/2/2450 1155/3/2450
f 1154/1/2450 1155/2/2450 1156/3/2450
f 1156/1/2631 1155/2/2631 1157/3/2631
f 1156/1/2631 1157/2/2631 1158/3/2631
f 1158/1/2749 1157/2/2749 1159/3/2749
f 1158/1/2749 1159/2/2749 1160/3/2749
f 1160/1/2912 1159/2/2912 1161/3/2912
f 1160/1/2912 1161/2/2912 1162/3/2912
f 1162/1/2913 1161/2/2913 1163/3/2913
f 1162/1/2913 1163/2/2913 1164/3/2913
f 1164/1/2739 1163/2/2739 1165/3/2739
f 1164/1/2739 1165/2/2739 1166/3/2739
f 1166/1/2630 1165/2/2630 1167/3/2630
f 1166/1/2630 1167/2/2630 1168/3/2630
f 1168/1/2475 1167/2/2475 1169/3/2475
f 1168/1/2475 1169/2/2475 1170/3/2475
f 1170/1/2321 1169/2/2321 1171/3/2321
f 1170/1/2321 1171/2/2321 1172/3/2321
f 1172/1/1980 1171/2/1980 1173/3/1980
f 1172/1/1980 1173/2/1980 1174/3/1980
f 1117/1/1481 1115/2/1481 1114/3/1481
f 1114/1/1481 1175/2/1481 1173/3/1481
f 1173/1/1481 1171/2/1481 1169/3/1481
f 1169/1/1481 1167/2/1481 1165/3/1481
f 1165/1/1481 1163/2/1481 1161/3/1481
f 1161/1/1481 1159/2/1481 1157/3/1481
f 1157/1/1481 1155/2/1481 1153/3/1481
f 1153/1/1481 1151/2/1481 1149/3/1481
f 1149/1/1481 1147/2/1481 1145/3/1481
f 1145/1/1481 1143/2/1481 1141/3/1481
f 1141/1/1481 1139/2/1481 1137/3/1481
f 1137/1/1481 1135/2/1481 1133/3/1481
f 1133/1/1481 1131/2/1481 1129/3/1481
f 1129/1/1481 1127/2/1481 1125/3/1481
f 1125/1/1481 1123/2/1481 1121/3/1481
f 1121/1/1481 1119/2/1481 1117/3/1481
f 1117/1/1481 1114/2/1481 1173/3/1481
f 1173/1/1481 1169/2/1481 1165/3/1481
f 1165/1/1481 1161/2/1481 1157/3/1481
f 1157/1/1481 1153/2/1481 1149/3/1481
f 1149/1/1481 1145/2/1481 1141/3/1481
f 1141/1/1481 1137/2/1481 1133/3/1481
f 1133/1/1481 1129/2/1481 1125/3/1481
f 1125/1/1481 1121/2/1481 1117/3/1481
f 1117/1/1481 1173/2/1481 1165/3/1481
f 1165/1/1481 1157/2/1481 1149/3/1481
f 1149/1/1481 1141/2/1481 1133/3/1481
f 1133/1/1481 1125/2/1481 1117/3/1481
f 1117/1/1481 1165/2/1481 1149/3/1481
f 1149/1/1481 1133/2/1481 1117/3/1481
f 1174/1/1833 1173/2/1833 1175/3/1833
f 1174/1/1833 1175/2/1833 1176/3/1833
f 1176/1/1609 1175/2/1609 1114/3/1609
f 1176/1/1609 1114/2/1609 1113/3/1609
f 1176/1/1453 1113/2/1453 1116/3/1453
f 1116/1/1453 1118/2/1453 1120/3/1453
f 1120/1/1453 1122/2/1453 1124/3/1453
f 1124/1/1453 1126/2/1453 1128/3/1453
f 1128/1/1453 1130/2/1453 1132/3/1453
f 1132/1/1453 1134/2/1453 1136/3/1453
f 1136/1/1453 1138/2/1453 1140/3/1453
f 1140/1/1453 1142/2/1453 1144/3/1453
f 1144/1/1453 1146/2/1453 1148/3/1453
f 1148/1/1453 1150/2/1453 1152/3/1453
f 1152/1/1453 1154/2/1453 1156/3/1453
f 1156/1/1453 1158/2/1453 1160/3/1453
f 1160/1/1453 1162/2/1453 1164/3/1453
f 1164/1/1453 1166/2/1453 1168/3/1453
f 1168/1/1453 1170/2/1453 1172/3/1453
f 1172/1/1453 1174/2/1453 1176/3/1453
f 1176/1/1453 1116/2/1453 1120/3/1453
f 1120/1/1453 1124/2/1453 1128/3/1453
f 1128/1/1453 1132/2/1453 1136/3/1453
f 1136/1/1453 1140/2/1453 1144/3/1453
f 1144/1/1453 1148/2/1453 1152/3/1453
f 1152/1/1453 1156/2/1453 1160/3/1453
f 1160/1/1453 1164/2/1453 1168/3/1453
f 1168/1/1453 1172/2/1453 1176/3/1453
f 1176/1/1453 1120/2/1453 1128/3/1453
f 1128/1/1453 1136/2/1453 1144/3/1453
f 1144/1/1453 1152/2/1453 1160/3/1453
f 1160/1/1453 1168/2/1453 1176/3/1453
f 1176/1/1453 1128/2/1453 1144/3/1453
f 1144/1/1453 1160/2/1453 1176/3/1453
f 1177/1/1 1178/2/1 1179/3/1
f 1177/1/1 1179/2/1 1180/3/1
f 1180/1/1469 1179/2/1469 1181/3/1469
f 1180/1/1469 1181/2/1469 1182/3/1469
f 1182/1/2936 1181/2/2936 1183/3/2936
f 1182/1/2936 1183/2/2936 1184/3/2936
f 1184/1/1470 1183/2/1470 1178/3/1470
f 1184/1/1470 1178/2/1470 1177/3/1470
f 1180/1/1453 1182/2/1453 1184/3/1453
f 1180/1/1453 1184/2/1453 1177/3/1453
f 1181/1/1481 1179/2/1481 1178/3/1481
f 1181/1/1481 1178/2/1481 1183/3/1481
usemtl dvss_2
f 1185/1/1 1186/2/1 1187/3/1
f 1185/1/1 1187/2/1 1188/3/1
f 1188/1/1469 1187/2/1469 1189/3/1469
f 1188/1/1469 1189/2/1469 1190/3/1469
f 1190/1/2936 1189/2/2936 1191/3/2936
f 1190/1/2936 1191/2/2936 1192/3/2936
f 1192/1/1470 1191/2/1470 1186/3/1470
f 1192/1/1470 1186/2/1470 1185/3/1470
f 1188/1/1453 1190/2/1453 1192/3/1453
f 1188/1/1453 1192/2/1453 1185/3/1453
f 1189/1/1481 1187/2/1481 1186/3/1481
f 1189/1/1481 1186/2/1481 1191/3/1481
f 1193/1/153 1194/2/153 1195/3/153
f 1193/1/153 1195/2/153 1196/3/153
f 1196/1/1695 1195/2/1695 1197/3/1695
f 1196/1/1695 1197/2/1695 1198/3/1695
f 1198/1/2779 1197/2/2779 1199/3/2779
f 1198/1/2779 1199/2/2779 1200/3/2779
f 1200/1/1240 1199/2/1240 1194/3/1240
f 1200/1/1240 1194/2/1240 1193/3/1240
f 1196/1/1453 1198/2/1453 1200/3/1453
f 1196/1/1453 1200/2/1453 1193/3/1453
f 1197/1/1481 1195/2/1481 1194/3/1481
f 1197/1/1481 1194/2/1481 1199/3/1481
f 1201/1/413 1202/2/413 1203/3/413
f 1201/1/413 1203/2/413 1204/3/413
f 1204/1/2092 1203/2/2092 1205/3/2092
f 1204/1/2092 1205/2/2092 1206/3/2092
f 1206/1/2525 1205/2/2525 1207/3/2525
f 1206/1/2525 1207/2/2525 1208/3/2525
f 1208/1/847 1207/2/847 1202/3/847
f 1208/1/847 1202/2/847 1201/3/847
f 1204/1/1453 1206/2/1453 1208/3/1453
f 1204/1/1453 1208/2/1453 1201/3/1453
f 1205/1/1481 1203/2/1481 1202/3/1481
f 1205/1/1481 1202/2/1481 1207/3/1481
f 1209/1/580 1210/2/580 1211/3/580
f 1209/1/580 1211/2/580 1212/3/580
f 1212/1/2355 1211/2/2355 1213/3/2355
f 1212/1/2355 1213/2/2355 1214/3/2355
f 1214/1/2357 1213/2/2357 1215/3/2357
f 1214/1/2357 1215/2/2357 1216/3/2357
f 1216/1/579 1215/2/579 1210/3/579
f 1216/1/579 1210/2/579 1209/3/579
f 1212/1/1453 1214/2/1453 1216/3/1453
f 1212/1/1453 1216/2/1453 1209/3/1453
f 1213/1/1481 1211/2/1481 1210/3/1481
f 1213/1/1481 1210/2/1481 1215/3/1481
f 1217/1/787 1218/2/787 1219/3/787
f 1217/1/787 1219/2/787 1220/3/787
f 1220/1/2531 1219/2/2531 1221/3/2531
f 1220/1/2531 1221/2/2531 1222/3/2531
f 1222/1/2158 1221/2/2158 1223/3/2158
f 1222/1/2158 1223/2/2158 1224/3/2158
f 1224/1/407 1223/2/407 1218/3/407
f 1224/1/407 1218/2/407 1217/3/407
f 1220/1/1453 1222/2/1453 1224/3/1453
f 1220/1/1453 1224/2/1453 1217/3/1453
f 1221/1/1481 1219/2/1481 1218/3/1481
f 1221/1/1481 1218/2/1481 1223/3/1481
f 1225/1/1236 1226/2/1236 1227/3/1236
f 1225/1/1236 1227/2/1236 1228/3/1236
f 1228/1/2783 1227/2/2783 1229/3/2783
f 1228/1/2783 1229/2/2783 1230/3/2783
f 1230/1/1698 1229/2/1698 1231/3/1698
f 1230/1/1698 1231/2/1698 1232/3/1698
f 1232/1/150 1231/2/150 1226/3/150
f 1232/1/150 1226/2/150 1225/3/150
f 1228/1/1453 1230/2/1453 1232/3/1453
f 1228/1/1453 1232/2/1453 1225/3/1453
f 1229/1/1481 1227/2/1481 1226/3/1481
f 1229/1/1481 1226/2/1481 1231/3/1481
f 1233/1/1469 1234/2/1469 1235/3/1469
f 1233/1/1469 1235/2/1469 1236/3/1469
f 1236/1/2936 1235/2/2936 1237/3/2936
f 1236/1/2936 1237/2/2936 1238/3/2936
f 1238/1/1470 1237/2/1470 1239/3/1470
f 1238/1/1470 1239/2/1470 1240/3/1470
f 1240/1/1 1239/2/1 1234/3/1
f 1240/1/1 1234/2/1 1233/3/1
f 1236/1/1453 1238/2/1453 1240/3/1453
f 1236/1/1453 1240/2/1453 1233/3/1453
f 1237/1/1481 1235/2/1481 1234/3/1481
f 1237/1/1481 1234/2/1481 1239/3/1481
f 1241/1/1699 1242/2/1699 1243/3/1699
f 1241/1/1699 1243/2/1699 1244/3/1699
f 1244/1/2784 1243/2/2784 1245/3/2784
f 1244/1/2784 1245/2/2784 1246/3/2784
f 1246/1/1237 1245/2/1237 1247/3/1237
f 1246/1/1237 1247/2/1237 1248/3/1237
f 1248/1/149 1247/2/149 1242/3/149
f 1248/1/149 1242/2/149 1241/3/149
f 1244/1/1453 1246/2/1453 1248/3/1453
f 1244/1/1453 1248/2/1453 1241/3/1453
f 1245/1/1481 1243/2/1481 1242/3/1481
f 1245/1/1481 1242/2/1481 1247/3/1481
f 1249/1/2120 1250/2/2120 1251/3/2120
f 1249/1/2120 1251/2/2120 1252/3/2120
f 1252/1/2529 1251/2/2529 1253/3/2529
f 1252/1/2529 1253/2/2529 1254/3/2529
f 1254/1/820 1253/2/820 1255/3/820
f 1254/1/820 1255/2/820 1256/3/820
f 1256/1/409 1255/2/409 1250/3/409
f 1256/1/409 1250/2/409 1249/3/409
f 1252/1/1453 1254/2/1453 1256/3/1453
f 1252/1/1453 1256/2/1453 1249/3/1453
f 1253/1/1481 1251/2/1481 1250/3/1481
f 1253/1/1481 1250/2/1481 1255/3/1481
f 1257/1/2359 1258/2/2359 1259/3/2359
f 1257/1/2359 1259/2/2359 1260/3/2359
f 1260/1/2362 1259/2/2362 1261/3/2362
f 1260/1/2362 1261/2/2362 1262/3/2362
f 1262/1/584 1261/2/584 1263/3/584
f 1262/1/584 1263/2/584 1264/3/584
f 1264/1/585 1263/2/585 1258/3/585
f 1264/1/585 1258/2/585 1257/3/585
f 1260/1/1453 1262/2/1453 1264/3/1453
f 1260/1/1453 1264/2/1453 1257/3/1453
f 1261/1/1481 1259/2/1481 1258/3/1481
f 1261/1/1481 1258/2/1481 1263/3/1481
f 1265/1/2532 1266/2/2532 1267/3/2532
f 1265/1/2532 1267/2/2532 1268/3/2532
f 1268/1/2154 1267/2/2154 1269/3/2154
f 1268/1/2154 1269/2/2154 1270/3/2154
f 1270/1/406 1269/2/406 1271/3/406
f 1270/1/406 1271/2/406 1272/3/406
f 1272/1/788 1271/2/788 1266/3/788
f 1272/1/788 1266/2/788 1265/3/788
f 1268/1/1453 1270/2/1453 1272/3/1453
f 1268/1/1453 1272/2/1453 1265/3/1453
f 1269/1/1481 1267/2/1481 1266/3/1481
f 1269/1/1481 1266/2/1481 1271/3/1481
f 1273/1/2786 1274/2/2786 1275/3/2786
f 1273/1/2786 1275/2/2786 1276/3/2786
f 1276/1/1697 1275/2/1697 1277/3/1697
f 1276/1/1697 1277/2/1697 1278/3/1697
f 1278/1/148 1277/2/148 1279/3/148
f 1278/1/148 1279/2/148 1280/3/148
f 1280/1/1238 1279/2/1238 1274/3/1238
f 1280/1/1238 1274/2/1238 1273/3/1238
f 1276/1/1453 1278/2/1453 1280/3/1453
f 1276/1/1453 1280/2/1453 1273/3/1453
f 1277/1/1481 1275/2/1481 1274/3/1481
f 1277/1/1481 1274/2/1481 1279/3/1481
f 1281/1/2936 1282/2/2936 1283/3/2936
f 1281/1/2936 1283/2/2936 1284/3/2936
f 1284/1/1470 1283/2/1470 1285/3/1470
f 1284/1/1470 1285/2/1470 1286/3/1470
f 1286/1/1 1285/2/1 1287/3/1
f 1286/1/1 1287/2/1 1288/3/1
f 1288/1/1469 1287/2/1469 1282/3/1469
f 1288/1/1469 1282/2/1469 1281/3/1469
f 1284/1/1453 1286/2/1453 1288/3/1453
f 1284/1/1453 1288/2/1453 1281/3/1453
f 1285/1/1481 1283/2/1481 1282/3/1481
f 1285/1/1481 1282/2/1481 1287/3/1481
f 1289/1/2785 1290/2/2785 1291/3/2785
f 1289/1/2785 1291/2/2785 1292/3/2785
f 1292/1/1239 1291/2/1239 1293/3/1239
f 1292/1/1239 1293/2/1239 1294/3/1239
f 1294/1/147 1293/2/147 1295/3/147
f 1294/1/147 1295/2/147 1296/3/147
f 1296/1/1696 1295/2/1696 1290/3/1696
f 1296/1/1696 1290/2/1696 1289/3/1696
f 1292/1/1453 1294/2/1453 1296/3/1453
f 1292/1/1453 1296/2/1453 1289/3/1453
f 1293/1/1481 1291/2/1481 1290/3/1481
f 1293/1/1481 1290/2/1481 1295/3/1481
f 1297/1/2528 1298/2/2528 1299/3/2528
f 1297/1/2528 1299/2/2528 1300/3/2528
f 1300/1/818 1299/2/818 1301/3/818
f 1300/1/818 1301/2/818 1302/3/818
f 1302/1/411 1301/2/411 1303/3/411
f 1302/1/411 1303/2/411 1304/3/411
f 1304/1/2125 1303/2/2125 1298/3/2125
f 1304/1/2125 1298/2/2125 1297/3/2125
f 1300/1/1453 1302/2/1453 1304/3/1453
f 1300/1/1453 1304/2/1453 1297/3/1453
f 1301/1/1481 1299/2/1481 1298/3/1481
f 1301/1/1481 1298/2/1481 1303/3/1481
f 1305/1/2358 1306/2/2358 1307/3/2358
f 1305/1/2358 1307/2/2358 1308/3/2358
f 1308/1/586 1307/2/586 1309/3/586
f 1308/1/586 1309/2/586 1310/3/586
f 1310/1/581 1309/2/581 1311/3/581
f 1310/1/581 1311/2/581 1312/3/581
f 1312/1/2361 1311/2/2361 1306/3/2361
f 1312/1/2361 1306/2/2361 1305/3/2361
f 1308/1/1453 1310/2/1453 1312/3/1453
f 1308/1/1453 1312/2/1453 1305/3/1453
f 1309/1/1481 1307/2/1481 1306/3/1481
f 1309/1/1481 1306/2/1481 1311/3/1481
f 1313/1/2121 1314/2/2121 1315/3/2121
f 1313/1/2121 1315/2/2121 1316/3/2121
f 1316/1/412 1315/2/412 1317/3/412
f 1316/1/412 1317/2/412 1318/3/412
f 1318/1/821 1317/2/821 1319/3/821
f 1318/1/821 1319/2/821 1320/3/821
f 1320/1/2526 1319/2/2526 1314/3/2526
f 1320/1/2526 1314/2/2526 1313/3/2526
f 1316/1/1453 1318/2/1453 1320/3/1453
f 1316/1/1453 1320/2/1453 1313/3/1453
f 1317/1/1481 1315/2/1481 1314/3/1481
f 1317/1/1481 1314/2/1481 1319/3/1481
f 1321/1/1693 1322/2/1693 1323/3/1693
f 1321/1/1693 1323/2/1693 1324/3/1693
f 1324/1/151 1323/2/151 1325/3/151
f 1324/1/151 1325/2/151 1326/3/151
f 1326/1/1243 1325/2/1243 1327/3/1243
f 1326/1/1243 1327/2/1243 1328/3/1243
f 1328/1/2782 1327/2/2782 1322/3/2782
f 1328/1/2782 1322/2/2782 1321/3/2782
f 1324/1/1453 1326/2/1453 1328/3/1453
f 1324/1/1453 1328/2/1453 1321/3/1453
f 1325/1/1481 1323/2/1481 1322/3/1481
f 1325/1/1481 1322/2/1481 1327/3/1481
f 1329/1/1470 1330/2/1470 1331/3/1470
f 1329/1/1470 1331/2/1470 1332/3/1470
f 1332/1/1 1331/2/1 1333/3/1
f 1332/1/1 1333/2/1 1334/3/1
f 1334/1/1469 1333/2/1469 1335/3/1469
f 1334/1/1469 1335/2/1469 1336/3/1469
f 1336/1/2936 1335/2/2936 1330/3/2936
f 1336/1/2936 1330/2/2936 1329/3/2936
f 1332/1/1453 1334/2/1453 1336/3/1453
f 1332/1/1453 1336/2/1453 1329/3/1453
f 1333/1/1481 1331/2/1481 1330/3/1481
f 1333/1/1481 1330/2/1481 1335/3/1481
f 1337/1/1242 1338/2/1242 1339/3/1242
f 1337/1/1242 1339/2/1242 1340/3/1242
f 1340/1/152 1339/2/152 1341/3/152
f 1340/1/152 1341/2/152 1342/3/152
f 1342/1/1692 1341/2/1692 1343/3/1692
f 1342/1/1692 1343/2/1692 1344/3/1692
f 1344/1/2781 1343/2/2781 1338/3/2781
f 1344/1/2781 1338/2/2781 1337/3/2781
f 1340/1/1453 1342/2/1453 1344/3/1453
f 1340/1/1453 1344/2/1453 1337/3/1453
f 1341/1/1481 1339/2/1481 1338/3/1481
f 1341/1/1481 1338/2/1481 1343/3/1481
f 1345/1/786 1346/2/786 1347/3/786
f 1345/1/786 1347/2/786 1348/3/786
f 1348/1/408 1347/2/408 1349/3/408
f 1348/1/408 1349/2/408 1350/3/408
f 1350/1/2157 1349/2/2157 1351/3/2157
f 1350/1/2157 1351/2/2157 1352/3/2157
f 1352/1/2530 1351/2/2530 1346/3/2530
f 1352/1/2530 1346/2/2530 1345/3/2530
f 1348/1/1453 1350/2/1453 1352/3/1453
f 1348/1/1453 1352/2/1453 1345/3/1453
f 1349/1/1481 1347/2/1481 1346/3/1481
f 1349/1/1481 1346/2/1481 1351/3/1481
f 1353/1/583 1354/2/583 1355/3/583
f 1353/1/583 1355/2/583 1356/3/583
f 1356/1/578 1355/2/578 1357/3/578
f 1356/1/578 1357/2/578 1358/3/578
f 1358/1/2360 1357/2/2360 1359/3/2360
f 1358/1/2360 1359/2/2360 1360/3/2360
f 1360/1/2354 1359/2/2354 1354/3/2354
f 1360/1/2354 1354/2/2354 1353/3/2354
f 1356/1/1453 1358/2/1453 1360/3/1453
f 1356/1/1453 1360/2/1453 1353/3/1453
f 1357/1/1481 1355/2/1481 1354/3/1481
f 1357/1/1481 1354/2/1481 1359/3/1481
f 1361/1/410 1362/2/410 1363/3/410
f 1361/1/410 1363/2/410 1364/3/410
f 1364/1/822 1363/2/822 1365/3/822
f 1364/1/822 1365/2/822 1366/3/822
f 1366/1/2527 1365/2/2527 1367/3/2527
f 1366/1/2527 1367/2/2527 1368/3/2527
f 1368/1/2119 1367/2/2119 1362/3/2119
f 1368/1/2119 1362/2/2119 1361/3/2119
f 1364/1/1453 1366/2/1453 1368/3/1453
f 1364/1/1453 1368/2/1453 1361/3/1453
f 1365/1/1481 1363/2/1481 1362/3/1481
f 1365/1/1481 1362/2/1481 1367/3/1481
f 1369/1/154 1370/2/154 1371/3/154
f 1369/1/154 1371/2/154 1372/3/154
f 1372/1/1241 1371/2/1241 1373/3/1241
f 1372/1/1241 1373/2/1241 1374/3/1241
f 1374/1/2780 1373/2/2780 1375/3/2780
f 1374/1/2780 1375/2/2780 1376/3/2780
f 1376/1/1694 1375/2/1694 1370/3/1694
f 1376/1/1694 1370/2/1694 1369/3/1694
f 1372/1/1453 1374/2/1453 1376/3/1453
f 1372/1/1453 1376/2/1453 1369/3/1453
f 1373/1/1481 1371/2/1481 1370/3/1481
f 1373/1/1481 1370/2/1481 1375/3/1481
f 1377/1/1403 1378/2/1403 1379/3/1403
f 1377/1/1400 1379/2/1400 1380/3/1400
f 1380/1/1254 1379/2/1254 1381/3/1254
f 1380/1/1255 1381/2/1255 1382/3/1255
f 1382/1/1089 1381/2/1089 1383/3/1089
f 1382/1/1088 1383/2/1088 1384/3/1088
f 1384/1/1023 1383/2/1023 1385/3/1023
f 1384/1/1020 1385/2/1020 1386/3/1020
f 1386/1/747 1385/2/747 1387/3/747
f 1386/1/750 1387/2/750 1388/3/750
f 1388/1/612 1387/2/612 1389/3/612
f 1388/1/611 1389/2/611 1390/3/611
f 1390/1/590 1389/2/590 1391/3/590
f 1390/1/589 1391/2/589 1392/3/589
f 1392/1/574 1391/2/574 1393/3/574
f 1392/1/577 1393/2/577 1394/3/577
f 1394/1/576 1393/2/576 1395/3/576
f 1394/1/575 1395/2/575 1396/3/575
f 1396/1/588 1395/2/588 1397/3/588
f 1396/1/587 1397/2/587 1398/3/587
f 1398/1/614 1397/2/614 1399/3/614
f 1398/1/613 1399/2/613 1400/3/613
f 1400/1/748 1399/2/748 1401/3/748
f 1400/1/749 1401/2/749 1402/3/749
f 1402/1/1021 1401/2/1021 1403/3/1021
f 1402/1/1022 1403/2/1022 1404/3/1022
f 1404/1/1086 1403/2/1086 1405/3/1086
f 1404/1/1087 1405/2/1087 1406/3/1087
f 1406/1/1252 1405/2/1252 1407/3/1252
f 1406/1/1253 1407/2/1253 1408/3/1253
f 1408/1/1402 1407/2/1402 1409/3/1402
f 1408/1/1401 1409/2/1401 1410/3/1401
f 1410/1/1534 1409/2/1534 1411/3/1534
f 1410/1/1535 1411/2/1535 1412/3/1535
f 1412/1/1680 1411/2/1680 1413/3/1680
f 1412/1/1681 1413/2/1681 1414/3/1681
f 1414/1/1847 1413/2/1847 1415/3/1847
f 1414/1/1844 1415/2/1844 1416/3/1844
f 1416/1/1911 1415/2/1911 1417/3/1911
f 1416/1/1912 1417/2/1912 1418/3/1912
f 1418/1/2189 1417/2/2189 1419/3/2189
f 1418/1/2192 1419/2/2192 1420/3/2192
f 1420/1/2326 1419/2/2326 1421/3/2326
f 1420/1/2328 1421/2/2328 1422/3/2328
f 1422/1/2353 1421/2/2353 1423/3/2353
f 1422/1/2352 1423/2/2352 1424/3/2352
f 1424/1/2366 1423/2/2366 1425/3/2366
f 1424/1/2363 1425/2/2363 1426/3/2363
f 1426/1/2364 1425/2/2364 1427/3/2364
f 1426/1/2365 1427/2/2365 1428/3/2365
f 1428/1/2351 1427/2/2351 1429/3/2351
f 1428/1/2350 1429/2/2350 1430/3/2350
f 1430/1/2329 1429/2/2329 1431/3/2329
f 1430/1/2327 1431/2/2327 1432/3/2327
f 1432/1/2191 1431/2/2191 1433/3/2191
f 1432/1/2190 1433/2/2190 1434/3/2190
f 1434/1/1914 1433/2/1914 1435/3/1914
f 1434/1/1913 1435/2/1913 1436/3/1913
f 1436/1/1846 1435/2/1846 1437/3/1846
f 1436/1/1845 1437/2/1845 1438/3/1845
f 1381/1/1481 1379/2/1481 1378/3/1481
f 1378/1/1481 1439/2/1481 1437/3/1481
f 1437/1/1481 1435/2/1481 1433/3/1481
f 1433/1/1481 1431/2/1481 1429/3/1481
f 1429/1/1481 1427/2/1481 1425/3/1481
f 1425/1/1481 1423/2/1481 1421/3/1481
f 1421/1/1481 1419/2/1481 1417/3/1481
f 1417/1/1481 1415/2/1481 1413/3/1481
f 1413/1/1481 1411/2/1481 1409/3/1481
f 1409/1/1481 1407/2/1481 1405/3/1481
f 1405/1/1481 1403/2/1481 1401/3/1481
f 1401/1/1481 1399/2/1481 1397/3/1481
f 1397/1/1481 1395/2/1481 1393/3/1481
f 1393/1/1481 1391/2/1481 1389/3/1481
f 1389/1/1481 1387/2/1481 1385/3/1481
f 1385/1/1481 1383/2/1481 1381/3/1481
f 1381/1/1481 1378/2/1481 1437/3/1481
f 1437/1/1481 1433/2/1481 1429/3/1481
f 1429/1/1481 1425/2/1481 1421/3/1481
f 1421/1/1481 1417/2/1481 1413/3/1481
f 1413/1/1481 1409/2/1481 1405/3/1481
f 1405/1/1481 1401/2/1481 1397/3/1481
f 1397/1/1481 1393/2/1481 1389/3/1481
f 1389/1/1481 1385/2/1481 1381/3/1481
f 1381/1/1481 1437/2/1481 1429/3/1481
f 1429/1/1481 1421/2/1481 1413/3/1481
f 1413/1/1481 1405/2/1481 1397/3/1481
f 1397/1/1481 1389/2/1481 1381/3/1481
f 1381/1/1481 1429/2/1481 1413/3/1481
f 1413/1/1481 1397/2/1481 1381/3/1481
f 1438/1/1682 1437/2/1682 1439/3/1682
f 1438/1/1683 1439/2/1683 1440/3/1683
f 1440/1/1533 1439/2/1533 1378/3/1533
f 1440/1/1536 1378/2/1536 1377/3/1536
f 1440/1/1453 1377/2/1453 1380/3/1453
f 1380/1/1453 1382/2/1453 1384/3/1453
f 1384/1/1453 1386/2/1453 1388/3/1453
f 1388/1/1453 1390/2/1453 1392/3/1453
f 1392/1/1453 1394/2/1453 1396/3/1453
f 1396/1/1453 1398/2/1453 1400/3/1453
f 1400/1/1453 1402/2/1453 1404/3/1453
f 1404/1/1453 1406/2/1453 1408/3/1453
f 1408/1/1453 1410/2/1453 1412/3/1453
f 1412/1/1453 1414/2/1453 1416/3/1453
f 1416/1/1453 1418/2/1453 1420/3/1453
f 1420/1/1453 1422/2/1453 1424/3/1453
f 1424/1/1453 1426/2/1453 1428/3/1453
f 1428/1/1453 1430/2/1453 1432/3/1453
f 1432/1/1453 1434/2/1453 1436/3/1453
f 1436/1/1453 1438/2/1453 1440/3/1453
f 1440/1/1453 1380/2/1453 1384/3/1453
f 1384/1/1453 1388/2/1453 1392/3/1453
f 1392/1/1453 1396/2/1453 1400/3/1453
f 1400/1/1453 1404/2/1453 1408/3/1453
f 1408/1/1453 1412/2/1453 1416/3/1453
f 1416/1/1453 1420/2/1453 1424/3/1453
f 1424/1/1453 1428/2/1453 1432/3/1453
f 1432/1/1453 1436/2/1453 1440/3/1453
f 1440/1/1453 1384/2/1453 1392/3/1453
f 1392/1/1453 1400/2/1453 1408/3/1453
f 1408/1/1453 1416/2/1453 1424/3/1453
f 1424/1/1453 1432/2/1453 1440/3/1453
f 1440/1/1453 1392/2/1453 1408/3/1453
f 1408/1/1453 1424/2/1453 1440/3/1453
f 1441/1/1313 1442/2/1313 1443/3/1313
f 1441/1/1313 1443/2/1313 1444/3/1313
f 1444/1/1113 1443/2/1113 1445/3/1113
f 1444/1/1113 1445/2/1113 1446/3/1113
f 1446/1/947 1445/2/947 1447/3/947
f 1446/1/947 1447/2/947 1448/3/947
f 1448/1/635 1447/2/635 1449/3/635
f 1448/1/635 1449/2/635 1450/3/635
f 1450/1/483 1449/2/483 1451/3/483
f 1450/1/483 1451/2/483 1452/3/483
f 1452/1/310 1451/2/310 1453/3/310
f 1452/1/310 1453/2/310 1454/3/310
f 1454/1/191 1453/2/191 1455/3/191
f 1454/1/191 1455/2/191 1456/3/191
f 1456/1/41 1455/2/41 1457/3/41
f 1456/1/41 1457/2/41 1458/3/41
f 1458/1/34 1457/2/34 1459/3/34
f 1458/1/34 1459/2/34 1460/3/34
f 1460/1/175 1459/2/175 1461/3/175
f 1460/1/175 1461/2/175 1462/3/175
f 1462/1/309 1461/2/309 1463/3/309
f 1462/1/309 1463/2/309 1464/3/309
f 1464/1/466 1463/2/466 1465/3/466
f 1464/1/466 1465/2/466 1466/3/466
f 1466/1/645 1465/2/645 1467/3/645
f 1466/1/645 1467/2/645 1468/3/645
f 1468/1/942 1467/2/942 1469/3/942
f 1468/1/942 1469/2/942 1470/3/942
f 1470/1/1102 1469/2/1102 1471/3/1102
f 1470/1/1102 1471/2/1102 1472/3/1102
f 1472/1/1305 1471/2/1305 1473/3/1305
f 1472/1/1305 1473/2/1305 1474/3/1305
f 1474/1/1623 1473/2/1623 1475/3/1623
f 1474/1/1623 1475/2/1623 1476/3/1623
f 1476/1/1824 1475/2/1824 1477/3/1824
f 1476/1/1824 1477/2/1824 1478/3/1824
f 1478/1/1982 1477/2/1982 1479/3/1982
f 1478/1/1982 1479/2/1982 1480/3/1982
f 1480/1/2298 1479/2/2298 1481/3/2298
f 1480/1/2298 1481/2/2298 1482/3/2298
f 1482/1/2470 1481/2/2470 1483/3/2470
f 1482/1/2470 1483/2/2470 1484/3/2470
f 1484/1/2604 1483/2/2604 1485/3/2604
f 1484/1/2604 1485/2/2604 1486/3/2604
f 1486/1/2760 1485/2/2760 1487/3/2760
f 1486/1/2760 1487/2/2760 1488/3/2760
f 1488/1/2901 1487/2/2901 1489/3/2901
f 1488/1/2901 1489/2/2901 1490/3/2901
f 1490/1/2902 1489/2/2902 1491/3/2902
f 1490/1/2902 1491/2/2902 1492/3/2902
f 1492/1/2745 1491/2/2745 1493/3/2745
f 1492/1/2745 1493/2/2745 1494/3/2745
f 1494/1/2635 1493/2/2635 1495/3/2635
f 1494/1/2635 1495/2/2635 1496/3/2635
f 1496/1/2460 1495/2/2460 1497/3/2460
f 1496/1/2460 1497/2/2460 1498/3/2460
f 1498/1/2310 1497/2/2310 1499/3/2310
f 1498/1/2310 1499/2/2310 1500/3/2310
f 1500/1/2008 1499/2/2008 1501/3/2008
f 1500/1/2008 1501/2/2008 1502/3/2008
f 1445/1/1481 1443/2/1481 1442/3/1481
f 1442/1/1481 1503/2/1481 1501/3/1481
f 1501/1/1481 1499/2/1481 1497/3/1481
f 1497/1/1481 1495/2/1481 1493/3/1481
f 1493/1/1481 1491/2/1481 1489/3/1481
f 1489/1/1481 1487/2/1481 1485/3/1481
f 1485/1/1481 1483/2/1481 1481/3/1481
f 1481/1/1481 1479/2/1481 1477/3/1481
f 1477/1/1481 1475/2/1481 1473/3/1481
f 1473/1/1481 1471/2/1481 1469/3/1481
f 1469/1/1481 1467/2/1481 1465/3/1481
f 1465/1/1481 1463/2/1481 1461/3/1481
f 1461/1/1481 1459/2/1481 1457/3/1481
f 1457/1/1481 1455/2/1481 1453/3/1481
f 1453/1/1481 1451/2/1481 1449/3/1481
f 1449/1/1481 1447/2/1481 1445/3/1481
f 1445/1/1481 1442/2/1481 1501/3/1481
f 1501/1/1481 1497/2/1481 1493/3/1481
f 1493/1/1481 1489/2/1481 1485/3/1481
f 1485/1/1481 1481/2/1481 1477/3/1481
f 1477/1/1481 1473/2/1481 1469/3/1481
f 1469/1/1481 1465/2/1481 1461/3/1481
f 1461/1/1481 1457/2/1481 1453/3/1481
f 1453/1/1481 1449/2/1481 1445/3/1481
f 1445/1/1481 1501/2/1481 1493/3/1481
f 1493/1/1481 1485/2/1481 1477/3/1481
f 1477/1/1481 1469/2/1481 1461/3/1481
f 1461/1/1481 1453/2/1481 1445/3/1481
f 1445/1/1481 1493/2/1481 1477/3/1481
f 1477/1/1481 1461/2/1481 1445/3/1481
f 1502/1/1826 1501/2/1826 1503/3/1826
f 1502/1/1826 1503/2/1826 1504/3/1826
f 1504/1/1619 1503/2/1619 1442/3/1619
f 1504/1/1619 1442/2/1619 1441/3/1619
f 1504/1/1453 1441/2/1453 1444/3/1453
f 1444/1/1453 1446/2/1453 1448/3/1453
f 1448/1/1453 1450/2/1453 1452/3/1453
f 1452/1/1453 1454/2/1453 1456/3/1453
f 1456/1/1453 1458/2/1453 1460/3/1453
f 1460/1/1453 1462/2/1453 1464/3/1453
f 1464/1/1453 1466/2/1453 1468/3/1453
f 1468/1/1453 1470/2/1453 1472/3/1453
f 1472/1/1453 1474/2/1453 1476/3/1453
f 1476/1/1453 1478/2/1453 1480/3/1453
f 1480/1/1453 1482/2/1453 1484/3/1453
f 1484/1/1453 1486/2/1453 1488/3/1453
f 1488/1/1453 1490/2/1453 1492/3/1453
f 1492/1/1453 1494/2/1453 1496/3/1453
f 1496/1/1453 1498/2/1453 1500/3/1453
f 1500/1/1453 1502/2/1453 1504/3/1453
f 1504/1/1453 1444/2/1453 1448/3/1453
f 1448/1/1453 1452/2/1453 1456/3/1453
f 1456/1/1453 1460/2/1453 1464/3/1453
f 1464/1/1453 1468/2/1453 1472/3/1453
f 1472/1/1453 1476/2/1453 1480/3/1453
f 1480/1/1453 1484/2/1453 1488/3/1453
f 1488/1/1453 1492/2/1453 1496/3/1453
f 1496/1/1453 1500/2/1453 1504/3/1453
f 1504/1/1453 1448/2/1453 1456/3/1453
f 1456/1/1453 1464/2/1453 1472/3/1453
f 1472/1/1453 1480/2/1453 1488/3/1453
f 1488/1/1453 1496/2/1453 1504/3/1453
f 1504/1/1455 1456/2/1455 1472/3/1455
f 1472/1/1453 1488/2/1453 1504/3/1453
f 1505/1/1301 1506/2/1301 1507/3/1301
f 1505/1/1301 1507/2/1301 1508/3/1301
f 1508/1/1119 1507/2/1119 1509/3/1119
f 1508/1/1119 1509/2/1119 1510/3/1119
f 1510/1/953 1509/2/953 1511/3/953
f 1510/1/953 1511/2/953 1512/3/953
f 1512/1/618 1511/2/618 1513/3/618
f 1512/1/618 1513/2/618 1514/3/618
f 1514/1/496 1513/2/496 1515/3/496
f 1514/1/496 1515/2/496 1516/3/496
f 1516/1/314 1515/2/314 1517/3/314
f 1516/1/314 1517/2/314 1518/3/314
f 1518/1/188 1517/2/188 1519/3/188
f 1518/1/188 1519/2/188 1520/3/188
f 1520/1/31 1519/2/31 1521/3/31
f 1520/1/31 1521/2/31 1522/3/31
f 1522/1/32 1521/2/32 1523/3/32
f 1522/1/32 1523/2/32 1524/3/32
f 1524/1/171 1523/2/171 1525/3/171
f 1524/1/171 1525/2/171 1526/3/171
f 1526/1/313 1525/2/313 1527/3/313
f 1526/1/313 1527/2/313 1528/3/313
f 1528/1/487 1527/2/487 1529/3/487
f 1528/1/487 1529/2/487 1530/3/487
f 1530/1/621 1529/2/621 1531/3/621
f 1530/1/621 1531/2/621 1532/3/621
f 1532/1/928 1531/2/928 1533/3/928
f 1532/1/928 1533/2/928 1534/3/928
f 1534/1/1106 1533/2/1106 1535/3/1106
f 1534/1/1106 1535/2/1106 1536/3/1106
f 1536/1/1311 1535/2/1311 1537/3/1311
f 1536/1/1311 1537/2/1311 1538/3/1311
f 1538/1/1622 1537/2/1622 1539/3/1622
f 1538/1/1622 1539/2/1622 1540/3/1622
f 1540/1/1818 1539/2/1818 1541/3/1818
f 1540/1/1818 1541/2/1818 1542/3/1818
f 1542/1/1988 1541/2/1988 1543/3/1988
f 1542/1/1988 1543/2/1988 1544/3/1988
f 1544/1/2313 1543/2/2313 1545/3/2313
f 1544/1/2313 1545/2/2313 1546/3/2313
f 1546/1/2458 1545/2/2458 1547/3/2458
f 1546/1/2458 1547/2/2458 1548/3/2458
f 1548/1/2600 1547/2/2600 1549/3/2600
f 1548/1/2600 1549/2/2600 1550/3/2600
f 1550/1/2757 1549/2/2757 1551/3/2757
f 1550/1/2757 1551/2/2757 1552/3/2757
f 1552/1/2894 1551/2/2894 1553/3/2894
f 1552/1/2894 1553/2/2894 1554/3/2894
f 1554/1/2893 1553/2/2893 1555/3/2893
f 1554/1/2893 1555/2/2893 1556/3/2893
f 1556/1/2756 1555/2/2756 1557/3/2756
f 1556/1/2756 1557/2/2756 1558/3/2756
f 1558/1/2632 1557/2/2632 1559/3/2632
f 1558/1/2632 1559/2/2632 1560/3/2632
f 1560/1/2452 1559/2/2452 1561/3/2452
f 1560/1/2452 1561/2/2452 1562/3/2452
f 1562/1/2319 1561/2/2319 1563/3/2319
f 1562/1/2319 1563/2/2319 1564/3/2319
f 1564/1/2007 1563/2/2007 1565/3/2007
f 1564/1/2007 1565/2/2007 1566/3/2007
f 1509/1/1481 1507/2/1481 1506/3/1481
f 1506/1/1481 1567/2/1481 1565/3/1481
f 1565/1/1481 1563/2/1481 1561/3/1481
f 1561/1/1481 1559/2/1481 1557/3/1481
f 1557/1/1481 1555/2/1481 1553/3/1481
f 1553/1/1481 1551/2/1481 1549/3/1481
f 1549/1/1481 1547/2/1481 1545/3/1481
f 1545/1/1481 1543/2/1481 1541/3/1481
f 1541/1/1481 1539/2/1481 1537/3/1481
f 1537/1/1481 1535/2/1481 1533/3/1481
f 1533/1/1481 1531/2/1481 1529/3/1481
f 1529/1/1481 1527/2/1481 1525/3/1481
f 1525/1/1481 1523/2/1481 1521/3/1481
f 1521/1/1481 1519/2/1481 1517/3/1481
f 1517/1/1481 1515/2/1481 1513/3/1481
f 1513/1/1481 1511/2/1481 1509/3/1481
f 1509/1/1481 1506/2/1481 1565/3/1481
f 1565/1/1481 1561/2/1481 1557/3/1481
f 1557/1/1481 1553/2/1481 1549/3/1481
f 1549/1/1481 1545/2/1481 1541/3/1481
f 1541/1/1481 1537/2/1481 1533/3/1481
f 1533/1/1481 1529/2/1481 1525/3/1481
f 1525/1/1481 1521/2/1481 1517/3/1481
f 1517/1/1481 1513/2/1481 1509/3/1481
f 1509/1/1481 1565/2/1481 1557/3/1481
f 1557/1/1481 1549/2/1481 1541/3/1481
f 1541/1/1481 1533/2/1481 1525/3/1481
f 1525/1/1481 1517/2/1481 1509/3/1481
f 1509/1/1481 1557/2/1481 1541/3/1481
f 1541/1/1481 1525/2/1481 1509/3/1481
f 1566/1/1828 1565/2/1828 1567/3/1828
f 1566/1/1828 1567/2/1828 1568/3/1828
f 1568/1/1634 1567/2/1634 1506/3/1634
f 1568/1/1634 1506/2/1634 1505/3/1634
f 1568/1/1453 1505/2/1453 1508/3/1453
f 1508/1/1453 1510/2/1453 1512/3/1453
f 1512/1/1453 1514/2/1453 1516/3/1453
f 1516/1/1453 1518/2/1453 1520/3/1453
f 1520/1/1453 1522/2/1453 1524/3/1453
f 1524/1/1453 1526/2/1453 1528/3/1453
f 1528/1/1453 1530/2/1453 1532/3/1453
f 1532/1/1453 1534/2/1453 1536/3/1453
f 1536/1/1453 1538/2/1453 1540/3/1453
f 1540/1/1453 1542/2/1453 1544/3/1453
f 1544/1/1453 1546/2/1453 1548/3/1453
f 1548/1/1453 1550/2/1453 1552/3/1453
f 1552/1/1453 1554/2/1453 1556/3/1453
f 1556/1/1453 1558/2/1453 1560/3/1453
f 1560/1/1453 1562/2/1453 1564/3/1453
f 1564/1/1453 1566/2/1453 1568/3/1453
f 1568/1/1453 1508/2/1453 1512/3/1453
f 1512/1/1453 1516/2/1453 1520/3/1453
f 1520/1/1453 1524/2/1453 1528/3/1453
f 1528/1/1453 1532/2/1453 1536/3/1453
f 1536/1/1453 1540/2/1453 1544/3/1453
f 1544/1/1453 1548/2/1453 1552/3/1453
f 1552/1/1453 1556/2/1453 1560/3/1453
f 1560/1/1453 1564/2/1453 1568/3/1453
f 1568/1/1453 1512/2/1453 1520/3/1453
f 1520/1/1453 1528/2/1453 1536/3/1453
f 1536/1/1453 1544/2/1453 1552/3/1453
f 1552/1/1453 1560/2/1453 1568/3/1453
f 1568/1/1454 1520/2/1454 1536/3/1454
f 1536/1/1453 1552/2/1453 1568/3/1453
f 1569/1/1399 1570/2/1399 1571/3/1399
f 1569/1/1399 1571/2/1399 1572/3/1399
f 1572/1/1251 1571/2/1251 1573/3/1251
f 1572/1/1251 1573/2/1251 1574/3/1251
f 1574/1/1067 1573/2/1067 1575/3/1067
f 1574/1/1067 1575/2/1067 1576/3/1067
f 1576/1/759 1575/2/759 1577/3/759
f 1576/1/759 1577/2/759 1578/3/759
f 1578/1/602 1577/2/602 1579/3/602
f 1578/1/602 1579/2/602 1580/3/602
f 1580/1/563 1579/2/563 1581/3/563
f 1580/1/563 1581/2/563 1582/3/563
f 1582/1/423 1581/2/423 1583/3/423
f 1582/1/423 1583/2/423 1584/3/423
f 1584/1/273 1583/2/273 1585/3/273
f 1584/1/273 1585/2/273 1586/3/273
f 1586/1/146 1585/2/146 1587/3/146
f 1586/1/146 1587/2/146 1588/3/146
f 1588/1/12 1587/2/12 1589/3/12
f 1588/1/12 1589/2/12 1590/3/12
f 1590/1/13 1589/2/13 1591/3/13
f 1590/1/13 1591/2/13 1592/3/13
f 1592/1/143 1591/2/143 1593/3/143
f 1592/1/143 1593/2/143 1594/3/143
f 1594/1/276 1593/2/276 1595/3/276
f 1594/1/276 1595/2/276 1596/3/276
f 1596/1/420 1595/2/420 1597/3/420
f 1596/1/420 1597/2/420 1598/3/420
f 1598/1/565 1597/2/565 1599/3/565
f 1598/1/565 1599/2/565 1600/3/565
f 1600/1/600 1599/2/600 1601/3/600
f 1600/1/600 1601/2/600 1602/3/600
f 1602/1/760 1601/2/760 1603/3/760
f 1602/1/760 1603/2/760 1604/3/760
f 1604/1/1069 1603/2/1069 1605/3/1069
f 1604/1/1069 1605/2/1069 1606/3/1069
f 1606/1/1249 1605/2/1249 1607/3/1249
f 1606/1/1249 1607/2/1249 1608/3/1249
f 1608/1/1396 1607/2/1396 1609/3/1396
f 1608/1/1396 1609/2/1396 1610/3/1396
f 1610/1/1538 1609/2/1538 1611/3/1538
f 1610/1/1538 1611/2/1538 1612/3/1538
f 1612/1/1685 1611/2/1685 1613/3/1685
f 1612/1/1685 1613/2/1685 1614/3/1685
f 1614/1/1863 1613/2/1863 1615/3/1863
f 1614/1/1863 1615/2/1863 1616/3/1863
f 1616/1/2178 1615/2/2178 1617/3/2178
f 1616/1/2178 1617/2/2178 1618/3/2178
f 1618/1/2340 1617/2/2340 1619/3/2340
f 1618/1/2340 1619/2/2340 1620/3/2340
f 1620/1/2375 1619/2/2375 1621/3/2375
f 1620/1/2375 1621/2/2375 1622/3/2375
f 1622/1/2517 1621/2/2517 1623/3/2517
f 1622/1/2517 1623/2/2517 1624/3/2517
f 1624/1/2663 1623/2/2663 1625/3/2663
f 1624/1/2663 1625/2/2663 1626/3/2663
f 1626/1/2789 1625/2/2789 1627/3/2789
f 1626/1/2789 1627/2/2789 1628/3/2789
f 1628/1/2919 1627/2/2919 1629/3/2919
f 1628/1/2919 1629/2/2919 1630/3/2919
f 1630/1/2921 1629/2/2921 1631/3/2921
f 1630/1/2921 1631/2/2921 1632/3/2921
f 1632/1/2788 1631/2/2788 1633/3/2788
f 1632/1/2788 1633/2/2788 1634/3/2788
f 1634/1/2660 1633/2/2660 1635/3/2660
f 1634/1/2660 1635/2/2660 1636/3/2660
f 1636/1/2516 1635/2/2516 1637/3/2516
f 1636/1/2516 1637/2/2516 1638/3/2516
f 1638/1/2378 1637/2/2378 1639/3/2378
f 1638/1/2378 1639/2/2378 1640/3/2378
f 1640/1/2339 1639/2/2339 1641/3/2339
f 1640/1/2339 1641/2/2339 1642/3/2339
f 1642/1/2180 1641/2/2180 1643/3/2180
f 1642/1/2180 1643/2/2180 1644/3/2180
f 1644/1/1862 1643/2/1862 1645/3/1862
f 1644/1/1862 1645/2/1862 1646/3/1862
f 1573/1/1481 1571/2/1481 1570/3/1481
f 1570/1/1481 1647/2/1481 1645/3/1481
f 1645/1/1481 1643/2/1481 1641/3/1481
f 1641/1/1481 1639/2/1481 1637/3/1481
f 1637/1/1481 1635/2/1481 1633/3/1481
f 1633/1/1481 1631/2/1481 1629/3/1481
f 1629/1/1481 1627/2/1481 1625/3/1481
f 1625/1/1481 1623/2/1481 1621/3/1481
f 1621/1/1481 1619/2/1481 1617/3/1481
f 1617/1/1481 1615/2/1481 1613/3/1481
f 1613/1/1481 1611/2/1481 1609/3/1481
f 1609/1/1481 1607/2/1481 1605/3/1481
f 1605/1/1481 1603/2/1481 1601/3/1481
f 1601/1/1481 1599/2/1481 1597/3/1481
f 1597/1/1481 1595/2/1481 1593/3/1481
f 1593/1/1481 1591/2/1481 1589/3/1481
f 1589/1/1481 1587/2/1481 1585/3/1481
f 1585/1/1481 1583/2/1481 1581/3/1481
f 1581/1/1481 1579/2/1481 1577/3/1481
f 1577/1/1481 1575/2/1481 1573/3/1481
f 1573/1/1481 1570/2/1481 1645/3/1481
f 1645/1/1481 1641/2/1481 1637/3/1481
f 1637/1/1481 1633/2/1481 1629/3/1481
f 1629/1/1481 1625/2/1481 1621/3/1481
f 1621/1/1481 1617/2/1481 1613/3/1481
f 1613/1/1481 1609/2/1481 1605/3/1481
f 1605/1/1481 1601/2/1481 1597/3/1481
f 1597/1/1481 1593/2/1481 1589/3/1481
f 1589/1/1481 1585/2/1481 1581/3/1481
f 1581/1/1481 1577/2/1481 1573/3/1481
f 1573/1/1481 1645/2/1481 1637/3/1481
f 1637/1/1481 1629/2/1481 1621/3/1481
f 1621/1/1481 1613/2/1481 1605/3/1481
f 1605/1/1481 1597/2/1481 1589/3/1481
f 1589/1/1481 1581/2/1481 1573/3/1481
f 1573/1/1481 1637/2/1481 1621/3/1481
f 1621/1/1481 1605/2/1481 1589/3/1481
f 1621/1/1481 1589/2/1481 1573/3/1481
f 1646/1/1687 1645/2/1687 1647/3/1687
f 1646/1/1687 1647/2/1687 1648/3/1687
f 1648/1/1539 1647/2/1539 1570/3/1539
f 1648/1/1539 1570/2/1539 1569/3/1539
f 1648/1/1453 1569/2/1453 1572/3/1453
f 1572/1/1453 1574/2/1453 1576/3/1453
f 1576/1/1453 1578/2/1453 1580/3/1453
f 1580/1/1453 1582/2/1453 1584/3/1453
f 1584/1/1453 1586/2/1453 1588/3/1453
f 1588/1/1453 1590/2/1453 1592/3/1453
f 1592/1/1453 1594/2/1453 1596/3/1453
f 1596/1/1453 1598/2/1453 1600/3/1453
f 1600/1/1453 1602/2/1453 1604/3/1453
f 1604/1/1453 1606/2/1453 1608/3/1453
f 1608/1/1453 1610/2/1453 1612/3/1453
f 1612/1/1453 1614/2/1453 1616/3/1453
f 1616/1/1453 1618/2/1453 1620/3/1453
f 1620/1/1453 1622/2/1453 1624/3/1453
f 1624/1/1453 1626/2/1453 1628/3/1453
f 1628/1/1453 1630/2/1453 1632/3/1453
f 1632/1/1453 1634/2/1453 1636/3/1453
f 1636/1/1453 1638/2/1453 1640/3/1453
f 1640/1/1453 1642/2/1453 1644/3/1453
f 1644/1/1453 1646/2/1453 1648/3/1453
f 1648/1/1453 1572/2/1453 1576/3/1453
f 1576/1/1453 1580/2/1453 1584/3/1453
f 1584/1/1453 1588/2/1453 1592/3/1453
f 1592/1/1453 1596/2/1453 1600/3/1453
f 1600/1/1453 1604/2/1453 1608/3/1453
f 1608/1/1453 1612/2/1453 1616/3/1453
f 1616/1/1453 1620/2/1453 1624/3/1453
f 1624/1/1453 1628/2/1453 1632/3/1453
f 1632/1/1453 1636/2/1453 1640/3/1453
f 1640/1/1453 1644/2/1453 1648/3/1453
f 1648/1/1453 1576/2/1453 1584/3/1453
f 1584/1/1453 1592/2/1453 1600/3/1453
f 1600/1/1453 1608/2/1453 1616/3/1453
f 1616/1/1453 1624/2/1453 1632/3/1453
f 1632/1/1453 1640/2/1453 1648/3/1453
f 1648/1/1453 1584/2/1453 1600/3/1453
f 1600/1/1453 1616/2/1453 1632/3/1453
f 1600/1/1453 1632/2/1453 1648/3/1453
f 1649/1/1 1650/2/1 1651/3/1
f 1649/1/1 1651/2/1 1652/3/1
f 1652/1/1469 1651/2/1469 1653/3/1469
f 1652/1/1469 1653/2/1469 1654/3/1469
f 1654/1/2936 1653/2/2936 1655/3/2936
f 1654/1/2936 1655/2/2936 1656/3/2936
f 1656/1/1470 1655/2/1470 1650/3/1470
f 1656/1/1470 1650/2/1470 1649/3/1470
f 1652/1/1453 1654/2/1453 1656/3/1453
f 1652/1/1453 1656/2/1453 1649/3/1453
f 1653/1/1481 1651/2/1481 1650/3/1481
f 1653/1/1481 1650/2/1481 1655/3/1481
f 1657/1/1321 1658/2/1321 1659/3/1321
f 1657/1/1321 1659/2/1321 1660/3/1321
f 1660/1/1111 1659/2/1111 1661/3/1111
f 1660/1/1111 1661/2/1111 1662/3/1111
f 1662/1/951 1661/2/951 1663/3/951
f 1662/1/951 1663/2/951 1664/3/951
f 1664/1/636 1663/2/636 1665/3/636
f 1664/1/636 1665/2/636 1666/3/636
f 1666/1/489 1665/2/489 1667/3/489
f 1666/1/489 1667/2/489 1668/3/489
f 1668/1/304 1667/2/304 1669/3/304
f 1668/1/304 1669/2/304 1670/3/304
f 1670/1/190 1669/2/190 1671/3/190
f 1670/1/190 1671/2/190 1672/3/190
f 1672/1/28 1671/2/28 1673/3/28
f 1672/1/28 1673/2/28 1674/3/28
f 1674/1/29 1673/2/29 1675/3/29
f 1674/1/29 1675/2/29 1676/3/29
f 1676/1/176 1675/2/176 1677/3/176
f 1676/1/176 1677/2/176 1678/3/176
f 1678/1/300 1677/2/300 1679/3/300
f 1678/1/300 1679/2/300 1680/3/300
f 1680/1/490 1679/2/490 1681/3/490
f 1680/1/490 1681/2/490 1682/3/490
f 1682/1/632 1681/2/632 1683/3/632
f 1682/1/632 1683/2/632 1684/3/632
f 1684/1/939 1683/2/939 1685/3/939
f 1684/1/939 1685/2/939 1686/3/939
f 1686/1/1103 1685/2/1103 1687/3/1103
f 1686/1/1103 1687/2/1103 1688/3/1103
f 1688/1/1312 1687/2/1312 1689/3/1312
f 1688/1/1312 1689/2/1312 1690/3/1312
f 1690/1/1620 1689/2/1620 1691/3/1620
f 1690/1/1620 1691/2/1620 1692/3/1620
f 1692/1/1816 1691/2/1816 1693/3/1816
f 1692/1/1816 1693/2/1816 1694/3/1816
f 1694/1/1986 1693/2/1986 1695/3/1986
f 1694/1/1986 1695/2/1986 1696/3/1986
f 1696/1/2307 1695/2/2307 1697/3/2307
f 1696/1/2307 1697/2/2307 1698/3/2307
f 1698/1/2455 1697/2/2455 1699/3/2455
f 1698/1/2455 1699/2/2455 1700/3/2455
f 1700/1/2621 1699/2/2621 1701/3/2621
f 1700/1/2621 1701/2/2621 1702/3/2621
f 1702/1/2748 1701/2/2748 1703/3/2748
f 1702/1/2748 1703/2/2748 1704/3/2748
f 1704/1/2906 1703/2/2906 1705/3/2906
f 1704/1/2906 1705/2/2906 1706/3/2906
f 1706/1/2905 1705/2/2905 1707/3/2905
f 1706/1/2905 1707/2/2905 1708/3/2905
f 1708/1/2758 1707/2/2758 1709/3/2758
f 1708/1/2758 1709/2/2758 1710/3/2758
f 1710/1/2620 1709/2/2620 1711/3/2620
f 1710/1/2620 1711/2/2620 1712/3/2620
f 1712/1/2476 1711/2/2476 1713/3/2476
f 1712/1/2476 1713/2/2476 1714/3/2476
f 1714/1/2318 1713/2/2318 1715/3/2318
f 1714/1/2318 1715/2/2318 1716/3/2318
f 1716/1/1983 1715/2/1983 1717/3/1983
f 1716/1/1983 1717/2/1983 1718/3/1983
f 1661/1/1481 1659/2/1481 1658/3/1481
f 1658/1/1481 1719/2/1481 1717/3/1481
f 1717/1/1481 1715/2/1481 1713/3/1481
f 1713/1/1481 1711/2/1481 1709/3/1481
f 1709/1/1481 1707/2/1481 1705/3/1481
f 1705/1/1481 1703/2/1481 1701/3/1481
f 1701/1/1481 1699/2/1481 1697/3/1481
f 1697/1/1481 1695/2/1481 1693/3/1481
f 1693/1/1481 1691/2/1481 1689/3/1481
f 1689/1/1481 1687/2/1481 1685/3/1481
f 1685/1/1481 1683/2/1481 1681/3/1481
f 1681/1/1481 1679/2/1481 1677/3/1481
f 1677/1/1481 1675/2/1481 1673/3/1481
f 1673/1/1481 1671/2/1481 1669/3/1481
f 1669/1/1481 1667/2/1481 1665/3/1481
f 1665/1/1481 1663/2/1481 1661/3/1481
f 1661/1/1481 1658/2/1481 1717/3/1481
f 1717/1/1481 1713/2/1481 1709/3/1481
f 1709/1/1481 1705/2/1481 1701/3/1481
f 1701/1/1481 1697/2/1481 1693/3/1481
f 1693/1/1481 1689/2/1481 1685/3/1481
f 1685/1/1481 1681/2/1481 1677/3/1481
f 1677/1/1481 1673/2/1481 1669/3/1481
f 1669/1/1481 1665/2/1481 1661/3/1481
f 1661/1/1481 1717/2/1481 1709/3/1481
f 1709/1/1481 1701/2/1481 1693/3/1481
f 1693/1/1481 1685/2/1481 1677/3/1481
f 1677/1/1481 1669/2/1481 1661/3/1481
f 1661/1/1481 1709/2/1481 1693/3/1481
f 1693/1/1481 1677/2/1481 1661/3/1481
f 1718/1/1837 1717/2/1837 1719/3/1837
f 1718/1/1837 1719/2/1837 1720/3/1837
f 1720/1/1611 1719/2/1611 1658/3/1611
f 1720/1/1611 1658/2/1611 1657/3/1611
f 1720/1/1453 1657/2/1453 1660/3/1453
f 1660/1/1453 1662/2/1453 1664/3/1453
f 1664/1/1453 1666/2/1453 1668/3/1453
f 1668/1/1453 1670/2/1453 1672/3/1453
f 1672/1/1453 1674/2/1453 1676/3/1453
f 1676/1/1453 1678/2/1453 1680/3/1453
f 1680/1/1453 1682/2/1453 1684/3/1453
f 1684/1/1453 1686/2/1453 1688/3/1453
f 1688/1/1453 1690/2/1453 1692/3/1453
f 1692/1/1453 1694/2/1453 1696/3/1453
f 1696/1/1453 1698/2/1453 1700/3/1453
f 1700/1/1453 1702/2/1453 1704/3/1453
f 1704/1/1453 1706/2/1453 1708/3/1453
f 1708/1/1453 1710/2/1453 1712/3/1453
f 1712/1/1453 1714/2/1453 1716/3/1453
f 1716/1/1453 1718/2/1453 1720/3/1453
f 1720/1/1453 1660/2/1453 1664/3/1453
f 1664/1/1453 1668/2/1453 1672/3/1453
f 1672/1/1453 1676/2/1453 1680/3/1453
f 1680/1/1453 1684/2/1453 1688/3/1453
f 1688/1/1453 1692/2/1453 1696/3/1453
f 1696/1/1453 1700/2/1453 1704/3/1453
f 1704/1/1453 1708/2/1453 1712/3/1453
f 1712/1/1453 1716/2/1453 1720/3/1453
f 1720/1/1453 1664/2/1453 1672/3/1453
f 1672/1/1453 1680/2/1453 1688/3/1453
f 1688/1/1453 1696/2/1453 1704/3/1453
f 1704/1/1453 1712/2/1453 1720/3/1453
f 1720/1/1453 1672/2/1453 1688/3/1453
f 1688/1/1453 1704/2/1453 1720/3/1453
usemtl dvss_3
f 1721/1/1269 1722/2/1269 1723/3/1269
f 1721/1/1284 1723/2/1284 1724/3/1284
f 1724/1/1071 1723/2/1071 1725/3/1071
f 1724/1/1071 1725/2/1071 1726/3/1071
f 1726/1/730 1725/2/730 1727/3/730
f 1726/1/729 1727/2/729 1728/3/729
f 1728/1/445 1727/2/445 1729/3/445
f 1728/1/445 1729/2/445 1730/3/445
f 1730/1/288 1729/2/288 1731/3/288
f 1730/1/289 1731/2/289 1732/3/289
f 1732/1/126 1731/2/126 1733/3/126
f 1732/1/126 1733/2/126 1734/3/126
f 1734/1/127 1733/2/127 1735/3/127
f 1734/1/127 1735/2/127 1736/3/127
f 1736/1/270 1735/2/270 1737/3/270
f 1736/1/270 1737/2/270 1738/3/270
f 1738/1/451 1737/2/451 1739/3/451
f 1738/1/451 1739/2/451 1740/3/451
f 1740/1/735 1739/2/735 1741/3/735
f 1740/1/735 1741/2/735 1742/3/735
f 1742/1/1048 1741/2/1048 1743/3/1048
f 1742/1/1048 1743/2/1048 1744/3/1048
f 1744/1/1278 1743/2/1278 1745/3/1278
f 1744/1/1278 1745/2/1278 1746/3/1278
f 1746/1/1658 1745/2/1658 1747/3/1658
f 1746/1/1657 1747/2/1657 1748/3/1657
f 1748/1/1858 1747/2/1858 1749/3/1858
f 1748/1/1858 1749/2/1858 1750/3/1858
f 1750/1/2211 1749/2/2211 1751/3/2211
f 1750/1/2210 1751/2/2210 1752/3/2210
f 1752/1/2494 1751/2/2494 1753/3/2494
f 1752/1/2494 1753/2/2494 1754/3/2494
f 1754/1/2649 1753/2/2649 1755/3/2649
f 1754/1/2649 1755/2/2649 1756/3/2649
f 1756/1/2805 1755/2/2805 1757/3/2805
f 1756/1/2813 1757/2/2813 1758/3/2813
f 1758/1/2802 1757/2/2802 1759/3/2802
f 1758/1/2812 1759/2/2812 1760/3/2812
f 1760/1/2668 1759/2/2668 1761/3/2668
f 1760/1/2668 1761/2/2668 1762/3/2668
f 1762/1/2488 1761/2/2488 1763/3/2488
f 1762/1/2488 1763/2/2488 1764/3/2488
f 1764/1/2205 1763/2/2205 1765/3/2205
f 1764/1/2205 1765/2/2205 1766/3/2205
f 1725/1/1469 1723/2/1469 1722/3/1469
f 1722/1/1469 1767/2/1469 1765/3/1469
f 1765/1/1469 1763/2/1469 1761/3/1469
f 1761/1/1469 1759/2/1469 1757/3/1469
f 1757/1/1469 1755/2/1469 1753/3/1469
f 1753/1/1469 1751/2/1469 1749/3/1469
f 1749/1/1513 1747/2/1513 1745/3/1513
f 1745/1/1469 1743/2/1469 1741/3/1469
f 1741/1/1469 1739/2/1469 1737/3/1469
f 1737/1/1469 1735/2/1469 1733/3/1469
f 1733/1/1517 1731/2/1517 1729/3/1517
f 1729/1/1469 1727/2/1469 1725/3/1469
f 1725/1/1469 1722/2/1469 1765/3/1469
f 1765/1/1469 1761/2/1469 1757/3/1469
f 1757/1/1469 1753/2/1469 1749/3/1469
f 1749/1/1499 1745/2/1499 1741/3/1499
f 1741/1/1469 1737/2/1469 1733/3/1469
f 1733/1/1434 1729/2/1434 1725/3/1434
f 1725/1/1469 1765/2/1469 1757/3/1469
f 1757/1/1497 1749/2/1497 1741/3/1497
f 1741/1/1498 1733/2/1498 1725/3/1498
f 1757/1/1488 1741/2/1488 1725/3/1488
f 1766/1/1886 1765/2/1886 1767/3/1886
f 1766/1/1886 1767/2/1886 1768/3/1886
f 1768/1/1665 1767/2/1665 1722/3/1665
f 1768/1/1652 1722/2/1652 1721/3/1652
f 1768/1/1470 1721/2/1470 1724/3/1470
f 1724/1/1511 1726/2/1511 1728/3/1511
f 1728/1/1470 1730/2/1470 1732/3/1470
f 1732/1/1470 1734/2/1470 1736/3/1470
f 1736/1/1470 1738/2/1470 1740/3/1470
f 1740/1/1470 1742/2/1470 1744/3/1470
f 1744/1/1470 1746/2/1470 1748/3/1470
f 1748/1/1512 1750/2/1512 1752/3/1512
f 1752/1/1470 1754/2/1470 1756/3/1470
f 1756/1/1470 1758/2/1470 1760/3/1470
f 1760/1/1470 1762/2/1470 1764/3/1470
f 1764/1/1470 1766/2/1470 1768/3/1470
f 1768/1/1467 1724/2/1467 1728/3/1467
f 1728/1/1470 1732/2/1470 1736/3/1470
f 1736/1/1470 1740/2/1470 1744/3/1470
f 1744/1/1466 1748/2/1466 1752/3/1466
f 1752/1/1470 1756/2/1470 1760/3/1470
f 1760/1/1470 1764/2/1470 1768/3/1470
f 1768/1/1441 1728/2/1441 1736/3/1441
f 1736/1/1443 1744/2/1443 1752/3/1443
f 1752/1/1470 1760/2/1470 1768/3/1470
f 1736/1/1447 1752/2/1447 1768/3/1447
usemtl dvss_4
f 1769/1/1297 1770/2/1297 1771/3/1297
f 1769/1/1299 1771/2/1299 1772/3/1299
f 1772/1/1134 1771/2/1134 1773/3/1134
f 1772/1/1109 1773/2/1109 1774/3/1109
f 1774/1/918 1773/2/918 1775/3/918
f 1774/1/933 1775/2/933 1776/3/933
f 1776/1/651 1775/2/651 1777/3/651
f 1776/1/623 1777/2/623 1778/3/623
f 1778/1/463 1777/2/463 1779/3/463
f 1778/1/488 1779/2/488 1780/3/488
f 1780/1/318 1779/2/318 1781/3/318
f 1780/1/317 1781/2/317 1782/3/317
f 1782/1/185 1781/2/185 1783/3/185
f 1782/1/184 1783/2/184 1784/3/184
f 1784/1/56 1783/2/56 1785/3/56
f 1784/1/52 1785/2/52 1786/3/52
f 1786/1/50 1785/2/50 1787/3/50
f 1786/1/51 1787/2/51 1788/3/51
f 1788/1/186 1787/2/186 1789/3/186
f 1788/1/155 1789/2/155 1790/3/155
f 1790/1/337 1789/2/337 1791/3/337
f 1790/1/319 1791/2/319 1792/3/319
f 1792/1/457 1791/2/457 1793/3/457
f 1792/1/497 1793/2/497 1794/3/497
f 1794/1/624 1793/2/624 1795/3/624
f 1794/1/652 1795/2/652 1796/3/652
f 1796/1/931 1795/2/931 1797/3/931
f 1796/1/932 1797/2/932 1798/3/932
f 1798/1/1108 1797/2/1108 1799/3/1108
f 1798/1/1107 1799/2/1107 1800/3/1107
f 1800/1/1298 1799/2/1298 1801/3/1298
f 1800/1/1291 1801/2/1291 1802/3/1291
f 1802/1/1638 1801/2/1638 1803/3/1638
f 1802/1/1639 1803/2/1639 1804/3/1639
f 1804/1/1834 1803/2/1834 1805/3/1834
f 1804/1/1801 1805/2/1801 1806/3/1801
f 1806/1/1991 1805/2/1991 1807/3/1991
f 1806/1/2014 1807/2/2014 1808/3/2014
f 1808/1/2314 1807/2/2314 1809/3/2314
f 1808/1/2291 1809/2/2291 1810/3/2291
f 1810/1/2457 1809/2/2457 1811/3/2457
f 1810/1/2479 1811/2/2479 1812/3/2479
f 1812/1/2619 1811/2/2619 1813/3/2619
f 1812/1/2619 1813/2/2619 1814/3/2619
f 1814/1/2747 1813/2/2747 1815/3/2747
f 1814/1/2747 1815/2/2747 1816/3/2747
f 1816/1/2888 1815/2/2888 1817/3/2888
f 1816/1/2881 1817/2/2881 1818/3/2881
f 1818/1/2886 1817/2/2886 1819/3/2886
f 1818/1/2887 1819/2/2887 1820/3/2887
f 1820/1/2774 1819/2/2774 1821/3/2774
f 1820/1/2746 1821/2/2746 1822/3/2746
f 1822/1/2618 1821/2/2618 1823/3/2618
f 1822/1/2602 1823/2/2602 1824/3/2602
f 1824/1/2443 1823/2/2443 1825/3/2443
f 1824/1/2483 1825/2/2483 1826/3/2483
f 1826/1/2289 1825/2/2289 1827/3/2289
f 1826/1/2315 1827/2/2315 1828/3/2315
f 1828/1/1992 1827/2/1992 1829/3/1992
f 1828/1/1992 1829/2/1992 1830/3/1992
f 1773/1/1469 1771/2/1469 1770/3/1469
f 1770/1/1469 1831/2/1469 1829/3/1469
f 1829/1/1469 1827/2/1469 1825/3/1469
f 1825/1/1469 1823/2/1469 1821/3/1469
f 1821/1/1469 1819/2/1469 1817/3/1469
f 1817/1/1469 1815/2/1469 1813/3/1469
f 1813/1/1522 1811/2/1522 1809/3/1522
f 1809/1/1469 1807/2/1469 1805/3/1469
f 1805/1/1469 1803/2/1469 1801/3/1469
f 1801/1/1469 1799/2/1469 1797/3/1469
f 1797/1/1469 1795/2/1469 1793/3/1469
f 1793/1/1469 1791/2/1469 1789/3/1469
f 1789/1/1469 1787/2/1469 1785/3/1469
f 1785/1/1469 1783/2/1469 1781/3/1469
f 1781/1/1469 1779/2/1469 1777/3/1469
f 1777/1/1519 1775/2/1519 1773/3/1519
f 1773/1/1469 1770/2/1469 1829/3/1469
f 1829/1/1469 1825/2/1469 1821/3/1469
f 1821/1/1469 1817/2/1469 1813/3/1469
f 1813/1/1426 1809/2/1426 1805/3/1426
f 1805/1/1469 1801/2/1469 1797/3/1469
f 1797/1/1469 1793/2/1469 1789/3/1469
f 1789/1/1469 1785/2/1469 1781/3/1469
f 1781/1/1514 1777/2/1514 1773/3/1514
f 1773/1/1469 1829/2/1469 1821/3/1469
f 1821/1/1508 1813/2/1508 1805/3/1508
f 1805/1/1469 1797/2/1469 1789/3/1469
f 1789/1/1507 1781/2/1507 1773/3/1507
f 1773/1/1487 1821/2/1487 1805/3/1487
f 1805/1/1486 1789/2/1486 1773/3/1486
f 1830/1/1835 1829/2/1835 1831/3/1835
f 1830/1/1835 1831/2/1835 1832/3/1835
f 1832/1/1645 1831/2/1645 1770/3/1645
f 1832/1/1640 1770/2/1640 1769/3/1640
f 1832/1/1470 1769/2/1470 1772/3/1470
f 1772/1/1470 1774/2/1470 1776/3/1470
f 1776/1/1414 1778/2/1414 1780/3/1414
f 1780/1/1470 1782/2/1470 1784/3/1470
f 1784/1/1470 1786/2/1470 1788/3/1470
f 1788/1/1470 1790/2/1470 1792/3/1470
f 1792/1/1470 1794/2/1470 1796/3/1470
f 1796/1/1470 1798/2/1470 1800/3/1470
f 1800/1/1470 1802/2/1470 1804/3/1470
f 1804/1/1470 1806/2/1470 1808/3/1470
f 1808/1/1415 1810/2/1415 1812/3/1415
f 1812/1/1470 1814/2/1470 1816/3/1470
f 1816/1/1470 1818/2/1470 1820/3/1470
f 1820/1/1470 1822/2/1470 1824/3/1470
f 1824/1/1470 1826/2/1470 1828/3/1470
f 1828/1/1470 1830/2/1470 1832/3/1470
f 1832/1/1470 1772/2/1470 1776/3/1470
f 1776/1/1423 1780/2/1423 1784/3/1423
f 1784/1/1470 1788/2/1470 1792/3/1470
f 1792/1/1470 1796/2/1470 1800/3/1470
f 1800/1/1470 1804/2/1470 1808/3/1470
f 1808/1/1424 1812/2/1424 1816/3/1424
f 1816/1/1470 1820/2/1470 1824/3/1470
f 1824/1/1470 1828/2/1470 1832/3/1470
f 1832/1/1490 1776/2/1490 1784/3/1490
f 1784/1/1470 1792/2/1470 1800/3/1470
f 1800/1/1489 1808/2/1489 1816/3/1489
f 1816/1/1470 1824/2/1470 1832/3/1470
f 1832/1/1445 1784/2/1445 1800/3/1445
f 1800/1/1446 1816/2/1446 1832/3/1446
f 1833/1/1205 1834/2/1205 1835/3/1205
f 1833/1/1201 1835/2/1201 1836/3/1201
f 1836/1/1905 1835/2/1905 1837/3/1905
f 1836/1/1906 1837/2/1906 1838/3/1906
f 1838/1/2642 1837/2/2642 1839/3/2642
f 1838/1/2643 1839/2/2643 1840/3/2643
f 1840/1/2511 1839/2/2511 1841/3/2511
f 1840/1/2512 1841/2/2512 1842/3/2512
f 1842/1/1735 1841/2/1735 1843/3/1735
f 1842/1/1734 1843/2/1734 1844/3/1734
f 1844/1/1029 1843/2/1029 1845/3/1029
f 1844/1/1028 1845/2/1028 1846/3/1028
f 1837/1/1703 1835/2/1703 1834/3/1703
f 1834/1/1719 1847/2/1719 1845/3/1719
f 1845/1/1712 1843/2/1712 1841/3/1712
f 1841/1/1718 1839/2/1718 1837/3/1718
f 1837/1/1707 1834/2/1707 1845/3/1707
f 1845/1/1715 1841/2/1715 1837/3/1715
f 1846/1/296 1845/2/296 1847/3/296
f 1846/1/292 1847/2/292 1848/3/292
f 1848/1/421 1847/2/421 1834/3/421
f 1848/1/424 1834/2/424 1833/3/424
f 1848/1/1233 1833/2/1233 1836/3/1233
f 1836/1/1217 1838/2/1217 1840/3/1217
f 1840/1/1230 1842/2/1230 1844/3/1230
f 1844/1/1218 1846/2/1218 1848/3/1218
f 1848/1/1229 1836/2/1229 1840/3/1229
f 1840/1/1231 1844/2/1231 1848/3/1231
f 1849/1/426 1850/2/426 1851/3/426
f 1849/1/429 1851/2/429 1852/3/429
f 1852/1/293 1851/2/293 1853/3/293
f 1852/1/295 1853/2/295 1854/3/295
f 1854/1/1032 1853/2/1032 1855/3/1032
f 1854/1/1031 1855/2/1031 1856/3/1031
f 1856/1/1730 1855/2/1730 1857/3/1730
f 1856/1/1731 1857/2/1731 1858/3/1731
f 1858/1/2515 1857/2/2515 1859/3/2515
f 1858/1/2514 1859/2/2514 1860/3/2514
f 1860/1/2641 1859/2/2641 1861/3/2641
f 1860/1/2640 1861/2/2640 1862/3/2640
f 1853/1/1721 1851/2/1721 1850/3/1721
f 1850/1/1710 1863/2/1710 1861/3/1710
f 1861/1/1722 1859/2/1722 1857/3/1722
f 1857/1/1705 1855/2/1705 1853/3/1705
f 1853/1/1716 1850/2/1716 1861/3/1716
f 1861/1/1708 1857/2/1708 1853/3/1708
f 1862/1/1902 1861/2/1902 1863/3/1902
f 1862/1/1908 1863/2/1908 1864/3/1908
f 1864/1/1204 1863/2/1204 1850/3/1204
f 1864/1/1200 1850/2/1200 1849/3/1200
f 1864/1/1212 1849/2/1212 1852/3/1212
f 1852/1/1215 1854/2/1215 1856/3/1215
f 1856/1/1220 1858/2/1220 1860/3/1220
f 1860/1/1235 1862/2/1235 1864/3/1235
f 1864/1/1221 1852/2/1221 1856/3/1221
f 1856/1/1222 1860/2/1222 1864/3/1222
f 1865/1/2518 1866/2/2518 1867/3/2518
f 1865/1/2513 1867/2/2513 1868/3/2513
f 1868/1/2644 1867/2/2644 1869/3/2644
f 1868/1/2639 1869/2/2639 1870/3/2639
f 1870/1/1904 1869/2/1904 1871/3/1904
f 1870/1/1907 1871/2/1907 1872/3/1907
f 1872/1/1202 1871/2/1202 1873/3/1202
f 1872/1/1206 1873/2/1206 1874/3/1206
f 1874/1/428 1873/2/428 1875/3/428
f 1874/1/427 1875/2/427 1876/3/427
f 1876/1/290 1875/2/290 1877/3/290
f 1876/1/297 1877/2/297 1878/3/297
f 1869/1/1214 1867/2/1214 1866/3/1214
f 1866/1/1234 1879/2/1234 1877/3/1234
f 1877/1/1216 1875/2/1216 1873/3/1216
f 1873/1/1228 1871/2/1228 1869/3/1228
f 1869/1/1232 1866/2/1232 1877/3/1232
f 1877/1/1227 1873/2/1227 1869/3/1227
f 1878/1/1027 1877/2/1027 1879/3/1027
f 1878/1/1026 1879/2/1026 1880/3/1026
f 1880/1/1732 1879/2/1732 1866/3/1732
f 1880/1/1728 1866/2/1728 1865/3/1728
f 1880/1/1706 1865/2/1706 1868/3/1706
f 1868/1/1723 1870/2/1723 1872/3/1723
f 1872/1/1700 1874/2/1700 1876/3/1700
f 1876/1/1713 1878/2/1713 1880/3/1713
f 1880/1/1704 1868/2/1704 1872/3/1704
f 1872/1/1702 1876/2/1702 1880/3/1702
f 1881/1/1733 1882/2/1733 1883/3/1733
f 1881/1/1729 1883/2/1729 1884/3/1729
f 1884/1/1033 1883/2/1033 1885/3/1033
f 1884/1/1030 1885/2/1030 1886/3/1030
f 1886/1/291 1885/2/291 1887/3/291
f 1886/1/294 1887/2/294 1888/3/294
f 1888/1/425 1887/2/425 1889/3/425
f 1888/1/422 1889/2/422 1890/3/422
f 1890/1/1203 1889/2/1203 1891/3/1203
f 1890/1/1207 1891/2/1207 1892/3/1207
f 1892/1/1901 1891/2/1901 1893/3/1901
f 1892/1/1903 1893/2/1903 1894/3/1903
f 1885/1/1226 1883/2/1226 1882/3/1226
f 1882/1/1219 1895/2/1219 1893/3/1219
f 1893/1/1225 1891/2/1225 1889/3/1225
f 1889/1/1213 1887/2/1213 1885/3/1213
f 1885/1/1223 1882/2/1223 1893/3/1223
f 1893/1/1224 1889/2/1224 1885/3/1224
f 1894/1/2645 1893/2/2645 1895/3/2645
f 1894/1/2646 1895/2/2646 1896/3/2646
f 1896/1/2510 1895/2/2510 1882/3/2510
f 1896/1/2509 1882/2/2509 1881/3/2509
f 1896/1/1717 1881/2/1717 1884/3/1717
f 1884/1/1701 1886/2/1701 1888/3/1701
f 1888/1/1709 1890/2/1709 1892/3/1709
f 1892/1/1720 1894/2/1720 1896/3/1720
f 1896/1/1711 1884/2/1711 1888/3/1711
f 1888/1/1714 1892/2/1714 1896/3/1714
f 1897/1/2882 1898/2/2882 1899/3/2882
f 1897/1/2882 1899/2/2882 1900/3/2882
f 1898/1/2778 1901/2/2778 1902/3/2778
f 1898/1/2778 1902/2/2778 1899/3/2778
f 1901/1/2607 1903/2/2607 1904/3/2607
f 1901/1/2607 1904/2/2607 1902/3/2607
f 1903/1/2444 1905/2/2444 1906/3/2444
f 1903/1/2444 1906/2/2444 1904/3/2444
f 1905/1/2324 1907/2/2324 1908/3/2324
f 1905/1/2324 1908/2/2324 1906/3/2324
f 1907/1/2006 1909/2/2006 1910/3/2006
f 1907/1/2006 1910/2/2006 1908/3/2006
f 1909/1/1800 1911/2/1800 1912/3/1800
f 1909/1/1800 1912/2/1800 1910/3/1800
f 1911/1/1643 1913/2/1643 1914/3/1643
f 1911/1/1643 1914/2/1643 1912/3/1643
f 1913/1/1294 1915/2/1294 1916/3/1294
f 1913/1/1294 1916/2/1294 1914/3/1294
f 1915/1/1135 1917/2/1135 1918/3/1135
f 1915/1/1135 1918/2/1135 1916/3/1135
f 1917/1/922 1919/2/922 1920/3/922
f 1917/1/922 1920/2/922 1918/3/922
f 1919/1/649 1921/2/649 1922/3/649
f 1919/1/649 1922/2/649 1920/3/649
f 1921/1/461 1923/2/461 1924/3/461
f 1921/1/461 1924/2/461 1922/3/461
f 1923/1/335 1925/2/335 1926/3/335
f 1923/1/335 1926/2/335 1924/3/335
f 1925/1/156 1927/2/156 1928/3/156
f 1925/1/156 1928/2/156 1926/3/156
f 1927/1/55 1929/2/55 1930/3/55
f 1927/1/55 1930/2/55 1928/3/55
f 1929/1/54 1931/2/54 1932/3/54
f 1929/1/54 1932/2/54 1930/3/54
f 1931/1/158 1933/2/158 1934/3/158
f 1931/1/158 1934/2/158 1932/3/158
f 1933/1/333 1935/2/333 1936/3/333
f 1933/1/333 1936/2/333 1934/3/333
f 1935/1/456 1937/2/456 1938/3/456
f 1935/1/456 1938/2/456 1936/3/456
f 1937/1/657 1939/2/657 1940/3/657
f 1937/1/657 1940/2/657 1938/3/657
f 1939/1/926 1941/2/926 1942/3/926
f 1939/1/926 1942/2/926 1940/3/926
f 1941/1/1130 1943/2/1130 1944/3/1130
f 1941/1/1130 1944/2/1130 1942/3/1130
f 1943/1/1293 1945/2/1293 1946/3/1293
f 1943/1/1293 1946/2/1293 1944/3/1293
f 1945/1/1642 1947/2/1642 1948/3/1642
f 1945/1/1642 1948/2/1642 1946/3/1642
f 1947/1/1803 1949/2/1803 1950/3/1803
f 1947/1/1803 1950/2/1803 1948/3/1803
f 1949/1/2005 1951/2/2005 1952/3/2005
f 1949/1/2005 1952/2/2005 1950/3/2005
f 1951/1/2285 1953/2/2285 1954/3/2285
f 1951/1/2285 1954/2/2285 1952/3/2285
f 1953/1/2478 1955/2/2478 1956/3/2478
f 1953/1/2478 1956/2/2478 1954/3/2478
f 1955/1/2609 1957/2/2609 1958/3/2609
f 1955/1/2609 1958/2/2609 1956/3/2609
f 1957/1/2777 1959/2/2777 1960/3/2777
f 1957/1/2777 1960/2/2777 1958/3/2777
f 1959/1/2883 1897/2/2883 1900/3/2883
f 1959/1/2883 1900/2/2883 1960/3/2883
f 1900/1/2824 1899/2/2824 1961/3/2824
f 1900/1/2841 1961/2/2841 1962/3/2841
f 1899/1/2736 1902/2/2736 1963/3/2736
f 1899/1/2676 1963/2/2676 1961/3/2676
f 1902/1/2550 1904/2/2550 1964/3/2550
f 1902/1/2575 1964/2/2575 1963/3/2575
f 1904/1/2396 1906/2/2396 1965/3/2396
f 1904/1/2435 1965/2/2435 1964/3/2435
f 1906/1/2272 1908/2/2272 1966/3/2272
f 1906/1/2264 1966/2/2264 1965/3/2264
f 1908/1/1944 1910/2/1944 1967/3/1944
f 1908/1/1961 1967/2/1961 1966/3/1961
f 1910/1/1736 1912/2/1736 1968/3/1736
f 1910/1/1746 1968/2/1746 1967/3/1746
f 1912/1/1580 1914/2/1580 1969/3/1580
f 1912/1/1570 1969/2/1570 1968/3/1570
f 1914/1/1356 1916/2/1356 1970/3/1356
f 1914/1/1366 1970/2/1366 1969/3/1366
f 1916/1/1199 1918/2/1199 1971/3/1199
f 1916/1/1189 1971/2/1189 1970/3/1189
f 1918/1/988 1920/2/988 1972/3/988
f 1918/1/972 1972/2/972 1971/3/972
f 1920/1/670 1922/2/670 1973/3/670
f 1920/1/678 1973/2/678 1972/3/678
f 1922/1/541 1924/2/541 1974/3/541
f 1922/1/505 1974/2/505 1973/3/505
f 1924/1/387 1926/2/387 1975/3/387
f 1924/1/362 1975/2/362 1974/3/362
f 1926/1/202 1928/2/202 1976/3/202
f 1926/1/261 1976/2/261 1975/3/261
f 1928/1/111 1930/2/111 1977/3/111
f 1928/1/91 1977/2/91 1976/3/91
f 1930/1/110 1932/2/110 1978/3/110
f 1930/1/90 1978/2/90 1977/3/90
f 1932/1/200 1934/2/200 1979/3/200
f 1932/1/198 1979/2/198 1978/3/198
f 1934/1/389 1936/2/389 1980/3/389
f 1934/1/402 1980/2/402 1979/3/402
f 1936/1/498 1938/2/498 1981/3/498
f 1936/1/539 1981/2/539 1980/3/539
f 1938/1/713 1940/2/713 1982/3/713
f 1938/1/676 1982/2/676 1981/3/676
f 1940/1/989 1942/2/989 1983/3/989
f 1940/1/973 1983/2/973 1982/3/973
f 1942/1/1178 1944/2/1178 1984/3/1178
f 1942/1/1191 1984/2/1191 1983/3/1191
f 1944/1/1354 1946/2/1354 1985/3/1354
f 1944/1/1364 1985/2/1364 1984/3/1364
f 1946/1/1582 1948/2/1582 1986/3/1582
f 1946/1/1572 1986/2/1572 1985/3/1572
f 1948/1/1757 1950/2/1757 1987/3/1757
f 1948/1/1744 1987/2/1744 1986/3/1744
f 1950/1/1946 1952/2/1946 1988/3/1946
f 1950/1/1962 1988/2/1962 1987/3/1962
f 1952/1/2228 1954/2/2228 1989/3/2228
f 1952/1/2265 1989/2/2265 1988/3/2265
f 1954/1/2442 1956/2/2442 1990/3/2442
f 1954/1/2404 1990/2/2404 1989/3/2404
f 1956/1/2549 1958/2/2549 1991/3/2549
f 1956/1/2537 1991/2/2537 1990/3/2537
f 1958/1/2735 1960/2/2735 1992/3/2735
f 1958/1/2737 1992/2/2737 1991/3/2737
f 1960/1/2825 1900/2/2825 1962/3/2825
f 1960/1/2843 1962/2/2843 1992/3/2843
f 1962/1/2836 1961/2/2836 1993/3/2836
f 1962/1/2874 1993/2/2874 1994/3/2874
f 1961/1/2675 1963/2/2675 1995/3/2675
f 1961/1/2703 1995/2/2703 1993/3/2703
f 1963/1/2578 1964/2/2578 1996/3/2578
f 1963/1/2576 1996/2/2576 1995/3/2576
f 1964/1/2433 1965/2/2433 1997/3/2433
f 1964/1/2382 1997/2/2382 1996/3/2382
f 1965/1/2269 1966/2/2269 1998/3/2269
f 1965/1/2232 1998/2/2232 1997/3/2232
f 1966/1/1960 1967/2/1960 1999/3/1960
f 1966/1/1973 1999/2/1973 1998/3/1973
f 1967/1/1745 1968/2/1745 2000/3/1745
f 1967/1/1771 2000/2/1771 1999/3/1771
f 1968/1/1571 1969/2/1571 2001/3/1571
f 1968/1/1557 2001/2/1557 2000/3/1557
f 1969/1/1365 1970/2/1365 2002/3/1365
f 1969/1/1379 2002/2/1379 2001/3/1379
f 1970/1/1190 1971/2/1190 2003/3/1190
f 1970/1/1163 2003/2/1163 2002/3/1163
f 1971/1/974 1972/2/974 2004/3/974
f 1971/1/960 2004/2/960 2003/3/960
f 1972/1/674 1973/2/674 2005/3/674
f 1972/1/712 2005/2/712 2004/3/712
f 1973/1/511 1974/2/511 2006/3/511
f 1973/1/559 2006/2/559 2005/3/559
f 1974/1/360 1975/2/360 2007/3/360
f 1974/1/363 2007/2/363 2006/3/363
f 1975/1/260 1976/2/260 2008/3/260
f 1975/1/231 2008/2/231 2007/3/231
f 1976/1/95 1977/2/95 2009/3/95
f 1976/1/60 2009/2/60 2008/3/60
f 1977/1/89 1978/2/89 2010/3/89
f 1977/1/118 2010/2/118 2009/3/118
f 1978/1/199 1979/2/199 2011/3/199
f 1978/1/217 2011/2/217 2010/3/217
f 1979/1/400 1980/2/400 2012/3/400
f 1979/1/342 2012/2/342 2011/3/342
f 1980/1/545 1981/2/545 2013/3/545
f 1980/1/561 2013/2/561 2012/3/561
f 1981/1/675 1982/2/675 2014/3/675
f 1981/1/667 2014/2/667 2013/3/667
f 1982/1/975 1983/2/975 2015/3/975
f 1982/1/958 2015/2/958 2014/3/958
f 1983/1/1192 1984/2/1192 2016/3/1192
f 1983/1/1197 2016/2/1197 2015/3/1197
f 1984/1/1357 1985/2/1357 2017/3/1357
f 1984/1/1381 2017/2/1381 2016/3/1381
f 1985/1/1579 1986/2/1579 2018/3/1579
f 1985/1/1555 2018/2/1555 2017/3/1555
f 1986/1/1743 1987/2/1743 2019/3/1743
f 1986/1/1738 2019/2/1738 2018/3/1738
f 1987/1/1959 1988/2/1959 2020/3/1959
f 1987/1/1975 2020/2/1975 2019/3/1975
f 1988/1/2267 1989/2/2267 2021/3/2267
f 1988/1/2274 2021/2/2274 2020/3/2274
f 1989/1/2399 1990/2/2399 2022/3/2399
f 1989/1/2380 2022/2/2380 2021/3/2380
f 1990/1/2538 1991/2/2538 2023/3/2538
f 1990/1/2595 2023/2/2595 2022/3/2595
f 1991/1/2738 1992/2/2738 2024/3/2738
f 1991/1/2719 2024/2/2719 2023/3/2719
f 1992/1/2849 1962/2/2849 1994/3/2849
f 1992/1/2818 1994/2/2818 2024/3/2818
f 1994/1/2877 1993/2/2877 2025/3/2877
f 1994/1/2815 2025/2/2815 2026/3/2815
f 1993/1/2706 1995/2/2706 2027/3/2706
f 1993/1/2720 2027/2/2720 2025/3/2720
f 1995/1/2573 1996/2/2573 2028/3/2573
f 1995/1/2565 2028/2/2565 2027/3/2565
f 1996/1/2381 1997/2/2381 2029/3/2381
f 1996/1/2388 2029/2/2388 2028/3/2388
f 1997/1/2233 1998/2/2233 2030/3/2233
f 1997/1/2225 2030/2/2225 2029/3/2225
f 1998/1/1978 1999/2/1978 2031/3/1978
f 1998/1/1968 2031/2/1968 2030/3/1968
f 1999/1/1768 2000/2/1768 2032/3/1768
f 1999/1/1751 2032/2/1751 2031/3/1751
f 2000/1/1559 2001/2/1559 2033/3/1559
f 2000/1/1595 2033/2/1595 2032/3/1595
f 2001/1/1376 2002/2/1376 2034/3/1376
f 2001/1/1341 2034/2/1341 2033/3/1341
f 2002/1/1167 2003/2/1167 2035/3/1167
f 2002/1/1184 2035/2/1184 2034/3/1184
f 2003/1/957 2004/2/957 2036/3/957
f 2003/1/966 2036/2/966 2035/3/966
f 2004/1/709 2005/2/709 2037/3/709
f 2004/1/717 2037/2/717 2036/3/717
f 2005/1/558 2006/2/558 2038/3/558
f 2005/1/552 2038/2/552 2037/3/552
f 2006/1/366 2007/2/366 2039/3/366
f 2006/1/374 2039/2/374 2038/3/374
f 2007/1/227 2008/2/227 2040/3/227
f 2007/1/215 2040/2/215 2039/3/215
f 2008/1/61 2009/2/61 2041/3/61
f 2008/1/121 2041/2/121 2040/3/121
f 2009/1/117 2010/2/117 2042/3/117
f 2009/1/62 2042/2/62 2041/3/62
f 2010/1/216 2011/2/216 2043/3/216
f 2010/1/257 2043/2/257 2042/3/257
f 2011/1/343 2012/2/343 2044/3/343
f 2011/1/368 2044/2/368 2043/3/368
f 2012/1/560 2013/2/560 2045/3/560
f 2012/1/537 2045/2/537 2044/3/537
f 2013/1/669 2014/2/669 2046/3/669
f 2013/1/661 2046/2/661 2045/3/661
f 2014/1/959 2015/2/959 2047/3/959
f 2014/1/1019 2047/2/1019 2046/3/1019
f 2015/1/1194 2016/2/1194 2048/3/1194
f 2015/1/1174 2048/2/1174 2047/3/1174
f 2016/1/1382 2017/2/1382 2049/3/1382
f 2016/1/1348 2049/2/1348 2048/3/1348
f 2017/1/1554 2018/2/1554 2050/3/1554
f 2017/1/1588 2050/2/1588 2049/3/1588
f 2018/1/1740 2019/2/1740 2051/3/1740
f 2018/1/1761 2051/2/1761 2050/3/1761
f 2019/1/1976 2020/2/1976 2052/3/1976
f 2019/1/1915 2052/2/1915 2051/3/1915
f 2020/1/2273 2021/2/2273 2053/3/2273
f 2020/1/2280 2053/2/2280 2052/3/2280
f 2021/1/2379 2022/2/2379 2054/3/2379
f 2021/1/2400 2054/2/2400 2053/3/2400
f 2022/1/2596 2023/2/2596 2055/3/2596
f 2022/1/2571 2055/2/2571 2054/3/2571
f 2023/1/2722 2024/2/2722 2056/3/2722
f 2023/1/2680 2056/2/2680 2055/3/2680
f 2024/1/2816 1994/2/2816 2026/3/2816
f 2024/1/2872 2026/2/2872 2056/3/2872
f 2026/1/2814 2025/2/2814 2057/3/2814
f 2026/1/2862 2057/2/2862 2058/3/2862
f 2025/1/2726 2027/2/2726 2059/3/2726
f 2025/1/2683 2059/2/2683 2057/3/2683
f 2027/1/2566 2028/2/2566 2060/3/2566
f 2027/1/2585 2060/2/2585 2059/3/2585
f 2028/1/2385 2029/2/2385 2061/3/2385
f 2028/1/2409 2061/2/2409 2060/3/2409
f 2029/1/2231 2030/2/2231 2062/3/2231
f 2029/1/2251 2062/2/2251 2061/3/2251
f 2030/1/1967 2031/2/1967 2063/3/1967
f 2030/1/1977 2063/2/1977 2062/3/1977
f 2031/1/1748 2032/2/1748 2064/3/1748
f 2031/1/1764 2064/2/1764 2063/3/1764
f 2032/1/1596 2033/2/1596 2065/3/1596
f 2032/1/1547 2065/2/1547 2064/3/1547
f 2033/1/1340 2034/2/1340 2066/3/1340
f 2033/1/1389 2066/2/1389 2065/3/1389
f 2034/1/1187 2035/2/1187 2067/3/1187
f 2034/1/1170 2067/2/1170 2066/3/1170
f 2035/1/967 2036/2/967 2068/3/967
f 2035/1/956 2068/2/956 2067/3/956
f 2036/1/711 2037/2/711 2069/3/711
f 2036/1/691 2069/2/691 2068/3/691
f 2037/1/554 2038/2/554 2070/3/554
f 2037/1/530 2070/2/530 2069/3/530
f 2038/1/373 2039/2/373 2071/3/373
f 2038/1/352 2071/2/352 2070/3/352
f 2039/1/212 2040/2/212 2072/3/212
f 2039/1/253 2072/2/253 2071/3/253
f 2040/1/120 2041/2/120 2073/3/120
f 2040/1/69 2073/2/69 2072/3/69
f 2041/1/63 2042/2/63 2074/3/63
f 2041/1/119 2074/2/119 2073/3/119
f 2042/1/256 2043/2/256 2075/3/256
f 2042/1/201 2075/2/201 2074/3/201
f 2043/1/370 2044/2/370 2076/3/370
f 2043/1/381 2076/2/381 2075/3/381
f 2044/1/534 2045/2/534 2077/3/534
f 2044/1/516 2077/2/516 2076/3/516
f 2045/1/665 2046/2/665 2078/3/665
f 2045/1/704 2078/2/704 2077/3/704
f 2046/1/1018 2047/2/1018 2079/3/1018
f 2046/1/998 2079/2/998 2078/3/998
f 2047/1/1168 2048/2/1168 2080/3/1168
f 2047/1/1141 2080/2/1141 2079/3/1141
f 2048/1/1350 2049/2/1350 2081/3/1350
f 2048/1/1395 2081/2/1395 2080/3/1395
f 2049/1/1586 2050/2/1586 2082/3/1586
f 2049/1/1541 2082/2/1541 2081/3/1541
f 2050/1/1767 2051/2/1767 2083/3/1767
f 2050/1/1794 2083/2/1794 2082/3/1794
f 2051/1/1916 2052/2/1916 2084/3/1916
f 2051/1/1936 2084/2/1936 2083/3/1936
f 2052/1/2279 2053/2/2279 2085/3/2279
f 2052/1/2239 2085/2/2239 2084/3/2239
f 2053/1/2407 2054/2/2407 2086/3/2407
f 2053/1/2423 2086/2/2423 2085/3/2423
f 2054/1/2568 2055/2/2568 2087/3/2568
f 2054/1/2557 2087/2/2557 2086/3/2557
f 2055/1/2679 2056/2/2679 2088/3/2679
f 2055/1/2733 2088/2/2733 2087/3/2733
f 2056/1/2873 2026/2/2873 2058/3/2873
f 2056/1/2819 2058/2/2819 2088/3/2819
f 2058/1/2861 2057/2/2861 2089/3/2861
f 2058/1/2828 2089/2/2828 2090/3/2828
f 2057/1/2684 2059/2/2684 2091/3/2684
f 2057/1/2711 2091/2/2711 2089/3/2711
f 2059/1/2584 2060/2/2584 2092/3/2584
f 2059/1/2559 2092/2/2559 2091/3/2559
f 2060/1/2406 2061/2/2406 2093/3/2406
f 2060/1/2426 2093/2/2426 2092/3/2426
f 2061/1/2253 2062/2/2253 2094/3/2253
f 2061/1/2230 2094/2/2230 2093/3/2230
f 2062/1/1974 2063/2/1974 2095/3/1974
f 2062/1/1956 2095/2/1956 2094/3/1956
f 2063/1/1769 2064/2/1769 2096/3/1769
f 2063/1/1752 2096/2/1752 2095/3/1752
f 2064/1/1548 2065/2/1548 2097/3/1548
f 2064/1/1589 2097/2/1589 2096/3/1589
f 2065/1/1388 2066/2/1388 2098/3/1388
f 2065/1/1347 2098/2/1347 2097/3/1347
f 2066/1/1166 2067/2/1166 2099/3/1166
f 2066/1/1183 2099/2/1183 2098/3/1183
f 2067/1/961 2068/2/961 2100/3/961
f 2067/1/978 2100/2/978 2099/3/978
f 2068/1/690 2069/2/690 2101/3/690
f 2068/1/715 2101/2/715 2100/3/715
f 2069/1/533 2070/2/533 2102/3/533
f 2069/1/514 2102/2/514 2101/3/514
f 2070/1/355 2071/2/355 2103/3/355
f 2070/1/379 2103/2/379 2102/3/379
f 2071/1/252 2072/2/252 2104/3/252
f 2071/1/224 2104/2/224 2103/3/224
f 2072/1/74 2073/2/74 2105/3/74
f 2072/1/108 2105/2/108 2104/3/108
f 2073/1/116 2074/2/116 2106/3/116
f 2073/1/58 2106/2/58 2105/3/58
f 2074/1/203 2075/2/203 2107/3/203
f 2074/1/228 2107/2/228 2106/3/228
f 2075/1/380 2076/2/380 2108/3/380
f 2075/1/405 2108/2/405 2107/3/405
f 2076/1/518 2077/2/518 2109/3/518
f 2076/1/521 2109/2/521 2108/3/521
f 2077/1/703 2078/2/703 2110/3/703
f 2077/1/664 2110/2/664 2109/3/664
f 2078/1/999 2079/2/999 2111/3/999
f 2078/1/1015 2111/2/1015 2110/3/1015
f 2079/1/1140 2080/2/1140 2112/3/1140
f 2079/1/1138 2112/2/1138 2111/3/1138
f 2080/1/1394 2081/2/1394 2113/3/1394
f 2080/1/1372 2113/2/1372 2112/3/1372
f 2081/1/1542 2082/2/1542 2114/3/1542
f 2081/1/1564 2114/2/1564 2113/3/1564
f 2082/1/1795 2083/2/1795 2115/3/1795
f 2082/1/1797 2115/2/1797 2114/3/1797
f 2083/1/1937 2084/2/1937 2116/3/1937
f 2083/1/1921 2116/2/1921 2115/3/1921
f 2084/1/2238 2085/2/2238 2117/3/2238
f 2084/1/2277 2117/2/2277 2116/3/2277
f 2085/1/2422 2086/2/2422 2118/3/2422
f 2085/1/2419 2118/2/2419 2117/3/2419
f 2086/1/2558 2087/2/2558 2119/3/2558
f 2086/1/2533 2119/2/2533 2118/3/2533
f 2087/1/2734 2088/2/2734 2120/3/2734
f 2087/1/2710 2120/2/2710 2119/3/2710
f 2088/1/2817 2058/2/2817 2090/3/2817
f 2088/1/2875 2090/2/2875 2120/3/2875
f 2090/1/2831 2089/2/2831 2121/3/2831
f 2090/1/2856 2121/2/2856 2122/3/2856
f 2089/1/2708 2091/2/2708 2123/3/2708
f 2089/1/2700 2123/2/2700 2121/3/2700
f 2091/1/2561 2092/2/2561 2124/3/2561
f 2091/1/2535 2124/2/2535 2123/3/2535
f 2092/1/2427 2093/2/2427 2125/3/2427
f 2092/1/2428 2125/2/2428 2124/3/2428
f 2093/1/2229 2094/2/2229 2126/3/2229
f 2093/1/2281 2126/2/2281 2125/3/2281
f 2094/1/1953 2095/2/1953 2127/3/1953
f 2094/1/1939 2127/2/1939 2126/3/1939
f 2095/1/1754 2096/2/1754 2128/3/1754
f 2095/1/1739 2128/2/1739 2127/3/1739
f 2096/1/1590 2097/2/1590 2129/3/1590
f 2096/1/1603 2129/2/1603 2128/3/1603
f 2097/1/1346 2098/2/1346 2130/3/1346
f 2097/1/1333 2130/2/1333 2129/3/1333
f 2098/1/1181 2099/2/1181 2131/3/1181
f 2098/1/1198 2131/2/1198 2130/3/1198
f 2099/1/981 2100/2/981 2132/3/981
f 2099/1/995 2132/2/995 2131/3/995
f 2100/1/710 2101/2/710 2133/3/710
f 2100/1/658 2133/2/658 2132/3/658
f 2101/1/512 2102/2/512 2134/3/512
f 2101/1/509 2134/2/509 2133/3/509
f 2102/1/378 2103/2/378 2135/3/378
f 2102/1/403 2135/2/403 2134/3/403
f 2103/1/229 2104/2/229 2136/3/229
f 2103/1/236 2136/2/236 2135/3/236
f 2104/1/102 2105/2/102 2137/3/102
f 2104/1/78 2137/2/78 2136/3/78
f 2105/1/59 2106/2/59 2138/3/59
f 2105/1/73 2138/2/73 2137/3/73
f 2106/1/230 2107/2/230 2139/3/230
f 2106/1/235 2139/2/235 2138/3/235
f 2107/1/404 2108/2/404 2140/3/404
f 2107/1/396 2140/2/396 2139/3/396
f 2108/1/527 2109/2/527 2141/3/527
f 2108/1/522 2141/2/522 2140/3/522
f 2109/1/663 2110/2/663 2142/3/663
f 2109/1/659 2142/2/659 2141/3/659
f 2110/1/1014 2111/2/1014 2143/3/1014
f 2110/1/1007 2143/2/1007 2142/3/1007
f 2111/1/1139 2112/2/1139 2144/3/1139
f 2111/1/1186 2144/2/1186 2143/3/1186
f 2112/1/1368 2113/2/1368 2145/3/1368
f 2112/1/1336 2145/2/1336 2144/3/1336
f 2113/1/1568 2114/2/1568 2146/3/1568
f 2113/1/1600 2146/2/1600 2145/3/1600
f 2114/1/1796 2115/2/1796 2147/3/1796
f 2114/1/1750 2147/2/1750 2146/3/1750
f 2115/1/1919 2116/2/1919 2148/3/1919
f 2115/1/1927 2148/2/1927 2147/3/1927
f 2116/1/2278 2117/2/2278 2149/3/2278
f 2116/1/2284 2149/2/2284 2148/3/2284
f 2117/1/2412 2118/2/2412 2150/3/2412
f 2117/1/2418 2150/2/2418 2149/3/2418
f 2118/1/2534 2119/2/2534 2151/3/2534
f 2118/1/2541 2151/2/2541 2150/3/2541
f 2119/1/2707 2120/2/2707 2152/3/2707
f 2119/1/2701 2152/2/2701 2151/3/2701
f 2120/1/2876 2090/2/2876 2122/3/2876
f 2120/1/2864 2122/2/2864 2152/3/2864
f 2122/1/2857 2121/2/2857 2153/3/2857
f 2122/1/2853 2153/2/2853 2154/3/2853
f 2121/1/2690 2123/2/2690 2155/3/2690
f 2121/1/2724 2155/2/2724 2153/3/2724
f 2123/1/2536 2124/2/2536 2156/3/2536
f 2123/1/2555 2156/2/2555 2155/3/2555
f 2124/1/2429 2125/2/2429 2157/3/2429
f 2124/1/2441 2157/2/2441 2156/3/2441
f 2125/1/2283 2126/2/2283 2158/3/2283
f 2125/1/2221 2158/2/2221 2157/3/2221
f 2126/1/1940 2127/2/1940 2159/3/1940
f 2126/1/1926 2159/2/1926 2158/3/1926
f 2127/1/1737 2128/2/1737 2160/3/1737
f 2127/1/1791 2160/2/1791 2159/3/1791
f 2128/1/1604 2129/2/1604 2161/3/1604
f 2128/1/1598 2161/2/1598 2160/3/1598
f 2129/1/1332 2130/2/1332 2162/3/1332
f 2129/1/1338 2162/2/1338 2161/3/1338
f 2130/1/1195 2131/2/1195 2163/3/1195
f 2130/1/1144 2163/2/1144 2162/3/1144
f 2131/1/994 2132/2/994 2164/3/994
f 2131/1/1008 2164/2/1008 2163/3/1008
f 2132/1/662 2133/2/662 2165/3/662
f 2132/1/721 2165/2/721 2164/3/721
f 2133/1/508 2134/2/508 2166/3/508
f 2133/1/499 2166/2/499 2165/3/499
f 2134/1/401 2135/2/401 2167/3/401
f 2134/1/382 2167/2/382 2166/3/382
f 2135/1/241 2136/2/241 2168/3/241
f 2135/1/211 2168/2/211 2167/3/211
f 2136/1/79 2137/2/79 2169/3/79
f 2136/1/82 2169/2/82 2168/3/82
f 2137/1/71 2138/2/71 2170/3/71
f 2137/1/70 2170/2/70 2169/3/70
f 2138/1/245 2139/2/245 2171/3/245
f 2138/1/259 2171/2/259 2170/3/259
f 2139/1/391 2140/2/391 2172/3/391
f 2139/1/364 2172/2/364 2171/3/364
f 2140/1/523 2141/2/523 2173/3/523
f 2140/1/507 2173/2/507 2172/3/507
f 2141/1/660 2142/2/660 2174/3/660
f 2141/1/708 2174/2/708 2173/3/708
f 2142/1/1010 2143/2/1010 2175/3/1010
f 2142/1/1011 2175/2/1011 2174/3/1011
f 2143/1/1182 2144/2/1182 2176/3/1182
f 2143/1/1151 2176/2/1151 2175/3/1151
f 2144/1/1339 2145/2/1339 2177/3/1339
f 2144/1/1334 2177/2/1334 2176/3/1334
f 2145/1/1597 2146/2/1597 2178/3/1597
f 2145/1/1602 2178/2/1602 2177/3/1602
f 2146/1/1753 2147/2/1753 2179/3/1753
f 2146/1/1784 2179/2/1784 2178/3/1784
f 2147/1/1924 2148/2/1924 2180/3/1924
f 2147/1/1923 2180/2/1923 2179/3/1923
f 2148/1/2282 2149/2/2282 2181/3/2282
f 2148/1/2235 2181/2/2235 2180/3/2235
f 2149/1/2417 2150/2/2417 2182/3/2417
f 2149/1/2431 2182/2/2431 2181/3/2431
f 2150/1/2547 2151/2/2547 2183/3/2547
f 2150/1/2574 2183/2/2574 2182/3/2574
f 2151/1/2694 2152/2/2694 2184/3/2694
f 2151/1/2678 2184/2/2678 2183/3/2678
f 2152/1/2866 2122/2/2866 2154/3/2866
f 2152/1/2867 2154/2/2867 2184/3/2867
f 2154/1/2852 2153/2/2852 2185/3/2852
f 2154/1/2871 2185/2/2871 2186/3/2871
f 2153/1/2723 2155/2/2723 2187/3/2723
f 2153/1/2691 2187/2/2691 2185/3/2691
f 2155/1/2556 2156/2/2556 2188/3/2556
f 2155/1/2539 2188/2/2539 2187/3/2539
f 2156/1/2440 2157/2/2440 2189/3/2440
f 2156/1/2414 2189/2/2414 2188/3/2414
f 2157/1/2222 2158/2/2222 2190/3/2222
f 2157/1/2245 2190/2/2245 2189/3/2245
f 2158/1/1928 2159/2/1928 2191/3/1928
f 2158/1/1941 2191/2/1941 2190/3/1941
f 2159/1/1790 2160/2/1790 2192/3/1790
f 2159/1/1799 2192/2/1799 2191/3/1799
f 2160/1/1594 2161/2/1594 2193/3/1594
f 2160/1/1544 2193/2/1544 2192/3/1544
f 2161/1/1342 2162/2/1342 2194/3/1342
f 2161/1/1393 2194/2/1393 2193/3/1393
f 2162/1/1145 2163/2/1145 2195/3/1145
f 2162/1/1136 2195/2/1136 2194/3/1136
f 2163/1/1006 2164/2/1006 2196/3/1006
f 2163/1/993 2196/2/993 2195/3/993
f 2164/1/720 2165/2/720 2197/3/720
f 2164/1/697 2197/2/697 2196/3/697
f 2165/1/500 2166/2/500 2198/3/500
f 2165/1/529 2198/2/529 2197/3/529
f 2166/1/383 2167/2/383 2199/3/383
f 2166/1/399 2199/2/399 2198/3/399
f 2167/1/213 2168/2/213 2200/3/213
f 2167/1/246 2200/2/246 2199/3/246
f 2168/1/80 2169/2/80 2201/3/80
f 2168/1/64 2201/2/64 2200/3/64
f 2169/1/72 2170/2/72 2202/3/72
f 2169/1/115 2202/2/115 2201/3/115
f 2170/1/258 2171/2/258 2203/3/258
f 2170/1/221 2203/2/221 2202/3/221
f 2171/1/365 2172/2/365 2204/3/365
f 2171/1/346 2204/2/346 2203/3/346
f 2172/1/510 2173/2/510 2205/3/510
f 2172/1/525 2205/2/525 2204/3/525
f 2173/1/707 2174/2/707 2206/3/707
f 2173/1/718 2206/2/718 2205/3/718
f 2174/1/1009 2175/2/1009 2207/3/1009
f 2174/1/977 2207/2/977 2206/3/977
f 2175/1/1158 2176/2/1158 2208/3/1158
f 2175/1/1173 2208/2/1173 2207/3/1173
f 2176/1/1335 2177/2/1335 2209/3/1335
f 2176/1/1374 2209/2/1374 2208/3/1374
f 2177/1/1601 2178/2/1601 2210/3/1601
f 2177/1/1563 2210/2/1563 2209/3/1563
f 2178/1/1777 2179/2/1777 2211/3/1777
f 2178/1/1762 2211/2/1762 2210/3/1762
f 2179/1/1925 2180/2/1925 2212/3/1925
f 2179/1/1957 2212/2/1957 2211/3/1957
f 2180/1/2234 2181/2/2234 2213/3/2234
f 2180/1/2223 2213/2/2223 2212/3/2223
f 2181/1/2430 2182/2/2430 2214/3/2430
f 2181/1/2416 2214/2/2416 2213/3/2416
f 2182/1/2572 2183/2/2572 2215/3/2572
f 2182/1/2592 2215/2/2592 2214/3/2592
f 2183/1/2677 2184/2/2677 2216/3/2677
f 2183/1/2715 2216/2/2715 2215/3/2715
f 2184/1/2865 2154/2/2865 2186/3/2865
f 2184/1/2820 2186/2/2820 2216/3/2820
f 2186/1/2870 2185/2/2870 2217/3/2870
f 2186/1/2855 2217/2/2855 2218/3/2855
f 2185/1/2693 2187/2/2693 2219/3/2693
f 2185/1/2681 2219/2/2681 2217/3/2681
f 2187/1/2542 2188/2/2542 2220/3/2542
f 2187/1/2587 2220/2/2587 2219/3/2587
f 2188/1/2410 2189/2/2410 2221/3/2410
f 2188/1/2439 2221/2/2439 2220/3/2439
f 2189/1/2250 2190/2/2250 2222/3/2250
f 2189/1/2237 2222/2/2237 2221/3/2237
f 2190/1/1935 2191/2/1935 2223/3/1935
f 2190/1/1971 2223/2/1971 2222/3/1971
f 2191/1/1798 2192/2/1798 2224/3/1798
f 2191/1/1741 2224/2/1741 2223/3/1741
f 2192/1/1543 2193/2/1543 2225/3/1543
f 2192/1/1591 2225/2/1591 2224/3/1591
f 2193/1/1392 2194/2/1392 2226/3/1392
f 2193/1/1344 2226/2/1344 2225/3/1344
f 2194/1/1137 2195/2/1137 2227/3/1137
f 2194/1/1196 2227/2/1196 2226/3/1196
f 2195/1/997 2196/2/997 2228/3/997
f 2195/1/963 2228/2/963 2227/3/963
f 2196/1/692 2197/2/692 2229/3/692
f 2196/1/705 2229/2/705 2228/3/705
f 2197/1/528 2198/2/528 2230/3/528
f 2197/1/501 2230/2/501 2229/3/501
f 2198/1/394 2199/2/394 2231/3/394
f 2198/1/348 2231/2/348 2230/3/348
f 2199/1/243 2200/2/243 2232/3/243
f 2199/1/255 2232/2/255 2231/3/255
f 2200/1/65 2201/2/65 2233/3/65
f 2200/1/81 2233/2/81 2232/3/81
f 2201/1/113 2202/2/113 2234/3/113
f 2201/1/109 2234/2/109 2233/3/109
f 2202/1/220 2203/2/220 2235/3/220
f 2202/1/206 2235/2/206 2234/3/206
f 2203/1/349 2204/2/349 2236/3/349
f 2203/1/397 2236/2/397 2235/3/397
f 2204/1/531 2205/2/531 2237/3/531
f 2204/1/553 2237/2/553 2236/3/553
f 2205/1/716 2206/2/716 2238/3/716
f 2205/1/706 2238/2/706 2237/3/706
f 2206/1/979 2207/2/979 2239/3/979
f 2206/1/964 2239/2/964 2238/3/964
f 2207/1/1172 2208/2/1172 2240/3/1172
f 2207/1/1159 2240/2/1159 2239/3/1159
f 2208/1/1373 2209/2/1373 2241/3/1373
f 2208/1/1358 2241/2/1358 2240/3/1358
f 2209/1/1562 2210/2/1562 2242/3/1562
f 2209/1/1578 2242/2/1578 2241/3/1578
f 2210/1/1763 2211/2/1763 2243/3/1763
f 2210/1/1776 2243/2/1776 2242/3/1776
f 2211/1/1954 2212/2/1954 2244/3/1954
f 2211/1/1969 2244/2/1969 2243/3/1969
f 2212/1/2227 2213/2/2227 2245/3/2227
f 2212/1/2236 2245/2/2236 2244/3/2236
f 2213/1/2411 2214/2/2411 2246/3/2411
f 2213/1/2387 2246/2/2387 2245/3/2387
f 2214/1/2591 2215/2/2591 2247/3/2591
f 2214/1/2543 2247/2/2543 2246/3/2543
f 2215/1/2716 2216/2/2716 2248/3/2716
f 2215/1/2730 2248/2/2730 2247/3/2730
f 2216/1/2823 2186/2/2823 2218/3/2823
f 2216/1/2826 2218/2/2826 2248/3/2826
f 2218/1/2854 2217/2/2854 2249/3/2854
f 2218/1/2829 2249/2/2829 2250/3/2829
f 2217/1/2682 2219/2/2682 2251/3/2682
f 2217/1/2692 2251/2/2692 2249/3/2692
f 2219/1/2583 2220/2/2583 2252/3/2583
f 2219/1/2580 2252/2/2580 2251/3/2580
f 2220/1/2438 2221/2/2438 2253/3/2438
f 2220/1/2434 2253/2/2434 2252/3/2434
f 2221/1/2242 2222/2/2242 2254/3/2242
f 2221/1/2241 2254/2/2241 2253/3/2241
f 2222/1/1964 2223/2/1964 2255/3/1964
f 2222/1/1952 2255/2/1952 2254/3/1952
f 2223/1/1742 2224/2/1742 2256/3/1742
f 2223/1/1759 2256/2/1759 2255/3/1759
f 2224/1/1592 2225/2/1592 2257/3/1592
f 2224/1/1566 2257/2/1566 2256/3/1566
f 2225/1/1345 2226/2/1345 2258/3/1345
f 2225/1/1370 2258/2/1370 2257/3/1370
f 2226/1/1193 2227/2/1193 2259/3/1193
f 2226/1/1176 2259/2/1176 2258/3/1176
f 2227/1/969 2228/2/969 2260/3/969
f 2227/1/982 2260/2/982 2259/3/982
f 2228/1/700 2229/2/700 2261/3/700
f 2228/1/701 2261/2/701 2260/3/701
f 2229/1/502 2230/2/502 2262/3/502
f 2229/1/506 2262/2/506 2261/3/506
f 2230/1/354 2231/2/354 2263/3/354
f 2230/1/359 2263/2/359 2262/3/359
f 2231/1/254 2232/2/254 2264/3/254
f 2231/1/242 2264/2/242 2263/3/242
f 2232/1/83 2233/2/83 2265/3/83
f 2232/1/107 2265/2/107 2264/3/107
f 2233/1/105 2234/2/105 2266/3/105
f 2233/1/75 2266/2/75 2265/3/75
f 2234/1/208 2235/2/208 2267/3/208
f 2234/1/244 2267/2/244 2266/3/244
f 2235/1/393 2236/2/393 2268/3/393
f 2235/1/347 2268/2/347 2267/3/347
f 2236/1/551 2237/2/551 2269/3/551
f 2236/1/550 2269/2/550 2268/3/550
f 2237/1/698 2238/2/698 2270/3/698
f 2237/1/666 2270/2/666 2269/3/666
f 2238/1/970 2239/2/970 2271/3/970
f 2238/1/1017 2271/2/1017 2270/3/1017
f 2239/1/1152 2240/2/1152 2272/3/1152
f 2239/1/1146 2272/2/1146 2271/3/1146
f 2240/1/1362 2241/2/1362 2273/3/1362
f 2240/1/1377 2273/2/1377 2272/3/1377
f 2241/1/1574 2242/2/1574 2274/3/1574
f 2241/1/1560 2274/2/1560 2273/3/1560
f 2242/1/1783 2243/2/1783 2275/3/1783
f 2242/1/1789 2275/2/1789 2274/3/1789
f 2243/1/1965 2244/2/1965 2276/3/1965
f 2243/1/1917 2276/2/1917 2275/3/1917
f 2244/1/2243 2245/2/2243 2277/3/2243
f 2244/1/2276 2277/2/2276 2276/3/2276
f 2245/1/2390 2246/2/2390 2278/3/2390
f 2245/1/2392 2278/2/2392 2277/3/2392
f 2246/1/2544 2247/2/2544 2279/3/2544
f 2246/1/2589 2279/2/2589 2278/3/2589
f 2247/1/2729 2248/2/2729 2280/3/2729
f 2247/1/2696 2280/2/2696 2279/3/2696
f 2248/1/2827 2218/2/2827 2250/3/2827
f 2248/1/2859 2250/2/2859 2280/3/2859
f 2250/1/2830 2249/2/2830 2281/3/2830
f 2250/1/2847 2281/2/2847 2282/3/2847
f 2249/1/2698 2251/2/2698 2283/3/2698
f 2249/1/2709 2283/2/2709 2281/3/2709
f 2251/1/2564 2252/2/2564 2284/3/2564
f 2251/1/2594 2284/2/2594 2283/3/2594
f 2252/1/2432 2253/2/2432 2285/3/2432
f 2252/1/2383 2285/2/2383 2284/3/2383
f 2253/1/2246 2254/2/2246 2286/3/2246
f 2253/1/2270 2286/2/2270 2285/3/2270
f 2254/1/1949 2255/2/1949 2287/3/1949
f 2254/1/1922 2287/2/1922 2286/3/1922
f 2255/1/1766 2256/2/1766 2288/3/1766
f 2255/1/1781 2288/2/1781 2287/3/1781
f 2256/1/1558 2257/2/1558 2289/3/1558
f 2256/1/1551 2289/2/1551 2288/3/1551
f 2257/1/1378 2258/2/1378 2290/3/1378
f 2257/1/1385 2290/2/1385 2289/3/1385
f 2258/1/1169 2259/2/1169 2291/3/1169
f 2258/1/1154 2291/2/1154 2290/3/1154
f 2259/1/985 2260/2/985 2292/3/985
f 2259/1/1016 2292/2/1016 2291/3/1016
f 2260/1/693 2261/2/693 2293/3/693
f 2260/1/672 2293/2/672 2292/3/672
f 2261/1/513 2262/2/513 2294/3/513
f 2261/1/557 2294/2/557 2293/3/557
f 2262/1/371 2263/2/371 2295/3/371
f 2262/1/344 2295/2/344 2294/3/344
f 2263/1/238 2264/2/238 2296/3/238
f 2263/1/226 2296/2/226 2295/3/226
f 2264/1/104 2265/2/104 2297/3/104
f 2264/1/86 2297/2/86 2296/3/86
f 2265/1/77 2266/2/77 2298/3/77
f 2265/1/87 2298/2/87 2297/3/87
f 2266/1/237 2267/2/237 2299/3/237
f 2266/1/248 2299/2/248 2298/3/248
f 2267/1/350 2268/2/350 2300/3/350
f 2267/1/386 2300/2/386 2299/3/386
f 2268/1/549 2269/2/549 2301/3/549
f 2268/1/503 2301/2/503 2300/3/503
f 2269/1/668 2270/2/668 2302/3/668
f 2269/1/679 2302/2/679 2301/3/679
f 2270/1/1013 2271/2/1013 2303/3/1013
f 2270/1/976 2303/2/976 2302/3/976
f 2271/1/1148 2272/2/1148 2304/3/1148
f 2271/1/1155 2304/2/1155 2303/3/1155
f 2272/1/1371 2273/2/1371 2305/3/1371
f 2272/1/1386 2305/2/1386 2304/3/1386
f 2273/1/1565 2274/2/1565 2306/3/1565
f 2273/1/1550 2306/2/1550 2305/3/1550
f 2274/1/1787 2275/2/1787 2307/3/1787
f 2274/1/1780 2307/2/1780 2306/3/1780
f 2275/1/1920 2276/2/1920 2308/3/1920
f 2275/1/1958 2308/2/1958 2307/3/1958
f 2276/1/2275 2277/2/2275 2309/3/2275
f 2276/1/2262 2309/2/2262 2308/3/2262
f 2277/1/2389 2278/2/2389 2310/3/2389
f 2277/1/2437 2310/2/2437 2309/3/2437
f 2278/1/2590 2279/2/2590 2311/3/2590
f 2278/1/2553 2311/2/2553 2310/3/2553
f 2279/1/2699 2280/2/2699 2312/3/2699
f 2279/1/2689 2312/2/2689 2311/3/2689
f 2280/1/2858 2250/2/2858 2282/3/2858
f 2280/1/2848 2282/2/2848 2312/3/2848
f 2282/1/2844 2281/2/2844 2313/3/2844
f 2282/1/2850 2313/2/2850 2314/3/2850
f 2281/1/2712 2283/2/2712 2315/3/2712
f 2281/1/2705 2315/2/2705 2313/3/2705
f 2283/1/2593 2284/2/2593 2316/3/2593
f 2283/1/2570 2316/2/2570 2315/3/2570
f 2284/1/2384 2285/2/2384 2317/3/2384
f 2284/1/2402 2317/2/2402 2316/3/2402
f 2285/1/2271 2286/2/2271 2318/3/2271
f 2285/1/2224 2318/2/2224 2317/3/2224
f 2286/1/1918 2287/2/1918 2319/3/1918
f 2286/1/1972 2319/2/1972 2318/3/1972
f 2287/1/1779 2288/2/1779 2320/3/1779
f 2287/1/1772 2320/2/1772 2319/3/1772
f 2288/1/1552 2289/2/1552 2321/3/1552
f 2288/1/1569 2321/2/1569 2320/3/1569
f 2289/1/1384 2290/2/1384 2322/3/1384
f 2289/1/1367 2322/2/1367 2321/3/1367
f 2290/1/1156 2291/2/1156 2323/3/1156
f 2290/1/1165 2323/2/1165 2322/3/1165
f 2291/1/1012 2292/2/1012 2324/3/1012
f 2291/1/962 2324/2/962 2323/3/962
f 2292/1/671 2293/2/671 2325/3/671
f 2292/1/719 2325/2/719 2324/3/719
f 2293/1/556 2294/2/556 2326/3/556
f 2293/1/535 2326/2/535 2325/3/535
f 2294/1/345 2295/2/345 2327/3/345
f 2294/1/372 2327/2/372 2326/3/372
f 2295/1/225 2296/2/225 2328/3/225
f 2295/1/234 2328/2/234 2327/3/234
f 2296/1/92 2297/2/92 2329/3/92
f 2296/1/85 2329/2/85 2328/3/85
f 2297/1/94 2298/2/94 2330/3/94
f 2297/1/103 2330/2/103 2329/3/103
f 2298/1/240 2299/2/240 2331/3/240
f 2298/1/204 2331/2/204 2330/3/204
f 2299/1/384 2300/2/384 2332/3/384
f 2299/1/395 2332/2/395 2331/3/395
f 2300/1/504 2301/2/504 2333/3/504
f 2300/1/547 2333/2/547 2332/3/547
f 2301/1/682 2302/2/682 2334/3/682
f 2301/1/687 2334/2/687 2333/3/687
f 2302/1/980 2303/2/980 2335/3/980
f 2302/1/986 2335/2/986 2334/3/986
f 2303/1/1157 2304/2/1157 2336/3/1157
f 2303/1/1150 2336/2/1150 2335/3/1150
f 2304/1/1383 2305/2/1383 2337/3/1383
f 2304/1/1349 2337/2/1349 2336/3/1349
f 2305/1/1553 2306/2/1553 2338/3/1553
f 2305/1/1587 2338/2/1587 2337/3/1587
f 2306/1/1778 2307/2/1778 2339/3/1778
f 2306/1/1785 2339/2/1785 2338/3/1785
f 2307/1/1955 2308/2/1955 2340/3/1955
f 2307/1/1948 2340/2/1948 2339/3/1948
f 2308/1/2260 2309/2/2260 2341/3/2260
f 2308/1/2255 2341/2/2255 2340/3/2255
f 2309/1/2436 2310/2/2436 2342/3/2436
f 2309/1/2394 2342/2/2394 2341/3/2394
f 2310/1/2554 2311/2/2554 2343/3/2554
f 2310/1/2545 2343/2/2545 2342/3/2545
f 2311/1/2695 2312/2/2695 2344/3/2695
f 2311/1/2732 2344/2/2732 2343/3/2732
f 2312/1/2845 2282/2/2845 2314/3/2845
f 2312/1/2834 2314/2/2834 2344/3/2834
f 2314/1/2851 2313/2/2851 2345/3/2851
f 2314/1/2821 2345/2/2821 2346/3/2821
f 2313/1/2704 2315/2/2704 2347/3/2704
f 2313/1/2728 2347/2/2728 2345/3/2728
f 2315/1/2563 2316/2/2563 2348/3/2563
f 2315/1/2560 2348/2/2560 2347/3/2560
f 2316/1/2408 2317/2/2408 2349/3/2408
f 2316/1/2425 2349/2/2425 2348/3/2425
f 2317/1/2226 2318/2/2226 2350/3/2226
f 2317/1/2261 2350/2/2261 2349/3/2261
f 2318/1/1970 2319/2/1970 2351/3/1970
f 2318/1/1930 2351/2/1930 2350/3/1930
f 2319/1/1774 2320/2/1774 2352/3/1774
f 2319/1/1755 2352/2/1755 2351/3/1755
f 2320/1/1561 2321/2/1561 2353/3/1561
f 2320/1/1567 2353/2/1567 2352/3/1567
f 2321/1/1375 2322/2/1375 2354/3/1375
f 2321/1/1369 2354/2/1369 2353/3/1369
f 2322/1/1161 2323/2/1161 2355/3/1161
f 2322/1/1180 2355/2/1180 2354/3/1180
f 2323/1/965 2324/2/965 2356/3/965
f 2323/1/1005 2356/2/1005 2355/3/1005
f 2324/1/714 2325/2/714 2357/3/714
f 2324/1/681 2357/2/681 2356/3/681
f 2325/1/532 2326/2/532 2358/3/532
f 2325/1/515 2358/2/515 2357/3/515
f 2326/1/375 2327/2/375 2359/3/375
f 2326/1/377 2359/2/377 2358/3/377
f 2327/1/232 2328/2/232 2360/3/232
f 2327/1/207 2360/2/207 2359/3/207
f 2328/1/84 2329/2/84 2361/3/84
f 2328/1/114 2361/2/114 2360/3/114
f 2329/1/101 2330/2/101 2362/3/101
f 2329/1/66 2362/2/66 2361/3/66
f 2330/1/205 2331/2/205 2363/3/205
f 2330/1/251 2363/2/251 2362/3/251
f 2331/1/390 2332/2/390 2364/3/390
f 2331/1/358 2364/2/358 2363/3/358
f 2332/1/546 2333/2/546 2365/3/546
f 2332/1/555 2365/2/555 2364/3/555
f 2333/1/685 2334/2/685 2366/3/685
f 2333/1/702 2366/2/702 2365/3/702
f 2334/1/987 2335/2/987 2367/3/987
f 2334/1/983 2367/2/983 2366/3/983
f 2335/1/1149 2336/2/1149 2368/3/1149
f 2335/1/1160 2368/2/1160 2367/3/1160
f 2336/1/1351 2337/2/1351 2369/3/1351
f 2336/1/1360 2369/2/1360 2368/3/1360
f 2337/1/1585 2338/2/1585 2370/3/1585
f 2337/1/1576 2370/2/1576 2369/3/1576
f 2338/1/1786 2339/2/1786 2371/3/1786
f 2338/1/1775 2371/2/1775 2370/3/1775
f 2339/1/1947 2340/2/1947 2372/3/1947
f 2339/1/1950 2372/2/1950 2371/3/1950
f 2340/1/2257 2341/2/2257 2373/3/2257
f 2340/1/2240 2373/2/2240 2372/3/2240
f 2341/1/2393 2342/2/2393 2374/3/2393
f 2341/1/2386 2374/2/2386 2373/3/2386
f 2342/1/2548 2343/2/2548 2375/3/2548
f 2342/1/2579 2375/2/2579 2374/3/2579
f 2343/1/2731 2344/2/2731 2376/3/2731
f 2343/1/2686 2376/2/2686 2375/3/2686
f 2344/1/2832 2314/2/2832 2346/3/2832
f 2344/1/2869 2346/2/2869 2376/3/2869
f 2346/1/2822 2345/2/2822 2377/3/2822
f 2346/1/2863 2377/2/2863 2378/3/2863
f 2345/1/2727 2347/2/2727 2379/3/2727
f 2345/1/2717 2379/2/2717 2377/3/2717
f 2347/1/2562 2348/2/2562 2380/3/2562
f 2347/1/2546 2380/2/2546 2379/3/2546
f 2348/1/2424 2349/2/2424 2381/3/2424
f 2348/1/2413 2381/2/2413 2380/3/2413
f 2349/1/2263 2350/2/2263 2382/3/2263
f 2349/1/2249 2382/2/2249 2381/3/2249
f 2350/1/1929 2351/2/1929 2383/3/1929
f 2350/1/1966 2383/2/1966 2382/3/1966
f 2351/1/1760 2352/2/1760 2384/3/1760
f 2351/1/1749 2384/2/1749 2383/3/1749
f 2352/1/1556 2353/2/1556 2385/3/1556
f 2352/1/1577 2385/2/1577 2384/3/1577
f 2353/1/1380 2354/2/1380 2386/3/1380
f 2353/1/1359 2386/2/1359 2385/3/1359
f 2354/1/1175 2355/2/1175 2387/3/1175
f 2354/1/1185 2387/2/1185 2386/3/1185
f 2355/1/1004 2356/2/1004 2388/3/1004
f 2355/1/968 2388/2/968 2387/3/968
f 2356/1/680 2357/2/680 2389/3/680
f 2356/1/696 2389/2/696 2388/3/696
f 2357/1/517 2358/2/517 2390/3/517
f 2357/1/526 2390/2/526 2389/3/526
f 2358/1/376 2359/2/376 2391/3/376
f 2358/1/392 2391/2/392 2390/3/392
f 2359/1/209 2360/2/209 2392/3/209
f 2359/1/219 2392/2/219 2391/3/219
f 2360/1/112 2361/2/112 2393/3/112
f 2360/1/68 2393/2/68 2392/3/68
f 2361/1/67 2362/2/67 2394/3/67
f 2361/1/106 2394/2/106 2393/3/106
f 2362/1/249 2363/2/249 2395/3/249
f 2362/1/250 2395/2/250 2394/3/250
f 2363/1/361 2364/2/361 2396/3/361
f 2363/1/353 2396/2/353 2395/3/353
f 2364/1/548 2365/2/548 2397/3/548
f 2364/1/524 2397/2/524 2396/3/524
f 2365/1/699 2366/2/699 2398/3/699
f 2365/1/688 2398/2/688 2397/3/688
f 2366/1/984 2367/2/984 2399/3/984
f 2366/1/992 2399/2/992 2398/3/992
f 2367/1/1153 2368/2/1153 2400/3/1153
f 2367/1/1177 2400/2/1177 2399/3/1177
f 2368/1/1363 2369/2/1363 2401/3/1363
f 2368/1/1337 2401/2/1337 2400/3/1337
f 2369/1/1573 2370/2/1573 2402/3/1573
f 2369/1/1599 2402/2/1599 2401/3/1599
f 2370/1/1782 2371/2/1782 2403/3/1782
f 2370/1/1758 2403/2/1758 2402/3/1758
f 2371/1/1951 2372/2/1951 2404/3/1951
f 2371/1/1942 2404/2/1942 2403/3/1942
f 2372/1/2244 2373/2/2244 2405/3/2244
f 2372/1/2254 2405/2/2254 2404/3/2254
f 2373/1/2391 2374/2/2391 2406/3/2391
f 2373/1/2415 2406/2/2415 2405/3/2415
f 2374/1/2577 2375/2/2577 2407/3/2577
f 2374/1/2586 2407/2/2586 2406/3/2586
f 2375/1/2687 2376/2/2687 2408/3/2687
f 2375/1/2685 2408/2/2685 2407/3/2685
f 2376/1/2868 2346/2/2868 2378/3/2868
f 2376/1/2833 2378/2/2833 2408/3/2833
f 2378/1/2860 2377/2/2860 2409/3/2860
f 2378/1/2837 2409/2/2837 2410/3/2837
f 2377/1/2718 2379/2/2718 2411/3/2718
f 2377/1/2725 2411/2/2725 2409/3/2725
f 2379/1/2540 2380/2/2540 2412/3/2540
f 2379/1/2551 2412/2/2551 2411/3/2551
f 2380/1/2420 2381/2/2420 2413/3/2420
f 2380/1/2395 2413/2/2395 2412/3/2395
f 2381/1/2252 2382/2/2252 2414/3/2252
f 2381/1/2268 2414/2/2268 2413/3/2268
f 2382/1/1963 2383/2/1963 2415/3/1963
f 2382/1/1932 2415/2/1932 2414/3/1932
f 2383/1/1747 2384/2/1747 2416/3/1747
f 2383/1/1770 2416/2/1770 2415/3/1770
f 2384/1/1584 2385/2/1584 2417/3/1584
f 2384/1/1583 2417/2/1583 2416/3/1583
f 2385/1/1352 2386/2/1352 2418/3/1352
f 2385/1/1353 2418/2/1353 2417/3/1353
f 2386/1/1188 2387/2/1188 2419/3/1188
f 2386/1/1164 2419/2/1164 2418/3/1164
f 2387/1/971 2388/2/971 2420/3/971
f 2387/1/1003 2420/2/1003 2419/3/1003
f 2388/1/689 2389/2/689 2421/3/689
f 2388/1/673 2421/2/673 2420/3/673
f 2389/1/520 2390/2/520 2422/3/520
f 2389/1/544 2422/2/544 2421/3/544
f 2390/1/398 2391/2/398 2423/3/398
f 2390/1/388 2423/2/388 2422/3/388
f 2391/1/218 2392/2/218 2424/3/218
f 2391/1/210 2424/2/210 2423/3/210
f 2392/1/76 2393/2/76 2425/3/76
f 2392/1/99 2425/2/99 2424/3/99
f 2393/1/100 2394/2/100 2426/3/100
f 2393/1/88 2426/2/88 2425/3/88
f 2394/1/247 2395/2/247 2427/3/247
f 2394/1/239 2427/2/239 2426/3/239
f 2395/1/356 2396/2/356 2428/3/356
f 2395/1/351 2428/2/351 2427/3/351
f 2396/1/519 2397/2/519 2429/3/519
f 2396/1/538 2429/2/538 2428/3/538
f 2397/1/686 2398/2/686 2430/3/686
f 2397/1/695 2430/2/695 2429/3/695
f 2398/1/996 2399/2/996 2431/3/996
f 2398/1/1002 2431/2/1002 2430/3/1002
f 2399/1/1171 2400/2/1171 2432/3/1171
f 2399/1/1142 2432/2/1142 2431/3/1142
f 2400/1/1343 2401/2/1343 2433/3/1343
f 2400/1/1391 2433/2/1391 2432/3/1391
f 2401/1/1593 2402/2/1593 2434/3/1593
f 2401/1/1545 2434/2/1545 2433/3/1545
f 2402/1/1765 2403/2/1765 2435/3/1765
f 2402/1/1793 2435/2/1793 2434/3/1793
f 2403/1/1938 2404/2/1938 2436/3/1938
f 2403/1/1931 2436/2/1931 2435/3/1931
f 2404/1/2256 2405/2/2256 2437/3/2256
f 2404/1/2248 2437/2/2248 2436/3/2248
f 2405/1/2421 2406/2/2421 2438/3/2421
f 2405/1/2403 2438/2/2403 2437/3/2403
f 2406/1/2582 2407/2/2582 2439/3/2582
f 2406/1/2588 2439/2/2588 2438/3/2588
f 2407/1/2688 2408/2/2688 2440/3/2688
f 2407/1/2697 2440/2/2697 2439/3/2697
f 2408/1/2835 2378/2/2835 2410/3/2835
f 2408/1/2846 2410/2/2846 2440/3/2846
f 2410/1/2840 2409/2/2840 2441/3/2840
f 2410/1/2838 2441/2/2838 2442/3/2838
f 2409/1/2721 2411/2/2721 2443/3/2721
f 2409/1/2714 2443/2/2714 2441/3/2714
f 2411/1/2552 2412/2/2552 2444/3/2552
f 2411/1/2567 2444/2/2567 2443/3/2567
f 2412/1/2401 2413/2/2401 2445/3/2401
f 2412/1/2398 2445/2/2398 2444/3/2398
f 2413/1/2266 2414/2/2266 2446/3/2266
f 2413/1/2259 2446/2/2259 2445/3/2259
f 2414/1/1934 2415/2/1934 2447/3/1934
f 2414/1/1943 2447/2/1943 2446/3/1943
f 2415/1/1773 2416/2/1773 2448/3/1773
f 2415/1/1756 2448/2/1756 2447/3/1756
f 2416/1/1575 2417/2/1575 2449/3/1575
f 2416/1/1581 2449/2/1581 2448/3/1581
f 2417/1/1361 2418/2/1361 2450/3/1361
f 2417/1/1355 2450/2/1355 2449/3/1355
f 2418/1/1162 2419/2/1162 2451/3/1162
f 2418/1/1179 2451/2/1179 2450/3/1179
f 2419/1/1000 2420/2/1000 2452/3/1000
f 2419/1/991 2452/2/991 2451/3/991
f 2420/1/677 2421/2/677 2453/3/677
f 2420/1/684 2453/2/684 2452/3/684
f 2421/1/540 2422/2/540 2454/3/540
f 2421/1/542 2454/2/542 2453/3/542
f 2422/1/385 2423/2/385 2455/3/385
f 2422/1/367 2455/2/367 2454/3/367
f 2423/1/214 2424/2/214 2456/3/214
f 2423/1/223 2456/2/223 2455/3/223
f 2424/1/96 2425/2/96 2457/3/96
f 2424/1/98 2457/2/98 2456/3/98
f 2425/1/93 2426/2/93 2458/3/93
f 2425/1/97 2458/2/97 2457/3/97
f 2426/1/233 2427/2/233 2459/3/233
f 2426/1/222 2459/2/222 2458/3/222
f 2427/1/357 2428/2/357 2460/3/357
f 2427/1/369 2460/2/369 2459/3/369
f 2428/1/536 2429/2/536 2461/3/536
f 2428/1/543 2461/2/543 2460/3/543
f 2429/1/694 2430/2/694 2462/3/694
f 2429/1/683 2462/2/683 2461/3/683
f 2430/1/1001 2431/2/1001 2463/3/1001
f 2430/1/990 2463/2/990 2462/3/990
f 2431/1/1143 2432/2/1143 2464/3/1143
f 2431/1/1147 2464/2/1147 2463/3/1147
f 2432/1/1390 2433/2/1390 2465/3/1390
f 2432/1/1387 2465/2/1387 2464/3/1387
f 2433/1/1546 2434/2/1546 2466/3/1546
f 2433/1/1549 2466/2/1549 2465/3/1549
f 2434/1/1792 2435/2/1792 2467/3/1792
f 2434/1/1788 2467/2/1788 2466/3/1788
f 2435/1/1933 2436/2/1933 2468/3/1933
f 2435/1/1945 2468/2/1945 2467/3/1945
f 2436/1/2247 2437/2/2247 2469/3/2247
f 2436/1/2258 2469/2/2258 2468/3/2258
f 2437/1/2405 2438/2/2405 2470/3/2405
f 2437/1/2397 2470/2/2397 2469/3/2397
f 2438/1/2581 2439/2/2581 2471/3/2581
f 2438/1/2569 2471/2/2569 2470/3/2569
f 2439/1/2702 2440/2/2702 2472/3/2702
f 2439/1/2713 2472/2/2713 2471/3/2713
f 2440/1/2842 2410/2/2842 2442/3/2842
f 2440/1/2839 2442/2/2839 2472/3/2839
f 2442/1/2890 2441/2/2890 2473/3/2890
f 2442/1/2890 2473/2/2890 2474/3/2890
f 2441/1/2775 2443/2/2775 2475/3/2775
f 2441/1/2775 2475/2/2775 2473/3/2775
f 2443/1/2624 2444/2/2624 2476/3/2624
f 2443/1/2624 2476/2/2624 2475/3/2624
f 2444/1/2447 2445/2/2447 2477/3/2447
f 2444/1/2447 2477/2/2447 2476/3/2447
f 2445/1/2303 2446/2/2303 2478/3/2303
f 2445/1/2303 2478/2/2303 2477/3/2303
f 2446/1/2003 2447/2/2003 2479/3/2003
f 2446/1/2003 2479/2/2003 2478/3/2003
f 2447/1/1802 2448/2/1802 2480/3/1802
f 2447/1/1802 2480/2/1802 2479/3/1802
f 2448/1/1644 2449/2/1644 2481/3/1644
f 2448/1/1644 2481/2/1644 2480/3/1644
f 2449/1/1292 2450/2/1292 2482/3/1292
f 2449/1/1292 2482/2/1292 2481/3/1292
f 2450/1/1133 2451/2/1133 2483/3/1133
f 2450/1/1133 2483/2/1133 2482/3/1133
f 2451/1/923 2452/2/923 2484/3/923
f 2451/1/923 2484/2/923 2483/3/923
f 2452/1/656 2453/2/656 2485/3/656
f 2452/1/656 2485/2/656 2484/3/656
f 2453/1/458 2454/2/458 2486/3/458
f 2453/1/458 2486/2/458 2485/3/458
f 2454/1/307 2455/2/307 2487/3/307
f 2454/1/307 2487/2/307 2486/3/307
f 2455/1/161 2456/2/161 2488/3/161
f 2455/1/161 2488/2/161 2487/3/161
f 2456/1/49 2457/2/49 2489/3/49
f 2456/1/49 2489/2/49 2488/3/49
f 2457/1/48 2458/2/48 2490/3/48
f 2457/1/48 2490/2/48 2489/3/48
f 2458/1/160 2459/2/160 2491/3/160
f 2458/1/160 2491/2/160 2490/3/160
f 2459/1/306 2460/2/306 2492/3/306
f 2459/1/306 2492/2/306 2491/3/306
f 2460/1/459 2461/2/459 2493/3/459
f 2460/1/459 2493/2/459 2492/3/459
f 2461/1/655 2462/2/655 2494/3/655
f 2461/1/655 2494/2/655 2493/3/655
f 2462/1/925 2463/2/925 2495/3/925
f 2462/1/925 2495/2/925 2494/3/925
f 2463/1/1125 2464/2/1125 2496/3/1125
f 2463/1/1125 2496/2/1125 2495/3/1125
f 2464/1/1320 2465/2/1320 2497/3/1320
f 2464/1/1320 2497/2/1320 2496/3/1320
f 2465/1/1612 2466/2/1612 2498/3/1612
f 2465/1/1612 2498/2/1612 2497/3/1612
f 2466/1/1819 2467/2/1819 2499/3/1819
f 2466/1/1819 2499/2/1819 2498/3/1819
f 2467/1/2002 2468/2/2002 2500/3/2002
f 2467/1/2002 2500/2/2002 2499/3/2002
f 2468/1/2304 2469/2/2304 2501/3/2304
f 2468/1/2304 2501/2/2304 2500/3/2304
f 2469/1/2446 2470/2/2446 2502/3/2446
f 2469/1/2446 2502/2/2446 2501/3/2446
f 2470/1/2625 2471/2/2625 2503/3/2625
f 2470/1/2625 2503/2/2625 2502/3/2625
f 2471/1/2776 2472/2/2776 2504/3/2776
f 2471/1/2776 2504/2/2776 2503/3/2776
f 2472/1/2889 2442/2/2889 2474/3/2889
f 2472/1/2889 2474/2/2889 2504/3/2889
f 2505/1/1398 2506/2/1398 2507/3/1398
f 2505/1/1398 2507/2/1398 2508/3/1398
f 2508/1/1248 2507/2/1248 2509/3/1248
f 2508/1/1248 2509/2/1248 2510/3/1248
f 2510/1/1068 2509/2/1068 2511/3/1068
f 2510/1/1068 2511/2/1068 2512/3/1068
f 2512/1/762 2511/2/762 2513/3/762
f 2512/1/762 2513/2/762 2514/3/762
f 2514/1/601 2513/2/601 2515/3/601
f 2514/1/601 2515/2/601 2516/3/601
f 2516/1/562 2515/2/562 2517/3/562
f 2516/1/562 2517/2/562 2518/3/562
f 2518/1/419 2517/2/419 2519/3/419
f 2518/1/419 2519/2/419 2520/3/419
f 2520/1/281 2519/2/281 2521/3/281
f 2520/1/281 2521/2/281 2522/3/281
f 2522/1/145 2521/2/145 2523/3/145
f 2522/1/145 2523/2/145 2524/3/145
f 2524/1/11 2523/2/11 2525/3/11
f 2524/1/11 2525/2/11 2526/3/11
f 2526/1/10 2525/2/10 2527/3/10
f 2526/1/10 2527/2/10 2528/3/10
f 2528/1/144 2527/2/144 2529/3/144
f 2528/1/144 2529/2/144 2530/3/144
f 2530/1/285 2529/2/285 2531/3/285
f 2530/1/285 2531/2/285 2532/3/285
f 2532/1/418 2531/2/418 2533/3/418
f 2532/1/418 2533/2/418 2534/3/418
f 2534/1/564 2533/2/564 2535/3/564
f 2534/1/564 2535/2/564 2536/3/564
f 2536/1/599 2535/2/599 2537/3/599
f 2536/1/599 2537/2/599 2538/3/599
f 2538/1/761 2537/2/761 2539/3/761
f 2538/1/761 2539/2/761 2540/3/761
f 2540/1/1061 2539/2/1061 2541/3/1061
f 2540/1/1061 2541/2/1061 2542/3/1061
f 2542/1/1250 2541/2/1250 2543/3/1250
f 2542/1/1250 2543/2/1250 2544/3/1250
f 2544/1/1397 2543/2/1397 2545/3/1397
f 2544/1/1397 2545/2/1397 2546/3/1397
f 2546/1/1537 2545/2/1537 2547/3/1537
f 2546/1/1537 2547/2/1537 2548/3/1537
f 2548/1/1686 2547/2/1686 2549/3/1686
f 2548/1/1686 2549/2/1686 2550/3/1686
f 2550/1/1881 2549/2/1881 2551/3/1881
f 2550/1/1881 2551/2/1881 2552/3/1881
f 2552/1/2177 2551/2/2177 2553/3/2177
f 2552/1/2177 2553/2/2177 2554/3/2177
f 2554/1/2341 2553/2/2341 2555/3/2341
f 2554/1/2341 2555/2/2341 2556/3/2341
f 2556/1/2377 2555/2/2377 2557/3/2377
f 2556/1/2377 2557/2/2377 2558/3/2377
f 2558/1/2519 2557/2/2519 2559/3/2519
f 2558/1/2519 2559/2/2519 2560/3/2519
f 2560/1/2651 2559/2/2651 2561/3/2651
f 2560/1/2651 2561/2/2651 2562/3/2651
f 2562/1/2790 2561/2/2790 2563/3/2790
f 2562/1/2790 2563/2/2790 2564/3/2790
f 2564/1/2918 2563/2/2918 2565/3/2918
f 2564/1/2918 2565/2/2918 2566/3/2918
f 2566/1/2920 2565/2/2920 2567/3/2920
f 2566/1/2920 2567/2/2920 2568/3/2920
f 2568/1/2787 2567/2/2787 2569/3/2787
f 2568/1/2787 2569/2/2787 2570/3/2787
f 2570/1/2654 2569/2/2654 2571/3/2654
f 2570/1/2654 2571/2/2654 2572/3/2654
f 2572/1/2520 2571/2/2520 2573/3/2520
f 2572/1/2520 2573/2/2520 2574/3/2520
f 2574/1/2376 2573/2/2376 2575/3/2376
f 2574/1/2376 2575/2/2376 2576/3/2376
f 2576/1/2338 2575/2/2338 2577/3/2338
f 2576/1/2338 2577/2/2338 2578/3/2338
f 2578/1/2179 2577/2/2179 2579/3/2179
f 2578/1/2179 2579/2/2179 2580/3/2179
f 2580/1/1880 2579/2/1880 2581/3/1880
f 2580/1/1880 2581/2/1880 2582/3/1880
f 2509/1/1481 2507/2/1481 2506/3/1481
f 2506/1/1481 2583/2/1481 2581/3/1481
f 2581/1/1481 2579/2/1481 2577/3/1481
f 2577/1/1481 2575/2/1481 2573/3/1481
f 2573/1/1481 2571/2/1481 2569/3/1481
f 2569/1/1481 2567/2/1481 2565/3/1481
f 2565/1/1481 2563/2/1481 2561/3/1481
f 2561/1/1481 2559/2/1481 2557/3/1481
f 2557/1/1481 2555/2/1481 2553/3/1481
f 2553/1/1481 2551/2/1481 2549/3/1481
f 2549/1/1481 2547/2/1481 2545/3/1481
f 2545/1/1481 2543/2/1481 2541/3/1481
f 2541/1/1481 2539/2/1481 2537/3/1481
f 2537/1/1481 2535/2/1481 2533/3/1481
f 2533/1/1481 2531/2/1481 2529/3/1481
f 2529/1/1481 2527/2/1481 2525/3/1481
f 2525/1/1481 2523/2/1481 2521/3/1481
f 2521/1/1481 2519/2/1481 2517/3/1481
f 2517/1/1481 2515/2/1481 2513/3/1481
f 2513/1/1481 2511/2/1481 2509/3/1481
f 2509/1/1481 2506/2/1481 2581/3/1481
f 2581/1/1481 2577/2/1481 2573/3/1481
f 2573/1/1481 2569/2/1481 2565/3/1481
f 2565/1/1481 2561/2/1481 2557/3/1481
f 2557/1/1481 2553/2/1481 2549/3/1481
f 2549/1/1481 2545/2/1481 2541/3/1481
f 2541/1/1481 2537/2/1481 2533/3/1481
f 2533/1/1481 2529/2/1481 2525/3/1481
f 2525/1/1481 2521/2/1481 2517/3/1481
f 2517/1/1481 2513/2/1481 2509/3/1481
f 2509/1/1481 2581/2/1481 2573/3/1481
f 2573/1/1481 2565/2/1481 2557/3/1481
f 2557/1/1481 2549/2/1481 2541/3/1481
f 2541/1/1481 2533/2/1481 2525/3/1481
f 2525/1/1481 2517/2/1481 2509/3/1481
f 2509/1/1481 2573/2/1481 2557/3/1481
f 2557/1/1451 2541/2/1451 2525/3/1451
f 2557/1/1481 2525/2/1481 2509/3/1481
f 2582/1/1684 2581/2/1684 2583/3/1684
f 2582/1/1684 2583/2/1684 2584/3/1684
f 2584/1/1540 2583/2/1540 2506/3/1540
f 2584/1/1540 2506/2/1540 2505/3/1540
f 2584/1/1453 2505/2/1453 2508/3/1453
f 2508/1/1453 2510/2/1453 2512/3/1453
f 2512/1/1453 2514/2/1453 2516/3/1453
f 2516/1/1453 2518/2/1453 2520/3/1453
f 2520/1/1453 2522/2/1453 2524/3/1453
f 2524/1/1453 2526/2/1453 2528/3/1453
f 2528/1/1453 2530/2/1453 2532/3/1453
f 2532/1/1453 2534/2/1453 2536/3/1453
f 2536/1/1453 2538/2/1453 2540/3/1453
f 2540/1/1453 2542/2/1453 2544/3/1453
f 2544/1/1453 2546/2/1453 2548/3/1453
f 2548/1/1453 2550/2/1453 2552/3/1453
f 2552/1/1453 2554/2/1453 2556/3/1453
f 2556/1/1453 2558/2/1453 2560/3/1453
f 2560/1/1453 2562/2/1453 2564/3/1453
f 2564/1/1453 2566/2/1453 2568/3/1453
f 2568/1/1453 2570/2/1453 2572/3/1453
f 2572/1/1453 2574/2/1453 2576/3/1453
f 2576/1/1453 2578/2/1453 2580/3/1453
f 2580/1/1453 2582/2/1453 2584/3/1453
f 2584/1/1453 2508/2/1453 2512/3/1453
f 2512/1/1453 2516/2/1453 2520/3/1453
f 2520/1/1453 2524/2/1453 2528/3/1453
f 2528/1/1453 2532/2/1453 2536/3/1453
f 2536/1/1453 2540/2/1453 2544/3/1453
f 2544/1/1453 2548/2/1453 2552/3/1453
f 2552/1/1453 2556/2/1453 2560/3/1453
f 2560/1/1453 2564/2/1453 2568/3/1453
f 2568/1/1453 2572/2/1453 2576/3/1453
f 2576/1/1453 2580/2/1453 2584/3/1453
f 2584/1/1453 2512/2/1453 2520/3/1453
f 2520/1/1453 2528/2/1453 2536/3/1453
f 2536/1/1453 2544/2/1453 2552/3/1453
f 2552/1/1453 2560/2/1453 2568/3/1453
f 2568/1/1453 2576/2/1453 2584/3/1453
f 2584/1/1453 2520/2/1453 2536/3/1453
f 2536/1/1453 2552/2/1453 2568/3/1453
f 2536/1/1452 2568/2/1452 2584/3/1452
f 2585/1/1326 2586/2/1326 2587/3/1326
f 2585/1/1326 2587/2/1326 2588/3/1326
f 2588/1/1105 2587/2/1105 2589/3/1105
f 2588/1/1105 2589/2/1105 2590/3/1105
f 2590/1/927 2589/2/927 2591/3/927
f 2590/1/927 2591/2/927 2592/3/927
f 2592/1/644 2591/2/644 2593/3/644
f 2592/1/644 2593/2/644 2594/3/644
f 2594/1/492 2593/2/492 2595/3/492
f 2594/1/492 2595/2/492 2596/3/492
f 2596/1/320 2595/2/320 2597/3/320
f 2596/1/320 2597/2/320 2598/3/320
f 2598/1/183 2597/2/183 2599/3/183
f 2598/1/183 2599/2/183 2600/3/183
f 2600/1/39 2599/2/39 2601/3/39
f 2600/1/39 2601/2/39 2602/3/39
f 2602/1/36 2601/2/36 2603/3/36
f 2602/1/36 2603/2/36 2604/3/36
f 2604/1/170 2603/2/170 2605/3/170
f 2604/1/170 2605/2/170 2606/3/170
f 2606/1/315 2605/2/315 2607/3/315
f 2606/1/315 2607/2/315 2608/3/315
f 2608/1/467 2607/2/467 2609/3/467
f 2608/1/467 2609/2/467 2610/3/467
f 2610/1/646 2609/2/646 2611/3/646
f 2610/1/646 2611/2/646 2612/3/646
f 2612/1/919 2611/2/919 2613/3/919
f 2612/1/919 2613/2/919 2614/3/919
f 2614/1/1110 2613/2/1110 2615/3/1110
f 2614/1/1110 2615/2/1110 2616/3/1110
f 2616/1/1307 2615/2/1307 2617/3/1307
f 2616/1/1307 2617/2/1307 2618/3/1307
f 2618/1/1625 2617/2/1625 2619/3/1625
f 2618/1/1625 2619/2/1625 2620/3/1625
f 2620/1/1817 2619/2/1817 2621/3/1817
f 2620/1/1817 2621/2/1817 2622/3/1817
f 2622/1/1993 2621/2/1993 2623/3/1993
f 2622/1/1993 2623/2/1993 2624/3/1993
f 2624/1/2292 2623/2/2292 2625/3/2292
f 2624/1/2292 2625/2/2292 2626/3/2292
f 2626/1/2467 2625/2/2467 2627/3/2467
f 2626/1/2467 2627/2/2467 2628/3/2467
f 2628/1/2617 2627/2/2617 2629/3/2617
f 2628/1/2617 2629/2/2617 2630/3/2617
f 2630/1/2762 2629/2/2762 2631/3/2762
f 2630/1/2762 2631/2/2762 2632/3/2762
f 2632/1/2891 2631/2/2891 2633/3/2891
f 2632/1/2891 2633/2/2891 2634/3/2891
f 2634/1/2911 2633/2/2911 2635/3/2911
f 2634/1/2911 2635/2/2911 2636/3/2911
f 2636/1/2744 2635/2/2744 2637/3/2744
f 2636/1/2744 2637/2/2744 2638/3/2744
f 2638/1/2605 2637/2/2605 2639/3/2605
f 2638/1/2605 2639/2/2605 2640/3/2605
f 2640/1/2474 2639/2/2474 2641/3/2474
f 2640/1/2474 2641/2/2474 2642/3/2474
f 2642/1/2325 2641/2/2325 2643/3/2325
f 2642/1/2325 2643/2/2325 2644/3/2325
f 2644/1/1985 2643/2/1985 2645/3/1985
f 2644/1/1985 2645/2/1985 2646/3/1985
f 2589/1/1481 2587/2/1481 2586/3/1481
f 2586/1/1481 2647/2/1481 2645/3/1481
f 2645/1/1481 2643/2/1481 2641/3/1481
f 2641/1/1481 2639/2/1481 2637/3/1481
f 2637/1/1481 2635/2/1481 2633/3/1481
f 2633/1/1481 2631/2/1481 2629/3/1481
f 2629/1/1481 2627/2/1481 2625/3/1481
f 2625/1/1481 2623/2/1481 2621/3/1481
f 2621/1/1481 2619/2/1481 2617/3/1481
f 2617/1/1481 2615/2/1481 2613/3/1481
f 2613/1/1481 2611/2/1481 2609/3/1481
f 2609/1/1481 2607/2/1481 2605/3/1481
f 2605/1/1481 2603/2/1481 2601/3/1481
f 2601/1/1481 2599/2/1481 2597/3/1481
f 2597/1/1481 2595/2/1481 2593/3/1481
f 2593/1/1481 2591/2/1481 2589/3/1481
f 2589/1/1481 2586/2/1481 2645/3/1481
f 2645/1/1481 2641/2/1481 2637/3/1481
f 2637/1/1481 2633/2/1481 2629/3/1481
f 2629/1/1481 2625/2/1481 2621/3/1481
f 2621/1/1481 2617/2/1481 2613/3/1481
f 2613/1/1481 2609/2/1481 2605/3/1481
f 2605/1/1481 2601/2/1481 2597/3/1481
f 2597/1/1481 2593/2/1481 2589/3/1481
f 2589/1/1481 2645/2/1481 2637/3/1481
f 2637/1/1481 2629/2/1481 2621/3/1481
f 2621/1/1481 2613/2/1481 2605/3/1481
f 2605/1/1481 2597/2/1481 2589/3/1481
f 2589/1/1481 2637/2/1481 2621/3/1481
f 2621/1/1481 2605/2/1481 2589/3/1481
f 2646/1/1823 2645/2/1823 2647/3/1823
f 2646/1/1823 2647/2/1823 2648/3/1823
f 2648/1/1637 2647/2/1637 2586/3/1637
f 2648/1/1637 2586/2/1637 2585/3/1637
f 2648/1/1453 2585/2/1453 2588/3/1453
f 2588/1/1453 2590/2/1453 2592/3/1453
f 2592/1/1453 2594/2/1453 2596/3/1453
f 2596/1/1453 2598/2/1453 2600/3/1453
f 2600/1/1453 2602/2/1453 2604/3/1453
f 2604/1/1453 2606/2/1453 2608/3/1453
f 2608/1/1453 2610/2/1453 2612/3/1453
f 2612/1/1453 2614/2/1453 2616/3/1453
f 2616/1/1453 2618/2/1453 2620/3/1453
f 2620/1/1453 2622/2/1453 2624/3/1453
f 2624/1/1453 2626/2/1453 2628/3/1453
f 2628/1/1453 2630/2/1453 2632/3/1453
f 2632/1/1453 2634/2/1453 2636/3/1453
f 2636/1/1453 2638/2/1453 2640/3/1453
f 2640/1/1453 2642/2/1453 2644/3/1453
f 2644/1/1453 2646/2/1453 2648/3/1453
f 2648/1/1453 2588/2/1453 2592/3/1453
f 2592/1/1453 2596/2/1453 2600/3/1453
f 2600/1/1453 2604/2/1453 2608/3/1453
f 2608/1/1453 2612/2/1453 2616/3/1453
f 2616/1/1453 2620/2/1453 2624/3/1453
f 2624/1/1453 2628/2/1453 2632/3/1453
f 2632/1/1453 2636/2/1453 2640/3/1453
f 2640/1/1453 2644/2/1453 2648/3/1453
f 2648/1/1453 2592/2/1453 2600/3/1453
f 2600/1/1453 2608/2/1453 2616/3/1453
f 2616/1/1453 2624/2/1453 2632/3/1453
f 2632/1/1453 2640/2/1453 2648/3/1453
f 2648/1/1453 2600/2/1453 2616/3/1453
f 2616/1/1453 2632/2/1453 2648/3/1453
f 2649/1/435 2650/2/435 2651/3/435
f 2649/1/430 2651/2/430 2652/3/430
f 2653/1/2501 2654/2/2501 2655/3/2501
f 2653/1/2507 2655/2/2507 2656/3/2507
f 2649/1/1453 2653/2/1453 2656/3/1453
f 2649/1/1453 2656/2/1453 2650/3/1453
f 2652/1/1481 2651/2/1481 2655/3/1481
f 2652/1/1481 2655/2/1481 2654/3/1481
f 2650/1/566 2657/2/566 2658/3/566
f 2650/1/573 2658/2/573 2651/3/573
f 2656/1/2368 2655/2/2368 2659/3/2368
f 2656/1/2370 2659/2/2370 2660/3/2370
f 2650/1/1453 2656/2/1453 2660/3/1453
f 2650/1/1453 2660/2/1453 2657/3/1453
f 2651/1/1481 2658/2/1481 2659/3/1481
f 2651/1/1481 2659/2/1481 2655/3/1481
f 2657/1/610 2661/2/610 2662/3/610
f 2657/1/603 2662/2/603 2658/3/603
f 2660/1/2337 2659/2/2337 2663/3/2337
f 2660/1/2335 2663/2/2335 2664/3/2335
f 2657/1/1453 2660/2/1453 2664/3/1453
f 2657/1/1453 2664/2/1453 2661/3/1453
f 2658/1/1481 2662/2/1481 2663/3/1481
f 2658/1/1481 2663/2/1481 2659/3/1481
f 2661/1/751 2665/2/751 2666/3/751
f 2661/1/758 2666/2/758 2662/3/758
f 2664/1/2188 2663/2/2188 2667/3/2188
f 2664/1/2182 2667/2/2182 2668/3/2182
f 2661/1/1453 2664/2/1453 2668/3/1453
f 2661/1/1453 2668/2/1453 2665/3/1453
f 2662/1/1481 2666/2/1481 2667/3/1481
f 2662/1/1481 2667/2/1481 2663/3/1481
f 2649/1/2172 2652/2/2172 2654/3/2172
f 2649/1/2170 2654/2/2170 2653/3/2170
f 2665/1/414 2668/2/414 2667/3/414
f 2665/1/416 2667/2/416 2666/3/416
f 2669/1/2185 2670/2/2185 2671/3/2185
f 2669/1/2181 2671/2/2181 2672/3/2181
f 2673/1/753 2674/2/753 2675/3/753
f 2673/1/754 2675/2/754 2676/3/754
f 2669/1/1453 2673/2/1453 2676/3/1453
f 2669/1/1453 2676/2/1453 2670/3/1453
f 2672/1/1481 2671/2/1481 2675/3/1481
f 2672/1/1481 2675/2/1481 2674/3/1481
f 2670/1/2330 2677/2/2330 2678/3/2330
f 2670/1/2336 2678/2/2336 2671/3/2336
f 2676/1/604 2675/2/604 2679/3/604
f 2676/1/607 2679/2/607 2680/3/607
f 2670/1/1453 2676/2/1453 2680/3/1453
f 2670/1/1453 2680/2/1453 2677/3/1453
f 2671/1/1481 2678/2/1481 2679/3/1481
f 2671/1/1481 2679/2/1481 2675/3/1481
f 2677/1/2373 2681/2/2373 2682/3/2373
f 2677/1/2369 2682/2/2369 2678/3/2369
f 2680/1/570 2679/2/570 2683/3/570
f 2680/1/569 2683/2/569 2684/3/569
f 2677/1/1453 2680/2/1453 2684/3/1453
f 2677/1/1453 2684/2/1453 2681/3/1453
f 2678/1/1481 2682/2/1481 2683/3/1481
f 2678/1/1481 2683/2/1481 2679/3/1481
f 2681/1/2504 2685/2/2504 2686/3/2504
f 2681/1/2508 2686/2/2508 2682/3/2508
f 2684/1/437 2683/2/437 2687/3/437
f 2684/1/432 2687/2/432 2688/3/432
f 2681/1/1453 2684/2/1453 2688/3/1453
f 2681/1/1453 2688/2/1453 2685/3/1453
f 2682/1/1481 2686/2/1481 2687/3/1481
f 2682/1/1481 2687/2/1481 2683/3/1481
f 2669/1/2523 2672/2/2523 2674/3/2523
f 2669/1/2524 2674/2/2524 2673/3/2524
f 2685/1/769 2688/2/769 2687/3/769
f 2685/1/767 2687/2/767 2686/3/767
f 2689/1/2502 2690/2/2502 2691/3/2502
f 2689/1/2503 2691/2/2503 2692/3/2503
f 2693/1/433 2694/2/433 2695/3/433
f 2693/1/434 2695/2/434 2696/3/434
f 2689/1/1453 2693/2/1453 2696/3/1453
f 2689/1/1453 2696/2/1453 2690/3/1453
f 2692/1/1481 2691/2/1481 2695/3/1481
f 2692/1/1481 2695/2/1481 2694/3/1481
f 2690/1/2374 2697/2/2374 2698/3/2374
f 2690/1/2371 2698/2/2371 2691/3/2371
f 2696/1/571 2695/2/571 2699/3/571
f 2696/1/568 2699/2/568 2700/3/568
f 2690/1/1453 2696/2/1453 2700/3/1453
f 2690/1/1453 2700/2/1453 2697/3/1453
f 2691/1/1481 2698/2/1481 2699/3/1481
f 2691/1/1481 2699/2/1481 2695/3/1481
f 2697/1/2331 2701/2/2331 2702/3/2331
f 2697/1/2333 2702/2/2333 2698/3/2333
f 2700/1/606 2699/2/606 2703/3/606
f 2700/1/609 2703/2/609 2704/3/609
f 2697/1/1453 2700/2/1453 2704/3/1453
f 2697/1/1453 2704/2/1453 2701/3/1453
f 2698/1/1481 2702/2/1481 2703/3/1481
f 2698/1/1481 2703/2/1481 2699/3/1481
f 2701/1/2186 2705/2/2186 2706/3/2186
f 2701/1/2184 2706/2/2184 2702/3/2184
f 2704/1/756 2703/2/756 2707/3/756
f 2704/1/755 2707/2/755 2708/3/755
f 2701/1/1453 2704/2/1453 2708/3/1453
f 2701/1/1453 2708/2/1453 2705/3/1453
f 2702/1/1481 2706/2/1481 2707/3/1481
f 2702/1/1481 2707/2/1481 2703/3/1481
f 2689/1/768 2692/2/768 2694/3/768
f 2689/1/770 2694/2/770 2693/3/770
f 2705/1/2522 2708/2/2522 2707/3/2522
f 2705/1/2521 2707/2/2521 2706/3/2521
f 2709/1/752 2710/2/752 2711/3/752
f 2709/1/757 2711/2/757 2712/3/757
f 2713/1/2187 2714/2/2187 2715/3/2187
f 2713/1/2183 2715/2/2183 2716/3/2183
f 2709/1/1453 2713/2/1453 2716/3/1453
f 2709/1/1453 2716/2/1453 2710/3/1453
f 2712/1/1481 2711/2/1481 2715/3/1481
f 2712/1/1481 2715/2/1481 2714/3/1481
f 2710/1/608 2717/2/608 2718/3/608
f 2710/1/605 2718/2/605 2711/3/605
f 2716/1/2334 2715/2/2334 2719/3/2334
f 2716/1/2332 2719/2/2332 2720/3/2332
f 2710/1/1453 2716/2/1453 2720/3/1453
f 2710/1/1453 2720/2/1453 2717/3/1453
f 2711/1/1481 2718/2/1481 2719/3/1481
f 2711/1/1481 2719/2/1481 2715/3/1481
f 2717/1/567 2721/2/567 2722/3/567
f 2717/1/572 2722/2/572 2718/3/572
f 2720/1/2367 2719/2/2367 2723/3/2367
f 2720/1/2372 2723/2/2372 2724/3/2372
f 2717/1/1453 2720/2/1453 2724/3/1453
f 2717/1/1453 2724/2/1453 2721/3/1453
f 2718/1/1481 2722/2/1481 2723/3/1481
f 2718/1/1481 2723/2/1481 2719/3/1481
f 2721/1/436 2725/2/436 2726/3/436
f 2721/1/431 2726/2/431 2722/3/431
f 2724/1/2505 2723/2/2505 2727/3/2505
f 2724/1/2506 2727/2/2506 2728/3/2506
f 2721/1/1453 2724/2/1453 2728/3/1453
f 2721/1/1453 2728/2/1453 2725/3/1453
f 2722/1/1481 2726/2/1481 2727/3/1481
f 2722/1/1481 2727/2/1481 2723/3/1481
f 2709/1/417 2712/2/417 2714/3/417
f 2709/1/415 2714/2/415 2713/3/415
f 2725/1/2169 2728/2/2169 2727/3/2169
f 2725/1/2171 2727/2/2171 2726/3/2171
f 2729/1/1303 2730/2/1303 2731/3/1303
f 2729/1/1303 2731/2/1303 2732/3/1303
f 2732/1/1124 2731/2/1124 2733/3/1124
f 2732/1/1124 2733/2/1124 2734/3/1124
f 2734/1/917 2733/2/917 2735/3/917
f 2734/1/917 2735/2/917 2736/3/917
f 2736/1/650 2735/2/650 2737/3/650
f 2736/1/650 2737/2/650 2738/3/650
f 2738/1/471 2737/2/471 2739/3/471
f 2738/1/471 2739/2/471 2740/3/471
f 2740/1/316 2739/2/316 2741/3/316
f 2740/1/316 2741/2/316 2742/3/316
f 2742/1/197 2741/2/197 2743/3/197
f 2742/1/197 2743/2/197 2744/3/197
f 2744/1/42 2743/2/42 2745/3/42
f 2744/1/42 2745/2/42 2746/3/42
f 2746/1/43 2745/2/43 2747/3/43
f 2746/1/43 2747/2/43 2748/3/43
f 2748/1/162 2747/2/162 2749/3/162
f 2748/1/162 2749/2/162 2750/3/162
f 2750/1/338 2749/2/338 2751/3/338
f 2750/1/338 2751/2/338 2752/3/338
f 2752/1/464 2751/2/464 2753/3/464
f 2752/1/464 2753/2/464 2754/3/464
f 2754/1/631 2753/2/631 2755/3/631
f 2754/1/631 2755/2/631 2756/3/631
f 2756/1/948 2755/2/948 2757/3/948
f 2756/1/948 2757/2/948 2758/3/948
f 2758/1/1094 2757/2/1094 2759/3/1094
f 2758/1/1094 2759/2/1094 2760/3/1094
f 2760/1/1304 2759/2/1304 2761/3/1304
f 2760/1/1304 2761/2/1304 2762/3/1304
f 2762/1/1629 2761/2/1629 2763/3/1629
f 2762/1/1629 2763/2/1629 2764/3/1629
f 2764/1/1806 2763/2/1806 2765/3/1806
f 2764/1/1806 2765/2/1806 2766/3/1806
f 2766/1/2015 2765/2/2015 2767/3/2015
f 2766/1/2015 2767/2/2015 2768/3/2015
f 2768/1/2288 2767/2/2288 2769/3/2288
f 2768/1/2288 2769/2/2288 2770/3/2288
f 2770/1/2471 2769/2/2471 2771/3/2471
f 2770/1/2471 2771/2/2471 2772/3/2471
f 2772/1/2622 2771/2/2622 2773/3/2622
f 2772/1/2622 2773/2/2622 2774/3/2622
f 2774/1/2743 2773/2/2743 2775/3/2743
f 2774/1/2743 2775/2/2743 2776/3/2743
f 2776/1/2879 2775/2/2879 2777/3/2879
f 2776/1/2879 2777/2/2879 2778/3/2879
f 2778/1/2897 2777/2/2897 2779/3/2897
f 2778/1/2897 2779/2/2897 2780/3/2897
f 2780/1/2765 2779/2/2765 2781/3/2765
f 2780/1/2765 2781/2/2765 2782/3/2765
f 2782/1/2601 2781/2/2601 2783/3/2601
f 2782/1/2601 2783/2/2601 2784/3/2601
f 2784/1/2480 2783/2/2480 2785/3/2480
f 2784/1/2480 2785/2/2480 2786/3/2480
f 2786/1/2290 2785/2/2290 2787/3/2290
f 2786/1/2290 2787/2/2290 2788/3/2290
f 2788/1/2000 2787/2/2000 2789/3/2000
f 2788/1/2000 2789/2/2000 2790/3/2000
f 2733/1/1481 2731/2/1481 2730/3/1481
f 2730/1/1481 2791/2/1481 2789/3/1481
f 2789/1/1481 2787/2/1481 2785/3/1481
f 2785/1/1481 2783/2/1481 2781/3/1481
f 2781/1/1481 2779/2/1481 2777/3/1481
f 2777/1/1481 2775/2/1481 2773/3/1481
f 2773/1/1481 2771/2/1481 2769/3/1481
f 2769/1/1481 2767/2/1481 2765/3/1481
f 2765/1/1481 2763/2/1481 2761/3/1481
f 2761/1/1481 2759/2/1481 2757/3/1481
f 2757/1/1481 2755/2/1481 2753/3/1481
f 2753/1/1481 2751/2/1481 2749/3/1481
f 2749/1/1481 2747/2/1481 2745/3/1481
f 2745/1/1481 2743/2/1481 2741/3/1481
f 2741/1/1481 2739/2/1481 2737/3/1481
f 2737/1/1481 2735/2/1481 2733/3/1481
f 2733/1/1481 2730/2/1481 2789/3/1481
f 2789/1/1481 2785/2/1481 2781/3/1481
f 2781/1/1481 2777/2/1481 2773/3/1481
f 2773/1/1481 2769/2/1481 2765/3/1481
f 2765/1/1481 2761/2/1481 2757/3/1481
f 2757/1/1481 2753/2/1481 2749/3/1481
f 2749/1/1481 2745/2/1481 2741/3/1481
f 2741/1/1481 2737/2/1481 2733/3/1481
f 2733/1/1481 2789/2/1481 2781/3/1481
f 2781/1/1481 2773/2/1481 2765/3/1481
f 2765/1/1481 2757/2/1481 2749/3/1481
f 2749/1/1481 2741/2/1481 2733/3/1481
f 2733/1/1481 2781/2/1481 2765/3/1481
f 2765/1/1481 2749/2/1481 2733/3/1481
f 2790/1/1838 2789/2/1838 2791/3/1838
f 2790/1/1838 2791/2/1838 2792/3/1838
f 2792/1/1647 2791/2/1647 2730/3/1647
f 2792/1/1647 2730/2/1647 2729/3/1647
f 2792/1/1453 2729/2/1453 2732/3/1453
f 2732/1/1453 2734/2/1453 2736/3/1453
f 2736/1/1453 2738/2/1453 2740/3/1453
f 2740/1/1453 2742/2/1453 2744/3/1453
f 2744/1/1453 2746/2/1453 2748/3/1453
f 2748/1/1453 2750/2/1453 2752/3/1453
f 2752/1/1453 2754/2/1453 2756/3/1453
f 2756/1/1453 2758/2/1453 2760/3/1453
f 2760/1/1453 2762/2/1453 2764/3/1453
f 2764/1/1453 2766/2/1453 2768/3/1453
f 2768/1/1453 2770/2/1453 2772/3/1453
f 2772/1/1453 2774/2/1453 2776/3/1453
f 2776/1/1453 2778/2/1453 2780/3/1453
f 2780/1/1453 2782/2/1453 2784/3/1453
f 2784/1/1453 2786/2/1453 2788/3/1453
f 2788/1/1453 2790/2/1453 2792/3/1453
f 2792/1/1453 2732/2/1453 2736/3/1453
f 2736/1/1453 2740/2/1453 2744/3/1453
f 2744/1/1453 2748/2/1453 2752/3/1453
f 2752/1/1453 2756/2/1453 2760/3/1453
f 2760/1/1453 2764/2/1453 2768/3/1453
f 2768/1/1453 2772/2/1453 2776/3/1453
f 2776/1/1453 2780/2/1453 2784/3/1453
f 2784/1/1453 2788/2/1453 2792/3/1453
f 2792/1/1453 2736/2/1453 2744/3/1453
f 2744/1/1453 2752/2/1453 2760/3/1453
f 2760/1/1453 2768/2/1453 2776/3/1453
f 2776/1/1453 2784/2/1453 2792/3/1453
f 2792/1/1453 2744/2/1453 2760/3/1453
f 2760/1/1453 2776/2/1453 2792/3/1453
f 2793/1/1 2794/2/1 2795/3/1
f 2793/1/1 2795/2/1 2796/3/1
f 2796/1/1469 2795/2/1469 2797/3/1469
f 2796/1/1469 2797/2/1469 2798/3/1469
f 2798/1/2936 2797/2/2936 2799/3/2936
f 2798/1/2936 2799/2/2936 2800/3/2936
f 2800/1/1470 2799/2/1470 2794/3/1470
f 2800/1/1470 2794/2/1470 2793/3/1470
f 2796/1/1453 2798/2/1453 2800/3/1453
f 2796/1/1453 2800/2/1453 2793/3/1453
f 2797/1/1481 2795/2/1481 2794/3/1481
f 2797/1/1481 2794/2/1481 2799/3/1481
f 2801/1/1 2802/2/1 2803/3/1
f 2801/1/1 2803/2/1 2804/3/1
f 2804/1/1469 2803/2/1469 2805/3/1469
f 2804/1/1469 2805/2/1469 2806/3/1469
f 2806/1/2936 2805/2/2936 2807/3/2936
f 2806/1/2936 2807/2/2936 2808/3/2936
f 2808/1/1470 2807/2/1470 2802/3/1470
f 2808/1/1470 2802/2/1470 2801/3/1470
f 2804/1/1453 2806/2/1453 2808/3/1453
f 2804/1/1453 2808/2/1453 2801/3/1453
f 2805/1/1481 2803/2/1481 2802/3/1481
f 2805/1/1481 2802/2/1481 2807/3/1481
f 2809/1/1 2810/2/1 2811/3/1
f 2809/1/1 2811/2/1 2812/3/1
f 2812/1/1469 2811/2/1469 2813/3/1469
f 2812/1/1469 2813/2/1469 2814/3/1469
f 2814/1/2936 2813/2/2936 2815/3/2936
f 2814/1/2936 2815/2/2936 2816/3/2936
f 2816/1/1470 2815/2/1470 2810/3/1470
f 2816/1/1470 2810/2/1470 2809/3/1470
f 2812/1/1453 2814/2/1453 2816/3/1453
f 2812/1/1453 2816/2/1453 2809/3/1453
f 2813/1/1481 2811/2/1481 2810/3/1481
f 2813/1/1481 2810/2/1481 2815/3/1481
f 2817/1/1 2818/2/1 2819/3/1
f 2817/1/1 2819/2/1 2820/3/1
f 2820/1/1469 2819/2/1469 2821/3/1469
f 2820/1/1469 2821/2/1469 2822/3/1469
f 2822/1/2936 2821/2/2936 2823/3/2936
f 2822/1/2936 2823/2/2936 2824/3/2936
f 2824/1/1470 2823/2/1470 2818/3/1470
f 2824/1/1470 2818/2/1470 2817/3/1470
f 2820/1/1453 2822/2/1453 2824/3/1453
f 2820/1/1453 2824/2/1453 2817/3/1453
f 2821/1/1481 2819/2/1481 2818/3/1481
f 2821/1/1481 2818/2/1481 2823/3/1481
f 2825/1/1411 2826/2/1411 2827/3/1411
f 2825/1/1408 2827/2/1408 2828/3/1408
f 2828/1/1285 2827/2/1285 2829/3/1285
f 2828/1/1288 2829/2/1288 2830/3/1288
f 2830/1/1259 2829/2/1259 2831/3/1259
f 2830/1/1258 2831/2/1258 2832/3/1258
f 2832/1/1245 2831/2/1245 2833/3/1245
f 2832/1/1244 2833/2/1244 2834/3/1244
f 2834/1/1093 2833/2/1093 2835/3/1093
f 2834/1/1092 2835/2/1092 2836/3/1092
f 2836/1/1080 2835/2/1080 2837/3/1080
f 2836/1/1079 2837/2/1079 2838/3/1079
f 2838/1/1043 2837/2/1043 2839/3/1043
f 2838/1/1045 2839/2/1045 2840/3/1045
f 2840/1/1035 2839/2/1035 2841/3/1035
f 2840/1/1036 2841/2/1036 2842/3/1036
f 2842/1/912 2841/2/912 2843/3/912
f 2842/1/913 2843/2/913 2844/3/913
f 2844/1/908 2843/2/908 2845/3/908
f 2844/1/907 2845/2/907 2846/3/907
f 2846/1/906 2845/2/906 2847/3/906
f 2846/1/909 2847/2/909 2848/3/909
f 2848/1/911 2847/2/911 2849/3/911
f 2848/1/910 2849/2/910 2850/3/910
f 2850/1/1037 2849/2/1037 2851/3/1037
f 2850/1/1034 2851/2/1034 2852/3/1034
f 2852/1/1044 2851/2/1044 2853/3/1044
f 2852/1/1042 2853/2/1042 2854/3/1042
f 2854/1/1078 2853/2/1078 2855/3/1078
f 2854/1/1081 2855/2/1081 2856/3/1081
f 2856/1/1090 2855/2/1090 2857/3/1090
f 2856/1/1091 2857/2/1091 2858/3/1091
f 2858/1/1247 2857/2/1247 2859/3/1247
f 2858/1/1246 2859/2/1246 2860/3/1246
f 2860/1/1257 2859/2/1257 2861/3/1257
f 2860/1/1256 2861/2/1256 2862/3/1256
f 2862/1/1286 2861/2/1286 2863/3/1286
f 2862/1/1287 2863/2/1287 2864/3/1287
f 2864/1/1410 2863/2/1410 2865/3/1410
f 2864/1/1409 2865/2/1409 2866/3/1409
f 2866/1/1526 2865/2/1526 2867/3/1526
f 2866/1/1528 2867/2/1528 2868/3/1528
f 2868/1/1650 2867/2/1650 2869/3/1650
f 2868/1/1649 2869/2/1649 2870/3/1649
f 2870/1/1677 2869/2/1677 2871/3/1677
f 2870/1/1676 2871/2/1676 2872/3/1676
f 2872/1/1691 2871/2/1691 2873/3/1691
f 2872/1/1689 2873/2/1689 2874/3/1689
f 2874/1/1840 2873/2/1840 2875/3/1840
f 2874/1/1842 2875/2/1842 2876/3/1842
f 2876/1/1853 2875/2/1853 2877/3/1853
f 2876/1/1852 2877/2/1852 2878/3/1852
f 2878/1/1891 2877/2/1891 2879/3/1891
f 2878/1/1892 2879/2/1892 2880/3/1892
f 2880/1/1898 2879/2/1898 2881/3/1898
f 2880/1/1897 2881/2/1897 2882/3/1897
f 2882/1/2020 2881/2/2020 2883/3/2020
f 2882/1/2021 2883/2/2021 2884/3/2021
f 2884/1/2024 2883/2/2024 2885/3/2024
f 2884/1/2025 2885/2/2025 2886/3/2025
f 2886/1/2026 2885/2/2026 2887/3/2026
f 2886/1/2023 2887/2/2023 2888/3/2023
f 2888/1/2019 2887/2/2019 2889/3/2019
f 2888/1/2022 2889/2/2022 2890/3/2022
f 2890/1/1900 2889/2/1900 2891/3/1900
f 2890/1/1899 2891/2/1899 2892/3/1899
f 2892/1/1890 2891/2/1890 2893/3/1890
f 2892/1/1889 2893/2/1889 2894/3/1889
f 2894/1/1855 2893/2/1855 2895/3/1855
f 2894/1/1854 2895/2/1854 2896/3/1854
f 2896/1/1841 2895/2/1841 2897/3/1841
f 2896/1/1843 2897/2/1843 2898/3/1843
f 2898/1/1690 2897/2/1690 2899/3/1690
f 2898/1/1688 2899/2/1688 2900/3/1688
f 2900/1/1678 2899/2/1678 2901/3/1678
f 2900/1/1679 2901/2/1679 2902/3/1679
f 2829/1/1481 2827/2/1481 2826/3/1481
f 2826/1/1481 2903/2/1481 2901/3/1481
f 2901/1/1481 2899/2/1481 2897/3/1481
f 2897/1/1481 2895/2/1481 2893/3/1481
f 2893/1/1481 2891/2/1481 2889/3/1481
f 2889/1/1481 2887/2/1481 2885/3/1481
f 2885/1/1481 2883/2/1481 2881/3/1481
f 2881/1/1481 2879/2/1481 2877/3/1481
f 2877/1/1481 2875/2/1481 2873/3/1481
f 2873/1/1481 2871/2/1481 2869/3/1481
f 2869/1/1481 2867/2/1481 2865/3/1481
f 2865/1/1481 2863/2/1481 2861/3/1481
f 2861/1/1481 2859/2/1481 2857/3/1481
f 2857/1/1481 2855/2/1481 2853/3/1481
f 2853/1/1481 2851/2/1481 2849/3/1481
f 2849/1/1481 2847/2/1481 2845/3/1481
f 2845/1/1481 2843/2/1481 2841/3/1481
f 2841/1/1481 2839/2/1481 2837/3/1481
f 2837/1/1481 2835/2/1481 2833/3/1481
f 2833/1/1481 2831/2/1481 2829/3/1481
f 2829/1/1481 2826/2/1481 2901/3/1481
f 2901/1/1481 2897/2/1481 2893/3/1481
f 2893/1/1481 2889/2/1481 2885/3/1481
f 2885/1/1481 2881/2/1481 2877/3/1481
f 2877/1/1481 2873/2/1481 2869/3/1481
f 2869/1/1481 2865/2/1481 2861/3/1481
f 2861/1/1481 2857/2/1481 2853/3/1481
f 2853/1/1481 2849/2/1481 2845/3/1481
f 2845/1/1481 2841/2/1481 2837/3/1481
f 2837/1/1481 2833/2/1481 2829/3/1481
f 2829/1/1481 2901/2/1481 2893/3/1481
f 2893/1/1481 2885/2/1481 2877/3/1481
f 2877/1/1481 2869/2/1481 2861/3/1481
f 2861/1/1481 2853/2/1481 2845/3/1481
f 2845/1/1481 2837/2/1481 2829/3/1481
f 2829/1/1481 2893/2/1481 2877/3/1481
f 2877/1/1481 2861/2/1481 2845/3/1481
f 2877/1/1482 2845/2/1482 2829/3/1482
f 2902/1/1648 2901/2/1648 2903/3/1648
f 2902/1/1651 2903/2/1651 2904/3/1651
f 2904/1/1525 2903/2/1525 2826/3/1525
f 2904/1/1527 2826/2/1527 2825/3/1527
f 2904/1/1453 2825/2/1453 2828/3/1453
f 2828/1/1453 2830/2/1453 2832/3/1453
f 2832/1/1453 2834/2/1453 2836/3/1453
f 2836/1/1453 2838/2/1453 2840/3/1453
f 2840/1/1453 2842/2/1453 2844/3/1453
f 2844/1/1453 2846/2/1453 2848/3/1453
f 2848/1/1453 2850/2/1453 2852/3/1453
f 2852/1/1453 2854/2/1453 2856/3/1453
f 2856/1/1453 2858/2/1453 2860/3/1453
f 2860/1/1453 2862/2/1453 2864/3/1453
f 2864/1/1453 2866/2/1453 2868/3/1453
f 2868/1/1453 2870/2/1453 2872/3/1453
f 2872/1/1453 2874/2/1453 2876/3/1453
f 2876/1/1453 2878/2/1453 2880/3/1453
f 2880/1/1453 2882/2/1453 2884/3/1453
f 2884/1/1453 2886/2/1453 2888/3/1453
f 2888/1/1453 2890/2/1453 2892/3/1453
f 2892/1/1453 2894/2/1453 2896/3/1453
f 2896/1/1453 2898/2/1453 2900/3/1453
f 2900/1/1453 2902/2/1453 2904/3/1453
f 2904/1/1453 2828/2/1453 2832/3/1453
f 2832/1/1453 2836/2/1453 2840/3/1453
f 2840/1/1453 2844/2/1453 2848/3/1453
f 2848/1/1453 2852/2/1453 2856/3/1453
f 2856/1/1453 2860/2/1453 2864/3/1453
f 2864/1/1453 2868/2/1453 2872/3/1453
f 2872/1/1453 2876/2/1453 2880/3/1453
f 2880/1/1453 2884/2/1453 2888/3/1453
f 2888/1/1453 2892/2/1453 2896/3/1453
f 2896/1/1453 2900/2/1453 2904/3/1453
f 2904/1/1453 2832/2/1453 2840/3/1453
f 2840/1/1453 2848/2/1453 2856/3/1453
f 2856/1/1453 2864/2/1453 2872/3/1453
f 2872/1/1453 2880/2/1453 2888/3/1453
f 2888/1/1453 2896/2/1453 2904/3/1453
f 2904/1/1453 2840/2/1453 2856/3/1453
f 2856/1/1453 2872/2/1453 2888/3/1453
f 2856/1/1453 2888/2/1453 2904/3/1453
f 2905/1/1407 2906/2/1407 2907/3/1407
f 2905/1/1405 2907/2/1405 2908/3/1405
f 2908/1/1263 2907/2/1263 2909/3/1263
f 2908/1/1260 2909/2/1260 2910/3/1260
f 2910/1/1208 2909/2/1208 2911/3/1208
f 2910/1/1211 2911/2/1211 2912/3/1211
f 2912/1/1082 2911/2/1082 2913/3/1082
f 2912/1/1085 2913/2/1085 2914/3/1085
f 2914/1/1041 2913/2/1041 2915/3/1041
f 2914/1/1040 2915/2/1040 2916/3/1040
f 2916/1/766 2915/2/766 2917/3/766
f 2916/1/763 2917/2/763 2918/3/763
f 2918/1/745 2917/2/745 2919/3/745
f 2918/1/746 2919/2/746 2920/3/746
f 2920/1/725 2919/2/725 2921/3/725
f 2920/1/722 2921/2/722 2922/3/722
f 2922/1/598 2921/2/598 2923/3/598
f 2922/1/597 2923/2/597 2924/3/597
f 2924/1/591 2923/2/591 2925/3/591
f 2924/1/594 2925/2/594 2926/3/594
f 2926/1/593 2925/2/593 2927/3/593
f 2926/1/592 2927/2/592 2928/3/592
f 2928/1/595 2927/2/595 2929/3/595
f 2928/1/596 2929/2/596 2930/3/596
f 2930/1/724 2929/2/724 2931/3/724
f 2930/1/723 2931/2/723 2932/3/723
f 2932/1/744 2931/2/744 2933/3/744
f 2932/1/743 2933/2/743 2934/3/743
f 2934/1/764 2933/2/764 2935/3/764
f 2934/1/765 2935/2/765 2936/3/765
f 2936/1/1038 2935/2/1038 2937/3/1038
f 2936/1/1039 2937/2/1039 2938/3/1039
f 2938/1/1084 2937/2/1084 2939/3/1084
f 2938/1/1083 2939/2/1083 2940/3/1083
f 2940/1/1209 2939/2/1209 2941/3/1209
f 2940/1/1210 2941/2/1210 2942/3/1210
f 2942/1/1261 2941/2/1261 2943/3/1261
f 2942/1/1262 2943/2/1262 2944/3/1262
f 2944/1/1406 2943/2/1406 2945/3/1406
f 2944/1/1404 2945/2/1404 2946/3/1404
f 2946/1/1529 2945/2/1529 2947/3/1529
f 2946/1/1530 2947/2/1530 2948/3/1530
f 2948/1/1674 2947/2/1674 2949/3/1674
f 2948/1/1673 2949/2/1673 2950/3/1673
f 2950/1/1725 2949/2/1725 2951/3/1725
f 2950/1/1727 2951/2/1727 2952/3/1727
f 2952/1/1851 2951/2/1851 2953/3/1851
f 2952/1/1848 2953/2/1848 2954/3/1848
f 2954/1/1893 2953/2/1893 2955/3/1893
f 2954/1/1896 2955/2/1896 2956/3/1896
f 2956/1/2173 2955/2/2173 2957/3/2173
f 2956/1/2175 2957/2/2175 2958/3/2175
f 2958/1/2196 2957/2/2196 2959/3/2196
f 2958/1/2194 2959/2/2194 2960/3/2194
f 2960/1/2220 2959/2/2220 2961/3/2220
f 2960/1/2217 2961/2/2217 2962/3/2217
f 2962/1/2343 2961/2/2343 2963/3/2343
f 2962/1/2345 2963/2/2345 2964/3/2345
f 2964/1/2349 2963/2/2349 2965/3/2349
f 2964/1/2346 2965/2/2346 2966/3/2346
f 2966/1/2347 2965/2/2347 2967/3/2347
f 2966/1/2348 2967/2/2348 2968/3/2348
f 2968/1/2342 2967/2/2342 2969/3/2342
f 2968/1/2344 2969/2/2344 2970/3/2344
f 2970/1/2219 2969/2/2219 2971/3/2219
f 2970/1/2218 2971/2/2218 2972/3/2218
f 2972/1/2193 2971/2/2193 2973/3/2193
f 2972/1/2195 2973/2/2195 2974/3/2195
f 2974/1/2176 2973/2/2176 2975/3/2176
f 2974/1/2174 2975/2/2174 2976/3/2174
f 2976/1/1895 2975/2/1895 2977/3/1895
f 2976/1/1894 2977/2/1894 2978/3/1894
f 2978/1/1849 2977/2/1849 2979/3/1849
f 2978/1/1850 2979/2/1850 2980/3/1850
f 2980/1/1724 2979/2/1724 2981/3/1724
f 2980/1/1726 2981/2/1726 2982/3/1726
f 2909/1/1481 2907/2/1481 2906/3/1481
f 2906/1/1481 2983/2/1481 2981/3/1481
f 2981/1/1481 2979/2/1481 2977/3/1481
f 2977/1/1481 2975/2/1481 2973/3/1481
f 2973/1/1481 2971/2/1481 2969/3/1481
f 2969/1/1481 2967/2/1481 2965/3/1481
f 2965/1/1481 2963/2/1481 2961/3/1481
f 2961/1/1481 2959/2/1481 2957/3/1481
f 2957/1/1481 2955/2/1481 2953/3/1481
f 2953/1/1481 2951/2/1481 2949/3/1481
f 2949/1/1481 2947/2/1481 2945/3/1481
f 2945/1/1481 2943/2/1481 2941/3/1481
f 2941/1/1481 2939/2/1481 2937/3/1481
f 2937/1/1481 2935/2/1481 2933/3/1481
f 2933/1/1481 2931/2/1481 2929/3/1481
f 2929/1/1481 2927/2/1481 2925/3/1481
f 2925/1/1481 2923/2/1481 2921/3/1481
f 2921/1/1481 2919/2/1481 2917/3/1481
f 2917/1/1481 2915/2/1481 2913/3/1481
f 2913/1/1481 2911/2/1481 2909/3/1481
f 2909/1/1481 2906/2/1481 2981/3/1481
f 2981/1/1481 2977/2/1481 2973/3/1481
f 2973/1/1481 2969/2/1481 2965/3/1481
f 2965/1/1481 2961/2/1481 2957/3/1481
f 2957/1/1481 2953/2/1481 2949/3/1481
f 2949/1/1481 2945/2/1481 2941/3/1481
f 2941/1/1481 2937/2/1481 2933/3/1481
f 2933/1/1481 2929/2/1481 2925/3/1481
f 2925/1/1481 2921/2/1481 2917/3/1481
f 2917/1/1481 2913/2/1481 2909/3/1481
f 2909/1/1481 2981/2/1481 2973/3/1481
f 2973/1/1481 2965/2/1481 2957/3/1481
f 2957/1/1481 2949/2/1481 2941/3/1481
f 2941/1/1481 2933/2/1481 2925/3/1481
f 2925/1/1481 2917/2/1481 2909/3/1481
f 2909/1/1481 2973/2/1481 2957/3/1481
f 2957/1/1481 2941/2/1481 2925/3/1481
f 2957/1/1481 2925/2/1481 2909/3/1481
f 2982/1/1675 2981/2/1675 2983/3/1675
f 2982/1/1672 2983/2/1672 2984/3/1672
f 2984/1/1531 2983/2/1531 2906/3/1531
f 2984/1/1532 2906/2/1532 2905/3/1532
f 2984/1/1453 2905/2/1453 2908/3/1453
f 2908/1/1453 2910/2/1453 2912/3/1453
f 2912/1/1453 2914/2/1453 2916/3/1453
f 2916/1/1453 2918/2/1453 2920/3/1453
f 2920/1/1453 2922/2/1453 2924/3/1453
f 2924/1/1453 2926/2/1453 2928/3/1453
f 2928/1/1453 2930/2/1453 2932/3/1453
f 2932/1/1453 2934/2/1453 2936/3/1453
f 2936/1/1453 2938/2/1453 2940/3/1453
f 2940/1/1453 2942/2/1453 2944/3/1453
f 2944/1/1453 2946/2/1453 2948/3/1453
f 2948/1/1453 2950/2/1453 2952/3/1453
f 2952/1/1453 2954/2/1453 2956/3/1453
f 2956/1/1453 2958/2/1453 2960/3/1453
f 2960/1/1453 2962/2/1453 2964/3/1453
f 2964/1/1453 2966/2/1453 2968/3/1453
f 2968/1/1453 2970/2/1453 2972/3/1453
f 2972/1/1453 2974/2/1453 2976/3/1453
f 2976/1/1453 2978/2/1453 2980/3/1453
f 2980/1/1453 2982/2/1453 2984/3/1453
f 2984/1/1453 2908/2/1453 2912/3/1453
f 2912/1/1453 2916/2/1453 2920/3/1453
f 2920/1/1453 2924/2/1453 2928/3/1453
f 2928/1/1453 2932/2/1453 2936/3/1453
f 2936/1/1453 2940/2/1453 2944/3/1453
f 2944/1/1453 2948/2/1453 2952/3/1453
f 2952/1/1453 2956/2/1453 2960/3/1453
f 2960/1/1453 2964/2/1453 2968/3/1453
f 2968/1/1453 2972/2/1453 2976/3/1453
f 2976/1/1453 2980/2/1453 2984/3/1453
f 2984/1/1453 2912/2/1453 2920/3/1453
f 2920/1/1453 2928/2/1453 2936/3/1453
f 2936/1/1453 2944/2/1453 2952/3/1453
f 2952/1/1453 2960/2/1453 2968/3/1453
f 2968/1/1453 2976/2/1453 2984/3/1453
f 2984/1/1453 2920/2/1453 2936/3/1453
f 2936/1/1484 2952/2/1484 2968/3/1484
f 2936/1/1453 2968/2/1453 2984/3/1453
usemtl dvss_5
f 2985/1/1266 2986/2/1266 2987/3/1266
f 2985/1/1276 2987/2/1276 2988/3/1276
f 2988/1/1064 2987/2/1064 2989/3/1064
f 2988/1/1065 2989/2/1065 2990/3/1065
f 2990/1/738 2989/2/738 2991/3/738
f 2990/1/737 2991/2/737 2992/3/737
f 2992/1/441 2991/2/441 2993/3/441
f 2992/1/440 2993/2/440 2994/3/440
f 2994/1/286 2993/2/286 2995/3/286
f 2994/1/286 2995/2/286 2996/3/286
f 2996/1/129 2995/2/129 2997/3/129
f 2996/1/128 2997/2/128 2998/3/128
f 2998/1/133 2997/2/133 2999/3/133
f 2998/1/132 2999/2/132 3000/3/132
f 3000/1/280 2999/2/280 3001/3/280
f 3000/1/280 3001/2/280 3002/3/280
f 3002/1/439 3001/2/439 3003/3/439
f 3002/1/438 3003/2/438 3004/3/438
f 3004/1/736 3003/2/736 3005/3/736
f 3004/1/736 3005/2/736 3006/3/736
f 3006/1/1053 3005/2/1053 3007/3/1053
f 3006/1/1053 3007/2/1053 3008/3/1053
f 3008/1/1271 3007/2/1271 3009/3/1271
f 3008/1/1270 3009/2/1270 3010/3/1270
f 3010/1/1666 3009/2/1666 3011/3/1666
f 3010/1/1666 3011/2/1666 3012/3/1666
f 3012/1/1865 3011/2/1865 3013/3/1865
f 3012/1/1866 3013/2/1866 3014/3/1866
f 3014/1/2202 3013/2/2202 3015/3/2202
f 3014/1/2201 3015/2/2201 3016/3/2201
f 3016/1/2497 3015/2/2497 3017/3/2497
f 3016/1/2497 3017/2/2497 3018/3/2497
f 3018/1/2653 3017/2/2653 3019/3/2653
f 3018/1/2653 3019/2/2653 3020/3/2653
f 3020/1/2794 3019/2/2794 3021/3/2794
f 3020/1/2807 3021/2/2807 3022/3/2807
f 3022/1/2793 3021/2/2793 3023/3/2793
f 3022/1/2806 3023/2/2806 3024/3/2806
f 3024/1/2655 3023/2/2655 3025/3/2655
f 3024/1/2656 3025/2/2656 3026/3/2656
f 3026/1/2499 3025/2/2499 3027/3/2499
f 3026/1/2500 3027/2/2500 3028/3/2500
f 3028/1/2203 3027/2/2203 3029/3/2203
f 3028/1/2204 3029/2/2204 3030/3/2204
f 2989/1/1469 2987/2/1469 2986/3/1469
f 2986/1/1510 3031/2/1510 3029/3/1510
f 3029/1/1469 3027/2/1469 3025/3/1469
f 3025/1/1469 3023/2/1469 3021/3/1469
f 3021/1/1420 3019/2/1420 3017/3/1420
f 3017/1/1469 3015/2/1469 3013/3/1469
f 3013/1/1469 3011/2/1469 3009/3/1469
f 3009/1/1509 3007/2/1509 3005/3/1509
f 3005/1/1469 3003/2/1469 3001/3/1469
f 3001/1/1469 2999/2/1469 2997/3/1469
f 2997/1/1421 2995/2/1421 2993/3/1421
f 2993/1/1469 2991/2/1469 2989/3/1469
f 2989/1/1494 2986/2/1494 3029/3/1494
f 3029/1/1469 3025/2/1469 3021/3/1469
f 3021/1/1436 3017/2/1436 3013/3/1436
f 3013/1/1491 3009/2/1491 3005/3/1491
f 3005/1/1469 3001/2/1469 2997/3/1469
f 2997/1/1435 2993/2/1435 2989/3/1435
f 2989/1/1495 3029/2/1495 3021/3/1495
f 3021/1/1496 3013/2/1496 3005/3/1496
f 3005/1/1492 2997/2/1492 2989/3/1492
f 3021/1/1493 3005/2/1493 2989/3/1493
f 3030/1/1869 3029/2/1869 3031/3/1869
f 3030/1/1870 3031/2/1870 3032/3/1870
f 3032/1/1669 3031/2/1669 2986/3/1669
f 3032/1/1659 2986/2/1659 2985/3/1659
f 3032/1/1470 2985/2/1470 2988/3/1470
f 2988/1/1470 2990/2/1470 2992/3/1470
f 2992/1/1419 2994/2/1419 2996/3/1419
f 2996/1/1470 2998/2/1470 3000/3/1470
f 3000/1/1470 3002/2/1470 3004/3/1470
f 3004/1/1470 3006/2/1470 3008/3/1470
f 3008/1/1470 3010/2/1470 3012/3/1470
f 3012/1/1422 3014/2/1422 3016/3/1422
f 3016/1/1470 3018/2/1470 3020/3/1470
f 3020/1/1470 3022/2/1470 3024/3/1470
f 3024/1/1470 3026/2/1470 3028/3/1470
f 3028/1/1470 3030/2/1470 3032/3/1470
f 3032/1/1470 2988/2/1470 2992/3/1470
f 2992/1/1429 2996/2/1429 3000/3/1429
f 3000/1/1470 3004/2/1470 3008/3/1470
f 3008/1/1468 3012/2/1468 3016/3/1468
f 3016/1/1470 3020/2/1470 3024/3/1470
f 3024/1/1470 3028/2/1470 3032/3/1470
f 3032/1/1485 2992/2/1485 3000/3/1485
f 3000/1/1444 3008/2/1444 3016/3/1444
f 3016/1/1470 3024/2/1470 3032/3/1470
f 3000/1/1448 3016/2/1448 3032/3/1448
f 3033/1/1661 3034/2/1661 3035/3/1661
f 3033/1/1655 3035/2/1655 3036/3/1655
f 3036/1/1861 3035/2/1861 3037/3/1861
f 3036/1/1884 3037/2/1884 3038/3/1884
f 3038/1/2208 3037/2/2208 3039/3/2208
f 3038/1/2208 3039/2/2208 3040/3/2208
f 3040/1/2498 3039/2/2498 3041/3/2498
f 3040/1/2486 3041/2/2486 3042/3/2486
f 3042/1/2664 3041/2/2664 3043/3/2664
f 3042/1/2669 3043/2/2669 3044/3/2669
f 3044/1/2795 3043/2/2795 3045/3/2795
f 3044/1/2795 3045/2/2795 3046/3/2795
f 3046/1/2801 3045/2/2801 3047/3/2801
f 3046/1/2800 3047/2/2800 3048/3/2800
f 3048/1/2665 3047/2/2665 3049/3/2665
f 3048/1/2670 3049/2/2670 3050/3/2670
f 3050/1/2493 3049/2/2493 3051/3/2493
f 3050/1/2493 3051/2/2493 3052/3/2493
f 3052/1/2209 3051/2/2209 3053/3/2209
f 3052/1/2209 3053/2/2209 3054/3/2209
f 3054/1/1873 3053/2/1873 3055/3/1873
f 3054/1/1873 3055/2/1873 3056/3/1873
f 3056/1/1662 3055/2/1662 3057/3/1662
f 3056/1/1662 3057/2/1662 3058/3/1662
f 3058/1/1274 3057/2/1274 3059/3/1274
f 3058/1/1274 3059/2/1274 3060/3/1274
f 3060/1/1058 3059/2/1058 3061/3/1058
f 3060/1/1058 3061/2/1058 3062/3/1058
f 3062/1/731 3061/2/731 3063/3/731
f 3062/1/731 3063/2/731 3064/3/731
f 3064/1/446 3063/2/446 3065/3/446
f 3064/1/446 3065/2/446 3066/3/446
f 3066/1/271 3065/2/271 3067/3/271
f 3066/1/268 3067/2/268 3068/3/268
f 3068/1/134 3067/2/134 3069/3/134
f 3068/1/135 3069/2/135 3070/3/135
f 3070/1/140 3069/2/140 3071/3/140
f 3070/1/140 3071/2/140 3072/3/140
f 3072/1/272 3071/2/272 3073/3/272
f 3072/1/269 3073/2/269 3074/3/269
f 3074/1/442 3073/2/442 3075/3/442
f 3074/1/454 3075/2/454 3076/3/454
f 3076/1/732 3075/2/732 3077/3/732
f 3076/1/732 3077/2/732 3078/3/732
f 3037/1/1470 3035/2/1470 3034/3/1470
f 3034/1/1470 3079/2/1470 3077/3/1470
f 3077/1/1470 3075/2/1470 3073/3/1470
f 3073/1/1470 3071/2/1470 3069/3/1470
f 3069/1/1470 3067/2/1470 3065/3/1470
f 3065/1/1470 3063/2/1470 3061/3/1470
f 3061/1/1470 3059/2/1470 3057/3/1470
f 3057/1/1470 3055/2/1470 3053/3/1470
f 3053/1/1470 3051/2/1470 3049/3/1470
f 3049/1/1470 3047/2/1470 3045/3/1470
f 3045/1/1470 3043/2/1470 3041/3/1470
f 3041/1/1470 3039/2/1470 3037/3/1470
f 3037/1/1470 3034/2/1470 3077/3/1470
f 3077/1/1470 3073/2/1470 3069/3/1470
f 3069/1/1470 3065/2/1470 3061/3/1470
f 3061/1/1470 3057/2/1470 3053/3/1470
f 3053/1/1470 3049/2/1470 3045/3/1470
f 3045/1/1470 3041/2/1470 3037/3/1470
f 3037/1/1470 3077/2/1470 3069/3/1470
f 3069/1/1470 3061/2/1470 3053/3/1470
f 3053/1/1470 3045/2/1470 3037/3/1470
f 3069/1/1470 3053/2/1470 3037/3/1470
f 3078/1/1070 3077/2/1070 3079/3/1070
f 3078/1/1050 3079/2/1050 3080/3/1050
f 3080/1/1275 3079/2/1275 3034/3/1275
f 3080/1/1280 3034/2/1280 3033/3/1280
f 3080/1/1469 3033/2/1469 3036/3/1469
f 3036/1/1469 3038/2/1469 3040/3/1469
f 3040/1/1469 3042/2/1469 3044/3/1469
f 3044/1/1469 3046/2/1469 3048/3/1469
f 3048/1/1469 3050/2/1469 3052/3/1469
f 3052/1/1469 3054/2/1469 3056/3/1469
f 3056/1/1469 3058/2/1469 3060/3/1469
f 3060/1/1469 3062/2/1469 3064/3/1469
f 3064/1/1469 3066/2/1469 3068/3/1469
f 3068/1/1469 3070/2/1469 3072/3/1469
f 3072/1/1469 3074/2/1469 3076/3/1469
f 3076/1/1469 3078/2/1469 3080/3/1469
f 3080/1/1469 3036/2/1469 3040/3/1469
f 3040/1/1469 3044/2/1469 3048/3/1469
f 3048/1/1469 3052/2/1469 3056/3/1469
f 3056/1/1469 3060/2/1469 3064/3/1469
f 3064/1/1469 3068/2/1469 3072/3/1469
f 3072/1/1469 3076/2/1469 3080/3/1469
f 3080/1/1469 3040/2/1469 3048/3/1469
f 3048/1/1469 3056/2/1469 3064/3/1469
f 3064/1/1449 3072/2/1449 3080/3/1449
f 3048/1/1469 3064/2/1469 3080/3/1469
f 3081/1/819 3082/2/819 3083/3/819
f 3081/1/819 3083/2/819 3084/3/819
f 3084/1/2 3083/2/2 3085/3/2
f 3084/1/2 3085/2/2 3086/3/2
f 3086/1/843 3085/2/843 3087/3/843
f 3086/1/843 3087/2/843 3088/3/843
f 3088/1/2124 3087/2/2124 3089/3/2124
f 3088/1/2124 3089/2/2124 3090/3/2124
f 3085/1/1481 3083/2/1481 3082/3/1481
f 3082/1/1481 3091/2/1481 3089/3/1481
f 3089/1/1481 3087/2/1481 3085/3/1481
f 3082/1/1481 3089/2/1481 3085/3/1481
f 3090/1/2935 3089/2/2935 3091/3/2935
f 3090/1/2935 3091/2/2935 3092/3/2935
f 3092/1/2097 3091/2/2097 3082/3/2097
f 3092/1/2097 3082/2/2097 3081/3/2097
f 3092/1/1453 3081/2/1453 3084/3/1453
f 3084/1/1453 3086/2/1453 3088/3/1453
f 3088/1/1453 3090/2/1453 3092/3/1453
f 3084/1/1453 3088/2/1453 3092/3/1453
f 3093/1/886 3094/2/886 3095/3/886
f 3093/1/886 3095/2/886 3096/3/886
f 3096/1/3 3095/2/3 3097/3/3
f 3096/1/3 3097/2/3 3098/3/3
f 3098/1/889 3097/2/889 3099/3/889
f 3098/1/889 3099/2/889 3100/3/889
f 3100/1/2046 3099/2/2046 3101/3/2046
f 3100/1/2046 3101/2/2046 3102/3/2046
f 3097/1/1481 3095/2/1481 3094/3/1481
f 3094/1/1481 3103/2/1481 3101/3/1481
f 3101/1/1481 3099/2/1481 3097/3/1481
f 3094/1/1481 3101/2/1481 3097/3/1481
f 3102/1/2934 3101/2/2934 3103/3/2934
f 3102/1/2934 3103/2/2934 3104/3/2934
f 3104/1/2043 3103/2/2043 3094/3/2043
f 3104/1/2043 3094/2/2043 3093/3/2043
f 3104/1/1453 3093/2/1453 3096/3/1453
f 3096/1/1453 3098/2/1453 3100/3/1453
f 3100/1/1453 3102/2/1453 3104/3/1453
f 3096/1/1453 3100/2/1453 3104/3/1453
f 3105/1/866 3106/2/866 3107/3/866
f 3105/1/866 3107/2/866 3108/3/866
f 3108/1/1 3107/2/1 3109/3/1
f 3108/1/1 3109/2/1 3110/3/1
f 3110/1/865 3109/2/865 3111/3/865
f 3110/1/865 3111/2/865 3112/3/865
f 3112/1/2067 3111/2/2067 3113/3/2067
f 3112/1/2067 3113/2/2067 3114/3/2067
f 3109/1/1481 3107/2/1481 3106/3/1481
f 3106/1/1481 3115/2/1481 3113/3/1481
f 3113/1/1481 3111/2/1481 3109/3/1481
f 3106/1/1481 3113/2/1481 3109/3/1481
f 3114/1/2936 3113/2/2936 3115/3/2936
f 3114/1/2936 3115/2/2936 3116/3/2936
f 3116/1/2068 3115/2/2068 3106/3/2068
f 3116/1/2068 3106/2/2068 3105/3/2068
f 3116/1/1453 3105/2/1453 3108/3/1453
f 3108/1/1453 3110/2/1453 3112/3/1453
f 3112/1/1453 3114/2/1453 3116/3/1453
f 3108/1/1453 3112/2/1453 3116/3/1453
f 3117/1/900 3118/2/900 3119/3/900
f 3117/1/900 3119/2/900 3120/3/900
f 3120/1/1 3119/2/1 3121/3/1
f 3120/1/1 3121/2/1 3122/3/1
f 3122/1/899 3121/2/899 3123/3/899
f 3122/1/899 3123/2/899 3124/3/899
f 3124/1/2030 3123/2/2030 3125/3/2030
f 3124/1/2030 3125/2/2030 3126/3/2030
f 3121/1/1481 3119/2/1481 3118/3/1481
f 3118/1/1481 3127/2/1481 3125/3/1481
f 3125/1/1481 3123/2/1481 3121/3/1481
f 3118/1/1481 3125/2/1481 3121/3/1481
f 3126/1/2936 3125/2/2936 3127/3/2936
f 3126/1/2936 3127/2/2936 3128/3/2936
f 3128/1/2031 3127/2/2031 3118/3/2031
f 3128/1/2031 3118/2/2031 3117/3/2031
f 3128/1/1453 3117/2/1453 3120/3/1453
f 3120/1/1453 3122/2/1453 3124/3/1453
f 3124/1/1453 3126/2/1453 3128/3/1453
f 3120/1/1453 3124/2/1453 3128/3/1453
f 3129/1/1322 3130/2/1322 3131/3/1322
f 3129/1/1322 3131/2/1322 3132/3/1322
f 3132/1/1129 3131/2/1129 3133/3/1129
f 3132/1/1129 3133/2/1129 3134/3/1129
f 3134/1/940 3133/2/940 3135/3/940
f 3134/1/940 3135/2/940 3136/3/940
f 3136/1/648 3135/2/648 3137/3/648
f 3136/1/648 3137/2/648 3138/3/648
f 3138/1/470 3137/2/470 3139/3/470
f 3138/1/470 3139/2/470 3140/3/470
f 3140/1/329 3139/2/329 3141/3/329
f 3140/1/329 3141/2/329 3142/3/329
f 3142/1/180 3141/2/180 3143/3/180
f 3142/1/180 3143/2/180 3144/3/180
f 3144/1/44 3143/2/44 3145/3/44
f 3144/1/44 3145/2/44 3146/3/44
f 3146/1/30 3145/2/30 3147/3/30
f 3146/1/30 3147/2/30 3148/3/30
f 3148/1/172 3147/2/172 3149/3/172
f 3148/1/172 3149/2/172 3150/3/172
f 3150/1/321 3149/2/321 3151/3/321
f 3150/1/321 3151/2/321 3152/3/321
f 3152/1/465 3151/2/465 3153/3/465
f 3152/1/465 3153/2/465 3154/3/465
f 3154/1/633 3153/2/633 3155/3/633
f 3154/1/633 3155/2/633 3156/3/633
f 3156/1/938 3155/2/938 3157/3/938
f 3156/1/938 3157/2/938 3158/3/938
f 3158/1/1114 3157/2/1114 3159/3/1114
f 3158/1/1114 3159/2/1114 3160/3/1114
f 3160/1/1302 3159/2/1302 3161/3/1302
f 3160/1/1302 3161/2/1302 3162/3/1302
f 3162/1/1621 3161/2/1621 3163/3/1621
f 3162/1/1621 3163/2/1621 3164/3/1621
f 3164/1/1820 3163/2/1820 3165/3/1820
f 3164/1/1820 3165/2/1820 3166/3/1820
f 3166/1/1990 3165/2/1990 3167/3/1990
f 3166/1/1990 3167/2/1990 3168/3/1990
f 3168/1/2302 3167/2/2302 3169/3/2302
f 3168/1/2302 3169/2/2302 3170/3/2302
f 3170/1/2461 3169/2/2461 3171/3/2461
f 3170/1/2461 3171/2/2461 3172/3/2461
f 3172/1/2614 3171/2/2614 3173/3/2614
f 3172/1/2614 3173/2/2614 3174/3/2614
f 3174/1/2750 3173/2/2750 3175/3/2750
f 3174/1/2750 3175/2/2750 3176/3/2750
f 3176/1/2910 3175/2/2910 3177/3/2910
f 3176/1/2910 3177/2/2910 3178/3/2910
f 3178/1/2907 3177/2/2907 3179/3/2907
f 3178/1/2907 3179/2/2907 3180/3/2907
f 3180/1/2771 3179/2/2771 3181/3/2771
f 3180/1/2771 3181/2/2771 3182/3/2771
f 3182/1/2626 3181/2/2626 3183/3/2626
f 3182/1/2626 3183/2/2626 3184/3/2626
f 3184/1/2468 3183/2/2468 3185/3/2468
f 3184/1/2468 3185/2/2468 3186/3/2468
f 3186/1/2297 3185/2/2297 3187/3/2297
f 3186/1/2297 3187/2/2297 3188/3/2297
f 3188/1/2013 3187/2/2013 3189/3/2013
f 3188/1/2013 3189/2/2013 3190/3/2013
f 3133/1/1481 3131/2/1481 3130/3/1481
f 3130/1/1481 3191/2/1481 3189/3/1481
f 3189/1/1481 3187/2/1481 3185/3/1481
f 3185/1/1481 3183/2/1481 3181/3/1481
f 3181/1/1481 3179/2/1481 3177/3/1481
f 3177/1/1481 3175/2/1481 3173/3/1481
f 3173/1/1481 3171/2/1481 3169/3/1481
f 3169/1/1481 3167/2/1481 3165/3/1481
f 3165/1/1481 3163/2/1481 3161/3/1481
f 3161/1/1481 3159/2/1481 3157/3/1481
f 3157/1/1481 3155/2/1481 3153/3/1481
f 3153/1/1481 3151/2/1481 3149/3/1481
f 3149/1/1481 3147/2/1481 3145/3/1481
f 3145/1/1481 3143/2/1481 3141/3/1481
f 3141/1/1481 3139/2/1481 3137/3/1481
f 3137/1/1481 3135/2/1481 3133/3/1481
f 3133/1/1481 3130/2/1481 3189/3/1481
f 3189/1/1481 3185/2/1481 3181/3/1481
f 3181/1/1481 3177/2/1481 3173/3/1481
f 3173/1/1481 3169/2/1481 3165/3/1481
f 3165/1/1481 3161/2/1481 3157/3/1481
f 3157/1/1481 3153/2/1481 3149/3/1481
f 3149/1/1481 3145/2/1481 3141/3/1481
f 3141/1/1481 3137/2/1481 3133/3/1481
f 3133/1/1481 3189/2/1481 3181/3/1481
f 3181/1/1481 3173/2/1481 3165/3/1481
f 3165/1/1481 3157/2/1481 3149/3/1481
f 3149/1/1481 3141/2/1481 3133/3/1481
f 3133/1/1481 3181/2/1481 3165/3/1481
f 3165/1/1481 3149/2/1481 3133/3/1481
f 3190/1/1829 3189/2/1829 3191/3/1829
f 3190/1/1829 3191/2/1829 3192/3/1829
f 3192/1/1610 3191/2/1610 3130/3/1610
f 3192/1/1610 3130/2/1610 3129/3/1610
f 3192/1/1453 3129/2/1453 3132/3/1453
f 3132/1/1453 3134/2/1453 3136/3/1453
f 3136/1/1453 3138/2/1453 3140/3/1453
f 3140/1/1453 3142/2/1453 3144/3/1453
f 3144/1/1453 3146/2/1453 3148/3/1453
f 3148/1/1453 3150/2/1453 3152/3/1453
f 3152/1/1453 3154/2/1453 3156/3/1453
f 3156/1/1453 3158/2/1453 3160/3/1453
f 3160/1/1453 3162/2/1453 3164/3/1453
f 3164/1/1453 3166/2/1453 3168/3/1453
f 3168/1/1453 3170/2/1453 3172/3/1453
f 3172/1/1453 3174/2/1453 3176/3/1453
f 3176/1/1453 3178/2/1453 3180/3/1453
f 3180/1/1453 3182/2/1453 3184/3/1453
f 3184/1/1453 3186/2/1453 3188/3/1453
f 3188/1/1453 3190/2/1453 3192/3/1453
f 3192/1/1453 3132/2/1453 3136/3/1453
f 3136/1/1453 3140/2/1453 3144/3/1453
f 3144/1/1453 3148/2/1453 3152/3/1453
f 3152/1/1453 3156/2/1453 3160/3/1453
f 3160/1/1453 3164/2/1453 3168/3/1453
f 3168/1/1453 3172/2/1453 3176/3/1453
f 3176/1/1453 3180/2/1453 3184/3/1453
f 3184/1/1453 3188/2/1453 3192/3/1453
f 3192/1/1453 3136/2/1453 3144/3/1453
f 3144/1/1453 3152/2/1453 3160/3/1453
f 3160/1/1453 3168/2/1453 3176/3/1453
f 3176/1/1453 3184/2/1453 3192/3/1453
f 3192/1/1453 3144/2/1453 3160/3/1453
f 3160/1/1453 3176/2/1453 3192/3/1453
f 3193/1/855 3194/2/855 3195/3/855
f 3193/1/855 3195/2/855 3196/3/855
f 3196/1/1 3195/2/1 3197/3/1
f 3196/1/1 3197/2/1 3198/3/1
f 3198/1/860 3197/2/860 3199/3/860
f 3198/1/860 3199/2/860 3200/3/860
f 3200/1/2073 3199/2/2073 3201/3/2073
f 3200/1/2073 3201/2/2073 3202/3/2073
f 3197/1/1481 3195/2/1481 3194/3/1481
f 3194/1/1481 3203/2/1481 3201/3/1481
f 3201/1/1481 3199/2/1481 3197/3/1481
f 3194/1/1481 3201/2/1481 3197/3/1481
f 3202/1/2936 3201/2/2936 3203/3/2936
f 3202/1/2936 3203/2/2936 3204/3/2936
f 3204/1/2080 3203/2/2080 3194/3/2080
f 3204/1/2080 3194/2/2080 3193/3/2080
f 3204/1/1453 3193/2/1453 3196/3/1453
f 3196/1/1453 3198/2/1453 3200/3/1453
f 3200/1/1453 3202/2/1453 3204/3/1453
f 3196/1/1453 3200/2/1453 3204/3/1453
f 3205/1/849 3206/2/849 3207/3/849
f 3205/1/849 3207/2/849 3208/3/849
f 3208/1/1 3207/2/1 3209/3/1
f 3208/1/1 3209/2/1 3210/3/1
f 3210/1/848 3209/2/848 3211/3/848
f 3210/1/848 3211/2/848 3212/3/848
f 3212/1/2089 3211/2/2089 3213/3/2089
f 3212/1/2089 3213/2/2089 3214/3/2089
f 3209/1/1481 3207/2/1481 3206/3/1481
f 3206/1/1481 3215/2/1481 3213/3/1481
f 3213/1/1481 3211/2/1481 3209/3/1481
f 3206/1/1481 3213/2/1481 3209/3/1481
f 3214/1/2936 3213/2/2936 3215/3/2936
f 3214/1/2936 3215/2/2936 3216/3/2936
f 3216/1/2090 3215/2/2090 3206/3/2090
f 3216/1/2090 3206/2/2090 3205/3/2090
f 3216/1/1453 3205/2/1453 3208/3/1453
f 3208/1/1453 3210/2/1453 3212/3/1453
f 3212/1/1453 3214/2/1453 3216/3/1453
f 3208/1/1453 3212/2/1453 3216/3/1453
f 3217/1/796 3218/2/796 3219/3/796
f 3217/1/796 3219/2/796 3220/3/796
f 3220/1/1 3219/2/1 3221/3/1
f 3220/1/1 3221/2/1 3222/3/1
f 3222/1/790 3221/2/790 3223/3/790
f 3222/1/790 3223/2/790 3224/3/790
f 3224/1/2151 3223/2/2151 3225/3/2151
f 3224/1/2151 3225/2/2151 3226/3/2151
f 3221/1/1481 3219/2/1481 3218/3/1481
f 3218/1/1481 3227/2/1481 3225/3/1481
f 3225/1/1481 3223/2/1481 3221/3/1481
f 3218/1/1481 3225/2/1481 3221/3/1481
f 3226/1/2936 3225/2/2936 3227/3/2936
f 3226/1/2936 3227/2/2936 3228/3/2936
f 3228/1/2146 3227/2/2146 3218/3/2146
f 3228/1/2146 3218/2/2146 3217/3/2146
f 3228/1/1453 3217/2/1453 3220/3/1453
f 3220/1/1453 3222/2/1453 3224/3/1453
f 3224/1/1453 3226/2/1453 3228/3/1453
f 3220/1/1453 3224/2/1453 3228/3/1453
f 3229/1/791 3230/2/791 3231/3/791
f 3229/1/791 3231/2/791 3232/3/791
f 3232/1/1 3231/2/1 3233/3/1
f 3232/1/1 3233/2/1 3234/3/1
f 3234/1/795 3233/2/795 3235/3/795
f 3234/1/795 3235/2/795 3236/3/795
f 3236/1/2131 3235/2/2131 3237/3/2131
f 3236/1/2131 3237/2/2131 3238/3/2131
f 3233/1/1481 3231/2/1481 3230/3/1481
f 3230/1/1481 3239/2/1481 3237/3/1481
f 3237/1/1481 3235/2/1481 3233/3/1481
f 3230/1/1481 3237/2/1481 3233/3/1481
f 3238/1/2936 3237/2/2936 3239/3/2936
f 3238/1/2936 3239/2/2936 3240/3/2936
f 3240/1/2138 3239/2/2138 3230/3/2138
f 3240/1/2138 3230/2/2138 3229/3/2138
f 3240/1/1453 3229/2/1453 3232/3/1453
f 3232/1/1453 3234/2/1453 3236/3/1453
f 3236/1/1453 3238/2/1453 3240/3/1453
f 3232/1/1453 3236/2/1453 3240/3/1453
f 3241/1/812 3242/2/812 3243/3/812
f 3241/1/812 3243/2/812 3244/3/812
f 3244/1/1 3243/2/1 3245/3/1
f 3244/1/1 3245/2/1 3246/3/1
f 3246/1/807 3245/2/807 3247/3/807
f 3246/1/807 3247/2/807 3248/3/807
f 3248/1/2139 3247/2/2139 3249/3/2139
f 3248/1/2139 3249/2/2139 3250/3/2139
f 3245/1/1481 3243/2/1481 3242/3/1481
f 3242/1/1481 3251/2/1481 3249/3/1481
f 3249/1/1481 3247/2/1481 3245/3/1481
f 3242/1/1481 3249/2/1481 3245/3/1481
f 3250/1/2936 3249/2/2936 3251/3/2936
f 3250/1/2936 3251/2/2936 3252/3/2936
f 3252/1/2134 3251/2/2134 3242/3/2134
f 3252/1/2134 3242/2/2134 3241/3/2134
f 3252/1/1453 3241/2/1453 3244/3/1453
f 3244/1/1453 3246/2/1453 3248/3/1453
f 3248/1/1453 3250/2/1453 3252/3/1453
f 3244/1/1453 3248/2/1453 3252/3/1453
f 3253/1/806 3254/2/806 3255/3/806
f 3253/1/806 3255/2/806 3256/3/806
f 3256/1/1 3255/2/1 3257/3/1
f 3256/1/1 3257/2/1 3258/3/1
f 3258/1/811 3257/2/811 3259/3/811
f 3258/1/811 3259/2/811 3260/3/811
f 3260/1/2127 3259/2/2127 3261/3/2127
f 3260/1/2127 3261/2/2127 3262/3/2127
f 3257/1/1481 3255/2/1481 3254/3/1481
f 3254/1/1481 3263/2/1481 3261/3/1481
f 3261/1/1481 3259/2/1481 3257/3/1481
f 3254/1/1481 3261/2/1481 3257/3/1481
f 3262/1/2936 3261/2/2936 3263/3/2936
f 3262/1/2936 3263/2/2936 3264/3/2936
f 3264/1/2129 3263/2/2129 3254/3/2129
f 3264/1/2129 3254/2/2129 3253/3/2129
f 3264/1/1453 3253/2/1453 3256/3/1453
f 3256/1/1453 3258/2/1453 3260/3/1453
f 3260/1/1453 3262/2/1453 3264/3/1453
f 3256/1/1453 3260/2/1453 3264/3/1453
f 3265/1/812 3266/2/812 3267/3/812
f 3265/1/812 3267/2/812 3268/3/812
f 3268/1/1 3267/2/1 3269/3/1
f 3268/1/1 3269/2/1 3270/3/1
f 3270/1/805 3269/2/805 3271/3/805
f 3270/1/805 3271/2/805 3272/3/805
f 3272/1/2132 3271/2/2132 3273/3/2132
f 3272/1/2132 3273/2/2132 3274/3/2132
f 3269/1/1481 3267/2/1481 3266/3/1481
f 3266/1/1481 3275/2/1481 3273/3/1481
f 3273/1/1481 3271/2/1481 3269/3/1481
f 3266/1/1481 3273/2/1481 3269/3/1481
f 3274/1/2936 3273/2/2936 3275/3/2936
f 3274/1/2936 3275/2/2936 3276/3/2936
f 3276/1/2130 3275/2/2130 3266/3/2130
f 3276/1/2130 3266/2/2130 3265/3/2130
f 3276/1/1453 3265/2/1453 3268/3/1453
f 3268/1/1453 3270/2/1453 3272/3/1453
f 3272/1/1453 3274/2/1453 3276/3/1453
f 3268/1/1453 3272/2/1453 3276/3/1453
f 3277/1/849 3278/2/849 3279/3/849
f 3277/1/849 3279/2/849 3280/3/849
f 3280/1/1 3279/2/1 3281/3/1
f 3280/1/1 3281/2/1 3282/3/1
f 3282/1/805 3281/2/805 3283/3/805
f 3282/1/805 3283/2/805 3284/3/805
f 3284/1/2140 3283/2/2140 3285/3/2140
f 3284/1/2140 3285/2/2140 3286/3/2140
f 3281/1/1481 3279/2/1481 3278/3/1481
f 3278/1/1481 3287/2/1481 3285/3/1481
f 3285/1/1481 3283/2/1481 3281/3/1481
f 3278/1/1481 3285/2/1481 3281/3/1481
f 3286/1/2936 3285/2/2936 3287/3/2936
f 3286/1/2936 3287/2/2936 3288/3/2936
f 3288/1/2090 3287/2/2090 3278/3/2090
f 3288/1/2090 3278/2/2090 3277/3/2090
f 3288/1/1453 3277/2/1453 3280/3/1453
f 3280/1/1453 3282/2/1453 3284/3/1453
f 3284/1/1453 3286/2/1453 3288/3/1453
f 3280/1/1453 3284/2/1453 3288/3/1453
f 3289/1/849 3290/2/849 3291/3/849
f 3289/1/849 3291/2/849 3292/3/849
f 3292/1/1 3291/2/1 3293/3/1
f 3292/1/1 3293/2/1 3294/3/1
f 3294/1/848 3293/2/848 3295/3/848
f 3294/1/848 3295/2/848 3296/3/848
f 3296/1/2084 3295/2/2084 3297/3/2084
f 3296/1/2084 3297/2/2084 3298/3/2084
f 3293/1/1481 3291/2/1481 3290/3/1481
f 3290/1/1481 3299/2/1481 3297/3/1481
f 3297/1/1481 3295/2/1481 3293/3/1481
f 3290/1/1481 3297/2/1481 3293/3/1481
f 3298/1/2936 3297/2/2936 3299/3/2936
f 3298/1/2936 3299/2/2936 3300/3/2936
f 3300/1/2085 3299/2/2085 3290/3/2085
f 3300/1/2085 3290/2/2085 3289/3/2085
f 3300/1/1453 3289/2/1453 3292/3/1453
f 3292/1/1453 3294/2/1453 3296/3/1453
f 3296/1/1453 3298/2/1453 3300/3/1453
f 3292/1/1453 3296/2/1453 3300/3/1453
f 3301/1/855 3302/2/855 3303/3/855
f 3301/1/855 3303/2/855 3304/3/855
f 3304/1/1 3303/2/1 3305/3/1
f 3304/1/1 3305/2/1 3306/3/1
f 3306/1/860 3305/2/860 3307/3/860
f 3306/1/860 3307/2/860 3308/3/860
f 3308/1/2070 3307/2/2070 3309/3/2070
f 3308/1/2070 3309/2/2070 3310/3/2070
f 3305/1/1481 3303/2/1481 3302/3/1481
f 3302/1/1481 3311/2/1481 3309/3/1481
f 3309/1/1481 3307/2/1481 3305/3/1481
f 3302/1/1481 3309/2/1481 3305/3/1481
f 3310/1/2936 3309/2/2936 3311/3/2936
f 3310/1/2936 3311/2/2936 3312/3/2936
f 3312/1/2072 3311/2/2072 3302/3/2072
f 3312/1/2072 3302/2/2072 3301/3/2072
f 3312/1/1453 3301/2/1453 3304/3/1453
f 3304/1/1453 3306/2/1453 3308/3/1453
f 3308/1/1453 3310/2/1453 3312/3/1453
f 3304/1/1453 3308/2/1453 3312/3/1453
f 3313/1/855 3314/2/855 3315/3/855
f 3313/1/855 3315/2/855 3316/3/855
f 3316/1/1 3315/2/1 3317/3/1
f 3316/1/1 3317/2/1 3318/3/1
f 3318/1/848 3317/2/848 3319/3/848
f 3318/1/848 3319/2/848 3320/3/848
f 3320/1/2089 3319/2/2089 3321/3/2089
f 3320/1/2089 3321/2/2089 3322/3/2089
f 3317/1/1481 3315/2/1481 3314/3/1481
f 3314/1/1481 3323/2/1481 3321/3/1481
f 3321/1/1481 3319/2/1481 3317/3/1481
f 3314/1/1481 3321/2/1481 3317/3/1481
f 3322/1/2936 3321/2/2936 3323/3/2936
f 3322/1/2936 3323/2/2936 3324/3/2936
f 3324/1/2080 3323/2/2080 3314/3/2080
f 3324/1/2080 3314/2/2080 3313/3/2080
f 3324/1/1453 3313/2/1453 3316/3/1453
f 3316/1/1453 3318/2/1453 3320/3/1453
f 3320/1/1453 3322/2/1453 3324/3/1453
f 3316/1/1453 3320/2/1453 3324/3/1453
f 3325/1/838 3326/2/838 3327/3/838
f 3325/1/838 3327/2/838 3328/3/838
f 3328/1/1 3327/2/1 3329/3/1
f 3328/1/1 3329/2/1 3330/3/1
f 3330/1/842 3329/2/842 3331/3/842
f 3330/1/842 3331/2/842 3332/3/842
f 3332/1/2071 3331/2/2071 3333/3/2071
f 3332/1/2071 3333/2/2071 3334/3/2071
f 3329/1/1481 3327/2/1481 3326/3/1481
f 3326/1/1481 3335/2/1481 3333/3/1481
f 3333/1/1481 3331/2/1481 3329/3/1481
f 3326/1/1481 3333/2/1481 3329/3/1481
f 3334/1/2936 3333/2/2936 3335/3/2936
f 3334/1/2936 3335/2/2936 3336/3/2936
f 3336/1/2078 3335/2/2078 3326/3/2078
f 3336/1/2078 3326/2/2078 3325/3/2078
f 3336/1/1453 3325/2/1453 3328/3/1453
f 3328/1/1453 3330/2/1453 3332/3/1453
f 3332/1/1453 3334/2/1453 3336/3/1453
f 3328/1/1453 3332/2/1453 3336/3/1453
f 3337/1/833 3338/2/833 3339/3/833
f 3337/1/833 3339/2/833 3340/3/833
f 3340/1/1 3339/2/1 3341/3/1
f 3340/1/1 3341/2/1 3342/3/1
f 3342/1/832 3341/2/832 3343/3/832
f 3342/1/832 3343/2/832 3344/3/832
f 3344/1/2108 3343/2/2108 3345/3/2108
f 3344/1/2108 3345/2/2108 3346/3/2108
f 3341/1/1481 3339/2/1481 3338/3/1481
f 3338/1/1481 3347/2/1481 3345/3/1481
f 3345/1/1481 3343/2/1481 3341/3/1481
f 3338/1/1481 3345/2/1481 3341/3/1481
f 3346/1/2936 3345/2/2936 3347/3/2936
f 3346/1/2936 3347/2/2936 3348/3/2936
f 3348/1/2109 3347/2/2109 3338/3/2109
f 3348/1/2109 3338/2/2109 3337/3/2109
f 3348/1/1453 3337/2/1453 3340/3/1453
f 3340/1/1453 3342/2/1453 3344/3/1453
f 3344/1/1453 3346/2/1453 3348/3/1453
f 3340/1/1453 3344/2/1453 3348/3/1453
f 3349/1/833 3350/2/833 3351/3/833
f 3349/1/833 3351/2/833 3352/3/833
f 3352/1/1 3351/2/1 3353/3/1
f 3352/1/1 3353/2/1 3354/3/1
f 3354/1/832 3353/2/832 3355/3/832
f 3354/1/832 3355/2/832 3356/3/832
f 3356/1/2108 3355/2/2108 3357/3/2108
f 3356/1/2108 3357/2/2108 3358/3/2108
f 3353/1/1481 3351/2/1481 3350/3/1481
f 3350/1/1481 3359/2/1481 3357/3/1481
f 3357/1/1481 3355/2/1481 3353/3/1481
f 3350/1/1481 3357/2/1481 3353/3/1481
f 3358/1/2936 3357/2/2936 3359/3/2936
f 3358/1/2936 3359/2/2936 3360/3/2936
f 3360/1/2109 3359/2/2109 3350/3/2109
f 3360/1/2109 3350/2/2109 3349/3/2109
f 3360/1/1453 3349/2/1453 3352/3/1453
f 3352/1/1453 3354/2/1453 3356/3/1453
f 3356/1/1453 3358/2/1453 3360/3/1453
f 3352/1/1453 3356/2/1453 3360/3/1453
f 3361/1/838 3362/2/838 3363/3/838
f 3361/1/838 3363/2/838 3364/3/838
f 3364/1/1 3363/2/1 3365/3/1
f 3364/1/1 3365/2/1 3366/3/1
f 3366/1/842 3365/2/842 3367/3/842
f 3366/1/842 3367/2/842 3368/3/842
f 3368/1/2098 3367/2/2098 3369/3/2098
f 3368/1/2098 3369/2/2098 3370/3/2098
f 3365/1/1481 3363/2/1481 3362/3/1481
f 3362/1/1481 3371/2/1481 3369/3/1481
f 3369/1/1481 3367/2/1481 3365/3/1481
f 3362/1/1481 3369/2/1481 3365/3/1481
f 3370/1/2936 3369/2/2936 3371/3/2936
f 3370/1/2936 3371/2/2936 3372/3/2936
f 3372/1/2102 3371/2/2102 3362/3/2102
f 3372/1/2102 3362/2/2102 3361/3/2102
f 3372/1/1453 3361/2/1453 3364/3/1453
f 3364/1/1453 3366/2/1453 3368/3/1453
f 3368/1/1453 3370/2/1453 3372/3/1453
f 3364/1/1453 3368/2/1453 3372/3/1453
f 3373/1/833 3374/2/833 3375/3/833
f 3373/1/833 3375/2/833 3376/3/833
f 3376/1/1 3375/2/1 3377/3/1
f 3376/1/1 3377/2/1 3378/3/1
f 3378/1/790 3377/2/790 3379/3/790
f 3378/1/790 3379/2/790 3380/3/790
f 3380/1/2151 3379/2/2151 3381/3/2151
f 3380/1/2151 3381/2/2151 3382/3/2151
f 3377/1/1481 3375/2/1481 3374/3/1481
f 3374/1/1481 3383/2/1481 3381/3/1481
f 3381/1/1481 3379/2/1481 3377/3/1481
f 3374/1/1481 3381/2/1481 3377/3/1481
f 3382/1/2936 3381/2/2936 3383/3/2936
f 3382/1/2936 3383/2/2936 3384/3/2936
f 3384/1/2109 3383/2/2109 3374/3/2109
f 3384/1/2109 3374/2/2109 3373/3/2109
f 3384/1/1453 3373/2/1453 3376/3/1453
f 3376/1/1453 3378/2/1453 3380/3/1453
f 3380/1/1453 3382/2/1453 3384/3/1453
f 3376/1/1453 3380/2/1453 3384/3/1453
f 3385/1/1329 3386/2/1329 3387/3/1329
f 3385/1/1329 3387/2/1329 3388/3/1329
f 3388/1/1131 3387/2/1131 3389/3/1131
f 3388/1/1131 3389/2/1131 3390/3/1131
f 3390/1/924 3389/2/924 3391/3/924
f 3390/1/924 3391/2/924 3392/3/924
f 3392/1/615 3391/2/615 3393/3/615
f 3392/1/615 3393/2/615 3394/3/615
f 3394/1/462 3393/2/462 3395/3/462
f 3394/1/462 3395/2/462 3396/3/462
f 3396/1/340 3395/2/340 3397/3/340
f 3396/1/340 3397/2/340 3398/3/340
f 3398/1/165 3397/2/165 3399/3/165
f 3398/1/165 3399/2/165 3400/3/165
f 3400/1/14 3399/2/14 3401/3/14
f 3400/1/14 3401/2/14 3402/3/14
f 3402/1/16 3401/2/16 3403/3/16
f 3402/1/16 3403/2/16 3404/3/16
f 3404/1/157 3403/2/157 3405/3/157
f 3404/1/157 3405/2/157 3406/3/157
f 3406/1/334 3405/2/334 3407/3/334
f 3406/1/334 3407/2/334 3408/3/334
f 3408/1/495 3407/2/495 3409/3/495
f 3408/1/495 3409/2/495 3410/3/495
f 3410/1/653 3409/2/653 3411/3/653
f 3410/1/653 3411/2/653 3412/3/653
f 3412/1/915 3411/2/915 3413/3/915
f 3412/1/915 3413/2/915 3414/3/915
f 3414/1/1127 3413/2/1127 3415/3/1127
f 3414/1/1127 3415/2/1127 3416/3/1127
f 3416/1/1331 3415/2/1331 3417/3/1331
f 3416/1/1331 3417/2/1331 3418/3/1331
f 3418/1/1607 3417/2/1607 3419/3/1607
f 3418/1/1607 3419/2/1607 3420/3/1607
f 3420/1/1804 3419/2/1804 3421/3/1804
f 3420/1/1804 3421/2/1804 3422/3/1804
f 3422/1/2004 3421/2/2004 3423/3/2004
f 3422/1/2004 3423/2/2004 3424/3/2004
f 3424/1/2322 3423/2/2322 3425/3/2322
f 3424/1/2322 3425/2/2322 3426/3/2322
f 3426/1/2481 3425/2/2481 3427/3/2481
f 3426/1/2481 3427/2/2481 3428/3/2481
f 3428/1/2597 3427/2/2597 3429/3/2597
f 3428/1/2597 3429/2/2597 3430/3/2597
f 3430/1/2768 3429/2/2768 3431/3/2768
f 3430/1/2768 3431/2/2768 3432/3/2768
f 3432/1/2917 3431/2/2917 3433/3/2917
f 3432/1/2917 3433/2/2917 3434/3/2917
f 3434/1/2915 3433/2/2915 3435/3/2915
f 3434/1/2915 3435/2/2915 3436/3/2915
f 3436/1/2772 3435/2/2772 3437/3/2772
f 3436/1/2772 3437/2/2772 3438/3/2772
f 3438/1/2610 3437/2/2610 3439/3/2610
f 3438/1/2610 3439/2/2610 3440/3/2610
f 3440/1/2445 3439/2/2445 3441/3/2445
f 3440/1/2445 3441/2/2445 3442/3/2445
f 3442/1/2286 3441/2/2286 3443/3/2286
f 3442/1/2286 3443/2/2286 3444/3/2286
f 3444/1/2018 3443/2/2018 3445/3/2018
f 3444/1/2018 3445/2/2018 3446/3/2018
f 3389/1/1481 3387/2/1481 3386/3/1481
f 3386/1/1481 3447/2/1481 3445/3/1481
f 3445/1/1481 3443/2/1481 3441/3/1481
f 3441/1/1481 3439/2/1481 3437/3/1481
f 3437/1/1481 3435/2/1481 3433/3/1481
f 3433/1/1481 3431/2/1481 3429/3/1481
f 3429/1/1481 3427/2/1481 3425/3/1481
f 3425/1/1481 3423/2/1481 3421/3/1481
f 3421/1/1481 3419/2/1481 3417/3/1481
f 3417/1/1481 3415/2/1481 3413/3/1481
f 3413/1/1481 3411/2/1481 3409/3/1481
f 3409/1/1481 3407/2/1481 3405/3/1481
f 3405/1/1481 3403/2/1481 3401/3/1481
f 3401/1/1481 3399/2/1481 3397/3/1481
f 3397/1/1481 3395/2/1481 3393/3/1481
f 3393/1/1481 3391/2/1481 3389/3/1481
f 3389/1/1481 3386/2/1481 3445/3/1481
f 3445/1/1481 3441/2/1481 3437/3/1481
f 3437/1/1481 3433/2/1481 3429/3/1481
f 3429/1/1481 3425/2/1481 3421/3/1481
f 3421/1/1481 3417/2/1481 3413/3/1481
f 3413/1/1481 3409/2/1481 3405/3/1481
f 3405/1/1481 3401/2/1481 3397/3/1481
f 3397/1/1481 3393/2/1481 3389/3/1481
f 3389/1/1481 3445/2/1481 3437/3/1481
f 3437/1/1481 3429/2/1481 3421/3/1481
f 3421/1/1481 3413/2/1481 3405/3/1481
f 3405/1/1481 3397/2/1481 3389/3/1481
f 3389/1/1481 3437/2/1481 3421/3/1481
f 3421/1/1481 3405/2/1481 3389/3/1481
f 3446/1/1810 3445/2/1810 3447/3/1810
f 3446/1/1810 3447/2/1810 3448/3/1810
f 3448/1/1605 3447/2/1605 3386/3/1605
f 3448/1/1605 3386/2/1605 3385/3/1605
f 3448/1/1453 3385/2/1453 3388/3/1453
f 3388/1/1453 3390/2/1453 3392/3/1453
f 3392/1/1453 3394/2/1453 3396/3/1453
f 3396/1/1453 3398/2/1453 3400/3/1453
f 3400/1/1453 3402/2/1453 3404/3/1453
f 3404/1/1453 3406/2/1453 3408/3/1453
f 3408/1/1453 3410/2/1453 3412/3/1453
f 3412/1/1453 3414/2/1453 3416/3/1453
f 3416/1/1453 3418/2/1453 3420/3/1453
f 3420/1/1453 3422/2/1453 3424/3/1453
f 3424/1/1453 3426/2/1453 3428/3/1453
f 3428/1/1453 3430/2/1453 3432/3/1453
f 3432/1/1453 3434/2/1453 3436/3/1453
f 3436/1/1453 3438/2/1453 3440/3/1453
f 3440/1/1453 3442/2/1453 3444/3/1453
f 3444/1/1453 3446/2/1453 3448/3/1453
f 3448/1/1453 3388/2/1453 3392/3/1453
f 3392/1/1453 3396/2/1453 3400/3/1453
f 3400/1/1453 3404/2/1453 3408/3/1453
f 3408/1/1453 3412/2/1453 3416/3/1453
f 3416/1/1453 3420/2/1453 3424/3/1453
f 3424/1/1453 3428/2/1453 3432/3/1453
f 3432/1/1453 3436/2/1453 3440/3/1453
f 3440/1/1453 3444/2/1453 3448/3/1453
f 3448/1/1453 3392/2/1453 3400/3/1453
f 3400/1/1453 3408/2/1453 3416/3/1453
f 3416/1/1453 3424/2/1453 3432/3/1453
f 3432/1/1453 3440/2/1453 3448/3/1453
f 3448/1/1453 3400/2/1453 3416/3/1453
f 3416/1/1453 3432/2/1453 3448/3/1453
f 3449/1/1328 3450/2/1328 3451/3/1328
f 3449/1/1328 3451/2/1328 3452/3/1328
f 3452/1/1132 3451/2/1132 3453/3/1132
f 3452/1/1132 3453/2/1132 3454/3/1132
f 3454/1/921 3453/2/921 3455/3/921
f 3454/1/921 3455/2/921 3456/3/921
f 3456/1/616 3455/2/616 3457/3/616
f 3456/1/616 3457/2/616 3458/3/616
f 3458/1/460 3457/2/460 3459/3/460
f 3458/1/460 3459/2/460 3460/3/460
f 3460/1/341 3459/2/341 3461/3/341
f 3460/1/341 3461/2/341 3462/3/341
f 3462/1/166 3461/2/166 3463/3/166
f 3462/1/166 3463/2/166 3464/3/166
f 3464/1/15 3463/2/15 3465/3/15
f 3464/1/15 3465/2/15 3466/3/15
f 3466/1/17 3465/2/17 3467/3/17
f 3466/1/17 3467/2/17 3468/3/17
f 3468/1/159 3467/2/159 3469/3/159
f 3468/1/159 3469/2/159 3470/3/159
f 3470/1/332 3469/2/332 3471/3/332
f 3470/1/332 3471/2/332 3472/3/332
f 3472/1/494 3471/2/494 3473/3/494
f 3472/1/494 3473/2/494 3474/3/494
f 3474/1/654 3473/2/654 3475/3/654
f 3474/1/654 3475/2/654 3476/3/654
f 3476/1/914 3475/2/914 3477/3/914
f 3476/1/914 3477/2/914 3478/3/914
f 3478/1/1126 3477/2/1126 3479/3/1126
f 3478/1/1126 3479/2/1126 3480/3/1126
f 3480/1/1330 3479/2/1330 3481/3/1330
f 3480/1/1330 3481/2/1330 3482/3/1330
f 3482/1/1608 3481/2/1608 3483/3/1608
f 3482/1/1608 3483/2/1608 3484/3/1608
f 3484/1/1805 3483/2/1805 3485/3/1805
f 3484/1/1805 3485/2/1805 3486/3/1805
f 3486/1/2001 3485/2/2001 3487/3/2001
f 3486/1/2001 3487/2/2001 3488/3/2001
f 3488/1/2323 3487/2/2323 3489/3/2323
f 3488/1/2323 3489/2/2323 3490/3/2323
f 3490/1/2482 3489/2/2482 3491/3/2482
f 3490/1/2482 3491/2/2482 3492/3/2482
f 3492/1/2598 3491/2/2598 3493/3/2598
f 3492/1/2598 3493/2/2598 3494/3/2598
f 3494/1/2769 3493/2/2769 3495/3/2769
f 3494/1/2769 3495/2/2769 3496/3/2769
f 3496/1/2916 3495/2/2916 3497/3/2916
f 3496/1/2916 3497/2/2916 3498/3/2916
f 3498/1/2914 3497/2/2914 3499/3/2914
f 3498/1/2914 3499/2/2914 3500/3/2914
f 3500/1/2773 3499/2/2773 3501/3/2773
f 3500/1/2773 3501/2/2773 3502/3/2773
f 3502/1/2608 3501/2/2608 3503/3/2608
f 3502/1/2608 3503/2/2608 3504/3/2608
f 3504/1/2448 3503/2/2448 3505/3/2448
f 3504/1/2448 3505/2/2448 3506/3/2448
f 3506/1/2287 3505/2/2287 3507/3/2287
f 3506/1/2287 3507/2/2287 3508/3/2287
f 3508/1/2017 3507/2/2017 3509/3/2017
f 3508/1/2017 3509/2/2017 3510/3/2017
f 3453/1/1481 3451/2/1481 3450/3/1481
f 3450/1/1481 3511/2/1481 3509/3/1481
f 3509/1/1481 3507/2/1481 3505/3/1481
f 3505/1/1481 3503/2/1481 3501/3/1481
f 3501/1/1481 3499/2/1481 3497/3/1481
f 3497/1/1481 3495/2/1481 3493/3/1481
f 3493/1/1481 3491/2/1481 3489/3/1481
f 3489/1/1481 3487/2/1481 3485/3/1481
f 3485/1/1481 3483/2/1481 3481/3/1481
f 3481/1/1481 3479/2/1481 3477/3/1481
f 3477/1/1481 3475/2/1481 3473/3/1481
f 3473/1/1481 3471/2/1481 3469/3/1481
f 3469/1/1481 3467/2/1481 3465/3/1481
f 3465/1/1481 3463/2/1481 3461/3/1481
f 3461/1/1481 3459/2/1481 3457/3/1481
f 3457/1/1481 3455/2/1481 3453/3/1481
f 3453/1/1481 3450/2/1481 3509/3/1481
f 3509/1/1481 3505/2/1481 3501/3/1481
f 3501/1/1481 3497/2/1481 3493/3/1481
f 3493/1/1481 3489/2/1481 3485/3/1481
f 3485/1/1481 3481/2/1481 3477/3/1481
f 3477/1/1481 3473/2/1481 3469/3/1481
f 3469/1/1481 3465/2/1481 3461/3/1481
f 3461/1/1481 3457/2/1481 3453/3/1481
f 3453/1/1481 3509/2/1481 3501/3/1481
f 3501/1/1481 3493/2/1481 3485/3/1481
f 3485/1/1481 3477/2/1481 3469/3/1481
f 3469/1/1481 3461/2/1481 3453/3/1481
f 3453/1/1481 3501/2/1481 3485/3/1481
f 3485/1/1481 3469/2/1481 3453/3/1481
f 3510/1/1809 3509/2/1809 3511/3/1809
f 3510/1/1809 3511/2/1809 3512/3/1809
f 3512/1/1606 3511/2/1606 3450/3/1606
f 3512/1/1606 3450/2/1606 3449/3/1606
f 3512/1/1453 3449/2/1453 3452/3/1453
f 3452/1/1453 3454/2/1453 3456/3/1453
f 3456/1/1453 3458/2/1453 3460/3/1453
f 3460/1/1453 3462/2/1453 3464/3/1453
f 3464/1/1453 3466/2/1453 3468/3/1453
f 3468/1/1453 3470/2/1453 3472/3/1453
f 3472/1/1453 3474/2/1453 3476/3/1453
f 3476/1/1453 3478/2/1453 3480/3/1453
f 3480/1/1453 3482/2/1453 3484/3/1453
f 3484/1/1453 3486/2/1453 3488/3/1453
f 3488/1/1453 3490/2/1453 3492/3/1453
f 3492/1/1453 3494/2/1453 3496/3/1453
f 3496/1/1453 3498/2/1453 3500/3/1453
f 3500/1/1453 3502/2/1453 3504/3/1453
f 3504/1/1453 3506/2/1453 3508/3/1453
f 3508/1/1453 3510/2/1453 3512/3/1453
f 3512/1/1453 3452/2/1453 3456/3/1453
f 3456/1/1453 3460/2/1453 3464/3/1453
f 3464/1/1453 3468/2/1453 3472/3/1453
f 3472/1/1453 3476/2/1453 3480/3/1453
f 3480/1/1453 3484/2/1453 3488/3/1453
f 3488/1/1453 3492/2/1453 3496/3/1453
f 3496/1/1453 3500/2/1453 3504/3/1453
f 3504/1/1453 3508/2/1453 3512/3/1453
f 3512/1/1453 3456/2/1453 3464/3/1453
f 3464/1/1453 3472/2/1453 3480/3/1453
f 3480/1/1453 3488/2/1453 3496/3/1453
f 3496/1/1453 3504/2/1453 3512/3/1453
f 3512/1/1453 3464/2/1453 3480/3/1453
f 3480/1/1453 3496/2/1453 3512/3/1453
f 3513/1/1295 3514/2/1295 3515/3/1295
f 3513/1/1295 3515/2/1295 3516/3/1295
f 3516/1/1118 3515/2/1118 3517/3/1118
f 3516/1/1118 3517/2/1118 3518/3/1118
f 3518/1/952 3517/2/952 3519/3/952
f 3518/1/952 3519/2/952 3520/3/952
f 3520/1/637 3519/2/637 3521/3/637
f 3520/1/637 3521/2/637 3522/3/637
f 3522/1/476 3521/2/476 3523/3/476
f 3522/1/476 3523/2/476 3524/3/476
f 3524/1/330 3523/2/330 3525/3/330
f 3524/1/330 3525/2/330 3526/3/330
f 3526/1/177 3525/2/177 3527/3/177
f 3526/1/177 3527/2/177 3528/3/177
f 3528/1/53 3527/2/53 3529/3/53
f 3528/1/53 3529/2/53 3530/3/53
f 3530/1/45 3529/2/45 3531/3/45
f 3530/1/45 3531/2/45 3532/3/45
f 3532/1/179 3531/2/179 3533/3/179
f 3532/1/179 3533/2/179 3534/3/179
f 3534/1/303 3533/2/303 3535/3/303
f 3534/1/303 3535/2/303 3536/3/303
f 3536/1/475 3535/2/475 3537/3/475
f 3536/1/475 3537/2/475 3538/3/475
f 3538/1/638 3537/2/638 3539/3/638
f 3538/1/638 3539/2/638 3540/3/638
f 3540/1/929 3539/2/929 3541/3/929
f 3540/1/929 3541/2/929 3542/3/929
f 3542/1/1117 3541/2/1117 3543/3/1117
f 3542/1/1117 3543/2/1117 3544/3/1117
f 3544/1/1296 3543/2/1296 3545/3/1296
f 3544/1/1296 3545/2/1296 3546/3/1296
f 3546/1/1630 3545/2/1630 3547/3/1630
f 3546/1/1630 3547/2/1630 3548/3/1630
f 3548/1/1831 3547/2/1831 3549/3/1831
f 3548/1/1831 3549/2/1831 3550/3/1831
f 3550/1/1979 3549/2/1979 3551/3/1979
f 3550/1/1979 3551/2/1979 3552/3/1979
f 3552/1/2305 3551/2/2305 3553/3/2305
f 3552/1/2305 3553/2/2305 3554/3/2305
f 3554/1/2465 3553/2/2465 3555/3/2465
f 3554/1/2465 3555/2/2465 3556/3/2465
f 3556/1/2606 3555/2/2606 3557/3/2606
f 3556/1/2606 3557/2/2606 3558/3/2606
f 3558/1/2755 3557/2/2755 3559/3/2755
f 3558/1/2755 3559/2/2755 3560/3/2755
f 3560/1/2885 3559/2/2885 3561/3/2885
f 3560/1/2885 3561/2/2885 3562/3/2885
f 3562/1/2884 3561/2/2884 3563/3/2884
f 3562/1/2884 3563/2/2884 3564/3/2884
f 3564/1/2752 3563/2/2752 3565/3/2752
f 3564/1/2752 3565/2/2752 3566/3/2752
f 3566/1/2634 3565/2/2634 3567/3/2634
f 3566/1/2634 3567/2/2634 3568/3/2634
f 3568/1/2466 3567/2/2466 3569/3/2466
f 3568/1/2466 3569/2/2466 3570/3/2466
f 3570/1/2306 3569/2/2306 3571/3/2306
f 3570/1/2306 3571/2/2306 3572/3/2306
f 3572/1/2012 3571/2/2012 3573/3/2012
f 3572/1/2012 3573/2/2012 3574/3/2012
f 3517/1/1481 3515/2/1481 3514/3/1481
f 3514/1/1481 3575/2/1481 3573/3/1481
f 3573/1/1481 3571/2/1481 3569/3/1481
f 3569/1/1481 3567/2/1481 3565/3/1481
f 3565/1/1481 3563/2/1481 3561/3/1481
f 3561/1/1481 3559/2/1481 3557/3/1481
f 3557/1/1481 3555/2/1481 3553/3/1481
f 3553/1/1481 3551/2/1481 3549/3/1481
f 3549/1/1481 3547/2/1481 3545/3/1481
f 3545/1/1481 3543/2/1481 3541/3/1481
f 3541/1/1481 3539/2/1481 3537/3/1481
f 3537/1/1481 3535/2/1481 3533/3/1481
f 3533/1/1481 3531/2/1481 3529/3/1481
f 3529/1/1481 3527/2/1481 3525/3/1481
f 3525/1/1481 3523/2/1481 3521/3/1481
f 3521/1/1481 3519/2/1481 3517/3/1481
f 3517/1/1481 3514/2/1481 3573/3/1481
f 3573/1/1481 3569/2/1481 3565/3/1481
f 3565/1/1481 3561/2/1481 3557/3/1481
f 3557/1/1481 3553/2/1481 3549/3/1481
f 3549/1/1481 3545/2/1481 3541/3/1481
f 3541/1/1481 3537/2/1481 3533/3/1481
f 3533/1/1481 3529/2/1481 3525/3/1481
f 3525/1/1481 3521/2/1481 3517/3/1481
f 3517/1/1481 3573/2/1481 3565/3/1481
f 3565/1/1481 3557/2/1481 3549/3/1481
f 3549/1/1481 3541/2/1481 3533/3/1481
f 3533/1/1481 3525/2/1481 3517/3/1481
f 3517/1/1481 3565/2/1481 3549/3/1481
f 3549/1/1480 3533/2/1480 3517/3/1480
f 3574/1/1825 3573/2/1825 3575/3/1825
f 3574/1/1825 3575/2/1825 3576/3/1825
f 3576/1/1641 3575/2/1641 3514/3/1641
f 3576/1/1641 3514/2/1641 3513/3/1641
f 3576/1/1453 3513/2/1453 3516/3/1453
f 3516/1/1453 3518/2/1453 3520/3/1453
f 3520/1/1453 3522/2/1453 3524/3/1453
f 3524/1/1453 3526/2/1453 3528/3/1453
f 3528/1/1453 3530/2/1453 3532/3/1453
f 3532/1/1453 3534/2/1453 3536/3/1453
f 3536/1/1453 3538/2/1453 3540/3/1453
f 3540/1/1453 3542/2/1453 3544/3/1453
f 3544/1/1453 3546/2/1453 3548/3/1453
f 3548/1/1453 3550/2/1453 3552/3/1453
f 3552/1/1453 3554/2/1453 3556/3/1453
f 3556/1/1453 3558/2/1453 3560/3/1453
f 3560/1/1453 3562/2/1453 3564/3/1453
f 3564/1/1453 3566/2/1453 3568/3/1453
f 3568/1/1453 3570/2/1453 3572/3/1453
f 3572/1/1453 3574/2/1453 3576/3/1453
f 3576/1/1453 3516/2/1453 3520/3/1453
f 3520/1/1453 3524/2/1453 3528/3/1453
f 3528/1/1453 3532/2/1453 3536/3/1453
f 3536/1/1453 3540/2/1453 3544/3/1453
f 3544/1/1453 3548/2/1453 3552/3/1453
f 3552/1/1453 3556/2/1453 3560/3/1453
f 3560/1/1453 3564/2/1453 3568/3/1453
f 3568/1/1453 3572/2/1453 3576/3/1453
f 3576/1/1453 3520/2/1453 3528/3/1453
f 3528/1/1453 3536/2/1453 3544/3/1453
f 3544/1/1453 3552/2/1453 3560/3/1453
f 3560/1/1453 3568/2/1453 3576/3/1453
f 3576/1/1453 3528/2/1453 3544/3/1453
f 3544/1/1453 3560/2/1453 3576/3/1453
f 3577/1/854 3578/2/854 3579/3/854
f 3577/1/854 3579/2/854 3580/3/854
f 3580/1/1 3579/2/1 3581/3/1
f 3580/1/1 3581/2/1 3582/3/1
f 3582/1/853 3581/2/853 3583/3/853
f 3582/1/853 3583/2/853 3584/3/853
f 3584/1/2081 3583/2/2081 3585/3/2081
f 3584/1/2081 3585/2/2081 3586/3/2081
f 3581/1/1481 3579/2/1481 3578/3/1481
f 3578/1/1481 3587/2/1481 3585/3/1481
f 3585/1/1481 3583/2/1481 3581/3/1481
f 3578/1/1481 3585/2/1481 3581/3/1481
f 3586/1/2936 3585/2/2936 3587/3/2936
f 3586/1/2936 3587/2/2936 3588/3/2936
f 3588/1/2082 3587/2/2082 3578/3/2082
f 3588/1/2082 3578/2/2082 3577/3/2082
f 3588/1/1453 3577/2/1453 3580/3/1453
f 3580/1/1453 3582/2/1453 3584/3/1453
f 3584/1/1453 3586/2/1453 3588/3/1453
f 3580/1/1453 3584/2/1453 3588/3/1453
f 3589/1/854 3590/2/854 3591/3/854
f 3589/1/854 3591/2/854 3592/3/854
f 3592/1/1 3591/2/1 3593/3/1
f 3592/1/1 3593/2/1 3594/3/1
f 3594/1/858 3593/2/858 3595/3/858
f 3594/1/858 3595/2/858 3596/3/858
f 3596/1/2074 3595/2/2074 3597/3/2074
f 3596/1/2074 3597/2/2074 3598/3/2074
f 3593/1/1481 3591/2/1481 3590/3/1481
f 3590/1/1481 3599/2/1481 3597/3/1481
f 3597/1/1481 3595/2/1481 3593/3/1481
f 3590/1/1481 3597/2/1481 3593/3/1481
f 3598/1/2936 3597/2/2936 3599/3/2936
f 3598/1/2936 3599/2/2936 3600/3/2936
f 3600/1/2082 3599/2/2082 3590/3/2082
f 3600/1/2082 3590/2/2082 3589/3/2082
f 3600/1/1453 3589/2/1453 3592/3/1453
f 3592/1/1453 3594/2/1453 3596/3/1453
f 3596/1/1453 3598/2/1453 3600/3/1453
f 3592/1/1453 3596/2/1453 3600/3/1453
f 3601/1/814 3602/2/814 3603/3/814
f 3601/1/814 3603/2/814 3604/3/814
f 3604/1/1 3603/2/1 3605/3/1
f 3604/1/1 3605/2/1 3606/3/1
f 3606/1/813 3605/2/813 3607/3/813
f 3606/1/813 3607/2/813 3608/3/813
f 3608/1/2135 3607/2/2135 3609/3/2135
f 3608/1/2135 3609/2/2135 3610/3/2135
f 3605/1/1481 3603/2/1481 3602/3/1481
f 3602/1/1481 3611/2/1481 3609/3/1481
f 3609/1/1481 3607/2/1481 3605/3/1481
f 3602/1/1481 3609/2/1481 3605/3/1481
f 3610/1/2936 3609/2/2936 3611/3/2936
f 3610/1/2936 3611/2/2936 3612/3/2936
f 3612/1/2136 3611/2/2136 3602/3/2136
f 3612/1/2136 3602/2/2136 3601/3/2136
f 3612/1/1453 3601/2/1453 3604/3/1453
f 3604/1/1453 3606/2/1453 3608/3/1453
f 3608/1/1453 3610/2/1453 3612/3/1453
f 3604/1/1453 3608/2/1453 3612/3/1453
f 3613/1/854 3614/2/854 3615/3/854
f 3613/1/854 3615/2/854 3616/3/854
f 3616/1/1 3615/2/1 3617/3/1
f 3616/1/1 3617/2/1 3618/3/1
f 3618/1/809 3617/2/809 3619/3/809
f 3618/1/809 3619/2/809 3620/3/809
f 3620/1/2135 3619/2/2135 3621/3/2135
f 3620/1/2135 3621/2/2135 3622/3/2135
f 3617/1/1481 3615/2/1481 3614/3/1481
f 3614/1/1481 3623/2/1481 3621/3/1481
f 3621/1/1481 3619/2/1481 3617/3/1481
f 3614/1/1481 3621/2/1481 3617/3/1481
f 3622/1/2936 3621/2/2936 3623/3/2936
f 3622/1/2936 3623/2/2936 3624/3/2936
f 3624/1/2082 3623/2/2082 3614/3/2082
f 3624/1/2082 3614/2/2082 3613/3/2082
f 3624/1/1453 3613/2/1453 3616/3/1453
f 3616/1/1453 3618/2/1453 3620/3/1453
f 3620/1/1453 3622/2/1453 3624/3/1453
f 3616/1/1453 3620/2/1453 3624/3/1453
f 3625/1/861 3626/2/861 3627/3/861
f 3625/1/861 3627/2/861 3628/3/861
f 3628/1/1 3627/2/1 3629/3/1
f 3628/1/1 3629/2/1 3630/3/1
f 3630/1/856 3629/2/856 3631/3/856
f 3630/1/856 3631/2/856 3632/3/856
f 3632/1/2081 3631/2/2081 3633/3/2081
f 3632/1/2081 3633/2/2081 3634/3/2081
f 3629/1/1481 3627/2/1481 3626/3/1481
f 3626/1/1481 3635/2/1481 3633/3/1481
f 3633/1/1481 3631/2/1481 3629/3/1481
f 3626/1/1481 3633/2/1481 3629/3/1481
f 3634/1/2936 3633/2/2936 3635/3/2936
f 3634/1/2936 3635/2/2936 3636/3/2936
f 3636/1/2075 3635/2/2075 3626/3/2075
f 3636/1/2075 3626/2/2075 3625/3/2075
f 3636/1/1453 3625/2/1453 3628/3/1453
f 3628/1/1453 3630/2/1453 3632/3/1453
f 3632/1/1453 3634/2/1453 3636/3/1453
f 3628/1/1453 3632/2/1453 3636/3/1453
f 3637/1/854 3638/2/854 3639/3/854
f 3637/1/854 3639/2/854 3640/3/854
f 3640/1/1 3639/2/1 3641/3/1
f 3640/1/1 3641/2/1 3642/3/1
f 3642/1/880 3641/2/880 3643/3/880
f 3642/1/880 3643/2/880 3644/3/880
f 3644/1/2050 3643/2/2050 3645/3/2050
f 3644/1/2050 3645/2/2050 3646/3/2050
f 3641/1/1481 3639/2/1481 3638/3/1481
f 3638/1/1481 3647/2/1481 3645/3/1481
f 3645/1/1481 3643/2/1481 3641/3/1481
f 3638/1/1481 3645/2/1481 3641/3/1481
f 3646/1/2936 3645/2/2936 3647/3/2936
f 3646/1/2936 3647/2/2936 3648/3/2936
f 3648/1/2082 3647/2/2082 3638/3/2082
f 3648/1/2082 3638/2/2082 3637/3/2082
f 3648/1/1453 3637/2/1453 3640/3/1453
f 3640/1/1453 3642/2/1453 3644/3/1453
f 3644/1/1453 3646/2/1453 3648/3/1453
f 3640/1/1453 3644/2/1453 3648/3/1453
f 3649/1/841 3650/2/841 3651/3/841
f 3649/1/841 3651/2/841 3652/3/841
f 3652/1/1 3651/2/1 3653/3/1
f 3652/1/1 3653/2/1 3654/3/1
f 3654/1/834 3653/2/834 3655/3/834
f 3654/1/834 3655/2/834 3656/3/834
f 3656/1/2104 3655/2/2104 3657/3/2104
f 3656/1/2104 3657/2/2104 3658/3/2104
f 3653/1/1481 3651/2/1481 3650/3/1481
f 3650/1/1481 3659/2/1481 3657/3/1481
f 3657/1/1481 3655/2/1481 3653/3/1481
f 3650/1/1481 3657/2/1481 3653/3/1481
f 3658/1/2936 3657/2/2936 3659/3/2936
f 3658/1/2936 3659/2/2936 3660/3/2936
f 3660/1/2100 3659/2/2100 3650/3/2100
f 3660/1/2100 3650/2/2100 3649/3/2100
f 3660/1/1453 3649/2/1453 3652/3/1453
f 3652/1/1453 3654/2/1453 3656/3/1453
f 3656/1/1453 3658/2/1453 3660/3/1453
f 3652/1/1453 3656/2/1453 3660/3/1453
f 3661/1/835 3662/2/835 3663/3/835
f 3661/1/835 3663/2/835 3664/3/835
f 3664/1/1 3663/2/1 3665/3/1
f 3664/1/1 3665/2/1 3666/3/1
f 3666/1/840 3665/2/840 3667/3/840
f 3666/1/840 3667/2/840 3668/3/840
f 3668/1/2099 3667/2/2099 3669/3/2099
f 3668/1/2099 3669/2/2099 3670/3/2099
f 3665/1/1481 3663/2/1481 3662/3/1481
f 3662/1/1481 3671/2/1481 3669/3/1481
f 3669/1/1481 3667/2/1481 3665/3/1481
f 3662/1/1481 3669/2/1481 3665/3/1481
f 3670/1/2936 3669/2/2936 3671/3/2936
f 3670/1/2936 3671/2/2936 3672/3/2936
f 3672/1/2105 3671/2/2105 3662/3/2105
f 3672/1/2105 3662/2/2105 3661/3/2105
f 3672/1/1453 3661/2/1453 3664/3/1453
f 3664/1/1453 3666/2/1453 3668/3/1453
f 3668/1/1453 3670/2/1453 3672/3/1453
f 3664/1/1453 3668/2/1453 3672/3/1453
f 3673/1/837 3674/2/837 3675/3/837
f 3673/1/837 3675/2/837 3676/3/837
f 3676/1/1 3675/2/1 3677/3/1
f 3676/1/1 3677/2/1 3678/3/1
f 3678/1/836 3677/2/836 3679/3/836
f 3678/1/836 3679/2/836 3680/3/836
f 3680/1/2104 3679/2/2104 3681/3/2104
f 3680/1/2104 3681/2/2104 3682/3/2104
f 3677/1/1481 3675/2/1481 3674/3/1481
f 3674/1/1481 3683/2/1481 3681/3/1481
f 3681/1/1481 3679/2/1481 3677/3/1481
f 3674/1/1481 3681/2/1481 3677/3/1481
f 3682/1/2936 3681/2/2936 3683/3/2936
f 3682/1/2936 3683/2/2936 3684/3/2936
f 3684/1/2105 3683/2/2105 3674/3/2105
f 3684/1/2105 3674/2/2105 3673/3/2105
f 3684/1/1453 3673/2/1453 3676/3/1453
f 3676/1/1453 3678/2/1453 3680/3/1453
f 3680/1/1453 3682/2/1453 3684/3/1453
f 3676/1/1453 3680/2/1453 3684/3/1453
f 3685/1/835 3686/2/835 3687/3/835
f 3685/1/835 3687/2/835 3688/3/835
f 3688/1/1 3687/2/1 3689/3/1
f 3688/1/1 3689/2/1 3690/3/1
f 3690/1/792 3689/2/792 3691/3/792
f 3690/1/792 3691/2/792 3692/3/792
f 3692/1/2149 3691/2/2149 3693/3/2149
f 3692/1/2149 3693/2/2149 3694/3/2149
f 3689/1/1481 3687/2/1481 3686/3/1481
f 3686/1/1481 3695/2/1481 3693/3/1481
f 3693/1/1481 3691/2/1481 3689/3/1481
f 3686/1/1481 3693/2/1481 3689/3/1481
f 3694/1/2936 3693/2/2936 3695/3/2936
f 3694/1/2936 3695/2/2936 3696/3/2936
f 3696/1/2105 3695/2/2105 3686/3/2105
f 3696/1/2105 3686/2/2105 3685/3/2105
f 3696/1/1453 3685/2/1453 3688/3/1453
f 3688/1/1453 3690/2/1453 3692/3/1453
f 3692/1/1453 3694/2/1453 3696/3/1453
f 3688/1/1453 3692/2/1453 3696/3/1453
f 3697/1/793 3698/2/793 3699/3/793
f 3697/1/793 3699/2/793 3700/3/793
f 3700/1/1 3699/2/1 3701/3/1
f 3700/1/1 3701/2/1 3702/3/1
f 3702/1/792 3701/2/792 3703/3/792
f 3702/1/792 3703/2/792 3704/3/792
f 3704/1/2149 3703/2/2149 3705/3/2149
f 3704/1/2149 3705/2/2149 3706/3/2149
f 3701/1/1481 3699/2/1481 3698/3/1481
f 3698/1/1481 3707/2/1481 3705/3/1481
f 3705/1/1481 3703/2/1481 3701/3/1481
f 3698/1/1481 3705/2/1481 3701/3/1481
f 3706/1/2936 3705/2/2936 3707/3/2936
f 3706/1/2936 3707/2/2936 3708/3/2936
f 3708/1/2150 3707/2/2150 3698/3/2150
f 3708/1/2150 3698/2/2150 3697/3/2150
f 3708/1/1453 3697/2/1453 3700/3/1453
f 3700/1/1453 3702/2/1453 3704/3/1453
f 3704/1/1453 3706/2/1453 3708/3/1453
f 3700/1/1453 3704/2/1453 3708/3/1453
f 3709/1/810 3710/2/810 3711/3/810
f 3709/1/810 3711/2/810 3712/3/810
f 3712/1/1 3711/2/1 3713/3/1
f 3712/1/1 3713/2/1 3714/3/1
f 3714/1/809 3713/2/809 3715/3/809
f 3714/1/809 3715/2/809 3716/3/809
f 3716/1/2135 3715/2/2135 3717/3/2135
f 3716/1/2135 3717/2/2135 3718/3/2135
f 3713/1/1481 3711/2/1481 3710/3/1481
f 3710/1/1481 3719/2/1481 3717/3/1481
f 3717/1/1481 3715/2/1481 3713/3/1481
f 3710/1/1481 3717/2/1481 3713/3/1481
f 3718/1/2936 3717/2/2936 3719/3/2936
f 3718/1/2936 3719/2/2936 3720/3/2936
f 3720/1/2136 3719/2/2136 3710/3/2136
f 3720/1/2136 3710/2/2136 3709/3/2136
f 3720/1/1453 3709/2/1453 3712/3/1453
f 3712/1/1453 3714/2/1453 3716/3/1453
f 3716/1/1453 3718/2/1453 3720/3/1453
f 3712/1/1453 3716/2/1453 3720/3/1453
f 3721/1/857 3722/2/857 3723/3/857
f 3721/1/857 3723/2/857 3724/3/857
f 3724/1/1 3723/2/1 3725/3/1
f 3724/1/1 3725/2/1 3726/3/1
f 3726/1/852 3725/2/852 3727/3/852
f 3726/1/852 3727/2/852 3728/3/852
f 3728/1/2091 3727/2/2091 3729/3/2091
f 3728/1/2091 3729/2/2091 3730/3/2091
f 3725/1/1481 3723/2/1481 3722/3/1481
f 3722/1/1481 3731/2/1481 3729/3/1481
f 3729/1/1481 3727/2/1481 3725/3/1481
f 3722/1/1481 3729/2/1481 3725/3/1481
f 3730/1/2936 3729/2/2936 3731/3/2936
f 3730/1/2936 3731/2/2936 3732/3/2936
f 3732/1/2087 3731/2/2087 3722/3/2087
f 3732/1/2087 3722/2/2087 3721/3/2087
f 3732/1/1453 3721/2/1453 3724/3/1453
f 3724/1/1453 3726/2/1453 3728/3/1453
f 3728/1/1453 3730/2/1453 3732/3/1453
f 3724/1/1453 3728/2/1453 3732/3/1453
f 3733/1/863 3734/2/863 3735/3/863
f 3733/1/863 3735/2/863 3736/3/863
f 3736/1/1 3735/2/1 3737/3/1
f 3736/1/1 3737/2/1 3738/3/1
f 3738/1/862 3737/2/862 3739/3/862
f 3738/1/862 3739/2/862 3740/3/862
f 3740/1/2086 3739/2/2086 3741/3/2086
f 3740/1/2086 3741/2/2086 3742/3/2086
f 3737/1/1481 3735/2/1481 3734/3/1481
f 3734/1/1481 3743/2/1481 3741/3/1481
f 3741/1/1481 3739/2/1481 3737/3/1481
f 3734/1/1481 3741/2/1481 3737/3/1481
f 3742/1/2936 3741/2/2936 3743/3/2936
f 3742/1/2936 3743/2/2936 3744/3/2936
f 3744/1/2087 3743/2/2087 3734/3/2087
f 3744/1/2087 3734/2/2087 3733/3/2087
f 3744/1/1453 3733/2/1453 3736/3/1453
f 3736/1/1453 3738/2/1453 3740/3/1453
f 3740/1/1453 3742/2/1453 3744/3/1453
f 3736/1/1453 3740/2/1453 3744/3/1453
f 3745/1/797 3746/2/797 3747/3/797
f 3745/1/797 3747/2/797 3748/3/797
f 3748/1/1 3747/2/1 3749/3/1
f 3748/1/1 3749/2/1 3750/3/1
f 3750/1/789 3749/2/789 3751/3/789
f 3750/1/789 3751/2/789 3752/3/789
f 3752/1/2153 3751/2/2153 3753/3/2153
f 3752/1/2153 3753/2/2153 3754/3/2153
f 3749/1/1481 3747/2/1481 3746/3/1481
f 3746/1/1481 3755/2/1481 3753/3/1481
f 3753/1/1481 3751/2/1481 3749/3/1481
f 3746/1/1481 3753/2/1481 3749/3/1481
f 3754/1/2936 3753/2/2936 3755/3/2936
f 3754/1/2936 3755/2/2936 3756/3/2936
f 3756/1/2148 3755/2/2148 3746/3/2148
f 3756/1/2148 3746/2/2148 3745/3/2148
f 3756/1/1453 3745/2/1453 3748/3/1453
f 3748/1/1453 3750/2/1453 3752/3/1453
f 3752/1/1453 3754/2/1453 3756/3/1453
f 3748/1/1453 3752/2/1453 3756/3/1453
f 3757/1/794 3758/2/794 3759/3/794
f 3757/1/794 3759/2/794 3760/3/794
f 3760/1/1 3759/2/1 3761/3/1
f 3760/1/1 3761/2/1 3762/3/1
f 3762/1/839 3761/2/839 3763/3/839
f 3762/1/839 3763/2/839 3764/3/839
f 3764/1/2101 3763/2/2101 3765/3/2101
f 3764/1/2101 3765/2/2101 3766/3/2101
f 3761/1/1481 3759/2/1481 3758/3/1481
f 3758/1/1481 3767/2/1481 3765/3/1481
f 3765/1/1481 3763/2/1481 3761/3/1481
f 3758/1/1481 3765/2/1481 3761/3/1481
f 3766/1/2936 3765/2/2936 3767/3/2936
f 3766/1/2936 3767/2/2936 3768/3/2936
f 3768/1/2147 3767/2/2147 3758/3/2147
f 3768/1/2147 3758/2/2147 3757/3/2147
f 3768/1/1453 3757/2/1453 3760/3/1453
f 3760/1/1453 3762/2/1453 3764/3/1453
f 3764/1/1453 3766/2/1453 3768/3/1453
f 3760/1/1453 3764/2/1453 3768/3/1453
f 3769/1/851 3770/2/851 3771/3/851
f 3769/1/851 3771/2/851 3772/3/851
f 3772/1/1 3771/2/1 3773/3/1
f 3772/1/1 3773/2/1 3774/3/1
f 3774/1/850 3773/2/850 3775/3/850
f 3774/1/850 3775/2/850 3776/3/850
f 3776/1/2086 3775/2/2086 3777/3/2086
f 3776/1/2086 3777/2/2086 3778/3/2086
f 3773/1/1481 3771/2/1481 3770/3/1481
f 3770/1/1481 3779/2/1481 3777/3/1481
f 3777/1/1481 3775/2/1481 3773/3/1481
f 3770/1/1481 3777/2/1481 3773/3/1481
f 3778/1/2936 3777/2/2936 3779/3/2936
f 3778/1/2936 3779/2/2936 3780/3/2936
f 3780/1/2137 3779/2/2137 3770/3/2137
f 3780/1/2137 3770/2/2137 3769/3/2137
f 3780/1/1453 3769/2/1453 3772/3/1453
f 3772/1/1453 3774/2/1453 3776/3/1453
f 3776/1/1453 3778/2/1453 3780/3/1453
f 3772/1/1453 3776/2/1453 3780/3/1453
f 3781/1/814 3782/2/814 3783/3/814
f 3781/1/814 3783/2/814 3784/3/814
f 3784/1/1 3783/2/1 3785/3/1
f 3784/1/1 3785/2/1 3786/3/1
f 3786/1/859 3785/2/859 3787/3/859
f 3786/1/859 3787/2/859 3788/3/859
f 3788/1/2083 3787/2/2083 3789/3/2083
f 3788/1/2083 3789/2/2083 3790/3/2083
f 3785/1/1481 3783/2/1481 3782/3/1481
f 3782/1/1481 3791/2/1481 3789/3/1481
f 3789/1/1481 3787/2/1481 3785/3/1481
f 3782/1/1481 3789/2/1481 3785/3/1481
f 3790/1/2936 3789/2/2936 3791/3/2936
f 3790/1/2936 3791/2/2936 3792/3/2936
f 3792/1/2141 3791/2/2141 3782/3/2141
f 3792/1/2141 3782/2/2141 3781/3/2141
f 3792/1/1453 3781/2/1453 3784/3/1453
f 3784/1/1453 3786/2/1453 3788/3/1453
f 3788/1/1453 3790/2/1453 3792/3/1453
f 3784/1/1453 3788/2/1453 3792/3/1453
f 3793/1/808 3794/2/808 3795/3/808
f 3793/1/808 3795/2/808 3796/3/808
f 3796/1/1 3795/2/1 3797/3/1
f 3796/1/1 3797/2/1 3798/3/1
f 3798/1/804 3797/2/804 3799/3/804
f 3798/1/804 3799/2/804 3800/3/804
f 3800/1/2133 3799/2/2133 3801/3/2133
f 3800/1/2133 3801/2/2133 3802/3/2133
f 3797/1/1481 3795/2/1481 3794/3/1481
f 3794/1/1481 3803/2/1481 3801/3/1481
f 3801/1/1481 3799/2/1481 3797/3/1481
f 3794/1/1481 3801/2/1481 3797/3/1481
f 3802/1/2936 3801/2/2936 3803/3/2936
f 3802/1/2936 3803/2/2936 3804/3/2936
f 3804/1/2128 3803/2/2128 3794/3/2128
f 3804/1/2128 3794/2/2128 3793/3/2128
f 3804/1/1453 3793/2/1453 3796/3/1453
f 3796/1/1453 3798/2/1453 3800/3/1453
f 3800/1/1453 3802/2/1453 3804/3/1453
f 3796/1/1453 3800/2/1453 3804/3/1453
f 3805/1/816 3806/2/816 3807/3/816
f 3805/1/816 3807/2/816 3808/3/816
f 3808/1/1 3807/2/1 3809/3/1
f 3808/1/1 3809/2/1 3810/3/1
f 3810/1/815 3809/2/815 3811/3/815
f 3810/1/815 3811/2/815 3812/3/815
f 3812/1/2142 3811/2/2142 3813/3/2142
f 3812/1/2142 3813/2/2142 3814/3/2142
f 3809/1/1481 3807/2/1481 3806/3/1481
f 3806/1/1481 3815/2/1481 3813/3/1481
f 3813/1/1481 3811/2/1481 3809/3/1481
f 3806/1/1481 3813/2/1481 3809/3/1481
f 3814/1/2936 3813/2/2936 3815/3/2936
f 3814/1/2936 3815/2/2936 3816/3/2936
f 3816/1/2137 3815/2/2137 3806/3/2137
f 3816/1/2137 3806/2/2137 3805/3/2137
f 3816/1/1453 3805/2/1453 3808/3/1453
f 3808/1/1453 3810/2/1453 3812/3/1453
f 3812/1/1453 3814/2/1453 3816/3/1453
f 3808/1/1453 3812/2/1453 3816/3/1453
f 3817/1/851 3818/2/851 3819/3/851
f 3817/1/851 3819/2/851 3820/3/851
f 3820/1/1 3819/2/1 3821/3/1
f 3820/1/1 3821/2/1 3822/3/1
f 3822/1/850 3821/2/850 3823/3/850
f 3822/1/850 3823/2/850 3824/3/850
f 3824/1/2076 3823/2/2076 3825/3/2076
f 3824/1/2076 3825/2/2076 3826/3/2076
f 3821/1/1481 3819/2/1481 3818/3/1481
f 3818/1/1481 3827/2/1481 3825/3/1481
f 3825/1/1481 3823/2/1481 3821/3/1481
f 3818/1/1481 3825/2/1481 3821/3/1481
f 3826/1/2936 3825/2/2936 3827/3/2936
f 3826/1/2936 3827/2/2936 3828/3/2936
f 3828/1/2077 3827/2/2077 3818/3/2077
f 3828/1/2077 3818/2/2077 3817/3/2077
f 3828/1/1453 3817/2/1453 3820/3/1453
f 3820/1/1453 3822/2/1453 3824/3/1453
f 3824/1/1453 3826/2/1453 3828/3/1453
f 3820/1/1453 3824/2/1453 3828/3/1453
f 3829/1/901 3830/2/901 3831/3/901
f 3829/1/901 3831/2/901 3832/3/901
f 3832/1/1 3831/2/1 3833/3/1
f 3832/1/1 3833/2/1 3834/3/1
f 3834/1/856 3833/2/856 3835/3/856
f 3834/1/856 3835/2/856 3836/3/856
f 3836/1/2086 3835/2/2086 3837/3/2086
f 3836/1/2086 3837/2/2086 3838/3/2086
f 3833/1/1481 3831/2/1481 3830/3/1481
f 3830/1/1481 3839/2/1481 3837/3/1481
f 3837/1/1481 3835/2/1481 3833/3/1481
f 3830/1/1481 3837/2/1481 3833/3/1481
f 3838/1/2936 3837/2/2936 3839/3/2936
f 3838/1/2936 3839/2/2936 3840/3/2936
f 3840/1/2029 3839/2/2029 3830/3/2029
f 3840/1/2029 3830/2/2029 3829/3/2029
f 3840/1/1453 3829/2/1453 3832/3/1453
f 3832/1/1453 3834/2/1453 3836/3/1453
f 3836/1/1453 3838/2/1453 3840/3/1453
f 3832/1/1453 3836/2/1453 3840/3/1453
f 3841/1/888 3842/2/888 3843/3/888
f 3841/1/888 3843/2/888 3844/3/888
f 3844/1/1 3843/2/1 3845/3/1
f 3844/1/1 3845/2/1 3846/3/1
f 3846/1/887 3845/2/887 3847/3/887
f 3846/1/887 3847/2/887 3848/3/887
f 3848/1/2045 3847/2/2045 3849/3/2045
f 3848/1/2045 3849/2/2045 3850/3/2045
f 3845/1/1481 3843/2/1481 3842/3/1481
f 3842/1/1481 3851/2/1481 3849/3/1481
f 3849/1/1481 3847/2/1481 3845/3/1481
f 3842/1/1481 3849/2/1481 3845/3/1481
f 3850/1/2936 3849/2/2936 3851/3/2936
f 3850/1/2936 3851/2/2936 3852/3/2936
f 3852/1/2044 3851/2/2044 3842/3/2044
f 3852/1/2044 3842/2/2044 3841/3/2044
f 3852/1/1453 3841/2/1453 3844/3/1453
f 3844/1/1453 3846/2/1453 3848/3/1453
f 3848/1/1453 3850/2/1453 3852/3/1453
f 3844/1/1453 3848/2/1453 3852/3/1453
f 3853/1/890 3854/2/890 3855/3/890
f 3853/1/890 3855/2/890 3856/3/890
f 3856/1/1 3855/2/1 3857/3/1
f 3856/1/1 3857/2/1 3858/3/1
f 3858/1/836 3857/2/836 3859/3/836
f 3858/1/836 3859/2/836 3860/3/836
f 3860/1/2103 3859/2/2103 3861/3/2103
f 3860/1/2103 3861/2/2103 3862/3/2103
f 3857/1/1481 3855/2/1481 3854/3/1481
f 3854/1/1481 3863/2/1481 3861/3/1481
f 3861/1/1481 3859/2/1481 3857/3/1481
f 3854/1/1481 3861/2/1481 3857/3/1481
f 3862/1/2936 3861/2/2936 3863/3/2936
f 3862/1/2936 3863/2/2936 3864/3/2936
f 3864/1/2042 3863/2/2042 3854/3/2042
f 3864/1/2042 3854/2/2042 3853/3/2042
f 3864/1/1453 3853/2/1453 3856/3/1453
f 3856/1/1453 3858/2/1453 3860/3/1453
f 3860/1/1453 3862/2/1453 3864/3/1453
f 3856/1/1453 3860/2/1453 3864/3/1453
f 3865/1/837 3866/2/837 3867/3/837
f 3865/1/837 3867/2/837 3868/3/837
f 3868/1/1 3867/2/1 3869/3/1
f 3868/1/1 3869/2/1 3870/3/1
f 3870/1/836 3869/2/836 3871/3/836
f 3870/1/836 3871/2/836 3872/3/836
f 3872/1/2106 3871/2/2106 3873/3/2106
f 3872/1/2106 3873/2/2106 3874/3/2106
f 3869/1/1481 3867/2/1481 3866/3/1481
f 3866/1/1481 3875/2/1481 3873/3/1481
f 3873/1/1481 3871/2/1481 3869/3/1481
f 3866/1/1481 3873/2/1481 3869/3/1481
f 3874/1/2936 3873/2/2936 3875/3/2936
f 3874/1/2936 3875/2/2936 3876/3/2936
f 3876/1/2107 3875/2/2107 3866/3/2107
f 3876/1/2107 3866/2/2107 3865/3/2107
f 3876/1/1453 3865/2/1453 3868/3/1453
f 3868/1/1453 3870/2/1453 3872/3/1453
f 3872/1/1453 3874/2/1453 3876/3/1453
f 3868/1/1453 3872/2/1453 3876/3/1453
f 3877/1/837 3878/2/837 3879/3/837
f 3877/1/837 3879/2/837 3880/3/837
f 3880/1/1 3879/2/1 3881/3/1
f 3880/1/1 3881/2/1 3882/3/1
f 3882/1/836 3881/2/836 3883/3/836
f 3882/1/836 3883/2/836 3884/3/836
f 3884/1/2104 3883/2/2104 3885/3/2104
f 3884/1/2104 3885/2/2104 3886/3/2104
f 3881/1/1481 3879/2/1481 3878/3/1481
f 3878/1/1481 3887/2/1481 3885/3/1481
f 3885/1/1481 3883/2/1481 3881/3/1481
f 3878/1/1481 3885/2/1481 3881/3/1481
f 3886/1/2936 3885/2/2936 3887/3/2936
f 3886/1/2936 3887/2/2936 3888/3/2936
f 3888/1/2105 3887/2/2105 3878/3/2105
f 3888/1/2105 3878/2/2105 3877/3/2105
f 3888/1/1453 3877/2/1453 3880/3/1453
f 3880/1/1453 3882/2/1453 3884/3/1453
f 3884/1/1453 3886/2/1453 3888/3/1453
f 3880/1/1453 3884/2/1453 3888/3/1453
f 3889/1/835 3890/2/835 3891/3/835
f 3889/1/835 3891/2/835 3892/3/835
f 3892/1/1 3891/2/1 3893/3/1
f 3892/1/1 3893/2/1 3894/3/1
f 3894/1/831 3893/2/831 3895/3/831
f 3894/1/831 3895/2/831 3896/3/831
f 3896/1/2088 3895/2/2088 3897/3/2088
f 3896/1/2088 3897/2/2088 3898/3/2088
f 3893/1/1481 3891/2/1481 3890/3/1481
f 3890/1/1481 3899/2/1481 3897/3/1481
f 3897/1/1481 3895/2/1481 3893/3/1481
f 3890/1/1481 3897/2/1481 3893/3/1481
f 3898/1/2936 3897/2/2936 3899/3/2936
f 3898/1/2936 3899/2/2936 3900/3/2936
f 3900/1/2079 3899/2/2079 3890/3/2079
f 3900/1/2079 3890/2/2079 3889/3/2079
f 3900/1/1453 3889/2/1453 3892/3/1453
f 3892/1/1453 3894/2/1453 3896/3/1453
f 3896/1/1453 3898/2/1453 3900/3/1453
f 3892/1/1453 3896/2/1453 3900/3/1453
f 3901/1/797 3902/2/797 3903/3/797
f 3901/1/797 3903/2/797 3904/3/797
f 3904/1/1 3903/2/1 3905/3/1
f 3904/1/1 3905/2/1 3906/3/1
f 3906/1/789 3905/2/789 3907/3/789
f 3906/1/789 3907/2/789 3908/3/789
f 3908/1/2152 3907/2/2152 3909/3/2152
f 3908/1/2152 3909/2/2152 3910/3/2152
f 3905/1/1481 3903/2/1481 3902/3/1481
f 3902/1/1481 3911/2/1481 3909/3/1481
f 3909/1/1481 3907/2/1481 3905/3/1481
f 3902/1/1481 3909/2/1481 3905/3/1481
f 3910/1/2936 3909/2/2936 3911/3/2936
f 3910/1/2936 3911/2/2936 3912/3/2936
f 3912/1/2145 3911/2/2145 3902/3/2145
f 3912/1/2145 3902/2/2145 3901/3/2145
f 3912/1/1453 3901/2/1453 3904/3/1453
f 3904/1/1453 3906/2/1453 3908/3/1453
f 3908/1/1453 3910/2/1453 3912/3/1453
f 3904/1/1453 3908/2/1453 3912/3/1453
f 3913/1/1264 3914/2/1264 3915/3/1264
f 3913/1/1264 3915/2/1264 3916/3/1264
f 3916/1/1025 3915/2/1025 3917/3/1025
f 3916/1/1025 3917/2/1025 3918/3/1025
f 3918/1/582 3917/2/582 3919/3/582
f 3918/1/582 3919/2/582 3920/3/582
f 3920/1/299 3919/2/299 3921/3/299
f 3920/1/299 3921/2/299 3922/3/299
f 3922/1/141 3921/2/141 3923/3/141
f 3922/1/141 3923/2/141 3924/3/141
f 3924/1/142 3923/2/142 3925/3/142
f 3924/1/142 3925/2/142 3926/3/142
f 3926/1/298 3925/2/298 3927/3/298
f 3926/1/298 3927/2/298 3928/3/298
f 3928/1/581 3927/2/581 3929/3/581
f 3928/1/581 3929/2/581 3930/3/581
f 3930/1/1024 3929/2/1024 3931/3/1024
f 3930/1/1024 3931/2/1024 3932/3/1024
f 3932/1/1265 3931/2/1265 3933/3/1265
f 3932/1/1265 3933/2/1265 3934/3/1265
f 3934/1/1671 3933/2/1671 3935/3/1671
f 3934/1/1671 3935/2/1671 3936/3/1671
f 3936/1/1909 3935/2/1909 3937/3/1909
f 3936/1/1909 3937/2/1909 3938/3/1909
f 3938/1/2356 3937/2/2356 3939/3/2356
f 3938/1/2356 3939/2/2356 3940/3/2356
f 3940/1/2637 3939/2/2637 3941/3/2637
f 3940/1/2637 3941/2/2637 3942/3/2637
f 3942/1/2792 3941/2/2792 3943/3/2792
f 3942/1/2792 3943/2/2792 3944/3/2792
f 3944/1/2791 3943/2/2791 3945/3/2791
f 3944/1/2791 3945/2/2791 3946/3/2791
f 3946/1/2638 3945/2/2638 3947/3/2638
f 3946/1/2638 3947/2/2638 3948/3/2638
f 3948/1/2357 3947/2/2357 3949/3/2357
f 3948/1/2357 3949/2/2357 3950/3/2357
f 3917/1/1481 3915/2/1481 3914/3/1481
f 3914/1/1481 3951/2/1481 3949/3/1481
f 3949/1/1481 3947/2/1481 3945/3/1481
f 3945/1/1481 3943/2/1481 3941/3/1481
f 3941/1/1481 3939/2/1481 3937/3/1481
f 3937/1/1481 3935/2/1481 3933/3/1481
f 3933/1/1481 3931/2/1481 3929/3/1481
f 3929/1/1481 3927/2/1481 3925/3/1481
f 3925/1/1481 3923/2/1481 3921/3/1481
f 3921/1/1481 3919/2/1481 3917/3/1481
f 3917/1/1481 3914/2/1481 3949/3/1481
f 3949/1/1481 3945/2/1481 3941/3/1481
f 3941/1/1481 3937/2/1481 3933/3/1481
f 3933/1/1481 3929/2/1481 3925/3/1481
f 3925/1/1481 3921/2/1481 3917/3/1481
f 3917/1/1481 3949/2/1481 3941/3/1481
f 3941/1/1481 3933/2/1481 3925/3/1481
f 3941/1/1481 3925/2/1481 3917/3/1481
f 3950/1/1910 3949/2/1910 3951/3/1910
f 3950/1/1910 3951/2/1910 3952/3/1910
f 3952/1/1670 3951/2/1670 3914/3/1670
f 3952/1/1670 3914/2/1670 3913/3/1670
f 3952/1/1453 3913/2/1453 3916/3/1453
f 3916/1/1453 3918/2/1453 3920/3/1453
f 3920/1/1453 3922/2/1453 3924/3/1453
f 3924/1/1453 3926/2/1453 3928/3/1453
f 3928/1/1453 3930/2/1453 3932/3/1453
f 3932/1/1453 3934/2/1453 3936/3/1453
f 3936/1/1453 3938/2/1453 3940/3/1453
f 3940/1/1453 3942/2/1453 3944/3/1453
f 3944/1/1453 3946/2/1453 3948/3/1453
f 3948/1/1453 3950/2/1453 3952/3/1453
f 3952/1/1453 3916/2/1453 3920/3/1453
f 3920/1/1453 3924/2/1453 3928/3/1453
f 3928/1/1453 3932/2/1453 3936/3/1453
f 3936/1/1453 3940/2/1453 3944/3/1453
f 3944/1/1453 3948/2/1453 3952/3/1453
f 3952/1/1453 3920/2/1453 3928/3/1453
f 3928/1/1453 3936/2/1453 3944/3/1453
f 3928/1/1453 3944/2/1453 3952/3/1453
f 3953/1/785 3954/2/785 3955/3/785
f 3953/1/785 3955/2/785 3956/3/785
f 3956/1/1 3955/2/1 3957/3/1
f 3956/1/1 3957/2/1 3958/3/1
f 3958/1/784 3957/2/784 3959/3/784
f 3958/1/784 3959/2/784 3960/3/784
f 3960/1/2165 3959/2/2165 3961/3/2165
f 3960/1/2165 3961/2/2165 3962/3/2165
f 3957/1/1481 3955/2/1481 3954/3/1481
f 3954/1/1481 3963/2/1481 3961/3/1481
f 3961/1/1481 3959/2/1481 3957/3/1481
f 3954/1/1481 3961/2/1481 3957/3/1481
f 3962/1/2936 3961/2/2936 3963/3/2936
f 3962/1/2936 3963/2/2936 3964/3/2936
f 3964/1/2166 3963/2/2166 3954/3/2166
f 3964/1/2166 3954/2/2166 3953/3/2166
f 3964/1/1453 3953/2/1453 3956/3/1453
f 3956/1/1453 3958/2/1453 3960/3/1453
f 3960/1/1453 3962/2/1453 3964/3/1453
f 3956/1/1453 3960/2/1453 3964/3/1453
f 3965/1/778 3966/2/778 3967/3/778
f 3965/1/778 3967/2/778 3968/3/778
f 3968/1/1 3967/2/1 3969/3/1
f 3968/1/1 3969/2/1 3970/3/1
f 3970/1/781 3969/2/781 3971/3/781
f 3970/1/781 3971/2/781 3972/3/781
f 3972/1/2155 3971/2/2155 3973/3/2155
f 3972/1/2155 3973/2/2155 3974/3/2155
f 3969/1/1481 3967/2/1481 3966/3/1481
f 3966/1/1481 3975/2/1481 3973/3/1481
f 3973/1/1481 3971/2/1481 3969/3/1481
f 3966/1/1481 3973/2/1481 3969/3/1481
f 3974/1/2936 3973/2/2936 3975/3/2936
f 3974/1/2936 3975/2/2936 3976/3/2936
f 3976/1/2160 3975/2/2160 3966/3/2160
f 3976/1/2160 3966/2/2160 3965/3/2160
f 3976/1/1453 3965/2/1453 3968/3/1453
f 3968/1/1453 3970/2/1453 3972/3/1453
f 3972/1/1453 3974/2/1453 3976/3/1453
f 3968/1/1453 3972/2/1453 3976/3/1453
f 3977/1/817 3978/2/817 3979/3/817
f 3977/1/817 3979/2/817 3980/3/817
f 3980/1/1 3979/2/1 3981/3/1
f 3980/1/1 3981/2/1 3982/3/1
f 3982/1/781 3981/2/781 3983/3/781
f 3982/1/781 3983/2/781 3984/3/781
f 3984/1/2164 3983/2/2164 3985/3/2164
f 3984/1/2164 3985/2/2164 3986/3/2164
f 3981/1/1481 3979/2/1481 3978/3/1481
f 3978/1/1481 3987/2/1481 3985/3/1481
f 3985/1/1481 3983/2/1481 3981/3/1481
f 3978/1/1481 3985/2/1481 3981/3/1481
f 3986/1/2936 3985/2/2936 3987/3/2936
f 3986/1/2936 3987/2/2936 3988/3/2936
f 3988/1/2126 3987/2/2126 3978/3/2126
f 3988/1/2126 3978/2/2126 3977/3/2126
f 3988/1/1453 3977/2/1453 3980/3/1453
f 3980/1/1453 3982/2/1453 3984/3/1453
f 3984/1/1453 3986/2/1453 3988/3/1453
f 3980/1/1453 3984/2/1453 3988/3/1453
f 3989/1/776 3990/2/776 3991/3/776
f 3989/1/776 3991/2/776 3992/3/776
f 3992/1/1 3991/2/1 3993/3/1
f 3992/1/1 3993/2/1 3994/3/1
f 3994/1/779 3993/2/779 3995/3/779
f 3994/1/779 3995/2/779 3996/3/779
f 3996/1/2155 3995/2/2155 3997/3/2155
f 3996/1/2155 3997/2/2155 3998/3/2155
f 3993/1/1481 3991/2/1481 3990/3/1481
f 3990/1/1481 3999/2/1481 3997/3/1481
f 3997/1/1481 3995/2/1481 3993/3/1481
f 3990/1/1481 3997/2/1481 3993/3/1481
f 3998/1/2936 3997/2/2936 3999/3/2936
f 3998/1/2936 3999/2/2936 4000/3/2936
f 4000/1/2160 3999/2/2160 3990/3/2160
f 4000/1/2160 3990/2/2160 3989/3/2160
f 4000/1/1453 3989/2/1453 3992/3/1453
f 3992/1/1453 3994/2/1453 3996/3/1453
f 3996/1/1453 3998/2/1453 4000/3/1453
f 3992/1/1453 3996/2/1453 4000/3/1453
f 4001/1/785 4002/2/785 4003/3/785
f 4001/1/785 4003/2/785 4004/3/785
f 4004/1/1 4003/2/1 4005/3/1
f 4004/1/1 4005/2/1 4006/3/1
f 4006/1/784 4005/2/784 4007/3/784
f 4006/1/784 4007/2/784 4008/3/784
f 4008/1/2122 4007/2/2122 4009/3/2122
f 4008/1/2122 4009/2/2122 4010/3/2122
f 4005/1/1481 4003/2/1481 4002/3/1481
f 4002/1/1481 4011/2/1481 4009/3/1481
f 4009/1/1481 4007/2/1481 4005/3/1481
f 4002/1/1481 4009/2/1481 4005/3/1481
f 4010/1/2936 4009/2/2936 4011/3/2936
f 4010/1/2936 4011/2/2936 4012/3/2936
f 4012/1/2123 4011/2/2123 4002/3/2123
f 4012/1/2123 4002/2/2123 4001/3/2123
f 4012/1/1453 4001/2/1453 4004/3/1453
f 4004/1/1453 4006/2/1453 4008/3/1453
f 4008/1/1453 4010/2/1453 4012/3/1453
f 4004/1/1453 4008/2/1453 4012/3/1453
f 4013/1/780 4014/2/780 4015/3/780
f 4013/1/780 4015/2/780 4016/3/780
f 4016/1/1 4015/2/1 4017/3/1
f 4016/1/1 4017/2/1 4018/3/1
f 4018/1/775 4017/2/775 4019/3/775
f 4018/1/775 4019/2/775 4020/3/775
f 4020/1/2159 4019/2/2159 4021/3/2159
f 4020/1/2159 4021/2/2159 4022/3/2159
f 4017/1/1481 4015/2/1481 4014/3/1481
f 4014/1/1481 4023/2/1481 4021/3/1481
f 4021/1/1481 4019/2/1481 4017/3/1481
f 4014/1/1481 4021/2/1481 4017/3/1481
f 4022/1/2936 4021/2/2936 4023/3/2936
f 4022/1/2936 4023/2/2936 4024/3/2936
f 4024/1/2156 4023/2/2156 4014/3/2156
f 4024/1/2156 4014/2/2156 4013/3/2156
f 4024/1/1453 4013/2/1453 4016/3/1453
f 4016/1/1453 4018/2/1453 4020/3/1453
f 4020/1/1453 4022/2/1453 4024/3/1453
f 4016/1/1453 4020/2/1453 4024/3/1453
f 4025/1/817 4026/2/817 4027/3/817
f 4025/1/817 4027/2/817 4028/3/817
f 4028/1/1 4027/2/1 4029/3/1
f 4028/1/1 4029/2/1 4030/3/1
f 4030/1/867 4029/2/867 4031/3/867
f 4030/1/867 4031/2/867 4032/3/867
f 4032/1/2066 4031/2/2066 4033/3/2066
f 4032/1/2066 4033/2/2066 4034/3/2066
f 4029/1/1481 4027/2/1481 4026/3/1481
f 4026/1/1481 4035/2/1481 4033/3/1481
f 4033/1/1481 4031/2/1481 4029/3/1481
f 4026/1/1481 4033/2/1481 4029/3/1481
f 4034/1/2936 4033/2/2936 4035/3/2936
f 4034/1/2936 4035/2/2936 4036/3/2936
f 4036/1/2126 4035/2/2126 4026/3/2126
f 4036/1/2126 4026/2/2126 4025/3/2126
f 4036/1/1453 4025/2/1453 4028/3/1453
f 4028/1/1453 4030/2/1453 4032/3/1453
f 4032/1/1453 4034/2/1453 4036/3/1453
f 4028/1/1453 4032/2/1453 4036/3/1453
f 4037/1/782 4038/2/782 4039/3/782
f 4037/1/782 4039/2/782 4040/3/782
f 4040/1/1 4039/2/1 4041/3/1
f 4040/1/1 4041/2/1 4042/3/1
f 4042/1/777 4041/2/777 4043/3/777
f 4042/1/777 4043/2/777 4044/3/777
f 4044/1/2159 4043/2/2159 4045/3/2159
f 4044/1/2159 4045/2/2159 4046/3/2159
f 4041/1/1481 4039/2/1481 4038/3/1481
f 4038/1/1481 4047/2/1481 4045/3/1481
f 4045/1/1481 4043/2/1481 4041/3/1481
f 4038/1/1481 4045/2/1481 4041/3/1481
f 4046/1/2936 4045/2/2936 4047/3/2936
f 4046/1/2936 4047/2/2936 4048/3/2936
f 4048/1/2156 4047/2/2156 4038/3/2156
f 4048/1/2156 4038/2/2156 4037/3/2156
f 4048/1/1453 4037/2/1453 4040/3/1453
f 4040/1/1453 4042/2/1453 4044/3/1453
f 4044/1/1453 4046/2/1453 4048/3/1453
f 4040/1/1453 4044/2/1453 4048/3/1453
f 4049/1/1289 4050/2/1289 4051/3/1289
f 4049/1/1289 4051/2/1289 4052/3/1289
f 4052/1/1128 4051/2/1128 4053/3/1128
f 4052/1/1128 4053/2/1128 4054/3/1128
f 4054/1/955 4053/2/955 4055/3/955
f 4054/1/955 4055/2/955 4056/3/955
f 4056/1/619 4055/2/619 4057/3/619
f 4056/1/619 4057/2/619 4058/3/619
f 4058/1/478 4057/2/478 4059/3/478
f 4058/1/478 4059/2/478 4060/3/478
f 4060/1/312 4059/2/312 4061/3/312
f 4060/1/312 4061/2/312 4062/3/312
f 4062/1/178 4061/2/178 4063/3/178
f 4062/1/178 4063/2/178 4064/3/178
f 4064/1/57 4063/2/57 4065/3/57
f 4064/1/57 4065/2/57 4066/3/57
f 4066/1/46 4065/2/46 4067/3/46
f 4066/1/46 4067/2/46 4068/3/46
f 4068/1/187 4067/2/187 4069/3/187
f 4068/1/187 4069/2/187 4070/3/187
f 4070/1/311 4069/2/311 4071/3/311
f 4070/1/311 4071/2/311 4072/3/311
f 4072/1/477 4071/2/477 4073/3/477
f 4072/1/477 4073/2/477 4074/3/477
f 4074/1/634 4073/2/634 4075/3/634
f 4074/1/634 4075/2/634 4076/3/634
f 4076/1/941 4075/2/941 4077/3/941
f 4076/1/941 4077/2/941 4078/3/941
f 4078/1/1120 4077/2/1120 4079/3/1120
f 4078/1/1120 4079/2/1120 4080/3/1120
f 4080/1/1290 4079/2/1290 4081/3/1290
f 4080/1/1290 4081/2/1290 4082/3/1290
f 4082/1/1635 4081/2/1635 4083/3/1635
f 4082/1/1635 4083/2/1635 4084/3/1635
f 4084/1/1836 4083/2/1836 4085/3/1836
f 4084/1/1836 4085/2/1836 4086/3/1836
f 4086/1/1987 4085/2/1987 4087/3/1987
f 4086/1/1987 4087/2/1987 4088/3/1987
f 4088/1/2308 4087/2/2308 4089/3/2308
f 4088/1/2308 4089/2/2308 4090/3/2308
f 4090/1/2477 4089/2/2477 4091/3/2477
f 4090/1/2477 4091/2/2477 4092/3/2477
f 4092/1/2603 4091/2/2603 4093/3/2603
f 4092/1/2603 4093/2/2603 4094/3/2603
f 4094/1/2759 4093/2/2759 4095/3/2759
f 4094/1/2759 4095/2/2759 4096/3/2759
f 4096/1/2880 4095/2/2880 4097/3/2880
f 4096/1/2880 4097/2/2880 4098/3/2880
f 4098/1/2878 4097/2/2878 4099/3/2878
f 4098/1/2878 4099/2/2878 4100/3/2878
f 4100/1/2770 4099/2/2770 4101/3/2770
f 4100/1/2770 4101/2/2770 4102/3/2770
f 4102/1/2633 4101/2/2633 4103/3/2633
f 4102/1/2633 4103/2/2633 4104/3/2633
f 4104/1/2453 4103/2/2453 4105/3/2453
f 4104/1/2453 4105/2/2453 4106/3/2453
f 4106/1/2293 4105/2/2293 4107/3/2293
f 4106/1/2293 4107/2/2293 4108/3/2293
f 4108/1/2011 4107/2/2011 4109/3/2011
f 4108/1/2011 4109/2/2011 4110/3/2011
f 4053/1/1481 4051/2/1481 4050/3/1481
f 4050/1/1481 4111/2/1481 4109/3/1481
f 4109/1/1481 4107/2/1481 4105/3/1481
f 4105/1/1481 4103/2/1481 4101/3/1481
f 4101/1/1481 4099/2/1481 4097/3/1481
f 4097/1/1481 4095/2/1481 4093/3/1481
f 4093/1/1481 4091/2/1481 4089/3/1481
f 4089/1/1481 4087/2/1481 4085/3/1481
f 4085/1/1481 4083/2/1481 4081/3/1481
f 4081/1/1481 4079/2/1481 4077/3/1481
f 4077/1/1481 4075/2/1481 4073/3/1481
f 4073/1/1481 4071/2/1481 4069/3/1481
f 4069/1/1481 4067/2/1481 4065/3/1481
f 4065/1/1481 4063/2/1481 4061/3/1481
f 4061/1/1481 4059/2/1481 4057/3/1481
f 4057/1/1481 4055/2/1481 4053/3/1481
f 4053/1/1481 4050/2/1481 4109/3/1481
f 4109/1/1481 4105/2/1481 4101/3/1481
f 4101/1/1481 4097/2/1481 4093/3/1481
f 4093/1/1481 4089/2/1481 4085/3/1481
f 4085/1/1481 4081/2/1481 4077/3/1481
f 4077/1/1481 4073/2/1481 4069/3/1481
f 4069/1/1481 4065/2/1481 4061/3/1481
f 4061/1/1481 4057/2/1481 4053/3/1481
f 4053/1/1481 4109/2/1481 4101/3/1481
f 4101/1/1481 4093/2/1481 4085/3/1481
f 4085/1/1481 4077/2/1481 4069/3/1481
f 4069/1/1481 4061/2/1481 4053/3/1481
f 4053/1/1481 4101/2/1481 4085/3/1481
f 4085/1/1481 4069/2/1481 4053/3/1481
f 4110/1/1827 4109/2/1827 4111/3/1827
f 4110/1/1827 4111/2/1827 4112/3/1827
f 4112/1/1646 4111/2/1646 4050/3/1646
f 4112/1/1646 4050/2/1646 4049/3/1646
f 4112/1/1453 4049/2/1453 4052/3/1453
f 4052/1/1453 4054/2/1453 4056/3/1453
f 4056/1/1453 4058/2/1453 4060/3/1453
f 4060/1/1453 4062/2/1453 4064/3/1453
f 4064/1/1453 4066/2/1453 4068/3/1453
f 4068/1/1453 4070/2/1453 4072/3/1453
f 4072/1/1453 4074/2/1453 4076/3/1453
f 4076/1/1453 4078/2/1453 4080/3/1453
f 4080/1/1453 4082/2/1453 4084/3/1453
f 4084/1/1453 4086/2/1453 4088/3/1453
f 4088/1/1453 4090/2/1453 4092/3/1453
f 4092/1/1453 4094/2/1453 4096/3/1453
f 4096/1/1453 4098/2/1453 4100/3/1453
f 4100/1/1453 4102/2/1453 4104/3/1453
f 4104/1/1453 4106/2/1453 4108/3/1453
f 4108/1/1453 4110/2/1453 4112/3/1453
f 4112/1/1453 4052/2/1453 4056/3/1453
f 4056/1/1453 4060/2/1453 4064/3/1453
f 4064/1/1453 4068/2/1453 4072/3/1453
f 4072/1/1453 4076/2/1453 4080/3/1453
f 4080/1/1453 4084/2/1453 4088/3/1453
f 4088/1/1453 4092/2/1453 4096/3/1453
f 4096/1/1453 4100/2/1453 4104/3/1453
f 4104/1/1453 4108/2/1453 4112/3/1453
f 4112/1/1453 4056/2/1453 4064/3/1453
f 4064/1/1453 4072/2/1453 4080/3/1453
f 4080/1/1453 4088/2/1453 4096/3/1453
f 4096/1/1453 4104/2/1453 4112/3/1453
f 4112/1/1453 4064/2/1453 4080/3/1453
f 4080/1/1453 4096/2/1453 4112/3/1453
f 4113/1/1476 4114/2/1476 4115/3/1476
f 4113/1/1476 4115/2/1476 4116/3/1476
f 4116/1/1472 4115/2/1472 4117/3/1472
f 4116/1/1472 4117/2/1472 4118/3/1472
f 4118/1/1462 4117/2/1462 4119/3/1462
f 4118/1/1462 4119/2/1462 4120/3/1462
f 4120/1/1458 4119/2/1458 4121/3/1458
f 4120/1/1458 4121/2/1458 4122/3/1458
f 4122/1/1457 4121/2/1457 4123/3/1457
f 4122/1/1457 4123/2/1457 4124/3/1457
f 4124/1/1463 4123/2/1463 4125/3/1463
f 4124/1/1463 4125/2/1463 4126/3/1463
f 4117/1/2936 4115/2/2936 4114/3/2936
f 4114/1/2936 4127/2/2936 4125/3/2936
f 4125/1/2936 4123/2/2936 4121/3/2936
f 4121/1/2936 4119/2/2936 4117/3/2936
f 4117/1/2936 4114/2/2936 4125/3/2936
f 4125/1/2936 4121/2/2936 4117/3/2936
f 4126/1/1471 4125/2/1471 4127/3/1471
f 4126/1/1471 4127/2/1471 4128/3/1471
f 4128/1/1477 4127/2/1477 4114/3/1477
f 4128/1/1477 4114/2/1477 4113/3/1477
f 4128/1/1 4113/2/1 4116/3/1
f 4116/1/1 4118/2/1 4120/3/1
f 4120/1/1 4122/2/1 4124/3/1
f 4124/1/1 4126/2/1 4128/3/1
f 4128/1/1 4116/2/1 4120/3/1
f 4120/1/1 4124/2/1 4128/3/1
f 4129/1/1478 4114/2/1478 4127/3/1478
f 4129/1/1478 4127/2/1478 4130/3/1478
f 4130/1/1474 4127/2/1474 4125/3/1474
f 4130/1/1474 4125/2/1474 4131/3/1474
f 4131/1/1461 4125/2/1461 4123/3/1461
f 4131/1/1461 4123/2/1461 4132/3/1461
f 4132/1/1456 4123/2/1456 4121/3/1456
f 4132/1/1456 4121/2/1456 4133/3/1456
f 4133/1/1459 4121/2/1459 4119/3/1459
f 4133/1/1459 4119/2/1459 4134/3/1459
f 4134/1/1460 4119/2/1460 4117/3/1460
f 4134/1/1460 4117/2/1460 4135/3/1460
f 4125/1/1 4127/2/1 4114/3/1
f 4114/1/1 4115/2/1 4117/3/1
f 4117/1/1 4119/2/1 4121/3/1
f 4121/1/1 4123/2/1 4125/3/1
f 4125/1/1 4114/2/1 4117/3/1
f 4117/1/1 4121/2/1 4125/3/1
f 4135/1/1473 4117/2/1473 4115/3/1473
f 4135/1/1473 4115/2/1473 4136/3/1473
f 4136/1/1475 4115/2/1475 4114/3/1475
f 4136/1/1475 4114/2/1475 4129/3/1475
f 4136/1/2936 4129/2/2936 4130/3/2936
f 4130/1/2936 4131/2/2936 4132/3/2936
f 4132/1/2936 4133/2/2936 4134/3/2936
f 4134/1/2936 4135/2/2936 4136/3/2936
f 4136/1/2936 4130/2/2936 4132/3/2936
f 4132/1/2936 4134/2/2936 4136/3/2936
f 4137/1/1073 4138/2/1073 4139/3/1073
f 4137/1/1073 4139/2/1073 4140/3/1073
f 4140/1/263 4139/2/263 4141/3/263
f 4140/1/263 4141/2/263 4142/3/263
f 4142/1/262 4141/2/262 4143/3/262
f 4142/1/262 4143/2/262 4144/3/262
f 4144/1/1072 4143/2/1072 4145/3/1072
f 4144/1/1072 4145/2/1072 4146/3/1072
f 4146/1/1876 4145/2/1876 4147/3/1876
f 4146/1/1876 4147/2/1876 4148/3/1876
f 4148/1/2674 4147/2/2674 4149/3/2674
f 4148/1/2674 4149/2/2674 4150/3/2674
f 4141/1/1481 4139/2/1481 4138/3/1481
f 4138/1/1481 4151/2/1481 4149/3/1481
f 4149/1/1481 4147/2/1481 4145/3/1481
f 4145/1/1481 4143/2/1481 4141/3/1481
f 4141/1/1481 4138/2/1481 4149/3/1481
f 4149/1/1481 4145/2/1481 4141/3/1481
f 4150/1/2673 4149/2/2673 4151/3/2673
f 4150/1/2673 4151/2/2673 4152/3/2673
f 4152/1/1877 4151/2/1877 4138/3/1877
f 4152/1/1877 4138/2/1877 4137/3/1877
f 4152/1/1453 4137/2/1453 4140/3/1453
f 4140/1/1453 4142/2/1453 4144/3/1453
f 4144/1/1453 4146/2/1453 4148/3/1453
f 4148/1/1453 4150/2/1453 4152/3/1453
f 4152/1/1453 4140/2/1453 4144/3/1453
f 4144/1/1453 4148/2/1453 4152/3/1453
f 4153/1/1057 4154/2/1057 4155/3/1057
f 4153/1/1057 4155/2/1057 4156/3/1057
f 4156/1/284 4155/2/284 4157/3/284
f 4156/1/284 4157/2/284 4158/3/284
f 4158/1/283 4157/2/283 4159/3/283
f 4158/1/283 4159/2/283 4160/3/283
f 4160/1/1056 4159/2/1056 4161/3/1056
f 4160/1/1056 4161/2/1056 4162/3/1056
f 4162/1/1874 4161/2/1874 4163/3/1874
f 4162/1/1874 4163/2/1874 4164/3/1874
f 4164/1/2648 4163/2/2648 4165/3/2648
f 4164/1/2648 4165/2/2648 4166/3/2648
f 4157/1/1481 4155/2/1481 4154/3/1481
f 4154/1/1481 4167/2/1481 4165/3/1481
f 4165/1/1481 4163/2/1481 4161/3/1481
f 4161/1/1481 4159/2/1481 4157/3/1481
f 4157/1/1481 4154/2/1481 4165/3/1481
f 4165/1/1481 4161/2/1481 4157/3/1481
f 4166/1/2647 4165/2/2647 4167/3/2647
f 4166/1/2647 4167/2/2647 4168/3/2647
f 4168/1/1875 4167/2/1875 4154/3/1875
f 4168/1/1875 4154/2/1875 4153/3/1875
f 4168/1/1453 4153/2/1453 4156/3/1453
f 4156/1/1453 4158/2/1453 4160/3/1453
f 4160/1/1453 4162/2/1453 4164/3/1453
f 4164/1/1453 4166/2/1453 4168/3/1453
f 4168/1/1453 4156/2/1453 4160/3/1453
f 4160/1/1453 4164/2/1453 4168/3/1453
f 4169/1/1309 4170/2/1309 4171/3/1309
f 4169/1/1309 4171/2/1309 4172/3/1309
f 4172/1/1115 4171/2/1115 4173/3/1115
f 4172/1/1115 4173/2/1115 4174/3/1115
f 4174/1/944 4173/2/944 4175/3/944
f 4174/1/944 4175/2/944 4176/3/944
f 4176/1/640 4175/2/640 4177/3/640
f 4176/1/640 4177/2/640 4178/3/640
f 4178/1/484 4177/2/484 4179/3/484
f 4178/1/484 4179/2/484 4180/3/484
f 4180/1/336 4179/2/336 4181/3/336
f 4180/1/336 4181/2/336 4182/3/336
f 4182/1/181 4181/2/181 4183/3/181
f 4182/1/181 4183/2/181 4184/3/181
f 4184/1/40 4183/2/40 4185/3/40
f 4184/1/40 4185/2/40 4186/3/40
f 4186/1/35 4185/2/35 4187/3/35
f 4186/1/35 4187/2/35 4188/3/35
f 4188/1/164 4187/2/164 4189/3/164
f 4188/1/164 4189/2/164 4190/3/164
f 4190/1/305 4189/2/305 4191/3/305
f 4190/1/305 4191/2/305 4192/3/305
f 4192/1/485 4191/2/485 4193/3/485
f 4192/1/485 4193/2/485 4194/3/485
f 4194/1/626 4193/2/626 4195/3/626
f 4194/1/626 4195/2/626 4196/3/626
f 4196/1/920 4195/2/920 4197/3/920
f 4196/1/920 4197/2/920 4198/3/920
f 4198/1/1116 4197/2/1116 4199/3/1116
f 4198/1/1116 4199/2/1116 4200/3/1116
f 4200/1/1306 4199/2/1306 4201/3/1306
f 4200/1/1306 4201/2/1306 4202/3/1306
f 4202/1/1624 4201/2/1624 4203/3/1624
f 4202/1/1624 4203/2/1624 4204/3/1624
f 4204/1/1808 4203/2/1808 4205/3/1808
f 4204/1/1808 4205/2/1808 4206/3/1808
f 4206/1/1984 4205/2/1984 4207/3/1984
f 4206/1/1984 4207/2/1984 4208/3/1984
f 4208/1/2311 4207/2/2311 4209/3/2311
f 4208/1/2311 4209/2/2311 4210/3/2311
f 4210/1/2451 4209/2/2451 4211/3/2451
f 4210/1/2451 4211/2/2451 4212/3/2451
f 4212/1/2623 4211/2/2623 4213/3/2623
f 4212/1/2623 4213/2/2623 4214/3/2623
f 4214/1/2753 4213/2/2753 4215/3/2753
f 4214/1/2753 4215/2/2753 4216/3/2753
f 4216/1/2898 4215/2/2898 4217/3/2898
f 4216/1/2898 4217/2/2898 4218/3/2898
f 4218/1/2900 4217/2/2900 4219/3/2900
f 4218/1/2900 4219/2/2900 4220/3/2900
f 4220/1/2754 4219/2/2754 4221/3/2754
f 4220/1/2754 4221/2/2754 4222/3/2754
f 4222/1/2627 4221/2/2627 4223/3/2627
f 4222/1/2627 4223/2/2627 4224/3/2627
f 4224/1/2469 4223/2/2469 4225/3/2469
f 4224/1/2469 4225/2/2469 4226/3/2469
f 4226/1/2320 4225/2/2320 4227/3/2320
f 4226/1/2320 4227/2/2320 4228/3/2320
f 4228/1/1989 4227/2/1989 4229/3/1989
f 4228/1/1989 4229/2/1989 4230/3/1989
f 4173/1/1481 4171/2/1481 4170/3/1481
f 4170/1/1481 4231/2/1481 4229/3/1481
f 4229/1/1481 4227/2/1481 4225/3/1481
f 4225/1/1481 4223/2/1481 4221/3/1481
f 4221/1/1481 4219/2/1481 4217/3/1481
f 4217/1/1481 4215/2/1481 4213/3/1481
f 4213/1/1481 4211/2/1481 4209/3/1481
f 4209/1/1481 4207/2/1481 4205/3/1481
f 4205/1/1481 4203/2/1481 4201/3/1481
f 4201/1/1481 4199/2/1481 4197/3/1481
f 4197/1/1481 4195/2/1481 4193/3/1481
f 4193/1/1481 4191/2/1481 4189/3/1481
f 4189/1/1481 4187/2/1481 4185/3/1481
f 4185/1/1481 4183/2/1481 4181/3/1481
f 4181/1/1481 4179/2/1481 4177/3/1481
f 4177/1/1481 4175/2/1481 4173/3/1481
f 4173/1/1481 4170/2/1481 4229/3/1481
f 4229/1/1481 4225/2/1481 4221/3/1481
f 4221/1/1481 4217/2/1481 4213/3/1481
f 4213/1/1481 4209/2/1481 4205/3/1481
f 4205/1/1481 4201/2/1481 4197/3/1481
f 4197/1/1481 4193/2/1481 4189/3/1481
f 4189/1/1481 4185/2/1481 4181/3/1481
f 4181/1/1481 4177/2/1481 4173/3/1481
f 4173/1/1481 4229/2/1481 4221/3/1481
f 4221/1/1481 4213/2/1481 4205/3/1481
f 4205/1/1481 4197/2/1481 4189/3/1481
f 4189/1/1481 4181/2/1481 4173/3/1481
f 4173/1/1481 4221/2/1481 4205/3/1481
f 4205/1/1481 4189/2/1481 4173/3/1481
f 4230/1/1830 4229/2/1830 4231/3/1830
f 4230/1/1830 4231/2/1830 4232/3/1830
f 4232/1/1628 4231/2/1628 4170/3/1628
f 4232/1/1628 4170/2/1628 4169/3/1628
f 4232/1/1453 4169/2/1453 4172/3/1453
f 4172/1/1453 4174/2/1453 4176/3/1453
f 4176/1/1453 4178/2/1453 4180/3/1453
f 4180/1/1453 4182/2/1453 4184/3/1453
f 4184/1/1453 4186/2/1453 4188/3/1453
f 4188/1/1453 4190/2/1453 4192/3/1453
f 4192/1/1453 4194/2/1453 4196/3/1453
f 4196/1/1453 4198/2/1453 4200/3/1453
f 4200/1/1453 4202/2/1453 4204/3/1453
f 4204/1/1453 4206/2/1453 4208/3/1453
f 4208/1/1453 4210/2/1453 4212/3/1453
f 4212/1/1453 4214/2/1453 4216/3/1453
f 4216/1/1453 4218/2/1453 4220/3/1453
f 4220/1/1453 4222/2/1453 4224/3/1453
f 4224/1/1453 4226/2/1453 4228/3/1453
f 4228/1/1453 4230/2/1453 4232/3/1453
f 4232/1/1453 4172/2/1453 4176/3/1453
f 4176/1/1453 4180/2/1453 4184/3/1453
f 4184/1/1453 4188/2/1453 4192/3/1453
f 4192/1/1453 4196/2/1453 4200/3/1453
f 4200/1/1453 4204/2/1453 4208/3/1453
f 4208/1/1453 4212/2/1453 4216/3/1453
f 4216/1/1453 4220/2/1453 4224/3/1453
f 4224/1/1453 4228/2/1453 4232/3/1453
f 4232/1/1453 4176/2/1453 4184/3/1453
f 4184/1/1453 4192/2/1453 4200/3/1453
f 4200/1/1453 4208/2/1453 4216/3/1453
f 4216/1/1453 4224/2/1453 4232/3/1453
f 4232/1/1453 4184/2/1453 4200/3/1453
f 4200/1/1453 4216/2/1453 4232/3/1453
usemtl dvss_6
f 4233/1/1077 4234/2/1077 4235/3/1077
f 4233/1/1077 4235/2/1077 4236/3/1077
f 4236/1/265 4235/2/265 4237/3/265
f 4236/1/265 4237/2/265 4238/3/265
f 4238/1/266 4237/2/266 4239/3/266
f 4238/1/266 4239/2/266 4240/3/266
f 4240/1/1074 4239/2/1074 4241/3/1074
f 4240/1/1074 4241/2/1074 4242/3/1074
f 4242/1/1859 4241/2/1859 4243/3/1859
f 4242/1/1859 4243/2/1859 4244/3/1859
f 4244/1/2666 4243/2/2666 4245/3/2666
f 4244/1/2666 4245/2/2666 4246/3/2666
f 4237/1/1481 4235/2/1481 4234/3/1481
f 4234/1/1481 4247/2/1481 4245/3/1481
f 4245/1/1481 4243/2/1481 4241/3/1481
f 4241/1/1481 4239/2/1481 4237/3/1481
f 4237/1/1481 4234/2/1481 4245/3/1481
f 4245/1/1481 4241/2/1481 4237/3/1481
f 4246/1/2672 4245/2/2672 4247/3/2672
f 4246/1/2672 4247/2/2672 4248/3/2672
f 4248/1/1857 4247/2/1857 4234/3/1857
f 4248/1/1857 4234/2/1857 4233/3/1857
f 4248/1/1453 4233/2/1453 4236/3/1453
f 4236/1/1453 4238/2/1453 4240/3/1453
f 4240/1/1453 4242/2/1453 4244/3/1453
f 4244/1/1453 4246/2/1453 4248/3/1453
f 4248/1/1453 4236/2/1453 4240/3/1453
f 4240/1/1453 4244/2/1453 4248/3/1453
f 4249/1/1075 4250/2/1075 4251/3/1075
f 4249/1/1075 4251/2/1075 4252/3/1075
f 4252/1/267 4251/2/267 4253/3/267
f 4252/1/267 4253/2/267 4254/3/267
f 4254/1/264 4253/2/264 4255/3/264
f 4254/1/264 4255/2/264 4256/3/264
f 4256/1/1076 4255/2/1076 4257/3/1076
f 4256/1/1076 4257/2/1076 4258/3/1076
f 4258/1/1856 4257/2/1856 4259/3/1856
f 4258/1/1856 4259/2/1856 4260/3/1856
f 4260/1/2671 4259/2/2671 4261/3/2671
f 4260/1/2671 4261/2/2671 4262/3/2671
f 4253/1/1481 4251/2/1481 4250/3/1481
f 4250/1/1481 4263/2/1481 4261/3/1481
f 4261/1/1481 4259/2/1481 4257/3/1481
f 4257/1/1481 4255/2/1481 4253/3/1481
f 4253/1/1481 4250/2/1481 4261/3/1481
f 4261/1/1481 4257/2/1481 4253/3/1481
f 4262/1/2667 4261/2/2667 4263/3/2667
f 4262/1/2667 4263/2/2667 4264/3/2667
f 4264/1/1860 4263/2/1860 4250/3/1860
f 4264/1/1860 4250/2/1860 4249/3/1860
f 4264/1/1453 4249/2/1453 4252/3/1453
f 4252/1/1453 4254/2/1453 4256/3/1453
f 4256/1/1453 4258/2/1453 4260/3/1453
f 4260/1/1453 4262/2/1453 4264/3/1453
f 4264/1/1453 4252/2/1453 4256/3/1453
f 4256/1/1453 4260/2/1453 4264/3/1453
f 4265/1/1300 4266/2/1300 4267/3/1300
f 4265/1/1300 4267/2/1300 4268/3/1300
f 4268/1/1123 4267/2/1123 4269/3/1123
f 4268/1/1123 4269/2/1123 4270/3/1123
f 4270/1/930 4269/2/930 4271/3/930
f 4270/1/930 4271/2/930 4272/3/930
f 4272/1/625 4271/2/625 4273/3/625
f 4272/1/625 4273/2/625 4274/3/625
f 4274/1/491 4273/2/491 4275/3/491
f 4274/1/491 4275/2/491 4276/3/491
f 4276/1/339 4275/2/339 4277/3/339
f 4276/1/339 4277/2/339 4278/3/339
f 4278/1/173 4277/2/173 4279/3/173
f 4278/1/173 4279/2/173 4280/3/173
f 4280/1/38 4279/2/38 4281/3/38
f 4280/1/38 4281/2/38 4282/3/38
f 4282/1/47 4281/2/47 4283/3/47
f 4282/1/47 4283/2/47 4284/3/47
f 4284/1/174 4283/2/174 4285/3/174
f 4284/1/174 4285/2/174 4286/3/174
f 4286/1/326 4285/2/326 4287/3/326
f 4286/1/326 4287/2/326 4288/3/326
f 4288/1/486 4287/2/486 4289/3/486
f 4288/1/486 4289/2/486 4290/3/486
f 4290/1/620 4289/2/620 4291/3/620
f 4290/1/620 4291/2/620 4292/3/620
f 4292/1/916 4291/2/916 4293/3/916
f 4292/1/916 4293/2/916 4294/3/916
f 4294/1/1122 4293/2/1122 4295/3/1122
f 4294/1/1122 4295/2/1122 4296/3/1122
f 4296/1/1308 4295/2/1308 4297/3/1308
f 4296/1/1308 4297/2/1308 4298/3/1308
f 4298/1/1636 4297/2/1636 4299/3/1636
f 4298/1/1636 4299/2/1636 4300/3/1636
f 4300/1/1822 4299/2/1822 4301/3/1822
f 4300/1/1822 4301/2/1822 4302/3/1822
f 4302/1/1997 4301/2/1997 4303/3/1997
f 4302/1/1997 4303/2/1997 4304/3/1997
f 4304/1/2312 4303/2/2312 4305/3/2312
f 4304/1/2312 4305/2/2312 4306/3/2312
f 4306/1/2454 4305/2/2454 4307/3/2454
f 4306/1/2454 4307/2/2454 4308/3/2454
f 4308/1/2599 4307/2/2599 4309/3/2599
f 4308/1/2599 4309/2/2599 4310/3/2599
f 4310/1/2763 4309/2/2763 4311/3/2763
f 4310/1/2763 4311/2/2763 4312/3/2763
f 4312/1/2899 4311/2/2899 4313/3/2899
f 4312/1/2899 4313/2/2899 4314/3/2899
f 4314/1/2892 4313/2/2892 4315/3/2892
f 4314/1/2892 4315/2/2892 4316/3/2892
f 4316/1/2764 4315/2/2764 4317/3/2764
f 4316/1/2764 4317/2/2764 4318/3/2764
f 4318/1/2616 4317/2/2616 4319/3/2616
f 4318/1/2616 4319/2/2616 4320/3/2616
f 4320/1/2459 4319/2/2459 4321/3/2459
f 4320/1/2459 4321/2/2459 4322/3/2459
f 4322/1/2317 4321/2/2317 4323/3/2317
f 4322/1/2317 4323/2/2317 4324/3/2317
f 4324/1/2016 4323/2/2016 4325/3/2016
f 4324/1/2016 4325/2/2016 4326/3/2016
f 4269/1/1481 4267/2/1481 4266/3/1481
f 4266/1/1481 4327/2/1481 4325/3/1481
f 4325/1/1481 4323/2/1481 4321/3/1481
f 4321/1/1481 4319/2/1481 4317/3/1481
f 4317/1/1481 4315/2/1481 4313/3/1481
f 4313/1/1481 4311/2/1481 4309/3/1481
f 4309/1/1481 4307/2/1481 4305/3/1481
f 4305/1/1481 4303/2/1481 4301/3/1481
f 4301/1/1481 4299/2/1481 4297/3/1481
f 4297/1/1481 4295/2/1481 4293/3/1481
f 4293/1/1481 4291/2/1481 4289/3/1481
f 4289/1/1481 4287/2/1481 4285/3/1481
f 4285/1/1481 4283/2/1481 4281/3/1481
f 4281/1/1481 4279/2/1481 4277/3/1481
f 4277/1/1481 4275/2/1481 4273/3/1481
f 4273/1/1481 4271/2/1481 4269/3/1481
f 4269/1/1481 4266/2/1481 4325/3/1481
f 4325/1/1481 4321/2/1481 4317/3/1481
f 4317/1/1481 4313/2/1481 4309/3/1481
f 4309/1/1481 4305/2/1481 4301/3/1481
f 4301/1/1481 4297/2/1481 4293/3/1481
f 4293/1/1481 4289/2/1481 4285/3/1481
f 4285/1/1481 4281/2/1481 4277/3/1481
f 4277/1/1481 4273/2/1481 4269/3/1481
f 4269/1/1481 4325/2/1481 4317/3/1481
f 4317/1/1481 4309/2/1481 4301/3/1481
f 4301/1/1481 4293/2/1481 4285/3/1481
f 4285/1/1481 4277/2/1481 4269/3/1481
f 4269/1/1481 4317/2/1481 4301/3/1481
f 4301/1/1481 4285/2/1481 4269/3/1481
f 4326/1/1821 4325/2/1821 4327/3/1821
f 4326/1/1821 4327/2/1821 4328/3/1821
f 4328/1/1627 4327/2/1627 4266/3/1627
f 4328/1/1627 4266/2/1627 4265/3/1627
f 4328/1/1453 4265/2/1453 4268/3/1453
f 4268/1/1453 4270/2/1453 4272/3/1453
f 4272/1/1453 4274/2/1453 4276/3/1453
f 4276/1/1453 4278/2/1453 4280/3/1453
f 4280/1/1453 4282/2/1453 4284/3/1453
f 4284/1/1453 4286/2/1453 4288/3/1453
f 4288/1/1453 4290/2/1453 4292/3/1453
f 4292/1/1453 4294/2/1453 4296/3/1453
f 4296/1/1453 4298/2/1453 4300/3/1453
f 4300/1/1453 4302/2/1453 4304/3/1453
f 4304/1/1453 4306/2/1453 4308/3/1453
f 4308/1/1453 4310/2/1453 4312/3/1453
f 4312/1/1453 4314/2/1453 4316/3/1453
f 4316/1/1453 4318/2/1453 4320/3/1453
f 4320/1/1453 4322/2/1453 4324/3/1453
f 4324/1/1453 4326/2/1453 4328/3/1453
f 4328/1/1453 4268/2/1453 4272/3/1453
f 4272/1/1453 4276/2/1453 4280/3/1453
f 4280/1/1453 4284/2/1453 4288/3/1453
f 4288/1/1453 4292/2/1453 4296/3/1453
f 4296/1/1453 4300/2/1453 4304/3/1453
f 4304/1/1453 4308/2/1453 4312/3/1453
f 4312/1/1453 4316/2/1453 4320/3/1453
f 4320/1/1453 4324/2/1453 4328/3/1453
f 4328/1/1453 4272/2/1453 4280/3/1453
f 4280/1/1453 4288/2/1453 4296/3/1453
f 4296/1/1453 4304/2/1453 4312/3/1453
f 4312/1/1453 4320/2/1453 4328/3/1453
f 4328/1/1453 4280/2/1453 4296/3/1453
f 4296/1/1453 4312/2/1453 4328/3/1453
f 4329/1/801 4330/2/801 4331/3/801
f 4329/1/801 4331/2/801 4332/3/801
f 4332/1/1 4331/2/1 4333/3/1
f 4332/1/1 4333/2/1 4334/3/1
f 4334/1/800 4333/2/800 4335/3/800
f 4334/1/800 4335/2/800 4336/3/800
f 4336/1/2161 4335/2/2161 4337/3/2161
f 4336/1/2161 4337/2/2161 4338/3/2161
f 4333/1/1481 4331/2/1481 4330/3/1481
f 4330/1/1481 4339/2/1481 4337/3/1481
f 4337/1/1481 4335/2/1481 4333/3/1481
f 4330/1/1481 4337/2/1481 4333/3/1481
f 4338/1/2936 4337/2/2936 4339/3/2936
f 4338/1/2936 4339/2/2936 4340/3/2936
f 4340/1/2162 4339/2/2162 4330/3/2162
f 4340/1/2162 4330/2/2162 4329/3/2162
f 4340/1/1453 4329/2/1453 4332/3/1453
f 4332/1/1453 4334/2/1453 4336/3/1453
f 4336/1/1453 4338/2/1453 4340/3/1453
f 4332/1/1453 4336/2/1453 4340/3/1453
f 4341/1/803 4342/2/803 4343/3/803
f 4341/1/803 4343/2/803 4344/3/803
f 4344/1/1 4343/2/1 4345/3/1
f 4344/1/1 4345/2/1 4346/3/1
f 4346/1/802 4345/2/802 4347/3/802
f 4346/1/802 4347/2/802 4348/3/802
f 4348/1/2110 4347/2/2110 4349/3/2110
f 4348/1/2110 4349/2/2110 4350/3/2110
f 4345/1/1481 4343/2/1481 4342/3/1481
f 4342/1/1481 4351/2/1481 4349/3/1481
f 4349/1/1481 4347/2/1481 4345/3/1481
f 4342/1/1481 4349/2/1481 4345/3/1481
f 4350/1/2936 4349/2/2936 4351/3/2936
f 4350/1/2936 4351/2/2936 4352/3/2936
f 4352/1/2111 4351/2/2111 4342/3/2111
f 4352/1/2111 4342/2/2111 4341/3/2111
f 4352/1/1453 4341/2/1453 4344/3/1453
f 4344/1/1453 4346/2/1453 4348/3/1453
f 4348/1/1453 4350/2/1453 4352/3/1453
f 4344/1/1453 4348/2/1453 4352/3/1453
usemtl dvss_7
f 4353/1/1 4354/2/1 4355/3/1
f 4353/1/1 4355/2/1 4356/3/1
f 4356/1/1469 4355/2/1469 4357/3/1469
f 4356/1/1469 4357/2/1469 4358/3/1469
f 4358/1/2936 4357/2/2936 4359/3/2936
f 4358/1/2936 4359/2/2936 4360/3/2936
f 4360/1/1470 4359/2/1470 4354/3/1470
f 4360/1/1470 4354/2/1470 4353/3/1470
f 4356/1/1453 4358/2/1453 4360/3/1453
f 4356/1/1453 4360/2/1453 4353/3/1453
f 4357/1/1481 4355/2/1481 4354/3/1481
f 4357/1/1481 4354/2/1481 4359/3/1481
