# metre = block; Y up; per-cell coordinates; atlas UVs preserved
mtllib materials.mtl
o cell_2
usemtl pump_atlas
v 0.4505482 0.3281250 0.9103804
v 0.5976660 0.4031250 0.8811168
v 0.6093750 0.4031250 1.0000000
v 0.4505482 0.3281250 0.9103804
v 0.6093750 0.4031250 1.0000000
v 0.4593750 0.3281250 1.0000000
v 0.4244072 0.3281250 0.8242048
v 0.5629891 0.4031250 0.7668023
v 0.5976660 0.4031250 0.8811168
v 0.4244072 0.3281250 0.8242048
v 0.5976660 0.4031250 0.8811168
v 0.4505482 0.3281250 0.9103804
v 0.3819563 0.3281250 0.7447849
v 0.5066768 0.4031250 0.6614494
v 0.5629891 0.4031250 0.7668023
v 0.3819563 0.3281250 0.7447849
v 0.5629891 0.4031250 0.7668023
v 0.4244072 0.3281250 0.8242048
v 0.3248272 0.3281250 0.6751728
v 0.4308932 0.4031250 0.5691068
v 0.5066768 0.4031250 0.6614494
v 0.3248272 0.3281250 0.6751728
v 0.5066768 0.4031250 0.6614494
v 0.3819563 0.3281250 0.7447849
v 0.2552151 0.3281250 0.6180437
v 0.3385506 0.4031250 0.4933232
v 0.4308932 0.4031250 0.5691068
v 0.2552151 0.3281250 0.6180437
v 0.4308932 0.4031250 0.5691068
v 0.3248272 0.3281250 0.6751728
v 0.1757952 0.3281250 0.5755928
v 0.2331977 0.4031250 0.4370109
v 0.3385506 0.4031250 0.4933232
v 0.1757952 0.3281250 0.5755928
v 0.3385506 0.4031250 0.4933232
v 0.2552151 0.3281250 0.6180437
v 0.0896196 0.3281250 0.5494518
v 0.1188832 0.4031250 0.4023340
v 0.2331977 0.4031250 0.4370109
v 0.0896196 0.3281250 0.5494518
v 0.2331977 0.4031250 0.4370109
v 0.1757952 0.3281250 0.5755928
v 0.0000000 0.3281250 0.5406250
v 0.0000000 0.4031250 0.3906250
v 0.1188832 0.4031250 0.4023340
v 0.0000000 0.3281250 0.5406250
v 0.1188832 0.4031250 0.4023340
v 0.0896196 0.3281250 0.5494518
v 0.5976660 0.4031250 0.8811168
v 0.6896146 0.5625000 0.8628271
v 0.7031250 0.5625000 1.0000000
v 0.5976660 0.4031250 0.8811168
v 0.7031250 0.5625000 1.0000000
v 0.6093750 0.4031250 1.0000000
v 0.5629891 0.4031250 0.7668023
v 0.6496028 0.5625000 0.7309257
v 0.6896146 0.5625000 0.8628271
v 0.5629891 0.4031250 0.7668023
v 0.6896146 0.5625000 0.8628271
v 0.5976660 0.4031250 0.8811168
v 0.5066768 0.4031250 0.6614494
v 0.5846271 0.5625000 0.6093647
v 0.6496028 0.5625000 0.7309257
v 0.5066768 0.4031250 0.6614494
v 0.6496028 0.5625000 0.7309257
v 0.5629891 0.4031250 0.7668023
v 0.4308932 0.4031250 0.5691068
v 0.4971844 0.5625000 0.5028156
v 0.5846271 0.5625000 0.6093647
v 0.4308932 0.4031250 0.5691068
v 0.5846271 0.5625000 0.6093647
v 0.5066768 0.4031250 0.6614494
v 0.3385506 0.4031250 0.4933232
v 0.3906353 0.5625000 0.4153729
v 0.4971844 0.5625000 0.5028156
v 0.3385506 0.4031250 0.4933232
v 0.4971844 0.5625000 0.5028156
v 0.4308932 0.4031250 0.5691068
v 0.2331977 0.4031250 0.4370109
v 0.2690743 0.5625000 0.3503972
v 0.3906353 0.5625000 0.4153729
v 0.2331977 0.4031250 0.4370109
v 0.3906353 0.5625000 0.4153729
v 0.3385506 0.4031250 0.4933232
v 0.1188832 0.4031250 0.4023340
v 0.1371729 0.5625000 0.3103854
v 0.2690743 0.5625000 0.3503972
v 0.1188832 0.4031250 0.4023340
v 0.2690743 0.5625000 0.3503972
v 0.2331977 0.4031250 0.4370109
v 0.0000000 0.4031250 0.3906250
v 0.0000000 0.5625000 0.2968750
v 0.1371729 0.5625000 0.3103854
v 0.0000000 0.4031250 0.3906250
v 0.1371729 0.5625000 0.3103854
v 0.1188832 0.4031250 0.4023340
v 0.6896146 0.5625000 0.8628271
v 0.6896146 1.0000000 0.8628271
v 0.7017393 1.0000000 0.9859310
v 0.6896146 0.5625000 0.8628271
v 0.7017393 1.0000000 0.9859310
v 0.7031250 1.0000000 1.0000000
v 0.6896146 0.5625000 0.8628271
v 0.7031250 1.0000000 1.0000000
v 0.7031250 0.5625000 1.0000000
v 0.6496028 0.5625000 0.7309257
v 0.6496028 1.0000000 0.7309257
v 0.6855108 1.0000000 0.8492988
v 0.6496028 0.5625000 0.7309257
v 0.6855108 1.0000000 0.8492988
v 0.6896146 1.0000000 0.8628271
v 0.6496028 0.5625000 0.7309257
v 0.6896146 1.0000000 0.8628271
v 0.6896146 0.5625000 0.8628271
v 0.5846271 0.5625000 0.6093647
v 0.5846271 1.0000000 0.6093647
v 0.6429386 1.0000000 0.7184579
v 0.5846271 0.5625000 0.6093647
v 0.6429386 1.0000000 0.7184579
v 0.6496028 1.0000000 0.7309257
v 0.5846271 0.5625000 0.6093647
v 0.6496028 1.0000000 0.7309257
v 0.6496028 0.5625000 0.7309257
v 0.4971844 0.5625000 0.5028156
v 0.4971844 1.0000000 0.5028156
v 0.5756586 1.0000000 0.5984366
v 0.4971844 0.5625000 0.5028156
v 0.5756586 1.0000000 0.5984366
v 0.5846271 1.0000000 0.6093647
v 0.4971844 0.5625000 0.5028156
v 0.5846271 1.0000000 0.6093647
v 0.5846271 0.5625000 0.6093647
v 0.3906353 0.5625000 0.4153729
v 0.3906353 1.0000000 0.4153729
v 0.4862563 1.0000000 0.4938471
v 0.3906353 0.5625000 0.4153729
v 0.4862563 1.0000000 0.4938471
v 0.4971844 1.0000000 0.5028156
v 0.3906353 0.5625000 0.4153729
v 0.4971844 1.0000000 0.5028156
v 0.4971844 0.5625000 0.5028156
v 0.2690743 0.5625000 0.3503972
v 0.2690743 1.0000000 0.3503972
v 0.3781675 1.0000000 0.4087087
v 0.2690743 0.5625000 0.3503972
v 0.3781675 1.0000000 0.4087087
v 0.3906353 1.0000000 0.4153729
v 0.2690743 0.5625000 0.3503972
v 0.3906353 1.0000000 0.4153729
v 0.3906353 0.5625000 0.4153729
v 0.1371729 0.5625000 0.3103854
v 0.1371729 1.0000000 0.3103854
v 0.2555460 1.0000000 0.3462934
v 0.1371729 0.5625000 0.3103854
v 0.2555460 1.0000000 0.3462934
v 0.2690743 1.0000000 0.3503972
v 0.1371729 0.5625000 0.3103854
v 0.2690743 1.0000000 0.3503972
v 0.2690743 0.5625000 0.3503972
v 0.0000000 0.5625000 0.2968750
v 0.0000000 1.0000000 0.2968750
v 0.1231039 1.0000000 0.3089997
v 0.0000000 0.5625000 0.2968750
v 0.1231039 1.0000000 0.3089997
v 0.1371729 1.0000000 0.3103854
v 0.0000000 0.5625000 0.2968750
v 0.1371729 1.0000000 0.3103854
v 0.1371729 0.5625000 0.3103854
v 0.0000000 0.3281250 0.5406250
v 0.0896196 0.3281250 0.5494518
v 0.0000000 0.3281250 0.6230007
v 0.0000000 0.3281250 0.6230007
v 0.0896196 0.3281250 0.5494518
v 0.1757952 0.3281250 0.5755928
v 0.0000000 0.3281250 0.6230007
v 0.1757952 0.3281250 0.5755928
v 0.0000000 0.3281250 0.6930554
v 0.0000000 0.3281250 0.6930554
v 0.1757952 0.3281250 0.5755928
v 0.2552151 0.3281250 0.6180437
v 0.0000000 0.3281250 0.6930554
v 0.2552151 0.3281250 0.6180437
v 0.0000000 0.3281250 0.7544590
v 0.0000000 0.3281250 0.7544590
v 0.2552151 0.3281250 0.6180437
v 0.3248272 0.3281250 0.6751728
v 0.0000000 0.3281250 0.7544590
v 0.3248272 0.3281250 0.6751728
v 0.0000000 0.3281250 0.8097206
v 0.0000000 0.3281250 0.8097206
v 0.3248272 0.3281250 0.6751728
v 0.3819563 0.3281250 0.7447849
v 0.0000000 0.3281250 0.8097206
v 0.3819563 0.3281250 0.7447849
v 0.0000000 0.3281250 0.8606501
v 0.0000000 0.3281250 0.8606501
v 0.3819563 0.3281250 0.7447849
v 0.4244072 0.3281250 0.8242048
v 0.0000000 0.3281250 0.8606501
v 0.4244072 0.3281250 0.8242048
v 0.0000000 0.3281250 0.9086246
v 0.0000000 0.3281250 0.9086246
v 0.4244072 0.3281250 0.8242048
v 0.4505482 0.3281250 0.9103804
v 0.0000000 0.3281250 0.9086246
v 0.4505482 0.3281250 0.9103804
v 0.0000000 0.3281250 0.9547555
v 0.0000000 0.3281250 0.9547555
v 0.4505482 0.3281250 0.9103804
v 0.4593750 0.3281250 1.0000000
v 0.0000000 0.3281250 0.9547555
v 0.4593750 0.3281250 1.0000000
v 0.0000000 0.3281250 1.0000000
v 0.5437500 0.7970943 0.7192778
v 1.0000000 0.7970943 0.7192778
v 1.0000000 0.7591599 0.7142836
v 0.5437500 0.7970943 0.7192778
v 1.0000000 0.7591599 0.7142836
v 1.0000000 0.7218750 0.7093750
v 0.5437500 0.7970943 0.7192778
v 1.0000000 0.7218750 0.7093750
v 0.5437500 0.7218750 0.7093750
v 0.5437500 0.8671874 0.7483114
v 1.0000000 0.8671874 0.7483114
v 1.0000000 0.8318382 0.7336692
v 0.5437500 0.8671874 0.7483114
v 1.0000000 0.8318382 0.7336692
v 1.0000000 0.7970943 0.7192778
v 0.5437500 0.8671874 0.7483114
v 1.0000000 0.7970943 0.7192778
v 0.5437500 0.7970943 0.7192778
v 0.5437500 0.9273779 0.7944971
v 1.0000000 0.9273779 0.7944971
v 1.0000000 0.8970228 0.7712048
v 0.5437500 0.9273779 0.7944971
v 1.0000000 0.8970228 0.7712048
v 1.0000000 0.8671874 0.7483114
v 0.5437500 0.9273779 0.7944971
v 1.0000000 0.8671874 0.7483114
v 0.5437500 0.8671874 0.7483114
v 0.5437500 0.9735637 0.8546875
v 1.0000000 0.9735637 0.8546875
v 1.0000000 0.9502714 0.8243324
v 0.5437500 0.9735637 0.8546875
v 1.0000000 0.9502714 0.8243324
v 1.0000000 0.9273779 0.7944971
v 0.5437500 0.9735637 0.8546875
v 1.0000000 0.9273779 0.7944971
v 0.5437500 0.9273779 0.7944971
v 1.0000000 1.0000000 0.9185105
v 1.0000000 0.9879551 0.8894315
v 0.6246791 1.0000000 0.9185105
v 0.6246791 1.0000000 0.9185105
v 1.0000000 0.9879551 0.8894315
v 1.0000000 0.9735637 0.8546875
v 0.6246791 1.0000000 0.9185105
v 1.0000000 0.9735637 0.8546875
v 0.5437500 0.9735637 0.8546875
v 0.6246791 1.0000000 0.9185105
v 0.5437500 0.9735637 0.8546875
v 0.5437500 1.0000000 0.9185105
v 0.5437500 0.4312500 1.0000000
v 0.5437500 0.4411528 0.9247807
v 1.0000000 0.4411528 0.9247807
v 0.5437500 0.4312500 1.0000000
v 1.0000000 0.4411528 0.9247807
v 1.0000000 0.4362442 0.9620656
v 0.5437500 0.4312500 1.0000000
v 1.0000000 0.4362442 0.9620656
v 1.0000000 0.4312500 1.0000000
v 0.5437500 0.4411528 0.9247807
v 0.5437500 0.4701863 0.8546875
v 1.0000000 0.4701863 0.8546875
v 0.5437500 0.4411528 0.9247807
v 1.0000000 0.4701863 0.8546875
v 1.0000000 0.4557949 0.8894315
v 0.5437500 0.4411528 0.9247807
v 1.0000000 0.4557949 0.8894315
v 1.0000000 0.4411528 0.9247807
v 0.5437500 0.4701863 0.8546875
v 0.5437500 0.5163721 0.7944971
v 1.0000000 0.5163721 0.7944971
v 0.5437500 0.4701863 0.8546875
v 1.0000000 0.5163721 0.7944971
v 1.0000000 0.4934786 0.8243324
v 0.5437500 0.4701863 0.8546875
v 1.0000000 0.4934786 0.8243324
v 1.0000000 0.4701863 0.8546875
v 0.5437500 0.5163721 0.7944971
v 0.5437500 0.5765625 0.7483114
v 1.0000000 0.5765625 0.7483114
v 0.5437500 0.5163721 0.7944971
v 1.0000000 0.5765625 0.7483114
v 1.0000000 0.5467272 0.7712048
v 0.5437500 0.5163721 0.7944971
v 1.0000000 0.5467272 0.7712048
v 1.0000000 0.5163721 0.7944971
v 0.5437500 0.5765625 0.7483114
v 0.5437500 0.6466557 0.7192778
v 1.0000000 0.6466557 0.7192778
v 0.5437500 0.5765625 0.7483114
v 1.0000000 0.6466557 0.7192778
v 1.0000000 0.6119117 0.7336692
v 0.5437500 0.5765625 0.7483114
v 1.0000000 0.6119117 0.7336692
v 1.0000000 0.5765625 0.7483114
v 0.5437500 0.6466557 0.7192778
v 0.5437500 0.7218750 0.7093750
v 1.0000000 0.7218750 0.7093750
v 0.5437500 0.6466557 0.7192778
v 1.0000000 0.7218750 0.7093750
v 1.0000000 0.6845901 0.7142836
v 0.5437500 0.6466557 0.7192778
v 1.0000000 0.6845901 0.7142836
v 1.0000000 0.6466557 0.7192778
v 0.5437500 0.7895724 0.7473500
v 0.5437500 0.7218750 0.7384375
v 1.0000000 0.7218750 0.7384375
v 0.5437500 0.7895724 0.7473500
v 1.0000000 0.7218750 0.7384375
v 1.0000000 0.7554314 0.7428553
v 0.5437500 0.7895724 0.7473500
v 1.0000000 0.7554314 0.7428553
v 1.0000000 0.7895724 0.7473500
v 0.5437500 0.8526562 0.7734802
v 0.5437500 0.7895724 0.7473500
v 1.0000000 0.7895724 0.7473500
v 0.5437500 0.8526562 0.7734802
v 1.0000000 0.7895724 0.7473500
v 1.0000000 0.8208419 0.7603023
v 0.5437500 0.8526562 0.7734802
v 1.0000000 0.8208419 0.7603023
v 1.0000000 0.8526562 0.7734802
v 0.5437500 0.9068276 0.8150474
v 0.5437500 0.8526562 0.7734802
v 1.0000000 0.8526562 0.7734802
v 0.5437500 0.9068276 0.8150474
v 1.0000000 0.8526562 0.7734802
v 1.0000000 0.8795080 0.7940843
v 0.5437500 0.9068276 0.8150474
v 1.0000000 0.8795080 0.7940843
v 1.0000000 0.9068276 0.8150474
v 0.5437500 0.9483948 0.8692187
v 0.5437500 0.9068276 0.8150474
v 1.0000000 0.9068276 0.8150474
v 0.5437500 0.9483948 0.8692187
v 1.0000000 0.9068276 0.8150474
v 1.0000000 0.9274317 0.8418992
v 0.5437500 0.9483948 0.8692187
v 1.0000000 0.9274317 0.8418992
v 1.0000000 0.9483948 0.8692187
v 0.5437500 0.9745250 0.9323026
v 0.5437500 0.9483948 0.8692187
v 1.0000000 0.9483948 0.8692187
v 0.5437500 0.9745250 0.9323026
v 1.0000000 0.9483948 0.8692187
v 1.0000000 0.9613471 0.9004883
v 0.5437500 0.9745250 0.9323026
v 1.0000000 0.9613471 0.9004883
v 1.0000000 0.9745250 0.9323026
v 0.5437500 0.9834375 1.0000000
v 0.5437500 0.9745250 0.9323026
v 1.0000000 0.9745250 0.9323026
v 0.5437500 0.9834375 1.0000000
v 1.0000000 0.9745250 0.9323026
v 1.0000000 0.9789428 0.9658590
v 0.5437500 0.9834375 1.0000000
v 1.0000000 0.9789428 0.9658590
v 1.0000000 0.9834375 1.0000000
v 0.5437500 0.4603125 1.0000000
v 1.0000000 0.4603125 1.0000000
v 1.0000000 0.4648072 0.9658590
v 0.5437500 0.4603125 1.0000000
v 1.0000000 0.4648072 0.9658590
v 1.0000000 0.4692250 0.9323026
v 0.5437500 0.4603125 1.0000000
v 1.0000000 0.4692250 0.9323026
v 0.5437500 0.4692250 0.9323026
v 0.5437500 0.4692250 0.9323026
v 1.0000000 0.4692250 0.9323026
v 1.0000000 0.4824029 0.9004883
v 0.5437500 0.4692250 0.9323026
v 1.0000000 0.4824029 0.9004883
v 1.0000000 0.4953552 0.8692187
v 0.5437500 0.4692250 0.9323026
v 1.0000000 0.4953552 0.8692187
v 0.5437500 0.4953552 0.8692187
v 0.5437500 0.4953552 0.8692187
v 1.0000000 0.4953552 0.8692187
v 1.0000000 0.5163182 0.8418992
v 0.5437500 0.4953552 0.8692187
v 1.0000000 0.5163182 0.8418992
v 1.0000000 0.5369223 0.8150474
v 0.5437500 0.4953552 0.8692187
v 1.0000000 0.5369223 0.8150474
v 0.5437500 0.5369223 0.8150474
v 0.5437500 0.5369223 0.8150474
v 1.0000000 0.5369223 0.8150474
v 1.0000000 0.5642419 0.7940843
v 0.5437500 0.5369223 0.8150474
v 1.0000000 0.5642419 0.7940843
v 1.0000000 0.5910937 0.7734802
v 0.5437500 0.5369223 0.8150474
v 1.0000000 0.5910937 0.7734802
v 0.5437500 0.5910937 0.7734802
v 0.5437500 0.5910937 0.7734802
v 1.0000000 0.5910937 0.7734802
v 1.0000000 0.6229080 0.7603023
v 0.5437500 0.5910937 0.7734802
v 1.0000000 0.6229080 0.7603023
v 1.0000000 0.6541776 0.7473500
v 0.5437500 0.5910937 0.7734802
v 1.0000000 0.6541776 0.7473500
v 0.5437500 0.6541776 0.7473500
v 0.5437500 0.6541776 0.7473500
v 1.0000000 0.6541776 0.7473500
v 1.0000000 0.6883186 0.7428553
v 0.5437500 0.6541776 0.7473500
v 1.0000000 0.6883186 0.7428553
v 1.0000000 0.7218750 0.7384375
v 0.5437500 0.6541776 0.7473500
v 1.0000000 0.7218750 0.7384375
v 0.5437500 0.7218750 0.7384375
v 0.5437500 0.7895724 0.7473500
v 0.5437500 0.7970943 0.7192778
v 0.5437500 0.7218750 0.7093750
v 0.5437500 0.7895724 0.7473500
v 0.5437500 0.7218750 0.7093750
v 0.5437500 0.7218750 0.7384375
v 0.5437500 0.8526562 0.7734802
v 0.5437500 0.8671874 0.7483114
v 0.5437500 0.7970943 0.7192778
v 0.5437500 0.8526562 0.7734802
v 0.5437500 0.7970943 0.7192778
v 0.5437500 0.7895724 0.7473500
v 0.5437500 0.9068276 0.8150474
v 0.5437500 0.9273779 0.7944971
v 0.5437500 0.8671874 0.7483114
v 0.5437500 0.9068276 0.8150474
v 0.5437500 0.8671874 0.7483114
v 0.5437500 0.8526562 0.7734802
v 0.5437500 0.9483948 0.8692187
v 0.5437500 0.9735637 0.8546875
v 0.5437500 0.9273779 0.7944971
v 0.5437500 0.9483948 0.8692187
v 0.5437500 0.9273779 0.7944971
v 0.5437500 0.9068276 0.8150474
v 0.5437500 0.9745250 0.9323026
v 0.5437500 1.0000000 0.9254766
v 0.5437500 1.0000000 0.9185105
v 0.5437500 0.9745250 0.9323026
v 0.5437500 1.0000000 0.9185105
v 0.5437500 0.9735637 0.8546875
v 0.5437500 0.9745250 0.9323026
v 0.5437500 0.9735637 0.8546875
v 0.5437500 0.9483948 0.8692187
v 0.5437500 0.9834375 1.0000000
v 0.5437500 1.0000000 1.0000000
v 0.5437500 1.0000000 0.9349771
v 0.5437500 0.9834375 1.0000000
v 0.5437500 1.0000000 0.9349771
v 0.5437500 1.0000000 0.9254766
v 0.5437500 0.9834375 1.0000000
v 0.5437500 1.0000000 0.9254766
v 0.5437500 0.9745250 0.9323026
v 0.5437500 0.4312500 1.0000000
v 0.5437500 0.4603125 1.0000000
v 0.5437500 0.4692250 0.9323026
v 0.5437500 0.4312500 1.0000000
v 0.5437500 0.4692250 0.9323026
v 0.5437500 0.4411528 0.9247807
v 0.5437500 0.4692250 0.9323026
v 0.5437500 0.4953552 0.8692187
v 0.5437500 0.4701863 0.8546875
v 0.5437500 0.4692250 0.9323026
v 0.5437500 0.4701863 0.8546875
v 0.5437500 0.4411528 0.9247807
v 0.5437500 0.4953552 0.8692187
v 0.5437500 0.5369223 0.8150474
v 0.5437500 0.5163721 0.7944971
v 0.5437500 0.4953552 0.8692187
v 0.5437500 0.5163721 0.7944971
v 0.5437500 0.4701863 0.8546875
v 0.5437500 0.5369223 0.8150474
v 0.5437500 0.5910937 0.7734802
v 0.5437500 0.5765625 0.7483114
v 0.5437500 0.5369223 0.8150474
v 0.5437500 0.5765625 0.7483114
v 0.5437500 0.5163721 0.7944971
v 0.5437500 0.5910937 0.7734802
v 0.5437500 0.6541776 0.7473500
v 0.5437500 0.6466557 0.7192778
v 0.5437500 0.5910937 0.7734802
v 0.5437500 0.6466557 0.7192778
v 0.5437500 0.5765625 0.7483114
v 0.5437500 0.6541776 0.7473500
v 0.5437500 0.7218750 0.7384375
v 0.5437500 0.7218750 0.7093750
v 0.5437500 0.6541776 0.7473500
v 0.5437500 0.7218750 0.7093750
v 0.5437500 0.6466557 0.7192778
v 0.4806805 0.4990335 0.4741963
v 0.4995950 0.4990335 0.4824200
v 0.5064145 0.5156250 0.4925987
v 0.4685854 0.5156250 0.4761513
v 0.4806805 0.4990335 0.4741963
v 0.5064145 0.5156250 0.4925987
v 0.4685854 0.5156250 0.4761513
v 0.5064145 0.5156250 0.4925987
v 0.4943195 0.5322165 0.4945537
v 0.4685854 0.5156250 0.4761513
v 0.4943195 0.5322165 0.4945537
v 0.4754049 0.5322165 0.4863300
v 0.4685854 0.5156250 0.4761513
v 0.4754049 0.5322165 0.4863300
v 0.5147603 0.5559228 0.4033765
v 0.4685854 0.5156250 0.4761513
v 0.5147603 0.5559228 0.4033765
v 0.5071224 0.5386966 0.3949911
v 0.4754049 0.5322165 0.4863300
v 0.4943195 0.5322165 0.4945537
v 0.5333961 0.5557067 0.4122109
v 0.4754049 0.5322165 0.4863300
v 0.5333961 0.5557067 0.4122109
v 0.5147603 0.5559228 0.4033765
v 0.4943195 0.5322165 0.4945537
v 0.5064145 0.5156250 0.4925987
v 0.5443941 0.5382644 0.4126601
v 0.4943195 0.5322165 0.4945537
v 0.5443941 0.5382644 0.4126601
v 0.5333961 0.5557067 0.4122109
v 0.4995950 0.4990335 0.4824200
v 0.5367563 0.5210382 0.4042747
v 0.5443941 0.5382644 0.4126601
v 0.4995950 0.4990335 0.4824200
v 0.5443941 0.5382644 0.4126601
v 0.5064145 0.5156250 0.4925987
v 0.4806805 0.4990335 0.4741963
v 0.5181204 0.5212544 0.3954403
v 0.5367563 0.5210382 0.4042747
v 0.4806805 0.4990335 0.4741963
v 0.5367563 0.5210382 0.4042747
v 0.4995950 0.4990335 0.4824200
v 0.4685854 0.5156250 0.4761513
v 0.5071224 0.5386966 0.3949911
v 0.5181204 0.5212544 0.3954403
v 0.4685854 0.5156250 0.4761513
v 0.5181204 0.5212544 0.3954403
v 0.4806805 0.4990335 0.4741963
v 0.5071224 0.5386966 0.3949911
v 0.5147603 0.5559228 0.4033765
v 0.5478368 0.5737758 0.3346582
v 0.5071224 0.5386966 0.3949911
v 0.5478368 0.5737758 0.3346582
v 0.5414032 0.5576202 0.3235679
v 0.5147603 0.5559228 0.4033765
v 0.5333961 0.5557067 0.4122109
v 0.5668828 0.5739243 0.3425715
v 0.5147603 0.5559228 0.4033765
v 0.5668828 0.5739243 0.3425715
v 0.5478368 0.5737758 0.3346582
v 0.5333961 0.5557067 0.4122109
v 0.5443941 0.5382644 0.4126601
v 0.5794951 0.5579172 0.3393945
v 0.5333961 0.5557067 0.4122109
v 0.5794951 0.5579172 0.3393945
v 0.5668828 0.5739243 0.3425715
v 0.5367563 0.5210382 0.4042747
v 0.5730614 0.5417616 0.3283041
v 0.5794951 0.5579172 0.3393945
v 0.5367563 0.5210382 0.4042747
v 0.5794951 0.5579172 0.3393945
v 0.5443941 0.5382644 0.4126601
v 0.5181204 0.5212544 0.3954403
v 0.5540155 0.5416132 0.3203908
v 0.5730614 0.5417616 0.3283041
v 0.5181204 0.5212544 0.3954403
v 0.5730614 0.5417616 0.3283041
v 0.5367563 0.5210382 0.4042747
v 0.5071224 0.5386966 0.3949911
v 0.5414032 0.5576202 0.3235679
v 0.5540155 0.5416132 0.3203908
v 0.5071224 0.5386966 0.3949911
v 0.5540155 0.5416132 0.3203908
v 0.5181204 0.5212544 0.3954403
v 0.5414032 0.5576202 0.3235679
v 0.5478368 0.5737758 0.3346582
v 0.5664659 0.6198112 0.2786447
v 0.5414032 0.5576202 0.3235679
v 0.5664659 0.6198112 0.2786447
v 0.5616151 0.6077158 0.2626584
v 0.5478368 0.5737758 0.3346582
v 0.5668828 0.5739243 0.3425715
v 0.5861008 0.6214703 0.2847364
v 0.5478368 0.5737758 0.3346582
v 0.5861008 0.6214703 0.2847364
v 0.5664659 0.6198112 0.2786447
v 0.5668828 0.5739243 0.3425715
v 0.5794951 0.5579172 0.3393945
v 0.6008849 0.6110342 0.2748417
v 0.5668828 0.5739243 0.3425715
v 0.6008849 0.6110342 0.2748417
v 0.5861008 0.6214703 0.2847364
v 0.5730614 0.5417616 0.3283041
v 0.5960342 0.5989388 0.2588553
v 0.6008849 0.6110342 0.2748417
v 0.5730614 0.5417616 0.3283041
v 0.6008849 0.6110342 0.2748417
v 0.5794951 0.5579172 0.3393945
v 0.5540155 0.5416132 0.3203908
v 0.5763993 0.5972797 0.2527636
v 0.5960342 0.5989388 0.2588553
v 0.5540155 0.5416132 0.3203908
v 0.5960342 0.5989388 0.2588553
v 0.5730614 0.5417616 0.3283041
v 0.5414032 0.5576202 0.3235679
v 0.5616151 0.6077158 0.2626584
v 0.5763993 0.5972797 0.2527636
v 0.5414032 0.5576202 0.3235679
v 0.5763993 0.5972797 0.2527636
v 0.5540155 0.5416132 0.3203908
v 0.5616151 0.6077158 0.2626584
v 0.5664659 0.6198112 0.2786447
v 0.5665345 0.7666220 0.2019567
v 0.5616151 0.6077158 0.2626584
v 0.5665345 0.7666220 0.2019567
v 0.5617547 0.7600651 0.1829949
v 0.5664659 0.6198112 0.2786447
v 0.5861008 0.6214703 0.2847364
v 0.5861965 0.7703947 0.2069129
v 0.5664659 0.6198112 0.2786447
v 0.5861965 0.7703947 0.2069129
v 0.5665345 0.7666220 0.2019567
v 0.5861008 0.6214703 0.2847364
v 0.6008849 0.6110342 0.2748417
v 0.6010786 0.7676105 0.1929072
v 0.5861008 0.6214703 0.2847364
v 0.6010786 0.7676105 0.1929072
v 0.5861965 0.7703947 0.2069129
v 0.5960342 0.5989388 0.2588553
v 0.5962989 0.7610536 0.1739454
v 0.6010786 0.7676105 0.1929072
v 0.5960342 0.5989388 0.2588553
v 0.6010786 0.7676105 0.1929072
v 0.6008849 0.6110342 0.2748417
v 0.5763993 0.5972797 0.2527636
v 0.5766369 0.7572809 0.1689892
v 0.5962989 0.7610536 0.1739454
v 0.5763993 0.5972797 0.2527636
v 0.5962989 0.7610536 0.1739454
v 0.5960342 0.5989388 0.2588553
v 0.5616151 0.6077158 0.2626584
v 0.5617547 0.7600651 0.1829949
v 0.5766369 0.7572809 0.1689892
v 0.5616151 0.6077158 0.2626584
v 0.5766369 0.7572809 0.1689892
v 0.5763993 0.5972797 0.2527636
v 0.5282143 0.9160128 0.1627290
v 0.5617547 0.7600651 0.1829949
v 0.5665345 0.7666220 0.2019567
v 0.5282143 0.9160128 0.1627290
v 0.5665345 0.7666220 0.2019567
v 0.5342550 0.9163992 0.1824458
v 0.5342550 0.9163992 0.1824458
v 0.5665345 0.7666220 0.2019567
v 0.5861965 0.7703947 0.2069129
v 0.5342550 0.9163992 0.1824458
v 0.5861965 0.7703947 0.2069129
v 0.5535877 0.9217832 0.1872048
v 0.5535877 0.9217832 0.1872048
v 0.5861965 0.7703947 0.2069129
v 0.6010786 0.7676105 0.1929072
v 0.5535877 0.9217832 0.1872048
v 0.6010786 0.7676105 0.1929072
v 0.5668797 0.9267810 0.1722471
v 0.5608391 0.9263946 0.1525303
v 0.5668797 0.9267810 0.1722471
v 0.6010786 0.7676105 0.1929072
v 0.5608391 0.9263946 0.1525303
v 0.6010786 0.7676105 0.1929072
v 0.5962989 0.7610536 0.1739454
v 0.5415064 0.9210106 0.1477712
v 0.5608391 0.9263946 0.1525303
v 0.5962989 0.7610536 0.1739454
v 0.5415064 0.9210106 0.1477712
v 0.5962989 0.7610536 0.1739454
v 0.5766369 0.7572809 0.1689892
v 0.5282143 0.9160128 0.1627290
v 0.5415064 0.9210106 0.1477712
v 0.5766369 0.7572809 0.1689892
v 0.5282143 0.9160128 0.1627290
v 0.5766369 0.7572809 0.1689892
v 0.5617547 0.7600651 0.1829949
v 0.4960386 1.0000000 0.1868396
v 0.5282143 0.9160128 0.1627290
v 0.5342550 0.9163992 0.1824458
v 0.4960386 1.0000000 0.1868396
v 0.5342550 0.9163992 0.1824458
v 0.4988959 1.0000000 0.1958918
v 0.4988959 1.0000000 0.1958918
v 0.5342550 0.9163992 0.1824458
v 0.5022417 1.0000000 0.2063765
v 0.5022417 1.0000000 0.2063765
v 0.5342550 0.9163992 0.1824458
v 0.5535877 0.9217832 0.1872048
v 0.5022417 1.0000000 0.2063765
v 0.5535877 0.9217832 0.1872048
v 0.5119950 1.0000000 0.2078434
v 0.5119950 1.0000000 0.2078434
v 0.5535877 0.9217832 0.1872048
v 0.5236340 1.0000000 0.2096048
v 0.5236340 1.0000000 0.2096048
v 0.5535877 0.9217832 0.1872048
v 0.5668797 0.9267810 0.1722471
v 0.5236340 1.0000000 0.2096048
v 0.5668797 0.9267810 0.1722471
v 0.5311705 1.0000000 0.2014819
v 0.5311705 1.0000000 0.2014819
v 0.5668797 0.9267810 0.1722471
v 0.5388256 1.0000000 0.1932844
v 0.5388256 1.0000000 0.1932844
v 0.5668797 0.9267810 0.1722471
v 0.5360501 1.0000000 0.1845821
v 0.5360501 1.0000000 0.1845821
v 0.5668797 0.9267810 0.1722471
v 0.5608391 0.9263946 0.1525303
v 0.5360501 1.0000000 0.1845821
v 0.5608391 0.9263946 0.1525303
v 0.5326254 1.0000000 0.1737330
v 0.5326254 1.0000000 0.1737330
v 0.5608391 0.9263946 0.1525303
v 0.5226535 1.0000000 0.1722290
v 0.5226535 1.0000000 0.1722290
v 0.5608391 0.9263946 0.1525303
v 0.5415064 0.9210106 0.1477712
v 0.5226535 1.0000000 0.1722290
v 0.5415064 0.9210106 0.1477712
v 0.5112309 1.0000000 0.1705159
v 0.5112309 1.0000000 0.1705159
v 0.5415064 0.9210106 0.1477712
v 0.5032745 1.0000000 0.1790394
v 0.5032745 1.0000000 0.1790394
v 0.5415064 0.9210106 0.1477712
v 0.5282143 0.9160128 0.1627290
v 0.5032745 1.0000000 0.1790394
v 0.5282143 0.9160128 0.1627290
v 0.4960386 1.0000000 0.1868396
v 0.8793750 0.0000000 0.0737500
v 0.8793750 0.0112500 0.0625000
v 0.8906250 0.0112500 0.0737500
v 0.8793750 0.1125000 0.0737500
v 0.8906250 0.1012500 0.0737500
v 0.8793750 0.1012500 0.0625000
v 0.0000000 0.0112500 0.0625000
v 0.8793750 0.0112500 0.0625000
v 0.0000000 0.0056250 0.0681250
v 0.0000000 0.0056250 0.0681250
v 0.8793750 0.0112500 0.0625000
v 0.8793750 0.0000000 0.0737500
v 0.0000000 0.0056250 0.0681250
v 0.8793750 0.0000000 0.0737500
v 0.0000000 0.0000000 0.0737500
v 0.8793750 0.0000000 1.0000000
v 0.8793750 0.0000000 0.0737500
v 0.8906250 0.0112500 0.0737500
v 0.8793750 0.0000000 1.0000000
v 0.8906250 0.0112500 0.0737500
v 0.8850000 0.0056250 1.0000000
v 0.8850000 0.0056250 1.0000000
v 0.8906250 0.0112500 0.0737500
v 0.8906250 0.0112500 1.0000000
v 0.8906250 0.1012500 1.0000000
v 0.8906250 0.1012500 0.0737500
v 0.8850000 0.1068750 1.0000000
v 0.8850000 0.1068750 1.0000000
v 0.8906250 0.1012500 0.0737500
v 0.8793750 0.1125000 0.0737500
v 0.8850000 0.1068750 1.0000000
v 0.8793750 0.1125000 0.0737500
v 0.8793750 0.1125000 1.0000000
v 0.0000000 0.1125000 0.0737500
v 0.8793750 0.1125000 0.0737500
v 0.8793750 0.1012500 0.0625000
v 0.0000000 0.1125000 0.0737500
v 0.8793750 0.1012500 0.0625000
v 0.0000000 0.1068750 0.0681250
v 0.0000000 0.1068750 0.0681250
v 0.8793750 0.1012500 0.0625000
v 0.0000000 0.1012500 0.0625000
v 0.8793750 0.0112500 0.0625000
v 0.8793750 0.1012500 0.0625000
v 0.8906250 0.1012500 0.0737500
v 0.8793750 0.0112500 0.0625000
v 0.8906250 0.1012500 0.0737500
v 0.8906250 0.0112500 0.0737500
v 0.0000000 0.0000000 0.0737500
v 0.8793750 0.0000000 0.0737500
v 0.0000000 0.0000000 1.0000000
v 0.0000000 0.0000000 1.0000000
v 0.8793750 0.0000000 0.0737500
v 0.8793750 0.0000000 1.0000000
v 0.8906250 0.0112500 1.0000000
v 0.8906250 0.0112500 0.0737500
v 0.8906250 0.1012500 0.0737500
v 0.8906250 0.0112500 1.0000000
v 0.8906250 0.1012500 0.0737500
v 0.8906250 0.0562500 1.0000000
v 0.8906250 0.0562500 1.0000000
v 0.8906250 0.1012500 0.0737500
v 0.8906250 0.1012500 1.0000000
v 0.0000000 0.1012500 0.0625000
v 0.8793750 0.1012500 0.0625000
v 0.0000000 0.0562500 0.0625000
v 0.0000000 0.0562500 0.0625000
v 0.8793750 0.1012500 0.0625000
v 0.8793750 0.0112500 0.0625000
v 0.0000000 0.0562500 0.0625000
v 0.8793750 0.0112500 0.0625000
v 0.0000000 0.0112500 0.0625000
v 0.8793750 0.1125000 1.0000000
v 0.8793750 0.1125000 0.0737500
v 0.0000000 0.1125000 1.0000000
v 0.0000000 0.1125000 1.0000000
v 0.8793750 0.1125000 0.0737500
v 0.0000000 0.1125000 0.0737500
v 0.4125000 0.1237500 0.6512500
v 0.4237500 0.1125000 0.6512500
v 0.4237500 0.1237500 0.6625000
v 0.6824999 0.1237500 0.6625000
v 0.6824999 0.1125000 0.6512500
v 0.6937500 0.1237500 0.6512500
v 0.6824999 0.1125000 0.2800000
v 0.6824999 0.1237500 0.2687500
v 0.6937500 0.1237500 0.2800000
v 0.4125000 0.1237500 0.2800000
v 0.4237500 0.1237500 0.2687500
v 0.4237500 0.1125000 0.2800000
v 0.4125000 0.5512500 0.6512500
v 0.4237500 0.5512500 0.6625000
v 0.4237500 0.5625000 0.6512500
v 0.6824999 0.5512500 0.6625000
v 0.6937500 0.5512500 0.6512500
v 0.6824999 0.5625000 0.6512500
v 0.6824999 0.5625000 0.2800000
v 0.6937500 0.5512500 0.2800000
v 0.6824999 0.5512500 0.2687500
v 0.4125000 0.5512500 0.2800000
v 0.4237500 0.5625000 0.2800000
v 0.4237500 0.5512500 0.2687500
v 0.4237500 0.1237500 0.6625000
v 0.4237500 0.1125000 0.6512500
v 0.6824999 0.1125000 0.6512500
v 0.4237500 0.1237500 0.6625000
v 0.6824999 0.1125000 0.6512500
v 0.6824999 0.1237500 0.6625000
v 0.4125000 0.1237500 0.6512500
v 0.4125000 0.1237500 0.2800000
v 0.4237500 0.1125000 0.2800000
v 0.4125000 0.1237500 0.6512500
v 0.4237500 0.1125000 0.2800000
v 0.4237500 0.1125000 0.6512500
v 0.4237500 0.1125000 0.2800000
v 0.4237500 0.1237500 0.2687500
v 0.6824999 0.1237500 0.2687500
v 0.4237500 0.1125000 0.2800000
v 0.6824999 0.1237500 0.2687500
v 0.6824999 0.1125000 0.2800000
v 0.6824999 0.1125000 0.6512500
v 0.6824999 0.1125000 0.2800000
v 0.6937500 0.1237500 0.2800000
v 0.6824999 0.1125000 0.6512500
v 0.6937500 0.1237500 0.2800000
v 0.6937500 0.1237500 0.6512500
v 0.4125000 0.5512500 0.6512500
v 0.4237500 0.5625000 0.6512500
v 0.4237500 0.5625000 0.2800000
v 0.4125000 0.5512500 0.6512500
v 0.4237500 0.5625000 0.2800000
v 0.4125000 0.5512500 0.2800000
v 0.4237500 0.5512500 0.6625000
v 0.6824999 0.5512500 0.6625000
v 0.6824999 0.5625000 0.6512500
v 0.4237500 0.5512500 0.6625000
v 0.6824999 0.5625000 0.6512500
v 0.4237500 0.5625000 0.6512500
v 0.6824999 0.5625000 0.6512500
v 0.6937500 0.5512500 0.6512500
v 0.6937500 0.5512500 0.2800000
v 0.6824999 0.5625000 0.6512500
v 0.6937500 0.5512500 0.2800000
v 0.6824999 0.5625000 0.2800000
v 0.4237500 0.5625000 0.2800000
v 0.6824999 0.5625000 0.2800000
v 0.6824999 0.5512500 0.2687500
v 0.4237500 0.5625000 0.2800000
v 0.6824999 0.5512500 0.2687500
v 0.4237500 0.5512500 0.2687500
v 0.4125000 0.1237500 0.6512500
v 0.4237500 0.1237500 0.6625000
v 0.4237500 0.5512500 0.6625000
v 0.4125000 0.1237500 0.6512500
v 0.4237500 0.5512500 0.6625000
v 0.4125000 0.5512500 0.6512500
v 0.6824999 0.1237500 0.6625000
v 0.6937500 0.1237500 0.6512500
v 0.6937500 0.5512500 0.6512500
v 0.6824999 0.1237500 0.6625000
v 0.6937500 0.5512500 0.6512500
v 0.6824999 0.5512500 0.6625000
v 0.6824999 0.1237500 0.2687500
v 0.6824999 0.5512500 0.2687500
v 0.6937500 0.5512500 0.2800000
v 0.6824999 0.1237500 0.2687500
v 0.6937500 0.5512500 0.2800000
v 0.6937500 0.1237500 0.2800000
v 0.4125000 0.1237500 0.2800000
v 0.4125000 0.5512500 0.2800000
v 0.4237500 0.5512500 0.2687500
v 0.4125000 0.1237500 0.2800000
v 0.4237500 0.5512500 0.2687500
v 0.4237500 0.1237500 0.2687500
v 0.4237500 0.1237500 0.6625000
v 0.6824999 0.1237500 0.6625000
v 0.6824999 0.5512500 0.6625000
v 0.4237500 0.1237500 0.6625000
v 0.6824999 0.5512500 0.6625000
v 0.4237500 0.5512500 0.6625000
v 0.4237500 0.1125000 0.6512500
v 0.4237500 0.1125000 0.2800000
v 0.6824999 0.1125000 0.2800000
v 0.4237500 0.1125000 0.6512500
v 0.6824999 0.1125000 0.2800000
v 0.6824999 0.1125000 0.6512500
v 0.4125000 0.1237500 0.6512500
v 0.4125000 0.5512500 0.6512500
v 0.4125000 0.5512500 0.2800000
v 0.4125000 0.1237500 0.6512500
v 0.4125000 0.5512500 0.2800000
v 0.4125000 0.1237500 0.2800000
v 0.6937500 0.1237500 0.6512500
v 0.6937500 0.1237500 0.2800000
v 0.6937500 0.5512500 0.2800000
v 0.6937500 0.1237500 0.6512500
v 0.6937500 0.5512500 0.2800000
v 0.6937500 0.5512500 0.6512500
v 0.4237500 0.1237500 0.2687500
v 0.4237500 0.5512500 0.2687500
v 0.6824999 0.5512500 0.2687500
v 0.4237500 0.1237500 0.2687500
v 0.6824999 0.5512500 0.2687500
v 0.6824999 0.1237500 0.2687500
v 0.4237500 0.5625000 0.6512500
v 0.6824999 0.5625000 0.6512500
v 0.6824999 0.5625000 0.2800000
v 0.4237500 0.5625000 0.6512500
v 0.6824999 0.5625000 0.2800000
v 0.4237500 0.5625000 0.2800000
v 0.5315624 0.5671875 0.5029723
v 0.5315624 0.5990626 0.5029723
v 0.5100000 0.5990626 0.4656250
v 0.5315624 0.5671875 0.5029723
v 0.5100000 0.5990626 0.4656250
v 0.5100000 0.5671875 0.4656250
v 0.5746875 0.5671875 0.5029723
v 0.5746875 0.5990626 0.5029723
v 0.5315624 0.5990626 0.5029723
v 0.5746875 0.5671875 0.5029723
v 0.5315624 0.5990626 0.5029723
v 0.5315624 0.5671875 0.5029723
v 0.5962499 0.5671875 0.4656250
v 0.5962499 0.5990626 0.4656250
v 0.5746875 0.5990626 0.5029723
v 0.5962499 0.5671875 0.4656250
v 0.5746875 0.5990626 0.5029723
v 0.5746875 0.5671875 0.5029723
v 0.5962499 0.5671875 0.4656250
v 0.5746875 0.5671875 0.4282777
v 0.5746875 0.5990626 0.4282777
v 0.5962499 0.5671875 0.4656250
v 0.5746875 0.5990626 0.4282777
v 0.5962499 0.5990626 0.4656250
v 0.5746875 0.5671875 0.4282777
v 0.5315624 0.5671875 0.4282777
v 0.5315624 0.5990626 0.4282777
v 0.5746875 0.5671875 0.4282777
v 0.5315624 0.5990626 0.4282777
v 0.5746875 0.5990626 0.4282777
v 0.5315624 0.5671875 0.4282777
v 0.5100000 0.5671875 0.4656250
v 0.5100000 0.5990626 0.4656250
v 0.5315624 0.5671875 0.4282777
v 0.5100000 0.5990626 0.4656250
v 0.5315624 0.5990626 0.4282777
v 0.5962499 0.5671875 0.4656250
v 0.5746875 0.5671875 0.5029723
v 0.5315624 0.5671875 0.5029723
v 0.5962499 0.5671875 0.4656250
v 0.5315624 0.5671875 0.5029723
v 0.5100000 0.5671875 0.4656250
v 0.5962499 0.5671875 0.4656250
v 0.5100000 0.5671875 0.4656250
v 0.5315624 0.5671875 0.4282777
v 0.5962499 0.5671875 0.4656250
v 0.5315624 0.5671875 0.4282777
v 0.5746875 0.5671875 0.4282777
v 0.5962499 0.5990626 0.4656250
v 0.5746875 0.5990626 0.4282777
v 0.5315624 0.5990626 0.4282777
v 0.5962499 0.5990626 0.4656250
v 0.5315624 0.5990626 0.4282777
v 0.5100000 0.5990626 0.4656250
v 0.5962499 0.5990626 0.4656250
v 0.5100000 0.5990626 0.4656250
v 0.5315624 0.5990626 0.5029723
v 0.5962499 0.5990626 0.4656250
v 0.5315624 0.5990626 0.5029723
v 0.5746875 0.5990626 0.5029723
v 0.1837500 0.7490625 0.2875000
v 0.1837500 0.7453125 0.2837500
v 0.1875000 0.7490625 0.2837500
v 0.1837500 0.7453125 0.2800000
v 0.1837500 0.7490625 0.2762500
v 0.1875000 0.7490625 0.2800000
v 0.1837500 0.9759375 0.2875000
v 0.1875000 0.9759375 0.2837500
v 0.1837500 0.9796875 0.2837500
v 0.1837500 0.9796875 0.2800000
v 0.1875000 0.9759375 0.2800000
v 0.1837500 0.9759375 0.2762500
v 0.0000000 0.7453125 0.2837500
v 0.1837500 0.7453125 0.2837500
v 0.0000000 0.7471875 0.2856250
v 0.0000000 0.7471875 0.2856250
v 0.1837500 0.7453125 0.2837500
v 0.1837500 0.7490625 0.2875000
v 0.0000000 0.7471875 0.2856250
v 0.1837500 0.7490625 0.2875000
v 0.0000000 0.7490625 0.2875000
v 0.0000000 0.7490625 0.2762500
v 0.1837500 0.7490625 0.2762500
v 0.0000000 0.7471875 0.2781250
v 0.0000000 0.7471875 0.2781250
v 0.1837500 0.7490625 0.2762500
v 0.1837500 0.7453125 0.2800000
v 0.0000000 0.7471875 0.2781250
v 0.1837500 0.7453125 0.2800000
v 0.0000000 0.7453125 0.2800000
v 0.1837500 0.7453125 0.2837500
v 0.1837500 0.7453125 0.2800000
v 0.1875000 0.7490625 0.2800000
v 0.1837500 0.7453125 0.2837500
v 0.1875000 0.7490625 0.2800000
v 0.1875000 0.7490625 0.2837500
v 0.0000000 0.9759375 0.2875000
v 0.1837500 0.9759375 0.2875000
v 0.1837500 0.9796875 0.2837500
v 0.0000000 0.9759375 0.2875000
v 0.1837500 0.9796875 0.2837500
v 0.0000000 0.9778125 0.2856250
v 0.0000000 0.9778125 0.2856250
v 0.1837500 0.9796875 0.2837500
v 0.0000000 0.9796875 0.2837500
v 0.1837500 0.9796875 0.2837500
v 0.1875000 0.9759375 0.2837500
v 0.1875000 0.9759375 0.2800000
v 0.1837500 0.9796875 0.2837500
v 0.1875000 0.9759375 0.2800000
v 0.1837500 0.9796875 0.2800000
v 0.0000000 0.9796875 0.2800000
v 0.1837500 0.9796875 0.2800000
v 0.1837500 0.9759375 0.2762500
v 0.0000000 0.9796875 0.2800000
v 0.1837500 0.9759375 0.2762500
v 0.0000000 0.9778125 0.2781250
v 0.0000000 0.9778125 0.2781250
v 0.1837500 0.9759375 0.2762500
v 0.0000000 0.9759375 0.2762500
v 0.1837500 0.7490625 0.2875000
v 0.1875000 0.7490625 0.2837500
v 0.1875000 0.9759375 0.2837500
v 0.1837500 0.7490625 0.2875000
v 0.1875000 0.9759375 0.2837500
v 0.1837500 0.9759375 0.2875000
v 0.1837500 0.7490625 0.2762500
v 0.1837500 0.9759375 0.2762500
v 0.1875000 0.9759375 0.2800000
v 0.1837500 0.7490625 0.2762500
v 0.1875000 0.9759375 0.2800000
v 0.1875000 0.7490625 0.2800000
v 0.0000000 0.7490625 0.2875000
v 0.1837500 0.7490625 0.2875000
v 0.1837500 0.9759375 0.2875000
v 0.0000000 0.7490625 0.2875000
v 0.1837500 0.9759375 0.2875000
v 0.0000000 0.8625000 0.2875000
v 0.0000000 0.8625000 0.2875000
v 0.1837500 0.9759375 0.2875000
v 0.0000000 0.9759375 0.2875000
v 0.0000000 0.7453125 0.2800000
v 0.1837500 0.7453125 0.2800000
v 0.0000000 0.7453125 0.2818750
v 0.0000000 0.7453125 0.2818750
v 0.1837500 0.7453125 0.2800000
v 0.1837500 0.7453125 0.2837500
v 0.0000000 0.7453125 0.2818750
v 0.1837500 0.7453125 0.2837500
v 0.0000000 0.7453125 0.2837500
v 0.1875000 0.7490625 0.2837500
v 0.1875000 0.7490625 0.2800000
v 0.1875000 0.9759375 0.2800000
v 0.1875000 0.7490625 0.2837500
v 0.1875000 0.9759375 0.2800000
v 0.1875000 0.9759375 0.2837500
v 0.0000000 0.9759375 0.2762500
v 0.1837500 0.9759375 0.2762500
v 0.0000000 0.8625000 0.2762500
v 0.0000000 0.8625000 0.2762500
v 0.1837500 0.9759375 0.2762500
v 0.1837500 0.7490625 0.2762500
v 0.0000000 0.8625000 0.2762500
v 0.1837500 0.7490625 0.2762500
v 0.0000000 0.7490625 0.2762500
v 0.0000000 0.9796875 0.2837500
v 0.1837500 0.9796875 0.2837500
v 0.1837500 0.9796875 0.2800000
v 0.0000000 0.9796875 0.2837500
v 0.1837500 0.9796875 0.2800000
v 0.0000000 0.9796875 0.2818750
v 0.0000000 0.9796875 0.2818750
v 0.1837500 0.9796875 0.2800000
v 0.0000000 0.9796875 0.2800000
vt 0.6000457 0.0699683
vt 0.6123055 0.0724069
vt 0.6132812 0.0625000
vt 0.6000457 0.0699683
vt 0.6132812 0.0625000
vt 0.6007813 0.0625000
vt 0.5978673 0.0771496
vt 0.6094158 0.0819331
vt 0.6123055 0.0724069
vt 0.5978673 0.0771496
vt 0.6123055 0.0724069
vt 0.6000457 0.0699683
vt 0.5943297 0.0837679
vt 0.6047230 0.0907125
vt 0.6094158 0.0819331
vt 0.5943297 0.0837679
vt 0.6094158 0.0819331
vt 0.5978673 0.0771496
vt 0.5895689 0.0895689
vt 0.5984077 0.0984078
vt 0.6047230 0.0907125
vt 0.5895689 0.0895689
vt 0.6047230 0.0907125
vt 0.5943297 0.0837679
vt 0.5837680 0.0943297
vt 0.5907125 0.1047231
vt 0.5984077 0.0984078
vt 0.5837680 0.0943297
vt 0.5984077 0.0984078
vt 0.5895689 0.0895689
vt 0.5771496 0.0978673
vt 0.5819331 0.1094158
vt 0.5907125 0.1047231
vt 0.5771496 0.0978673
vt 0.5907125 0.1047231
vt 0.5837680 0.0943297
vt 0.5699683 0.1000457
vt 0.5724069 0.1123055
vt 0.5819331 0.1094158
vt 0.5699683 0.1000457
vt 0.5819331 0.1094158
vt 0.5771496 0.0978673
vt 0.5625000 0.1007812
vt 0.5625000 0.1132812
vt 0.5724069 0.1123055
vt 0.5625000 0.1007812
vt 0.5724069 0.1123055
vt 0.5699683 0.1000457
vt 0.5724069 0.0143229
vt 0.5739311 0.0364583
vt 0.5625000 0.0364583
vt 0.5724069 0.0143229
vt 0.5625000 0.0364583
vt 0.5625000 0.0143229
vt 0.5819331 0.0143229
vt 0.5849229 0.0364583
vt 0.5739311 0.0364583
vt 0.5819331 0.0143229
vt 0.5739311 0.0364583
vt 0.5724069 0.0143229
vt 0.5907125 0.0143229
vt 0.5950530 0.0364583
vt 0.5849229 0.0364583
vt 0.5907125 0.0143229
vt 0.5849229 0.0364583
vt 0.5819331 0.0143229
vt 0.5984077 0.0143229
vt 0.6039320 0.0364583
vt 0.5950530 0.0364583
vt 0.5984077 0.0143229
vt 0.5950530 0.0364583
vt 0.5907125 0.0143229
vt 0.5907125 0.0143229
vt 0.5950530 0.0364583
vt 0.6039320 0.0364583
vt 0.5907125 0.0143229
vt 0.6039320 0.0364583
vt 0.5984077 0.0143229
vt 0.5819331 0.0143229
vt 0.5849229 0.0364583
vt 0.5950530 0.0364583
vt 0.5819331 0.0143229
vt 0.5950530 0.0364583
vt 0.5907125 0.0143229
vt 0.5724069 0.0143229
vt 0.5739311 0.0364583
vt 0.5849229 0.0364583
vt 0.5724069 0.0143229
vt 0.5849229 0.0364583
vt 0.5819331 0.0143229
vt 0.5625000 0.0143229
vt 0.5625000 0.0364583
vt 0.5739311 0.0364583
vt 0.5625000 0.0143229
vt 0.5739311 0.0364583
vt 0.5724069 0.0143229
vt 0.5739311 0.0364583
vt 0.5739311 0.0972222
vt 0.5636724 0.0972222
vt 0.5739311 0.0364583
vt 0.5636724 0.0972222
vt 0.5625000 0.0972222
vt 0.5739311 0.0364583
vt 0.5625000 0.0972222
vt 0.5625000 0.0364583
vt 0.5849229 0.0364583
vt 0.5849229 0.0972222
vt 0.5750585 0.0972222
vt 0.5849229 0.0364583
vt 0.5750585 0.0972222
vt 0.5739311 0.0972222
vt 0.5849229 0.0364583
vt 0.5739311 0.0972222
vt 0.5739311 0.0364583
vt 0.5950530 0.0364583
vt 0.5950530 0.0972222
vt 0.5859619 0.0972222
vt 0.5950530 0.0364583
vt 0.5859619 0.0972222
vt 0.5849229 0.0972222
vt 0.5950530 0.0364583
vt 0.5849229 0.0972222
vt 0.5849229 0.0364583
vt 0.6039320 0.0364583
vt 0.6039320 0.0972222
vt 0.5959637 0.0972222
vt 0.6039320 0.0364583
vt 0.5959637 0.0972222
vt 0.5950530 0.0972222
vt 0.6039320 0.0364583
vt 0.5950530 0.0972222
vt 0.5950530 0.0364583
vt 0.5950530 0.0364583
vt 0.5950530 0.0972222
vt 0.6030213 0.0972222
vt 0.5950530 0.0364583
vt 0.6030213 0.0972222
vt 0.6039320 0.0972222
vt 0.5950530 0.0364583
vt 0.6039320 0.0972222
vt 0.6039320 0.0364583
vt 0.5849229 0.0364583
vt 0.5849229 0.0972222
vt 0.5940140 0.0972222
vt 0.5849229 0.0364583
vt 0.5940140 0.0972222
vt 0.5950530 0.0972222
vt 0.5849229 0.0364583
vt 0.5950530 0.0972222
vt 0.5950530 0.0364583
vt 0.5739311 0.0364583
vt 0.5739311 0.0972222
vt 0.5837955 0.0972222
vt 0.5739311 0.0364583
vt 0.5837955 0.0972222
vt 0.5849229 0.0972222
vt 0.5739311 0.0364583
vt 0.5849229 0.0972222
vt 0.5849229 0.0364583
vt 0.5625000 0.0364583
vt 0.5625000 0.0972222
vt 0.5727587 0.0972222
vt 0.5625000 0.0364583
vt 0.5727587 0.0972222
vt 0.5739311 0.0972222
vt 0.5625000 0.0364583
vt 0.5739311 0.0972222
vt 0.5739311 0.0364583
vt 0.5625000 0.1007812
vt 0.5699683 0.1000457
vt 0.5625000 0.0939166
vt 0.5625000 0.0939166
vt 0.5699683 0.1000457
vt 0.5771496 0.0978673
vt 0.5625000 0.0939166
vt 0.5771496 0.0978673
vt 0.5625000 0.0880787
vt 0.5625000 0.0880787
vt 0.5771496 0.0978673
vt 0.5837680 0.0943297
vt 0.5625000 0.0880787
vt 0.5837680 0.0943297
vt 0.5625000 0.0829618
vt 0.5625000 0.0829618
vt 0.5837680 0.0943297
vt 0.5895689 0.0895689
vt 0.5625000 0.0829618
vt 0.5895689 0.0895689
vt 0.5625000 0.0783566
vt 0.5625000 0.0783566
vt 0.5895689 0.0895689
vt 0.5943297 0.0837679
vt 0.5625000 0.0783566
vt 0.5943297 0.0837679
vt 0.5625000 0.0741125
vt 0.5625000 0.0741125
vt 0.5943297 0.0837679
vt 0.5978673 0.0771496
vt 0.5625000 0.0741125
vt 0.5978673 0.0771496
vt 0.5625000 0.0701146
vt 0.5625000 0.0701146
vt 0.5978673 0.0771496
vt 0.6000457 0.0699683
vt 0.5625000 0.0701146
vt 0.6000457 0.0699683
vt 0.5625000 0.0662704
vt 0.5625000 0.0662704
vt 0.6000457 0.0699683
vt 0.6007813 0.0625000
vt 0.5625000 0.0662704
vt 0.6007813 0.0625000
vt 0.5625000 0.0625000
vt 0.5039062 0.0776652
vt 0.5630060 0.0776652
vt 0.5630060 0.0700171
vt 0.5039062 0.0776652
vt 0.5630060 0.0700171
vt 0.5630060 0.0625000
vt 0.5039062 0.0776652
vt 0.5630060 0.0625000
vt 0.5039062 0.0625000
vt 0.5039062 0.0917969
vt 0.5630060 0.0917969
vt 0.5630060 0.0846700
vt 0.5039062 0.0917969
vt 0.5630060 0.0846700
vt 0.5630060 0.0776652
vt 0.5039062 0.0917969
vt 0.5630060 0.0776652
vt 0.5039062 0.0776652
vt 0.5039062 0.1039321
vt 0.5630060 0.1039321
vt 0.5630060 0.0978121
vt 0.5039062 0.1039321
vt 0.5630060 0.0978121
vt 0.5630060 0.0917969
vt 0.5039062 0.1039321
vt 0.5630060 0.0917969
vt 0.5039062 0.0917969
vt 0.5039062 0.0917969
vt 0.5630060 0.0917969
vt 0.5630060 0.0979168
vt 0.5039062 0.0917969
vt 0.5630060 0.0979168
vt 0.5630060 0.1039320
vt 0.5039062 0.0917969
vt 0.5630060 0.1039320
vt 0.5039062 0.1039320
vt 0.5630060 0.0789294
vt 0.5630060 0.0847921
vt 0.5143893 0.0789294
vt 0.5143893 0.0789294
vt 0.5630060 0.0847921
vt 0.5630060 0.0917969
vt 0.5143893 0.0789294
vt 0.5630060 0.0917969
vt 0.5039062 0.0917969
vt 0.5143893 0.0789294
vt 0.5039062 0.0917969
vt 0.5039062 0.0789294
vt 0.5039062 0.0625000
vt 0.5039062 0.0776652
vt 0.5630060 0.0776652
vt 0.5039062 0.0625000
vt 0.5630060 0.0776652
vt 0.5630060 0.0701481
vt 0.5039062 0.0625000
vt 0.5630060 0.0701481
vt 0.5630060 0.0625000
vt 0.5039062 0.0776652
vt 0.5039062 0.0917969
vt 0.5630060 0.0917969
vt 0.5039062 0.0776652
vt 0.5630060 0.0917969
vt 0.5630060 0.0847921
vt 0.5039062 0.0776652
vt 0.5630060 0.0847921
vt 0.5630060 0.0776652
vt 0.5039062 0.0917969
vt 0.5039062 0.1039320
vt 0.5630060 0.1039320
vt 0.5039062 0.0917969
vt 0.5630060 0.1039320
vt 0.5630060 0.0979168
vt 0.5039062 0.0917969
vt 0.5630060 0.0979168
vt 0.5630060 0.0917969
vt 0.5039062 0.0210680
vt 0.5039062 0.0332031
vt 0.5630060 0.0332031
vt 0.5039062 0.0210680
vt 0.5630060 0.0332031
vt 0.5630060 0.0271879
vt 0.5039062 0.0210680
vt 0.5630060 0.0271879
vt 0.5630060 0.0210680
vt 0.5039062 0.0332031
vt 0.5039062 0.0473348
vt 0.5630060 0.0473348
vt 0.5039062 0.0332031
vt 0.5630060 0.0473348
vt 0.5630060 0.0403300
vt 0.5039062 0.0332031
vt 0.5630060 0.0403300
vt 0.5630060 0.0332031
vt 0.5039062 0.0473348
vt 0.5039062 0.0625000
vt 0.5630060 0.0625000
vt 0.5039062 0.0473348
vt 0.5630060 0.0625000
vt 0.5630060 0.0549829
vt 0.5039062 0.0473348
vt 0.5630060 0.0549829
vt 0.5630060 0.0473348
vt 0.5039062 0.0761487
vt 0.5039062 0.0625000
vt 0.5630060 0.0625000
vt 0.5039062 0.0761487
vt 0.5630060 0.0625000
vt 0.5630060 0.0692654
vt 0.5039062 0.0761487
vt 0.5630060 0.0692654
vt 0.5630060 0.0761487
vt 0.5039062 0.0888672
vt 0.5039062 0.0761487
vt 0.5630060 0.0761487
vt 0.5039062 0.0888672
vt 0.5630060 0.0761487
vt 0.5630060 0.0824530
vt 0.5039062 0.0888672
vt 0.5630060 0.0824530
vt 0.5630060 0.0888672
vt 0.5039062 0.0997888
vt 0.5039062 0.0888672
vt 0.5630060 0.0888672
vt 0.5039062 0.0997888
vt 0.5630060 0.0888672
vt 0.5630060 0.0942808
vt 0.5039062 0.0997888
vt 0.5630060 0.0942808
vt 0.5630060 0.0997888
vt 0.5039062 0.0888672
vt 0.5039062 0.0997888
vt 0.5630060 0.0997888
vt 0.5039062 0.0888672
vt 0.5630060 0.0997888
vt 0.5630060 0.0943752
vt 0.5039062 0.0888672
vt 0.5630060 0.0943752
vt 0.5630060 0.0888672
vt 0.5039062 0.0761487
vt 0.5039062 0.0888672
vt 0.5630060 0.0888672
vt 0.5039062 0.0761487
vt 0.5630060 0.0888672
vt 0.5630060 0.0825629
vt 0.5039062 0.0761487
vt 0.5630060 0.0825629
vt 0.5630060 0.0761487
vt 0.5039062 0.0625000
vt 0.5039062 0.0761487
vt 0.5630060 0.0761487
vt 0.5039062 0.0625000
vt 0.5630060 0.0761487
vt 0.5630060 0.0693833
vt 0.5039062 0.0625000
vt 0.5630060 0.0693833
vt 0.5630060 0.0625000
vt 0.5039062 0.0625000
vt 0.5630060 0.0625000
vt 0.5630060 0.0693833
vt 0.5039062 0.0625000
vt 0.5630060 0.0693833
vt 0.5630060 0.0761487
vt 0.5039062 0.0625000
vt 0.5630060 0.0761487
vt 0.5039062 0.0761487
vt 0.5039062 0.0761487
vt 0.5630060 0.0761487
vt 0.5630060 0.0825629
vt 0.5039062 0.0761487
vt 0.5630060 0.0825629
vt 0.5630060 0.0888672
vt 0.5039062 0.0761487
vt 0.5630060 0.0888672
vt 0.5039062 0.0888672
vt 0.5039062 0.0888672
vt 0.5630060 0.0888672
vt 0.5630060 0.0943752
vt 0.5039062 0.0888672
vt 0.5630060 0.0943752
vt 0.5630060 0.0997888
vt 0.5039062 0.0888672
vt 0.5630060 0.0997888
vt 0.5039062 0.0997888
vt 0.5039062 0.0252112
vt 0.5630060 0.0252112
vt 0.5630060 0.0307192
vt 0.5039062 0.0252112
vt 0.5630060 0.0307192
vt 0.5630060 0.0361328
vt 0.5039062 0.0252112
vt 0.5630060 0.0361328
vt 0.5039062 0.0361328
vt 0.5039062 0.0361328
vt 0.5630060 0.0361328
vt 0.5630060 0.0425470
vt 0.5039062 0.0361328
vt 0.5630060 0.0425470
vt 0.5630060 0.0488513
vt 0.5039062 0.0361328
vt 0.5630060 0.0488513
vt 0.5039062 0.0488513
vt 0.5039062 0.0488513
vt 0.5630060 0.0488513
vt 0.5630060 0.0557346
vt 0.5039062 0.0488513
vt 0.5630060 0.0557346
vt 0.5630060 0.0625000
vt 0.5039062 0.0488513
vt 0.5630060 0.0625000
vt 0.5039062 0.0625000
vt 0.6134375 0.0761487
vt 0.6190972 0.0776652
vt 0.6210938 0.0625000
vt 0.6134375 0.0761487
vt 0.6210938 0.0625000
vt 0.6152344 0.0625000
vt 0.6081693 0.0888672
vt 0.6132437 0.0917969
vt 0.6190972 0.0776652
vt 0.6081693 0.0888672
vt 0.6190972 0.0776652
vt 0.6134375 0.0761487
vt 0.5997888 0.0997888
vt 0.6039320 0.1039321
vt 0.6132437 0.0917969
vt 0.5997888 0.0997888
vt 0.6132437 0.0917969
vt 0.6081693 0.0888672
vt 0.5888672 0.1081693
vt 0.5917969 0.1132437
vt 0.6039320 0.1039321
vt 0.5888672 0.1081693
vt 0.6039320 0.1039321
vt 0.5997888 0.0997888
vt 0.5761487 0.1134375
vt 0.5775249 0.1185736
vt 0.5789294 0.1185736
vt 0.5761487 0.1134375
vt 0.5789294 0.1185736
vt 0.5917969 0.1132437
vt 0.5761487 0.1134375
vt 0.5917969 0.1132437
vt 0.5888672 0.1081693
vt 0.5625000 0.1152344
vt 0.5625000 0.1185736
vt 0.5756095 0.1185736
vt 0.5625000 0.1152344
vt 0.5756095 0.1185736
vt 0.5775249 0.1185736
vt 0.5625000 0.1152344
vt 0.5775249 0.1185736
vt 0.5761487 0.1134375
vt 0.5625000 0.0039062
vt 0.5625000 0.0097656
vt 0.5761487 0.0115625
vt 0.5625000 0.0039062
vt 0.5761487 0.0115625
vt 0.5776652 0.0059028
vt 0.5761487 0.0115625
vt 0.5888672 0.0168307
vt 0.5917969 0.0117563
vt 0.5761487 0.0115625
vt 0.5917969 0.0117563
vt 0.5776652 0.0059028
vt 0.5888672 0.0168307
vt 0.5997888 0.0252112
vt 0.6039320 0.0210680
vt 0.5888672 0.0168307
vt 0.6039320 0.0210680
vt 0.5917969 0.0117563
vt 0.5997888 0.0252112
vt 0.6081693 0.0361328
vt 0.6132437 0.0332031
vt 0.5997888 0.0252112
vt 0.6132437 0.0332031
vt 0.6039320 0.0210680
vt 0.6081693 0.0361328
vt 0.6134375 0.0488513
vt 0.6190972 0.0473348
vt 0.6081693 0.0361328
vt 0.6190972 0.0473348
vt 0.6132437 0.0332031
vt 0.6134375 0.0488513
vt 0.6152344 0.0625000
vt 0.6210938 0.0625000
vt 0.6134375 0.0488513
vt 0.6210938 0.0625000
vt 0.6190972 0.0473348
vt 0.8000000 0.0000000
vt 0.6000000 0.0000000
vt 0.4000000 0.0000000
vt 1.0000000 0.0000000
vt 0.8000000 0.0000000
vt 0.4000000 0.0000000
vt 1.0000000 0.0000000
vt 0.4000000 0.0000000
vt 0.2000000 0.0000000
vt 1.0000000 0.0000000
vt 0.2000000 0.0000000
vt 0.0000000 0.0000000
vt 0.0000000 0.8333333
vt 0.0000000 1.0000000
vt 0.1111111 1.0000000
vt 0.0000000 0.8333333
vt 0.1111111 1.0000000
vt 0.1111111 0.8333333
vt 0.0000000 0.0000000
vt 0.0000000 0.1666667
vt 0.1111111 0.1666667
vt 0.0000000 0.0000000
vt 0.1111111 0.1666667
vt 0.1111111 0.0000000
vt 0.0000000 0.1666667
vt 0.0000000 0.3333333
vt 0.1111111 0.3333333
vt 0.0000000 0.1666667
vt 0.1111111 0.3333333
vt 0.1111111 0.1666667
vt 0.0000000 0.5000000
vt 0.1111111 0.5000000
vt 0.1111111 0.3333333
vt 0.0000000 0.5000000
vt 0.1111111 0.3333333
vt 0.0000000 0.3333333
vt 0.0000000 0.6666667
vt 0.1111111 0.6666667
vt 0.1111111 0.5000000
vt 0.0000000 0.6666667
vt 0.1111111 0.5000000
vt 0.0000000 0.5000000
vt 0.0000000 0.8333333
vt 0.1111111 0.8333333
vt 0.1111111 0.6666667
vt 0.0000000 0.8333333
vt 0.1111111 0.6666667
vt 0.0000000 0.6666667
vt 0.1111111 0.8333333
vt 0.1111111 1.0000000
vt 0.2222222 1.0000000
vt 0.1111111 0.8333333
vt 0.2222222 1.0000000
vt 0.2222222 0.8333333
vt 0.1111111 0.0000000
vt 0.1111111 0.1666667
vt 0.2222222 0.1666667
vt 0.1111111 0.0000000
vt 0.2222222 0.1666667
vt 0.2222222 0.0000000
vt 0.1111111 0.1666667
vt 0.1111111 0.3333333
vt 0.2222222 0.3333333
vt 0.1111111 0.1666667
vt 0.2222222 0.3333333
vt 0.2222222 0.1666667
vt 0.1111111 0.5000000
vt 0.2222222 0.5000000
vt 0.2222222 0.3333333
vt 0.1111111 0.5000000
vt 0.2222222 0.3333333
vt 0.1111111 0.3333333
vt 0.1111111 0.6666667
vt 0.2222222 0.6666667
vt 0.2222222 0.5000000
vt 0.1111111 0.6666667
vt 0.2222222 0.5000000
vt 0.1111111 0.5000000
vt 0.1111111 0.8333333
vt 0.2222222 0.8333333
vt 0.2222222 0.6666667
vt 0.1111111 0.8333333
vt 0.2222222 0.6666667
vt 0.1111111 0.6666667
vt 0.2222222 0.8333333
vt 0.2222222 1.0000000
vt 0.3333333 1.0000000
vt 0.2222222 0.8333333
vt 0.3333333 1.0000000
vt 0.3333333 0.8333333
vt 0.2222222 0.0000000
vt 0.2222222 0.1666667
vt 0.3333333 0.1666667
vt 0.2222222 0.0000000
vt 0.3333333 0.1666667
vt 0.3333333 0.0000000
vt 0.2222222 0.1666667
vt 0.2222222 0.3333333
vt 0.3333333 0.3333333
vt 0.2222222 0.1666667
vt 0.3333333 0.3333333
vt 0.3333333 0.1666667
vt 0.2222222 0.5000000
vt 0.3333333 0.5000000
vt 0.3333333 0.3333333
vt 0.2222222 0.5000000
vt 0.3333333 0.3333333
vt 0.2222222 0.3333333
vt 0.2222222 0.6666667
vt 0.3333333 0.6666667
vt 0.3333333 0.5000000
vt 0.2222222 0.6666667
vt 0.3333333 0.5000000
vt 0.2222222 0.5000000
vt 0.2222222 0.8333333
vt 0.3333333 0.8333333
vt 0.3333333 0.6666667
vt 0.2222222 0.8333333
vt 0.3333333 0.6666667
vt 0.2222222 0.6666667
vt 0.3333333 0.8333333
vt 0.3333333 1.0000000
vt 0.4444444 1.0000000
vt 0.3333333 0.8333333
vt 0.4444444 1.0000000
vt 0.4444444 0.8333333
vt 0.3333333 0.0000000
vt 0.3333333 0.1666667
vt 0.4444444 0.1666667
vt 0.3333333 0.0000000
vt 0.4444444 0.1666667
vt 0.4444444 0.0000000
vt 0.3333333 0.1666667
vt 0.3333333 0.3333333
vt 0.4444444 0.3333333
vt 0.3333333 0.1666667
vt 0.4444444 0.3333333
vt 0.4444444 0.1666667
vt 0.3333333 0.5000000
vt 0.4444444 0.5000000
vt 0.4444444 0.3333333
vt 0.3333333 0.5000000
vt 0.4444444 0.3333333
vt 0.3333333 0.3333333
vt 0.3333333 0.6666667
vt 0.4444444 0.6666667
vt 0.4444444 0.5000000
vt 0.3333333 0.6666667
vt 0.4444444 0.5000000
vt 0.3333333 0.5000000
vt 0.3333333 0.8333333
vt 0.4444444 0.8333333
vt 0.4444444 0.6666667
vt 0.3333333 0.8333333
vt 0.4444444 0.6666667
vt 0.3333333 0.6666667
vt 0.5555556 0.8333333
vt 0.4444444 0.8333333
vt 0.4444444 1.0000000
vt 0.5555556 0.8333333
vt 0.4444444 1.0000000
vt 0.5555556 1.0000000
vt 0.5555556 0.0000000
vt 0.4444444 0.0000000
vt 0.4444444 0.1666667
vt 0.5555556 0.0000000
vt 0.4444444 0.1666667
vt 0.5555556 0.1666667
vt 0.5555556 0.1666667
vt 0.4444444 0.1666667
vt 0.4444444 0.3333333
vt 0.5555556 0.1666667
vt 0.4444444 0.3333333
vt 0.5555556 0.3333333
vt 0.5555556 0.5000000
vt 0.5555556 0.3333333
vt 0.4444444 0.3333333
vt 0.5555556 0.5000000
vt 0.4444444 0.3333333
vt 0.4444444 0.5000000
vt 0.5555556 0.6666667
vt 0.5555556 0.5000000
vt 0.4444444 0.5000000
vt 0.5555556 0.6666667
vt 0.4444444 0.5000000
vt 0.4444444 0.6666667
vt 0.5555556 0.8333333
vt 0.5555556 0.6666667
vt 0.4444444 0.6666667
vt 0.5555556 0.8333333
vt 0.4444444 0.6666667
vt 0.4444444 0.8333333
vt 0.6154932 0.8333333
vt 0.5555556 0.8333333
vt 0.5555556 1.0000000
vt 0.6154932 0.8333333
vt 0.5555556 1.0000000
vt 0.6153659 0.9102845
vt 0.6153659 0.9102845
vt 0.5555556 1.0000000
vt 0.6178419 1.0000000
vt 0.6178419 0.0000000
vt 0.5555556 0.0000000
vt 0.5555556 0.1666667
vt 0.6178419 0.0000000
vt 0.5555556 0.1666667
vt 0.6160132 0.0759802
vt 0.6160132 0.0759802
vt 0.5555556 0.1666667
vt 0.6134291 0.1666667
vt 0.6134291 0.1666667
vt 0.5555556 0.1666667
vt 0.5555556 0.3333333
vt 0.6134291 0.1666667
vt 0.5555556 0.3333333
vt 0.6115963 0.2492722
vt 0.6115963 0.2492722
vt 0.5555556 0.3333333
vt 0.6071233 0.3333333
vt 0.6071233 0.3333333
vt 0.5555556 0.3333333
vt 0.6051812 0.4077718
vt 0.6051812 0.4077718
vt 0.5555556 0.3333333
vt 0.5555556 0.5000000
vt 0.6051812 0.4077718
vt 0.5555556 0.5000000
vt 0.6053258 0.5000000
vt 0.6053258 0.5000000
vt 0.5555556 0.5000000
vt 0.6073489 0.5776899
vt 0.6073489 0.5776899
vt 0.5555556 0.5000000
vt 0.5555556 0.6666667
vt 0.6073489 0.5776899
vt 0.5555556 0.6666667
vt 0.6093047 0.6666667
vt 0.6093047 0.6666667
vt 0.5555556 0.6666667
vt 0.6137961 0.7540274
vt 0.6137961 0.7540274
vt 0.5555556 0.6666667
vt 0.5555556 0.8333333
vt 0.6137961 0.7540274
vt 0.5555556 0.8333333
vt 0.6154932 0.8333333
vt 0.1203536 0.1289062
vt 0.1203536 0.1406250
vt 0.1206250 0.1406250
vt 0.1203629 0.2457422
vt 0.1205664 0.2343750
vt 0.1203536 0.2343750
vt 0.0625000 0.2460938
vt 0.1203536 0.2460938
vt 0.0625000 0.2457422
vt 0.0625000 0.2457422
vt 0.1203536 0.2460938
vt 0.1203536 0.2453906
vt 0.0625000 0.2457422
vt 0.1203536 0.2453906
vt 0.0625000 0.2453906
vt 0.1203536 0.1875000
vt 0.1203536 0.2453906
vt 0.1210938 0.2453906
vt 0.1203536 0.1875000
vt 0.1210938 0.2453906
vt 0.1207237 0.1875000
vt 0.1207237 0.1875000
vt 0.1210938 0.2453906
vt 0.1210938 0.1893359
vt 0.0625879 0.2343750
vt 0.1205664 0.2343750
vt 0.0625879 0.2402344
vt 0.0625879 0.2402344
vt 0.1205664 0.2343750
vt 0.1203629 0.2457422
vt 0.0625879 0.2402344
vt 0.1203629 0.2457422
vt 0.0624861 0.2459180
vt 0.0625046 0.2455664
vt 0.1203629 0.2457422
vt 0.1203536 0.2343750
vt 0.0625046 0.2455664
vt 0.1203536 0.2343750
vt 0.0625000 0.2398828
vt 0.0625000 0.2398828
vt 0.1203536 0.2343750
vt 0.0625000 0.2343750
vt 0.1203536 0.1406250
vt 0.1203536 0.2343750
vt 0.1205664 0.2343750
vt 0.1203536 0.1406250
vt 0.1205664 0.2343750
vt 0.1206250 0.1406250
vt 0.0625000 0.2453906
vt 0.1203536 0.2453906
vt 0.0624954 0.1874121
vt 0.0624953 0.1874121
vt 0.1203536 0.2453906
vt 0.1203536 0.1875000
vt 0.0626172 0.1406250
vt 0.1206250 0.1406250
vt 0.1205664 0.2343750
vt 0.0626172 0.1406250
vt 0.1205664 0.2343750
vt 0.0625879 0.1875000
vt 0.0625879 0.1875000
vt 0.1205664 0.2343750
vt 0.0625879 0.2343750
vt 0.0625000 0.2343750
vt 0.1203536 0.2343750
vt 0.0625000 0.1875000
vt 0.0625000 0.1875000
vt 0.1203536 0.2343750
vt 0.1203536 0.1406250
vt 0.0625000 0.1875000
vt 0.1203536 0.1406250
vt 0.0625000 0.1406250
vt 0.1203582 0.1876758
vt 0.1203629 0.2457422
vt 0.0625046 0.1876758
vt 0.0625046 0.1876758
vt 0.1203629 0.2457422
vt 0.0625046 0.2455664
vt 0.0064174 0.0069406
vt 0.0082589 0.0064174
vt 0.0074219 0.0068359
vt 0.1164062 0.0061035
vt 0.1164063 0.0072545
vt 0.1210938 0.0071150
vt 0.1164063 0.0039062
vt 0.1164062 0.0068359
vt 0.1188616 0.0068359
vt 0.1177455 0.0068359
vt 0.1210938 0.0068359
vt 0.1177455 0.0039062
vt 0.0072545 0.1181641
vt 0.0074219 0.1181641
vt 0.0077009 0.1210938
vt 0.1164062 0.1181641
vt 0.1210938 0.1181641
vt 0.1164062 0.1210938
vt 0.1167411 0.1194196
vt 0.1185826 0.1181641
vt 0.1164062 0.1181641
vt 0.1177455 0.1181641
vt 0.1177455 0.1210938
vt 0.1210938 0.1181641
vt 0.0074219 0.0068359
vt 0.0082589 0.0064174
vt 0.1164063 0.0072545
vt 0.0074219 0.0068359
vt 0.1164063 0.0072545
vt 0.1164062 0.0061035
vt 0.0064174 0.0069406
vt 0.0039062 0.1177455
vt 0.0085938 0.1177455
vt 0.0064174 0.0069406
vt 0.0085938 0.1177455
vt 0.0082589 0.0064174
vt 0.0085938 0.1177455
vt 0.0085938 0.1210938
vt 0.1164062 0.1210938
vt 0.0085938 0.1177455
vt 0.1164062 0.1210938
vt 0.1164063 0.1177455
vt 0.1164063 0.0072545
vt 0.1164063 0.1177455
vt 0.1210938 0.1177455
vt 0.1164063 0.0072545
vt 0.1210938 0.1177455
vt 0.1210938 0.0071150
vt 0.0072545 0.1181641
vt 0.0077009 0.1210938
vt 0.1177455 0.1210938
vt 0.0072545 0.1181641
vt 0.1177455 0.1210938
vt 0.1177455 0.1181641
vt 0.0074219 0.1181641
vt 0.1164062 0.1181641
vt 0.1164062 0.1210938
vt 0.0074219 0.1181641
vt 0.1164062 0.1210938
vt 0.0077009 0.1210938
vt 0.0072545 0.1210938
vt 0.0072545 0.1181641
vt 0.1185826 0.1181641
vt 0.0072545 0.1210938
vt 0.1185826 0.1181641
vt 0.1167411 0.1194196
vt 0.0085938 0.1177455
vt 0.1167411 0.1194196
vt 0.1164062 0.1181641
vt 0.0085938 0.1177455
vt 0.1164062 0.1181641
vt 0.0085938 0.1181641
vt 0.0064174 0.0069406
vt 0.0074219 0.0068359
vt 0.0074219 0.1181641
vt 0.0064174 0.0069406
vt 0.0074219 0.1181641
vt 0.0072545 0.1181641
vt 0.1164062 0.0061035
vt 0.1210938 0.0071150
vt 0.1210938 0.1181641
vt 0.1164062 0.0061035
vt 0.1210938 0.1181641
vt 0.1164062 0.1181641
vt 0.1164062 0.0068359
vt 0.1164062 0.1181641
vt 0.1185826 0.1181641
vt 0.1164062 0.0068359
vt 0.1185826 0.1181641
vt 0.1188616 0.0068359
vt 0.1177455 0.0068359
vt 0.1177455 0.1181641
vt 0.1210938 0.1181641
vt 0.1177455 0.0068359
vt 0.1210938 0.1181641
vt 0.1210938 0.0068359
vt 0.0074219 0.0068359
vt 0.1164062 0.0061035
vt 0.1164062 0.1181641
vt 0.0074219 0.0068359
vt 0.1164062 0.1181641
vt 0.0074219 0.1181641
vt 0.0082589 0.0064174
vt 0.0085938 0.1177455
vt 0.1164063 0.1177455
vt 0.0082589 0.0064174
vt 0.1164063 0.1177455
vt 0.1164063 0.0072545
vt 0.0064174 0.0069406
vt 0.0072545 0.1181641
vt 0.1177455 0.1181641
vt 0.0064174 0.0069406
vt 0.1177455 0.1181641
vt 0.1177455 0.0068359
vt 0.0072545 0.0068359
vt 0.1188616 0.0068359
vt 0.1185826 0.1181641
vt 0.0072545 0.0068359
vt 0.1185826 0.1181641
vt 0.0072545 0.1181641
vt 0.0085938 0.0068359
vt 0.0085938 0.1181641
vt 0.1164062 0.1181641
vt 0.0085938 0.0068359
vt 0.1164062 0.1181641
vt 0.1164062 0.0068359
vt 0.0085938 0.0072545
vt 0.1164063 0.0072545
vt 0.1167411 0.1194196
vt 0.0085938 0.0072545
vt 0.1167411 0.1194196
vt 0.0085938 0.1177455
vt 0.9960938 0.0039062
vt 0.9960938 0.1210938
vt 0.9375000 0.1210938
vt 0.9960938 0.0039062
vt 0.9375000 0.1210938
vt 0.9375000 0.0039062
vt 0.9082031 0.0039062
vt 0.9082031 0.1210938
vt 0.9667969 0.1210938
vt 0.9082031 0.0039062
vt 0.9667969 0.1210938
vt 0.9667969 0.0039062
vt 0.9375000 0.0039062
vt 0.9375000 0.1210938
vt 0.9960938 0.1210938
vt 0.9375000 0.0039062
vt 0.9960938 0.1210938
vt 0.9960938 0.0039062
vt 0.9375000 0.0039062
vt 0.8789062 0.0039062
vt 0.8789062 0.1210938
vt 0.9375000 0.0039062
vt 0.8789062 0.1210938
vt 0.9375000 0.1210938
vt 0.9082031 0.0039062
vt 0.9667969 0.0039062
vt 0.9667969 0.1210938
vt 0.9082031 0.0039062
vt 0.9667969 0.1210938
vt 0.9082031 0.1210938
vt 0.8789062 0.0039062
vt 0.9375000 0.0039062
vt 0.9375000 0.1210938
vt 0.8789062 0.0039062
vt 0.9375000 0.1210938
vt 0.8789062 0.1210938
vt 0.8789062 0.0625000
vt 0.9082031 0.1210938
vt 0.9667969 0.1210938
vt 0.8789062 0.0625000
vt 0.9667969 0.1210938
vt 0.9960938 0.0625000
vt 0.8789062 0.0625000
vt 0.9960938 0.0625000
vt 0.9667969 0.0039062
vt 0.8789062 0.0625000
vt 0.9667969 0.0039062
vt 0.9082031 0.0039062
vt 0.8789062 0.0625000
vt 0.9082031 0.0039062
vt 0.9667969 0.0039062
vt 0.8789062 0.0625000
vt 0.9667969 0.0039062
vt 0.9960938 0.0625000
vt 0.8789062 0.0625000
vt 0.9960938 0.0625000
vt 0.9667969 0.1210938
vt 0.8789062 0.0625000
vt 0.9667969 0.1210938
vt 0.9082031 0.1210938
vt 0.1199219 0.3803125
vt 0.1199219 0.4179688
vt 0.1210938 0.4055730
vt 0.0050781 0.3789062
vt 0.0050781 0.3807813
vt 0.0039062 0.3807813
vt 0.1199219 0.4942188
vt 0.1210938 0.4942187
vt 0.1199219 0.4960938
vt 0.0050781 0.4960938
vt 0.0039062 0.4942188
vt 0.0050781 0.4942187
vt 0.0672364 0.4130859
vt 0.1199219 0.4179688
vt 0.0623536 0.3993750
vt 0.0623536 0.3993750
vt 0.1199219 0.4179688
vt 0.1199219 0.3803125
vt 0.0623536 0.3993750
vt 0.1199219 0.3803125
vt 0.0623536 0.3805468
vt 0.0625000 0.4960938
vt 0.1199219 0.4960938
vt 0.0625000 0.4765625
vt 0.0625000 0.4765625
vt 0.1199219 0.4960938
vt 0.1199219 0.4570312
vt 0.0625000 0.4765625
vt 0.1199219 0.4570312
vt 0.0625000 0.4570312
vt 0.1199219 0.4179688
vt 0.1199219 0.4570312
vt 0.1210938 0.4570313
vt 0.1199219 0.4179688
vt 0.1210938 0.4570313
vt 0.1210938 0.4055730
vt 0.0623536 0.4942188
vt 0.1199219 0.4942188
vt 0.1199219 0.4960938
vt 0.0623536 0.4942188
vt 0.1199219 0.4960938
vt 0.0623536 0.4951563
vt 0.0623536 0.4951563
vt 0.1199219 0.4960938
vt 0.0751302 0.4960938
vt 0.1199219 0.4179688
vt 0.1210938 0.4179688
vt 0.1015625 0.4756250
vt 0.1199219 0.4179688
vt 0.1015625 0.4756250
vt 0.1199219 0.4570312
vt 0.0498698 0.4960938
vt 0.0050781 0.4960938
vt 0.0050781 0.4942187
vt 0.0498698 0.4960938
vt 0.0050781 0.4942187
vt 0.0498698 0.4951562
vt 0.0498698 0.4951562
vt 0.0050781 0.4942187
vt 0.0626464 0.4942187
vt 0.1199219 0.3803125
vt 0.1210938 0.4055730
vt 0.1210938 0.4942187
vt 0.1199219 0.3803125
vt 0.1210938 0.4942187
vt 0.1199219 0.4942188
vt 0.0050781 0.3807813
vt 0.0050781 0.4942187
vt 0.0039062 0.4942188
vt 0.0050781 0.3807813
vt 0.0039062 0.4942188
vt 0.0039062 0.3807813
vt 0.0623536 0.3805468
vt 0.1199219 0.3803125
vt 0.1199219 0.4942188
vt 0.0623536 0.3805468
vt 0.1199219 0.4942188
vt 0.0623536 0.4375000
vt 0.0623536 0.4375000
vt 0.1199219 0.4942188
vt 0.0623536 0.4942188
vt 0.0625000 0.4570312
vt 0.1199219 0.4570312
vt 0.0672364 0.4326172
vt 0.0672364 0.4326172
vt 0.1199219 0.4570312
vt 0.1199219 0.4179688
vt 0.0672364 0.4326172
vt 0.1199219 0.4179688
vt 0.0672364 0.4130859
vt 0.0429687 0.3807812
vt 0.0820313 0.3807813
vt 0.1015625 0.4756250
vt 0.0429687 0.3807812
vt 0.1015625 0.4756250
vt 0.0429688 0.4942188
vt 0.0626464 0.4942187
vt 0.0050781 0.4942187
vt 0.0626953 0.4375000
vt 0.0626953 0.4375000
vt 0.0050781 0.4942187
vt 0.0050781 0.3807813
vt 0.0626953 0.4375000
vt 0.0050781 0.3807813
vt 0.0626953 0.3807813
vt 0.0625000 0.4179688
vt 0.1199219 0.4179688
vt 0.1199219 0.4570312
vt 0.0625000 0.4179688
vt 0.1199219 0.4570312
vt 0.0625000 0.4375000
vt 0.0625000 0.4375000
vt 0.1199219 0.4570312
vt 0.0625000 0.4570312
vn 0.4386204 -0.8944272 -0.0872472
vn 0.4386204 -0.8944272 -0.0872472
vn 0.4472137 -0.8944272 0.0000000
vn 0.4386204 -0.8944272 -0.0872472
vn 0.4472137 -0.8944272 0.0000000
vn 0.4472137 -0.8944271 0.0000000
vn 0.4131714 -0.8944272 -0.1711412
vn 0.4131715 -0.8944272 -0.1711412
vn 0.4386204 -0.8944272 -0.0872472
vn 0.4131714 -0.8944272 -0.1711412
vn 0.4386204 -0.8944272 -0.0872472
vn 0.4386204 -0.8944272 -0.0872472
vn 0.3718446 -0.8944271 -0.2484587
vn 0.3718446 -0.8944271 -0.2484586
vn 0.4131715 -0.8944272 -0.1711412
vn 0.3718446 -0.8944271 -0.2484587
vn 0.4131715 -0.8944272 -0.1711412
vn 0.4131714 -0.8944272 -0.1711412
vn 0.3162280 -0.8944271 -0.3162279
vn 0.3162280 -0.8944271 -0.3162279
vn 0.3718446 -0.8944271 -0.2484586
vn 0.3162280 -0.8944271 -0.3162279
vn 0.3718446 -0.8944271 -0.2484586
vn 0.3718446 -0.8944271 -0.2484587
vn 0.2484587 -0.8944271 -0.3718446
vn 0.2484586 -0.8944271 -0.3718446
vn 0.3162280 -0.8944271 -0.3162279
vn 0.2484587 -0.8944271 -0.3718446
vn 0.3162280 -0.8944271 -0.3162279
vn 0.3162280 -0.8944271 -0.3162279
vn 0.1711412 -0.8944271 -0.4131717
vn 0.1711412 -0.8944271 -0.4131717
vn 0.2484586 -0.8944271 -0.3718446
vn 0.1711412 -0.8944271 -0.4131717
vn 0.2484586 -0.8944271 -0.3718446
vn 0.2484587 -0.8944271 -0.3718446
vn 0.0872472 -0.8944271 -0.4386207
vn 0.0872471 -0.8944271 -0.4386207
vn 0.1711412 -0.8944271 -0.4131717
vn 0.0872472 -0.8944271 -0.4386207
vn 0.1711412 -0.8944271 -0.4131717
vn 0.1711412 -0.8944271 -0.4131717
vn 0.0000000 -0.8944272 -0.4472136
vn 0.0000000 -0.8944272 -0.4472136
vn 0.0872471 -0.8944271 -0.4386207
vn 0.0000000 -0.8944272 -0.4472136
vn 0.0872471 -0.8944271 -0.4386207
vn 0.0872472 -0.8944271 -0.4386207
vn 0.8453724 -0.5070201 -0.1681551
vn 0.8453724 -0.5070201 -0.1681551
vn 0.8619342 -0.5070201 0.0000000
vn 0.8453724 -0.5070201 -0.1681551
vn 0.8619342 -0.5070201 0.0000000
vn 0.8619342 -0.5070201 0.0000000
vn 0.7963234 -0.5070202 -0.3298478
vn 0.7963234 -0.5070202 -0.3298478
vn 0.8453724 -0.5070201 -0.1681551
vn 0.7963234 -0.5070202 -0.3298478
vn 0.8453724 -0.5070201 -0.1681551
vn 0.8453724 -0.5070201 -0.1681551
vn 0.7166720 -0.5070202 -0.4788650
vn 0.7166720 -0.5070203 -0.4788651
vn 0.7963234 -0.5070202 -0.3298478
vn 0.7166720 -0.5070202 -0.4788650
vn 0.7963234 -0.5070202 -0.3298478
vn 0.7963234 -0.5070202 -0.3298478
vn 0.6094794 -0.5070203 -0.6094796
vn 0.6094794 -0.5070203 -0.6094795
vn 0.7166720 -0.5070203 -0.4788651
vn 0.6094794 -0.5070203 -0.6094796
vn 0.7166720 -0.5070203 -0.4788651
vn 0.7166720 -0.5070202 -0.4788650
vn 0.4788650 -0.5070202 -0.7166721
vn 0.4788650 -0.5070202 -0.7166721
vn 0.6094794 -0.5070203 -0.6094795
vn 0.4788650 -0.5070202 -0.7166721
vn 0.6094794 -0.5070203 -0.6094795
vn 0.6094794 -0.5070203 -0.6094796
vn 0.3298479 -0.5070203 -0.7963233
vn 0.3298479 -0.5070202 -0.7963234
vn 0.4788650 -0.5070202 -0.7166721
vn 0.3298479 -0.5070203 -0.7963233
vn 0.4788650 -0.5070202 -0.7166721
vn 0.4788650 -0.5070202 -0.7166721
vn 0.1681551 -0.5070201 -0.8453724
vn 0.1681551 -0.5070201 -0.8453724
vn 0.3298479 -0.5070202 -0.7963234
vn 0.1681551 -0.5070201 -0.8453724
vn 0.3298479 -0.5070202 -0.7963234
vn 0.3298479 -0.5070203 -0.7963233
vn 0.0000000 -0.5070198 -0.8619344
vn 0.0000000 -0.5070198 -0.8619344
vn 0.1681551 -0.5070201 -0.8453724
vn 0.0000000 -0.5070198 -0.8619344
vn 0.1681551 -0.5070201 -0.8453724
vn 0.1681551 -0.5070201 -0.8453724
vn 0.9807853 0.0000000 -0.1950904
vn 0.9807853 0.0000000 -0.1950904
vn 0.9997991 0.0000000 -0.0200448
vn 0.9807853 0.0000000 -0.1950904
vn 0.9997991 0.0000000 -0.0200448
vn 1.0000000 0.0000000 0.0000000
vn 0.9807853 0.0000000 -0.1950904
vn 1.0000000 0.0000000 0.0000000
vn 1.0000000 0.0000000 0.0000000
vn 0.9238796 0.0000000 -0.3826832
vn 0.9238796 0.0000000 -0.3826832
vn 0.9766777 0.0000000 -0.2147108
vn 0.9238796 0.0000000 -0.3826832
vn 0.9766777 0.0000000 -0.2147108
vn 0.9807853 0.0000000 -0.1950904
vn 0.9238796 0.0000000 -0.3826832
vn 0.9807853 0.0000000 -0.1950904
vn 0.9807853 0.0000000 -0.1950904
vn 0.8314695 0.0000000 -0.5555703
vn 0.8314695 0.0000000 -0.5555703
vn 0.9160232 0.0000000 -0.4011253
vn 0.8314695 0.0000000 -0.5555703
vn 0.9160232 0.0000000 -0.4011253
vn 0.9238796 0.0000000 -0.3826832
vn 0.8314695 0.0000000 -0.5555703
vn 0.9238796 0.0000000 -0.3826832
vn 0.9238796 0.0000000 -0.3826832
vn 0.7071068 0.0000000 -0.7071068
vn 0.7071068 0.0000000 -0.7071068
vn 0.8201662 0.0000000 -0.5721253
vn 0.7071068 0.0000000 -0.7071068
vn 0.8201662 0.0000000 -0.5721253
vn 0.8314695 0.0000000 -0.5555703
vn 0.7071068 0.0000000 -0.7071068
vn 0.8314695 0.0000000 -0.5555703
vn 0.8314695 0.0000000 -0.5555703
vn 0.5555703 0.0000000 -0.8314696
vn 0.5555703 0.0000000 -0.8314696
vn 0.6927909 0.0000000 -0.7211385
vn 0.5555703 0.0000000 -0.8314696
vn 0.6927909 0.0000000 -0.7211385
vn 0.7071068 0.0000000 -0.7071068
vn 0.5555703 0.0000000 -0.8314696
vn 0.7071068 0.0000000 -0.7071068
vn 0.7071068 0.0000000 -0.7071068
vn 0.3826832 0.0000000 -0.9238796
vn 0.3826832 0.0000000 -0.9238796
vn 0.5387920 0.0000000 -0.8424388
vn 0.3826832 0.0000000 -0.9238796
vn 0.5387920 0.0000000 -0.8424388
vn 0.5555703 0.0000000 -0.8314696
vn 0.3826832 0.0000000 -0.9238796
vn 0.5555703 0.0000000 -0.8314696
vn 0.5555703 0.0000000 -0.8314696
vn 0.1950904 0.0000000 -0.9807853
vn 0.1950904 0.0000000 -0.9807853
vn 0.3640874 0.0000000 -0.9313648
vn 0.1950904 0.0000000 -0.9807853
vn 0.3640874 0.0000000 -0.9313648
vn 0.3826832 0.0000000 -0.9238796
vn 0.1950904 0.0000000 -0.9807853
vn 0.3826832 0.0000000 -0.9238796
vn 0.3826832 0.0000000 -0.9238796
vn 0.0000000 0.0000000 -1.0000000
vn 0.0000000 0.0000000 -1.0000000
vn 0.1753916 0.0000000 -0.9844987
vn 0.0000000 0.0000000 -1.0000000
vn 0.1753916 0.0000000 -0.9844987
vn 0.1950904 0.0000000 -0.9807853
vn 0.0000000 0.0000000 -1.0000000
vn 0.1950904 0.0000000 -0.9807853
vn 0.1950904 0.0000000 -0.9807853
vn 0.0000000 -1.0000000 0.0000000
vn 0.0000000 -1.0000000 0.0000000
vn 0.0000000 -1.0000000 0.0000000
vn 0.0000000 -1.0000000 0.0000000
vn 0.0000000 -1.0000000 0.0000000
vn 0.0000000 -1.0000000 0.0000000
vn 0.0000000 -1.0000000 0.0000000
vn 0.0000000 -1.0000000 0.0000000
vn 0.0000000 -1.0000000 0.0000000
vn 0.0000000 -1.0000000 0.0000000
vn 0.0000000 -1.0000000 0.0000000
vn 0.0000000 -1.0000000 0.0000000
vn 0.0000000 -1.0000000 0.0000000
vn 0.0000000 -1.0000000 0.0000000
vn 0.0000000 -1.0000000 0.0000000
vn 0.0000000 -1.0000000 0.0000000
vn 0.0000000 -1.0000000 0.0000000
vn 0.0000000 -1.0000000 0.0000000
vn 0.0000000 -1.0000000 0.0000000
vn 0.0000000 -1.0000000 0.0000000
vn 0.0000000 -1.0000000 0.0000000
vn 0.0000000 -1.0000000 0.0000000
vn 0.0000000 -1.0000000 0.0000000
vn 0.0000000 -1.0000000 0.0000000
vn 0.0000000 -1.0000000 0.0000000
vn 0.0000000 -1.0000000 0.0000000
vn 0.0000000 -1.0000000 0.0000000
vn 0.0000000 -1.0000000 0.0000000
vn 0.0000000 -1.0000000 0.0000000
vn 0.0000000 -1.0000000 0.0000000
vn 0.0000000 -1.0000000 0.0000000
vn 0.0000000 -1.0000000 0.0000000
vn 0.0000000 -1.0000000 0.0000000
vn 0.0000000 -1.0000000 0.0000000
vn 0.0000000 -1.0000000 0.0000000
vn 0.0000000 -1.0000000 0.0000000
vn 0.0000000 -1.0000000 0.0000000
vn 0.0000000 -1.0000000 0.0000000
vn 0.0000000 -1.0000000 0.0000000
vn 0.0000000 -1.0000000 0.0000000
vn 0.0000000 -1.0000000 0.0000000
vn 0.0000000 -1.0000000 0.0000000
vn 0.0000000 -1.0000000 0.0000000
vn 0.0000000 -1.0000000 0.0000000
vn 0.0000000 -1.0000000 0.0000000
vn 0.0000000 0.2588192 -0.9659258
vn 0.0000000 0.2588192 -0.9659258
vn 0.0000000 0.1293990 -0.9915926
vn 0.0000000 0.2588192 -0.9659258
vn 0.0000000 0.1293990 -0.9915926
vn 0.0000000 -0.0000001 -1.0000000
vn 0.0000000 0.2588192 -0.9659258
vn 0.0000000 -0.0000001 -1.0000000
vn 0.0000000 -0.0000001 -1.0000000
vn 0.0000000 0.5000001 -0.8660254
vn 0.0000000 0.5000001 -0.8660254
vn 0.0000000 0.3816330 -0.9243140
vn 0.0000000 0.5000001 -0.8660254
vn 0.0000000 0.3816330 -0.9243140
vn 0.0000000 0.2588192 -0.9659258
vn 0.0000000 0.5000001 -0.8660254
vn 0.0000000 0.2588192 -0.9659258
vn 0.0000000 0.2588192 -0.9659258
vn 0.0000000 0.7071064 -0.7071072
vn 0.0000000 0.7071064 -0.7071072
vn 0.0000000 0.6078589 -0.7940451
vn 0.0000000 0.7071064 -0.7071072
vn 0.0000000 0.6078589 -0.7940451
vn 0.0000000 0.5000001 -0.8660254
vn 0.0000000 0.7071064 -0.7071072
vn 0.0000000 0.5000001 -0.8660254
vn 0.0000000 0.5000001 -0.8660254
vn 0.0000000 0.8660253 -0.5000002
vn 0.0000000 0.8660253 -0.5000002
vn 0.0000000 0.7926605 -0.6096633
vn 0.0000000 0.8660253 -0.5000002
vn 0.0000000 0.7926605 -0.6096633
vn 0.0000000 0.7071064 -0.7071072
vn 0.0000000 0.8660253 -0.5000002
vn 0.0000000 0.7071064 -0.7071072
vn 0.0000000 0.7071064 -0.7071072
vn 0.0000000 0.9596566 -0.2811748
vn 0.0000000 0.9234440 -0.3837333
vn 0.0000000 0.9596566 -0.2811748
vn 0.0000000 0.9596566 -0.2811748
vn 0.0000000 0.9234440 -0.3837333
vn 0.0000000 0.8660253 -0.5000002
vn 0.0000000 0.9596566 -0.2811748
vn 0.0000000 0.8660253 -0.5000002
vn 0.0000000 0.8660253 -0.5000002
vn 0.0000000 0.9596566 -0.2811748
vn 0.0000000 0.8660253 -0.5000002
vn 0.0000000 0.9596566 -0.2811748
vn 0.0000000 -1.0000000 0.0000000
vn 0.0000000 -0.9659259 -0.2588189
vn 0.0000000 -0.9659259 -0.2588189
vn 0.0000000 -1.0000000 0.0000000
vn 0.0000000 -0.9659259 -0.2588189
vn 0.0000000 -0.9912958 -0.1316532
vn 0.0000000 -1.0000000 0.0000000
vn 0.0000000 -0.9912958 -0.1316532
vn 0.0000000 -1.0000000 0.0000000
vn 0.0000000 -0.9659259 -0.2588189
vn 0.0000000 -0.8660254 -0.5000001
vn 0.0000000 -0.8660254 -0.5000001
vn 0.0000000 -0.9659259 -0.2588189
vn 0.0000000 -0.8660254 -0.5000001
vn 0.0000000 -0.9234439 -0.3837335
vn 0.0000000 -0.9659259 -0.2588189
vn 0.0000000 -0.9234439 -0.3837335
vn 0.0000000 -0.9659259 -0.2588189
vn 0.0000000 -0.8660254 -0.5000001
vn 0.0000000 -0.7071065 -0.7071071
vn 0.0000000 -0.7071065 -0.7071071
vn 0.0000000 -0.8660254 -0.5000001
vn 0.0000000 -0.7071065 -0.7071071
vn 0.0000000 -0.7926606 -0.6096632
vn 0.0000000 -0.8660254 -0.5000001
vn 0.0000000 -0.7926606 -0.6096632
vn 0.0000000 -0.8660254 -0.5000001
vn 0.0000000 -0.7071065 -0.7071071
vn 0.0000000 -0.5000001 -0.8660254
vn 0.0000000 -0.5000001 -0.8660254
vn 0.0000000 -0.7071065 -0.7071071
vn 0.0000000 -0.5000001 -0.8660254
vn 0.0000000 -0.6078590 -0.7940450
vn 0.0000000 -0.7071065 -0.7071071
vn 0.0000000 -0.6078590 -0.7940450
vn 0.0000000 -0.7071065 -0.7071071
vn 0.0000000 -0.5000001 -0.8660254
vn 0.0000000 -0.2588193 -0.9659258
vn 0.0000000 -0.2588193 -0.9659258
vn 0.0000000 -0.5000001 -0.8660254
vn 0.0000000 -0.2588193 -0.9659258
vn 0.0000000 -0.3816330 -0.9243139
vn 0.0000000 -0.5000001 -0.8660254
vn 0.0000000 -0.3816330 -0.9243139
vn 0.0000000 -0.5000001 -0.8660254
vn 0.0000000 -0.2588193 -0.9659258
vn 0.0000000 -0.0000001 -1.0000000
vn 0.0000000 -0.0000001 -1.0000000
vn 0.0000000 -0.2588193 -0.9659258
vn 0.0000000 -0.0000001 -1.0000000
vn 0.0000000 -0.1293991 -0.9915926
vn 0.0000000 -0.2588193 -0.9659258
vn 0.0000000 -0.1293991 -0.9915926
vn 0.0000000 -0.2588193 -0.9659258
vn 0.0000000 -0.2588190 0.9659258
vn 0.0000000 0.0000001 1.0000000
vn 0.0000000 0.0000001 1.0000000
vn 0.0000000 -0.2588190 0.9659258
vn 0.0000000 0.0000001 1.0000000
vn 0.0000000 -0.1293989 0.9915926
vn 0.0000000 -0.2588190 0.9659258
vn 0.0000000 -0.1293989 0.9915926
vn 0.0000000 -0.2588190 0.9659258
vn 0.0000000 -0.5000004 0.8660252
vn 0.0000000 -0.2588190 0.9659258
vn 0.0000000 -0.2588190 0.9659258
vn 0.0000000 -0.5000004 0.8660252
vn 0.0000000 -0.2588190 0.9659258
vn 0.0000000 -0.3816330 0.9243139
vn 0.0000000 -0.5000004 0.8660252
vn 0.0000000 -0.3816330 0.9243139
vn 0.0000000 -0.5000004 0.8660252
vn 0.0000000 -0.7071068 0.7071068
vn 0.0000000 -0.5000004 0.8660252
vn 0.0000000 -0.5000004 0.8660252
vn 0.0000000 -0.7071068 0.7071068
vn 0.0000000 -0.5000004 0.8660252
vn 0.0000000 -0.6078593 0.7940448
vn 0.0000000 -0.7071068 0.7071068
vn 0.0000000 -0.6078593 0.7940448
vn 0.0000000 -0.7071068 0.7071068
vn 0.0000000 -0.8660252 0.5000003
vn 0.0000000 -0.7071068 0.7071068
vn 0.0000000 -0.7071068 0.7071068
vn 0.0000000 -0.8660252 0.5000003
vn 0.0000000 -0.7071068 0.7071068
vn 0.0000000 -0.7926606 0.6096631
vn 0.0000000 -0.8660252 0.5000003
vn 0.0000000 -0.7926606 0.6096631
vn 0.0000000 -0.8660252 0.5000003
vn 0.0000000 -0.9659258 0.2588193
vn 0.0000000 -0.8660252 0.5000003
vn 0.0000000 -0.8660252 0.5000003
vn 0.0000000 -0.9659258 0.2588193
vn 0.0000000 -0.8660252 0.5000003
vn 0.0000000 -0.9234438 0.3837338
vn 0.0000000 -0.9659258 0.2588193
vn 0.0000000 -0.9234438 0.3837338
vn 0.0000000 -0.9659258 0.2588193
vn 0.0000000 -1.0000000 0.0000000
vn 0.0000000 -0.9659258 0.2588193
vn 0.0000000 -0.9659258 0.2588193
vn 0.0000000 -1.0000000 0.0000000
vn 0.0000000 -0.9659258 0.2588193
vn 0.0000000 -0.9912958 0.1316534
vn 0.0000000 -1.0000000 0.0000000
vn 0.0000000 -0.9912958 0.1316534
vn 0.0000000 -1.0000000 0.0000000
vn 0.0000000 1.0000000 0.0000000
vn 0.0000000 1.0000000 0.0000000
vn 0.0000000 0.9912958 0.1316534
vn 0.0000000 1.0000000 0.0000000
vn 0.0000000 0.9912958 0.1316534
vn 0.0000000 0.9659258 0.2588193
vn 0.0000000 1.0000000 0.0000000
vn 0.0000000 0.9659258 0.2588193
vn 0.0000000 0.9659258 0.2588193
vn 0.0000000 0.9659258 0.2588193
vn 0.0000000 0.9659258 0.2588193
vn 0.0000000 0.9234438 0.3837337
vn 0.0000000 0.9659258 0.2588193
vn 0.0000000 0.9234438 0.3837337
vn 0.0000000 0.8660254 0.5000001
vn 0.0000000 0.9659258 0.2588193
vn 0.0000000 0.8660254 0.5000001
vn 0.0000000 0.8660254 0.5000001
vn 0.0000000 0.8660254 0.5000001
vn 0.0000000 0.8660254 0.5000001
vn 0.0000000 0.7926608 0.6096629
vn 0.0000000 0.8660254 0.5000001
vn 0.0000000 0.7926608 0.6096629
vn 0.0000000 0.7071069 0.7071066
vn 0.0000000 0.8660254 0.5000001
vn 0.0000000 0.7071069 0.7071066
vn 0.0000000 0.7071069 0.7071066
vn 0.0000000 0.7071069 0.7071066
vn 0.0000000 0.7071069 0.7071066
vn 0.0000000 0.6078592 0.7940448
vn 0.0000000 0.7071069 0.7071066
vn 0.0000000 0.6078592 0.7940448
vn 0.0000000 0.5000001 0.8660254
vn 0.0000000 0.7071069 0.7071066
vn 0.0000000 0.5000001 0.8660254
vn 0.0000000 0.5000001 0.8660254
vn 0.0000000 0.5000001 0.8660254
vn 0.0000000 0.5000001 0.8660254
vn 0.0000000 0.3816329 0.9243140
vn 0.0000000 0.5000001 0.8660254
vn 0.0000000 0.3816329 0.9243140
vn 0.0000000 0.2588191 0.9659258
vn 0.0000000 0.5000001 0.8660254
vn 0.0000000 0.2588191 0.9659258
vn 0.0000000 0.2588191 0.9659258
vn 0.0000000 0.2588191 0.9659258
vn 0.0000000 0.2588191 0.9659258
vn 0.0000000 0.1293990 0.9915926
vn 0.0000000 0.2588191 0.9659258
vn 0.0000000 0.1293990 0.9915926
vn 0.0000000 0.0000001 1.0000000
vn 0.0000000 0.2588191 0.9659258
vn 0.0000000 0.0000001 1.0000000
vn 0.0000000 0.0000001 1.0000000
vn -1.0000000 0.0000000 0.0000000
vn -1.0000000 0.0000000 0.0000000
vn -1.0000000 0.0000000 0.0000000
vn -1.0000000 0.0000000 0.0000000
vn -1.0000000 0.0000000 0.0000000
vn -1.0000000 0.0000000 0.0000000
vn -1.0000000 0.0000000 0.0000000
vn -1.0000000 0.0000000 0.0000000
vn -1.0000000 0.0000000 0.0000000
vn -1.0000000 0.0000000 0.0000000
vn -1.0000000 0.0000000 0.0000000
vn -1.0000000 0.0000000 0.0000000
vn -1.0000000 0.0000000 0.0000000
vn -1.0000000 0.0000000 0.0000000
vn -1.0000000 0.0000000 0.0000000
vn -1.0000000 0.0000000 0.0000000
vn -1.0000000 0.0000000 0.0000000
vn -1.0000000 0.0000000 0.0000000
vn -1.0000000 0.0000000 0.0000000
vn -1.0000000 0.0000000 0.0000000
vn -1.0000000 0.0000000 0.0000000
vn -1.0000000 0.0000000 0.0000000
vn -1.0000000 0.0000000 0.0000000
vn -1.0000000 0.0000000 0.0000000
vn -1.0000000 0.0000000 -0.0000001
vn -1.0000000 0.0000000 -0.0000001
vn -1.0000000 0.0000000 -0.0000001
vn -1.0000000 0.0000000 -0.0000001
vn -1.0000000 0.0000000 -0.0000001
vn -1.0000000 0.0000000 0.0000000
vn -1.0000000 0.0000000 -0.0000001
vn -1.0000000 0.0000000 0.0000000
vn -1.0000000 0.0000000 0.0000000
vn -1.0000000 0.0000000 0.0000002
vn -1.0000000 0.0000000 0.0000002
vn -1.0000000 0.0000000 -0.0000001
vn -1.0000000 0.0000000 0.0000002
vn -1.0000000 0.0000000 -0.0000001
vn -1.0000000 0.0000000 -0.0000001
vn -1.0000000 0.0000000 0.0000002
vn -1.0000000 0.0000000 -0.0000001
vn -1.0000000 0.0000000 -0.0000001
vn -1.0000000 0.0000000 0.0000002
vn -1.0000000 0.0000000 0.0000002
vn -1.0000000 0.0000000 0.0000001
vn -1.0000000 0.0000000 0.0000002
vn -1.0000000 0.0000000 0.0000001
vn -1.0000000 0.0000000 0.0000001
vn -1.0000000 0.0000000 0.0000001
vn -1.0000000 0.0000000 0.0000000
vn -1.0000000 0.0000000 0.0000000
vn -1.0000000 0.0000000 0.0000001
vn -1.0000000 0.0000000 0.0000000
vn -1.0000000 0.0000000 0.0000001
vn -1.0000000 0.0000000 0.0000000
vn -1.0000000 0.0000000 0.0000009
vn -1.0000000 0.0000000 0.0000009
vn -1.0000000 0.0000000 0.0000000
vn -1.0000000 0.0000000 0.0000009
vn -1.0000000 0.0000000 0.0000000
vn -1.0000000 0.0000000 0.0000009
vn -1.0000000 0.0000000 0.0000009
vn -1.0000000 0.0000000 0.0000009
vn -1.0000000 0.0000000 0.0000009
vn -1.0000000 0.0000000 0.0000009
vn -1.0000000 0.0000000 0.0000009
vn -1.0000000 0.0000000 0.0000009
vn -1.0000000 0.0000000 0.0000000
vn -1.0000000 0.0000000 0.0000000
vn -1.0000000 0.0000000 0.0000009
vn -1.0000000 0.0000000 0.0000000
vn -1.0000000 0.0000000 0.0000009
vn -1.0000000 0.0000000 0.0000000
vn -1.0000000 0.0000000 0.0000000
vn -1.0000000 0.0000000 0.0000000
vn -1.0000000 0.0000000 0.0000000
vn -1.0000000 0.0000000 0.0000000
vn -1.0000000 0.0000000 0.0000000
vn -0.3703705 -0.3703679 0.8518529
vn -0.3703703 -0.3703678 0.8518530
vn -0.3703707 -0.3703695 0.8518521
vn -0.3703710 -0.3703669 0.8518531
vn -0.3703705 -0.3703679 0.8518529
vn -0.3703707 -0.3703695 0.8518521
vn -0.3703710 -0.3703669 0.8518531
vn -0.3703707 -0.3703695 0.8518521
vn -0.3703712 -0.3703684 0.8518524
vn -0.3703710 -0.3703669 0.8518531
vn -0.3703712 -0.3703684 0.8518524
vn -0.3703718 -0.3703604 0.8518556
vn -0.9078435 0.0502607 -0.4162860
vn -0.5277884 0.8493371 -0.0081222
vn -0.5310272 0.8470655 -0.0221409
vn -0.9078435 0.0502607 -0.4162860
vn -0.5310272 0.8470655 -0.0221409
vn -0.9036442 0.0142345 -0.4280474
vn -0.5277884 0.8493371 -0.0081222
vn 0.3416694 0.8484676 0.4041841
vn 0.3670979 0.8376723 0.4044061
vn -0.5277884 0.8493371 -0.0081222
vn 0.3670979 0.8376723 0.4044061
vn -0.5310272 0.8470655 -0.0221409
vn 0.3416694 0.8484676 0.4041841
vn 0.8994974 0.0287151 0.4359815
vn 0.9036793 -0.0092214 0.4281107
vn 0.3416694 0.8484676 0.4041841
vn 0.9036793 -0.0092214 0.4281107
vn 0.3670979 0.8376723 0.4044061
vn 0.5434766 -0.8391451 0.0216487
vn 0.5332635 -0.8457073 0.0202279
vn 0.9036793 -0.0092214 0.4281107
vn 0.5434766 -0.8391451 0.0216487
vn 0.9036793 -0.0092214 0.4281107
vn 0.8994974 0.0287151 0.4359815
vn -0.3912496 -0.8201647 -0.4174369
vn -0.3691245 -0.8354461 -0.4071571
vn 0.5332635 -0.8457073 0.0202279
vn -0.3912496 -0.8201647 -0.4174369
vn 0.5332635 -0.8457073 0.0202279
vn 0.5434766 -0.8391451 0.0216487
vn -0.9078435 0.0502607 -0.4162860
vn -0.9036442 0.0142345 -0.4280474
vn -0.3691245 -0.8354461 -0.4071571
vn -0.9078435 0.0502607 -0.4162860
vn -0.3691245 -0.8354461 -0.4071571
vn -0.3912496 -0.8201647 -0.4174369
vn -0.9036442 0.0142345 -0.4280474
vn -0.5310272 0.8470655 -0.0221409
vn -0.6263944 0.7667916 0.1402170
vn -0.9036442 0.0142345 -0.4280474
vn -0.6263944 0.7667916 0.1402170
vn -0.9088433 -0.0697265 -0.4112689
vn -0.5310272 0.8470655 -0.0221409
vn 0.3670979 0.8376723 0.4044061
vn 0.3603877 0.7584553 0.5430160
vn -0.5310272 0.8470655 -0.0221409
vn 0.3603877 0.7584553 0.5430160
vn -0.6263944 0.7667916 0.1402170
vn 0.3670979 0.8376723 0.4044061
vn 0.9036793 -0.0092214 0.4281107
vn 0.9332262 -0.0511524 0.3556294
vn 0.3670979 0.8376723 0.4044061
vn 0.9332262 -0.0511524 0.3556294
vn 0.3603877 0.7584553 0.5430160
vn 0.5332635 -0.8457073 0.0202279
vn 0.6004409 -0.7824666 -0.1649750
vn 0.9332262 -0.0511524 0.3556294
vn 0.5332635 -0.8457073 0.0202279
vn 0.9332262 -0.0511524 0.3556294
vn 0.9036793 -0.0092214 0.4281107
vn -0.3691245 -0.8354461 -0.4071571
vn -0.2724310 -0.8010341 -0.5330344
vn 0.6004409 -0.7824666 -0.1649750
vn -0.3691245 -0.8354461 -0.4071571
vn 0.6004409 -0.7824666 -0.1649750
vn 0.5332635 -0.8457073 0.0202279
vn -0.9036442 0.0142345 -0.4280474
vn -0.9088433 -0.0697265 -0.4112689
vn -0.2724310 -0.8010341 -0.5330344
vn -0.9036442 0.0142345 -0.4280474
vn -0.2724310 -0.8010341 -0.5330344
vn -0.3691245 -0.8354461 -0.4071571
vn -0.9088433 -0.0697265 -0.4112689
vn -0.6263944 0.7667916 0.1402170
vn -0.7305546 0.4981402 0.4670615
vn -0.9088433 -0.0697265 -0.4112689
vn -0.7305546 0.4981402 0.4670615
vn -0.9287246 -0.1270550 -0.3483211
vn -0.6263944 0.7667916 0.1402170
vn 0.3603877 0.7584553 0.5430160
vn 0.2908350 0.5711690 0.7675813
vn -0.6263944 0.7667916 0.1402170
vn 0.2908350 0.5711690 0.7675813
vn -0.7305546 0.4981402 0.4670615
vn 0.3603877 0.7584553 0.5430160
vn 0.9332262 -0.0511524 0.3556294
vn 0.9687296 0.0372982 0.2452994
vn 0.3603877 0.7584553 0.5430160
vn 0.9687296 0.0372982 0.2452994
vn 0.2908350 0.5711690 0.7675813
vn 0.6004409 -0.7824666 -0.1649750
vn 0.7060689 -0.5119553 -0.4892530
vn 0.9687296 0.0372982 0.2452994
vn 0.6004409 -0.7824666 -0.1649750
vn 0.9687296 0.0372982 0.2452994
vn 0.9332262 -0.0511524 0.3556294
vn -0.2724310 -0.8010341 -0.5330344
vn -0.1874277 -0.5979107 -0.7793418
vn 0.7060689 -0.5119553 -0.4892530
vn -0.2724310 -0.8010341 -0.5330344
vn 0.7060689 -0.5119553 -0.4892530
vn 0.6004409 -0.7824666 -0.1649750
vn -0.9088433 -0.0697265 -0.4112689
vn -0.9287246 -0.1270550 -0.3483211
vn -0.1874277 -0.5979107 -0.7793418
vn -0.9088433 -0.0697265 -0.4112689
vn -0.1874277 -0.5979107 -0.7793418
vn -0.2724310 -0.8010341 -0.5330344
vn -0.9287246 -0.1270550 -0.3483211
vn -0.7305546 0.4981402 0.4670615
vn -0.7341837 0.1293911 0.6665074
vn -0.9287246 -0.1270550 -0.3483211
vn -0.7341837 0.1293911 0.6665074
vn -0.9330131 -0.1993337 -0.2995874
vn -0.7305546 0.4981402 0.4670615
vn 0.2908350 0.5711690 0.7675813
vn 0.2777644 0.3187187 0.9062369
vn -0.7305546 0.4981402 0.4670615
vn 0.2777644 0.3187187 0.9062369
vn -0.7341837 0.1293911 0.6665074
vn 0.2908350 0.5711690 0.7675813
vn 0.9687296 0.0372982 0.2452994
vn 0.9687961 0.1662815 0.1838058
vn 0.2908350 0.5711690 0.7675813
vn 0.9687961 0.1662815 0.1838058
vn 0.2777644 0.3187187 0.9062369
vn 0.7060689 -0.5119553 -0.4892530
vn 0.7108238 -0.1398577 -0.6893253
vn 0.9687961 0.1662815 0.1838058
vn 0.7060689 -0.5119553 -0.4892530
vn 0.9687961 0.1662815 0.1838058
vn 0.9687296 0.0372982 0.2452994
vn -0.1874277 -0.5979107 -0.7793418
vn -0.1894594 -0.3163979 -0.9295147
vn 0.7108238 -0.1398577 -0.6893253
vn -0.1874277 -0.5979107 -0.7793418
vn 0.7108238 -0.1398577 -0.6893253
vn 0.7060689 -0.5119553 -0.4892530
vn -0.9287246 -0.1270550 -0.3483211
vn -0.9330131 -0.1993337 -0.2995874
vn -0.1894594 -0.3163979 -0.9295147
vn -0.9287246 -0.1270550 -0.3483211
vn -0.1894594 -0.3163979 -0.9295147
vn -0.1874277 -0.5979107 -0.7793418
vn -0.9220870 -0.2516720 -0.2939672
vn -0.9330131 -0.1993337 -0.2995874
vn -0.7341837 0.1293911 0.6665074
vn -0.9220870 -0.2516720 -0.2939672
vn -0.7341837 0.1293911 0.6665074
vn -0.6631926 -0.2462833 0.7067674
vn -0.6631926 -0.2462833 0.7067674
vn -0.7341837 0.1293911 0.6665074
vn 0.2777644 0.3187187 0.9062369
vn -0.6631926 -0.2462833 0.7067674
vn 0.2777644 0.3187187 0.9062369
vn 0.3327029 0.0316090 0.9425018
vn 0.3327029 0.0316090 0.9425018
vn 0.2777644 0.3187187 0.9062369
vn 0.9687961 0.1662815 0.1838058
vn 0.3327029 0.0316090 0.9425018
vn 0.9687961 0.1662815 0.1838058
vn 0.9486518 0.2688273 0.1667082
vn 0.6277276 0.2387594 -0.7409130
vn 0.9486518 0.2688273 0.1667082
vn 0.9687961 0.1662815 0.1838058
vn 0.6277276 0.2387594 -0.7409130
vn 0.9687961 0.1662815 0.1838058
vn 0.7108238 -0.1398577 -0.6893253
vn -0.2583517 -0.0072118 -0.9660240
vn 0.6277276 0.2387594 -0.7409130
vn 0.7108238 -0.1398577 -0.6893253
vn -0.2583517 -0.0072118 -0.9660240
vn 0.7108238 -0.1398577 -0.6893253
vn -0.1894594 -0.3163979 -0.9295147
vn -0.9220870 -0.2516720 -0.2939672
vn -0.2583517 -0.0072118 -0.9660240
vn -0.1894594 -0.3163979 -0.9295147
vn -0.9220870 -0.2516720 -0.2939672
vn -0.1894594 -0.3163979 -0.9295147
vn -0.9330131 -0.1993337 -0.2995874
vn -0.9164507 -0.2617622 -0.3026528
vn -0.9220870 -0.2516720 -0.2939672
vn -0.6631926 -0.2462833 0.7067674
vn -0.9164507 -0.2617622 -0.3026528
vn -0.6631926 -0.2462833 0.7067674
vn -0.9341850 -0.3039079 0.1869184
vn -0.9341850 -0.3039079 0.1869184
vn -0.6631926 -0.2462833 0.7067674
vn -0.5996419 -0.4598365 0.6549657
vn -0.5996419 -0.4598365 0.6549657
vn -0.6631926 -0.2462833 0.7067674
vn 0.3327029 0.0316090 0.9425018
vn -0.5996419 -0.4598365 0.6549657
vn 0.3327029 0.0316090 0.9425018
vn -0.1640307 -0.3844037 0.9084755
vn -0.1640307 -0.3844037 0.9084755
vn 0.3327029 0.0316090 0.9425018
vn 0.4034877 -0.1283730 0.9059349
vn 0.4034877 -0.1283730 0.9059349
vn 0.3327029 0.0316090 0.9425018
vn 0.9486518 0.2688273 0.1667082
vn 0.4034877 -0.1283730 0.9059349
vn 0.9486518 0.2688273 0.1667082
vn 0.8087087 -0.0045097 0.5881920
vn 0.8087087 -0.0045097 0.5881920
vn 0.9486518 0.2688273 0.1667082
vn 0.9358039 0.3066492 0.1738886
vn 0.9358039 0.3066492 0.1738886
vn 0.9486518 0.2688273 0.1667082
vn 0.8483173 0.4831221 -0.2166813
vn 0.8483173 0.4831221 -0.2166813
vn 0.9486518 0.2688273 0.1667082
vn 0.6277276 0.2387594 -0.7409130
vn 0.8483173 0.4831221 -0.2166813
vn 0.6277276 0.2387594 -0.7409130
vn 0.5743021 0.4140289 -0.7062274
vn 0.5743021 0.4140289 -0.7062274
vn 0.6277276 0.2387594 -0.7409130
vn 0.1822982 0.3218393 -0.9290785
vn 0.1822982 0.3218393 -0.9290785
vn 0.6277276 0.2387594 -0.7409130
vn -0.2583517 -0.0072118 -0.9660240
vn 0.1822982 0.3218393 -0.9290785
vn -0.2583517 -0.0072118 -0.9660240
vn -0.3237699 0.1539796 -0.9335220
vn -0.3237699 0.1539796 -0.9335220
vn -0.2583517 -0.0072118 -0.9660240
vn -0.6850081 -0.1654995 -0.7094885
vn -0.6850081 -0.1654995 -0.7094885
vn -0.2583517 -0.0072118 -0.9660240
vn -0.9220870 -0.2516720 -0.2939672
vn -0.6850081 -0.1654995 -0.7094885
vn -0.9220870 -0.2516720 -0.2939672
vn -0.9164507 -0.2617622 -0.3026528
vn 0.5773520 -0.5773537 -0.5773451
vn 0.5773520 -0.5773537 -0.5773451
vn 0.5773520 -0.5773537 -0.5773451
vn 0.5773520 0.5773537 -0.5773451
vn 0.5773520 0.5773537 -0.5773451
vn 0.5773520 0.5773537 -0.5773451
vn 0.0000000 -0.7071058 -0.7071078
vn 0.0000000 -0.7071058 -0.7071078
vn 0.0000000 -0.7071058 -0.7071078
vn 0.0000000 -0.7071058 -0.7071078
vn 0.0000000 -0.7071058 -0.7071078
vn 0.0000000 -0.7071058 -0.7071078
vn 0.0000000 -0.7071058 -0.7071078
vn 0.0000000 -0.7071058 -0.7071078
vn 0.0000000 -0.7071058 -0.7071078
vn 0.7071062 -0.7071074 0.0000000
vn 0.7071062 -0.7071074 0.0000000
vn 0.7071062 -0.7071074 0.0000000
vn 0.7071062 -0.7071074 0.0000000
vn 0.7071062 -0.7071074 0.0000000
vn 0.7071062 -0.7071074 0.0000000
vn 0.7071062 -0.7071074 0.0000000
vn 0.7071062 -0.7071074 0.0000000
vn 0.7071062 -0.7071074 0.0000000
vn 0.7071062 0.7071074 0.0000000
vn 0.7071062 0.7071074 0.0000000
vn 0.7071062 0.7071074 0.0000000
vn 0.7071062 0.7071074 0.0000000
vn 0.7071062 0.7071074 0.0000000
vn 0.7071062 0.7071074 0.0000000
vn 0.7071062 0.7071074 0.0000000
vn 0.7071062 0.7071074 0.0000000
vn 0.7071062 0.7071074 0.0000000
vn 0.0000000 0.7071058 -0.7071078
vn 0.0000000 0.7071058 -0.7071078
vn 0.0000000 0.7071058 -0.7071078
vn 0.0000000 0.7071058 -0.7071078
vn 0.0000000 0.7071058 -0.7071078
vn 0.0000000 0.7071058 -0.7071078
vn 0.0000000 0.7071058 -0.7071078
vn 0.0000000 0.7071058 -0.7071078
vn 0.0000000 0.7071058 -0.7071078
vn 0.7071086 0.0000000 -0.7071050
vn 0.7071086 0.0000000 -0.7071050
vn 0.7071086 0.0000000 -0.7071050
vn 0.7071086 0.0000000 -0.7071050
vn 0.7071086 0.0000000 -0.7071050
vn 0.7071086 0.0000000 -0.7071050
vn 0.0000000 -1.0000000 0.0000000
vn 0.0000000 -1.0000000 0.0000000
vn 0.0000000 -1.0000000 0.0000000
vn 0.0000000 -1.0000000 0.0000000
vn 0.0000000 -1.0000000 0.0000000
vn 0.0000000 -1.0000000 0.0000000
vn 1.0000000 0.0000000 0.0000000
vn 1.0000000 0.0000000 0.0000000
vn 1.0000000 0.0000000 0.0000000
vn 1.0000000 0.0000000 0.0000000
vn 1.0000000 0.0000000 0.0000000
vn 1.0000000 0.0000000 0.0000000
vn 1.0000000 0.0000000 0.0000000
vn 1.0000000 0.0000000 0.0000000
vn 1.0000000 0.0000000 0.0000000
vn 0.0000000 0.0000000 -1.0000000
vn 0.0000000 0.0000000 -1.0000000
vn 0.0000000 0.0000000 -1.0000000
vn 0.0000000 0.0000000 -1.0000000
vn 0.0000000 0.0000000 -1.0000000
vn 0.0000000 0.0000000 -1.0000000
vn 0.0000000 0.0000000 -1.0000000
vn 0.0000000 0.0000000 -1.0000000
vn 0.0000000 0.0000000 -1.0000000
vn 0.0000000 1.0000000 0.0000000
vn 0.0000000 1.0000000 0.0000000
vn 0.0000000 1.0000000 0.0000000
vn 0.0000000 1.0000000 0.0000000
vn 0.0000000 1.0000000 0.0000000
vn 0.0000000 1.0000000 0.0000000
vn -0.5773485 -0.5773528 0.5773496
vn -0.5773485 -0.5773528 0.5773496
vn -0.5773485 -0.5773528 0.5773496
vn 0.5773485 -0.5773528 0.5773496
vn 0.5773485 -0.5773528 0.5773496
vn 0.5773485 -0.5773528 0.5773496
vn 0.5773485 -0.5773528 -0.5773496
vn 0.5773485 -0.5773528 -0.5773496
vn 0.5773485 -0.5773528 -0.5773496
vn -0.5773485 -0.5773528 -0.5773496
vn -0.5773485 -0.5773528 -0.5773496
vn -0.5773485 -0.5773528 -0.5773496
vn -0.5773485 0.5773528 0.5773496
vn -0.5773485 0.5773528 0.5773496
vn -0.5773485 0.5773528 0.5773496
vn 0.5773485 0.5773528 0.5773496
vn 0.5773485 0.5773528 0.5773496
vn 0.5773485 0.5773528 0.5773496
vn 0.5773485 0.5773528 -0.5773496
vn 0.5773485 0.5773528 -0.5773496
vn 0.5773485 0.5773528 -0.5773496
vn -0.5773485 0.5773528 -0.5773496
vn -0.5773485 0.5773528 -0.5773496
vn -0.5773485 0.5773528 -0.5773496
vn 0.0000000 -0.7071072 0.7071064
vn 0.0000000 -0.7071072 0.7071064
vn 0.0000000 -0.7071072 0.7071064
vn 0.0000000 -0.7071072 0.7071064
vn 0.0000000 -0.7071072 0.7071064
vn 0.0000000 -0.7071072 0.7071064
vn -0.7071068 -0.7071067 0.0000000
vn -0.7071068 -0.7071067 0.0000000
vn -0.7071068 -0.7071067 0.0000000
vn -0.7071068 -0.7071067 0.0000000
vn -0.7071068 -0.7071067 0.0000000
vn -0.7071068 -0.7071067 0.0000000
vn 0.0000000 -0.7071072 -0.7071064
vn 0.0000000 -0.7071072 -0.7071064
vn 0.0000000 -0.7071072 -0.7071064
vn 0.0000000 -0.7071072 -0.7071064
vn 0.0000000 -0.7071072 -0.7071064
vn 0.0000000 -0.7071072 -0.7071064
vn 0.7071068 -0.7071067 0.0000000
vn 0.7071068 -0.7071067 0.0000000
vn 0.7071068 -0.7071067 0.0000000
vn 0.7071068 -0.7071067 0.0000000
vn 0.7071068 -0.7071067 0.0000000
vn 0.7071068 -0.7071067 0.0000000
vn -0.7071068 0.7071067 0.0000000
vn -0.7071068 0.7071067 0.0000000
vn -0.7071068 0.7071067 0.0000000
vn -0.7071068 0.7071067 0.0000000
vn -0.7071068 0.7071067 0.0000000
vn -0.7071068 0.7071067 0.0000000
vn 0.0000000 0.7071072 0.7071064
vn 0.0000000 0.7071072 0.7071064
vn 0.0000000 0.7071072 0.7071064
vn 0.0000000 0.7071072 0.7071064
vn 0.0000000 0.7071072 0.7071064
vn 0.0000000 0.7071072 0.7071064
vn 0.7071068 0.7071067 0.0000000
vn 0.7071068 0.7071067 0.0000000
vn 0.7071068 0.7071067 0.0000000
vn 0.7071068 0.7071067 0.0000000
vn 0.7071068 0.7071067 0.0000000
vn 0.7071068 0.7071067 0.0000000
vn 0.0000000 0.7071072 -0.7071064
vn 0.0000000 0.7071072 -0.7071064
vn 0.0000000 0.7071072 -0.7071064
vn 0.0000000 0.7071072 -0.7071064
vn 0.0000000 0.7071072 -0.7071064
vn 0.0000000 0.7071072 -0.7071064
vn -0.7071069 0.0000000 0.7071067
vn -0.7071069 0.0000000 0.7071067
vn -0.7071069 0.0000000 0.7071067
vn -0.7071069 0.0000000 0.7071067
vn -0.7071069 0.0000000 0.7071067
vn -0.7071069 0.0000000 0.7071067
vn 0.7071069 0.0000000 0.7071067
vn 0.7071069 0.0000000 0.7071067
vn 0.7071069 0.0000000 0.7071067
vn 0.7071069 0.0000000 0.7071067
vn 0.7071069 0.0000000 0.7071067
vn 0.7071069 0.0000000 0.7071067
vn 0.7071069 0.0000000 -0.7071067
vn 0.7071069 0.0000000 -0.7071067
vn 0.7071069 0.0000000 -0.7071067
vn 0.7071069 0.0000000 -0.7071067
vn 0.7071069 0.0000000 -0.7071067
vn 0.7071069 0.0000000 -0.7071067
vn -0.7071069 0.0000000 -0.7071067
vn -0.7071069 0.0000000 -0.7071067
vn -0.7071069 0.0000000 -0.7071067
vn -0.7071069 0.0000000 -0.7071067
vn -0.7071069 0.0000000 -0.7071067
vn -0.7071069 0.0000000 -0.7071067
vn 0.0000000 0.0000000 1.0000000
vn 0.0000000 0.0000000 1.0000000
vn 0.0000000 0.0000000 1.0000000
vn 0.0000000 0.0000000 1.0000000
vn 0.0000000 0.0000000 1.0000000
vn 0.0000000 0.0000000 1.0000000
vn 0.0000000 -1.0000000 0.0000000
vn 0.0000000 -1.0000000 0.0000000
vn 0.0000000 -1.0000000 0.0000000
vn 0.0000000 -1.0000000 0.0000000
vn 0.0000000 -1.0000000 0.0000000
vn 0.0000000 -1.0000000 0.0000000
vn -1.0000000 0.0000000 0.0000000
vn -1.0000000 0.0000000 0.0000000
vn -1.0000000 0.0000000 0.0000000
vn -1.0000000 0.0000000 0.0000000
vn -1.0000000 0.0000000 0.0000000
vn -1.0000000 0.0000000 0.0000000
vn 1.0000000 0.0000000 0.0000000
vn 1.0000000 0.0000000 0.0000000
vn 1.0000000 0.0000000 0.0000000
vn 1.0000000 0.0000000 0.0000000
vn 1.0000000 0.0000000 0.0000000
vn 1.0000000 0.0000000 0.0000000
vn 0.0000000 0.0000000 -1.0000000
vn 0.0000000 0.0000000 -1.0000000
vn 0.0000000 0.0000000 -1.0000000
vn 0.0000000 0.0000000 -1.0000000
vn 0.0000000 0.0000000 -1.0000000
vn 0.0000000 0.0000000 -1.0000000
vn 0.0000000 1.0000000 0.0000000
vn 0.0000000 1.0000000 0.0000000
vn 0.0000000 1.0000000 0.0000000
vn 0.0000000 1.0000000 0.0000000
vn 0.0000000 1.0000000 0.0000000
vn 0.0000000 1.0000000 0.0000000
vn -0.8660253 0.0000000 0.5000002
vn -0.8660253 0.0000000 0.5000002
vn -0.8660253 0.0000000 0.5000002
vn -0.8660253 0.0000000 0.5000002
vn -0.8660253 0.0000000 0.5000002
vn -0.8660253 0.0000000 0.5000002
vn 0.0000002 0.0000000 1.0000000
vn 0.0000002 0.0000000 1.0000000
vn 0.0000002 0.0000000 1.0000000
vn 0.0000002 0.0000000 1.0000000
vn 0.0000002 0.0000000 1.0000000
vn 0.0000002 0.0000000 1.0000000
vn 0.8660254 0.0000000 0.4999999
vn 0.8660254 0.0000000 0.4999999
vn 0.8660254 0.0000000 0.4999999
vn 0.8660254 0.0000000 0.4999999
vn 0.8660254 0.0000000 0.4999999
vn 0.8660254 0.0000000 0.4999999
vn 0.8660253 0.0000000 -0.5000002
vn 0.8660253 0.0000000 -0.5000002
vn 0.8660253 0.0000000 -0.5000002
vn 0.8660253 0.0000000 -0.5000002
vn 0.8660253 0.0000000 -0.5000002
vn 0.8660253 0.0000000 -0.5000002
vn -0.0000002 0.0000000 -1.0000000
vn -0.0000002 0.0000000 -1.0000000
vn -0.0000002 0.0000000 -1.0000000
vn -0.0000002 0.0000000 -1.0000000
vn -0.0000002 0.0000000 -1.0000000
vn -0.0000002 0.0000000 -1.0000000
vn -0.8660254 0.0000000 -0.4999999
vn -0.8660254 0.0000000 -0.4999999
vn -0.8660254 0.0000000 -0.4999999
vn -0.8660254 0.0000000 -0.4999999
vn -0.8660254 0.0000000 -0.4999999
vn -0.8660254 0.0000000 -0.4999999
vn 0.0000000 -1.0000000 0.0000000
vn 0.0000000 -1.0000000 0.0000000
vn 0.0000000 -1.0000000 0.0000000
vn 0.0000000 -1.0000000 0.0000000
vn 0.0000000 -1.0000000 0.0000000
vn 0.0000000 -1.0000000 0.0000000
vn 0.0000000 -1.0000000 0.0000000
vn 0.0000000 -1.0000000 0.0000000
vn 0.0000000 -1.0000000 0.0000000
vn 0.0000000 -1.0000000 0.0000000
vn 0.0000000 -1.0000000 0.0000000
vn 0.0000000 -1.0000000 0.0000000
vn 0.0000000 1.0000000 0.0000000
vn 0.0000000 1.0000000 0.0000000
vn 0.0000000 1.0000000 0.0000000
vn 0.0000000 1.0000000 0.0000000
vn 0.0000000 1.0000000 0.0000000
vn 0.0000000 1.0000000 0.0000000
vn 0.0000000 1.0000000 0.0000000
vn 0.0000000 1.0000000 0.0000000
vn 0.0000000 1.0000000 0.0000000
vn 0.0000000 1.0000000 0.0000000
vn 0.0000000 1.0000000 0.0000000
vn 0.0000000 1.0000000 0.0000000
vn 0.5773507 -0.5773520 0.5773481
vn 0.5773507 -0.5773520 0.5773481
vn 0.5773507 -0.5773520 0.5773481
vn 0.5773505 -0.5773522 -0.5773481
vn 0.5773505 -0.5773522 -0.5773481
vn 0.5773505 -0.5773522 -0.5773481
vn 0.5773505 0.5773522 0.5773481
vn 0.5773505 0.5773522 0.5773481
vn 0.5773505 0.5773522 0.5773481
vn 0.5773505 0.5773521 -0.5773481
vn 0.5773505 0.5773521 -0.5773481
vn 0.5773505 0.5773521 -0.5773481
vn 0.0000000 -0.7071071 0.7071065
vn 0.0000000 -0.7071071 0.7071065
vn 0.0000000 -0.7071071 0.7071065
vn 0.0000000 -0.7071071 0.7071065
vn 0.0000000 -0.7071071 0.7071065
vn 0.0000000 -0.7071071 0.7071065
vn 0.0000000 -0.7071071 0.7071065
vn 0.0000000 -0.7071071 0.7071065
vn 0.0000000 -0.7071071 0.7071065
vn 0.0000000 -0.7071071 -0.7071065
vn 0.0000000 -0.7071071 -0.7071065
vn 0.0000000 -0.7071071 -0.7071065
vn 0.0000000 -0.7071071 -0.7071065
vn 0.0000000 -0.7071071 -0.7071065
vn 0.0000000 -0.7071071 -0.7071065
vn 0.0000000 -0.7071071 -0.7071065
vn 0.0000000 -0.7071071 -0.7071065
vn 0.0000000 -0.7071071 -0.7071065
vn 0.7071065 -0.7071071 0.0000000
vn 0.7071065 -0.7071071 0.0000000
vn 0.7071065 -0.7071071 0.0000000
vn 0.7071065 -0.7071071 0.0000000
vn 0.7071065 -0.7071071 0.0000000
vn 0.7071065 -0.7071071 0.0000000
vn 0.0000000 0.7071071 0.7071065
vn 0.0000000 0.7071071 0.7071065
vn 0.0000000 0.7071071 0.7071065
vn 0.0000000 0.7071071 0.7071065
vn 0.0000000 0.7071071 0.7071065
vn 0.0000000 0.7071071 0.7071065
vn 0.0000000 0.7071071 0.7071065
vn 0.0000000 0.7071071 0.7071065
vn 0.0000000 0.7071071 0.7071065
vn 0.7071065 0.7071071 0.0000000
vn 0.7071065 0.7071071 0.0000000
vn 0.7071065 0.7071071 0.0000000
vn 0.7071065 0.7071071 0.0000000
vn 0.7071065 0.7071071 0.0000000
vn 0.7071065 0.7071071 0.0000000
vn 0.0000000 0.7071071 -0.7071065
vn 0.0000000 0.7071071 -0.7071065
vn 0.0000000 0.7071071 -0.7071065
vn 0.0000000 0.7071071 -0.7071065
vn 0.0000000 0.7071071 -0.7071065
vn 0.0000000 0.7071071 -0.7071065
vn 0.0000000 0.7071071 -0.7071065
vn 0.0000000 0.7071071 -0.7071065
vn 0.0000000 0.7071071 -0.7071065
vn 0.7071066 0.0000000 0.7071069
vn 0.7071066 0.0000000 0.7071069
vn 0.7071066 0.0000000 0.7071069
vn 0.7071066 0.0000000 0.7071069
vn 0.7071066 0.0000000 0.7071069
vn 0.7071066 0.0000000 0.7071069
vn 0.7071066 0.0000000 -0.7071069
vn 0.7071066 0.0000000 -0.7071069
vn 0.7071066 0.0000000 -0.7071069
vn 0.7071066 0.0000000 -0.7071069
vn 0.7071066 0.0000000 -0.7071069
vn 0.7071066 0.0000000 -0.7071069
vn 0.0000000 0.0000000 1.0000000
vn 0.0000000 0.0000000 1.0000000
vn 0.0000000 0.0000000 1.0000000
vn 0.0000000 0.0000000 1.0000000
vn 0.0000000 0.0000000 1.0000000
vn 0.0000000 0.0000000 1.0000000
vn 0.0000000 0.0000000 1.0000000
vn 0.0000000 0.0000000 1.0000000
vn 0.0000000 0.0000000 1.0000000
vn 0.0000000 -1.0000000 0.0000000
vn 0.0000000 -1.0000000 0.0000000
vn 0.0000000 -1.0000000 0.0000000
vn 0.0000000 -1.0000000 0.0000000
vn 0.0000000 -1.0000000 0.0000000
vn 0.0000000 -1.0000000 0.0000000
vn 0.0000000 -1.0000000 0.0000000
vn 0.0000000 -1.0000000 0.0000000
vn 0.0000000 -1.0000000 0.0000000
vn 1.0000000 0.0000000 0.0000000
vn 1.0000000 0.0000000 0.0000000
vn 1.0000000 0.0000000 0.0000000
vn 1.0000000 0.0000000 0.0000000
vn 1.0000000 0.0000000 0.0000000
vn 1.0000000 0.0000000 0.0000000
vn 0.0000000 0.0000000 -1.0000000
vn 0.0000000 0.0000000 -1.0000000
vn 0.0000000 0.0000000 -1.0000000
vn 0.0000000 0.0000000 -1.0000000
vn 0.0000000 0.0000000 -1.0000000
vn 0.0000000 0.0000000 -1.0000000
vn 0.0000000 0.0000000 -1.0000000
vn 0.0000000 0.0000000 -1.0000000
vn 0.0000000 0.0000000 -1.0000000
vn 0.0000000 1.0000000 0.0000000
vn 0.0000000 1.0000000 0.0000000
vn 0.0000000 1.0000000 0.0000000
vn 0.0000000 1.0000000 0.0000000
vn 0.0000000 1.0000000 0.0000000
vn 0.0000000 1.0000000 0.0000000
vn 0.0000000 1.0000000 0.0000000
vn 0.0000000 1.0000000 0.0000000
vn 0.0000000 1.0000000 0.0000000
f 1/1/1 2/2/2 3/3/3
f 4/4/4 5/5/5 6/6/6
f 7/7/7 8/8/8 9/9/9
f 10/10/10 11/11/11 12/12/12
f 13/13/13 14/14/14 15/15/15
f 16/16/16 17/17/17 18/18/18
f 19/19/19 20/20/20 21/21/21
f 22/22/22 23/23/23 24/24/24
f 25/25/25 26/26/26 27/27/27
f 28/28/28 29/29/29 30/30/30
f 31/31/31 32/32/32 33/33/33
f 34/34/34 35/35/35 36/36/36
f 37/37/37 38/38/38 39/39/39
f 40/40/40 41/41/41 42/42/42
f 43/43/43 44/44/44 45/45/45
f 46/46/46 47/47/47 48/48/48
f 49/49/49 50/50/50 51/51/51
f 52/52/52 53/53/53 54/54/54
f 55/55/55 56/56/56 57/57/57
f 58/58/58 59/59/59 60/60/60
f 61/61/61 62/62/62 63/63/63
f 64/64/64 65/65/65 66/66/66
f 67/67/67 68/68/68 69/69/69
f 70/70/70 71/71/71 72/72/72
f 73/73/73 74/74/74 75/75/75
f 76/76/76 77/77/77 78/78/78
f 79/79/79 80/80/80 81/81/81
f 82/82/82 83/83/83 84/84/84
f 85/85/85 86/86/86 87/87/87
f 88/88/88 89/89/89 90/90/90
f 91/91/91 92/92/92 93/93/93
f 94/94/94 95/95/95 96/96/96
f 97/97/97 98/98/98 99/99/99
f 100/100/100 101/101/101 102/102/102
f 103/103/103 104/104/104 105/105/105
f 106/106/106 107/107/107 108/108/108
f 109/109/109 110/110/110 111/111/111
f 112/112/112 113/113/113 114/114/114
f 115/115/115 116/116/116 117/117/117
f 118/118/118 119/119/119 120/120/120
f 121/121/121 122/122/122 123/123/123
f 124/124/124 125/125/125 126/126/126
f 127/127/127 128/128/128 129/129/129
f 130/130/130 131/131/131 132/132/132
f 133/133/133 134/134/134 135/135/135
f 136/136/136 137/137/137 138/138/138
f 139/139/139 140/140/140 141/141/141
f 142/142/142 143/143/143 144/144/144
f 145/145/145 146/146/146 147/147/147
f 148/148/148 149/149/149 150/150/150
f 151/151/151 152/152/152 153/153/153
f 154/154/154 155/155/155 156/156/156
f 157/157/157 158/158/158 159/159/159
f 160/160/160 161/161/161 162/162/162
f 163/163/163 164/164/164 165/165/165
f 166/166/166 167/167/167 168/168/168
f 169/169/169 170/170/170 171/171/171
f 172/172/172 173/173/173 174/174/174
f 175/175/175 176/176/176 177/177/177
f 178/178/178 179/179/179 180/180/180
f 181/181/181 182/182/182 183/183/183
f 184/184/184 185/185/185 186/186/186
f 187/187/187 188/188/188 189/189/189
f 190/190/190 191/191/191 192/192/192
f 193/193/193 194/194/194 195/195/195
f 196/196/196 197/197/197 198/198/198
f 199/199/199 200/200/200 201/201/201
f 202/202/202 203/203/203 204/204/204
f 205/205/205 206/206/206 207/207/207
f 208/208/208 209/209/209 210/210/210
f 211/211/211 212/212/212 213/213/213
f 214/214/214 215/215/215 216/216/216
f 217/217/217 218/218/218 219/219/219
f 220/220/220 221/221/221 222/222/222
f 223/223/223 224/224/224 225/225/225
f 226/226/226 227/227/227 228/228/228
f 229/229/229 230/230/230 231/231/231
f 232/232/232 233/233/233 234/234/234
f 235/235/235 236/236/236 237/237/237
f 238/238/238 239/239/239 240/240/240
f 241/241/241 242/242/242 243/243/243
f 244/244/244 245/245/245 246/246/246
f 247/247/247 248/248/248 249/249/249
f 250/250/250 251/251/251 252/252/252
f 253/253/253 254/254/254 255/255/255
f 256/256/256 257/257/257 258/258/258
f 259/259/259 260/260/260 261/261/261
f 262/262/262 263/263/263 264/264/264
f 265/265/265 266/266/266 267/267/267
f 268/268/268 269/269/269 270/270/270
f 271/271/271 272/272/272 273/273/273
f 274/274/274 275/275/275 276/276/276
f 277/277/277 278/278/278 279/279/279
f 280/280/280 281/281/281 282/282/282
f 283/283/283 284/284/284 285/285/285
f 286/286/286 287/287/287 288/288/288
f 289/289/289 290/290/290 291/291/291
f 292/292/292 293/293/293 294/294/294
f 295/295/295 296/296/296 297/297/297
f 298/298/298 299/299/299 300/300/300
f 301/301/301 302/302/302 303/303/303
f 304/304/304 305/305/305 306/306/306
f 307/307/307 308/308/308 309/309/309
f 310/310/310 311/311/311 312/312/312
f 313/313/313 314/314/314 315/315/315
f 316/316/316 317/317/317 318/318/318
f 319/319/319 320/320/320 321/321/321
f 322/322/322 323/323/323 324/324/324
f 325/325/325 326/326/326 327/327/327
f 328/328/328 329/329/329 330/330/330
f 331/331/331 332/332/332 333/333/333
f 334/334/334 335/335/335 336/336/336
f 337/337/337 338/338/338 339/339/339
f 340/340/340 341/341/341 342/342/342
f 343/343/343 344/344/344 345/345/345
f 346/346/346 347/347/347 348/348/348
f 349/349/349 350/350/350 351/351/351
f 352/352/352 353/353/353 354/354/354
f 355/355/355 356/356/356 357/357/357
f 358/358/358 359/359/359 360/360/360
f 361/361/361 362/362/362 363/363/363
f 364/364/364 365/365/365 366/366/366
f 367/367/367 368/368/368 369/369/369
f 370/370/370 371/371/371 372/372/372
f 373/373/373 374/374/374 375/375/375
f 376/376/376 377/377/377 378/378/378
f 379/379/379 380/380/380 381/381/381
f 382/382/382 383/383/383 384/384/384
f 385/385/385 386/386/386 387/387/387
f 388/388/388 389/389/389 390/390/390
f 391/391/391 392/392/392 393/393/393
f 394/394/394 395/395/395 396/396/396
f 397/397/397 398/398/398 399/399/399
f 400/400/400 401/401/401 402/402/402
f 403/403/403 404/404/404 405/405/405
f 406/406/406 407/407/407 408/408/408
f 409/409/409 410/410/410 411/411/411
f 412/412/412 413/413/413 414/414/414
f 415/415/415 416/416/416 417/417/417
f 418/418/418 419/419/419 420/420/420
f 421/421/421 422/422/422 423/423/423
f 424/424/424 425/425/425 426/426/426
f 427/427/427 428/428/428 429/429/429
f 430/430/430 431/431/431 432/432/432
f 433/433/433 434/434/434 435/435/435
f 436/436/436 437/437/437 438/438/438
f 439/439/439 440/440/440 441/441/441
f 442/442/442 443/443/443 444/444/444
f 445/445/445 446/446/446 447/447/447
f 448/448/448 449/449/449 450/450/450
f 451/451/451 452/452/452 453/453/453
f 454/454/454 455/455/455 456/456/456
f 457/457/457 458/458/458 459/459/459
f 460/460/460 461/461/461 462/462/462
f 463/463/463 464/464/464 465/465/465
f 466/466/466 467/467/467 468/468/468
f 469/469/469 470/470/470 471/471/471
f 472/472/472 473/473/473 474/474/474
f 475/475/475 476/476/476 477/477/477
f 478/478/478 479/479/479 480/480/480
f 481/481/481 482/482/482 483/483/483
f 484/484/484 485/485/485 486/486/486
f 487/487/487 488/488/488 489/489/489
f 490/490/490 491/491/491 492/492/492
f 493/493/493 494/494/494 495/495/495
f 496/496/496 497/497/497 498/498/498
f 499/499/499 500/500/500 501/501/501
f 502/502/502 503/503/503 504/504/504
f 505/505/505 506/506/506 507/507/507
f 508/508/508 509/509/509 510/510/510
f 511/511/511 512/512/512 513/513/513
f 514/514/514 515/515/515 516/516/516
f 517/517/517 518/518/518 519/519/519
f 520/520/520 521/521/521 522/522/522
f 523/523/523 524/524/524 525/525/525
f 526/526/526 527/527/527 528/528/528
f 529/529/529 530/530/530 531/531/531
f 532/532/532 533/533/533 534/534/534
f 535/535/535 536/536/536 537/537/537
f 538/538/538 539/539/539 540/540/540
f 541/541/541 542/542/542 543/543/543
f 544/544/544 545/545/545 546/546/546
f 547/547/547 548/548/548 549/549/549
f 550/550/550 551/551/551 552/552/552
f 553/553/553 554/554/554 555/555/555
f 556/556/556 557/557/557 558/558/558
f 559/559/559 560/560/560 561/561/561
f 562/562/562 563/563/563 564/564/564
f 565/565/565 566/566/566 567/567/567
f 568/568/568 569/569/569 570/570/570
f 571/571/571 572/572/572 573/573/573
f 574/574/574 575/575/575 576/576/576
f 577/577/577 578/578/578 579/579/579
f 580/580/580 581/581/581 582/582/582
f 583/583/583 584/584/584 585/585/585
f 586/586/586 587/587/587 588/588/588
f 589/589/589 590/590/590 591/591/591
f 592/592/592 593/593/593 594/594/594
f 595/595/595 596/596/596 597/597/597
f 598/598/598 599/599/599 600/600/600
f 601/601/601 602/602/602 603/603/603
f 604/604/604 605/605/605 606/606/606
f 607/607/607 608/608/608 609/609/609
f 610/610/610 611/611/611 612/612/612
f 613/613/613 614/614/614 615/615/615
f 616/616/616 617/617/617 618/618/618
f 619/619/619 620/620/620 621/621/621
f 622/622/622 623/623/623 624/624/624
f 625/625/625 626/626/626 627/627/627
f 628/628/628 629/629/629 630/630/630
f 631/631/631 632/632/632 633/633/633
f 634/634/634 635/635/635 636/636/636
f 637/637/637 638/638/638 639/639/639
f 640/640/640 641/641/641 642/642/642
f 643/643/643 644/644/644 645/645/645
f 646/646/646 647/647/647 648/648/648
f 649/649/649 650/650/650 651/651/651
f 652/652/652 653/653/653 654/654/654
f 655/655/655 656/656/656 657/657/657
f 658/658/658 659/659/659 660/660/660
f 661/661/661 662/662/662 663/663/663
f 664/664/664 665/665/665 666/666/666
f 667/667/667 668/668/668 669/669/669
f 670/670/670 671/671/671 672/672/672
f 673/673/673 674/674/674 675/675/675
f 676/676/676 677/677/677 678/678/678
f 679/679/679 680/680/680 681/681/681
f 682/682/682 683/683/683 684/684/684
f 685/685/685 686/686/686 687/687/687
f 688/688/688 689/689/689 690/690/690
f 691/691/691 692/692/692 693/693/693
f 694/694/694 695/695/695 696/696/696
f 697/697/697 698/698/698 699/699/699
f 700/700/700 701/701/701 702/702/702
f 703/703/703 704/704/704 705/705/705
f 706/706/706 707/707/707 708/708/708
f 709/709/709 710/710/710 711/711/711
f 712/712/712 713/713/713 714/714/714
f 715/715/715 716/716/716 717/717/717
f 718/718/718 719/719/719 720/720/720
f 721/721/721 722/722/722 723/723/723
f 724/724/724 725/725/725 726/726/726
f 727/727/727 728/728/728 729/729/729
f 730/730/730 731/731/731 732/732/732
f 733/733/733 734/734/734 735/735/735
f 736/736/736 737/737/737 738/738/738
f 739/739/739 740/740/740 741/741/741
f 742/742/742 743/743/743 744/744/744
f 745/745/745 746/746/746 747/747/747
f 748/748/748 749/749/749 750/750/750
f 751/751/751 752/752/752 753/753/753
f 754/754/754 755/755/755 756/756/756
f 757/757/757 758/758/758 759/759/759
f 760/760/760 761/761/761 762/762/762
f 763/763/763 764/764/764 765/765/765
f 766/766/766 767/767/767 768/768/768
f 769/769/769 770/770/770 771/771/771
f 772/772/772 773/773/773 774/774/774
f 775/775/775 776/776/776 777/777/777
f 778/778/778 779/779/779 780/780/780
f 781/781/781 782/782/782 783/783/783
f 784/784/784 785/785/785 786/786/786
f 787/787/787 788/788/788 789/789/789
f 790/790/790 791/791/791 792/792/792
f 793/793/793 794/794/794 795/795/795
f 796/796/796 797/797/797 798/798/798
f 799/799/799 800/800/800 801/801/801
f 802/802/802 803/803/803 804/804/804
f 805/805/805 806/806/806 807/807/807
f 808/808/808 809/809/809 810/810/810
f 811/811/811 812/812/812 813/813/813
f 814/814/814 815/815/815 816/816/816
f 817/817/817 818/818/818 819/819/819
f 820/820/820 821/821/821 822/822/822
f 823/823/823 824/824/824 825/825/825
f 826/826/826 827/827/827 828/828/828
f 829/829/829 830/830/830 831/831/831
f 832/832/832 833/833/833 834/834/834
f 835/835/835 836/836/836 837/837/837
f 838/838/838 839/839/839 840/840/840
f 841/841/841 842/842/842 843/843/843
f 844/844/844 845/845/845 846/846/846
f 847/847/847 848/848/848 849/849/849
f 850/850/850 851/851/851 852/852/852
f 853/853/853 854/854/854 855/855/855
f 856/856/856 857/857/857 858/858/858
f 859/859/859 860/860/860 861/861/861
f 862/862/862 863/863/863 864/864/864
f 865/865/865 866/866/866 867/867/867
f 868/868/868 869/869/869 870/870/870
f 871/871/871 872/872/872 873/873/873
f 874/874/874 875/875/875 876/876/876
f 877/877/877 878/878/878 879/879/879
f 880/880/880 881/881/881 882/882/882
f 883/883/883 884/884/884 885/885/885
f 886/886/886 887/887/887 888/888/888
f 889/889/889 890/890/890 891/891/891
f 892/892/892 893/893/893 894/894/894
f 895/895/895 896/896/896 897/897/897
f 898/898/898 899/899/899 900/900/900
f 901/901/901 902/902/902 903/903/903
f 904/904/904 905/905/905 906/906/906
f 907/907/907 908/908/908 909/909/909
f 910/910/910 911/911/911 912/912/912
f 913/913/913 914/914/914 915/915/915
f 916/916/916 917/917/917 918/918/918
f 919/919/919 920/920/920 921/921/921
f 922/922/922 923/923/923 924/924/924
f 925/925/925 926/926/926 927/927/927
f 928/928/928 929/929/929 930/930/930
f 931/931/931 932/932/932 933/933/933
f 934/934/934 935/935/935 936/936/936
f 937/937/937 938/938/938 939/939/939
f 940/940/940 941/941/941 942/942/942
f 943/943/943 944/944/944 945/945/945
f 946/946/946 947/947/947 948/948/948
f 949/949/949 950/950/950 951/951/951
f 952/952/952 953/953/953 954/954/954
f 955/955/955 956/956/956 957/957/957
f 958/958/958 959/959/959 960/960/960
f 961/961/961 962/962/962 963/963/963
f 964/964/964 965/965/965 966/966/966
f 967/967/967 968/968/968 969/969/969
f 970/970/970 971/971/971 972/972/972
f 973/973/973 974/974/974 975/975/975
f 976/976/976 977/977/977 978/978/978
f 979/979/979 980/980/980 981/981/981
f 982/982/982 983/983/983 984/984/984
f 985/985/985 986/986/986 987/987/987
f 988/988/988 989/989/989 990/990/990
f 991/991/991 992/992/992 993/993/993
f 994/994/994 995/995/995 996/996/996
f 997/997/997 998/998/998 999/999/999
f 1000/1000/1000 1001/1001/1001 1002/1002/1002
f 1003/1003/1003 1004/1004/1004 1005/1005/1005
f 1006/1006/1006 1007/1007/1007 1008/1008/1008
f 1009/1009/1009 1010/1010/1010 1011/1011/1011
f 1012/1012/1012 1013/1013/1013 1014/1014/1014
f 1015/1015/1015 1016/1016/1016 1017/1017/1017
f 1018/1018/1018 1019/1019/1019 1020/1020/1020
f 1021/1021/1021 1022/1022/1022 1023/1023/1023
f 1024/1024/1024 1025/1025/1025 1026/1026/1026
f 1027/1027/1027 1028/1028/1028 1029/1029/1029
f 1030/1030/1030 1031/1031/1031 1032/1032/1032
f 1033/1033/1033 1034/1034/1034 1035/1035/1035
f 1036/1036/1036 1037/1037/1037 1038/1038/1038
f 1039/1039/1039 1040/1040/1040 1041/1041/1041
f 1042/1042/1042 1043/1043/1043 1044/1044/1044
f 1045/1045/1045 1046/1046/1046 1047/1047/1047
f 1048/1048/1048 1049/1049/1049 1050/1050/1050
f 1051/1051/1051 1052/1052/1052 1053/1053/1053
f 1054/1054/1054 1055/1055/1055 1056/1056/1056
f 1057/1057/1057 1058/1058/1058 1059/1059/1059
f 1060/1060/1060 1061/1061/1061 1062/1062/1062
f 1063/1063/1063 1064/1064/1064 1065/1065/1065
f 1066/1066/1066 1067/1067/1067 1068/1068/1068
f 1069/1069/1069 1070/1070/1070 1071/1071/1071
f 1072/1072/1072 1073/1073/1073 1074/1074/1074
f 1075/1075/1075 1076/1076/1076 1077/1077/1077
f 1078/1078/1078 1079/1079/1079 1080/1080/1080
f 1081/1081/1081 1082/1082/1082 1083/1083/1083
f 1084/1084/1084 1085/1085/1085 1086/1086/1086
f 1087/1087/1087 1088/1088/1088 1089/1089/1089
f 1090/1090/1090 1091/1091/1091 1092/1092/1092
f 1093/1093/1093 1094/1094/1094 1095/1095/1095
f 1096/1096/1096 1097/1097/1097 1098/1098/1098
f 1099/1099/1099 1100/1100/1100 1101/1101/1101
f 1102/1102/1102 1103/1103/1103 1104/1104/1104
f 1105/1105/1105 1106/1106/1106 1107/1107/1107
f 1108/1108/1108 1109/1109/1109 1110/1110/1110
f 1111/1111/1111 1112/1112/1112 1113/1113/1113
f 1114/1114/1114 1115/1115/1115 1116/1116/1116
f 1117/1117/1117 1118/1118/1118 1119/1119/1119
f 1120/1120/1120 1121/1121/1121 1122/1122/1122
f 1123/1123/1123 1124/1124/1124 1125/1125/1125
f 1126/1126/1126 1127/1127/1127 1128/1128/1128
f 1129/1129/1129 1130/1130/1130 1131/1131/1131
