# metre = block; Y up; per-cell coordinates; atlas UVs preserved
mtllib materials.mtl
o cell_13
usemtl pump_atlas
v 0.1977672 0.9928933 1.0000000
v 0.2000000 0.9933510 0.9988949
v 0.1982086 0.9937039 1.0000000
v 0.1982086 0.9937039 1.0000000
v 0.2000000 0.9933510 0.9988949
v 0.2000000 0.9969940 1.0000000
v 0.0854896 0.8659107 1.0000000
v 0.2000000 0.8999921 0.9489936
v 0.1207300 0.9057665 1.0000000
v 0.1207300 0.9057665 1.0000000
v 0.2000000 0.8999921 0.9489936
v 0.2000000 0.9933510 0.9988949
v 0.1207300 0.9057665 1.0000000
v 0.2000000 0.9933510 0.9988949
v 0.1977672 0.9928933 1.0000000
v 0.0000000 0.7424009 0.9575991
v 0.2000000 0.8181624 0.8818376
v 0.0168875 0.8082585 1.0000000
v 0.0000000 0.7424009 0.9575991
v 0.0168875 0.8082585 1.0000000
v 0.0000000 0.7940665 1.0000000
v 0.0168875 0.8082585 1.0000000
v 0.2000000 0.8181624 0.8818376
v 0.2000000 0.8999921 0.9489936
v 0.0168875 0.8082585 1.0000000
v 0.2000000 0.8999921 0.9489936
v 0.0854896 0.8659107 1.0000000
v 0.0000000 0.6619203 0.8595333
v 0.2000000 0.7510065 0.8000079
v 0.0000000 0.7152188 0.9244776
v 0.0000000 0.7152188 0.9244776
v 0.2000000 0.7510065 0.8000079
v 0.2000000 0.8181624 0.8818376
v 0.0000000 0.7152188 0.9244776
v 0.2000000 0.8181624 0.8818376
v 0.0000000 0.7424009 0.9575991
v 0.0000000 0.6021179 0.7476509
v 0.2000000 0.7011051 0.7066491
v 0.0000000 0.6417222 0.8217453
v 0.0000000 0.6417222 0.8217453
v 0.2000000 0.7011051 0.7066491
v 0.2000000 0.7510065 0.8000079
v 0.0000000 0.6417222 0.8217453
v 0.2000000 0.7510065 0.8000079
v 0.0000000 0.6619203 0.8595333
v 0.0000000 0.5652918 0.6262514
v 0.2000000 0.6703761 0.6053488
v 0.0000000 0.5896800 0.7066484
v 0.0000000 0.5896800 0.7066484
v 0.2000000 0.6703761 0.6053488
v 0.2000000 0.7011051 0.7066491
v 0.0000000 0.5896800 0.7066484
v 0.2000000 0.7011051 0.7066491
v 0.0000000 0.6021179 0.7476509
v 0.0000000 0.5528571 0.5000000
v 0.2000000 0.6600000 0.5000000
v 0.0000000 0.5610920 0.5836102
v 0.0000000 0.5610920 0.5836102
v 0.2000000 0.6600000 0.5000000
v 0.2000000 0.6703761 0.6053488
v 0.0000000 0.5610920 0.5836102
v 0.2000000 0.6703761 0.6053488
v 0.0000000 0.5652918 0.6262514
v 0.0000000 0.5652918 0.3737486
v 0.2000000 0.6703761 0.3946512
v 0.0000000 0.5570570 0.4573588
v 0.0000000 0.5570570 0.4573588
v 0.2000000 0.6703761 0.3946512
v 0.2000000 0.6600000 0.5000000
v 0.0000000 0.5570570 0.4573588
v 0.2000000 0.6600000 0.5000000
v 0.0000000 0.5528571 0.5000000
v 0.0000000 0.6021179 0.2523491
v 0.2000000 0.7011051 0.2933509
v 0.0000000 0.5777298 0.3327461
v 0.0000000 0.5777298 0.3327461
v 0.2000000 0.7011051 0.2933509
v 0.2000000 0.6703761 0.3946512
v 0.0000000 0.5777298 0.3327461
v 0.2000000 0.6703761 0.3946512
v 0.0000000 0.5652918 0.3737486
v 0.0000000 0.6619203 0.1404667
v 0.2000000 0.7510065 0.1999921
v 0.0000000 0.6223161 0.2145610
v 0.0000000 0.6223161 0.2145610
v 0.2000000 0.7510065 0.1999921
v 0.2000000 0.7011051 0.2933509
v 0.0000000 0.6223161 0.2145610
v 0.2000000 0.7011051 0.2933509
v 0.0000000 0.6021179 0.2523491
v 0.0000000 0.7424009 0.0424009
v 0.2000000 0.8181624 0.1181624
v 0.0000000 0.6891025 0.1073451
v 0.0000000 0.6891025 0.1073451
v 0.2000000 0.8181624 0.1181624
v 0.2000000 0.7510065 0.1999921
v 0.0000000 0.6891025 0.1073451
v 0.2000000 0.7510065 0.1999921
v 0.0000000 0.6619203 0.1404667
v 0.0854896 0.8659107 0.0000000
v 0.2000000 0.8999921 0.0510064
v 0.0000000 0.7755225 0.0152187
v 0.0854896 0.8659107 0.0000000
v 0.0000000 0.7755225 0.0152187
v 0.0000000 0.7940665 0.0000000
v 0.0000000 0.7755225 0.0152187
v 0.2000000 0.8999921 0.0510064
v 0.2000000 0.8181624 0.1181624
v 0.0000000 0.7755225 0.0152187
v 0.2000000 0.8181624 0.1181624
v 0.0000000 0.7424009 0.0424009
v 0.1977672 0.9928933 0.0000000
v 0.2000000 0.9933510 0.0011051
v 0.1962781 0.9912091 0.0000000
v 0.1962781 0.9912091 0.0000000
v 0.2000000 0.9933510 0.0011051
v 0.2000000 0.8999921 0.0510064
v 0.1962781 0.9912091 0.0000000
v 0.2000000 0.8999921 0.0510064
v 0.0854896 0.8659107 0.0000000
v 0.2000000 0.9969940 0.0000000
v 0.2000000 0.9933510 0.0011051
v 0.1977672 0.9928933 0.0000000
v 0.2000000 0.9969940 1.0000000
v 0.2000000 0.9933510 0.9988949
v 0.2108592 1.0000000 0.9828428
v 0.2000000 0.9969940 1.0000000
v 0.2108592 1.0000000 0.9828428
v 0.2005480 1.0000000 1.0000000
v 0.2000000 0.9933510 0.9988949
v 0.2000000 0.8999921 0.9489936
v 0.3125057 1.0000000 0.7993213
v 0.2000000 0.9933510 0.9988949
v 0.3125057 1.0000000 0.7993213
v 0.2599427 1.0000000 0.8942231
v 0.2000000 0.9933510 0.9988949
v 0.2599427 1.0000000 0.8942231
v 0.2108592 1.0000000 0.9828428
v 0.2000000 0.8999921 0.9489936
v 0.2000000 0.8181624 0.8818376
v 0.3199999 0.9539269 0.7460732
v 0.2000000 0.8999921 0.9489936
v 0.3199999 0.9539269 0.7460732
v 0.3199999 1.0000000 0.7838843
v 0.2000000 0.8999921 0.9489936
v 0.3199999 1.0000000 0.7838843
v 0.3125057 1.0000000 0.7993213
v 0.2000000 0.8181624 0.8818376
v 0.2000000 0.7510065 0.8000079
v 0.3199999 0.9106486 0.6933384
v 0.2000000 0.8181624 0.8818376
v 0.3199999 0.9106486 0.6933384
v 0.3199999 0.9539269 0.7460732
v 0.2000000 0.7510065 0.8000079
v 0.2000000 0.7011051 0.7066491
v 0.3199999 0.8784900 0.6331738
v 0.2000000 0.7510065 0.8000079
v 0.3199999 0.8784900 0.6331738
v 0.3199999 0.9106486 0.6933384
v 0.2000000 0.7011051 0.7066491
v 0.2000000 0.6703761 0.6053488
v 0.3199999 0.8586868 0.5678914
v 0.2000000 0.7011051 0.7066491
v 0.3199999 0.8586868 0.5678914
v 0.3199999 0.8784900 0.6331738
v 0.2000000 0.6703761 0.6053488
v 0.2000000 0.6600000 0.5000000
v 0.3199999 0.8520001 0.5000000
v 0.2000000 0.6703761 0.6053488
v 0.3199999 0.8520001 0.5000000
v 0.3199999 0.8586868 0.5678914
v 0.2000000 0.6600000 0.5000000
v 0.2000000 0.6703761 0.3946512
v 0.3199999 0.8586868 0.4321086
v 0.2000000 0.6600000 0.5000000
v 0.3199999 0.8586868 0.4321086
v 0.3199999 0.8520001 0.5000000
v 0.2000000 0.6703761 0.3946512
v 0.2000000 0.7011051 0.2933509
v 0.3199999 0.8784900 0.3668262
v 0.2000000 0.6703761 0.3946512
v 0.3199999 0.8784900 0.3668262
v 0.3199999 0.8586868 0.4321086
v 0.2000000 0.7011051 0.2933509
v 0.2000000 0.7510065 0.1999921
v 0.3199999 0.9106486 0.3066616
v 0.2000000 0.7011051 0.2933509
v 0.3199999 0.9106486 0.3066616
v 0.3199999 0.8784900 0.3668262
v 0.2000000 0.7510065 0.1999921
v 0.2000000 0.8181624 0.1181624
v 0.3199999 0.9539269 0.2539268
v 0.2000000 0.7510065 0.1999921
v 0.3199999 0.9539269 0.2539268
v 0.3199999 0.9106486 0.3066616
v 0.2000000 0.8181624 0.1181624
v 0.2000000 0.8999921 0.0510064
v 0.3125057 1.0000000 0.2006787
v 0.2000000 0.8181624 0.1181624
v 0.3125057 1.0000000 0.2006787
v 0.3157590 1.0000000 0.2073801
v 0.2000000 0.8181624 0.1181624
v 0.3157590 1.0000000 0.2073801
v 0.3199999 1.0000000 0.2161157
v 0.2000000 0.8181624 0.1181624
v 0.3199999 1.0000000 0.2161157
v 0.3199999 0.9539269 0.2539268
v 0.2000000 0.8999921 0.0510064
v 0.2000000 0.9933510 0.0011051
v 0.2108592 1.0000000 0.0171572
v 0.2000000 0.8999921 0.0510064
v 0.2108592 1.0000000 0.0171572
v 0.2719334 1.0000000 0.1274258
v 0.2000000 0.8999921 0.0510064
v 0.2719334 1.0000000 0.1274258
v 0.3125057 1.0000000 0.2006787
v 0.2000000 0.9933510 0.0011051
v 0.2000000 0.9969940 0.0000000
v 0.2005480 1.0000000 0.0000000
v 0.2000000 0.9933510 0.0011051
v 0.2005480 1.0000000 0.0000000
v 0.2057502 1.0000000 0.0086561
v 0.2000000 0.9933510 0.0011051
v 0.2057502 1.0000000 0.0086561
v 0.2108592 1.0000000 0.0171572
v 0.3199999 1.0000000 0.7838843
v 0.3199999 0.9539269 0.7460732
v 0.3199999 1.0000000 0.7651573
v 0.3199999 1.0000000 0.7651573
v 0.3199999 0.9539269 0.7460732
v 0.3199999 0.9106486 0.6933384
v 0.3199999 1.0000000 0.7651573
v 0.3199999 0.9106486 0.6933384
v 0.3199999 1.0000000 0.7410977
v 0.3199999 1.0000000 0.7410977
v 0.3199999 0.9106486 0.6933384
v 0.3199999 0.8784900 0.6331738
v 0.3199999 1.0000000 0.7410977
v 0.3199999 0.8784900 0.6331738
v 0.3199999 1.0000000 0.7143642
v 0.3199999 1.0000000 0.7143642
v 0.3199999 0.8784900 0.6331738
v 0.3199999 0.8586868 0.5678914
v 0.3199999 1.0000000 0.7143642
v 0.3199999 0.8586868 0.5678914
v 0.3199999 1.0000000 0.6838642
v 0.3199999 1.0000000 0.6838642
v 0.3199999 0.8586868 0.5678914
v 0.3199999 0.8520001 0.5000000
v 0.3199999 1.0000000 0.6838642
v 0.3199999 0.8520001 0.5000000
v 0.3199999 1.0000000 0.6479999
v 0.3199999 1.0000000 0.6479999
v 0.3199999 0.8520001 0.5000000
v 0.3199999 0.8586868 0.4321086
v 0.3199999 1.0000000 0.6479999
v 0.3199999 0.8586868 0.4321086
v 0.3199999 1.0000000 0.6042993
v 0.3199999 1.0000000 0.6042993
v 0.3199999 0.8586868 0.4321086
v 0.3199999 0.8784900 0.3668262
v 0.3199999 1.0000000 0.6042993
v 0.3199999 0.8784900 0.3668262
v 0.3199999 1.0000000 0.5486788
v 0.3199999 1.0000000 0.5486788
v 0.3199999 0.8784900 0.3668262
v 0.3199999 0.9106486 0.3066616
v 0.3199999 1.0000000 0.5486788
v 0.3199999 0.9106486 0.3066616
v 0.3199999 1.0000000 0.4738263
v 0.3199999 1.0000000 0.4738263
v 0.3199999 0.9106486 0.3066616
v 0.3199999 0.9539269 0.2539268
v 0.3199999 1.0000000 0.4738263
v 0.3199999 0.9539269 0.2539268
v 0.3199999 1.0000000 0.3651571
v 0.3199999 1.0000000 0.3651571
v 0.3199999 0.9539269 0.2539268
v 0.3199999 1.0000000 0.2161157
v 0.2960000 1.0000000 0.6888557
v 0.2960000 0.9609770 0.6380000
v 0.5120001 0.9609770 0.6380000
v 0.2960000 1.0000000 0.6888557
v 0.5120001 0.9609770 0.6380000
v 0.3198281 1.0000000 0.6888557
v 0.3198281 1.0000000 0.6888557
v 0.5120001 0.9609770 0.6380000
v 0.5120001 1.0000000 0.6888557
v 0.2960000 0.9609770 0.6380000
v 0.2960000 0.9334045 0.5714341
v 0.5120001 0.9334045 0.5714341
v 0.2960000 0.9609770 0.6380000
v 0.5120001 0.9334045 0.5714341
v 0.5120001 0.9609770 0.6380000
v 0.2960000 0.9334045 0.5714341
v 0.2960000 0.9240000 0.5000000
v 0.5120001 0.9240000 0.5000000
v 0.2960000 0.9334045 0.5714341
v 0.5120001 0.9240000 0.5000000
v 0.5120001 0.9334045 0.5714341
v 0.2960000 0.9240000 0.5000000
v 0.2960000 0.9334045 0.4285659
v 0.5120001 0.9334045 0.4285659
v 0.2960000 0.9240000 0.5000000
v 0.5120001 0.9334045 0.4285659
v 0.5120001 0.9240000 0.5000000
v 0.2960000 0.9334045 0.4285659
v 0.2960000 0.9609770 0.3620000
v 0.5120001 0.9609770 0.3620000
v 0.2960000 0.9334045 0.4285659
v 0.5120001 0.9609770 0.3620000
v 0.5120001 0.9334045 0.4285659
v 0.2960000 0.9609770 0.3620000
v 0.2960000 1.0000000 0.3111443
v 0.4881720 1.0000000 0.3111443
v 0.2960000 0.9609770 0.3620000
v 0.4881720 1.0000000 0.3111443
v 0.5120001 1.0000000 0.3111443
v 0.2960000 0.9609770 0.3620000
v 0.5120001 1.0000000 0.3111443
v 0.5120001 0.9609770 0.3620000
v 0.2960000 1.0000000 0.3111443
v 0.2960000 0.9609770 0.3620000
v 0.2960000 1.0000000 0.4295898
v 0.2960000 1.0000000 0.4295898
v 0.2960000 0.9609770 0.3620000
v 0.2960000 0.9334045 0.4285659
v 0.2960000 1.0000000 0.4295898
v 0.2960000 0.9334045 0.4285659
v 0.2960000 1.0000000 0.5153549
v 0.2960000 1.0000000 0.5153549
v 0.2960000 0.9334045 0.4285659
v 0.2960000 0.9240000 0.5000000
v 0.2960000 1.0000000 0.5153549
v 0.2960000 0.9240000 0.5000000
v 0.2960000 1.0000000 0.5760000
v 0.2960000 1.0000000 0.5760000
v 0.2960000 0.9240000 0.5000000
v 0.2960000 0.9334045 0.5714341
v 0.2960000 1.0000000 0.5760000
v 0.2960000 0.9334045 0.5714341
v 0.2960000 1.0000000 0.6225346
v 0.2960000 1.0000000 0.6225346
v 0.2960000 0.9334045 0.5714341
v 0.2960000 0.9609770 0.6380000
v 0.2960000 1.0000000 0.6225346
v 0.2960000 0.9609770 0.6380000
v 0.2960000 1.0000000 0.6605299
v 0.2960000 1.0000000 0.6605299
v 0.2960000 0.9609770 0.6380000
v 0.2960000 1.0000000 0.6888557
v 0.5120001 1.0000000 0.6888557
v 0.5120001 0.9609770 0.6380000
v 0.5120001 1.0000000 0.6605299
v 0.5120001 1.0000000 0.6605299
v 0.5120001 0.9609770 0.6380000
v 0.5120001 0.9334045 0.5714341
v 0.5120001 1.0000000 0.6605299
v 0.5120001 0.9334045 0.5714341
v 0.5120001 1.0000000 0.6225346
v 0.5120001 1.0000000 0.6225346
v 0.5120001 0.9334045 0.5714341
v 0.5120001 0.9240000 0.5000000
v 0.5120001 1.0000000 0.6225346
v 0.5120001 0.9240000 0.5000000
v 0.5120001 1.0000000 0.5760000
v 0.5120001 1.0000000 0.5760000
v 0.5120001 0.9240000 0.5000000
v 0.5120001 0.9334045 0.4285659
v 0.5120001 1.0000000 0.5760000
v 0.5120001 0.9334045 0.4285659
v 0.5120001 1.0000000 0.5153549
v 0.5120001 1.0000000 0.5153549
v 0.5120001 0.9334045 0.4285659
v 0.5120001 0.9609770 0.3620000
v 0.5120001 1.0000000 0.5153549
v 0.5120001 0.9609770 0.3620000
v 0.5120001 1.0000000 0.4295898
v 0.5120001 1.0000000 0.4295898
v 0.5120001 0.9609770 0.3620000
v 0.5120001 1.0000000 0.3111443
v 0.2360003 0.3384000 0.7436000
v 0.2504003 0.3240000 0.7436000
v 0.2504003 0.3384000 0.7580000
v 0.5576003 0.3384000 0.7580000
v 0.5576003 0.3240000 0.7436000
v 0.5720003 0.3384000 0.7436000
v 0.5576003 0.3240000 0.2564000
v 0.5576003 0.3384000 0.2420000
v 0.5720003 0.3384000 0.2564000
v 0.2360003 0.3384000 0.2564000
v 0.2504003 0.3384000 0.2420000
v 0.2504003 0.3240000 0.2564000
v 0.2504003 0.3384000 0.7580000
v 0.2504003 0.3240000 0.7436000
v 0.5576003 0.3240000 0.7436000
v 0.2504003 0.3384000 0.7580000
v 0.5576003 0.3240000 0.7436000
v 0.5576003 0.3384000 0.7580000
v 0.2360003 0.3384000 0.7436000
v 0.2360003 0.3384000 0.2564000
v 0.2504003 0.3240000 0.2564000
v 0.2360003 0.3384000 0.7436000
v 0.2504003 0.3240000 0.2564000
v 0.2504003 0.3240000 0.7436000
v 0.2504003 0.3240000 0.2564000
v 0.2504003 0.3384000 0.2420000
v 0.5576003 0.3384000 0.2420000
v 0.2504003 0.3240000 0.2564000
v 0.5576003 0.3384000 0.2420000
v 0.5576003 0.3240000 0.2564000
v 0.5576003 0.3240000 0.7436000
v 0.5576003 0.3240000 0.2564000
v 0.5720003 0.3384000 0.2564000
v 0.5576003 0.3240000 0.7436000
v 0.5720003 0.3384000 0.2564000
v 0.5720003 0.3384000 0.7436000
v 0.2360003 0.3384000 0.7436000
v 0.2504003 0.3384000 0.7580000
v 0.2504003 1.0000000 0.7580000
v 0.2360003 0.3384000 0.7436000
v 0.2504003 1.0000000 0.7580000
v 0.2481027 1.0000000 0.7557024
v 0.2360003 0.3384000 0.7436000
v 0.2481027 1.0000000 0.7557024
v 0.2360003 1.0000000 0.7436000
v 0.5576003 0.3384000 0.7580000
v 0.5720003 0.3384000 0.7436000
v 0.5720003 1.0000000 0.7436000
v 0.5576003 0.3384000 0.7580000
v 0.5720003 1.0000000 0.7436000
v 0.5697027 1.0000000 0.7458976
v 0.5576003 0.3384000 0.7580000
v 0.5697027 1.0000000 0.7458976
v 0.5576003 1.0000000 0.7580000
v 0.5576003 0.3384000 0.2420000
v 0.5576003 1.0000000 0.2420000
v 0.5697027 1.0000000 0.2541024
v 0.5576003 0.3384000 0.2420000
v 0.5697027 1.0000000 0.2541024
v 0.5720003 1.0000000 0.2564000
v 0.5576003 0.3384000 0.2420000
v 0.5720003 1.0000000 0.2564000
v 0.5720003 0.3384000 0.2564000
v 0.2360003 0.3384000 0.2564000
v 0.2360003 1.0000000 0.2564000
v 0.2481027 1.0000000 0.2442976
v 0.2360003 0.3384000 0.2564000
v 0.2481027 1.0000000 0.2442976
v 0.2504003 1.0000000 0.2420000
v 0.2360003 0.3384000 0.2564000
v 0.2504003 1.0000000 0.2420000
v 0.2504003 0.3384000 0.2420000
v 0.2504003 0.3384000 0.7580000
v 0.5576003 0.3384000 0.7580000
v 0.5576003 1.0000000 0.7580000
v 0.2504003 0.3384000 0.7580000
v 0.5576003 1.0000000 0.7580000
v 0.5085856 1.0000000 0.7580000
v 0.2504003 0.3384000 0.7580000
v 0.5085856 1.0000000 0.7580000
v 0.2504003 1.0000000 0.7580000
v 0.2504003 0.3240000 0.7436000
v 0.2504003 0.3240000 0.2564000
v 0.5576003 0.3240000 0.2564000
v 0.2504003 0.3240000 0.7436000
v 0.5576003 0.3240000 0.2564000
v 0.5576003 0.3240000 0.7436000
v 0.2360003 0.3384000 0.7436000
v 0.2360003 1.0000000 0.7436000
v 0.2360003 1.0000000 0.3341342
v 0.2360003 0.3384000 0.7436000
v 0.2360003 1.0000000 0.3341342
v 0.2360003 1.0000000 0.2564000
v 0.2360003 0.3384000 0.7436000
v 0.2360003 1.0000000 0.2564000
v 0.2360003 0.3384000 0.2564000
v 0.5720003 0.3384000 0.7436000
v 0.5720003 0.3384000 0.2564000
v 0.5720003 1.0000000 0.2564000
v 0.5720003 0.3384000 0.7436000
v 0.5720003 1.0000000 0.2564000
v 0.5720003 1.0000000 0.3341342
v 0.5720003 0.3384000 0.7436000
v 0.5720003 1.0000000 0.3341342
v 0.5720003 1.0000000 0.7436000
v 0.2504003 0.3384000 0.2420000
v 0.2504003 1.0000000 0.2420000
v 0.5085856 1.0000000 0.2420000
v 0.2504003 0.3384000 0.2420000
v 0.5085856 1.0000000 0.2420000
v 0.5576003 1.0000000 0.2420000
v 0.2504003 0.3384000 0.2420000
v 0.5576003 1.0000000 0.2420000
v 0.5576003 0.3384000 0.2420000
v 0.1256001 0.3360000 0.9260000
v 0.1256001 0.3504000 0.9116000
v 0.1400001 0.3504000 0.9260000
v 0.1256001 0.8460001 0.9260000
v 0.1400001 0.8316001 0.9260000
v 0.1256001 0.8316001 0.9116000
v 0.0000000 0.3504000 0.9116000
v 0.1256001 0.3504000 0.9116000
v 0.0000000 0.3434222 0.9185778
v 0.0000000 0.3434222 0.9185778
v 0.1256001 0.3504000 0.9116000
v 0.1256001 0.3360000 0.9260000
v 0.0000000 0.3434222 0.9185778
v 0.1256001 0.3360000 0.9260000
v 0.0000000 0.3360000 0.9260000
v 0.1256001 0.3360000 1.0000000
v 0.1256001 0.3360000 0.9260000
v 0.1400001 0.3504000 0.9260000
v 0.1256001 0.3360000 1.0000000
v 0.1400001 0.3504000 0.9260000
v 0.1367827 0.3471826 1.0000000
v 0.1367827 0.3471826 1.0000000
v 0.1400001 0.3504000 0.9260000
v 0.1400001 0.3504000 1.0000000
v 0.1400001 0.8316001 1.0000000
v 0.1400001 0.8316001 0.9260000
v 0.1367827 0.8348175 1.0000000
v 0.1367827 0.8348175 1.0000000
v 0.1400001 0.8316001 0.9260000
v 0.1256001 0.8460001 0.9260000
v 0.1367827 0.8348175 1.0000000
v 0.1256001 0.8460001 0.9260000
v 0.1256001 0.8460001 1.0000000
v 0.0000000 0.8460001 0.9260000
v 0.1256001 0.8460001 0.9260000
v 0.1256001 0.8316001 0.9116000
v 0.0000000 0.8460001 0.9260000
v 0.1256001 0.8316001 0.9116000
v 0.0000000 0.8385779 0.9185778
v 0.0000000 0.8385779 0.9185778
v 0.1256001 0.8316001 0.9116000
v 0.0000000 0.8316001 0.9116000
v 0.1256001 0.3504000 0.9116000
v 0.1256001 0.8316001 0.9116000
v 0.1400001 0.8316001 0.9260000
v 0.1256001 0.3504000 0.9116000
v 0.1400001 0.8316001 0.9260000
v 0.1400001 0.3504000 0.9260000
v 0.0000000 0.3360000 0.9260000
v 0.1256001 0.3360000 0.9260000
v 0.0676870 0.3360000 1.0000000
v 0.0000000 0.3360000 0.9260000
v 0.0676870 0.3360000 1.0000000
v 0.0000000 0.3360000 1.0000000
v 0.0676870 0.3360000 1.0000000
v 0.1256001 0.3360000 0.9260000
v 0.1256001 0.3360000 1.0000000
v 0.1400001 0.3504000 1.0000000
v 0.1400001 0.3504000 0.9260000
v 0.1400001 0.8316001 0.9260000
v 0.1400001 0.3504000 1.0000000
v 0.1400001 0.8316001 0.9260000
v 0.1400001 0.7240856 1.0000000
v 0.1400001 0.7240856 1.0000000
v 0.1400001 0.8316001 0.9260000
v 0.1400001 0.8316001 1.0000000
v 0.0000000 0.8316001 0.9116000
v 0.1256001 0.8316001 0.9116000
v 0.0000000 0.5984259 0.9116000
v 0.0000000 0.5984259 0.9116000
v 0.1256001 0.8316001 0.9116000
v 0.1256001 0.3504000 0.9116000
v 0.0000000 0.5984259 0.9116000
v 0.1256001 0.3504000 0.9116000
v 0.0000000 0.3504000 0.9116000
v 0.1256001 0.8460001 1.0000000
v 0.1256001 0.8460001 0.9260000
v 0.0676870 0.8460001 1.0000000
v 0.0676870 0.8460001 1.0000000
v 0.1256001 0.8460001 0.9260000
v 0.0000000 0.8460001 0.9260000
v 0.0676870 0.8460001 1.0000000
v 0.0000000 0.8460001 0.9260000
v 0.0000000 0.8460001 1.0000000
v 0.2396002 0.3000000 0.8480000
v 0.2396002 0.3144000 0.8336000
v 0.2540002 0.3144000 0.8480000
v 0.2396002 0.4200000 0.8480000
v 0.2540002 0.4056000 0.8480000
v 0.2396002 0.4056000 0.8336000
v 0.0000000 0.3144000 0.8336000
v 0.2396002 0.3144000 0.8336000
v 0.0000000 0.3073182 0.8406818
v 0.0000000 0.3073182 0.8406818
v 0.2396002 0.3144000 0.8336000
v 0.2396002 0.3000000 0.8480000
v 0.0000000 0.3073182 0.8406818
v 0.2396002 0.3000000 0.8480000
v 0.0000000 0.3000000 0.8480000
v 0.2396002 0.3000000 1.0000000
v 0.2396002 0.3000000 0.8480000
v 0.2540002 0.3144000 0.8480000
v 0.2396002 0.3000000 1.0000000
v 0.2540002 0.3144000 0.8480000
v 0.2495076 0.3099074 1.0000000
v 0.2495076 0.3099074 1.0000000
v 0.2540002 0.3144000 0.8480000
v 0.2540002 0.3144000 1.0000000
v 0.2540002 0.4056000 1.0000000
v 0.2540002 0.4056000 0.8480000
v 0.2495076 0.4100926 1.0000000
v 0.2495076 0.4100926 1.0000000
v 0.2540002 0.4056000 0.8480000
v 0.2396002 0.4200000 0.8480000
v 0.2495076 0.4100926 1.0000000
v 0.2396002 0.4200000 0.8480000
v 0.2396002 0.4200000 1.0000000
v 0.0000000 0.4200000 0.8480000
v 0.2396002 0.4200000 0.8480000
v 0.2396002 0.4056000 0.8336000
v 0.0000000 0.4200000 0.8480000
v 0.2396002 0.4056000 0.8336000
v 0.0000000 0.4126818 0.8406818
v 0.0000000 0.4126818 0.8406818
v 0.2396002 0.4056000 0.8336000
v 0.0000000 0.4056000 0.8336000
v 0.2396002 0.3144000 0.8336000
v 0.2396002 0.4056000 0.8336000
v 0.2540002 0.4056000 0.8480000
v 0.2396002 0.3144000 0.8336000
v 0.2540002 0.4056000 0.8480000
v 0.2540002 0.3144000 0.8480000
v 0.0000000 0.3000000 0.8480000
v 0.2396002 0.3000000 0.8480000
v 0.0876001 0.3000000 1.0000000
v 0.0000000 0.3000000 0.8480000
v 0.0876001 0.3000000 1.0000000
v 0.0000000 0.3000000 1.0000000
v 0.0876001 0.3000000 1.0000000
v 0.2396002 0.3000000 0.8480000
v 0.2396002 0.3000000 1.0000000
v 0.2540002 0.3144000 1.0000000
v 0.2540002 0.3144000 0.8480000
v 0.2540002 0.4056000 0.8480000
v 0.2540002 0.3144000 1.0000000
v 0.2540002 0.4056000 0.8480000
v 0.2540002 0.3771468 1.0000000
v 0.2540002 0.3771468 1.0000000
v 0.2540002 0.4056000 0.8480000
v 0.2540002 0.4056000 1.0000000
v 0.0000000 0.4056000 0.8336000
v 0.2396002 0.4056000 0.8336000
v 0.0000000 0.3607488 0.8336000
v 0.0000000 0.3607488 0.8336000
v 0.2396002 0.4056000 0.8336000
v 0.2396002 0.3144000 0.8336000
v 0.0000000 0.3607488 0.8336000
v 0.2396002 0.3144000 0.8336000
v 0.0000000 0.3144000 0.8336000
v 0.2396002 0.4200000 1.0000000
v 0.2396002 0.4200000 0.8480000
v 0.0876001 0.4200000 1.0000000
v 0.0876001 0.4200000 1.0000000
v 0.2396002 0.4200000 0.8480000
v 0.0000000 0.4200000 0.8480000
v 0.0876001 0.4200000 1.0000000
v 0.0000000 0.4200000 0.8480000
v 0.0000000 0.4200000 1.0000000
v 0.1256001 0.3504000 0.0884000
v 0.1256001 0.3360000 0.0740000
v 0.1400001 0.3504000 0.0740000
v 0.1256001 0.8316001 0.0884000
v 0.1400001 0.8316001 0.0740000
v 0.1256001 0.8460001 0.0740000
v 0.0000000 0.3360000 0.0740000
v 0.1256001 0.3360000 0.0740000
v 0.0000000 0.3429778 0.0809778
v 0.0000000 0.3429778 0.0809778
v 0.1256001 0.3360000 0.0740000
v 0.1256001 0.3504000 0.0884000
v 0.0000000 0.3429778 0.0809778
v 0.1256001 0.3504000 0.0884000
v 0.0000000 0.3504000 0.0884000
v 0.1256001 0.3360000 0.0740000
v 0.1256001 0.3360000 0.0000000
v 0.1288175 0.3392174 0.0000000
v 0.1256001 0.3360000 0.0740000
v 0.1288175 0.3392174 0.0000000
v 0.1400001 0.3504000 0.0000000
v 0.1256001 0.3360000 0.0740000
v 0.1400001 0.3504000 0.0000000
v 0.1400001 0.3504000 0.0740000
v 0.0000000 0.8316001 0.0884000
v 0.1256001 0.8316001 0.0884000
v 0.1256001 0.8460001 0.0740000
v 0.0000000 0.8316001 0.0884000
v 0.1256001 0.8460001 0.0740000
v 0.0000000 0.8390223 0.0809778
v 0.0000000 0.8390223 0.0809778
v 0.1256001 0.8460001 0.0740000
v 0.0000000 0.8460001 0.0740000
v 0.1256001 0.8460001 0.0740000
v 0.1400001 0.8316001 0.0740000
v 0.1400001 0.8316001 0.0000000
v 0.1256001 0.8460001 0.0740000
v 0.1400001 0.8316001 0.0000000
v 0.1288175 0.8427827 0.0000000
v 0.1256001 0.8460001 0.0740000
v 0.1288175 0.8427827 0.0000000
v 0.1256001 0.8460001 0.0000000
v 0.1256001 0.3504000 0.0884000
v 0.1400001 0.3504000 0.0740000
v 0.1400001 0.8316001 0.0740000
v 0.1256001 0.3504000 0.0884000
v 0.1400001 0.8316001 0.0740000
v 0.1256001 0.8316001 0.0884000
v 0.0000000 0.3504000 0.0884000
v 0.1256001 0.3504000 0.0884000
v 0.1256001 0.8316001 0.0884000
v 0.0000000 0.3504000 0.0884000
v 0.1256001 0.8316001 0.0884000
v 0.0000000 0.5984259 0.0884000
v 0.0000000 0.5984259 0.0884000
v 0.1256001 0.8316001 0.0884000
v 0.0000000 0.8316001 0.0884000
v 0.1256001 0.3360000 0.0000000
v 0.1256001 0.3360000 0.0740000
v 0.0000000 0.3360000 0.0740000
v 0.1256001 0.3360000 0.0000000
v 0.0000000 0.3360000 0.0740000
v 0.0000000 0.3360000 0.0000000
v 0.1400001 0.3504000 0.0740000
v 0.1400001 0.3504000 0.0000000
v 0.1400001 0.4579145 0.0000000
v 0.1400001 0.3504000 0.0740000
v 0.1400001 0.4579145 0.0000000
v 0.1400001 0.8316001 0.0000000
v 0.1400001 0.3504000 0.0740000
v 0.1400001 0.8316001 0.0000000
v 0.1400001 0.8316001 0.0740000
v 0.0000000 0.8460001 0.0740000
v 0.1256001 0.8460001 0.0740000
v 0.1256001 0.8460001 0.0000000
v 0.0000000 0.8460001 0.0740000
v 0.1256001 0.8460001 0.0000000
v 0.0000000 0.8460001 0.0000000
v 0.2396002 0.3144000 0.1664000
v 0.2396002 0.3000000 0.1520000
v 0.2540002 0.3144000 0.1520000
v 0.2396002 0.4056000 0.1664000
v 0.2540002 0.4056000 0.1520000
v 0.2396002 0.4200000 0.1520000
v 0.0000000 0.3000000 0.1520000
v 0.2396002 0.3000000 0.1520000
v 0.0000000 0.3070818 0.1590818
v 0.0000000 0.3070818 0.1590818
v 0.2396002 0.3000000 0.1520000
v 0.2396002 0.3144000 0.1664000
v 0.0000000 0.3070818 0.1590818
v 0.2396002 0.3144000 0.1664000
v 0.0000000 0.3144000 0.1664000
v 0.2396002 0.3000000 0.1520000
v 0.2396002 0.3000000 0.0000000
v 0.2440928 0.3044926 0.0000000
v 0.2396002 0.3000000 0.1520000
v 0.2440928 0.3044926 0.0000000
v 0.2540002 0.3144000 0.0000000
v 0.2396002 0.3000000 0.1520000
v 0.2540002 0.3144000 0.0000000
v 0.2540002 0.3144000 0.1520000
v 0.0000000 0.4056000 0.1664000
v 0.2396002 0.4056000 0.1664000
v 0.2396002 0.4200000 0.1520000
v 0.0000000 0.4056000 0.1664000
v 0.2396002 0.4200000 0.1520000
v 0.0000000 0.4129182 0.1590818
v 0.0000000 0.4129182 0.1590818
v 0.2396002 0.4200000 0.1520000
v 0.0000000 0.4200000 0.1520000
v 0.2396002 0.4200000 0.1520000
v 0.2540002 0.4056000 0.1520000
v 0.2540002 0.4056000 0.0000000
v 0.2396002 0.4200000 0.1520000
v 0.2540002 0.4056000 0.0000000
v 0.2440928 0.4155074 0.0000000
v 0.2396002 0.4200000 0.1520000
v 0.2440928 0.4155074 0.0000000
v 0.2396002 0.4200000 0.0000000
v 0.2396002 0.3144000 0.1664000
v 0.2540002 0.3144000 0.1520000
v 0.2540002 0.4056000 0.1520000
v 0.2396002 0.3144000 0.1664000
v 0.2540002 0.4056000 0.1520000
v 0.2396002 0.4056000 0.1664000
v 0.0000000 0.3144000 0.1664000
v 0.2396002 0.3144000 0.1664000
v 0.2396002 0.4056000 0.1664000
v 0.0000000 0.3144000 0.1664000
v 0.2396002 0.4056000 0.1664000
v 0.0000000 0.3607488 0.1664000
v 0.0000000 0.3607488 0.1664000
v 0.2396002 0.4056000 0.1664000
v 0.0000000 0.4056000 0.1664000
v 0.2396002 0.3000000 0.0000000
v 0.2396002 0.3000000 0.1520000
v 0.0000000 0.3000000 0.1520000
v 0.2396002 0.3000000 0.0000000
v 0.0000000 0.3000000 0.1520000
v 0.0000000 0.3000000 0.0000000
v 0.2540002 0.3144000 0.1520000
v 0.2540002 0.3144000 0.0000000
v 0.2540002 0.3428532 0.0000000
v 0.2540002 0.3144000 0.1520000
v 0.2540002 0.3428532 0.0000000
v 0.2540002 0.4056000 0.0000000
v 0.2540002 0.3144000 0.1520000
v 0.2540002 0.4056000 0.0000000
v 0.2540002 0.4056000 0.1520000
v 0.0000000 0.4200000 0.1520000
v 0.2396002 0.4200000 0.1520000
v 0.2396002 0.4200000 0.0000000
v 0.0000000 0.4200000 0.1520000
v 0.2396002 0.4200000 0.0000000
v 0.0000000 0.4200000 0.0000000
v 0.0000000 0.8664862 0.7400001
v 0.0080004 0.8698001 0.7400001
v 0.0000000 0.8664862 0.8159122
v 0.0000000 0.8664862 0.8159122
v 0.0080004 0.8698001 0.7400001
v 0.0080004 0.8698001 1.0000000
v 0.0000000 0.8664862 0.8159122
v 0.0080004 0.8698001 1.0000000
v 0.0000000 0.8664862 1.0000000
v 0.0080004 0.8698001 1.0000000
v 0.0080004 0.8698001 0.7400001
v 0.0726173 0.9193828 0.7400001
v 0.0080004 0.8698001 1.0000000
v 0.0726173 0.9193828 0.7400001
v 0.0490873 0.9013275 1.0000000
v 0.0490873 0.9013275 1.0000000
v 0.0726173 0.9193828 0.7400001
v 0.0726173 0.9193828 1.0000000
v 0.0726173 0.9193828 1.0000000
v 0.0726173 0.9193828 0.7400001
v 0.1222000 0.9840000 0.7400001
v 0.0726173 0.9193828 1.0000000
v 0.1222000 0.9840000 0.7400001
v 0.1041447 0.9604699 1.0000000
v 0.1041447 0.9604699 1.0000000
v 0.1222000 0.9840000 0.7400001
v 0.1222000 0.9840000 1.0000000
v 0.1222000 0.9840000 1.0000000
v 0.1222000 0.9840000 0.7400001
v 0.1288274 1.0000000 0.7400001
v 0.1222000 0.9840000 1.0000000
v 0.1288274 1.0000000 0.7400001
v 0.1288274 1.0000000 1.0000000
v 0.0505557 0.9414445 1.0000000
v 0.0505557 0.9414445 0.7400001
v 0.0293786 0.9251947 1.0000000
v 0.0293786 0.9251947 1.0000000
v 0.0505557 0.9414445 0.7400001
v 0.0000000 0.9026516 0.7400001
v 0.0293786 0.9251947 1.0000000
v 0.0000000 0.9026516 0.7400001
v 0.0000000 0.9026516 1.0000000
v 0.0951800 0.9996001 1.0000000
v 0.0951800 0.9996001 0.7400001
v 0.0789303 0.9784230 1.0000000
v 0.0789303 0.9784230 1.0000000
v 0.0951800 0.9996001 0.7400001
v 0.0505557 0.9414445 0.7400001
v 0.0789303 0.9784230 1.0000000
v 0.0505557 0.9414445 0.7400001
v 0.0505557 0.9414445 1.0000000
v 0.0953456 1.0000000 1.0000000
v 0.0953456 1.0000000 0.7400001
v 0.0951800 0.9996001 0.7400001
v 0.0953456 1.0000000 1.0000000
v 0.0951800 0.9996001 0.7400001
v 0.0951800 0.9996001 1.0000000
v 0.0000000 0.8836570 0.7400001
v 0.0080004 0.8698001 0.7400001
v 0.0000000 0.8697010 0.7400001
v 0.0000000 0.8697010 0.7400001
v 0.0080004 0.8698001 0.7400001
v 0.0000000 0.8664862 0.7400001
v 0.0000000 0.9026516 0.7400001
v 0.0505557 0.9414445 0.7400001
v 0.0726173 0.9193828 0.7400001
v 0.0000000 0.9026516 0.7400001
v 0.0726173 0.9193828 0.7400001
v 0.0000000 0.8989577 0.7400001
v 0.0000000 0.8989577 0.7400001
v 0.0726173 0.9193828 0.7400001
v 0.0080004 0.8698001 0.7400001
v 0.0000000 0.8989577 0.7400001
v 0.0080004 0.8698001 0.7400001
v 0.0000000 0.8836570 0.7400001
v 0.0505557 0.9414445 0.7400001
v 0.0951800 0.9996001 0.7400001
v 0.1222000 0.9840000 0.7400001
v 0.0505557 0.9414445 0.7400001
v 0.1222000 0.9840000 0.7400001
v 0.0726173 0.9193828 0.7400001
v 0.0951800 0.9996001 0.7400001
v 0.0953456 1.0000000 0.7400001
v 0.0955701 1.0000000 0.7400001
v 0.0951800 0.9996001 0.7400001
v 0.0955701 1.0000000 0.7400001
v 0.1288274 1.0000000 0.7400001
v 0.0951800 0.9996001 0.7400001
v 0.1288274 1.0000000 0.7400001
v 0.1222000 0.9840000 0.7400001
v 0.1904001 0.0624000 1.0000000
v 0.1904001 0.0624000 0.0000000
v 0.2019606 0.0508395 0.0000000
v 0.1904001 0.0624000 1.0000000
v 0.2019606 0.0508395 0.0000000
v 0.1932396 0.0595605 1.0000000
v 0.1932396 0.0595605 1.0000000
v 0.2019606 0.0508395 0.0000000
v 0.2048001 0.0480000 0.0000000
v 0.1932396 0.0595605 1.0000000
v 0.2048001 0.0480000 0.0000000
v 0.2048001 0.0480000 1.0000000
v 0.4400001 0.0480000 1.0000000
v 0.4400001 0.0480000 0.0000000
v 0.4515606 0.0595605 0.0000000
v 0.4400001 0.0480000 1.0000000
v 0.4515606 0.0595605 0.0000000
v 0.4428396 0.0508395 1.0000000
v 0.4428396 0.0508395 1.0000000
v 0.4515606 0.0595605 0.0000000
v 0.4544001 0.0624000 0.0000000
v 0.4428396 0.0508395 1.0000000
v 0.4544001 0.0624000 0.0000000
v 0.4544001 0.0624000 1.0000000
v 0.2048001 0.2880000 1.0000000
v 0.2048001 0.2880000 0.0000000
v 0.2019606 0.2851605 0.0000000
v 0.2048001 0.2880000 1.0000000
v 0.2019606 0.2851605 0.0000000
v 0.1932396 0.2764395 1.0000000
v 0.1932396 0.2764395 1.0000000
v 0.2019606 0.2851605 0.0000000
v 0.1904001 0.2736000 0.0000000
v 0.1932396 0.2764395 1.0000000
v 0.1904001 0.2736000 0.0000000
v 0.1904001 0.2736000 1.0000000
v 0.4544001 0.2736000 1.0000000
v 0.4544001 0.2736000 0.0000000
v 0.4515606 0.2764395 0.0000000
v 0.4544001 0.2736000 1.0000000
v 0.4515606 0.2764395 0.0000000
v 0.4428396 0.2851605 1.0000000
v 0.4428396 0.2851605 1.0000000
v 0.4515606 0.2764395 0.0000000
v 0.4400001 0.2880000 0.0000000
v 0.4428396 0.2851605 1.0000000
v 0.4400001 0.2880000 0.0000000
v 0.4400001 0.2880000 1.0000000
v 0.2048001 0.0480000 1.0000000
v 0.2048001 0.0480000 0.0000000
v 0.3936210 0.0480000 0.0000000
v 0.2048001 0.0480000 1.0000000
v 0.3936210 0.0480000 0.0000000
v 0.2511792 0.0480000 1.0000000
v 0.2511792 0.0480000 1.0000000
v 0.3936210 0.0480000 0.0000000
v 0.4400001 0.0480000 0.0000000
v 0.2511792 0.0480000 1.0000000
v 0.4400001 0.0480000 0.0000000
v 0.4400001 0.0480000 1.0000000
v 0.1904001 0.2736000 1.0000000
v 0.1904001 0.2736000 0.0000000
v 0.1904001 0.2319535 0.0000000
v 0.1904001 0.2736000 1.0000000
v 0.1904001 0.2319535 0.0000000
v 0.1904001 0.1040465 1.0000000
v 0.1904001 0.1040465 1.0000000
v 0.1904001 0.2319535 0.0000000
v 0.1904001 0.0624000 0.0000000
v 0.1904001 0.1040465 1.0000000
v 0.1904001 0.0624000 0.0000000
v 0.1904001 0.0624000 1.0000000
v 0.4544001 0.0624000 1.0000000
v 0.4544001 0.0624000 0.0000000
v 0.4544001 0.2319535 0.0000000
v 0.4544001 0.0624000 1.0000000
v 0.4544001 0.2319535 0.0000000
v 0.4544001 0.1040465 1.0000000
v 0.4544001 0.1040465 1.0000000
v 0.4544001 0.2319535 0.0000000
v 0.4544001 0.2736000 0.0000000
v 0.4544001 0.1040465 1.0000000
v 0.4544001 0.2736000 0.0000000
v 0.4544001 0.2736000 1.0000000
v 0.4400001 0.2880000 1.0000000
v 0.4400001 0.2880000 0.0000000
v 0.3936210 0.2880000 0.0000000
v 0.4400001 0.2880000 1.0000000
v 0.3936210 0.2880000 0.0000000
v 0.2511792 0.2880000 1.0000000
v 0.2511792 0.2880000 1.0000000
v 0.3936210 0.2880000 0.0000000
v 0.2048001 0.2880000 0.0000000
v 0.2511792 0.2880000 1.0000000
v 0.2048001 0.2880000 0.0000000
v 0.2048001 0.2880000 1.0000000
v 0.7652004 0.2040000 1.0000000
v 0.7652004 0.2040000 0.0000000
v 0.7734812 0.2122809 0.0000000
v 0.7652004 0.2040000 1.0000000
v 0.7734812 0.2122809 0.0000000
v 0.7677195 0.2065191 1.0000000
v 0.7677195 0.2065191 1.0000000
v 0.7734812 0.2122809 0.0000000
v 0.7760003 0.2148000 0.0000000
v 0.7677195 0.2065191 1.0000000
v 0.7760003 0.2148000 0.0000000
v 0.7760003 0.2148000 1.0000000
v 0.7760003 0.2532000 1.0000000
v 0.7760003 0.2532000 0.0000000
v 0.7734812 0.2557191 0.0000000
v 0.7760003 0.2532000 1.0000000
v 0.7734812 0.2557191 0.0000000
v 0.7677195 0.2614809 1.0000000
v 0.7677195 0.2614809 1.0000000
v 0.7734812 0.2557191 0.0000000
v 0.7652004 0.2640000 0.0000000
v 0.7677195 0.2614809 1.0000000
v 0.7652004 0.2640000 0.0000000
v 0.7652004 0.2640000 1.0000000
v 0.7652004 0.2040000 0.0000000
v 0.7652004 0.2040000 1.0000000
v 0.0000000 0.2040000 1.0000000
v 0.7652004 0.2040000 0.0000000
v 0.0000000 0.2040000 1.0000000
v 0.0000000 0.2040000 0.0000000
v 0.7760003 0.2148000 1.0000000
v 0.7760003 0.2148000 0.0000000
v 0.7760003 0.2442433 0.0000000
v 0.7760003 0.2148000 1.0000000
v 0.7760003 0.2442433 0.0000000
v 0.7760003 0.2237567 1.0000000
v 0.7760003 0.2237567 1.0000000
v 0.7760003 0.2442433 0.0000000
v 0.7760003 0.2532000 0.0000000
v 0.7760003 0.2237567 1.0000000
v 0.7760003 0.2532000 0.0000000
v 0.7760003 0.2532000 1.0000000
v 0.7652004 0.2640000 1.0000000
v 0.7652004 0.2640000 0.0000000
v 0.0000000 0.2640000 0.0000000
v 0.7652004 0.2640000 1.0000000
v 0.0000000 0.2640000 0.0000000
v 0.0000000 0.2640000 1.0000000
vt 0.7381358 0.0456456
vt 0.7382812 0.0456829
vt 0.7381646 0.0457116
vt 0.7381646 0.0457116
vt 0.7382812 0.0456829
vt 0.7382812 0.0459794
vt 0.7308261 0.0353118
vt 0.7382812 0.0380853
vt 0.7331204 0.0385552
vt 0.7331204 0.0385552
vt 0.7382812 0.0380853
vt 0.7382812 0.0456829
vt 0.7331204 0.0385552
vt 0.7382812 0.0456829
vt 0.7381358 0.0456456
vt 0.7252604 0.0252605
vt 0.7382812 0.0314260
vt 0.7263599 0.0306200
vt 0.7252604 0.0252605
vt 0.7263599 0.0306200
vt 0.7252604 0.0294651
vt 0.7263599 0.0306200
vt 0.7382812 0.0314260
vt 0.7382812 0.0380853
vt 0.7263599 0.0306200
vt 0.7382812 0.0380853
vt 0.7308261 0.0353118
vt 0.7252604 0.0332411
vt 0.7382812 0.0380853
vt 0.7252604 0.0279560
vt 0.7252604 0.0279560
vt 0.7382812 0.0380853
vt 0.7382812 0.0314260
vt 0.7252604 0.0279560
vt 0.7382812 0.0314260
vt 0.7252604 0.0252605
vt 0.7252604 0.0423461
vt 0.7382812 0.0456829
vt 0.7252604 0.0363163
vt 0.7252604 0.0363163
vt 0.7382812 0.0456829
vt 0.7382812 0.0380853
vt 0.7252604 0.0363163
vt 0.7382812 0.0380853
vt 0.7252604 0.0332411
vt 0.7252604 0.0522256
vt 0.7382812 0.0539267
vt 0.7252604 0.0456829
vt 0.7252604 0.0456829
vt 0.7382812 0.0539267
vt 0.7382812 0.0456829
vt 0.7252604 0.0456829
vt 0.7382812 0.0456829
vt 0.7252604 0.0423461
vt 0.7252604 0.0625000
vt 0.7382812 0.0625000
vt 0.7252604 0.0556958
vt 0.7252604 0.0556958
vt 0.7382812 0.0625000
vt 0.7382812 0.0539267
vt 0.7252604 0.0556958
vt 0.7382812 0.0539267
vt 0.7252604 0.0522256
vt 0.7252604 0.0727744
vt 0.7382812 0.0710733
vt 0.7252604 0.0659701
vt 0.7252604 0.0659701
vt 0.7382812 0.0710733
vt 0.7382812 0.0625000
vt 0.7252604 0.0659701
vt 0.7382812 0.0625000
vt 0.7252604 0.0625000
vt 0.7252604 0.0826539
vt 0.7382812 0.0793171
vt 0.7252604 0.0761111
vt 0.7252604 0.0761111
vt 0.7382812 0.0793171
vt 0.7382812 0.0710733
vt 0.7252604 0.0761111
vt 0.7382812 0.0710733
vt 0.7252604 0.0727744
vt 0.7252604 0.0917589
vt 0.7382812 0.0869147
vt 0.7252604 0.0857291
vt 0.7252604 0.0857291
vt 0.7382812 0.0869147
vt 0.7382812 0.0793171
vt 0.7252604 0.0857291
vt 0.7382812 0.0793171
vt 0.7252604 0.0826539
vt 0.7252604 0.0997395
vt 0.7382812 0.0935740
vt 0.7252604 0.0944543
vt 0.7252604 0.0944543
vt 0.7382812 0.0935740
vt 0.7382812 0.0869147
vt 0.7252604 0.0944543
vt 0.7382812 0.0869147
vt 0.7252604 0.0917589
vt 0.7308261 0.0353118
vt 0.7382812 0.0380853
vt 0.7252604 0.0279560
vt 0.7308261 0.0353118
vt 0.7252604 0.0279560
vt 0.7252604 0.0294651
vt 0.7252604 0.0279560
vt 0.7382812 0.0380853
vt 0.7382812 0.0314260
vt 0.7252604 0.0279560
vt 0.7382812 0.0314260
vt 0.7252604 0.0252605
vt 0.7381358 0.0456456
vt 0.7382812 0.0456829
vt 0.7380389 0.0455086
vt 0.7380389 0.0455086
vt 0.7382812 0.0456829
vt 0.7382812 0.0380853
vt 0.7380389 0.0455086
vt 0.7382812 0.0380853
vt 0.7308261 0.0353118
vt 0.7382812 0.0459794
vt 0.7382812 0.0456829
vt 0.7381358 0.0456456
vt 0.6468099 0.0459794
vt 0.6468998 0.0456829
vt 0.6482061 0.0462240
vt 0.6468099 0.0459794
vt 0.6482061 0.0462240
vt 0.6468099 0.0462240
vt 0.6468998 0.0456829
vt 0.6509608 0.0380853
vt 0.6631411 0.0462240
vt 0.6468998 0.0456829
vt 0.6631411 0.0462240
vt 0.6554180 0.0462240
vt 0.6468998 0.0456829
vt 0.6554180 0.0462240
vt 0.6482061 0.0462240
vt 0.6509608 0.0380853
vt 0.6564260 0.0314260
vt 0.6674745 0.0424745
vt 0.6509608 0.0380853
vt 0.6674745 0.0424745
vt 0.6643974 0.0462240
vt 0.6509608 0.0380853
vt 0.6643974 0.0462240
vt 0.6631411 0.0462240
vt 0.6564260 0.0314260
vt 0.6630853 0.0259608
vt 0.6717661 0.0389525
vt 0.6564260 0.0314260
vt 0.6717661 0.0389525
vt 0.6674745 0.0424745
vt 0.6630853 0.0259608
vt 0.6706828 0.0218998
vt 0.6766623 0.0363354
vt 0.6630853 0.0259608
vt 0.6766623 0.0363354
vt 0.6717661 0.0389525
vt 0.6706828 0.0218998
vt 0.6789267 0.0193991
vt 0.6819750 0.0347239
vt 0.6706828 0.0218998
vt 0.6819750 0.0347239
vt 0.6766623 0.0363354
vt 0.6789267 0.0193991
vt 0.6875000 0.0185547
vt 0.6875000 0.0341797
vt 0.6789267 0.0193991
vt 0.6875000 0.0341797
vt 0.6819750 0.0347239
vt 0.6875000 0.0185547
vt 0.6960733 0.0193991
vt 0.6930250 0.0347239
vt 0.6875000 0.0185547
vt 0.6930250 0.0347239
vt 0.6875000 0.0341797
vt 0.6960733 0.0193991
vt 0.7043172 0.0218998
vt 0.6983377 0.0363354
vt 0.6960733 0.0193991
vt 0.6983377 0.0363354
vt 0.6930250 0.0347239
vt 0.7043172 0.0218998
vt 0.7119147 0.0259608
vt 0.7032339 0.0389525
vt 0.7043172 0.0218998
vt 0.7032339 0.0389525
vt 0.6983377 0.0363354
vt 0.7119147 0.0259608
vt 0.7185740 0.0314260
vt 0.7075255 0.0424745
vt 0.7119147 0.0259608
vt 0.7075255 0.0424745
vt 0.7032339 0.0389525
vt 0.7185740 0.0314260
vt 0.7240392 0.0380853
vt 0.7118589 0.0462240
vt 0.7185740 0.0314260
vt 0.7118589 0.0462240
vt 0.7113135 0.0462240
vt 0.7185740 0.0314260
vt 0.7113135 0.0462240
vt 0.7106026 0.0462240
vt 0.7185740 0.0314260
vt 0.7106026 0.0462240
vt 0.7075255 0.0424745
vt 0.7240392 0.0380853
vt 0.7281002 0.0456829
vt 0.7267939 0.0462240
vt 0.7240392 0.0380853
vt 0.7267939 0.0462240
vt 0.7178201 0.0462240
vt 0.7240392 0.0380853
vt 0.7178201 0.0462240
vt 0.7118589 0.0462240
vt 0.7281002 0.0456829
vt 0.7281901 0.0459794
vt 0.7281901 0.0462240
vt 0.7281002 0.0456829
vt 0.7281901 0.0462240
vt 0.7274857 0.0462240
vt 0.7281002 0.0456829
vt 0.7274857 0.0462240
vt 0.7267939 0.0462240
vt 0.6643974 0.0462240
vt 0.6674745 0.0424745
vt 0.6659214 0.0462239
vt 0.6659214 0.0462239
vt 0.6674745 0.0424745
vt 0.6717661 0.0389525
vt 0.6659214 0.0462239
vt 0.6717661 0.0389525
vt 0.6678794 0.0462239
vt 0.6678794 0.0462239
vt 0.6717661 0.0389525
vt 0.6766623 0.0363354
vt 0.6678794 0.0462239
vt 0.6766623 0.0363354
vt 0.6700550 0.0462239
vt 0.6700550 0.0462239
vt 0.6766623 0.0363354
vt 0.6819750 0.0347239
vt 0.6700550 0.0462239
vt 0.6819750 0.0347239
vt 0.6725371 0.0462240
vt 0.6725371 0.0462240
vt 0.6819750 0.0347239
vt 0.6875000 0.0341797
vt 0.6725371 0.0462240
vt 0.6875000 0.0341797
vt 0.6754557 0.0462240
vt 0.6754557 0.0462240
vt 0.6875000 0.0341797
vt 0.6930250 0.0347239
vt 0.6754557 0.0462240
vt 0.6930250 0.0347239
vt 0.6790121 0.0462240
vt 0.6790121 0.0462240
vt 0.6930250 0.0347239
vt 0.6983377 0.0363354
vt 0.6790121 0.0462240
vt 0.6983377 0.0363354
vt 0.6835385 0.0462239
vt 0.6835385 0.0462239
vt 0.6983377 0.0363354
vt 0.7032339 0.0389525
vt 0.6835385 0.0462239
vt 0.7032339 0.0389525
vt 0.6896300 0.0462239
vt 0.6896300 0.0462239
vt 0.7032339 0.0389525
vt 0.7075255 0.0424745
vt 0.6896300 0.0462239
vt 0.7075255 0.0424745
vt 0.6984736 0.0462239
vt 0.6984736 0.0462239
vt 0.7075255 0.0424745
vt 0.7106026 0.0462240
vt 0.8789062 0.0224067
vt 0.8789062 0.0332031
vt 0.9960938 0.0332031
vt 0.8789062 0.0224067
vt 0.9960938 0.0332031
vt 0.8918338 0.0224067
vt 0.8918338 0.0224067
vt 0.9960938 0.0332031
vt 0.9960938 0.0224067
vt 0.8789062 0.0332031
vt 0.8789062 0.0473348
vt 0.9960938 0.0473348
vt 0.8789062 0.0332031
vt 0.9960938 0.0473348
vt 0.9960938 0.0332031
vt 0.8789062 0.0473348
vt 0.8789062 0.0625000
vt 0.9960938 0.0625000
vt 0.8789062 0.0473348
vt 0.9960938 0.0625000
vt 0.9960938 0.0473348
vt 0.8789062 0.0625000
vt 0.8789062 0.0776652
vt 0.9960938 0.0776652
vt 0.8789062 0.0625000
vt 0.9960938 0.0776652
vt 0.9960938 0.0625000
vt 0.8789062 0.0776652
vt 0.8789062 0.0917969
vt 0.9960938 0.0917969
vt 0.8789062 0.0776652
vt 0.9960938 0.0917969
vt 0.9960938 0.0776652
vt 0.8789062 0.0917969
vt 0.8789062 0.1025933
vt 0.9831662 0.1025933
vt 0.8789062 0.0917969
vt 0.9831662 0.1025933
vt 0.9960938 0.1025933
vt 0.8789062 0.0917969
vt 0.9960938 0.1025933
vt 0.9960938 0.0917969
vt 0.9775933 0.0200408
vt 0.9667969 0.0117563
vt 0.9524478 0.0200407
vt 0.9524478 0.0200407
vt 0.9667969 0.0117563
vt 0.9526652 0.0059028
vt 0.9524478 0.0200407
vt 0.9526652 0.0059028
vt 0.9342402 0.0200408
vt 0.9342402 0.0200408
vt 0.9526652 0.0059028
vt 0.9375000 0.0039062
vt 0.9342402 0.0200408
vt 0.9375000 0.0039062
vt 0.9213655 0.0200407
vt 0.9213655 0.0200407
vt 0.9375000 0.0039062
vt 0.9223348 0.0059028
vt 0.9213655 0.0200407
vt 0.9223348 0.0059028
vt 0.9114863 0.0200408
vt 0.9114863 0.0200408
vt 0.9223348 0.0059028
vt 0.9082031 0.0117563
vt 0.9114863 0.0200408
vt 0.9082031 0.0117563
vt 0.9034201 0.0200407
vt 0.9034201 0.0200407
vt 0.9082031 0.0117563
vt 0.8974067 0.0200408
vt 0.8974067 0.0200408
vt 0.9082031 0.0117563
vt 0.9034201 0.0200407
vt 0.9034201 0.0200407
vt 0.9082031 0.0117563
vt 0.9223348 0.0059028
vt 0.9034201 0.0200407
vt 0.9223348 0.0059028
vt 0.9114863 0.0200408
vt 0.9114863 0.0200408
vt 0.9223348 0.0059028
vt 0.9375000 0.0039062
vt 0.9114863 0.0200408
vt 0.9375000 0.0039062
vt 0.9213655 0.0200407
vt 0.9213655 0.0200407
vt 0.9375000 0.0039062
vt 0.9526652 0.0059028
vt 0.9213655 0.0200407
vt 0.9526652 0.0059028
vt 0.9342402 0.0200408
vt 0.9342402 0.0200408
vt 0.9526652 0.0059028
vt 0.9667969 0.0117563
vt 0.9342402 0.0200408
vt 0.9667969 0.0117563
vt 0.9524478 0.0200407
vt 0.9524478 0.0200407
vt 0.9667969 0.0117563
vt 0.9775933 0.0200408
vt 0.0055414 0.1315754
vt 0.0089286 0.1321766
vt 0.0089286 0.1304573
vt 0.1160714 0.1304573
vt 0.1160714 0.1321766
vt 0.1210938 0.1317758
vt 0.1160714 0.2428234
vt 0.1160714 0.2460938
vt 0.1210937 0.2428234
vt 0.0039062 0.2428234
vt 0.0089286 0.2460938
vt 0.0089286 0.2428234
vt 0.0089286 0.1304573
vt 0.0089286 0.1321766
vt 0.1160714 0.1321766
vt 0.0089286 0.1304573
vt 0.1160714 0.1321766
vt 0.1160714 0.1304573
vt 0.0055414 0.1315754
vt 0.0039062 0.2428234
vt 0.0089286 0.2428234
vt 0.0055414 0.1315754
vt 0.0089286 0.2428234
vt 0.0089286 0.1321766
vt 0.0089286 0.2428234
vt 0.0089286 0.2460938
vt 0.1160714 0.2460938
vt 0.0089286 0.2428234
vt 0.1160714 0.2460938
vt 0.1160714 0.2428234
vt 0.1160714 0.1321766
vt 0.1160714 0.2428234
vt 0.1210937 0.2428234
vt 0.1160714 0.1321766
vt 0.1210937 0.2428234
vt 0.1210938 0.1317758
vt 0.0055414 0.1315754
vt 0.0089286 0.1304573
vt 0.0078733 0.2259055
vt 0.0055414 0.1315754
vt 0.0078733 0.2259055
vt 0.0073329 0.2260839
vt 0.0055414 0.1315754
vt 0.0073329 0.2260839
vt 0.0069157 0.2260839
vt 0.1160714 0.1304573
vt 0.1210938 0.1317758
vt 0.1210938 0.2261159
vt 0.1160714 0.1304573
vt 0.1210938 0.2261159
vt 0.1202925 0.2259055
vt 0.1160714 0.1304573
vt 0.1202925 0.2259055
vt 0.1160714 0.2259055
vt 0.1160714 0.1309743
vt 0.1160714 0.2259880
vt 0.1182310 0.2259880
vt 0.1160714 0.1309743
vt 0.1182310 0.2259880
vt 0.1185105 0.2259880
vt 0.1160714 0.1309743
vt 0.1185105 0.2259880
vt 0.1178234 0.1309743
vt 0.1178234 0.1309743
vt 0.1178234 0.2259880
vt 0.1205719 0.2259880
vt 0.1178234 0.1309743
vt 0.1205719 0.2259880
vt 0.1210937 0.2259880
vt 0.1178234 0.1309743
vt 0.1210937 0.2259880
vt 0.1210938 0.1309743
vt 0.0089286 0.1304573
vt 0.1160714 0.1304573
vt 0.1160714 0.2259055
vt 0.0089286 0.1304573
vt 0.1160714 0.2259055
vt 0.0989764 0.2259055
vt 0.0089286 0.1304573
vt 0.0989764 0.2259055
vt 0.0078733 0.2259055
vt 0.0089286 0.1321766
vt 0.0089286 0.2428234
vt 0.1160714 0.2428234
vt 0.0089286 0.1321766
vt 0.1160714 0.2428234
vt 0.1160714 0.1321766
vt 0.0055414 0.1315754
vt 0.0069157 0.2260839
vt 0.0999085 0.2260839
vt 0.0055414 0.1315754
vt 0.0999085 0.2260839
vt 0.1178234 0.2259880
vt 0.0055414 0.1315754
vt 0.1178234 0.2259880
vt 0.1178234 0.1309743
vt 0.0071766 0.1309743
vt 0.1178234 0.1309743
vt 0.1185105 0.2259880
vt 0.0071766 0.1309743
vt 0.1185105 0.2259880
vt 0.1008565 0.2259880
vt 0.0071766 0.1309743
vt 0.1008565 0.2259880
vt 0.0071766 0.2259880
vt 0.0089286 0.1309743
vt 0.0089286 0.2259880
vt 0.0989764 0.2259880
vt 0.0089286 0.1309743
vt 0.0989764 0.2259880
vt 0.1160714 0.2259880
vt 0.0089286 0.1309743
vt 0.1160714 0.2259880
vt 0.1160714 0.1309743
vt 0.7402344 0.1164062
vt 0.7402344 0.1210938
vt 0.7460938 0.1164063
vt 0.7405273 0.1187500
vt 0.7425781 0.1177849
vt 0.7402344 0.1177849
vt 0.6891276 0.1210938
vt 0.7402344 0.1210938
vt 0.6891276 0.1188223
vt 0.6891276 0.1188223
vt 0.7402344 0.1210938
vt 0.7402344 0.1164062
vt 0.6891276 0.1188223
vt 0.7402344 0.1164062
vt 0.6891276 0.1164062
vt 0.7402344 0.0923177
vt 0.7402344 0.1164062
vt 0.7460938 0.1164063
vt 0.7402344 0.0923177
vt 0.7460938 0.1164063
vt 0.7447846 0.0923178
vt 0.7447846 0.0923178
vt 0.7460938 0.1164063
vt 0.7460938 0.0922151
vt 0.7182277 0.1177849
vt 0.7425781 0.1177849
vt 0.7182277 0.1185242
vt 0.7182277 0.1185242
vt 0.7425781 0.1177849
vt 0.7405273 0.1187500
vt 0.7182277 0.1185242
vt 0.7405273 0.1187500
vt 0.7166352 0.1192737
vt 0.6892786 0.1176143
vt 0.7405273 0.1187500
vt 0.7402344 0.1177849
vt 0.6892786 0.1176143
vt 0.7402344 0.1177849
vt 0.6891276 0.1171168
vt 0.6891276 0.1171168
vt 0.7402344 0.1177849
vt 0.6891276 0.1177849
vt 0.7402344 0.0072151
vt 0.7402344 0.1177849
vt 0.7425781 0.1177849
vt 0.7402344 0.0072151
vt 0.7425781 0.1177849
vt 0.7414062 0.0072151
vt 0.6891276 0.1164062
vt 0.7402344 0.1164062
vt 0.7166695 0.0923177
vt 0.6891276 0.1164062
vt 0.7166695 0.0923177
vt 0.6891276 0.0923177
vt 0.7166695 0.0923177
vt 0.7402344 0.1164062
vt 0.7402344 0.0923177
vt 0.7173177 0.0072151
vt 0.7414062 0.0072151
vt 0.7425781 0.1177849
vt 0.7173177 0.0072151
vt 0.7425781 0.1177849
vt 0.7182277 0.0930803
vt 0.7182277 0.0930803
vt 0.7425781 0.1177849
vt 0.7182277 0.1177849
vt 0.6891276 0.1177849
vt 0.7402344 0.1177849
vt 0.6891276 0.0642063
vt 0.6891276 0.0642063
vt 0.7402344 0.1177849
vt 0.7402344 0.0072151
vt 0.6891276 0.0642063
vt 0.7402344 0.0072151
vt 0.6891276 0.0072151
vt 0.7404618 0.0941378
vt 0.7405273 0.1187500
vt 0.7168970 0.0941378
vt 0.7168970 0.0941378
vt 0.7405273 0.1187500
vt 0.6892786 0.1176143
vt 0.7168970 0.0941378
vt 0.6892786 0.1176143
vt 0.6892786 0.0935257
vt 0.7428234 0.1178234
vt 0.7428234 0.1210938
vt 0.7460937 0.1178234
vt 0.7428234 0.1194586
vt 0.7436410 0.1070313
vt 0.7428234 0.1070312
vt 0.6884084 0.1210938
vt 0.7428234 0.1210938
vt 0.6884084 0.1194855
vt 0.6884084 0.1194855
vt 0.7428234 0.1210938
vt 0.7428234 0.1178234
vt 0.6884084 0.1194855
vt 0.7428234 0.1178234
vt 0.6884084 0.1178234
vt 0.7428234 0.0833031
vt 0.7428234 0.1178234
vt 0.7460937 0.1178234
vt 0.7428234 0.0833031
vt 0.7460937 0.1178234
vt 0.7450734 0.0833031
vt 0.7450734 0.0833031
vt 0.7460937 0.1178234
vt 0.7460937 0.0844254
vt 0.7088656 0.1070313
vt 0.7436410 0.1070313
vt 0.7088656 0.1114186
vt 0.7088656 0.1114186
vt 0.7436410 0.1070313
vt 0.7428234 0.1194586
vt 0.7088656 0.1114186
vt 0.7428234 0.1194586
vt 0.7083031 0.1199688
vt 0.6884084 0.1186544
vt 0.7428234 0.1194586
vt 0.7428234 0.1070312
vt 0.6884084 0.1186544
vt 0.7428234 0.1070312
vt 0.6884084 0.1123387
vt 0.6884084 0.1123387
vt 0.7428234 0.1070312
vt 0.6884084 0.1070312
vt 0.7428234 0.0179687
vt 0.7428234 0.1070312
vt 0.7436410 0.1070313
vt 0.7428234 0.0179687
vt 0.7436410 0.1070313
vt 0.7428234 0.0179687
vt 0.6884084 0.1178234
vt 0.7428234 0.1178234
vt 0.7083031 0.0833031
vt 0.6884084 0.1178234
vt 0.7083031 0.0833031
vt 0.6884084 0.0833031
vt 0.7083031 0.0833031
vt 0.7428234 0.1178234
vt 0.7428234 0.0833031
vt 0.7083031 0.0179687
vt 0.7428234 0.0179687
vt 0.7436410 0.1070313
vt 0.7083031 0.0179687
vt 0.7436410 0.1070313
vt 0.7088656 0.0792449
vt 0.7088656 0.0792449
vt 0.7436410 0.1070313
vt 0.7088656 0.1070313
vt 0.6884084 0.1070312
vt 0.7428234 0.1070312
vt 0.6884084 0.0632312
vt 0.6884084 0.0632312
vt 0.7428234 0.1070312
vt 0.7428234 0.0179687
vt 0.6884084 0.0632312
vt 0.7428234 0.0179687
vt 0.6884084 0.0179687
vt 0.7428234 0.0844281
vt 0.7428234 0.1194586
vt 0.7083031 0.0844281
vt 0.7083031 0.0844281
vt 0.7428234 0.1194586
vt 0.6884084 0.1186544
vt 0.7083031 0.0844281
vt 0.6884084 0.1186544
vt 0.6884084 0.0841341
vt 0.7402344 0.0063879
vt 0.7402344 0.0085938
vt 0.7460938 0.0081342
vt 0.7402344 0.1177849
vt 0.7460938 0.1177849
vt 0.7402344 0.1210938
vt 0.6891276 0.0085938
vt 0.7402344 0.0085938
vt 0.6891276 0.0075249
vt 0.6891276 0.0075249
vt 0.7402344 0.0085938
vt 0.7402344 0.0063879
vt 0.6891276 0.0075249
vt 0.7402344 0.0063879
vt 0.6891276 0.0063879
vt 0.7402344 0.0085938
vt 0.7402344 0.0326823
vt 0.7415436 0.0326823
vt 0.7402344 0.0085938
vt 0.7415436 0.0326823
vt 0.7460938 0.0323254
vt 0.7402344 0.0085938
vt 0.7460938 0.0323254
vt 0.7460938 0.0081342
vt 0.6884178 0.1177849
vt 0.7402344 0.1177849
vt 0.7402344 0.1210938
vt 0.6884178 0.1177849
vt 0.7402344 0.1210938
vt 0.6884178 0.1194904
vt 0.6884178 0.1194904
vt 0.7402344 0.1210938
vt 0.6887490 0.1210938
vt 0.6335938 0.1210938
vt 0.6335937 0.1177849
vt 0.6579441 0.1177849
vt 0.6335938 0.1210938
vt 0.6579441 0.1177849
vt 0.6579442 0.1203545
vt 0.6335938 0.1210938
vt 0.6579442 0.1203545
vt 0.6574859 0.1205701
vt 0.7402344 0.0063879
vt 0.7460938 0.0081342
vt 0.7460938 0.1177849
vt 0.7402344 0.0063879
vt 0.7460938 0.1177849
vt 0.7402344 0.1177849
vt 0.6891276 0.0063879
vt 0.7402344 0.0063879
vt 0.7402344 0.1177849
vt 0.6891276 0.0063879
vt 0.7402344 0.1177849
vt 0.6891276 0.0638055
vt 0.6891276 0.0638055
vt 0.7402344 0.1177849
vt 0.6884178 0.1177849
vt 0.7402344 0.0326823
vt 0.7402344 0.0085938
vt 0.6891276 0.0085938
vt 0.7402344 0.0326823
vt 0.6891276 0.0085938
vt 0.6891276 0.0326823
vt 0.6335938 0.0072151
vt 0.6576823 0.0072151
vt 0.6579442 0.0319197
vt 0.6335938 0.0072151
vt 0.6579442 0.0319197
vt 0.6579441 0.1177849
vt 0.6335938 0.0072151
vt 0.6579441 0.1177849
vt 0.6335937 0.1177849
vt 0.6891275 0.0085938
vt 0.7402343 0.0085938
vt 0.7402998 0.0332060
vt 0.6891275 0.0085938
vt 0.7402998 0.0332060
vt 0.6891930 0.0332060
vt 0.7428234 0.0144531
vt 0.7428234 0.0071766
vt 0.7460938 0.0107740
vt 0.7428234 0.1070313
vt 0.7460938 0.1070313
vt 0.7428234 0.1210937
vt 0.6884084 0.0071766
vt 0.7428234 0.0071766
vt 0.6884084 0.0107551
vt 0.6884084 0.0107551
vt 0.7428234 0.0071766
vt 0.7428234 0.0144531
vt 0.6884084 0.0107551
vt 0.7428234 0.0144531
vt 0.6884084 0.0144531
vt 0.7428234 0.0071766
vt 0.7428234 0.0416969
vt 0.7438437 0.0416969
vt 0.7428234 0.0071766
vt 0.7438437 0.0416969
vt 0.7460938 0.0441720
vt 0.7428234 0.0071766
vt 0.7460938 0.0441720
vt 0.7460938 0.0107740
vt 0.6880063 0.1070313
vt 0.7428234 0.1070313
vt 0.7428234 0.1210937
vt 0.6880063 0.1070313
vt 0.7428234 0.1210937
vt 0.6880063 0.1141779
vt 0.6880063 0.1141779
vt 0.7428234 0.1210937
vt 0.6884084 0.1210937
vt 0.6321766 0.1210938
vt 0.6321766 0.1070312
vt 0.6669520 0.1070312
vt 0.6321766 0.1210938
vt 0.6669520 0.1070312
vt 0.6669520 0.1167065
vt 0.6321766 0.1210938
vt 0.6669520 0.1167065
vt 0.6666969 0.1205836
vt 0.7428234 0.0144531
vt 0.7460938 0.0107740
vt 0.7460938 0.1070313
vt 0.7428234 0.0144531
vt 0.7460938 0.1070313
vt 0.7428234 0.1070313
vt 0.6884084 0.0144531
vt 0.7428234 0.0144531
vt 0.7428234 0.1070313
vt 0.6884084 0.0144531
vt 0.7428234 0.1070313
vt 0.6884084 0.0615023
vt 0.6884084 0.0615023
vt 0.7428234 0.1070313
vt 0.6880063 0.1070313
vt 0.7428234 0.0416969
vt 0.7428234 0.0071766
vt 0.6884084 0.0071766
vt 0.7428234 0.0416969
vt 0.6884084 0.0071766
vt 0.6884084 0.0416969
vt 0.6321766 0.0179687
vt 0.6666969 0.0179687
vt 0.6669520 0.0457551
vt 0.6321766 0.0179687
vt 0.6669520 0.0457551
vt 0.6669520 0.1070312
vt 0.6321766 0.0179687
vt 0.6669520 0.1070312
vt 0.6321766 0.1070312
vt 0.6884084 0.0071766
vt 0.7428234 0.0071766
vt 0.7428234 0.0422071
vt 0.6884084 0.0071766
vt 0.7428234 0.0422071
vt 0.6884084 0.0422071
vt 0.7152944 0.1210938
vt 0.7167969 0.1210938
vt 0.7152944 0.1086345
vt 0.7152944 0.1086345
vt 0.7167969 0.1210938
vt 0.7167969 0.0784205
vt 0.7152944 0.1086345
vt 0.7167969 0.0784205
vt 0.7152944 0.0784205
vt 0.7167969 0.0784205
vt 0.7167969 0.1210938
vt 0.7289320 0.1210938
vt 0.7167969 0.0784205
vt 0.7289320 0.1210938
vt 0.7245131 0.0784205
vt 0.7245131 0.0784205
vt 0.7289320 0.1210938
vt 0.7289320 0.0784205
vt 0.7034205 0.0210680
vt 0.7460938 0.0210680
vt 0.7460938 0.0332031
vt 0.7034205 0.0210680
vt 0.7460938 0.0332031
vt 0.7034205 0.0287842
vt 0.7034205 0.0287842
vt 0.7460938 0.0332031
vt 0.7034205 0.0332031
vt 0.7034205 0.0332031
vt 0.7460938 0.0332031
vt 0.7460938 0.0362079
vt 0.7034205 0.0332031
vt 0.7460938 0.0362079
vt 0.7034205 0.0362079
vt 0.7247888 0.0784205
vt 0.7247888 0.1210938
vt 0.7208117 0.0784205
vt 0.7208117 0.0784205
vt 0.7247888 0.1210938
vt 0.7152944 0.1210938
vt 0.7208117 0.0784205
vt 0.7152944 0.1210938
vt 0.7152944 0.0784205
vt 0.7034205 0.0361328
vt 0.7460938 0.0361328
vt 0.7034205 0.0321557
vt 0.7034205 0.0321557
vt 0.7460938 0.0361328
vt 0.7460938 0.0252112
vt 0.7034205 0.0321557
vt 0.7460938 0.0252112
vt 0.7034205 0.0252112
vt 0.7034205 0.0362079
vt 0.7460938 0.0362079
vt 0.7460938 0.0361328
vt 0.7034205 0.0362079
vt 0.7460938 0.0361328
vt 0.7034205 0.0361328
vt 0.7152944 0.0143587
vt 0.7167969 0.0117563
vt 0.7152944 0.0117377
vt 0.7152944 0.0117377
vt 0.7167969 0.0117563
vt 0.7152944 0.0111340
vt 0.7152944 0.0179259
vt 0.7247888 0.0252112
vt 0.7289320 0.0210680
vt 0.7152944 0.0179259
vt 0.7289320 0.0210680
vt 0.7152944 0.0172321
vt 0.7152944 0.0172321
vt 0.7289320 0.0210680
vt 0.7167969 0.0117563
vt 0.7152944 0.0172321
vt 0.7167969 0.0117563
vt 0.7152944 0.0143587
vt 0.7247888 0.0252112
vt 0.7331693 0.0361328
vt 0.7382436 0.0332031
vt 0.7247888 0.0252112
vt 0.7382436 0.0332031
vt 0.7289320 0.0210680
vt 0.7331693 0.0361328
vt 0.7332004 0.0362079
vt 0.7332426 0.0362079
vt 0.7331693 0.0361328
vt 0.7332426 0.0362079
vt 0.7394882 0.0362079
vt 0.7331693 0.0361328
vt 0.7394882 0.0362079
vt 0.7382436 0.0332031
vt 0.0043095 0.1550419
vt 0.0040052 0.2229715
vt 0.0091369 0.2229715
vt 0.0043095 0.1550419
vt 0.0091369 0.2229715
vt 0.0055699 0.1550419
vt 0.0055699 0.1550419
vt 0.0091369 0.2229715
vt 0.0102983 0.2223772
vt 0.0055699 0.1550419
vt 0.0102983 0.2223772
vt 0.0102983 0.1526228
vt 0.1147017 0.1526228
vt 0.1147017 0.2223772
vt 0.1198333 0.2223772
vt 0.1147017 0.1526228
vt 0.1198333 0.2223772
vt 0.1159622 0.1526228
vt 0.1159622 0.1526228
vt 0.1198333 0.2223772
vt 0.1210938 0.2227734
vt 0.1159622 0.1526228
vt 0.1210938 0.2227734
vt 0.1210938 0.1542356
vt 0.0290645 0.2460938
vt 0.0977314 0.2460938
vt 0.0973772 0.2447073
vt 0.0290645 0.2460938
vt 0.0973772 0.2447073
vt 0.0276228 0.2404490
vt 0.0276228 0.2404490
vt 0.0973772 0.2447073
vt 0.0973772 0.2390625
vt 0.0276228 0.2404490
vt 0.0973772 0.2390625
vt 0.0276228 0.2390625
vt 0.0276723 0.2390625
vt 0.0975788 0.2390625
vt 0.0975788 0.2404490
vt 0.0276723 0.2390625
vt 0.0975788 0.2404490
vt 0.0276723 0.2447073
vt 0.0276723 0.2447073
vt 0.0975788 0.2404490
vt 0.0941333 0.2456905
vt 0.0276723 0.2447073
vt 0.0941333 0.2456905
vt 0.0268260 0.2459948
vt 0.0102983 0.1526228
vt 0.0102983 0.2223772
vt 0.0941144 0.2223772
vt 0.0102983 0.1526228
vt 0.0941144 0.2223772
vt 0.0308856 0.1526228
vt 0.0308856 0.1526228
vt 0.0941144 0.2223772
vt 0.1147017 0.2223772
vt 0.0308856 0.1526228
vt 0.1147017 0.2223772
vt 0.1147017 0.1526228
vt 0.0276228 0.2390625
vt 0.0973772 0.2390625
vt 0.0972782 0.2181331
vt 0.0276228 0.2390625
vt 0.0972782 0.2181331
vt 0.0272196 0.1538535
vt 0.0272196 0.1538535
vt 0.0972782 0.2181331
vt 0.0972782 0.1353433
vt 0.0272196 0.1538535
vt 0.0972782 0.1353433
vt 0.0272196 0.1335183
vt 0.0276228 0.1359375
vt 0.0973772 0.1359375
vt 0.0975788 0.2187273
vt 0.0276228 0.1359375
vt 0.0975788 0.2187273
vt 0.0276723 0.1562727
vt 0.0276723 0.1562727
vt 0.0975788 0.2187273
vt 0.0975788 0.2390625
vt 0.0276723 0.1562727
vt 0.0975788 0.2390625
vt 0.0276723 0.2390625
vt 0.1149673 0.1527218
vt 0.1157830 0.2227804
vt 0.0951957 0.2227804
vt 0.1149673 0.1527218
vt 0.0951957 0.2227804
vt 0.0311512 0.1527218
vt 0.0311512 0.1527218
vt 0.0951957 0.2227804
vt 0.0102983 0.2223772
vt 0.0311512 0.1527218
vt 0.0102983 0.2223772
vt 0.0102983 0.1526228
vt 0.1209006 0.1565961
vt 0.1209006 0.2184039
vt 0.1210487 0.2184039
vt 0.1209006 0.1565961
vt 0.1210487 0.2184039
vt 0.1209457 0.1565961
vt 0.1209457 0.1565961
vt 0.1210487 0.2184039
vt 0.1210938 0.2199920
vt 0.1209457 0.1565961
vt 0.1210938 0.2199920
vt 0.1210938 0.1618167
vt 0.0316351 0.2250000
vt 0.0935318 0.2250000
vt 0.0935318 0.2299201
vt 0.0316351 0.2250000
vt 0.0935318 0.2299201
vt 0.0316351 0.2411737
vt 0.0316351 0.2411737
vt 0.0935318 0.2299201
vt 0.0936767 0.2458379
vt 0.0316351 0.2411737
vt 0.0936767 0.2458379
vt 0.0316791 0.2460159
vt 0.1209006 0.2184039
vt 0.1209006 0.1565961
vt 0.1072283 0.1565766
vt 0.1209006 0.2184039
vt 0.1072283 0.1565766
vt 0.1072283 0.2183843
vt 0.0316480 0.1500000
vt 0.0935745 0.1500000
vt 0.0935318 0.2075064
vt 0.0316480 0.1500000
vt 0.0935318 0.2075064
vt 0.0316351 0.1674936
vt 0.0316351 0.1674936
vt 0.0935318 0.2075064
vt 0.0935318 0.2250000
vt 0.0316351 0.1674936
vt 0.0935318 0.2250000
vt 0.0316351 0.2250000
vt 0.1208729 0.1566740
vt 0.1208097 0.2186598
vt 0.1071235 0.2186598
vt 0.1208729 0.1566740
vt 0.1071235 0.2186598
vt 0.1071867 0.1566740
vn 0.4722217 -0.3373277 0.8143811
vn 0.4722217 -0.3373277 0.8143811
vn 0.4722591 -0.3364727 0.8147131
vn 0.4722591 -0.3364727 0.8147131
vn 0.4722217 -0.3373277 0.8143811
vn 0.4724663 -0.3315526 0.8166079
vn 0.4722217 -0.4897242 0.7329235
vn 0.4722217 -0.4897242 0.7329235
vn 0.4734978 -0.4549966 0.7541737
vn 0.4734978 -0.4549966 0.7541737
vn 0.4722217 -0.4897242 0.7329235
vn 0.4722217 -0.3373277 0.8143811
vn 0.4734978 -0.4549966 0.7541737
vn 0.4722217 -0.3373277 0.8143811
vn 0.4722217 -0.3373277 0.8143811
vn 0.4722213 -0.6233004 0.6233007
vn 0.4722213 -0.6233004 0.6233007
vn 0.4739796 -0.5525538 0.6855856
vn 0.4722213 -0.6233004 0.6233007
vn 0.4739796 -0.5525538 0.6855856
vn 0.4739890 -0.5621436 0.6777381
vn 0.4739796 -0.5525538 0.6855856
vn 0.4722213 -0.6233004 0.6233007
vn 0.4722217 -0.4897242 0.7329235
vn 0.4739796 -0.5525538 0.6855856
vn 0.4722217 -0.4897242 0.7329235
vn 0.4722217 -0.4897242 0.7329235
vn 0.4722216 -0.7329236 0.4897242
vn 0.4722216 -0.7329236 0.4897243
vn 0.4739292 -0.6700863 0.5712927
vn 0.4739292 -0.6700863 0.5712927
vn 0.4722216 -0.7329236 0.4897243
vn 0.4722213 -0.6233004 0.6233007
vn 0.4739292 -0.6700863 0.5712927
vn 0.4722213 -0.6233004 0.6233007
vn 0.4722213 -0.6233004 0.6233007
vn 0.4722217 -0.8143814 0.3373272
vn 0.4722217 -0.8143814 0.3373272
vn 0.4739295 -0.7686645 0.4295878
vn 0.4739295 -0.7686645 0.4295878
vn 0.4722217 -0.8143814 0.3373272
vn 0.4722216 -0.7329236 0.4897243
vn 0.4739295 -0.7686645 0.4295878
vn 0.4722216 -0.7329236 0.4897243
vn 0.4722216 -0.7329236 0.4897242
vn 0.4722217 -0.8645425 0.1719679
vn 0.4722217 -0.8645425 0.1719679
vn 0.4739296 -0.8377034 0.2713740
vn 0.4739296 -0.8377034 0.2713740
vn 0.4722217 -0.8645425 0.1719679
vn 0.4722217 -0.8143814 0.3373272
vn 0.4739296 -0.8377034 0.2713740
vn 0.4722217 -0.8143814 0.3373272
vn 0.4722217 -0.8143814 0.3373272
vn 0.4722218 -0.8814798 0.0000000
vn 0.4722218 -0.8814798 0.0000000
vn 0.4739296 -0.8745495 0.1027321
vn 0.4739296 -0.8745495 0.1027321
vn 0.4722218 -0.8814798 0.0000000
vn 0.4722217 -0.8645425 0.1719679
vn 0.4739296 -0.8745495 0.1027321
vn 0.4722217 -0.8645425 0.1719679
vn 0.4722217 -0.8645425 0.1719679
vn 0.4722217 -0.8645425 -0.1719679
vn 0.4722217 -0.8645425 -0.1719679
vn 0.4739296 -0.8777874 -0.0698578
vn 0.4739296 -0.8777874 -0.0698578
vn 0.4722217 -0.8645425 -0.1719679
vn 0.4722218 -0.8814798 0.0000000
vn 0.4739296 -0.8777874 -0.0698578
vn 0.4722218 -0.8814798 0.0000000
vn 0.4722218 -0.8814798 0.0000000
vn 0.4722217 -0.8143814 -0.3373272
vn 0.4722217 -0.8143814 -0.3373272
vn 0.4739295 -0.8472925 -0.2397630
vn 0.4739295 -0.8472925 -0.2397630
vn 0.4722217 -0.8143814 -0.3373272
vn 0.4722217 -0.8645425 -0.1719679
vn 0.4739295 -0.8472925 -0.2397630
vn 0.4722217 -0.8645425 -0.1719679
vn 0.4722217 -0.8645425 -0.1719679
vn 0.4722217 -0.7329236 -0.4897240
vn 0.4722217 -0.7329237 -0.4897240
vn 0.4739296 -0.7842365 -0.4004546
vn 0.4739296 -0.7842365 -0.4004546
vn 0.4722217 -0.7329237 -0.4897240
vn 0.4722217 -0.8143814 -0.3373272
vn 0.4739296 -0.7842365 -0.4004546
vn 0.4722217 -0.8143814 -0.3373272
vn 0.4722217 -0.8143814 -0.3373272
vn 0.4722214 -0.6233005 -0.6233005
vn 0.4722214 -0.6233005 -0.6233004
vn 0.4739294 -0.6910426 -0.5457573
vn 0.4739294 -0.6910426 -0.5457573
vn 0.4722214 -0.6233005 -0.6233004
vn 0.4722217 -0.7329237 -0.4897240
vn 0.4739294 -0.6910426 -0.5457573
vn 0.4722217 -0.7329237 -0.4897240
vn 0.4722217 -0.7329236 -0.4897240
vn 0.4722217 -0.4897242 -0.7329235
vn 0.4722217 -0.4897242 -0.7329235
vn 0.4739293 -0.5712926 -0.6700864
vn 0.4722217 -0.4897242 -0.7329235
vn 0.4739293 -0.5712926 -0.6700864
vn 0.4739543 -0.5485362 -0.6888217
vn 0.4739293 -0.5712926 -0.6700864
vn 0.4722217 -0.4897242 -0.7329235
vn 0.4722214 -0.6233005 -0.6233004
vn 0.4739293 -0.5712926 -0.6700864
vn 0.4722214 -0.6233005 -0.6233004
vn 0.4722214 -0.6233005 -0.6233005
vn 0.4722217 -0.3373277 -0.8143811
vn 0.4722217 -0.3373277 -0.8143811
vn 0.4722990 -0.3390713 -0.8136119
vn 0.4722990 -0.3390713 -0.8136119
vn 0.4722217 -0.3373277 -0.8143811
vn 0.4722217 -0.4897242 -0.7329235
vn 0.4722990 -0.3390713 -0.8136119
vn 0.4722217 -0.4897242 -0.7329235
vn 0.4722217 -0.4897242 -0.7329235
vn 0.4724663 -0.3315526 -0.8166079
vn 0.4722217 -0.3373277 -0.8143811
vn 0.4722217 -0.3373277 -0.8143811
vn 0.8481574 -0.1992834 0.4908310
vn 0.8479987 -0.2028217 0.4896545
vn 0.8479987 -0.2028217 0.4896545
vn 0.8481574 -0.1992834 0.4908310
vn 0.8479987 -0.2028217 0.4896545
vn 0.8482663 -0.1966872 0.4916893
vn 0.8479987 -0.2028217 0.4896545
vn 0.8479985 -0.2944513 0.4406779
vn 0.8479985 -0.2944513 0.4406779
vn 0.8479987 -0.2028217 0.4896545
vn 0.8479985 -0.2944513 0.4406779
vn 0.8491452 -0.2489289 0.4658185
vn 0.8479987 -0.2028217 0.4896545
vn 0.8491452 -0.2489289 0.4658185
vn 0.8479987 -0.2028217 0.4896545
vn 0.8479985 -0.2944513 0.4406779
vn 0.8479983 -0.3747655 0.3747661
vn 0.8479983 -0.3747655 0.3747661
vn 0.8479985 -0.2944513 0.4406779
vn 0.8479983 -0.3747655 0.3747661
vn 0.8485041 -0.3047785 0.4326094
vn 0.8479985 -0.2944513 0.4406779
vn 0.8485041 -0.3047785 0.4326094
vn 0.8479985 -0.2944513 0.4406779
vn 0.8479983 -0.3747655 0.3747661
vn 0.8479985 -0.4406777 0.2944516
vn 0.8479985 -0.4406777 0.2944516
vn 0.8479983 -0.3747655 0.3747661
vn 0.8479985 -0.4406777 0.2944516
vn 0.8479983 -0.3747655 0.3747661
vn 0.8479985 -0.4406777 0.2944516
vn 0.8479986 -0.4896549 0.2028214
vn 0.8479986 -0.4896549 0.2028214
vn 0.8479985 -0.4406777 0.2944516
vn 0.8479986 -0.4896549 0.2028214
vn 0.8479985 -0.4406777 0.2944516
vn 0.8479986 -0.4896549 0.2028214
vn 0.8479986 -0.5198148 0.1033971
vn 0.8479986 -0.5198148 0.1033971
vn 0.8479986 -0.4896549 0.2028214
vn 0.8479986 -0.5198148 0.1033971
vn 0.8479986 -0.4896549 0.2028214
vn 0.8479986 -0.5198148 0.1033971
vn 0.8479985 -0.5299986 0.0000000
vn 0.8479985 -0.5299986 0.0000000
vn 0.8479986 -0.5198148 0.1033971
vn 0.8479985 -0.5299986 0.0000000
vn 0.8479986 -0.5198148 0.1033971
vn 0.8479985 -0.5299986 0.0000000
vn 0.8479985 -0.5198148 -0.1033978
vn 0.8479985 -0.5198148 -0.1033979
vn 0.8479985 -0.5299986 0.0000000
vn 0.8479985 -0.5198148 -0.1033979
vn 0.8479985 -0.5299986 0.0000000
vn 0.8479985 -0.5198148 -0.1033978
vn 0.8479983 -0.4896547 -0.2028228
vn 0.8479983 -0.4896547 -0.2028228
vn 0.8479985 -0.5198148 -0.1033978
vn 0.8479983 -0.4896547 -0.2028228
vn 0.8479985 -0.5198148 -0.1033979
vn 0.8479983 -0.4896547 -0.2028228
vn 0.8479985 -0.4406777 -0.2944515
vn 0.8479985 -0.4406777 -0.2944515
vn 0.8479983 -0.4896547 -0.2028228
vn 0.8479985 -0.4406777 -0.2944515
vn 0.8479983 -0.4896547 -0.2028228
vn 0.8479985 -0.4406777 -0.2944515
vn 0.8479986 -0.3747656 -0.3747654
vn 0.8479986 -0.3747656 -0.3747654
vn 0.8479985 -0.4406777 -0.2944515
vn 0.8479986 -0.3747656 -0.3747654
vn 0.8479985 -0.4406777 -0.2944515
vn 0.8479986 -0.3747656 -0.3747654
vn 0.8479986 -0.2944512 -0.4406778
vn 0.8479986 -0.2944512 -0.4406778
vn 0.8479986 -0.3747656 -0.3747654
vn 0.8479986 -0.2944512 -0.4406778
vn 0.8481547 -0.2973443 -0.4384291
vn 0.8479986 -0.3747656 -0.3747654
vn 0.8481547 -0.2973443 -0.4384291
vn 0.8485042 -0.3047785 -0.4326092
vn 0.8479986 -0.3747656 -0.3747654
vn 0.8485042 -0.3047785 -0.4326092
vn 0.8479986 -0.3747656 -0.3747654
vn 0.8479986 -0.2944512 -0.4406778
vn 0.8479989 -0.2028217 -0.4896542
vn 0.8479989 -0.2028217 -0.4896542
vn 0.8479986 -0.2944512 -0.4406778
vn 0.8479989 -0.2028217 -0.4896542
vn 0.8490999 -0.2398354 -0.4706468
vn 0.8479986 -0.2944512 -0.4406778
vn 0.8490999 -0.2398354 -0.4706468
vn 0.8479986 -0.2944512 -0.4406778
vn 0.8479989 -0.2028217 -0.4896542
vn 0.8481576 -0.1992834 -0.4908307
vn 0.8482730 -0.1965272 -0.4917418
vn 0.8479989 -0.2028217 -0.4896542
vn 0.8482730 -0.1965272 -0.4917418
vn 0.8482078 -0.1981063 -0.4912204
vn 0.8479989 -0.2028217 -0.4896542
vn 0.8482078 -0.1981063 -0.4912204
vn 0.8479989 -0.2028217 -0.4896542
vn 1.0000000 0.0000000 0.0000000
vn 1.0000000 0.0000000 -0.0000000
vn 1.0000000 0.0000000 0.0000000
vn 1.0000000 0.0000000 0.0000000
vn 1.0000000 0.0000000 -0.0000000
vn 1.0000000 0.0000000 -0.0000000
vn 1.0000000 0.0000000 0.0000000
vn 1.0000000 0.0000000 -0.0000000
vn 1.0000000 0.0000000 0.0000000
vn 1.0000000 0.0000000 0.0000000
vn 1.0000000 0.0000000 -0.0000000
vn 1.0000000 0.0000000 -0.0000000
vn 1.0000000 0.0000000 0.0000000
vn 1.0000000 0.0000000 -0.0000000
vn 1.0000000 0.0000000 0.0000000
vn 1.0000000 0.0000000 0.0000000
vn 1.0000000 0.0000000 -0.0000000
vn 1.0000000 0.0000000 -0.0000000
vn 1.0000000 0.0000000 0.0000000
vn 1.0000000 0.0000000 -0.0000000
vn 1.0000000 0.0000000 0.0000000
vn 1.0000000 0.0000000 0.0000000
vn 1.0000000 0.0000000 -0.0000000
vn 1.0000000 0.0000000 -0.0000000
vn 1.0000000 0.0000000 0.0000000
vn 1.0000000 0.0000000 -0.0000000
vn 1.0000000 0.0000000 0.0000000
vn 1.0000000 0.0000000 0.0000000
vn 1.0000000 0.0000000 -0.0000000
vn 1.0000000 0.0000000 -0.0000000
vn 1.0000000 0.0000000 0.0000000
vn 1.0000000 0.0000000 -0.0000000
vn 1.0000000 0.0000000 0.0000000
vn 1.0000000 0.0000000 0.0000000
vn 1.0000000 0.0000000 -0.0000000
vn 1.0000000 0.0000000 -0.0000000
vn 1.0000000 0.0000000 0.0000000
vn 1.0000000 0.0000000 -0.0000000
vn 1.0000000 0.0000000 0.0000000
vn 1.0000000 0.0000000 0.0000000
vn 1.0000000 0.0000000 -0.0000000
vn 1.0000000 0.0000000 -0.0000000
vn 1.0000000 0.0000000 0.0000000
vn 1.0000000 0.0000000 -0.0000000
vn 1.0000000 0.0000000 0.0000000
vn 1.0000000 0.0000000 0.0000000
vn 1.0000000 0.0000000 -0.0000000
vn 1.0000000 0.0000000 -0.0000000
vn 1.0000000 0.0000000 0.0000000
vn 1.0000000 0.0000000 -0.0000000
vn 1.0000000 0.0000000 0.0000000
vn 1.0000000 0.0000000 0.0000000
vn 1.0000000 0.0000000 -0.0000000
vn 1.0000000 0.0000000 0.0000000
vn 0.0000000 -0.7270735 0.6865596
vn 0.0000000 -0.8660254 0.5000001
vn 0.0000000 -0.8660254 0.5000001
vn 0.0000000 -0.7270735 0.6865596
vn 0.0000000 -0.8660254 0.5000001
vn 0.0000000 -0.7270735 0.6865596
vn 0.0000000 -0.7270735 0.6865596
vn 0.0000000 -0.8660254 0.5000001
vn 0.0000000 -0.7270735 0.6865596
vn 0.0000000 -0.8660254 0.5000001
vn 0.0000000 -0.9659258 0.2588191
vn 0.0000000 -0.9659258 0.2588191
vn 0.0000000 -0.8660254 0.5000001
vn 0.0000000 -0.9659258 0.2588191
vn 0.0000000 -0.8660254 0.5000001
vn 0.0000000 -0.9659258 0.2588191
vn 0.0000000 -1.0000000 0.0000000
vn 0.0000000 -1.0000000 0.0000000
vn 0.0000000 -0.9659258 0.2588191
vn 0.0000000 -1.0000000 0.0000000
vn 0.0000000 -0.9659258 0.2588191
vn 0.0000000 -1.0000000 0.0000000
vn 0.0000000 -0.9659258 -0.2588191
vn 0.0000000 -0.9659258 -0.2588191
vn 0.0000000 -1.0000000 0.0000000
vn 0.0000000 -0.9659258 -0.2588191
vn 0.0000000 -1.0000000 0.0000000
vn 0.0000000 -0.9659258 -0.2588191
vn 0.0000000 -0.8660254 -0.5000001
vn 0.0000000 -0.8660254 -0.5000001
vn 0.0000000 -0.9659258 -0.2588191
vn 0.0000000 -0.8660254 -0.5000001
vn 0.0000000 -0.9659258 -0.2588191
vn 0.0000000 -0.8660254 -0.5000001
vn 0.0000000 -0.7270735 -0.6865596
vn 0.0000000 -0.7270735 -0.6865596
vn 0.0000000 -0.8660254 -0.5000001
vn 0.0000000 -0.7270735 -0.6865596
vn 0.0000000 -0.7270735 -0.6865596
vn 0.0000000 -0.8660254 -0.5000001
vn 0.0000000 -0.7270735 -0.6865596
vn 0.0000000 -0.8660254 -0.5000001
vn -1.0000000 0.0000000 -0.0000001
vn -1.0000000 0.0000000 -0.0000001
vn -1.0000000 0.0000000 -0.0000001
vn -1.0000000 0.0000000 -0.0000001
vn -1.0000000 0.0000000 -0.0000001
vn -1.0000000 0.0000000 -0.0000001
vn -1.0000000 0.0000000 -0.0000001
vn -1.0000000 0.0000000 -0.0000001
vn -1.0000000 0.0000000 -0.0000001
vn -1.0000000 0.0000000 -0.0000001
vn -1.0000000 0.0000000 -0.0000001
vn -1.0000000 0.0000000 -0.0000001
vn -1.0000000 0.0000000 -0.0000001
vn -1.0000000 0.0000000 -0.0000001
vn -1.0000000 0.0000000 -0.0000001
vn -1.0000000 0.0000000 -0.0000001
vn -1.0000000 0.0000000 -0.0000001
vn -1.0000000 0.0000000 -0.0000001
vn -1.0000000 0.0000000 -0.0000001
vn -1.0000000 0.0000000 -0.0000001
vn -1.0000000 0.0000000 -0.0000001
vn -1.0000000 0.0000000 -0.0000001
vn -1.0000000 0.0000000 -0.0000001
vn -1.0000000 0.0000000 -0.0000001
vn -1.0000000 0.0000000 -0.0000001
vn -1.0000000 0.0000000 -0.0000001
vn -1.0000000 0.0000000 -0.0000001
vn -1.0000000 0.0000000 -0.0000001
vn -1.0000000 0.0000000 -0.0000001
vn -1.0000000 0.0000000 -0.0000001
vn 1.0000000 0.0000000 0.0000003
vn 1.0000000 0.0000000 0.0000003
vn 1.0000000 0.0000000 0.0000003
vn 1.0000000 0.0000000 0.0000003
vn 1.0000000 0.0000000 0.0000003
vn 1.0000000 0.0000000 0.0000003
vn 1.0000000 0.0000000 0.0000003
vn 1.0000000 0.0000000 0.0000003
vn 1.0000000 0.0000000 0.0000003
vn 1.0000000 0.0000000 0.0000003
vn 1.0000000 0.0000000 0.0000003
vn 1.0000000 0.0000000 0.0000003
vn 1.0000000 0.0000000 0.0000003
vn 1.0000000 0.0000000 0.0000003
vn 1.0000000 0.0000000 0.0000003
vn 1.0000000 0.0000000 0.0000003
vn 1.0000000 0.0000000 0.0000003
vn 1.0000000 0.0000000 0.0000003
vn 1.0000000 0.0000000 0.0000003
vn 1.0000000 0.0000000 0.0000003
vn 1.0000000 0.0000000 0.0000003
vn 1.0000000 0.0000000 0.0000003
vn 1.0000000 0.0000000 0.0000003
vn 1.0000000 0.0000000 0.0000003
vn 1.0000000 0.0000000 0.0000003
vn 1.0000000 0.0000000 0.0000003
vn 1.0000000 0.0000000 0.0000003
vn 1.0000000 0.0000000 0.0000003
vn 1.0000000 0.0000000 0.0000003
vn 1.0000000 0.0000000 0.0000003
vn -0.5773494 -0.5773507 0.5773507
vn -0.5773494 -0.5773507 0.5773507
vn -0.5773494 -0.5773507 0.5773507
vn 0.5773494 -0.5773507 0.5773507
vn 0.5773494 -0.5773507 0.5773507
vn 0.5773494 -0.5773507 0.5773507
vn 0.5773494 -0.5773507 -0.5773507
vn 0.5773494 -0.5773507 -0.5773507
vn 0.5773494 -0.5773507 -0.5773507
vn -0.5773494 -0.5773507 -0.5773507
vn -0.5773494 -0.5773507 -0.5773507
vn -0.5773494 -0.5773507 -0.5773507
vn 0.0000000 -0.7071065 0.7071071
vn 0.0000000 -0.7071065 0.7071071
vn 0.0000000 -0.7071065 0.7071071
vn 0.0000000 -0.7071065 0.7071071
vn 0.0000000 -0.7071065 0.7071071
vn 0.0000000 -0.7071065 0.7071071
vn -0.7071064 -0.7071071 0.0000000
vn -0.7071064 -0.7071071 0.0000000
vn -0.7071064 -0.7071071 0.0000000
vn -0.7071064 -0.7071071 0.0000000
vn -0.7071064 -0.7071071 0.0000000
vn -0.7071064 -0.7071071 0.0000000
vn 0.0000000 -0.7071065 -0.7071071
vn 0.0000000 -0.7071065 -0.7071071
vn 0.0000000 -0.7071065 -0.7071071
vn 0.0000000 -0.7071065 -0.7071071
vn 0.0000000 -0.7071065 -0.7071071
vn 0.0000000 -0.7071065 -0.7071071
vn 0.7071064 -0.7071071 0.0000000
vn 0.7071064 -0.7071071 0.0000000
vn 0.7071064 -0.7071071 0.0000000
vn 0.7071064 -0.7071071 0.0000000
vn 0.7071064 -0.7071071 0.0000000
vn 0.7071064 -0.7071071 0.0000000
vn -0.7071070 0.0000000 0.7071066
vn -0.7071070 0.0000000 0.7071066
vn -0.7071070 0.0000000 0.7071066
vn -0.7071070 0.0000000 0.7071066
vn -0.7071070 0.0000000 0.7071066
vn -0.7071070 0.0000000 0.7071066
vn -0.7071070 0.0000000 0.7071066
vn -0.7071070 0.0000000 0.7071066
vn -0.7071070 0.0000000 0.7071066
vn 0.7071070 0.0000000 0.7071066
vn 0.7071070 0.0000000 0.7071066
vn 0.7071070 0.0000000 0.7071066
vn 0.7071070 0.0000000 0.7071066
vn 0.7071070 0.0000000 0.7071066
vn 0.7071070 0.0000000 0.7071066
vn 0.7071070 0.0000000 0.7071066
vn 0.7071070 0.0000000 0.7071066
vn 0.7071070 0.0000000 0.7071066
vn 0.7071070 0.0000000 -0.7071066
vn 0.7071070 0.0000000 -0.7071066
vn 0.7071070 0.0000000 -0.7071066
vn 0.7071070 0.0000000 -0.7071066
vn 0.7071070 0.0000000 -0.7071066
vn 0.7071070 0.0000000 -0.7071066
vn 0.7071070 0.0000000 -0.7071066
vn 0.7071070 0.0000000 -0.7071066
vn 0.7071070 0.0000000 -0.7071066
vn -0.7071070 0.0000000 -0.7071066
vn -0.7071070 0.0000000 -0.7071066
vn -0.7071070 0.0000000 -0.7071066
vn -0.7071070 0.0000000 -0.7071066
vn -0.7071070 0.0000000 -0.7071066
vn -0.7071070 0.0000000 -0.7071066
vn -0.7071070 0.0000000 -0.7071066
vn -0.7071070 0.0000000 -0.7071066
vn -0.7071070 0.0000000 -0.7071066
vn 0.0000000 0.0000000 1.0000000
vn 0.0000000 0.0000000 1.0000000
vn 0.0000000 0.0000000 1.0000000
vn 0.0000000 0.0000000 1.0000000
vn 0.0000000 0.0000000 1.0000000
vn 0.0000000 0.0000000 1.0000000
vn 0.0000000 0.0000000 1.0000000
vn 0.0000000 0.0000000 1.0000000
vn 0.0000000 0.0000000 1.0000000
vn 0.0000000 -1.0000000 0.0000000
vn 0.0000000 -1.0000000 0.0000000
vn 0.0000000 -1.0000000 0.0000000
vn 0.0000000 -1.0000000 0.0000000
vn 0.0000000 -1.0000000 0.0000000
vn 0.0000000 -1.0000000 0.0000000
vn -1.0000000 0.0000000 0.0000000
vn -1.0000000 0.0000000 0.0000000
vn -1.0000000 0.0000000 0.0000000
vn -1.0000000 0.0000000 0.0000000
vn -1.0000000 0.0000000 0.0000000
vn -1.0000000 0.0000000 0.0000000
vn -1.0000000 0.0000000 0.0000000
vn -1.0000000 0.0000000 0.0000000
vn -1.0000000 0.0000000 0.0000000
vn 1.0000000 0.0000000 0.0000000
vn 1.0000000 0.0000000 0.0000000
vn 1.0000000 0.0000000 0.0000000
vn 1.0000000 0.0000000 0.0000000
vn 1.0000000 0.0000000 0.0000000
vn 1.0000000 0.0000000 0.0000000
vn 1.0000000 0.0000000 0.0000000
vn 1.0000000 0.0000000 0.0000000
vn 1.0000000 0.0000000 0.0000000
vn 0.0000000 0.0000000 -1.0000000
vn 0.0000000 0.0000000 -1.0000000
vn 0.0000000 0.0000000 -1.0000000
vn 0.0000000 0.0000000 -1.0000000
vn 0.0000000 0.0000000 -1.0000000
vn 0.0000000 0.0000000 -1.0000000
vn 0.0000000 0.0000000 -1.0000000
vn 0.0000000 0.0000000 -1.0000000
vn 0.0000000 0.0000000 -1.0000000
vn 0.5773512 -0.5773498 -0.5773498
vn 0.5773512 -0.5773498 -0.5773498
vn 0.5773512 -0.5773498 -0.5773498
vn 0.5773512 0.5773498 -0.5773498
vn 0.5773512 0.5773498 -0.5773498
vn 0.5773512 0.5773498 -0.5773498
vn 0.0000000 -0.7071066 -0.7071069
vn 0.0000000 -0.7071066 -0.7071069
vn 0.0000000 -0.7071066 -0.7071069
vn 0.0000000 -0.7071066 -0.7071069
vn 0.0000000 -0.7071066 -0.7071069
vn 0.0000000 -0.7071066 -0.7071069
vn 0.0000000 -0.7071066 -0.7071069
vn 0.0000000 -0.7071066 -0.7071069
vn 0.0000000 -0.7071066 -0.7071069
vn 0.7071067 -0.7071069 0.0000000
vn 0.7071067 -0.7071069 0.0000000
vn 0.7071067 -0.7071069 0.0000000
vn 0.7071067 -0.7071069 0.0000000
vn 0.7071067 -0.7071069 0.0000000
vn 0.7071067 -0.7071069 0.0000000
vn 0.7071067 -0.7071069 0.0000000
vn 0.7071067 -0.7071069 0.0000000
vn 0.7071067 -0.7071069 0.0000000
vn 0.7071067 0.7071069 0.0000000
vn 0.7071067 0.7071069 0.0000000
vn 0.7071067 0.7071069 0.0000000
vn 0.7071067 0.7071069 0.0000000
vn 0.7071067 0.7071069 0.0000000
vn 0.7071067 0.7071069 0.0000000
vn 0.7071067 0.7071069 0.0000000
vn 0.7071067 0.7071069 0.0000000
vn 0.7071067 0.7071069 0.0000000
vn 0.0000000 0.7071066 -0.7071069
vn 0.0000000 0.7071066 -0.7071069
vn 0.0000000 0.7071066 -0.7071069
vn 0.0000000 0.7071066 -0.7071069
vn 0.0000000 0.7071066 -0.7071069
vn 0.0000000 0.7071066 -0.7071069
vn 0.0000000 0.7071066 -0.7071069
vn 0.0000000 0.7071066 -0.7071069
vn 0.0000000 0.7071066 -0.7071069
vn 0.7071066 0.0000000 -0.7071069
vn 0.7071066 0.0000000 -0.7071069
vn 0.7071066 0.0000000 -0.7071069
vn 0.7071066 0.0000000 -0.7071069
vn 0.7071066 0.0000000 -0.7071069
vn 0.7071066 0.0000000 -0.7071069
vn 0.0000000 -1.0000000 0.0000000
vn 0.0000000 -1.0000000 0.0000000
vn 0.0000000 -1.0000000 0.0000000
vn 0.0000000 -1.0000000 0.0000000
vn 0.0000000 -1.0000000 0.0000000
vn 0.0000000 -1.0000000 0.0000000
vn 0.0000000 -1.0000000 0.0000000
vn 0.0000000 -1.0000000 0.0000000
vn 0.0000000 -1.0000000 0.0000000
vn 1.0000000 0.0000000 0.0000000
vn 1.0000000 0.0000000 0.0000000
vn 1.0000000 0.0000000 0.0000000
vn 1.0000000 0.0000000 0.0000000
vn 1.0000000 0.0000000 0.0000000
vn 1.0000000 0.0000000 0.0000000
vn 1.0000000 0.0000000 0.0000000
vn 1.0000000 0.0000000 0.0000000
vn 1.0000000 0.0000000 0.0000000
vn 0.0000000 0.0000000 -1.0000000
vn 0.0000000 0.0000000 -1.0000000
vn 0.0000000 0.0000000 -1.0000000
vn 0.0000000 0.0000000 -1.0000000
vn 0.0000000 0.0000000 -1.0000000
vn 0.0000000 0.0000000 -1.0000000
vn 0.0000000 0.0000000 -1.0000000
vn 0.0000000 0.0000000 -1.0000000
vn 0.0000000 0.0000000 -1.0000000
vn 0.0000000 1.0000000 0.0000000
vn 0.0000000 1.0000000 0.0000000
vn 0.0000000 1.0000000 0.0000000
vn 0.0000000 1.0000000 0.0000000
vn 0.0000000 1.0000000 0.0000000
vn 0.0000000 1.0000000 0.0000000
vn 0.0000000 1.0000000 0.0000000
vn 0.0000000 1.0000000 0.0000000
vn 0.0000000 1.0000000 0.0000000
vn 0.5773501 -0.5773510 -0.5773498
vn 0.5773501 -0.5773510 -0.5773498
vn 0.5773501 -0.5773510 -0.5773498
vn 0.5773501 0.5773510 -0.5773498
vn 0.5773501 0.5773510 -0.5773498
vn 0.5773501 0.5773510 -0.5773498
vn 0.0000000 -0.7071069 -0.7071066
vn 0.0000000 -0.7071069 -0.7071066
vn 0.0000000 -0.7071069 -0.7071066
vn 0.0000000 -0.7071069 -0.7071066
vn 0.0000000 -0.7071069 -0.7071066
vn 0.0000000 -0.7071069 -0.7071066
vn 0.0000000 -0.7071069 -0.7071066
vn 0.0000000 -0.7071069 -0.7071066
vn 0.0000000 -0.7071069 -0.7071066
vn 0.7071066 -0.7071070 0.0000000
vn 0.7071066 -0.7071070 0.0000000
vn 0.7071066 -0.7071070 0.0000000
vn 0.7071066 -0.7071070 0.0000000
vn 0.7071066 -0.7071070 0.0000000
vn 0.7071066 -0.7071070 0.0000000
vn 0.7071066 -0.7071070 0.0000000
vn 0.7071066 -0.7071070 0.0000000
vn 0.7071066 -0.7071070 0.0000000
vn 0.7071066 0.7071070 0.0000000
vn 0.7071066 0.7071070 0.0000000
vn 0.7071066 0.7071070 0.0000000
vn 0.7071066 0.7071070 0.0000000
vn 0.7071066 0.7071070 0.0000000
vn 0.7071066 0.7071070 0.0000000
vn 0.7071066 0.7071070 0.0000000
vn 0.7071066 0.7071070 0.0000000
vn 0.7071066 0.7071070 0.0000000
vn 0.0000000 0.7071069 -0.7071066
vn 0.0000000 0.7071069 -0.7071066
vn 0.0000000 0.7071069 -0.7071066
vn 0.0000000 0.7071069 -0.7071066
vn 0.0000000 0.7071069 -0.7071066
vn 0.0000000 0.7071069 -0.7071066
vn 0.0000000 0.7071069 -0.7071066
vn 0.0000000 0.7071069 -0.7071066
vn 0.0000000 0.7071069 -0.7071066
vn 0.7071069 0.0000000 -0.7071067
vn 0.7071069 0.0000000 -0.7071067
vn 0.7071069 0.0000000 -0.7071067
vn 0.7071069 0.0000000 -0.7071067
vn 0.7071069 0.0000000 -0.7071067
vn 0.7071069 0.0000000 -0.7071067
vn 0.0000000 -1.0000000 0.0000000
vn 0.0000000 -1.0000000 0.0000000
vn 0.0000000 -1.0000000 0.0000000
vn 0.0000000 -1.0000000 0.0000000
vn 0.0000000 -1.0000000 0.0000000
vn 0.0000000 -1.0000000 0.0000000
vn 0.0000000 -1.0000000 0.0000000
vn 0.0000000 -1.0000000 0.0000000
vn 0.0000000 -1.0000000 0.0000000
vn 1.0000000 0.0000000 0.0000000
vn 1.0000000 0.0000000 0.0000000
vn 1.0000000 0.0000000 0.0000000
vn 1.0000000 0.0000000 0.0000000
vn 1.0000000 0.0000000 0.0000000
vn 1.0000000 0.0000000 0.0000000
vn 1.0000000 0.0000000 0.0000000
vn 1.0000000 0.0000000 0.0000000
vn 1.0000000 0.0000000 0.0000000
vn 0.0000000 0.0000000 -1.0000000
vn 0.0000000 0.0000000 -1.0000000
vn 0.0000000 0.0000000 -1.0000000
vn 0.0000000 0.0000000 -1.0000000
vn 0.0000000 0.0000000 -1.0000000
vn 0.0000000 0.0000000 -1.0000000
vn 0.0000000 0.0000000 -1.0000000
vn 0.0000000 0.0000000 -1.0000000
vn 0.0000000 0.0000000 -1.0000000
vn 0.0000000 1.0000000 0.0000000
vn 0.0000000 1.0000000 0.0000000
vn 0.0000000 1.0000000 0.0000000
vn 0.0000000 1.0000000 0.0000000
vn 0.0000000 1.0000000 0.0000000
vn 0.0000000 1.0000000 0.0000000
vn 0.0000000 1.0000000 0.0000000
vn 0.0000000 1.0000000 0.0000000
vn 0.0000000 1.0000000 0.0000000
vn 0.5773512 -0.5773498 0.5773498
vn 0.5773512 -0.5773498 0.5773498
vn 0.5773512 -0.5773498 0.5773498
vn 0.5773512 0.5773498 0.5773498
vn 0.5773512 0.5773498 0.5773498
vn 0.5773512 0.5773498 0.5773498
vn 0.0000000 -0.7071066 0.7071069
vn 0.0000000 -0.7071066 0.7071069
vn 0.0000000 -0.7071066 0.7071069
vn 0.0000000 -0.7071066 0.7071069
vn 0.0000000 -0.7071066 0.7071069
vn 0.0000000 -0.7071066 0.7071069
vn 0.0000000 -0.7071066 0.7071069
vn 0.0000000 -0.7071066 0.7071069
vn 0.0000000 -0.7071066 0.7071069
vn 0.7071067 -0.7071069 0.0000000
vn 0.7071067 -0.7071069 0.0000000
vn 0.7071067 -0.7071069 0.0000000
vn 0.7071067 -0.7071069 0.0000000
vn 0.7071067 -0.7071069 0.0000000
vn 0.7071067 -0.7071069 0.0000000
vn 0.7071067 -0.7071069 0.0000000
vn 0.7071067 -0.7071069 0.0000000
vn 0.7071067 -0.7071069 0.0000000
vn 0.0000000 0.7071066 0.7071069
vn 0.0000000 0.7071066 0.7071069
vn 0.0000000 0.7071066 0.7071069
vn 0.0000000 0.7071066 0.7071069
vn 0.0000000 0.7071066 0.7071069
vn 0.0000000 0.7071066 0.7071069
vn 0.0000000 0.7071066 0.7071069
vn 0.0000000 0.7071066 0.7071069
vn 0.0000000 0.7071066 0.7071069
vn 0.7071067 0.7071069 0.0000000
vn 0.7071067 0.7071069 0.0000000
vn 0.7071067 0.7071069 0.0000000
vn 0.7071067 0.7071069 0.0000000
vn 0.7071067 0.7071069 0.0000000
vn 0.7071067 0.7071069 0.0000000
vn 0.7071067 0.7071069 0.0000000
vn 0.7071067 0.7071069 0.0000000
vn 0.7071067 0.7071069 0.0000000
vn 0.7071066 0.0000000 0.7071069
vn 0.7071066 0.0000000 0.7071069
vn 0.7071066 0.0000000 0.7071069
vn 0.7071066 0.0000000 0.7071069
vn 0.7071066 0.0000000 0.7071069
vn 0.7071066 0.0000000 0.7071069
vn 0.0000000 0.0000000 1.0000000
vn 0.0000000 0.0000000 1.0000000
vn 0.0000000 0.0000000 1.0000000
vn 0.0000000 0.0000000 1.0000000
vn 0.0000000 0.0000000 1.0000000
vn 0.0000000 0.0000000 1.0000000
vn 0.0000000 0.0000000 1.0000000
vn 0.0000000 0.0000000 1.0000000
vn 0.0000000 0.0000000 1.0000000
vn 0.0000000 -1.0000000 0.0000000
vn 0.0000000 -1.0000000 0.0000000
vn 0.0000000 -1.0000000 0.0000000
vn 0.0000000 -1.0000000 0.0000000
vn 0.0000000 -1.0000000 0.0000000
vn 0.0000000 -1.0000000 0.0000000
vn 1.0000000 0.0000000 0.0000000
vn 1.0000000 0.0000000 0.0000000
vn 1.0000000 0.0000000 0.0000000
vn 1.0000000 0.0000000 0.0000000
vn 1.0000000 0.0000000 0.0000000
vn 1.0000000 0.0000000 0.0000000
vn 1.0000000 0.0000000 0.0000000
vn 1.0000000 0.0000000 0.0000000
vn 1.0000000 0.0000000 0.0000000
vn 0.0000000 1.0000000 0.0000000
vn 0.0000000 1.0000000 0.0000000
vn 0.0000000 1.0000000 0.0000000
vn 0.0000000 1.0000000 0.0000000
vn 0.0000000 1.0000000 0.0000000
vn 0.0000000 1.0000000 0.0000000
vn 0.5773501 -0.5773510 0.5773498
vn 0.5773501 -0.5773510 0.5773498
vn 0.5773501 -0.5773510 0.5773498
vn 0.5773501 0.5773510 0.5773498
vn 0.5773501 0.5773510 0.5773498
vn 0.5773501 0.5773510 0.5773498
vn 0.0000000 -0.7071069 0.7071066
vn 0.0000000 -0.7071069 0.7071066
vn 0.0000000 -0.7071069 0.7071066
vn 0.0000000 -0.7071069 0.7071066
vn 0.0000000 -0.7071069 0.7071066
vn 0.0000000 -0.7071069 0.7071066
vn 0.0000000 -0.7071069 0.7071066
vn 0.0000000 -0.7071069 0.7071066
vn 0.0000000 -0.7071069 0.7071066
vn 0.7071066 -0.7071070 0.0000000
vn 0.7071066 -0.7071070 0.0000000
vn 0.7071066 -0.7071070 0.0000000
vn 0.7071066 -0.7071070 0.0000000
vn 0.7071066 -0.7071070 0.0000000
vn 0.7071066 -0.7071070 0.0000000
vn 0.7071066 -0.7071070 0.0000000
vn 0.7071066 -0.7071070 0.0000000
vn 0.7071066 -0.7071070 0.0000000
vn 0.0000000 0.7071069 0.7071066
vn 0.0000000 0.7071069 0.7071066
vn 0.0000000 0.7071069 0.7071066
vn 0.0000000 0.7071069 0.7071066
vn 0.0000000 0.7071069 0.7071066
vn 0.0000000 0.7071069 0.7071066
vn 0.0000000 0.7071069 0.7071066
vn 0.0000000 0.7071069 0.7071066
vn 0.0000000 0.7071069 0.7071066
vn 0.7071066 0.7071070 0.0000000
vn 0.7071066 0.7071070 0.0000000
vn 0.7071066 0.7071070 0.0000000
vn 0.7071066 0.7071070 0.0000000
vn 0.7071066 0.7071070 0.0000000
vn 0.7071066 0.7071070 0.0000000
vn 0.7071066 0.7071070 0.0000000
vn 0.7071066 0.7071070 0.0000000
vn 0.7071066 0.7071070 0.0000000
vn 0.7071069 0.0000000 0.7071067
vn 0.7071069 0.0000000 0.7071067
vn 0.7071069 0.0000000 0.7071067
vn 0.7071069 0.0000000 0.7071067
vn 0.7071069 0.0000000 0.7071067
vn 0.7071069 0.0000000 0.7071067
vn 0.0000000 0.0000000 1.0000000
vn 0.0000000 0.0000000 1.0000000
vn 0.0000000 0.0000000 1.0000000
vn 0.0000000 0.0000000 1.0000000
vn 0.0000000 0.0000000 1.0000000
vn 0.0000000 0.0000000 1.0000000
vn 0.0000000 0.0000000 1.0000000
vn 0.0000000 0.0000000 1.0000000
vn 0.0000000 0.0000000 1.0000000
vn 0.0000000 -1.0000000 0.0000000
vn 0.0000000 -1.0000000 0.0000000
vn 0.0000000 -1.0000000 0.0000000
vn 0.0000000 -1.0000000 0.0000000
vn 0.0000000 -1.0000000 0.0000000
vn 0.0000000 -1.0000000 0.0000000
vn 1.0000000 0.0000000 0.0000000
vn 1.0000000 0.0000000 0.0000000
vn 1.0000000 0.0000000 0.0000000
vn 1.0000000 0.0000000 0.0000000
vn 1.0000000 0.0000000 0.0000000
vn 1.0000000 0.0000000 0.0000000
vn 1.0000000 0.0000000 0.0000000
vn 1.0000000 0.0000000 0.0000000
vn 1.0000000 0.0000000 0.0000000
vn 0.0000000 1.0000000 0.0000000
vn 0.0000000 1.0000000 0.0000000
vn 0.0000000 1.0000000 0.0000000
vn 0.0000000 1.0000000 0.0000000
vn 0.0000000 1.0000000 0.0000000
vn 0.0000000 1.0000000 0.0000000
vn 0.4759016 -0.8794985 0.0000000
vn 0.5000007 -0.8660250 0.0000000
vn 0.4759016 -0.8794985 0.0000000
vn 0.4759016 -0.8794985 0.0000000
vn 0.5000007 -0.8660250 0.0000000
vn 0.5000007 -0.8660250 0.0000000
vn 0.4759016 -0.8794985 0.0000000
vn 0.5000007 -0.8660250 0.0000000
vn 0.4759016 -0.8794985 0.0000000
vn 0.5000007 -0.8660250 0.0000000
vn 0.5000007 -0.8660250 0.0000000
vn 0.7071075 -0.7071061 0.0000000
vn 0.5000007 -0.8660250 0.0000000
vn 0.7071075 -0.7071061 0.0000000
vn 0.6367341 -0.7710835 0.0000000
vn 0.6367341 -0.7710835 0.0000000
vn 0.7071075 -0.7071061 0.0000000
vn 0.7071075 -0.7071061 0.0000000
vn 0.7071075 -0.7071061 0.0000000
vn 0.7071075 -0.7071061 0.0000000
vn 0.8660252 -0.5000004 0.0000000
vn 0.7071075 -0.7071061 0.0000000
vn 0.8660252 -0.5000004 0.0000000
vn 0.8146085 -0.5800112 0.0000000
vn 0.8146085 -0.5800112 0.0000000
vn 0.8660252 -0.5000004 0.0000000
vn 0.8660252 -0.5000004 0.0000000
vn 0.8660252 -0.5000004 0.0000000
vn 0.8660252 -0.5000004 0.0000000
vn 0.8923722 -0.4513001 0.0000000
vn 0.8660252 -0.5000004 0.0000000
vn 0.8923722 -0.4513001 0.0000000
vn 0.8923722 -0.4513001 0.0000000
vn -0.7071070 0.7071066 0.0000000
vn -0.7071070 0.7071066 0.0000000
vn -0.6367335 0.7710839 0.0000000
vn -0.6367335 0.7710839 0.0000000
vn -0.7071070 0.7071066 0.0000000
vn -0.5291171 0.8485488 0.0000000
vn -0.6367335 0.7710839 0.0000000
vn -0.5291171 0.8485488 0.0000000
vn -0.5291171 0.8485488 0.0000000
vn -0.8660261 0.4999988 0.0000000
vn -0.8660261 0.4999988 0.0000000
vn -0.8146090 0.5800105 0.0000000
vn -0.8146090 0.5800105 0.0000000
vn -0.8660261 0.4999988 0.0000000
vn -0.7071070 0.7071066 0.0000000
vn -0.8146090 0.5800105 0.0000000
vn -0.7071070 0.7071066 0.0000000
vn -0.7071070 0.7071066 0.0000000
vn -0.8667894 0.4986744 0.0000000
vn -0.8667894 0.4986744 0.0000000
vn -0.8660261 0.4999988 0.0000000
vn -0.8667894 0.4986744 0.0000000
vn -0.8660261 0.4999988 0.0000000
vn -0.8660261 0.4999988 0.0000000
vn 0.0000000 0.0000000 -1.0000000
vn 0.0000000 0.0000000 -1.0000000
vn 0.0000000 0.0000000 -1.0000000
vn 0.0000000 0.0000000 -1.0000000
vn 0.0000000 0.0000000 -1.0000000
vn 0.0000000 0.0000000 -1.0000000
vn 0.0000000 0.0000000 -1.0000000
vn 0.0000000 0.0000000 -1.0000000
vn 0.0000000 0.0000000 -1.0000000
vn 0.0000000 0.0000000 -1.0000000
vn 0.0000000 0.0000000 -1.0000000
vn 0.0000000 0.0000000 -1.0000000
vn 0.0000000 0.0000000 -1.0000000
vn 0.0000000 0.0000000 -1.0000000
vn 0.0000000 0.0000000 -1.0000000
vn 0.0000000 0.0000000 -1.0000000
vn 0.0000000 0.0000000 -1.0000000
vn 0.0000000 0.0000000 -1.0000000
vn 0.0000000 0.0000000 -1.0000000
vn 0.0000000 0.0000000 -1.0000000
vn 0.0000000 0.0000000 -1.0000000
vn 0.0000000 0.0000000 -1.0000000
vn 0.0000000 0.0000000 -1.0000000
vn 0.0000000 0.0000000 -1.0000000
vn 0.0000000 0.0000000 -1.0000000
vn 0.0000000 0.0000000 -1.0000000
vn 0.0000000 0.0000000 -1.0000000
vn 0.0000000 0.0000000 -1.0000000
vn 0.0000000 0.0000000 -1.0000000
vn 0.0000000 0.0000000 -1.0000000
vn 0.0000000 0.0000000 -1.0000000
vn 0.0000000 0.0000000 -1.0000000
vn 0.0000000 0.0000000 -1.0000000
vn -0.7071068 -0.7071068 0.0000000
vn -0.7071068 -0.7071068 0.0000000
vn -0.7071068 -0.7071068 0.0000000
vn -0.7071068 -0.7071068 0.0000000
vn -0.7071068 -0.7071068 0.0000000
vn -0.7071068 -0.7071068 0.0000000
vn -0.7071068 -0.7071068 0.0000000
vn -0.7071068 -0.7071068 0.0000000
vn -0.7071068 -0.7071068 0.0000000
vn -0.7071068 -0.7071068 0.0000000
vn -0.7071068 -0.7071068 0.0000000
vn -0.7071068 -0.7071068 0.0000000
vn 0.7071068 -0.7071068 0.0000000
vn 0.7071068 -0.7071068 0.0000000
vn 0.7071068 -0.7071068 0.0000000
vn 0.7071068 -0.7071068 0.0000000
vn 0.7071068 -0.7071068 0.0000000
vn 0.7071068 -0.7071068 0.0000000
vn 0.7071068 -0.7071068 0.0000000
vn 0.7071068 -0.7071068 0.0000000
vn 0.7071068 -0.7071068 0.0000000
vn 0.7071068 -0.7071068 0.0000000
vn 0.7071068 -0.7071068 0.0000000
vn 0.7071068 -0.7071068 0.0000000
vn -0.7071068 0.7071068 0.0000000
vn -0.7071068 0.7071068 0.0000000
vn -0.7071068 0.7071068 0.0000000
vn -0.7071068 0.7071068 0.0000000
vn -0.7071068 0.7071068 0.0000000
vn -0.7071068 0.7071068 0.0000000
vn -0.7071068 0.7071068 0.0000000
vn -0.7071068 0.7071068 0.0000000
vn -0.7071068 0.7071068 0.0000000
vn -0.7071068 0.7071068 0.0000000
vn -0.7071068 0.7071068 0.0000000
vn -0.7071068 0.7071068 0.0000000
vn 0.7071068 0.7071068 0.0000000
vn 0.7071068 0.7071068 0.0000000
vn 0.7071068 0.7071068 0.0000000
vn 0.7071068 0.7071068 0.0000000
vn 0.7071068 0.7071068 0.0000000
vn 0.7071068 0.7071068 0.0000000
vn 0.7071068 0.7071068 0.0000000
vn 0.7071068 0.7071068 0.0000000
vn 0.7071068 0.7071068 0.0000000
vn 0.7071068 0.7071068 0.0000000
vn 0.7071068 0.7071068 0.0000000
vn 0.7071068 0.7071068 0.0000000
vn 0.0000000 -1.0000000 0.0000000
vn 0.0000000 -1.0000000 0.0000000
vn 0.0000000 -1.0000000 0.0000000
vn 0.0000000 -1.0000000 0.0000000
vn 0.0000000 -1.0000000 0.0000000
vn 0.0000000 -1.0000000 0.0000000
vn 0.0000000 -1.0000000 0.0000000
vn 0.0000000 -1.0000000 0.0000000
vn 0.0000000 -1.0000000 0.0000000
vn 0.0000000 -1.0000000 0.0000000
vn 0.0000000 -1.0000000 0.0000000
vn 0.0000000 -1.0000000 0.0000000
vn -1.0000000 0.0000000 0.0000000
vn -1.0000000 0.0000000 0.0000000
vn -1.0000000 0.0000000 0.0000000
vn -1.0000000 0.0000000 0.0000000
vn -1.0000000 0.0000000 0.0000000
vn -1.0000000 0.0000000 0.0000000
vn -1.0000000 0.0000000 0.0000000
vn -1.0000000 0.0000000 0.0000000
vn -1.0000000 0.0000000 0.0000000
vn -1.0000000 0.0000000 0.0000000
vn -1.0000000 0.0000000 0.0000000
vn -1.0000000 0.0000000 0.0000000
vn 1.0000000 0.0000000 0.0000000
vn 1.0000000 0.0000000 0.0000000
vn 1.0000000 0.0000000 0.0000000
vn 1.0000000 0.0000000 0.0000000
vn 1.0000000 0.0000000 0.0000000
vn 1.0000000 0.0000000 0.0000000
vn 1.0000000 0.0000000 0.0000000
vn 1.0000000 0.0000000 0.0000000
vn 1.0000000 0.0000000 0.0000000
vn 1.0000000 0.0000000 0.0000000
vn 1.0000000 0.0000000 0.0000000
vn 1.0000000 0.0000000 0.0000000
vn 0.0000000 1.0000000 0.0000000
vn 0.0000000 1.0000000 0.0000000
vn 0.0000000 1.0000000 0.0000000
vn 0.0000000 1.0000000 0.0000000
vn 0.0000000 1.0000000 0.0000000
vn 0.0000000 1.0000000 0.0000000
vn 0.0000000 1.0000000 0.0000000
vn 0.0000000 1.0000000 0.0000000
vn 0.0000000 1.0000000 0.0000000
vn 0.0000000 1.0000000 0.0000000
vn 0.0000000 1.0000000 0.0000000
vn 0.0000000 1.0000000 0.0000000
vn 0.7071105 -0.7071030 0.0000000
vn 0.7071105 -0.7071030 0.0000000
vn 0.7071105 -0.7071030 0.0000000
vn 0.7071105 -0.7071030 0.0000000
vn 0.7071105 -0.7071030 0.0000000
vn 0.7071105 -0.7071030 0.0000000
vn 0.7071105 -0.7071030 0.0000000
vn 0.7071105 -0.7071030 0.0000000
vn 0.7071105 -0.7071030 0.0000000
vn 0.7071105 -0.7071030 0.0000000
vn 0.7071105 -0.7071030 0.0000000
vn 0.7071105 -0.7071030 0.0000000
vn 0.7071105 0.7071030 0.0000000
vn 0.7071105 0.7071030 0.0000000
vn 0.7071105 0.7071030 0.0000000
vn 0.7071105 0.7071030 0.0000000
vn 0.7071105 0.7071030 0.0000000
vn 0.7071105 0.7071030 0.0000000
vn 0.7071105 0.7071030 0.0000000
vn 0.7071105 0.7071030 0.0000000
vn 0.7071105 0.7071030 0.0000000
vn 0.7071105 0.7071030 0.0000000
vn 0.7071105 0.7071030 0.0000000
vn 0.7071105 0.7071030 0.0000000
vn 0.0000000 -1.0000000 0.0000000
vn 0.0000000 -1.0000000 0.0000000
vn 0.0000000 -1.0000000 0.0000000
vn 0.0000000 -1.0000000 0.0000000
vn 0.0000000 -1.0000000 0.0000000
vn 0.0000000 -1.0000000 0.0000000
vn 1.0000000 0.0000000 0.0000000
vn 1.0000000 0.0000000 0.0000000
vn 1.0000000 0.0000000 0.0000000
vn 1.0000000 0.0000000 0.0000000
vn 1.0000000 0.0000000 0.0000000
vn 1.0000000 0.0000000 0.0000000
vn 1.0000000 0.0000000 0.0000000
vn 1.0000000 0.0000000 0.0000000
vn 1.0000000 0.0000000 0.0000000
vn 1.0000000 0.0000000 0.0000000
vn 1.0000000 0.0000000 0.0000000
vn 1.0000000 0.0000000 0.0000000
vn 0.0000000 1.0000000 0.0000000
vn 0.0000000 1.0000000 0.0000000
vn 0.0000000 1.0000000 0.0000000
vn 0.0000000 1.0000000 0.0000000
vn 0.0000000 1.0000000 0.0000000
vn 0.0000000 1.0000000 0.0000000
f 1/1/1 2/2/2 3/3/3
f 4/4/4 5/5/5 6/6/6
f 7/7/7 8/8/8 9/9/9
f 10/10/10 11/11/11 12/12/12
f 13/13/13 14/14/14 15/15/15
f 16/16/16 17/17/17 18/18/18
f 19/19/19 20/20/20 21/21/21
f 22/22/22 23/23/23 24/24/24
f 25/25/25 26/26/26 27/27/27
f 28/28/28 29/29/29 30/30/30
f 31/31/31 32/32/32 33/33/33
f 34/34/34 35/35/35 36/36/36
f 37/37/37 38/38/38 39/39/39
f 40/40/40 41/41/41 42/42/42
f 43/43/43 44/44/44 45/45/45
f 46/46/46 47/47/47 48/48/48
f 49/49/49 50/50/50 51/51/51
f 52/52/52 53/53/53 54/54/54
f 55/55/55 56/56/56 57/57/57
f 58/58/58 59/59/59 60/60/60
f 61/61/61 62/62/62 63/63/63
f 64/64/64 65/65/65 66/66/66
f 67/67/67 68/68/68 69/69/69
f 70/70/70 71/71/71 72/72/72
f 73/73/73 74/74/74 75/75/75
f 76/76/76 77/77/77 78/78/78
f 79/79/79 80/80/80 81/81/81
f 82/82/82 83/83/83 84/84/84
f 85/85/85 86/86/86 87/87/87
f 88/88/88 89/89/89 90/90/90
f 91/91/91 92/92/92 93/93/93
f 94/94/94 95/95/95 96/96/96
f 97/97/97 98/98/98 99/99/99
f 100/100/100 101/101/101 102/102/102
f 103/103/103 104/104/104 105/105/105
f 106/106/106 107/107/107 108/108/108
f 109/109/109 110/110/110 111/111/111
f 112/112/112 113/113/113 114/114/114
f 115/115/115 116/116/116 117/117/117
f 118/118/118 119/119/119 120/120/120
f 121/121/121 122/122/122 123/123/123
f 124/124/124 125/125/125 126/126/126
f 127/127/127 128/128/128 129/129/129
f 130/130/130 131/131/131 132/132/132
f 133/133/133 134/134/134 135/135/135
f 136/136/136 137/137/137 138/138/138
f 139/139/139 140/140/140 141/141/141
f 142/142/142 143/143/143 144/144/144
f 145/145/145 146/146/146 147/147/147
f 148/148/148 149/149/149 150/150/150
f 151/151/151 152/152/152 153/153/153
f 154/154/154 155/155/155 156/156/156
f 157/157/157 158/158/158 159/159/159
f 160/160/160 161/161/161 162/162/162
f 163/163/163 164/164/164 165/165/165
f 166/166/166 167/167/167 168/168/168
f 169/169/169 170/170/170 171/171/171
f 172/172/172 173/173/173 174/174/174
f 175/175/175 176/176/176 177/177/177
f 178/178/178 179/179/179 180/180/180
f 181/181/181 182/182/182 183/183/183
f 184/184/184 185/185/185 186/186/186
f 187/187/187 188/188/188 189/189/189
f 190/190/190 191/191/191 192/192/192
f 193/193/193 194/194/194 195/195/195
f 196/196/196 197/197/197 198/198/198
f 199/199/199 200/200/200 201/201/201
f 202/202/202 203/203/203 204/204/204
f 205/205/205 206/206/206 207/207/207
f 208/208/208 209/209/209 210/210/210
f 211/211/211 212/212/212 213/213/213
f 214/214/214 215/215/215 216/216/216
f 217/217/217 218/218/218 219/219/219
f 220/220/220 221/221/221 222/222/222
f 223/223/223 224/224/224 225/225/225
f 226/226/226 227/227/227 228/228/228
f 229/229/229 230/230/230 231/231/231
f 232/232/232 233/233/233 234/234/234
f 235/235/235 236/236/236 237/237/237
f 238/238/238 239/239/239 240/240/240
f 241/241/241 242/242/242 243/243/243
f 244/244/244 245/245/245 246/246/246
f 247/247/247 248/248/248 249/249/249
f 250/250/250 251/251/251 252/252/252
f 253/253/253 254/254/254 255/255/255
f 256/256/256 257/257/257 258/258/258
f 259/259/259 260/260/260 261/261/261
f 262/262/262 263/263/263 264/264/264
f 265/265/265 266/266/266 267/267/267
f 268/268/268 269/269/269 270/270/270
f 271/271/271 272/272/272 273/273/273
f 274/274/274 275/275/275 276/276/276
f 277/277/277 278/278/278 279/279/279
f 280/280/280 281/281/281 282/282/282
f 283/283/283 284/284/284 285/285/285
f 286/286/286 287/287/287 288/288/288
f 289/289/289 290/290/290 291/291/291
f 292/292/292 293/293/293 294/294/294
f 295/295/295 296/296/296 297/297/297
f 298/298/298 299/299/299 300/300/300
f 301/301/301 302/302/302 303/303/303
f 304/304/304 305/305/305 306/306/306
f 307/307/307 308/308/308 309/309/309
f 310/310/310 311/311/311 312/312/312
f 313/313/313 314/314/314 315/315/315
f 316/316/316 317/317/317 318/318/318
f 319/319/319 320/320/320 321/321/321
f 322/322/322 323/323/323 324/324/324
f 325/325/325 326/326/326 327/327/327
f 328/328/328 329/329/329 330/330/330
f 331/331/331 332/332/332 333/333/333
f 334/334/334 335/335/335 336/336/336
f 337/337/337 338/338/338 339/339/339
f 340/340/340 341/341/341 342/342/342
f 343/343/343 344/344/344 345/345/345
f 346/346/346 347/347/347 348/348/348
f 349/349/349 350/350/350 351/351/351
f 352/352/352 353/353/353 354/354/354
f 355/355/355 356/356/356 357/357/357
f 358/358/358 359/359/359 360/360/360
f 361/361/361 362/362/362 363/363/363
f 364/364/364 365/365/365 366/366/366
f 367/367/367 368/368/368 369/369/369
f 370/370/370 371/371/371 372/372/372
f 373/373/373 374/374/374 375/375/375
f 376/376/376 377/377/377 378/378/378
f 379/379/379 380/380/380 381/381/381
f 382/382/382 383/383/383 384/384/384
f 385/385/385 386/386/386 387/387/387
f 388/388/388 389/389/389 390/390/390
f 391/391/391 392/392/392 393/393/393
f 394/394/394 395/395/395 396/396/396
f 397/397/397 398/398/398 399/399/399
f 400/400/400 401/401/401 402/402/402
f 403/403/403 404/404/404 405/405/405
f 406/406/406 407/407/407 408/408/408
f 409/409/409 410/410/410 411/411/411
f 412/412/412 413/413/413 414/414/414
f 415/415/415 416/416/416 417/417/417
f 418/418/418 419/419/419 420/420/420
f 421/421/421 422/422/422 423/423/423
f 424/424/424 425/425/425 426/426/426
f 427/427/427 428/428/428 429/429/429
f 430/430/430 431/431/431 432/432/432
f 433/433/433 434/434/434 435/435/435
f 436/436/436 437/437/437 438/438/438
f 439/439/439 440/440/440 441/441/441
f 442/442/442 443/443/443 444/444/444
f 445/445/445 446/446/446 447/447/447
f 448/448/448 449/449/449 450/450/450
f 451/451/451 452/452/452 453/453/453
f 454/454/454 455/455/455 456/456/456
f 457/457/457 458/458/458 459/459/459
f 460/460/460 461/461/461 462/462/462
f 463/463/463 464/464/464 465/465/465
f 466/466/466 467/467/467 468/468/468
f 469/469/469 470/470/470 471/471/471
f 472/472/472 473/473/473 474/474/474
f 475/475/475 476/476/476 477/477/477
f 478/478/478 479/479/479 480/480/480
f 481/481/481 482/482/482 483/483/483
f 484/484/484 485/485/485 486/486/486
f 487/487/487 488/488/488 489/489/489
f 490/490/490 491/491/491 492/492/492
f 493/493/493 494/494/494 495/495/495
f 496/496/496 497/497/497 498/498/498
f 499/499/499 500/500/500 501/501/501
f 502/502/502 503/503/503 504/504/504
f 505/505/505 506/506/506 507/507/507
f 508/508/508 509/509/509 510/510/510
f 511/511/511 512/512/512 513/513/513
f 514/514/514 515/515/515 516/516/516
f 517/517/517 518/518/518 519/519/519
f 520/520/520 521/521/521 522/522/522
f 523/523/523 524/524/524 525/525/525
f 526/526/526 527/527/527 528/528/528
f 529/529/529 530/530/530 531/531/531
f 532/532/532 533/533/533 534/534/534
f 535/535/535 536/536/536 537/537/537
f 538/538/538 539/539/539 540/540/540
f 541/541/541 542/542/542 543/543/543
f 544/544/544 545/545/545 546/546/546
f 547/547/547 548/548/548 549/549/549
f 550/550/550 551/551/551 552/552/552
f 553/553/553 554/554/554 555/555/555
f 556/556/556 557/557/557 558/558/558
f 559/559/559 560/560/560 561/561/561
f 562/562/562 563/563/563 564/564/564
f 565/565/565 566/566/566 567/567/567
f 568/568/568 569/569/569 570/570/570
f 571/571/571 572/572/572 573/573/573
f 574/574/574 575/575/575 576/576/576
f 577/577/577 578/578/578 579/579/579
f 580/580/580 581/581/581 582/582/582
f 583/583/583 584/584/584 585/585/585
f 586/586/586 587/587/587 588/588/588
f 589/589/589 590/590/590 591/591/591
f 592/592/592 593/593/593 594/594/594
f 595/595/595 596/596/596 597/597/597
f 598/598/598 599/599/599 600/600/600
f 601/601/601 602/602/602 603/603/603
f 604/604/604 605/605/605 606/606/606
f 607/607/607 608/608/608 609/609/609
f 610/610/610 611/611/611 612/612/612
f 613/613/613 614/614/614 615/615/615
f 616/616/616 617/617/617 618/618/618
f 619/619/619 620/620/620 621/621/621
f 622/622/622 623/623/623 624/624/624
f 625/625/625 626/626/626 627/627/627
f 628/628/628 629/629/629 630/630/630
f 631/631/631 632/632/632 633/633/633
f 634/634/634 635/635/635 636/636/636
f 637/637/637 638/638/638 639/639/639
f 640/640/640 641/641/641 642/642/642
f 643/643/643 644/644/644 645/645/645
f 646/646/646 647/647/647 648/648/648
f 649/649/649 650/650/650 651/651/651
f 652/652/652 653/653/653 654/654/654
f 655/655/655 656/656/656 657/657/657
f 658/658/658 659/659/659 660/660/660
f 661/661/661 662/662/662 663/663/663
f 664/664/664 665/665/665 666/666/666
f 667/667/667 668/668/668 669/669/669
f 670/670/670 671/671/671 672/672/672
f 673/673/673 674/674/674 675/675/675
f 676/676/676 677/677/677 678/678/678
f 679/679/679 680/680/680 681/681/681
f 682/682/682 683/683/683 684/684/684
f 685/685/685 686/686/686 687/687/687
f 688/688/688 689/689/689 690/690/690
f 691/691/691 692/692/692 693/693/693
f 694/694/694 695/695/695 696/696/696
f 697/697/697 698/698/698 699/699/699
f 700/700/700 701/701/701 702/702/702
f 703/703/703 704/704/704 705/705/705
f 706/706/706 707/707/707 708/708/708
f 709/709/709 710/710/710 711/711/711
f 712/712/712 713/713/713 714/714/714
f 715/715/715 716/716/716 717/717/717
f 718/718/718 719/719/719 720/720/720
f 721/721/721 722/722/722 723/723/723
f 724/724/724 725/725/725 726/726/726
f 727/727/727 728/728/728 729/729/729
f 730/730/730 731/731/731 732/732/732
f 733/733/733 734/734/734 735/735/735
f 736/736/736 737/737/737 738/738/738
f 739/739/739 740/740/740 741/741/741
f 742/742/742 743/743/743 744/744/744
f 745/745/745 746/746/746 747/747/747
f 748/748/748 749/749/749 750/750/750
f 751/751/751 752/752/752 753/753/753
f 754/754/754 755/755/755 756/756/756
f 757/757/757 758/758/758 759/759/759
f 760/760/760 761/761/761 762/762/762
f 763/763/763 764/764/764 765/765/765
f 766/766/766 767/767/767 768/768/768
f 769/769/769 770/770/770 771/771/771
f 772/772/772 773/773/773 774/774/774
f 775/775/775 776/776/776 777/777/777
f 778/778/778 779/779/779 780/780/780
f 781/781/781 782/782/782 783/783/783
f 784/784/784 785/785/785 786/786/786
f 787/787/787 788/788/788 789/789/789
f 790/790/790 791/791/791 792/792/792
f 793/793/793 794/794/794 795/795/795
f 796/796/796 797/797/797 798/798/798
f 799/799/799 800/800/800 801/801/801
f 802/802/802 803/803/803 804/804/804
f 805/805/805 806/806/806 807/807/807
f 808/808/808 809/809/809 810/810/810
f 811/811/811 812/812/812 813/813/813
f 814/814/814 815/815/815 816/816/816
f 817/817/817 818/818/818 819/819/819
f 820/820/820 821/821/821 822/822/822
f 823/823/823 824/824/824 825/825/825
f 826/826/826 827/827/827 828/828/828
f 829/829/829 830/830/830 831/831/831
f 832/832/832 833/833/833 834/834/834
f 835/835/835 836/836/836 837/837/837
f 838/838/838 839/839/839 840/840/840
f 841/841/841 842/842/842 843/843/843
f 844/844/844 845/845/845 846/846/846
f 847/847/847 848/848/848 849/849/849
f 850/850/850 851/851/851 852/852/852
f 853/853/853 854/854/854 855/855/855
f 856/856/856 857/857/857 858/858/858
f 859/859/859 860/860/860 861/861/861
f 862/862/862 863/863/863 864/864/864
f 865/865/865 866/866/866 867/867/867
f 868/868/868 869/869/869 870/870/870
f 871/871/871 872/872/872 873/873/873
f 874/874/874 875/875/875 876/876/876
f 877/877/877 878/878/878 879/879/879
f 880/880/880 881/881/881 882/882/882
f 883/883/883 884/884/884 885/885/885
f 886/886/886 887/887/887 888/888/888
f 889/889/889 890/890/890 891/891/891
f 892/892/892 893/893/893 894/894/894
f 895/895/895 896/896/896 897/897/897
f 898/898/898 899/899/899 900/900/900
f 901/901/901 902/902/902 903/903/903
f 904/904/904 905/905/905 906/906/906
f 907/907/907 908/908/908 909/909/909
f 910/910/910 911/911/911 912/912/912
f 913/913/913 914/914/914 915/915/915
f 916/916/916 917/917/917 918/918/918
f 919/919/919 920/920/920 921/921/921
f 922/922/922 923/923/923 924/924/924
f 925/925/925 926/926/926 927/927/927
f 928/928/928 929/929/929 930/930/930
f 931/931/931 932/932/932 933/933/933
f 934/934/934 935/935/935 936/936/936
f 937/937/937 938/938/938 939/939/939
f 940/940/940 941/941/941 942/942/942
f 943/943/943 944/944/944 945/945/945
f 946/946/946 947/947/947 948/948/948
f 949/949/949 950/950/950 951/951/951
f 952/952/952 953/953/953 954/954/954
f 955/955/955 956/956/956 957/957/957
f 958/958/958 959/959/959 960/960/960
f 961/961/961 962/962/962 963/963/963
f 964/964/964 965/965/965 966/966/966
f 967/967/967 968/968/968 969/969/969
f 970/970/970 971/971/971 972/972/972
f 973/973/973 974/974/974 975/975/975
f 976/976/976 977/977/977 978/978/978
f 979/979/979 980/980/980 981/981/981
f 982/982/982 983/983/983 984/984/984
f 985/985/985 986/986/986 987/987/987
f 988/988/988 989/989/989 990/990/990
f 991/991/991 992/992/992 993/993/993
f 994/994/994 995/995/995 996/996/996
f 997/997/997 998/998/998 999/999/999
f 1000/1000/1000 1001/1001/1001 1002/1002/1002
f 1003/1003/1003 1004/1004/1004 1005/1005/1005
f 1006/1006/1006 1007/1007/1007 1008/1008/1008
f 1009/1009/1009 1010/1010/1010 1011/1011/1011
f 1012/1012/1012 1013/1013/1013 1014/1014/1014
f 1015/1015/1015 1016/1016/1016 1017/1017/1017
f 1018/1018/1018 1019/1019/1019 1020/1020/1020
f 1021/1021/1021 1022/1022/1022 1023/1023/1023
f 1024/1024/1024 1025/1025/1025 1026/1026/1026
f 1027/1027/1027 1028/1028/1028 1029/1029/1029
f 1030/1030/1030 1031/1031/1031 1032/1032/1032
f 1033/1033/1033 1034/1034/1034 1035/1035/1035
f 1036/1036/1036 1037/1037/1037 1038/1038/1038
f 1039/1039/1039 1040/1040/1040 1041/1041/1041
f 1042/1042/1042 1043/1043/1043 1044/1044/1044
f 1045/1045/1045 1046/1046/1046 1047/1047/1047
f 1048/1048/1048 1049/1049/1049 1050/1050/1050
f 1051/1051/1051 1052/1052/1052 1053/1053/1053
