# Authored in Blender; exported by tools-export-modern.py
mtllib materials.mtl
s off
v 0.500000000 0.764999986 0.500000000
v 0.593691647 0.744828045 0.538808346
v 0.601411104 0.744828045 0.500000000
v 0.571708500 0.744828045 0.571708500
v 0.538808346 0.744828045 0.593691647
v 0.500000000 0.744828045 0.601411104
v 0.461191654 0.744828045 0.593691647
v 0.428291529 0.744828045 0.571708500
v 0.406308353 0.744828045 0.538808346
v 0.398588896 0.744828045 0.500000000
v 0.406308353 0.744828045 0.461191654
v 0.428291529 0.744828045 0.428291529
v 0.461191654 0.744828045 0.406308353
v 0.500000000 0.744828045 0.398588896
v 0.538808346 0.744828045 0.406308353
v 0.571708500 0.744828045 0.428291529
v 0.593691647 0.744828045 0.461191654
v 0.673119605 0.687383294 0.571708500
v 0.687383294 0.687383294 0.500000000
v 0.632499993 0.687383294 0.632499993
v 0.571708500 0.687383294 0.673119605
v 0.500000000 0.687383294 0.687383294
v 0.428291529 0.687383294 0.673119605
v 0.367500007 0.687383294 0.632499993
v 0.326880395 0.687383294 0.571708500
v 0.312616706 0.687383294 0.500000000
v 0.326880395 0.687383294 0.428291529
v 0.367500007 0.687383294 0.367500007
v 0.428291529 0.687383294 0.326880395
v 0.500000000 0.687383294 0.312616706
v 0.571708500 0.687383294 0.326880395
v 0.632499993 0.687383294 0.367500007
v 0.673119605 0.687383294 0.428291529
v 0.726191640 0.601411104 0.593691647
v 0.744828045 0.601411104 0.500000000
v 0.673119605 0.601411104 0.673119605
v 0.593691647 0.601411104 0.726191640
v 0.500000000 0.601411104 0.744828045
v 0.406308353 0.601411104 0.726191640
v 0.326880395 0.601411104 0.673119605
v 0.273808360 0.601411104 0.593691647
v 0.255171955 0.601411104 0.500000000
v 0.273808360 0.601411104 0.406308353
v 0.326880395 0.601411104 0.326880395
v 0.406308353 0.601411104 0.273808360
v 0.500000000 0.601411104 0.255171955
v 0.593691647 0.601411104 0.273808360
v 0.673119605 0.601411104 0.326880395
v 0.726191640 0.601411104 0.406308353
v 0.744828045 0.500000000 0.601411104
v 0.764999986 0.500000000 0.500000000
v 0.687383294 0.500000000 0.687383294
v 0.601411104 0.500000000 0.744828045
v 0.500000000 0.500000000 0.764999986
v 0.398588896 0.500000000 0.744828045
v 0.312616706 0.500000000 0.687383294
v 0.255171955 0.500000000 0.601411104
v 0.235000014 0.500000000 0.500000000
v 0.255171955 0.500000000 0.398588896
v 0.312616706 0.500000000 0.312616706
v 0.398588896 0.500000000 0.255171955
v 0.500000000 0.500000000 0.235000014
v 0.601411104 0.500000000 0.255171955
v 0.687383294 0.500000000 0.312616706
v 0.744828045 0.500000000 0.398588896
v 0.726191640 0.398588896 0.593691647
v 0.744828045 0.398588896 0.500000000
v 0.673119605 0.398588896 0.673119605
v 0.593691647 0.398588896 0.726191640
v 0.500000000 0.398588896 0.744828045
v 0.406308353 0.398588896 0.726191640
v 0.326880395 0.398588896 0.673119605
v 0.273808360 0.398588896 0.593691647
v 0.255171955 0.398588896 0.500000000
v 0.273808360 0.398588896 0.406308353
v 0.326880395 0.398588896 0.326880395
v 0.406308353 0.398588896 0.273808360
v 0.500000000 0.398588896 0.255171955
v 0.593691647 0.398588896 0.273808360
v 0.673119605 0.398588896 0.326880395
v 0.726191640 0.398588896 0.406308353
v 0.673119605 0.312616706 0.571708500
v 0.687383294 0.312616706 0.500000000
v 0.632499993 0.312616706 0.632499993
v 0.571708500 0.312616706 0.673119605
v 0.500000000 0.312616706 0.687383294
v 0.428291529 0.312616706 0.673119605
v 0.367500007 0.312616706 0.632499993
v 0.326880395 0.312616706 0.571708500
v 0.312616706 0.312616706 0.500000000
v 0.326880395 0.312616706 0.428291529
v 0.367500007 0.312616706 0.367500007
v 0.428291529 0.312616706 0.326880395
v 0.500000000 0.312616706 0.312616706
v 0.571708500 0.312616706 0.326880395
v 0.632499993 0.312616706 0.367500007
v 0.673119605 0.312616706 0.428291529
v 0.593691647 0.255171955 0.538808346
v 0.601411104 0.255171955 0.500000000
v 0.571708500 0.255171955 0.571708500
v 0.538808346 0.255171955 0.593691647
v 0.500000000 0.255171955 0.601411104
v 0.461191654 0.255171955 0.593691647
v 0.428291529 0.255171955 0.571708500
v 0.406308353 0.255171955 0.538808346
v 0.398588896 0.255171955 0.500000000
v 0.406308353 0.255171955 0.461191654
v 0.428291529 0.255171955 0.428291529
v 0.461191654 0.255171955 0.406308353
v 0.500000000 0.255171955 0.398588896
v 0.538808346 0.255171955 0.406308353
v 0.571708500 0.255171955 0.428291529
v 0.593691647 0.255171955 0.461191654
v 0.500000000 0.235000014 0.500000000
v 0.500000000 0.340000004 0.750000000
v 0.404329151 0.340000004 0.730969906
v 0.404329151 0.000000000 0.730969906
v 0.500000000 0.000000000 0.750000000
v 0.323223293 0.340000004 0.676776707
v 0.323223293 0.000000000 0.676776707
v 0.269030124 0.340000004 0.595670879
v 0.269030124 0.000000000 0.595670879
v 0.250000000 0.340000004 0.500000000
v 0.250000000 0.000000000 0.500000000
v 0.269030124 0.340000004 0.404329151
v 0.269030124 0.000000000 0.404329151
v 0.323223293 0.340000004 0.323223293
v 0.323223293 0.000000000 0.323223293
v 0.404329151 0.340000004 0.269030124
v 0.404329151 0.000000000 0.269030124
v 0.500000000 0.340000004 0.250000000
v 0.500000000 0.000000000 0.250000000
v 0.595670879 0.340000004 0.269030124
v 0.595670879 0.000000000 0.269030124
v 0.676776707 0.340000004 0.323223293
v 0.676776707 0.000000000 0.323223293
v 0.730969906 0.340000004 0.404329151
v 0.730969906 0.000000000 0.404329151
v 0.750000000 0.340000004 0.500000000
v 0.750000000 0.000000000 0.500000000
v 0.730969906 0.340000004 0.595670879
v 0.730969906 0.000000000 0.595670879
v 0.676776707 0.340000004 0.676776707
v 0.676776707 0.000000000 0.676776707
v 0.595670879 0.340000004 0.730969906
v 0.595670879 0.000000000 0.730969906
v 0.421549916 0.000000000 0.689395308
v 0.500000000 0.000000000 0.704999983
v 0.355043113 0.000000000 0.644956887
v 0.310604692 0.000000000 0.578450084
v 0.295000017 0.000000000 0.500000000
v 0.310604692 0.000000000 0.421549916
v 0.355043113 0.000000000 0.355043113
v 0.421549916 0.000000000 0.310604692
v 0.500000000 0.000000000 0.295000017
v 0.578450084 0.000000000 0.310604692
v 0.644956887 0.000000000 0.355043113
v 0.689395308 0.000000000 0.421549916
v 0.704999983 0.000000000 0.500000000
v 0.689395308 0.000000000 0.578450084
v 0.644956887 0.000000000 0.644956887
v 0.578450084 0.000000000 0.689395308
v 0.421549916 0.340000004 0.689395308
v 0.500000000 0.340000004 0.704999983
v 0.355043113 0.340000004 0.644956887
v 0.310604692 0.340000004 0.578450084
v 0.295000017 0.340000004 0.500000000
v 0.310604692 0.340000004 0.421549916
v 0.355043113 0.340000004 0.355043113
v 0.421549916 0.340000004 0.310604692
v 0.500000000 0.340000004 0.295000017
v 0.578450084 0.340000004 0.310604692
v 0.644956887 0.340000004 0.355043113
v 0.689395308 0.340000004 0.421549916
v 0.704999983 0.340000004 0.500000000
v 0.689395308 0.340000004 0.578450084
v 0.644956887 0.340000004 0.644956887
v 0.578450084 0.340000004 0.689395308
v 0.500000000 0.659999967 0.250000000
v 0.404329151 0.659999967 0.269030124
v 0.404329151 1.000000000 0.269030124
v 0.500000000 1.000000000 0.250000000
v 0.323223293 0.659999967 0.323223293
v 0.323223293 1.000000000 0.323223293
v 0.269030124 0.659999967 0.404329151
v 0.269030124 1.000000000 0.404329151
v 0.250000000 0.659999967 0.500000000
v 0.250000000 1.000000000 0.500000000
v 0.269030124 0.659999967 0.595670879
v 0.269030124 1.000000000 0.595670879
v 0.323223293 0.659999967 0.676776707
v 0.323223293 1.000000000 0.676776707
v 0.404329151 0.659999967 0.730969906
v 0.404329151 1.000000000 0.730969906
v 0.500000000 0.659999967 0.750000000
v 0.500000000 1.000000000 0.750000000
v 0.595670879 0.659999967 0.730969906
v 0.595670879 1.000000000 0.730969906
v 0.676776707 0.659999967 0.676776707
v 0.676776707 1.000000000 0.676776707
v 0.730969906 0.659999967 0.595670879
v 0.730969906 1.000000000 0.595670879
v 0.750000000 0.659999967 0.500000000
v 0.750000000 1.000000000 0.500000000
v 0.730969906 0.659999967 0.404329151
v 0.730969906 1.000000000 0.404329151
v 0.676776707 0.659999967 0.323223293
v 0.676776707 1.000000000 0.323223293
v 0.595670879 0.659999967 0.269030124
v 0.595670879 1.000000000 0.269030124
v 0.421549916 1.000000000 0.310604692
v 0.500000000 1.000000000 0.295000017
v 0.355043113 1.000000000 0.355043113
v 0.310604692 1.000000000 0.421549916
v 0.295000017 1.000000000 0.500000000
v 0.310604692 1.000000000 0.578450084
v 0.355043113 1.000000000 0.644956887
v 0.421549916 1.000000000 0.689395308
v 0.500000000 1.000000000 0.704999983
v 0.578450084 1.000000000 0.689395308
v 0.644956887 1.000000000 0.644956887
v 0.689395308 1.000000000 0.578450084
v 0.704999983 1.000000000 0.500000000
v 0.689395308 1.000000000 0.421549916
v 0.644956887 1.000000000 0.355043113
v 0.578450084 1.000000000 0.310604692
v 0.421549916 0.659999967 0.310604692
v 0.500000000 0.659999967 0.295000017
v 0.355043113 0.659999967 0.355043113
v 0.310604692 0.659999967 0.421549916
v 0.295000017 0.659999967 0.500000000
v 0.310604692 0.659999967 0.578450084
v 0.355043113 0.659999967 0.644956887
v 0.421549916 0.659999967 0.689395308
v 0.500000000 0.659999967 0.704999983
v 0.578450084 0.659999967 0.689395308
v 0.644956887 0.659999967 0.644956887
v 0.689395308 0.659999967 0.578450084
v 0.704999983 0.659999967 0.500000000
v 0.689395308 0.659999967 0.421549916
v 0.644956887 0.659999967 0.355043113
v 0.578450084 0.659999967 0.310604692
v 0.250000000 0.500000000 0.659999967
v 0.269030124 0.404329151 0.659999967
v 0.269030124 0.404329151 1.000000000
v 0.250000000 0.500000000 1.000000000
v 0.323223293 0.323223293 0.659999967
v 0.323223293 0.323223293 1.000000000
v 0.404329151 0.269030124 0.659999967
v 0.404329151 0.269030124 1.000000000
v 0.500000000 0.250000000 0.659999967
v 0.500000000 0.250000000 1.000000000
v 0.595670879 0.269030124 0.659999967
v 0.595670879 0.269030124 1.000000000
v 0.676776707 0.323223293 0.659999967
v 0.676776707 0.323223293 1.000000000
v 0.730969906 0.404329151 0.659999967
v 0.730969906 0.404329151 1.000000000
v 0.750000000 0.500000000 0.659999967
v 0.750000000 0.500000000 1.000000000
v 0.730969906 0.595670879 0.659999967
v 0.730969906 0.595670879 1.000000000
v 0.676776707 0.676776707 0.659999967
v 0.676776707 0.676776707 1.000000000
v 0.595670879 0.730969906 0.659999967
v 0.595670879 0.730969906 1.000000000
v 0.500000000 0.750000000 0.659999967
v 0.500000000 0.750000000 1.000000000
v 0.404329151 0.730969906 0.659999967
v 0.404329151 0.730969906 1.000000000
v 0.323223293 0.676776707 0.659999967
v 0.323223293 0.676776707 1.000000000
v 0.269030124 0.595670879 0.659999967
v 0.269030124 0.595670879 1.000000000
v 0.310604692 0.421549916 1.000000000
v 0.295000017 0.500000000 1.000000000
v 0.355043113 0.355043113 1.000000000
v 0.421549916 0.310604692 1.000000000
v 0.500000000 0.295000017 1.000000000
v 0.578450084 0.310604692 1.000000000
v 0.644956887 0.355043113 1.000000000
v 0.689395308 0.421549916 1.000000000
v 0.704999983 0.500000000 1.000000000
v 0.689395308 0.578450084 1.000000000
v 0.644956887 0.644956887 1.000000000
v 0.578450084 0.689395308 1.000000000
v 0.500000000 0.704999983 1.000000000
v 0.421549916 0.689395308 1.000000000
v 0.355043113 0.644956887 1.000000000
v 0.310604692 0.578450084 1.000000000
v 0.310604692 0.421549916 0.659999967
v 0.295000017 0.500000000 0.659999967
v 0.355043113 0.355043113 0.659999967
v 0.421549916 0.310604692 0.659999967
v 0.500000000 0.295000017 0.659999967
v 0.578450084 0.310604692 0.659999967
v 0.644956887 0.355043113 0.659999967
v 0.689395308 0.421549916 0.659999967
v 0.704999983 0.500000000 0.659999967
v 0.689395308 0.578450084 0.659999967
v 0.644956887 0.644956887 0.659999967
v 0.578450084 0.689395308 0.659999967
v 0.500000000 0.704999983 0.659999967
v 0.421549916 0.689395308 0.659999967
v 0.355043113 0.644956887 0.659999967
v 0.310604692 0.578450084 0.659999967
v 0.340000004 0.500000000 0.250000000
v 0.340000004 0.404329151 0.269030124
v 0.000000000 0.404329151 0.269030124
v 0.000000000 0.500000000 0.250000000
v 0.340000004 0.323223293 0.323223293
v 0.000000000 0.323223293 0.323223293
v 0.340000004 0.269030124 0.404329151
v 0.000000000 0.269030124 0.404329151
v 0.340000004 0.250000000 0.500000000
v 0.000000000 0.250000000 0.500000000
v 0.340000004 0.269030124 0.595670879
v 0.000000000 0.269030124 0.595670879
v 0.340000004 0.323223293 0.676776707
v 0.000000000 0.323223293 0.676776707
v 0.340000004 0.404329151 0.730969906
v 0.000000000 0.404329151 0.730969906
v 0.340000004 0.500000000 0.750000000
v 0.000000000 0.500000000 0.750000000
v 0.340000004 0.595670879 0.730969906
v 0.000000000 0.595670879 0.730969906
v 0.340000004 0.676776707 0.676776707
v 0.000000000 0.676776707 0.676776707
v 0.340000004 0.730969906 0.595670879
v 0.000000000 0.730969906 0.595670879
v 0.340000004 0.750000000 0.500000000
v 0.000000000 0.750000000 0.500000000
v 0.340000004 0.730969906 0.404329151
v 0.000000000 0.730969906 0.404329151
v 0.340000004 0.676776707 0.323223293
v 0.000000000 0.676776707 0.323223293
v 0.340000004 0.595670879 0.269030124
v 0.000000000 0.595670879 0.269030124
v 0.000000000 0.421549916 0.310604692
v 0.000000000 0.500000000 0.295000017
v 0.000000000 0.355043113 0.355043113
v 0.000000000 0.310604692 0.421549916
v 0.000000000 0.295000017 0.500000000
v 0.000000000 0.310604692 0.578450084
v 0.000000000 0.355043113 0.644956887
v 0.000000000 0.421549916 0.689395308
v 0.000000000 0.500000000 0.704999983
v 0.000000000 0.578450084 0.689395308
v 0.000000000 0.644956887 0.644956887
v 0.000000000 0.689395308 0.578450084
v 0.000000000 0.704999983 0.500000000
v 0.000000000 0.689395308 0.421549916
v 0.000000000 0.644956887 0.355043113
v 0.000000000 0.578450084 0.310604692
v 0.340000004 0.421549916 0.310604692
v 0.340000004 0.500000000 0.295000017
v 0.340000004 0.355043113 0.355043113
v 0.340000004 0.310604692 0.421549916
v 0.340000004 0.295000017 0.500000000
v 0.340000004 0.310604692 0.578450084
v 0.340000004 0.355043113 0.644956887
v 0.340000004 0.421549916 0.689395308
v 0.340000004 0.500000000 0.704999983
v 0.340000004 0.578450084 0.689395308
v 0.340000004 0.644956887 0.644956887
v 0.340000004 0.689395308 0.578450084
v 0.340000004 0.704999983 0.500000000
v 0.340000004 0.689395308 0.421549916
v 0.340000004 0.644956887 0.355043113
v 0.340000004 0.578450084 0.310604692
v 0.659999967 0.500000000 0.750000000
v 0.659999967 0.404329151 0.730969906
v 1.000000000 0.404329151 0.730969906
v 1.000000000 0.500000000 0.750000000
v 0.659999967 0.323223293 0.676776707
v 1.000000000 0.323223293 0.676776707
v 0.659999967 0.269030124 0.595670879
v 1.000000000 0.269030124 0.595670879
v 0.659999967 0.250000000 0.500000000
v 1.000000000 0.250000000 0.500000000
v 0.659999967 0.269030124 0.404329151
v 1.000000000 0.269030124 0.404329151
v 0.659999967 0.323223293 0.323223293
v 1.000000000 0.323223293 0.323223293
v 0.659999967 0.404329151 0.269030124
v 1.000000000 0.404329151 0.269030124
v 0.659999967 0.500000000 0.250000000
v 1.000000000 0.500000000 0.250000000
v 0.659999967 0.595670879 0.269030124
v 1.000000000 0.595670879 0.269030124
v 0.659999967 0.676776707 0.323223293
v 1.000000000 0.676776707 0.323223293
v 0.659999967 0.730969906 0.404329151
v 1.000000000 0.730969906 0.404329151
v 0.659999967 0.750000000 0.500000000
v 1.000000000 0.750000000 0.500000000
v 0.659999967 0.730969906 0.595670879
v 1.000000000 0.730969906 0.595670879
v 0.659999967 0.676776707 0.676776707
v 1.000000000 0.676776707 0.676776707
v 0.659999967 0.595670879 0.730969906
v 1.000000000 0.595670879 0.730969906
v 1.000000000 0.421549916 0.689395308
v 1.000000000 0.500000000 0.704999983
v 1.000000000 0.355043113 0.644956887
v 1.000000000 0.310604692 0.578450084
v 1.000000000 0.295000017 0.500000000
v 1.000000000 0.310604692 0.421549916
v 1.000000000 0.355043113 0.355043113
v 1.000000000 0.421549916 0.310604692
v 1.000000000 0.500000000 0.295000017
v 1.000000000 0.578450084 0.310604692
v 1.000000000 0.644956887 0.355043113
v 1.000000000 0.689395308 0.421549916
v 1.000000000 0.704999983 0.500000000
v 1.000000000 0.689395308 0.578450084
v 1.000000000 0.644956887 0.644956887
v 1.000000000 0.578450084 0.689395308
v 0.659999967 0.421549916 0.689395308
v 0.659999967 0.500000000 0.704999983
v 0.659999967 0.355043113 0.644956887
v 0.659999967 0.310604692 0.578450084
v 0.659999967 0.295000017 0.500000000
v 0.659999967 0.310604692 0.421549916
v 0.659999967 0.355043113 0.355043113
v 0.659999967 0.421549916 0.310604692
v 0.659999967 0.500000000 0.295000017
v 0.659999967 0.578450084 0.310604692
v 0.659999967 0.644956887 0.355043113
v 0.659999967 0.689395308 0.421549916
v 0.659999967 0.704999983 0.500000000
v 0.659999967 0.689395308 0.578450084
v 0.659999967 0.644956887 0.644956887
v 0.659999967 0.578450084 0.689395308
v 0.500000000 0.064999998 0.814999998
v 0.379454732 0.064999998 0.791022062
v 0.379454732 0.000000000 0.791022062
v 0.500000000 0.000000000 0.814999998
v 0.277261376 0.064999998 0.722738624
v 0.277261376 0.000000000 0.722738624
v 0.208977968 0.064999998 0.620545268
v 0.208977968 0.000000000 0.620545268
v 0.185000002 0.064999998 0.500000000
v 0.185000002 0.000000000 0.500000000
v 0.208977968 0.064999998 0.379454732
v 0.208977968 0.000000000 0.379454732
v 0.277261376 0.064999998 0.277261376
v 0.277261376 0.000000000 0.277261376
v 0.379454732 0.064999998 0.208977968
v 0.379454732 0.000000000 0.208977968
v 0.500000000 0.064999998 0.185000002
v 0.500000000 0.000000000 0.185000002
v 0.620545268 0.064999998 0.208977968
v 0.620545268 0.000000000 0.208977968
v 0.722738624 0.064999998 0.277261376
v 0.722738624 0.000000000 0.277261376
v 0.791022062 0.064999998 0.379454732
v 0.791022062 0.000000000 0.379454732
v 0.814999998 0.064999998 0.500000000
v 0.814999998 0.000000000 0.500000000
v 0.791022062 0.064999998 0.620545268
v 0.791022062 0.000000000 0.620545268
v 0.722738624 0.064999998 0.722738624
v 0.722738624 0.000000000 0.722738624
v 0.620545268 0.064999998 0.791022062
v 0.620545268 0.000000000 0.791022062
v 0.421549916 0.064999998 0.689395308
v 0.500000000 0.064999998 0.704999983
v 0.355043113 0.064999998 0.644956887
v 0.310604692 0.064999998 0.578450084
v 0.295000017 0.064999998 0.500000000
v 0.310604692 0.064999998 0.421549916
v 0.355043113 0.064999998 0.355043113
v 0.421549916 0.064999998 0.310604692
v 0.500000000 0.064999998 0.295000017
v 0.578450084 0.064999998 0.310604692
v 0.644956887 0.064999998 0.355043113
v 0.689395308 0.064999998 0.421549916
v 0.704999983 0.064999998 0.500000000
v 0.689395308 0.064999998 0.578450084
v 0.644956887 0.064999998 0.644956887
v 0.578450084 0.064999998 0.689395308
v 0.500000000 0.159999996 0.759999990
v 0.400502324 0.159999996 0.740208626
v 0.400502324 0.090000004 0.740208626
v 0.500000000 0.090000004 0.759999990
v 0.316152245 0.159999996 0.683847785
v 0.316152245 0.090000004 0.683847785
v 0.259791344 0.159999996 0.599497676
v 0.259791344 0.090000004 0.599497676
v 0.240000010 0.159999996 0.500000000
v 0.240000010 0.090000004 0.500000000
v 0.259791344 0.159999996 0.400502324
v 0.259791344 0.090000004 0.400502324
v 0.316152245 0.159999996 0.316152245
v 0.316152245 0.090000004 0.316152245
v 0.400502324 0.159999996 0.259791344
v 0.400502324 0.090000004 0.259791344
v 0.500000000 0.159999996 0.240000010
v 0.500000000 0.090000004 0.240000010
v 0.599497676 0.159999996 0.259791344
v 0.599497676 0.090000004 0.259791344
v 0.683847785 0.159999996 0.316152245
v 0.683847785 0.090000004 0.316152245
v 0.740208626 0.159999996 0.400502324
v 0.740208626 0.090000004 0.400502324
v 0.759999990 0.159999996 0.500000000
v 0.759999990 0.090000004 0.500000000
v 0.740208626 0.159999996 0.599497676
v 0.740208626 0.090000004 0.599497676
v 0.683847785 0.159999996 0.683847785
v 0.683847785 0.090000004 0.683847785
v 0.599497676 0.159999996 0.740208626
v 0.599497676 0.090000004 0.740208626
v 0.404711843 0.090000004 0.730045974
v 0.500000000 0.090000004 0.749000013
v 0.323930413 0.090000004 0.676069617
v 0.269954026 0.090000004 0.595288157
v 0.250999987 0.090000004 0.500000000
v 0.269954026 0.090000004 0.404711843
v 0.323930413 0.090000004 0.323930413
v 0.404711843 0.090000004 0.269954026
v 0.500000000 0.090000004 0.250999987
v 0.595288157 0.090000004 0.269954026
v 0.676069617 0.090000004 0.323930413
v 0.730045974 0.090000004 0.404711843
v 0.749000013 0.090000004 0.500000000
v 0.730045974 0.090000004 0.595288157
v 0.676069617 0.090000004 0.676069617
v 0.595288157 0.090000004 0.730045974
v 0.404711843 0.159999996 0.730045974
v 0.500000000 0.159999996 0.749000013
v 0.323930413 0.159999996 0.676069617
v 0.269954026 0.159999996 0.595288157
v 0.250999987 0.159999996 0.500000000
v 0.269954026 0.159999996 0.404711843
v 0.323930413 0.159999996 0.323930413
v 0.404711843 0.159999996 0.269954026
v 0.500000000 0.159999996 0.250999987
v 0.595288157 0.159999996 0.269954026
v 0.676069617 0.159999996 0.323930413
v 0.730045974 0.159999996 0.404711843
v 0.749000013 0.159999996 0.500000000
v 0.730045974 0.159999996 0.595288157
v 0.676069617 0.159999996 0.676069617
v 0.595288157 0.159999996 0.730045974
v 0.500000000 0.075000003 0.805000007
v 0.515588462 0.075000003 0.796000004
v 0.515588462 0.075000003 0.777999997
v 0.500000000 0.075000003 0.768999994
v 0.484411538 0.075000003 0.777999997
v 0.484411538 0.075000003 0.796000004
v 0.515588462 0.010000000 0.796000004
v 0.500000000 0.010000000 0.805000007
v 0.484411538 0.010000000 0.796000004
v 0.484411538 0.010000000 0.777999997
v 0.500000000 0.010000000 0.768999994
v 0.515588462 0.010000000 0.777999997
v 0.213000000 0.075000003 0.518000007
v 0.228588462 0.075000003 0.509000003
v 0.228588462 0.075000003 0.490999997
v 0.213000000 0.075000003 0.481999993
v 0.197411537 0.075000003 0.490999997
v 0.197411537 0.075000003 0.509000003
v 0.228588462 0.010000000 0.509000003
v 0.213000000 0.010000000 0.518000007
v 0.197411537 0.010000000 0.509000003
v 0.197411537 0.010000000 0.490999997
v 0.213000000 0.010000000 0.481999993
v 0.228588462 0.010000000 0.490999997
v 0.500000000 0.075000003 0.231000006
v 0.515588462 0.075000003 0.222000003
v 0.515588462 0.075000003 0.203999996
v 0.500000000 0.075000003 0.194999993
v 0.484411538 0.075000003 0.203999996
v 0.484411538 0.075000003 0.222000003
v 0.515588462 0.010000000 0.222000003
v 0.500000000 0.010000000 0.231000006
v 0.484411538 0.010000000 0.222000003
v 0.484411538 0.010000000 0.203999996
v 0.500000000 0.010000000 0.194999993
v 0.515588462 0.010000000 0.203999996
v 0.787000000 0.075000003 0.518000007
v 0.802588463 0.075000003 0.509000003
v 0.802588463 0.075000003 0.490999997
v 0.787000000 0.075000003 0.481999993
v 0.771411538 0.075000003 0.490999997
v 0.771411538 0.075000003 0.509000003
v 0.802588463 0.010000000 0.509000003
v 0.787000000 0.010000000 0.518000007
v 0.771411538 0.010000000 0.509000003
v 0.771411538 0.010000000 0.490999997
v 0.787000000 0.010000000 0.481999993
v 0.802588463 0.010000000 0.490999997
v 0.500000000 0.935000002 0.185000002
v 0.379454732 0.935000002 0.208977968
v 0.379454732 1.000000000 0.208977968
v 0.500000000 1.000000000 0.185000002
v 0.277261376 0.935000002 0.277261376
v 0.277261376 1.000000000 0.277261376
v 0.208977968 0.935000002 0.379454732
v 0.208977968 1.000000000 0.379454732
v 0.185000002 0.935000002 0.500000000
v 0.185000002 1.000000000 0.500000000
v 0.208977968 0.935000002 0.620545268
v 0.208977968 1.000000000 0.620545268
v 0.277261376 0.935000002 0.722738624
v 0.277261376 1.000000000 0.722738624
v 0.379454732 0.935000002 0.791022062
v 0.379454732 1.000000000 0.791022062
v 0.500000000 0.935000002 0.814999998
v 0.500000000 1.000000000 0.814999998
v 0.620545268 0.935000002 0.791022062
v 0.620545268 1.000000000 0.791022062
v 0.722738624 0.935000002 0.722738624
v 0.722738624 1.000000000 0.722738624
v 0.791022062 0.935000002 0.620545268
v 0.791022062 1.000000000 0.620545268
v 0.814999998 0.935000002 0.500000000
v 0.814999998 1.000000000 0.500000000
v 0.791022062 0.935000002 0.379454732
v 0.791022062 1.000000000 0.379454732
v 0.722738624 0.935000002 0.277261376
v 0.722738624 1.000000000 0.277261376
v 0.620545268 0.935000002 0.208977968
v 0.620545268 1.000000000 0.208977968
v 0.421549916 0.935000002 0.310604692
v 0.500000000 0.935000002 0.295000017
v 0.355043113 0.935000002 0.355043113
v 0.310604692 0.935000002 0.421549916
v 0.295000017 0.935000002 0.500000000
v 0.310604692 0.935000002 0.578450084
v 0.355043113 0.935000002 0.644956887
v 0.421549916 0.935000002 0.689395308
v 0.500000000 0.935000002 0.704999983
v 0.578450084 0.935000002 0.689395308
v 0.644956887 0.935000002 0.644956887
v 0.689395308 0.935000002 0.578450084
v 0.704999983 0.935000002 0.500000000
v 0.689395308 0.935000002 0.421549916
v 0.644956887 0.935000002 0.355043113
v 0.578450084 0.935000002 0.310604692
v 0.500000000 0.840000033 0.240000010
v 0.400502324 0.840000033 0.259791344
v 0.400502324 0.909999967 0.259791344
v 0.500000000 0.909999967 0.240000010
v 0.316152245 0.840000033 0.316152245
v 0.316152245 0.909999967 0.316152245
v 0.259791344 0.840000033 0.400502324
v 0.259791344 0.909999967 0.400502324
v 0.240000010 0.840000033 0.500000000
v 0.240000010 0.909999967 0.500000000
v 0.259791344 0.840000033 0.599497676
v 0.259791344 0.909999967 0.599497676
v 0.316152245 0.840000033 0.683847785
v 0.316152245 0.909999967 0.683847785
v 0.400502324 0.840000033 0.740208626
v 0.400502324 0.909999967 0.740208626
v 0.500000000 0.840000033 0.759999990
v 0.500000000 0.909999967 0.759999990
v 0.599497676 0.840000033 0.740208626
v 0.599497676 0.909999967 0.740208626
v 0.683847785 0.840000033 0.683847785
v 0.683847785 0.909999967 0.683847785
v 0.740208626 0.840000033 0.599497676
v 0.740208626 0.909999967 0.599497676
v 0.759999990 0.840000033 0.500000000
v 0.759999990 0.909999967 0.500000000
v 0.740208626 0.840000033 0.400502324
v 0.740208626 0.909999967 0.400502324
v 0.683847785 0.840000033 0.316152245
v 0.683847785 0.909999967 0.316152245
v 0.599497676 0.840000033 0.259791344
v 0.599497676 0.909999967 0.259791344
v 0.404711843 0.909999967 0.269954026
v 0.500000000 0.909999967 0.250999987
v 0.323930413 0.909999967 0.323930413
v 0.269954026 0.909999967 0.404711843
v 0.250999987 0.909999967 0.500000000
v 0.269954026 0.909999967 0.595288157
v 0.323930413 0.909999967 0.676069617
v 0.404711843 0.909999967 0.730045974
v 0.500000000 0.909999967 0.749000013
v 0.595288157 0.909999967 0.730045974
v 0.676069617 0.909999967 0.676069617
v 0.730045974 0.909999967 0.595288157
v 0.749000013 0.909999967 0.500000000
v 0.730045974 0.909999967 0.404711843
v 0.676069617 0.909999967 0.323930413
v 0.595288157 0.909999967 0.269954026
v 0.404711843 0.840000033 0.269954026
v 0.500000000 0.840000033 0.250999987
v 0.323930413 0.840000033 0.323930413
v 0.269954026 0.840000033 0.404711843
v 0.250999987 0.840000033 0.500000000
v 0.269954026 0.840000033 0.595288157
v 0.323930413 0.840000033 0.676069617
v 0.404711843 0.840000033 0.730045974
v 0.500000000 0.840000033 0.749000013
v 0.595288157 0.840000033 0.730045974
v 0.676069617 0.840000033 0.676069617
v 0.730045974 0.840000033 0.595288157
v 0.749000013 0.840000033 0.500000000
v 0.730045974 0.840000033 0.404711843
v 0.676069617 0.840000033 0.323930413
v 0.595288157 0.840000033 0.269954026
v 0.500000000 0.925000012 0.194999993
v 0.515588462 0.925000012 0.203999996
v 0.515588462 0.925000012 0.222000003
v 0.500000000 0.925000012 0.231000006
v 0.484411538 0.925000012 0.222000003
v 0.484411538 0.925000012 0.203999996
v 0.515588462 0.990000010 0.203999996
v 0.500000000 0.990000010 0.194999993
v 0.484411538 0.990000010 0.203999996
v 0.484411538 0.990000010 0.222000003
v 0.500000000 0.990000010 0.231000006
v 0.515588462 0.990000010 0.222000003
v 0.213000000 0.925000012 0.481999993
v 0.228588462 0.925000012 0.490999997
v 0.228588462 0.925000012 0.509000003
v 0.213000000 0.925000012 0.518000007
v 0.197411537 0.925000012 0.509000003
v 0.197411537 0.925000012 0.490999997
v 0.228588462 0.990000010 0.490999997
v 0.213000000 0.990000010 0.481999993
v 0.197411537 0.990000010 0.490999997
v 0.197411537 0.990000010 0.509000003
v 0.213000000 0.990000010 0.518000007
v 0.228588462 0.990000010 0.509000003
v 0.500000000 0.925000012 0.768999994
v 0.515588462 0.925000012 0.777999997
v 0.515588462 0.925000012 0.796000004
v 0.500000000 0.925000012 0.805000007
v 0.484411538 0.925000012 0.796000004
v 0.484411538 0.925000012 0.777999997
v 0.515588462 0.990000010 0.777999997
v 0.500000000 0.990000010 0.768999994
v 0.484411538 0.990000010 0.777999997
v 0.484411538 0.990000010 0.796000004
v 0.500000000 0.990000010 0.805000007
v 0.515588462 0.990000010 0.796000004
v 0.787000000 0.925000012 0.481999993
v 0.802588463 0.925000012 0.490999997
v 0.802588463 0.925000012 0.509000003
v 0.787000000 0.925000012 0.518000007
v 0.771411538 0.925000012 0.509000003
v 0.771411538 0.925000012 0.490999997
v 0.802588463 0.990000010 0.490999997
v 0.787000000 0.990000010 0.481999993
v 0.771411538 0.990000010 0.490999997
v 0.771411538 0.990000010 0.509000003
v 0.787000000 0.990000010 0.518000007
v 0.802588463 0.990000010 0.509000003
v 0.185000002 0.500000000 0.935000002
v 0.208977968 0.379454732 0.935000002
v 0.208977968 0.379454732 1.000000000
v 0.185000002 0.500000000 1.000000000
v 0.277261376 0.277261376 0.935000002
v 0.277261376 0.277261376 1.000000000
v 0.379454732 0.208977968 0.935000002
v 0.379454732 0.208977968 1.000000000
v 0.500000000 0.185000002 0.935000002
v 0.500000000 0.185000002 1.000000000
v 0.620545268 0.208977968 0.935000002
v 0.620545268 0.208977968 1.000000000
v 0.722738624 0.277261376 0.935000002
v 0.722738624 0.277261376 1.000000000
v 0.791022062 0.379454732 0.935000002
v 0.791022062 0.379454732 1.000000000
v 0.814999998 0.500000000 0.935000002
v 0.814999998 0.500000000 1.000000000
v 0.791022062 0.620545268 0.935000002
v 0.791022062 0.620545268 1.000000000
v 0.722738624 0.722738624 0.935000002
v 0.722738624 0.722738624 1.000000000
v 0.620545268 0.791022062 0.935000002
v 0.620545268 0.791022062 1.000000000
v 0.500000000 0.814999998 0.935000002
v 0.500000000 0.814999998 1.000000000
v 0.379454732 0.791022062 0.935000002
v 0.379454732 0.791022062 1.000000000
v 0.277261376 0.722738624 0.935000002
v 0.277261376 0.722738624 1.000000000
v 0.208977968 0.620545268 0.935000002
v 0.208977968 0.620545268 1.000000000
v 0.310604692 0.421549916 0.935000002
v 0.295000017 0.500000000 0.935000002
v 0.355043113 0.355043113 0.935000002
v 0.421549916 0.310604692 0.935000002
v 0.500000000 0.295000017 0.935000002
v 0.578450084 0.310604692 0.935000002
v 0.644956887 0.355043113 0.935000002
v 0.689395308 0.421549916 0.935000002
v 0.704999983 0.500000000 0.935000002
v 0.689395308 0.578450084 0.935000002
v 0.644956887 0.644956887 0.935000002
v 0.578450084 0.689395308 0.935000002
v 0.500000000 0.704999983 0.935000002
v 0.421549916 0.689395308 0.935000002
v 0.355043113 0.644956887 0.935000002
v 0.310604692 0.578450084 0.935000002
v 0.240000010 0.500000000 0.840000033
v 0.259791344 0.400502324 0.840000033
v 0.259791344 0.400502324 0.909999967
v 0.240000010 0.500000000 0.909999967
v 0.316152245 0.316152245 0.840000033
v 0.316152245 0.316152245 0.909999967
v 0.400502324 0.259791344 0.840000033
v 0.400502324 0.259791344 0.909999967
v 0.500000000 0.240000010 0.840000033
v 0.500000000 0.240000010 0.909999967
v 0.599497676 0.259791344 0.840000033
v 0.599497676 0.259791344 0.909999967
v 0.683847785 0.316152245 0.840000033
v 0.683847785 0.316152245 0.909999967
v 0.740208626 0.400502324 0.840000033
v 0.740208626 0.400502324 0.909999967
v 0.759999990 0.500000000 0.840000033
v 0.759999990 0.500000000 0.909999967
v 0.740208626 0.599497676 0.840000033
v 0.740208626 0.599497676 0.909999967
v 0.683847785 0.683847785 0.840000033
v 0.683847785 0.683847785 0.909999967
v 0.599497676 0.740208626 0.840000033
v 0.599497676 0.740208626 0.909999967
v 0.500000000 0.759999990 0.840000033
v 0.500000000 0.759999990 0.909999967
v 0.400502324 0.740208626 0.840000033
v 0.400502324 0.740208626 0.909999967
v 0.316152245 0.683847785 0.840000033
v 0.316152245 0.683847785 0.909999967
v 0.259791344 0.599497676 0.840000033
v 0.259791344 0.599497676 0.909999967
v 0.269954026 0.404711843 0.909999967
v 0.250999987 0.500000000 0.909999967
v 0.323930413 0.323930413 0.909999967
v 0.404711843 0.269954026 0.909999967
v 0.500000000 0.250999987 0.909999967
v 0.595288157 0.269954026 0.909999967
v 0.676069617 0.323930413 0.909999967
v 0.730045974 0.404711843 0.909999967
v 0.749000013 0.500000000 0.909999967
v 0.730045974 0.595288157 0.909999967
v 0.676069617 0.676069617 0.909999967
v 0.595288157 0.730045974 0.909999967
v 0.500000000 0.749000013 0.909999967
v 0.404711843 0.730045974 0.909999967
v 0.323930413 0.676069617 0.909999967
v 0.269954026 0.595288157 0.909999967
v 0.269954026 0.404711843 0.840000033
v 0.250999987 0.500000000 0.840000033
v 0.323930413 0.323930413 0.840000033
v 0.404711843 0.269954026 0.840000033
v 0.500000000 0.250999987 0.840000033
v 0.595288157 0.269954026 0.840000033
v 0.676069617 0.323930413 0.840000033
v 0.730045974 0.404711843 0.840000033
v 0.749000013 0.500000000 0.840000033
v 0.730045974 0.595288157 0.840000033
v 0.676069617 0.676069617 0.840000033
v 0.595288157 0.730045974 0.840000033
v 0.500000000 0.749000013 0.840000033
v 0.404711843 0.730045974 0.840000033
v 0.323930413 0.676069617 0.840000033
v 0.269954026 0.595288157 0.840000033
v 0.194999993 0.500000000 0.925000012
v 0.203999996 0.515588462 0.925000012
v 0.222000003 0.515588462 0.925000012
v 0.231000006 0.500000000 0.925000012
v 0.222000003 0.484411538 0.925000012
v 0.203999996 0.484411538 0.925000012
v 0.203999996 0.515588462 0.990000010
v 0.194999993 0.500000000 0.990000010
v 0.203999996 0.484411538 0.990000010
v 0.222000003 0.484411538 0.990000010
v 0.231000006 0.500000000 0.990000010
v 0.222000003 0.515588462 0.990000010
v 0.481999993 0.213000000 0.925000012
v 0.490999997 0.228588462 0.925000012
v 0.509000003 0.228588462 0.925000012
v 0.518000007 0.213000000 0.925000012
v 0.509000003 0.197411537 0.925000012
v 0.490999997 0.197411537 0.925000012
v 0.490999997 0.228588462 0.990000010
v 0.481999993 0.213000000 0.990000010
v 0.490999997 0.197411537 0.990000010
v 0.509000003 0.197411537 0.990000010
v 0.518000007 0.213000000 0.990000010
v 0.509000003 0.228588462 0.990000010
v 0.768999994 0.500000000 0.925000012
v 0.777999997 0.515588462 0.925000012
v 0.796000004 0.515588462 0.925000012
v 0.805000007 0.500000000 0.925000012
v 0.796000004 0.484411538 0.925000012
v 0.777999997 0.484411538 0.925000012
v 0.777999997 0.515588462 0.990000010
v 0.768999994 0.500000000 0.990000010
v 0.777999997 0.484411538 0.990000010
v 0.796000004 0.484411538 0.990000010
v 0.805000007 0.500000000 0.990000010
v 0.796000004 0.515588462 0.990000010
v 0.481999993 0.787000000 0.925000012
v 0.490999997 0.802588463 0.925000012
v 0.509000003 0.802588463 0.925000012
v 0.518000007 0.787000000 0.925000012
v 0.509000003 0.771411538 0.925000012
v 0.490999997 0.771411538 0.925000012
v 0.490999997 0.802588463 0.990000010
v 0.481999993 0.787000000 0.990000010
v 0.490999997 0.771411538 0.990000010
v 0.509000003 0.771411538 0.990000010
v 0.518000007 0.787000000 0.990000010
v 0.509000003 0.802588463 0.990000010
v 0.064999998 0.500000000 0.185000002
v 0.064999998 0.379454732 0.208977968
v 0.000000000 0.379454732 0.208977968
v 0.000000000 0.500000000 0.185000002
v 0.064999998 0.277261376 0.277261376
v 0.000000000 0.277261376 0.277261376
v 0.064999998 0.208977968 0.379454732
v 0.000000000 0.208977968 0.379454732
v 0.064999998 0.185000002 0.500000000
v 0.000000000 0.185000002 0.500000000
v 0.064999998 0.208977968 0.620545268
v 0.000000000 0.208977968 0.620545268
v 0.064999998 0.277261376 0.722738624
v 0.000000000 0.277261376 0.722738624
v 0.064999998 0.379454732 0.791022062
v 0.000000000 0.379454732 0.791022062
v 0.064999998 0.500000000 0.814999998
v 0.000000000 0.500000000 0.814999998
v 0.064999998 0.620545268 0.791022062
v 0.000000000 0.620545268 0.791022062
v 0.064999998 0.722738624 0.722738624
v 0.000000000 0.722738624 0.722738624
v 0.064999998 0.791022062 0.620545268
v 0.000000000 0.791022062 0.620545268
v 0.064999998 0.814999998 0.500000000
v 0.000000000 0.814999998 0.500000000
v 0.064999998 0.791022062 0.379454732
v 0.000000000 0.791022062 0.379454732
v 0.064999998 0.722738624 0.277261376
v 0.000000000 0.722738624 0.277261376
v 0.064999998 0.620545268 0.208977968
v 0.000000000 0.620545268 0.208977968
v 0.064999998 0.421549916 0.310604692
v 0.064999998 0.500000000 0.295000017
v 0.064999998 0.355043113 0.355043113
v 0.064999998 0.310604692 0.421549916
v 0.064999998 0.295000017 0.500000000
v 0.064999998 0.310604692 0.578450084
v 0.064999998 0.355043113 0.644956887
v 0.064999998 0.421549916 0.689395308
v 0.064999998 0.500000000 0.704999983
v 0.064999998 0.578450084 0.689395308
v 0.064999998 0.644956887 0.644956887
v 0.064999998 0.689395308 0.578450084
v 0.064999998 0.704999983 0.500000000
v 0.064999998 0.689395308 0.421549916
v 0.064999998 0.644956887 0.355043113
v 0.064999998 0.578450084 0.310604692
v 0.159999996 0.500000000 0.240000010
v 0.159999996 0.400502324 0.259791344
v 0.090000004 0.400502324 0.259791344
v 0.090000004 0.500000000 0.240000010
v 0.159999996 0.316152245 0.316152245
v 0.090000004 0.316152245 0.316152245
v 0.159999996 0.259791344 0.400502324
v 0.090000004 0.259791344 0.400502324
v 0.159999996 0.240000010 0.500000000
v 0.090000004 0.240000010 0.500000000
v 0.159999996 0.259791344 0.599497676
v 0.090000004 0.259791344 0.599497676
v 0.159999996 0.316152245 0.683847785
v 0.090000004 0.316152245 0.683847785
v 0.159999996 0.400502324 0.740208626
v 0.090000004 0.400502324 0.740208626
v 0.159999996 0.500000000 0.759999990
v 0.090000004 0.500000000 0.759999990
v 0.159999996 0.599497676 0.740208626
v 0.090000004 0.599497676 0.740208626
v 0.159999996 0.683847785 0.683847785
v 0.090000004 0.683847785 0.683847785
v 0.159999996 0.740208626 0.599497676
v 0.090000004 0.740208626 0.599497676
v 0.159999996 0.759999990 0.500000000
v 0.090000004 0.759999990 0.500000000
v 0.159999996 0.740208626 0.400502324
v 0.090000004 0.740208626 0.400502324
v 0.159999996 0.683847785 0.316152245
v 0.090000004 0.683847785 0.316152245
v 0.159999996 0.599497676 0.259791344
v 0.090000004 0.599497676 0.259791344
v 0.090000004 0.404711843 0.269954026
v 0.090000004 0.500000000 0.250999987
v 0.090000004 0.323930413 0.323930413
v 0.090000004 0.269954026 0.404711843
v 0.090000004 0.250999987 0.500000000
v 0.090000004 0.269954026 0.595288157
v 0.090000004 0.323930413 0.676069617
v 0.090000004 0.404711843 0.730045974
v 0.090000004 0.500000000 0.749000013
v 0.090000004 0.595288157 0.730045974
v 0.090000004 0.676069617 0.676069617
v 0.090000004 0.730045974 0.595288157
v 0.090000004 0.749000013 0.500000000
v 0.090000004 0.730045974 0.404711843
v 0.090000004 0.676069617 0.323930413
v 0.090000004 0.595288157 0.269954026
v 0.159999996 0.404711843 0.269954026
v 0.159999996 0.500000000 0.250999987
v 0.159999996 0.323930413 0.323930413
v 0.159999996 0.269954026 0.404711843
v 0.159999996 0.250999987 0.500000000
v 0.159999996 0.269954026 0.595288157
v 0.159999996 0.323930413 0.676069617
v 0.159999996 0.404711843 0.730045974
v 0.159999996 0.500000000 0.749000013
v 0.159999996 0.595288157 0.730045974
v 0.159999996 0.676069617 0.676069617
v 0.159999996 0.730045974 0.595288157
v 0.159999996 0.749000013 0.500000000
v 0.159999996 0.730045974 0.404711843
v 0.159999996 0.676069617 0.323930413
v 0.159999996 0.595288157 0.269954026
v 0.075000003 0.500000000 0.194999993
v 0.075000003 0.515588462 0.203999996
v 0.075000003 0.515588462 0.222000003
v 0.075000003 0.500000000 0.231000006
v 0.075000003 0.484411538 0.222000003
v 0.075000003 0.484411538 0.203999996
v 0.010000000 0.515588462 0.203999996
v 0.010000000 0.500000000 0.194999993
v 0.010000000 0.484411538 0.203999996
v 0.010000000 0.484411538 0.222000003
v 0.010000000 0.500000000 0.231000006
v 0.010000000 0.515588462 0.222000003
v 0.075000003 0.213000000 0.481999993
v 0.075000003 0.228588462 0.490999997
v 0.075000003 0.228588462 0.509000003
v 0.075000003 0.213000000 0.518000007
v 0.075000003 0.197411537 0.509000003
v 0.075000003 0.197411537 0.490999997
v 0.010000000 0.228588462 0.490999997
v 0.010000000 0.213000000 0.481999993
v 0.010000000 0.197411537 0.490999997
v 0.010000000 0.197411537 0.509000003
v 0.010000000 0.213000000 0.518000007
v 0.010000000 0.228588462 0.509000003
v 0.075000003 0.500000000 0.768999994
v 0.075000003 0.515588462 0.777999997
v 0.075000003 0.515588462 0.796000004
v 0.075000003 0.500000000 0.805000007
v 0.075000003 0.484411538 0.796000004
v 0.075000003 0.484411538 0.777999997
v 0.010000000 0.515588462 0.777999997
v 0.010000000 0.500000000 0.768999994
v 0.010000000 0.484411538 0.777999997
v 0.010000000 0.484411538 0.796000004
v 0.010000000 0.500000000 0.805000007
v 0.010000000 0.515588462 0.796000004
v 0.075000003 0.787000000 0.481999993
v 0.075000003 0.802588463 0.490999997
v 0.075000003 0.802588463 0.509000003
v 0.075000003 0.787000000 0.518000007
v 0.075000003 0.771411538 0.509000003
v 0.075000003 0.771411538 0.490999997
v 0.010000000 0.802588463 0.490999997
v 0.010000000 0.787000000 0.481999993
v 0.010000000 0.771411538 0.490999997
v 0.010000000 0.771411538 0.509000003
v 0.010000000 0.787000000 0.518000007
v 0.010000000 0.802588463 0.509000003
v 0.935000002 0.500000000 0.814999998
v 0.935000002 0.379454732 0.791022062
v 1.000000000 0.379454732 0.791022062
v 1.000000000 0.500000000 0.814999998
v 0.935000002 0.277261376 0.722738624
v 1.000000000 0.277261376 0.722738624
v 0.935000002 0.208977968 0.620545268
v 1.000000000 0.208977968 0.620545268
v 0.935000002 0.185000002 0.500000000
v 1.000000000 0.185000002 0.500000000
v 0.935000002 0.208977968 0.379454732
v 1.000000000 0.208977968 0.379454732
v 0.935000002 0.277261376 0.277261376
v 1.000000000 0.277261376 0.277261376
v 0.935000002 0.379454732 0.208977968
v 1.000000000 0.379454732 0.208977968
v 0.935000002 0.500000000 0.185000002
v 1.000000000 0.500000000 0.185000002
v 0.935000002 0.620545268 0.208977968
v 1.000000000 0.620545268 0.208977968
v 0.935000002 0.722738624 0.277261376
v 1.000000000 0.722738624 0.277261376
v 0.935000002 0.791022062 0.379454732
v 1.000000000 0.791022062 0.379454732
v 0.935000002 0.814999998 0.500000000
v 1.000000000 0.814999998 0.500000000
v 0.935000002 0.791022062 0.620545268
v 1.000000000 0.791022062 0.620545268
v 0.935000002 0.722738624 0.722738624
v 1.000000000 0.722738624 0.722738624
v 0.935000002 0.620545268 0.791022062
v 1.000000000 0.620545268 0.791022062
v 0.935000002 0.421549916 0.689395308
v 0.935000002 0.500000000 0.704999983
v 0.935000002 0.355043113 0.644956887
v 0.935000002 0.310604692 0.578450084
v 0.935000002 0.295000017 0.500000000
v 0.935000002 0.310604692 0.421549916
v 0.935000002 0.355043113 0.355043113
v 0.935000002 0.421549916 0.310604692
v 0.935000002 0.500000000 0.295000017
v 0.935000002 0.578450084 0.310604692
v 0.935000002 0.644956887 0.355043113
v 0.935000002 0.689395308 0.421549916
v 0.935000002 0.704999983 0.500000000
v 0.935000002 0.689395308 0.578450084
v 0.935000002 0.644956887 0.644956887
v 0.935000002 0.578450084 0.689395308
v 0.840000033 0.500000000 0.759999990
v 0.840000033 0.400502324 0.740208626
v 0.909999967 0.400502324 0.740208626
v 0.909999967 0.500000000 0.759999990
v 0.840000033 0.316152245 0.683847785
v 0.909999967 0.316152245 0.683847785
v 0.840000033 0.259791344 0.599497676
v 0.909999967 0.259791344 0.599497676
v 0.840000033 0.240000010 0.500000000
v 0.909999967 0.240000010 0.500000000
v 0.840000033 0.259791344 0.400502324
v 0.909999967 0.259791344 0.400502324
v 0.840000033 0.316152245 0.316152245
v 0.909999967 0.316152245 0.316152245
v 0.840000033 0.400502324 0.259791344
v 0.909999967 0.400502324 0.259791344
v 0.840000033 0.500000000 0.240000010
v 0.909999967 0.500000000 0.240000010
v 0.840000033 0.599497676 0.259791344
v 0.909999967 0.599497676 0.259791344
v 0.840000033 0.683847785 0.316152245
v 0.909999967 0.683847785 0.316152245
v 0.840000033 0.740208626 0.400502324
v 0.909999967 0.740208626 0.400502324
v 0.840000033 0.759999990 0.500000000
v 0.909999967 0.759999990 0.500000000
v 0.840000033 0.740208626 0.599497676
v 0.909999967 0.740208626 0.599497676
v 0.840000033 0.683847785 0.683847785
v 0.909999967 0.683847785 0.683847785
v 0.840000033 0.599497676 0.740208626
v 0.909999967 0.599497676 0.740208626
v 0.909999967 0.404711843 0.730045974
v 0.909999967 0.500000000 0.749000013
v 0.909999967 0.323930413 0.676069617
v 0.909999967 0.269954026 0.595288157
v 0.909999967 0.250999987 0.500000000
v 0.909999967 0.269954026 0.404711843
v 0.909999967 0.323930413 0.323930413
v 0.909999967 0.404711843 0.269954026
v 0.909999967 0.500000000 0.250999987
v 0.909999967 0.595288157 0.269954026
v 0.909999967 0.676069617 0.323930413
v 0.909999967 0.730045974 0.404711843
v 0.909999967 0.749000013 0.500000000
v 0.909999967 0.730045974 0.595288157
v 0.909999967 0.676069617 0.676069617
v 0.909999967 0.595288157 0.730045974
v 0.840000033 0.404711843 0.730045974
v 0.840000033 0.500000000 0.749000013
v 0.840000033 0.323930413 0.676069617
v 0.840000033 0.269954026 0.595288157
v 0.840000033 0.250999987 0.500000000
v 0.840000033 0.269954026 0.404711843
v 0.840000033 0.323930413 0.323930413
v 0.840000033 0.404711843 0.269954026
v 0.840000033 0.500000000 0.250999987
v 0.840000033 0.595288157 0.269954026
v 0.840000033 0.676069617 0.323930413
v 0.840000033 0.730045974 0.404711843
v 0.840000033 0.749000013 0.500000000
v 0.840000033 0.730045974 0.595288157
v 0.840000033 0.676069617 0.676069617
v 0.840000033 0.595288157 0.730045974
v 0.925000012 0.500000000 0.805000007
v 0.925000012 0.515588462 0.796000004
v 0.925000012 0.515588462 0.777999997
v 0.925000012 0.500000000 0.768999994
v 0.925000012 0.484411538 0.777999997
v 0.925000012 0.484411538 0.796000004
v 0.990000010 0.515588462 0.796000004
v 0.990000010 0.500000000 0.805000007
v 0.990000010 0.484411538 0.796000004
v 0.990000010 0.484411538 0.777999997
v 0.990000010 0.500000000 0.768999994
v 0.990000010 0.515588462 0.777999997
v 0.925000012 0.213000000 0.518000007
v 0.925000012 0.228588462 0.509000003
v 0.925000012 0.228588462 0.490999997
v 0.925000012 0.213000000 0.481999993
v 0.925000012 0.197411537 0.490999997
v 0.925000012 0.197411537 0.509000003
v 0.990000010 0.228588462 0.509000003
v 0.990000010 0.213000000 0.518000007
v 0.990000010 0.197411537 0.509000003
v 0.990000010 0.197411537 0.490999997
v 0.990000010 0.213000000 0.481999993
v 0.990000010 0.228588462 0.490999997
v 0.925000012 0.500000000 0.231000006
v 0.925000012 0.515588462 0.222000003
v 0.925000012 0.515588462 0.203999996
v 0.925000012 0.500000000 0.194999993
v 0.925000012 0.484411538 0.203999996
v 0.925000012 0.484411538 0.222000003
v 0.990000010 0.515588462 0.222000003
v 0.990000010 0.500000000 0.231000006
v 0.990000010 0.484411538 0.222000003
v 0.990000010 0.484411538 0.203999996
v 0.990000010 0.500000000 0.194999993
v 0.990000010 0.515588462 0.203999996
v 0.925000012 0.787000000 0.518000007
v 0.925000012 0.802588463 0.509000003
v 0.925000012 0.802588463 0.490999997
v 0.925000012 0.787000000 0.481999993
v 0.925000012 0.771411538 0.490999997
v 0.925000012 0.771411538 0.509000003
v 0.990000010 0.802588463 0.509000003
v 0.990000010 0.787000000 0.518000007
v 0.990000010 0.771411538 0.509000003
v 0.990000010 0.771411538 0.490999997
v 0.990000010 0.787000000 0.481999993
v 0.990000010 0.802588463 0.490999997
vt 0.500000000 0.500000000
vn 0.194943757 0.980047600 0.038776710
vn 0.165265392 0.980047605 0.110426635
vn 0.110426635 0.980047605 0.165265392
vn 0.038776710 0.980047600 0.194943757
vn -0.038776710 0.980047600 0.194943757
vn -0.110426713 0.980047602 0.165265359
vn -0.165265343 0.980047600 0.110426751
vn -0.194943757 0.980047600 0.038776710
vn -0.194943757 0.980047600 -0.038776710
vn -0.165265310 0.980047597 -0.110426829
vn -0.110426829 0.980047597 -0.165265310
vn -0.038776710 0.980047600 -0.194943757
vn 0.038776710 0.980047600 -0.194943757
vn 0.110426751 0.980047600 -0.165265343
vn 0.165265359 0.980047602 -0.110426713
vn 0.194943757 0.980047600 -0.038776710
vn 0.552208318 0.826438699 0.109841024
vn 0.552208380 0.826438669 0.109840937
vn 0.468140057 0.826438507 0.312800705
vn 0.468139473 0.826438701 0.312801066
vn 0.312800499 0.826438759 0.468139750
vn 0.312801177 0.826438565 0.468139640
vn 0.109841035 0.826438660 0.552208374
vn 0.109840931 0.826438690 0.552208350
vn -0.109841029 0.826438681 0.552208344
vn -0.109840982 0.826438664 0.552208378
vn -0.312800841 0.826438580 0.468139837
vn -0.312800992 0.826438662 0.468139592
vn -0.468139594 0.826438726 0.312800819
vn -0.468139546 0.826438642 0.312801114
vn -0.552208374 0.826438660 0.109841035
vn -0.552208350 0.826438690 0.109840931
vn -0.552208344 0.826438681 -0.109841029
vn -0.552208378 0.826438664 -0.109840982
vn -0.468139507 0.826438690 -0.312801045
vn -0.468139592 0.826438662 -0.312800992
vn -0.312801075 0.826438653 -0.468139552
vn -0.312800976 0.826438681 -0.468139568
vn -0.109841035 0.826438660 -0.552208374
vn -0.109840979 0.826438676 -0.552208361
vn 0.109841024 0.826438699 -0.552208318
vn 0.109840937 0.826438669 -0.552208380
vn 0.312800909 0.826438617 -0.468139728
vn 0.312801066 0.826438701 -0.468139473
vn 0.468139708 0.826438686 -0.312800755
vn 0.468139662 0.826438604 -0.312801039
vn 0.552208374 0.826438660 -0.109841035
vn 0.552208361 0.826438676 -0.109840979
vn 0.820325986 0.548124002 0.163172777
vn 0.820325976 0.548124012 0.163172791
vn 0.695438361 0.548124390 0.464677458
vn 0.695438868 0.548124015 0.464677140
vn 0.464677613 0.548123965 0.695438592
vn 0.464677022 0.548124340 0.695438691
vn 0.163172776 0.548124014 0.820325978
vn 0.163172792 0.548124003 0.820325982
vn -0.163172837 0.548124048 0.820325944
vn -0.163172791 0.548124012 0.820325976
vn -0.464677307 0.548124372 0.695438475
vn -0.464677099 0.548124128 0.695438807
vn -0.695438592 0.548123965 0.464677613
vn -0.695438691 0.548124340 0.464677022
vn -0.820325978 0.548124014 0.163172776
vn -0.820325982 0.548124003 0.163172792
vn -0.820325944 0.548124048 -0.163172837
vn -0.820325976 0.548124012 -0.163172791
vn -0.695438475 0.548124372 -0.464677307
vn -0.695438807 0.548124128 -0.464677099
vn -0.464677408 0.548124095 -0.695438626
vn -0.464677022 0.548124340 -0.695438691
vn -0.163172842 0.548124008 -0.820325969
vn -0.163172787 0.548124043 -0.820325957
vn 0.163172777 0.548124002 -0.820325986
vn 0.163172791 0.548124012 -0.820325976
vn 0.464677458 0.548124390 -0.695438361
vn 0.464677140 0.548124015 -0.695438868
vn 0.695438626 0.548124095 -0.464677408
vn 0.695438691 0.548124340 -0.464677022
vn 0.820325969 0.548124008 -0.163172842
vn 0.820325957 0.548124043 -0.163172787
vn 0.962637331 0.191480246 0.191480246
vn 0.962637187 0.191480608 0.191480608
vn 0.816084623 0.191480265 0.545290012
vn 0.816084611 0.191480280 0.545290024
vn 0.545290010 0.191480281 0.816084620
vn 0.545290025 0.191480266 0.816084613
vn 0.191480232 0.191480622 0.962637259
vn 0.191480621 0.191480260 0.962637253
vn -0.191480246 0.191480246 0.962637331
vn -0.191480608 0.191480608 0.962637187
vn -0.545290012 0.191480265 0.816084623
vn -0.545290024 0.191480280 0.816084611
vn -0.816084620 0.191480281 0.545290010
vn -0.816084613 0.191480266 0.545290025
vn -0.962637259 0.191480622 0.191480232
vn -0.962637253 0.191480260 0.191480621
vn -0.962637331 0.191480246 -0.191480246
vn -0.962637187 0.191480608 -0.191480608
vn -0.816084623 0.191480265 -0.545290012
vn -0.816084611 0.191480280 -0.545290024
vn -0.545290010 0.191480281 -0.816084620
vn -0.545290025 0.191480266 -0.816084613
vn -0.191480232 0.191480622 -0.962637259
vn -0.191480621 0.191480260 -0.962637253
vn 0.191480246 0.191480246 -0.962637331
vn 0.191480608 0.191480608 -0.962637187
vn 0.545290012 0.191480265 -0.816084623
vn 0.545290024 0.191480280 -0.816084611
vn 0.816084620 0.191480281 -0.545290010
vn 0.816084613 0.191480266 -0.545290025
vn 0.962637259 0.191480622 -0.191480232
vn 0.962637253 0.191480260 -0.191480621
vn 0.962637253 -0.191480260 0.191480621
vn 0.962637259 -0.191480622 0.191480232
vn 0.816084613 -0.191480266 0.545290025
vn 0.816084620 -0.191480281 0.545290010
vn 0.545290024 -0.191480280 0.816084611
vn 0.545290012 -0.191480265 0.816084623
vn 0.191480608 -0.191480608 0.962637187
vn 0.191480246 -0.191480246 0.962637331
vn -0.191480621 -0.191480260 0.962637253
vn -0.191480232 -0.191480622 0.962637259
vn -0.545290025 -0.191480266 0.816084613
vn -0.545290010 -0.191480281 0.816084620
vn -0.816084611 -0.191480280 0.545290024
vn -0.816084623 -0.191480265 0.545290012
vn -0.962637187 -0.191480608 0.191480608
vn -0.962637331 -0.191480246 0.191480246
vn -0.962637253 -0.191480260 -0.191480621
vn -0.962637259 -0.191480622 -0.191480232
vn -0.816084613 -0.191480266 -0.545290025
vn -0.816084620 -0.191480281 -0.545290010
vn -0.545290024 -0.191480280 -0.816084611
vn -0.545290012 -0.191480265 -0.816084623
vn -0.191480608 -0.191480608 -0.962637187
vn -0.191480246 -0.191480246 -0.962637331
vn 0.191480621 -0.191480260 -0.962637253
vn 0.191480232 -0.191480622 -0.962637259
vn 0.545290025 -0.191480266 -0.816084613
vn 0.545290010 -0.191480281 -0.816084620
vn 0.816084611 -0.191480280 -0.545290024
vn 0.816084623 -0.191480265 -0.545290012
vn 0.962637187 -0.191480608 -0.191480608
vn 0.962637331 -0.191480246 -0.191480246
vn 0.820325982 -0.548124003 0.163172792
vn 0.820325978 -0.548124014 0.163172776
vn 0.695438691 -0.548124340 0.464677022
vn 0.695438592 -0.548123965 0.464677613
vn 0.464677140 -0.548124015 0.695438868
vn 0.464677458 -0.548124390 0.695438361
vn 0.163172791 -0.548124012 0.820325976
vn 0.163172777 -0.548124002 0.820325986
vn -0.163172787 -0.548124043 0.820325957
vn -0.163172842 -0.548124008 0.820325969
vn -0.464677022 -0.548124340 0.695438691
vn -0.464677408 -0.548124095 0.695438626
vn -0.695438868 -0.548124015 0.464677140
vn -0.695438361 -0.548124390 0.464677458
vn -0.820325976 -0.548124012 0.163172791
vn -0.820325986 -0.548124002 0.163172777
vn -0.820325957 -0.548124043 -0.163172787
vn -0.820325969 -0.548124008 -0.163172842
vn -0.695438691 -0.548124340 -0.464677022
vn -0.695438626 -0.548124095 -0.464677408
vn -0.464677099 -0.548124128 -0.695438807
vn -0.464677307 -0.548124372 -0.695438475
vn -0.163172791 -0.548124012 -0.820325976
vn -0.163172837 -0.548124048 -0.820325944
vn 0.163172792 -0.548124003 -0.820325982
vn 0.163172776 -0.548124014 -0.820325978
vn 0.464677022 -0.548124340 -0.695438691
vn 0.464677613 -0.548123965 -0.695438592
vn 0.695438807 -0.548124128 -0.464677099
vn 0.695438475 -0.548124372 -0.464677307
vn 0.820325976 -0.548124012 -0.163172791
vn 0.820325944 -0.548124048 -0.163172837
vn 0.552208350 -0.826438690 0.109840931
vn 0.552208374 -0.826438660 0.109841035
vn 0.468139640 -0.826438565 0.312801177
vn 0.468139750 -0.826438759 0.312800499
vn 0.312801066 -0.826438701 0.468139473
vn 0.312800705 -0.826438507 0.468140057
vn 0.109840937 -0.826438669 0.552208380
vn 0.109841024 -0.826438699 0.552208318
vn -0.109840979 -0.826438676 0.552208361
vn -0.109841035 -0.826438660 0.552208374
vn -0.312801039 -0.826438604 0.468139662
vn -0.312800755 -0.826438686 0.468139708
vn -0.468139473 -0.826438701 0.312801066
vn -0.468139728 -0.826438617 0.312800909
vn -0.552208380 -0.826438669 0.109840937
vn -0.552208318 -0.826438699 0.109841024
vn -0.552208361 -0.826438676 -0.109840979
vn -0.552208374 -0.826438660 -0.109841035
vn -0.468139568 -0.826438681 -0.312800976
vn -0.468139552 -0.826438653 -0.312801075
vn -0.312800992 -0.826438662 -0.468139592
vn -0.312801045 -0.826438690 -0.468139507
vn -0.109840982 -0.826438664 -0.552208378
vn -0.109841029 -0.826438681 -0.552208344
vn 0.109840931 -0.826438690 -0.552208350
vn 0.109841035 -0.826438660 -0.552208374
vn 0.312801114 -0.826438642 -0.468139546
vn 0.312800819 -0.826438726 -0.468139594
vn 0.468139592 -0.826438662 -0.312800992
vn 0.468139837 -0.826438580 -0.312800841
vn 0.552208378 -0.826438664 -0.109840982
vn 0.552208344 -0.826438681 -0.109841029
vn 0.194943757 -0.980047600 0.038776710
vn 0.165265392 -0.980047605 0.110426635
vn 0.110426635 -0.980047605 0.165265392
vn 0.038776710 -0.980047600 0.194943757
vn -0.038776710 -0.980047600 0.194943757
vn -0.110426713 -0.980047602 0.165265359
vn -0.165265343 -0.980047600 0.110426751
vn -0.194943757 -0.980047600 0.038776710
vn -0.194943757 -0.980047600 -0.038776710
vn -0.165265310 -0.980047597 -0.110426829
vn -0.110426829 -0.980047597 -0.165265310
vn -0.038776710 -0.980047600 -0.194943757
vn 0.038776710 -0.980047600 -0.194943757
vn 0.110426751 -0.980047600 -0.165265343
vn 0.165265359 -0.980047602 -0.110426713
vn 0.194943757 -0.980047600 -0.038776710
vn -0.195090116 0.000000000 0.980785321
vn -0.555570211 0.000000000 0.831469627
vn -0.831469674 0.000000000 0.555570141
vn -0.980785275 0.000000000 0.195090351
vn -0.980785263 0.000000000 -0.195090409
vn -0.831469768 0.000000000 -0.555570000
vn -0.555570000 0.000000000 -0.831469768
vn -0.195090409 0.000000000 -0.980785263
vn 0.195090351 0.000000000 -0.980785275
vn 0.555570141 0.000000000 -0.831469674
vn 0.831469627 0.000000000 -0.555570211
vn 0.980785321 0.000000000 -0.195090116
vn 0.980785333 0.000000000 0.195090057
vn 0.831469533 0.000000000 0.555570352
vn 0.555570352 0.000000000 0.831469533
vn 0.195090057 0.000000000 0.980785333
vn 0.000000000 -1.000000000 0.000000000
vn 0.195090117 0.000000000 -0.980785321
vn 0.555570204 0.000000000 -0.831469632
vn 0.831469632 0.000000000 -0.555570204
vn 0.980785321 0.000000000 -0.195090117
vn 0.980785321 0.000000000 0.195090117
vn 0.831469632 0.000000000 0.555570204
vn 0.555570204 0.000000000 0.831469632
vn 0.195090117 0.000000000 0.980785321
vn -0.195090117 0.000000000 0.980785321
vn -0.555570204 0.000000000 0.831469632
vn -0.831469632 0.000000000 0.555570204
vn -0.980785321 0.000000000 0.195090117
vn -0.980785321 0.000000000 -0.195090117
vn -0.831469632 0.000000000 -0.555570204
vn -0.555570204 0.000000000 -0.831469632
vn -0.195090117 0.000000000 -0.980785321
vn 0.000000000 1.000000000 0.000000000
vn -0.980785263 -0.195090409 0.000000000
vn -0.831469768 -0.555570000 0.000000000
vn -0.555570000 -0.831469768 0.000000000
vn -0.195090409 -0.980785263 0.000000000
vn 0.195090351 -0.980785275 0.000000000
vn 0.555570141 -0.831469674 0.000000000
vn 0.831469627 -0.555570211 0.000000000
vn 0.980785321 -0.195090116 0.000000000
vn 0.980785333 0.195090057 0.000000000
vn 0.831469533 0.555570352 0.000000000
vn 0.555570352 0.831469533 0.000000000
vn 0.195090057 0.980785333 0.000000000
vn -0.195090116 0.980785321 0.000000000
vn -0.555570211 0.831469627 0.000000000
vn -0.831469674 0.555570141 0.000000000
vn -0.980785275 0.195090351 0.000000000
vn 0.000000000 0.000000000 1.000000000
vn 0.980785321 0.195090117 0.000000000
vn 0.831469632 0.555570204 0.000000000
vn 0.555570204 0.831469632 0.000000000
vn 0.195090117 0.980785321 0.000000000
vn -0.195090117 0.980785321 0.000000000
vn -0.555570204 0.831469632 0.000000000
vn -0.831469632 0.555570204 0.000000000
vn -0.980785321 0.195090117 0.000000000
vn -0.980785321 -0.195090117 0.000000000
vn -0.831469632 -0.555570204 0.000000000
vn -0.555570204 -0.831469632 0.000000000
vn -0.195090117 -0.980785321 0.000000000
vn 0.195090117 -0.980785321 0.000000000
vn 0.555570204 -0.831469632 0.000000000
vn 0.831469632 -0.555570204 0.000000000
vn 0.980785321 -0.195090117 0.000000000
vn 0.000000000 -0.000000000 -1.000000000
vn 0.000000000 -0.195090409 -0.980785263
vn 0.000000000 -0.555570000 -0.831469768
vn 0.000000000 -0.831469768 -0.555570000
vn 0.000000000 -0.980785263 -0.195090409
vn 0.000000000 -0.980785275 0.195090351
vn 0.000000000 -0.831469674 0.555570141
vn 0.000000000 -0.555570211 0.831469627
vn 0.000000000 -0.195090116 0.980785321
vn 0.000000000 0.195090057 0.980785333
vn 0.000000000 0.555570352 0.831469533
vn 0.000000000 0.831469533 0.555570352
vn 0.000000000 0.980785333 0.195090057
vn 0.000000000 0.980785321 -0.195090116
vn 0.000000000 0.831469627 -0.555570211
vn 0.000000000 0.555570141 -0.831469674
vn 0.000000000 0.195090351 -0.980785275
vn -1.000000000 0.000000000 0.000000000
vn 0.000000000 0.195090117 0.980785321
vn 0.000000000 0.555570204 0.831469632
vn 0.000000000 0.831469632 0.555570204
vn 0.000000000 0.980785321 0.195090117
vn 0.000000000 0.980785321 -0.195090117
vn 0.000000000 0.831469632 -0.555570204
vn 0.000000000 0.555570204 -0.831469632
vn 0.000000000 0.195090117 -0.980785321
vn 0.000000000 -0.195090117 -0.980785321
vn 0.000000000 -0.555570204 -0.831469632
vn 0.000000000 -0.831469632 -0.555570204
vn 0.000000000 -0.980785321 -0.195090117
vn 0.000000000 -0.980785321 0.195090117
vn 0.000000000 -0.831469632 0.555570204
vn 0.000000000 -0.555570204 0.831469632
vn 0.000000000 -0.195090117 0.980785321
vn 1.000000000 0.000000000 0.000000000
vn -0.195090249 0.000000000 0.980785295
vn -0.555570354 0.000000000 0.831469531
vn -0.831469643 0.000000000 0.555570187
vn -0.980785249 0.000000000 0.195090482
vn -0.980785249 0.000000000 -0.195090482
vn -0.831469643 0.000000000 -0.555570187
vn -0.555570187 0.000000000 -0.831469643
vn -0.195090482 0.000000000 -0.980785249
vn 0.195090482 0.000000000 -0.980785249
vn 0.555570187 0.000000000 -0.831469643
vn 0.831469531 0.000000000 -0.555570354
vn 0.980785295 0.000000000 -0.195090249
vn 0.980785295 0.000000000 0.195090249
vn 0.831469531 0.000000000 0.555570354
vn 0.555570354 0.000000000 0.831469531
vn 0.195090249 0.000000000 0.980785295
vn -0.195090762 0.000000000 0.980785193
vn -0.555569686 0.000000000 0.831469978
vn -0.831469797 0.000000000 0.555569956
vn -0.980785249 0.000000000 0.195090479
vn -0.980785249 0.000000000 -0.195090479
vn -0.831469707 0.000000000 -0.555570092
vn -0.555570092 0.000000000 -0.831469707
vn -0.195090479 0.000000000 -0.980785249
vn 0.195090479 0.000000000 -0.980785249
vn 0.555569956 0.000000000 -0.831469797
vn 0.831469978 0.000000000 -0.555569686
vn 0.980785193 0.000000000 -0.195090762
vn 0.980785193 0.000000000 0.195090762
vn 0.831470069 0.000000000 0.555569550
vn 0.555569550 0.000000000 0.831470069
vn 0.195090762 0.000000000 0.980785193
vn 0.195090774 0.000000000 -0.980785191
vn 0.555569743 0.000000000 -0.831469940
vn 0.831469893 0.000000000 -0.555569813
vn 0.980785191 0.000000000 -0.195090774
vn 0.980785191 0.000000000 0.195090774
vn 0.831469798 0.000000000 0.555569955
vn 0.555569955 0.000000000 0.831469798
vn 0.195090774 0.000000000 0.980785191
vn -0.195090774 0.000000000 0.980785191
vn -0.555569813 0.000000000 0.831469893
vn -0.831469940 0.000000000 0.555569743
vn -0.980785191 0.000000000 0.195090774
vn -0.980785191 0.000000000 -0.195090774
vn -0.831470035 0.000000000 -0.555569601
vn -0.555569601 0.000000000 -0.831470035
vn -0.195090774 0.000000000 -0.980785191
vn -0.500000017 0.000000000 0.866025394
vn -0.500000017 0.000000000 -0.866025394
vn 0.500000017 0.000000000 -0.866025394
vn 0.500000017 0.000000000 0.866025394
vn -0.980785249 -0.195090482 0.000000000
vn -0.831469643 -0.555570187 0.000000000
vn -0.555570187 -0.831469643 0.000000000
vn -0.195090482 -0.980785249 0.000000000
vn 0.195090482 -0.980785249 0.000000000
vn 0.555570187 -0.831469643 0.000000000
vn 0.831469531 -0.555570354 0.000000000
vn 0.980785295 -0.195090249 0.000000000
vn 0.980785295 0.195090249 0.000000000
vn 0.831469531 0.555570354 0.000000000
vn 0.555570354 0.831469531 0.000000000
vn 0.195090249 0.980785295 0.000000000
vn -0.195090249 0.980785295 0.000000000
vn -0.555570354 0.831469531 0.000000000
vn -0.831469643 0.555570187 0.000000000
vn -0.980785249 0.195090482 0.000000000
vn -0.980785249 -0.195090479 0.000000000
vn -0.831469707 -0.555570092 0.000000000
vn -0.555570092 -0.831469707 0.000000000
vn -0.195090479 -0.980785249 0.000000000
vn 0.195090479 -0.980785249 0.000000000
vn 0.555569956 -0.831469797 0.000000000
vn 0.831469978 -0.555569686 0.000000000
vn 0.980785193 -0.195090762 0.000000000
vn 0.980785193 0.195090762 0.000000000
vn 0.831470069 0.555569550 0.000000000
vn 0.555569550 0.831470069 0.000000000
vn 0.195090762 0.980785193 0.000000000
vn -0.195090762 0.980785193 0.000000000
vn -0.555569686 0.831469978 0.000000000
vn -0.831469797 0.555569956 0.000000000
vn -0.980785249 0.195090479 0.000000000
vn 0.980785191 0.195090774 0.000000000
vn 0.831469798 0.555569955 0.000000000
vn 0.555569955 0.831469798 0.000000000
vn 0.195090774 0.980785191 0.000000000
vn -0.195090774 0.980785191 0.000000000
vn -0.555569813 0.831469893 0.000000000
vn -0.831469940 0.555569743 0.000000000
vn -0.980785191 0.195090774 0.000000000
vn -0.980785191 -0.195090774 0.000000000
vn -0.831470035 -0.555569601 0.000000000
vn -0.555569601 -0.831470035 0.000000000
vn -0.195090774 -0.980785191 0.000000000
vn 0.195090774 -0.980785191 0.000000000
vn 0.555569743 -0.831469940 0.000000000
vn 0.831469893 -0.555569813 0.000000000
vn 0.980785191 -0.195090774 0.000000000
vn -0.866025394 -0.500000017 0.000000000
vn 0.866025394 -0.500000017 0.000000000
vn 0.866025394 0.500000017 0.000000000
vn -0.866025394 0.500000017 0.000000000
vn 0.000000000 -0.195090482 -0.980785249
vn 0.000000000 -0.555570187 -0.831469643
vn 0.000000000 -0.831469643 -0.555570187
vn 0.000000000 -0.980785249 -0.195090482
vn 0.000000000 -0.980785249 0.195090482
vn 0.000000000 -0.831469643 0.555570187
vn 0.000000000 -0.555570354 0.831469531
vn 0.000000000 -0.195090249 0.980785295
vn 0.000000000 0.195090249 0.980785295
vn 0.000000000 0.555570354 0.831469531
vn 0.000000000 0.831469531 0.555570354
vn 0.000000000 0.980785295 0.195090249
vn 0.000000000 0.980785295 -0.195090249
vn 0.000000000 0.831469531 -0.555570354
vn 0.000000000 0.555570187 -0.831469643
vn 0.000000000 0.195090482 -0.980785249
vn 0.000000000 -0.195090479 -0.980785249
vn 0.000000000 -0.555570092 -0.831469707
vn 0.000000000 -0.831469707 -0.555570092
vn 0.000000000 -0.980785249 -0.195090479
vn 0.000000000 -0.980785249 0.195090479
vn 0.000000000 -0.831469797 0.555569956
vn 0.000000000 -0.555569686 0.831469978
vn 0.000000000 -0.195090762 0.980785193
vn 0.000000000 0.195090762 0.980785193
vn 0.000000000 0.555569550 0.831470069
vn 0.000000000 0.831470069 0.555569550
vn 0.000000000 0.980785193 0.195090762
vn 0.000000000 0.980785193 -0.195090762
vn 0.000000000 0.831469978 -0.555569686
vn 0.000000000 0.555569956 -0.831469797
vn 0.000000000 0.195090479 -0.980785249
vn 0.000000000 0.195090774 0.980785191
vn 0.000000000 0.555569955 0.831469798
vn 0.000000000 0.831469798 0.555569955
vn 0.000000000 0.980785191 0.195090774
vn 0.000000000 0.980785191 -0.195090774
vn 0.000000000 0.831469893 -0.555569813
vn 0.000000000 0.555569743 -0.831469940
vn 0.000000000 0.195090774 -0.980785191
vn 0.000000000 -0.195090774 -0.980785191
vn 0.000000000 -0.555569601 -0.831470035
vn 0.000000000 -0.831470035 -0.555569601
vn 0.000000000 -0.980785191 -0.195090774
vn 0.000000000 -0.980785191 0.195090774
vn 0.000000000 -0.831469940 0.555569743
vn 0.000000000 -0.555569813 0.831469893
vn 0.000000000 -0.195090774 0.980785191
vn 0.000000000 -0.500000017 -0.866025394
vn 0.000000000 -0.500000017 0.866025394
vn 0.000000000 0.500000017 0.866025394
vn 0.000000000 0.500000017 -0.866025394
usemtl mat_2
f 1/1/1 2/1/1 3/1/1
f 1/1/2 4/1/2 2/1/2
f 1/1/3 5/1/3 4/1/3
f 1/1/4 6/1/4 5/1/4
f 1/1/5 7/1/5 6/1/5
f 1/1/6 8/1/6 7/1/6
f 1/1/7 9/1/7 8/1/7
f 1/1/8 10/1/8 9/1/8
f 1/1/9 11/1/9 10/1/9
f 1/1/10 12/1/10 11/1/10
f 1/1/11 13/1/11 12/1/11
f 1/1/12 14/1/12 13/1/12
f 1/1/13 15/1/13 14/1/13
f 1/1/14 16/1/14 15/1/14
f 1/1/15 17/1/15 16/1/15
f 1/1/16 3/1/16 17/1/16
f 3/1/17 2/1/17 18/1/17
f 3/1/18 18/1/18 19/1/18
f 2/1/19 4/1/19 20/1/19
f 2/1/20 20/1/20 18/1/20
f 4/1/21 5/1/21 21/1/21
f 4/1/22 21/1/22 20/1/22
f 5/1/23 6/1/23 22/1/23
f 5/1/24 22/1/24 21/1/24
f 6/1/25 7/1/25 23/1/25
f 6/1/26 23/1/26 22/1/26
f 7/1/27 8/1/27 24/1/27
f 7/1/28 24/1/28 23/1/28
f 8/1/29 9/1/29 25/1/29
f 8/1/30 25/1/30 24/1/30
f 9/1/31 10/1/31 26/1/31
f 9/1/32 26/1/32 25/1/32
f 10/1/33 11/1/33 27/1/33
f 10/1/34 27/1/34 26/1/34
f 11/1/35 12/1/35 28/1/35
f 11/1/36 28/1/36 27/1/36
f 12/1/37 13/1/37 29/1/37
f 12/1/38 29/1/38 28/1/38
f 13/1/39 14/1/39 30/1/39
f 13/1/40 30/1/40 29/1/40
f 14/1/41 15/1/41 31/1/41
f 14/1/42 31/1/42 30/1/42
f 15/1/43 16/1/43 32/1/43
f 15/1/44 32/1/44 31/1/44
f 16/1/45 17/1/45 33/1/45
f 16/1/46 33/1/46 32/1/46
f 17/1/47 3/1/47 19/1/47
f 17/1/48 19/1/48 33/1/48
f 19/1/49 18/1/49 34/1/49
f 19/1/50 34/1/50 35/1/50
f 18/1/51 20/1/51 36/1/51
f 18/1/52 36/1/52 34/1/52
f 20/1/53 21/1/53 37/1/53
f 20/1/54 37/1/54 36/1/54
f 21/1/55 22/1/55 38/1/55
f 21/1/56 38/1/56 37/1/56
f 22/1/57 23/1/57 39/1/57
f 22/1/58 39/1/58 38/1/58
f 23/1/59 24/1/59 40/1/59
f 23/1/60 40/1/60 39/1/60
f 24/1/61 25/1/61 41/1/61
f 24/1/62 41/1/62 40/1/62
f 25/1/63 26/1/63 42/1/63
f 25/1/64 42/1/64 41/1/64
f 26/1/65 27/1/65 43/1/65
f 26/1/66 43/1/66 42/1/66
f 27/1/67 28/1/67 44/1/67
f 27/1/68 44/1/68 43/1/68
f 28/1/69 29/1/69 45/1/69
f 28/1/70 45/1/70 44/1/70
f 29/1/71 30/1/71 46/1/71
f 29/1/72 46/1/72 45/1/72
f 30/1/73 31/1/73 47/1/73
f 30/1/74 47/1/74 46/1/74
f 31/1/75 32/1/75 48/1/75
f 31/1/76 48/1/76 47/1/76
f 32/1/77 33/1/77 49/1/77
f 32/1/78 49/1/78 48/1/78
f 33/1/79 19/1/79 35/1/79
f 33/1/80 35/1/80 49/1/80
f 35/1/81 34/1/81 50/1/81
f 35/1/82 50/1/82 51/1/82
f 34/1/83 36/1/83 52/1/83
f 34/1/84 52/1/84 50/1/84
f 36/1/85 37/1/85 53/1/85
f 36/1/86 53/1/86 52/1/86
f 37/1/87 38/1/87 54/1/87
f 37/1/88 54/1/88 53/1/88
f 38/1/89 39/1/89 55/1/89
f 38/1/90 55/1/90 54/1/90
f 39/1/91 40/1/91 56/1/91
f 39/1/92 56/1/92 55/1/92
f 40/1/93 41/1/93 57/1/93
f 40/1/94 57/1/94 56/1/94
f 41/1/95 42/1/95 58/1/95
f 41/1/96 58/1/96 57/1/96
f 42/1/97 43/1/97 59/1/97
f 42/1/98 59/1/98 58/1/98
f 43/1/99 44/1/99 60/1/99
f 43/1/100 60/1/100 59/1/100
f 44/1/101 45/1/101 61/1/101
f 44/1/102 61/1/102 60/1/102
f 45/1/103 46/1/103 62/1/103
f 45/1/104 62/1/104 61/1/104
f 46/1/105 47/1/105 63/1/105
f 46/1/106 63/1/106 62/1/106
f 47/1/107 48/1/107 64/1/107
f 47/1/108 64/1/108 63/1/108
f 48/1/109 49/1/109 65/1/109
f 48/1/110 65/1/110 64/1/110
f 49/1/111 35/1/111 51/1/111
f 49/1/112 51/1/112 65/1/112
f 51/1/113 50/1/113 66/1/113
f 51/1/114 66/1/114 67/1/114
f 50/1/115 52/1/115 68/1/115
f 50/1/116 68/1/116 66/1/116
f 52/1/117 53/1/117 69/1/117
f 52/1/118 69/1/118 68/1/118
f 53/1/119 54/1/119 70/1/119
f 53/1/120 70/1/120 69/1/120
f 54/1/121 55/1/121 71/1/121
f 54/1/122 71/1/122 70/1/122
f 55/1/123 56/1/123 72/1/123
f 55/1/124 72/1/124 71/1/124
f 56/1/125 57/1/125 73/1/125
f 56/1/126 73/1/126 72/1/126
f 57/1/127 58/1/127 74/1/127
f 57/1/128 74/1/128 73/1/128
f 58/1/129 59/1/129 75/1/129
f 58/1/130 75/1/130 74/1/130
f 59/1/131 60/1/131 76/1/131
f 59/1/132 76/1/132 75/1/132
f 60/1/133 61/1/133 77/1/133
f 60/1/134 77/1/134 76/1/134
f 61/1/135 62/1/135 78/1/135
f 61/1/136 78/1/136 77/1/136
f 62/1/137 63/1/137 79/1/137
f 62/1/138 79/1/138 78/1/138
f 63/1/139 64/1/139 80/1/139
f 63/1/140 80/1/140 79/1/140
f 64/1/141 65/1/141 81/1/141
f 64/1/142 81/1/142 80/1/142
f 65/1/143 51/1/143 67/1/143
f 65/1/144 67/1/144 81/1/144
f 67/1/145 66/1/145 82/1/145
f 67/1/146 82/1/146 83/1/146
f 66/1/147 68/1/147 84/1/147
f 66/1/148 84/1/148 82/1/148
f 68/1/149 69/1/149 85/1/149
f 68/1/150 85/1/150 84/1/150
f 69/1/151 70/1/151 86/1/151
f 69/1/152 86/1/152 85/1/152
f 70/1/153 71/1/153 87/1/153
f 70/1/154 87/1/154 86/1/154
f 71/1/155 72/1/155 88/1/155
f 71/1/156 88/1/156 87/1/156
f 72/1/157 73/1/157 89/1/157
f 72/1/158 89/1/158 88/1/158
f 73/1/159 74/1/159 90/1/159
f 73/1/160 90/1/160 89/1/160
f 74/1/161 75/1/161 91/1/161
f 74/1/162 91/1/162 90/1/162
f 75/1/163 76/1/163 92/1/163
f 75/1/164 92/1/164 91/1/164
f 76/1/165 77/1/165 93/1/165
f 76/1/166 93/1/166 92/1/166
f 77/1/167 78/1/167 94/1/167
f 77/1/168 94/1/168 93/1/168
f 78/1/169 79/1/169 95/1/169
f 78/1/170 95/1/170 94/1/170
f 79/1/171 80/1/171 96/1/171
f 79/1/172 96/1/172 95/1/172
f 80/1/173 81/1/173 97/1/173
f 80/1/174 97/1/174 96/1/174
f 81/1/175 67/1/175 83/1/175
f 81/1/176 83/1/176 97/1/176
f 83/1/177 82/1/177 98/1/177
f 83/1/178 98/1/178 99/1/178
f 82/1/179 84/1/179 100/1/179
f 82/1/180 100/1/180 98/1/180
f 84/1/181 85/1/181 101/1/181
f 84/1/182 101/1/182 100/1/182
f 85/1/183 86/1/183 102/1/183
f 85/1/184 102/1/184 101/1/184
f 86/1/185 87/1/185 103/1/185
f 86/1/186 103/1/186 102/1/186
f 87/1/187 88/1/187 104/1/187
f 87/1/188 104/1/188 103/1/188
f 88/1/189 89/1/189 105/1/189
f 88/1/190 105/1/190 104/1/190
f 89/1/191 90/1/191 106/1/191
f 89/1/192 106/1/192 105/1/192
f 90/1/193 91/1/193 107/1/193
f 90/1/194 107/1/194 106/1/194
f 91/1/195 92/1/195 108/1/195
f 91/1/196 108/1/196 107/1/196
f 92/1/197 93/1/197 109/1/197
f 92/1/198 109/1/198 108/1/198
f 93/1/199 94/1/199 110/1/199
f 93/1/200 110/1/200 109/1/200
f 94/1/201 95/1/201 111/1/201
f 94/1/202 111/1/202 110/1/202
f 95/1/203 96/1/203 112/1/203
f 95/1/204 112/1/204 111/1/204
f 96/1/205 97/1/205 113/1/205
f 96/1/206 113/1/206 112/1/206
f 97/1/207 83/1/207 99/1/207
f 97/1/208 99/1/208 113/1/208
f 99/1/209 98/1/209 114/1/209
f 98/1/210 100/1/210 114/1/210
f 100/1/211 101/1/211 114/1/211
f 101/1/212 102/1/212 114/1/212
f 102/1/213 103/1/213 114/1/213
f 103/1/214 104/1/214 114/1/214
f 104/1/215 105/1/215 114/1/215
f 105/1/216 106/1/216 114/1/216
f 106/1/217 107/1/217 114/1/217
f 107/1/218 108/1/218 114/1/218
f 108/1/219 109/1/219 114/1/219
f 109/1/220 110/1/220 114/1/220
f 110/1/221 111/1/221 114/1/221
f 111/1/222 112/1/222 114/1/222
f 112/1/223 113/1/223 114/1/223
f 113/1/224 99/1/224 114/1/224
f 115/1/225 116/1/225 117/1/225
f 115/1/225 117/1/225 118/1/225
f 116/1/226 119/1/226 120/1/226
f 116/1/226 120/1/226 117/1/226
f 119/1/227 121/1/227 122/1/227
f 119/1/227 122/1/227 120/1/227
f 121/1/228 123/1/228 124/1/228
f 121/1/228 124/1/228 122/1/228
f 123/1/229 125/1/229 126/1/229
f 123/1/229 126/1/229 124/1/229
f 125/1/230 127/1/230 128/1/230
f 125/1/230 128/1/230 126/1/230
f 127/1/231 129/1/231 130/1/231
f 127/1/231 130/1/231 128/1/231
f 129/1/232 131/1/232 132/1/232
f 129/1/232 132/1/232 130/1/232
f 131/1/233 133/1/233 134/1/233
f 131/1/233 134/1/233 132/1/233
f 133/1/234 135/1/234 136/1/234
f 133/1/234 136/1/234 134/1/234
f 135/1/235 137/1/235 138/1/235
f 135/1/235 138/1/235 136/1/235
f 137/1/236 139/1/236 140/1/236
f 137/1/236 140/1/236 138/1/236
f 139/1/237 141/1/237 142/1/237
f 139/1/237 142/1/237 140/1/237
f 141/1/238 143/1/238 144/1/238
f 141/1/238 144/1/238 142/1/238
f 143/1/239 145/1/239 146/1/239
f 143/1/239 146/1/239 144/1/239
f 145/1/240 115/1/240 118/1/240
f 145/1/240 118/1/240 146/1/240
f 118/1/241 117/1/241 147/1/241
f 118/1/241 147/1/241 148/1/241
f 117/1/241 120/1/241 149/1/241
f 117/1/241 149/1/241 147/1/241
f 120/1/241 122/1/241 150/1/241
f 120/1/241 150/1/241 149/1/241
f 122/1/241 124/1/241 151/1/241
f 122/1/241 151/1/241 150/1/241
f 124/1/241 126/1/241 152/1/241
f 124/1/241 152/1/241 151/1/241
f 126/1/241 128/1/241 153/1/241
f 126/1/241 153/1/241 152/1/241
f 128/1/241 130/1/241 154/1/241
f 128/1/241 154/1/241 153/1/241
f 130/1/241 132/1/241 155/1/241
f 130/1/241 155/1/241 154/1/241
f 132/1/241 134/1/241 156/1/241
f 132/1/241 156/1/241 155/1/241
f 134/1/241 136/1/241 157/1/241
f 134/1/241 157/1/241 156/1/241
f 136/1/241 138/1/241 158/1/241
f 136/1/241 158/1/241 157/1/241
f 138/1/241 140/1/241 159/1/241
f 138/1/241 159/1/241 158/1/241
f 140/1/241 142/1/241 160/1/241
f 140/1/241 160/1/241 159/1/241
f 142/1/241 144/1/241 161/1/241
f 142/1/241 161/1/241 160/1/241
f 144/1/241 146/1/241 162/1/241
f 144/1/241 162/1/241 161/1/241
f 146/1/241 118/1/241 148/1/241
f 146/1/241 148/1/241 162/1/241
f 148/1/242 147/1/242 163/1/242
f 148/1/242 163/1/242 164/1/242
f 147/1/243 149/1/243 165/1/243
f 147/1/243 165/1/243 163/1/243
f 149/1/244 150/1/244 166/1/244
f 149/1/244 166/1/244 165/1/244
f 150/1/245 151/1/245 167/1/245
f 150/1/245 167/1/245 166/1/245
f 151/1/246 152/1/246 168/1/246
f 151/1/246 168/1/246 167/1/246
f 152/1/247 153/1/247 169/1/247
f 152/1/247 169/1/247 168/1/247
f 153/1/248 154/1/248 170/1/248
f 153/1/248 170/1/248 169/1/248
f 154/1/249 155/1/249 171/1/249
f 154/1/249 171/1/249 170/1/249
f 155/1/250 156/1/250 172/1/250
f 155/1/250 172/1/250 171/1/250
f 156/1/251 157/1/251 173/1/251
f 156/1/251 173/1/251 172/1/251
f 157/1/252 158/1/252 174/1/252
f 157/1/252 174/1/252 173/1/252
f 158/1/253 159/1/253 175/1/253
f 158/1/253 175/1/253 174/1/253
f 159/1/254 160/1/254 176/1/254
f 159/1/254 176/1/254 175/1/254
f 160/1/255 161/1/255 177/1/255
f 160/1/255 177/1/255 176/1/255
f 161/1/256 162/1/256 178/1/256
f 161/1/256 178/1/256 177/1/256
f 162/1/257 148/1/257 164/1/257
f 162/1/257 164/1/257 178/1/257
f 164/1/258 163/1/258 116/1/258
f 164/1/258 116/1/258 115/1/258
f 163/1/258 165/1/258 119/1/258
f 163/1/258 119/1/258 116/1/258
f 165/1/258 166/1/258 121/1/258
f 165/1/258 121/1/258 119/1/258
f 166/1/258 167/1/258 123/1/258
f 166/1/258 123/1/258 121/1/258
f 167/1/258 168/1/258 125/1/258
f 167/1/258 125/1/258 123/1/258
f 168/1/258 169/1/258 127/1/258
f 168/1/258 127/1/258 125/1/258
f 169/1/258 170/1/258 129/1/258
f 169/1/258 129/1/258 127/1/258
f 170/1/258 171/1/258 131/1/258
f 170/1/258 131/1/258 129/1/258
f 171/1/258 172/1/258 133/1/258
f 171/1/258 133/1/258 131/1/258
f 172/1/258 173/1/258 135/1/258
f 172/1/258 135/1/258 133/1/258
f 173/1/258 174/1/258 137/1/258
f 173/1/258 137/1/258 135/1/258
f 174/1/258 175/1/258 139/1/258
f 174/1/258 139/1/258 137/1/258
f 175/1/258 176/1/258 141/1/258
f 175/1/258 141/1/258 139/1/258
f 176/1/258 177/1/258 143/1/258
f 176/1/258 143/1/258 141/1/258
f 177/1/258 178/1/258 145/1/258
f 177/1/258 145/1/258 143/1/258
f 178/1/258 164/1/258 115/1/258
f 178/1/258 115/1/258 145/1/258
f 179/1/232 180/1/232 181/1/232
f 179/1/232 181/1/232 182/1/232
f 180/1/231 183/1/231 184/1/231
f 180/1/231 184/1/231 181/1/231
f 183/1/230 185/1/230 186/1/230
f 183/1/230 186/1/230 184/1/230
f 185/1/229 187/1/229 188/1/229
f 185/1/229 188/1/229 186/1/229
f 187/1/228 189/1/228 190/1/228
f 187/1/228 190/1/228 188/1/228
f 189/1/227 191/1/227 192/1/227
f 189/1/227 192/1/227 190/1/227
f 191/1/226 193/1/226 194/1/226
f 191/1/226 194/1/226 192/1/226
f 193/1/225 195/1/225 196/1/225
f 193/1/225 196/1/225 194/1/225
f 195/1/240 197/1/240 198/1/240
f 195/1/240 198/1/240 196/1/240
f 197/1/239 199/1/239 200/1/239
f 197/1/239 200/1/239 198/1/239
f 199/1/238 201/1/238 202/1/238
f 199/1/238 202/1/238 200/1/238
f 201/1/237 203/1/237 204/1/237
f 201/1/237 204/1/237 202/1/237
f 203/1/236 205/1/236 206/1/236
f 203/1/236 206/1/236 204/1/236
f 205/1/235 207/1/235 208/1/235
f 205/1/235 208/1/235 206/1/235
f 207/1/234 209/1/234 210/1/234
f 207/1/234 210/1/234 208/1/234
f 209/1/233 179/1/233 182/1/233
f 209/1/233 182/1/233 210/1/233
f 182/1/258 181/1/258 211/1/258
f 182/1/258 211/1/258 212/1/258
f 181/1/258 184/1/258 213/1/258
f 181/1/258 213/1/258 211/1/258
f 184/1/258 186/1/258 214/1/258
f 184/1/258 214/1/258 213/1/258
f 186/1/258 188/1/258 215/1/258
f 186/1/258 215/1/258 214/1/258
f 188/1/258 190/1/258 216/1/258
f 188/1/258 216/1/258 215/1/258
f 190/1/258 192/1/258 217/1/258
f 190/1/258 217/1/258 216/1/258
f 192/1/258 194/1/258 218/1/258
f 192/1/258 218/1/258 217/1/258
f 194/1/258 196/1/258 219/1/258
f 194/1/258 219/1/258 218/1/258
f 196/1/258 198/1/258 220/1/258
f 196/1/258 220/1/258 219/1/258
f 198/1/258 200/1/258 221/1/258
f 198/1/258 221/1/258 220/1/258
f 200/1/258 202/1/258 222/1/258
f 200/1/258 222/1/258 221/1/258
f 202/1/258 204/1/258 223/1/258
f 202/1/258 223/1/258 222/1/258
f 204/1/258 206/1/258 224/1/258
f 204/1/258 224/1/258 223/1/258
f 206/1/258 208/1/258 225/1/258
f 206/1/258 225/1/258 224/1/258
f 208/1/258 210/1/258 226/1/258
f 208/1/258 226/1/258 225/1/258
f 210/1/258 182/1/258 212/1/258
f 210/1/258 212/1/258 226/1/258
f 212/1/249 211/1/249 227/1/249
f 212/1/249 227/1/249 228/1/249
f 211/1/248 213/1/248 229/1/248
f 211/1/248 229/1/248 227/1/248
f 213/1/247 214/1/247 230/1/247
f 213/1/247 230/1/247 229/1/247
f 214/1/246 215/1/246 231/1/246
f 214/1/246 231/1/246 230/1/246
f 215/1/245 216/1/245 232/1/245
f 215/1/245 232/1/245 231/1/245
f 216/1/244 217/1/244 233/1/244
f 216/1/244 233/1/244 232/1/244
f 217/1/243 218/1/243 234/1/243
f 217/1/243 234/1/243 233/1/243
f 218/1/242 219/1/242 235/1/242
f 218/1/242 235/1/242 234/1/242
f 219/1/257 220/1/257 236/1/257
f 219/1/257 236/1/257 235/1/257
f 220/1/256 221/1/256 237/1/256
f 220/1/256 237/1/256 236/1/256
f 221/1/255 222/1/255 238/1/255
f 221/1/255 238/1/255 237/1/255
f 222/1/254 223/1/254 239/1/254
f 222/1/254 239/1/254 238/1/254
f 223/1/253 224/1/253 240/1/253
f 223/1/253 240/1/253 239/1/253
f 224/1/252 225/1/252 241/1/252
f 224/1/252 241/1/252 240/1/252
f 225/1/251 226/1/251 242/1/251
f 225/1/251 242/1/251 241/1/251
f 226/1/250 212/1/250 228/1/250
f 226/1/250 228/1/250 242/1/250
f 228/1/241 227/1/241 180/1/241
f 228/1/241 180/1/241 179/1/241
f 227/1/241 229/1/241 183/1/241
f 227/1/241 183/1/241 180/1/241
f 229/1/241 230/1/241 185/1/241
f 229/1/241 185/1/241 183/1/241
f 230/1/241 231/1/241 187/1/241
f 230/1/241 187/1/241 185/1/241
f 231/1/241 232/1/241 189/1/241
f 231/1/241 189/1/241 187/1/241
f 232/1/241 233/1/241 191/1/241
f 232/1/241 191/1/241 189/1/241
f 233/1/241 234/1/241 193/1/241
f 233/1/241 193/1/241 191/1/241
f 234/1/241 235/1/241 195/1/241
f 234/1/241 195/1/241 193/1/241
f 235/1/241 236/1/241 197/1/241
f 235/1/241 197/1/241 195/1/241
f 236/1/241 237/1/241 199/1/241
f 236/1/241 199/1/241 197/1/241
f 237/1/241 238/1/241 201/1/241
f 237/1/241 201/1/241 199/1/241
f 238/1/241 239/1/241 203/1/241
f 238/1/241 203/1/241 201/1/241
f 239/1/241 240/1/241 205/1/241
f 239/1/241 205/1/241 203/1/241
f 240/1/241 241/1/241 207/1/241
f 240/1/241 207/1/241 205/1/241
f 241/1/241 242/1/241 209/1/241
f 241/1/241 209/1/241 207/1/241
f 242/1/241 228/1/241 179/1/241
f 242/1/241 179/1/241 209/1/241
f 243/1/259 244/1/259 245/1/259
f 243/1/259 245/1/259 246/1/259
f 244/1/260 247/1/260 248/1/260
f 244/1/260 248/1/260 245/1/260
f 247/1/261 249/1/261 250/1/261
f 247/1/261 250/1/261 248/1/261
f 249/1/262 251/1/262 252/1/262
f 249/1/262 252/1/262 250/1/262
f 251/1/263 253/1/263 254/1/263
f 251/1/263 254/1/263 252/1/263
f 253/1/264 255/1/264 256/1/264
f 253/1/264 256/1/264 254/1/264
f 255/1/265 257/1/265 258/1/265
f 255/1/265 258/1/265 256/1/265
f 257/1/266 259/1/266 260/1/266
f 257/1/266 260/1/266 258/1/266
f 259/1/267 261/1/267 262/1/267
f 259/1/267 262/1/267 260/1/267
f 261/1/268 263/1/268 264/1/268
f 261/1/268 264/1/268 262/1/268
f 263/1/269 265/1/269 266/1/269
f 263/1/269 266/1/269 264/1/269
f 265/1/270 267/1/270 268/1/270
f 265/1/270 268/1/270 266/1/270
f 267/1/271 269/1/271 270/1/271
f 267/1/271 270/1/271 268/1/271
f 269/1/272 271/1/272 272/1/272
f 269/1/272 272/1/272 270/1/272
f 271/1/273 273/1/273 274/1/273
f 271/1/273 274/1/273 272/1/273
f 273/1/274 243/1/274 246/1/274
f 273/1/274 246/1/274 274/1/274
f 246/1/275 245/1/275 275/1/275
f 246/1/275 275/1/275 276/1/275
f 245/1/275 248/1/275 277/1/275
f 245/1/275 277/1/275 275/1/275
f 248/1/275 250/1/275 278/1/275
f 248/1/275 278/1/275 277/1/275
f 250/1/275 252/1/275 279/1/275
f 250/1/275 279/1/275 278/1/275
f 252/1/275 254/1/275 280/1/275
f 252/1/275 280/1/275 279/1/275
f 254/1/275 256/1/275 281/1/275
f 254/1/275 281/1/275 280/1/275
f 256/1/275 258/1/275 282/1/275
f 256/1/275 282/1/275 281/1/275
f 258/1/275 260/1/275 283/1/275
f 258/1/275 283/1/275 282/1/275
f 260/1/275 262/1/275 284/1/275
f 260/1/275 284/1/275 283/1/275
f 262/1/275 264/1/275 285/1/275
f 262/1/275 285/1/275 284/1/275
f 264/1/275 266/1/275 286/1/275
f 264/1/275 286/1/275 285/1/275
f 266/1/275 268/1/275 287/1/275
f 266/1/275 287/1/275 286/1/275
f 268/1/275 270/1/275 288/1/275
f 268/1/275 288/1/275 287/1/275
f 270/1/275 272/1/275 289/1/275
f 270/1/275 289/1/275 288/1/275
f 272/1/275 274/1/275 290/1/275
f 272/1/275 290/1/275 289/1/275
f 274/1/275 246/1/275 276/1/275
f 274/1/275 276/1/275 290/1/275
f 276/1/276 275/1/276 291/1/276
f 276/1/276 291/1/276 292/1/276
f 275/1/277 277/1/277 293/1/277
f 275/1/277 293/1/277 291/1/277
f 277/1/278 278/1/278 294/1/278
f 277/1/278 294/1/278 293/1/278
f 278/1/279 279/1/279 295/1/279
f 278/1/279 295/1/279 294/1/279
f 279/1/280 280/1/280 296/1/280
f 279/1/280 296/1/280 295/1/280
f 280/1/281 281/1/281 297/1/281
f 280/1/281 297/1/281 296/1/281
f 281/1/282 282/1/282 298/1/282
f 281/1/282 298/1/282 297/1/282
f 282/1/283 283/1/283 299/1/283
f 282/1/283 299/1/283 298/1/283
f 283/1/284 284/1/284 300/1/284
f 283/1/284 300/1/284 299/1/284
f 284/1/285 285/1/285 301/1/285
f 284/1/285 301/1/285 300/1/285
f 285/1/286 286/1/286 302/1/286
f 285/1/286 302/1/286 301/1/286
f 286/1/287 287/1/287 303/1/287
f 286/1/287 303/1/287 302/1/287
f 287/1/288 288/1/288 304/1/288
f 287/1/288 304/1/288 303/1/288
f 288/1/289 289/1/289 305/1/289
f 288/1/289 305/1/289 304/1/289
f 289/1/290 290/1/290 306/1/290
f 289/1/290 306/1/290 305/1/290
f 290/1/291 276/1/291 292/1/291
f 290/1/291 292/1/291 306/1/291
f 292/1/292 291/1/292 244/1/292
f 292/1/292 244/1/292 243/1/292
f 291/1/292 293/1/292 247/1/292
f 291/1/292 247/1/292 244/1/292
f 293/1/292 294/1/292 249/1/292
f 293/1/292 249/1/292 247/1/292
f 294/1/292 295/1/292 251/1/292
f 294/1/292 251/1/292 249/1/292
f 295/1/292 296/1/292 253/1/292
f 295/1/292 253/1/292 251/1/292
f 296/1/292 297/1/292 255/1/292
f 296/1/292 255/1/292 253/1/292
f 297/1/292 298/1/292 257/1/292
f 297/1/292 257/1/292 255/1/292
f 298/1/292 299/1/292 259/1/292
f 298/1/292 259/1/292 257/1/292
f 299/1/292 300/1/292 261/1/292
f 299/1/292 261/1/292 259/1/292
f 300/1/292 301/1/292 263/1/292
f 300/1/292 263/1/292 261/1/292
f 301/1/292 302/1/292 265/1/292
f 301/1/292 265/1/292 263/1/292
f 302/1/292 303/1/292 267/1/292
f 302/1/292 267/1/292 265/1/292
f 303/1/292 304/1/292 269/1/292
f 303/1/292 269/1/292 267/1/292
f 304/1/292 305/1/292 271/1/292
f 304/1/292 271/1/292 269/1/292
f 305/1/292 306/1/292 273/1/292
f 305/1/292 273/1/292 271/1/292
f 306/1/292 292/1/292 243/1/292
f 306/1/292 243/1/292 273/1/292
f 307/1/293 308/1/293 309/1/293
f 307/1/293 309/1/293 310/1/293
f 308/1/294 311/1/294 312/1/294
f 308/1/294 312/1/294 309/1/294
f 311/1/295 313/1/295 314/1/295
f 311/1/295 314/1/295 312/1/295
f 313/1/296 315/1/296 316/1/296
f 313/1/296 316/1/296 314/1/296
f 315/1/297 317/1/297 318/1/297
f 315/1/297 318/1/297 316/1/297
f 317/1/298 319/1/298 320/1/298
f 317/1/298 320/1/298 318/1/298
f 319/1/299 321/1/299 322/1/299
f 319/1/299 322/1/299 320/1/299
f 321/1/300 323/1/300 324/1/300
f 321/1/300 324/1/300 322/1/300
f 323/1/301 325/1/301 326/1/301
f 323/1/301 326/1/301 324/1/301
f 325/1/302 327/1/302 328/1/302
f 325/1/302 328/1/302 326/1/302
f 327/1/303 329/1/303 330/1/303
f 327/1/303 330/1/303 328/1/303
f 329/1/304 331/1/304 332/1/304
f 329/1/304 332/1/304 330/1/304
f 331/1/305 333/1/305 334/1/305
f 331/1/305 334/1/305 332/1/305
f 333/1/306 335/1/306 336/1/306
f 333/1/306 336/1/306 334/1/306
f 335/1/307 337/1/307 338/1/307
f 335/1/307 338/1/307 336/1/307
f 337/1/308 307/1/308 310/1/308
f 337/1/308 310/1/308 338/1/308
f 310/1/309 309/1/309 339/1/309
f 310/1/309 339/1/309 340/1/309
f 309/1/309 312/1/309 341/1/309
f 309/1/309 341/1/309 339/1/309
f 312/1/309 314/1/309 342/1/309
f 312/1/309 342/1/309 341/1/309
f 314/1/309 316/1/309 343/1/309
f 314/1/309 343/1/309 342/1/309
f 316/1/309 318/1/309 344/1/309
f 316/1/309 344/1/309 343/1/309
f 318/1/309 320/1/309 345/1/309
f 318/1/309 345/1/309 344/1/309
f 320/1/309 322/1/309 346/1/309
f 320/1/309 346/1/309 345/1/309
f 322/1/309 324/1/309 347/1/309
f 322/1/309 347/1/309 346/1/309
f 324/1/309 326/1/309 348/1/309
f 324/1/309 348/1/309 347/1/309
f 326/1/309 328/1/309 349/1/309
f 326/1/309 349/1/309 348/1/309
f 328/1/309 330/1/309 350/1/309
f 328/1/309 350/1/309 349/1/309
f 330/1/309 332/1/309 351/1/309
f 330/1/309 351/1/309 350/1/309
f 332/1/309 334/1/309 352/1/309
f 332/1/309 352/1/309 351/1/309
f 334/1/309 336/1/309 353/1/309
f 334/1/309 353/1/309 352/1/309
f 336/1/309 338/1/309 354/1/309
f 336/1/309 354/1/309 353/1/309
f 338/1/309 310/1/309 340/1/309
f 338/1/309 340/1/309 354/1/309
f 340/1/310 339/1/310 355/1/310
f 340/1/310 355/1/310 356/1/310
f 339/1/311 341/1/311 357/1/311
f 339/1/311 357/1/311 355/1/311
f 341/1/312 342/1/312 358/1/312
f 341/1/312 358/1/312 357/1/312
f 342/1/313 343/1/313 359/1/313
f 342/1/313 359/1/313 358/1/313
f 343/1/314 344/1/314 360/1/314
f 343/1/314 360/1/314 359/1/314
f 344/1/315 345/1/315 361/1/315
f 344/1/315 361/1/315 360/1/315
f 345/1/316 346/1/316 362/1/316
f 345/1/316 362/1/316 361/1/316
f 346/1/317 347/1/317 363/1/317
f 346/1/317 363/1/317 362/1/317
f 347/1/318 348/1/318 364/1/318
f 347/1/318 364/1/318 363/1/318
f 348/1/319 349/1/319 365/1/319
f 348/1/319 365/1/319 364/1/319
f 349/1/320 350/1/320 366/1/320
f 349/1/320 366/1/320 365/1/320
f 350/1/321 351/1/321 367/1/321
f 350/1/321 367/1/321 366/1/321
f 351/1/322 352/1/322 368/1/322
f 351/1/322 368/1/322 367/1/322
f 352/1/323 353/1/323 369/1/323
f 352/1/323 369/1/323 368/1/323
f 353/1/324 354/1/324 370/1/324
f 353/1/324 370/1/324 369/1/324
f 354/1/325 340/1/325 356/1/325
f 354/1/325 356/1/325 370/1/325
f 356/1/326 355/1/326 308/1/326
f 356/1/326 308/1/326 307/1/326
f 355/1/326 357/1/326 311/1/326
f 355/1/326 311/1/326 308/1/326
f 357/1/326 358/1/326 313/1/326
f 357/1/326 313/1/326 311/1/326
f 358/1/326 359/1/326 315/1/326
f 358/1/326 315/1/326 313/1/326
f 359/1/326 360/1/326 317/1/326
f 359/1/326 317/1/326 315/1/326
f 360/1/326 361/1/326 319/1/326
f 360/1/326 319/1/326 317/1/326
f 361/1/326 362/1/326 321/1/326
f 361/1/326 321/1/326 319/1/326
f 362/1/326 363/1/326 323/1/326
f 362/1/326 323/1/326 321/1/326
f 363/1/326 364/1/326 325/1/326
f 363/1/326 325/1/326 323/1/326
f 364/1/326 365/1/326 327/1/326
f 364/1/326 327/1/326 325/1/326
f 365/1/326 366/1/326 329/1/326
f 365/1/326 329/1/326 327/1/326
f 366/1/326 367/1/326 331/1/326
f 366/1/326 331/1/326 329/1/326
f 367/1/326 368/1/326 333/1/326
f 367/1/326 333/1/326 331/1/326
f 368/1/326 369/1/326 335/1/326
f 368/1/326 335/1/326 333/1/326
f 369/1/326 370/1/326 337/1/326
f 369/1/326 337/1/326 335/1/326
f 370/1/326 356/1/326 307/1/326
f 370/1/326 307/1/326 337/1/326
f 371/1/300 372/1/300 373/1/300
f 371/1/300 373/1/300 374/1/300
f 372/1/299 375/1/299 376/1/299
f 372/1/299 376/1/299 373/1/299
f 375/1/298 377/1/298 378/1/298
f 375/1/298 378/1/298 376/1/298
f 377/1/297 379/1/297 380/1/297
f 377/1/297 380/1/297 378/1/297
f 379/1/296 381/1/296 382/1/296
f 379/1/296 382/1/296 380/1/296
f 381/1/295 383/1/295 384/1/295
f 381/1/295 384/1/295 382/1/295
f 383/1/294 385/1/294 386/1/294
f 383/1/294 386/1/294 384/1/294
f 385/1/293 387/1/293 388/1/293
f 385/1/293 388/1/293 386/1/293
f 387/1/308 389/1/308 390/1/308
f 387/1/308 390/1/308 388/1/308
f 389/1/307 391/1/307 392/1/307
f 389/1/307 392/1/307 390/1/307
f 391/1/306 393/1/306 394/1/306
f 391/1/306 394/1/306 392/1/306
f 393/1/305 395/1/305 396/1/305
f 393/1/305 396/1/305 394/1/305
f 395/1/304 397/1/304 398/1/304
f 395/1/304 398/1/304 396/1/304
f 397/1/303 399/1/303 400/1/303
f 397/1/303 400/1/303 398/1/303
f 399/1/302 401/1/302 402/1/302
f 399/1/302 402/1/302 400/1/302
f 401/1/301 371/1/301 374/1/301
f 401/1/301 374/1/301 402/1/301
f 374/1/326 373/1/326 403/1/326
f 374/1/326 403/1/326 404/1/326
f 373/1/326 376/1/326 405/1/326
f 373/1/326 405/1/326 403/1/326
f 376/1/326 378/1/326 406/1/326
f 376/1/326 406/1/326 405/1/326
f 378/1/326 380/1/326 407/1/326
f 378/1/326 407/1/326 406/1/326
f 380/1/326 382/1/326 408/1/326
f 380/1/326 408/1/326 407/1/326
f 382/1/326 384/1/326 409/1/326
f 382/1/326 409/1/326 408/1/326
f 384/1/326 386/1/326 410/1/326
f 384/1/326 410/1/326 409/1/326
f 386/1/326 388/1/326 411/1/326
f 386/1/326 411/1/326 410/1/326
f 388/1/326 390/1/326 412/1/326
f 388/1/326 412/1/326 411/1/326
f 390/1/326 392/1/326 413/1/326
f 390/1/326 413/1/326 412/1/326
f 392/1/326 394/1/326 414/1/326
f 392/1/326 414/1/326 413/1/326
f 394/1/326 396/1/326 415/1/326
f 394/1/326 415/1/326 414/1/326
f 396/1/326 398/1/326 416/1/326
f 396/1/326 416/1/326 415/1/326
f 398/1/326 400/1/326 417/1/326
f 398/1/326 417/1/326 416/1/326
f 400/1/326 402/1/326 418/1/326
f 400/1/326 418/1/326 417/1/326
f 402/1/326 374/1/326 404/1/326
f 402/1/326 404/1/326 418/1/326
f 404/1/317 403/1/317 419/1/317
f 404/1/317 419/1/317 420/1/317
f 403/1/316 405/1/316 421/1/316
f 403/1/316 421/1/316 419/1/316
f 405/1/315 406/1/315 422/1/315
f 405/1/315 422/1/315 421/1/315
f 406/1/314 407/1/314 423/1/314
f 406/1/314 423/1/314 422/1/314
f 407/1/313 408/1/313 424/1/313
f 407/1/313 424/1/313 423/1/313
f 408/1/312 409/1/312 425/1/312
f 408/1/312 425/1/312 424/1/312
f 409/1/311 410/1/311 426/1/311
f 409/1/311 426/1/311 425/1/311
f 410/1/310 411/1/310 427/1/310
f 410/1/310 427/1/310 426/1/310
f 411/1/325 412/1/325 428/1/325
f 411/1/325 428/1/325 427/1/325
f 412/1/324 413/1/324 429/1/324
f 412/1/324 429/1/324 428/1/324
f 413/1/323 414/1/323 430/1/323
f 413/1/323 430/1/323 429/1/323
f 414/1/322 415/1/322 431/1/322
f 414/1/322 431/1/322 430/1/322
f 415/1/321 416/1/321 432/1/321
f 415/1/321 432/1/321 431/1/321
f 416/1/320 417/1/320 433/1/320
f 416/1/320 433/1/320 432/1/320
f 417/1/319 418/1/319 434/1/319
f 417/1/319 434/1/319 433/1/319
f 418/1/318 404/1/318 420/1/318
f 418/1/318 420/1/318 434/1/318
f 420/1/309 419/1/309 372/1/309
f 420/1/309 372/1/309 371/1/309
f 419/1/309 421/1/309 375/1/309
f 419/1/309 375/1/309 372/1/309
f 421/1/309 422/1/309 377/1/309
f 421/1/309 377/1/309 375/1/309
f 422/1/309 423/1/309 379/1/309
f 422/1/309 379/1/309 377/1/309
f 423/1/309 424/1/309 381/1/309
f 423/1/309 381/1/309 379/1/309
f 424/1/309 425/1/309 383/1/309
f 424/1/309 383/1/309 381/1/309
f 425/1/309 426/1/309 385/1/309
f 425/1/309 385/1/309 383/1/309
f 426/1/309 427/1/309 387/1/309
f 426/1/309 387/1/309 385/1/309
f 427/1/309 428/1/309 389/1/309
f 427/1/309 389/1/309 387/1/309
f 428/1/309 429/1/309 391/1/309
f 428/1/309 391/1/309 389/1/309
f 429/1/309 430/1/309 393/1/309
f 429/1/309 393/1/309 391/1/309
f 430/1/309 431/1/309 395/1/309
f 430/1/309 395/1/309 393/1/309
f 431/1/309 432/1/309 397/1/309
f 431/1/309 397/1/309 395/1/309
f 432/1/309 433/1/309 399/1/309
f 432/1/309 399/1/309 397/1/309
f 433/1/309 434/1/309 401/1/309
f 433/1/309 401/1/309 399/1/309
f 434/1/309 420/1/309 371/1/309
f 434/1/309 371/1/309 401/1/309
usemtl mat_0
f 435/1/327 436/1/327 437/1/327
f 435/1/327 437/1/327 438/1/327
f 436/1/328 439/1/328 440/1/328
f 436/1/328 440/1/328 437/1/328
f 439/1/329 441/1/329 442/1/329
f 439/1/329 442/1/329 440/1/329
f 441/1/330 443/1/330 444/1/330
f 441/1/330 444/1/330 442/1/330
f 443/1/331 445/1/331 446/1/331
f 443/1/331 446/1/331 444/1/331
f 445/1/332 447/1/332 448/1/332
f 445/1/332 448/1/332 446/1/332
f 447/1/333 449/1/333 450/1/333
f 447/1/333 450/1/333 448/1/333
f 449/1/334 451/1/334 452/1/334
f 449/1/334 452/1/334 450/1/334
f 451/1/335 453/1/335 454/1/335
f 451/1/335 454/1/335 452/1/335
f 453/1/336 455/1/336 456/1/336
f 453/1/336 456/1/336 454/1/336
f 455/1/337 457/1/337 458/1/337
f 455/1/337 458/1/337 456/1/337
f 457/1/338 459/1/338 460/1/338
f 457/1/338 460/1/338 458/1/338
f 459/1/339 461/1/339 462/1/339
f 459/1/339 462/1/339 460/1/339
f 461/1/340 463/1/340 464/1/340
f 461/1/340 464/1/340 462/1/340
f 463/1/341 465/1/341 466/1/341
f 463/1/341 466/1/341 464/1/341
f 465/1/342 435/1/342 438/1/342
f 465/1/342 438/1/342 466/1/342
f 438/1/241 437/1/241 147/1/241
f 438/1/241 147/1/241 148/1/241
f 437/1/241 440/1/241 149/1/241
f 437/1/241 149/1/241 147/1/241
f 440/1/241 442/1/241 150/1/241
f 440/1/241 150/1/241 149/1/241
f 442/1/241 444/1/241 151/1/241
f 442/1/241 151/1/241 150/1/241
f 444/1/241 446/1/241 152/1/241
f 444/1/241 152/1/241 151/1/241
f 446/1/241 448/1/241 153/1/241
f 446/1/241 153/1/241 152/1/241
f 448/1/241 450/1/241 154/1/241
f 448/1/241 154/1/241 153/1/241
f 450/1/241 452/1/241 155/1/241
f 450/1/241 155/1/241 154/1/241
f 452/1/241 454/1/241 156/1/241
f 452/1/241 156/1/241 155/1/241
f 454/1/241 456/1/241 157/1/241
f 454/1/241 157/1/241 156/1/241
f 456/1/241 458/1/241 158/1/241
f 456/1/241 158/1/241 157/1/241
f 458/1/241 460/1/241 159/1/241
f 458/1/241 159/1/241 158/1/241
f 460/1/241 462/1/241 160/1/241
f 460/1/241 160/1/241 159/1/241
f 462/1/241 464/1/241 161/1/241
f 462/1/241 161/1/241 160/1/241
f 464/1/241 466/1/241 162/1/241
f 464/1/241 162/1/241 161/1/241
f 466/1/241 438/1/241 148/1/241
f 466/1/241 148/1/241 162/1/241
f 148/1/242 147/1/242 467/1/242
f 148/1/242 467/1/242 468/1/242
f 147/1/243 149/1/243 469/1/243
f 147/1/243 469/1/243 467/1/243
f 149/1/244 150/1/244 470/1/244
f 149/1/244 470/1/244 469/1/244
f 150/1/245 151/1/245 471/1/245
f 150/1/245 471/1/245 470/1/245
f 151/1/246 152/1/246 472/1/246
f 151/1/246 472/1/246 471/1/246
f 152/1/247 153/1/247 473/1/247
f 152/1/247 473/1/247 472/1/247
f 153/1/248 154/1/248 474/1/248
f 153/1/248 474/1/248 473/1/248
f 154/1/249 155/1/249 475/1/249
f 154/1/249 475/1/249 474/1/249
f 155/1/250 156/1/250 476/1/250
f 155/1/250 476/1/250 475/1/250
f 156/1/251 157/1/251 477/1/251
f 156/1/251 477/1/251 476/1/251
f 157/1/252 158/1/252 478/1/252
f 157/1/252 478/1/252 477/1/252
f 158/1/253 159/1/253 479/1/253
f 158/1/253 479/1/253 478/1/253
f 159/1/254 160/1/254 480/1/254
f 159/1/254 480/1/254 479/1/254
f 160/1/255 161/1/255 481/1/255
f 160/1/255 481/1/255 480/1/255
f 161/1/256 162/1/256 482/1/256
f 161/1/256 482/1/256 481/1/256
f 162/1/257 148/1/257 468/1/257
f 162/1/257 468/1/257 482/1/257
f 468/1/258 467/1/258 436/1/258
f 468/1/258 436/1/258 435/1/258
f 467/1/258 469/1/258 439/1/258
f 467/1/258 439/1/258 436/1/258
f 469/1/258 470/1/258 441/1/258
f 469/1/258 441/1/258 439/1/258
f 470/1/258 471/1/258 443/1/258
f 470/1/258 443/1/258 441/1/258
f 471/1/258 472/1/258 445/1/258
f 471/1/258 445/1/258 443/1/258
f 472/1/258 473/1/258 447/1/258
f 472/1/258 447/1/258 445/1/258
f 473/1/258 474/1/258 449/1/258
f 473/1/258 449/1/258 447/1/258
f 474/1/258 475/1/258 451/1/258
f 474/1/258 451/1/258 449/1/258
f 475/1/258 476/1/258 453/1/258
f 475/1/258 453/1/258 451/1/258
f 476/1/258 477/1/258 455/1/258
f 476/1/258 455/1/258 453/1/258
f 477/1/258 478/1/258 457/1/258
f 477/1/258 457/1/258 455/1/258
f 478/1/258 479/1/258 459/1/258
f 478/1/258 459/1/258 457/1/258
f 479/1/258 480/1/258 461/1/258
f 479/1/258 461/1/258 459/1/258
f 480/1/258 481/1/258 463/1/258
f 480/1/258 463/1/258 461/1/258
f 481/1/258 482/1/258 465/1/258
f 481/1/258 465/1/258 463/1/258
f 482/1/258 468/1/258 435/1/258
f 482/1/258 435/1/258 465/1/258
usemtl mat_1
f 483/1/343 484/1/343 485/1/343
f 483/1/343 485/1/343 486/1/343
f 484/1/344 487/1/344 488/1/344
f 484/1/344 488/1/344 485/1/344
f 487/1/345 489/1/345 490/1/345
f 487/1/345 490/1/345 488/1/345
f 489/1/346 491/1/346 492/1/346
f 489/1/346 492/1/346 490/1/346
f 491/1/347 493/1/347 494/1/347
f 491/1/347 494/1/347 492/1/347
f 493/1/348 495/1/348 496/1/348
f 493/1/348 496/1/348 494/1/348
f 495/1/349 497/1/349 498/1/349
f 495/1/349 498/1/349 496/1/349
f 497/1/350 499/1/350 500/1/350
f 497/1/350 500/1/350 498/1/350
f 499/1/351 501/1/351 502/1/351
f 499/1/351 502/1/351 500/1/351
f 501/1/352 503/1/352 504/1/352
f 501/1/352 504/1/352 502/1/352
f 503/1/353 505/1/353 506/1/353
f 503/1/353 506/1/353 504/1/353
f 505/1/354 507/1/354 508/1/354
f 505/1/354 508/1/354 506/1/354
f 507/1/355 509/1/355 510/1/355
f 507/1/355 510/1/355 508/1/355
f 509/1/356 511/1/356 512/1/356
f 509/1/356 512/1/356 510/1/356
f 511/1/357 513/1/357 514/1/357
f 511/1/357 514/1/357 512/1/357
f 513/1/358 483/1/358 486/1/358
f 513/1/358 486/1/358 514/1/358
f 486/1/241 485/1/241 515/1/241
f 486/1/241 515/1/241 516/1/241
f 485/1/241 488/1/241 517/1/241
f 485/1/241 517/1/241 515/1/241
f 488/1/241 490/1/241 518/1/241
f 488/1/241 518/1/241 517/1/241
f 490/1/241 492/1/241 519/1/241
f 490/1/241 519/1/241 518/1/241
f 492/1/241 494/1/241 520/1/241
f 492/1/241 520/1/241 519/1/241
f 494/1/241 496/1/241 521/1/241
f 494/1/241 521/1/241 520/1/241
f 496/1/241 498/1/241 522/1/241
f 496/1/241 522/1/241 521/1/241
f 498/1/241 500/1/241 523/1/241
f 498/1/241 523/1/241 522/1/241
f 500/1/241 502/1/241 524/1/241
f 500/1/241 524/1/241 523/1/241
f 502/1/241 504/1/241 525/1/241
f 502/1/241 525/1/241 524/1/241
f 504/1/241 506/1/241 526/1/241
f 504/1/241 526/1/241 525/1/241
f 506/1/241 508/1/241 527/1/241
f 506/1/241 527/1/241 526/1/241
f 508/1/241 510/1/241 528/1/241
f 508/1/241 528/1/241 527/1/241
f 510/1/241 512/1/241 529/1/241
f 510/1/241 529/1/241 528/1/241
f 512/1/241 514/1/241 530/1/241
f 512/1/241 530/1/241 529/1/241
f 514/1/241 486/1/241 516/1/241
f 514/1/241 516/1/241 530/1/241
f 516/1/359 515/1/359 531/1/359
f 516/1/359 531/1/359 532/1/359
f 515/1/360 517/1/360 533/1/360
f 515/1/360 533/1/360 531/1/360
f 517/1/361 518/1/361 534/1/361
f 517/1/361 534/1/361 533/1/361
f 518/1/362 519/1/362 535/1/362
f 518/1/362 535/1/362 534/1/362
f 519/1/363 520/1/363 536/1/363
f 519/1/363 536/1/363 535/1/363
f 520/1/364 521/1/364 537/1/364
f 520/1/364 537/1/364 536/1/364
f 521/1/365 522/1/365 538/1/365
f 521/1/365 538/1/365 537/1/365
f 522/1/366 523/1/366 539/1/366
f 522/1/366 539/1/366 538/1/366
f 523/1/367 524/1/367 540/1/367
f 523/1/367 540/1/367 539/1/367
f 524/1/368 525/1/368 541/1/368
f 524/1/368 541/1/368 540/1/368
f 525/1/369 526/1/369 542/1/369
f 525/1/369 542/1/369 541/1/369
f 526/1/370 527/1/370 543/1/370
f 526/1/370 543/1/370 542/1/370
f 527/1/371 528/1/371 544/1/371
f 527/1/371 544/1/371 543/1/371
f 528/1/372 529/1/372 545/1/372
f 528/1/372 545/1/372 544/1/372
f 529/1/373 530/1/373 546/1/373
f 529/1/373 546/1/373 545/1/373
f 530/1/374 516/1/374 532/1/374
f 530/1/374 532/1/374 546/1/374
f 532/1/258 531/1/258 484/1/258
f 532/1/258 484/1/258 483/1/258
f 531/1/258 533/1/258 487/1/258
f 531/1/258 487/1/258 484/1/258
f 533/1/258 534/1/258 489/1/258
f 533/1/258 489/1/258 487/1/258
f 534/1/258 535/1/258 491/1/258
f 534/1/258 491/1/258 489/1/258
f 535/1/258 536/1/258 493/1/258
f 535/1/258 493/1/258 491/1/258
f 536/1/258 537/1/258 495/1/258
f 536/1/258 495/1/258 493/1/258
f 537/1/258 538/1/258 497/1/258
f 537/1/258 497/1/258 495/1/258
f 538/1/258 539/1/258 499/1/258
f 538/1/258 499/1/258 497/1/258
f 539/1/258 540/1/258 501/1/258
f 539/1/258 501/1/258 499/1/258
f 540/1/258 541/1/258 503/1/258
f 540/1/258 503/1/258 501/1/258
f 541/1/258 542/1/258 505/1/258
f 541/1/258 505/1/258 503/1/258
f 542/1/258 543/1/258 507/1/258
f 542/1/258 507/1/258 505/1/258
f 543/1/258 544/1/258 509/1/258
f 543/1/258 509/1/258 507/1/258
f 544/1/258 545/1/258 511/1/258
f 544/1/258 511/1/258 509/1/258
f 545/1/258 546/1/258 513/1/258
f 545/1/258 513/1/258 511/1/258
f 546/1/258 532/1/258 483/1/258
f 546/1/258 483/1/258 513/1/258
usemtl mat_0
f 547/1/258 548/1/258 549/1/258
f 549/1/258 550/1/258 551/1/258
f 551/1/258 552/1/258 547/1/258
f 549/1/258 551/1/258 547/1/258
f 553/1/241 554/1/241 555/1/241
f 555/1/241 556/1/241 557/1/241
f 557/1/241 558/1/241 553/1/241
f 555/1/241 557/1/241 553/1/241
f 547/1/375 552/1/375 555/1/375
f 547/1/375 555/1/375 554/1/375
f 552/1/309 551/1/309 556/1/309
f 552/1/309 556/1/309 555/1/309
f 551/1/376 550/1/376 557/1/376
f 551/1/376 557/1/376 556/1/376
f 550/1/377 549/1/377 558/1/377
f 550/1/377 558/1/377 557/1/377
f 549/1/326 548/1/326 553/1/326
f 549/1/326 553/1/326 558/1/326
f 548/1/378 547/1/378 554/1/378
f 548/1/378 554/1/378 553/1/378
f 559/1/258 560/1/258 561/1/258
f 561/1/258 562/1/258 563/1/258
f 563/1/258 564/1/258 559/1/258
f 561/1/258 563/1/258 559/1/258
f 565/1/241 566/1/241 567/1/241
f 567/1/241 568/1/241 569/1/241
f 569/1/241 570/1/241 565/1/241
f 567/1/241 569/1/241 565/1/241
f 559/1/375 564/1/375 567/1/375
f 559/1/375 567/1/375 566/1/375
f 564/1/309 563/1/309 568/1/309
f 564/1/309 568/1/309 567/1/309
f 563/1/376 562/1/376 569/1/376
f 563/1/376 569/1/376 568/1/376
f 562/1/377 561/1/377 570/1/377
f 562/1/377 570/1/377 569/1/377
f 561/1/326 560/1/326 565/1/326
f 561/1/326 565/1/326 570/1/326
f 560/1/378 559/1/378 566/1/378
f 560/1/378 566/1/378 565/1/378
f 571/1/258 572/1/258 573/1/258
f 573/1/258 574/1/258 575/1/258
f 575/1/258 576/1/258 571/1/258
f 573/1/258 575/1/258 571/1/258
f 577/1/241 578/1/241 579/1/241
f 579/1/241 580/1/241 581/1/241
f 581/1/241 582/1/241 577/1/241
f 579/1/241 581/1/241 577/1/241
f 571/1/375 576/1/375 579/1/375
f 571/1/375 579/1/375 578/1/375
f 576/1/309 575/1/309 580/1/309
f 576/1/309 580/1/309 579/1/309
f 575/1/376 574/1/376 581/1/376
f 575/1/376 581/1/376 580/1/376
f 574/1/377 573/1/377 582/1/377
f 574/1/377 582/1/377 581/1/377
f 573/1/326 572/1/326 577/1/326
f 573/1/326 577/1/326 582/1/326
f 572/1/378 571/1/378 578/1/378
f 572/1/378 578/1/378 577/1/378
f 583/1/258 584/1/258 585/1/258
f 585/1/258 586/1/258 587/1/258
f 587/1/258 588/1/258 583/1/258
f 585/1/258 587/1/258 583/1/258
f 589/1/241 590/1/241 591/1/241
f 591/1/241 592/1/241 593/1/241
f 593/1/241 594/1/241 589/1/241
f 591/1/241 593/1/241 589/1/241
f 583/1/375 588/1/375 591/1/375
f 583/1/375 591/1/375 590/1/375
f 588/1/309 587/1/309 592/1/309
f 588/1/309 592/1/309 591/1/309
f 587/1/376 586/1/376 593/1/376
f 587/1/376 593/1/376 592/1/376
f 586/1/377 585/1/377 594/1/377
f 586/1/377 594/1/377 593/1/377
f 585/1/326 584/1/326 589/1/326
f 585/1/326 589/1/326 594/1/326
f 584/1/378 583/1/378 590/1/378
f 584/1/378 590/1/378 589/1/378
f 595/1/334 596/1/334 597/1/334
f 595/1/334 597/1/334 598/1/334
f 596/1/333 599/1/333 600/1/333
f 596/1/333 600/1/333 597/1/333
f 599/1/332 601/1/332 602/1/332
f 599/1/332 602/1/332 600/1/332
f 601/1/331 603/1/331 604/1/331
f 601/1/331 604/1/331 602/1/331
f 603/1/330 605/1/330 606/1/330
f 603/1/330 606/1/330 604/1/330
f 605/1/329 607/1/329 608/1/329
f 605/1/329 608/1/329 606/1/329
f 607/1/328 609/1/328 610/1/328
f 607/1/328 610/1/328 608/1/328
f 609/1/327 611/1/327 612/1/327
f 609/1/327 612/1/327 610/1/327
f 611/1/342 613/1/342 614/1/342
f 611/1/342 614/1/342 612/1/342
f 613/1/341 615/1/341 616/1/341
f 613/1/341 616/1/341 614/1/341
f 615/1/340 617/1/340 618/1/340
f 615/1/340 618/1/340 616/1/340
f 617/1/339 619/1/339 620/1/339
f 617/1/339 620/1/339 618/1/339
f 619/1/338 621/1/338 622/1/338
f 619/1/338 622/1/338 620/1/338
f 621/1/337 623/1/337 624/1/337
f 621/1/337 624/1/337 622/1/337
f 623/1/336 625/1/336 626/1/336
f 623/1/336 626/1/336 624/1/336
f 625/1/335 595/1/335 598/1/335
f 625/1/335 598/1/335 626/1/335
f 598/1/258 597/1/258 211/1/258
f 598/1/258 211/1/258 212/1/258
f 597/1/258 600/1/258 213/1/258
f 597/1/258 213/1/258 211/1/258
f 600/1/258 602/1/258 214/1/258
f 600/1/258 214/1/258 213/1/258
f 602/1/258 604/1/258 215/1/258
f 602/1/258 215/1/258 214/1/258
f 604/1/258 606/1/258 216/1/258
f 604/1/258 216/1/258 215/1/258
f 606/1/258 608/1/258 217/1/258
f 606/1/258 217/1/258 216/1/258
f 608/1/258 610/1/258 218/1/258
f 608/1/258 218/1/258 217/1/258
f 610/1/258 612/1/258 219/1/258
f 610/1/258 219/1/258 218/1/258
f 612/1/258 614/1/258 220/1/258
f 612/1/258 220/1/258 219/1/258
f 614/1/258 616/1/258 221/1/258
f 614/1/258 221/1/258 220/1/258
f 616/1/258 618/1/258 222/1/258
f 616/1/258 222/1/258 221/1/258
f 618/1/258 620/1/258 223/1/258
f 618/1/258 223/1/258 222/1/258
f 620/1/258 622/1/258 224/1/258
f 620/1/258 224/1/258 223/1/258
f 622/1/258 624/1/258 225/1/258
f 622/1/258 225/1/258 224/1/258
f 624/1/258 626/1/258 226/1/258
f 624/1/258 226/1/258 225/1/258
f 626/1/258 598/1/258 212/1/258
f 626/1/258 212/1/258 226/1/258
f 212/1/249 211/1/249 627/1/249
f 212/1/249 627/1/249 628/1/249
f 211/1/248 213/1/248 629/1/248
f 211/1/248 629/1/248 627/1/248
f 213/1/247 214/1/247 630/1/247
f 213/1/247 630/1/247 629/1/247
f 214/1/246 215/1/246 631/1/246
f 214/1/246 631/1/246 630/1/246
f 215/1/245 216/1/245 632/1/245
f 215/1/245 632/1/245 631/1/245
f 216/1/244 217/1/244 633/1/244
f 216/1/244 633/1/244 632/1/244
f 217/1/243 218/1/243 634/1/243
f 217/1/243 634/1/243 633/1/243
f 218/1/242 219/1/242 635/1/242
f 218/1/242 635/1/242 634/1/242
f 219/1/257 220/1/257 636/1/257
f 219/1/257 636/1/257 635/1/257
f 220/1/256 221/1/256 637/1/256
f 220/1/256 637/1/256 636/1/256
f 221/1/255 222/1/255 638/1/255
f 221/1/255 638/1/255 637/1/255
f 222/1/254 223/1/254 639/1/254
f 222/1/254 639/1/254 638/1/254
f 223/1/253 224/1/253 640/1/253
f 223/1/253 640/1/253 639/1/253
f 224/1/252 225/1/252 641/1/252
f 224/1/252 641/1/252 640/1/252
f 225/1/251 226/1/251 642/1/251
f 225/1/251 642/1/251 641/1/251
f 226/1/250 212/1/250 628/1/250
f 226/1/250 628/1/250 642/1/250
f 628/1/241 627/1/241 596/1/241
f 628/1/241 596/1/241 595/1/241
f 627/1/241 629/1/241 599/1/241
f 627/1/241 599/1/241 596/1/241
f 629/1/241 630/1/241 601/1/241
f 629/1/241 601/1/241 599/1/241
f 630/1/241 631/1/241 603/1/241
f 630/1/241 603/1/241 601/1/241
f 631/1/241 632/1/241 605/1/241
f 631/1/241 605/1/241 603/1/241
f 632/1/241 633/1/241 607/1/241
f 632/1/241 607/1/241 605/1/241
f 633/1/241 634/1/241 609/1/241
f 633/1/241 609/1/241 607/1/241
f 634/1/241 635/1/241 611/1/241
f 634/1/241 611/1/241 609/1/241
f 635/1/241 636/1/241 613/1/241
f 635/1/241 613/1/241 611/1/241
f 636/1/241 637/1/241 615/1/241
f 636/1/241 615/1/241 613/1/241
f 637/1/241 638/1/241 617/1/241
f 637/1/241 617/1/241 615/1/241
f 638/1/241 639/1/241 619/1/241
f 638/1/241 619/1/241 617/1/241
f 639/1/241 640/1/241 621/1/241
f 639/1/241 621/1/241 619/1/241
f 640/1/241 641/1/241 623/1/241
f 640/1/241 623/1/241 621/1/241
f 641/1/241 642/1/241 625/1/241
f 641/1/241 625/1/241 623/1/241
f 642/1/241 628/1/241 595/1/241
f 642/1/241 595/1/241 625/1/241
usemtl mat_1
f 643/1/350 644/1/350 645/1/350
f 643/1/350 645/1/350 646/1/350
f 644/1/349 647/1/349 648/1/349
f 644/1/349 648/1/349 645/1/349
f 647/1/348 649/1/348 650/1/348
f 647/1/348 650/1/348 648/1/348
f 649/1/347 651/1/347 652/1/347
f 649/1/347 652/1/347 650/1/347
f 651/1/346 653/1/346 654/1/346
f 651/1/346 654/1/346 652/1/346
f 653/1/345 655/1/345 656/1/345
f 653/1/345 656/1/345 654/1/345
f 655/1/344 657/1/344 658/1/344
f 655/1/344 658/1/344 656/1/344
f 657/1/343 659/1/343 660/1/343
f 657/1/343 660/1/343 658/1/343
f 659/1/358 661/1/358 662/1/358
f 659/1/358 662/1/358 660/1/358
f 661/1/357 663/1/357 664/1/357
f 661/1/357 664/1/357 662/1/357
f 663/1/356 665/1/356 666/1/356
f 663/1/356 666/1/356 664/1/356
f 665/1/355 667/1/355 668/1/355
f 665/1/355 668/1/355 666/1/355
f 667/1/354 669/1/354 670/1/354
f 667/1/354 670/1/354 668/1/354
f 669/1/353 671/1/353 672/1/353
f 669/1/353 672/1/353 670/1/353
f 671/1/352 673/1/352 674/1/352
f 671/1/352 674/1/352 672/1/352
f 673/1/351 643/1/351 646/1/351
f 673/1/351 646/1/351 674/1/351
f 646/1/258 645/1/258 675/1/258
f 646/1/258 675/1/258 676/1/258
f 645/1/258 648/1/258 677/1/258
f 645/1/258 677/1/258 675/1/258
f 648/1/258 650/1/258 678/1/258
f 648/1/258 678/1/258 677/1/258
f 650/1/258 652/1/258 679/1/258
f 650/1/258 679/1/258 678/1/258
f 652/1/258 654/1/258 680/1/258
f 652/1/258 680/1/258 679/1/258
f 654/1/258 656/1/258 681/1/258
f 654/1/258 681/1/258 680/1/258
f 656/1/258 658/1/258 682/1/258
f 656/1/258 682/1/258 681/1/258
f 658/1/258 660/1/258 683/1/258
f 658/1/258 683/1/258 682/1/258
f 660/1/258 662/1/258 684/1/258
f 660/1/258 684/1/258 683/1/258
f 662/1/258 664/1/258 685/1/258
f 662/1/258 685/1/258 684/1/258
f 664/1/258 666/1/258 686/1/258
f 664/1/258 686/1/258 685/1/258
f 666/1/258 668/1/258 687/1/258
f 666/1/258 687/1/258 686/1/258
f 668/1/258 670/1/258 688/1/258
f 668/1/258 688/1/258 687/1/258
f 670/1/258 672/1/258 689/1/258
f 670/1/258 689/1/258 688/1/258
f 672/1/258 674/1/258 690/1/258
f 672/1/258 690/1/258 689/1/258
f 674/1/258 646/1/258 676/1/258
f 674/1/258 676/1/258 690/1/258
f 676/1/366 675/1/366 691/1/366
f 676/1/366 691/1/366 692/1/366
f 675/1/365 677/1/365 693/1/365
f 675/1/365 693/1/365 691/1/365
f 677/1/364 678/1/364 694/1/364
f 677/1/364 694/1/364 693/1/364
f 678/1/363 679/1/363 695/1/363
f 678/1/363 695/1/363 694/1/363
f 679/1/362 680/1/362 696/1/362
f 679/1/362 696/1/362 695/1/362
f 680/1/361 681/1/361 697/1/361
f 680/1/361 697/1/361 696/1/361
f 681/1/360 682/1/360 698/1/360
f 681/1/360 698/1/360 697/1/360
f 682/1/359 683/1/359 699/1/359
f 682/1/359 699/1/359 698/1/359
f 683/1/374 684/1/374 700/1/374
f 683/1/374 700/1/374 699/1/374
f 684/1/373 685/1/373 701/1/373
f 684/1/373 701/1/373 700/1/373
f 685/1/372 686/1/372 702/1/372
f 685/1/372 702/1/372 701/1/372
f 686/1/371 687/1/371 703/1/371
f 686/1/371 703/1/371 702/1/371
f 687/1/370 688/1/370 704/1/370
f 687/1/370 704/1/370 703/1/370
f 688/1/369 689/1/369 705/1/369
f 688/1/369 705/1/369 704/1/369
f 689/1/368 690/1/368 706/1/368
f 689/1/368 706/1/368 705/1/368
f 690/1/367 676/1/367 692/1/367
f 690/1/367 692/1/367 706/1/367
f 692/1/241 691/1/241 644/1/241
f 692/1/241 644/1/241 643/1/241
f 691/1/241 693/1/241 647/1/241
f 691/1/241 647/1/241 644/1/241
f 693/1/241 694/1/241 649/1/241
f 693/1/241 649/1/241 647/1/241
f 694/1/241 695/1/241 651/1/241
f 694/1/241 651/1/241 649/1/241
f 695/1/241 696/1/241 653/1/241
f 695/1/241 653/1/241 651/1/241
f 696/1/241 697/1/241 655/1/241
f 696/1/241 655/1/241 653/1/241
f 697/1/241 698/1/241 657/1/241
f 697/1/241 657/1/241 655/1/241
f 698/1/241 699/1/241 659/1/241
f 698/1/241 659/1/241 657/1/241
f 699/1/241 700/1/241 661/1/241
f 699/1/241 661/1/241 659/1/241
f 700/1/241 701/1/241 663/1/241
f 700/1/241 663/1/241 661/1/241
f 701/1/241 702/1/241 665/1/241
f 701/1/241 665/1/241 663/1/241
f 702/1/241 703/1/241 667/1/241
f 702/1/241 667/1/241 665/1/241
f 703/1/241 704/1/241 669/1/241
f 703/1/241 669/1/241 667/1/241
f 704/1/241 705/1/241 671/1/241
f 704/1/241 671/1/241 669/1/241
f 705/1/241 706/1/241 673/1/241
f 705/1/241 673/1/241 671/1/241
f 706/1/241 692/1/241 643/1/241
f 706/1/241 643/1/241 673/1/241
usemtl mat_0
f 707/1/241 708/1/241 709/1/241
f 709/1/241 710/1/241 711/1/241
f 711/1/241 712/1/241 707/1/241
f 709/1/241 711/1/241 707/1/241
f 713/1/258 714/1/258 715/1/258
f 715/1/258 716/1/258 717/1/258
f 717/1/258 718/1/258 713/1/258
f 715/1/258 717/1/258 713/1/258
f 707/1/376 712/1/376 715/1/376
f 707/1/376 715/1/376 714/1/376
f 712/1/309 711/1/309 716/1/309
f 712/1/309 716/1/309 715/1/309
f 711/1/375 710/1/375 717/1/375
f 711/1/375 717/1/375 716/1/375
f 710/1/378 709/1/378 718/1/378
f 710/1/378 718/1/378 717/1/378
f 709/1/326 708/1/326 713/1/326
f 709/1/326 713/1/326 718/1/326
f 708/1/377 707/1/377 714/1/377
f 708/1/377 714/1/377 713/1/377
f 719/1/241 720/1/241 721/1/241
f 721/1/241 722/1/241 723/1/241
f 723/1/241 724/1/241 719/1/241
f 721/1/241 723/1/241 719/1/241
f 725/1/258 726/1/258 727/1/258
f 727/1/258 728/1/258 729/1/258
f 729/1/258 730/1/258 725/1/258
f 727/1/258 729/1/258 725/1/258
f 719/1/376 724/1/376 727/1/376
f 719/1/376 727/1/376 726/1/376
f 724/1/309 723/1/309 728/1/309
f 724/1/309 728/1/309 727/1/309
f 723/1/375 722/1/375 729/1/375
f 723/1/375 729/1/375 728/1/375
f 722/1/378 721/1/378 730/1/378
f 722/1/378 730/1/378 729/1/378
f 721/1/326 720/1/326 725/1/326
f 721/1/326 725/1/326 730/1/326
f 720/1/377 719/1/377 726/1/377
f 720/1/377 726/1/377 725/1/377
f 731/1/241 732/1/241 733/1/241
f 733/1/241 734/1/241 735/1/241
f 735/1/241 736/1/241 731/1/241
f 733/1/241 735/1/241 731/1/241
f 737/1/258 738/1/258 739/1/258
f 739/1/258 740/1/258 741/1/258
f 741/1/258 742/1/258 737/1/258
f 739/1/258 741/1/258 737/1/258
f 731/1/376 736/1/376 739/1/376
f 731/1/376 739/1/376 738/1/376
f 736/1/309 735/1/309 740/1/309
f 736/1/309 740/1/309 739/1/309
f 735/1/375 734/1/375 741/1/375
f 735/1/375 741/1/375 740/1/375
f 734/1/378 733/1/378 742/1/378
f 734/1/378 742/1/378 741/1/378
f 733/1/326 732/1/326 737/1/326
f 733/1/326 737/1/326 742/1/326
f 732/1/377 731/1/377 738/1/377
f 732/1/377 738/1/377 737/1/377
f 743/1/241 744/1/241 745/1/241
f 745/1/241 746/1/241 747/1/241
f 747/1/241 748/1/241 743/1/241
f 745/1/241 747/1/241 743/1/241
f 749/1/258 750/1/258 751/1/258
f 751/1/258 752/1/258 753/1/258
f 753/1/258 754/1/258 749/1/258
f 751/1/258 753/1/258 749/1/258
f 743/1/376 748/1/376 751/1/376
f 743/1/376 751/1/376 750/1/376
f 748/1/309 747/1/309 752/1/309
f 748/1/309 752/1/309 751/1/309
f 747/1/375 746/1/375 753/1/375
f 747/1/375 753/1/375 752/1/375
f 746/1/378 745/1/378 754/1/378
f 746/1/378 754/1/378 753/1/378
f 745/1/326 744/1/326 749/1/326
f 745/1/326 749/1/326 754/1/326
f 744/1/377 743/1/377 750/1/377
f 744/1/377 750/1/377 749/1/377
f 755/1/379 756/1/379 757/1/379
f 755/1/379 757/1/379 758/1/379
f 756/1/380 759/1/380 760/1/380
f 756/1/380 760/1/380 757/1/380
f 759/1/381 761/1/381 762/1/381
f 759/1/381 762/1/381 760/1/381
f 761/1/382 763/1/382 764/1/382
f 761/1/382 764/1/382 762/1/382
f 763/1/383 765/1/383 766/1/383
f 763/1/383 766/1/383 764/1/383
f 765/1/384 767/1/384 768/1/384
f 765/1/384 768/1/384 766/1/384
f 767/1/385 769/1/385 770/1/385
f 767/1/385 770/1/385 768/1/385
f 769/1/386 771/1/386 772/1/386
f 769/1/386 772/1/386 770/1/386
f 771/1/387 773/1/387 774/1/387
f 771/1/387 774/1/387 772/1/387
f 773/1/388 775/1/388 776/1/388
f 773/1/388 776/1/388 774/1/388
f 775/1/389 777/1/389 778/1/389
f 775/1/389 778/1/389 776/1/389
f 777/1/390 779/1/390 780/1/390
f 777/1/390 780/1/390 778/1/390
f 779/1/391 781/1/391 782/1/391
f 779/1/391 782/1/391 780/1/391
f 781/1/392 783/1/392 784/1/392
f 781/1/392 784/1/392 782/1/392
f 783/1/393 785/1/393 786/1/393
f 783/1/393 786/1/393 784/1/393
f 785/1/394 755/1/394 758/1/394
f 785/1/394 758/1/394 786/1/394
f 758/1/275 757/1/275 275/1/275
f 758/1/275 275/1/275 276/1/275
f 757/1/275 760/1/275 277/1/275
f 757/1/275 277/1/275 275/1/275
f 760/1/275 762/1/275 278/1/275
f 760/1/275 278/1/275 277/1/275
f 762/1/275 764/1/275 279/1/275
f 762/1/275 279/1/275 278/1/275
f 764/1/275 766/1/275 280/1/275
f 764/1/275 280/1/275 279/1/275
f 766/1/275 768/1/275 281/1/275
f 766/1/275 281/1/275 280/1/275
f 768/1/275 770/1/275 282/1/275
f 768/1/275 282/1/275 281/1/275
f 770/1/275 772/1/275 283/1/275
f 770/1/275 283/1/275 282/1/275
f 772/1/275 774/1/275 284/1/275
f 772/1/275 284/1/275 283/1/275
f 774/1/275 776/1/275 285/1/275
f 774/1/275 285/1/275 284/1/275
f 776/1/275 778/1/275 286/1/275
f 776/1/275 286/1/275 285/1/275
f 778/1/275 780/1/275 287/1/275
f 778/1/275 287/1/275 286/1/275
f 780/1/275 782/1/275 288/1/275
f 780/1/275 288/1/275 287/1/275
f 782/1/275 784/1/275 289/1/275
f 782/1/275 289/1/275 288/1/275
f 784/1/275 786/1/275 290/1/275
f 784/1/275 290/1/275 289/1/275
f 786/1/275 758/1/275 276/1/275
f 786/1/275 276/1/275 290/1/275
f 276/1/276 275/1/276 787/1/276
f 276/1/276 787/1/276 788/1/276
f 275/1/277 277/1/277 789/1/277
f 275/1/277 789/1/277 787/1/277
f 277/1/278 278/1/278 790/1/278
f 277/1/278 790/1/278 789/1/278
f 278/1/279 279/1/279 791/1/279
f 278/1/279 791/1/279 790/1/279
f 279/1/280 280/1/280 792/1/280
f 279/1/280 792/1/280 791/1/280
f 280/1/281 281/1/281 793/1/281
f 280/1/281 793/1/281 792/1/281
f 281/1/282 282/1/282 794/1/282
f 281/1/282 794/1/282 793/1/282
f 282/1/283 283/1/283 795/1/283
f 282/1/283 795/1/283 794/1/283
f 283/1/284 284/1/284 796/1/284
f 283/1/284 796/1/284 795/1/284
f 284/1/285 285/1/285 797/1/285
f 284/1/285 797/1/285 796/1/285
f 285/1/286 286/1/286 798/1/286
f 285/1/286 798/1/286 797/1/286
f 286/1/287 287/1/287 799/1/287
f 286/1/287 799/1/287 798/1/287
f 287/1/288 288/1/288 800/1/288
f 287/1/288 800/1/288 799/1/288
f 288/1/289 289/1/289 801/1/289
f 288/1/289 801/1/289 800/1/289
f 289/1/290 290/1/290 802/1/290
f 289/1/290 802/1/290 801/1/290
f 290/1/291 276/1/291 788/1/291
f 290/1/291 788/1/291 802/1/291
f 788/1/292 787/1/292 756/1/292
f 788/1/292 756/1/292 755/1/292
f 787/1/292 789/1/292 759/1/292
f 787/1/292 759/1/292 756/1/292
f 789/1/292 790/1/292 761/1/292
f 789/1/292 761/1/292 759/1/292
f 790/1/292 791/1/292 763/1/292
f 790/1/292 763/1/292 761/1/292
f 791/1/292 792/1/292 765/1/292
f 791/1/292 765/1/292 763/1/292
f 792/1/292 793/1/292 767/1/292
f 792/1/292 767/1/292 765/1/292
f 793/1/292 794/1/292 769/1/292
f 793/1/292 769/1/292 767/1/292
f 794/1/292 795/1/292 771/1/292
f 794/1/292 771/1/292 769/1/292
f 795/1/292 796/1/292 773/1/292
f 795/1/292 773/1/292 771/1/292
f 796/1/292 797/1/292 775/1/292
f 796/1/292 775/1/292 773/1/292
f 797/1/292 798/1/292 777/1/292
f 797/1/292 777/1/292 775/1/292
f 798/1/292 799/1/292 779/1/292
f 798/1/292 779/1/292 777/1/292
f 799/1/292 800/1/292 781/1/292
f 799/1/292 781/1/292 779/1/292
f 800/1/292 801/1/292 783/1/292
f 800/1/292 783/1/292 781/1/292
f 801/1/292 802/1/292 785/1/292
f 801/1/292 785/1/292 783/1/292
f 802/1/292 788/1/292 755/1/292
f 802/1/292 755/1/292 785/1/292
usemtl mat_1
f 803/1/395 804/1/395 805/1/395
f 803/1/395 805/1/395 806/1/395
f 804/1/396 807/1/396 808/1/396
f 804/1/396 808/1/396 805/1/396
f 807/1/397 809/1/397 810/1/397
f 807/1/397 810/1/397 808/1/397
f 809/1/398 811/1/398 812/1/398
f 809/1/398 812/1/398 810/1/398
f 811/1/399 813/1/399 814/1/399
f 811/1/399 814/1/399 812/1/399
f 813/1/400 815/1/400 816/1/400
f 813/1/400 816/1/400 814/1/400
f 815/1/401 817/1/401 818/1/401
f 815/1/401 818/1/401 816/1/401
f 817/1/402 819/1/402 820/1/402
f 817/1/402 820/1/402 818/1/402
f 819/1/403 821/1/403 822/1/403
f 819/1/403 822/1/403 820/1/403
f 821/1/404 823/1/404 824/1/404
f 821/1/404 824/1/404 822/1/404
f 823/1/405 825/1/405 826/1/405
f 823/1/405 826/1/405 824/1/405
f 825/1/406 827/1/406 828/1/406
f 825/1/406 828/1/406 826/1/406
f 827/1/407 829/1/407 830/1/407
f 827/1/407 830/1/407 828/1/407
f 829/1/408 831/1/408 832/1/408
f 829/1/408 832/1/408 830/1/408
f 831/1/409 833/1/409 834/1/409
f 831/1/409 834/1/409 832/1/409
f 833/1/410 803/1/410 806/1/410
f 833/1/410 806/1/410 834/1/410
f 806/1/275 805/1/275 835/1/275
f 806/1/275 835/1/275 836/1/275
f 805/1/275 808/1/275 837/1/275
f 805/1/275 837/1/275 835/1/275
f 808/1/275 810/1/275 838/1/275
f 808/1/275 838/1/275 837/1/275
f 810/1/275 812/1/275 839/1/275
f 810/1/275 839/1/275 838/1/275
f 812/1/275 814/1/275 840/1/275
f 812/1/275 840/1/275 839/1/275
f 814/1/275 816/1/275 841/1/275
f 814/1/275 841/1/275 840/1/275
f 816/1/275 818/1/275 842/1/275
f 816/1/275 842/1/275 841/1/275
f 818/1/275 820/1/275 843/1/275
f 818/1/275 843/1/275 842/1/275
f 820/1/275 822/1/275 844/1/275
f 820/1/275 844/1/275 843/1/275
f 822/1/275 824/1/275 845/1/275
f 822/1/275 845/1/275 844/1/275
f 824/1/275 826/1/275 846/1/275
f 824/1/275 846/1/275 845/1/275
f 826/1/275 828/1/275 847/1/275
f 826/1/275 847/1/275 846/1/275
f 828/1/275 830/1/275 848/1/275
f 828/1/275 848/1/275 847/1/275
f 830/1/275 832/1/275 849/1/275
f 830/1/275 849/1/275 848/1/275
f 832/1/275 834/1/275 850/1/275
f 832/1/275 850/1/275 849/1/275
f 834/1/275 806/1/275 836/1/275
f 834/1/275 836/1/275 850/1/275
f 836/1/411 835/1/411 851/1/411
f 836/1/411 851/1/411 852/1/411
f 835/1/412 837/1/412 853/1/412
f 835/1/412 853/1/412 851/1/412
f 837/1/413 838/1/413 854/1/413
f 837/1/413 854/1/413 853/1/413
f 838/1/414 839/1/414 855/1/414
f 838/1/414 855/1/414 854/1/414
f 839/1/415 840/1/415 856/1/415
f 839/1/415 856/1/415 855/1/415
f 840/1/416 841/1/416 857/1/416
f 840/1/416 857/1/416 856/1/416
f 841/1/417 842/1/417 858/1/417
f 841/1/417 858/1/417 857/1/417
f 842/1/418 843/1/418 859/1/418
f 842/1/418 859/1/418 858/1/418
f 843/1/419 844/1/419 860/1/419
f 843/1/419 860/1/419 859/1/419
f 844/1/420 845/1/420 861/1/420
f 844/1/420 861/1/420 860/1/420
f 845/1/421 846/1/421 862/1/421
f 845/1/421 862/1/421 861/1/421
f 846/1/422 847/1/422 863/1/422
f 846/1/422 863/1/422 862/1/422
f 847/1/423 848/1/423 864/1/423
f 847/1/423 864/1/423 863/1/423
f 848/1/424 849/1/424 865/1/424
f 848/1/424 865/1/424 864/1/424
f 849/1/425 850/1/425 866/1/425
f 849/1/425 866/1/425 865/1/425
f 850/1/426 836/1/426 852/1/426
f 850/1/426 852/1/426 866/1/426
f 852/1/292 851/1/292 804/1/292
f 852/1/292 804/1/292 803/1/292
f 851/1/292 853/1/292 807/1/292
f 851/1/292 807/1/292 804/1/292
f 853/1/292 854/1/292 809/1/292
f 853/1/292 809/1/292 807/1/292
f 854/1/292 855/1/292 811/1/292
f 854/1/292 811/1/292 809/1/292
f 855/1/292 856/1/292 813/1/292
f 855/1/292 813/1/292 811/1/292
f 856/1/292 857/1/292 815/1/292
f 856/1/292 815/1/292 813/1/292
f 857/1/292 858/1/292 817/1/292
f 857/1/292 817/1/292 815/1/292
f 858/1/292 859/1/292 819/1/292
f 858/1/292 819/1/292 817/1/292
f 859/1/292 860/1/292 821/1/292
f 859/1/292 821/1/292 819/1/292
f 860/1/292 861/1/292 823/1/292
f 860/1/292 823/1/292 821/1/292
f 861/1/292 862/1/292 825/1/292
f 861/1/292 825/1/292 823/1/292
f 862/1/292 863/1/292 827/1/292
f 862/1/292 827/1/292 825/1/292
f 863/1/292 864/1/292 829/1/292
f 863/1/292 829/1/292 827/1/292
f 864/1/292 865/1/292 831/1/292
f 864/1/292 831/1/292 829/1/292
f 865/1/292 866/1/292 833/1/292
f 865/1/292 833/1/292 831/1/292
f 866/1/292 852/1/292 803/1/292
f 866/1/292 803/1/292 833/1/292
usemtl mat_0
f 867/1/292 868/1/292 869/1/292
f 869/1/292 870/1/292 871/1/292
f 871/1/292 872/1/292 867/1/292
f 869/1/292 871/1/292 867/1/292
f 873/1/275 874/1/275 875/1/275
f 875/1/275 876/1/275 877/1/275
f 877/1/275 878/1/275 873/1/275
f 875/1/275 877/1/275 873/1/275
f 867/1/427 872/1/427 875/1/427
f 867/1/427 875/1/427 874/1/427
f 872/1/241 871/1/241 876/1/241
f 872/1/241 876/1/241 875/1/241
f 871/1/428 870/1/428 877/1/428
f 871/1/428 877/1/428 876/1/428
f 870/1/429 869/1/429 878/1/429
f 870/1/429 878/1/429 877/1/429
f 869/1/258 868/1/258 873/1/258
f 869/1/258 873/1/258 878/1/258
f 868/1/430 867/1/430 874/1/430
f 868/1/430 874/1/430 873/1/430
f 879/1/292 880/1/292 881/1/292
f 881/1/292 882/1/292 883/1/292
f 883/1/292 884/1/292 879/1/292
f 881/1/292 883/1/292 879/1/292
f 885/1/275 886/1/275 887/1/275
f 887/1/275 888/1/275 889/1/275
f 889/1/275 890/1/275 885/1/275
f 887/1/275 889/1/275 885/1/275
f 879/1/427 884/1/427 887/1/427
f 879/1/427 887/1/427 886/1/427
f 884/1/241 883/1/241 888/1/241
f 884/1/241 888/1/241 887/1/241
f 883/1/428 882/1/428 889/1/428
f 883/1/428 889/1/428 888/1/428
f 882/1/429 881/1/429 890/1/429
f 882/1/429 890/1/429 889/1/429
f 881/1/258 880/1/258 885/1/258
f 881/1/258 885/1/258 890/1/258
f 880/1/430 879/1/430 886/1/430
f 880/1/430 886/1/430 885/1/430
f 891/1/292 892/1/292 893/1/292
f 893/1/292 894/1/292 895/1/292
f 895/1/292 896/1/292 891/1/292
f 893/1/292 895/1/292 891/1/292
f 897/1/275 898/1/275 899/1/275
f 899/1/275 900/1/275 901/1/275
f 901/1/275 902/1/275 897/1/275
f 899/1/275 901/1/275 897/1/275
f 891/1/427 896/1/427 899/1/427
f 891/1/427 899/1/427 898/1/427
f 896/1/241 895/1/241 900/1/241
f 896/1/241 900/1/241 899/1/241
f 895/1/428 894/1/428 901/1/428
f 895/1/428 901/1/428 900/1/428
f 894/1/429 893/1/429 902/1/429
f 894/1/429 902/1/429 901/1/429
f 893/1/258 892/1/258 897/1/258
f 893/1/258 897/1/258 902/1/258
f 892/1/430 891/1/430 898/1/430
f 892/1/430 898/1/430 897/1/430
f 903/1/292 904/1/292 905/1/292
f 905/1/292 906/1/292 907/1/292
f 907/1/292 908/1/292 903/1/292
f 905/1/292 907/1/292 903/1/292
f 909/1/275 910/1/275 911/1/275
f 911/1/275 912/1/275 913/1/275
f 913/1/275 914/1/275 909/1/275
f 911/1/275 913/1/275 909/1/275
f 903/1/427 908/1/427 911/1/427
f 903/1/427 911/1/427 910/1/427
f 908/1/241 907/1/241 912/1/241
f 908/1/241 912/1/241 911/1/241
f 907/1/428 906/1/428 913/1/428
f 907/1/428 913/1/428 912/1/428
f 906/1/429 905/1/429 914/1/429
f 906/1/429 914/1/429 913/1/429
f 905/1/258 904/1/258 909/1/258
f 905/1/258 909/1/258 914/1/258
f 904/1/430 903/1/430 910/1/430
f 904/1/430 910/1/430 909/1/430
f 915/1/431 916/1/431 917/1/431
f 915/1/431 917/1/431 918/1/431
f 916/1/432 919/1/432 920/1/432
f 916/1/432 920/1/432 917/1/432
f 919/1/433 921/1/433 922/1/433
f 919/1/433 922/1/433 920/1/433
f 921/1/434 923/1/434 924/1/434
f 921/1/434 924/1/434 922/1/434
f 923/1/435 925/1/435 926/1/435
f 923/1/435 926/1/435 924/1/435
f 925/1/436 927/1/436 928/1/436
f 925/1/436 928/1/436 926/1/436
f 927/1/437 929/1/437 930/1/437
f 927/1/437 930/1/437 928/1/437
f 929/1/438 931/1/438 932/1/438
f 929/1/438 932/1/438 930/1/438
f 931/1/439 933/1/439 934/1/439
f 931/1/439 934/1/439 932/1/439
f 933/1/440 935/1/440 936/1/440
f 933/1/440 936/1/440 934/1/440
f 935/1/441 937/1/441 938/1/441
f 935/1/441 938/1/441 936/1/441
f 937/1/442 939/1/442 940/1/442
f 937/1/442 940/1/442 938/1/442
f 939/1/443 941/1/443 942/1/443
f 939/1/443 942/1/443 940/1/443
f 941/1/444 943/1/444 944/1/444
f 941/1/444 944/1/444 942/1/444
f 943/1/445 945/1/445 946/1/445
f 943/1/445 946/1/445 944/1/445
f 945/1/446 915/1/446 918/1/446
f 945/1/446 918/1/446 946/1/446
f 918/1/309 917/1/309 339/1/309
f 918/1/309 339/1/309 340/1/309
f 917/1/309 920/1/309 341/1/309
f 917/1/309 341/1/309 339/1/309
f 920/1/309 922/1/309 342/1/309
f 920/1/309 342/1/309 341/1/309
f 922/1/309 924/1/309 343/1/309
f 922/1/309 343/1/309 342/1/309
f 924/1/309 926/1/309 344/1/309
f 924/1/309 344/1/309 343/1/309
f 926/1/309 928/1/309 345/1/309
f 926/1/309 345/1/309 344/1/309
f 928/1/309 930/1/309 346/1/309
f 928/1/309 346/1/309 345/1/309
f 930/1/309 932/1/309 347/1/309
f 930/1/309 347/1/309 346/1/309
f 932/1/309 934/1/309 348/1/309
f 932/1/309 348/1/309 347/1/309
f 934/1/309 936/1/309 349/1/309
f 934/1/309 349/1/309 348/1/309
f 936/1/309 938/1/309 350/1/309
f 936/1/309 350/1/309 349/1/309
f 938/1/309 940/1/309 351/1/309
f 938/1/309 351/1/309 350/1/309
f 940/1/309 942/1/309 352/1/309
f 940/1/309 352/1/309 351/1/309
f 942/1/309 944/1/309 353/1/309
f 942/1/309 353/1/309 352/1/309
f 944/1/309 946/1/309 354/1/309
f 944/1/309 354/1/309 353/1/309
f 946/1/309 918/1/309 340/1/309
f 946/1/309 340/1/309 354/1/309
f 340/1/310 339/1/310 947/1/310
f 340/1/310 947/1/310 948/1/310
f 339/1/311 341/1/311 949/1/311
f 339/1/311 949/1/311 947/1/311
f 341/1/312 342/1/312 950/1/312
f 341/1/312 950/1/312 949/1/312
f 342/1/313 343/1/313 951/1/313
f 342/1/313 951/1/313 950/1/313
f 343/1/314 344/1/314 952/1/314
f 343/1/314 952/1/314 951/1/314
f 344/1/315 345/1/315 953/1/315
f 344/1/315 953/1/315 952/1/315
f 345/1/316 346/1/316 954/1/316
f 345/1/316 954/1/316 953/1/316
f 346/1/317 347/1/317 955/1/317
f 346/1/317 955/1/317 954/1/317
f 347/1/318 348/1/318 956/1/318
f 347/1/318 956/1/318 955/1/318
f 348/1/319 349/1/319 957/1/319
f 348/1/319 957/1/319 956/1/319
f 349/1/320 350/1/320 958/1/320
f 349/1/320 958/1/320 957/1/320
f 350/1/321 351/1/321 959/1/321
f 350/1/321 959/1/321 958/1/321
f 351/1/322 352/1/322 960/1/322
f 351/1/322 960/1/322 959/1/322
f 352/1/323 353/1/323 961/1/323
f 352/1/323 961/1/323 960/1/323
f 353/1/324 354/1/324 962/1/324
f 353/1/324 962/1/324 961/1/324
f 354/1/325 340/1/325 948/1/325
f 354/1/325 948/1/325 962/1/325
f 948/1/326 947/1/326 916/1/326
f 948/1/326 916/1/326 915/1/326
f 947/1/326 949/1/326 919/1/326
f 947/1/326 919/1/326 916/1/326
f 949/1/326 950/1/326 921/1/326
f 949/1/326 921/1/326 919/1/326
f 950/1/326 951/1/326 923/1/326
f 950/1/326 923/1/326 921/1/326
f 951/1/326 952/1/326 925/1/326
f 951/1/326 925/1/326 923/1/326
f 952/1/326 953/1/326 927/1/326
f 952/1/326 927/1/326 925/1/326
f 953/1/326 954/1/326 929/1/326
f 953/1/326 929/1/326 927/1/326
f 954/1/326 955/1/326 931/1/326
f 954/1/326 931/1/326 929/1/326
f 955/1/326 956/1/326 933/1/326
f 955/1/326 933/1/326 931/1/326
f 956/1/326 957/1/326 935/1/326
f 956/1/326 935/1/326 933/1/326
f 957/1/326 958/1/326 937/1/326
f 957/1/326 937/1/326 935/1/326
f 958/1/326 959/1/326 939/1/326
f 958/1/326 939/1/326 937/1/326
f 959/1/326 960/1/326 941/1/326
f 959/1/326 941/1/326 939/1/326
f 960/1/326 961/1/326 943/1/326
f 960/1/326 943/1/326 941/1/326
f 961/1/326 962/1/326 945/1/326
f 961/1/326 945/1/326 943/1/326
f 962/1/326 948/1/326 915/1/326
f 962/1/326 915/1/326 945/1/326
usemtl mat_1
f 963/1/447 964/1/447 965/1/447
f 963/1/447 965/1/447 966/1/447
f 964/1/448 967/1/448 968/1/448
f 964/1/448 968/1/448 965/1/448
f 967/1/449 969/1/449 970/1/449
f 967/1/449 970/1/449 968/1/449
f 969/1/450 971/1/450 972/1/450
f 969/1/450 972/1/450 970/1/450
f 971/1/451 973/1/451 974/1/451
f 971/1/451 974/1/451 972/1/451
f 973/1/452 975/1/452 976/1/452
f 973/1/452 976/1/452 974/1/452
f 975/1/453 977/1/453 978/1/453
f 975/1/453 978/1/453 976/1/453
f 977/1/454 979/1/454 980/1/454
f 977/1/454 980/1/454 978/1/454
f 979/1/455 981/1/455 982/1/455
f 979/1/455 982/1/455 980/1/455
f 981/1/456 983/1/456 984/1/456
f 981/1/456 984/1/456 982/1/456
f 983/1/457 985/1/457 986/1/457
f 983/1/457 986/1/457 984/1/457
f 985/1/458 987/1/458 988/1/458
f 985/1/458 988/1/458 986/1/458
f 987/1/459 989/1/459 990/1/459
f 987/1/459 990/1/459 988/1/459
f 989/1/460 991/1/460 992/1/460
f 989/1/460 992/1/460 990/1/460
f 991/1/461 993/1/461 994/1/461
f 991/1/461 994/1/461 992/1/461
f 993/1/462 963/1/462 966/1/462
f 993/1/462 966/1/462 994/1/462
f 966/1/309 965/1/309 995/1/309
f 966/1/309 995/1/309 996/1/309
f 965/1/309 968/1/309 997/1/309
f 965/1/309 997/1/309 995/1/309
f 968/1/309 970/1/309 998/1/309
f 968/1/309 998/1/309 997/1/309
f 970/1/309 972/1/309 999/1/309
f 970/1/309 999/1/309 998/1/309
f 972/1/309 974/1/309 1000/1/309
f 972/1/309 1000/1/309 999/1/309
f 974/1/309 976/1/309 1001/1/309
f 974/1/309 1001/1/309 1000/1/309
f 976/1/309 978/1/309 1002/1/309
f 976/1/309 1002/1/309 1001/1/309
f 978/1/309 980/1/309 1003/1/309
f 978/1/309 1003/1/309 1002/1/309
f 980/1/309 982/1/309 1004/1/309
f 980/1/309 1004/1/309 1003/1/309
f 982/1/309 984/1/309 1005/1/309
f 982/1/309 1005/1/309 1004/1/309
f 984/1/309 986/1/309 1006/1/309
f 984/1/309 1006/1/309 1005/1/309
f 986/1/309 988/1/309 1007/1/309
f 986/1/309 1007/1/309 1006/1/309
f 988/1/309 990/1/309 1008/1/309
f 988/1/309 1008/1/309 1007/1/309
f 990/1/309 992/1/309 1009/1/309
f 990/1/309 1009/1/309 1008/1/309
f 992/1/309 994/1/309 1010/1/309
f 992/1/309 1010/1/309 1009/1/309
f 994/1/309 966/1/309 996/1/309
f 994/1/309 996/1/309 1010/1/309
f 996/1/463 995/1/463 1011/1/463
f 996/1/463 1011/1/463 1012/1/463
f 995/1/464 997/1/464 1013/1/464
f 995/1/464 1013/1/464 1011/1/464
f 997/1/465 998/1/465 1014/1/465
f 997/1/465 1014/1/465 1013/1/465
f 998/1/466 999/1/466 1015/1/466
f 998/1/466 1015/1/466 1014/1/466
f 999/1/467 1000/1/467 1016/1/467
f 999/1/467 1016/1/467 1015/1/467
f 1000/1/468 1001/1/468 1017/1/468
f 1000/1/468 1017/1/468 1016/1/468
f 1001/1/469 1002/1/469 1018/1/469
f 1001/1/469 1018/1/469 1017/1/469
f 1002/1/470 1003/1/470 1019/1/470
f 1002/1/470 1019/1/470 1018/1/470
f 1003/1/471 1004/1/471 1020/1/471
f 1003/1/471 1020/1/471 1019/1/471
f 1004/1/472 1005/1/472 1021/1/472
f 1004/1/472 1021/1/472 1020/1/472
f 1005/1/473 1006/1/473 1022/1/473
f 1005/1/473 1022/1/473 1021/1/473
f 1006/1/474 1007/1/474 1023/1/474
f 1006/1/474 1023/1/474 1022/1/474
f 1007/1/475 1008/1/475 1024/1/475
f 1007/1/475 1024/1/475 1023/1/475
f 1008/1/476 1009/1/476 1025/1/476
f 1008/1/476 1025/1/476 1024/1/476
f 1009/1/477 1010/1/477 1026/1/477
f 1009/1/477 1026/1/477 1025/1/477
f 1010/1/478 996/1/478 1012/1/478
f 1010/1/478 1012/1/478 1026/1/478
f 1012/1/326 1011/1/326 964/1/326
f 1012/1/326 964/1/326 963/1/326
f 1011/1/326 1013/1/326 967/1/326
f 1011/1/326 967/1/326 964/1/326
f 1013/1/326 1014/1/326 969/1/326
f 1013/1/326 969/1/326 967/1/326
f 1014/1/326 1015/1/326 971/1/326
f 1014/1/326 971/1/326 969/1/326
f 1015/1/326 1016/1/326 973/1/326
f 1015/1/326 973/1/326 971/1/326
f 1016/1/326 1017/1/326 975/1/326
f 1016/1/326 975/1/326 973/1/326
f 1017/1/326 1018/1/326 977/1/326
f 1017/1/326 977/1/326 975/1/326
f 1018/1/326 1019/1/326 979/1/326
f 1018/1/326 979/1/326 977/1/326
f 1019/1/326 1020/1/326 981/1/326
f 1019/1/326 981/1/326 979/1/326
f 1020/1/326 1021/1/326 983/1/326
f 1020/1/326 983/1/326 981/1/326
f 1021/1/326 1022/1/326 985/1/326
f 1021/1/326 985/1/326 983/1/326
f 1022/1/326 1023/1/326 987/1/326
f 1022/1/326 987/1/326 985/1/326
f 1023/1/326 1024/1/326 989/1/326
f 1023/1/326 989/1/326 987/1/326
f 1024/1/326 1025/1/326 991/1/326
f 1024/1/326 991/1/326 989/1/326
f 1025/1/326 1026/1/326 993/1/326
f 1025/1/326 993/1/326 991/1/326
f 1026/1/326 1012/1/326 963/1/326
f 1026/1/326 963/1/326 993/1/326
usemtl mat_0
f 1027/1/326 1028/1/326 1029/1/326
f 1029/1/326 1030/1/326 1031/1/326
f 1031/1/326 1032/1/326 1027/1/326
f 1029/1/326 1031/1/326 1027/1/326
f 1033/1/309 1034/1/309 1035/1/309
f 1035/1/309 1036/1/309 1037/1/309
f 1037/1/309 1038/1/309 1033/1/309
f 1035/1/309 1037/1/309 1033/1/309
f 1027/1/479 1032/1/479 1035/1/479
f 1027/1/479 1035/1/479 1034/1/479
f 1032/1/241 1031/1/241 1036/1/241
f 1032/1/241 1036/1/241 1035/1/241
f 1031/1/480 1030/1/480 1037/1/480
f 1031/1/480 1037/1/480 1036/1/480
f 1030/1/481 1029/1/481 1038/1/481
f 1030/1/481 1038/1/481 1037/1/481
f 1029/1/258 1028/1/258 1033/1/258
f 1029/1/258 1033/1/258 1038/1/258
f 1028/1/482 1027/1/482 1034/1/482
f 1028/1/482 1034/1/482 1033/1/482
f 1039/1/326 1040/1/326 1041/1/326
f 1041/1/326 1042/1/326 1043/1/326
f 1043/1/326 1044/1/326 1039/1/326
f 1041/1/326 1043/1/326 1039/1/326
f 1045/1/309 1046/1/309 1047/1/309
f 1047/1/309 1048/1/309 1049/1/309
f 1049/1/309 1050/1/309 1045/1/309
f 1047/1/309 1049/1/309 1045/1/309
f 1039/1/479 1044/1/479 1047/1/479
f 1039/1/479 1047/1/479 1046/1/479
f 1044/1/241 1043/1/241 1048/1/241
f 1044/1/241 1048/1/241 1047/1/241
f 1043/1/480 1042/1/480 1049/1/480
f 1043/1/480 1049/1/480 1048/1/480
f 1042/1/481 1041/1/481 1050/1/481
f 1042/1/481 1050/1/481 1049/1/481
f 1041/1/258 1040/1/258 1045/1/258
f 1041/1/258 1045/1/258 1050/1/258
f 1040/1/482 1039/1/482 1046/1/482
f 1040/1/482 1046/1/482 1045/1/482
f 1051/1/326 1052/1/326 1053/1/326
f 1053/1/326 1054/1/326 1055/1/326
f 1055/1/326 1056/1/326 1051/1/326
f 1053/1/326 1055/1/326 1051/1/326
f 1057/1/309 1058/1/309 1059/1/309
f 1059/1/309 1060/1/309 1061/1/309
f 1061/1/309 1062/1/309 1057/1/309
f 1059/1/309 1061/1/309 1057/1/309
f 1051/1/479 1056/1/479 1059/1/479
f 1051/1/479 1059/1/479 1058/1/479
f 1056/1/241 1055/1/241 1060/1/241
f 1056/1/241 1060/1/241 1059/1/241
f 1055/1/480 1054/1/480 1061/1/480
f 1055/1/480 1061/1/480 1060/1/480
f 1054/1/481 1053/1/481 1062/1/481
f 1054/1/481 1062/1/481 1061/1/481
f 1053/1/258 1052/1/258 1057/1/258
f 1053/1/258 1057/1/258 1062/1/258
f 1052/1/482 1051/1/482 1058/1/482
f 1052/1/482 1058/1/482 1057/1/482
f 1063/1/326 1064/1/326 1065/1/326
f 1065/1/326 1066/1/326 1067/1/326
f 1067/1/326 1068/1/326 1063/1/326
f 1065/1/326 1067/1/326 1063/1/326
f 1069/1/309 1070/1/309 1071/1/309
f 1071/1/309 1072/1/309 1073/1/309
f 1073/1/309 1074/1/309 1069/1/309
f 1071/1/309 1073/1/309 1069/1/309
f 1063/1/479 1068/1/479 1071/1/479
f 1063/1/479 1071/1/479 1070/1/479
f 1068/1/241 1067/1/241 1072/1/241
f 1068/1/241 1072/1/241 1071/1/241
f 1067/1/480 1066/1/480 1073/1/480
f 1067/1/480 1073/1/480 1072/1/480
f 1066/1/481 1065/1/481 1074/1/481
f 1066/1/481 1074/1/481 1073/1/481
f 1065/1/258 1064/1/258 1069/1/258
f 1065/1/258 1069/1/258 1074/1/258
f 1064/1/482 1063/1/482 1070/1/482
f 1064/1/482 1070/1/482 1069/1/482
f 1075/1/438 1076/1/438 1077/1/438
f 1075/1/438 1077/1/438 1078/1/438
f 1076/1/437 1079/1/437 1080/1/437
f 1076/1/437 1080/1/437 1077/1/437
f 1079/1/436 1081/1/436 1082/1/436
f 1079/1/436 1082/1/436 1080/1/436
f 1081/1/435 1083/1/435 1084/1/435
f 1081/1/435 1084/1/435 1082/1/435
f 1083/1/434 1085/1/434 1086/1/434
f 1083/1/434 1086/1/434 1084/1/434
f 1085/1/433 1087/1/433 1088/1/433
f 1085/1/433 1088/1/433 1086/1/433
f 1087/1/432 1089/1/432 1090/1/432
f 1087/1/432 1090/1/432 1088/1/432
f 1089/1/431 1091/1/431 1092/1/431
f 1089/1/431 1092/1/431 1090/1/431
f 1091/1/446 1093/1/446 1094/1/446
f 1091/1/446 1094/1/446 1092/1/446
f 1093/1/445 1095/1/445 1096/1/445
f 1093/1/445 1096/1/445 1094/1/445
f 1095/1/444 1097/1/444 1098/1/444
f 1095/1/444 1098/1/444 1096/1/444
f 1097/1/443 1099/1/443 1100/1/443
f 1097/1/443 1100/1/443 1098/1/443
f 1099/1/442 1101/1/442 1102/1/442
f 1099/1/442 1102/1/442 1100/1/442
f 1101/1/441 1103/1/441 1104/1/441
f 1101/1/441 1104/1/441 1102/1/441
f 1103/1/440 1105/1/440 1106/1/440
f 1103/1/440 1106/1/440 1104/1/440
f 1105/1/439 1075/1/439 1078/1/439
f 1105/1/439 1078/1/439 1106/1/439
f 1078/1/326 1077/1/326 403/1/326
f 1078/1/326 403/1/326 404/1/326
f 1077/1/326 1080/1/326 405/1/326
f 1077/1/326 405/1/326 403/1/326
f 1080/1/326 1082/1/326 406/1/326
f 1080/1/326 406/1/326 405/1/326
f 1082/1/326 1084/1/326 407/1/326
f 1082/1/326 407/1/326 406/1/326
f 1084/1/326 1086/1/326 408/1/326
f 1084/1/326 408/1/326 407/1/326
f 1086/1/326 1088/1/326 409/1/326
f 1086/1/326 409/1/326 408/1/326
f 1088/1/326 1090/1/326 410/1/326
f 1088/1/326 410/1/326 409/1/326
f 1090/1/326 1092/1/326 411/1/326
f 1090/1/326 411/1/326 410/1/326
f 1092/1/326 1094/1/326 412/1/326
f 1092/1/326 412/1/326 411/1/326
f 1094/1/326 1096/1/326 413/1/326
f 1094/1/326 413/1/326 412/1/326
f 1096/1/326 1098/1/326 414/1/326
f 1096/1/326 414/1/326 413/1/326
f 1098/1/326 1100/1/326 415/1/326
f 1098/1/326 415/1/326 414/1/326
f 1100/1/326 1102/1/326 416/1/326
f 1100/1/326 416/1/326 415/1/326
f 1102/1/326 1104/1/326 417/1/326
f 1102/1/326 417/1/326 416/1/326
f 1104/1/326 1106/1/326 418/1/326
f 1104/1/326 418/1/326 417/1/326
f 1106/1/326 1078/1/326 404/1/326
f 1106/1/326 404/1/326 418/1/326
f 404/1/317 403/1/317 1107/1/317
f 404/1/317 1107/1/317 1108/1/317
f 403/1/316 405/1/316 1109/1/316
f 403/1/316 1109/1/316 1107/1/316
f 405/1/315 406/1/315 1110/1/315
f 405/1/315 1110/1/315 1109/1/315
f 406/1/314 407/1/314 1111/1/314
f 406/1/314 1111/1/314 1110/1/314
f 407/1/313 408/1/313 1112/1/313
f 407/1/313 1112/1/313 1111/1/313
f 408/1/312 409/1/312 1113/1/312
f 408/1/312 1113/1/312 1112/1/312
f 409/1/311 410/1/311 1114/1/311
f 409/1/311 1114/1/311 1113/1/311
f 410/1/310 411/1/310 1115/1/310
f 410/1/310 1115/1/310 1114/1/310
f 411/1/325 412/1/325 1116/1/325
f 411/1/325 1116/1/325 1115/1/325
f 412/1/324 413/1/324 1117/1/324
f 412/1/324 1117/1/324 1116/1/324
f 413/1/323 414/1/323 1118/1/323
f 413/1/323 1118/1/323 1117/1/323
f 414/1/322 415/1/322 1119/1/322
f 414/1/322 1119/1/322 1118/1/322
f 415/1/321 416/1/321 1120/1/321
f 415/1/321 1120/1/321 1119/1/321
f 416/1/320 417/1/320 1121/1/320
f 416/1/320 1121/1/320 1120/1/320
f 417/1/319 418/1/319 1122/1/319
f 417/1/319 1122/1/319 1121/1/319
f 418/1/318 404/1/318 1108/1/318
f 418/1/318 1108/1/318 1122/1/318
f 1108/1/309 1107/1/309 1076/1/309
f 1108/1/309 1076/1/309 1075/1/309
f 1107/1/309 1109/1/309 1079/1/309
f 1107/1/309 1079/1/309 1076/1/309
f 1109/1/309 1110/1/309 1081/1/309
f 1109/1/309 1081/1/309 1079/1/309
f 1110/1/309 1111/1/309 1083/1/309
f 1110/1/309 1083/1/309 1081/1/309
f 1111/1/309 1112/1/309 1085/1/309
f 1111/1/309 1085/1/309 1083/1/309
f 1112/1/309 1113/1/309 1087/1/309
f 1112/1/309 1087/1/309 1085/1/309
f 1113/1/309 1114/1/309 1089/1/309
f 1113/1/309 1089/1/309 1087/1/309
f 1114/1/309 1115/1/309 1091/1/309
f 1114/1/309 1091/1/309 1089/1/309
f 1115/1/309 1116/1/309 1093/1/309
f 1115/1/309 1093/1/309 1091/1/309
f 1116/1/309 1117/1/309 1095/1/309
f 1116/1/309 1095/1/309 1093/1/309
f 1117/1/309 1118/1/309 1097/1/309
f 1117/1/309 1097/1/309 1095/1/309
f 1118/1/309 1119/1/309 1099/1/309
f 1118/1/309 1099/1/309 1097/1/309
f 1119/1/309 1120/1/309 1101/1/309
f 1119/1/309 1101/1/309 1099/1/309
f 1120/1/309 1121/1/309 1103/1/309
f 1120/1/309 1103/1/309 1101/1/309
f 1121/1/309 1122/1/309 1105/1/309
f 1121/1/309 1105/1/309 1103/1/309
f 1122/1/309 1108/1/309 1075/1/309
f 1122/1/309 1075/1/309 1105/1/309
usemtl mat_1
f 1123/1/454 1124/1/454 1125/1/454
f 1123/1/454 1125/1/454 1126/1/454
f 1124/1/453 1127/1/453 1128/1/453
f 1124/1/453 1128/1/453 1125/1/453
f 1127/1/452 1129/1/452 1130/1/452
f 1127/1/452 1130/1/452 1128/1/452
f 1129/1/451 1131/1/451 1132/1/451
f 1129/1/451 1132/1/451 1130/1/451
f 1131/1/450 1133/1/450 1134/1/450
f 1131/1/450 1134/1/450 1132/1/450
f 1133/1/449 1135/1/449 1136/1/449
f 1133/1/449 1136/1/449 1134/1/449
f 1135/1/448 1137/1/448 1138/1/448
f 1135/1/448 1138/1/448 1136/1/448
f 1137/1/447 1139/1/447 1140/1/447
f 1137/1/447 1140/1/447 1138/1/447
f 1139/1/462 1141/1/462 1142/1/462
f 1139/1/462 1142/1/462 1140/1/462
f 1141/1/461 1143/1/461 1144/1/461
f 1141/1/461 1144/1/461 1142/1/461
f 1143/1/460 1145/1/460 1146/1/460
f 1143/1/460 1146/1/460 1144/1/460
f 1145/1/459 1147/1/459 1148/1/459
f 1145/1/459 1148/1/459 1146/1/459
f 1147/1/458 1149/1/458 1150/1/458
f 1147/1/458 1150/1/458 1148/1/458
f 1149/1/457 1151/1/457 1152/1/457
f 1149/1/457 1152/1/457 1150/1/457
f 1151/1/456 1153/1/456 1154/1/456
f 1151/1/456 1154/1/456 1152/1/456
f 1153/1/455 1123/1/455 1126/1/455
f 1153/1/455 1126/1/455 1154/1/455
f 1126/1/326 1125/1/326 1155/1/326
f 1126/1/326 1155/1/326 1156/1/326
f 1125/1/326 1128/1/326 1157/1/326
f 1125/1/326 1157/1/326 1155/1/326
f 1128/1/326 1130/1/326 1158/1/326
f 1128/1/326 1158/1/326 1157/1/326
f 1130/1/326 1132/1/326 1159/1/326
f 1130/1/326 1159/1/326 1158/1/326
f 1132/1/326 1134/1/326 1160/1/326
f 1132/1/326 1160/1/326 1159/1/326
f 1134/1/326 1136/1/326 1161/1/326
f 1134/1/326 1161/1/326 1160/1/326
f 1136/1/326 1138/1/326 1162/1/326
f 1136/1/326 1162/1/326 1161/1/326
f 1138/1/326 1140/1/326 1163/1/326
f 1138/1/326 1163/1/326 1162/1/326
f 1140/1/326 1142/1/326 1164/1/326
f 1140/1/326 1164/1/326 1163/1/326
f 1142/1/326 1144/1/326 1165/1/326
f 1142/1/326 1165/1/326 1164/1/326
f 1144/1/326 1146/1/326 1166/1/326
f 1144/1/326 1166/1/326 1165/1/326
f 1146/1/326 1148/1/326 1167/1/326
f 1146/1/326 1167/1/326 1166/1/326
f 1148/1/326 1150/1/326 1168/1/326
f 1148/1/326 1168/1/326 1167/1/326
f 1150/1/326 1152/1/326 1169/1/326
f 1150/1/326 1169/1/326 1168/1/326
f 1152/1/326 1154/1/326 1170/1/326
f 1152/1/326 1170/1/326 1169/1/326
f 1154/1/326 1126/1/326 1156/1/326
f 1154/1/326 1156/1/326 1170/1/326
f 1156/1/470 1155/1/470 1171/1/470
f 1156/1/470 1171/1/470 1172/1/470
f 1155/1/469 1157/1/469 1173/1/469
f 1155/1/469 1173/1/469 1171/1/469
f 1157/1/468 1158/1/468 1174/1/468
f 1157/1/468 1174/1/468 1173/1/468
f 1158/1/467 1159/1/467 1175/1/467
f 1158/1/467 1175/1/467 1174/1/467
f 1159/1/466 1160/1/466 1176/1/466
f 1159/1/466 1176/1/466 1175/1/466
f 1160/1/465 1161/1/465 1177/1/465
f 1160/1/465 1177/1/465 1176/1/465
f 1161/1/464 1162/1/464 1178/1/464
f 1161/1/464 1178/1/464 1177/1/464
f 1162/1/463 1163/1/463 1179/1/463
f 1162/1/463 1179/1/463 1178/1/463
f 1163/1/478 1164/1/478 1180/1/478
f 1163/1/478 1180/1/478 1179/1/478
f 1164/1/477 1165/1/477 1181/1/477
f 1164/1/477 1181/1/477 1180/1/477
f 1165/1/476 1166/1/476 1182/1/476
f 1165/1/476 1182/1/476 1181/1/476
f 1166/1/475 1167/1/475 1183/1/475
f 1166/1/475 1183/1/475 1182/1/475
f 1167/1/474 1168/1/474 1184/1/474
f 1167/1/474 1184/1/474 1183/1/474
f 1168/1/473 1169/1/473 1185/1/473
f 1168/1/473 1185/1/473 1184/1/473
f 1169/1/472 1170/1/472 1186/1/472
f 1169/1/472 1186/1/472 1185/1/472
f 1170/1/471 1156/1/471 1172/1/471
f 1170/1/471 1172/1/471 1186/1/471
f 1172/1/309 1171/1/309 1124/1/309
f 1172/1/309 1124/1/309 1123/1/309
f 1171/1/309 1173/1/309 1127/1/309
f 1171/1/309 1127/1/309 1124/1/309
f 1173/1/309 1174/1/309 1129/1/309
f 1173/1/309 1129/1/309 1127/1/309
f 1174/1/309 1175/1/309 1131/1/309
f 1174/1/309 1131/1/309 1129/1/309
f 1175/1/309 1176/1/309 1133/1/309
f 1175/1/309 1133/1/309 1131/1/309
f 1176/1/309 1177/1/309 1135/1/309
f 1176/1/309 1135/1/309 1133/1/309
f 1177/1/309 1178/1/309 1137/1/309
f 1177/1/309 1137/1/309 1135/1/309
f 1178/1/309 1179/1/309 1139/1/309
f 1178/1/309 1139/1/309 1137/1/309
f 1179/1/309 1180/1/309 1141/1/309
f 1179/1/309 1141/1/309 1139/1/309
f 1180/1/309 1181/1/309 1143/1/309
f 1180/1/309 1143/1/309 1141/1/309
f 1181/1/309 1182/1/309 1145/1/309
f 1181/1/309 1145/1/309 1143/1/309
f 1182/1/309 1183/1/309 1147/1/309
f 1182/1/309 1147/1/309 1145/1/309
f 1183/1/309 1184/1/309 1149/1/309
f 1183/1/309 1149/1/309 1147/1/309
f 1184/1/309 1185/1/309 1151/1/309
f 1184/1/309 1151/1/309 1149/1/309
f 1185/1/309 1186/1/309 1153/1/309
f 1185/1/309 1153/1/309 1151/1/309
f 1186/1/309 1172/1/309 1123/1/309
f 1186/1/309 1123/1/309 1153/1/309
usemtl mat_0
f 1187/1/309 1188/1/309 1189/1/309
f 1189/1/309 1190/1/309 1191/1/309
f 1191/1/309 1192/1/309 1187/1/309
f 1189/1/309 1191/1/309 1187/1/309
f 1193/1/326 1194/1/326 1195/1/326
f 1195/1/326 1196/1/326 1197/1/326
f 1197/1/326 1198/1/326 1193/1/326
f 1195/1/326 1197/1/326 1193/1/326
f 1187/1/480 1192/1/480 1195/1/480
f 1187/1/480 1195/1/480 1194/1/480
f 1192/1/241 1191/1/241 1196/1/241
f 1192/1/241 1196/1/241 1195/1/241
f 1191/1/479 1190/1/479 1197/1/479
f 1191/1/479 1197/1/479 1196/1/479
f 1190/1/482 1189/1/482 1198/1/482
f 1190/1/482 1198/1/482 1197/1/482
f 1189/1/258 1188/1/258 1193/1/258
f 1189/1/258 1193/1/258 1198/1/258
f 1188/1/481 1187/1/481 1194/1/481
f 1188/1/481 1194/1/481 1193/1/481
f 1199/1/309 1200/1/309 1201/1/309
f 1201/1/309 1202/1/309 1203/1/309
f 1203/1/309 1204/1/309 1199/1/309
f 1201/1/309 1203/1/309 1199/1/309
f 1205/1/326 1206/1/326 1207/1/326
f 1207/1/326 1208/1/326 1209/1/326
f 1209/1/326 1210/1/326 1205/1/326
f 1207/1/326 1209/1/326 1205/1/326
f 1199/1/480 1204/1/480 1207/1/480
f 1199/1/480 1207/1/480 1206/1/480
f 1204/1/241 1203/1/241 1208/1/241
f 1204/1/241 1208/1/241 1207/1/241
f 1203/1/479 1202/1/479 1209/1/479
f 1203/1/479 1209/1/479 1208/1/479
f 1202/1/482 1201/1/482 1210/1/482
f 1202/1/482 1210/1/482 1209/1/482
f 1201/1/258 1200/1/258 1205/1/258
f 1201/1/258 1205/1/258 1210/1/258
f 1200/1/481 1199/1/481 1206/1/481
f 1200/1/481 1206/1/481 1205/1/481
f 1211/1/309 1212/1/309 1213/1/309
f 1213/1/309 1214/1/309 1215/1/309
f 1215/1/309 1216/1/309 1211/1/309
f 1213/1/309 1215/1/309 1211/1/309
f 1217/1/326 1218/1/326 1219/1/326
f 1219/1/326 1220/1/326 1221/1/326
f 1221/1/326 1222/1/326 1217/1/326
f 1219/1/326 1221/1/326 1217/1/326
f 1211/1/480 1216/1/480 1219/1/480
f 1211/1/480 1219/1/480 1218/1/480
f 1216/1/241 1215/1/241 1220/1/241
f 1216/1/241 1220/1/241 1219/1/241
f 1215/1/479 1214/1/479 1221/1/479
f 1215/1/479 1221/1/479 1220/1/479
f 1214/1/482 1213/1/482 1222/1/482
f 1214/1/482 1222/1/482 1221/1/482
f 1213/1/258 1212/1/258 1217/1/258
f 1213/1/258 1217/1/258 1222/1/258
f 1212/1/481 1211/1/481 1218/1/481
f 1212/1/481 1218/1/481 1217/1/481
f 1223/1/309 1224/1/309 1225/1/309
f 1225/1/309 1226/1/309 1227/1/309
f 1227/1/309 1228/1/309 1223/1/309
f 1225/1/309 1227/1/309 1223/1/309
f 1229/1/326 1230/1/326 1231/1/326
f 1231/1/326 1232/1/326 1233/1/326
f 1233/1/326 1234/1/326 1229/1/326
f 1231/1/326 1233/1/326 1229/1/326
f 1223/1/480 1228/1/480 1231/1/480
f 1223/1/480 1231/1/480 1230/1/480
f 1228/1/241 1227/1/241 1232/1/241
f 1228/1/241 1232/1/241 1231/1/241
f 1227/1/479 1226/1/479 1233/1/479
f 1227/1/479 1233/1/479 1232/1/479
f 1226/1/482 1225/1/482 1234/1/482
f 1226/1/482 1234/1/482 1233/1/482
f 1225/1/258 1224/1/258 1229/1/258
f 1225/1/258 1229/1/258 1234/1/258
f 1224/1/481 1223/1/481 1230/1/481
f 1224/1/481 1230/1/481 1229/1/481
