# Authored in Blender; exported by tools-export-modern.py
mtllib materials.mtl
s off
v 0.500000000 0.764999986 0.500000000
v 0.593691647 0.744828045 0.538808346
v 0.601411104 0.744828045 0.500000000
v 0.571708500 0.744828045 0.571708500
v 0.538808346 0.744828045 0.593691647
v 0.500000000 0.744828045 0.601411104
v 0.461191654 0.744828045 0.593691647
v 0.428291529 0.744828045 0.571708500
v 0.406308353 0.744828045 0.538808346
v 0.398588896 0.744828045 0.500000000
v 0.406308353 0.744828045 0.461191654
v 0.428291529 0.744828045 0.428291529
v 0.461191654 0.744828045 0.406308353
v 0.500000000 0.744828045 0.398588896
v 0.538808346 0.744828045 0.406308353
v 0.571708500 0.744828045 0.428291529
v 0.593691647 0.744828045 0.461191654
v 0.673119605 0.687383294 0.571708500
v 0.687383294 0.687383294 0.500000000
v 0.632499993 0.687383294 0.632499993
v 0.571708500 0.687383294 0.673119605
v 0.500000000 0.687383294 0.687383294
v 0.428291529 0.687383294 0.673119605
v 0.367500007 0.687383294 0.632499993
v 0.326880395 0.687383294 0.571708500
v 0.312616706 0.687383294 0.500000000
v 0.326880395 0.687383294 0.428291529
v 0.367500007 0.687383294 0.367500007
v 0.428291529 0.687383294 0.326880395
v 0.500000000 0.687383294 0.312616706
v 0.571708500 0.687383294 0.326880395
v 0.632499993 0.687383294 0.367500007
v 0.673119605 0.687383294 0.428291529
v 0.726191640 0.601411104 0.593691647
v 0.744828045 0.601411104 0.500000000
v 0.673119605 0.601411104 0.673119605
v 0.593691647 0.601411104 0.726191640
v 0.500000000 0.601411104 0.744828045
v 0.406308353 0.601411104 0.726191640
v 0.326880395 0.601411104 0.673119605
v 0.273808360 0.601411104 0.593691647
v 0.255171955 0.601411104 0.500000000
v 0.273808360 0.601411104 0.406308353
v 0.326880395 0.601411104 0.326880395
v 0.406308353 0.601411104 0.273808360
v 0.500000000 0.601411104 0.255171955
v 0.593691647 0.601411104 0.273808360
v 0.673119605 0.601411104 0.326880395
v 0.726191640 0.601411104 0.406308353
v 0.744828045 0.500000000 0.601411104
v 0.764999986 0.500000000 0.500000000
v 0.687383294 0.500000000 0.687383294
v 0.601411104 0.500000000 0.744828045
v 0.500000000 0.500000000 0.764999986
v 0.398588896 0.500000000 0.744828045
v 0.312616706 0.500000000 0.687383294
v 0.255171955 0.500000000 0.601411104
v 0.235000014 0.500000000 0.500000000
v 0.255171955 0.500000000 0.398588896
v 0.312616706 0.500000000 0.312616706
v 0.398588896 0.500000000 0.255171955
v 0.500000000 0.500000000 0.235000014
v 0.601411104 0.500000000 0.255171955
v 0.687383294 0.500000000 0.312616706
v 0.744828045 0.500000000 0.398588896
v 0.726191640 0.398588896 0.593691647
v 0.744828045 0.398588896 0.500000000
v 0.673119605 0.398588896 0.673119605
v 0.593691647 0.398588896 0.726191640
v 0.500000000 0.398588896 0.744828045
v 0.406308353 0.398588896 0.726191640
v 0.326880395 0.398588896 0.673119605
v 0.273808360 0.398588896 0.593691647
v 0.255171955 0.398588896 0.500000000
v 0.273808360 0.398588896 0.406308353
v 0.326880395 0.398588896 0.326880395
v 0.406308353 0.398588896 0.273808360
v 0.500000000 0.398588896 0.255171955
v 0.593691647 0.398588896 0.273808360
v 0.673119605 0.398588896 0.326880395
v 0.726191640 0.398588896 0.406308353
v 0.673119605 0.312616706 0.571708500
v 0.687383294 0.312616706 0.500000000
v 0.632499993 0.312616706 0.632499993
v 0.571708500 0.312616706 0.673119605
v 0.500000000 0.312616706 0.687383294
v 0.428291529 0.312616706 0.673119605
v 0.367500007 0.312616706 0.632499993
v 0.326880395 0.312616706 0.571708500
v 0.312616706 0.312616706 0.500000000
v 0.326880395 0.312616706 0.428291529
v 0.367500007 0.312616706 0.367500007
v 0.428291529 0.312616706 0.326880395
v 0.500000000 0.312616706 0.312616706
v 0.571708500 0.312616706 0.326880395
v 0.632499993 0.312616706 0.367500007
v 0.673119605 0.312616706 0.428291529
v 0.593691647 0.255171955 0.538808346
v 0.601411104 0.255171955 0.500000000
v 0.571708500 0.255171955 0.571708500
v 0.538808346 0.255171955 0.593691647
v 0.500000000 0.255171955 0.601411104
v 0.461191654 0.255171955 0.593691647
v 0.428291529 0.255171955 0.571708500
v 0.406308353 0.255171955 0.538808346
v 0.398588896 0.255171955 0.500000000
v 0.406308353 0.255171955 0.461191654
v 0.428291529 0.255171955 0.428291529
v 0.461191654 0.255171955 0.406308353
v 0.500000000 0.255171955 0.398588896
v 0.538808346 0.255171955 0.406308353
v 0.571708500 0.255171955 0.428291529
v 0.593691647 0.255171955 0.461191654
v 0.500000000 0.235000014 0.500000000
v 0.500000000 0.340000004 0.750000000
v 0.404329151 0.340000004 0.730969906
v 0.404329151 0.000000000 0.730969906
v 0.500000000 0.000000000 0.750000000
v 0.323223293 0.340000004 0.676776707
v 0.323223293 0.000000000 0.676776707
v 0.269030124 0.340000004 0.595670879
v 0.269030124 0.000000000 0.595670879
v 0.250000000 0.340000004 0.500000000
v 0.250000000 0.000000000 0.500000000
v 0.269030124 0.340000004 0.404329151
v 0.269030124 0.000000000 0.404329151
v 0.323223293 0.340000004 0.323223293
v 0.323223293 0.000000000 0.323223293
v 0.404329151 0.340000004 0.269030124
v 0.404329151 0.000000000 0.269030124
v 0.500000000 0.340000004 0.250000000
v 0.500000000 0.000000000 0.250000000
v 0.595670879 0.340000004 0.269030124
v 0.595670879 0.000000000 0.269030124
v 0.676776707 0.340000004 0.323223293
v 0.676776707 0.000000000 0.323223293
v 0.730969906 0.340000004 0.404329151
v 0.730969906 0.000000000 0.404329151
v 0.750000000 0.340000004 0.500000000
v 0.750000000 0.000000000 0.500000000
v 0.730969906 0.340000004 0.595670879
v 0.730969906 0.000000000 0.595670879
v 0.676776707 0.340000004 0.676776707
v 0.676776707 0.000000000 0.676776707
v 0.595670879 0.340000004 0.730969906
v 0.595670879 0.000000000 0.730969906
v 0.421549916 0.000000000 0.689395308
v 0.500000000 0.000000000 0.704999983
v 0.355043113 0.000000000 0.644956887
v 0.310604692 0.000000000 0.578450084
v 0.295000017 0.000000000 0.500000000
v 0.310604692 0.000000000 0.421549916
v 0.355043113 0.000000000 0.355043113
v 0.421549916 0.000000000 0.310604692
v 0.500000000 0.000000000 0.295000017
v 0.578450084 0.000000000 0.310604692
v 0.644956887 0.000000000 0.355043113
v 0.689395308 0.000000000 0.421549916
v 0.704999983 0.000000000 0.500000000
v 0.689395308 0.000000000 0.578450084
v 0.644956887 0.000000000 0.644956887
v 0.578450084 0.000000000 0.689395308
v 0.421549916 0.340000004 0.689395308
v 0.500000000 0.340000004 0.704999983
v 0.355043113 0.340000004 0.644956887
v 0.310604692 0.340000004 0.578450084
v 0.295000017 0.340000004 0.500000000
v 0.310604692 0.340000004 0.421549916
v 0.355043113 0.340000004 0.355043113
v 0.421549916 0.340000004 0.310604692
v 0.500000000 0.340000004 0.295000017
v 0.578450084 0.340000004 0.310604692
v 0.644956887 0.340000004 0.355043113
v 0.689395308 0.340000004 0.421549916
v 0.704999983 0.340000004 0.500000000
v 0.689395308 0.340000004 0.578450084
v 0.644956887 0.340000004 0.644956887
v 0.578450084 0.340000004 0.689395308
v 0.500000000 0.659999967 0.250000000
v 0.404329151 0.659999967 0.269030124
v 0.404329151 1.000000000 0.269030124
v 0.500000000 1.000000000 0.250000000
v 0.323223293 0.659999967 0.323223293
v 0.323223293 1.000000000 0.323223293
v 0.269030124 0.659999967 0.404329151
v 0.269030124 1.000000000 0.404329151
v 0.250000000 0.659999967 0.500000000
v 0.250000000 1.000000000 0.500000000
v 0.269030124 0.659999967 0.595670879
v 0.269030124 1.000000000 0.595670879
v 0.323223293 0.659999967 0.676776707
v 0.323223293 1.000000000 0.676776707
v 0.404329151 0.659999967 0.730969906
v 0.404329151 1.000000000 0.730969906
v 0.500000000 0.659999967 0.750000000
v 0.500000000 1.000000000 0.750000000
v 0.595670879 0.659999967 0.730969906
v 0.595670879 1.000000000 0.730969906
v 0.676776707 0.659999967 0.676776707
v 0.676776707 1.000000000 0.676776707
v 0.730969906 0.659999967 0.595670879
v 0.730969906 1.000000000 0.595670879
v 0.750000000 0.659999967 0.500000000
v 0.750000000 1.000000000 0.500000000
v 0.730969906 0.659999967 0.404329151
v 0.730969906 1.000000000 0.404329151
v 0.676776707 0.659999967 0.323223293
v 0.676776707 1.000000000 0.323223293
v 0.595670879 0.659999967 0.269030124
v 0.595670879 1.000000000 0.269030124
v 0.421549916 1.000000000 0.310604692
v 0.500000000 1.000000000 0.295000017
v 0.355043113 1.000000000 0.355043113
v 0.310604692 1.000000000 0.421549916
v 0.295000017 1.000000000 0.500000000
v 0.310604692 1.000000000 0.578450084
v 0.355043113 1.000000000 0.644956887
v 0.421549916 1.000000000 0.689395308
v 0.500000000 1.000000000 0.704999983
v 0.578450084 1.000000000 0.689395308
v 0.644956887 1.000000000 0.644956887
v 0.689395308 1.000000000 0.578450084
v 0.704999983 1.000000000 0.500000000
v 0.689395308 1.000000000 0.421549916
v 0.644956887 1.000000000 0.355043113
v 0.578450084 1.000000000 0.310604692
v 0.421549916 0.659999967 0.310604692
v 0.500000000 0.659999967 0.295000017
v 0.355043113 0.659999967 0.355043113
v 0.310604692 0.659999967 0.421549916
v 0.295000017 0.659999967 0.500000000
v 0.310604692 0.659999967 0.578450084
v 0.355043113 0.659999967 0.644956887
v 0.421549916 0.659999967 0.689395308
v 0.500000000 0.659999967 0.704999983
v 0.578450084 0.659999967 0.689395308
v 0.644956887 0.659999967 0.644956887
v 0.689395308 0.659999967 0.578450084
v 0.704999983 0.659999967 0.500000000
v 0.689395308 0.659999967 0.421549916
v 0.644956887 0.659999967 0.355043113
v 0.578450084 0.659999967 0.310604692
v 0.750000000 0.500000000 0.340000004
v 0.730969906 0.404329151 0.340000004
v 0.730969906 0.404329151 0.000000000
v 0.750000000 0.500000000 0.000000000
v 0.676776707 0.323223293 0.340000004
v 0.676776707 0.323223293 0.000000000
v 0.595670879 0.269030124 0.340000004
v 0.595670879 0.269030124 0.000000000
v 0.500000000 0.250000000 0.340000004
v 0.500000000 0.250000000 0.000000000
v 0.404329151 0.269030124 0.340000004
v 0.404329151 0.269030124 0.000000000
v 0.323223293 0.323223293 0.340000004
v 0.323223293 0.323223293 0.000000000
v 0.269030124 0.404329151 0.340000004
v 0.269030124 0.404329151 0.000000000
v 0.250000000 0.500000000 0.340000004
v 0.250000000 0.500000000 0.000000000
v 0.269030124 0.595670879 0.340000004
v 0.269030124 0.595670879 0.000000000
v 0.323223293 0.676776707 0.340000004
v 0.323223293 0.676776707 0.000000000
v 0.404329151 0.730969906 0.340000004
v 0.404329151 0.730969906 0.000000000
v 0.500000000 0.750000000 0.340000004
v 0.500000000 0.750000000 0.000000000
v 0.595670879 0.730969906 0.340000004
v 0.595670879 0.730969906 0.000000000
v 0.676776707 0.676776707 0.340000004
v 0.676776707 0.676776707 0.000000000
v 0.730969906 0.595670879 0.340000004
v 0.730969906 0.595670879 0.000000000
v 0.689395308 0.421549916 0.000000000
v 0.704999983 0.500000000 0.000000000
v 0.644956887 0.355043113 0.000000000
v 0.578450084 0.310604692 0.000000000
v 0.500000000 0.295000017 0.000000000
v 0.421549916 0.310604692 0.000000000
v 0.355043113 0.355043113 0.000000000
v 0.310604692 0.421549916 0.000000000
v 0.295000017 0.500000000 0.000000000
v 0.310604692 0.578450084 0.000000000
v 0.355043113 0.644956887 0.000000000
v 0.421549916 0.689395308 0.000000000
v 0.500000000 0.704999983 0.000000000
v 0.578450084 0.689395308 0.000000000
v 0.644956887 0.644956887 0.000000000
v 0.689395308 0.578450084 0.000000000
v 0.689395308 0.421549916 0.340000004
v 0.704999983 0.500000000 0.340000004
v 0.644956887 0.355043113 0.340000004
v 0.578450084 0.310604692 0.340000004
v 0.500000000 0.295000017 0.340000004
v 0.421549916 0.310604692 0.340000004
v 0.355043113 0.355043113 0.340000004
v 0.310604692 0.421549916 0.340000004
v 0.295000017 0.500000000 0.340000004
v 0.310604692 0.578450084 0.340000004
v 0.355043113 0.644956887 0.340000004
v 0.421549916 0.689395308 0.340000004
v 0.500000000 0.704999983 0.340000004
v 0.578450084 0.689395308 0.340000004
v 0.644956887 0.644956887 0.340000004
v 0.689395308 0.578450084 0.340000004
v 0.250000000 0.500000000 0.659999967
v 0.269030124 0.404329151 0.659999967
v 0.269030124 0.404329151 1.000000000
v 0.250000000 0.500000000 1.000000000
v 0.323223293 0.323223293 0.659999967
v 0.323223293 0.323223293 1.000000000
v 0.404329151 0.269030124 0.659999967
v 0.404329151 0.269030124 1.000000000
v 0.500000000 0.250000000 0.659999967
v 0.500000000 0.250000000 1.000000000
v 0.595670879 0.269030124 0.659999967
v 0.595670879 0.269030124 1.000000000
v 0.676776707 0.323223293 0.659999967
v 0.676776707 0.323223293 1.000000000
v 0.730969906 0.404329151 0.659999967
v 0.730969906 0.404329151 1.000000000
v 0.750000000 0.500000000 0.659999967
v 0.750000000 0.500000000 1.000000000
v 0.730969906 0.595670879 0.659999967
v 0.730969906 0.595670879 1.000000000
v 0.676776707 0.676776707 0.659999967
v 0.676776707 0.676776707 1.000000000
v 0.595670879 0.730969906 0.659999967
v 0.595670879 0.730969906 1.000000000
v 0.500000000 0.750000000 0.659999967
v 0.500000000 0.750000000 1.000000000
v 0.404329151 0.730969906 0.659999967
v 0.404329151 0.730969906 1.000000000
v 0.323223293 0.676776707 0.659999967
v 0.323223293 0.676776707 1.000000000
v 0.269030124 0.595670879 0.659999967
v 0.269030124 0.595670879 1.000000000
v 0.310604692 0.421549916 1.000000000
v 0.295000017 0.500000000 1.000000000
v 0.355043113 0.355043113 1.000000000
v 0.421549916 0.310604692 1.000000000
v 0.500000000 0.295000017 1.000000000
v 0.578450084 0.310604692 1.000000000
v 0.644956887 0.355043113 1.000000000
v 0.689395308 0.421549916 1.000000000
v 0.704999983 0.500000000 1.000000000
v 0.689395308 0.578450084 1.000000000
v 0.644956887 0.644956887 1.000000000
v 0.578450084 0.689395308 1.000000000
v 0.500000000 0.704999983 1.000000000
v 0.421549916 0.689395308 1.000000000
v 0.355043113 0.644956887 1.000000000
v 0.310604692 0.578450084 1.000000000
v 0.310604692 0.421549916 0.659999967
v 0.295000017 0.500000000 0.659999967
v 0.355043113 0.355043113 0.659999967
v 0.421549916 0.310604692 0.659999967
v 0.500000000 0.295000017 0.659999967
v 0.578450084 0.310604692 0.659999967
v 0.644956887 0.355043113 0.659999967
v 0.689395308 0.421549916 0.659999967
v 0.704999983 0.500000000 0.659999967
v 0.689395308 0.578450084 0.659999967
v 0.644956887 0.644956887 0.659999967
v 0.578450084 0.689395308 0.659999967
v 0.500000000 0.704999983 0.659999967
v 0.421549916 0.689395308 0.659999967
v 0.355043113 0.644956887 0.659999967
v 0.310604692 0.578450084 0.659999967
v 0.340000004 0.500000000 0.250000000
v 0.340000004 0.404329151 0.269030124
v 0.000000000 0.404329151 0.269030124
v 0.000000000 0.500000000 0.250000000
v 0.340000004 0.323223293 0.323223293
v 0.000000000 0.323223293 0.323223293
v 0.340000004 0.269030124 0.404329151
v 0.000000000 0.269030124 0.404329151
v 0.340000004 0.250000000 0.500000000
v 0.000000000 0.250000000 0.500000000
v 0.340000004 0.269030124 0.595670879
v 0.000000000 0.269030124 0.595670879
v 0.340000004 0.323223293 0.676776707
v 0.000000000 0.323223293 0.676776707
v 0.340000004 0.404329151 0.730969906
v 0.000000000 0.404329151 0.730969906
v 0.340000004 0.500000000 0.750000000
v 0.000000000 0.500000000 0.750000000
v 0.340000004 0.595670879 0.730969906
v 0.000000000 0.595670879 0.730969906
v 0.340000004 0.676776707 0.676776707
v 0.000000000 0.676776707 0.676776707
v 0.340000004 0.730969906 0.595670879
v 0.000000000 0.730969906 0.595670879
v 0.340000004 0.750000000 0.500000000
v 0.000000000 0.750000000 0.500000000
v 0.340000004 0.730969906 0.404329151
v 0.000000000 0.730969906 0.404329151
v 0.340000004 0.676776707 0.323223293
v 0.000000000 0.676776707 0.323223293
v 0.340000004 0.595670879 0.269030124
v 0.000000000 0.595670879 0.269030124
v 0.000000000 0.421549916 0.310604692
v 0.000000000 0.500000000 0.295000017
v 0.000000000 0.355043113 0.355043113
v 0.000000000 0.310604692 0.421549916
v 0.000000000 0.295000017 0.500000000
v 0.000000000 0.310604692 0.578450084
v 0.000000000 0.355043113 0.644956887
v 0.000000000 0.421549916 0.689395308
v 0.000000000 0.500000000 0.704999983
v 0.000000000 0.578450084 0.689395308
v 0.000000000 0.644956887 0.644956887
v 0.000000000 0.689395308 0.578450084
v 0.000000000 0.704999983 0.500000000
v 0.000000000 0.689395308 0.421549916
v 0.000000000 0.644956887 0.355043113
v 0.000000000 0.578450084 0.310604692
v 0.340000004 0.421549916 0.310604692
v 0.340000004 0.500000000 0.295000017
v 0.340000004 0.355043113 0.355043113
v 0.340000004 0.310604692 0.421549916
v 0.340000004 0.295000017 0.500000000
v 0.340000004 0.310604692 0.578450084
v 0.340000004 0.355043113 0.644956887
v 0.340000004 0.421549916 0.689395308
v 0.340000004 0.500000000 0.704999983
v 0.340000004 0.578450084 0.689395308
v 0.340000004 0.644956887 0.644956887
v 0.340000004 0.689395308 0.578450084
v 0.340000004 0.704999983 0.500000000
v 0.340000004 0.689395308 0.421549916
v 0.340000004 0.644956887 0.355043113
v 0.340000004 0.578450084 0.310604692
v 0.659999967 0.500000000 0.750000000
v 0.659999967 0.404329151 0.730969906
v 1.000000000 0.404329151 0.730969906
v 1.000000000 0.500000000 0.750000000
v 0.659999967 0.323223293 0.676776707
v 1.000000000 0.323223293 0.676776707
v 0.659999967 0.269030124 0.595670879
v 1.000000000 0.269030124 0.595670879
v 0.659999967 0.250000000 0.500000000
v 1.000000000 0.250000000 0.500000000
v 0.659999967 0.269030124 0.404329151
v 1.000000000 0.269030124 0.404329151
v 0.659999967 0.323223293 0.323223293
v 1.000000000 0.323223293 0.323223293
v 0.659999967 0.404329151 0.269030124
v 1.000000000 0.404329151 0.269030124
v 0.659999967 0.500000000 0.250000000
v 1.000000000 0.500000000 0.250000000
v 0.659999967 0.595670879 0.269030124
v 1.000000000 0.595670879 0.269030124
v 0.659999967 0.676776707 0.323223293
v 1.000000000 0.676776707 0.323223293
v 0.659999967 0.730969906 0.404329151
v 1.000000000 0.730969906 0.404329151
v 0.659999967 0.750000000 0.500000000
v 1.000000000 0.750000000 0.500000000
v 0.659999967 0.730969906 0.595670879
v 1.000000000 0.730969906 0.595670879
v 0.659999967 0.676776707 0.676776707
v 1.000000000 0.676776707 0.676776707
v 0.659999967 0.595670879 0.730969906
v 1.000000000 0.595670879 0.730969906
v 1.000000000 0.421549916 0.689395308
v 1.000000000 0.500000000 0.704999983
v 1.000000000 0.355043113 0.644956887
v 1.000000000 0.310604692 0.578450084
v 1.000000000 0.295000017 0.500000000
v 1.000000000 0.310604692 0.421549916
v 1.000000000 0.355043113 0.355043113
v 1.000000000 0.421549916 0.310604692
v 1.000000000 0.500000000 0.295000017
v 1.000000000 0.578450084 0.310604692
v 1.000000000 0.644956887 0.355043113
v 1.000000000 0.689395308 0.421549916
v 1.000000000 0.704999983 0.500000000
v 1.000000000 0.689395308 0.578450084
v 1.000000000 0.644956887 0.644956887
v 1.000000000 0.578450084 0.689395308
v 0.659999967 0.421549916 0.689395308
v 0.659999967 0.500000000 0.704999983
v 0.659999967 0.355043113 0.644956887
v 0.659999967 0.310604692 0.578450084
v 0.659999967 0.295000017 0.500000000
v 0.659999967 0.310604692 0.421549916
v 0.659999967 0.355043113 0.355043113
v 0.659999967 0.421549916 0.310604692
v 0.659999967 0.500000000 0.295000017
v 0.659999967 0.578450084 0.310604692
v 0.659999967 0.644956887 0.355043113
v 0.659999967 0.689395308 0.421549916
v 0.659999967 0.704999983 0.500000000
v 0.659999967 0.689395308 0.578450084
v 0.659999967 0.644956887 0.644956887
v 0.659999967 0.578450084 0.689395308
v 0.500000000 0.064999998 0.814999998
v 0.379454732 0.064999998 0.791022062
v 0.379454732 0.000000000 0.791022062
v 0.500000000 0.000000000 0.814999998
v 0.277261376 0.064999998 0.722738624
v 0.277261376 0.000000000 0.722738624
v 0.208977968 0.064999998 0.620545268
v 0.208977968 0.000000000 0.620545268
v 0.185000002 0.064999998 0.500000000
v 0.185000002 0.000000000 0.500000000
v 0.208977968 0.064999998 0.379454732
v 0.208977968 0.000000000 0.379454732
v 0.277261376 0.064999998 0.277261376
v 0.277261376 0.000000000 0.277261376
v 0.379454732 0.064999998 0.208977968
v 0.379454732 0.000000000 0.208977968
v 0.500000000 0.064999998 0.185000002
v 0.500000000 0.000000000 0.185000002
v 0.620545268 0.064999998 0.208977968
v 0.620545268 0.000000000 0.208977968
v 0.722738624 0.064999998 0.277261376
v 0.722738624 0.000000000 0.277261376
v 0.791022062 0.064999998 0.379454732
v 0.791022062 0.000000000 0.379454732
v 0.814999998 0.064999998 0.500000000
v 0.814999998 0.000000000 0.500000000
v 0.791022062 0.064999998 0.620545268
v 0.791022062 0.000000000 0.620545268
v 0.722738624 0.064999998 0.722738624
v 0.722738624 0.000000000 0.722738624
v 0.620545268 0.064999998 0.791022062
v 0.620545268 0.000000000 0.791022062
v 0.421549916 0.064999998 0.689395308
v 0.500000000 0.064999998 0.704999983
v 0.355043113 0.064999998 0.644956887
v 0.310604692 0.064999998 0.578450084
v 0.295000017 0.064999998 0.500000000
v 0.310604692 0.064999998 0.421549916
v 0.355043113 0.064999998 0.355043113
v 0.421549916 0.064999998 0.310604692
v 0.500000000 0.064999998 0.295000017
v 0.578450084 0.064999998 0.310604692
v 0.644956887 0.064999998 0.355043113
v 0.689395308 0.064999998 0.421549916
v 0.704999983 0.064999998 0.500000000
v 0.689395308 0.064999998 0.578450084
v 0.644956887 0.064999998 0.644956887
v 0.578450084 0.064999998 0.689395308
v 0.500000000 0.159999996 0.759999990
v 0.400502324 0.159999996 0.740208626
v 0.400502324 0.090000004 0.740208626
v 0.500000000 0.090000004 0.759999990
v 0.316152245 0.159999996 0.683847785
v 0.316152245 0.090000004 0.683847785
v 0.259791344 0.159999996 0.599497676
v 0.259791344 0.090000004 0.599497676
v 0.240000010 0.159999996 0.500000000
v 0.240000010 0.090000004 0.500000000
v 0.259791344 0.159999996 0.400502324
v 0.259791344 0.090000004 0.400502324
v 0.316152245 0.159999996 0.316152245
v 0.316152245 0.090000004 0.316152245
v 0.400502324 0.159999996 0.259791344
v 0.400502324 0.090000004 0.259791344
v 0.500000000 0.159999996 0.240000010
v 0.500000000 0.090000004 0.240000010
v 0.599497676 0.159999996 0.259791344
v 0.599497676 0.090000004 0.259791344
v 0.683847785 0.159999996 0.316152245
v 0.683847785 0.090000004 0.316152245
v 0.740208626 0.159999996 0.400502324
v 0.740208626 0.090000004 0.400502324
v 0.759999990 0.159999996 0.500000000
v 0.759999990 0.090000004 0.500000000
v 0.740208626 0.159999996 0.599497676
v 0.740208626 0.090000004 0.599497676
v 0.683847785 0.159999996 0.683847785
v 0.683847785 0.090000004 0.683847785
v 0.599497676 0.159999996 0.740208626
v 0.599497676 0.090000004 0.740208626
v 0.404711843 0.090000004 0.730045974
v 0.500000000 0.090000004 0.749000013
v 0.323930413 0.090000004 0.676069617
v 0.269954026 0.090000004 0.595288157
v 0.250999987 0.090000004 0.500000000
v 0.269954026 0.090000004 0.404711843
v 0.323930413 0.090000004 0.323930413
v 0.404711843 0.090000004 0.269954026
v 0.500000000 0.090000004 0.250999987
v 0.595288157 0.090000004 0.269954026
v 0.676069617 0.090000004 0.323930413
v 0.730045974 0.090000004 0.404711843
v 0.749000013 0.090000004 0.500000000
v 0.730045974 0.090000004 0.595288157
v 0.676069617 0.090000004 0.676069617
v 0.595288157 0.090000004 0.730045974
v 0.404711843 0.159999996 0.730045974
v 0.500000000 0.159999996 0.749000013
v 0.323930413 0.159999996 0.676069617
v 0.269954026 0.159999996 0.595288157
v 0.250999987 0.159999996 0.500000000
v 0.269954026 0.159999996 0.404711843
v 0.323930413 0.159999996 0.323930413
v 0.404711843 0.159999996 0.269954026
v 0.500000000 0.159999996 0.250999987
v 0.595288157 0.159999996 0.269954026
v 0.676069617 0.159999996 0.323930413
v 0.730045974 0.159999996 0.404711843
v 0.749000013 0.159999996 0.500000000
v 0.730045974 0.159999996 0.595288157
v 0.676069617 0.159999996 0.676069617
v 0.595288157 0.159999996 0.730045974
v 0.500000000 0.075000003 0.805000007
v 0.515588462 0.075000003 0.796000004
v 0.515588462 0.075000003 0.777999997
v 0.500000000 0.075000003 0.768999994
v 0.484411538 0.075000003 0.777999997
v 0.484411538 0.075000003 0.796000004
v 0.515588462 0.010000000 0.796000004
v 0.500000000 0.010000000 0.805000007
v 0.484411538 0.010000000 0.796000004
v 0.484411538 0.010000000 0.777999997
v 0.500000000 0.010000000 0.768999994
v 0.515588462 0.010000000 0.777999997
v 0.213000000 0.075000003 0.518000007
v 0.228588462 0.075000003 0.509000003
v 0.228588462 0.075000003 0.490999997
v 0.213000000 0.075000003 0.481999993
v 0.197411537 0.075000003 0.490999997
v 0.197411537 0.075000003 0.509000003
v 0.228588462 0.010000000 0.509000003
v 0.213000000 0.010000000 0.518000007
v 0.197411537 0.010000000 0.509000003
v 0.197411537 0.010000000 0.490999997
v 0.213000000 0.010000000 0.481999993
v 0.228588462 0.010000000 0.490999997
v 0.500000000 0.075000003 0.231000006
v 0.515588462 0.075000003 0.222000003
v 0.515588462 0.075000003 0.203999996
v 0.500000000 0.075000003 0.194999993
v 0.484411538 0.075000003 0.203999996
v 0.484411538 0.075000003 0.222000003
v 0.515588462 0.010000000 0.222000003
v 0.500000000 0.010000000 0.231000006
v 0.484411538 0.010000000 0.222000003
v 0.484411538 0.010000000 0.203999996
v 0.500000000 0.010000000 0.194999993
v 0.515588462 0.010000000 0.203999996
v 0.787000000 0.075000003 0.518000007
v 0.802588463 0.075000003 0.509000003
v 0.802588463 0.075000003 0.490999997
v 0.787000000 0.075000003 0.481999993
v 0.771411538 0.075000003 0.490999997
v 0.771411538 0.075000003 0.509000003
v 0.802588463 0.010000000 0.509000003
v 0.787000000 0.010000000 0.518000007
v 0.771411538 0.010000000 0.509000003
v 0.771411538 0.010000000 0.490999997
v 0.787000000 0.010000000 0.481999993
v 0.802588463 0.010000000 0.490999997
v 0.500000000 0.935000002 0.185000002
v 0.379454732 0.935000002 0.208977968
v 0.379454732 1.000000000 0.208977968
v 0.500000000 1.000000000 0.185000002
v 0.277261376 0.935000002 0.277261376
v 0.277261376 1.000000000 0.277261376
v 0.208977968 0.935000002 0.379454732
v 0.208977968 1.000000000 0.379454732
v 0.185000002 0.935000002 0.500000000
v 0.185000002 1.000000000 0.500000000
v 0.208977968 0.935000002 0.620545268
v 0.208977968 1.000000000 0.620545268
v 0.277261376 0.935000002 0.722738624
v 0.277261376 1.000000000 0.722738624
v 0.379454732 0.935000002 0.791022062
v 0.379454732 1.000000000 0.791022062
v 0.500000000 0.935000002 0.814999998
v 0.500000000 1.000000000 0.814999998
v 0.620545268 0.935000002 0.791022062
v 0.620545268 1.000000000 0.791022062
v 0.722738624 0.935000002 0.722738624
v 0.722738624 1.000000000 0.722738624
v 0.791022062 0.935000002 0.620545268
v 0.791022062 1.000000000 0.620545268
v 0.814999998 0.935000002 0.500000000
v 0.814999998 1.000000000 0.500000000
v 0.791022062 0.935000002 0.379454732
v 0.791022062 1.000000000 0.379454732
v 0.722738624 0.935000002 0.277261376
v 0.722738624 1.000000000 0.277261376
v 0.620545268 0.935000002 0.208977968
v 0.620545268 1.000000000 0.208977968
v 0.421549916 0.935000002 0.310604692
v 0.500000000 0.935000002 0.295000017
v 0.355043113 0.935000002 0.355043113
v 0.310604692 0.935000002 0.421549916
v 0.295000017 0.935000002 0.500000000
v 0.310604692 0.935000002 0.578450084
v 0.355043113 0.935000002 0.644956887
v 0.421549916 0.935000002 0.689395308
v 0.500000000 0.935000002 0.704999983
v 0.578450084 0.935000002 0.689395308
v 0.644956887 0.935000002 0.644956887
v 0.689395308 0.935000002 0.578450084
v 0.704999983 0.935000002 0.500000000
v 0.689395308 0.935000002 0.421549916
v 0.644956887 0.935000002 0.355043113
v 0.578450084 0.935000002 0.310604692
v 0.500000000 0.840000033 0.240000010
v 0.400502324 0.840000033 0.259791344
v 0.400502324 0.909999967 0.259791344
v 0.500000000 0.909999967 0.240000010
v 0.316152245 0.840000033 0.316152245
v 0.316152245 0.909999967 0.316152245
v 0.259791344 0.840000033 0.400502324
v 0.259791344 0.909999967 0.400502324
v 0.240000010 0.840000033 0.500000000
v 0.240000010 0.909999967 0.500000000
v 0.259791344 0.840000033 0.599497676
v 0.259791344 0.909999967 0.599497676
v 0.316152245 0.840000033 0.683847785
v 0.316152245 0.909999967 0.683847785
v 0.400502324 0.840000033 0.740208626
v 0.400502324 0.909999967 0.740208626
v 0.500000000 0.840000033 0.759999990
v 0.500000000 0.909999967 0.759999990
v 0.599497676 0.840000033 0.740208626
v 0.599497676 0.909999967 0.740208626
v 0.683847785 0.840000033 0.683847785
v 0.683847785 0.909999967 0.683847785
v 0.740208626 0.840000033 0.599497676
v 0.740208626 0.909999967 0.599497676
v 0.759999990 0.840000033 0.500000000
v 0.759999990 0.909999967 0.500000000
v 0.740208626 0.840000033 0.400502324
v 0.740208626 0.909999967 0.400502324
v 0.683847785 0.840000033 0.316152245
v 0.683847785 0.909999967 0.316152245
v 0.599497676 0.840000033 0.259791344
v 0.599497676 0.909999967 0.259791344
v 0.404711843 0.909999967 0.269954026
v 0.500000000 0.909999967 0.250999987
v 0.323930413 0.909999967 0.323930413
v 0.269954026 0.909999967 0.404711843
v 0.250999987 0.909999967 0.500000000
v 0.269954026 0.909999967 0.595288157
v 0.323930413 0.909999967 0.676069617
v 0.404711843 0.909999967 0.730045974
v 0.500000000 0.909999967 0.749000013
v 0.595288157 0.909999967 0.730045974
v 0.676069617 0.909999967 0.676069617
v 0.730045974 0.909999967 0.595288157
v 0.749000013 0.909999967 0.500000000
v 0.730045974 0.909999967 0.404711843
v 0.676069617 0.909999967 0.323930413
v 0.595288157 0.909999967 0.269954026
v 0.404711843 0.840000033 0.269954026
v 0.500000000 0.840000033 0.250999987
v 0.323930413 0.840000033 0.323930413
v 0.269954026 0.840000033 0.404711843
v 0.250999987 0.840000033 0.500000000
v 0.269954026 0.840000033 0.595288157
v 0.323930413 0.840000033 0.676069617
v 0.404711843 0.840000033 0.730045974
v 0.500000000 0.840000033 0.749000013
v 0.595288157 0.840000033 0.730045974
v 0.676069617 0.840000033 0.676069617
v 0.730045974 0.840000033 0.595288157
v 0.749000013 0.840000033 0.500000000
v 0.730045974 0.840000033 0.404711843
v 0.676069617 0.840000033 0.323930413
v 0.595288157 0.840000033 0.269954026
v 0.500000000 0.925000012 0.194999993
v 0.515588462 0.925000012 0.203999996
v 0.515588462 0.925000012 0.222000003
v 0.500000000 0.925000012 0.231000006
v 0.484411538 0.925000012 0.222000003
v 0.484411538 0.925000012 0.203999996
v 0.515588462 0.990000010 0.203999996
v 0.500000000 0.990000010 0.194999993
v 0.484411538 0.990000010 0.203999996
v 0.484411538 0.990000010 0.222000003
v 0.500000000 0.990000010 0.231000006
v 0.515588462 0.990000010 0.222000003
v 0.213000000 0.925000012 0.481999993
v 0.228588462 0.925000012 0.490999997
v 0.228588462 0.925000012 0.509000003
v 0.213000000 0.925000012 0.518000007
v 0.197411537 0.925000012 0.509000003
v 0.197411537 0.925000012 0.490999997
v 0.228588462 0.990000010 0.490999997
v 0.213000000 0.990000010 0.481999993
v 0.197411537 0.990000010 0.490999997
v 0.197411537 0.990000010 0.509000003
v 0.213000000 0.990000010 0.518000007
v 0.228588462 0.990000010 0.509000003
v 0.500000000 0.925000012 0.768999994
v 0.515588462 0.925000012 0.777999997
v 0.515588462 0.925000012 0.796000004
v 0.500000000 0.925000012 0.805000007
v 0.484411538 0.925000012 0.796000004
v 0.484411538 0.925000012 0.777999997
v 0.515588462 0.990000010 0.777999997
v 0.500000000 0.990000010 0.768999994
v 0.484411538 0.990000010 0.777999997
v 0.484411538 0.990000010 0.796000004
v 0.500000000 0.990000010 0.805000007
v 0.515588462 0.990000010 0.796000004
v 0.787000000 0.925000012 0.481999993
v 0.802588463 0.925000012 0.490999997
v 0.802588463 0.925000012 0.509000003
v 0.787000000 0.925000012 0.518000007
v 0.771411538 0.925000012 0.509000003
v 0.771411538 0.925000012 0.490999997
v 0.802588463 0.990000010 0.490999997
v 0.787000000 0.990000010 0.481999993
v 0.771411538 0.990000010 0.490999997
v 0.771411538 0.990000010 0.509000003
v 0.787000000 0.990000010 0.518000007
v 0.802588463 0.990000010 0.509000003
v 0.814999998 0.500000000 0.064999998
v 0.791022062 0.379454732 0.064999998
v 0.791022062 0.379454732 0.000000000
v 0.814999998 0.500000000 0.000000000
v 0.722738624 0.277261376 0.064999998
v 0.722738624 0.277261376 0.000000000
v 0.620545268 0.208977968 0.064999998
v 0.620545268 0.208977968 0.000000000
v 0.500000000 0.185000002 0.064999998
v 0.500000000 0.185000002 0.000000000
v 0.379454732 0.208977968 0.064999998
v 0.379454732 0.208977968 0.000000000
v 0.277261376 0.277261376 0.064999998
v 0.277261376 0.277261376 0.000000000
v 0.208977968 0.379454732 0.064999998
v 0.208977968 0.379454732 0.000000000
v 0.185000002 0.500000000 0.064999998
v 0.185000002 0.500000000 0.000000000
v 0.208977968 0.620545268 0.064999998
v 0.208977968 0.620545268 0.000000000
v 0.277261376 0.722738624 0.064999998
v 0.277261376 0.722738624 0.000000000
v 0.379454732 0.791022062 0.064999998
v 0.379454732 0.791022062 0.000000000
v 0.500000000 0.814999998 0.064999998
v 0.500000000 0.814999998 0.000000000
v 0.620545268 0.791022062 0.064999998
v 0.620545268 0.791022062 0.000000000
v 0.722738624 0.722738624 0.064999998
v 0.722738624 0.722738624 0.000000000
v 0.791022062 0.620545268 0.064999998
v 0.791022062 0.620545268 0.000000000
v 0.689395308 0.421549916 0.064999998
v 0.704999983 0.500000000 0.064999998
v 0.644956887 0.355043113 0.064999998
v 0.578450084 0.310604692 0.064999998
v 0.500000000 0.295000017 0.064999998
v 0.421549916 0.310604692 0.064999998
v 0.355043113 0.355043113 0.064999998
v 0.310604692 0.421549916 0.064999998
v 0.295000017 0.500000000 0.064999998
v 0.310604692 0.578450084 0.064999998
v 0.355043113 0.644956887 0.064999998
v 0.421549916 0.689395308 0.064999998
v 0.500000000 0.704999983 0.064999998
v 0.578450084 0.689395308 0.064999998
v 0.644956887 0.644956887 0.064999998
v 0.689395308 0.578450084 0.064999998
v 0.759999990 0.500000000 0.159999996
v 0.740208626 0.400502324 0.159999996
v 0.740208626 0.400502324 0.090000004
v 0.759999990 0.500000000 0.090000004
v 0.683847785 0.316152245 0.159999996
v 0.683847785 0.316152245 0.090000004
v 0.599497676 0.259791344 0.159999996
v 0.599497676 0.259791344 0.090000004
v 0.500000000 0.240000010 0.159999996
v 0.500000000 0.240000010 0.090000004
v 0.400502324 0.259791344 0.159999996
v 0.400502324 0.259791344 0.090000004
v 0.316152245 0.316152245 0.159999996
v 0.316152245 0.316152245 0.090000004
v 0.259791344 0.400502324 0.159999996
v 0.259791344 0.400502324 0.090000004
v 0.240000010 0.500000000 0.159999996
v 0.240000010 0.500000000 0.090000004
v 0.259791344 0.599497676 0.159999996
v 0.259791344 0.599497676 0.090000004
v 0.316152245 0.683847785 0.159999996
v 0.316152245 0.683847785 0.090000004
v 0.400502324 0.740208626 0.159999996
v 0.400502324 0.740208626 0.090000004
v 0.500000000 0.759999990 0.159999996
v 0.500000000 0.759999990 0.090000004
v 0.599497676 0.740208626 0.159999996
v 0.599497676 0.740208626 0.090000004
v 0.683847785 0.683847785 0.159999996
v 0.683847785 0.683847785 0.090000004
v 0.740208626 0.599497676 0.159999996
v 0.740208626 0.599497676 0.090000004
v 0.730045974 0.404711843 0.090000004
v 0.749000013 0.500000000 0.090000004
v 0.676069617 0.323930413 0.090000004
v 0.595288157 0.269954026 0.090000004
v 0.500000000 0.250999987 0.090000004
v 0.404711843 0.269954026 0.090000004
v 0.323930413 0.323930413 0.090000004
v 0.269954026 0.404711843 0.090000004
v 0.250999987 0.500000000 0.090000004
v 0.269954026 0.595288157 0.090000004
v 0.323930413 0.676069617 0.090000004
v 0.404711843 0.730045974 0.090000004
v 0.500000000 0.749000013 0.090000004
v 0.595288157 0.730045974 0.090000004
v 0.676069617 0.676069617 0.090000004
v 0.730045974 0.595288157 0.090000004
v 0.730045974 0.404711843 0.159999996
v 0.749000013 0.500000000 0.159999996
v 0.676069617 0.323930413 0.159999996
v 0.595288157 0.269954026 0.159999996
v 0.500000000 0.250999987 0.159999996
v 0.404711843 0.269954026 0.159999996
v 0.323930413 0.323930413 0.159999996
v 0.269954026 0.404711843 0.159999996
v 0.250999987 0.500000000 0.159999996
v 0.269954026 0.595288157 0.159999996
v 0.323930413 0.676069617 0.159999996
v 0.404711843 0.730045974 0.159999996
v 0.500000000 0.749000013 0.159999996
v 0.595288157 0.730045974 0.159999996
v 0.676069617 0.676069617 0.159999996
v 0.730045974 0.595288157 0.159999996
v 0.805000007 0.500000000 0.075000003
v 0.796000004 0.515588462 0.075000003
v 0.777999997 0.515588462 0.075000003
v 0.768999994 0.500000000 0.075000003
v 0.777999997 0.484411538 0.075000003
v 0.796000004 0.484411538 0.075000003
v 0.796000004 0.515588462 0.010000000
v 0.805000007 0.500000000 0.010000000
v 0.796000004 0.484411538 0.010000000
v 0.777999997 0.484411538 0.010000000
v 0.768999994 0.500000000 0.010000000
v 0.777999997 0.515588462 0.010000000
v 0.518000007 0.213000000 0.075000003
v 0.509000003 0.228588462 0.075000003
v 0.490999997 0.228588462 0.075000003
v 0.481999993 0.213000000 0.075000003
v 0.490999997 0.197411537 0.075000003
v 0.509000003 0.197411537 0.075000003
v 0.509000003 0.228588462 0.010000000
v 0.518000007 0.213000000 0.010000000
v 0.509000003 0.197411537 0.010000000
v 0.490999997 0.197411537 0.010000000
v 0.481999993 0.213000000 0.010000000
v 0.490999997 0.228588462 0.010000000
v 0.231000006 0.500000000 0.075000003
v 0.222000003 0.515588462 0.075000003
v 0.203999996 0.515588462 0.075000003
v 0.194999993 0.500000000 0.075000003
v 0.203999996 0.484411538 0.075000003
v 0.222000003 0.484411538 0.075000003
v 0.222000003 0.515588462 0.010000000
v 0.231000006 0.500000000 0.010000000
v 0.222000003 0.484411538 0.010000000
v 0.203999996 0.484411538 0.010000000
v 0.194999993 0.500000000 0.010000000
v 0.203999996 0.515588462 0.010000000
v 0.518000007 0.787000000 0.075000003
v 0.509000003 0.802588463 0.075000003
v 0.490999997 0.802588463 0.075000003
v 0.481999993 0.787000000 0.075000003
v 0.490999997 0.771411538 0.075000003
v 0.509000003 0.771411538 0.075000003
v 0.509000003 0.802588463 0.010000000
v 0.518000007 0.787000000 0.010000000
v 0.509000003 0.771411538 0.010000000
v 0.490999997 0.771411538 0.010000000
v 0.481999993 0.787000000 0.010000000
v 0.490999997 0.802588463 0.010000000
v 0.185000002 0.500000000 0.935000002
v 0.208977968 0.379454732 0.935000002
v 0.208977968 0.379454732 1.000000000
v 0.185000002 0.500000000 1.000000000
v 0.277261376 0.277261376 0.935000002
v 0.277261376 0.277261376 1.000000000
v 0.379454732 0.208977968 0.935000002
v 0.379454732 0.208977968 1.000000000
v 0.500000000 0.185000002 0.935000002
v 0.500000000 0.185000002 1.000000000
v 0.620545268 0.208977968 0.935000002
v 0.620545268 0.208977968 1.000000000
v 0.722738624 0.277261376 0.935000002
v 0.722738624 0.277261376 1.000000000
v 0.791022062 0.379454732 0.935000002
v 0.791022062 0.379454732 1.000000000
v 0.814999998 0.500000000 0.935000002
v 0.814999998 0.500000000 1.000000000
v 0.791022062 0.620545268 0.935000002
v 0.791022062 0.620545268 1.000000000
v 0.722738624 0.722738624 0.935000002
v 0.722738624 0.722738624 1.000000000
v 0.620545268 0.791022062 0.935000002
v 0.620545268 0.791022062 1.000000000
v 0.500000000 0.814999998 0.935000002
v 0.500000000 0.814999998 1.000000000
v 0.379454732 0.791022062 0.935000002
v 0.379454732 0.791022062 1.000000000
v 0.277261376 0.722738624 0.935000002
v 0.277261376 0.722738624 1.000000000
v 0.208977968 0.620545268 0.935000002
v 0.208977968 0.620545268 1.000000000
v 0.310604692 0.421549916 0.935000002
v 0.295000017 0.500000000 0.935000002
v 0.355043113 0.355043113 0.935000002
v 0.421549916 0.310604692 0.935000002
v 0.500000000 0.295000017 0.935000002
v 0.578450084 0.310604692 0.935000002
v 0.644956887 0.355043113 0.935000002
v 0.689395308 0.421549916 0.935000002
v 0.704999983 0.500000000 0.935000002
v 0.689395308 0.578450084 0.935000002
v 0.644956887 0.644956887 0.935000002
v 0.578450084 0.689395308 0.935000002
v 0.500000000 0.704999983 0.935000002
v 0.421549916 0.689395308 0.935000002
v 0.355043113 0.644956887 0.935000002
v 0.310604692 0.578450084 0.935000002
v 0.240000010 0.500000000 0.840000033
v 0.259791344 0.400502324 0.840000033
v 0.259791344 0.400502324 0.909999967
v 0.240000010 0.500000000 0.909999967
v 0.316152245 0.316152245 0.840000033
v 0.316152245 0.316152245 0.909999967
v 0.400502324 0.259791344 0.840000033
v 0.400502324 0.259791344 0.909999967
v 0.500000000 0.240000010 0.840000033
v 0.500000000 0.240000010 0.909999967
v 0.599497676 0.259791344 0.840000033
v 0.599497676 0.259791344 0.909999967
v 0.683847785 0.316152245 0.840000033
v 0.683847785 0.316152245 0.909999967
v 0.740208626 0.400502324 0.840000033
v 0.740208626 0.400502324 0.909999967
v 0.759999990 0.500000000 0.840000033
v 0.759999990 0.500000000 0.909999967
v 0.740208626 0.599497676 0.840000033
v 0.740208626 0.599497676 0.909999967
v 0.683847785 0.683847785 0.840000033
v 0.683847785 0.683847785 0.909999967
v 0.599497676 0.740208626 0.840000033
v 0.599497676 0.740208626 0.909999967
v 0.500000000 0.759999990 0.840000033
v 0.500000000 0.759999990 0.909999967
v 0.400502324 0.740208626 0.840000033
v 0.400502324 0.740208626 0.909999967
v 0.316152245 0.683847785 0.840000033
v 0.316152245 0.683847785 0.909999967
v 0.259791344 0.599497676 0.840000033
v 0.259791344 0.599497676 0.909999967
v 0.269954026 0.404711843 0.909999967
v 0.250999987 0.500000000 0.909999967
v 0.323930413 0.323930413 0.909999967
v 0.404711843 0.269954026 0.909999967
v 0.500000000 0.250999987 0.909999967
v 0.595288157 0.269954026 0.909999967
v 0.676069617 0.323930413 0.909999967
v 0.730045974 0.404711843 0.909999967
v 0.749000013 0.500000000 0.909999967
v 0.730045974 0.595288157 0.909999967
v 0.676069617 0.676069617 0.909999967
v 0.595288157 0.730045974 0.909999967
v 0.500000000 0.749000013 0.909999967
v 0.404711843 0.730045974 0.909999967
v 0.323930413 0.676069617 0.909999967
v 0.269954026 0.595288157 0.909999967
v 0.269954026 0.404711843 0.840000033
v 0.250999987 0.500000000 0.840000033
v 0.323930413 0.323930413 0.840000033
v 0.404711843 0.269954026 0.840000033
v 0.500000000 0.250999987 0.840000033
v 0.595288157 0.269954026 0.840000033
v 0.676069617 0.323930413 0.840000033
v 0.730045974 0.404711843 0.840000033
v 0.749000013 0.500000000 0.840000033
v 0.730045974 0.595288157 0.840000033
v 0.676069617 0.676069617 0.840000033
v 0.595288157 0.730045974 0.840000033
v 0.500000000 0.749000013 0.840000033
v 0.404711843 0.730045974 0.840000033
v 0.323930413 0.676069617 0.840000033
v 0.269954026 0.595288157 0.840000033
v 0.194999993 0.500000000 0.925000012
v 0.203999996 0.515588462 0.925000012
v 0.222000003 0.515588462 0.925000012
v 0.231000006 0.500000000 0.925000012
v 0.222000003 0.484411538 0.925000012
v 0.203999996 0.484411538 0.925000012
v 0.203999996 0.515588462 0.990000010
v 0.194999993 0.500000000 0.990000010
v 0.203999996 0.484411538 0.990000010
v 0.222000003 0.484411538 0.990000010
v 0.231000006 0.500000000 0.990000010
v 0.222000003 0.515588462 0.990000010
v 0.481999993 0.213000000 0.925000012
v 0.490999997 0.228588462 0.925000012
v 0.509000003 0.228588462 0.925000012
v 0.518000007 0.213000000 0.925000012
v 0.509000003 0.197411537 0.925000012
v 0.490999997 0.197411537 0.925000012
v 0.490999997 0.228588462 0.990000010
v 0.481999993 0.213000000 0.990000010
v 0.490999997 0.197411537 0.990000010
v 0.509000003 0.197411537 0.990000010
v 0.518000007 0.213000000 0.990000010
v 0.509000003 0.228588462 0.990000010
v 0.768999994 0.500000000 0.925000012
v 0.777999997 0.515588462 0.925000012
v 0.796000004 0.515588462 0.925000012
v 0.805000007 0.500000000 0.925000012
v 0.796000004 0.484411538 0.925000012
v 0.777999997 0.484411538 0.925000012
v 0.777999997 0.515588462 0.990000010
v 0.768999994 0.500000000 0.990000010
v 0.777999997 0.484411538 0.990000010
v 0.796000004 0.484411538 0.990000010
v 0.805000007 0.500000000 0.990000010
v 0.796000004 0.515588462 0.990000010
v 0.481999993 0.787000000 0.925000012
v 0.490999997 0.802588463 0.925000012
v 0.509000003 0.802588463 0.925000012
v 0.518000007 0.787000000 0.925000012
v 0.509000003 0.771411538 0.925000012
v 0.490999997 0.771411538 0.925000012
v 0.490999997 0.802588463 0.990000010
v 0.481999993 0.787000000 0.990000010
v 0.490999997 0.771411538 0.990000010
v 0.509000003 0.771411538 0.990000010
v 0.518000007 0.787000000 0.990000010
v 0.509000003 0.802588463 0.990000010
v 0.064999998 0.500000000 0.185000002
v 0.064999998 0.379454732 0.208977968
v 0.000000000 0.379454732 0.208977968
v 0.000000000 0.500000000 0.185000002
v 0.064999998 0.277261376 0.277261376
v 0.000000000 0.277261376 0.277261376
v 0.064999998 0.208977968 0.379454732
v 0.000000000 0.208977968 0.379454732
v 0.064999998 0.185000002 0.500000000
v 0.000000000 0.185000002 0.500000000
v 0.064999998 0.208977968 0.620545268
v 0.000000000 0.208977968 0.620545268
v 0.064999998 0.277261376 0.722738624
v 0.000000000 0.277261376 0.722738624
v 0.064999998 0.379454732 0.791022062
v 0.000000000 0.379454732 0.791022062
v 0.064999998 0.500000000 0.814999998
v 0.000000000 0.500000000 0.814999998
v 0.064999998 0.620545268 0.791022062
v 0.000000000 0.620545268 0.791022062
v 0.064999998 0.722738624 0.722738624
v 0.000000000 0.722738624 0.722738624
v 0.064999998 0.791022062 0.620545268
v 0.000000000 0.791022062 0.620545268
v 0.064999998 0.814999998 0.500000000
v 0.000000000 0.814999998 0.500000000
v 0.064999998 0.791022062 0.379454732
v 0.000000000 0.791022062 0.379454732
v 0.064999998 0.722738624 0.277261376
v 0.000000000 0.722738624 0.277261376
v 0.064999998 0.620545268 0.208977968
v 0.000000000 0.620545268 0.208977968
v 0.064999998 0.421549916 0.310604692
v 0.064999998 0.500000000 0.295000017
v 0.064999998 0.355043113 0.355043113
v 0.064999998 0.310604692 0.421549916
v 0.064999998 0.295000017 0.500000000
v 0.064999998 0.310604692 0.578450084
v 0.064999998 0.355043113 0.644956887
v 0.064999998 0.421549916 0.689395308
v 0.064999998 0.500000000 0.704999983
v 0.064999998 0.578450084 0.689395308
v 0.064999998 0.644956887 0.644956887
v 0.064999998 0.689395308 0.578450084
v 0.064999998 0.704999983 0.500000000
v 0.064999998 0.689395308 0.421549916
v 0.064999998 0.644956887 0.355043113
v 0.064999998 0.578450084 0.310604692
v 0.159999996 0.500000000 0.240000010
v 0.159999996 0.400502324 0.259791344
v 0.090000004 0.400502324 0.259791344
v 0.090000004 0.500000000 0.240000010
v 0.159999996 0.316152245 0.316152245
v 0.090000004 0.316152245 0.316152245
v 0.159999996 0.259791344 0.400502324
v 0.090000004 0.259791344 0.400502324
v 0.159999996 0.240000010 0.500000000
v 0.090000004 0.240000010 0.500000000
v 0.159999996 0.259791344 0.599497676
v 0.090000004 0.259791344 0.599497676
v 0.159999996 0.316152245 0.683847785
v 0.090000004 0.316152245 0.683847785
v 0.159999996 0.400502324 0.740208626
v 0.090000004 0.400502324 0.740208626
v 0.159999996 0.500000000 0.759999990
v 0.090000004 0.500000000 0.759999990
v 0.159999996 0.599497676 0.740208626
v 0.090000004 0.599497676 0.740208626
v 0.159999996 0.683847785 0.683847785
v 0.090000004 0.683847785 0.683847785
v 0.159999996 0.740208626 0.599497676
v 0.090000004 0.740208626 0.599497676
v 0.159999996 0.759999990 0.500000000
v 0.090000004 0.759999990 0.500000000
v 0.159999996 0.740208626 0.400502324
v 0.090000004 0.740208626 0.400502324
v 0.159999996 0.683847785 0.316152245
v 0.090000004 0.683847785 0.316152245
v 0.159999996 0.599497676 0.259791344
v 0.090000004 0.599497676 0.259791344
v 0.090000004 0.404711843 0.269954026
v 0.090000004 0.500000000 0.250999987
v 0.090000004 0.323930413 0.323930413
v 0.090000004 0.269954026 0.404711843
v 0.090000004 0.250999987 0.500000000
v 0.090000004 0.269954026 0.595288157
v 0.090000004 0.323930413 0.676069617
v 0.090000004 0.404711843 0.730045974
v 0.090000004 0.500000000 0.749000013
v 0.090000004 0.595288157 0.730045974
v 0.090000004 0.676069617 0.676069617
v 0.090000004 0.730045974 0.595288157
v 0.090000004 0.749000013 0.500000000
v 0.090000004 0.730045974 0.404711843
v 0.090000004 0.676069617 0.323930413
v 0.090000004 0.595288157 0.269954026
v 0.159999996 0.404711843 0.269954026
v 0.159999996 0.500000000 0.250999987
v 0.159999996 0.323930413 0.323930413
v 0.159999996 0.269954026 0.404711843
v 0.159999996 0.250999987 0.500000000
v 0.159999996 0.269954026 0.595288157
v 0.159999996 0.323930413 0.676069617
v 0.159999996 0.404711843 0.730045974
v 0.159999996 0.500000000 0.749000013
v 0.159999996 0.595288157 0.730045974
v 0.159999996 0.676069617 0.676069617
v 0.159999996 0.730045974 0.595288157
v 0.159999996 0.749000013 0.500000000
v 0.159999996 0.730045974 0.404711843
v 0.159999996 0.676069617 0.323930413
v 0.159999996 0.595288157 0.269954026
v 0.075000003 0.500000000 0.194999993
v 0.075000003 0.515588462 0.203999996
v 0.075000003 0.515588462 0.222000003
v 0.075000003 0.500000000 0.231000006
v 0.075000003 0.484411538 0.222000003
v 0.075000003 0.484411538 0.203999996
v 0.010000000 0.515588462 0.203999996
v 0.010000000 0.500000000 0.194999993
v 0.010000000 0.484411538 0.203999996
v 0.010000000 0.484411538 0.222000003
v 0.010000000 0.500000000 0.231000006
v 0.010000000 0.515588462 0.222000003
v 0.075000003 0.213000000 0.481999993
v 0.075000003 0.228588462 0.490999997
v 0.075000003 0.228588462 0.509000003
v 0.075000003 0.213000000 0.518000007
v 0.075000003 0.197411537 0.509000003
v 0.075000003 0.197411537 0.490999997
v 0.010000000 0.228588462 0.490999997
v 0.010000000 0.213000000 0.481999993
v 0.010000000 0.197411537 0.490999997
v 0.010000000 0.197411537 0.509000003
v 0.010000000 0.213000000 0.518000007
v 0.010000000 0.228588462 0.509000003
v 0.075000003 0.500000000 0.768999994
v 0.075000003 0.515588462 0.777999997
v 0.075000003 0.515588462 0.796000004
v 0.075000003 0.500000000 0.805000007
v 0.075000003 0.484411538 0.796000004
v 0.075000003 0.484411538 0.777999997
v 0.010000000 0.515588462 0.777999997
v 0.010000000 0.500000000 0.768999994
v 0.010000000 0.484411538 0.777999997
v 0.010000000 0.484411538 0.796000004
v 0.010000000 0.500000000 0.805000007
v 0.010000000 0.515588462 0.796000004
v 0.075000003 0.787000000 0.481999993
v 0.075000003 0.802588463 0.490999997
v 0.075000003 0.802588463 0.509000003
v 0.075000003 0.787000000 0.518000007
v 0.075000003 0.771411538 0.509000003
v 0.075000003 0.771411538 0.490999997
v 0.010000000 0.802588463 0.490999997
v 0.010000000 0.787000000 0.481999993
v 0.010000000 0.771411538 0.490999997
v 0.010000000 0.771411538 0.509000003
v 0.010000000 0.787000000 0.518000007
v 0.010000000 0.802588463 0.509000003
v 0.935000002 0.500000000 0.814999998
v 0.935000002 0.379454732 0.791022062
v 1.000000000 0.379454732 0.791022062
v 1.000000000 0.500000000 0.814999998
v 0.935000002 0.277261376 0.722738624
v 1.000000000 0.277261376 0.722738624
v 0.935000002 0.208977968 0.620545268
v 1.000000000 0.208977968 0.620545268
v 0.935000002 0.185000002 0.500000000
v 1.000000000 0.185000002 0.500000000
v 0.935000002 0.208977968 0.379454732
v 1.000000000 0.208977968 0.379454732
v 0.935000002 0.277261376 0.277261376
v 1.000000000 0.277261376 0.277261376
v 0.935000002 0.379454732 0.208977968
v 1.000000000 0.379454732 0.208977968
v 0.935000002 0.500000000 0.185000002
v 1.000000000 0.500000000 0.185000002
v 0.935000002 0.620545268 0.208977968
v 1.000000000 0.620545268 0.208977968
v 0.935000002 0.722738624 0.277261376
v 1.000000000 0.722738624 0.277261376
v 0.935000002 0.791022062 0.379454732
v 1.000000000 0.791022062 0.379454732
v 0.935000002 0.814999998 0.500000000
v 1.000000000 0.814999998 0.500000000
v 0.935000002 0.791022062 0.620545268
v 1.000000000 0.791022062 0.620545268
v 0.935000002 0.722738624 0.722738624
v 1.000000000 0.722738624 0.722738624
v 0.935000002 0.620545268 0.791022062
v 1.000000000 0.620545268 0.791022062
v 0.935000002 0.421549916 0.689395308
v 0.935000002 0.500000000 0.704999983
v 0.935000002 0.355043113 0.644956887
v 0.935000002 0.310604692 0.578450084
v 0.935000002 0.295000017 0.500000000
v 0.935000002 0.310604692 0.421549916
v 0.935000002 0.355043113 0.355043113
v 0.935000002 0.421549916 0.310604692
v 0.935000002 0.500000000 0.295000017
v 0.935000002 0.578450084 0.310604692
v 0.935000002 0.644956887 0.355043113
v 0.935000002 0.689395308 0.421549916
v 0.935000002 0.704999983 0.500000000
v 0.935000002 0.689395308 0.578450084
v 0.935000002 0.644956887 0.644956887
v 0.935000002 0.578450084 0.689395308
v 0.840000033 0.500000000 0.759999990
v 0.840000033 0.400502324 0.740208626
v 0.909999967 0.400502324 0.740208626
v 0.909999967 0.500000000 0.759999990
v 0.840000033 0.316152245 0.683847785
v 0.909999967 0.316152245 0.683847785
v 0.840000033 0.259791344 0.599497676
v 0.909999967 0.259791344 0.599497676
v 0.840000033 0.240000010 0.500000000
v 0.909999967 0.240000010 0.500000000
v 0.840000033 0.259791344 0.400502324
v 0.909999967 0.259791344 0.400502324
v 0.840000033 0.316152245 0.316152245
v 0.909999967 0.316152245 0.316152245
v 0.840000033 0.400502324 0.259791344
v 0.909999967 0.400502324 0.259791344
v 0.840000033 0.500000000 0.240000010
v 0.909999967 0.500000000 0.240000010
v 0.840000033 0.599497676 0.259791344
v 0.909999967 0.599497676 0.259791344
v 0.840000033 0.683847785 0.316152245
v 0.909999967 0.683847785 0.316152245
v 0.840000033 0.740208626 0.400502324
v 0.909999967 0.740208626 0.400502324
v 0.840000033 0.759999990 0.500000000
v 0.909999967 0.759999990 0.500000000
v 0.840000033 0.740208626 0.599497676
v 0.909999967 0.740208626 0.599497676
v 0.840000033 0.683847785 0.683847785
v 0.909999967 0.683847785 0.683847785
v 0.840000033 0.599497676 0.740208626
v 0.909999967 0.599497676 0.740208626
v 0.909999967 0.404711843 0.730045974
v 0.909999967 0.500000000 0.749000013
v 0.909999967 0.323930413 0.676069617
v 0.909999967 0.269954026 0.595288157
v 0.909999967 0.250999987 0.500000000
v 0.909999967 0.269954026 0.404711843
v 0.909999967 0.323930413 0.323930413
v 0.909999967 0.404711843 0.269954026
v 0.909999967 0.500000000 0.250999987
v 0.909999967 0.595288157 0.269954026
v 0.909999967 0.676069617 0.323930413
v 0.909999967 0.730045974 0.404711843
v 0.909999967 0.749000013 0.500000000
v 0.909999967 0.730045974 0.595288157
v 0.909999967 0.676069617 0.676069617
v 0.909999967 0.595288157 0.730045974
v 0.840000033 0.404711843 0.730045974
v 0.840000033 0.500000000 0.749000013
v 0.840000033 0.323930413 0.676069617
v 0.840000033 0.269954026 0.595288157
v 0.840000033 0.250999987 0.500000000
v 0.840000033 0.269954026 0.404711843
v 0.840000033 0.323930413 0.323930413
v 0.840000033 0.404711843 0.269954026
v 0.840000033 0.500000000 0.250999987
v 0.840000033 0.595288157 0.269954026
v 0.840000033 0.676069617 0.323930413
v 0.840000033 0.730045974 0.404711843
v 0.840000033 0.749000013 0.500000000
v 0.840000033 0.730045974 0.595288157
v 0.840000033 0.676069617 0.676069617
v 0.840000033 0.595288157 0.730045974
v 0.925000012 0.500000000 0.805000007
v 0.925000012 0.515588462 0.796000004
v 0.925000012 0.515588462 0.777999997
v 0.925000012 0.500000000 0.768999994
v 0.925000012 0.484411538 0.777999997
v 0.925000012 0.484411538 0.796000004
v 0.990000010 0.515588462 0.796000004
v 0.990000010 0.500000000 0.805000007
v 0.990000010 0.484411538 0.796000004
v 0.990000010 0.484411538 0.777999997
v 0.990000010 0.500000000 0.768999994
v 0.990000010 0.515588462 0.777999997
v 0.925000012 0.213000000 0.518000007
v 0.925000012 0.228588462 0.509000003
v 0.925000012 0.228588462 0.490999997
v 0.925000012 0.213000000 0.481999993
v 0.925000012 0.197411537 0.490999997
v 0.925000012 0.197411537 0.509000003
v 0.990000010 0.228588462 0.509000003
v 0.990000010 0.213000000 0.518000007
v 0.990000010 0.197411537 0.509000003
v 0.990000010 0.197411537 0.490999997
v 0.990000010 0.213000000 0.481999993
v 0.990000010 0.228588462 0.490999997
v 0.925000012 0.500000000 0.231000006
v 0.925000012 0.515588462 0.222000003
v 0.925000012 0.515588462 0.203999996
v 0.925000012 0.500000000 0.194999993
v 0.925000012 0.484411538 0.203999996
v 0.925000012 0.484411538 0.222000003
v 0.990000010 0.515588462 0.222000003
v 0.990000010 0.500000000 0.231000006
v 0.990000010 0.484411538 0.222000003
v 0.990000010 0.484411538 0.203999996
v 0.990000010 0.500000000 0.194999993
v 0.990000010 0.515588462 0.203999996
v 0.925000012 0.787000000 0.518000007
v 0.925000012 0.802588463 0.509000003
v 0.925000012 0.802588463 0.490999997
v 0.925000012 0.787000000 0.481999993
v 0.925000012 0.771411538 0.490999997
v 0.925000012 0.771411538 0.509000003
v 0.990000010 0.802588463 0.509000003
v 0.990000010 0.787000000 0.518000007
v 0.990000010 0.771411538 0.509000003
v 0.990000010 0.771411538 0.490999997
v 0.990000010 0.787000000 0.481999993
v 0.990000010 0.802588463 0.490999997
vt 0.500000000 0.500000000
vn 0.194943757 0.980047600 0.038776710
vn 0.165265392 0.980047605 0.110426635
vn 0.110426635 0.980047605 0.165265392
vn 0.038776710 0.980047600 0.194943757
vn -0.038776710 0.980047600 0.194943757
vn -0.110426713 0.980047602 0.165265359
vn -0.165265343 0.980047600 0.110426751
vn -0.194943757 0.980047600 0.038776710
vn -0.194943757 0.980047600 -0.038776710
vn -0.165265310 0.980047597 -0.110426829
vn -0.110426829 0.980047597 -0.165265310
vn -0.038776710 0.980047600 -0.194943757
vn 0.038776710 0.980047600 -0.194943757
vn 0.110426751 0.980047600 -0.165265343
vn 0.165265359 0.980047602 -0.110426713
vn 0.194943757 0.980047600 -0.038776710
vn 0.552208318 0.826438699 0.109841024
vn 0.552208380 0.826438669 0.109840937
vn 0.468140057 0.826438507 0.312800705
vn 0.468139473 0.826438701 0.312801066
vn 0.312800499 0.826438759 0.468139750
vn 0.312801177 0.826438565 0.468139640
vn 0.109841035 0.826438660 0.552208374
vn 0.109840931 0.826438690 0.552208350
vn -0.109841029 0.826438681 0.552208344
vn -0.109840982 0.826438664 0.552208378
vn -0.312800841 0.826438580 0.468139837
vn -0.312800992 0.826438662 0.468139592
vn -0.468139594 0.826438726 0.312800819
vn -0.468139546 0.826438642 0.312801114
vn -0.552208374 0.826438660 0.109841035
vn -0.552208350 0.826438690 0.109840931
vn -0.552208344 0.826438681 -0.109841029
vn -0.552208378 0.826438664 -0.109840982
vn -0.468139507 0.826438690 -0.312801045
vn -0.468139592 0.826438662 -0.312800992
vn -0.312801075 0.826438653 -0.468139552
vn -0.312800976 0.826438681 -0.468139568
vn -0.109841035 0.826438660 -0.552208374
vn -0.109840979 0.826438676 -0.552208361
vn 0.109841024 0.826438699 -0.552208318
vn 0.109840937 0.826438669 -0.552208380
vn 0.312800909 0.826438617 -0.468139728
vn 0.312801066 0.826438701 -0.468139473
vn 0.468139708 0.826438686 -0.312800755
vn 0.468139662 0.826438604 -0.312801039
vn 0.552208374 0.826438660 -0.109841035
vn 0.552208361 0.826438676 -0.109840979
vn 0.820325986 0.548124002 0.163172777
vn 0.820325976 0.548124012 0.163172791
vn 0.695438361 0.548124390 0.464677458
vn 0.695438868 0.548124015 0.464677140
vn 0.464677613 0.548123965 0.695438592
vn 0.464677022 0.548124340 0.695438691
vn 0.163172776 0.548124014 0.820325978
vn 0.163172792 0.548124003 0.820325982
vn -0.163172837 0.548124048 0.820325944
vn -0.163172791 0.548124012 0.820325976
vn -0.464677307 0.548124372 0.695438475
vn -0.464677099 0.548124128 0.695438807
vn -0.695438592 0.548123965 0.464677613
vn -0.695438691 0.548124340 0.464677022
vn -0.820325978 0.548124014 0.163172776
vn -0.820325982 0.548124003 0.163172792
vn -0.820325944 0.548124048 -0.163172837
vn -0.820325976 0.548124012 -0.163172791
vn -0.695438475 0.548124372 -0.464677307
vn -0.695438807 0.548124128 -0.464677099
vn -0.464677408 0.548124095 -0.695438626
vn -0.464677022 0.548124340 -0.695438691
vn -0.163172842 0.548124008 -0.820325969
vn -0.163172787 0.548124043 -0.820325957
vn 0.163172777 0.548124002 -0.820325986
vn 0.163172791 0.548124012 -0.820325976
vn 0.464677458 0.548124390 -0.695438361
vn 0.464677140 0.548124015 -0.695438868
vn 0.695438626 0.548124095 -0.464677408
vn 0.695438691 0.548124340 -0.464677022
vn 0.820325969 0.548124008 -0.163172842
vn 0.820325957 0.548124043 -0.163172787
vn 0.962637331 0.191480246 0.191480246
vn 0.962637187 0.191480608 0.191480608
vn 0.816084623 0.191480265 0.545290012
vn 0.816084611 0.191480280 0.545290024
vn 0.545290010 0.191480281 0.816084620
vn 0.545290025 0.191480266 0.816084613
vn 0.191480232 0.191480622 0.962637259
vn 0.191480621 0.191480260 0.962637253
vn -0.191480246 0.191480246 0.962637331
vn -0.191480608 0.191480608 0.962637187
vn -0.545290012 0.191480265 0.816084623
vn -0.545290024 0.191480280 0.816084611
vn -0.816084620 0.191480281 0.545290010
vn -0.816084613 0.191480266 0.545290025
vn -0.962637259 0.191480622 0.191480232
vn -0.962637253 0.191480260 0.191480621
vn -0.962637331 0.191480246 -0.191480246
vn -0.962637187 0.191480608 -0.191480608
vn -0.816084623 0.191480265 -0.545290012
vn -0.816084611 0.191480280 -0.545290024
vn -0.545290010 0.191480281 -0.816084620
vn -0.545290025 0.191480266 -0.816084613
vn -0.191480232 0.191480622 -0.962637259
vn -0.191480621 0.191480260 -0.962637253
vn 0.191480246 0.191480246 -0.962637331
vn 0.191480608 0.191480608 -0.962637187
vn 0.545290012 0.191480265 -0.816084623
vn 0.545290024 0.191480280 -0.816084611
vn 0.816084620 0.191480281 -0.545290010
vn 0.816084613 0.191480266 -0.545290025
vn 0.962637259 0.191480622 -0.191480232
vn 0.962637253 0.191480260 -0.191480621
vn 0.962637253 -0.191480260 0.191480621
vn 0.962637259 -0.191480622 0.191480232
vn 0.816084613 -0.191480266 0.545290025
vn 0.816084620 -0.191480281 0.545290010
vn 0.545290024 -0.191480280 0.816084611
vn 0.545290012 -0.191480265 0.816084623
vn 0.191480608 -0.191480608 0.962637187
vn 0.191480246 -0.191480246 0.962637331
vn -0.191480621 -0.191480260 0.962637253
vn -0.191480232 -0.191480622 0.962637259
vn -0.545290025 -0.191480266 0.816084613
vn -0.545290010 -0.191480281 0.816084620
vn -0.816084611 -0.191480280 0.545290024
vn -0.816084623 -0.191480265 0.545290012
vn -0.962637187 -0.191480608 0.191480608
vn -0.962637331 -0.191480246 0.191480246
vn -0.962637253 -0.191480260 -0.191480621
vn -0.962637259 -0.191480622 -0.191480232
vn -0.816084613 -0.191480266 -0.545290025
vn -0.816084620 -0.191480281 -0.545290010
vn -0.545290024 -0.191480280 -0.816084611
vn -0.545290012 -0.191480265 -0.816084623
vn -0.191480608 -0.191480608 -0.962637187
vn -0.191480246 -0.191480246 -0.962637331
vn 0.191480621 -0.191480260 -0.962637253
vn 0.191480232 -0.191480622 -0.962637259
vn 0.545290025 -0.191480266 -0.816084613
vn 0.545290010 -0.191480281 -0.816084620
vn 0.816084611 -0.191480280 -0.545290024
vn 0.816084623 -0.191480265 -0.545290012
vn 0.962637187 -0.191480608 -0.191480608
vn 0.962637331 -0.191480246 -0.191480246
vn 0.820325982 -0.548124003 0.163172792
vn 0.820325978 -0.548124014 0.163172776
vn 0.695438691 -0.548124340 0.464677022
vn 0.695438592 -0.548123965 0.464677613
vn 0.464677140 -0.548124015 0.695438868
vn 0.464677458 -0.548124390 0.695438361
vn 0.163172791 -0.548124012 0.820325976
vn 0.163172777 -0.548124002 0.820325986
vn -0.163172787 -0.548124043 0.820325957
vn -0.163172842 -0.548124008 0.820325969
vn -0.464677022 -0.548124340 0.695438691
vn -0.464677408 -0.548124095 0.695438626
vn -0.695438868 -0.548124015 0.464677140
vn -0.695438361 -0.548124390 0.464677458
vn -0.820325976 -0.548124012 0.163172791
vn -0.820325986 -0.548124002 0.163172777
vn -0.820325957 -0.548124043 -0.163172787
vn -0.820325969 -0.548124008 -0.163172842
vn -0.695438691 -0.548124340 -0.464677022
vn -0.695438626 -0.548124095 -0.464677408
vn -0.464677099 -0.548124128 -0.695438807
vn -0.464677307 -0.548124372 -0.695438475
vn -0.163172791 -0.548124012 -0.820325976
vn -0.163172837 -0.548124048 -0.820325944
vn 0.163172792 -0.548124003 -0.820325982
vn 0.163172776 -0.548124014 -0.820325978
vn 0.464677022 -0.548124340 -0.695438691
vn 0.464677613 -0.548123965 -0.695438592
vn 0.695438807 -0.548124128 -0.464677099
vn 0.695438475 -0.548124372 -0.464677307
vn 0.820325976 -0.548124012 -0.163172791
vn 0.820325944 -0.548124048 -0.163172837
vn 0.552208350 -0.826438690 0.109840931
vn 0.552208374 -0.826438660 0.109841035
vn 0.468139640 -0.826438565 0.312801177
vn 0.468139750 -0.826438759 0.312800499
vn 0.312801066 -0.826438701 0.468139473
vn 0.312800705 -0.826438507 0.468140057
vn 0.109840937 -0.826438669 0.552208380
vn 0.109841024 -0.826438699 0.552208318
vn -0.109840979 -0.826438676 0.552208361
vn -0.109841035 -0.826438660 0.552208374
vn -0.312801039 -0.826438604 0.468139662
vn -0.312800755 -0.826438686 0.468139708
vn -0.468139473 -0.826438701 0.312801066
vn -0.468139728 -0.826438617 0.312800909
vn -0.552208380 -0.826438669 0.109840937
vn -0.552208318 -0.826438699 0.109841024
vn -0.552208361 -0.826438676 -0.109840979
vn -0.552208374 -0.826438660 -0.109841035
vn -0.468139568 -0.826438681 -0.312800976
vn -0.468139552 -0.826438653 -0.312801075
vn -0.312800992 -0.826438662 -0.468139592
vn -0.312801045 -0.826438690 -0.468139507
vn -0.109840982 -0.826438664 -0.552208378
vn -0.109841029 -0.826438681 -0.552208344
vn 0.109840931 -0.826438690 -0.552208350
vn 0.109841035 -0.826438660 -0.552208374
vn 0.312801114 -0.826438642 -0.468139546
vn 0.312800819 -0.826438726 -0.468139594
vn 0.468139592 -0.826438662 -0.312800992
vn 0.468139837 -0.826438580 -0.312800841
vn 0.552208378 -0.826438664 -0.109840982
vn 0.552208344 -0.826438681 -0.109841029
vn 0.194943757 -0.980047600 0.038776710
vn 0.165265392 -0.980047605 0.110426635
vn 0.110426635 -0.980047605 0.165265392
vn 0.038776710 -0.980047600 0.194943757
vn -0.038776710 -0.980047600 0.194943757
vn -0.110426713 -0.980047602 0.165265359
vn -0.165265343 -0.980047600 0.110426751
vn -0.194943757 -0.980047600 0.038776710
vn -0.194943757 -0.980047600 -0.038776710
vn -0.165265310 -0.980047597 -0.110426829
vn -0.110426829 -0.980047597 -0.165265310
vn -0.038776710 -0.980047600 -0.194943757
vn 0.038776710 -0.980047600 -0.194943757
vn 0.110426751 -0.980047600 -0.165265343
vn 0.165265359 -0.980047602 -0.110426713
vn 0.194943757 -0.980047600 -0.038776710
vn -0.195090116 0.000000000 0.980785321
vn -0.555570211 0.000000000 0.831469627
vn -0.831469674 0.000000000 0.555570141
vn -0.980785275 0.000000000 0.195090351
vn -0.980785263 0.000000000 -0.195090409
vn -0.831469768 0.000000000 -0.555570000
vn -0.555570000 0.000000000 -0.831469768
vn -0.195090409 0.000000000 -0.980785263
vn 0.195090351 0.000000000 -0.980785275
vn 0.555570141 0.000000000 -0.831469674
vn 0.831469627 0.000000000 -0.555570211
vn 0.980785321 0.000000000 -0.195090116
vn 0.980785333 0.000000000 0.195090057
vn 0.831469533 0.000000000 0.555570352
vn 0.555570352 0.000000000 0.831469533
vn 0.195090057 0.000000000 0.980785333
vn 0.000000000 -1.000000000 0.000000000
vn 0.195090117 0.000000000 -0.980785321
vn 0.555570204 0.000000000 -0.831469632
vn 0.831469632 0.000000000 -0.555570204
vn 0.980785321 0.000000000 -0.195090117
vn 0.980785321 0.000000000 0.195090117
vn 0.831469632 0.000000000 0.555570204
vn 0.555570204 0.000000000 0.831469632
vn 0.195090117 0.000000000 0.980785321
vn -0.195090117 0.000000000 0.980785321
vn -0.555570204 0.000000000 0.831469632
vn -0.831469632 0.000000000 0.555570204
vn -0.980785321 0.000000000 0.195090117
vn -0.980785321 0.000000000 -0.195090117
vn -0.831469632 0.000000000 -0.555570204
vn -0.555570204 0.000000000 -0.831469632
vn -0.195090117 0.000000000 -0.980785321
vn 0.000000000 1.000000000 0.000000000
vn 0.980785321 -0.195090116 0.000000000
vn 0.831469627 -0.555570211 0.000000000
vn 0.555570141 -0.831469674 0.000000000
vn 0.195090351 -0.980785275 0.000000000
vn -0.195090409 -0.980785263 0.000000000
vn -0.555570000 -0.831469768 0.000000000
vn -0.831469768 -0.555570000 0.000000000
vn -0.980785263 -0.195090409 0.000000000
vn -0.980785275 0.195090351 0.000000000
vn -0.831469674 0.555570141 0.000000000
vn -0.555570211 0.831469627 0.000000000
vn -0.195090116 0.980785321 0.000000000
vn 0.195090057 0.980785333 0.000000000
vn 0.555570352 0.831469533 0.000000000
vn 0.831469533 0.555570352 0.000000000
vn 0.980785333 0.195090057 0.000000000
vn 0.000000000 0.000000000 -1.000000000
vn -0.980785321 0.195090117 0.000000000
vn -0.831469632 0.555570204 0.000000000
vn -0.555570204 0.831469632 0.000000000
vn -0.195090117 0.980785321 0.000000000
vn 0.195090117 0.980785321 0.000000000
vn 0.555570204 0.831469632 0.000000000
vn 0.831469632 0.555570204 0.000000000
vn 0.980785321 0.195090117 0.000000000
vn 0.980785321 -0.195090117 0.000000000
vn 0.831469632 -0.555570204 0.000000000
vn 0.555570204 -0.831469632 0.000000000
vn 0.195090117 -0.980785321 0.000000000
vn -0.195090117 -0.980785321 0.000000000
vn -0.555570204 -0.831469632 0.000000000
vn -0.831469632 -0.555570204 0.000000000
vn -0.980785321 -0.195090117 0.000000000
vn 0.000000000 0.000000000 1.000000000
vn 0.000000000 -0.195090409 -0.980785263
vn 0.000000000 -0.555570000 -0.831469768
vn 0.000000000 -0.831469768 -0.555570000
vn 0.000000000 -0.980785263 -0.195090409
vn 0.000000000 -0.980785275 0.195090351
vn 0.000000000 -0.831469674 0.555570141
vn 0.000000000 -0.555570211 0.831469627
vn 0.000000000 -0.195090116 0.980785321
vn 0.000000000 0.195090057 0.980785333
vn 0.000000000 0.555570352 0.831469533
vn 0.000000000 0.831469533 0.555570352
vn 0.000000000 0.980785333 0.195090057
vn 0.000000000 0.980785321 -0.195090116
vn 0.000000000 0.831469627 -0.555570211
vn 0.000000000 0.555570141 -0.831469674
vn 0.000000000 0.195090351 -0.980785275
vn -1.000000000 0.000000000 0.000000000
vn 0.000000000 0.195090117 0.980785321
vn 0.000000000 0.555570204 0.831469632
vn 0.000000000 0.831469632 0.555570204
vn 0.000000000 0.980785321 0.195090117
vn 0.000000000 0.980785321 -0.195090117
vn 0.000000000 0.831469632 -0.555570204
vn 0.000000000 0.555570204 -0.831469632
vn 0.000000000 0.195090117 -0.980785321
vn 0.000000000 -0.195090117 -0.980785321
vn 0.000000000 -0.555570204 -0.831469632
vn 0.000000000 -0.831469632 -0.555570204
vn 0.000000000 -0.980785321 -0.195090117
vn 0.000000000 -0.980785321 0.195090117
vn 0.000000000 -0.831469632 0.555570204
vn 0.000000000 -0.555570204 0.831469632
vn 0.000000000 -0.195090117 0.980785321
vn 1.000000000 0.000000000 0.000000000
vn -0.195090249 0.000000000 0.980785295
vn -0.555570354 0.000000000 0.831469531
vn -0.831469643 0.000000000 0.555570187
vn -0.980785249 0.000000000 0.195090482
vn -0.980785249 0.000000000 -0.195090482
vn -0.831469643 0.000000000 -0.555570187
vn -0.555570187 0.000000000 -0.831469643
vn -0.195090482 0.000000000 -0.980785249
vn 0.195090482 0.000000000 -0.980785249
vn 0.555570187 0.000000000 -0.831469643
vn 0.831469531 0.000000000 -0.555570354
vn 0.980785295 0.000000000 -0.195090249
vn 0.980785295 0.000000000 0.195090249
vn 0.831469531 0.000000000 0.555570354
vn 0.555570354 0.000000000 0.831469531
vn 0.195090249 0.000000000 0.980785295
vn -0.195090762 0.000000000 0.980785193
vn -0.555569686 0.000000000 0.831469978
vn -0.831469797 0.000000000 0.555569956
vn -0.980785249 0.000000000 0.195090479
vn -0.980785249 0.000000000 -0.195090479
vn -0.831469707 0.000000000 -0.555570092
vn -0.555570092 0.000000000 -0.831469707
vn -0.195090479 0.000000000 -0.980785249
vn 0.195090479 0.000000000 -0.980785249
vn 0.555569956 0.000000000 -0.831469797
vn 0.831469978 0.000000000 -0.555569686
vn 0.980785193 0.000000000 -0.195090762
vn 0.980785193 0.000000000 0.195090762
vn 0.831470069 0.000000000 0.555569550
vn 0.555569550 0.000000000 0.831470069
vn 0.195090762 0.000000000 0.980785193
vn 0.195090774 0.000000000 -0.980785191
vn 0.555569743 0.000000000 -0.831469940
vn 0.831469893 0.000000000 -0.555569813
vn 0.980785191 0.000000000 -0.195090774
vn 0.980785191 0.000000000 0.195090774
vn 0.831469798 0.000000000 0.555569955
vn 0.555569955 0.000000000 0.831469798
vn 0.195090774 0.000000000 0.980785191
vn -0.195090774 0.000000000 0.980785191
vn -0.555569813 0.000000000 0.831469893
vn -0.831469940 0.000000000 0.555569743
vn -0.980785191 0.000000000 0.195090774
vn -0.980785191 0.000000000 -0.195090774
vn -0.831470035 0.000000000 -0.555569601
vn -0.555569601 0.000000000 -0.831470035
vn -0.195090774 0.000000000 -0.980785191
vn -0.500000017 0.000000000 0.866025394
vn -0.500000017 0.000000000 -0.866025394
vn 0.500000017 0.000000000 -0.866025394
vn 0.500000017 0.000000000 0.866025394
vn 0.980785295 -0.195090249 0.000000000
vn 0.831469531 -0.555570354 0.000000000
vn 0.555570187 -0.831469643 0.000000000
vn 0.195090482 -0.980785249 0.000000000
vn -0.195090482 -0.980785249 0.000000000
vn -0.555570187 -0.831469643 0.000000000
vn -0.831469643 -0.555570187 0.000000000
vn -0.980785249 -0.195090482 0.000000000
vn -0.980785249 0.195090482 0.000000000
vn -0.831469643 0.555570187 0.000000000
vn -0.555570354 0.831469531 0.000000000
vn -0.195090249 0.980785295 0.000000000
vn 0.195090249 0.980785295 0.000000000
vn 0.555570354 0.831469531 0.000000000
vn 0.831469531 0.555570354 0.000000000
vn 0.980785295 0.195090249 0.000000000
vn 0.980785193 -0.195090762 0.000000000
vn 0.831469978 -0.555569686 0.000000000
vn 0.555569956 -0.831469797 0.000000000
vn 0.195090479 -0.980785249 0.000000000
vn -0.195090479 -0.980785249 0.000000000
vn -0.555570092 -0.831469707 0.000000000
vn -0.831469707 -0.555570092 0.000000000
vn -0.980785249 -0.195090479 0.000000000
vn -0.980785249 0.195090479 0.000000000
vn -0.831469797 0.555569956 0.000000000
vn -0.555569686 0.831469978 0.000000000
vn -0.195090762 0.980785193 0.000000000
vn 0.195090762 0.980785193 0.000000000
vn 0.555569550 0.831470069 0.000000000
vn 0.831470069 0.555569550 0.000000000
vn 0.980785193 0.195090762 0.000000000
vn -0.980785191 0.195090774 0.000000000
vn -0.831469940 0.555569743 0.000000000
vn -0.555569813 0.831469893 0.000000000
vn -0.195090774 0.980785191 0.000000000
vn 0.195090774 0.980785191 0.000000000
vn 0.555569955 0.831469798 0.000000000
vn 0.831469798 0.555569955 0.000000000
vn 0.980785191 0.195090774 0.000000000
vn 0.980785191 -0.195090774 0.000000000
vn 0.831469893 -0.555569813 0.000000000
vn 0.555569743 -0.831469940 0.000000000
vn 0.195090774 -0.980785191 0.000000000
vn -0.195090774 -0.980785191 0.000000000
vn -0.555569601 -0.831470035 0.000000000
vn -0.831470035 -0.555569601 0.000000000
vn -0.980785191 -0.195090774 0.000000000
vn 0.866025394 -0.500000017 0.000000000
vn -0.866025394 -0.500000017 0.000000000
vn -0.866025394 0.500000017 0.000000000
vn 0.866025394 0.500000017 0.000000000
vn 0.000000000 -0.195090482 -0.980785249
vn 0.000000000 -0.555570187 -0.831469643
vn 0.000000000 -0.831469643 -0.555570187
vn 0.000000000 -0.980785249 -0.195090482
vn 0.000000000 -0.980785249 0.195090482
vn 0.000000000 -0.831469643 0.555570187
vn 0.000000000 -0.555570354 0.831469531
vn 0.000000000 -0.195090249 0.980785295
vn 0.000000000 0.195090249 0.980785295
vn 0.000000000 0.555570354 0.831469531
vn 0.000000000 0.831469531 0.555570354
vn 0.000000000 0.980785295 0.195090249
vn 0.000000000 0.980785295 -0.195090249
vn 0.000000000 0.831469531 -0.555570354
vn 0.000000000 0.555570187 -0.831469643
vn 0.000000000 0.195090482 -0.980785249
vn 0.000000000 -0.195090479 -0.980785249
vn 0.000000000 -0.555570092 -0.831469707
vn 0.000000000 -0.831469707 -0.555570092
vn 0.000000000 -0.980785249 -0.195090479
vn 0.000000000 -0.980785249 0.195090479
vn 0.000000000 -0.831469797 0.555569956
vn 0.000000000 -0.555569686 0.831469978
vn 0.000000000 -0.195090762 0.980785193
vn 0.000000000 0.195090762 0.980785193
vn 0.000000000 0.555569550 0.831470069
vn 0.000000000 0.831470069 0.555569550
vn 0.000000000 0.980785193 0.195090762
vn 0.000000000 0.980785193 -0.195090762
vn 0.000000000 0.831469978 -0.555569686
vn 0.000000000 0.555569956 -0.831469797
vn 0.000000000 0.195090479 -0.980785249
vn 0.000000000 0.195090774 0.980785191
vn 0.000000000 0.555569955 0.831469798
vn 0.000000000 0.831469798 0.555569955
vn 0.000000000 0.980785191 0.195090774
vn 0.000000000 0.980785191 -0.195090774
vn 0.000000000 0.831469893 -0.555569813
vn 0.000000000 0.555569743 -0.831469940
vn 0.000000000 0.195090774 -0.980785191
vn 0.000000000 -0.195090774 -0.980785191
vn 0.000000000 -0.555569601 -0.831470035
vn 0.000000000 -0.831470035 -0.555569601
vn 0.000000000 -0.980785191 -0.195090774
vn 0.000000000 -0.980785191 0.195090774
vn 0.000000000 -0.831469940 0.555569743
vn 0.000000000 -0.555569813 0.831469893
vn 0.000000000 -0.195090774 0.980785191
vn 0.000000000 -0.500000017 -0.866025394
vn 0.000000000 -0.500000017 0.866025394
vn 0.000000000 0.500000017 0.866025394
vn 0.000000000 0.500000017 -0.866025394
usemtl mat_2
f 1/1/1 2/1/1 3/1/1
f 1/1/2 4/1/2 2/1/2
f 1/1/3 5/1/3 4/1/3
f 1/1/4 6/1/4 5/1/4
f 1/1/5 7/1/5 6/1/5
f 1/1/6 8/1/6 7/1/6
f 1/1/7 9/1/7 8/1/7
f 1/1/8 10/1/8 9/1/8
f 1/1/9 11/1/9 10/1/9
f 1/1/10 12/1/10 11/1/10
f 1/1/11 13/1/11 12/1/11
f 1/1/12 14/1/12 13/1/12
f 1/1/13 15/1/13 14/1/13
f 1/1/14 16/1/14 15/1/14
f 1/1/15 17/1/15 16/1/15
f 1/1/16 3/1/16 17/1/16
f 3/1/17 2/1/17 18/1/17
f 3/1/18 18/1/18 19/1/18
f 2/1/19 4/1/19 20/1/19
f 2/1/20 20/1/20 18/1/20
f 4/1/21 5/1/21 21/1/21
f 4/1/22 21/1/22 20/1/22
f 5/1/23 6/1/23 22/1/23
f 5/1/24 22/1/24 21/1/24
f 6/1/25 7/1/25 23/1/25
f 6/1/26 23/1/26 22/1/26
f 7/1/27 8/1/27 24/1/27
f 7/1/28 24/1/28 23/1/28
f 8/1/29 9/1/29 25/1/29
f 8/1/30 25/1/30 24/1/30
f 9/1/31 10/1/31 26/1/31
f 9/1/32 26/1/32 25/1/32
f 10/1/33 11/1/33 27/1/33
f 10/1/34 27/1/34 26/1/34
f 11/1/35 12/1/35 28/1/35
f 11/1/36 28/1/36 27/1/36
f 12/1/37 13/1/37 29/1/37
f 12/1/38 29/1/38 28/1/38
f 13/1/39 14/1/39 30/1/39
f 13/1/40 30/1/40 29/1/40
f 14/1/41 15/1/41 31/1/41
f 14/1/42 31/1/42 30/1/42
f 15/1/43 16/1/43 32/1/43
f 15/1/44 32/1/44 31/1/44
f 16/1/45 17/1/45 33/1/45
f 16/1/46 33/1/46 32/1/46
f 17/1/47 3/1/47 19/1/47
f 17/1/48 19/1/48 33/1/48
f 19/1/49 18/1/49 34/1/49
f 19/1/50 34/1/50 35/1/50
f 18/1/51 20/1/51 36/1/51
f 18/1/52 36/1/52 34/1/52
f 20/1/53 21/1/53 37/1/53
f 20/1/54 37/1/54 36/1/54
f 21/1/55 22/1/55 38/1/55
f 21/1/56 38/1/56 37/1/56
f 22/1/57 23/1/57 39/1/57
f 22/1/58 39/1/58 38/1/58
f 23/1/59 24/1/59 40/1/59
f 23/1/60 40/1/60 39/1/60
f 24/1/61 25/1/61 41/1/61
f 24/1/62 41/1/62 40/1/62
f 25/1/63 26/1/63 42/1/63
f 25/1/64 42/1/64 41/1/64
f 26/1/65 27/1/65 43/1/65
f 26/1/66 43/1/66 42/1/66
f 27/1/67 28/1/67 44/1/67
f 27/1/68 44/1/68 43/1/68
f 28/1/69 29/1/69 45/1/69
f 28/1/70 45/1/70 44/1/70
f 29/1/71 30/1/71 46/1/71
f 29/1/72 46/1/72 45/1/72
f 30/1/73 31/1/73 47/1/73
f 30/1/74 47/1/74 46/1/74
f 31/1/75 32/1/75 48/1/75
f 31/1/76 48/1/76 47/1/76
f 32/1/77 33/1/77 49/1/77
f 32/1/78 49/1/78 48/1/78
f 33/1/79 19/1/79 35/1/79
f 33/1/80 35/1/80 49/1/80
f 35/1/81 34/1/81 50/1/81
f 35/1/82 50/1/82 51/1/82
f 34/1/83 36/1/83 52/1/83
f 34/1/84 52/1/84 50/1/84
f 36/1/85 37/1/85 53/1/85
f 36/1/86 53/1/86 52/1/86
f 37/1/87 38/1/87 54/1/87
f 37/1/88 54/1/88 53/1/88
f 38/1/89 39/1/89 55/1/89
f 38/1/90 55/1/90 54/1/90
f 39/1/91 40/1/91 56/1/91
f 39/1/92 56/1/92 55/1/92
f 40/1/93 41/1/93 57/1/93
f 40/1/94 57/1/94 56/1/94
f 41/1/95 42/1/95 58/1/95
f 41/1/96 58/1/96 57/1/96
f 42/1/97 43/1/97 59/1/97
f 42/1/98 59/1/98 58/1/98
f 43/1/99 44/1/99 60/1/99
f 43/1/100 60/1/100 59/1/100
f 44/1/101 45/1/101 61/1/101
f 44/1/102 61/1/102 60/1/102
f 45/1/103 46/1/103 62/1/103
f 45/1/104 62/1/104 61/1/104
f 46/1/105 47/1/105 63/1/105
f 46/1/106 63/1/106 62/1/106
f 47/1/107 48/1/107 64/1/107
f 47/1/108 64/1/108 63/1/108
f 48/1/109 49/1/109 65/1/109
f 48/1/110 65/1/110 64/1/110
f 49/1/111 35/1/111 51/1/111
f 49/1/112 51/1/112 65/1/112
f 51/1/113 50/1/113 66/1/113
f 51/1/114 66/1/114 67/1/114
f 50/1/115 52/1/115 68/1/115
f 50/1/116 68/1/116 66/1/116
f 52/1/117 53/1/117 69/1/117
f 52/1/118 69/1/118 68/1/118
f 53/1/119 54/1/119 70/1/119
f 53/1/120 70/1/120 69/1/120
f 54/1/121 55/1/121 71/1/121
f 54/1/122 71/1/122 70/1/122
f 55/1/123 56/1/123 72/1/123
f 55/1/124 72/1/124 71/1/124
f 56/1/125 57/1/125 73/1/125
f 56/1/126 73/1/126 72/1/126
f 57/1/127 58/1/127 74/1/127
f 57/1/128 74/1/128 73/1/128
f 58/1/129 59/1/129 75/1/129
f 58/1/130 75/1/130 74/1/130
f 59/1/131 60/1/131 76/1/131
f 59/1/132 76/1/132 75/1/132
f 60/1/133 61/1/133 77/1/133
f 60/1/134 77/1/134 76/1/134
f 61/1/135 62/1/135 78/1/135
f 61/1/136 78/1/136 77/1/136
f 62/1/137 63/1/137 79/1/137
f 62/1/138 79/1/138 78/1/138
f 63/1/139 64/1/139 80/1/139
f 63/1/140 80/1/140 79/1/140
f 64/1/141 65/1/141 81/1/141
f 64/1/142 81/1/142 80/1/142
f 65/1/143 51/1/143 67/1/143
f 65/1/144 67/1/144 81/1/144
f 67/1/145 66/1/145 82/1/145
f 67/1/146 82/1/146 83/1/146
f 66/1/147 68/1/147 84/1/147
f 66/1/148 84/1/148 82/1/148
f 68/1/149 69/1/149 85/1/149
f 68/1/150 85/1/150 84/1/150
f 69/1/151 70/1/151 86/1/151
f 69/1/152 86/1/152 85/1/152
f 70/1/153 71/1/153 87/1/153
f 70/1/154 87/1/154 86/1/154
f 71/1/155 72/1/155 88/1/155
f 71/1/156 88/1/156 87/1/156
f 72/1/157 73/1/157 89/1/157
f 72/1/158 89/1/158 88/1/158
f 73/1/159 74/1/159 90/1/159
f 73/1/160 90/1/160 89/1/160
f 74/1/161 75/1/161 91/1/161
f 74/1/162 91/1/162 90/1/162
f 75/1/163 76/1/163 92/1/163
f 75/1/164 92/1/164 91/1/164
f 76/1/165 77/1/165 93/1/165
f 76/1/166 93/1/166 92/1/166
f 77/1/167 78/1/167 94/1/167
f 77/1/168 94/1/168 93/1/168
f 78/1/169 79/1/169 95/1/169
f 78/1/170 95/1/170 94/1/170
f 79/1/171 80/1/171 96/1/171
f 79/1/172 96/1/172 95/1/172
f 80/1/173 81/1/173 97/1/173
f 80/1/174 97/1/174 96/1/174
f 81/1/175 67/1/175 83/1/175
f 81/1/176 83/1/176 97/1/176
f 83/1/177 82/1/177 98/1/177
f 83/1/178 98/1/178 99/1/178
f 82/1/179 84/1/179 100/1/179
f 82/1/180 100/1/180 98/1/180
f 84/1/181 85/1/181 101/1/181
f 84/1/182 101/1/182 100/1/182
f 85/1/183 86/1/183 102/1/183
f 85/1/184 102/1/184 101/1/184
f 86/1/185 87/1/185 103/1/185
f 86/1/186 103/1/186 102/1/186
f 87/1/187 88/1/187 104/1/187
f 87/1/188 104/1/188 103/1/188
f 88/1/189 89/1/189 105/1/189
f 88/1/190 105/1/190 104/1/190
f 89/1/191 90/1/191 106/1/191
f 89/1/192 106/1/192 105/1/192
f 90/1/193 91/1/193 107/1/193
f 90/1/194 107/1/194 106/1/194
f 91/1/195 92/1/195 108/1/195
f 91/1/196 108/1/196 107/1/196
f 92/1/197 93/1/197 109/1/197
f 92/1/198 109/1/198 108/1/198
f 93/1/199 94/1/199 110/1/199
f 93/1/200 110/1/200 109/1/200
f 94/1/201 95/1/201 111/1/201
f 94/1/202 111/1/202 110/1/202
f 95/1/203 96/1/203 112/1/203
f 95/1/204 112/1/204 111/1/204
f 96/1/205 97/1/205 113/1/205
f 96/1/206 113/1/206 112/1/206
f 97/1/207 83/1/207 99/1/207
f 97/1/208 99/1/208 113/1/208
f 99/1/209 98/1/209 114/1/209
f 98/1/210 100/1/210 114/1/210
f 100/1/211 101/1/211 114/1/211
f 101/1/212 102/1/212 114/1/212
f 102/1/213 103/1/213 114/1/213
f 103/1/214 104/1/214 114/1/214
f 104/1/215 105/1/215 114/1/215
f 105/1/216 106/1/216 114/1/216
f 106/1/217 107/1/217 114/1/217
f 107/1/218 108/1/218 114/1/218
f 108/1/219 109/1/219 114/1/219
f 109/1/220 110/1/220 114/1/220
f 110/1/221 111/1/221 114/1/221
f 111/1/222 112/1/222 114/1/222
f 112/1/223 113/1/223 114/1/223
f 113/1/224 99/1/224 114/1/224
f 115/1/225 116/1/225 117/1/225
f 115/1/225 117/1/225 118/1/225
f 116/1/226 119/1/226 120/1/226
f 116/1/226 120/1/226 117/1/226
f 119/1/227 121/1/227 122/1/227
f 119/1/227 122/1/227 120/1/227
f 121/1/228 123/1/228 124/1/228
f 121/1/228 124/1/228 122/1/228
f 123/1/229 125/1/229 126/1/229
f 123/1/229 126/1/229 124/1/229
f 125/1/230 127/1/230 128/1/230
f 125/1/230 128/1/230 126/1/230
f 127/1/231 129/1/231 130/1/231
f 127/1/231 130/1/231 128/1/231
f 129/1/232 131/1/232 132/1/232
f 129/1/232 132/1/232 130/1/232
f 131/1/233 133/1/233 134/1/233
f 131/1/233 134/1/233 132/1/233
f 133/1/234 135/1/234 136/1/234
f 133/1/234 136/1/234 134/1/234
f 135/1/235 137/1/235 138/1/235
f 135/1/235 138/1/235 136/1/235
f 137/1/236 139/1/236 140/1/236
f 137/1/236 140/1/236 138/1/236
f 139/1/237 141/1/237 142/1/237
f 139/1/237 142/1/237 140/1/237
f 141/1/238 143/1/238 144/1/238
f 141/1/238 144/1/238 142/1/238
f 143/1/239 145/1/239 146/1/239
f 143/1/239 146/1/239 144/1/239
f 145/1/240 115/1/240 118/1/240
f 145/1/240 118/1/240 146/1/240
f 118/1/241 117/1/241 147/1/241
f 118/1/241 147/1/241 148/1/241
f 117/1/241 120/1/241 149/1/241
f 117/1/241 149/1/241 147/1/241
f 120/1/241 122/1/241 150/1/241
f 120/1/241 150/1/241 149/1/241
f 122/1/241 124/1/241 151/1/241
f 122/1/241 151/1/241 150/1/241
f 124/1/241 126/1/241 152/1/241
f 124/1/241 152/1/241 151/1/241
f 126/1/241 128/1/241 153/1/241
f 126/1/241 153/1/241 152/1/241
f 128/1/241 130/1/241 154/1/241
f 128/1/241 154/1/241 153/1/241
f 130/1/241 132/1/241 155/1/241
f 130/1/241 155/1/241 154/1/241
f 132/1/241 134/1/241 156/1/241
f 132/1/241 156/1/241 155/1/241
f 134/1/241 136/1/241 157/1/241
f 134/1/241 157/1/241 156/1/241
f 136/1/241 138/1/241 158/1/241
f 136/1/241 158/1/241 157/1/241
f 138/1/241 140/1/241 159/1/241
f 138/1/241 159/1/241 158/1/241
f 140/1/241 142/1/241 160/1/241
f 140/1/241 160/1/241 159/1/241
f 142/1/241 144/1/241 161/1/241
f 142/1/241 161/1/241 160/1/241
f 144/1/241 146/1/241 162/1/241
f 144/1/241 162/1/241 161/1/241
f 146/1/241 118/1/241 148/1/241
f 146/1/241 148/1/241 162/1/241
f 148/1/242 147/1/242 163/1/242
f 148/1/242 163/1/242 164/1/242
f 147/1/243 149/1/243 165/1/243
f 147/1/243 165/1/243 163/1/243
f 149/1/244 150/1/244 166/1/244
f 149/1/244 166/1/244 165/1/244
f 150/1/245 151/1/245 167/1/245
f 150/1/245 167/1/245 166/1/245
f 151/1/246 152/1/246 168/1/246
f 151/1/246 168/1/246 167/1/246
f 152/1/247 153/1/247 169/1/247
f 152/1/247 169/1/247 168/1/247
f 153/1/248 154/1/248 170/1/248
f 153/1/248 170/1/248 169/1/248
f 154/1/249 155/1/249 171/1/249
f 154/1/249 171/1/249 170/1/249
f 155/1/250 156/1/250 172/1/250
f 155/1/250 172/1/250 171/1/250
f 156/1/251 157/1/251 173/1/251
f 156/1/251 173/1/251 172/1/251
f 157/1/252 158/1/252 174/1/252
f 157/1/252 174/1/252 173/1/252
f 158/1/253 159/1/253 175/1/253
f 158/1/253 175/1/253 174/1/253
f 159/1/254 160/1/254 176/1/254
f 159/1/254 176/1/254 175/1/254
f 160/1/255 161/1/255 177/1/255
f 160/1/255 177/1/255 176/1/255
f 161/1/256 162/1/256 178/1/256
f 161/1/256 178/1/256 177/1/256
f 162/1/257 148/1/257 164/1/257
f 162/1/257 164/1/257 178/1/257
f 164/1/258 163/1/258 116/1/258
f 164/1/258 116/1/258 115/1/258
f 163/1/258 165/1/258 119/1/258
f 163/1/258 119/1/258 116/1/258
f 165/1/258 166/1/258 121/1/258
f 165/1/258 121/1/258 119/1/258
f 166/1/258 167/1/258 123/1/258
f 166/1/258 123/1/258 121/1/258
f 167/1/258 168/1/258 125/1/258
f 167/1/258 125/1/258 123/1/258
f 168/1/258 169/1/258 127/1/258
f 168/1/258 127/1/258 125/1/258
f 169/1/258 170/1/258 129/1/258
f 169/1/258 129/1/258 127/1/258
f 170/1/258 171/1/258 131/1/258
f 170/1/258 131/1/258 129/1/258
f 171/1/258 172/1/258 133/1/258
f 171/1/258 133/1/258 131/1/258
f 172/1/258 173/1/258 135/1/258
f 172/1/258 135/1/258 133/1/258
f 173/1/258 174/1/258 137/1/258
f 173/1/258 137/1/258 135/1/258
f 174/1/258 175/1/258 139/1/258
f 174/1/258 139/1/258 137/1/258
f 175/1/258 176/1/258 141/1/258
f 175/1/258 141/1/258 139/1/258
f 176/1/258 177/1/258 143/1/258
f 176/1/258 143/1/258 141/1/258
f 177/1/258 178/1/258 145/1/258
f 177/1/258 145/1/258 143/1/258
f 178/1/258 164/1/258 115/1/258
f 178/1/258 115/1/258 145/1/258
f 179/1/232 180/1/232 181/1/232
f 179/1/232 181/1/232 182/1/232
f 180/1/231 183/1/231 184/1/231
f 180/1/231 184/1/231 181/1/231
f 183/1/230 185/1/230 186/1/230
f 183/1/230 186/1/230 184/1/230
f 185/1/229 187/1/229 188/1/229
f 185/1/229 188/1/229 186/1/229
f 187/1/228 189/1/228 190/1/228
f 187/1/228 190/1/228 188/1/228
f 189/1/227 191/1/227 192/1/227
f 189/1/227 192/1/227 190/1/227
f 191/1/226 193/1/226 194/1/226
f 191/1/226 194/1/226 192/1/226
f 193/1/225 195/1/225 196/1/225
f 193/1/225 196/1/225 194/1/225
f 195/1/240 197/1/240 198/1/240
f 195/1/240 198/1/240 196/1/240
f 197/1/239 199/1/239 200/1/239
f 197/1/239 200/1/239 198/1/239
f 199/1/238 201/1/238 202/1/238
f 199/1/238 202/1/238 200/1/238
f 201/1/237 203/1/237 204/1/237
f 201/1/237 204/1/237 202/1/237
f 203/1/236 205/1/236 206/1/236
f 203/1/236 206/1/236 204/1/236
f 205/1/235 207/1/235 208/1/235
f 205/1/235 208/1/235 206/1/235
f 207/1/234 209/1/234 210/1/234
f 207/1/234 210/1/234 208/1/234
f 209/1/233 179/1/233 182/1/233
f 209/1/233 182/1/233 210/1/233
f 182/1/258 181/1/258 211/1/258
f 182/1/258 211/1/258 212/1/258
f 181/1/258 184/1/258 213/1/258
f 181/1/258 213/1/258 211/1/258
f 184/1/258 186/1/258 214/1/258
f 184/1/258 214/1/258 213/1/258
f 186/1/258 188/1/258 215/1/258
f 186/1/258 215/1/258 214/1/258
f 188/1/258 190/1/258 216/1/258
f 188/1/258 216/1/258 215/1/258
f 190/1/258 192/1/258 217/1/258
f 190/1/258 217/1/258 216/1/258
f 192/1/258 194/1/258 218/1/258
f 192/1/258 218/1/258 217/1/258
f 194/1/258 196/1/258 219/1/258
f 194/1/258 219/1/258 218/1/258
f 196/1/258 198/1/258 220/1/258
f 196/1/258 220/1/258 219/1/258
f 198/1/258 200/1/258 221/1/258
f 198/1/258 221/1/258 220/1/258
f 200/1/258 202/1/258 222/1/258
f 200/1/258 222/1/258 221/1/258
f 202/1/258 204/1/258 223/1/258
f 202/1/258 223/1/258 222/1/258
f 204/1/258 206/1/258 224/1/258
f 204/1/258 224/1/258 223/1/258
f 206/1/258 208/1/258 225/1/258
f 206/1/258 225/1/258 224/1/258
f 208/1/258 210/1/258 226/1/258
f 208/1/258 226/1/258 225/1/258
f 210/1/258 182/1/258 212/1/258
f 210/1/258 212/1/258 226/1/258
f 212/1/249 211/1/249 227/1/249
f 212/1/249 227/1/249 228/1/249
f 211/1/248 213/1/248 229/1/248
f 211/1/248 229/1/248 227/1/248
f 213/1/247 214/1/247 230/1/247
f 213/1/247 230/1/247 229/1/247
f 214/1/246 215/1/246 231/1/246
f 214/1/246 231/1/246 230/1/246
f 215/1/245 216/1/245 232/1/245
f 215/1/245 232/1/245 231/1/245
f 216/1/244 217/1/244 233/1/244
f 216/1/244 233/1/244 232/1/244
f 217/1/243 218/1/243 234/1/243
f 217/1/243 234/1/243 233/1/243
f 218/1/242 219/1/242 235/1/242
f 218/1/242 235/1/242 234/1/242
f 219/1/257 220/1/257 236/1/257
f 219/1/257 236/1/257 235/1/257
f 220/1/256 221/1/256 237/1/256
f 220/1/256 237/1/256 236/1/256
f 221/1/255 222/1/255 238/1/255
f 221/1/255 238/1/255 237/1/255
f 222/1/254 223/1/254 239/1/254
f 222/1/254 239/1/254 238/1/254
f 223/1/253 224/1/253 240/1/253
f 223/1/253 240/1/253 239/1/253
f 224/1/252 225/1/252 241/1/252
f 224/1/252 241/1/252 240/1/252
f 225/1/251 226/1/251 242/1/251
f 225/1/251 242/1/251 241/1/251
f 226/1/250 212/1/250 228/1/250
f 226/1/250 228/1/250 242/1/250
f 228/1/241 227/1/241 180/1/241
f 228/1/241 180/1/241 179/1/241
f 227/1/241 229/1/241 183/1/241
f 227/1/241 183/1/241 180/1/241
f 229/1/241 230/1/241 185/1/241
f 229/1/241 185/1/241 183/1/241
f 230/1/241 231/1/241 187/1/241
f 230/1/241 187/1/241 185/1/241
f 231/1/241 232/1/241 189/1/241
f 231/1/241 189/1/241 187/1/241
f 232/1/241 233/1/241 191/1/241
f 232/1/241 191/1/241 189/1/241
f 233/1/241 234/1/241 193/1/241
f 233/1/241 193/1/241 191/1/241
f 234/1/241 235/1/241 195/1/241
f 234/1/241 195/1/241 193/1/241
f 235/1/241 236/1/241 197/1/241
f 235/1/241 197/1/241 195/1/241
f 236/1/241 237/1/241 199/1/241
f 236/1/241 199/1/241 197/1/241
f 237/1/241 238/1/241 201/1/241
f 237/1/241 201/1/241 199/1/241
f 238/1/241 239/1/241 203/1/241
f 238/1/241 203/1/241 201/1/241
f 239/1/241 240/1/241 205/1/241
f 239/1/241 205/1/241 203/1/241
f 240/1/241 241/1/241 207/1/241
f 240/1/241 207/1/241 205/1/241
f 241/1/241 242/1/241 209/1/241
f 241/1/241 209/1/241 207/1/241
f 242/1/241 228/1/241 179/1/241
f 242/1/241 179/1/241 209/1/241
f 243/1/259 244/1/259 245/1/259
f 243/1/259 245/1/259 246/1/259
f 244/1/260 247/1/260 248/1/260
f 244/1/260 248/1/260 245/1/260
f 247/1/261 249/1/261 250/1/261
f 247/1/261 250/1/261 248/1/261
f 249/1/262 251/1/262 252/1/262
f 249/1/262 252/1/262 250/1/262
f 251/1/263 253/1/263 254/1/263
f 251/1/263 254/1/263 252/1/263
f 253/1/264 255/1/264 256/1/264
f 253/1/264 256/1/264 254/1/264
f 255/1/265 257/1/265 258/1/265
f 255/1/265 258/1/265 256/1/265
f 257/1/266 259/1/266 260/1/266
f 257/1/266 260/1/266 258/1/266
f 259/1/267 261/1/267 262/1/267
f 259/1/267 262/1/267 260/1/267
f 261/1/268 263/1/268 264/1/268
f 261/1/268 264/1/268 262/1/268
f 263/1/269 265/1/269 266/1/269
f 263/1/269 266/1/269 264/1/269
f 265/1/270 267/1/270 268/1/270
f 265/1/270 268/1/270 266/1/270
f 267/1/271 269/1/271 270/1/271
f 267/1/271 270/1/271 268/1/271
f 269/1/272 271/1/272 272/1/272
f 269/1/272 272/1/272 270/1/272
f 271/1/273 273/1/273 274/1/273
f 271/1/273 274/1/273 272/1/273
f 273/1/274 243/1/274 246/1/274
f 273/1/274 246/1/274 274/1/274
f 246/1/275 245/1/275 275/1/275
f 246/1/275 275/1/275 276/1/275
f 245/1/275 248/1/275 277/1/275
f 245/1/275 277/1/275 275/1/275
f 248/1/275 250/1/275 278/1/275
f 248/1/275 278/1/275 277/1/275
f 250/1/275 252/1/275 279/1/275
f 250/1/275 279/1/275 278/1/275
f 252/1/275 254/1/275 280/1/275
f 252/1/275 280/1/275 279/1/275
f 254/1/275 256/1/275 281/1/275
f 254/1/275 281/1/275 280/1/275
f 256/1/275 258/1/275 282/1/275
f 256/1/275 282/1/275 281/1/275
f 258/1/275 260/1/275 283/1/275
f 258/1/275 283/1/275 282/1/275
f 260/1/275 262/1/275 284/1/275
f 260/1/275 284/1/275 283/1/275
f 262/1/275 264/1/275 285/1/275
f 262/1/275 285/1/275 284/1/275
f 264/1/275 266/1/275 286/1/275
f 264/1/275 286/1/275 285/1/275
f 266/1/275 268/1/275 287/1/275
f 266/1/275 287/1/275 286/1/275
f 268/1/275 270/1/275 288/1/275
f 268/1/275 288/1/275 287/1/275
f 270/1/275 272/1/275 289/1/275
f 270/1/275 289/1/275 288/1/275
f 272/1/275 274/1/275 290/1/275
f 272/1/275 290/1/275 289/1/275
f 274/1/275 246/1/275 276/1/275
f 274/1/275 276/1/275 290/1/275
f 276/1/276 275/1/276 291/1/276
f 276/1/276 291/1/276 292/1/276
f 275/1/277 277/1/277 293/1/277
f 275/1/277 293/1/277 291/1/277
f 277/1/278 278/1/278 294/1/278
f 277/1/278 294/1/278 293/1/278
f 278/1/279 279/1/279 295/1/279
f 278/1/279 295/1/279 294/1/279
f 279/1/280 280/1/280 296/1/280
f 279/1/280 296/1/280 295/1/280
f 280/1/281 281/1/281 297/1/281
f 280/1/281 297/1/281 296/1/281
f 281/1/282 282/1/282 298/1/282
f 281/1/282 298/1/282 297/1/282
f 282/1/283 283/1/283 299/1/283
f 282/1/283 299/1/283 298/1/283
f 283/1/284 284/1/284 300/1/284
f 283/1/284 300/1/284 299/1/284
f 284/1/285 285/1/285 301/1/285
f 284/1/285 301/1/285 300/1/285
f 285/1/286 286/1/286 302/1/286
f 285/1/286 302/1/286 301/1/286
f 286/1/287 287/1/287 303/1/287
f 286/1/287 303/1/287 302/1/287
f 287/1/288 288/1/288 304/1/288
f 287/1/288 304/1/288 303/1/288
f 288/1/289 289/1/289 305/1/289
f 288/1/289 305/1/289 304/1/289
f 289/1/290 290/1/290 306/1/290
f 289/1/290 306/1/290 305/1/290
f 290/1/291 276/1/291 292/1/291
f 290/1/291 292/1/291 306/1/291
f 292/1/292 291/1/292 244/1/292
f 292/1/292 244/1/292 243/1/292
f 291/1/292 293/1/292 247/1/292
f 291/1/292 247/1/292 244/1/292
f 293/1/292 294/1/292 249/1/292
f 293/1/292 249/1/292 247/1/292
f 294/1/292 295/1/292 251/1/292
f 294/1/292 251/1/292 249/1/292
f 295/1/292 296/1/292 253/1/292
f 295/1/292 253/1/292 251/1/292
f 296/1/292 297/1/292 255/1/292
f 296/1/292 255/1/292 253/1/292
f 297/1/292 298/1/292 257/1/292
f 297/1/292 257/1/292 255/1/292
f 298/1/292 299/1/292 259/1/292
f 298/1/292 259/1/292 257/1/292
f 299/1/292 300/1/292 261/1/292
f 299/1/292 261/1/292 259/1/292
f 300/1/292 301/1/292 263/1/292
f 300/1/292 263/1/292 261/1/292
f 301/1/292 302/1/292 265/1/292
f 301/1/292 265/1/292 263/1/292
f 302/1/292 303/1/292 267/1/292
f 302/1/292 267/1/292 265/1/292
f 303/1/292 304/1/292 269/1/292
f 303/1/292 269/1/292 267/1/292
f 304/1/292 305/1/292 271/1/292
f 304/1/292 271/1/292 269/1/292
f 305/1/292 306/1/292 273/1/292
f 305/1/292 273/1/292 271/1/292
f 306/1/292 292/1/292 243/1/292
f 306/1/292 243/1/292 273/1/292
f 307/1/266 308/1/266 309/1/266
f 307/1/266 309/1/266 310/1/266
f 308/1/265 311/1/265 312/1/265
f 308/1/265 312/1/265 309/1/265
f 311/1/264 313/1/264 314/1/264
f 311/1/264 314/1/264 312/1/264
f 313/1/263 315/1/263 316/1/263
f 313/1/263 316/1/263 314/1/263
f 315/1/262 317/1/262 318/1/262
f 315/1/262 318/1/262 316/1/262
f 317/1/261 319/1/261 320/1/261
f 317/1/261 320/1/261 318/1/261
f 319/1/260 321/1/260 322/1/260
f 319/1/260 322/1/260 320/1/260
f 321/1/259 323/1/259 324/1/259
f 321/1/259 324/1/259 322/1/259
f 323/1/274 325/1/274 326/1/274
f 323/1/274 326/1/274 324/1/274
f 325/1/273 327/1/273 328/1/273
f 325/1/273 328/1/273 326/1/273
f 327/1/272 329/1/272 330/1/272
f 327/1/272 330/1/272 328/1/272
f 329/1/271 331/1/271 332/1/271
f 329/1/271 332/1/271 330/1/271
f 331/1/270 333/1/270 334/1/270
f 331/1/270 334/1/270 332/1/270
f 333/1/269 335/1/269 336/1/269
f 333/1/269 336/1/269 334/1/269
f 335/1/268 337/1/268 338/1/268
f 335/1/268 338/1/268 336/1/268
f 337/1/267 307/1/267 310/1/267
f 337/1/267 310/1/267 338/1/267
f 310/1/292 309/1/292 339/1/292
f 310/1/292 339/1/292 340/1/292
f 309/1/292 312/1/292 341/1/292
f 309/1/292 341/1/292 339/1/292
f 312/1/292 314/1/292 342/1/292
f 312/1/292 342/1/292 341/1/292
f 314/1/292 316/1/292 343/1/292
f 314/1/292 343/1/292 342/1/292
f 316/1/292 318/1/292 344/1/292
f 316/1/292 344/1/292 343/1/292
f 318/1/292 320/1/292 345/1/292
f 318/1/292 345/1/292 344/1/292
f 320/1/292 322/1/292 346/1/292
f 320/1/292 346/1/292 345/1/292
f 322/1/292 324/1/292 347/1/292
f 322/1/292 347/1/292 346/1/292
f 324/1/292 326/1/292 348/1/292
f 324/1/292 348/1/292 347/1/292
f 326/1/292 328/1/292 349/1/292
f 326/1/292 349/1/292 348/1/292
f 328/1/292 330/1/292 350/1/292
f 328/1/292 350/1/292 349/1/292
f 330/1/292 332/1/292 351/1/292
f 330/1/292 351/1/292 350/1/292
f 332/1/292 334/1/292 352/1/292
f 332/1/292 352/1/292 351/1/292
f 334/1/292 336/1/292 353/1/292
f 334/1/292 353/1/292 352/1/292
f 336/1/292 338/1/292 354/1/292
f 336/1/292 354/1/292 353/1/292
f 338/1/292 310/1/292 340/1/292
f 338/1/292 340/1/292 354/1/292
f 340/1/283 339/1/283 355/1/283
f 340/1/283 355/1/283 356/1/283
f 339/1/282 341/1/282 357/1/282
f 339/1/282 357/1/282 355/1/282
f 341/1/281 342/1/281 358/1/281
f 341/1/281 358/1/281 357/1/281
f 342/1/280 343/1/280 359/1/280
f 342/1/280 359/1/280 358/1/280
f 343/1/279 344/1/279 360/1/279
f 343/1/279 360/1/279 359/1/279
f 344/1/278 345/1/278 361/1/278
f 344/1/278 361/1/278 360/1/278
f 345/1/277 346/1/277 362/1/277
f 345/1/277 362/1/277 361/1/277
f 346/1/276 347/1/276 363/1/276
f 346/1/276 363/1/276 362/1/276
f 347/1/291 348/1/291 364/1/291
f 347/1/291 364/1/291 363/1/291
f 348/1/290 349/1/290 365/1/290
f 348/1/290 365/1/290 364/1/290
f 349/1/289 350/1/289 366/1/289
f 349/1/289 366/1/289 365/1/289
f 350/1/288 351/1/288 367/1/288
f 350/1/288 367/1/288 366/1/288
f 351/1/287 352/1/287 368/1/287
f 351/1/287 368/1/287 367/1/287
f 352/1/286 353/1/286 369/1/286
f 352/1/286 369/1/286 368/1/286
f 353/1/285 354/1/285 370/1/285
f 353/1/285 370/1/285 369/1/285
f 354/1/284 340/1/284 356/1/284
f 354/1/284 356/1/284 370/1/284
f 356/1/275 355/1/275 308/1/275
f 356/1/275 308/1/275 307/1/275
f 355/1/275 357/1/275 311/1/275
f 355/1/275 311/1/275 308/1/275
f 357/1/275 358/1/275 313/1/275
f 357/1/275 313/1/275 311/1/275
f 358/1/275 359/1/275 315/1/275
f 358/1/275 315/1/275 313/1/275
f 359/1/275 360/1/275 317/1/275
f 359/1/275 317/1/275 315/1/275
f 360/1/275 361/1/275 319/1/275
f 360/1/275 319/1/275 317/1/275
f 361/1/275 362/1/275 321/1/275
f 361/1/275 321/1/275 319/1/275
f 362/1/275 363/1/275 323/1/275
f 362/1/275 323/1/275 321/1/275
f 363/1/275 364/1/275 325/1/275
f 363/1/275 325/1/275 323/1/275
f 364/1/275 365/1/275 327/1/275
f 364/1/275 327/1/275 325/1/275
f 365/1/275 366/1/275 329/1/275
f 365/1/275 329/1/275 327/1/275
f 366/1/275 367/1/275 331/1/275
f 366/1/275 331/1/275 329/1/275
f 367/1/275 368/1/275 333/1/275
f 367/1/275 333/1/275 331/1/275
f 368/1/275 369/1/275 335/1/275
f 368/1/275 335/1/275 333/1/275
f 369/1/275 370/1/275 337/1/275
f 369/1/275 337/1/275 335/1/275
f 370/1/275 356/1/275 307/1/275
f 370/1/275 307/1/275 337/1/275
f 371/1/293 372/1/293 373/1/293
f 371/1/293 373/1/293 374/1/293
f 372/1/294 375/1/294 376/1/294
f 372/1/294 376/1/294 373/1/294
f 375/1/295 377/1/295 378/1/295
f 375/1/295 378/1/295 376/1/295
f 377/1/296 379/1/296 380/1/296
f 377/1/296 380/1/296 378/1/296
f 379/1/297 381/1/297 382/1/297
f 379/1/297 382/1/297 380/1/297
f 381/1/298 383/1/298 384/1/298
f 381/1/298 384/1/298 382/1/298
f 383/1/299 385/1/299 386/1/299
f 383/1/299 386/1/299 384/1/299
f 385/1/300 387/1/300 388/1/300
f 385/1/300 388/1/300 386/1/300
f 387/1/301 389/1/301 390/1/301
f 387/1/301 390/1/301 388/1/301
f 389/1/302 391/1/302 392/1/302
f 389/1/302 392/1/302 390/1/302
f 391/1/303 393/1/303 394/1/303
f 391/1/303 394/1/303 392/1/303
f 393/1/304 395/1/304 396/1/304
f 393/1/304 396/1/304 394/1/304
f 395/1/305 397/1/305 398/1/305
f 395/1/305 398/1/305 396/1/305
f 397/1/306 399/1/306 400/1/306
f 397/1/306 400/1/306 398/1/306
f 399/1/307 401/1/307 402/1/307
f 399/1/307 402/1/307 400/1/307
f 401/1/308 371/1/308 374/1/308
f 401/1/308 374/1/308 402/1/308
f 374/1/309 373/1/309 403/1/309
f 374/1/309 403/1/309 404/1/309
f 373/1/309 376/1/309 405/1/309
f 373/1/309 405/1/309 403/1/309
f 376/1/309 378/1/309 406/1/309
f 376/1/309 406/1/309 405/1/309
f 378/1/309 380/1/309 407/1/309
f 378/1/309 407/1/309 406/1/309
f 380/1/309 382/1/309 408/1/309
f 380/1/309 408/1/309 407/1/309
f 382/1/309 384/1/309 409/1/309
f 382/1/309 409/1/309 408/1/309
f 384/1/309 386/1/309 410/1/309
f 384/1/309 410/1/309 409/1/309
f 386/1/309 388/1/309 411/1/309
f 386/1/309 411/1/309 410/1/309
f 388/1/309 390/1/309 412/1/309
f 388/1/309 412/1/309 411/1/309
f 390/1/309 392/1/309 413/1/309
f 390/1/309 413/1/309 412/1/309
f 392/1/309 394/1/309 414/1/309
f 392/1/309 414/1/309 413/1/309
f 394/1/309 396/1/309 415/1/309
f 394/1/309 415/1/309 414/1/309
f 396/1/309 398/1/309 416/1/309
f 396/1/309 416/1/309 415/1/309
f 398/1/309 400/1/309 417/1/309
f 398/1/309 417/1/309 416/1/309
f 400/1/309 402/1/309 418/1/309
f 400/1/309 418/1/309 417/1/309
f 402/1/309 374/1/309 404/1/309
f 402/1/309 404/1/309 418/1/309
f 404/1/310 403/1/310 419/1/310
f 404/1/310 419/1/310 420/1/310
f 403/1/311 405/1/311 421/1/311
f 403/1/311 421/1/311 419/1/311
f 405/1/312 406/1/312 422/1/312
f 405/1/312 422/1/312 421/1/312
f 406/1/313 407/1/313 423/1/313
f 406/1/313 423/1/313 422/1/313
f 407/1/314 408/1/314 424/1/314
f 407/1/314 424/1/314 423/1/314
f 408/1/315 409/1/315 425/1/315
f 408/1/315 425/1/315 424/1/315
f 409/1/316 410/1/316 426/1/316
f 409/1/316 426/1/316 425/1/316
f 410/1/317 411/1/317 427/1/317
f 410/1/317 427/1/317 426/1/317
f 411/1/318 412/1/318 428/1/318
f 411/1/318 428/1/318 427/1/318
f 412/1/319 413/1/319 429/1/319
f 412/1/319 429/1/319 428/1/319
f 413/1/320 414/1/320 430/1/320
f 413/1/320 430/1/320 429/1/320
f 414/1/321 415/1/321 431/1/321
f 414/1/321 431/1/321 430/1/321
f 415/1/322 416/1/322 432/1/322
f 415/1/322 432/1/322 431/1/322
f 416/1/323 417/1/323 433/1/323
f 416/1/323 433/1/323 432/1/323
f 417/1/324 418/1/324 434/1/324
f 417/1/324 434/1/324 433/1/324
f 418/1/325 404/1/325 420/1/325
f 418/1/325 420/1/325 434/1/325
f 420/1/326 419/1/326 372/1/326
f 420/1/326 372/1/326 371/1/326
f 419/1/326 421/1/326 375/1/326
f 419/1/326 375/1/326 372/1/326
f 421/1/326 422/1/326 377/1/326
f 421/1/326 377/1/326 375/1/326
f 422/1/326 423/1/326 379/1/326
f 422/1/326 379/1/326 377/1/326
f 423/1/326 424/1/326 381/1/326
f 423/1/326 381/1/326 379/1/326
f 424/1/326 425/1/326 383/1/326
f 424/1/326 383/1/326 381/1/326
f 425/1/326 426/1/326 385/1/326
f 425/1/326 385/1/326 383/1/326
f 426/1/326 427/1/326 387/1/326
f 426/1/326 387/1/326 385/1/326
f 427/1/326 428/1/326 389/1/326
f 427/1/326 389/1/326 387/1/326
f 428/1/326 429/1/326 391/1/326
f 428/1/326 391/1/326 389/1/326
f 429/1/326 430/1/326 393/1/326
f 429/1/326 393/1/326 391/1/326
f 430/1/326 431/1/326 395/1/326
f 430/1/326 395/1/326 393/1/326
f 431/1/326 432/1/326 397/1/326
f 431/1/326 397/1/326 395/1/326
f 432/1/326 433/1/326 399/1/326
f 432/1/326 399/1/326 397/1/326
f 433/1/326 434/1/326 401/1/326
f 433/1/326 401/1/326 399/1/326
f 434/1/326 420/1/326 371/1/326
f 434/1/326 371/1/326 401/1/326
f 435/1/300 436/1/300 437/1/300
f 435/1/300 437/1/300 438/1/300
f 436/1/299 439/1/299 440/1/299
f 436/1/299 440/1/299 437/1/299
f 439/1/298 441/1/298 442/1/298
f 439/1/298 442/1/298 440/1/298
f 441/1/297 443/1/297 444/1/297
f 441/1/297 444/1/297 442/1/297
f 443/1/296 445/1/296 446/1/296
f 443/1/296 446/1/296 444/1/296
f 445/1/295 447/1/295 448/1/295
f 445/1/295 448/1/295 446/1/295
f 447/1/294 449/1/294 450/1/294
f 447/1/294 450/1/294 448/1/294
f 449/1/293 451/1/293 452/1/293
f 449/1/293 452/1/293 450/1/293
f 451/1/308 453/1/308 454/1/308
f 451/1/308 454/1/308 452/1/308
f 453/1/307 455/1/307 456/1/307
f 453/1/307 456/1/307 454/1/307
f 455/1/306 457/1/306 458/1/306
f 455/1/306 458/1/306 456/1/306
f 457/1/305 459/1/305 460/1/305
f 457/1/305 460/1/305 458/1/305
f 459/1/304 461/1/304 462/1/304
f 459/1/304 462/1/304 460/1/304
f 461/1/303 463/1/303 464/1/303
f 461/1/303 464/1/303 462/1/303
f 463/1/302 465/1/302 466/1/302
f 463/1/302 466/1/302 464/1/302
f 465/1/301 435/1/301 438/1/301
f 465/1/301 438/1/301 466/1/301
f 438/1/326 437/1/326 467/1/326
f 438/1/326 467/1/326 468/1/326
f 437/1/326 440/1/326 469/1/326
f 437/1/326 469/1/326 467/1/326
f 440/1/326 442/1/326 470/1/326
f 440/1/326 470/1/326 469/1/326
f 442/1/326 444/1/326 471/1/326
f 442/1/326 471/1/326 470/1/326
f 444/1/326 446/1/326 472/1/326
f 444/1/326 472/1/326 471/1/326
f 446/1/326 448/1/326 473/1/326
f 446/1/326 473/1/326 472/1/326
f 448/1/326 450/1/326 474/1/326
f 448/1/326 474/1/326 473/1/326
f 450/1/326 452/1/326 475/1/326
f 450/1/326 475/1/326 474/1/326
f 452/1/326 454/1/326 476/1/326
f 452/1/326 476/1/326 475/1/326
f 454/1/326 456/1/326 477/1/326
f 454/1/326 477/1/326 476/1/326
f 456/1/326 458/1/326 478/1/326
f 456/1/326 478/1/326 477/1/326
f 458/1/326 460/1/326 479/1/326
f 458/1/326 479/1/326 478/1/326
f 460/1/326 462/1/326 480/1/326
f 460/1/326 480/1/326 479/1/326
f 462/1/326 464/1/326 481/1/326
f 462/1/326 481/1/326 480/1/326
f 464/1/326 466/1/326 482/1/326
f 464/1/326 482/1/326 481/1/326
f 466/1/326 438/1/326 468/1/326
f 466/1/326 468/1/326 482/1/326
f 468/1/317 467/1/317 483/1/317
f 468/1/317 483/1/317 484/1/317
f 467/1/316 469/1/316 485/1/316
f 467/1/316 485/1/316 483/1/316
f 469/1/315 470/1/315 486/1/315
f 469/1/315 486/1/315 485/1/315
f 470/1/314 471/1/314 487/1/314
f 470/1/314 487/1/314 486/1/314
f 471/1/313 472/1/313 488/1/313
f 471/1/313 488/1/313 487/1/313
f 472/1/312 473/1/312 489/1/312
f 472/1/312 489/1/312 488/1/312
f 473/1/311 474/1/311 490/1/311
f 473/1/311 490/1/311 489/1/311
f 474/1/310 475/1/310 491/1/310
f 474/1/310 491/1/310 490/1/310
f 475/1/325 476/1/325 492/1/325
f 475/1/325 492/1/325 491/1/325
f 476/1/324 477/1/324 493/1/324
f 476/1/324 493/1/324 492/1/324
f 477/1/323 478/1/323 494/1/323
f 477/1/323 494/1/323 493/1/323
f 478/1/322 479/1/322 495/1/322
f 478/1/322 495/1/322 494/1/322
f 479/1/321 480/1/321 496/1/321
f 479/1/321 496/1/321 495/1/321
f 480/1/320 481/1/320 497/1/320
f 480/1/320 497/1/320 496/1/320
f 481/1/319 482/1/319 498/1/319
f 481/1/319 498/1/319 497/1/319
f 482/1/318 468/1/318 484/1/318
f 482/1/318 484/1/318 498/1/318
f 484/1/309 483/1/309 436/1/309
f 484/1/309 436/1/309 435/1/309
f 483/1/309 485/1/309 439/1/309
f 483/1/309 439/1/309 436/1/309
f 485/1/309 486/1/309 441/1/309
f 485/1/309 441/1/309 439/1/309
f 486/1/309 487/1/309 443/1/309
f 486/1/309 443/1/309 441/1/309
f 487/1/309 488/1/309 445/1/309
f 487/1/309 445/1/309 443/1/309
f 488/1/309 489/1/309 447/1/309
f 488/1/309 447/1/309 445/1/309
f 489/1/309 490/1/309 449/1/309
f 489/1/309 449/1/309 447/1/309
f 490/1/309 491/1/309 451/1/309
f 490/1/309 451/1/309 449/1/309
f 491/1/309 492/1/309 453/1/309
f 491/1/309 453/1/309 451/1/309
f 492/1/309 493/1/309 455/1/309
f 492/1/309 455/1/309 453/1/309
f 493/1/309 494/1/309 457/1/309
f 493/1/309 457/1/309 455/1/309
f 494/1/309 495/1/309 459/1/309
f 494/1/309 459/1/309 457/1/309
f 495/1/309 496/1/309 461/1/309
f 495/1/309 461/1/309 459/1/309
f 496/1/309 497/1/309 463/1/309
f 496/1/309 463/1/309 461/1/309
f 497/1/309 498/1/309 465/1/309
f 497/1/309 465/1/309 463/1/309
f 498/1/309 484/1/309 435/1/309
f 498/1/309 435/1/309 465/1/309
usemtl mat_0
f 499/1/327 500/1/327 501/1/327
f 499/1/327 501/1/327 502/1/327
f 500/1/328 503/1/328 504/1/328
f 500/1/328 504/1/328 501/1/328
f 503/1/329 505/1/329 506/1/329
f 503/1/329 506/1/329 504/1/329
f 505/1/330 507/1/330 508/1/330
f 505/1/330 508/1/330 506/1/330
f 507/1/331 509/1/331 510/1/331
f 507/1/331 510/1/331 508/1/331
f 509/1/332 511/1/332 512/1/332
f 509/1/332 512/1/332 510/1/332
f 511/1/333 513/1/333 514/1/333
f 511/1/333 514/1/333 512/1/333
f 513/1/334 515/1/334 516/1/334
f 513/1/334 516/1/334 514/1/334
f 515/1/335 517/1/335 518/1/335
f 515/1/335 518/1/335 516/1/335
f 517/1/336 519/1/336 520/1/336
f 517/1/336 520/1/336 518/1/336
f 519/1/337 521/1/337 522/1/337
f 519/1/337 522/1/337 520/1/337
f 521/1/338 523/1/338 524/1/338
f 521/1/338 524/1/338 522/1/338
f 523/1/339 525/1/339 526/1/339
f 523/1/339 526/1/339 524/1/339
f 525/1/340 527/1/340 528/1/340
f 525/1/340 528/1/340 526/1/340
f 527/1/341 529/1/341 530/1/341
f 527/1/341 530/1/341 528/1/341
f 529/1/342 499/1/342 502/1/342
f 529/1/342 502/1/342 530/1/342
f 502/1/241 501/1/241 147/1/241
f 502/1/241 147/1/241 148/1/241
f 501/1/241 504/1/241 149/1/241
f 501/1/241 149/1/241 147/1/241
f 504/1/241 506/1/241 150/1/241
f 504/1/241 150/1/241 149/1/241
f 506/1/241 508/1/241 151/1/241
f 506/1/241 151/1/241 150/1/241
f 508/1/241 510/1/241 152/1/241
f 508/1/241 152/1/241 151/1/241
f 510/1/241 512/1/241 153/1/241
f 510/1/241 153/1/241 152/1/241
f 512/1/241 514/1/241 154/1/241
f 512/1/241 154/1/241 153/1/241
f 514/1/241 516/1/241 155/1/241
f 514/1/241 155/1/241 154/1/241
f 516/1/241 518/1/241 156/1/241
f 516/1/241 156/1/241 155/1/241
f 518/1/241 520/1/241 157/1/241
f 518/1/241 157/1/241 156/1/241
f 520/1/241 522/1/241 158/1/241
f 520/1/241 158/1/241 157/1/241
f 522/1/241 524/1/241 159/1/241
f 522/1/241 159/1/241 158/1/241
f 524/1/241 526/1/241 160/1/241
f 524/1/241 160/1/241 159/1/241
f 526/1/241 528/1/241 161/1/241
f 526/1/241 161/1/241 160/1/241
f 528/1/241 530/1/241 162/1/241
f 528/1/241 162/1/241 161/1/241
f 530/1/241 502/1/241 148/1/241
f 530/1/241 148/1/241 162/1/241
f 148/1/242 147/1/242 531/1/242
f 148/1/242 531/1/242 532/1/242
f 147/1/243 149/1/243 533/1/243
f 147/1/243 533/1/243 531/1/243
f 149/1/244 150/1/244 534/1/244
f 149/1/244 534/1/244 533/1/244
f 150/1/245 151/1/245 535/1/245
f 150/1/245 535/1/245 534/1/245
f 151/1/246 152/1/246 536/1/246
f 151/1/246 536/1/246 535/1/246
f 152/1/247 153/1/247 537/1/247
f 152/1/247 537/1/247 536/1/247
f 153/1/248 154/1/248 538/1/248
f 153/1/248 538/1/248 537/1/248
f 154/1/249 155/1/249 539/1/249
f 154/1/249 539/1/249 538/1/249
f 155/1/250 156/1/250 540/1/250
f 155/1/250 540/1/250 539/1/250
f 156/1/251 157/1/251 541/1/251
f 156/1/251 541/1/251 540/1/251
f 157/1/252 158/1/252 542/1/252
f 157/1/252 542/1/252 541/1/252
f 158/1/253 159/1/253 543/1/253
f 158/1/253 543/1/253 542/1/253
f 159/1/254 160/1/254 544/1/254
f 159/1/254 544/1/254 543/1/254
f 160/1/255 161/1/255 545/1/255
f 160/1/255 545/1/255 544/1/255
f 161/1/256 162/1/256 546/1/256
f 161/1/256 546/1/256 545/1/256
f 162/1/257 148/1/257 532/1/257
f 162/1/257 532/1/257 546/1/257
f 532/1/258 531/1/258 500/1/258
f 532/1/258 500/1/258 499/1/258
f 531/1/258 533/1/258 503/1/258
f 531/1/258 503/1/258 500/1/258
f 533/1/258 534/1/258 505/1/258
f 533/1/258 505/1/258 503/1/258
f 534/1/258 535/1/258 507/1/258
f 534/1/258 507/1/258 505/1/258
f 535/1/258 536/1/258 509/1/258
f 535/1/258 509/1/258 507/1/258
f 536/1/258 537/1/258 511/1/258
f 536/1/258 511/1/258 509/1/258
f 537/1/258 538/1/258 513/1/258
f 537/1/258 513/1/258 511/1/258
f 538/1/258 539/1/258 515/1/258
f 538/1/258 515/1/258 513/1/258
f 539/1/258 540/1/258 517/1/258
f 539/1/258 517/1/258 515/1/258
f 540/1/258 541/1/258 519/1/258
f 540/1/258 519/1/258 517/1/258
f 541/1/258 542/1/258 521/1/258
f 541/1/258 521/1/258 519/1/258
f 542/1/258 543/1/258 523/1/258
f 542/1/258 523/1/258 521/1/258
f 543/1/258 544/1/258 525/1/258
f 543/1/258 525/1/258 523/1/258
f 544/1/258 545/1/258 527/1/258
f 544/1/258 527/1/258 525/1/258
f 545/1/258 546/1/258 529/1/258
f 545/1/258 529/1/258 527/1/258
f 546/1/258 532/1/258 499/1/258
f 546/1/258 499/1/258 529/1/258
usemtl mat_1
f 547/1/343 548/1/343 549/1/343
f 547/1/343 549/1/343 550/1/343
f 548/1/344 551/1/344 552/1/344
f 548/1/344 552/1/344 549/1/344
f 551/1/345 553/1/345 554/1/345
f 551/1/345 554/1/345 552/1/345
f 553/1/346 555/1/346 556/1/346
f 553/1/346 556/1/346 554/1/346
f 555/1/347 557/1/347 558/1/347
f 555/1/347 558/1/347 556/1/347
f 557/1/348 559/1/348 560/1/348
f 557/1/348 560/1/348 558/1/348
f 559/1/349 561/1/349 562/1/349
f 559/1/349 562/1/349 560/1/349
f 561/1/350 563/1/350 564/1/350
f 561/1/350 564/1/350 562/1/350
f 563/1/351 565/1/351 566/1/351
f 563/1/351 566/1/351 564/1/351
f 565/1/352 567/1/352 568/1/352
f 565/1/352 568/1/352 566/1/352
f 567/1/353 569/1/353 570/1/353
f 567/1/353 570/1/353 568/1/353
f 569/1/354 571/1/354 572/1/354
f 569/1/354 572/1/354 570/1/354
f 571/1/355 573/1/355 574/1/355
f 571/1/355 574/1/355 572/1/355
f 573/1/356 575/1/356 576/1/356
f 573/1/356 576/1/356 574/1/356
f 575/1/357 577/1/357 578/1/357
f 575/1/357 578/1/357 576/1/357
f 577/1/358 547/1/358 550/1/358
f 577/1/358 550/1/358 578/1/358
f 550/1/241 549/1/241 579/1/241
f 550/1/241 579/1/241 580/1/241
f 549/1/241 552/1/241 581/1/241
f 549/1/241 581/1/241 579/1/241
f 552/1/241 554/1/241 582/1/241
f 552/1/241 582/1/241 581/1/241
f 554/1/241 556/1/241 583/1/241
f 554/1/241 583/1/241 582/1/241
f 556/1/241 558/1/241 584/1/241
f 556/1/241 584/1/241 583/1/241
f 558/1/241 560/1/241 585/1/241
f 558/1/241 585/1/241 584/1/241
f 560/1/241 562/1/241 586/1/241
f 560/1/241 586/1/241 585/1/241
f 562/1/241 564/1/241 587/1/241
f 562/1/241 587/1/241 586/1/241
f 564/1/241 566/1/241 588/1/241
f 564/1/241 588/1/241 587/1/241
f 566/1/241 568/1/241 589/1/241
f 566/1/241 589/1/241 588/1/241
f 568/1/241 570/1/241 590/1/241
f 568/1/241 590/1/241 589/1/241
f 570/1/241 572/1/241 591/1/241
f 570/1/241 591/1/241 590/1/241
f 572/1/241 574/1/241 592/1/241
f 572/1/241 592/1/241 591/1/241
f 574/1/241 576/1/241 593/1/241
f 574/1/241 593/1/241 592/1/241
f 576/1/241 578/1/241 594/1/241
f 576/1/241 594/1/241 593/1/241
f 578/1/241 550/1/241 580/1/241
f 578/1/241 580/1/241 594/1/241
f 580/1/359 579/1/359 595/1/359
f 580/1/359 595/1/359 596/1/359
f 579/1/360 581/1/360 597/1/360
f 579/1/360 597/1/360 595/1/360
f 581/1/361 582/1/361 598/1/361
f 581/1/361 598/1/361 597/1/361
f 582/1/362 583/1/362 599/1/362
f 582/1/362 599/1/362 598/1/362
f 583/1/363 584/1/363 600/1/363
f 583/1/363 600/1/363 599/1/363
f 584/1/364 585/1/364 601/1/364
f 584/1/364 601/1/364 600/1/364
f 585/1/365 586/1/365 602/1/365
f 585/1/365 602/1/365 601/1/365
f 586/1/366 587/1/366 603/1/366
f 586/1/366 603/1/366 602/1/366
f 587/1/367 588/1/367 604/1/367
f 587/1/367 604/1/367 603/1/367
f 588/1/368 589/1/368 605/1/368
f 588/1/368 605/1/368 604/1/368
f 589/1/369 590/1/369 606/1/369
f 589/1/369 606/1/369 605/1/369
f 590/1/370 591/1/370 607/1/370
f 590/1/370 607/1/370 606/1/370
f 591/1/371 592/1/371 608/1/371
f 591/1/371 608/1/371 607/1/371
f 592/1/372 593/1/372 609/1/372
f 592/1/372 609/1/372 608/1/372
f 593/1/373 594/1/373 610/1/373
f 593/1/373 610/1/373 609/1/373
f 594/1/374 580/1/374 596/1/374
f 594/1/374 596/1/374 610/1/374
f 596/1/258 595/1/258 548/1/258
f 596/1/258 548/1/258 547/1/258
f 595/1/258 597/1/258 551/1/258
f 595/1/258 551/1/258 548/1/258
f 597/1/258 598/1/258 553/1/258
f 597/1/258 553/1/258 551/1/258
f 598/1/258 599/1/258 555/1/258
f 598/1/258 555/1/258 553/1/258
f 599/1/258 600/1/258 557/1/258
f 599/1/258 557/1/258 555/1/258
f 600/1/258 601/1/258 559/1/258
f 600/1/258 559/1/258 557/1/258
f 601/1/258 602/1/258 561/1/258
f 601/1/258 561/1/258 559/1/258
f 602/1/258 603/1/258 563/1/258
f 602/1/258 563/1/258 561/1/258
f 603/1/258 604/1/258 565/1/258
f 603/1/258 565/1/258 563/1/258
f 604/1/258 605/1/258 567/1/258
f 604/1/258 567/1/258 565/1/258
f 605/1/258 606/1/258 569/1/258
f 605/1/258 569/1/258 567/1/258
f 606/1/258 607/1/258 571/1/258
f 606/1/258 571/1/258 569/1/258
f 607/1/258 608/1/258 573/1/258
f 607/1/258 573/1/258 571/1/258
f 608/1/258 609/1/258 575/1/258
f 608/1/258 575/1/258 573/1/258
f 609/1/258 610/1/258 577/1/258
f 609/1/258 577/1/258 575/1/258
f 610/1/258 596/1/258 547/1/258
f 610/1/258 547/1/258 577/1/258
usemtl mat_0
f 611/1/258 612/1/258 613/1/258
f 613/1/258 614/1/258 615/1/258
f 615/1/258 616/1/258 611/1/258
f 613/1/258 615/1/258 611/1/258
f 617/1/241 618/1/241 619/1/241
f 619/1/241 620/1/241 621/1/241
f 621/1/241 622/1/241 617/1/241
f 619/1/241 621/1/241 617/1/241
f 611/1/375 616/1/375 619/1/375
f 611/1/375 619/1/375 618/1/375
f 616/1/309 615/1/309 620/1/309
f 616/1/309 620/1/309 619/1/309
f 615/1/376 614/1/376 621/1/376
f 615/1/376 621/1/376 620/1/376
f 614/1/377 613/1/377 622/1/377
f 614/1/377 622/1/377 621/1/377
f 613/1/326 612/1/326 617/1/326
f 613/1/326 617/1/326 622/1/326
f 612/1/378 611/1/378 618/1/378
f 612/1/378 618/1/378 617/1/378
f 623/1/258 624/1/258 625/1/258
f 625/1/258 626/1/258 627/1/258
f 627/1/258 628/1/258 623/1/258
f 625/1/258 627/1/258 623/1/258
f 629/1/241 630/1/241 631/1/241
f 631/1/241 632/1/241 633/1/241
f 633/1/241 634/1/241 629/1/241
f 631/1/241 633/1/241 629/1/241
f 623/1/375 628/1/375 631/1/375
f 623/1/375 631/1/375 630/1/375
f 628/1/309 627/1/309 632/1/309
f 628/1/309 632/1/309 631/1/309
f 627/1/376 626/1/376 633/1/376
f 627/1/376 633/1/376 632/1/376
f 626/1/377 625/1/377 634/1/377
f 626/1/377 634/1/377 633/1/377
f 625/1/326 624/1/326 629/1/326
f 625/1/326 629/1/326 634/1/326
f 624/1/378 623/1/378 630/1/378
f 624/1/378 630/1/378 629/1/378
f 635/1/258 636/1/258 637/1/258
f 637/1/258 638/1/258 639/1/258
f 639/1/258 640/1/258 635/1/258
f 637/1/258 639/1/258 635/1/258
f 641/1/241 642/1/241 643/1/241
f 643/1/241 644/1/241 645/1/241
f 645/1/241 646/1/241 641/1/241
f 643/1/241 645/1/241 641/1/241
f 635/1/375 640/1/375 643/1/375
f 635/1/375 643/1/375 642/1/375
f 640/1/309 639/1/309 644/1/309
f 640/1/309 644/1/309 643/1/309
f 639/1/376 638/1/376 645/1/376
f 639/1/376 645/1/376 644/1/376
f 638/1/377 637/1/377 646/1/377
f 638/1/377 646/1/377 645/1/377
f 637/1/326 636/1/326 641/1/326
f 637/1/326 641/1/326 646/1/326
f 636/1/378 635/1/378 642/1/378
f 636/1/378 642/1/378 641/1/378
f 647/1/258 648/1/258 649/1/258
f 649/1/258 650/1/258 651/1/258
f 651/1/258 652/1/258 647/1/258
f 649/1/258 651/1/258 647/1/258
f 653/1/241 654/1/241 655/1/241
f 655/1/241 656/1/241 657/1/241
f 657/1/241 658/1/241 653/1/241
f 655/1/241 657/1/241 653/1/241
f 647/1/375 652/1/375 655/1/375
f 647/1/375 655/1/375 654/1/375
f 652/1/309 651/1/309 656/1/309
f 652/1/309 656/1/309 655/1/309
f 651/1/376 650/1/376 657/1/376
f 651/1/376 657/1/376 656/1/376
f 650/1/377 649/1/377 658/1/377
f 650/1/377 658/1/377 657/1/377
f 649/1/326 648/1/326 653/1/326
f 649/1/326 653/1/326 658/1/326
f 648/1/378 647/1/378 654/1/378
f 648/1/378 654/1/378 653/1/378
f 659/1/334 660/1/334 661/1/334
f 659/1/334 661/1/334 662/1/334
f 660/1/333 663/1/333 664/1/333
f 660/1/333 664/1/333 661/1/333
f 663/1/332 665/1/332 666/1/332
f 663/1/332 666/1/332 664/1/332
f 665/1/331 667/1/331 668/1/331
f 665/1/331 668/1/331 666/1/331
f 667/1/330 669/1/330 670/1/330
f 667/1/330 670/1/330 668/1/330
f 669/1/329 671/1/329 672/1/329
f 669/1/329 672/1/329 670/1/329
f 671/1/328 673/1/328 674/1/328
f 671/1/328 674/1/328 672/1/328
f 673/1/327 675/1/327 676/1/327
f 673/1/327 676/1/327 674/1/327
f 675/1/342 677/1/342 678/1/342
f 675/1/342 678/1/342 676/1/342
f 677/1/341 679/1/341 680/1/341
f 677/1/341 680/1/341 678/1/341
f 679/1/340 681/1/340 682/1/340
f 679/1/340 682/1/340 680/1/340
f 681/1/339 683/1/339 684/1/339
f 681/1/339 684/1/339 682/1/339
f 683/1/338 685/1/338 686/1/338
f 683/1/338 686/1/338 684/1/338
f 685/1/337 687/1/337 688/1/337
f 685/1/337 688/1/337 686/1/337
f 687/1/336 689/1/336 690/1/336
f 687/1/336 690/1/336 688/1/336
f 689/1/335 659/1/335 662/1/335
f 689/1/335 662/1/335 690/1/335
f 662/1/258 661/1/258 211/1/258
f 662/1/258 211/1/258 212/1/258
f 661/1/258 664/1/258 213/1/258
f 661/1/258 213/1/258 211/1/258
f 664/1/258 666/1/258 214/1/258
f 664/1/258 214/1/258 213/1/258
f 666/1/258 668/1/258 215/1/258
f 666/1/258 215/1/258 214/1/258
f 668/1/258 670/1/258 216/1/258
f 668/1/258 216/1/258 215/1/258
f 670/1/258 672/1/258 217/1/258
f 670/1/258 217/1/258 216/1/258
f 672/1/258 674/1/258 218/1/258
f 672/1/258 218/1/258 217/1/258
f 674/1/258 676/1/258 219/1/258
f 674/1/258 219/1/258 218/1/258
f 676/1/258 678/1/258 220/1/258
f 676/1/258 220/1/258 219/1/258
f 678/1/258 680/1/258 221/1/258
f 678/1/258 221/1/258 220/1/258
f 680/1/258 682/1/258 222/1/258
f 680/1/258 222/1/258 221/1/258
f 682/1/258 684/1/258 223/1/258
f 682/1/258 223/1/258 222/1/258
f 684/1/258 686/1/258 224/1/258
f 684/1/258 224/1/258 223/1/258
f 686/1/258 688/1/258 225/1/258
f 686/1/258 225/1/258 224/1/258
f 688/1/258 690/1/258 226/1/258
f 688/1/258 226/1/258 225/1/258
f 690/1/258 662/1/258 212/1/258
f 690/1/258 212/1/258 226/1/258
f 212/1/249 211/1/249 691/1/249
f 212/1/249 691/1/249 692/1/249
f 211/1/248 213/1/248 693/1/248
f 211/1/248 693/1/248 691/1/248
f 213/1/247 214/1/247 694/1/247
f 213/1/247 694/1/247 693/1/247
f 214/1/246 215/1/246 695/1/246
f 214/1/246 695/1/246 694/1/246
f 215/1/245 216/1/245 696/1/245
f 215/1/245 696/1/245 695/1/245
f 216/1/244 217/1/244 697/1/244
f 216/1/244 697/1/244 696/1/244
f 217/1/243 218/1/243 698/1/243
f 217/1/243 698/1/243 697/1/243
f 218/1/242 219/1/242 699/1/242
f 218/1/242 699/1/242 698/1/242
f 219/1/257 220/1/257 700/1/257
f 219/1/257 700/1/257 699/1/257
f 220/1/256 221/1/256 701/1/256
f 220/1/256 701/1/256 700/1/256
f 221/1/255 222/1/255 702/1/255
f 221/1/255 702/1/255 701/1/255
f 222/1/254 223/1/254 703/1/254
f 222/1/254 703/1/254 702/1/254
f 223/1/253 224/1/253 704/1/253
f 223/1/253 704/1/253 703/1/253
f 224/1/252 225/1/252 705/1/252
f 224/1/252 705/1/252 704/1/252
f 225/1/251 226/1/251 706/1/251
f 225/1/251 706/1/251 705/1/251
f 226/1/250 212/1/250 692/1/250
f 226/1/250 692/1/250 706/1/250
f 692/1/241 691/1/241 660/1/241
f 692/1/241 660/1/241 659/1/241
f 691/1/241 693/1/241 663/1/241
f 691/1/241 663/1/241 660/1/241
f 693/1/241 694/1/241 665/1/241
f 693/1/241 665/1/241 663/1/241
f 694/1/241 695/1/241 667/1/241
f 694/1/241 667/1/241 665/1/241
f 695/1/241 696/1/241 669/1/241
f 695/1/241 669/1/241 667/1/241
f 696/1/241 697/1/241 671/1/241
f 696/1/241 671/1/241 669/1/241
f 697/1/241 698/1/241 673/1/241
f 697/1/241 673/1/241 671/1/241
f 698/1/241 699/1/241 675/1/241
f 698/1/241 675/1/241 673/1/241
f 699/1/241 700/1/241 677/1/241
f 699/1/241 677/1/241 675/1/241
f 700/1/241 701/1/241 679/1/241
f 700/1/241 679/1/241 677/1/241
f 701/1/241 702/1/241 681/1/241
f 701/1/241 681/1/241 679/1/241
f 702/1/241 703/1/241 683/1/241
f 702/1/241 683/1/241 681/1/241
f 703/1/241 704/1/241 685/1/241
f 703/1/241 685/1/241 683/1/241
f 704/1/241 705/1/241 687/1/241
f 704/1/241 687/1/241 685/1/241
f 705/1/241 706/1/241 689/1/241
f 705/1/241 689/1/241 687/1/241
f 706/1/241 692/1/241 659/1/241
f 706/1/241 659/1/241 689/1/241
usemtl mat_1
f 707/1/350 708/1/350 709/1/350
f 707/1/350 709/1/350 710/1/350
f 708/1/349 711/1/349 712/1/349
f 708/1/349 712/1/349 709/1/349
f 711/1/348 713/1/348 714/1/348
f 711/1/348 714/1/348 712/1/348
f 713/1/347 715/1/347 716/1/347
f 713/1/347 716/1/347 714/1/347
f 715/1/346 717/1/346 718/1/346
f 715/1/346 718/1/346 716/1/346
f 717/1/345 719/1/345 720/1/345
f 717/1/345 720/1/345 718/1/345
f 719/1/344 721/1/344 722/1/344
f 719/1/344 722/1/344 720/1/344
f 721/1/343 723/1/343 724/1/343
f 721/1/343 724/1/343 722/1/343
f 723/1/358 725/1/358 726/1/358
f 723/1/358 726/1/358 724/1/358
f 725/1/357 727/1/357 728/1/357
f 725/1/357 728/1/357 726/1/357
f 727/1/356 729/1/356 730/1/356
f 727/1/356 730/1/356 728/1/356
f 729/1/355 731/1/355 732/1/355
f 729/1/355 732/1/355 730/1/355
f 731/1/354 733/1/354 734/1/354
f 731/1/354 734/1/354 732/1/354
f 733/1/353 735/1/353 736/1/353
f 733/1/353 736/1/353 734/1/353
f 735/1/352 737/1/352 738/1/352
f 735/1/352 738/1/352 736/1/352
f 737/1/351 707/1/351 710/1/351
f 737/1/351 710/1/351 738/1/351
f 710/1/258 709/1/258 739/1/258
f 710/1/258 739/1/258 740/1/258
f 709/1/258 712/1/258 741/1/258
f 709/1/258 741/1/258 739/1/258
f 712/1/258 714/1/258 742/1/258
f 712/1/258 742/1/258 741/1/258
f 714/1/258 716/1/258 743/1/258
f 714/1/258 743/1/258 742/1/258
f 716/1/258 718/1/258 744/1/258
f 716/1/258 744/1/258 743/1/258
f 718/1/258 720/1/258 745/1/258
f 718/1/258 745/1/258 744/1/258
f 720/1/258 722/1/258 746/1/258
f 720/1/258 746/1/258 745/1/258
f 722/1/258 724/1/258 747/1/258
f 722/1/258 747/1/258 746/1/258
f 724/1/258 726/1/258 748/1/258
f 724/1/258 748/1/258 747/1/258
f 726/1/258 728/1/258 749/1/258
f 726/1/258 749/1/258 748/1/258
f 728/1/258 730/1/258 750/1/258
f 728/1/258 750/1/258 749/1/258
f 730/1/258 732/1/258 751/1/258
f 730/1/258 751/1/258 750/1/258
f 732/1/258 734/1/258 752/1/258
f 732/1/258 752/1/258 751/1/258
f 734/1/258 736/1/258 753/1/258
f 734/1/258 753/1/258 752/1/258
f 736/1/258 738/1/258 754/1/258
f 736/1/258 754/1/258 753/1/258
f 738/1/258 710/1/258 740/1/258
f 738/1/258 740/1/258 754/1/258
f 740/1/366 739/1/366 755/1/366
f 740/1/366 755/1/366 756/1/366
f 739/1/365 741/1/365 757/1/365
f 739/1/365 757/1/365 755/1/365
f 741/1/364 742/1/364 758/1/364
f 741/1/364 758/1/364 757/1/364
f 742/1/363 743/1/363 759/1/363
f 742/1/363 759/1/363 758/1/363
f 743/1/362 744/1/362 760/1/362
f 743/1/362 760/1/362 759/1/362
f 744/1/361 745/1/361 761/1/361
f 744/1/361 761/1/361 760/1/361
f 745/1/360 746/1/360 762/1/360
f 745/1/360 762/1/360 761/1/360
f 746/1/359 747/1/359 763/1/359
f 746/1/359 763/1/359 762/1/359
f 747/1/374 748/1/374 764/1/374
f 747/1/374 764/1/374 763/1/374
f 748/1/373 749/1/373 765/1/373
f 748/1/373 765/1/373 764/1/373
f 749/1/372 750/1/372 766/1/372
f 749/1/372 766/1/372 765/1/372
f 750/1/371 751/1/371 767/1/371
f 750/1/371 767/1/371 766/1/371
f 751/1/370 752/1/370 768/1/370
f 751/1/370 768/1/370 767/1/370
f 752/1/369 753/1/369 769/1/369
f 752/1/369 769/1/369 768/1/369
f 753/1/368 754/1/368 770/1/368
f 753/1/368 770/1/368 769/1/368
f 754/1/367 740/1/367 756/1/367
f 754/1/367 756/1/367 770/1/367
f 756/1/241 755/1/241 708/1/241
f 756/1/241 708/1/241 707/1/241
f 755/1/241 757/1/241 711/1/241
f 755/1/241 711/1/241 708/1/241
f 757/1/241 758/1/241 713/1/241
f 757/1/241 713/1/241 711/1/241
f 758/1/241 759/1/241 715/1/241
f 758/1/241 715/1/241 713/1/241
f 759/1/241 760/1/241 717/1/241
f 759/1/241 717/1/241 715/1/241
f 760/1/241 761/1/241 719/1/241
f 760/1/241 719/1/241 717/1/241
f 761/1/241 762/1/241 721/1/241
f 761/1/241 721/1/241 719/1/241
f 762/1/241 763/1/241 723/1/241
f 762/1/241 723/1/241 721/1/241
f 763/1/241 764/1/241 725/1/241
f 763/1/241 725/1/241 723/1/241
f 764/1/241 765/1/241 727/1/241
f 764/1/241 727/1/241 725/1/241
f 765/1/241 766/1/241 729/1/241
f 765/1/241 729/1/241 727/1/241
f 766/1/241 767/1/241 731/1/241
f 766/1/241 731/1/241 729/1/241
f 767/1/241 768/1/241 733/1/241
f 767/1/241 733/1/241 731/1/241
f 768/1/241 769/1/241 735/1/241
f 768/1/241 735/1/241 733/1/241
f 769/1/241 770/1/241 737/1/241
f 769/1/241 737/1/241 735/1/241
f 770/1/241 756/1/241 707/1/241
f 770/1/241 707/1/241 737/1/241
usemtl mat_0
f 771/1/241 772/1/241 773/1/241
f 773/1/241 774/1/241 775/1/241
f 775/1/241 776/1/241 771/1/241
f 773/1/241 775/1/241 771/1/241
f 777/1/258 778/1/258 779/1/258
f 779/1/258 780/1/258 781/1/258
f 781/1/258 782/1/258 777/1/258
f 779/1/258 781/1/258 777/1/258
f 771/1/376 776/1/376 779/1/376
f 771/1/376 779/1/376 778/1/376
f 776/1/309 775/1/309 780/1/309
f 776/1/309 780/1/309 779/1/309
f 775/1/375 774/1/375 781/1/375
f 775/1/375 781/1/375 780/1/375
f 774/1/378 773/1/378 782/1/378
f 774/1/378 782/1/378 781/1/378
f 773/1/326 772/1/326 777/1/326
f 773/1/326 777/1/326 782/1/326
f 772/1/377 771/1/377 778/1/377
f 772/1/377 778/1/377 777/1/377
f 783/1/241 784/1/241 785/1/241
f 785/1/241 786/1/241 787/1/241
f 787/1/241 788/1/241 783/1/241
f 785/1/241 787/1/241 783/1/241
f 789/1/258 790/1/258 791/1/258
f 791/1/258 792/1/258 793/1/258
f 793/1/258 794/1/258 789/1/258
f 791/1/258 793/1/258 789/1/258
f 783/1/376 788/1/376 791/1/376
f 783/1/376 791/1/376 790/1/376
f 788/1/309 787/1/309 792/1/309
f 788/1/309 792/1/309 791/1/309
f 787/1/375 786/1/375 793/1/375
f 787/1/375 793/1/375 792/1/375
f 786/1/378 785/1/378 794/1/378
f 786/1/378 794/1/378 793/1/378
f 785/1/326 784/1/326 789/1/326
f 785/1/326 789/1/326 794/1/326
f 784/1/377 783/1/377 790/1/377
f 784/1/377 790/1/377 789/1/377
f 795/1/241 796/1/241 797/1/241
f 797/1/241 798/1/241 799/1/241
f 799/1/241 800/1/241 795/1/241
f 797/1/241 799/1/241 795/1/241
f 801/1/258 802/1/258 803/1/258
f 803/1/258 804/1/258 805/1/258
f 805/1/258 806/1/258 801/1/258
f 803/1/258 805/1/258 801/1/258
f 795/1/376 800/1/376 803/1/376
f 795/1/376 803/1/376 802/1/376
f 800/1/309 799/1/309 804/1/309
f 800/1/309 804/1/309 803/1/309
f 799/1/375 798/1/375 805/1/375
f 799/1/375 805/1/375 804/1/375
f 798/1/378 797/1/378 806/1/378
f 798/1/378 806/1/378 805/1/378
f 797/1/326 796/1/326 801/1/326
f 797/1/326 801/1/326 806/1/326
f 796/1/377 795/1/377 802/1/377
f 796/1/377 802/1/377 801/1/377
f 807/1/241 808/1/241 809/1/241
f 809/1/241 810/1/241 811/1/241
f 811/1/241 812/1/241 807/1/241
f 809/1/241 811/1/241 807/1/241
f 813/1/258 814/1/258 815/1/258
f 815/1/258 816/1/258 817/1/258
f 817/1/258 818/1/258 813/1/258
f 815/1/258 817/1/258 813/1/258
f 807/1/376 812/1/376 815/1/376
f 807/1/376 815/1/376 814/1/376
f 812/1/309 811/1/309 816/1/309
f 812/1/309 816/1/309 815/1/309
f 811/1/375 810/1/375 817/1/375
f 811/1/375 817/1/375 816/1/375
f 810/1/378 809/1/378 818/1/378
f 810/1/378 818/1/378 817/1/378
f 809/1/326 808/1/326 813/1/326
f 809/1/326 813/1/326 818/1/326
f 808/1/377 807/1/377 814/1/377
f 808/1/377 814/1/377 813/1/377
f 819/1/379 820/1/379 821/1/379
f 819/1/379 821/1/379 822/1/379
f 820/1/380 823/1/380 824/1/380
f 820/1/380 824/1/380 821/1/380
f 823/1/381 825/1/381 826/1/381
f 823/1/381 826/1/381 824/1/381
f 825/1/382 827/1/382 828/1/382
f 825/1/382 828/1/382 826/1/382
f 827/1/383 829/1/383 830/1/383
f 827/1/383 830/1/383 828/1/383
f 829/1/384 831/1/384 832/1/384
f 829/1/384 832/1/384 830/1/384
f 831/1/385 833/1/385 834/1/385
f 831/1/385 834/1/385 832/1/385
f 833/1/386 835/1/386 836/1/386
f 833/1/386 836/1/386 834/1/386
f 835/1/387 837/1/387 838/1/387
f 835/1/387 838/1/387 836/1/387
f 837/1/388 839/1/388 840/1/388
f 837/1/388 840/1/388 838/1/388
f 839/1/389 841/1/389 842/1/389
f 839/1/389 842/1/389 840/1/389
f 841/1/390 843/1/390 844/1/390
f 841/1/390 844/1/390 842/1/390
f 843/1/391 845/1/391 846/1/391
f 843/1/391 846/1/391 844/1/391
f 845/1/392 847/1/392 848/1/392
f 845/1/392 848/1/392 846/1/392
f 847/1/393 849/1/393 850/1/393
f 847/1/393 850/1/393 848/1/393
f 849/1/394 819/1/394 822/1/394
f 849/1/394 822/1/394 850/1/394
f 822/1/275 821/1/275 275/1/275
f 822/1/275 275/1/275 276/1/275
f 821/1/275 824/1/275 277/1/275
f 821/1/275 277/1/275 275/1/275
f 824/1/275 826/1/275 278/1/275
f 824/1/275 278/1/275 277/1/275
f 826/1/275 828/1/275 279/1/275
f 826/1/275 279/1/275 278/1/275
f 828/1/275 830/1/275 280/1/275
f 828/1/275 280/1/275 279/1/275
f 830/1/275 832/1/275 281/1/275
f 830/1/275 281/1/275 280/1/275
f 832/1/275 834/1/275 282/1/275
f 832/1/275 282/1/275 281/1/275
f 834/1/275 836/1/275 283/1/275
f 834/1/275 283/1/275 282/1/275
f 836/1/275 838/1/275 284/1/275
f 836/1/275 284/1/275 283/1/275
f 838/1/275 840/1/275 285/1/275
f 838/1/275 285/1/275 284/1/275
f 840/1/275 842/1/275 286/1/275
f 840/1/275 286/1/275 285/1/275
f 842/1/275 844/1/275 287/1/275
f 842/1/275 287/1/275 286/1/275
f 844/1/275 846/1/275 288/1/275
f 844/1/275 288/1/275 287/1/275
f 846/1/275 848/1/275 289/1/275
f 846/1/275 289/1/275 288/1/275
f 848/1/275 850/1/275 290/1/275
f 848/1/275 290/1/275 289/1/275
f 850/1/275 822/1/275 276/1/275
f 850/1/275 276/1/275 290/1/275
f 276/1/276 275/1/276 851/1/276
f 276/1/276 851/1/276 852/1/276
f 275/1/277 277/1/277 853/1/277
f 275/1/277 853/1/277 851/1/277
f 277/1/278 278/1/278 854/1/278
f 277/1/278 854/1/278 853/1/278
f 278/1/279 279/1/279 855/1/279
f 278/1/279 855/1/279 854/1/279
f 279/1/280 280/1/280 856/1/280
f 279/1/280 856/1/280 855/1/280
f 280/1/281 281/1/281 857/1/281
f 280/1/281 857/1/281 856/1/281
f 281/1/282 282/1/282 858/1/282
f 281/1/282 858/1/282 857/1/282
f 282/1/283 283/1/283 859/1/283
f 282/1/283 859/1/283 858/1/283
f 283/1/284 284/1/284 860/1/284
f 283/1/284 860/1/284 859/1/284
f 284/1/285 285/1/285 861/1/285
f 284/1/285 861/1/285 860/1/285
f 285/1/286 286/1/286 862/1/286
f 285/1/286 862/1/286 861/1/286
f 286/1/287 287/1/287 863/1/287
f 286/1/287 863/1/287 862/1/287
f 287/1/288 288/1/288 864/1/288
f 287/1/288 864/1/288 863/1/288
f 288/1/289 289/1/289 865/1/289
f 288/1/289 865/1/289 864/1/289
f 289/1/290 290/1/290 866/1/290
f 289/1/290 866/1/290 865/1/290
f 290/1/291 276/1/291 852/1/291
f 290/1/291 852/1/291 866/1/291
f 852/1/292 851/1/292 820/1/292
f 852/1/292 820/1/292 819/1/292
f 851/1/292 853/1/292 823/1/292
f 851/1/292 823/1/292 820/1/292
f 853/1/292 854/1/292 825/1/292
f 853/1/292 825/1/292 823/1/292
f 854/1/292 855/1/292 827/1/292
f 854/1/292 827/1/292 825/1/292
f 855/1/292 856/1/292 829/1/292
f 855/1/292 829/1/292 827/1/292
f 856/1/292 857/1/292 831/1/292
f 856/1/292 831/1/292 829/1/292
f 857/1/292 858/1/292 833/1/292
f 857/1/292 833/1/292 831/1/292
f 858/1/292 859/1/292 835/1/292
f 858/1/292 835/1/292 833/1/292
f 859/1/292 860/1/292 837/1/292
f 859/1/292 837/1/292 835/1/292
f 860/1/292 861/1/292 839/1/292
f 860/1/292 839/1/292 837/1/292
f 861/1/292 862/1/292 841/1/292
f 861/1/292 841/1/292 839/1/292
f 862/1/292 863/1/292 843/1/292
f 862/1/292 843/1/292 841/1/292
f 863/1/292 864/1/292 845/1/292
f 863/1/292 845/1/292 843/1/292
f 864/1/292 865/1/292 847/1/292
f 864/1/292 847/1/292 845/1/292
f 865/1/292 866/1/292 849/1/292
f 865/1/292 849/1/292 847/1/292
f 866/1/292 852/1/292 819/1/292
f 866/1/292 819/1/292 849/1/292
usemtl mat_1
f 867/1/395 868/1/395 869/1/395
f 867/1/395 869/1/395 870/1/395
f 868/1/396 871/1/396 872/1/396
f 868/1/396 872/1/396 869/1/396
f 871/1/397 873/1/397 874/1/397
f 871/1/397 874/1/397 872/1/397
f 873/1/398 875/1/398 876/1/398
f 873/1/398 876/1/398 874/1/398
f 875/1/399 877/1/399 878/1/399
f 875/1/399 878/1/399 876/1/399
f 877/1/400 879/1/400 880/1/400
f 877/1/400 880/1/400 878/1/400
f 879/1/401 881/1/401 882/1/401
f 879/1/401 882/1/401 880/1/401
f 881/1/402 883/1/402 884/1/402
f 881/1/402 884/1/402 882/1/402
f 883/1/403 885/1/403 886/1/403
f 883/1/403 886/1/403 884/1/403
f 885/1/404 887/1/404 888/1/404
f 885/1/404 888/1/404 886/1/404
f 887/1/405 889/1/405 890/1/405
f 887/1/405 890/1/405 888/1/405
f 889/1/406 891/1/406 892/1/406
f 889/1/406 892/1/406 890/1/406
f 891/1/407 893/1/407 894/1/407
f 891/1/407 894/1/407 892/1/407
f 893/1/408 895/1/408 896/1/408
f 893/1/408 896/1/408 894/1/408
f 895/1/409 897/1/409 898/1/409
f 895/1/409 898/1/409 896/1/409
f 897/1/410 867/1/410 870/1/410
f 897/1/410 870/1/410 898/1/410
f 870/1/275 869/1/275 899/1/275
f 870/1/275 899/1/275 900/1/275
f 869/1/275 872/1/275 901/1/275
f 869/1/275 901/1/275 899/1/275
f 872/1/275 874/1/275 902/1/275
f 872/1/275 902/1/275 901/1/275
f 874/1/275 876/1/275 903/1/275
f 874/1/275 903/1/275 902/1/275
f 876/1/275 878/1/275 904/1/275
f 876/1/275 904/1/275 903/1/275
f 878/1/275 880/1/275 905/1/275
f 878/1/275 905/1/275 904/1/275
f 880/1/275 882/1/275 906/1/275
f 880/1/275 906/1/275 905/1/275
f 882/1/275 884/1/275 907/1/275
f 882/1/275 907/1/275 906/1/275
f 884/1/275 886/1/275 908/1/275
f 884/1/275 908/1/275 907/1/275
f 886/1/275 888/1/275 909/1/275
f 886/1/275 909/1/275 908/1/275
f 888/1/275 890/1/275 910/1/275
f 888/1/275 910/1/275 909/1/275
f 890/1/275 892/1/275 911/1/275
f 890/1/275 911/1/275 910/1/275
f 892/1/275 894/1/275 912/1/275
f 892/1/275 912/1/275 911/1/275
f 894/1/275 896/1/275 913/1/275
f 894/1/275 913/1/275 912/1/275
f 896/1/275 898/1/275 914/1/275
f 896/1/275 914/1/275 913/1/275
f 898/1/275 870/1/275 900/1/275
f 898/1/275 900/1/275 914/1/275
f 900/1/411 899/1/411 915/1/411
f 900/1/411 915/1/411 916/1/411
f 899/1/412 901/1/412 917/1/412
f 899/1/412 917/1/412 915/1/412
f 901/1/413 902/1/413 918/1/413
f 901/1/413 918/1/413 917/1/413
f 902/1/414 903/1/414 919/1/414
f 902/1/414 919/1/414 918/1/414
f 903/1/415 904/1/415 920/1/415
f 903/1/415 920/1/415 919/1/415
f 904/1/416 905/1/416 921/1/416
f 904/1/416 921/1/416 920/1/416
f 905/1/417 906/1/417 922/1/417
f 905/1/417 922/1/417 921/1/417
f 906/1/418 907/1/418 923/1/418
f 906/1/418 923/1/418 922/1/418
f 907/1/419 908/1/419 924/1/419
f 907/1/419 924/1/419 923/1/419
f 908/1/420 909/1/420 925/1/420
f 908/1/420 925/1/420 924/1/420
f 909/1/421 910/1/421 926/1/421
f 909/1/421 926/1/421 925/1/421
f 910/1/422 911/1/422 927/1/422
f 910/1/422 927/1/422 926/1/422
f 911/1/423 912/1/423 928/1/423
f 911/1/423 928/1/423 927/1/423
f 912/1/424 913/1/424 929/1/424
f 912/1/424 929/1/424 928/1/424
f 913/1/425 914/1/425 930/1/425
f 913/1/425 930/1/425 929/1/425
f 914/1/426 900/1/426 916/1/426
f 914/1/426 916/1/426 930/1/426
f 916/1/292 915/1/292 868/1/292
f 916/1/292 868/1/292 867/1/292
f 915/1/292 917/1/292 871/1/292
f 915/1/292 871/1/292 868/1/292
f 917/1/292 918/1/292 873/1/292
f 917/1/292 873/1/292 871/1/292
f 918/1/292 919/1/292 875/1/292
f 918/1/292 875/1/292 873/1/292
f 919/1/292 920/1/292 877/1/292
f 919/1/292 877/1/292 875/1/292
f 920/1/292 921/1/292 879/1/292
f 920/1/292 879/1/292 877/1/292
f 921/1/292 922/1/292 881/1/292
f 921/1/292 881/1/292 879/1/292
f 922/1/292 923/1/292 883/1/292
f 922/1/292 883/1/292 881/1/292
f 923/1/292 924/1/292 885/1/292
f 923/1/292 885/1/292 883/1/292
f 924/1/292 925/1/292 887/1/292
f 924/1/292 887/1/292 885/1/292
f 925/1/292 926/1/292 889/1/292
f 925/1/292 889/1/292 887/1/292
f 926/1/292 927/1/292 891/1/292
f 926/1/292 891/1/292 889/1/292
f 927/1/292 928/1/292 893/1/292
f 927/1/292 893/1/292 891/1/292
f 928/1/292 929/1/292 895/1/292
f 928/1/292 895/1/292 893/1/292
f 929/1/292 930/1/292 897/1/292
f 929/1/292 897/1/292 895/1/292
f 930/1/292 916/1/292 867/1/292
f 930/1/292 867/1/292 897/1/292
usemtl mat_0
f 931/1/292 932/1/292 933/1/292
f 933/1/292 934/1/292 935/1/292
f 935/1/292 936/1/292 931/1/292
f 933/1/292 935/1/292 931/1/292
f 937/1/275 938/1/275 939/1/275
f 939/1/275 940/1/275 941/1/275
f 941/1/275 942/1/275 937/1/275
f 939/1/275 941/1/275 937/1/275
f 931/1/427 936/1/427 939/1/427
f 931/1/427 939/1/427 938/1/427
f 936/1/241 935/1/241 940/1/241
f 936/1/241 940/1/241 939/1/241
f 935/1/428 934/1/428 941/1/428
f 935/1/428 941/1/428 940/1/428
f 934/1/429 933/1/429 942/1/429
f 934/1/429 942/1/429 941/1/429
f 933/1/258 932/1/258 937/1/258
f 933/1/258 937/1/258 942/1/258
f 932/1/430 931/1/430 938/1/430
f 932/1/430 938/1/430 937/1/430
f 943/1/292 944/1/292 945/1/292
f 945/1/292 946/1/292 947/1/292
f 947/1/292 948/1/292 943/1/292
f 945/1/292 947/1/292 943/1/292
f 949/1/275 950/1/275 951/1/275
f 951/1/275 952/1/275 953/1/275
f 953/1/275 954/1/275 949/1/275
f 951/1/275 953/1/275 949/1/275
f 943/1/427 948/1/427 951/1/427
f 943/1/427 951/1/427 950/1/427
f 948/1/241 947/1/241 952/1/241
f 948/1/241 952/1/241 951/1/241
f 947/1/428 946/1/428 953/1/428
f 947/1/428 953/1/428 952/1/428
f 946/1/429 945/1/429 954/1/429
f 946/1/429 954/1/429 953/1/429
f 945/1/258 944/1/258 949/1/258
f 945/1/258 949/1/258 954/1/258
f 944/1/430 943/1/430 950/1/430
f 944/1/430 950/1/430 949/1/430
f 955/1/292 956/1/292 957/1/292
f 957/1/292 958/1/292 959/1/292
f 959/1/292 960/1/292 955/1/292
f 957/1/292 959/1/292 955/1/292
f 961/1/275 962/1/275 963/1/275
f 963/1/275 964/1/275 965/1/275
f 965/1/275 966/1/275 961/1/275
f 963/1/275 965/1/275 961/1/275
f 955/1/427 960/1/427 963/1/427
f 955/1/427 963/1/427 962/1/427
f 960/1/241 959/1/241 964/1/241
f 960/1/241 964/1/241 963/1/241
f 959/1/428 958/1/428 965/1/428
f 959/1/428 965/1/428 964/1/428
f 958/1/429 957/1/429 966/1/429
f 958/1/429 966/1/429 965/1/429
f 957/1/258 956/1/258 961/1/258
f 957/1/258 961/1/258 966/1/258
f 956/1/430 955/1/430 962/1/430
f 956/1/430 962/1/430 961/1/430
f 967/1/292 968/1/292 969/1/292
f 969/1/292 970/1/292 971/1/292
f 971/1/292 972/1/292 967/1/292
f 969/1/292 971/1/292 967/1/292
f 973/1/275 974/1/275 975/1/275
f 975/1/275 976/1/275 977/1/275
f 977/1/275 978/1/275 973/1/275
f 975/1/275 977/1/275 973/1/275
f 967/1/427 972/1/427 975/1/427
f 967/1/427 975/1/427 974/1/427
f 972/1/241 971/1/241 976/1/241
f 972/1/241 976/1/241 975/1/241
f 971/1/428 970/1/428 977/1/428
f 971/1/428 977/1/428 976/1/428
f 970/1/429 969/1/429 978/1/429
f 970/1/429 978/1/429 977/1/429
f 969/1/258 968/1/258 973/1/258
f 969/1/258 973/1/258 978/1/258
f 968/1/430 967/1/430 974/1/430
f 968/1/430 974/1/430 973/1/430
f 979/1/386 980/1/386 981/1/386
f 979/1/386 981/1/386 982/1/386
f 980/1/385 983/1/385 984/1/385
f 980/1/385 984/1/385 981/1/385
f 983/1/384 985/1/384 986/1/384
f 983/1/384 986/1/384 984/1/384
f 985/1/383 987/1/383 988/1/383
f 985/1/383 988/1/383 986/1/383
f 987/1/382 989/1/382 990/1/382
f 987/1/382 990/1/382 988/1/382
f 989/1/381 991/1/381 992/1/381
f 989/1/381 992/1/381 990/1/381
f 991/1/380 993/1/380 994/1/380
f 991/1/380 994/1/380 992/1/380
f 993/1/379 995/1/379 996/1/379
f 993/1/379 996/1/379 994/1/379
f 995/1/394 997/1/394 998/1/394
f 995/1/394 998/1/394 996/1/394
f 997/1/393 999/1/393 1000/1/393
f 997/1/393 1000/1/393 998/1/393
f 999/1/392 1001/1/392 1002/1/392
f 999/1/392 1002/1/392 1000/1/392
f 1001/1/391 1003/1/391 1004/1/391
f 1001/1/391 1004/1/391 1002/1/391
f 1003/1/390 1005/1/390 1006/1/390
f 1003/1/390 1006/1/390 1004/1/390
f 1005/1/389 1007/1/389 1008/1/389
f 1005/1/389 1008/1/389 1006/1/389
f 1007/1/388 1009/1/388 1010/1/388
f 1007/1/388 1010/1/388 1008/1/388
f 1009/1/387 979/1/387 982/1/387
f 1009/1/387 982/1/387 1010/1/387
f 982/1/292 981/1/292 339/1/292
f 982/1/292 339/1/292 340/1/292
f 981/1/292 984/1/292 341/1/292
f 981/1/292 341/1/292 339/1/292
f 984/1/292 986/1/292 342/1/292
f 984/1/292 342/1/292 341/1/292
f 986/1/292 988/1/292 343/1/292
f 986/1/292 343/1/292 342/1/292
f 988/1/292 990/1/292 344/1/292
f 988/1/292 344/1/292 343/1/292
f 990/1/292 992/1/292 345/1/292
f 990/1/292 345/1/292 344/1/292
f 992/1/292 994/1/292 346/1/292
f 992/1/292 346/1/292 345/1/292
f 994/1/292 996/1/292 347/1/292
f 994/1/292 347/1/292 346/1/292
f 996/1/292 998/1/292 348/1/292
f 996/1/292 348/1/292 347/1/292
f 998/1/292 1000/1/292 349/1/292
f 998/1/292 349/1/292 348/1/292
f 1000/1/292 1002/1/292 350/1/292
f 1000/1/292 350/1/292 349/1/292
f 1002/1/292 1004/1/292 351/1/292
f 1002/1/292 351/1/292 350/1/292
f 1004/1/292 1006/1/292 352/1/292
f 1004/1/292 352/1/292 351/1/292
f 1006/1/292 1008/1/292 353/1/292
f 1006/1/292 353/1/292 352/1/292
f 1008/1/292 1010/1/292 354/1/292
f 1008/1/292 354/1/292 353/1/292
f 1010/1/292 982/1/292 340/1/292
f 1010/1/292 340/1/292 354/1/292
f 340/1/283 339/1/283 1011/1/283
f 340/1/283 1011/1/283 1012/1/283
f 339/1/282 341/1/282 1013/1/282
f 339/1/282 1013/1/282 1011/1/282
f 341/1/281 342/1/281 1014/1/281
f 341/1/281 1014/1/281 1013/1/281
f 342/1/280 343/1/280 1015/1/280
f 342/1/280 1015/1/280 1014/1/280
f 343/1/279 344/1/279 1016/1/279
f 343/1/279 1016/1/279 1015/1/279
f 344/1/278 345/1/278 1017/1/278
f 344/1/278 1017/1/278 1016/1/278
f 345/1/277 346/1/277 1018/1/277
f 345/1/277 1018/1/277 1017/1/277
f 346/1/276 347/1/276 1019/1/276
f 346/1/276 1019/1/276 1018/1/276
f 347/1/291 348/1/291 1020/1/291
f 347/1/291 1020/1/291 1019/1/291
f 348/1/290 349/1/290 1021/1/290
f 348/1/290 1021/1/290 1020/1/290
f 349/1/289 350/1/289 1022/1/289
f 349/1/289 1022/1/289 1021/1/289
f 350/1/288 351/1/288 1023/1/288
f 350/1/288 1023/1/288 1022/1/288
f 351/1/287 352/1/287 1024/1/287
f 351/1/287 1024/1/287 1023/1/287
f 352/1/286 353/1/286 1025/1/286
f 352/1/286 1025/1/286 1024/1/286
f 353/1/285 354/1/285 1026/1/285
f 353/1/285 1026/1/285 1025/1/285
f 354/1/284 340/1/284 1012/1/284
f 354/1/284 1012/1/284 1026/1/284
f 1012/1/275 1011/1/275 980/1/275
f 1012/1/275 980/1/275 979/1/275
f 1011/1/275 1013/1/275 983/1/275
f 1011/1/275 983/1/275 980/1/275
f 1013/1/275 1014/1/275 985/1/275
f 1013/1/275 985/1/275 983/1/275
f 1014/1/275 1015/1/275 987/1/275
f 1014/1/275 987/1/275 985/1/275
f 1015/1/275 1016/1/275 989/1/275
f 1015/1/275 989/1/275 987/1/275
f 1016/1/275 1017/1/275 991/1/275
f 1016/1/275 991/1/275 989/1/275
f 1017/1/275 1018/1/275 993/1/275
f 1017/1/275 993/1/275 991/1/275
f 1018/1/275 1019/1/275 995/1/275
f 1018/1/275 995/1/275 993/1/275
f 1019/1/275 1020/1/275 997/1/275
f 1019/1/275 997/1/275 995/1/275
f 1020/1/275 1021/1/275 999/1/275
f 1020/1/275 999/1/275 997/1/275
f 1021/1/275 1022/1/275 1001/1/275
f 1021/1/275 1001/1/275 999/1/275
f 1022/1/275 1023/1/275 1003/1/275
f 1022/1/275 1003/1/275 1001/1/275
f 1023/1/275 1024/1/275 1005/1/275
f 1023/1/275 1005/1/275 1003/1/275
f 1024/1/275 1025/1/275 1007/1/275
f 1024/1/275 1007/1/275 1005/1/275
f 1025/1/275 1026/1/275 1009/1/275
f 1025/1/275 1009/1/275 1007/1/275
f 1026/1/275 1012/1/275 979/1/275
f 1026/1/275 979/1/275 1009/1/275
usemtl mat_1
f 1027/1/402 1028/1/402 1029/1/402
f 1027/1/402 1029/1/402 1030/1/402
f 1028/1/401 1031/1/401 1032/1/401
f 1028/1/401 1032/1/401 1029/1/401
f 1031/1/400 1033/1/400 1034/1/400
f 1031/1/400 1034/1/400 1032/1/400
f 1033/1/399 1035/1/399 1036/1/399
f 1033/1/399 1036/1/399 1034/1/399
f 1035/1/398 1037/1/398 1038/1/398
f 1035/1/398 1038/1/398 1036/1/398
f 1037/1/397 1039/1/397 1040/1/397
f 1037/1/397 1040/1/397 1038/1/397
f 1039/1/396 1041/1/396 1042/1/396
f 1039/1/396 1042/1/396 1040/1/396
f 1041/1/395 1043/1/395 1044/1/395
f 1041/1/395 1044/1/395 1042/1/395
f 1043/1/410 1045/1/410 1046/1/410
f 1043/1/410 1046/1/410 1044/1/410
f 1045/1/409 1047/1/409 1048/1/409
f 1045/1/409 1048/1/409 1046/1/409
f 1047/1/408 1049/1/408 1050/1/408
f 1047/1/408 1050/1/408 1048/1/408
f 1049/1/407 1051/1/407 1052/1/407
f 1049/1/407 1052/1/407 1050/1/407
f 1051/1/406 1053/1/406 1054/1/406
f 1051/1/406 1054/1/406 1052/1/406
f 1053/1/405 1055/1/405 1056/1/405
f 1053/1/405 1056/1/405 1054/1/405
f 1055/1/404 1057/1/404 1058/1/404
f 1055/1/404 1058/1/404 1056/1/404
f 1057/1/403 1027/1/403 1030/1/403
f 1057/1/403 1030/1/403 1058/1/403
f 1030/1/292 1029/1/292 1059/1/292
f 1030/1/292 1059/1/292 1060/1/292
f 1029/1/292 1032/1/292 1061/1/292
f 1029/1/292 1061/1/292 1059/1/292
f 1032/1/292 1034/1/292 1062/1/292
f 1032/1/292 1062/1/292 1061/1/292
f 1034/1/292 1036/1/292 1063/1/292
f 1034/1/292 1063/1/292 1062/1/292
f 1036/1/292 1038/1/292 1064/1/292
f 1036/1/292 1064/1/292 1063/1/292
f 1038/1/292 1040/1/292 1065/1/292
f 1038/1/292 1065/1/292 1064/1/292
f 1040/1/292 1042/1/292 1066/1/292
f 1040/1/292 1066/1/292 1065/1/292
f 1042/1/292 1044/1/292 1067/1/292
f 1042/1/292 1067/1/292 1066/1/292
f 1044/1/292 1046/1/292 1068/1/292
f 1044/1/292 1068/1/292 1067/1/292
f 1046/1/292 1048/1/292 1069/1/292
f 1046/1/292 1069/1/292 1068/1/292
f 1048/1/292 1050/1/292 1070/1/292
f 1048/1/292 1070/1/292 1069/1/292
f 1050/1/292 1052/1/292 1071/1/292
f 1050/1/292 1071/1/292 1070/1/292
f 1052/1/292 1054/1/292 1072/1/292
f 1052/1/292 1072/1/292 1071/1/292
f 1054/1/292 1056/1/292 1073/1/292
f 1054/1/292 1073/1/292 1072/1/292
f 1056/1/292 1058/1/292 1074/1/292
f 1056/1/292 1074/1/292 1073/1/292
f 1058/1/292 1030/1/292 1060/1/292
f 1058/1/292 1060/1/292 1074/1/292
f 1060/1/418 1059/1/418 1075/1/418
f 1060/1/418 1075/1/418 1076/1/418
f 1059/1/417 1061/1/417 1077/1/417
f 1059/1/417 1077/1/417 1075/1/417
f 1061/1/416 1062/1/416 1078/1/416
f 1061/1/416 1078/1/416 1077/1/416
f 1062/1/415 1063/1/415 1079/1/415
f 1062/1/415 1079/1/415 1078/1/415
f 1063/1/414 1064/1/414 1080/1/414
f 1063/1/414 1080/1/414 1079/1/414
f 1064/1/413 1065/1/413 1081/1/413
f 1064/1/413 1081/1/413 1080/1/413
f 1065/1/412 1066/1/412 1082/1/412
f 1065/1/412 1082/1/412 1081/1/412
f 1066/1/411 1067/1/411 1083/1/411
f 1066/1/411 1083/1/411 1082/1/411
f 1067/1/426 1068/1/426 1084/1/426
f 1067/1/426 1084/1/426 1083/1/426
f 1068/1/425 1069/1/425 1085/1/425
f 1068/1/425 1085/1/425 1084/1/425
f 1069/1/424 1070/1/424 1086/1/424
f 1069/1/424 1086/1/424 1085/1/424
f 1070/1/423 1071/1/423 1087/1/423
f 1070/1/423 1087/1/423 1086/1/423
f 1071/1/422 1072/1/422 1088/1/422
f 1071/1/422 1088/1/422 1087/1/422
f 1072/1/421 1073/1/421 1089/1/421
f 1072/1/421 1089/1/421 1088/1/421
f 1073/1/420 1074/1/420 1090/1/420
f 1073/1/420 1090/1/420 1089/1/420
f 1074/1/419 1060/1/419 1076/1/419
f 1074/1/419 1076/1/419 1090/1/419
f 1076/1/275 1075/1/275 1028/1/275
f 1076/1/275 1028/1/275 1027/1/275
f 1075/1/275 1077/1/275 1031/1/275
f 1075/1/275 1031/1/275 1028/1/275
f 1077/1/275 1078/1/275 1033/1/275
f 1077/1/275 1033/1/275 1031/1/275
f 1078/1/275 1079/1/275 1035/1/275
f 1078/1/275 1035/1/275 1033/1/275
f 1079/1/275 1080/1/275 1037/1/275
f 1079/1/275 1037/1/275 1035/1/275
f 1080/1/275 1081/1/275 1039/1/275
f 1080/1/275 1039/1/275 1037/1/275
f 1081/1/275 1082/1/275 1041/1/275
f 1081/1/275 1041/1/275 1039/1/275
f 1082/1/275 1083/1/275 1043/1/275
f 1082/1/275 1043/1/275 1041/1/275
f 1083/1/275 1084/1/275 1045/1/275
f 1083/1/275 1045/1/275 1043/1/275
f 1084/1/275 1085/1/275 1047/1/275
f 1084/1/275 1047/1/275 1045/1/275
f 1085/1/275 1086/1/275 1049/1/275
f 1085/1/275 1049/1/275 1047/1/275
f 1086/1/275 1087/1/275 1051/1/275
f 1086/1/275 1051/1/275 1049/1/275
f 1087/1/275 1088/1/275 1053/1/275
f 1087/1/275 1053/1/275 1051/1/275
f 1088/1/275 1089/1/275 1055/1/275
f 1088/1/275 1055/1/275 1053/1/275
f 1089/1/275 1090/1/275 1057/1/275
f 1089/1/275 1057/1/275 1055/1/275
f 1090/1/275 1076/1/275 1027/1/275
f 1090/1/275 1027/1/275 1057/1/275
usemtl mat_0
f 1091/1/275 1092/1/275 1093/1/275
f 1093/1/275 1094/1/275 1095/1/275
f 1095/1/275 1096/1/275 1091/1/275
f 1093/1/275 1095/1/275 1091/1/275
f 1097/1/292 1098/1/292 1099/1/292
f 1099/1/292 1100/1/292 1101/1/292
f 1101/1/292 1102/1/292 1097/1/292
f 1099/1/292 1101/1/292 1097/1/292
f 1091/1/428 1096/1/428 1099/1/428
f 1091/1/428 1099/1/428 1098/1/428
f 1096/1/241 1095/1/241 1100/1/241
f 1096/1/241 1100/1/241 1099/1/241
f 1095/1/427 1094/1/427 1101/1/427
f 1095/1/427 1101/1/427 1100/1/427
f 1094/1/430 1093/1/430 1102/1/430
f 1094/1/430 1102/1/430 1101/1/430
f 1093/1/258 1092/1/258 1097/1/258
f 1093/1/258 1097/1/258 1102/1/258
f 1092/1/429 1091/1/429 1098/1/429
f 1092/1/429 1098/1/429 1097/1/429
f 1103/1/275 1104/1/275 1105/1/275
f 1105/1/275 1106/1/275 1107/1/275
f 1107/1/275 1108/1/275 1103/1/275
f 1105/1/275 1107/1/275 1103/1/275
f 1109/1/292 1110/1/292 1111/1/292
f 1111/1/292 1112/1/292 1113/1/292
f 1113/1/292 1114/1/292 1109/1/292
f 1111/1/292 1113/1/292 1109/1/292
f 1103/1/428 1108/1/428 1111/1/428
f 1103/1/428 1111/1/428 1110/1/428
f 1108/1/241 1107/1/241 1112/1/241
f 1108/1/241 1112/1/241 1111/1/241
f 1107/1/427 1106/1/427 1113/1/427
f 1107/1/427 1113/1/427 1112/1/427
f 1106/1/430 1105/1/430 1114/1/430
f 1106/1/430 1114/1/430 1113/1/430
f 1105/1/258 1104/1/258 1109/1/258
f 1105/1/258 1109/1/258 1114/1/258
f 1104/1/429 1103/1/429 1110/1/429
f 1104/1/429 1110/1/429 1109/1/429
f 1115/1/275 1116/1/275 1117/1/275
f 1117/1/275 1118/1/275 1119/1/275
f 1119/1/275 1120/1/275 1115/1/275
f 1117/1/275 1119/1/275 1115/1/275
f 1121/1/292 1122/1/292 1123/1/292
f 1123/1/292 1124/1/292 1125/1/292
f 1125/1/292 1126/1/292 1121/1/292
f 1123/1/292 1125/1/292 1121/1/292
f 1115/1/428 1120/1/428 1123/1/428
f 1115/1/428 1123/1/428 1122/1/428
f 1120/1/241 1119/1/241 1124/1/241
f 1120/1/241 1124/1/241 1123/1/241
f 1119/1/427 1118/1/427 1125/1/427
f 1119/1/427 1125/1/427 1124/1/427
f 1118/1/430 1117/1/430 1126/1/430
f 1118/1/430 1126/1/430 1125/1/430
f 1117/1/258 1116/1/258 1121/1/258
f 1117/1/258 1121/1/258 1126/1/258
f 1116/1/429 1115/1/429 1122/1/429
f 1116/1/429 1122/1/429 1121/1/429
f 1127/1/275 1128/1/275 1129/1/275
f 1129/1/275 1130/1/275 1131/1/275
f 1131/1/275 1132/1/275 1127/1/275
f 1129/1/275 1131/1/275 1127/1/275
f 1133/1/292 1134/1/292 1135/1/292
f 1135/1/292 1136/1/292 1137/1/292
f 1137/1/292 1138/1/292 1133/1/292
f 1135/1/292 1137/1/292 1133/1/292
f 1127/1/428 1132/1/428 1135/1/428
f 1127/1/428 1135/1/428 1134/1/428
f 1132/1/241 1131/1/241 1136/1/241
f 1132/1/241 1136/1/241 1135/1/241
f 1131/1/427 1130/1/427 1137/1/427
f 1131/1/427 1137/1/427 1136/1/427
f 1130/1/430 1129/1/430 1138/1/430
f 1130/1/430 1138/1/430 1137/1/430
f 1129/1/258 1128/1/258 1133/1/258
f 1129/1/258 1133/1/258 1138/1/258
f 1128/1/429 1127/1/429 1134/1/429
f 1128/1/429 1134/1/429 1133/1/429
f 1139/1/431 1140/1/431 1141/1/431
f 1139/1/431 1141/1/431 1142/1/431
f 1140/1/432 1143/1/432 1144/1/432
f 1140/1/432 1144/1/432 1141/1/432
f 1143/1/433 1145/1/433 1146/1/433
f 1143/1/433 1146/1/433 1144/1/433
f 1145/1/434 1147/1/434 1148/1/434
f 1145/1/434 1148/1/434 1146/1/434
f 1147/1/435 1149/1/435 1150/1/435
f 1147/1/435 1150/1/435 1148/1/435
f 1149/1/436 1151/1/436 1152/1/436
f 1149/1/436 1152/1/436 1150/1/436
f 1151/1/437 1153/1/437 1154/1/437
f 1151/1/437 1154/1/437 1152/1/437
f 1153/1/438 1155/1/438 1156/1/438
f 1153/1/438 1156/1/438 1154/1/438
f 1155/1/439 1157/1/439 1158/1/439
f 1155/1/439 1158/1/439 1156/1/439
f 1157/1/440 1159/1/440 1160/1/440
f 1157/1/440 1160/1/440 1158/1/440
f 1159/1/441 1161/1/441 1162/1/441
f 1159/1/441 1162/1/441 1160/1/441
f 1161/1/442 1163/1/442 1164/1/442
f 1161/1/442 1164/1/442 1162/1/442
f 1163/1/443 1165/1/443 1166/1/443
f 1163/1/443 1166/1/443 1164/1/443
f 1165/1/444 1167/1/444 1168/1/444
f 1165/1/444 1168/1/444 1166/1/444
f 1167/1/445 1169/1/445 1170/1/445
f 1167/1/445 1170/1/445 1168/1/445
f 1169/1/446 1139/1/446 1142/1/446
f 1169/1/446 1142/1/446 1170/1/446
f 1142/1/309 1141/1/309 403/1/309
f 1142/1/309 403/1/309 404/1/309
f 1141/1/309 1144/1/309 405/1/309
f 1141/1/309 405/1/309 403/1/309
f 1144/1/309 1146/1/309 406/1/309
f 1144/1/309 406/1/309 405/1/309
f 1146/1/309 1148/1/309 407/1/309
f 1146/1/309 407/1/309 406/1/309
f 1148/1/309 1150/1/309 408/1/309
f 1148/1/309 408/1/309 407/1/309
f 1150/1/309 1152/1/309 409/1/309
f 1150/1/309 409/1/309 408/1/309
f 1152/1/309 1154/1/309 410/1/309
f 1152/1/309 410/1/309 409/1/309
f 1154/1/309 1156/1/309 411/1/309
f 1154/1/309 411/1/309 410/1/309
f 1156/1/309 1158/1/309 412/1/309
f 1156/1/309 412/1/309 411/1/309
f 1158/1/309 1160/1/309 413/1/309
f 1158/1/309 413/1/309 412/1/309
f 1160/1/309 1162/1/309 414/1/309
f 1160/1/309 414/1/309 413/1/309
f 1162/1/309 1164/1/309 415/1/309
f 1162/1/309 415/1/309 414/1/309
f 1164/1/309 1166/1/309 416/1/309
f 1164/1/309 416/1/309 415/1/309
f 1166/1/309 1168/1/309 417/1/309
f 1166/1/309 417/1/309 416/1/309
f 1168/1/309 1170/1/309 418/1/309
f 1168/1/309 418/1/309 417/1/309
f 1170/1/309 1142/1/309 404/1/309
f 1170/1/309 404/1/309 418/1/309
f 404/1/310 403/1/310 1171/1/310
f 404/1/310 1171/1/310 1172/1/310
f 403/1/311 405/1/311 1173/1/311
f 403/1/311 1173/1/311 1171/1/311
f 405/1/312 406/1/312 1174/1/312
f 405/1/312 1174/1/312 1173/1/312
f 406/1/313 407/1/313 1175/1/313
f 406/1/313 1175/1/313 1174/1/313
f 407/1/314 408/1/314 1176/1/314
f 407/1/314 1176/1/314 1175/1/314
f 408/1/315 409/1/315 1177/1/315
f 408/1/315 1177/1/315 1176/1/315
f 409/1/316 410/1/316 1178/1/316
f 409/1/316 1178/1/316 1177/1/316
f 410/1/317 411/1/317 1179/1/317
f 410/1/317 1179/1/317 1178/1/317
f 411/1/318 412/1/318 1180/1/318
f 411/1/318 1180/1/318 1179/1/318
f 412/1/319 413/1/319 1181/1/319
f 412/1/319 1181/1/319 1180/1/319
f 413/1/320 414/1/320 1182/1/320
f 413/1/320 1182/1/320 1181/1/320
f 414/1/321 415/1/321 1183/1/321
f 414/1/321 1183/1/321 1182/1/321
f 415/1/322 416/1/322 1184/1/322
f 415/1/322 1184/1/322 1183/1/322
f 416/1/323 417/1/323 1185/1/323
f 416/1/323 1185/1/323 1184/1/323
f 417/1/324 418/1/324 1186/1/324
f 417/1/324 1186/1/324 1185/1/324
f 418/1/325 404/1/325 1172/1/325
f 418/1/325 1172/1/325 1186/1/325
f 1172/1/326 1171/1/326 1140/1/326
f 1172/1/326 1140/1/326 1139/1/326
f 1171/1/326 1173/1/326 1143/1/326
f 1171/1/326 1143/1/326 1140/1/326
f 1173/1/326 1174/1/326 1145/1/326
f 1173/1/326 1145/1/326 1143/1/326
f 1174/1/326 1175/1/326 1147/1/326
f 1174/1/326 1147/1/326 1145/1/326
f 1175/1/326 1176/1/326 1149/1/326
f 1175/1/326 1149/1/326 1147/1/326
f 1176/1/326 1177/1/326 1151/1/326
f 1176/1/326 1151/1/326 1149/1/326
f 1177/1/326 1178/1/326 1153/1/326
f 1177/1/326 1153/1/326 1151/1/326
f 1178/1/326 1179/1/326 1155/1/326
f 1178/1/326 1155/1/326 1153/1/326
f 1179/1/326 1180/1/326 1157/1/326
f 1179/1/326 1157/1/326 1155/1/326
f 1180/1/326 1181/1/326 1159/1/326
f 1180/1/326 1159/1/326 1157/1/326
f 1181/1/326 1182/1/326 1161/1/326
f 1181/1/326 1161/1/326 1159/1/326
f 1182/1/326 1183/1/326 1163/1/326
f 1182/1/326 1163/1/326 1161/1/326
f 1183/1/326 1184/1/326 1165/1/326
f 1183/1/326 1165/1/326 1163/1/326
f 1184/1/326 1185/1/326 1167/1/326
f 1184/1/326 1167/1/326 1165/1/326
f 1185/1/326 1186/1/326 1169/1/326
f 1185/1/326 1169/1/326 1167/1/326
f 1186/1/326 1172/1/326 1139/1/326
f 1186/1/326 1139/1/326 1169/1/326
usemtl mat_1
f 1187/1/447 1188/1/447 1189/1/447
f 1187/1/447 1189/1/447 1190/1/447
f 1188/1/448 1191/1/448 1192/1/448
f 1188/1/448 1192/1/448 1189/1/448
f 1191/1/449 1193/1/449 1194/1/449
f 1191/1/449 1194/1/449 1192/1/449
f 1193/1/450 1195/1/450 1196/1/450
f 1193/1/450 1196/1/450 1194/1/450
f 1195/1/451 1197/1/451 1198/1/451
f 1195/1/451 1198/1/451 1196/1/451
f 1197/1/452 1199/1/452 1200/1/452
f 1197/1/452 1200/1/452 1198/1/452
f 1199/1/453 1201/1/453 1202/1/453
f 1199/1/453 1202/1/453 1200/1/453
f 1201/1/454 1203/1/454 1204/1/454
f 1201/1/454 1204/1/454 1202/1/454
f 1203/1/455 1205/1/455 1206/1/455
f 1203/1/455 1206/1/455 1204/1/455
f 1205/1/456 1207/1/456 1208/1/456
f 1205/1/456 1208/1/456 1206/1/456
f 1207/1/457 1209/1/457 1210/1/457
f 1207/1/457 1210/1/457 1208/1/457
f 1209/1/458 1211/1/458 1212/1/458
f 1209/1/458 1212/1/458 1210/1/458
f 1211/1/459 1213/1/459 1214/1/459
f 1211/1/459 1214/1/459 1212/1/459
f 1213/1/460 1215/1/460 1216/1/460
f 1213/1/460 1216/1/460 1214/1/460
f 1215/1/461 1217/1/461 1218/1/461
f 1215/1/461 1218/1/461 1216/1/461
f 1217/1/462 1187/1/462 1190/1/462
f 1217/1/462 1190/1/462 1218/1/462
f 1190/1/309 1189/1/309 1219/1/309
f 1190/1/309 1219/1/309 1220/1/309
f 1189/1/309 1192/1/309 1221/1/309
f 1189/1/309 1221/1/309 1219/1/309
f 1192/1/309 1194/1/309 1222/1/309
f 1192/1/309 1222/1/309 1221/1/309
f 1194/1/309 1196/1/309 1223/1/309
f 1194/1/309 1223/1/309 1222/1/309
f 1196/1/309 1198/1/309 1224/1/309
f 1196/1/309 1224/1/309 1223/1/309
f 1198/1/309 1200/1/309 1225/1/309
f 1198/1/309 1225/1/309 1224/1/309
f 1200/1/309 1202/1/309 1226/1/309
f 1200/1/309 1226/1/309 1225/1/309
f 1202/1/309 1204/1/309 1227/1/309
f 1202/1/309 1227/1/309 1226/1/309
f 1204/1/309 1206/1/309 1228/1/309
f 1204/1/309 1228/1/309 1227/1/309
f 1206/1/309 1208/1/309 1229/1/309
f 1206/1/309 1229/1/309 1228/1/309
f 1208/1/309 1210/1/309 1230/1/309
f 1208/1/309 1230/1/309 1229/1/309
f 1210/1/309 1212/1/309 1231/1/309
f 1210/1/309 1231/1/309 1230/1/309
f 1212/1/309 1214/1/309 1232/1/309
f 1212/1/309 1232/1/309 1231/1/309
f 1214/1/309 1216/1/309 1233/1/309
f 1214/1/309 1233/1/309 1232/1/309
f 1216/1/309 1218/1/309 1234/1/309
f 1216/1/309 1234/1/309 1233/1/309
f 1218/1/309 1190/1/309 1220/1/309
f 1218/1/309 1220/1/309 1234/1/309
f 1220/1/463 1219/1/463 1235/1/463
f 1220/1/463 1235/1/463 1236/1/463
f 1219/1/464 1221/1/464 1237/1/464
f 1219/1/464 1237/1/464 1235/1/464
f 1221/1/465 1222/1/465 1238/1/465
f 1221/1/465 1238/1/465 1237/1/465
f 1222/1/466 1223/1/466 1239/1/466
f 1222/1/466 1239/1/466 1238/1/466
f 1223/1/467 1224/1/467 1240/1/467
f 1223/1/467 1240/1/467 1239/1/467
f 1224/1/468 1225/1/468 1241/1/468
f 1224/1/468 1241/1/468 1240/1/468
f 1225/1/469 1226/1/469 1242/1/469
f 1225/1/469 1242/1/469 1241/1/469
f 1226/1/470 1227/1/470 1243/1/470
f 1226/1/470 1243/1/470 1242/1/470
f 1227/1/471 1228/1/471 1244/1/471
f 1227/1/471 1244/1/471 1243/1/471
f 1228/1/472 1229/1/472 1245/1/472
f 1228/1/472 1245/1/472 1244/1/472
f 1229/1/473 1230/1/473 1246/1/473
f 1229/1/473 1246/1/473 1245/1/473
f 1230/1/474 1231/1/474 1247/1/474
f 1230/1/474 1247/1/474 1246/1/474
f 1231/1/475 1232/1/475 1248/1/475
f 1231/1/475 1248/1/475 1247/1/475
f 1232/1/476 1233/1/476 1249/1/476
f 1232/1/476 1249/1/476 1248/1/476
f 1233/1/477 1234/1/477 1250/1/477
f 1233/1/477 1250/1/477 1249/1/477
f 1234/1/478 1220/1/478 1236/1/478
f 1234/1/478 1236/1/478 1250/1/478
f 1236/1/326 1235/1/326 1188/1/326
f 1236/1/326 1188/1/326 1187/1/326
f 1235/1/326 1237/1/326 1191/1/326
f 1235/1/326 1191/1/326 1188/1/326
f 1237/1/326 1238/1/326 1193/1/326
f 1237/1/326 1193/1/326 1191/1/326
f 1238/1/326 1239/1/326 1195/1/326
f 1238/1/326 1195/1/326 1193/1/326
f 1239/1/326 1240/1/326 1197/1/326
f 1239/1/326 1197/1/326 1195/1/326
f 1240/1/326 1241/1/326 1199/1/326
f 1240/1/326 1199/1/326 1197/1/326
f 1241/1/326 1242/1/326 1201/1/326
f 1241/1/326 1201/1/326 1199/1/326
f 1242/1/326 1243/1/326 1203/1/326
f 1242/1/326 1203/1/326 1201/1/326
f 1243/1/326 1244/1/326 1205/1/326
f 1243/1/326 1205/1/326 1203/1/326
f 1244/1/326 1245/1/326 1207/1/326
f 1244/1/326 1207/1/326 1205/1/326
f 1245/1/326 1246/1/326 1209/1/326
f 1245/1/326 1209/1/326 1207/1/326
f 1246/1/326 1247/1/326 1211/1/326
f 1246/1/326 1211/1/326 1209/1/326
f 1247/1/326 1248/1/326 1213/1/326
f 1247/1/326 1213/1/326 1211/1/326
f 1248/1/326 1249/1/326 1215/1/326
f 1248/1/326 1215/1/326 1213/1/326
f 1249/1/326 1250/1/326 1217/1/326
f 1249/1/326 1217/1/326 1215/1/326
f 1250/1/326 1236/1/326 1187/1/326
f 1250/1/326 1187/1/326 1217/1/326
usemtl mat_0
f 1251/1/326 1252/1/326 1253/1/326
f 1253/1/326 1254/1/326 1255/1/326
f 1255/1/326 1256/1/326 1251/1/326
f 1253/1/326 1255/1/326 1251/1/326
f 1257/1/309 1258/1/309 1259/1/309
f 1259/1/309 1260/1/309 1261/1/309
f 1261/1/309 1262/1/309 1257/1/309
f 1259/1/309 1261/1/309 1257/1/309
f 1251/1/479 1256/1/479 1259/1/479
f 1251/1/479 1259/1/479 1258/1/479
f 1256/1/241 1255/1/241 1260/1/241
f 1256/1/241 1260/1/241 1259/1/241
f 1255/1/480 1254/1/480 1261/1/480
f 1255/1/480 1261/1/480 1260/1/480
f 1254/1/481 1253/1/481 1262/1/481
f 1254/1/481 1262/1/481 1261/1/481
f 1253/1/258 1252/1/258 1257/1/258
f 1253/1/258 1257/1/258 1262/1/258
f 1252/1/482 1251/1/482 1258/1/482
f 1252/1/482 1258/1/482 1257/1/482
f 1263/1/326 1264/1/326 1265/1/326
f 1265/1/326 1266/1/326 1267/1/326
f 1267/1/326 1268/1/326 1263/1/326
f 1265/1/326 1267/1/326 1263/1/326
f 1269/1/309 1270/1/309 1271/1/309
f 1271/1/309 1272/1/309 1273/1/309
f 1273/1/309 1274/1/309 1269/1/309
f 1271/1/309 1273/1/309 1269/1/309
f 1263/1/479 1268/1/479 1271/1/479
f 1263/1/479 1271/1/479 1270/1/479
f 1268/1/241 1267/1/241 1272/1/241
f 1268/1/241 1272/1/241 1271/1/241
f 1267/1/480 1266/1/480 1273/1/480
f 1267/1/480 1273/1/480 1272/1/480
f 1266/1/481 1265/1/481 1274/1/481
f 1266/1/481 1274/1/481 1273/1/481
f 1265/1/258 1264/1/258 1269/1/258
f 1265/1/258 1269/1/258 1274/1/258
f 1264/1/482 1263/1/482 1270/1/482
f 1264/1/482 1270/1/482 1269/1/482
f 1275/1/326 1276/1/326 1277/1/326
f 1277/1/326 1278/1/326 1279/1/326
f 1279/1/326 1280/1/326 1275/1/326
f 1277/1/326 1279/1/326 1275/1/326
f 1281/1/309 1282/1/309 1283/1/309
f 1283/1/309 1284/1/309 1285/1/309
f 1285/1/309 1286/1/309 1281/1/309
f 1283/1/309 1285/1/309 1281/1/309
f 1275/1/479 1280/1/479 1283/1/479
f 1275/1/479 1283/1/479 1282/1/479
f 1280/1/241 1279/1/241 1284/1/241
f 1280/1/241 1284/1/241 1283/1/241
f 1279/1/480 1278/1/480 1285/1/480
f 1279/1/480 1285/1/480 1284/1/480
f 1278/1/481 1277/1/481 1286/1/481
f 1278/1/481 1286/1/481 1285/1/481
f 1277/1/258 1276/1/258 1281/1/258
f 1277/1/258 1281/1/258 1286/1/258
f 1276/1/482 1275/1/482 1282/1/482
f 1276/1/482 1282/1/482 1281/1/482
f 1287/1/326 1288/1/326 1289/1/326
f 1289/1/326 1290/1/326 1291/1/326
f 1291/1/326 1292/1/326 1287/1/326
f 1289/1/326 1291/1/326 1287/1/326
f 1293/1/309 1294/1/309 1295/1/309
f 1295/1/309 1296/1/309 1297/1/309
f 1297/1/309 1298/1/309 1293/1/309
f 1295/1/309 1297/1/309 1293/1/309
f 1287/1/479 1292/1/479 1295/1/479
f 1287/1/479 1295/1/479 1294/1/479
f 1292/1/241 1291/1/241 1296/1/241
f 1292/1/241 1296/1/241 1295/1/241
f 1291/1/480 1290/1/480 1297/1/480
f 1291/1/480 1297/1/480 1296/1/480
f 1290/1/481 1289/1/481 1298/1/481
f 1290/1/481 1298/1/481 1297/1/481
f 1289/1/258 1288/1/258 1293/1/258
f 1289/1/258 1293/1/258 1298/1/258
f 1288/1/482 1287/1/482 1294/1/482
f 1288/1/482 1294/1/482 1293/1/482
f 1299/1/438 1300/1/438 1301/1/438
f 1299/1/438 1301/1/438 1302/1/438
f 1300/1/437 1303/1/437 1304/1/437
f 1300/1/437 1304/1/437 1301/1/437
f 1303/1/436 1305/1/436 1306/1/436
f 1303/1/436 1306/1/436 1304/1/436
f 1305/1/435 1307/1/435 1308/1/435
f 1305/1/435 1308/1/435 1306/1/435
f 1307/1/434 1309/1/434 1310/1/434
f 1307/1/434 1310/1/434 1308/1/434
f 1309/1/433 1311/1/433 1312/1/433
f 1309/1/433 1312/1/433 1310/1/433
f 1311/1/432 1313/1/432 1314/1/432
f 1311/1/432 1314/1/432 1312/1/432
f 1313/1/431 1315/1/431 1316/1/431
f 1313/1/431 1316/1/431 1314/1/431
f 1315/1/446 1317/1/446 1318/1/446
f 1315/1/446 1318/1/446 1316/1/446
f 1317/1/445 1319/1/445 1320/1/445
f 1317/1/445 1320/1/445 1318/1/445
f 1319/1/444 1321/1/444 1322/1/444
f 1319/1/444 1322/1/444 1320/1/444
f 1321/1/443 1323/1/443 1324/1/443
f 1321/1/443 1324/1/443 1322/1/443
f 1323/1/442 1325/1/442 1326/1/442
f 1323/1/442 1326/1/442 1324/1/442
f 1325/1/441 1327/1/441 1328/1/441
f 1325/1/441 1328/1/441 1326/1/441
f 1327/1/440 1329/1/440 1330/1/440
f 1327/1/440 1330/1/440 1328/1/440
f 1329/1/439 1299/1/439 1302/1/439
f 1329/1/439 1302/1/439 1330/1/439
f 1302/1/326 1301/1/326 467/1/326
f 1302/1/326 467/1/326 468/1/326
f 1301/1/326 1304/1/326 469/1/326
f 1301/1/326 469/1/326 467/1/326
f 1304/1/326 1306/1/326 470/1/326
f 1304/1/326 470/1/326 469/1/326
f 1306/1/326 1308/1/326 471/1/326
f 1306/1/326 471/1/326 470/1/326
f 1308/1/326 1310/1/326 472/1/326
f 1308/1/326 472/1/326 471/1/326
f 1310/1/326 1312/1/326 473/1/326
f 1310/1/326 473/1/326 472/1/326
f 1312/1/326 1314/1/326 474/1/326
f 1312/1/326 474/1/326 473/1/326
f 1314/1/326 1316/1/326 475/1/326
f 1314/1/326 475/1/326 474/1/326
f 1316/1/326 1318/1/326 476/1/326
f 1316/1/326 476/1/326 475/1/326
f 1318/1/326 1320/1/326 477/1/326
f 1318/1/326 477/1/326 476/1/326
f 1320/1/326 1322/1/326 478/1/326
f 1320/1/326 478/1/326 477/1/326
f 1322/1/326 1324/1/326 479/1/326
f 1322/1/326 479/1/326 478/1/326
f 1324/1/326 1326/1/326 480/1/326
f 1324/1/326 480/1/326 479/1/326
f 1326/1/326 1328/1/326 481/1/326
f 1326/1/326 481/1/326 480/1/326
f 1328/1/326 1330/1/326 482/1/326
f 1328/1/326 482/1/326 481/1/326
f 1330/1/326 1302/1/326 468/1/326
f 1330/1/326 468/1/326 482/1/326
f 468/1/317 467/1/317 1331/1/317
f 468/1/317 1331/1/317 1332/1/317
f 467/1/316 469/1/316 1333/1/316
f 467/1/316 1333/1/316 1331/1/316
f 469/1/315 470/1/315 1334/1/315
f 469/1/315 1334/1/315 1333/1/315
f 470/1/314 471/1/314 1335/1/314
f 470/1/314 1335/1/314 1334/1/314
f 471/1/313 472/1/313 1336/1/313
f 471/1/313 1336/1/313 1335/1/313
f 472/1/312 473/1/312 1337/1/312
f 472/1/312 1337/1/312 1336/1/312
f 473/1/311 474/1/311 1338/1/311
f 473/1/311 1338/1/311 1337/1/311
f 474/1/310 475/1/310 1339/1/310
f 474/1/310 1339/1/310 1338/1/310
f 475/1/325 476/1/325 1340/1/325
f 475/1/325 1340/1/325 1339/1/325
f 476/1/324 477/1/324 1341/1/324
f 476/1/324 1341/1/324 1340/1/324
f 477/1/323 478/1/323 1342/1/323
f 477/1/323 1342/1/323 1341/1/323
f 478/1/322 479/1/322 1343/1/322
f 478/1/322 1343/1/322 1342/1/322
f 479/1/321 480/1/321 1344/1/321
f 479/1/321 1344/1/321 1343/1/321
f 480/1/320 481/1/320 1345/1/320
f 480/1/320 1345/1/320 1344/1/320
f 481/1/319 482/1/319 1346/1/319
f 481/1/319 1346/1/319 1345/1/319
f 482/1/318 468/1/318 1332/1/318
f 482/1/318 1332/1/318 1346/1/318
f 1332/1/309 1331/1/309 1300/1/309
f 1332/1/309 1300/1/309 1299/1/309
f 1331/1/309 1333/1/309 1303/1/309
f 1331/1/309 1303/1/309 1300/1/309
f 1333/1/309 1334/1/309 1305/1/309
f 1333/1/309 1305/1/309 1303/1/309
f 1334/1/309 1335/1/309 1307/1/309
f 1334/1/309 1307/1/309 1305/1/309
f 1335/1/309 1336/1/309 1309/1/309
f 1335/1/309 1309/1/309 1307/1/309
f 1336/1/309 1337/1/309 1311/1/309
f 1336/1/309 1311/1/309 1309/1/309
f 1337/1/309 1338/1/309 1313/1/309
f 1337/1/309 1313/1/309 1311/1/309
f 1338/1/309 1339/1/309 1315/1/309
f 1338/1/309 1315/1/309 1313/1/309
f 1339/1/309 1340/1/309 1317/1/309
f 1339/1/309 1317/1/309 1315/1/309
f 1340/1/309 1341/1/309 1319/1/309
f 1340/1/309 1319/1/309 1317/1/309
f 1341/1/309 1342/1/309 1321/1/309
f 1341/1/309 1321/1/309 1319/1/309
f 1342/1/309 1343/1/309 1323/1/309
f 1342/1/309 1323/1/309 1321/1/309
f 1343/1/309 1344/1/309 1325/1/309
f 1343/1/309 1325/1/309 1323/1/309
f 1344/1/309 1345/1/309 1327/1/309
f 1344/1/309 1327/1/309 1325/1/309
f 1345/1/309 1346/1/309 1329/1/309
f 1345/1/309 1329/1/309 1327/1/309
f 1346/1/309 1332/1/309 1299/1/309
f 1346/1/309 1299/1/309 1329/1/309
usemtl mat_1
f 1347/1/454 1348/1/454 1349/1/454
f 1347/1/454 1349/1/454 1350/1/454
f 1348/1/453 1351/1/453 1352/1/453
f 1348/1/453 1352/1/453 1349/1/453
f 1351/1/452 1353/1/452 1354/1/452
f 1351/1/452 1354/1/452 1352/1/452
f 1353/1/451 1355/1/451 1356/1/451
f 1353/1/451 1356/1/451 1354/1/451
f 1355/1/450 1357/1/450 1358/1/450
f 1355/1/450 1358/1/450 1356/1/450
f 1357/1/449 1359/1/449 1360/1/449
f 1357/1/449 1360/1/449 1358/1/449
f 1359/1/448 1361/1/448 1362/1/448
f 1359/1/448 1362/1/448 1360/1/448
f 1361/1/447 1363/1/447 1364/1/447
f 1361/1/447 1364/1/447 1362/1/447
f 1363/1/462 1365/1/462 1366/1/462
f 1363/1/462 1366/1/462 1364/1/462
f 1365/1/461 1367/1/461 1368/1/461
f 1365/1/461 1368/1/461 1366/1/461
f 1367/1/460 1369/1/460 1370/1/460
f 1367/1/460 1370/1/460 1368/1/460
f 1369/1/459 1371/1/459 1372/1/459
f 1369/1/459 1372/1/459 1370/1/459
f 1371/1/458 1373/1/458 1374/1/458
f 1371/1/458 1374/1/458 1372/1/458
f 1373/1/457 1375/1/457 1376/1/457
f 1373/1/457 1376/1/457 1374/1/457
f 1375/1/456 1377/1/456 1378/1/456
f 1375/1/456 1378/1/456 1376/1/456
f 1377/1/455 1347/1/455 1350/1/455
f 1377/1/455 1350/1/455 1378/1/455
f 1350/1/326 1349/1/326 1379/1/326
f 1350/1/326 1379/1/326 1380/1/326
f 1349/1/326 1352/1/326 1381/1/326
f 1349/1/326 1381/1/326 1379/1/326
f 1352/1/326 1354/1/326 1382/1/326
f 1352/1/326 1382/1/326 1381/1/326
f 1354/1/326 1356/1/326 1383/1/326
f 1354/1/326 1383/1/326 1382/1/326
f 1356/1/326 1358/1/326 1384/1/326
f 1356/1/326 1384/1/326 1383/1/326
f 1358/1/326 1360/1/326 1385/1/326
f 1358/1/326 1385/1/326 1384/1/326
f 1360/1/326 1362/1/326 1386/1/326
f 1360/1/326 1386/1/326 1385/1/326
f 1362/1/326 1364/1/326 1387/1/326
f 1362/1/326 1387/1/326 1386/1/326
f 1364/1/326 1366/1/326 1388/1/326
f 1364/1/326 1388/1/326 1387/1/326
f 1366/1/326 1368/1/326 1389/1/326
f 1366/1/326 1389/1/326 1388/1/326
f 1368/1/326 1370/1/326 1390/1/326
f 1368/1/326 1390/1/326 1389/1/326
f 1370/1/326 1372/1/326 1391/1/326
f 1370/1/326 1391/1/326 1390/1/326
f 1372/1/326 1374/1/326 1392/1/326
f 1372/1/326 1392/1/326 1391/1/326
f 1374/1/326 1376/1/326 1393/1/326
f 1374/1/326 1393/1/326 1392/1/326
f 1376/1/326 1378/1/326 1394/1/326
f 1376/1/326 1394/1/326 1393/1/326
f 1378/1/326 1350/1/326 1380/1/326
f 1378/1/326 1380/1/326 1394/1/326
f 1380/1/470 1379/1/470 1395/1/470
f 1380/1/470 1395/1/470 1396/1/470
f 1379/1/469 1381/1/469 1397/1/469
f 1379/1/469 1397/1/469 1395/1/469
f 1381/1/468 1382/1/468 1398/1/468
f 1381/1/468 1398/1/468 1397/1/468
f 1382/1/467 1383/1/467 1399/1/467
f 1382/1/467 1399/1/467 1398/1/467
f 1383/1/466 1384/1/466 1400/1/466
f 1383/1/466 1400/1/466 1399/1/466
f 1384/1/465 1385/1/465 1401/1/465
f 1384/1/465 1401/1/465 1400/1/465
f 1385/1/464 1386/1/464 1402/1/464
f 1385/1/464 1402/1/464 1401/1/464
f 1386/1/463 1387/1/463 1403/1/463
f 1386/1/463 1403/1/463 1402/1/463
f 1387/1/478 1388/1/478 1404/1/478
f 1387/1/478 1404/1/478 1403/1/478
f 1388/1/477 1389/1/477 1405/1/477
f 1388/1/477 1405/1/477 1404/1/477
f 1389/1/476 1390/1/476 1406/1/476
f 1389/1/476 1406/1/476 1405/1/476
f 1390/1/475 1391/1/475 1407/1/475
f 1390/1/475 1407/1/475 1406/1/475
f 1391/1/474 1392/1/474 1408/1/474
f 1391/1/474 1408/1/474 1407/1/474
f 1392/1/473 1393/1/473 1409/1/473
f 1392/1/473 1409/1/473 1408/1/473
f 1393/1/472 1394/1/472 1410/1/472
f 1393/1/472 1410/1/472 1409/1/472
f 1394/1/471 1380/1/471 1396/1/471
f 1394/1/471 1396/1/471 1410/1/471
f 1396/1/309 1395/1/309 1348/1/309
f 1396/1/309 1348/1/309 1347/1/309
f 1395/1/309 1397/1/309 1351/1/309
f 1395/1/309 1351/1/309 1348/1/309
f 1397/1/309 1398/1/309 1353/1/309
f 1397/1/309 1353/1/309 1351/1/309
f 1398/1/309 1399/1/309 1355/1/309
f 1398/1/309 1355/1/309 1353/1/309
f 1399/1/309 1400/1/309 1357/1/309
f 1399/1/309 1357/1/309 1355/1/309
f 1400/1/309 1401/1/309 1359/1/309
f 1400/1/309 1359/1/309 1357/1/309
f 1401/1/309 1402/1/309 1361/1/309
f 1401/1/309 1361/1/309 1359/1/309
f 1402/1/309 1403/1/309 1363/1/309
f 1402/1/309 1363/1/309 1361/1/309
f 1403/1/309 1404/1/309 1365/1/309
f 1403/1/309 1365/1/309 1363/1/309
f 1404/1/309 1405/1/309 1367/1/309
f 1404/1/309 1367/1/309 1365/1/309
f 1405/1/309 1406/1/309 1369/1/309
f 1405/1/309 1369/1/309 1367/1/309
f 1406/1/309 1407/1/309 1371/1/309
f 1406/1/309 1371/1/309 1369/1/309
f 1407/1/309 1408/1/309 1373/1/309
f 1407/1/309 1373/1/309 1371/1/309
f 1408/1/309 1409/1/309 1375/1/309
f 1408/1/309 1375/1/309 1373/1/309
f 1409/1/309 1410/1/309 1377/1/309
f 1409/1/309 1377/1/309 1375/1/309
f 1410/1/309 1396/1/309 1347/1/309
f 1410/1/309 1347/1/309 1377/1/309
usemtl mat_0
f 1411/1/309 1412/1/309 1413/1/309
f 1413/1/309 1414/1/309 1415/1/309
f 1415/1/309 1416/1/309 1411/1/309
f 1413/1/309 1415/1/309 1411/1/309
f 1417/1/326 1418/1/326 1419/1/326
f 1419/1/326 1420/1/326 1421/1/326
f 1421/1/326 1422/1/326 1417/1/326
f 1419/1/326 1421/1/326 1417/1/326
f 1411/1/480 1416/1/480 1419/1/480
f 1411/1/480 1419/1/480 1418/1/480
f 1416/1/241 1415/1/241 1420/1/241
f 1416/1/241 1420/1/241 1419/1/241
f 1415/1/479 1414/1/479 1421/1/479
f 1415/1/479 1421/1/479 1420/1/479
f 1414/1/482 1413/1/482 1422/1/482
f 1414/1/482 1422/1/482 1421/1/482
f 1413/1/258 1412/1/258 1417/1/258
f 1413/1/258 1417/1/258 1422/1/258
f 1412/1/481 1411/1/481 1418/1/481
f 1412/1/481 1418/1/481 1417/1/481
f 1423/1/309 1424/1/309 1425/1/309
f 1425/1/309 1426/1/309 1427/1/309
f 1427/1/309 1428/1/309 1423/1/309
f 1425/1/309 1427/1/309 1423/1/309
f 1429/1/326 1430/1/326 1431/1/326
f 1431/1/326 1432/1/326 1433/1/326
f 1433/1/326 1434/1/326 1429/1/326
f 1431/1/326 1433/1/326 1429/1/326
f 1423/1/480 1428/1/480 1431/1/480
f 1423/1/480 1431/1/480 1430/1/480
f 1428/1/241 1427/1/241 1432/1/241
f 1428/1/241 1432/1/241 1431/1/241
f 1427/1/479 1426/1/479 1433/1/479
f 1427/1/479 1433/1/479 1432/1/479
f 1426/1/482 1425/1/482 1434/1/482
f 1426/1/482 1434/1/482 1433/1/482
f 1425/1/258 1424/1/258 1429/1/258
f 1425/1/258 1429/1/258 1434/1/258
f 1424/1/481 1423/1/481 1430/1/481
f 1424/1/481 1430/1/481 1429/1/481
f 1435/1/309 1436/1/309 1437/1/309
f 1437/1/309 1438/1/309 1439/1/309
f 1439/1/309 1440/1/309 1435/1/309
f 1437/1/309 1439/1/309 1435/1/309
f 1441/1/326 1442/1/326 1443/1/326
f 1443/1/326 1444/1/326 1445/1/326
f 1445/1/326 1446/1/326 1441/1/326
f 1443/1/326 1445/1/326 1441/1/326
f 1435/1/480 1440/1/480 1443/1/480
f 1435/1/480 1443/1/480 1442/1/480
f 1440/1/241 1439/1/241 1444/1/241
f 1440/1/241 1444/1/241 1443/1/241
f 1439/1/479 1438/1/479 1445/1/479
f 1439/1/479 1445/1/479 1444/1/479
f 1438/1/482 1437/1/482 1446/1/482
f 1438/1/482 1446/1/482 1445/1/482
f 1437/1/258 1436/1/258 1441/1/258
f 1437/1/258 1441/1/258 1446/1/258
f 1436/1/481 1435/1/481 1442/1/481
f 1436/1/481 1442/1/481 1441/1/481
f 1447/1/309 1448/1/309 1449/1/309
f 1449/1/309 1450/1/309 1451/1/309
f 1451/1/309 1452/1/309 1447/1/309
f 1449/1/309 1451/1/309 1447/1/309
f 1453/1/326 1454/1/326 1455/1/326
f 1455/1/326 1456/1/326 1457/1/326
f 1457/1/326 1458/1/326 1453/1/326
f 1455/1/326 1457/1/326 1453/1/326
f 1447/1/480 1452/1/480 1455/1/480
f 1447/1/480 1455/1/480 1454/1/480
f 1452/1/241 1451/1/241 1456/1/241
f 1452/1/241 1456/1/241 1455/1/241
f 1451/1/479 1450/1/479 1457/1/479
f 1451/1/479 1457/1/479 1456/1/479
f 1450/1/482 1449/1/482 1458/1/482
f 1450/1/482 1458/1/482 1457/1/482
f 1449/1/258 1448/1/258 1453/1/258
f 1449/1/258 1453/1/258 1458/1/258
f 1448/1/481 1447/1/481 1454/1/481
f 1448/1/481 1454/1/481 1453/1/481
