# Authored in Blender; exported by tools-export-modern.py
mtllib materials.mtl
s off
v 0.000000000 0.000000000 -0.485000014
v -0.031720515 0.000000000 -0.483961612
v -0.031720515 0.200000003 -0.483961612
v 0.000000000 0.200000003 -0.485000014
v -0.063305199 0.000000000 -0.480850786
v -0.063305199 0.200000003 -0.480850786
v -0.094618812 0.000000000 -0.475680858
v -0.094618812 0.200000003 -0.475680858
v -0.125527233 0.000000000 -0.468474030
v -0.125527233 0.200000003 -0.468474030
v -0.155898154 0.000000000 -0.459261119
v -0.155898154 0.200000003 -0.459261119
v -0.185601473 0.000000000 -0.448081583
v -0.185601473 0.200000003 -0.448081583
v -0.214510024 0.000000000 -0.434983313
v -0.214510024 0.200000003 -0.434983313
v -0.242500007 0.000000000 -0.420022339
v -0.242500007 0.200000003 -0.420022339
v -0.269451588 0.000000000 -0.403262764
v -0.269451588 0.200000003 -0.403262764
v -0.295249313 0.000000000 -0.384776384
v -0.295249313 0.200000003 -0.384776384
v -0.319782734 0.000000000 -0.364642322
v -0.319782734 0.200000003 -0.364642322
v -0.342946798 0.000000000 -0.342946798
v -0.342946798 0.200000003 -0.342946798
v -0.364642322 0.000000000 -0.319782734
v -0.364642322 0.200000003 -0.319782734
v -0.384776384 0.000000000 -0.295249313
v -0.384776384 0.200000003 -0.295249313
v -0.403262764 0.000000000 -0.269451588
v -0.403262764 0.200000003 -0.269451588
v -0.420022339 0.000000000 -0.242500007
v -0.420022339 0.200000003 -0.242500007
v -0.434983313 0.000000000 -0.214510024
v -0.434983313 0.200000003 -0.214510024
v -0.448081583 0.000000000 -0.185601473
v -0.448081583 0.200000003 -0.185601473
v -0.459261119 0.000000000 -0.155898154
v -0.459261119 0.200000003 -0.155898154
v -0.468474030 0.000000000 -0.125527233
v -0.468474030 0.200000003 -0.125527233
v -0.475680858 0.000000000 -0.094618812
v -0.475680858 0.200000003 -0.094618812
v -0.480850786 0.000000000 -0.063305199
v -0.480850786 0.200000003 -0.063305199
v -0.483961612 0.000000000 -0.031720515
v -0.483961612 0.200000003 -0.031720515
v -0.485000014 0.000000000 0.000000000
v -0.485000014 0.200000003 0.000000000
v -0.483961612 0.000000000 0.031720515
v -0.483961612 0.200000003 0.031720515
v -0.480850786 0.000000000 0.063305199
v -0.480850786 0.200000003 0.063305199
v -0.475680858 0.000000000 0.094618812
v -0.475680858 0.200000003 0.094618812
v -0.468474030 0.000000000 0.125527233
v -0.468474030 0.200000003 0.125527233
v -0.459261119 0.000000000 0.155898154
v -0.459261119 0.200000003 0.155898154
v -0.448081583 0.000000000 0.185601473
v -0.448081583 0.200000003 0.185601473
v -0.434983313 0.000000000 0.214510024
v -0.434983313 0.200000003 0.214510024
v -0.420022339 0.000000000 0.242500007
v -0.420022339 0.200000003 0.242500007
v -0.403262764 0.000000000 0.269451588
v -0.403262764 0.200000003 0.269451588
v -0.384776384 0.000000000 0.295249313
v -0.384776384 0.200000003 0.295249313
v -0.364642322 0.000000000 0.319782734
v -0.364642322 0.200000003 0.319782734
v -0.342946798 0.000000000 0.342946798
v -0.342946798 0.200000003 0.342946798
v -0.319782734 0.000000000 0.364642322
v -0.319782734 0.200000003 0.364642322
v -0.295249313 0.000000000 0.384776384
v -0.295249313 0.200000003 0.384776384
v -0.269451588 0.000000000 0.403262764
v -0.269451588 0.200000003 0.403262764
v -0.242500007 0.000000000 0.420022339
v -0.242500007 0.200000003 0.420022339
v -0.214510024 0.000000000 0.434983313
v -0.214510024 0.200000003 0.434983313
v -0.185601473 0.000000000 0.448081583
v -0.185601473 0.200000003 0.448081583
v -0.155898154 0.000000000 0.459261119
v -0.155898154 0.200000003 0.459261119
v -0.125527233 0.000000000 0.468474030
v -0.125527233 0.200000003 0.468474030
v -0.094618812 0.000000000 0.475680858
v -0.094618812 0.200000003 0.475680858
v -0.063305199 0.000000000 0.480850786
v -0.063305199 0.200000003 0.480850786
v -0.031720515 0.000000000 0.483961612
v -0.031720515 0.200000003 0.483961612
v 0.000000000 0.000000000 0.485000014
v 0.000000000 0.200000003 0.485000014
v 0.031720515 0.000000000 0.483961612
v 0.031720515 0.200000003 0.483961612
v 0.063305199 0.000000000 0.480850786
v 0.063305199 0.200000003 0.480850786
v 0.094618812 0.000000000 0.475680858
v 0.094618812 0.200000003 0.475680858
v 0.125527233 0.000000000 0.468474030
v 0.125527233 0.200000003 0.468474030
v 0.155898154 0.000000000 0.459261119
v 0.155898154 0.200000003 0.459261119
v 0.185601473 0.000000000 0.448081583
v 0.185601473 0.200000003 0.448081583
v 0.214510024 0.000000000 0.434983313
v 0.214510024 0.200000003 0.434983313
v 0.242500007 0.000000000 0.420022339
v 0.242500007 0.200000003 0.420022339
v 0.269451588 0.000000000 0.403262764
v 0.269451588 0.200000003 0.403262764
v 0.295249313 0.000000000 0.384776384
v 0.295249313 0.200000003 0.384776384
v 0.319782734 0.000000000 0.364642322
v 0.319782734 0.200000003 0.364642322
v 0.342946798 0.000000000 0.342946798
v 0.342946798 0.200000003 0.342946798
v 0.364642322 0.000000000 0.319782734
v 0.364642322 0.200000003 0.319782734
v 0.384776384 0.000000000 0.295249313
v 0.384776384 0.200000003 0.295249313
v 0.403262764 0.000000000 0.269451588
v 0.403262764 0.200000003 0.269451588
v 0.420022339 0.000000000 0.242500007
v 0.420022339 0.200000003 0.242500007
v 0.434983313 0.000000000 0.214510024
v 0.434983313 0.200000003 0.214510024
v 0.448081583 0.000000000 0.185601473
v 0.448081583 0.200000003 0.185601473
v 0.459261119 0.000000000 0.155898154
v 0.459261119 0.200000003 0.155898154
v 0.468474030 0.000000000 0.125527233
v 0.468474030 0.200000003 0.125527233
v 0.475680858 0.000000000 0.094618812
v 0.475680858 0.200000003 0.094618812
v 0.480850786 0.000000000 0.063305199
v 0.480850786 0.200000003 0.063305199
v 0.483961612 0.000000000 0.031720515
v 0.483961612 0.200000003 0.031720515
v 0.485000014 0.000000000 0.000000000
v 0.485000014 0.200000003 0.000000000
v 0.483961612 0.000000000 -0.031720515
v 0.483961612 0.200000003 -0.031720515
v 0.480850786 0.000000000 -0.063305199
v 0.480850786 0.200000003 -0.063305199
v 0.475680858 0.000000000 -0.094618812
v 0.475680858 0.200000003 -0.094618812
v 0.468474030 0.000000000 -0.125527233
v 0.468474030 0.200000003 -0.125527233
v 0.459261119 0.000000000 -0.155898154
v 0.459261119 0.200000003 -0.155898154
v 0.448081583 0.000000000 -0.185601473
v 0.448081583 0.200000003 -0.185601473
v 0.434983313 0.000000000 -0.214510024
v 0.434983313 0.200000003 -0.214510024
v 0.420022339 0.000000000 -0.242500007
v 0.420022339 0.200000003 -0.242500007
v 0.403262764 0.000000000 -0.269451588
v 0.403262764 0.200000003 -0.269451588
v 0.384776384 0.000000000 -0.295249313
v 0.384776384 0.200000003 -0.295249313
v 0.364642322 0.000000000 -0.319782734
v 0.364642322 0.200000003 -0.319782734
v 0.342946798 0.000000000 -0.342946798
v 0.342946798 0.200000003 -0.342946798
v 0.319782734 0.000000000 -0.364642322
v 0.319782734 0.200000003 -0.364642322
v 0.295249313 0.000000000 -0.384776384
v 0.295249313 0.200000003 -0.384776384
v 0.269451588 0.000000000 -0.403262764
v 0.269451588 0.200000003 -0.403262764
v 0.242500007 0.000000000 -0.420022339
v 0.242500007 0.200000003 -0.420022339
v 0.214510024 0.000000000 -0.434983313
v 0.214510024 0.200000003 -0.434983313
v 0.185601473 0.000000000 -0.448081583
v 0.185601473 0.200000003 -0.448081583
v 0.155898154 0.000000000 -0.459261119
v 0.155898154 0.200000003 -0.459261119
v 0.125527233 0.000000000 -0.468474030
v 0.125527233 0.200000003 -0.468474030
v 0.094618812 0.000000000 -0.475680858
v 0.094618812 0.200000003 -0.475680858
v 0.063305199 0.000000000 -0.480850786
v 0.063305199 0.200000003 -0.480850786
v 0.031720515 0.000000000 -0.483961612
v 0.031720515 0.200000003 -0.483961612
v -0.028450361 0.200000003 -0.434068650
v 0.000000000 0.200000003 -0.435000002
v -0.056778889 0.200000003 -0.431278527
v -0.084864289 0.200000003 -0.426641583
v -0.112586282 0.200000003 -0.420177728
v -0.139826179 0.200000003 -0.411914587
v -0.166467294 0.200000003 -0.401887596
v -0.192395583 0.200000003 -0.390139639
v -0.217500001 0.200000003 -0.376721054
v -0.241673052 0.200000003 -0.361689270
v -0.264811218 0.200000003 -0.345108688
v -0.286815435 0.200000003 -0.327050328
v -0.307591438 0.200000003 -0.307591438
v -0.327050328 0.200000003 -0.286815435
v -0.345108688 0.200000003 -0.264811218
v -0.361689270 0.200000003 -0.241673052
v -0.376721054 0.200000003 -0.217500001
v -0.390139639 0.200000003 -0.192395583
v -0.401887596 0.200000003 -0.166467294
v -0.411914587 0.200000003 -0.139826179
v -0.420177728 0.200000003 -0.112586282
v -0.426641583 0.200000003 -0.084864289
v -0.431278527 0.200000003 -0.056778889
v -0.434068650 0.200000003 -0.028450361
v -0.435000002 0.200000003 0.000000000
v -0.434068650 0.200000003 0.028450361
v -0.431278527 0.200000003 0.056778889
v -0.426641583 0.200000003 0.084864289
v -0.420177728 0.200000003 0.112586282
v -0.411914587 0.200000003 0.139826179
v -0.401887596 0.200000003 0.166467294
v -0.390139639 0.200000003 0.192395583
v -0.376721054 0.200000003 0.217500001
v -0.361689270 0.200000003 0.241673052
v -0.345108688 0.200000003 0.264811218
v -0.327050328 0.200000003 0.286815435
v -0.307591438 0.200000003 0.307591438
v -0.286815435 0.200000003 0.327050328
v -0.264811218 0.200000003 0.345108688
v -0.241673052 0.200000003 0.361689270
v -0.217500001 0.200000003 0.376721054
v -0.192395583 0.200000003 0.390139639
v -0.166467294 0.200000003 0.401887596
v -0.139826179 0.200000003 0.411914587
v -0.112586282 0.200000003 0.420177728
v -0.084864289 0.200000003 0.426641583
v -0.056778889 0.200000003 0.431278527
v -0.028450361 0.200000003 0.434068650
v 0.000000000 0.200000003 0.435000002
v 0.028450361 0.200000003 0.434068650
v 0.056778889 0.200000003 0.431278527
v 0.084864289 0.200000003 0.426641583
v 0.112586282 0.200000003 0.420177728
v 0.139826179 0.200000003 0.411914587
v 0.166467294 0.200000003 0.401887596
v 0.192395583 0.200000003 0.390139639
v 0.217500001 0.200000003 0.376721054
v 0.241673052 0.200000003 0.361689270
v 0.264811218 0.200000003 0.345108688
v 0.286815435 0.200000003 0.327050328
v 0.307591438 0.200000003 0.307591438
v 0.327050328 0.200000003 0.286815435
v 0.345108688 0.200000003 0.264811218
v 0.361689270 0.200000003 0.241673052
v 0.376721054 0.200000003 0.217500001
v 0.390139639 0.200000003 0.192395583
v 0.401887596 0.200000003 0.166467294
v 0.411914587 0.200000003 0.139826179
v 0.420177728 0.200000003 0.112586282
v 0.426641583 0.200000003 0.084864289
v 0.431278527 0.200000003 0.056778889
v 0.434068650 0.200000003 0.028450361
v 0.435000002 0.200000003 0.000000000
v 0.434068650 0.200000003 -0.028450361
v 0.431278527 0.200000003 -0.056778889
v 0.426641583 0.200000003 -0.084864289
v 0.420177728 0.200000003 -0.112586282
v 0.411914587 0.200000003 -0.139826179
v 0.401887596 0.200000003 -0.166467294
v 0.390139639 0.200000003 -0.192395583
v 0.376721054 0.200000003 -0.217500001
v 0.361689270 0.200000003 -0.241673052
v 0.345108688 0.200000003 -0.264811218
v 0.327050328 0.200000003 -0.286815435
v 0.307591438 0.200000003 -0.307591438
v 0.286815435 0.200000003 -0.327050328
v 0.264811218 0.200000003 -0.345108688
v 0.241673052 0.200000003 -0.361689270
v 0.217500001 0.200000003 -0.376721054
v 0.192395583 0.200000003 -0.390139639
v 0.166467294 0.200000003 -0.401887596
v 0.139826179 0.200000003 -0.411914587
v 0.112586282 0.200000003 -0.420177728
v 0.084864289 0.200000003 -0.426641583
v 0.056778889 0.200000003 -0.431278527
v 0.028450361 0.200000003 -0.434068650
v -0.028450361 0.000000000 -0.434068650
v 0.000000000 0.000000000 -0.435000002
v -0.056778889 0.000000000 -0.431278527
v -0.084864289 0.000000000 -0.426641583
v -0.112586282 0.000000000 -0.420177728
v -0.139826179 0.000000000 -0.411914587
v -0.166467294 0.000000000 -0.401887596
v -0.192395583 0.000000000 -0.390139639
v -0.217500001 0.000000000 -0.376721054
v -0.241673052 0.000000000 -0.361689270
v -0.264811218 0.000000000 -0.345108688
v -0.286815435 0.000000000 -0.327050328
v -0.307591438 0.000000000 -0.307591438
v -0.327050328 0.000000000 -0.286815435
v -0.345108688 0.000000000 -0.264811218
v -0.361689270 0.000000000 -0.241673052
v -0.376721054 0.000000000 -0.217500001
v -0.390139639 0.000000000 -0.192395583
v -0.401887596 0.000000000 -0.166467294
v -0.411914587 0.000000000 -0.139826179
v -0.420177728 0.000000000 -0.112586282
v -0.426641583 0.000000000 -0.084864289
v -0.431278527 0.000000000 -0.056778889
v -0.434068650 0.000000000 -0.028450361
v -0.435000002 0.000000000 0.000000000
v -0.434068650 0.000000000 0.028450361
v -0.431278527 0.000000000 0.056778889
v -0.426641583 0.000000000 0.084864289
v -0.420177728 0.000000000 0.112586282
v -0.411914587 0.000000000 0.139826179
v -0.401887596 0.000000000 0.166467294
v -0.390139639 0.000000000 0.192395583
v -0.376721054 0.000000000 0.217500001
v -0.361689270 0.000000000 0.241673052
v -0.345108688 0.000000000 0.264811218
v -0.327050328 0.000000000 0.286815435
v -0.307591438 0.000000000 0.307591438
v -0.286815435 0.000000000 0.327050328
v -0.264811218 0.000000000 0.345108688
v -0.241673052 0.000000000 0.361689270
v -0.217500001 0.000000000 0.376721054
v -0.192395583 0.000000000 0.390139639
v -0.166467294 0.000000000 0.401887596
v -0.139826179 0.000000000 0.411914587
v -0.112586282 0.000000000 0.420177728
v -0.084864289 0.000000000 0.426641583
v -0.056778889 0.000000000 0.431278527
v -0.028450361 0.000000000 0.434068650
v 0.000000000 0.000000000 0.435000002
v 0.028450361 0.000000000 0.434068650
v 0.056778889 0.000000000 0.431278527
v 0.084864289 0.000000000 0.426641583
v 0.112586282 0.000000000 0.420177728
v 0.139826179 0.000000000 0.411914587
v 0.166467294 0.000000000 0.401887596
v 0.192395583 0.000000000 0.390139639
v 0.217500001 0.000000000 0.376721054
v 0.241673052 0.000000000 0.361689270
v 0.264811218 0.000000000 0.345108688
v 0.286815435 0.000000000 0.327050328
v 0.307591438 0.000000000 0.307591438
v 0.327050328 0.000000000 0.286815435
v 0.345108688 0.000000000 0.264811218
v 0.361689270 0.000000000 0.241673052
v 0.376721054 0.000000000 0.217500001
v 0.390139639 0.000000000 0.192395583
v 0.401887596 0.000000000 0.166467294
v 0.411914587 0.000000000 0.139826179
v 0.420177728 0.000000000 0.112586282
v 0.426641583 0.000000000 0.084864289
v 0.431278527 0.000000000 0.056778889
v 0.434068650 0.000000000 0.028450361
v 0.435000002 0.000000000 0.000000000
v 0.434068650 0.000000000 -0.028450361
v 0.431278527 0.000000000 -0.056778889
v 0.426641583 0.000000000 -0.084864289
v 0.420177728 0.000000000 -0.112586282
v 0.411914587 0.000000000 -0.139826179
v 0.401887596 0.000000000 -0.166467294
v 0.390139639 0.000000000 -0.192395583
v 0.376721054 0.000000000 -0.217500001
v 0.361689270 0.000000000 -0.241673052
v 0.345108688 0.000000000 -0.264811218
v 0.327050328 0.000000000 -0.286815435
v 0.307591438 0.000000000 -0.307591438
v 0.286815435 0.000000000 -0.327050328
v 0.264811218 0.000000000 -0.345108688
v 0.241673052 0.000000000 -0.361689270
v 0.217500001 0.000000000 -0.376721054
v 0.192395583 0.000000000 -0.390139639
v 0.166467294 0.000000000 -0.401887596
v 0.139826179 0.000000000 -0.411914587
v 0.112586282 0.000000000 -0.420177728
v 0.084864289 0.000000000 -0.426641583
v 0.056778889 0.000000000 -0.431278527
v 0.028450361 0.000000000 -0.434068650
v 0.000000000 0.200000003 -0.481999993
v -0.031524308 0.200000003 -0.480967999
v -0.031524308 0.224999994 -0.480967999
v 0.000000000 0.224999994 -0.481999993
v -0.062913619 0.200000003 -0.477876425
v -0.062913619 0.224999994 -0.477876425
v -0.094033532 0.200000003 -0.472738475
v -0.094033532 0.224999994 -0.472738475
v -0.124750778 0.200000003 -0.465576231
v -0.124750778 0.224999994 -0.465576231
v -0.154933825 0.200000003 -0.456420302
v -0.154933825 0.224999994 -0.456420302
v -0.184453413 0.200000003 -0.445309907
v -0.184453413 0.224999994 -0.445309907
v -0.213183150 0.200000003 -0.432292670
v -0.213183150 0.224999994 -0.432292670
v -0.240999997 0.200000003 -0.417424232
v -0.240999997 0.224999994 -0.417424232
v -0.267784864 0.200000003 -0.400768340
v -0.267784864 0.224999994 -0.400768340
v -0.293422997 0.200000003 -0.382396281
v -0.293422997 0.224999994 -0.382396281
v -0.317804664 0.200000003 -0.362386793
v -0.317804664 0.224999994 -0.362386793
v -0.340825468 0.200000003 -0.340825468
v -0.340825468 0.224999994 -0.340825468
v -0.362386793 0.200000003 -0.317804664
v -0.362386793 0.224999994 -0.317804664
v -0.382396281 0.200000003 -0.293422997
v -0.382396281 0.224999994 -0.293422997
v -0.400768340 0.200000003 -0.267784864
v -0.400768340 0.224999994 -0.267784864
v -0.417424232 0.200000003 -0.240999997
v -0.417424232 0.224999994 -0.240999997
v -0.432292670 0.200000003 -0.213183150
v -0.432292670 0.224999994 -0.213183150
v -0.445309907 0.200000003 -0.184453413
v -0.445309907 0.224999994 -0.184453413
v -0.456420302 0.200000003 -0.154933825
v -0.456420302 0.224999994 -0.154933825
v -0.465576231 0.200000003 -0.124750778
v -0.465576231 0.224999994 -0.124750778
v -0.472738475 0.200000003 -0.094033532
v -0.472738475 0.224999994 -0.094033532
v -0.477876425 0.200000003 -0.062913619
v -0.477876425 0.224999994 -0.062913619
v -0.480967999 0.200000003 -0.031524308
v -0.480967999 0.224999994 -0.031524308
v -0.481999993 0.200000003 0.000000000
v -0.481999993 0.224999994 0.000000000
v -0.480967999 0.200000003 0.031524308
v -0.480967999 0.224999994 0.031524308
v -0.477876425 0.200000003 0.062913619
v -0.477876425 0.224999994 0.062913619
v -0.472738475 0.200000003 0.094033532
v -0.472738475 0.224999994 0.094033532
v -0.465576231 0.200000003 0.124750778
v -0.465576231 0.224999994 0.124750778
v -0.456420302 0.200000003 0.154933825
v -0.456420302 0.224999994 0.154933825
v -0.445309907 0.200000003 0.184453413
v -0.445309907 0.224999994 0.184453413
v -0.432292670 0.200000003 0.213183150
v -0.432292670 0.224999994 0.213183150
v -0.417424232 0.200000003 0.240999997
v -0.417424232 0.224999994 0.240999997
v -0.400768340 0.200000003 0.267784864
v -0.400768340 0.224999994 0.267784864
v -0.382396281 0.200000003 0.293422997
v -0.382396281 0.224999994 0.293422997
v -0.362386793 0.200000003 0.317804664
v -0.362386793 0.224999994 0.317804664
v -0.340825468 0.200000003 0.340825468
v -0.340825468 0.224999994 0.340825468
v -0.317804664 0.200000003 0.362386793
v -0.317804664 0.224999994 0.362386793
v -0.293422997 0.200000003 0.382396281
v -0.293422997 0.224999994 0.382396281
v -0.267784864 0.200000003 0.400768340
v -0.267784864 0.224999994 0.400768340
v -0.240999997 0.200000003 0.417424232
v -0.240999997 0.224999994 0.417424232
v -0.213183150 0.200000003 0.432292670
v -0.213183150 0.224999994 0.432292670
v -0.184453413 0.200000003 0.445309907
v -0.184453413 0.224999994 0.445309907
v -0.154933825 0.200000003 0.456420302
v -0.154933825 0.224999994 0.456420302
v -0.124750778 0.200000003 0.465576231
v -0.124750778 0.224999994 0.465576231
v -0.094033532 0.200000003 0.472738475
v -0.094033532 0.224999994 0.472738475
v -0.062913619 0.200000003 0.477876425
v -0.062913619 0.224999994 0.477876425
v -0.031524308 0.200000003 0.480967999
v -0.031524308 0.224999994 0.480967999
v 0.000000000 0.200000003 0.481999993
v 0.000000000 0.224999994 0.481999993
v 0.031524308 0.200000003 0.480967999
v 0.031524308 0.224999994 0.480967999
v 0.062913619 0.200000003 0.477876425
v 0.062913619 0.224999994 0.477876425
v 0.094033532 0.200000003 0.472738475
v 0.094033532 0.224999994 0.472738475
v 0.124750778 0.200000003 0.465576231
v 0.124750778 0.224999994 0.465576231
v 0.154933825 0.200000003 0.456420302
v 0.154933825 0.224999994 0.456420302
v 0.184453413 0.200000003 0.445309907
v 0.184453413 0.224999994 0.445309907
v 0.213183150 0.200000003 0.432292670
v 0.213183150 0.224999994 0.432292670
v 0.240999997 0.200000003 0.417424232
v 0.240999997 0.224999994 0.417424232
v 0.267784864 0.200000003 0.400768340
v 0.267784864 0.224999994 0.400768340
v 0.293422997 0.200000003 0.382396281
v 0.293422997 0.224999994 0.382396281
v 0.317804664 0.200000003 0.362386793
v 0.317804664 0.224999994 0.362386793
v 0.340825468 0.200000003 0.340825468
v 0.340825468 0.224999994 0.340825468
v 0.362386793 0.200000003 0.317804664
v 0.362386793 0.224999994 0.317804664
v 0.382396281 0.200000003 0.293422997
v 0.382396281 0.224999994 0.293422997
v 0.400768340 0.200000003 0.267784864
v 0.400768340 0.224999994 0.267784864
v 0.417424232 0.200000003 0.240999997
v 0.417424232 0.224999994 0.240999997
v 0.432292670 0.200000003 0.213183150
v 0.432292670 0.224999994 0.213183150
v 0.445309907 0.200000003 0.184453413
v 0.445309907 0.224999994 0.184453413
v 0.456420302 0.200000003 0.154933825
v 0.456420302 0.224999994 0.154933825
v 0.465576231 0.200000003 0.124750778
v 0.465576231 0.224999994 0.124750778
v 0.472738475 0.200000003 0.094033532
v 0.472738475 0.224999994 0.094033532
v 0.477876425 0.200000003 0.062913619
v 0.477876425 0.224999994 0.062913619
v 0.480967999 0.200000003 0.031524308
v 0.480967999 0.224999994 0.031524308
v 0.481999993 0.200000003 0.000000000
v 0.481999993 0.224999994 0.000000000
v 0.480967999 0.200000003 -0.031524308
v 0.480967999 0.224999994 -0.031524308
v 0.477876425 0.200000003 -0.062913619
v 0.477876425 0.224999994 -0.062913619
v 0.472738475 0.200000003 -0.094033532
v 0.472738475 0.224999994 -0.094033532
v 0.465576231 0.200000003 -0.124750778
v 0.465576231 0.224999994 -0.124750778
v 0.456420302 0.200000003 -0.154933825
v 0.456420302 0.224999994 -0.154933825
v 0.445309907 0.200000003 -0.184453413
v 0.445309907 0.224999994 -0.184453413
v 0.432292670 0.200000003 -0.213183150
v 0.432292670 0.224999994 -0.213183150
v 0.417424232 0.200000003 -0.240999997
v 0.417424232 0.224999994 -0.240999997
v 0.400768340 0.200000003 -0.267784864
v 0.400768340 0.224999994 -0.267784864
v 0.382396281 0.200000003 -0.293422997
v 0.382396281 0.224999994 -0.293422997
v 0.362386793 0.200000003 -0.317804664
v 0.362386793 0.224999994 -0.317804664
v 0.340825468 0.200000003 -0.340825468
v 0.340825468 0.224999994 -0.340825468
v 0.317804664 0.200000003 -0.362386793
v 0.317804664 0.224999994 -0.362386793
v 0.293422997 0.200000003 -0.382396281
v 0.293422997 0.224999994 -0.382396281
v 0.267784864 0.200000003 -0.400768340
v 0.267784864 0.224999994 -0.400768340
v 0.240999997 0.200000003 -0.417424232
v 0.240999997 0.224999994 -0.417424232
v 0.213183150 0.200000003 -0.432292670
v 0.213183150 0.224999994 -0.432292670
v 0.184453413 0.200000003 -0.445309907
v 0.184453413 0.224999994 -0.445309907
v 0.154933825 0.200000003 -0.456420302
v 0.154933825 0.224999994 -0.456420302
v 0.124750778 0.200000003 -0.465576231
v 0.124750778 0.224999994 -0.465576231
v 0.094033532 0.200000003 -0.472738475
v 0.094033532 0.224999994 -0.472738475
v 0.062913619 0.200000003 -0.477876425
v 0.062913619 0.224999994 -0.477876425
v 0.031524308 0.200000003 -0.480967999
v 0.031524308 0.224999994 -0.480967999
v -0.028450361 0.224999994 -0.434068650
v 0.000000000 0.224999994 -0.435000002
v -0.056778889 0.224999994 -0.431278527
v -0.084864289 0.224999994 -0.426641583
v -0.112586282 0.224999994 -0.420177728
v -0.139826179 0.224999994 -0.411914587
v -0.166467294 0.224999994 -0.401887596
v -0.192395583 0.224999994 -0.390139639
v -0.217500001 0.224999994 -0.376721054
v -0.241673052 0.224999994 -0.361689270
v -0.264811218 0.224999994 -0.345108688
v -0.286815435 0.224999994 -0.327050328
v -0.307591438 0.224999994 -0.307591438
v -0.327050328 0.224999994 -0.286815435
v -0.345108688 0.224999994 -0.264811218
v -0.361689270 0.224999994 -0.241673052
v -0.376721054 0.224999994 -0.217500001
v -0.390139639 0.224999994 -0.192395583
v -0.401887596 0.224999994 -0.166467294
v -0.411914587 0.224999994 -0.139826179
v -0.420177728 0.224999994 -0.112586282
v -0.426641583 0.224999994 -0.084864289
v -0.431278527 0.224999994 -0.056778889
v -0.434068650 0.224999994 -0.028450361
v -0.435000002 0.224999994 0.000000000
v -0.434068650 0.224999994 0.028450361
v -0.431278527 0.224999994 0.056778889
v -0.426641583 0.224999994 0.084864289
v -0.420177728 0.224999994 0.112586282
v -0.411914587 0.224999994 0.139826179
v -0.401887596 0.224999994 0.166467294
v -0.390139639 0.224999994 0.192395583
v -0.376721054 0.224999994 0.217500001
v -0.361689270 0.224999994 0.241673052
v -0.345108688 0.224999994 0.264811218
v -0.327050328 0.224999994 0.286815435
v -0.307591438 0.224999994 0.307591438
v -0.286815435 0.224999994 0.327050328
v -0.264811218 0.224999994 0.345108688
v -0.241673052 0.224999994 0.361689270
v -0.217500001 0.224999994 0.376721054
v -0.192395583 0.224999994 0.390139639
v -0.166467294 0.224999994 0.401887596
v -0.139826179 0.224999994 0.411914587
v -0.112586282 0.224999994 0.420177728
v -0.084864289 0.224999994 0.426641583
v -0.056778889 0.224999994 0.431278527
v -0.028450361 0.224999994 0.434068650
v 0.000000000 0.224999994 0.435000002
v 0.028450361 0.224999994 0.434068650
v 0.056778889 0.224999994 0.431278527
v 0.084864289 0.224999994 0.426641583
v 0.112586282 0.224999994 0.420177728
v 0.139826179 0.224999994 0.411914587
v 0.166467294 0.224999994 0.401887596
v 0.192395583 0.224999994 0.390139639
v 0.217500001 0.224999994 0.376721054
v 0.241673052 0.224999994 0.361689270
v 0.264811218 0.224999994 0.345108688
v 0.286815435 0.224999994 0.327050328
v 0.307591438 0.224999994 0.307591438
v 0.327050328 0.224999994 0.286815435
v 0.345108688 0.224999994 0.264811218
v 0.361689270 0.224999994 0.241673052
v 0.376721054 0.224999994 0.217500001
v 0.390139639 0.224999994 0.192395583
v 0.401887596 0.224999994 0.166467294
v 0.411914587 0.224999994 0.139826179
v 0.420177728 0.224999994 0.112586282
v 0.426641583 0.224999994 0.084864289
v 0.431278527 0.224999994 0.056778889
v 0.434068650 0.224999994 0.028450361
v 0.435000002 0.224999994 0.000000000
v 0.434068650 0.224999994 -0.028450361
v 0.431278527 0.224999994 -0.056778889
v 0.426641583 0.224999994 -0.084864289
v 0.420177728 0.224999994 -0.112586282
v 0.411914587 0.224999994 -0.139826179
v 0.401887596 0.224999994 -0.166467294
v 0.390139639 0.224999994 -0.192395583
v 0.376721054 0.224999994 -0.217500001
v 0.361689270 0.224999994 -0.241673052
v 0.345108688 0.224999994 -0.264811218
v 0.327050328 0.224999994 -0.286815435
v 0.307591438 0.224999994 -0.307591438
v 0.286815435 0.224999994 -0.327050328
v 0.264811218 0.224999994 -0.345108688
v 0.241673052 0.224999994 -0.361689270
v 0.217500001 0.224999994 -0.376721054
v 0.192395583 0.224999994 -0.390139639
v 0.166467294 0.224999994 -0.401887596
v 0.139826179 0.224999994 -0.411914587
v 0.112586282 0.224999994 -0.420177728
v 0.084864289 0.224999994 -0.426641583
v 0.056778889 0.224999994 -0.431278527
v 0.028450361 0.224999994 -0.434068650
v 0.000000000 0.224999994 -0.485000014
v -0.031720515 0.224999994 -0.483961612
v -0.031720515 0.419999987 -0.483961612
v 0.000000000 0.419999987 -0.485000014
v -0.063305199 0.224999994 -0.480850786
v -0.063305199 0.419999987 -0.480850786
v -0.094618812 0.224999994 -0.475680858
v -0.094618812 0.419999987 -0.475680858
v -0.125527233 0.224999994 -0.468474030
v -0.125527233 0.419999987 -0.468474030
v -0.155898154 0.224999994 -0.459261119
v -0.155898154 0.419999987 -0.459261119
v -0.185601473 0.224999994 -0.448081583
v -0.185601473 0.419999987 -0.448081583
v -0.214510024 0.224999994 -0.434983313
v -0.214510024 0.419999987 -0.434983313
v -0.242500007 0.224999994 -0.420022339
v -0.242500007 0.419999987 -0.420022339
v -0.269451588 0.224999994 -0.403262764
v -0.269451588 0.419999987 -0.403262764
v -0.295249313 0.224999994 -0.384776384
v -0.295249313 0.419999987 -0.384776384
v -0.319782734 0.224999994 -0.364642322
v -0.319782734 0.419999987 -0.364642322
v -0.342946798 0.224999994 -0.342946798
v -0.342946798 0.419999987 -0.342946798
v -0.364642322 0.224999994 -0.319782734
v -0.364642322 0.419999987 -0.319782734
v -0.384776384 0.224999994 -0.295249313
v -0.384776384 0.419999987 -0.295249313
v -0.403262764 0.224999994 -0.269451588
v -0.403262764 0.419999987 -0.269451588
v -0.420022339 0.224999994 -0.242500007
v -0.420022339 0.419999987 -0.242500007
v -0.434983313 0.224999994 -0.214510024
v -0.434983313 0.419999987 -0.214510024
v -0.448081583 0.224999994 -0.185601473
v -0.448081583 0.419999987 -0.185601473
v -0.459261119 0.224999994 -0.155898154
v -0.459261119 0.419999987 -0.155898154
v -0.468474030 0.224999994 -0.125527233
v -0.468474030 0.419999987 -0.125527233
v -0.475680858 0.224999994 -0.094618812
v -0.475680858 0.419999987 -0.094618812
v -0.480850786 0.224999994 -0.063305199
v -0.480850786 0.419999987 -0.063305199
v -0.483961612 0.224999994 -0.031720515
v -0.483961612 0.419999987 -0.031720515
v -0.485000014 0.224999994 0.000000000
v -0.485000014 0.419999987 0.000000000
v -0.483961612 0.224999994 0.031720515
v -0.483961612 0.419999987 0.031720515
v -0.480850786 0.224999994 0.063305199
v -0.480850786 0.419999987 0.063305199
v -0.475680858 0.224999994 0.094618812
v -0.475680858 0.419999987 0.094618812
v -0.468474030 0.224999994 0.125527233
v -0.468474030 0.419999987 0.125527233
v -0.459261119 0.224999994 0.155898154
v -0.459261119 0.419999987 0.155898154
v -0.448081583 0.224999994 0.185601473
v -0.448081583 0.419999987 0.185601473
v -0.434983313 0.224999994 0.214510024
v -0.434983313 0.419999987 0.214510024
v -0.420022339 0.224999994 0.242500007
v -0.420022339 0.419999987 0.242500007
v -0.403262764 0.224999994 0.269451588
v -0.403262764 0.419999987 0.269451588
v -0.384776384 0.224999994 0.295249313
v -0.384776384 0.419999987 0.295249313
v -0.364642322 0.224999994 0.319782734
v -0.364642322 0.419999987 0.319782734
v -0.342946798 0.224999994 0.342946798
v -0.342946798 0.419999987 0.342946798
v -0.319782734 0.224999994 0.364642322
v -0.319782734 0.419999987 0.364642322
v -0.295249313 0.224999994 0.384776384
v -0.295249313 0.419999987 0.384776384
v -0.269451588 0.224999994 0.403262764
v -0.269451588 0.419999987 0.403262764
v -0.242500007 0.224999994 0.420022339
v -0.242500007 0.419999987 0.420022339
v -0.214510024 0.224999994 0.434983313
v -0.214510024 0.419999987 0.434983313
v -0.185601473 0.224999994 0.448081583
v -0.185601473 0.419999987 0.448081583
v -0.155898154 0.224999994 0.459261119
v -0.155898154 0.419999987 0.459261119
v -0.125527233 0.224999994 0.468474030
v -0.125527233 0.419999987 0.468474030
v -0.094618812 0.224999994 0.475680858
v -0.094618812 0.419999987 0.475680858
v -0.063305199 0.224999994 0.480850786
v -0.063305199 0.419999987 0.480850786
v -0.031720515 0.224999994 0.483961612
v -0.031720515 0.419999987 0.483961612
v 0.000000000 0.224999994 0.485000014
v 0.000000000 0.419999987 0.485000014
v 0.031720515 0.224999994 0.483961612
v 0.031720515 0.419999987 0.483961612
v 0.063305199 0.224999994 0.480850786
v 0.063305199 0.419999987 0.480850786
v 0.094618812 0.224999994 0.475680858
v 0.094618812 0.419999987 0.475680858
v 0.125527233 0.224999994 0.468474030
v 0.125527233 0.419999987 0.468474030
v 0.155898154 0.224999994 0.459261119
v 0.155898154 0.419999987 0.459261119
v 0.185601473 0.224999994 0.448081583
v 0.185601473 0.419999987 0.448081583
v 0.214510024 0.224999994 0.434983313
v 0.214510024 0.419999987 0.434983313
v 0.242500007 0.224999994 0.420022339
v 0.242500007 0.419999987 0.420022339
v 0.269451588 0.224999994 0.403262764
v 0.269451588 0.419999987 0.403262764
v 0.295249313 0.224999994 0.384776384
v 0.295249313 0.419999987 0.384776384
v 0.319782734 0.224999994 0.364642322
v 0.319782734 0.419999987 0.364642322
v 0.342946798 0.224999994 0.342946798
v 0.342946798 0.419999987 0.342946798
v 0.364642322 0.224999994 0.319782734
v 0.364642322 0.419999987 0.319782734
v 0.384776384 0.224999994 0.295249313
v 0.384776384 0.419999987 0.295249313
v 0.403262764 0.224999994 0.269451588
v 0.403262764 0.419999987 0.269451588
v 0.420022339 0.224999994 0.242500007
v 0.420022339 0.419999987 0.242500007
v 0.434983313 0.224999994 0.214510024
v 0.434983313 0.419999987 0.214510024
v 0.448081583 0.224999994 0.185601473
v 0.448081583 0.419999987 0.185601473
v 0.459261119 0.224999994 0.155898154
v 0.459261119 0.419999987 0.155898154
v 0.468474030 0.224999994 0.125527233
v 0.468474030 0.419999987 0.125527233
v 0.475680858 0.224999994 0.094618812
v 0.475680858 0.419999987 0.094618812
v 0.480850786 0.224999994 0.063305199
v 0.480850786 0.419999987 0.063305199
v 0.483961612 0.224999994 0.031720515
v 0.483961612 0.419999987 0.031720515
v 0.485000014 0.224999994 0.000000000
v 0.485000014 0.419999987 0.000000000
v 0.483961612 0.224999994 -0.031720515
v 0.483961612 0.419999987 -0.031720515
v 0.480850786 0.224999994 -0.063305199
v 0.480850786 0.419999987 -0.063305199
v 0.475680858 0.224999994 -0.094618812
v 0.475680858 0.419999987 -0.094618812
v 0.468474030 0.224999994 -0.125527233
v 0.468474030 0.419999987 -0.125527233
v 0.459261119 0.224999994 -0.155898154
v 0.459261119 0.419999987 -0.155898154
v 0.448081583 0.224999994 -0.185601473
v 0.448081583 0.419999987 -0.185601473
v 0.434983313 0.224999994 -0.214510024
v 0.434983313 0.419999987 -0.214510024
v 0.420022339 0.224999994 -0.242500007
v 0.420022339 0.419999987 -0.242500007
v 0.403262764 0.224999994 -0.269451588
v 0.403262764 0.419999987 -0.269451588
v 0.384776384 0.224999994 -0.295249313
v 0.384776384 0.419999987 -0.295249313
v 0.364642322 0.224999994 -0.319782734
v 0.364642322 0.419999987 -0.319782734
v 0.342946798 0.224999994 -0.342946798
v 0.342946798 0.419999987 -0.342946798
v 0.319782734 0.224999994 -0.364642322
v 0.319782734 0.419999987 -0.364642322
v 0.295249313 0.224999994 -0.384776384
v 0.295249313 0.419999987 -0.384776384
v 0.269451588 0.224999994 -0.403262764
v 0.269451588 0.419999987 -0.403262764
v 0.242500007 0.224999994 -0.420022339
v 0.242500007 0.419999987 -0.420022339
v 0.214510024 0.224999994 -0.434983313
v 0.214510024 0.419999987 -0.434983313
v 0.185601473 0.224999994 -0.448081583
v 0.185601473 0.419999987 -0.448081583
v 0.155898154 0.224999994 -0.459261119
v 0.155898154 0.419999987 -0.459261119
v 0.125527233 0.224999994 -0.468474030
v 0.125527233 0.419999987 -0.468474030
v 0.094618812 0.224999994 -0.475680858
v 0.094618812 0.419999987 -0.475680858
v 0.063305199 0.224999994 -0.480850786
v 0.063305199 0.419999987 -0.480850786
v 0.031720515 0.224999994 -0.483961612
v 0.031720515 0.419999987 -0.483961612
v -0.028450361 0.419999987 -0.434068650
v 0.000000000 0.419999987 -0.435000002
v -0.056778889 0.419999987 -0.431278527
v -0.084864289 0.419999987 -0.426641583
v -0.112586282 0.419999987 -0.420177728
v -0.139826179 0.419999987 -0.411914587
v -0.166467294 0.419999987 -0.401887596
v -0.192395583 0.419999987 -0.390139639
v -0.217500001 0.419999987 -0.376721054
v -0.241673052 0.419999987 -0.361689270
v -0.264811218 0.419999987 -0.345108688
v -0.286815435 0.419999987 -0.327050328
v -0.307591438 0.419999987 -0.307591438
v -0.327050328 0.419999987 -0.286815435
v -0.345108688 0.419999987 -0.264811218
v -0.361689270 0.419999987 -0.241673052
v -0.376721054 0.419999987 -0.217500001
v -0.390139639 0.419999987 -0.192395583
v -0.401887596 0.419999987 -0.166467294
v -0.411914587 0.419999987 -0.139826179
v -0.420177728 0.419999987 -0.112586282
v -0.426641583 0.419999987 -0.084864289
v -0.431278527 0.419999987 -0.056778889
v -0.434068650 0.419999987 -0.028450361
v -0.435000002 0.419999987 0.000000000
v -0.434068650 0.419999987 0.028450361
v -0.431278527 0.419999987 0.056778889
v -0.426641583 0.419999987 0.084864289
v -0.420177728 0.419999987 0.112586282
v -0.411914587 0.419999987 0.139826179
v -0.401887596 0.419999987 0.166467294
v -0.390139639 0.419999987 0.192395583
v -0.376721054 0.419999987 0.217500001
v -0.361689270 0.419999987 0.241673052
v -0.345108688 0.419999987 0.264811218
v -0.327050328 0.419999987 0.286815435
v -0.307591438 0.419999987 0.307591438
v -0.286815435 0.419999987 0.327050328
v -0.264811218 0.419999987 0.345108688
v -0.241673052 0.419999987 0.361689270
v -0.217500001 0.419999987 0.376721054
v -0.192395583 0.419999987 0.390139639
v -0.166467294 0.419999987 0.401887596
v -0.139826179 0.419999987 0.411914587
v -0.112586282 0.419999987 0.420177728
v -0.084864289 0.419999987 0.426641583
v -0.056778889 0.419999987 0.431278527
v -0.028450361 0.419999987 0.434068650
v 0.000000000 0.419999987 0.435000002
v 0.028450361 0.419999987 0.434068650
v 0.056778889 0.419999987 0.431278527
v 0.084864289 0.419999987 0.426641583
v 0.112586282 0.419999987 0.420177728
v 0.139826179 0.419999987 0.411914587
v 0.166467294 0.419999987 0.401887596
v 0.192395583 0.419999987 0.390139639
v 0.217500001 0.419999987 0.376721054
v 0.241673052 0.419999987 0.361689270
v 0.264811218 0.419999987 0.345108688
v 0.286815435 0.419999987 0.327050328
v 0.307591438 0.419999987 0.307591438
v 0.327050328 0.419999987 0.286815435
v 0.345108688 0.419999987 0.264811218
v 0.361689270 0.419999987 0.241673052
v 0.376721054 0.419999987 0.217500001
v 0.390139639 0.419999987 0.192395583
v 0.401887596 0.419999987 0.166467294
v 0.411914587 0.419999987 0.139826179
v 0.420177728 0.419999987 0.112586282
v 0.426641583 0.419999987 0.084864289
v 0.431278527 0.419999987 0.056778889
v 0.434068650 0.419999987 0.028450361
v 0.435000002 0.419999987 0.000000000
v 0.434068650 0.419999987 -0.028450361
v 0.431278527 0.419999987 -0.056778889
v 0.426641583 0.419999987 -0.084864289
v 0.420177728 0.419999987 -0.112586282
v 0.411914587 0.419999987 -0.139826179
v 0.401887596 0.419999987 -0.166467294
v 0.390139639 0.419999987 -0.192395583
v 0.376721054 0.419999987 -0.217500001
v 0.361689270 0.419999987 -0.241673052
v 0.345108688 0.419999987 -0.264811218
v 0.327050328 0.419999987 -0.286815435
v 0.307591438 0.419999987 -0.307591438
v 0.286815435 0.419999987 -0.327050328
v 0.264811218 0.419999987 -0.345108688
v 0.241673052 0.419999987 -0.361689270
v 0.217500001 0.419999987 -0.376721054
v 0.192395583 0.419999987 -0.390139639
v 0.166467294 0.419999987 -0.401887596
v 0.139826179 0.419999987 -0.411914587
v 0.112586282 0.419999987 -0.420177728
v 0.084864289 0.419999987 -0.426641583
v 0.056778889 0.419999987 -0.431278527
v 0.028450361 0.419999987 -0.434068650
vt 0.500000000 0.500000000
vn -0.032718459 0.000000000 -0.999464608
vn -0.098017333 0.000000000 -0.995184708
vn -0.162896382 0.000000000 -0.986643182
vn -0.227076098 0.000000000 -0.973877018
vn -0.290284475 0.000000000 -0.956940397
vn -0.352250018 0.000000000 -0.935905938
vn -0.412706396 0.000000000 -0.910864112
vn -0.471397142 0.000000000 -0.881921048
vn -0.528067946 0.000000000 -0.849202122
vn -0.582477540 0.000000000 -0.812846797
vn -0.634393349 0.000000000 -0.773010400
vn -0.683592491 0.000000000 -0.729863896
vn -0.729863896 0.000000000 -0.683592491
vn -0.773010400 0.000000000 -0.634393349
vn -0.812846797 0.000000000 -0.582477540
vn -0.849202122 0.000000000 -0.528067946
vn -0.881921048 0.000000000 -0.471397142
vn -0.910864112 0.000000000 -0.412706396
vn -0.935905938 0.000000000 -0.352250018
vn -0.956940397 0.000000000 -0.290284475
vn -0.973877018 0.000000000 -0.227076098
vn -0.986643182 0.000000000 -0.162896382
vn -0.995184708 0.000000000 -0.098017333
vn -0.999464608 0.000000000 -0.032718459
vn -0.999464608 0.000000000 0.032718459
vn -0.995184708 0.000000000 0.098017333
vn -0.986643182 0.000000000 0.162896382
vn -0.973877018 0.000000000 0.227076098
vn -0.956940397 0.000000000 0.290284475
vn -0.935905938 0.000000000 0.352250018
vn -0.910864112 0.000000000 0.412706396
vn -0.881921048 0.000000000 0.471397142
vn -0.849202122 0.000000000 0.528067946
vn -0.812846797 0.000000000 0.582477540
vn -0.773010400 0.000000000 0.634393349
vn -0.729863896 0.000000000 0.683592491
vn -0.683592491 0.000000000 0.729863896
vn -0.634393349 0.000000000 0.773010400
vn -0.582477540 0.000000000 0.812846797
vn -0.528067946 0.000000000 0.849202122
vn -0.471397142 0.000000000 0.881921048
vn -0.412706396 0.000000000 0.910864112
vn -0.352250018 0.000000000 0.935905938
vn -0.290284475 0.000000000 0.956940397
vn -0.227076098 0.000000000 0.973877018
vn -0.162896382 0.000000000 0.986643182
vn -0.098017333 0.000000000 0.995184708
vn -0.032718459 0.000000000 0.999464608
vn 0.032718459 0.000000000 0.999464608
vn 0.098017333 0.000000000 0.995184708
vn 0.162896382 0.000000000 0.986643182
vn 0.227076098 0.000000000 0.973877018
vn 0.290284475 0.000000000 0.956940397
vn 0.352250018 0.000000000 0.935905938
vn 0.412706396 0.000000000 0.910864112
vn 0.471397142 0.000000000 0.881921048
vn 0.528067946 0.000000000 0.849202122
vn 0.582477540 0.000000000 0.812846797
vn 0.634393349 0.000000000 0.773010400
vn 0.683592491 0.000000000 0.729863896
vn 0.729863896 0.000000000 0.683592491
vn 0.773010400 0.000000000 0.634393349
vn 0.812846797 0.000000000 0.582477540
vn 0.849202122 0.000000000 0.528067946
vn 0.881921048 0.000000000 0.471397142
vn 0.910864112 0.000000000 0.412706396
vn 0.935905938 0.000000000 0.352250018
vn 0.956940397 0.000000000 0.290284475
vn 0.973877018 0.000000000 0.227076098
vn 0.986643182 0.000000000 0.162896382
vn 0.995184708 0.000000000 0.098017333
vn 0.999464608 0.000000000 0.032718459
vn 0.999464608 0.000000000 -0.032718459
vn 0.995184708 0.000000000 -0.098017333
vn 0.986643182 0.000000000 -0.162896382
vn 0.973877018 0.000000000 -0.227076098
vn 0.956940397 0.000000000 -0.290284475
vn 0.935905938 0.000000000 -0.352250018
vn 0.910864112 0.000000000 -0.412706396
vn 0.881921048 0.000000000 -0.471397142
vn 0.849202122 0.000000000 -0.528067946
vn 0.812846797 0.000000000 -0.582477540
vn 0.773010400 0.000000000 -0.634393349
vn 0.729863896 0.000000000 -0.683592491
vn 0.683592491 0.000000000 -0.729863896
vn 0.634393349 0.000000000 -0.773010400
vn 0.582477540 0.000000000 -0.812846797
vn 0.528067946 0.000000000 -0.849202122
vn 0.471397142 0.000000000 -0.881921048
vn 0.412706396 0.000000000 -0.910864112
vn 0.352250018 0.000000000 -0.935905938
vn 0.290284475 0.000000000 -0.956940397
vn 0.227076098 0.000000000 -0.973877018
vn 0.162896382 0.000000000 -0.986643182
vn 0.098017333 0.000000000 -0.995184708
vn 0.032718459 0.000000000 -0.999464608
vn 0.000000000 1.000000000 0.000000000
vn 0.032718522 0.000000000 0.999464606
vn 0.098017373 0.000000000 0.995184704
vn 0.162896333 0.000000000 0.986643190
vn 0.227076036 0.000000000 0.973877032
vn 0.290284957 0.000000000 0.956940251
vn 0.352249601 0.000000000 0.935906095
vn 0.412707074 0.000000000 0.910863805
vn 0.471396569 0.000000000 0.881921354
vn 0.528068247 0.000000000 0.849201935
vn 0.582477854 0.000000000 0.812846572
vn 0.634392560 0.000000000 0.773011048
vn 0.683593034 0.000000000 0.729863387
vn 0.729863387 0.000000000 0.683593034
vn 0.773011048 0.000000000 0.634392560
vn 0.812846572 0.000000000 0.582477854
vn 0.849201935 0.000000000 0.528068247
vn 0.881921354 0.000000000 0.471396569
vn 0.910863805 0.000000000 0.412707074
vn 0.935906095 0.000000000 0.352249601
vn 0.956940251 0.000000000 0.290284957
vn 0.973877032 0.000000000 0.227076036
vn 0.986643190 0.000000000 0.162896333
vn 0.995184704 0.000000000 0.098017373
vn 0.999464606 0.000000000 0.032718522
vn 0.999464606 0.000000000 -0.032718522
vn 0.995184704 0.000000000 -0.098017373
vn 0.986643190 0.000000000 -0.162896333
vn 0.973877032 0.000000000 -0.227076036
vn 0.956940251 0.000000000 -0.290284957
vn 0.935906095 0.000000000 -0.352249601
vn 0.910863805 0.000000000 -0.412707074
vn 0.881921354 0.000000000 -0.471396569
vn 0.849201935 0.000000000 -0.528068247
vn 0.812846572 0.000000000 -0.582477854
vn 0.773011048 0.000000000 -0.634392560
vn 0.729863387 0.000000000 -0.683593034
vn 0.683593034 0.000000000 -0.729863387
vn 0.634392560 0.000000000 -0.773011048
vn 0.582477854 0.000000000 -0.812846572
vn 0.528068247 0.000000000 -0.849201935
vn 0.471396569 0.000000000 -0.881921354
vn 0.412707074 0.000000000 -0.910863805
vn 0.352249601 0.000000000 -0.935906095
vn 0.290284957 0.000000000 -0.956940251
vn 0.227076036 0.000000000 -0.973877032
vn 0.162896333 0.000000000 -0.986643190
vn 0.098017373 0.000000000 -0.995184704
vn 0.032718522 0.000000000 -0.999464606
vn -0.032718522 0.000000000 -0.999464606
vn -0.098017373 0.000000000 -0.995184704
vn -0.162896333 0.000000000 -0.986643190
vn -0.227076036 0.000000000 -0.973877032
vn -0.290284957 0.000000000 -0.956940251
vn -0.352249601 0.000000000 -0.935906095
vn -0.412707074 0.000000000 -0.910863805
vn -0.471396569 0.000000000 -0.881921354
vn -0.528068247 0.000000000 -0.849201935
vn -0.582477854 0.000000000 -0.812846572
vn -0.634392560 0.000000000 -0.773011048
vn -0.683593034 0.000000000 -0.729863387
vn -0.729863387 0.000000000 -0.683593034
vn -0.773011048 0.000000000 -0.634392560
vn -0.812846572 0.000000000 -0.582477854
vn -0.849201935 0.000000000 -0.528068247
vn -0.881921354 0.000000000 -0.471396569
vn -0.910863805 0.000000000 -0.412707074
vn -0.935906095 0.000000000 -0.352249601
vn -0.956940251 0.000000000 -0.290284957
vn -0.973877032 0.000000000 -0.227076036
vn -0.986643190 0.000000000 -0.162896333
vn -0.995184704 0.000000000 -0.098017373
vn -0.999464606 0.000000000 -0.032718522
vn -0.999464606 0.000000000 0.032718522
vn -0.995184704 0.000000000 0.098017373
vn -0.986643190 0.000000000 0.162896333
vn -0.973877032 0.000000000 0.227076036
vn -0.956940251 0.000000000 0.290284957
vn -0.935906095 0.000000000 0.352249601
vn -0.910863805 0.000000000 0.412707074
vn -0.881921354 0.000000000 0.471396569
vn -0.849201935 0.000000000 0.528068247
vn -0.812846572 0.000000000 0.582477854
vn -0.773011048 0.000000000 0.634392560
vn -0.729863387 0.000000000 0.683593034
vn -0.683593034 0.000000000 0.729863387
vn -0.634392560 0.000000000 0.773011048
vn -0.582477854 0.000000000 0.812846572
vn -0.528068247 0.000000000 0.849201935
vn -0.471396569 0.000000000 0.881921354
vn -0.412707074 0.000000000 0.910863805
vn -0.352249601 0.000000000 0.935906095
vn -0.290284957 0.000000000 0.956940251
vn -0.227076036 0.000000000 0.973877032
vn -0.162896333 0.000000000 0.986643190
vn -0.098017373 0.000000000 0.995184704
vn -0.032718522 0.000000000 0.999464606
vn -0.000000000 -1.000000000 0.000000000
vn -0.032718951 0.000000000 -0.999464592
vn -0.098017028 0.000000000 -0.995184738
vn -0.162896454 0.000000000 -0.986643170
vn -0.227075837 0.000000000 -0.973877079
vn -0.290284731 0.000000000 -0.956940319
vn -0.352250300 0.000000000 -0.935905832
vn -0.412706051 0.000000000 -0.910864268
vn -0.471397323 0.000000000 -0.881920951
vn -0.528067656 0.000000000 -0.849202303
vn -0.582478375 0.000000000 -0.812846199
vn -0.634392727 0.000000000 -0.773010911
vn -0.683592113 0.000000000 -0.729864250
vn -0.729864250 0.000000000 -0.683592113
vn -0.773010911 0.000000000 -0.634392727
vn -0.812846199 0.000000000 -0.582478375
vn -0.849202303 0.000000000 -0.528067656
vn -0.881920951 0.000000000 -0.471397323
vn -0.910864268 0.000000000 -0.412706051
vn -0.935905832 0.000000000 -0.352250300
vn -0.956940319 0.000000000 -0.290284731
vn -0.973877079 0.000000000 -0.227075837
vn -0.986643170 0.000000000 -0.162896454
vn -0.995184738 0.000000000 -0.098017028
vn -0.999464592 0.000000000 -0.032718951
vn -0.999464592 0.000000000 0.032718951
vn -0.995184738 0.000000000 0.098017028
vn -0.986643170 0.000000000 0.162896454
vn -0.973877079 0.000000000 0.227075837
vn -0.956940319 0.000000000 0.290284731
vn -0.935905832 0.000000000 0.352250300
vn -0.910864268 0.000000000 0.412706051
vn -0.881920951 0.000000000 0.471397323
vn -0.849202303 0.000000000 0.528067656
vn -0.812846199 0.000000000 0.582478375
vn -0.773010911 0.000000000 0.634392727
vn -0.729864250 0.000000000 0.683592113
vn -0.683592113 0.000000000 0.729864250
vn -0.634392727 0.000000000 0.773010911
vn -0.582478375 0.000000000 0.812846199
vn -0.528067656 0.000000000 0.849202303
vn -0.471397323 0.000000000 0.881920951
vn -0.412706051 0.000000000 0.910864268
vn -0.352250300 0.000000000 0.935905832
vn -0.290284731 0.000000000 0.956940319
vn -0.227075837 0.000000000 0.973877079
vn -0.162896454 0.000000000 0.986643170
vn -0.098017028 0.000000000 0.995184738
vn -0.032718951 0.000000000 0.999464592
vn 0.032718951 0.000000000 0.999464592
vn 0.098017028 0.000000000 0.995184738
vn 0.162896454 0.000000000 0.986643170
vn 0.227075837 0.000000000 0.973877079
vn 0.290284731 0.000000000 0.956940319
vn 0.352250300 0.000000000 0.935905832
vn 0.412706051 0.000000000 0.910864268
vn 0.471397323 0.000000000 0.881920951
vn 0.528067656 0.000000000 0.849202303
vn 0.582478375 0.000000000 0.812846199
vn 0.634392727 0.000000000 0.773010911
vn 0.683592113 0.000000000 0.729864250
vn 0.729864250 0.000000000 0.683592113
vn 0.773010911 0.000000000 0.634392727
vn 0.812846199 0.000000000 0.582478375
vn 0.849202303 0.000000000 0.528067656
vn 0.881920951 0.000000000 0.471397323
vn 0.910864268 0.000000000 0.412706051
vn 0.935905832 0.000000000 0.352250300
vn 0.956940319 0.000000000 0.290284731
vn 0.973877079 0.000000000 0.227075837
vn 0.986643170 0.000000000 0.162896454
vn 0.995184738 0.000000000 0.098017028
vn 0.999464592 0.000000000 0.032718951
vn 0.999464592 0.000000000 -0.032718951
vn 0.995184738 0.000000000 -0.098017028
vn 0.986643170 0.000000000 -0.162896454
vn 0.973877079 0.000000000 -0.227075837
vn 0.956940319 0.000000000 -0.290284731
vn 0.935905832 0.000000000 -0.352250300
vn 0.910864268 0.000000000 -0.412706051
vn 0.881920951 0.000000000 -0.471397323
vn 0.849202303 0.000000000 -0.528067656
vn 0.812846199 0.000000000 -0.582478375
vn 0.773010911 0.000000000 -0.634392727
vn 0.729864250 0.000000000 -0.683592113
vn 0.683592113 0.000000000 -0.729864250
vn 0.634392727 0.000000000 -0.773010911
vn 0.582478375 0.000000000 -0.812846199
vn 0.528067656 0.000000000 -0.849202303
vn 0.471397323 0.000000000 -0.881920951
vn 0.412706051 0.000000000 -0.910864268
vn 0.352250300 0.000000000 -0.935905832
vn 0.290284731 0.000000000 -0.956940319
vn 0.227075837 0.000000000 -0.973877079
vn 0.162896454 0.000000000 -0.986643170
vn 0.098017028 0.000000000 -0.995184738
vn 0.032718951 0.000000000 -0.999464592
usemtl mat_0
f 1/1/1 2/1/1 3/1/1
f 1/1/1 3/1/1 4/1/1
f 2/1/2 5/1/2 6/1/2
f 2/1/2 6/1/2 3/1/2
f 5/1/3 7/1/3 8/1/3
f 5/1/3 8/1/3 6/1/3
f 7/1/4 9/1/4 10/1/4
f 7/1/4 10/1/4 8/1/4
f 9/1/5 11/1/5 12/1/5
f 9/1/5 12/1/5 10/1/5
f 11/1/6 13/1/6 14/1/6
f 11/1/6 14/1/6 12/1/6
f 13/1/7 15/1/7 16/1/7
f 13/1/7 16/1/7 14/1/7
f 15/1/8 17/1/8 18/1/8
f 15/1/8 18/1/8 16/1/8
f 17/1/9 19/1/9 20/1/9
f 17/1/9 20/1/9 18/1/9
f 19/1/10 21/1/10 22/1/10
f 19/1/10 22/1/10 20/1/10
f 21/1/11 23/1/11 24/1/11
f 21/1/11 24/1/11 22/1/11
f 23/1/12 25/1/12 26/1/12
f 23/1/12 26/1/12 24/1/12
f 25/1/13 27/1/13 28/1/13
f 25/1/13 28/1/13 26/1/13
f 27/1/14 29/1/14 30/1/14
f 27/1/14 30/1/14 28/1/14
f 29/1/15 31/1/15 32/1/15
f 29/1/15 32/1/15 30/1/15
f 31/1/16 33/1/16 34/1/16
f 31/1/16 34/1/16 32/1/16
f 33/1/17 35/1/17 36/1/17
f 33/1/17 36/1/17 34/1/17
f 35/1/18 37/1/18 38/1/18
f 35/1/18 38/1/18 36/1/18
f 37/1/19 39/1/19 40/1/19
f 37/1/19 40/1/19 38/1/19
f 39/1/20 41/1/20 42/1/20
f 39/1/20 42/1/20 40/1/20
f 41/1/21 43/1/21 44/1/21
f 41/1/21 44/1/21 42/1/21
f 43/1/22 45/1/22 46/1/22
f 43/1/22 46/1/22 44/1/22
f 45/1/23 47/1/23 48/1/23
f 45/1/23 48/1/23 46/1/23
f 47/1/24 49/1/24 50/1/24
f 47/1/24 50/1/24 48/1/24
f 49/1/25 51/1/25 52/1/25
f 49/1/25 52/1/25 50/1/25
f 51/1/26 53/1/26 54/1/26
f 51/1/26 54/1/26 52/1/26
f 53/1/27 55/1/27 56/1/27
f 53/1/27 56/1/27 54/1/27
f 55/1/28 57/1/28 58/1/28
f 55/1/28 58/1/28 56/1/28
f 57/1/29 59/1/29 60/1/29
f 57/1/29 60/1/29 58/1/29
f 59/1/30 61/1/30 62/1/30
f 59/1/30 62/1/30 60/1/30
f 61/1/31 63/1/31 64/1/31
f 61/1/31 64/1/31 62/1/31
f 63/1/32 65/1/32 66/1/32
f 63/1/32 66/1/32 64/1/32
f 65/1/33 67/1/33 68/1/33
f 65/1/33 68/1/33 66/1/33
f 67/1/34 69/1/34 70/1/34
f 67/1/34 70/1/34 68/1/34
f 69/1/35 71/1/35 72/1/35
f 69/1/35 72/1/35 70/1/35
f 71/1/36 73/1/36 74/1/36
f 71/1/36 74/1/36 72/1/36
f 73/1/37 75/1/37 76/1/37
f 73/1/37 76/1/37 74/1/37
f 75/1/38 77/1/38 78/1/38
f 75/1/38 78/1/38 76/1/38
f 77/1/39 79/1/39 80/1/39
f 77/1/39 80/1/39 78/1/39
f 79/1/40 81/1/40 82/1/40
f 79/1/40 82/1/40 80/1/40
f 81/1/41 83/1/41 84/1/41
f 81/1/41 84/1/41 82/1/41
f 83/1/42 85/1/42 86/1/42
f 83/1/42 86/1/42 84/1/42
f 85/1/43 87/1/43 88/1/43
f 85/1/43 88/1/43 86/1/43
f 87/1/44 89/1/44 90/1/44
f 87/1/44 90/1/44 88/1/44
f 89/1/45 91/1/45 92/1/45
f 89/1/45 92/1/45 90/1/45
f 91/1/46 93/1/46 94/1/46
f 91/1/46 94/1/46 92/1/46
f 93/1/47 95/1/47 96/1/47
f 93/1/47 96/1/47 94/1/47
f 95/1/48 97/1/48 98/1/48
f 95/1/48 98/1/48 96/1/48
f 97/1/49 99/1/49 100/1/49
f 97/1/49 100/1/49 98/1/49
f 99/1/50 101/1/50 102/1/50
f 99/1/50 102/1/50 100/1/50
f 101/1/51 103/1/51 104/1/51
f 101/1/51 104/1/51 102/1/51
f 103/1/52 105/1/52 106/1/52
f 103/1/52 106/1/52 104/1/52
f 105/1/53 107/1/53 108/1/53
f 105/1/53 108/1/53 106/1/53
f 107/1/54 109/1/54 110/1/54
f 107/1/54 110/1/54 108/1/54
f 109/1/55 111/1/55 112/1/55
f 109/1/55 112/1/55 110/1/55
f 111/1/56 113/1/56 114/1/56
f 111/1/56 114/1/56 112/1/56
f 113/1/57 115/1/57 116/1/57
f 113/1/57 116/1/57 114/1/57
f 115/1/58 117/1/58 118/1/58
f 115/1/58 118/1/58 116/1/58
f 117/1/59 119/1/59 120/1/59
f 117/1/59 120/1/59 118/1/59
f 119/1/60 121/1/60 122/1/60
f 119/1/60 122/1/60 120/1/60
f 121/1/61 123/1/61 124/1/61
f 121/1/61 124/1/61 122/1/61
f 123/1/62 125/1/62 126/1/62
f 123/1/62 126/1/62 124/1/62
f 125/1/63 127/1/63 128/1/63
f 125/1/63 128/1/63 126/1/63
f 127/1/64 129/1/64 130/1/64
f 127/1/64 130/1/64 128/1/64
f 129/1/65 131/1/65 132/1/65
f 129/1/65 132/1/65 130/1/65
f 131/1/66 133/1/66 134/1/66
f 131/1/66 134/1/66 132/1/66
f 133/1/67 135/1/67 136/1/67
f 133/1/67 136/1/67 134/1/67
f 135/1/68 137/1/68 138/1/68
f 135/1/68 138/1/68 136/1/68
f 137/1/69 139/1/69 140/1/69
f 137/1/69 140/1/69 138/1/69
f 139/1/70 141/1/70 142/1/70
f 139/1/70 142/1/70 140/1/70
f 141/1/71 143/1/71 144/1/71
f 141/1/71 144/1/71 142/1/71
f 143/1/72 145/1/72 146/1/72
f 143/1/72 146/1/72 144/1/72
f 145/1/73 147/1/73 148/1/73
f 145/1/73 148/1/73 146/1/73
f 147/1/74 149/1/74 150/1/74
f 147/1/74 150/1/74 148/1/74
f 149/1/75 151/1/75 152/1/75
f 149/1/75 152/1/75 150/1/75
f 151/1/76 153/1/76 154/1/76
f 151/1/76 154/1/76 152/1/76
f 153/1/77 155/1/77 156/1/77
f 153/1/77 156/1/77 154/1/77
f 155/1/78 157/1/78 158/1/78
f 155/1/78 158/1/78 156/1/78
f 157/1/79 159/1/79 160/1/79
f 157/1/79 160/1/79 158/1/79
f 159/1/80 161/1/80 162/1/80
f 159/1/80 162/1/80 160/1/80
f 161/1/81 163/1/81 164/1/81
f 161/1/81 164/1/81 162/1/81
f 163/1/82 165/1/82 166/1/82
f 163/1/82 166/1/82 164/1/82
f 165/1/83 167/1/83 168/1/83
f 165/1/83 168/1/83 166/1/83
f 167/1/84 169/1/84 170/1/84
f 167/1/84 170/1/84 168/1/84
f 169/1/85 171/1/85 172/1/85
f 169/1/85 172/1/85 170/1/85
f 171/1/86 173/1/86 174/1/86
f 171/1/86 174/1/86 172/1/86
f 173/1/87 175/1/87 176/1/87
f 173/1/87 176/1/87 174/1/87
f 175/1/88 177/1/88 178/1/88
f 175/1/88 178/1/88 176/1/88
f 177/1/89 179/1/89 180/1/89
f 177/1/89 180/1/89 178/1/89
f 179/1/90 181/1/90 182/1/90
f 179/1/90 182/1/90 180/1/90
f 181/1/91 183/1/91 184/1/91
f 181/1/91 184/1/91 182/1/91
f 183/1/92 185/1/92 186/1/92
f 183/1/92 186/1/92 184/1/92
f 185/1/93 187/1/93 188/1/93
f 185/1/93 188/1/93 186/1/93
f 187/1/94 189/1/94 190/1/94
f 187/1/94 190/1/94 188/1/94
f 189/1/95 191/1/95 192/1/95
f 189/1/95 192/1/95 190/1/95
f 191/1/96 1/1/96 4/1/96
f 191/1/96 4/1/96 192/1/96
f 4/1/97 3/1/97 193/1/97
f 4/1/97 193/1/97 194/1/97
f 3/1/97 6/1/97 195/1/97
f 3/1/97 195/1/97 193/1/97
f 6/1/97 8/1/97 196/1/97
f 6/1/97 196/1/97 195/1/97
f 8/1/97 10/1/97 197/1/97
f 8/1/97 197/1/97 196/1/97
f 10/1/97 12/1/97 198/1/97
f 10/1/97 198/1/97 197/1/97
f 12/1/97 14/1/97 199/1/97
f 12/1/97 199/1/97 198/1/97
f 14/1/97 16/1/97 200/1/97
f 14/1/97 200/1/97 199/1/97
f 16/1/97 18/1/97 201/1/97
f 16/1/97 201/1/97 200/1/97
f 18/1/97 20/1/97 202/1/97
f 18/1/97 202/1/97 201/1/97
f 20/1/97 22/1/97 203/1/97
f 20/1/97 203/1/97 202/1/97
f 22/1/97 24/1/97 204/1/97
f 22/1/97 204/1/97 203/1/97
f 24/1/97 26/1/97 205/1/97
f 24/1/97 205/1/97 204/1/97
f 26/1/97 28/1/97 206/1/97
f 26/1/97 206/1/97 205/1/97
f 28/1/97 30/1/97 207/1/97
f 28/1/97 207/1/97 206/1/97
f 30/1/97 32/1/97 208/1/97
f 30/1/97 208/1/97 207/1/97
f 32/1/97 34/1/97 209/1/97
f 32/1/97 209/1/97 208/1/97
f 34/1/97 36/1/97 210/1/97
f 34/1/97 210/1/97 209/1/97
f 36/1/97 38/1/97 211/1/97
f 36/1/97 211/1/97 210/1/97
f 38/1/97 40/1/97 212/1/97
f 38/1/97 212/1/97 211/1/97
f 40/1/97 42/1/97 213/1/97
f 40/1/97 213/1/97 212/1/97
f 42/1/97 44/1/97 214/1/97
f 42/1/97 214/1/97 213/1/97
f 44/1/97 46/1/97 215/1/97
f 44/1/97 215/1/97 214/1/97
f 46/1/97 48/1/97 216/1/97
f 46/1/97 216/1/97 215/1/97
f 48/1/97 50/1/97 217/1/97
f 48/1/97 217/1/97 216/1/97
f 50/1/97 52/1/97 218/1/97
f 50/1/97 218/1/97 217/1/97
f 52/1/97 54/1/97 219/1/97
f 52/1/97 219/1/97 218/1/97
f 54/1/97 56/1/97 220/1/97
f 54/1/97 220/1/97 219/1/97
f 56/1/97 58/1/97 221/1/97
f 56/1/97 221/1/97 220/1/97
f 58/1/97 60/1/97 222/1/97
f 58/1/97 222/1/97 221/1/97
f 60/1/97 62/1/97 223/1/97
f 60/1/97 223/1/97 222/1/97
f 62/1/97 64/1/97 224/1/97
f 62/1/97 224/1/97 223/1/97
f 64/1/97 66/1/97 225/1/97
f 64/1/97 225/1/97 224/1/97
f 66/1/97 68/1/97 226/1/97
f 66/1/97 226/1/97 225/1/97
f 68/1/97 70/1/97 227/1/97
f 68/1/97 227/1/97 226/1/97
f 70/1/97 72/1/97 228/1/97
f 70/1/97 228/1/97 227/1/97
f 72/1/97 74/1/97 229/1/97
f 72/1/97 229/1/97 228/1/97
f 74/1/97 76/1/97 230/1/97
f 74/1/97 230/1/97 229/1/97
f 76/1/97 78/1/97 231/1/97
f 76/1/97 231/1/97 230/1/97
f 78/1/97 80/1/97 232/1/97
f 78/1/97 232/1/97 231/1/97
f 80/1/97 82/1/97 233/1/97
f 80/1/97 233/1/97 232/1/97
f 82/1/97 84/1/97 234/1/97
f 82/1/97 234/1/97 233/1/97
f 84/1/97 86/1/97 235/1/97
f 84/1/97 235/1/97 234/1/97
f 86/1/97 88/1/97 236/1/97
f 86/1/97 236/1/97 235/1/97
f 88/1/97 90/1/97 237/1/97
f 88/1/97 237/1/97 236/1/97
f 90/1/97 92/1/97 238/1/97
f 90/1/97 238/1/97 237/1/97
f 92/1/97 94/1/97 239/1/97
f 92/1/97 239/1/97 238/1/97
f 94/1/97 96/1/97 240/1/97
f 94/1/97 240/1/97 239/1/97
f 96/1/97 98/1/97 241/1/97
f 96/1/97 241/1/97 240/1/97
f 98/1/97 100/1/97 242/1/97
f 98/1/97 242/1/97 241/1/97
f 100/1/97 102/1/97 243/1/97
f 100/1/97 243/1/97 242/1/97
f 102/1/97 104/1/97 244/1/97
f 102/1/97 244/1/97 243/1/97
f 104/1/97 106/1/97 245/1/97
f 104/1/97 245/1/97 244/1/97
f 106/1/97 108/1/97 246/1/97
f 106/1/97 246/1/97 245/1/97
f 108/1/97 110/1/97 247/1/97
f 108/1/97 247/1/97 246/1/97
f 110/1/97 112/1/97 248/1/97
f 110/1/97 248/1/97 247/1/97
f 112/1/97 114/1/97 249/1/97
f 112/1/97 249/1/97 248/1/97
f 114/1/97 116/1/97 250/1/97
f 114/1/97 250/1/97 249/1/97
f 116/1/97 118/1/97 251/1/97
f 116/1/97 251/1/97 250/1/97
f 118/1/97 120/1/97 252/1/97
f 118/1/97 252/1/97 251/1/97
f 120/1/97 122/1/97 253/1/97
f 120/1/97 253/1/97 252/1/97
f 122/1/97 124/1/97 254/1/97
f 122/1/97 254/1/97 253/1/97
f 124/1/97 126/1/97 255/1/97
f 124/1/97 255/1/97 254/1/97
f 126/1/97 128/1/97 256/1/97
f 126/1/97 256/1/97 255/1/97
f 128/1/97 130/1/97 257/1/97
f 128/1/97 257/1/97 256/1/97
f 130/1/97 132/1/97 258/1/97
f 130/1/97 258/1/97 257/1/97
f 132/1/97 134/1/97 259/1/97
f 132/1/97 259/1/97 258/1/97
f 134/1/97 136/1/97 260/1/97
f 134/1/97 260/1/97 259/1/97
f 136/1/97 138/1/97 261/1/97
f 136/1/97 261/1/97 260/1/97
f 138/1/97 140/1/97 262/1/97
f 138/1/97 262/1/97 261/1/97
f 140/1/97 142/1/97 263/1/97
f 140/1/97 263/1/97 262/1/97
f 142/1/97 144/1/97 264/1/97
f 142/1/97 264/1/97 263/1/97
f 144/1/97 146/1/97 265/1/97
f 144/1/97 265/1/97 264/1/97
f 146/1/97 148/1/97 266/1/97
f 146/1/97 266/1/97 265/1/97
f 148/1/97 150/1/97 267/1/97
f 148/1/97 267/1/97 266/1/97
f 150/1/97 152/1/97 268/1/97
f 150/1/97 268/1/97 267/1/97
f 152/1/97 154/1/97 269/1/97
f 152/1/97 269/1/97 268/1/97
f 154/1/97 156/1/97 270/1/97
f 154/1/97 270/1/97 269/1/97
f 156/1/97 158/1/97 271/1/97
f 156/1/97 271/1/97 270/1/97
f 158/1/97 160/1/97 272/1/97
f 158/1/97 272/1/97 271/1/97
f 160/1/97 162/1/97 273/1/97
f 160/1/97 273/1/97 272/1/97
f 162/1/97 164/1/97 274/1/97
f 162/1/97 274/1/97 273/1/97
f 164/1/97 166/1/97 275/1/97
f 164/1/97 275/1/97 274/1/97
f 166/1/97 168/1/97 276/1/97
f 166/1/97 276/1/97 275/1/97
f 168/1/97 170/1/97 277/1/97
f 168/1/97 277/1/97 276/1/97
f 170/1/97 172/1/97 278/1/97
f 170/1/97 278/1/97 277/1/97
f 172/1/97 174/1/97 279/1/97
f 172/1/97 279/1/97 278/1/97
f 174/1/97 176/1/97 280/1/97
f 174/1/97 280/1/97 279/1/97
f 176/1/97 178/1/97 281/1/97
f 176/1/97 281/1/97 280/1/97
f 178/1/97 180/1/97 282/1/97
f 178/1/97 282/1/97 281/1/97
f 180/1/97 182/1/97 283/1/97
f 180/1/97 283/1/97 282/1/97
f 182/1/97 184/1/97 284/1/97
f 182/1/97 284/1/97 283/1/97
f 184/1/97 186/1/97 285/1/97
f 184/1/97 285/1/97 284/1/97
f 186/1/97 188/1/97 286/1/97
f 186/1/97 286/1/97 285/1/97
f 188/1/97 190/1/97 287/1/97
f 188/1/97 287/1/97 286/1/97
f 190/1/97 192/1/97 288/1/97
f 190/1/97 288/1/97 287/1/97
f 192/1/97 4/1/97 194/1/97
f 192/1/97 194/1/97 288/1/97
f 194/1/98 193/1/98 289/1/98
f 194/1/98 289/1/98 290/1/98
f 193/1/99 195/1/99 291/1/99
f 193/1/99 291/1/99 289/1/99
f 195/1/100 196/1/100 292/1/100
f 195/1/100 292/1/100 291/1/100
f 196/1/101 197/1/101 293/1/101
f 196/1/101 293/1/101 292/1/101
f 197/1/102 198/1/102 294/1/102
f 197/1/102 294/1/102 293/1/102
f 198/1/103 199/1/103 295/1/103
f 198/1/103 295/1/103 294/1/103
f 199/1/104 200/1/104 296/1/104
f 199/1/104 296/1/104 295/1/104
f 200/1/105 201/1/105 297/1/105
f 200/1/105 297/1/105 296/1/105
f 201/1/106 202/1/106 298/1/106
f 201/1/106 298/1/106 297/1/106
f 202/1/107 203/1/107 299/1/107
f 202/1/107 299/1/107 298/1/107
f 203/1/108 204/1/108 300/1/108
f 203/1/108 300/1/108 299/1/108
f 204/1/109 205/1/109 301/1/109
f 204/1/109 301/1/109 300/1/109
f 205/1/110 206/1/110 302/1/110
f 205/1/110 302/1/110 301/1/110
f 206/1/111 207/1/111 303/1/111
f 206/1/111 303/1/111 302/1/111
f 207/1/112 208/1/112 304/1/112
f 207/1/112 304/1/112 303/1/112
f 208/1/113 209/1/113 305/1/113
f 208/1/113 305/1/113 304/1/113
f 209/1/114 210/1/114 306/1/114
f 209/1/114 306/1/114 305/1/114
f 210/1/115 211/1/115 307/1/115
f 210/1/115 307/1/115 306/1/115
f 211/1/116 212/1/116 308/1/116
f 211/1/116 308/1/116 307/1/116
f 212/1/117 213/1/117 309/1/117
f 212/1/117 309/1/117 308/1/117
f 213/1/118 214/1/118 310/1/118
f 213/1/118 310/1/118 309/1/118
f 214/1/119 215/1/119 311/1/119
f 214/1/119 311/1/119 310/1/119
f 215/1/120 216/1/120 312/1/120
f 215/1/120 312/1/120 311/1/120
f 216/1/121 217/1/121 313/1/121
f 216/1/121 313/1/121 312/1/121
f 217/1/122 218/1/122 314/1/122
f 217/1/122 314/1/122 313/1/122
f 218/1/123 219/1/123 315/1/123
f 218/1/123 315/1/123 314/1/123
f 219/1/124 220/1/124 316/1/124
f 219/1/124 316/1/124 315/1/124
f 220/1/125 221/1/125 317/1/125
f 220/1/125 317/1/125 316/1/125
f 221/1/126 222/1/126 318/1/126
f 221/1/126 318/1/126 317/1/126
f 222/1/127 223/1/127 319/1/127
f 222/1/127 319/1/127 318/1/127
f 223/1/128 224/1/128 320/1/128
f 223/1/128 320/1/128 319/1/128
f 224/1/129 225/1/129 321/1/129
f 224/1/129 321/1/129 320/1/129
f 225/1/130 226/1/130 322/1/130
f 225/1/130 322/1/130 321/1/130
f 226/1/131 227/1/131 323/1/131
f 226/1/131 323/1/131 322/1/131
f 227/1/132 228/1/132 324/1/132
f 227/1/132 324/1/132 323/1/132
f 228/1/133 229/1/133 325/1/133
f 228/1/133 325/1/133 324/1/133
f 229/1/134 230/1/134 326/1/134
f 229/1/134 326/1/134 325/1/134
f 230/1/135 231/1/135 327/1/135
f 230/1/135 327/1/135 326/1/135
f 231/1/136 232/1/136 328/1/136
f 231/1/136 328/1/136 327/1/136
f 232/1/137 233/1/137 329/1/137
f 232/1/137 329/1/137 328/1/137
f 233/1/138 234/1/138 330/1/138
f 233/1/138 330/1/138 329/1/138
f 234/1/139 235/1/139 331/1/139
f 234/1/139 331/1/139 330/1/139
f 235/1/140 236/1/140 332/1/140
f 235/1/140 332/1/140 331/1/140
f 236/1/141 237/1/141 333/1/141
f 236/1/141 333/1/141 332/1/141
f 237/1/142 238/1/142 334/1/142
f 237/1/142 334/1/142 333/1/142
f 238/1/143 239/1/143 335/1/143
f 238/1/143 335/1/143 334/1/143
f 239/1/144 240/1/144 336/1/144
f 239/1/144 336/1/144 335/1/144
f 240/1/145 241/1/145 337/1/145
f 240/1/145 337/1/145 336/1/145
f 241/1/146 242/1/146 338/1/146
f 241/1/146 338/1/146 337/1/146
f 242/1/147 243/1/147 339/1/147
f 242/1/147 339/1/147 338/1/147
f 243/1/148 244/1/148 340/1/148
f 243/1/148 340/1/148 339/1/148
f 244/1/149 245/1/149 341/1/149
f 244/1/149 341/1/149 340/1/149
f 245/1/150 246/1/150 342/1/150
f 245/1/150 342/1/150 341/1/150
f 246/1/151 247/1/151 343/1/151
f 246/1/151 343/1/151 342/1/151
f 247/1/152 248/1/152 344/1/152
f 247/1/152 344/1/152 343/1/152
f 248/1/153 249/1/153 345/1/153
f 248/1/153 345/1/153 344/1/153
f 249/1/154 250/1/154 346/1/154
f 249/1/154 346/1/154 345/1/154
f 250/1/155 251/1/155 347/1/155
f 250/1/155 347/1/155 346/1/155
f 251/1/156 252/1/156 348/1/156
f 251/1/156 348/1/156 347/1/156
f 252/1/157 253/1/157 349/1/157
f 252/1/157 349/1/157 348/1/157
f 253/1/158 254/1/158 350/1/158
f 253/1/158 350/1/158 349/1/158
f 254/1/159 255/1/159 351/1/159
f 254/1/159 351/1/159 350/1/159
f 255/1/160 256/1/160 352/1/160
f 255/1/160 352/1/160 351/1/160
f 256/1/161 257/1/161 353/1/161
f 256/1/161 353/1/161 352/1/161
f 257/1/162 258/1/162 354/1/162
f 257/1/162 354/1/162 353/1/162
f 258/1/163 259/1/163 355/1/163
f 258/1/163 355/1/163 354/1/163
f 259/1/164 260/1/164 356/1/164
f 259/1/164 356/1/164 355/1/164
f 260/1/165 261/1/165 357/1/165
f 260/1/165 357/1/165 356/1/165
f 261/1/166 262/1/166 358/1/166
f 261/1/166 358/1/166 357/1/166
f 262/1/167 263/1/167 359/1/167
f 262/1/167 359/1/167 358/1/167
f 263/1/168 264/1/168 360/1/168
f 263/1/168 360/1/168 359/1/168
f 264/1/169 265/1/169 361/1/169
f 264/1/169 361/1/169 360/1/169
f 265/1/170 266/1/170 362/1/170
f 265/1/170 362/1/170 361/1/170
f 266/1/171 267/1/171 363/1/171
f 266/1/171 363/1/171 362/1/171
f 267/1/172 268/1/172 364/1/172
f 267/1/172 364/1/172 363/1/172
f 268/1/173 269/1/173 365/1/173
f 268/1/173 365/1/173 364/1/173
f 269/1/174 270/1/174 366/1/174
f 269/1/174 366/1/174 365/1/174
f 270/1/175 271/1/175 367/1/175
f 270/1/175 367/1/175 366/1/175
f 271/1/176 272/1/176 368/1/176
f 271/1/176 368/1/176 367/1/176
f 272/1/177 273/1/177 369/1/177
f 272/1/177 369/1/177 368/1/177
f 273/1/178 274/1/178 370/1/178
f 273/1/178 370/1/178 369/1/178
f 274/1/179 275/1/179 371/1/179
f 274/1/179 371/1/179 370/1/179
f 275/1/180 276/1/180 372/1/180
f 275/1/180 372/1/180 371/1/180
f 276/1/181 277/1/181 373/1/181
f 276/1/181 373/1/181 372/1/181
f 277/1/182 278/1/182 374/1/182
f 277/1/182 374/1/182 373/1/182
f 278/1/183 279/1/183 375/1/183
f 278/1/183 375/1/183 374/1/183
f 279/1/184 280/1/184 376/1/184
f 279/1/184 376/1/184 375/1/184
f 280/1/185 281/1/185 377/1/185
f 280/1/185 377/1/185 376/1/185
f 281/1/186 282/1/186 378/1/186
f 281/1/186 378/1/186 377/1/186
f 282/1/187 283/1/187 379/1/187
f 282/1/187 379/1/187 378/1/187
f 283/1/188 284/1/188 380/1/188
f 283/1/188 380/1/188 379/1/188
f 284/1/189 285/1/189 381/1/189
f 284/1/189 381/1/189 380/1/189
f 285/1/190 286/1/190 382/1/190
f 285/1/190 382/1/190 381/1/190
f 286/1/191 287/1/191 383/1/191
f 286/1/191 383/1/191 382/1/191
f 287/1/192 288/1/192 384/1/192
f 287/1/192 384/1/192 383/1/192
f 288/1/193 194/1/193 290/1/193
f 288/1/193 290/1/193 384/1/193
f 290/1/194 289/1/194 2/1/194
f 290/1/194 2/1/194 1/1/194
f 289/1/194 291/1/194 5/1/194
f 289/1/194 5/1/194 2/1/194
f 291/1/194 292/1/194 7/1/194
f 291/1/194 7/1/194 5/1/194
f 292/1/194 293/1/194 9/1/194
f 292/1/194 9/1/194 7/1/194
f 293/1/194 294/1/194 11/1/194
f 293/1/194 11/1/194 9/1/194
f 294/1/194 295/1/194 13/1/194
f 294/1/194 13/1/194 11/1/194
f 295/1/194 296/1/194 15/1/194
f 295/1/194 15/1/194 13/1/194
f 296/1/194 297/1/194 17/1/194
f 296/1/194 17/1/194 15/1/194
f 297/1/194 298/1/194 19/1/194
f 297/1/194 19/1/194 17/1/194
f 298/1/194 299/1/194 21/1/194
f 298/1/194 21/1/194 19/1/194
f 299/1/194 300/1/194 23/1/194
f 299/1/194 23/1/194 21/1/194
f 300/1/194 301/1/194 25/1/194
f 300/1/194 25/1/194 23/1/194
f 301/1/194 302/1/194 27/1/194
f 301/1/194 27/1/194 25/1/194
f 302/1/194 303/1/194 29/1/194
f 302/1/194 29/1/194 27/1/194
f 303/1/194 304/1/194 31/1/194
f 303/1/194 31/1/194 29/1/194
f 304/1/194 305/1/194 33/1/194
f 304/1/194 33/1/194 31/1/194
f 305/1/194 306/1/194 35/1/194
f 305/1/194 35/1/194 33/1/194
f 306/1/194 307/1/194 37/1/194
f 306/1/194 37/1/194 35/1/194
f 307/1/194 308/1/194 39/1/194
f 307/1/194 39/1/194 37/1/194
f 308/1/194 309/1/194 41/1/194
f 308/1/194 41/1/194 39/1/194
f 309/1/194 310/1/194 43/1/194
f 309/1/194 43/1/194 41/1/194
f 310/1/194 311/1/194 45/1/194
f 310/1/194 45/1/194 43/1/194
f 311/1/194 312/1/194 47/1/194
f 311/1/194 47/1/194 45/1/194
f 312/1/194 313/1/194 49/1/194
f 312/1/194 49/1/194 47/1/194
f 313/1/194 314/1/194 51/1/194
f 313/1/194 51/1/194 49/1/194
f 314/1/194 315/1/194 53/1/194
f 314/1/194 53/1/194 51/1/194
f 315/1/194 316/1/194 55/1/194
f 315/1/194 55/1/194 53/1/194
f 316/1/194 317/1/194 57/1/194
f 316/1/194 57/1/194 55/1/194
f 317/1/194 318/1/194 59/1/194
f 317/1/194 59/1/194 57/1/194
f 318/1/194 319/1/194 61/1/194
f 318/1/194 61/1/194 59/1/194
f 319/1/194 320/1/194 63/1/194
f 319/1/194 63/1/194 61/1/194
f 320/1/194 321/1/194 65/1/194
f 320/1/194 65/1/194 63/1/194
f 321/1/194 322/1/194 67/1/194
f 321/1/194 67/1/194 65/1/194
f 322/1/194 323/1/194 69/1/194
f 322/1/194 69/1/194 67/1/194
f 323/1/194 324/1/194 71/1/194
f 323/1/194 71/1/194 69/1/194
f 324/1/194 325/1/194 73/1/194
f 324/1/194 73/1/194 71/1/194
f 325/1/194 326/1/194 75/1/194
f 325/1/194 75/1/194 73/1/194
f 326/1/194 327/1/194 77/1/194
f 326/1/194 77/1/194 75/1/194
f 327/1/194 328/1/194 79/1/194
f 327/1/194 79/1/194 77/1/194
f 328/1/194 329/1/194 81/1/194
f 328/1/194 81/1/194 79/1/194
f 329/1/194 330/1/194 83/1/194
f 329/1/194 83/1/194 81/1/194
f 330/1/194 331/1/194 85/1/194
f 330/1/194 85/1/194 83/1/194
f 331/1/194 332/1/194 87/1/194
f 331/1/194 87/1/194 85/1/194
f 332/1/194 333/1/194 89/1/194
f 332/1/194 89/1/194 87/1/194
f 333/1/194 334/1/194 91/1/194
f 333/1/194 91/1/194 89/1/194
f 334/1/194 335/1/194 93/1/194
f 334/1/194 93/1/194 91/1/194
f 335/1/194 336/1/194 95/1/194
f 335/1/194 95/1/194 93/1/194
f 336/1/194 337/1/194 97/1/194
f 336/1/194 97/1/194 95/1/194
f 337/1/194 338/1/194 99/1/194
f 337/1/194 99/1/194 97/1/194
f 338/1/194 339/1/194 101/1/194
f 338/1/194 101/1/194 99/1/194
f 339/1/194 340/1/194 103/1/194
f 339/1/194 103/1/194 101/1/194
f 340/1/194 341/1/194 105/1/194
f 340/1/194 105/1/194 103/1/194
f 341/1/194 342/1/194 107/1/194
f 341/1/194 107/1/194 105/1/194
f 342/1/194 343/1/194 109/1/194
f 342/1/194 109/1/194 107/1/194
f 343/1/194 344/1/194 111/1/194
f 343/1/194 111/1/194 109/1/194
f 344/1/194 345/1/194 113/1/194
f 344/1/194 113/1/194 111/1/194
f 345/1/194 346/1/194 115/1/194
f 345/1/194 115/1/194 113/1/194
f 346/1/194 347/1/194 117/1/194
f 346/1/194 117/1/194 115/1/194
f 347/1/194 348/1/194 119/1/194
f 347/1/194 119/1/194 117/1/194
f 348/1/194 349/1/194 121/1/194
f 348/1/194 121/1/194 119/1/194
f 349/1/194 350/1/194 123/1/194
f 349/1/194 123/1/194 121/1/194
f 350/1/194 351/1/194 125/1/194
f 350/1/194 125/1/194 123/1/194
f 351/1/194 352/1/194 127/1/194
f 351/1/194 127/1/194 125/1/194
f 352/1/194 353/1/194 129/1/194
f 352/1/194 129/1/194 127/1/194
f 353/1/194 354/1/194 131/1/194
f 353/1/194 131/1/194 129/1/194
f 354/1/194 355/1/194 133/1/194
f 354/1/194 133/1/194 131/1/194
f 355/1/194 356/1/194 135/1/194
f 355/1/194 135/1/194 133/1/194
f 356/1/194 357/1/194 137/1/194
f 356/1/194 137/1/194 135/1/194
f 357/1/194 358/1/194 139/1/194
f 357/1/194 139/1/194 137/1/194
f 358/1/194 359/1/194 141/1/194
f 358/1/194 141/1/194 139/1/194
f 359/1/194 360/1/194 143/1/194
f 359/1/194 143/1/194 141/1/194
f 360/1/194 361/1/194 145/1/194
f 360/1/194 145/1/194 143/1/194
f 361/1/194 362/1/194 147/1/194
f 361/1/194 147/1/194 145/1/194
f 362/1/194 363/1/194 149/1/194
f 362/1/194 149/1/194 147/1/194
f 363/1/194 364/1/194 151/1/194
f 363/1/194 151/1/194 149/1/194
f 364/1/194 365/1/194 153/1/194
f 364/1/194 153/1/194 151/1/194
f 365/1/194 366/1/194 155/1/194
f 365/1/194 155/1/194 153/1/194
f 366/1/194 367/1/194 157/1/194
f 366/1/194 157/1/194 155/1/194
f 367/1/194 368/1/194 159/1/194
f 367/1/194 159/1/194 157/1/194
f 368/1/194 369/1/194 161/1/194
f 368/1/194 161/1/194 159/1/194
f 369/1/194 370/1/194 163/1/194
f 369/1/194 163/1/194 161/1/194
f 370/1/194 371/1/194 165/1/194
f 370/1/194 165/1/194 163/1/194
f 371/1/194 372/1/194 167/1/194
f 371/1/194 167/1/194 165/1/194
f 372/1/194 373/1/194 169/1/194
f 372/1/194 169/1/194 167/1/194
f 373/1/194 374/1/194 171/1/194
f 373/1/194 171/1/194 169/1/194
f 374/1/194 375/1/194 173/1/194
f 374/1/194 173/1/194 171/1/194
f 375/1/194 376/1/194 175/1/194
f 375/1/194 175/1/194 173/1/194
f 376/1/194 377/1/194 177/1/194
f 376/1/194 177/1/194 175/1/194
f 377/1/194 378/1/194 179/1/194
f 377/1/194 179/1/194 177/1/194
f 378/1/194 379/1/194 181/1/194
f 378/1/194 181/1/194 179/1/194
f 379/1/194 380/1/194 183/1/194
f 379/1/194 183/1/194 181/1/194
f 380/1/194 381/1/194 185/1/194
f 380/1/194 185/1/194 183/1/194
f 381/1/194 382/1/194 187/1/194
f 381/1/194 187/1/194 185/1/194
f 382/1/194 383/1/194 189/1/194
f 382/1/194 189/1/194 187/1/194
f 383/1/194 384/1/194 191/1/194
f 383/1/194 191/1/194 189/1/194
f 384/1/194 290/1/194 1/1/194
f 384/1/194 1/1/194 191/1/194
usemtl mat_1
f 385/1/195 386/1/195 387/1/195
f 385/1/195 387/1/195 388/1/195
f 386/1/196 389/1/196 390/1/196
f 386/1/196 390/1/196 387/1/196
f 389/1/197 391/1/197 392/1/197
f 389/1/197 392/1/197 390/1/197
f 391/1/198 393/1/198 394/1/198
f 391/1/198 394/1/198 392/1/198
f 393/1/199 395/1/199 396/1/199
f 393/1/199 396/1/199 394/1/199
f 395/1/200 397/1/200 398/1/200
f 395/1/200 398/1/200 396/1/200
f 397/1/201 399/1/201 400/1/201
f 397/1/201 400/1/201 398/1/201
f 399/1/202 401/1/202 402/1/202
f 399/1/202 402/1/202 400/1/202
f 401/1/203 403/1/203 404/1/203
f 401/1/203 404/1/203 402/1/203
f 403/1/204 405/1/204 406/1/204
f 403/1/204 406/1/204 404/1/204
f 405/1/205 407/1/205 408/1/205
f 405/1/205 408/1/205 406/1/205
f 407/1/206 409/1/206 410/1/206
f 407/1/206 410/1/206 408/1/206
f 409/1/207 411/1/207 412/1/207
f 409/1/207 412/1/207 410/1/207
f 411/1/208 413/1/208 414/1/208
f 411/1/208 414/1/208 412/1/208
f 413/1/209 415/1/209 416/1/209
f 413/1/209 416/1/209 414/1/209
f 415/1/210 417/1/210 418/1/210
f 415/1/210 418/1/210 416/1/210
f 417/1/211 419/1/211 420/1/211
f 417/1/211 420/1/211 418/1/211
f 419/1/212 421/1/212 422/1/212
f 419/1/212 422/1/212 420/1/212
f 421/1/213 423/1/213 424/1/213
f 421/1/213 424/1/213 422/1/213
f 423/1/214 425/1/214 426/1/214
f 423/1/214 426/1/214 424/1/214
f 425/1/215 427/1/215 428/1/215
f 425/1/215 428/1/215 426/1/215
f 427/1/216 429/1/216 430/1/216
f 427/1/216 430/1/216 428/1/216
f 429/1/217 431/1/217 432/1/217
f 429/1/217 432/1/217 430/1/217
f 431/1/218 433/1/218 434/1/218
f 431/1/218 434/1/218 432/1/218
f 433/1/219 435/1/219 436/1/219
f 433/1/219 436/1/219 434/1/219
f 435/1/220 437/1/220 438/1/220
f 435/1/220 438/1/220 436/1/220
f 437/1/221 439/1/221 440/1/221
f 437/1/221 440/1/221 438/1/221
f 439/1/222 441/1/222 442/1/222
f 439/1/222 442/1/222 440/1/222
f 441/1/223 443/1/223 444/1/223
f 441/1/223 444/1/223 442/1/223
f 443/1/224 445/1/224 446/1/224
f 443/1/224 446/1/224 444/1/224
f 445/1/225 447/1/225 448/1/225
f 445/1/225 448/1/225 446/1/225
f 447/1/226 449/1/226 450/1/226
f 447/1/226 450/1/226 448/1/226
f 449/1/227 451/1/227 452/1/227
f 449/1/227 452/1/227 450/1/227
f 451/1/228 453/1/228 454/1/228
f 451/1/228 454/1/228 452/1/228
f 453/1/229 455/1/229 456/1/229
f 453/1/229 456/1/229 454/1/229
f 455/1/230 457/1/230 458/1/230
f 455/1/230 458/1/230 456/1/230
f 457/1/231 459/1/231 460/1/231
f 457/1/231 460/1/231 458/1/231
f 459/1/232 461/1/232 462/1/232
f 459/1/232 462/1/232 460/1/232
f 461/1/233 463/1/233 464/1/233
f 461/1/233 464/1/233 462/1/233
f 463/1/234 465/1/234 466/1/234
f 463/1/234 466/1/234 464/1/234
f 465/1/235 467/1/235 468/1/235
f 465/1/235 468/1/235 466/1/235
f 467/1/236 469/1/236 470/1/236
f 467/1/236 470/1/236 468/1/236
f 469/1/237 471/1/237 472/1/237
f 469/1/237 472/1/237 470/1/237
f 471/1/238 473/1/238 474/1/238
f 471/1/238 474/1/238 472/1/238
f 473/1/239 475/1/239 476/1/239
f 473/1/239 476/1/239 474/1/239
f 475/1/240 477/1/240 478/1/240
f 475/1/240 478/1/240 476/1/240
f 477/1/241 479/1/241 480/1/241
f 477/1/241 480/1/241 478/1/241
f 479/1/242 481/1/242 482/1/242
f 479/1/242 482/1/242 480/1/242
f 481/1/243 483/1/243 484/1/243
f 481/1/243 484/1/243 482/1/243
f 483/1/244 485/1/244 486/1/244
f 483/1/244 486/1/244 484/1/244
f 485/1/245 487/1/245 488/1/245
f 485/1/245 488/1/245 486/1/245
f 487/1/246 489/1/246 490/1/246
f 487/1/246 490/1/246 488/1/246
f 489/1/247 491/1/247 492/1/247
f 489/1/247 492/1/247 490/1/247
f 491/1/248 493/1/248 494/1/248
f 491/1/248 494/1/248 492/1/248
f 493/1/249 495/1/249 496/1/249
f 493/1/249 496/1/249 494/1/249
f 495/1/250 497/1/250 498/1/250
f 495/1/250 498/1/250 496/1/250
f 497/1/251 499/1/251 500/1/251
f 497/1/251 500/1/251 498/1/251
f 499/1/252 501/1/252 502/1/252
f 499/1/252 502/1/252 500/1/252
f 501/1/253 503/1/253 504/1/253
f 501/1/253 504/1/253 502/1/253
f 503/1/254 505/1/254 506/1/254
f 503/1/254 506/1/254 504/1/254
f 505/1/255 507/1/255 508/1/255
f 505/1/255 508/1/255 506/1/255
f 507/1/256 509/1/256 510/1/256
f 507/1/256 510/1/256 508/1/256
f 509/1/257 511/1/257 512/1/257
f 509/1/257 512/1/257 510/1/257
f 511/1/258 513/1/258 514/1/258
f 511/1/258 514/1/258 512/1/258
f 513/1/259 515/1/259 516/1/259
f 513/1/259 516/1/259 514/1/259
f 515/1/260 517/1/260 518/1/260
f 515/1/260 518/1/260 516/1/260
f 517/1/261 519/1/261 520/1/261
f 517/1/261 520/1/261 518/1/261
f 519/1/262 521/1/262 522/1/262
f 519/1/262 522/1/262 520/1/262
f 521/1/263 523/1/263 524/1/263
f 521/1/263 524/1/263 522/1/263
f 523/1/264 525/1/264 526/1/264
f 523/1/264 526/1/264 524/1/264
f 525/1/265 527/1/265 528/1/265
f 525/1/265 528/1/265 526/1/265
f 527/1/266 529/1/266 530/1/266
f 527/1/266 530/1/266 528/1/266
f 529/1/267 531/1/267 532/1/267
f 529/1/267 532/1/267 530/1/267
f 531/1/268 533/1/268 534/1/268
f 531/1/268 534/1/268 532/1/268
f 533/1/269 535/1/269 536/1/269
f 533/1/269 536/1/269 534/1/269
f 535/1/270 537/1/270 538/1/270
f 535/1/270 538/1/270 536/1/270
f 537/1/271 539/1/271 540/1/271
f 537/1/271 540/1/271 538/1/271
f 539/1/272 541/1/272 542/1/272
f 539/1/272 542/1/272 540/1/272
f 541/1/273 543/1/273 544/1/273
f 541/1/273 544/1/273 542/1/273
f 543/1/274 545/1/274 546/1/274
f 543/1/274 546/1/274 544/1/274
f 545/1/275 547/1/275 548/1/275
f 545/1/275 548/1/275 546/1/275
f 547/1/276 549/1/276 550/1/276
f 547/1/276 550/1/276 548/1/276
f 549/1/277 551/1/277 552/1/277
f 549/1/277 552/1/277 550/1/277
f 551/1/278 553/1/278 554/1/278
f 551/1/278 554/1/278 552/1/278
f 553/1/279 555/1/279 556/1/279
f 553/1/279 556/1/279 554/1/279
f 555/1/280 557/1/280 558/1/280
f 555/1/280 558/1/280 556/1/280
f 557/1/281 559/1/281 560/1/281
f 557/1/281 560/1/281 558/1/281
f 559/1/282 561/1/282 562/1/282
f 559/1/282 562/1/282 560/1/282
f 561/1/283 563/1/283 564/1/283
f 561/1/283 564/1/283 562/1/283
f 563/1/284 565/1/284 566/1/284
f 563/1/284 566/1/284 564/1/284
f 565/1/285 567/1/285 568/1/285
f 565/1/285 568/1/285 566/1/285
f 567/1/286 569/1/286 570/1/286
f 567/1/286 570/1/286 568/1/286
f 569/1/287 571/1/287 572/1/287
f 569/1/287 572/1/287 570/1/287
f 571/1/288 573/1/288 574/1/288
f 571/1/288 574/1/288 572/1/288
f 573/1/289 575/1/289 576/1/289
f 573/1/289 576/1/289 574/1/289
f 575/1/290 385/1/290 388/1/290
f 575/1/290 388/1/290 576/1/290
f 388/1/97 387/1/97 577/1/97
f 388/1/97 577/1/97 578/1/97
f 387/1/97 390/1/97 579/1/97
f 387/1/97 579/1/97 577/1/97
f 390/1/97 392/1/97 580/1/97
f 390/1/97 580/1/97 579/1/97
f 392/1/97 394/1/97 581/1/97
f 392/1/97 581/1/97 580/1/97
f 394/1/97 396/1/97 582/1/97
f 394/1/97 582/1/97 581/1/97
f 396/1/97 398/1/97 583/1/97
f 396/1/97 583/1/97 582/1/97
f 398/1/97 400/1/97 584/1/97
f 398/1/97 584/1/97 583/1/97
f 400/1/97 402/1/97 585/1/97
f 400/1/97 585/1/97 584/1/97
f 402/1/97 404/1/97 586/1/97
f 402/1/97 586/1/97 585/1/97
f 404/1/97 406/1/97 587/1/97
f 404/1/97 587/1/97 586/1/97
f 406/1/97 408/1/97 588/1/97
f 406/1/97 588/1/97 587/1/97
f 408/1/97 410/1/97 589/1/97
f 408/1/97 589/1/97 588/1/97
f 410/1/97 412/1/97 590/1/97
f 410/1/97 590/1/97 589/1/97
f 412/1/97 414/1/97 591/1/97
f 412/1/97 591/1/97 590/1/97
f 414/1/97 416/1/97 592/1/97
f 414/1/97 592/1/97 591/1/97
f 416/1/97 418/1/97 593/1/97
f 416/1/97 593/1/97 592/1/97
f 418/1/97 420/1/97 594/1/97
f 418/1/97 594/1/97 593/1/97
f 420/1/97 422/1/97 595/1/97
f 420/1/97 595/1/97 594/1/97
f 422/1/97 424/1/97 596/1/97
f 422/1/97 596/1/97 595/1/97
f 424/1/97 426/1/97 597/1/97
f 424/1/97 597/1/97 596/1/97
f 426/1/97 428/1/97 598/1/97
f 426/1/97 598/1/97 597/1/97
f 428/1/97 430/1/97 599/1/97
f 428/1/97 599/1/97 598/1/97
f 430/1/97 432/1/97 600/1/97
f 430/1/97 600/1/97 599/1/97
f 432/1/97 434/1/97 601/1/97
f 432/1/97 601/1/97 600/1/97
f 434/1/97 436/1/97 602/1/97
f 434/1/97 602/1/97 601/1/97
f 436/1/97 438/1/97 603/1/97
f 436/1/97 603/1/97 602/1/97
f 438/1/97 440/1/97 604/1/97
f 438/1/97 604/1/97 603/1/97
f 440/1/97 442/1/97 605/1/97
f 440/1/97 605/1/97 604/1/97
f 442/1/97 444/1/97 606/1/97
f 442/1/97 606/1/97 605/1/97
f 444/1/97 446/1/97 607/1/97
f 444/1/97 607/1/97 606/1/97
f 446/1/97 448/1/97 608/1/97
f 446/1/97 608/1/97 607/1/97
f 448/1/97 450/1/97 609/1/97
f 448/1/97 609/1/97 608/1/97
f 450/1/97 452/1/97 610/1/97
f 450/1/97 610/1/97 609/1/97
f 452/1/97 454/1/97 611/1/97
f 452/1/97 611/1/97 610/1/97
f 454/1/97 456/1/97 612/1/97
f 454/1/97 612/1/97 611/1/97
f 456/1/97 458/1/97 613/1/97
f 456/1/97 613/1/97 612/1/97
f 458/1/97 460/1/97 614/1/97
f 458/1/97 614/1/97 613/1/97
f 460/1/97 462/1/97 615/1/97
f 460/1/97 615/1/97 614/1/97
f 462/1/97 464/1/97 616/1/97
f 462/1/97 616/1/97 615/1/97
f 464/1/97 466/1/97 617/1/97
f 464/1/97 617/1/97 616/1/97
f 466/1/97 468/1/97 618/1/97
f 466/1/97 618/1/97 617/1/97
f 468/1/97 470/1/97 619/1/97
f 468/1/97 619/1/97 618/1/97
f 470/1/97 472/1/97 620/1/97
f 470/1/97 620/1/97 619/1/97
f 472/1/97 474/1/97 621/1/97
f 472/1/97 621/1/97 620/1/97
f 474/1/97 476/1/97 622/1/97
f 474/1/97 622/1/97 621/1/97
f 476/1/97 478/1/97 623/1/97
f 476/1/97 623/1/97 622/1/97
f 478/1/97 480/1/97 624/1/97
f 478/1/97 624/1/97 623/1/97
f 480/1/97 482/1/97 625/1/97
f 480/1/97 625/1/97 624/1/97
f 482/1/97 484/1/97 626/1/97
f 482/1/97 626/1/97 625/1/97
f 484/1/97 486/1/97 627/1/97
f 484/1/97 627/1/97 626/1/97
f 486/1/97 488/1/97 628/1/97
f 486/1/97 628/1/97 627/1/97
f 488/1/97 490/1/97 629/1/97
f 488/1/97 629/1/97 628/1/97
f 490/1/97 492/1/97 630/1/97
f 490/1/97 630/1/97 629/1/97
f 492/1/97 494/1/97 631/1/97
f 492/1/97 631/1/97 630/1/97
f 494/1/97 496/1/97 632/1/97
f 494/1/97 632/1/97 631/1/97
f 496/1/97 498/1/97 633/1/97
f 496/1/97 633/1/97 632/1/97
f 498/1/97 500/1/97 634/1/97
f 498/1/97 634/1/97 633/1/97
f 500/1/97 502/1/97 635/1/97
f 500/1/97 635/1/97 634/1/97
f 502/1/97 504/1/97 636/1/97
f 502/1/97 636/1/97 635/1/97
f 504/1/97 506/1/97 637/1/97
f 504/1/97 637/1/97 636/1/97
f 506/1/97 508/1/97 638/1/97
f 506/1/97 638/1/97 637/1/97
f 508/1/97 510/1/97 639/1/97
f 508/1/97 639/1/97 638/1/97
f 510/1/97 512/1/97 640/1/97
f 510/1/97 640/1/97 639/1/97
f 512/1/97 514/1/97 641/1/97
f 512/1/97 641/1/97 640/1/97
f 514/1/97 516/1/97 642/1/97
f 514/1/97 642/1/97 641/1/97
f 516/1/97 518/1/97 643/1/97
f 516/1/97 643/1/97 642/1/97
f 518/1/97 520/1/97 644/1/97
f 518/1/97 644/1/97 643/1/97
f 520/1/97 522/1/97 645/1/97
f 520/1/97 645/1/97 644/1/97
f 522/1/97 524/1/97 646/1/97
f 522/1/97 646/1/97 645/1/97
f 524/1/97 526/1/97 647/1/97
f 524/1/97 647/1/97 646/1/97
f 526/1/97 528/1/97 648/1/97
f 526/1/97 648/1/97 647/1/97
f 528/1/97 530/1/97 649/1/97
f 528/1/97 649/1/97 648/1/97
f 530/1/97 532/1/97 650/1/97
f 530/1/97 650/1/97 649/1/97
f 532/1/97 534/1/97 651/1/97
f 532/1/97 651/1/97 650/1/97
f 534/1/97 536/1/97 652/1/97
f 534/1/97 652/1/97 651/1/97
f 536/1/97 538/1/97 653/1/97
f 536/1/97 653/1/97 652/1/97
f 538/1/97 540/1/97 654/1/97
f 538/1/97 654/1/97 653/1/97
f 540/1/97 542/1/97 655/1/97
f 540/1/97 655/1/97 654/1/97
f 542/1/97 544/1/97 656/1/97
f 542/1/97 656/1/97 655/1/97
f 544/1/97 546/1/97 657/1/97
f 544/1/97 657/1/97 656/1/97
f 546/1/97 548/1/97 658/1/97
f 546/1/97 658/1/97 657/1/97
f 548/1/97 550/1/97 659/1/97
f 548/1/97 659/1/97 658/1/97
f 550/1/97 552/1/97 660/1/97
f 550/1/97 660/1/97 659/1/97
f 552/1/97 554/1/97 661/1/97
f 552/1/97 661/1/97 660/1/97
f 554/1/97 556/1/97 662/1/97
f 554/1/97 662/1/97 661/1/97
f 556/1/97 558/1/97 663/1/97
f 556/1/97 663/1/97 662/1/97
f 558/1/97 560/1/97 664/1/97
f 558/1/97 664/1/97 663/1/97
f 560/1/97 562/1/97 665/1/97
f 560/1/97 665/1/97 664/1/97
f 562/1/97 564/1/97 666/1/97
f 562/1/97 666/1/97 665/1/97
f 564/1/97 566/1/97 667/1/97
f 564/1/97 667/1/97 666/1/97
f 566/1/97 568/1/97 668/1/97
f 566/1/97 668/1/97 667/1/97
f 568/1/97 570/1/97 669/1/97
f 568/1/97 669/1/97 668/1/97
f 570/1/97 572/1/97 670/1/97
f 570/1/97 670/1/97 669/1/97
f 572/1/97 574/1/97 671/1/97
f 572/1/97 671/1/97 670/1/97
f 574/1/97 576/1/97 672/1/97
f 574/1/97 672/1/97 671/1/97
f 576/1/97 388/1/97 578/1/97
f 576/1/97 578/1/97 672/1/97
f 578/1/98 577/1/98 193/1/98
f 578/1/98 193/1/98 194/1/98
f 577/1/99 579/1/99 195/1/99
f 577/1/99 195/1/99 193/1/99
f 579/1/100 580/1/100 196/1/100
f 579/1/100 196/1/100 195/1/100
f 580/1/101 581/1/101 197/1/101
f 580/1/101 197/1/101 196/1/101
f 581/1/102 582/1/102 198/1/102
f 581/1/102 198/1/102 197/1/102
f 582/1/103 583/1/103 199/1/103
f 582/1/103 199/1/103 198/1/103
f 583/1/104 584/1/104 200/1/104
f 583/1/104 200/1/104 199/1/104
f 584/1/105 585/1/105 201/1/105
f 584/1/105 201/1/105 200/1/105
f 585/1/106 586/1/106 202/1/106
f 585/1/106 202/1/106 201/1/106
f 586/1/107 587/1/107 203/1/107
f 586/1/107 203/1/107 202/1/107
f 587/1/108 588/1/108 204/1/108
f 587/1/108 204/1/108 203/1/108
f 588/1/109 589/1/109 205/1/109
f 588/1/109 205/1/109 204/1/109
f 589/1/110 590/1/110 206/1/110
f 589/1/110 206/1/110 205/1/110
f 590/1/111 591/1/111 207/1/111
f 590/1/111 207/1/111 206/1/111
f 591/1/112 592/1/112 208/1/112
f 591/1/112 208/1/112 207/1/112
f 592/1/113 593/1/113 209/1/113
f 592/1/113 209/1/113 208/1/113
f 593/1/114 594/1/114 210/1/114
f 593/1/114 210/1/114 209/1/114
f 594/1/115 595/1/115 211/1/115
f 594/1/115 211/1/115 210/1/115
f 595/1/116 596/1/116 212/1/116
f 595/1/116 212/1/116 211/1/116
f 596/1/117 597/1/117 213/1/117
f 596/1/117 213/1/117 212/1/117
f 597/1/118 598/1/118 214/1/118
f 597/1/118 214/1/118 213/1/118
f 598/1/119 599/1/119 215/1/119
f 598/1/119 215/1/119 214/1/119
f 599/1/120 600/1/120 216/1/120
f 599/1/120 216/1/120 215/1/120
f 600/1/121 601/1/121 217/1/121
f 600/1/121 217/1/121 216/1/121
f 601/1/122 602/1/122 218/1/122
f 601/1/122 218/1/122 217/1/122
f 602/1/123 603/1/123 219/1/123
f 602/1/123 219/1/123 218/1/123
f 603/1/124 604/1/124 220/1/124
f 603/1/124 220/1/124 219/1/124
f 604/1/125 605/1/125 221/1/125
f 604/1/125 221/1/125 220/1/125
f 605/1/126 606/1/126 222/1/126
f 605/1/126 222/1/126 221/1/126
f 606/1/127 607/1/127 223/1/127
f 606/1/127 223/1/127 222/1/127
f 607/1/128 608/1/128 224/1/128
f 607/1/128 224/1/128 223/1/128
f 608/1/129 609/1/129 225/1/129
f 608/1/129 225/1/129 224/1/129
f 609/1/130 610/1/130 226/1/130
f 609/1/130 226/1/130 225/1/130
f 610/1/131 611/1/131 227/1/131
f 610/1/131 227/1/131 226/1/131
f 611/1/132 612/1/132 228/1/132
f 611/1/132 228/1/132 227/1/132
f 612/1/133 613/1/133 229/1/133
f 612/1/133 229/1/133 228/1/133
f 613/1/134 614/1/134 230/1/134
f 613/1/134 230/1/134 229/1/134
f 614/1/135 615/1/135 231/1/135
f 614/1/135 231/1/135 230/1/135
f 615/1/136 616/1/136 232/1/136
f 615/1/136 232/1/136 231/1/136
f 616/1/137 617/1/137 233/1/137
f 616/1/137 233/1/137 232/1/137
f 617/1/138 618/1/138 234/1/138
f 617/1/138 234/1/138 233/1/138
f 618/1/139 619/1/139 235/1/139
f 618/1/139 235/1/139 234/1/139
f 619/1/140 620/1/140 236/1/140
f 619/1/140 236/1/140 235/1/140
f 620/1/141 621/1/141 237/1/141
f 620/1/141 237/1/141 236/1/141
f 621/1/142 622/1/142 238/1/142
f 621/1/142 238/1/142 237/1/142
f 622/1/143 623/1/143 239/1/143
f 622/1/143 239/1/143 238/1/143
f 623/1/144 624/1/144 240/1/144
f 623/1/144 240/1/144 239/1/144
f 624/1/145 625/1/145 241/1/145
f 624/1/145 241/1/145 240/1/145
f 625/1/146 626/1/146 242/1/146
f 625/1/146 242/1/146 241/1/146
f 626/1/147 627/1/147 243/1/147
f 626/1/147 243/1/147 242/1/147
f 627/1/148 628/1/148 244/1/148
f 627/1/148 244/1/148 243/1/148
f 628/1/149 629/1/149 245/1/149
f 628/1/149 245/1/149 244/1/149
f 629/1/150 630/1/150 246/1/150
f 629/1/150 246/1/150 245/1/150
f 630/1/151 631/1/151 247/1/151
f 630/1/151 247/1/151 246/1/151
f 631/1/152 632/1/152 248/1/152
f 631/1/152 248/1/152 247/1/152
f 632/1/153 633/1/153 249/1/153
f 632/1/153 249/1/153 248/1/153
f 633/1/154 634/1/154 250/1/154
f 633/1/154 250/1/154 249/1/154
f 634/1/155 635/1/155 251/1/155
f 634/1/155 251/1/155 250/1/155
f 635/1/156 636/1/156 252/1/156
f 635/1/156 252/1/156 251/1/156
f 636/1/157 637/1/157 253/1/157
f 636/1/157 253/1/157 252/1/157
f 637/1/158 638/1/158 254/1/158
f 637/1/158 254/1/158 253/1/158
f 638/1/159 639/1/159 255/1/159
f 638/1/159 255/1/159 254/1/159
f 639/1/160 640/1/160 256/1/160
f 639/1/160 256/1/160 255/1/160
f 640/1/161 641/1/161 257/1/161
f 640/1/161 257/1/161 256/1/161
f 641/1/162 642/1/162 258/1/162
f 641/1/162 258/1/162 257/1/162
f 642/1/163 643/1/163 259/1/163
f 642/1/163 259/1/163 258/1/163
f 643/1/164 644/1/164 260/1/164
f 643/1/164 260/1/164 259/1/164
f 644/1/165 645/1/165 261/1/165
f 644/1/165 261/1/165 260/1/165
f 645/1/166 646/1/166 262/1/166
f 645/1/166 262/1/166 261/1/166
f 646/1/167 647/1/167 263/1/167
f 646/1/167 263/1/167 262/1/167
f 647/1/168 648/1/168 264/1/168
f 647/1/168 264/1/168 263/1/168
f 648/1/169 649/1/169 265/1/169
f 648/1/169 265/1/169 264/1/169
f 649/1/170 650/1/170 266/1/170
f 649/1/170 266/1/170 265/1/170
f 650/1/171 651/1/171 267/1/171
f 650/1/171 267/1/171 266/1/171
f 651/1/172 652/1/172 268/1/172
f 651/1/172 268/1/172 267/1/172
f 652/1/173 653/1/173 269/1/173
f 652/1/173 269/1/173 268/1/173
f 653/1/174 654/1/174 270/1/174
f 653/1/174 270/1/174 269/1/174
f 654/1/175 655/1/175 271/1/175
f 654/1/175 271/1/175 270/1/175
f 655/1/176 656/1/176 272/1/176
f 655/1/176 272/1/176 271/1/176
f 656/1/177 657/1/177 273/1/177
f 656/1/177 273/1/177 272/1/177
f 657/1/178 658/1/178 274/1/178
f 657/1/178 274/1/178 273/1/178
f 658/1/179 659/1/179 275/1/179
f 658/1/179 275/1/179 274/1/179
f 659/1/180 660/1/180 276/1/180
f 659/1/180 276/1/180 275/1/180
f 660/1/181 661/1/181 277/1/181
f 660/1/181 277/1/181 276/1/181
f 661/1/182 662/1/182 278/1/182
f 661/1/182 278/1/182 277/1/182
f 662/1/183 663/1/183 279/1/183
f 662/1/183 279/1/183 278/1/183
f 663/1/184 664/1/184 280/1/184
f 663/1/184 280/1/184 279/1/184
f 664/1/185 665/1/185 281/1/185
f 664/1/185 281/1/185 280/1/185
f 665/1/186 666/1/186 282/1/186
f 665/1/186 282/1/186 281/1/186
f 666/1/187 667/1/187 283/1/187
f 666/1/187 283/1/187 282/1/187
f 667/1/188 668/1/188 284/1/188
f 667/1/188 284/1/188 283/1/188
f 668/1/189 669/1/189 285/1/189
f 668/1/189 285/1/189 284/1/189
f 669/1/190 670/1/190 286/1/190
f 669/1/190 286/1/190 285/1/190
f 670/1/191 671/1/191 287/1/191
f 670/1/191 287/1/191 286/1/191
f 671/1/192 672/1/192 288/1/192
f 671/1/192 288/1/192 287/1/192
f 672/1/193 578/1/193 194/1/193
f 672/1/193 194/1/193 288/1/193
f 194/1/194 193/1/194 386/1/194
f 194/1/194 386/1/194 385/1/194
f 193/1/194 195/1/194 389/1/194
f 193/1/194 389/1/194 386/1/194
f 195/1/194 196/1/194 391/1/194
f 195/1/194 391/1/194 389/1/194
f 196/1/194 197/1/194 393/1/194
f 196/1/194 393/1/194 391/1/194
f 197/1/194 198/1/194 395/1/194
f 197/1/194 395/1/194 393/1/194
f 198/1/194 199/1/194 397/1/194
f 198/1/194 397/1/194 395/1/194
f 199/1/194 200/1/194 399/1/194
f 199/1/194 399/1/194 397/1/194
f 200/1/194 201/1/194 401/1/194
f 200/1/194 401/1/194 399/1/194
f 201/1/194 202/1/194 403/1/194
f 201/1/194 403/1/194 401/1/194
f 202/1/194 203/1/194 405/1/194
f 202/1/194 405/1/194 403/1/194
f 203/1/194 204/1/194 407/1/194
f 203/1/194 407/1/194 405/1/194
f 204/1/194 205/1/194 409/1/194
f 204/1/194 409/1/194 407/1/194
f 205/1/194 206/1/194 411/1/194
f 205/1/194 411/1/194 409/1/194
f 206/1/194 207/1/194 413/1/194
f 206/1/194 413/1/194 411/1/194
f 207/1/194 208/1/194 415/1/194
f 207/1/194 415/1/194 413/1/194
f 208/1/194 209/1/194 417/1/194
f 208/1/194 417/1/194 415/1/194
f 209/1/194 210/1/194 419/1/194
f 209/1/194 419/1/194 417/1/194
f 210/1/194 211/1/194 421/1/194
f 210/1/194 421/1/194 419/1/194
f 211/1/194 212/1/194 423/1/194
f 211/1/194 423/1/194 421/1/194
f 212/1/194 213/1/194 425/1/194
f 212/1/194 425/1/194 423/1/194
f 213/1/194 214/1/194 427/1/194
f 213/1/194 427/1/194 425/1/194
f 214/1/194 215/1/194 429/1/194
f 214/1/194 429/1/194 427/1/194
f 215/1/194 216/1/194 431/1/194
f 215/1/194 431/1/194 429/1/194
f 216/1/194 217/1/194 433/1/194
f 216/1/194 433/1/194 431/1/194
f 217/1/194 218/1/194 435/1/194
f 217/1/194 435/1/194 433/1/194
f 218/1/194 219/1/194 437/1/194
f 218/1/194 437/1/194 435/1/194
f 219/1/194 220/1/194 439/1/194
f 219/1/194 439/1/194 437/1/194
f 220/1/194 221/1/194 441/1/194
f 220/1/194 441/1/194 439/1/194
f 221/1/194 222/1/194 443/1/194
f 221/1/194 443/1/194 441/1/194
f 222/1/194 223/1/194 445/1/194
f 222/1/194 445/1/194 443/1/194
f 223/1/194 224/1/194 447/1/194
f 223/1/194 447/1/194 445/1/194
f 224/1/194 225/1/194 449/1/194
f 224/1/194 449/1/194 447/1/194
f 225/1/194 226/1/194 451/1/194
f 225/1/194 451/1/194 449/1/194
f 226/1/194 227/1/194 453/1/194
f 226/1/194 453/1/194 451/1/194
f 227/1/194 228/1/194 455/1/194
f 227/1/194 455/1/194 453/1/194
f 228/1/194 229/1/194 457/1/194
f 228/1/194 457/1/194 455/1/194
f 229/1/194 230/1/194 459/1/194
f 229/1/194 459/1/194 457/1/194
f 230/1/194 231/1/194 461/1/194
f 230/1/194 461/1/194 459/1/194
f 231/1/194 232/1/194 463/1/194
f 231/1/194 463/1/194 461/1/194
f 232/1/194 233/1/194 465/1/194
f 232/1/194 465/1/194 463/1/194
f 233/1/194 234/1/194 467/1/194
f 233/1/194 467/1/194 465/1/194
f 234/1/194 235/1/194 469/1/194
f 234/1/194 469/1/194 467/1/194
f 235/1/194 236/1/194 471/1/194
f 235/1/194 471/1/194 469/1/194
f 236/1/194 237/1/194 473/1/194
f 236/1/194 473/1/194 471/1/194
f 237/1/194 238/1/194 475/1/194
f 237/1/194 475/1/194 473/1/194
f 238/1/194 239/1/194 477/1/194
f 238/1/194 477/1/194 475/1/194
f 239/1/194 240/1/194 479/1/194
f 239/1/194 479/1/194 477/1/194
f 240/1/194 241/1/194 481/1/194
f 240/1/194 481/1/194 479/1/194
f 241/1/194 242/1/194 483/1/194
f 241/1/194 483/1/194 481/1/194
f 242/1/194 243/1/194 485/1/194
f 242/1/194 485/1/194 483/1/194
f 243/1/194 244/1/194 487/1/194
f 243/1/194 487/1/194 485/1/194
f 244/1/194 245/1/194 489/1/194
f 244/1/194 489/1/194 487/1/194
f 245/1/194 246/1/194 491/1/194
f 245/1/194 491/1/194 489/1/194
f 246/1/194 247/1/194 493/1/194
f 246/1/194 493/1/194 491/1/194
f 247/1/194 248/1/194 495/1/194
f 247/1/194 495/1/194 493/1/194
f 248/1/194 249/1/194 497/1/194
f 248/1/194 497/1/194 495/1/194
f 249/1/194 250/1/194 499/1/194
f 249/1/194 499/1/194 497/1/194
f 250/1/194 251/1/194 501/1/194
f 250/1/194 501/1/194 499/1/194
f 251/1/194 252/1/194 503/1/194
f 251/1/194 503/1/194 501/1/194
f 252/1/194 253/1/194 505/1/194
f 252/1/194 505/1/194 503/1/194
f 253/1/194 254/1/194 507/1/194
f 253/1/194 507/1/194 505/1/194
f 254/1/194 255/1/194 509/1/194
f 254/1/194 509/1/194 507/1/194
f 255/1/194 256/1/194 511/1/194
f 255/1/194 511/1/194 509/1/194
f 256/1/194 257/1/194 513/1/194
f 256/1/194 513/1/194 511/1/194
f 257/1/194 258/1/194 515/1/194
f 257/1/194 515/1/194 513/1/194
f 258/1/194 259/1/194 517/1/194
f 258/1/194 517/1/194 515/1/194
f 259/1/194 260/1/194 519/1/194
f 259/1/194 519/1/194 517/1/194
f 260/1/194 261/1/194 521/1/194
f 260/1/194 521/1/194 519/1/194
f 261/1/194 262/1/194 523/1/194
f 261/1/194 523/1/194 521/1/194
f 262/1/194 263/1/194 525/1/194
f 262/1/194 525/1/194 523/1/194
f 263/1/194 264/1/194 527/1/194
f 263/1/194 527/1/194 525/1/194
f 264/1/194 265/1/194 529/1/194
f 264/1/194 529/1/194 527/1/194
f 265/1/194 266/1/194 531/1/194
f 265/1/194 531/1/194 529/1/194
f 266/1/194 267/1/194 533/1/194
f 266/1/194 533/1/194 531/1/194
f 267/1/194 268/1/194 535/1/194
f 267/1/194 535/1/194 533/1/194
f 268/1/194 269/1/194 537/1/194
f 268/1/194 537/1/194 535/1/194
f 269/1/194 270/1/194 539/1/194
f 269/1/194 539/1/194 537/1/194
f 270/1/194 271/1/194 541/1/194
f 270/1/194 541/1/194 539/1/194
f 271/1/194 272/1/194 543/1/194
f 271/1/194 543/1/194 541/1/194
f 272/1/194 273/1/194 545/1/194
f 272/1/194 545/1/194 543/1/194
f 273/1/194 274/1/194 547/1/194
f 273/1/194 547/1/194 545/1/194
f 274/1/194 275/1/194 549/1/194
f 274/1/194 549/1/194 547/1/194
f 275/1/194 276/1/194 551/1/194
f 275/1/194 551/1/194 549/1/194
f 276/1/194 277/1/194 553/1/194
f 276/1/194 553/1/194 551/1/194
f 277/1/194 278/1/194 555/1/194
f 277/1/194 555/1/194 553/1/194
f 278/1/194 279/1/194 557/1/194
f 278/1/194 557/1/194 555/1/194
f 279/1/194 280/1/194 559/1/194
f 279/1/194 559/1/194 557/1/194
f 280/1/194 281/1/194 561/1/194
f 280/1/194 561/1/194 559/1/194
f 281/1/194 282/1/194 563/1/194
f 281/1/194 563/1/194 561/1/194
f 282/1/194 283/1/194 565/1/194
f 282/1/194 565/1/194 563/1/194
f 283/1/194 284/1/194 567/1/194
f 283/1/194 567/1/194 565/1/194
f 284/1/194 285/1/194 569/1/194
f 284/1/194 569/1/194 567/1/194
f 285/1/194 286/1/194 571/1/194
f 285/1/194 571/1/194 569/1/194
f 286/1/194 287/1/194 573/1/194
f 286/1/194 573/1/194 571/1/194
f 287/1/194 288/1/194 575/1/194
f 287/1/194 575/1/194 573/1/194
f 288/1/194 194/1/194 385/1/194
f 288/1/194 385/1/194 575/1/194
usemtl mat_2
f 673/1/1 674/1/1 675/1/1
f 673/1/1 675/1/1 676/1/1
f 674/1/2 677/1/2 678/1/2
f 674/1/2 678/1/2 675/1/2
f 677/1/3 679/1/3 680/1/3
f 677/1/3 680/1/3 678/1/3
f 679/1/4 681/1/4 682/1/4
f 679/1/4 682/1/4 680/1/4
f 681/1/5 683/1/5 684/1/5
f 681/1/5 684/1/5 682/1/5
f 683/1/6 685/1/6 686/1/6
f 683/1/6 686/1/6 684/1/6
f 685/1/7 687/1/7 688/1/7
f 685/1/7 688/1/7 686/1/7
f 687/1/8 689/1/8 690/1/8
f 687/1/8 690/1/8 688/1/8
f 689/1/9 691/1/9 692/1/9
f 689/1/9 692/1/9 690/1/9
f 691/1/10 693/1/10 694/1/10
f 691/1/10 694/1/10 692/1/10
f 693/1/11 695/1/11 696/1/11
f 693/1/11 696/1/11 694/1/11
f 695/1/12 697/1/12 698/1/12
f 695/1/12 698/1/12 696/1/12
f 697/1/13 699/1/13 700/1/13
f 697/1/13 700/1/13 698/1/13
f 699/1/14 701/1/14 702/1/14
f 699/1/14 702/1/14 700/1/14
f 701/1/15 703/1/15 704/1/15
f 701/1/15 704/1/15 702/1/15
f 703/1/16 705/1/16 706/1/16
f 703/1/16 706/1/16 704/1/16
f 705/1/17 707/1/17 708/1/17
f 705/1/17 708/1/17 706/1/17
f 707/1/18 709/1/18 710/1/18
f 707/1/18 710/1/18 708/1/18
f 709/1/19 711/1/19 712/1/19
f 709/1/19 712/1/19 710/1/19
f 711/1/20 713/1/20 714/1/20
f 711/1/20 714/1/20 712/1/20
f 713/1/21 715/1/21 716/1/21
f 713/1/21 716/1/21 714/1/21
f 715/1/22 717/1/22 718/1/22
f 715/1/22 718/1/22 716/1/22
f 717/1/23 719/1/23 720/1/23
f 717/1/23 720/1/23 718/1/23
f 719/1/24 721/1/24 722/1/24
f 719/1/24 722/1/24 720/1/24
f 721/1/25 723/1/25 724/1/25
f 721/1/25 724/1/25 722/1/25
f 723/1/26 725/1/26 726/1/26
f 723/1/26 726/1/26 724/1/26
f 725/1/27 727/1/27 728/1/27
f 725/1/27 728/1/27 726/1/27
f 727/1/28 729/1/28 730/1/28
f 727/1/28 730/1/28 728/1/28
f 729/1/29 731/1/29 732/1/29
f 729/1/29 732/1/29 730/1/29
f 731/1/30 733/1/30 734/1/30
f 731/1/30 734/1/30 732/1/30
f 733/1/31 735/1/31 736/1/31
f 733/1/31 736/1/31 734/1/31
f 735/1/32 737/1/32 738/1/32
f 735/1/32 738/1/32 736/1/32
f 737/1/33 739/1/33 740/1/33
f 737/1/33 740/1/33 738/1/33
f 739/1/34 741/1/34 742/1/34
f 739/1/34 742/1/34 740/1/34
f 741/1/35 743/1/35 744/1/35
f 741/1/35 744/1/35 742/1/35
f 743/1/36 745/1/36 746/1/36
f 743/1/36 746/1/36 744/1/36
f 745/1/37 747/1/37 748/1/37
f 745/1/37 748/1/37 746/1/37
f 747/1/38 749/1/38 750/1/38
f 747/1/38 750/1/38 748/1/38
f 749/1/39 751/1/39 752/1/39
f 749/1/39 752/1/39 750/1/39
f 751/1/40 753/1/40 754/1/40
f 751/1/40 754/1/40 752/1/40
f 753/1/41 755/1/41 756/1/41
f 753/1/41 756/1/41 754/1/41
f 755/1/42 757/1/42 758/1/42
f 755/1/42 758/1/42 756/1/42
f 757/1/43 759/1/43 760/1/43
f 757/1/43 760/1/43 758/1/43
f 759/1/44 761/1/44 762/1/44
f 759/1/44 762/1/44 760/1/44
f 761/1/45 763/1/45 764/1/45
f 761/1/45 764/1/45 762/1/45
f 763/1/46 765/1/46 766/1/46
f 763/1/46 766/1/46 764/1/46
f 765/1/47 767/1/47 768/1/47
f 765/1/47 768/1/47 766/1/47
f 767/1/48 769/1/48 770/1/48
f 767/1/48 770/1/48 768/1/48
f 769/1/49 771/1/49 772/1/49
f 769/1/49 772/1/49 770/1/49
f 771/1/50 773/1/50 774/1/50
f 771/1/50 774/1/50 772/1/50
f 773/1/51 775/1/51 776/1/51
f 773/1/51 776/1/51 774/1/51
f 775/1/52 777/1/52 778/1/52
f 775/1/52 778/1/52 776/1/52
f 777/1/53 779/1/53 780/1/53
f 777/1/53 780/1/53 778/1/53
f 779/1/54 781/1/54 782/1/54
f 779/1/54 782/1/54 780/1/54
f 781/1/55 783/1/55 784/1/55
f 781/1/55 784/1/55 782/1/55
f 783/1/56 785/1/56 786/1/56
f 783/1/56 786/1/56 784/1/56
f 785/1/57 787/1/57 788/1/57
f 785/1/57 788/1/57 786/1/57
f 787/1/58 789/1/58 790/1/58
f 787/1/58 790/1/58 788/1/58
f 789/1/59 791/1/59 792/1/59
f 789/1/59 792/1/59 790/1/59
f 791/1/60 793/1/60 794/1/60
f 791/1/60 794/1/60 792/1/60
f 793/1/61 795/1/61 796/1/61
f 793/1/61 796/1/61 794/1/61
f 795/1/62 797/1/62 798/1/62
f 795/1/62 798/1/62 796/1/62
f 797/1/63 799/1/63 800/1/63
f 797/1/63 800/1/63 798/1/63
f 799/1/64 801/1/64 802/1/64
f 799/1/64 802/1/64 800/1/64
f 801/1/65 803/1/65 804/1/65
f 801/1/65 804/1/65 802/1/65
f 803/1/66 805/1/66 806/1/66
f 803/1/66 806/1/66 804/1/66
f 805/1/67 807/1/67 808/1/67
f 805/1/67 808/1/67 806/1/67
f 807/1/68 809/1/68 810/1/68
f 807/1/68 810/1/68 808/1/68
f 809/1/69 811/1/69 812/1/69
f 809/1/69 812/1/69 810/1/69
f 811/1/70 813/1/70 814/1/70
f 811/1/70 814/1/70 812/1/70
f 813/1/71 815/1/71 816/1/71
f 813/1/71 816/1/71 814/1/71
f 815/1/72 817/1/72 818/1/72
f 815/1/72 818/1/72 816/1/72
f 817/1/73 819/1/73 820/1/73
f 817/1/73 820/1/73 818/1/73
f 819/1/74 821/1/74 822/1/74
f 819/1/74 822/1/74 820/1/74
f 821/1/75 823/1/75 824/1/75
f 821/1/75 824/1/75 822/1/75
f 823/1/76 825/1/76 826/1/76
f 823/1/76 826/1/76 824/1/76
f 825/1/77 827/1/77 828/1/77
f 825/1/77 828/1/77 826/1/77
f 827/1/78 829/1/78 830/1/78
f 827/1/78 830/1/78 828/1/78
f 829/1/79 831/1/79 832/1/79
f 829/1/79 832/1/79 830/1/79
f 831/1/80 833/1/80 834/1/80
f 831/1/80 834/1/80 832/1/80
f 833/1/81 835/1/81 836/1/81
f 833/1/81 836/1/81 834/1/81
f 835/1/82 837/1/82 838/1/82
f 835/1/82 838/1/82 836/1/82
f 837/1/83 839/1/83 840/1/83
f 837/1/83 840/1/83 838/1/83
f 839/1/84 841/1/84 842/1/84
f 839/1/84 842/1/84 840/1/84
f 841/1/85 843/1/85 844/1/85
f 841/1/85 844/1/85 842/1/85
f 843/1/86 845/1/86 846/1/86
f 843/1/86 846/1/86 844/1/86
f 845/1/87 847/1/87 848/1/87
f 845/1/87 848/1/87 846/1/87
f 847/1/88 849/1/88 850/1/88
f 847/1/88 850/1/88 848/1/88
f 849/1/89 851/1/89 852/1/89
f 849/1/89 852/1/89 850/1/89
f 851/1/90 853/1/90 854/1/90
f 851/1/90 854/1/90 852/1/90
f 853/1/91 855/1/91 856/1/91
f 853/1/91 856/1/91 854/1/91
f 855/1/92 857/1/92 858/1/92
f 855/1/92 858/1/92 856/1/92
f 857/1/93 859/1/93 860/1/93
f 857/1/93 860/1/93 858/1/93
f 859/1/94 861/1/94 862/1/94
f 859/1/94 862/1/94 860/1/94
f 861/1/95 863/1/95 864/1/95
f 861/1/95 864/1/95 862/1/95
f 863/1/96 673/1/96 676/1/96
f 863/1/96 676/1/96 864/1/96
f 676/1/97 675/1/97 865/1/97
f 676/1/97 865/1/97 866/1/97
f 675/1/97 678/1/97 867/1/97
f 675/1/97 867/1/97 865/1/97
f 678/1/97 680/1/97 868/1/97
f 678/1/97 868/1/97 867/1/97
f 680/1/97 682/1/97 869/1/97
f 680/1/97 869/1/97 868/1/97
f 682/1/97 684/1/97 870/1/97
f 682/1/97 870/1/97 869/1/97
f 684/1/97 686/1/97 871/1/97
f 684/1/97 871/1/97 870/1/97
f 686/1/97 688/1/97 872/1/97
f 686/1/97 872/1/97 871/1/97
f 688/1/97 690/1/97 873/1/97
f 688/1/97 873/1/97 872/1/97
f 690/1/97 692/1/97 874/1/97
f 690/1/97 874/1/97 873/1/97
f 692/1/97 694/1/97 875/1/97
f 692/1/97 875/1/97 874/1/97
f 694/1/97 696/1/97 876/1/97
f 694/1/97 876/1/97 875/1/97
f 696/1/97 698/1/97 877/1/97
f 696/1/97 877/1/97 876/1/97
f 698/1/97 700/1/97 878/1/97
f 698/1/97 878/1/97 877/1/97
f 700/1/97 702/1/97 879/1/97
f 700/1/97 879/1/97 878/1/97
f 702/1/97 704/1/97 880/1/97
f 702/1/97 880/1/97 879/1/97
f 704/1/97 706/1/97 881/1/97
f 704/1/97 881/1/97 880/1/97
f 706/1/97 708/1/97 882/1/97
f 706/1/97 882/1/97 881/1/97
f 708/1/97 710/1/97 883/1/97
f 708/1/97 883/1/97 882/1/97
f 710/1/97 712/1/97 884/1/97
f 710/1/97 884/1/97 883/1/97
f 712/1/97 714/1/97 885/1/97
f 712/1/97 885/1/97 884/1/97
f 714/1/97 716/1/97 886/1/97
f 714/1/97 886/1/97 885/1/97
f 716/1/97 718/1/97 887/1/97
f 716/1/97 887/1/97 886/1/97
f 718/1/97 720/1/97 888/1/97
f 718/1/97 888/1/97 887/1/97
f 720/1/97 722/1/97 889/1/97
f 720/1/97 889/1/97 888/1/97
f 722/1/97 724/1/97 890/1/97
f 722/1/97 890/1/97 889/1/97
f 724/1/97 726/1/97 891/1/97
f 724/1/97 891/1/97 890/1/97
f 726/1/97 728/1/97 892/1/97
f 726/1/97 892/1/97 891/1/97
f 728/1/97 730/1/97 893/1/97
f 728/1/97 893/1/97 892/1/97
f 730/1/97 732/1/97 894/1/97
f 730/1/97 894/1/97 893/1/97
f 732/1/97 734/1/97 895/1/97
f 732/1/97 895/1/97 894/1/97
f 734/1/97 736/1/97 896/1/97
f 734/1/97 896/1/97 895/1/97
f 736/1/97 738/1/97 897/1/97
f 736/1/97 897/1/97 896/1/97
f 738/1/97 740/1/97 898/1/97
f 738/1/97 898/1/97 897/1/97
f 740/1/97 742/1/97 899/1/97
f 740/1/97 899/1/97 898/1/97
f 742/1/97 744/1/97 900/1/97
f 742/1/97 900/1/97 899/1/97
f 744/1/97 746/1/97 901/1/97
f 744/1/97 901/1/97 900/1/97
f 746/1/97 748/1/97 902/1/97
f 746/1/97 902/1/97 901/1/97
f 748/1/97 750/1/97 903/1/97
f 748/1/97 903/1/97 902/1/97
f 750/1/97 752/1/97 904/1/97
f 750/1/97 904/1/97 903/1/97
f 752/1/97 754/1/97 905/1/97
f 752/1/97 905/1/97 904/1/97
f 754/1/97 756/1/97 906/1/97
f 754/1/97 906/1/97 905/1/97
f 756/1/97 758/1/97 907/1/97
f 756/1/97 907/1/97 906/1/97
f 758/1/97 760/1/97 908/1/97
f 758/1/97 908/1/97 907/1/97
f 760/1/97 762/1/97 909/1/97
f 760/1/97 909/1/97 908/1/97
f 762/1/97 764/1/97 910/1/97
f 762/1/97 910/1/97 909/1/97
f 764/1/97 766/1/97 911/1/97
f 764/1/97 911/1/97 910/1/97
f 766/1/97 768/1/97 912/1/97
f 766/1/97 912/1/97 911/1/97
f 768/1/97 770/1/97 913/1/97
f 768/1/97 913/1/97 912/1/97
f 770/1/97 772/1/97 914/1/97
f 770/1/97 914/1/97 913/1/97
f 772/1/97 774/1/97 915/1/97
f 772/1/97 915/1/97 914/1/97
f 774/1/97 776/1/97 916/1/97
f 774/1/97 916/1/97 915/1/97
f 776/1/97 778/1/97 917/1/97
f 776/1/97 917/1/97 916/1/97
f 778/1/97 780/1/97 918/1/97
f 778/1/97 918/1/97 917/1/97
f 780/1/97 782/1/97 919/1/97
f 780/1/97 919/1/97 918/1/97
f 782/1/97 784/1/97 920/1/97
f 782/1/97 920/1/97 919/1/97
f 784/1/97 786/1/97 921/1/97
f 784/1/97 921/1/97 920/1/97
f 786/1/97 788/1/97 922/1/97
f 786/1/97 922/1/97 921/1/97
f 788/1/97 790/1/97 923/1/97
f 788/1/97 923/1/97 922/1/97
f 790/1/97 792/1/97 924/1/97
f 790/1/97 924/1/97 923/1/97
f 792/1/97 794/1/97 925/1/97
f 792/1/97 925/1/97 924/1/97
f 794/1/97 796/1/97 926/1/97
f 794/1/97 926/1/97 925/1/97
f 796/1/97 798/1/97 927/1/97
f 796/1/97 927/1/97 926/1/97
f 798/1/97 800/1/97 928/1/97
f 798/1/97 928/1/97 927/1/97
f 800/1/97 802/1/97 929/1/97
f 800/1/97 929/1/97 928/1/97
f 802/1/97 804/1/97 930/1/97
f 802/1/97 930/1/97 929/1/97
f 804/1/97 806/1/97 931/1/97
f 804/1/97 931/1/97 930/1/97
f 806/1/97 808/1/97 932/1/97
f 806/1/97 932/1/97 931/1/97
f 808/1/97 810/1/97 933/1/97
f 808/1/97 933/1/97 932/1/97
f 810/1/97 812/1/97 934/1/97
f 810/1/97 934/1/97 933/1/97
f 812/1/97 814/1/97 935/1/97
f 812/1/97 935/1/97 934/1/97
f 814/1/97 816/1/97 936/1/97
f 814/1/97 936/1/97 935/1/97
f 816/1/97 818/1/97 937/1/97
f 816/1/97 937/1/97 936/1/97
f 818/1/97 820/1/97 938/1/97
f 818/1/97 938/1/97 937/1/97
f 820/1/97 822/1/97 939/1/97
f 820/1/97 939/1/97 938/1/97
f 822/1/97 824/1/97 940/1/97
f 822/1/97 940/1/97 939/1/97
f 824/1/97 826/1/97 941/1/97
f 824/1/97 941/1/97 940/1/97
f 826/1/97 828/1/97 942/1/97
f 826/1/97 942/1/97 941/1/97
f 828/1/97 830/1/97 943/1/97
f 828/1/97 943/1/97 942/1/97
f 830/1/97 832/1/97 944/1/97
f 830/1/97 944/1/97 943/1/97
f 832/1/97 834/1/97 945/1/97
f 832/1/97 945/1/97 944/1/97
f 834/1/97 836/1/97 946/1/97
f 834/1/97 946/1/97 945/1/97
f 836/1/97 838/1/97 947/1/97
f 836/1/97 947/1/97 946/1/97
f 838/1/97 840/1/97 948/1/97
f 838/1/97 948/1/97 947/1/97
f 840/1/97 842/1/97 949/1/97
f 840/1/97 949/1/97 948/1/97
f 842/1/97 844/1/97 950/1/97
f 842/1/97 950/1/97 949/1/97
f 844/1/97 846/1/97 951/1/97
f 844/1/97 951/1/97 950/1/97
f 846/1/97 848/1/97 952/1/97
f 846/1/97 952/1/97 951/1/97
f 848/1/97 850/1/97 953/1/97
f 848/1/97 953/1/97 952/1/97
f 850/1/97 852/1/97 954/1/97
f 850/1/97 954/1/97 953/1/97
f 852/1/97 854/1/97 955/1/97
f 852/1/97 955/1/97 954/1/97
f 854/1/97 856/1/97 956/1/97
f 854/1/97 956/1/97 955/1/97
f 856/1/97 858/1/97 957/1/97
f 856/1/97 957/1/97 956/1/97
f 858/1/97 860/1/97 958/1/97
f 858/1/97 958/1/97 957/1/97
f 860/1/97 862/1/97 959/1/97
f 860/1/97 959/1/97 958/1/97
f 862/1/97 864/1/97 960/1/97
f 862/1/97 960/1/97 959/1/97
f 864/1/97 676/1/97 866/1/97
f 864/1/97 866/1/97 960/1/97
f 866/1/98 865/1/98 577/1/98
f 866/1/98 577/1/98 578/1/98
f 865/1/99 867/1/99 579/1/99
f 865/1/99 579/1/99 577/1/99
f 867/1/100 868/1/100 580/1/100
f 867/1/100 580/1/100 579/1/100
f 868/1/101 869/1/101 581/1/101
f 868/1/101 581/1/101 580/1/101
f 869/1/102 870/1/102 582/1/102
f 869/1/102 582/1/102 581/1/102
f 870/1/103 871/1/103 583/1/103
f 870/1/103 583/1/103 582/1/103
f 871/1/104 872/1/104 584/1/104
f 871/1/104 584/1/104 583/1/104
f 872/1/105 873/1/105 585/1/105
f 872/1/105 585/1/105 584/1/105
f 873/1/106 874/1/106 586/1/106
f 873/1/106 586/1/106 585/1/106
f 874/1/107 875/1/107 587/1/107
f 874/1/107 587/1/107 586/1/107
f 875/1/108 876/1/108 588/1/108
f 875/1/108 588/1/108 587/1/108
f 876/1/109 877/1/109 589/1/109
f 876/1/109 589/1/109 588/1/109
f 877/1/110 878/1/110 590/1/110
f 877/1/110 590/1/110 589/1/110
f 878/1/111 879/1/111 591/1/111
f 878/1/111 591/1/111 590/1/111
f 879/1/112 880/1/112 592/1/112
f 879/1/112 592/1/112 591/1/112
f 880/1/113 881/1/113 593/1/113
f 880/1/113 593/1/113 592/1/113
f 881/1/114 882/1/114 594/1/114
f 881/1/114 594/1/114 593/1/114
f 882/1/115 883/1/115 595/1/115
f 882/1/115 595/1/115 594/1/115
f 883/1/116 884/1/116 596/1/116
f 883/1/116 596/1/116 595/1/116
f 884/1/117 885/1/117 597/1/117
f 884/1/117 597/1/117 596/1/117
f 885/1/118 886/1/118 598/1/118
f 885/1/118 598/1/118 597/1/118
f 886/1/119 887/1/119 599/1/119
f 886/1/119 599/1/119 598/1/119
f 887/1/120 888/1/120 600/1/120
f 887/1/120 600/1/120 599/1/120
f 888/1/121 889/1/121 601/1/121
f 888/1/121 601/1/121 600/1/121
f 889/1/122 890/1/122 602/1/122
f 889/1/122 602/1/122 601/1/122
f 890/1/123 891/1/123 603/1/123
f 890/1/123 603/1/123 602/1/123
f 891/1/124 892/1/124 604/1/124
f 891/1/124 604/1/124 603/1/124
f 892/1/125 893/1/125 605/1/125
f 892/1/125 605/1/125 604/1/125
f 893/1/126 894/1/126 606/1/126
f 893/1/126 606/1/126 605/1/126
f 894/1/127 895/1/127 607/1/127
f 894/1/127 607/1/127 606/1/127
f 895/1/128 896/1/128 608/1/128
f 895/1/128 608/1/128 607/1/128
f 896/1/129 897/1/129 609/1/129
f 896/1/129 609/1/129 608/1/129
f 897/1/130 898/1/130 610/1/130
f 897/1/130 610/1/130 609/1/130
f 898/1/131 899/1/131 611/1/131
f 898/1/131 611/1/131 610/1/131
f 899/1/132 900/1/132 612/1/132
f 899/1/132 612/1/132 611/1/132
f 900/1/133 901/1/133 613/1/133
f 900/1/133 613/1/133 612/1/133
f 901/1/134 902/1/134 614/1/134
f 901/1/134 614/1/134 613/1/134
f 902/1/135 903/1/135 615/1/135
f 902/1/135 615/1/135 614/1/135
f 903/1/136 904/1/136 616/1/136
f 903/1/136 616/1/136 615/1/136
f 904/1/137 905/1/137 617/1/137
f 904/1/137 617/1/137 616/1/137
f 905/1/138 906/1/138 618/1/138
f 905/1/138 618/1/138 617/1/138
f 906/1/139 907/1/139 619/1/139
f 906/1/139 619/1/139 618/1/139
f 907/1/140 908/1/140 620/1/140
f 907/1/140 620/1/140 619/1/140
f 908/1/141 909/1/141 621/1/141
f 908/1/141 621/1/141 620/1/141
f 909/1/142 910/1/142 622/1/142
f 909/1/142 622/1/142 621/1/142
f 910/1/143 911/1/143 623/1/143
f 910/1/143 623/1/143 622/1/143
f 911/1/144 912/1/144 624/1/144
f 911/1/144 624/1/144 623/1/144
f 912/1/145 913/1/145 625/1/145
f 912/1/145 625/1/145 624/1/145
f 913/1/146 914/1/146 626/1/146
f 913/1/146 626/1/146 625/1/146
f 914/1/147 915/1/147 627/1/147
f 914/1/147 627/1/147 626/1/147
f 915/1/148 916/1/148 628/1/148
f 915/1/148 628/1/148 627/1/148
f 916/1/149 917/1/149 629/1/149
f 916/1/149 629/1/149 628/1/149
f 917/1/150 918/1/150 630/1/150
f 917/1/150 630/1/150 629/1/150
f 918/1/151 919/1/151 631/1/151
f 918/1/151 631/1/151 630/1/151
f 919/1/152 920/1/152 632/1/152
f 919/1/152 632/1/152 631/1/152
f 920/1/153 921/1/153 633/1/153
f 920/1/153 633/1/153 632/1/153
f 921/1/154 922/1/154 634/1/154
f 921/1/154 634/1/154 633/1/154
f 922/1/155 923/1/155 635/1/155
f 922/1/155 635/1/155 634/1/155
f 923/1/156 924/1/156 636/1/156
f 923/1/156 636/1/156 635/1/156
f 924/1/157 925/1/157 637/1/157
f 924/1/157 637/1/157 636/1/157
f 925/1/158 926/1/158 638/1/158
f 925/1/158 638/1/158 637/1/158
f 926/1/159 927/1/159 639/1/159
f 926/1/159 639/1/159 638/1/159
f 927/1/160 928/1/160 640/1/160
f 927/1/160 640/1/160 639/1/160
f 928/1/161 929/1/161 641/1/161
f 928/1/161 641/1/161 640/1/161
f 929/1/162 930/1/162 642/1/162
f 929/1/162 642/1/162 641/1/162
f 930/1/163 931/1/163 643/1/163
f 930/1/163 643/1/163 642/1/163
f 931/1/164 932/1/164 644/1/164
f 931/1/164 644/1/164 643/1/164
f 932/1/165 933/1/165 645/1/165
f 932/1/165 645/1/165 644/1/165
f 933/1/166 934/1/166 646/1/166
f 933/1/166 646/1/166 645/1/166
f 934/1/167 935/1/167 647/1/167
f 934/1/167 647/1/167 646/1/167
f 935/1/168 936/1/168 648/1/168
f 935/1/168 648/1/168 647/1/168
f 936/1/169 937/1/169 649/1/169
f 936/1/169 649/1/169 648/1/169
f 937/1/170 938/1/170 650/1/170
f 937/1/170 650/1/170 649/1/170
f 938/1/171 939/1/171 651/1/171
f 938/1/171 651/1/171 650/1/171
f 939/1/172 940/1/172 652/1/172
f 939/1/172 652/1/172 651/1/172
f 940/1/173 941/1/173 653/1/173
f 940/1/173 653/1/173 652/1/173
f 941/1/174 942/1/174 654/1/174
f 941/1/174 654/1/174 653/1/174
f 942/1/175 943/1/175 655/1/175
f 942/1/175 655/1/175 654/1/175
f 943/1/176 944/1/176 656/1/176
f 943/1/176 656/1/176 655/1/176
f 944/1/177 945/1/177 657/1/177
f 944/1/177 657/1/177 656/1/177
f 945/1/178 946/1/178 658/1/178
f 945/1/178 658/1/178 657/1/178
f 946/1/179 947/1/179 659/1/179
f 946/1/179 659/1/179 658/1/179
f 947/1/180 948/1/180 660/1/180
f 947/1/180 660/1/180 659/1/180
f 948/1/181 949/1/181 661/1/181
f 948/1/181 661/1/181 660/1/181
f 949/1/182 950/1/182 662/1/182
f 949/1/182 662/1/182 661/1/182
f 950/1/183 951/1/183 663/1/183
f 950/1/183 663/1/183 662/1/183
f 951/1/184 952/1/184 664/1/184
f 951/1/184 664/1/184 663/1/184
f 952/1/185 953/1/185 665/1/185
f 952/1/185 665/1/185 664/1/185
f 953/1/186 954/1/186 666/1/186
f 953/1/186 666/1/186 665/1/186
f 954/1/187 955/1/187 667/1/187
f 954/1/187 667/1/187 666/1/187
f 955/1/188 956/1/188 668/1/188
f 955/1/188 668/1/188 667/1/188
f 956/1/189 957/1/189 669/1/189
f 956/1/189 669/1/189 668/1/189
f 957/1/190 958/1/190 670/1/190
f 957/1/190 670/1/190 669/1/190
f 958/1/191 959/1/191 671/1/191
f 958/1/191 671/1/191 670/1/191
f 959/1/192 960/1/192 672/1/192
f 959/1/192 672/1/192 671/1/192
f 960/1/193 866/1/193 578/1/193
f 960/1/193 578/1/193 672/1/193
f 578/1/194 577/1/194 674/1/194
f 578/1/194 674/1/194 673/1/194
f 577/1/194 579/1/194 677/1/194
f 577/1/194 677/1/194 674/1/194
f 579/1/194 580/1/194 679/1/194
f 579/1/194 679/1/194 677/1/194
f 580/1/194 581/1/194 681/1/194
f 580/1/194 681/1/194 679/1/194
f 581/1/194 582/1/194 683/1/194
f 581/1/194 683/1/194 681/1/194
f 582/1/194 583/1/194 685/1/194
f 582/1/194 685/1/194 683/1/194
f 583/1/194 584/1/194 687/1/194
f 583/1/194 687/1/194 685/1/194
f 584/1/194 585/1/194 689/1/194
f 584/1/194 689/1/194 687/1/194
f 585/1/194 586/1/194 691/1/194
f 585/1/194 691/1/194 689/1/194
f 586/1/194 587/1/194 693/1/194
f 586/1/194 693/1/194 691/1/194
f 587/1/194 588/1/194 695/1/194
f 587/1/194 695/1/194 693/1/194
f 588/1/194 589/1/194 697/1/194
f 588/1/194 697/1/194 695/1/194
f 589/1/194 590/1/194 699/1/194
f 589/1/194 699/1/194 697/1/194
f 590/1/194 591/1/194 701/1/194
f 590/1/194 701/1/194 699/1/194
f 591/1/194 592/1/194 703/1/194
f 591/1/194 703/1/194 701/1/194
f 592/1/194 593/1/194 705/1/194
f 592/1/194 705/1/194 703/1/194
f 593/1/194 594/1/194 707/1/194
f 593/1/194 707/1/194 705/1/194
f 594/1/194 595/1/194 709/1/194
f 594/1/194 709/1/194 707/1/194
f 595/1/194 596/1/194 711/1/194
f 595/1/194 711/1/194 709/1/194
f 596/1/194 597/1/194 713/1/194
f 596/1/194 713/1/194 711/1/194
f 597/1/194 598/1/194 715/1/194
f 597/1/194 715/1/194 713/1/194
f 598/1/194 599/1/194 717/1/194
f 598/1/194 717/1/194 715/1/194
f 599/1/194 600/1/194 719/1/194
f 599/1/194 719/1/194 717/1/194
f 600/1/194 601/1/194 721/1/194
f 600/1/194 721/1/194 719/1/194
f 601/1/194 602/1/194 723/1/194
f 601/1/194 723/1/194 721/1/194
f 602/1/194 603/1/194 725/1/194
f 602/1/194 725/1/194 723/1/194
f 603/1/194 604/1/194 727/1/194
f 603/1/194 727/1/194 725/1/194
f 604/1/194 605/1/194 729/1/194
f 604/1/194 729/1/194 727/1/194
f 605/1/194 606/1/194 731/1/194
f 605/1/194 731/1/194 729/1/194
f 606/1/194 607/1/194 733/1/194
f 606/1/194 733/1/194 731/1/194
f 607/1/194 608/1/194 735/1/194
f 607/1/194 735/1/194 733/1/194
f 608/1/194 609/1/194 737/1/194
f 608/1/194 737/1/194 735/1/194
f 609/1/194 610/1/194 739/1/194
f 609/1/194 739/1/194 737/1/194
f 610/1/194 611/1/194 741/1/194
f 610/1/194 741/1/194 739/1/194
f 611/1/194 612/1/194 743/1/194
f 611/1/194 743/1/194 741/1/194
f 612/1/194 613/1/194 745/1/194
f 612/1/194 745/1/194 743/1/194
f 613/1/194 614/1/194 747/1/194
f 613/1/194 747/1/194 745/1/194
f 614/1/194 615/1/194 749/1/194
f 614/1/194 749/1/194 747/1/194
f 615/1/194 616/1/194 751/1/194
f 615/1/194 751/1/194 749/1/194
f 616/1/194 617/1/194 753/1/194
f 616/1/194 753/1/194 751/1/194
f 617/1/194 618/1/194 755/1/194
f 617/1/194 755/1/194 753/1/194
f 618/1/194 619/1/194 757/1/194
f 618/1/194 757/1/194 755/1/194
f 619/1/194 620/1/194 759/1/194
f 619/1/194 759/1/194 757/1/194
f 620/1/194 621/1/194 761/1/194
f 620/1/194 761/1/194 759/1/194
f 621/1/194 622/1/194 763/1/194
f 621/1/194 763/1/194 761/1/194
f 622/1/194 623/1/194 765/1/194
f 622/1/194 765/1/194 763/1/194
f 623/1/194 624/1/194 767/1/194
f 623/1/194 767/1/194 765/1/194
f 624/1/194 625/1/194 769/1/194
f 624/1/194 769/1/194 767/1/194
f 625/1/194 626/1/194 771/1/194
f 625/1/194 771/1/194 769/1/194
f 626/1/194 627/1/194 773/1/194
f 626/1/194 773/1/194 771/1/194
f 627/1/194 628/1/194 775/1/194
f 627/1/194 775/1/194 773/1/194
f 628/1/194 629/1/194 777/1/194
f 628/1/194 777/1/194 775/1/194
f 629/1/194 630/1/194 779/1/194
f 629/1/194 779/1/194 777/1/194
f 630/1/194 631/1/194 781/1/194
f 630/1/194 781/1/194 779/1/194
f 631/1/194 632/1/194 783/1/194
f 631/1/194 783/1/194 781/1/194
f 632/1/194 633/1/194 785/1/194
f 632/1/194 785/1/194 783/1/194
f 633/1/194 634/1/194 787/1/194
f 633/1/194 787/1/194 785/1/194
f 634/1/194 635/1/194 789/1/194
f 634/1/194 789/1/194 787/1/194
f 635/1/194 636/1/194 791/1/194
f 635/1/194 791/1/194 789/1/194
f 636/1/194 637/1/194 793/1/194
f 636/1/194 793/1/194 791/1/194
f 637/1/194 638/1/194 795/1/194
f 637/1/194 795/1/194 793/1/194
f 638/1/194 639/1/194 797/1/194
f 638/1/194 797/1/194 795/1/194
f 639/1/194 640/1/194 799/1/194
f 639/1/194 799/1/194 797/1/194
f 640/1/194 641/1/194 801/1/194
f 640/1/194 801/1/194 799/1/194
f 641/1/194 642/1/194 803/1/194
f 641/1/194 803/1/194 801/1/194
f 642/1/194 643/1/194 805/1/194
f 642/1/194 805/1/194 803/1/194
f 643/1/194 644/1/194 807/1/194
f 643/1/194 807/1/194 805/1/194
f 644/1/194 645/1/194 809/1/194
f 644/1/194 809/1/194 807/1/194
f 645/1/194 646/1/194 811/1/194
f 645/1/194 811/1/194 809/1/194
f 646/1/194 647/1/194 813/1/194
f 646/1/194 813/1/194 811/1/194
f 647/1/194 648/1/194 815/1/194
f 647/1/194 815/1/194 813/1/194
f 648/1/194 649/1/194 817/1/194
f 648/1/194 817/1/194 815/1/194
f 649/1/194 650/1/194 819/1/194
f 649/1/194 819/1/194 817/1/194
f 650/1/194 651/1/194 821/1/194
f 650/1/194 821/1/194 819/1/194
f 651/1/194 652/1/194 823/1/194
f 651/1/194 823/1/194 821/1/194
f 652/1/194 653/1/194 825/1/194
f 652/1/194 825/1/194 823/1/194
f 653/1/194 654/1/194 827/1/194
f 653/1/194 827/1/194 825/1/194
f 654/1/194 655/1/194 829/1/194
f 654/1/194 829/1/194 827/1/194
f 655/1/194 656/1/194 831/1/194
f 655/1/194 831/1/194 829/1/194
f 656/1/194 657/1/194 833/1/194
f 656/1/194 833/1/194 831/1/194
f 657/1/194 658/1/194 835/1/194
f 657/1/194 835/1/194 833/1/194
f 658/1/194 659/1/194 837/1/194
f 658/1/194 837/1/194 835/1/194
f 659/1/194 660/1/194 839/1/194
f 659/1/194 839/1/194 837/1/194
f 660/1/194 661/1/194 841/1/194
f 660/1/194 841/1/194 839/1/194
f 661/1/194 662/1/194 843/1/194
f 661/1/194 843/1/194 841/1/194
f 662/1/194 663/1/194 845/1/194
f 662/1/194 845/1/194 843/1/194
f 663/1/194 664/1/194 847/1/194
f 663/1/194 847/1/194 845/1/194
f 664/1/194 665/1/194 849/1/194
f 664/1/194 849/1/194 847/1/194
f 665/1/194 666/1/194 851/1/194
f 665/1/194 851/1/194 849/1/194
f 666/1/194 667/1/194 853/1/194
f 666/1/194 853/1/194 851/1/194
f 667/1/194 668/1/194 855/1/194
f 667/1/194 855/1/194 853/1/194
f 668/1/194 669/1/194 857/1/194
f 668/1/194 857/1/194 855/1/194
f 669/1/194 670/1/194 859/1/194
f 669/1/194 859/1/194 857/1/194
f 670/1/194 671/1/194 861/1/194
f 670/1/194 861/1/194 859/1/194
f 671/1/194 672/1/194 863/1/194
f 671/1/194 863/1/194 861/1/194
f 672/1/194 578/1/194 673/1/194
f 672/1/194 673/1/194 863/1/194
