# Authored in Blender; exported by tools-export-modern.py
mtllib materials.mtl
s off
v 0.469999999 0.000000000 0.000000000
v 0.079999998 0.400000006 0.000000000
v 0.079614781 0.400000006 0.007841371
v 0.467736810 0.000000000 0.046068057
v 0.078462824 0.400000006 0.015607226
v 0.460969090 0.000000000 0.091692448
v 0.076555230 0.400000006 0.023222774
v 0.449761957 0.000000000 0.136433795
v 0.073910363 0.400000006 0.030614674
v 0.434223384 0.000000000 0.179861218
v 0.070553698 0.400000006 0.037711740
v 0.414503008 0.000000000 0.221556470
v 0.066517569 0.400000006 0.044445619
v 0.390790731 0.000000000 0.261117995
v 0.061840836 0.400000006 0.050751463
v 0.363314927 0.000000000 0.298164845
v 0.056568541 0.400000006 0.056568541
v 0.332340181 0.000000000 0.332340181
v 0.050751463 0.400000006 0.061840836
v 0.298164845 0.000000000 0.363314927
v 0.044445619 0.400000006 0.066517569
v 0.261117995 0.000000000 0.390790731
v 0.037711740 0.400000006 0.070553698
v 0.221556470 0.000000000 0.414503008
v 0.030614674 0.400000006 0.073910363
v 0.179861218 0.000000000 0.434223384
v 0.023222774 0.400000006 0.076555230
v 0.136433795 0.000000000 0.449761957
v 0.015607226 0.400000006 0.078462824
v 0.091692448 0.000000000 0.460969090
v 0.007841371 0.400000006 0.079614781
v 0.046068057 0.000000000 0.467736810
v 0.000000000 0.400000006 0.079999998
v 0.000000000 0.000000000 0.469999999
v -0.007841371 0.400000006 0.079614781
v -0.046068057 0.000000000 0.467736810
v -0.015607226 0.400000006 0.078462824
v -0.091692448 0.000000000 0.460969090
v -0.023222774 0.400000006 0.076555230
v -0.136433795 0.000000000 0.449761957
v -0.030614674 0.400000006 0.073910363
v -0.179861218 0.000000000 0.434223384
v -0.037711740 0.400000006 0.070553698
v -0.221556470 0.000000000 0.414503008
v -0.044445619 0.400000006 0.066517569
v -0.261117995 0.000000000 0.390790731
v -0.050751463 0.400000006 0.061840836
v -0.298164845 0.000000000 0.363314927
v -0.056568541 0.400000006 0.056568541
v -0.332340181 0.000000000 0.332340181
v -0.061840836 0.400000006 0.050751463
v -0.363314927 0.000000000 0.298164845
v -0.066517569 0.400000006 0.044445619
v -0.390790731 0.000000000 0.261117995
v -0.070553698 0.400000006 0.037711740
v -0.414503008 0.000000000 0.221556470
v -0.073910363 0.400000006 0.030614674
v -0.434223384 0.000000000 0.179861218
v -0.076555230 0.400000006 0.023222774
v -0.449761957 0.000000000 0.136433795
v -0.078462824 0.400000006 0.015607226
v -0.460969090 0.000000000 0.091692448
v -0.079614781 0.400000006 0.007841371
v -0.467736810 0.000000000 0.046068057
v -0.079999998 0.400000006 0.000000000
v -0.469999999 0.000000000 0.000000000
v -0.079614781 0.400000006 -0.007841371
v -0.467736810 0.000000000 -0.046068057
v -0.078462824 0.400000006 -0.015607226
v -0.460969090 0.000000000 -0.091692448
v -0.076555230 0.400000006 -0.023222774
v -0.449761957 0.000000000 -0.136433795
v -0.073910363 0.400000006 -0.030614674
v -0.434223384 0.000000000 -0.179861218
v -0.070553698 0.400000006 -0.037711740
v -0.414503008 0.000000000 -0.221556470
v -0.066517569 0.400000006 -0.044445619
v -0.390790731 0.000000000 -0.261117995
v -0.061840836 0.400000006 -0.050751463
v -0.363314927 0.000000000 -0.298164845
v -0.056568541 0.400000006 -0.056568541
v -0.332340181 0.000000000 -0.332340181
v -0.050751463 0.400000006 -0.061840836
v -0.298164845 0.000000000 -0.363314927
v -0.044445619 0.400000006 -0.066517569
v -0.261117995 0.000000000 -0.390790731
v -0.037711740 0.400000006 -0.070553698
v -0.221556470 0.000000000 -0.414503008
v -0.030614674 0.400000006 -0.073910363
v -0.179861218 0.000000000 -0.434223384
v -0.023222774 0.400000006 -0.076555230
v -0.136433795 0.000000000 -0.449761957
v -0.015607226 0.400000006 -0.078462824
v -0.091692448 0.000000000 -0.460969090
v -0.007841371 0.400000006 -0.079614781
v -0.046068057 0.000000000 -0.467736810
v 0.000000000 0.400000006 -0.079999998
v 0.000000000 0.000000000 -0.469999999
v 0.007841371 0.400000006 -0.079614781
v 0.046068057 0.000000000 -0.467736810
v 0.015607226 0.400000006 -0.078462824
v 0.091692448 0.000000000 -0.460969090
v 0.023222774 0.400000006 -0.076555230
v 0.136433795 0.000000000 -0.449761957
v 0.030614674 0.400000006 -0.073910363
v 0.179861218 0.000000000 -0.434223384
v 0.037711740 0.400000006 -0.070553698
v 0.221556470 0.000000000 -0.414503008
v 0.044445619 0.400000006 -0.066517569
v 0.261117995 0.000000000 -0.390790731
v 0.050751463 0.400000006 -0.061840836
v 0.298164845 0.000000000 -0.363314927
v 0.056568541 0.400000006 -0.056568541
v 0.332340181 0.000000000 -0.332340181
v 0.061840836 0.400000006 -0.050751463
v 0.363314927 0.000000000 -0.298164845
v 0.066517569 0.400000006 -0.044445619
v 0.390790731 0.000000000 -0.261117995
v 0.070553698 0.400000006 -0.037711740
v 0.414503008 0.000000000 -0.221556470
v 0.073910363 0.400000006 -0.030614674
v 0.434223384 0.000000000 -0.179861218
v 0.076555230 0.400000006 -0.023222774
v 0.449761957 0.000000000 -0.136433795
v 0.078462824 0.400000006 -0.015607226
v 0.460969090 0.000000000 -0.091692448
v 0.079614781 0.400000006 -0.007841371
v 0.467736810 0.000000000 -0.046068057
v 0.000000000 0.000000000 -0.477999985
v -0.046852194 0.000000000 -0.475698292
v -0.046852194 0.064999998 -0.475698292
v 0.000000000 0.064999998 -0.477999985
v -0.093253173 0.000000000 -0.468815327
v -0.093253173 0.064999998 -0.468815327
v -0.138756067 0.000000000 -0.457417488
v -0.138756067 0.064999998 -0.457417488
v -0.182922676 0.000000000 -0.441614389
v -0.182922676 0.064999998 -0.441614389
v -0.225327641 0.000000000 -0.421558350
v -0.225327641 0.064999998 -0.421558350
v -0.265562564 0.000000000 -0.397442460
v -0.265562564 0.064999998 -0.397442460
v -0.303239971 0.000000000 -0.369498968
v -0.303239971 0.064999998 -0.369498968
v -0.337997019 0.000000000 -0.337997019
v -0.337997019 0.064999998 -0.337997019
v -0.369498968 0.000000000 -0.303239971
v -0.369498968 0.064999998 -0.303239971
v -0.397442460 0.000000000 -0.265562564
v -0.397442460 0.064999998 -0.265562564
v -0.421558350 0.000000000 -0.225327641
v -0.421558350 0.064999998 -0.225327641
v -0.441614389 0.000000000 -0.182922676
v -0.441614389 0.064999998 -0.182922676
v -0.457417488 0.000000000 -0.138756067
v -0.457417488 0.064999998 -0.138756067
v -0.468815327 0.000000000 -0.093253173
v -0.468815327 0.064999998 -0.093253173
v -0.475698292 0.000000000 -0.046852194
v -0.475698292 0.064999998 -0.046852194
v -0.477999985 0.000000000 0.000000000
v -0.477999985 0.064999998 0.000000000
v -0.475698292 0.000000000 0.046852194
v -0.475698292 0.064999998 0.046852194
v -0.468815327 0.000000000 0.093253173
v -0.468815327 0.064999998 0.093253173
v -0.457417488 0.000000000 0.138756067
v -0.457417488 0.064999998 0.138756067
v -0.441614389 0.000000000 0.182922676
v -0.441614389 0.064999998 0.182922676
v -0.421558350 0.000000000 0.225327641
v -0.421558350 0.064999998 0.225327641
v -0.397442460 0.000000000 0.265562564
v -0.397442460 0.064999998 0.265562564
v -0.369498968 0.000000000 0.303239971
v -0.369498968 0.064999998 0.303239971
v -0.337997019 0.000000000 0.337997019
v -0.337997019 0.064999998 0.337997019
v -0.303239971 0.000000000 0.369498968
v -0.303239971 0.064999998 0.369498968
v -0.265562564 0.000000000 0.397442460
v -0.265562564 0.064999998 0.397442460
v -0.225327641 0.000000000 0.421558350
v -0.225327641 0.064999998 0.421558350
v -0.182922676 0.000000000 0.441614389
v -0.182922676 0.064999998 0.441614389
v -0.138756067 0.000000000 0.457417488
v -0.138756067 0.064999998 0.457417488
v -0.093253173 0.000000000 0.468815327
v -0.093253173 0.064999998 0.468815327
v -0.046852194 0.000000000 0.475698292
v -0.046852194 0.064999998 0.475698292
v 0.000000000 0.000000000 0.477999985
v 0.000000000 0.064999998 0.477999985
v 0.046852194 0.000000000 0.475698292
v 0.046852194 0.064999998 0.475698292
v 0.093253173 0.000000000 0.468815327
v 0.093253173 0.064999998 0.468815327
v 0.138756067 0.000000000 0.457417488
v 0.138756067 0.064999998 0.457417488
v 0.182922676 0.000000000 0.441614389
v 0.182922676 0.064999998 0.441614389
v 0.225327641 0.000000000 0.421558350
v 0.225327641 0.064999998 0.421558350
v 0.265562564 0.000000000 0.397442460
v 0.265562564 0.064999998 0.397442460
v 0.303239971 0.000000000 0.369498968
v 0.303239971 0.064999998 0.369498968
v 0.337997019 0.000000000 0.337997019
v 0.337997019 0.064999998 0.337997019
v 0.369498968 0.000000000 0.303239971
v 0.369498968 0.064999998 0.303239971
v 0.397442460 0.000000000 0.265562564
v 0.397442460 0.064999998 0.265562564
v 0.421558350 0.000000000 0.225327641
v 0.421558350 0.064999998 0.225327641
v 0.441614389 0.000000000 0.182922676
v 0.441614389 0.064999998 0.182922676
v 0.457417488 0.000000000 0.138756067
v 0.457417488 0.064999998 0.138756067
v 0.468815327 0.000000000 0.093253173
v 0.468815327 0.064999998 0.093253173
v 0.475698292 0.000000000 0.046852194
v 0.475698292 0.064999998 0.046852194
v 0.477999985 0.000000000 0.000000000
v 0.477999985 0.064999998 0.000000000
v 0.475698292 0.000000000 -0.046852194
v 0.475698292 0.064999998 -0.046852194
v 0.468815327 0.000000000 -0.093253173
v 0.468815327 0.064999998 -0.093253173
v 0.457417488 0.000000000 -0.138756067
v 0.457417488 0.064999998 -0.138756067
v 0.441614389 0.000000000 -0.182922676
v 0.441614389 0.064999998 -0.182922676
v 0.421558350 0.000000000 -0.225327641
v 0.421558350 0.064999998 -0.225327641
v 0.397442460 0.000000000 -0.265562564
v 0.397442460 0.064999998 -0.265562564
v 0.369498968 0.000000000 -0.303239971
v 0.369498968 0.064999998 -0.303239971
v 0.337997019 0.000000000 -0.337997019
v 0.337997019 0.064999998 -0.337997019
v 0.303239971 0.000000000 -0.369498968
v 0.303239971 0.064999998 -0.369498968
v 0.265562564 0.000000000 -0.397442460
v 0.265562564 0.064999998 -0.397442460
v 0.225327641 0.000000000 -0.421558350
v 0.225327641 0.064999998 -0.421558350
v 0.182922676 0.000000000 -0.441614389
v 0.182922676 0.064999998 -0.441614389
v 0.138756067 0.000000000 -0.457417488
v 0.138756067 0.064999998 -0.457417488
v 0.093253173 0.000000000 -0.468815327
v 0.093253173 0.064999998 -0.468815327
v 0.046852194 0.000000000 -0.475698292
v 0.046852194 0.064999998 -0.475698292
v -0.044695817 0.064999998 -0.453804225
v 0.000000000 0.064999998 -0.456000000
v -0.088961184 0.064999998 -0.447238088
v -0.132369801 0.064999998 -0.436364800
v -0.174503639 0.064999998 -0.421289057
v -0.214956909 0.064999998 -0.402156115
v -0.253340036 0.064999998 -0.379150122
v -0.289283335 0.064999998 -0.352492750
v -0.322440684 0.064999998 -0.322440684
v -0.352492750 0.064999998 -0.289283335
v -0.379150122 0.064999998 -0.253340036
v -0.402156115 0.064999998 -0.214956909
v -0.421289057 0.064999998 -0.174503639
v -0.436364800 0.064999998 -0.132369801
v -0.447238088 0.064999998 -0.088961184
v -0.453804225 0.064999998 -0.044695817
v -0.456000000 0.064999998 0.000000000
v -0.453804225 0.064999998 0.044695817
v -0.447238088 0.064999998 0.088961184
v -0.436364800 0.064999998 0.132369801
v -0.421289057 0.064999998 0.174503639
v -0.402156115 0.064999998 0.214956909
v -0.379150122 0.064999998 0.253340036
v -0.352492750 0.064999998 0.289283335
v -0.322440684 0.064999998 0.322440684
v -0.289283335 0.064999998 0.352492750
v -0.253340036 0.064999998 0.379150122
v -0.214956909 0.064999998 0.402156115
v -0.174503639 0.064999998 0.421289057
v -0.132369801 0.064999998 0.436364800
v -0.088961184 0.064999998 0.447238088
v -0.044695817 0.064999998 0.453804225
v 0.000000000 0.064999998 0.456000000
v 0.044695817 0.064999998 0.453804225
v 0.088961184 0.064999998 0.447238088
v 0.132369801 0.064999998 0.436364800
v 0.174503639 0.064999998 0.421289057
v 0.214956909 0.064999998 0.402156115
v 0.253340036 0.064999998 0.379150122
v 0.289283335 0.064999998 0.352492750
v 0.322440684 0.064999998 0.322440684
v 0.352492750 0.064999998 0.289283335
v 0.379150122 0.064999998 0.253340036
v 0.402156115 0.064999998 0.214956909
v 0.421289057 0.064999998 0.174503639
v 0.436364800 0.064999998 0.132369801
v 0.447238088 0.064999998 0.088961184
v 0.453804225 0.064999998 0.044695817
v 0.456000000 0.064999998 0.000000000
v 0.453804225 0.064999998 -0.044695817
v 0.447238088 0.064999998 -0.088961184
v 0.436364800 0.064999998 -0.132369801
v 0.421289057 0.064999998 -0.174503639
v 0.402156115 0.064999998 -0.214956909
v 0.379150122 0.064999998 -0.253340036
v 0.352492750 0.064999998 -0.289283335
v 0.322440684 0.064999998 -0.322440684
v 0.289283335 0.064999998 -0.352492750
v 0.253340036 0.064999998 -0.379150122
v 0.214956909 0.064999998 -0.402156115
v 0.174503639 0.064999998 -0.421289057
v 0.132369801 0.064999998 -0.436364800
v 0.088961184 0.064999998 -0.447238088
v 0.044695817 0.064999998 -0.453804225
v -0.044695817 0.000000000 -0.453804225
v 0.000000000 0.000000000 -0.456000000
v -0.088961184 0.000000000 -0.447238088
v -0.132369801 0.000000000 -0.436364800
v -0.174503639 0.000000000 -0.421289057
v -0.214956909 0.000000000 -0.402156115
v -0.253340036 0.000000000 -0.379150122
v -0.289283335 0.000000000 -0.352492750
v -0.322440684 0.000000000 -0.322440684
v -0.352492750 0.000000000 -0.289283335
v -0.379150122 0.000000000 -0.253340036
v -0.402156115 0.000000000 -0.214956909
v -0.421289057 0.000000000 -0.174503639
v -0.436364800 0.000000000 -0.132369801
v -0.447238088 0.000000000 -0.088961184
v -0.453804225 0.000000000 -0.044695817
v -0.456000000 0.000000000 0.000000000
v -0.453804225 0.000000000 0.044695817
v -0.447238088 0.000000000 0.088961184
v -0.436364800 0.000000000 0.132369801
v -0.421289057 0.000000000 0.174503639
v -0.402156115 0.000000000 0.214956909
v -0.379150122 0.000000000 0.253340036
v -0.352492750 0.000000000 0.289283335
v -0.322440684 0.000000000 0.322440684
v -0.289283335 0.000000000 0.352492750
v -0.253340036 0.000000000 0.379150122
v -0.214956909 0.000000000 0.402156115
v -0.174503639 0.000000000 0.421289057
v -0.132369801 0.000000000 0.436364800
v -0.088961184 0.000000000 0.447238088
v -0.044695817 0.000000000 0.453804225
v 0.000000000 0.000000000 0.456000000
v 0.044695817 0.000000000 0.453804225
v 0.088961184 0.000000000 0.447238088
v 0.132369801 0.000000000 0.436364800
v 0.174503639 0.000000000 0.421289057
v 0.214956909 0.000000000 0.402156115
v 0.253340036 0.000000000 0.379150122
v 0.289283335 0.000000000 0.352492750
v 0.322440684 0.000000000 0.322440684
v 0.352492750 0.000000000 0.289283335
v 0.379150122 0.000000000 0.253340036
v 0.402156115 0.000000000 0.214956909
v 0.421289057 0.000000000 0.174503639
v 0.436364800 0.000000000 0.132369801
v 0.447238088 0.000000000 0.088961184
v 0.453804225 0.000000000 0.044695817
v 0.456000000 0.000000000 0.000000000
v 0.453804225 0.000000000 -0.044695817
v 0.447238088 0.000000000 -0.088961184
v 0.436364800 0.000000000 -0.132369801
v 0.421289057 0.000000000 -0.174503639
v 0.402156115 0.000000000 -0.214956909
v 0.379150122 0.000000000 -0.253340036
v 0.352492750 0.000000000 -0.289283335
v 0.322440684 0.000000000 -0.322440684
v 0.289283335 0.000000000 -0.352492750
v 0.253340036 0.000000000 -0.379150122
v 0.214956909 0.000000000 -0.402156115
v 0.174503639 0.000000000 -0.421289057
v 0.132369801 0.000000000 -0.436364800
v 0.088961184 0.000000000 -0.447238088
v 0.044695817 0.000000000 -0.453804225
v 0.000000000 0.400000006 -0.085000001
v 0.021999618 0.400000006 -0.082103692
v 0.042500000 0.400000006 -0.073612161
v 0.060104076 0.400000006 -0.060104076
v 0.073612161 0.400000006 -0.042500000
v 0.082103692 0.400000006 -0.021999618
v 0.085000001 0.400000006 0.000000000
v 0.082103692 0.400000006 0.021999618
v 0.073612161 0.400000006 0.042500000
v 0.060104076 0.400000006 0.060104076
v 0.042500000 0.400000006 0.073612161
v 0.021999618 0.400000006 0.082103692
v 0.000000000 0.400000006 0.085000001
v -0.021999618 0.400000006 0.082103692
v -0.042500000 0.400000006 0.073612161
v -0.060104076 0.400000006 0.060104076
v -0.073612161 0.400000006 0.042500000
v -0.082103692 0.400000006 0.021999618
v -0.085000001 0.400000006 0.000000000
v -0.082103692 0.400000006 -0.021999618
v -0.073612161 0.400000006 -0.042500000
v -0.060104076 0.400000006 -0.060104076
v -0.042500000 0.400000006 -0.073612161
v -0.021999618 0.400000006 -0.082103692
v 0.021999618 0.479999989 -0.082103692
v 0.000000000 0.479999989 -0.085000001
v -0.021999618 0.479999989 -0.082103692
v -0.042500000 0.479999989 -0.073612161
v -0.060104076 0.479999989 -0.060104076
v -0.073612161 0.479999989 -0.042500000
v -0.082103692 0.479999989 -0.021999618
v -0.085000001 0.479999989 0.000000000
v -0.082103692 0.479999989 0.021999618
v -0.073612161 0.479999989 0.042500000
v -0.060104076 0.479999989 0.060104076
v -0.042500000 0.479999989 0.073612161
v -0.021999618 0.479999989 0.082103692
v 0.000000000 0.479999989 0.085000001
v 0.021999618 0.479999989 0.082103692
v 0.042500000 0.479999989 0.073612161
v 0.060104076 0.479999989 0.060104076
v 0.073612161 0.479999989 0.042500000
v 0.082103692 0.479999989 0.021999618
v 0.085000001 0.479999989 0.000000000
v 0.082103692 0.479999989 -0.021999618
v 0.073612161 0.479999989 -0.042500000
v 0.060104076 0.479999989 -0.060104076
v 0.042500000 0.479999989 -0.073612161
v 0.000000000 0.479999989 -0.025000000
v 0.009567086 0.479999989 -0.023096988
v 0.017677670 0.479999989 -0.017677670
v 0.023096988 0.479999989 -0.009567086
v 0.025000000 0.479999989 0.000000000
v 0.023096988 0.479999989 0.009567086
v 0.017677670 0.479999989 0.017677670
v 0.009567086 0.479999989 0.023096988
v 0.000000000 0.479999989 0.025000000
v -0.009567086 0.479999989 0.023096988
v -0.017677670 0.479999989 0.017677670
v -0.023096988 0.479999989 0.009567086
v -0.025000000 0.479999989 0.000000000
v -0.023096988 0.479999989 -0.009567086
v -0.017677670 0.479999989 -0.017677670
v -0.009567086 0.479999989 -0.023096988
v 0.009567086 1.039999962 -0.023096988
v 0.000000000 1.039999962 -0.025000000
v -0.009567086 1.039999962 -0.023096988
v -0.017677670 1.039999962 -0.017677670
v -0.023096988 1.039999962 -0.009567086
v -0.025000000 1.039999962 0.000000000
v -0.023096988 1.039999962 0.009567086
v -0.017677670 1.039999962 0.017677670
v -0.009567086 1.039999962 0.023096988
v 0.000000000 1.039999962 0.025000000
v 0.009567086 1.039999962 0.023096988
v 0.017677670 1.039999962 0.017677670
v 0.023096988 1.039999962 0.009567086
v 0.025000000 1.039999962 0.000000000
v 0.023096988 1.039999962 -0.009567086
v 0.017677670 1.039999962 -0.017677670
v 0.000000000 1.039999962 -0.045000002
v 0.011646857 1.039999962 -0.043466665
v 0.022500001 1.039999962 -0.038971145
v 0.031819806 1.039999962 -0.031819806
v 0.038971145 1.039999962 -0.022500001
v 0.043466665 1.039999962 -0.011646857
v 0.045000002 1.039999962 0.000000000
v 0.043466665 1.039999962 0.011646857
v 0.038971145 1.039999962 0.022500001
v 0.031819806 1.039999962 0.031819806
v 0.022500001 1.039999962 0.038971145
v 0.011646857 1.039999962 0.043466665
v 0.000000000 1.039999962 0.045000002
v -0.011646857 1.039999962 0.043466665
v -0.022500001 1.039999962 0.038971145
v -0.031819806 1.039999962 0.031819806
v -0.038971145 1.039999962 0.022500001
v -0.043466665 1.039999962 0.011646857
v -0.045000002 1.039999962 0.000000000
v -0.043466665 1.039999962 -0.011646857
v -0.038971145 1.039999962 -0.022500001
v -0.031819806 1.039999962 -0.031819806
v -0.022500001 1.039999962 -0.038971145
v -0.011646857 1.039999962 -0.043466665
v 0.011646857 1.100000024 -0.043466665
v 0.000000000 1.100000024 -0.045000002
v -0.011646857 1.100000024 -0.043466665
v -0.022500001 1.100000024 -0.038971145
v -0.031819806 1.100000024 -0.031819806
v -0.038971145 1.100000024 -0.022500001
v -0.043466665 1.100000024 -0.011646857
v -0.045000002 1.100000024 0.000000000
v -0.043466665 1.100000024 0.011646857
v -0.038971145 1.100000024 0.022500001
v -0.031819806 1.100000024 0.031819806
v -0.022500001 1.100000024 0.038971145
v -0.011646857 1.100000024 0.043466665
v 0.000000000 1.100000024 0.045000002
v 0.011646857 1.100000024 0.043466665
v 0.022500001 1.100000024 0.038971145
v 0.031819806 1.100000024 0.031819806
v 0.038971145 1.100000024 0.022500001
v 0.043466665 1.100000024 0.011646857
v 0.045000002 1.100000024 0.000000000
v 0.043466665 1.100000024 -0.011646857
v 0.038971145 1.100000024 -0.022500001
v 0.031819806 1.100000024 -0.031819806
v 0.022500001 1.100000024 -0.038971145
v 0.437999994 0.029999999 -0.002500000
v 0.440165043 0.029999999 -0.001250000
v 0.440165043 0.029999999 0.001250000
v 0.437999994 0.029999999 0.002500000
v 0.435834944 0.029999999 0.001250000
v 0.435834944 0.029999999 -0.001250000
v 0.440165043 0.910000026 -0.001250000
v 0.437999994 0.910000026 -0.002500000
v 0.435834944 0.910000026 -0.001250000
v 0.435834944 0.910000026 0.001250000
v 0.437999994 0.910000026 0.002500000
v 0.440165043 0.910000026 0.001250000
v 0.423075497 0.029999999 0.110862747
v 0.425240546 0.029999999 0.112112746
v 0.425240546 0.029999999 0.114612743
v 0.423075497 0.029999999 0.115862742
v 0.420910448 0.029999999 0.114612743
v 0.420910448 0.029999999 0.112112746
v 0.425240546 0.910000026 0.112112746
v 0.423075497 0.910000026 0.110862747
v 0.420910448 0.910000026 0.112112746
v 0.420910448 0.910000026 0.114612743
v 0.423075497 0.910000026 0.115862742
v 0.425240546 0.910000026 0.114612743
v 0.379319131 0.029999999 0.216499999
v 0.381484181 0.029999999 0.217749998
v 0.381484181 0.029999999 0.220249996
v 0.379319131 0.029999999 0.221499994
v 0.377154082 0.029999999 0.220249996
v 0.377154082 0.029999999 0.217749998
v 0.381484181 0.910000026 0.217749998
v 0.379319131 0.910000026 0.216499999
v 0.377154082 0.910000026 0.217749998
v 0.377154082 0.910000026 0.220249996
v 0.379319131 0.910000026 0.221499994
v 0.381484181 0.910000026 0.220249996
v 0.309712768 0.029999999 0.307212770
v 0.311877817 0.029999999 0.308462769
v 0.311877817 0.029999999 0.310962766
v 0.309712768 0.029999999 0.312212765
v 0.307547718 0.029999999 0.310962766
v 0.307547718 0.029999999 0.308462769
v 0.311877817 0.910000026 0.308462769
v 0.309712768 0.910000026 0.307212770
v 0.307547718 0.910000026 0.308462769
v 0.307547718 0.910000026 0.310962766
v 0.309712768 0.910000026 0.312212765
v 0.311877817 0.910000026 0.310962766
v 0.218999997 0.029999999 0.376819134
v 0.221165061 0.029999999 0.378069133
v 0.221165061 0.029999999 0.380569130
v 0.218999997 0.029999999 0.381819129
v 0.216834933 0.029999999 0.380569130
v 0.216834933 0.029999999 0.378069133
v 0.221165061 0.910000026 0.378069133
v 0.218999997 0.910000026 0.376819134
v 0.216834933 0.910000026 0.378069133
v 0.216834933 0.910000026 0.380569130
v 0.218999997 0.910000026 0.381819129
v 0.221165061 0.910000026 0.380569130
v 0.113362744 0.029999999 0.420575500
v 0.115527809 0.029999999 0.421825498
v 0.115527809 0.029999999 0.424325496
v 0.113362744 0.029999999 0.425575495
v 0.111197680 0.029999999 0.424325496
v 0.111197680 0.029999999 0.421825498
v 0.115527809 0.910000026 0.421825498
v 0.113362744 0.910000026 0.420575500
v 0.111197680 0.910000026 0.421825498
v 0.111197680 0.910000026 0.424325496
v 0.113362744 0.910000026 0.425575495
v 0.115527809 0.910000026 0.424325496
v 0.000000000 0.029999999 0.435499996
v 0.002165064 0.029999999 0.436749995
v 0.002165064 0.029999999 0.439249992
v 0.000000000 0.029999999 0.440499991
v -0.002165064 0.029999999 0.439249992
v -0.002165064 0.029999999 0.436749995
v 0.002165064 0.910000026 0.436749995
v 0.000000000 0.910000026 0.435499996
v -0.002165064 0.910000026 0.436749995
v -0.002165064 0.910000026 0.439249992
v 0.000000000 0.910000026 0.440499991
v 0.002165064 0.910000026 0.439249992
v -0.113362744 0.029999999 0.420575500
v -0.111197680 0.029999999 0.421825498
v -0.111197680 0.029999999 0.424325496
v -0.113362744 0.029999999 0.425575495
v -0.115527809 0.029999999 0.424325496
v -0.115527809 0.029999999 0.421825498
v -0.111197680 0.910000026 0.421825498
v -0.113362744 0.910000026 0.420575500
v -0.115527809 0.910000026 0.421825498
v -0.115527809 0.910000026 0.424325496
v -0.113362744 0.910000026 0.425575495
v -0.111197680 0.910000026 0.424325496
v -0.218999997 0.029999999 0.376819134
v -0.216834933 0.029999999 0.378069133
v -0.216834933 0.029999999 0.380569130
v -0.218999997 0.029999999 0.381819129
v -0.221165061 0.029999999 0.380569130
v -0.221165061 0.029999999 0.378069133
v -0.216834933 0.910000026 0.378069133
v -0.218999997 0.910000026 0.376819134
v -0.221165061 0.910000026 0.378069133
v -0.221165061 0.910000026 0.380569130
v -0.218999997 0.910000026 0.381819129
v -0.216834933 0.910000026 0.380569130
v -0.309712768 0.029999999 0.307212770
v -0.307547718 0.029999999 0.308462769
v -0.307547718 0.029999999 0.310962766
v -0.309712768 0.029999999 0.312212765
v -0.311877817 0.029999999 0.310962766
v -0.311877817 0.029999999 0.308462769
v -0.307547718 0.910000026 0.308462769
v -0.309712768 0.910000026 0.307212770
v -0.311877817 0.910000026 0.308462769
v -0.311877817 0.910000026 0.310962766
v -0.309712768 0.910000026 0.312212765
v -0.307547718 0.910000026 0.310962766
v -0.379319131 0.029999999 0.216499999
v -0.377154082 0.029999999 0.217749998
v -0.377154082 0.029999999 0.220249996
v -0.379319131 0.029999999 0.221499994
v -0.381484181 0.029999999 0.220249996
v -0.381484181 0.029999999 0.217749998
v -0.377154082 0.910000026 0.217749998
v -0.379319131 0.910000026 0.216499999
v -0.381484181 0.910000026 0.217749998
v -0.381484181 0.910000026 0.220249996
v -0.379319131 0.910000026 0.221499994
v -0.377154082 0.910000026 0.220249996
v -0.423075497 0.029999999 0.110862747
v -0.420910448 0.029999999 0.112112746
v -0.420910448 0.029999999 0.114612743
v -0.423075497 0.029999999 0.115862742
v -0.425240546 0.029999999 0.114612743
v -0.425240546 0.029999999 0.112112746
v -0.420910448 0.910000026 0.112112746
v -0.423075497 0.910000026 0.110862747
v -0.425240546 0.910000026 0.112112746
v -0.425240546 0.910000026 0.114612743
v -0.423075497 0.910000026 0.115862742
v -0.420910448 0.910000026 0.114612743
v -0.437999994 0.029999999 -0.002500000
v -0.435834944 0.029999999 -0.001250000
v -0.435834944 0.029999999 0.001250000
v -0.437999994 0.029999999 0.002500000
v -0.440165043 0.029999999 0.001250000
v -0.440165043 0.029999999 -0.001250000
v -0.435834944 0.910000026 -0.001250000
v -0.437999994 0.910000026 -0.002500000
v -0.440165043 0.910000026 -0.001250000
v -0.440165043 0.910000026 0.001250000
v -0.437999994 0.910000026 0.002500000
v -0.435834944 0.910000026 0.001250000
v -0.423075497 0.029999999 -0.115862742
v -0.420910448 0.029999999 -0.114612743
v -0.420910448 0.029999999 -0.112112746
v -0.423075497 0.029999999 -0.110862747
v -0.425240546 0.029999999 -0.112112746
v -0.425240546 0.029999999 -0.114612743
v -0.420910448 0.910000026 -0.114612743
v -0.423075497 0.910000026 -0.115862742
v -0.425240546 0.910000026 -0.114612743
v -0.425240546 0.910000026 -0.112112746
v -0.423075497 0.910000026 -0.110862747
v -0.420910448 0.910000026 -0.112112746
v -0.379319131 0.029999999 -0.221499994
v -0.377154082 0.029999999 -0.220249996
v -0.377154082 0.029999999 -0.217749998
v -0.379319131 0.029999999 -0.216499999
v -0.381484181 0.029999999 -0.217749998
v -0.381484181 0.029999999 -0.220249996
v -0.377154082 0.910000026 -0.220249996
v -0.379319131 0.910000026 -0.221499994
v -0.381484181 0.910000026 -0.220249996
v -0.381484181 0.910000026 -0.217749998
v -0.379319131 0.910000026 -0.216499999
v -0.377154082 0.910000026 -0.217749998
v -0.309712768 0.029999999 -0.312212765
v -0.307547718 0.029999999 -0.310962766
v -0.307547718 0.029999999 -0.308462769
v -0.309712768 0.029999999 -0.307212770
v -0.311877817 0.029999999 -0.308462769
v -0.311877817 0.029999999 -0.310962766
v -0.307547718 0.910000026 -0.310962766
v -0.309712768 0.910000026 -0.312212765
v -0.311877817 0.910000026 -0.310962766
v -0.311877817 0.910000026 -0.308462769
v -0.309712768 0.910000026 -0.307212770
v -0.307547718 0.910000026 -0.308462769
v -0.218999997 0.029999999 -0.381819129
v -0.216834933 0.029999999 -0.380569130
v -0.216834933 0.029999999 -0.378069133
v -0.218999997 0.029999999 -0.376819134
v -0.221165061 0.029999999 -0.378069133
v -0.221165061 0.029999999 -0.380569130
v -0.216834933 0.910000026 -0.380569130
v -0.218999997 0.910000026 -0.381819129
v -0.221165061 0.910000026 -0.380569130
v -0.221165061 0.910000026 -0.378069133
v -0.218999997 0.910000026 -0.376819134
v -0.216834933 0.910000026 -0.378069133
v -0.113362744 0.029999999 -0.425575495
v -0.111197680 0.029999999 -0.424325496
v -0.111197680 0.029999999 -0.421825498
v -0.113362744 0.029999999 -0.420575500
v -0.115527809 0.029999999 -0.421825498
v -0.115527809 0.029999999 -0.424325496
v -0.111197680 0.910000026 -0.424325496
v -0.113362744 0.910000026 -0.425575495
v -0.115527809 0.910000026 -0.424325496
v -0.115527809 0.910000026 -0.421825498
v -0.113362744 0.910000026 -0.420575500
v -0.111197680 0.910000026 -0.421825498
v 0.000000000 0.029999999 -0.440499991
v 0.002165064 0.029999999 -0.439249992
v 0.002165064 0.029999999 -0.436749995
v 0.000000000 0.029999999 -0.435499996
v -0.002165064 0.029999999 -0.436749995
v -0.002165064 0.029999999 -0.439249992
v 0.002165064 0.910000026 -0.439249992
v 0.000000000 0.910000026 -0.440499991
v -0.002165064 0.910000026 -0.439249992
v -0.002165064 0.910000026 -0.436749995
v 0.000000000 0.910000026 -0.435499996
v 0.002165064 0.910000026 -0.436749995
v 0.113362744 0.029999999 -0.425575495
v 0.115527809 0.029999999 -0.424325496
v 0.115527809 0.029999999 -0.421825498
v 0.113362744 0.029999999 -0.420575500
v 0.111197680 0.029999999 -0.421825498
v 0.111197680 0.029999999 -0.424325496
v 0.115527809 0.910000026 -0.424325496
v 0.113362744 0.910000026 -0.425575495
v 0.111197680 0.910000026 -0.424325496
v 0.111197680 0.910000026 -0.421825498
v 0.113362744 0.910000026 -0.420575500
v 0.115527809 0.910000026 -0.421825498
v 0.218999997 0.029999999 -0.381819129
v 0.221165061 0.029999999 -0.380569130
v 0.221165061 0.029999999 -0.378069133
v 0.218999997 0.029999999 -0.376819134
v 0.216834933 0.029999999 -0.378069133
v 0.216834933 0.029999999 -0.380569130
v 0.221165061 0.910000026 -0.380569130
v 0.218999997 0.910000026 -0.381819129
v 0.216834933 0.910000026 -0.380569130
v 0.216834933 0.910000026 -0.378069133
v 0.218999997 0.910000026 -0.376819134
v 0.221165061 0.910000026 -0.378069133
v 0.309712768 0.029999999 -0.312212765
v 0.311877817 0.029999999 -0.310962766
v 0.311877817 0.029999999 -0.308462769
v 0.309712768 0.029999999 -0.307212770
v 0.307547718 0.029999999 -0.308462769
v 0.307547718 0.029999999 -0.310962766
v 0.311877817 0.910000026 -0.310962766
v 0.309712768 0.910000026 -0.312212765
v 0.307547718 0.910000026 -0.310962766
v 0.307547718 0.910000026 -0.308462769
v 0.309712768 0.910000026 -0.307212770
v 0.311877817 0.910000026 -0.308462769
v 0.379319131 0.029999999 -0.221499994
v 0.381484181 0.029999999 -0.220249996
v 0.381484181 0.029999999 -0.217749998
v 0.379319131 0.029999999 -0.216499999
v 0.377154082 0.029999999 -0.217749998
v 0.377154082 0.029999999 -0.220249996
v 0.381484181 0.910000026 -0.220249996
v 0.379319131 0.910000026 -0.221499994
v 0.377154082 0.910000026 -0.220249996
v 0.377154082 0.910000026 -0.217749998
v 0.379319131 0.910000026 -0.216499999
v 0.381484181 0.910000026 -0.217749998
v 0.423075497 0.029999999 -0.115862742
v 0.425240546 0.029999999 -0.114612743
v 0.425240546 0.029999999 -0.112112746
v 0.423075497 0.029999999 -0.110862747
v 0.420910448 0.029999999 -0.112112746
v 0.420910448 0.029999999 -0.114612743
v 0.425240546 0.910000026 -0.114612743
v 0.423075497 0.910000026 -0.115862742
v 0.420910448 0.910000026 -0.114612743
v 0.420910448 0.910000026 -0.112112746
v 0.423075497 0.910000026 -0.110862747
v 0.425240546 0.910000026 -0.112112746
v 0.431008428 0.479999989 -0.000343472
v 0.434504211 0.473937809 -0.000171736
v 0.432407767 0.473937809 0.042588450
v 0.428924620 0.479999989 0.042245392
v 0.441495776 0.473937809 0.000171736
v 0.439374059 0.473937809 0.043274567
v 0.444991559 0.479999989 0.000343472
v 0.442857206 0.479999989 0.043617625
v 0.441495776 0.486062169 0.000171736
v 0.439374059 0.486062169 0.043274567
v 0.434504211 0.486062169 -0.000171736
v 0.432407767 0.486062169 0.042588450
v 0.426151216 0.473937809 0.084766746
v 0.422718465 0.479999989 0.084083930
v 0.433016717 0.473937809 0.086132377
v 0.436449468 0.479999989 0.086815193
v 0.433016717 0.486062169 0.086132377
v 0.426151216 0.486062169 0.084766746
v 0.415790558 0.473937809 0.126128703
v 0.412441283 0.479999989 0.125112697
v 0.422489166 0.473937809 0.128160685
v 0.425838441 0.479999989 0.129176691
v 0.422489166 0.486062169 0.128160685
v 0.415790558 0.486062169 0.126128703
v 0.401425660 0.473937809 0.166275948
v 0.398192078 0.479999989 0.164936557
v 0.407892823 0.473937809 0.168954730
v 0.411126405 0.479999989 0.170294121
v 0.407892823 0.486062169 0.168954730
v 0.401425660 0.486062169 0.166275948
v 0.383194804 0.473937809 0.204821885
v 0.380108058 0.479999989 0.203171998
v 0.389368236 0.473937809 0.208121657
v 0.392454982 0.479999989 0.209771544
v 0.389368236 0.486062169 0.208121657
v 0.383194804 0.486062169 0.204821885
v 0.361273557 0.473937809 0.241395265
v 0.358363420 0.479999989 0.239450768
v 0.367093831 0.473937809 0.245284259
v 0.370003968 0.479999989 0.247228757
v 0.367093831 0.486062169 0.245284259
v 0.361273557 0.486062169 0.241395265
v 0.335873038 0.473937809 0.275643885
v 0.333167523 0.479999989 0.273423493
v 0.341284126 0.473937809 0.280084610
v 0.343989640 0.479999989 0.282305002
v 0.341284126 0.486062169 0.280084610
v 0.335873038 0.486062169 0.275643885
v 0.307237893 0.473937809 0.307237893
v 0.304763019 0.479999989 0.304763019
v 0.312187642 0.473937809 0.312187642
v 0.314662516 0.479999989 0.314662516
v 0.312187642 0.486062169 0.312187642
v 0.307237893 0.486062169 0.307237893
v 0.275643885 0.473937809 0.335873038
v 0.273423493 0.479999989 0.333167523
v 0.280084610 0.473937809 0.341284126
v 0.282305002 0.479999989 0.343989640
v 0.280084610 0.486062169 0.341284126
v 0.275643885 0.486062169 0.335873038
v 0.241395265 0.473937809 0.361273557
v 0.239450768 0.479999989 0.358363420
v 0.245284259 0.473937809 0.367093831
v 0.247228757 0.479999989 0.370003968
v 0.245284259 0.486062169 0.367093831
v 0.241395265 0.486062169 0.361273557
v 0.204821885 0.473937809 0.383194804
v 0.203171998 0.479999989 0.380108058
v 0.208121657 0.473937809 0.389368236
v 0.209771544 0.479999989 0.392454982
v 0.208121657 0.486062169 0.389368236
v 0.204821885 0.486062169 0.383194804
v 0.166275948 0.473937809 0.401425660
v 0.164936557 0.479999989 0.398192078
v 0.168954730 0.473937809 0.407892823
v 0.170294121 0.479999989 0.411126405
v 0.168954730 0.486062169 0.407892823
v 0.166275948 0.486062169 0.401425660
v 0.126128703 0.473937809 0.415790558
v 0.125112697 0.479999989 0.412441283
v 0.128160685 0.473937809 0.422489166
v 0.129176691 0.479999989 0.425838441
v 0.128160685 0.486062169 0.422489166
v 0.126128703 0.486062169 0.415790558
v 0.084766746 0.473937809 0.426151216
v 0.084083930 0.479999989 0.422718465
v 0.086132377 0.473937809 0.433016717
v 0.086815193 0.479999989 0.436449468
v 0.086132377 0.486062169 0.433016717
v 0.084766746 0.486062169 0.426151216
v 0.042588450 0.473937809 0.432407767
v 0.042245392 0.479999989 0.428924620
v 0.043274567 0.473937809 0.439374059
v 0.043617625 0.479999989 0.442857206
v 0.043274567 0.486062169 0.439374059
v 0.042588450 0.486062169 0.432407767
v 0.000000000 0.473937809 0.434499979
v 0.000000000 0.479999989 0.430999994
v 0.000000000 0.473937809 0.441500008
v 0.000000000 0.479999989 0.444999993
v 0.000000000 0.486062169 0.441500008
v 0.000000000 0.486062169 0.434499979
v -0.042588450 0.473937809 0.432407767
v -0.042245392 0.479999989 0.428924620
v -0.043274567 0.473937809 0.439374059
v -0.043617625 0.479999989 0.442857206
v -0.043274567 0.486062169 0.439374059
v -0.042588450 0.486062169 0.432407767
v -0.084766746 0.473937809 0.426151216
v -0.084083930 0.479999989 0.422718465
v -0.086132377 0.473937809 0.433016717
v -0.086815193 0.479999989 0.436449468
v -0.086132377 0.486062169 0.433016717
v -0.084766746 0.486062169 0.426151216
v -0.126128703 0.473937809 0.415790558
v -0.125112697 0.479999989 0.412441283
v -0.128160685 0.473937809 0.422489166
v -0.129176691 0.479999989 0.425838441
v -0.128160685 0.486062169 0.422489166
v -0.126128703 0.486062169 0.415790558
v -0.166275948 0.473937809 0.401425660
v -0.164936557 0.479999989 0.398192078
v -0.168954730 0.473937809 0.407892823
v -0.170294121 0.479999989 0.411126405
v -0.168954730 0.486062169 0.407892823
v -0.166275948 0.486062169 0.401425660
v -0.204821885 0.473937809 0.383194804
v -0.203171998 0.479999989 0.380108058
v -0.208121657 0.473937809 0.389368236
v -0.209771544 0.479999989 0.392454982
v -0.208121657 0.486062169 0.389368236
v -0.204821885 0.486062169 0.383194804
v -0.241395265 0.473937809 0.361273557
v -0.239450768 0.479999989 0.358363420
v -0.245284259 0.473937809 0.367093831
v -0.247228757 0.479999989 0.370003968
v -0.245284259 0.486062169 0.367093831
v -0.241395265 0.486062169 0.361273557
v -0.275643885 0.473937809 0.335873038
v -0.273423493 0.479999989 0.333167523
v -0.280084610 0.473937809 0.341284126
v -0.282305002 0.479999989 0.343989640
v -0.280084610 0.486062169 0.341284126
v -0.275643885 0.486062169 0.335873038
v -0.307237893 0.473937809 0.307237893
v -0.304763019 0.479999989 0.304763019
v -0.312187642 0.473937809 0.312187642
v -0.314662516 0.479999989 0.314662516
v -0.312187642 0.486062169 0.312187642
v -0.307237893 0.486062169 0.307237893
v -0.335873038 0.473937809 0.275643885
v -0.333167523 0.479999989 0.273423493
v -0.341284126 0.473937809 0.280084610
v -0.343989640 0.479999989 0.282305002
v -0.341284126 0.486062169 0.280084610
v -0.335873038 0.486062169 0.275643885
v -0.361273557 0.473937809 0.241395265
v -0.358363420 0.479999989 0.239450768
v -0.367093831 0.473937809 0.245284259
v -0.370003968 0.479999989 0.247228757
v -0.367093831 0.486062169 0.245284259
v -0.361273557 0.486062169 0.241395265
v -0.383194804 0.473937809 0.204821885
v -0.380108058 0.479999989 0.203171998
v -0.389368236 0.473937809 0.208121657
v -0.392454982 0.479999989 0.209771544
v -0.389368236 0.486062169 0.208121657
v -0.383194804 0.486062169 0.204821885
v -0.401425660 0.473937809 0.166275948
v -0.398192078 0.479999989 0.164936557
v -0.407892823 0.473937809 0.168954730
v -0.411126405 0.479999989 0.170294121
v -0.407892823 0.486062169 0.168954730
v -0.401425660 0.486062169 0.166275948
v -0.415790558 0.473937809 0.126128703
v -0.412441283 0.479999989 0.125112697
v -0.422489166 0.473937809 0.128160685
v -0.425838441 0.479999989 0.129176691
v -0.422489166 0.486062169 0.128160685
v -0.415790558 0.486062169 0.126128703
v -0.426151216 0.473937809 0.084766746
v -0.422718465 0.479999989 0.084083930
v -0.433016717 0.473937809 0.086132377
v -0.436449468 0.479999989 0.086815193
v -0.433016717 0.486062169 0.086132377
v -0.426151216 0.486062169 0.084766746
v -0.432407767 0.473937809 0.042588450
v -0.428924620 0.479999989 0.042245392
v -0.439374059 0.473937809 0.043274567
v -0.442857206 0.479999989 0.043617625
v -0.439374059 0.486062169 0.043274567
v -0.432407767 0.486062169 0.042588450
v -0.434499979 0.473937809 0.000000000
v -0.430999994 0.479999989 0.000000000
v -0.441500008 0.473937809 0.000000000
v -0.444999993 0.479999989 0.000000000
v -0.441500008 0.486062169 0.000000000
v -0.434499979 0.486062169 0.000000000
v -0.432407767 0.473937809 -0.042588450
v -0.428924620 0.479999989 -0.042245392
v -0.439374059 0.473937809 -0.043274567
v -0.442857206 0.479999989 -0.043617625
v -0.439374059 0.486062169 -0.043274567
v -0.432407767 0.486062169 -0.042588450
v -0.426151216 0.473937809 -0.084766746
v -0.422718465 0.479999989 -0.084083930
v -0.433016717 0.473937809 -0.086132377
v -0.436449468 0.479999989 -0.086815193
v -0.433016717 0.486062169 -0.086132377
v -0.426151216 0.486062169 -0.084766746
v -0.415790558 0.473937809 -0.126128703
v -0.412441283 0.479999989 -0.125112697
v -0.422489166 0.473937809 -0.128160685
v -0.425838441 0.479999989 -0.129176691
v -0.422489166 0.486062169 -0.128160685
v -0.415790558 0.486062169 -0.126128703
v -0.401425660 0.473937809 -0.166275948
v -0.398192078 0.479999989 -0.164936557
v -0.407892823 0.473937809 -0.168954730
v -0.411126405 0.479999989 -0.170294121
v -0.407892823 0.486062169 -0.168954730
v -0.401425660 0.486062169 -0.166275948
v -0.383194804 0.473937809 -0.204821885
v -0.380108058 0.479999989 -0.203171998
v -0.389368236 0.473937809 -0.208121657
v -0.392454982 0.479999989 -0.209771544
v -0.389368236 0.486062169 -0.208121657
v -0.383194804 0.486062169 -0.204821885
v -0.361273557 0.473937809 -0.241395265
v -0.358363420 0.479999989 -0.239450768
v -0.367093831 0.473937809 -0.245284259
v -0.370003968 0.479999989 -0.247228757
v -0.367093831 0.486062169 -0.245284259
v -0.361273557 0.486062169 -0.241395265
v -0.335873038 0.473937809 -0.275643885
v -0.333167523 0.479999989 -0.273423493
v -0.341284126 0.473937809 -0.280084610
v -0.343989640 0.479999989 -0.282305002
v -0.341284126 0.486062169 -0.280084610
v -0.335873038 0.486062169 -0.275643885
v -0.307237893 0.473937809 -0.307237893
v -0.304763019 0.479999989 -0.304763019
v -0.312187642 0.473937809 -0.312187642
v -0.314662516 0.479999989 -0.314662516
v -0.312187642 0.486062169 -0.312187642
v -0.307237893 0.486062169 -0.307237893
v -0.275643885 0.473937809 -0.335873038
v -0.273423493 0.479999989 -0.333167523
v -0.280084610 0.473937809 -0.341284126
v -0.282305002 0.479999989 -0.343989640
v -0.280084610 0.486062169 -0.341284126
v -0.275643885 0.486062169 -0.335873038
v -0.241395265 0.473937809 -0.361273557
v -0.239450768 0.479999989 -0.358363420
v -0.245284259 0.473937809 -0.367093831
v -0.247228757 0.479999989 -0.370003968
v -0.245284259 0.486062169 -0.367093831
v -0.241395265 0.486062169 -0.361273557
v -0.204821885 0.473937809 -0.383194804
v -0.203171998 0.479999989 -0.380108058
v -0.208121657 0.473937809 -0.389368236
v -0.209771544 0.479999989 -0.392454982
v -0.208121657 0.486062169 -0.389368236
v -0.204821885 0.486062169 -0.383194804
v -0.166275948 0.473937809 -0.401425660
v -0.164936557 0.479999989 -0.398192078
v -0.168954730 0.473937809 -0.407892823
v -0.170294121 0.479999989 -0.411126405
v -0.168954730 0.486062169 -0.407892823
v -0.166275948 0.486062169 -0.401425660
v -0.126128703 0.473937809 -0.415790558
v -0.125112697 0.479999989 -0.412441283
v -0.128160685 0.473937809 -0.422489166
v -0.129176691 0.479999989 -0.425838441
v -0.128160685 0.486062169 -0.422489166
v -0.126128703 0.486062169 -0.415790558
v -0.084766746 0.473937809 -0.426151216
v -0.084083930 0.479999989 -0.422718465
v -0.086132377 0.473937809 -0.433016717
v -0.086815193 0.479999989 -0.436449468
v -0.086132377 0.486062169 -0.433016717
v -0.084766746 0.486062169 -0.426151216
v -0.042588450 0.473937809 -0.432407767
v -0.042245392 0.479999989 -0.428924620
v -0.043274567 0.473937809 -0.439374059
v -0.043617625 0.479999989 -0.442857206
v -0.043274567 0.486062169 -0.439374059
v -0.042588450 0.486062169 -0.432407767
v 0.000000000 0.473937809 -0.434499979
v 0.000000000 0.479999989 -0.430999994
v 0.000000000 0.473937809 -0.441500008
v 0.000000000 0.479999989 -0.444999993
v 0.000000000 0.486062169 -0.441500008
v 0.000000000 0.486062169 -0.434499979
v 0.042588450 0.473937809 -0.432407767
v 0.042245392 0.479999989 -0.428924620
v 0.043274567 0.473937809 -0.439374059
v 0.043617625 0.479999989 -0.442857206
v 0.043274567 0.486062169 -0.439374059
v 0.042588450 0.486062169 -0.432407767
v 0.084766746 0.473937809 -0.426151216
v 0.084083930 0.479999989 -0.422718465
v 0.086132377 0.473937809 -0.433016717
v 0.086815193 0.479999989 -0.436449468
v 0.086132377 0.486062169 -0.433016717
v 0.084766746 0.486062169 -0.426151216
v 0.126128703 0.473937809 -0.415790558
v 0.125112697 0.479999989 -0.412441283
v 0.128160685 0.473937809 -0.422489166
v 0.129176691 0.479999989 -0.425838441
v 0.128160685 0.486062169 -0.422489166
v 0.126128703 0.486062169 -0.415790558
v 0.166275948 0.473937809 -0.401425660
v 0.164936557 0.479999989 -0.398192078
v 0.168954730 0.473937809 -0.407892823
v 0.170294121 0.479999989 -0.411126405
v 0.168954730 0.486062169 -0.407892823
v 0.166275948 0.486062169 -0.401425660
v 0.204821885 0.473937809 -0.383194804
v 0.203171998 0.479999989 -0.380108058
v 0.208121657 0.473937809 -0.389368236
v 0.209771544 0.479999989 -0.392454982
v 0.208121657 0.486062169 -0.389368236
v 0.204821885 0.486062169 -0.383194804
v 0.241395265 0.473937809 -0.361273557
v 0.239450768 0.479999989 -0.358363420
v 0.245284259 0.473937809 -0.367093831
v 0.247228757 0.479999989 -0.370003968
v 0.245284259 0.486062169 -0.367093831
v 0.241395265 0.486062169 -0.361273557
v 0.275643885 0.473937809 -0.335873038
v 0.273423493 0.479999989 -0.333167523
v 0.280084610 0.473937809 -0.341284126
v 0.282305002 0.479999989 -0.343989640
v 0.280084610 0.486062169 -0.341284126
v 0.275643885 0.486062169 -0.335873038
v 0.307237893 0.473937809 -0.307237893
v 0.304763019 0.479999989 -0.304763019
v 0.312187642 0.473937809 -0.312187642
v 0.314662516 0.479999989 -0.314662516
v 0.312187642 0.486062169 -0.312187642
v 0.307237893 0.486062169 -0.307237893
v 0.335873038 0.473937809 -0.275643885
v 0.333167523 0.479999989 -0.273423493
v 0.341284126 0.473937809 -0.280084610
v 0.343989640 0.479999989 -0.282305002
v 0.341284126 0.486062169 -0.280084610
v 0.335873038 0.486062169 -0.275643885
v 0.361273557 0.473937809 -0.241395265
v 0.358363420 0.479999989 -0.239450768
v 0.367093831 0.473937809 -0.245284259
v 0.370003968 0.479999989 -0.247228757
v 0.367093831 0.486062169 -0.245284259
v 0.361273557 0.486062169 -0.241395265
v 0.383194804 0.473937809 -0.204821885
v 0.380108058 0.479999989 -0.203171998
v 0.389368236 0.473937809 -0.208121657
v 0.392454982 0.479999989 -0.209771544
v 0.389368236 0.486062169 -0.208121657
v 0.383194804 0.486062169 -0.204821885
v 0.401425660 0.473937809 -0.166275948
v 0.398192078 0.479999989 -0.164936557
v 0.407892823 0.473937809 -0.168954730
v 0.411126405 0.479999989 -0.170294121
v 0.407892823 0.486062169 -0.168954730
v 0.401425660 0.486062169 -0.166275948
v 0.415790558 0.473937809 -0.126128703
v 0.412441283 0.479999989 -0.125112697
v 0.422489166 0.473937809 -0.128160685
v 0.425838441 0.479999989 -0.129176691
v 0.422489166 0.486062169 -0.128160685
v 0.415790558 0.486062169 -0.126128703
v 0.426151216 0.473937809 -0.084766746
v 0.422718465 0.479999989 -0.084083930
v 0.433016717 0.473937809 -0.086132377
v 0.436449468 0.479999989 -0.086815193
v 0.433016717 0.486062169 -0.086132377
v 0.426151216 0.486062169 -0.084766746
v 0.432407767 0.473937809 -0.042588450
v 0.428924620 0.479999989 -0.042245392
v 0.439374059 0.473937809 -0.043274567
v 0.442857206 0.479999989 -0.043617625
v 0.439374059 0.486062169 -0.043274567
v 0.432407767 0.486062169 -0.042588450
v 0.434504211 0.473937809 0.000171736
v 0.431008428 0.479999989 0.000343472
v 0.441495776 0.473937809 -0.000171736
v 0.444991559 0.479999989 -0.000343472
v 0.441495776 0.486062169 -0.000171736
v 0.434504211 0.486062169 0.000171736
v 0.431008428 0.910000026 -0.000343472
v 0.434504211 0.903937876 -0.000171736
v 0.432407767 0.903937876 0.042588450
v 0.428924620 0.910000026 0.042245392
v 0.441495776 0.903937876 0.000171736
v 0.439374059 0.903937876 0.043274567
v 0.444991559 0.910000026 0.000343472
v 0.442857206 0.910000026 0.043617625
v 0.441495776 0.916062176 0.000171736
v 0.439374059 0.916062176 0.043274567
v 0.434504211 0.916062176 -0.000171736
v 0.432407767 0.916062176 0.042588450
v 0.426151216 0.903937876 0.084766746
v 0.422718465 0.910000026 0.084083930
v 0.433016717 0.903937876 0.086132377
v 0.436449468 0.910000026 0.086815193
v 0.433016717 0.916062176 0.086132377
v 0.426151216 0.916062176 0.084766746
v 0.415790558 0.903937876 0.126128703
v 0.412441283 0.910000026 0.125112697
v 0.422489166 0.903937876 0.128160685
v 0.425838441 0.910000026 0.129176691
v 0.422489166 0.916062176 0.128160685
v 0.415790558 0.916062176 0.126128703
v 0.401425660 0.903937876 0.166275948
v 0.398192078 0.910000026 0.164936557
v 0.407892823 0.903937876 0.168954730
v 0.411126405 0.910000026 0.170294121
v 0.407892823 0.916062176 0.168954730
v 0.401425660 0.916062176 0.166275948
v 0.383194804 0.903937876 0.204821885
v 0.380108058 0.910000026 0.203171998
v 0.389368236 0.903937876 0.208121657
v 0.392454982 0.910000026 0.209771544
v 0.389368236 0.916062176 0.208121657
v 0.383194804 0.916062176 0.204821885
v 0.361273557 0.903937876 0.241395265
v 0.358363420 0.910000026 0.239450768
v 0.367093831 0.903937876 0.245284259
v 0.370003968 0.910000026 0.247228757
v 0.367093831 0.916062176 0.245284259
v 0.361273557 0.916062176 0.241395265
v 0.335873038 0.903937876 0.275643885
v 0.333167523 0.910000026 0.273423493
v 0.341284126 0.903937876 0.280084610
v 0.343989640 0.910000026 0.282305002
v 0.341284126 0.916062176 0.280084610
v 0.335873038 0.916062176 0.275643885
v 0.307237893 0.903937876 0.307237893
v 0.304763019 0.910000026 0.304763019
v 0.312187642 0.903937876 0.312187642
v 0.314662516 0.910000026 0.314662516
v 0.312187642 0.916062176 0.312187642
v 0.307237893 0.916062176 0.307237893
v 0.275643885 0.903937876 0.335873038
v 0.273423493 0.910000026 0.333167523
v 0.280084610 0.903937876 0.341284126
v 0.282305002 0.910000026 0.343989640
v 0.280084610 0.916062176 0.341284126
v 0.275643885 0.916062176 0.335873038
v 0.241395265 0.903937876 0.361273557
v 0.239450768 0.910000026 0.358363420
v 0.245284259 0.903937876 0.367093831
v 0.247228757 0.910000026 0.370003968
v 0.245284259 0.916062176 0.367093831
v 0.241395265 0.916062176 0.361273557
v 0.204821885 0.903937876 0.383194804
v 0.203171998 0.910000026 0.380108058
v 0.208121657 0.903937876 0.389368236
v 0.209771544 0.910000026 0.392454982
v 0.208121657 0.916062176 0.389368236
v 0.204821885 0.916062176 0.383194804
v 0.166275948 0.903937876 0.401425660
v 0.164936557 0.910000026 0.398192078
v 0.168954730 0.903937876 0.407892823
v 0.170294121 0.910000026 0.411126405
v 0.168954730 0.916062176 0.407892823
v 0.166275948 0.916062176 0.401425660
v 0.126128703 0.903937876 0.415790558
v 0.125112697 0.910000026 0.412441283
v 0.128160685 0.903937876 0.422489166
v 0.129176691 0.910000026 0.425838441
v 0.128160685 0.916062176 0.422489166
v 0.126128703 0.916062176 0.415790558
v 0.084766746 0.903937876 0.426151216
v 0.084083930 0.910000026 0.422718465
v 0.086132377 0.903937876 0.433016717
v 0.086815193 0.910000026 0.436449468
v 0.086132377 0.916062176 0.433016717
v 0.084766746 0.916062176 0.426151216
v 0.042588450 0.903937876 0.432407767
v 0.042245392 0.910000026 0.428924620
v 0.043274567 0.903937876 0.439374059
v 0.043617625 0.910000026 0.442857206
v 0.043274567 0.916062176 0.439374059
v 0.042588450 0.916062176 0.432407767
v 0.000000000 0.903937876 0.434499979
v 0.000000000 0.910000026 0.430999994
v 0.000000000 0.903937876 0.441500008
v 0.000000000 0.910000026 0.444999993
v 0.000000000 0.916062176 0.441500008
v 0.000000000 0.916062176 0.434499979
v -0.042588450 0.903937876 0.432407767
v -0.042245392 0.910000026 0.428924620
v -0.043274567 0.903937876 0.439374059
v -0.043617625 0.910000026 0.442857206
v -0.043274567 0.916062176 0.439374059
v -0.042588450 0.916062176 0.432407767
v -0.084766746 0.903937876 0.426151216
v -0.084083930 0.910000026 0.422718465
v -0.086132377 0.903937876 0.433016717
v -0.086815193 0.910000026 0.436449468
v -0.086132377 0.916062176 0.433016717
v -0.084766746 0.916062176 0.426151216
v -0.126128703 0.903937876 0.415790558
v -0.125112697 0.910000026 0.412441283
v -0.128160685 0.903937876 0.422489166
v -0.129176691 0.910000026 0.425838441
v -0.128160685 0.916062176 0.422489166
v -0.126128703 0.916062176 0.415790558
v -0.166275948 0.903937876 0.401425660
v -0.164936557 0.910000026 0.398192078
v -0.168954730 0.903937876 0.407892823
v -0.170294121 0.910000026 0.411126405
v -0.168954730 0.916062176 0.407892823
v -0.166275948 0.916062176 0.401425660
v -0.204821885 0.903937876 0.383194804
v -0.203171998 0.910000026 0.380108058
v -0.208121657 0.903937876 0.389368236
v -0.209771544 0.910000026 0.392454982
v -0.208121657 0.916062176 0.389368236
v -0.204821885 0.916062176 0.383194804
v -0.241395265 0.903937876 0.361273557
v -0.239450768 0.910000026 0.358363420
v -0.245284259 0.903937876 0.367093831
v -0.247228757 0.910000026 0.370003968
v -0.245284259 0.916062176 0.367093831
v -0.241395265 0.916062176 0.361273557
v -0.275643885 0.903937876 0.335873038
v -0.273423493 0.910000026 0.333167523
v -0.280084610 0.903937876 0.341284126
v -0.282305002 0.910000026 0.343989640
v -0.280084610 0.916062176 0.341284126
v -0.275643885 0.916062176 0.335873038
v -0.307237893 0.903937876 0.307237893
v -0.304763019 0.910000026 0.304763019
v -0.312187642 0.903937876 0.312187642
v -0.314662516 0.910000026 0.314662516
v -0.312187642 0.916062176 0.312187642
v -0.307237893 0.916062176 0.307237893
v -0.335873038 0.903937876 0.275643885
v -0.333167523 0.910000026 0.273423493
v -0.341284126 0.903937876 0.280084610
v -0.343989640 0.910000026 0.282305002
v -0.341284126 0.916062176 0.280084610
v -0.335873038 0.916062176 0.275643885
v -0.361273557 0.903937876 0.241395265
v -0.358363420 0.910000026 0.239450768
v -0.367093831 0.903937876 0.245284259
v -0.370003968 0.910000026 0.247228757
v -0.367093831 0.916062176 0.245284259
v -0.361273557 0.916062176 0.241395265
v -0.383194804 0.903937876 0.204821885
v -0.380108058 0.910000026 0.203171998
v -0.389368236 0.903937876 0.208121657
v -0.392454982 0.910000026 0.209771544
v -0.389368236 0.916062176 0.208121657
v -0.383194804 0.916062176 0.204821885
v -0.401425660 0.903937876 0.166275948
v -0.398192078 0.910000026 0.164936557
v -0.407892823 0.903937876 0.168954730
v -0.411126405 0.910000026 0.170294121
v -0.407892823 0.916062176 0.168954730
v -0.401425660 0.916062176 0.166275948
v -0.415790558 0.903937876 0.126128703
v -0.412441283 0.910000026 0.125112697
v -0.422489166 0.903937876 0.128160685
v -0.425838441 0.910000026 0.129176691
v -0.422489166 0.916062176 0.128160685
v -0.415790558 0.916062176 0.126128703
v -0.426151216 0.903937876 0.084766746
v -0.422718465 0.910000026 0.084083930
v -0.433016717 0.903937876 0.086132377
v -0.436449468 0.910000026 0.086815193
v -0.433016717 0.916062176 0.086132377
v -0.426151216 0.916062176 0.084766746
v -0.432407767 0.903937876 0.042588450
v -0.428924620 0.910000026 0.042245392
v -0.439374059 0.903937876 0.043274567
v -0.442857206 0.910000026 0.043617625
v -0.439374059 0.916062176 0.043274567
v -0.432407767 0.916062176 0.042588450
v -0.434499979 0.903937876 0.000000000
v -0.430999994 0.910000026 0.000000000
v -0.441500008 0.903937876 0.000000000
v -0.444999993 0.910000026 0.000000000
v -0.441500008 0.916062176 0.000000000
v -0.434499979 0.916062176 0.000000000
v -0.432407767 0.903937876 -0.042588450
v -0.428924620 0.910000026 -0.042245392
v -0.439374059 0.903937876 -0.043274567
v -0.442857206 0.910000026 -0.043617625
v -0.439374059 0.916062176 -0.043274567
v -0.432407767 0.916062176 -0.042588450
v -0.426151216 0.903937876 -0.084766746
v -0.422718465 0.910000026 -0.084083930
v -0.433016717 0.903937876 -0.086132377
v -0.436449468 0.910000026 -0.086815193
v -0.433016717 0.916062176 -0.086132377
v -0.426151216 0.916062176 -0.084766746
v -0.415790558 0.903937876 -0.126128703
v -0.412441283 0.910000026 -0.125112697
v -0.422489166 0.903937876 -0.128160685
v -0.425838441 0.910000026 -0.129176691
v -0.422489166 0.916062176 -0.128160685
v -0.415790558 0.916062176 -0.126128703
v -0.401425660 0.903937876 -0.166275948
v -0.398192078 0.910000026 -0.164936557
v -0.407892823 0.903937876 -0.168954730
v -0.411126405 0.910000026 -0.170294121
v -0.407892823 0.916062176 -0.168954730
v -0.401425660 0.916062176 -0.166275948
v -0.383194804 0.903937876 -0.204821885
v -0.380108058 0.910000026 -0.203171998
v -0.389368236 0.903937876 -0.208121657
v -0.392454982 0.910000026 -0.209771544
v -0.389368236 0.916062176 -0.208121657
v -0.383194804 0.916062176 -0.204821885
v -0.361273557 0.903937876 -0.241395265
v -0.358363420 0.910000026 -0.239450768
v -0.367093831 0.903937876 -0.245284259
v -0.370003968 0.910000026 -0.247228757
v -0.367093831 0.916062176 -0.245284259
v -0.361273557 0.916062176 -0.241395265
v -0.335873038 0.903937876 -0.275643885
v -0.333167523 0.910000026 -0.273423493
v -0.341284126 0.903937876 -0.280084610
v -0.343989640 0.910000026 -0.282305002
v -0.341284126 0.916062176 -0.280084610
v -0.335873038 0.916062176 -0.275643885
v -0.307237893 0.903937876 -0.307237893
v -0.304763019 0.910000026 -0.304763019
v -0.312187642 0.903937876 -0.312187642
v -0.314662516 0.910000026 -0.314662516
v -0.312187642 0.916062176 -0.312187642
v -0.307237893 0.916062176 -0.307237893
v -0.275643885 0.903937876 -0.335873038
v -0.273423493 0.910000026 -0.333167523
v -0.280084610 0.903937876 -0.341284126
v -0.282305002 0.910000026 -0.343989640
v -0.280084610 0.916062176 -0.341284126
v -0.275643885 0.916062176 -0.335873038
v -0.241395265 0.903937876 -0.361273557
v -0.239450768 0.910000026 -0.358363420
v -0.245284259 0.903937876 -0.367093831
v -0.247228757 0.910000026 -0.370003968
v -0.245284259 0.916062176 -0.367093831
v -0.241395265 0.916062176 -0.361273557
v -0.204821885 0.903937876 -0.383194804
v -0.203171998 0.910000026 -0.380108058
v -0.208121657 0.903937876 -0.389368236
v -0.209771544 0.910000026 -0.392454982
v -0.208121657 0.916062176 -0.389368236
v -0.204821885 0.916062176 -0.383194804
v -0.166275948 0.903937876 -0.401425660
v -0.164936557 0.910000026 -0.398192078
v -0.168954730 0.903937876 -0.407892823
v -0.170294121 0.910000026 -0.411126405
v -0.168954730 0.916062176 -0.407892823
v -0.166275948 0.916062176 -0.401425660
v -0.126128703 0.903937876 -0.415790558
v -0.125112697 0.910000026 -0.412441283
v -0.128160685 0.903937876 -0.422489166
v -0.129176691 0.910000026 -0.425838441
v -0.128160685 0.916062176 -0.422489166
v -0.126128703 0.916062176 -0.415790558
v -0.084766746 0.903937876 -0.426151216
v -0.084083930 0.910000026 -0.422718465
v -0.086132377 0.903937876 -0.433016717
v -0.086815193 0.910000026 -0.436449468
v -0.086132377 0.916062176 -0.433016717
v -0.084766746 0.916062176 -0.426151216
v -0.042588450 0.903937876 -0.432407767
v -0.042245392 0.910000026 -0.428924620
v -0.043274567 0.903937876 -0.439374059
v -0.043617625 0.910000026 -0.442857206
v -0.043274567 0.916062176 -0.439374059
v -0.042588450 0.916062176 -0.432407767
v 0.000000000 0.903937876 -0.434499979
v 0.000000000 0.910000026 -0.430999994
v 0.000000000 0.903937876 -0.441500008
v 0.000000000 0.910000026 -0.444999993
v 0.000000000 0.916062176 -0.441500008
v 0.000000000 0.916062176 -0.434499979
v 0.042588450 0.903937876 -0.432407767
v 0.042245392 0.910000026 -0.428924620
v 0.043274567 0.903937876 -0.439374059
v 0.043617625 0.910000026 -0.442857206
v 0.043274567 0.916062176 -0.439374059
v 0.042588450 0.916062176 -0.432407767
v 0.084766746 0.903937876 -0.426151216
v 0.084083930 0.910000026 -0.422718465
v 0.086132377 0.903937876 -0.433016717
v 0.086815193 0.910000026 -0.436449468
v 0.086132377 0.916062176 -0.433016717
v 0.084766746 0.916062176 -0.426151216
v 0.126128703 0.903937876 -0.415790558
v 0.125112697 0.910000026 -0.412441283
v 0.128160685 0.903937876 -0.422489166
v 0.129176691 0.910000026 -0.425838441
v 0.128160685 0.916062176 -0.422489166
v 0.126128703 0.916062176 -0.415790558
v 0.166275948 0.903937876 -0.401425660
v 0.164936557 0.910000026 -0.398192078
v 0.168954730 0.903937876 -0.407892823
v 0.170294121 0.910000026 -0.411126405
v 0.168954730 0.916062176 -0.407892823
v 0.166275948 0.916062176 -0.401425660
v 0.204821885 0.903937876 -0.383194804
v 0.203171998 0.910000026 -0.380108058
v 0.208121657 0.903937876 -0.389368236
v 0.209771544 0.910000026 -0.392454982
v 0.208121657 0.916062176 -0.389368236
v 0.204821885 0.916062176 -0.383194804
v 0.241395265 0.903937876 -0.361273557
v 0.239450768 0.910000026 -0.358363420
v 0.245284259 0.903937876 -0.367093831
v 0.247228757 0.910000026 -0.370003968
v 0.245284259 0.916062176 -0.367093831
v 0.241395265 0.916062176 -0.361273557
v 0.275643885 0.903937876 -0.335873038
v 0.273423493 0.910000026 -0.333167523
v 0.280084610 0.903937876 -0.341284126
v 0.282305002 0.910000026 -0.343989640
v 0.280084610 0.916062176 -0.341284126
v 0.275643885 0.916062176 -0.335873038
v 0.307237893 0.903937876 -0.307237893
v 0.304763019 0.910000026 -0.304763019
v 0.312187642 0.903937876 -0.312187642
v 0.314662516 0.910000026 -0.314662516
v 0.312187642 0.916062176 -0.312187642
v 0.307237893 0.916062176 -0.307237893
v 0.335873038 0.903937876 -0.275643885
v 0.333167523 0.910000026 -0.273423493
v 0.341284126 0.903937876 -0.280084610
v 0.343989640 0.910000026 -0.282305002
v 0.341284126 0.916062176 -0.280084610
v 0.335873038 0.916062176 -0.275643885
v 0.361273557 0.903937876 -0.241395265
v 0.358363420 0.910000026 -0.239450768
v 0.367093831 0.903937876 -0.245284259
v 0.370003968 0.910000026 -0.247228757
v 0.367093831 0.916062176 -0.245284259
v 0.361273557 0.916062176 -0.241395265
v 0.383194804 0.903937876 -0.204821885
v 0.380108058 0.910000026 -0.203171998
v 0.389368236 0.903937876 -0.208121657
v 0.392454982 0.910000026 -0.209771544
v 0.389368236 0.916062176 -0.208121657
v 0.383194804 0.916062176 -0.204821885
v 0.401425660 0.903937876 -0.166275948
v 0.398192078 0.910000026 -0.164936557
v 0.407892823 0.903937876 -0.168954730
v 0.411126405 0.910000026 -0.170294121
v 0.407892823 0.916062176 -0.168954730
v 0.401425660 0.916062176 -0.166275948
v 0.415790558 0.903937876 -0.126128703
v 0.412441283 0.910000026 -0.125112697
v 0.422489166 0.903937876 -0.128160685
v 0.425838441 0.910000026 -0.129176691
v 0.422489166 0.916062176 -0.128160685
v 0.415790558 0.916062176 -0.126128703
v 0.426151216 0.903937876 -0.084766746
v 0.422718465 0.910000026 -0.084083930
v 0.433016717 0.903937876 -0.086132377
v 0.436449468 0.910000026 -0.086815193
v 0.433016717 0.916062176 -0.086132377
v 0.426151216 0.916062176 -0.084766746
v 0.432407767 0.903937876 -0.042588450
v 0.428924620 0.910000026 -0.042245392
v 0.439374059 0.903937876 -0.043274567
v 0.442857206 0.910000026 -0.043617625
v 0.439374059 0.916062176 -0.043274567
v 0.432407767 0.916062176 -0.042588450
v 0.434504211 0.903937876 0.000171736
v 0.431008428 0.910000026 0.000343472
v 0.441495776 0.903937876 -0.000171736
v 0.444991559 0.910000026 -0.000343472
v 0.441495776 0.916062176 -0.000171736
v 0.434504211 0.916062176 0.000171736
vt 0.500000000 0.500000000
vn 0.715557623 0.697668673 0.035152682
vn 0.715557614 0.697668654 0.035153244
vn 0.708666404 0.697668648 0.105120812
vn 0.708666446 0.697668661 0.105120442
vn 0.694950363 0.697668670 0.174075903
vn 0.694950312 0.697668662 0.174076138
vn 0.674541471 0.697668653 0.241355040
vn 0.674541572 0.697668664 0.241354725
vn 0.647636410 0.697668660 0.306309520
vn 0.647636577 0.697668675 0.306309133
vn 0.614494545 0.697668684 0.368313537
vn 0.614494335 0.697668669 0.368313915
vn 0.575434364 0.697668662 0.426771286
vn 0.575434485 0.697668669 0.426771110
vn 0.530832485 0.697668667 0.481118803
vn 0.530832425 0.697668664 0.481118875
vn 0.481118807 0.697668662 0.530832490
vn 0.481118875 0.697668665 0.530832424
vn 0.426771278 0.697668675 0.575434354
vn 0.426771112 0.697668667 0.575434487
vn 0.368313550 0.697668659 0.614494566
vn 0.368313913 0.697668674 0.614494332
vn 0.306309509 0.697668685 0.647636388
vn 0.306309135 0.697668670 0.647636581
vn 0.241355034 0.697668672 0.674541453
vn 0.241354726 0.697668661 0.674541575
vn 0.174075906 0.697668656 0.694950376
vn 0.174076137 0.697668664 0.694950310
vn 0.105120809 0.697668670 0.708666383
vn 0.105120443 0.697668657 0.708666450
vn 0.035152684 0.697668640 0.715557655
vn 0.035153244 0.697668659 0.715557609
vn -0.035152682 0.697668673 0.715557623
vn -0.035153244 0.697668654 0.715557614
vn -0.105120812 0.697668648 0.708666404
vn -0.105120442 0.697668661 0.708666446
vn -0.174075903 0.697668670 0.694950363
vn -0.174076138 0.697668662 0.694950312
vn -0.241355040 0.697668653 0.674541471
vn -0.241354725 0.697668664 0.674541572
vn -0.306309520 0.697668660 0.647636410
vn -0.306309133 0.697668675 0.647636577
vn -0.368313537 0.697668684 0.614494545
vn -0.368313915 0.697668669 0.614494335
vn -0.426771286 0.697668662 0.575434364
vn -0.426771110 0.697668669 0.575434485
vn -0.481118803 0.697668667 0.530832485
vn -0.481118875 0.697668664 0.530832425
vn -0.530832490 0.697668662 0.481118807
vn -0.530832424 0.697668665 0.481118875
vn -0.575434354 0.697668675 0.426771278
vn -0.575434487 0.697668667 0.426771112
vn -0.614494566 0.697668659 0.368313550
vn -0.614494332 0.697668674 0.368313913
vn -0.647636388 0.697668685 0.306309509
vn -0.647636581 0.697668670 0.306309135
vn -0.674541453 0.697668672 0.241355034
vn -0.674541575 0.697668661 0.241354726
vn -0.694950376 0.697668656 0.174075906
vn -0.694950310 0.697668664 0.174076137
vn -0.708666383 0.697668670 0.105120809
vn -0.708666450 0.697668657 0.105120443
vn -0.715557655 0.697668640 0.035152684
vn -0.715557609 0.697668659 0.035153244
vn -0.715557623 0.697668673 -0.035152682
vn -0.715557614 0.697668654 -0.035153244
vn -0.708666404 0.697668648 -0.105120812
vn -0.708666446 0.697668661 -0.105120442
vn -0.694950363 0.697668670 -0.174075903
vn -0.694950312 0.697668662 -0.174076138
vn -0.674541471 0.697668653 -0.241355040
vn -0.674541572 0.697668664 -0.241354725
vn -0.647636410 0.697668660 -0.306309520
vn -0.647636577 0.697668675 -0.306309133
vn -0.614494545 0.697668684 -0.368313537
vn -0.614494335 0.697668669 -0.368313915
vn -0.575434364 0.697668662 -0.426771286
vn -0.575434485 0.697668669 -0.426771110
vn -0.530832485 0.697668667 -0.481118803
vn -0.530832425 0.697668664 -0.481118875
vn -0.481118807 0.697668662 -0.530832490
vn -0.481118875 0.697668665 -0.530832424
vn -0.426771278 0.697668675 -0.575434354
vn -0.426771112 0.697668667 -0.575434487
vn -0.368313550 0.697668659 -0.614494566
vn -0.368313913 0.697668674 -0.614494332
vn -0.306309509 0.697668685 -0.647636388
vn -0.306309135 0.697668670 -0.647636581
vn -0.241355034 0.697668672 -0.674541453
vn -0.241354726 0.697668661 -0.674541575
vn -0.174075906 0.697668656 -0.694950376
vn -0.174076137 0.697668664 -0.694950310
vn -0.105120809 0.697668670 -0.708666383
vn -0.105120443 0.697668657 -0.708666450
vn -0.035152684 0.697668640 -0.715557655
vn -0.035153244 0.697668659 -0.715557609
vn 0.035152682 0.697668673 -0.715557623
vn 0.035153244 0.697668654 -0.715557614
vn 0.105120812 0.697668648 -0.708666404
vn 0.105120442 0.697668661 -0.708666446
vn 0.174075903 0.697668670 -0.694950363
vn 0.174076138 0.697668662 -0.694950312
vn 0.241355040 0.697668653 -0.674541471
vn 0.241354725 0.697668664 -0.674541572
vn 0.306309520 0.697668660 -0.647636410
vn 0.306309133 0.697668675 -0.647636577
vn 0.368313537 0.697668684 -0.614494545
vn 0.368313915 0.697668669 -0.614494335
vn 0.426771286 0.697668662 -0.575434364
vn 0.426771110 0.697668669 -0.575434485
vn 0.481118803 0.697668667 -0.530832485
vn 0.481118875 0.697668664 -0.530832425
vn 0.530832490 0.697668662 -0.481118807
vn 0.530832424 0.697668665 -0.481118875
vn 0.575434354 0.697668675 -0.426771278
vn 0.575434487 0.697668667 -0.426771112
vn 0.614494566 0.697668659 -0.368313550
vn 0.614494332 0.697668674 -0.368313913
vn 0.647636388 0.697668685 -0.306309509
vn 0.647636581 0.697668670 -0.306309135
vn 0.674541453 0.697668672 -0.241355034
vn 0.674541575 0.697668661 -0.241354726
vn 0.694950376 0.697668656 -0.174075906
vn 0.694950310 0.697668664 -0.174076137
vn 0.708666383 0.697668670 -0.105120809
vn 0.708666450 0.697668657 -0.105120443
vn 0.715557655 0.697668640 -0.035152684
vn 0.715557609 0.697668659 -0.035153244
vn 0.000000000 1.000000000 0.000000000
vn -0.049067510 0.000000000 -0.998795464
vn -0.146731111 0.000000000 -0.989176416
vn -0.242979319 0.000000000 -0.970031469
vn -0.336890478 0.000000000 -0.941543842
vn -0.427554824 0.000000000 -0.903989421
vn -0.514102827 0.000000000 -0.857728560
vn -0.595699611 0.000000000 -0.803207304
vn -0.671558918 0.000000000 -0.740951159
vn -0.740951159 0.000000000 -0.671558918
vn -0.803207304 0.000000000 -0.595699611
vn -0.857728560 0.000000000 -0.514102827
vn -0.903989421 0.000000000 -0.427554824
vn -0.941543842 0.000000000 -0.336890478
vn -0.970031469 0.000000000 -0.242979319
vn -0.989176416 0.000000000 -0.146731111
vn -0.998795464 0.000000000 -0.049067510
vn -0.998795464 0.000000000 0.049067510
vn -0.989176416 0.000000000 0.146731111
vn -0.970031469 0.000000000 0.242979319
vn -0.941543842 0.000000000 0.336890478
vn -0.903989421 0.000000000 0.427554824
vn -0.857728560 0.000000000 0.514102827
vn -0.803207304 0.000000000 0.595699611
vn -0.740951159 0.000000000 0.671558918
vn -0.671558918 0.000000000 0.740951159
vn -0.595699611 0.000000000 0.803207304
vn -0.514102827 0.000000000 0.857728560
vn -0.427554824 0.000000000 0.903989421
vn -0.336890478 0.000000000 0.941543842
vn -0.242979319 0.000000000 0.970031469
vn -0.146731111 0.000000000 0.989176416
vn -0.049067510 0.000000000 0.998795464
vn 0.049067510 0.000000000 0.998795464
vn 0.146731111 0.000000000 0.989176416
vn 0.242979319 0.000000000 0.970031469
vn 0.336890478 0.000000000 0.941543842
vn 0.427554824 0.000000000 0.903989421
vn 0.514102827 0.000000000 0.857728560
vn 0.595699611 0.000000000 0.803207304
vn 0.671558918 0.000000000 0.740951159
vn 0.740951159 0.000000000 0.671558918
vn 0.803207304 0.000000000 0.595699611
vn 0.857728560 0.000000000 0.514102827
vn 0.903989421 0.000000000 0.427554824
vn 0.941543842 0.000000000 0.336890478
vn 0.970031469 0.000000000 0.242979319
vn 0.989176416 0.000000000 0.146731111
vn 0.998795464 0.000000000 0.049067510
vn 0.998795464 0.000000000 -0.049067510
vn 0.989176416 0.000000000 -0.146731111
vn 0.970031469 0.000000000 -0.242979319
vn 0.941543842 0.000000000 -0.336890478
vn 0.903989421 0.000000000 -0.427554824
vn 0.857728560 0.000000000 -0.514102827
vn 0.803207304 0.000000000 -0.595699611
vn 0.740951159 0.000000000 -0.671558918
vn 0.671558918 0.000000000 -0.740951159
vn 0.595699611 0.000000000 -0.803207304
vn 0.514102827 0.000000000 -0.857728560
vn 0.427554824 0.000000000 -0.903989421
vn 0.336890478 0.000000000 -0.941543842
vn 0.242979319 0.000000000 -0.970031469
vn 0.146731111 0.000000000 -0.989176416
vn 0.049067510 0.000000000 -0.998795464
vn 0.049067916 0.000000000 0.998795444
vn 0.146730259 0.000000000 0.989176542
vn 0.242980081 0.000000000 0.970031278
vn 0.336890149 0.000000000 0.941543959
vn 0.427554548 0.000000000 0.903989551
vn 0.514103265 0.000000000 0.857728298
vn 0.595699376 0.000000000 0.803207478
vn 0.671558915 0.000000000 0.740951161
vn 0.740951161 0.000000000 0.671558915
vn 0.803207478 0.000000000 0.595699376
vn 0.857728298 0.000000000 0.514103265
vn 0.903989551 0.000000000 0.427554548
vn 0.941543959 0.000000000 0.336890149
vn 0.970031278 0.000000000 0.242980081
vn 0.989176542 0.000000000 0.146730259
vn 0.998795444 0.000000000 0.049067916
vn 0.998795444 0.000000000 -0.049067916
vn 0.989176542 0.000000000 -0.146730259
vn 0.970031278 0.000000000 -0.242980081
vn 0.941543959 0.000000000 -0.336890149
vn 0.903989551 0.000000000 -0.427554548
vn 0.857728298 0.000000000 -0.514103265
vn 0.803207478 0.000000000 -0.595699376
vn 0.740951161 0.000000000 -0.671558915
vn 0.671558915 0.000000000 -0.740951161
vn 0.595699376 0.000000000 -0.803207478
vn 0.514103265 0.000000000 -0.857728298
vn 0.427554548 0.000000000 -0.903989551
vn 0.336890149 0.000000000 -0.941543959
vn 0.242980081 0.000000000 -0.970031278
vn 0.146730259 0.000000000 -0.989176542
vn 0.049067916 0.000000000 -0.998795444
vn -0.049067916 0.000000000 -0.998795444
vn -0.146730259 0.000000000 -0.989176542
vn -0.242980081 0.000000000 -0.970031278
vn -0.336890149 0.000000000 -0.941543959
vn -0.427554548 0.000000000 -0.903989551
vn -0.514103265 0.000000000 -0.857728298
vn -0.595699376 0.000000000 -0.803207478
vn -0.671558915 0.000000000 -0.740951161
vn -0.740951161 0.000000000 -0.671558915
vn -0.803207478 0.000000000 -0.595699376
vn -0.857728298 0.000000000 -0.514103265
vn -0.903989551 0.000000000 -0.427554548
vn -0.941543959 0.000000000 -0.336890149
vn -0.970031278 0.000000000 -0.242980081
vn -0.989176542 0.000000000 -0.146730259
vn -0.998795444 0.000000000 -0.049067916
vn -0.998795444 0.000000000 0.049067916
vn -0.989176542 0.000000000 0.146730259
vn -0.970031278 0.000000000 0.242980081
vn -0.941543959 0.000000000 0.336890149
vn -0.903989551 0.000000000 0.427554548
vn -0.857728298 0.000000000 0.514103265
vn -0.803207478 0.000000000 0.595699376
vn -0.740951161 0.000000000 0.671558915
vn -0.671558915 0.000000000 0.740951161
vn -0.595699376 0.000000000 0.803207478
vn -0.514103265 0.000000000 0.857728298
vn -0.427554548 0.000000000 0.903989551
vn -0.336890149 0.000000000 0.941543959
vn -0.242980081 0.000000000 0.970031278
vn -0.146730259 0.000000000 0.989176542
vn -0.049067916 0.000000000 0.998795444
vn -0.000000000 -1.000000000 0.000000000
vn -0.130526380 0.000000000 -0.991444837
vn -0.382683224 0.000000000 -0.923879619
vn -0.608761515 0.000000000 -0.793353274
vn -0.793353274 0.000000000 -0.608761515
vn -0.923879619 0.000000000 -0.382683224
vn -0.991444837 0.000000000 -0.130526380
vn -0.991444837 0.000000000 0.130526380
vn -0.923879619 0.000000000 0.382683224
vn -0.793353274 0.000000000 0.608761515
vn -0.608761515 0.000000000 0.793353274
vn -0.382683224 0.000000000 0.923879619
vn -0.130526380 0.000000000 0.991444837
vn 0.130526380 0.000000000 0.991444837
vn 0.382683224 0.000000000 0.923879619
vn 0.608761515 0.000000000 0.793353274
vn 0.793353274 0.000000000 0.608761515
vn 0.923879619 0.000000000 0.382683224
vn 0.991444837 0.000000000 0.130526380
vn 0.991444837 0.000000000 -0.130526380
vn 0.923879619 0.000000000 -0.382683224
vn 0.793353274 0.000000000 -0.608761515
vn 0.608761515 0.000000000 -0.793353274
vn 0.382683224 0.000000000 -0.923879619
vn 0.130526380 0.000000000 -0.991444837
vn -0.195090395 0.000000000 -0.980785266
vn -0.555570106 0.000000000 -0.831469697
vn -0.831469697 0.000000000 -0.555570106
vn -0.980785266 0.000000000 -0.195090395
vn -0.980785266 0.000000000 0.195090395
vn -0.831469697 0.000000000 0.555570106
vn -0.555570106 0.000000000 0.831469697
vn -0.195090395 0.000000000 0.980785266
vn 0.195090395 0.000000000 0.980785266
vn 0.555570106 0.000000000 0.831469697
vn 0.831469697 0.000000000 0.555570106
vn 0.980785266 0.000000000 0.195090395
vn 0.980785266 0.000000000 -0.195090395
vn 0.831469697 0.000000000 -0.555570106
vn 0.555570106 0.000000000 -0.831469697
vn 0.195090395 0.000000000 -0.980785266
vn -0.130526114 0.000000000 -0.991444872
vn -0.382683501 0.000000000 -0.923879504
vn -0.923879504 0.000000000 -0.382683501
vn -0.991444872 0.000000000 -0.130526114
vn -0.991444872 0.000000000 0.130526114
vn -0.923879504 0.000000000 0.382683501
vn -0.382683501 0.000000000 0.923879504
vn -0.130526114 0.000000000 0.991444872
vn 0.130526114 0.000000000 0.991444872
vn 0.382683501 0.000000000 0.923879504
vn 0.923879504 0.000000000 0.382683501
vn 0.991444872 0.000000000 0.130526114
vn 0.991444872 0.000000000 -0.130526114
vn 0.923879504 0.000000000 -0.382683501
vn 0.382683501 0.000000000 -0.923879504
vn 0.130526114 0.000000000 -0.991444872
vn -0.500002450 0.000000000 -0.866023989
vn -1.000000000 0.000000000 0.000000000
vn -0.500002450 0.000000000 0.866023989
vn 0.500002450 0.000000000 0.866023989
vn 1.000000000 0.000000000 0.000000000
vn 0.500002450 0.000000000 -0.866023989
vn -0.500002101 0.000000000 -0.866024191
vn -0.500002101 0.000000000 0.866024191
vn 0.500002101 0.000000000 0.866024191
vn 0.500002101 0.000000000 -0.866024191
vn -0.499999520 0.000000000 -0.866025681
vn -0.499999520 0.000000000 0.866025681
vn 0.499999520 0.000000000 0.866025681
vn 0.499999520 0.000000000 -0.866025681
vn -0.499999641 0.000000000 -0.866025611
vn -0.499999641 0.000000000 0.866025611
vn 0.499999641 0.000000000 0.866025611
vn 0.499999641 0.000000000 -0.866025611
vn -0.864986592 -0.499999713 -0.042408521
vn -0.865253257 -0.499544296 -0.042335523
vn 0.864974132 -0.499999708 0.042661958
vn 0.865237580 -0.499549741 0.042590917
vn 0.864978259 0.499999713 0.042578152
vn 0.865232425 0.499551520 0.042674697
vn -0.864990799 0.499999708 -0.042322681
vn -0.865247996 0.499546130 -0.042421338
vn -0.856910032 -0.499547934 -0.127110422
vn -0.856909873 -0.499548199 -0.127110449
vn 0.856910051 -0.499547937 0.127110276
vn 0.856909897 -0.499548196 0.127110302
vn 0.856910045 0.499547936 0.127110324
vn 0.856909904 0.499548195 0.127110254
vn -0.856910025 0.499547933 -0.127110472
vn -0.856909881 0.499548198 -0.127110399
vn -0.840324464 -0.499548184 -0.210490871
vn -0.840325498 -0.499546476 -0.210490795
vn 0.840324478 -0.499548185 0.210490813
vn 0.840325512 -0.499546475 0.210490745
vn 0.840324551 0.499548192 0.210490504
vn 0.840325431 0.499546482 0.210491052
vn -0.840324539 0.499548191 -0.210490555
vn -0.840325415 0.499546483 -0.210491109
vn -0.815647486 -0.499546625 -0.291843018
vn -0.815646486 -0.499548274 -0.291842993
vn 0.815647485 -0.499546625 0.291843021
vn 0.815646487 -0.499548274 0.291842988
vn 0.815647386 0.499546619 0.291843310
vn 0.815646594 0.499548267 0.291842702
vn -0.815647384 0.499546619 -0.291843314
vn -0.815646595 0.499548267 -0.291842699
vn -0.783113440 -0.499548255 -0.370384774
vn -0.783112427 -0.499549936 -0.370384649
vn 0.783113382 -0.499548252 0.370384901
vn 0.783112369 -0.499549939 0.370384769
vn 0.783113252 0.499548245 0.370385186
vn 0.783112506 0.499549932 0.370384487
vn -0.783113307 0.499548248 -0.370385065
vn -0.783112567 0.499549929 -0.370384362
vn -0.743037512 -0.499549806 -0.445359683
vn -0.743038910 -0.499547446 -0.445359997
vn 0.743037366 -0.499549800 0.445359934
vn 0.743038751 -0.499547452 0.445360256
vn 0.743037585 0.499549809 0.445359557
vn 0.743038522 0.499547461 0.445360627
vn -0.743037738 0.499549815 -0.445359295
vn -0.743038675 0.499547455 -0.445360380
vn -0.695807728 -0.499547499 -0.516046414
vn -0.695807976 -0.499547069 -0.516046496
vn 0.695807733 -0.499547499 0.516046408
vn 0.695807980 -0.499547068 0.516046492
vn 0.695807780 0.499547501 0.516046343
vn 0.695807931 0.499547070 0.516046555
vn -0.695807776 0.499547501 -0.516046348
vn -0.695807927 0.499547070 -0.516046561
vn -0.641875979 -0.499547341 -0.581762565
vn -0.641875584 -0.499548053 -0.581762389
vn 0.641876186 -0.499547348 0.581762331
vn 0.641875800 -0.499548047 0.581762157
vn 0.641876100 0.499547345 0.581762428
vn 0.641875888 0.499548044 0.581762061
vn -0.641875889 0.499547338 -0.581762666
vn -0.641875676 0.499548050 -0.581762290
vn -0.581762290 -0.499548050 -0.641875676
vn -0.581762666 -0.499547338 -0.641875889
vn 0.581762061 -0.499548044 0.641875888
vn 0.581762428 -0.499547345 0.641876100
vn 0.581762157 0.499548047 0.641875800
vn 0.581762331 0.499547348 0.641876186
vn -0.581762389 0.499548053 -0.641875584
vn -0.581762565 0.499547341 -0.641875979
vn -0.516046561 -0.499547070 -0.695807927
vn -0.516046348 -0.499547501 -0.695807776
vn 0.516046555 -0.499547070 0.695807931
vn 0.516046343 -0.499547501 0.695807780
vn 0.516046492 0.499547068 0.695807980
vn 0.516046408 0.499547499 0.695807733
vn -0.516046496 0.499547069 -0.695807976
vn -0.516046414 0.499547499 -0.695807728
vn -0.445360380 -0.499547455 -0.743038675
vn -0.445359295 -0.499549815 -0.743037738
vn 0.445360627 -0.499547461 0.743038522
vn 0.445359557 -0.499549809 0.743037585
vn 0.445360256 0.499547452 0.743038751
vn 0.445359934 0.499549800 0.743037366
vn -0.445359997 0.499547446 -0.743038910
vn -0.445359683 0.499549806 -0.743037512
vn -0.370384362 -0.499549929 -0.783112567
vn -0.370385065 -0.499548248 -0.783113307
vn 0.370384487 -0.499549932 0.783112506
vn 0.370385186 -0.499548245 0.783113252
vn 0.370384769 0.499549939 0.783112369
vn 0.370384901 0.499548252 0.783113382
vn -0.370384649 0.499549936 -0.783112427
vn -0.370384774 0.499548255 -0.783113440
vn -0.291842699 -0.499548267 -0.815646595
vn -0.291843314 -0.499546619 -0.815647384
vn 0.291842702 -0.499548267 0.815646594
vn 0.291843310 -0.499546619 0.815647386
vn 0.291842988 0.499548274 0.815646487
vn 0.291843021 0.499546625 0.815647485
vn -0.291842993 0.499548274 -0.815646486
vn -0.291843018 0.499546625 -0.815647486
vn -0.210491109 -0.499546483 -0.840325415
vn -0.210490555 -0.499548191 -0.840324539
vn 0.210491052 -0.499546482 0.840325431
vn 0.210490504 -0.499548192 0.840324551
vn 0.210490745 0.499546475 0.840325512
vn 0.210490813 0.499548185 0.840324478
vn -0.210490795 0.499546476 -0.840325498
vn -0.210490871 0.499548184 -0.840324464
vn -0.127110399 -0.499548198 -0.856909881
vn -0.127110472 -0.499547933 -0.856910025
vn 0.127110254 -0.499548195 0.856909904
vn 0.127110324 -0.499547936 0.856910045
vn 0.127110302 0.499548196 0.856909897
vn 0.127110276 0.499547937 0.856910051
vn -0.127110449 0.499548199 -0.856909873
vn -0.127110422 0.499547934 -0.856910032
vn -0.042506166 -0.499547938 -0.865242789
vn -0.042506515 -0.499546339 -0.865243695
vn 0.042506463 -0.499547944 0.865242770
vn 0.042506807 -0.499546333 0.865243684
vn 0.042506761 0.499547951 0.865242752
vn 0.042506508 0.499546339 0.865243695
vn -0.042506470 0.499547945 -0.865242770
vn -0.042506211 0.499546346 -0.865243706
vn 0.042506211 -0.499546346 -0.865243706
vn 0.042506470 -0.499547945 -0.865242770
vn -0.042506508 -0.499546339 0.865243695
vn -0.042506761 -0.499547951 0.865242752
vn -0.042506807 0.499546333 0.865243684
vn -0.042506463 0.499547944 0.865242770
vn 0.042506515 0.499546339 -0.865243695
vn 0.042506166 0.499547938 -0.865242789
vn 0.127110422 -0.499547934 -0.856910032
vn 0.127110449 -0.499548199 -0.856909873
vn -0.127110276 -0.499547937 0.856910051
vn -0.127110302 -0.499548196 0.856909897
vn -0.127110324 0.499547936 0.856910045
vn -0.127110254 0.499548195 0.856909904
vn 0.127110472 0.499547933 -0.856910025
vn 0.127110399 0.499548198 -0.856909881
vn 0.210490871 -0.499548184 -0.840324464
vn 0.210490795 -0.499546476 -0.840325498
vn -0.210490813 -0.499548185 0.840324478
vn -0.210490745 -0.499546475 0.840325512
vn -0.210490504 0.499548192 0.840324551
vn -0.210491052 0.499546482 0.840325431
vn 0.210490555 0.499548191 -0.840324539
vn 0.210491109 0.499546483 -0.840325415
vn 0.291843018 -0.499546625 -0.815647486
vn 0.291842993 -0.499548274 -0.815646486
vn -0.291843021 -0.499546625 0.815647485
vn -0.291842988 -0.499548274 0.815646487
vn -0.291843310 0.499546619 0.815647386
vn -0.291842702 0.499548267 0.815646594
vn 0.291843314 0.499546619 -0.815647384
vn 0.291842699 0.499548267 -0.815646595
vn 0.370384774 -0.499548255 -0.783113440
vn 0.370384649 -0.499549936 -0.783112427
vn -0.370384901 -0.499548252 0.783113382
vn -0.370384769 -0.499549939 0.783112369
vn -0.370385186 0.499548245 0.783113252
vn -0.370384487 0.499549932 0.783112506
vn 0.370385065 0.499548248 -0.783113307
vn 0.370384362 0.499549929 -0.783112567
vn 0.445359683 -0.499549806 -0.743037512
vn 0.445359997 -0.499547446 -0.743038910
vn -0.445359934 -0.499549800 0.743037366
vn -0.445360256 -0.499547452 0.743038751
vn -0.445359557 0.499549809 0.743037585
vn -0.445360627 0.499547461 0.743038522
vn 0.445359295 0.499549815 -0.743037738
vn 0.445360380 0.499547455 -0.743038675
vn 0.516046414 -0.499547499 -0.695807728
vn 0.516046496 -0.499547069 -0.695807976
vn -0.516046408 -0.499547499 0.695807733
vn -0.516046492 -0.499547068 0.695807980
vn -0.516046343 0.499547501 0.695807780
vn -0.516046555 0.499547070 0.695807931
vn 0.516046348 0.499547501 -0.695807776
vn 0.516046561 0.499547070 -0.695807927
vn 0.581762565 -0.499547341 -0.641875979
vn 0.581762389 -0.499548053 -0.641875584
vn -0.581762331 -0.499547348 0.641876186
vn -0.581762157 -0.499548047 0.641875800
vn -0.581762428 0.499547345 0.641876100
vn -0.581762061 0.499548044 0.641875888
vn 0.581762666 0.499547338 -0.641875889
vn 0.581762290 0.499548050 -0.641875676
vn 0.641875676 -0.499548050 -0.581762290
vn 0.641875889 -0.499547338 -0.581762666
vn -0.641875888 -0.499548044 0.581762061
vn -0.641876100 -0.499547345 0.581762428
vn -0.641875800 0.499548047 0.581762157
vn -0.641876186 0.499547348 0.581762331
vn 0.641875584 0.499548053 -0.581762389
vn 0.641875979 0.499547341 -0.581762565
vn 0.695807927 -0.499547070 -0.516046561
vn 0.695807776 -0.499547501 -0.516046348
vn -0.695807931 -0.499547070 0.516046555
vn -0.695807780 -0.499547501 0.516046343
vn -0.695807980 0.499547068 0.516046492
vn -0.695807733 0.499547499 0.516046408
vn 0.695807976 0.499547069 -0.516046496
vn 0.695807728 0.499547499 -0.516046414
vn 0.743038675 -0.499547455 -0.445360380
vn 0.743037738 -0.499549815 -0.445359295
vn -0.743038522 -0.499547461 0.445360627
vn -0.743037585 -0.499549809 0.445359557
vn -0.743038751 0.499547452 0.445360256
vn -0.743037366 0.499549800 0.445359934
vn 0.743038910 0.499547446 -0.445359997
vn 0.743037512 0.499549806 -0.445359683
vn 0.783112567 -0.499549929 -0.370384362
vn 0.783113307 -0.499548248 -0.370385065
vn -0.783112506 -0.499549932 0.370384487
vn -0.783113252 -0.499548245 0.370385186
vn -0.783112369 0.499549939 0.370384769
vn -0.783113382 0.499548252 0.370384901
vn 0.783112427 0.499549936 -0.370384649
vn 0.783113440 0.499548255 -0.370384774
vn 0.815646595 -0.499548267 -0.291842699
vn 0.815647384 -0.499546619 -0.291843314
vn -0.815646594 -0.499548267 0.291842702
vn -0.815647386 -0.499546619 0.291843310
vn -0.815646487 0.499548274 0.291842988
vn -0.815647485 0.499546625 0.291843021
vn 0.815646486 0.499548274 -0.291842993
vn 0.815647486 0.499546625 -0.291843018
vn 0.840325415 -0.499546483 -0.210491109
vn 0.840324539 -0.499548191 -0.210490555
vn -0.840325431 -0.499546482 0.210491052
vn -0.840324551 -0.499548192 0.210490504
vn -0.840325512 0.499546475 0.210490745
vn -0.840324478 0.499548185 0.210490813
vn 0.840325498 0.499546476 -0.210490795
vn 0.840324464 0.499548184 -0.210490871
vn 0.856909881 -0.499548198 -0.127110399
vn 0.856910025 -0.499547933 -0.127110472
vn -0.856909904 -0.499548195 0.127110254
vn -0.856910045 -0.499547936 0.127110324
vn -0.856909897 0.499548196 0.127110302
vn -0.856910051 0.499547937 0.127110276
vn 0.856909873 0.499548199 -0.127110449
vn 0.856910032 0.499547934 -0.127110422
vn 0.865242789 -0.499547938 -0.042506166
vn 0.865243695 -0.499546339 -0.042506515
vn -0.865242770 -0.499547944 0.042506463
vn -0.865243684 -0.499546333 0.042506807
vn -0.865242752 0.499547951 0.042506761
vn -0.865243695 0.499546339 0.042506508
vn 0.865242770 0.499547945 -0.042506470
vn 0.865243706 0.499546346 -0.042506211
vn 0.865243706 -0.499546346 0.042506211
vn 0.865242770 -0.499547945 0.042506470
vn -0.865243695 -0.499546339 -0.042506508
vn -0.865242752 -0.499547951 -0.042506761
vn -0.865243684 0.499546333 -0.042506807
vn -0.865242770 0.499547944 -0.042506463
vn 0.865243695 0.499546339 0.042506515
vn 0.865242789 0.499547938 0.042506166
vn 0.856910032 -0.499547934 0.127110422
vn 0.856909873 -0.499548199 0.127110449
vn -0.856910051 -0.499547937 -0.127110276
vn -0.856909897 -0.499548196 -0.127110302
vn -0.856910045 0.499547936 -0.127110324
vn -0.856909904 0.499548195 -0.127110254
vn 0.856910025 0.499547933 0.127110472
vn 0.856909881 0.499548198 0.127110399
vn 0.840324464 -0.499548184 0.210490871
vn 0.840325498 -0.499546476 0.210490795
vn -0.840324478 -0.499548185 -0.210490813
vn -0.840325512 -0.499546475 -0.210490745
vn -0.840324551 0.499548192 -0.210490504
vn -0.840325431 0.499546482 -0.210491052
vn 0.840324539 0.499548191 0.210490555
vn 0.840325415 0.499546483 0.210491109
vn 0.815647486 -0.499546625 0.291843018
vn 0.815646486 -0.499548274 0.291842993
vn -0.815647485 -0.499546625 -0.291843021
vn -0.815646487 -0.499548274 -0.291842988
vn -0.815647386 0.499546619 -0.291843310
vn -0.815646594 0.499548267 -0.291842702
vn 0.815647384 0.499546619 0.291843314
vn 0.815646595 0.499548267 0.291842699
vn 0.783113440 -0.499548255 0.370384774
vn 0.783112427 -0.499549936 0.370384649
vn -0.783113382 -0.499548252 -0.370384901
vn -0.783112369 -0.499549939 -0.370384769
vn -0.783113252 0.499548245 -0.370385186
vn -0.783112506 0.499549932 -0.370384487
vn 0.783113307 0.499548248 0.370385065
vn 0.783112567 0.499549929 0.370384362
vn 0.743037512 -0.499549806 0.445359683
vn 0.743038910 -0.499547446 0.445359997
vn -0.743037366 -0.499549800 -0.445359934
vn -0.743038751 -0.499547452 -0.445360256
vn -0.743037585 0.499549809 -0.445359557
vn -0.743038522 0.499547461 -0.445360627
vn 0.743037738 0.499549815 0.445359295
vn 0.743038675 0.499547455 0.445360380
vn 0.695807728 -0.499547499 0.516046414
vn 0.695807976 -0.499547069 0.516046496
vn -0.695807733 -0.499547499 -0.516046408
vn -0.695807980 -0.499547068 -0.516046492
vn -0.695807780 0.499547501 -0.516046343
vn -0.695807931 0.499547070 -0.516046555
vn 0.695807776 0.499547501 0.516046348
vn 0.695807927 0.499547070 0.516046561
vn 0.641875979 -0.499547341 0.581762565
vn 0.641875584 -0.499548053 0.581762389
vn -0.641876186 -0.499547348 -0.581762331
vn -0.641875800 -0.499548047 -0.581762157
vn -0.641876100 0.499547345 -0.581762428
vn -0.641875888 0.499548044 -0.581762061
vn 0.641875889 0.499547338 0.581762666
vn 0.641875676 0.499548050 0.581762290
vn 0.581762290 -0.499548050 0.641875676
vn 0.581762666 -0.499547338 0.641875889
vn -0.581762061 -0.499548044 -0.641875888
vn -0.581762428 -0.499547345 -0.641876100
vn -0.581762157 0.499548047 -0.641875800
vn -0.581762331 0.499547348 -0.641876186
vn 0.581762389 0.499548053 0.641875584
vn 0.581762565 0.499547341 0.641875979
vn 0.516046561 -0.499547070 0.695807927
vn 0.516046348 -0.499547501 0.695807776
vn -0.516046555 -0.499547070 -0.695807931
vn -0.516046343 -0.499547501 -0.695807780
vn -0.516046492 0.499547068 -0.695807980
vn -0.516046408 0.499547499 -0.695807733
vn 0.516046496 0.499547069 0.695807976
vn 0.516046414 0.499547499 0.695807728
vn 0.445360380 -0.499547455 0.743038675
vn 0.445359295 -0.499549815 0.743037738
vn -0.445360627 -0.499547461 -0.743038522
vn -0.445359557 -0.499549809 -0.743037585
vn -0.445360256 0.499547452 -0.743038751
vn -0.445359934 0.499549800 -0.743037366
vn 0.445359997 0.499547446 0.743038910
vn 0.445359683 0.499549806 0.743037512
vn 0.370384362 -0.499549929 0.783112567
vn 0.370385065 -0.499548248 0.783113307
vn -0.370384487 -0.499549932 -0.783112506
vn -0.370385186 -0.499548245 -0.783113252
vn -0.370384769 0.499549939 -0.783112369
vn -0.370384901 0.499548252 -0.783113382
vn 0.370384649 0.499549936 0.783112427
vn 0.370384774 0.499548255 0.783113440
vn 0.291842699 -0.499548267 0.815646595
vn 0.291843314 -0.499546619 0.815647384
vn -0.291842702 -0.499548267 -0.815646594
vn -0.291843310 -0.499546619 -0.815647386
vn -0.291842988 0.499548274 -0.815646487
vn -0.291843021 0.499546625 -0.815647485
vn 0.291842993 0.499548274 0.815646486
vn 0.291843018 0.499546625 0.815647486
vn 0.210491109 -0.499546483 0.840325415
vn 0.210490555 -0.499548191 0.840324539
vn -0.210491052 -0.499546482 -0.840325431
vn -0.210490504 -0.499548192 -0.840324551
vn -0.210490745 0.499546475 -0.840325512
vn -0.210490813 0.499548185 -0.840324478
vn 0.210490795 0.499546476 0.840325498
vn 0.210490871 0.499548184 0.840324464
vn 0.127110399 -0.499548198 0.856909881
vn 0.127110472 -0.499547933 0.856910025
vn -0.127110254 -0.499548195 -0.856909904
vn -0.127110324 -0.499547936 -0.856910045
vn -0.127110302 0.499548196 -0.856909897
vn -0.127110276 0.499547937 -0.856910051
vn 0.127110449 0.499548199 0.856909873
vn 0.127110422 0.499547934 0.856910032
vn 0.042506166 -0.499547938 0.865242789
vn 0.042506515 -0.499546339 0.865243695
vn -0.042506463 -0.499547944 -0.865242770
vn -0.042506807 -0.499546333 -0.865243684
vn -0.042506761 0.499547951 -0.865242752
vn -0.042506508 0.499546339 -0.865243695
vn 0.042506470 0.499547945 0.865242770
vn 0.042506211 0.499546346 0.865243706
vn -0.042506211 -0.499546346 0.865243706
vn -0.042506470 -0.499547945 0.865242770
vn 0.042506508 -0.499546339 -0.865243695
vn 0.042506761 -0.499547951 -0.865242752
vn 0.042506807 0.499546333 -0.865243684
vn 0.042506463 0.499547944 -0.865242770
vn -0.042506515 0.499546339 0.865243695
vn -0.042506166 0.499547938 0.865242789
vn -0.127110422 -0.499547934 0.856910032
vn -0.127110449 -0.499548199 0.856909873
vn 0.127110276 -0.499547937 -0.856910051
vn 0.127110302 -0.499548196 -0.856909897
vn 0.127110324 0.499547936 -0.856910045
vn 0.127110254 0.499548195 -0.856909904
vn -0.127110472 0.499547933 0.856910025
vn -0.127110399 0.499548198 0.856909881
vn -0.210490871 -0.499548184 0.840324464
vn -0.210490795 -0.499546476 0.840325498
vn 0.210490813 -0.499548185 -0.840324478
vn 0.210490745 -0.499546475 -0.840325512
vn 0.210490504 0.499548192 -0.840324551
vn 0.210491052 0.499546482 -0.840325431
vn -0.210490555 0.499548191 0.840324539
vn -0.210491109 0.499546483 0.840325415
vn -0.291843018 -0.499546625 0.815647486
vn -0.291842993 -0.499548274 0.815646486
vn 0.291843021 -0.499546625 -0.815647485
vn 0.291842988 -0.499548274 -0.815646487
vn 0.291843310 0.499546619 -0.815647386
vn 0.291842702 0.499548267 -0.815646594
vn -0.291843314 0.499546619 0.815647384
vn -0.291842699 0.499548267 0.815646595
vn -0.370384774 -0.499548255 0.783113440
vn -0.370384649 -0.499549936 0.783112427
vn 0.370384901 -0.499548252 -0.783113382
vn 0.370384769 -0.499549939 -0.783112369
vn 0.370385186 0.499548245 -0.783113252
vn 0.370384487 0.499549932 -0.783112506
vn -0.370385065 0.499548248 0.783113307
vn -0.370384362 0.499549929 0.783112567
vn -0.445359683 -0.499549806 0.743037512
vn -0.445359997 -0.499547446 0.743038910
vn 0.445359934 -0.499549800 -0.743037366
vn 0.445360256 -0.499547452 -0.743038751
vn 0.445359557 0.499549809 -0.743037585
vn 0.445360627 0.499547461 -0.743038522
vn -0.445359295 0.499549815 0.743037738
vn -0.445360380 0.499547455 0.743038675
vn -0.516046414 -0.499547499 0.695807728
vn -0.516046496 -0.499547069 0.695807976
vn 0.516046408 -0.499547499 -0.695807733
vn 0.516046492 -0.499547068 -0.695807980
vn 0.516046343 0.499547501 -0.695807780
vn 0.516046555 0.499547070 -0.695807931
vn -0.516046348 0.499547501 0.695807776
vn -0.516046561 0.499547070 0.695807927
vn -0.581762565 -0.499547341 0.641875979
vn -0.581762389 -0.499548053 0.641875584
vn 0.581762331 -0.499547348 -0.641876186
vn 0.581762157 -0.499548047 -0.641875800
vn 0.581762428 0.499547345 -0.641876100
vn 0.581762061 0.499548044 -0.641875888
vn -0.581762666 0.499547338 0.641875889
vn -0.581762290 0.499548050 0.641875676
vn -0.641875676 -0.499548050 0.581762290
vn -0.641875889 -0.499547338 0.581762666
vn 0.641875888 -0.499548044 -0.581762061
vn 0.641876100 -0.499547345 -0.581762428
vn 0.641875800 0.499548047 -0.581762157
vn 0.641876186 0.499547348 -0.581762331
vn -0.641875584 0.499548053 0.581762389
vn -0.641875979 0.499547341 0.581762565
vn -0.695807927 -0.499547070 0.516046561
vn -0.695807776 -0.499547501 0.516046348
vn 0.695807931 -0.499547070 -0.516046555
vn 0.695807780 -0.499547501 -0.516046343
vn 0.695807980 0.499547068 -0.516046492
vn 0.695807733 0.499547499 -0.516046408
vn -0.695807976 0.499547069 0.516046496
vn -0.695807728 0.499547499 0.516046414
vn -0.743038675 -0.499547455 0.445360380
vn -0.743037738 -0.499549815 0.445359295
vn 0.743038522 -0.499547461 -0.445360627
vn 0.743037585 -0.499549809 -0.445359557
vn 0.743038751 0.499547452 -0.445360256
vn 0.743037366 0.499549800 -0.445359934
vn -0.743038910 0.499547446 0.445359997
vn -0.743037512 0.499549806 0.445359683
vn -0.783112567 -0.499549929 0.370384362
vn -0.783113307 -0.499548248 0.370385065
vn 0.783112506 -0.499549932 -0.370384487
vn 0.783113252 -0.499548245 -0.370385186
vn 0.783112369 0.499549939 -0.370384769
vn 0.783113382 0.499548252 -0.370384901
vn -0.783112427 0.499549936 0.370384649
vn -0.783113440 0.499548255 0.370384774
vn -0.815646595 -0.499548267 0.291842699
vn -0.815647384 -0.499546619 0.291843314
vn 0.815646594 -0.499548267 -0.291842702
vn 0.815647386 -0.499546619 -0.291843310
vn 0.815646487 0.499548274 -0.291842988
vn 0.815647485 0.499546625 -0.291843021
vn -0.815646486 0.499548274 0.291842993
vn -0.815647486 0.499546625 0.291843018
vn -0.840325415 -0.499546483 0.210491109
vn -0.840324539 -0.499548191 0.210490555
vn 0.840325431 -0.499546482 -0.210491052
vn 0.840324551 -0.499548192 -0.210490504
vn 0.840325512 0.499546475 -0.210490745
vn 0.840324478 0.499548185 -0.210490813
vn -0.840325498 0.499546476 0.210490795
vn -0.840324464 0.499548184 0.210490871
vn -0.856909881 -0.499548198 0.127110399
vn -0.856910025 -0.499547933 0.127110472
vn 0.856909904 -0.499548195 -0.127110254
vn 0.856910045 -0.499547936 -0.127110324
vn 0.856909897 0.499548196 -0.127110302
vn 0.856910051 0.499547937 -0.127110276
vn -0.856909873 0.499548199 0.127110449
vn -0.856910032 0.499547934 0.127110422
vn -0.865247996 -0.499546130 0.042421337
vn -0.864990799 -0.499999708 0.042322681
vn 0.865232425 -0.499551520 -0.042674697
vn 0.864978258 -0.499999713 -0.042578152
vn 0.865237580 0.499549741 -0.042590917
vn 0.864974132 0.499999708 -0.042661958
vn -0.865253257 0.499544296 0.042335523
vn -0.864986592 0.499999713 0.042408521
vn 0.049067483 0.000000000 -0.998795466
vn 0.049067491 0.000000000 0.998795465
vn -0.864985529 -0.500001557 -0.042408469
vn -0.865252196 -0.499546139 -0.042335471
vn 0.864973069 -0.500001552 0.042661905
vn 0.865236518 -0.499551584 0.042590864
vn 0.864977195 0.500001557 0.042578099
vn 0.865231363 0.499553363 0.042674645
vn -0.864989736 0.500001551 -0.042322629
vn -0.865246935 0.499547973 -0.042421285
vn -0.856908980 -0.499549777 -0.127110266
vn -0.856908822 -0.499550042 -0.127110293
vn 0.856909000 -0.499549780 0.127110120
vn 0.856908845 -0.499550039 0.127110146
vn 0.856908994 0.499549779 0.127110168
vn 0.856908853 0.499550038 0.127110099
vn -0.856908974 0.499549776 -0.127110316
vn -0.856908830 0.499550041 -0.127110243
vn -0.840323433 -0.499550027 -0.210490613
vn -0.840324467 -0.499548319 -0.210490537
vn 0.840323447 -0.499550028 0.210490555
vn 0.840324481 -0.499548318 0.210490486
vn 0.840323521 0.499550035 0.210490246
vn 0.840324400 0.499548325 0.210490793
vn -0.840323508 0.499550034 -0.210490297
vn -0.840324385 0.499548326 -0.210490851
vn -0.815646486 -0.499548468 -0.291842660
vn -0.815645485 -0.499550117 -0.291842635
vn 0.815646485 -0.499548468 0.291842662
vn 0.815645487 -0.499550117 0.291842630
vn 0.815646385 0.499548462 0.291842952
vn 0.815645593 0.499550110 0.291842343
vn -0.815646384 0.499548462 -0.291842956
vn -0.815645594 0.499550110 -0.291842341
vn -0.783112479 -0.499550098 -0.370384320
vn -0.783111466 -0.499551779 -0.370384195
vn 0.783112421 -0.499550095 0.370384447
vn 0.783111408 -0.499551782 0.370384314
vn 0.783112291 0.499550088 0.370384732
vn 0.783111545 0.499551775 0.370384033
vn -0.783112346 0.499550091 -0.370384611
vn -0.783111607 0.499551772 -0.370383907
vn -0.743036601 -0.499551649 -0.445359136
vn -0.743037999 -0.499549289 -0.445359451
vn 0.743036454 -0.499551643 0.445359387
vn 0.743037840 -0.499549295 0.445359709
vn 0.743036674 0.499551652 0.445359010
vn 0.743037611 0.499549304 0.445360080
vn -0.743036827 0.499551658 -0.445358748
vn -0.743037763 0.499549298 -0.445359833
vn -0.695806875 -0.499549342 -0.516045781
vn -0.695807123 -0.499548912 -0.516045863
vn 0.695806879 -0.499549342 0.516045775
vn 0.695807126 -0.499548911 0.516045859
vn 0.695806926 0.499549344 0.516045710
vn 0.695807078 0.499548913 0.516045922
vn -0.695806923 0.499549344 -0.516045715
vn -0.695807073 0.499548913 -0.516045928
vn -0.641875192 -0.499549184 -0.581761851
vn -0.641874796 -0.499549896 -0.581761675
vn 0.641875398 -0.499549191 0.581761617
vn 0.641875012 -0.499549890 0.581761443
vn 0.641875312 0.499549188 0.581761715
vn 0.641875101 0.499549887 0.581761348
vn -0.641875102 0.499549181 -0.581761952
vn -0.641874888 0.499549893 -0.581761576
vn -0.581761576 -0.499549893 -0.641874888
vn -0.581761952 -0.499549181 -0.641875102
vn 0.581761348 -0.499549887 0.641875101
vn 0.581761715 -0.499549188 0.641875312
vn 0.581761443 0.499549890 0.641875012
vn 0.581761617 0.499549191 0.641875398
vn -0.581761675 0.499549896 -0.641874796
vn -0.581761851 0.499549184 -0.641875192
vn -0.516045928 -0.499548913 -0.695807073
vn -0.516045715 -0.499549344 -0.695806923
vn 0.516045922 -0.499548913 0.695807078
vn 0.516045710 -0.499549344 0.695806926
vn 0.516045859 0.499548911 0.695807126
vn 0.516045775 0.499549342 0.695806879
vn -0.516045863 0.499548912 -0.695807123
vn -0.516045781 0.499549342 -0.695806875
vn -0.445359833 -0.499549298 -0.743037763
vn -0.445358748 -0.499551658 -0.743036827
vn 0.445360080 -0.499549304 0.743037611
vn 0.445359010 -0.499551652 0.743036674
vn 0.445359709 0.499549295 0.743037840
vn 0.445359387 0.499551643 0.743036454
vn -0.445359451 0.499549289 -0.743037999
vn -0.445359136 0.499551649 -0.743036601
vn -0.370383907 -0.499551772 -0.783111607
vn -0.370384611 -0.499550091 -0.783112346
vn 0.370384033 -0.499551775 0.783111545
vn 0.370384732 -0.499550088 0.783112291
vn 0.370384314 0.499551782 0.783111408
vn 0.370384447 0.499550095 0.783112421
vn -0.370384195 0.499551779 -0.783111466
vn -0.370384320 0.499550098 -0.783112479
vn -0.291842341 -0.499550110 -0.815645594
vn -0.291842956 -0.499548462 -0.815646384
vn 0.291842343 -0.499550110 0.815645593
vn 0.291842952 -0.499548462 0.815646385
vn 0.291842630 0.499550117 0.815645487
vn 0.291842662 0.499548468 0.815646485
vn -0.291842635 0.499550117 -0.815645485
vn -0.291842660 0.499548468 -0.815646486
vn -0.210490851 -0.499548326 -0.840324385
vn -0.210490297 -0.499550034 -0.840323508
vn 0.210490793 -0.499548325 0.840324400
vn 0.210490246 -0.499550035 0.840323521
vn 0.210490486 0.499548318 0.840324481
vn 0.210490555 0.499550028 0.840323447
vn -0.210490537 0.499548319 -0.840324467
vn -0.210490613 0.499550027 -0.840323433
vn -0.127110243 -0.499550041 -0.856908830
vn -0.127110316 -0.499549776 -0.856908974
vn 0.127110099 -0.499550038 0.856908853
vn 0.127110168 -0.499549779 0.856908994
vn 0.127110146 0.499550039 0.856908845
vn 0.127110120 0.499549780 0.856909000
vn -0.127110293 0.499550042 -0.856908822
vn -0.127110266 0.499549777 -0.856908980
vn -0.042506114 -0.499549781 -0.865241727
vn -0.042506463 -0.499548182 -0.865242633
vn 0.042506411 -0.499549787 0.865241709
vn 0.042506755 -0.499548176 0.865242622
vn 0.042506709 0.499549794 0.865241691
vn 0.042506456 0.499548182 0.865242633
vn -0.042506417 0.499549788 -0.865241709
vn -0.042506159 0.499548189 -0.865242644
vn 0.042506159 -0.499548189 -0.865242644
vn 0.042506417 -0.499549788 -0.865241709
vn -0.042506456 -0.499548182 0.865242633
vn -0.042506709 -0.499549794 0.865241691
vn -0.042506755 0.499548176 0.865242622
vn -0.042506411 0.499549787 0.865241709
vn 0.042506463 0.499548182 -0.865242633
vn 0.042506114 0.499549781 -0.865241727
vn 0.127110266 -0.499549777 -0.856908980
vn 0.127110293 -0.499550042 -0.856908822
vn -0.127110120 -0.499549780 0.856909000
vn -0.127110146 -0.499550039 0.856908845
vn -0.127110168 0.499549779 0.856908994
vn -0.127110099 0.499550038 0.856908853
vn 0.127110316 0.499549776 -0.856908974
vn 0.127110243 0.499550041 -0.856908830
vn 0.210490613 -0.499550027 -0.840323433
vn 0.210490537 -0.499548319 -0.840324467
vn -0.210490555 -0.499550028 0.840323447
vn -0.210490486 -0.499548318 0.840324481
vn -0.210490246 0.499550035 0.840323521
vn -0.210490793 0.499548325 0.840324400
vn 0.210490297 0.499550034 -0.840323508
vn 0.210490851 0.499548326 -0.840324385
vn 0.291842660 -0.499548468 -0.815646486
vn 0.291842635 -0.499550117 -0.815645485
vn -0.291842662 -0.499548468 0.815646485
vn -0.291842630 -0.499550117 0.815645487
vn -0.291842952 0.499548462 0.815646385
vn -0.291842343 0.499550110 0.815645593
vn 0.291842956 0.499548462 -0.815646384
vn 0.291842341 0.499550110 -0.815645594
vn 0.370384320 -0.499550098 -0.783112479
vn 0.370384195 -0.499551779 -0.783111466
vn -0.370384447 -0.499550095 0.783112421
vn -0.370384314 -0.499551782 0.783111408
vn -0.370384732 0.499550088 0.783112291
vn -0.370384033 0.499551775 0.783111545
vn 0.370384611 0.499550091 -0.783112346
vn 0.370383907 0.499551772 -0.783111607
vn 0.445359136 -0.499551649 -0.743036601
vn 0.445359451 -0.499549289 -0.743037999
vn -0.445359387 -0.499551643 0.743036454
vn -0.445359709 -0.499549295 0.743037840
vn -0.445359010 0.499551652 0.743036674
vn -0.445360080 0.499549304 0.743037611
vn 0.445358748 0.499551658 -0.743036827
vn 0.445359833 0.499549298 -0.743037763
vn 0.516045781 -0.499549342 -0.695806875
vn 0.516045863 -0.499548912 -0.695807123
vn -0.516045775 -0.499549342 0.695806879
vn -0.516045859 -0.499548911 0.695807126
vn -0.516045710 0.499549344 0.695806926
vn -0.516045922 0.499548913 0.695807078
vn 0.516045715 0.499549344 -0.695806923
vn 0.516045928 0.499548913 -0.695807073
vn 0.581761851 -0.499549184 -0.641875192
vn 0.581761675 -0.499549896 -0.641874796
vn -0.581761617 -0.499549191 0.641875398
vn -0.581761443 -0.499549890 0.641875012
vn -0.581761715 0.499549188 0.641875312
vn -0.581761348 0.499549887 0.641875101
vn 0.581761952 0.499549181 -0.641875102
vn 0.581761576 0.499549893 -0.641874888
vn 0.641874888 -0.499549893 -0.581761576
vn 0.641875102 -0.499549181 -0.581761952
vn -0.641875101 -0.499549887 0.581761348
vn -0.641875312 -0.499549188 0.581761715
vn -0.641875012 0.499549890 0.581761443
vn -0.641875398 0.499549191 0.581761617
vn 0.641874796 0.499549896 -0.581761675
vn 0.641875192 0.499549184 -0.581761851
vn 0.695807073 -0.499548913 -0.516045928
vn 0.695806923 -0.499549344 -0.516045715
vn -0.695807078 -0.499548913 0.516045922
vn -0.695806926 -0.499549344 0.516045710
vn -0.695807126 0.499548911 0.516045859
vn -0.695806879 0.499549342 0.516045775
vn 0.695807123 0.499548912 -0.516045863
vn 0.695806875 0.499549342 -0.516045781
vn 0.743037763 -0.499549298 -0.445359833
vn 0.743036827 -0.499551658 -0.445358748
vn -0.743037611 -0.499549304 0.445360080
vn -0.743036674 -0.499551652 0.445359010
vn -0.743037840 0.499549295 0.445359709
vn -0.743036454 0.499551643 0.445359387
vn 0.743037999 0.499549289 -0.445359451
vn 0.743036601 0.499551649 -0.445359136
vn 0.783111607 -0.499551772 -0.370383907
vn 0.783112346 -0.499550091 -0.370384611
vn -0.783111545 -0.499551775 0.370384033
vn -0.783112291 -0.499550088 0.370384732
vn -0.783111408 0.499551782 0.370384314
vn -0.783112421 0.499550095 0.370384447
vn 0.783111466 0.499551779 -0.370384195
vn 0.783112479 0.499550098 -0.370384320
vn 0.815645594 -0.499550110 -0.291842341
vn 0.815646384 -0.499548462 -0.291842956
vn -0.815645593 -0.499550110 0.291842343
vn -0.815646385 -0.499548462 0.291842952
vn -0.815645487 0.499550117 0.291842630
vn -0.815646485 0.499548468 0.291842662
vn 0.815645485 0.499550117 -0.291842635
vn 0.815646486 0.499548468 -0.291842660
vn 0.840324385 -0.499548326 -0.210490851
vn 0.840323508 -0.499550034 -0.210490297
vn -0.840324400 -0.499548325 0.210490793
vn -0.840323521 -0.499550035 0.210490246
vn -0.840324481 0.499548318 0.210490486
vn -0.840323447 0.499550028 0.210490555
vn 0.840324467 0.499548319 -0.210490537
vn 0.840323433 0.499550027 -0.210490613
vn 0.856908830 -0.499550041 -0.127110243
vn 0.856908974 -0.499549776 -0.127110316
vn -0.856908853 -0.499550038 0.127110099
vn -0.856908994 -0.499549779 0.127110168
vn -0.856908845 0.499550039 0.127110146
vn -0.856909000 0.499549780 0.127110120
vn 0.856908822 0.499550042 -0.127110293
vn 0.856908980 0.499549777 -0.127110266
vn 0.865241727 -0.499549781 -0.042506114
vn 0.865242633 -0.499548182 -0.042506463
vn -0.865241709 -0.499549787 0.042506411
vn -0.865242622 -0.499548176 0.042506755
vn -0.865241691 0.499549794 0.042506709
vn -0.865242633 0.499548182 0.042506456
vn 0.865241709 0.499549788 -0.042506417
vn 0.865242644 0.499548189 -0.042506159
vn 0.865242644 -0.499548189 0.042506159
vn 0.865241709 -0.499549788 0.042506417
vn -0.865242633 -0.499548182 -0.042506456
vn -0.865241691 -0.499549794 -0.042506709
vn -0.865242622 0.499548176 -0.042506755
vn -0.865241709 0.499549787 -0.042506411
vn 0.865242633 0.499548182 0.042506463
vn 0.865241727 0.499549781 0.042506114
vn 0.856908980 -0.499549777 0.127110266
vn 0.856908822 -0.499550042 0.127110293
vn -0.856909000 -0.499549780 -0.127110120
vn -0.856908845 -0.499550039 -0.127110146
vn -0.856908994 0.499549779 -0.127110168
vn -0.856908853 0.499550038 -0.127110099
vn 0.856908974 0.499549776 0.127110316
vn 0.856908830 0.499550041 0.127110243
vn 0.840323433 -0.499550027 0.210490613
vn 0.840324467 -0.499548319 0.210490537
vn -0.840323447 -0.499550028 -0.210490555
vn -0.840324481 -0.499548318 -0.210490486
vn -0.840323521 0.499550035 -0.210490246
vn -0.840324400 0.499548325 -0.210490793
vn 0.840323508 0.499550034 0.210490297
vn 0.840324385 0.499548326 0.210490851
vn 0.815646486 -0.499548468 0.291842660
vn 0.815645485 -0.499550117 0.291842635
vn -0.815646485 -0.499548468 -0.291842662
vn -0.815645487 -0.499550117 -0.291842630
vn -0.815646385 0.499548462 -0.291842952
vn -0.815645593 0.499550110 -0.291842343
vn 0.815646384 0.499548462 0.291842956
vn 0.815645594 0.499550110 0.291842341
vn 0.783112479 -0.499550098 0.370384320
vn 0.783111466 -0.499551779 0.370384195
vn -0.783112421 -0.499550095 -0.370384447
vn -0.783111408 -0.499551782 -0.370384314
vn -0.783112291 0.499550088 -0.370384732
vn -0.783111545 0.499551775 -0.370384033
vn 0.783112346 0.499550091 0.370384611
vn 0.783111607 0.499551772 0.370383907
vn 0.743036601 -0.499551649 0.445359136
vn 0.743037999 -0.499549289 0.445359451
vn -0.743036454 -0.499551643 -0.445359387
vn -0.743037840 -0.499549295 -0.445359709
vn -0.743036674 0.499551652 -0.445359010
vn -0.743037611 0.499549304 -0.445360080
vn 0.743036827 0.499551658 0.445358748
vn 0.743037763 0.499549298 0.445359833
vn 0.695806875 -0.499549342 0.516045781
vn 0.695807123 -0.499548912 0.516045863
vn -0.695806879 -0.499549342 -0.516045775
vn -0.695807126 -0.499548911 -0.516045859
vn -0.695806926 0.499549344 -0.516045710
vn -0.695807078 0.499548913 -0.516045922
vn 0.695806923 0.499549344 0.516045715
vn 0.695807073 0.499548913 0.516045928
vn 0.641875192 -0.499549184 0.581761851
vn 0.641874796 -0.499549896 0.581761675
vn -0.641875398 -0.499549191 -0.581761617
vn -0.641875012 -0.499549890 -0.581761443
vn -0.641875312 0.499549188 -0.581761715
vn -0.641875101 0.499549887 -0.581761348
vn 0.641875102 0.499549181 0.581761952
vn 0.641874888 0.499549893 0.581761576
vn 0.581761576 -0.499549893 0.641874888
vn 0.581761952 -0.499549181 0.641875102
vn -0.581761348 -0.499549887 -0.641875101
vn -0.581761715 -0.499549188 -0.641875312
vn -0.581761443 0.499549890 -0.641875012
vn -0.581761617 0.499549191 -0.641875398
vn 0.581761675 0.499549896 0.641874796
vn 0.581761851 0.499549184 0.641875192
vn 0.516045928 -0.499548913 0.695807073
vn 0.516045715 -0.499549344 0.695806923
vn -0.516045922 -0.499548913 -0.695807078
vn -0.516045710 -0.499549344 -0.695806926
vn -0.516045859 0.499548911 -0.695807126
vn -0.516045775 0.499549342 -0.695806879
vn 0.516045863 0.499548912 0.695807123
vn 0.516045781 0.499549342 0.695806875
vn 0.445359833 -0.499549298 0.743037763
vn 0.445358748 -0.499551658 0.743036827
vn -0.445360080 -0.499549304 -0.743037611
vn -0.445359010 -0.499551652 -0.743036674
vn -0.445359709 0.499549295 -0.743037840
vn -0.445359387 0.499551643 -0.743036454
vn 0.445359451 0.499549289 0.743037999
vn 0.445359136 0.499551649 0.743036601
vn 0.370383907 -0.499551772 0.783111607
vn 0.370384611 -0.499550091 0.783112346
vn -0.370384033 -0.499551775 -0.783111545
vn -0.370384732 -0.499550088 -0.783112291
vn -0.370384314 0.499551782 -0.783111408
vn -0.370384447 0.499550095 -0.783112421
vn 0.370384195 0.499551779 0.783111466
vn 0.370384320 0.499550098 0.783112479
vn 0.291842341 -0.499550110 0.815645594
vn 0.291842956 -0.499548462 0.815646384
vn -0.291842343 -0.499550110 -0.815645593
vn -0.291842952 -0.499548462 -0.815646385
vn -0.291842630 0.499550117 -0.815645487
vn -0.291842662 0.499548468 -0.815646485
vn 0.291842635 0.499550117 0.815645485
vn 0.291842660 0.499548468 0.815646486
vn 0.210490851 -0.499548326 0.840324385
vn 0.210490297 -0.499550034 0.840323508
vn -0.210490793 -0.499548325 -0.840324400
vn -0.210490246 -0.499550035 -0.840323521
vn -0.210490486 0.499548318 -0.840324481
vn -0.210490555 0.499550028 -0.840323447
vn 0.210490537 0.499548319 0.840324467
vn 0.210490613 0.499550027 0.840323433
vn 0.127110243 -0.499550041 0.856908830
vn 0.127110316 -0.499549776 0.856908974
vn -0.127110099 -0.499550038 -0.856908853
vn -0.127110168 -0.499549779 -0.856908994
vn -0.127110146 0.499550039 -0.856908845
vn -0.127110120 0.499549780 -0.856909000
vn 0.127110293 0.499550042 0.856908822
vn 0.127110266 0.499549777 0.856908980
vn 0.042506114 -0.499549781 0.865241727
vn 0.042506463 -0.499548182 0.865242633
vn -0.042506411 -0.499549787 -0.865241709
vn -0.042506755 -0.499548176 -0.865242622
vn -0.042506709 0.499549794 -0.865241691
vn -0.042506456 0.499548182 -0.865242633
vn 0.042506417 0.499549788 0.865241709
vn 0.042506159 0.499548189 0.865242644
vn -0.042506159 -0.499548189 0.865242644
vn -0.042506417 -0.499549788 0.865241709
vn 0.042506456 -0.499548182 -0.865242633
vn 0.042506709 -0.499549794 -0.865241691
vn 0.042506755 0.499548176 -0.865242622
vn 0.042506411 0.499549787 -0.865241709
vn -0.042506463 0.499548182 0.865242633
vn -0.042506114 0.499549781 0.865241727
vn -0.127110266 -0.499549777 0.856908980
vn -0.127110293 -0.499550042 0.856908822
vn 0.127110120 -0.499549780 -0.856909000
vn 0.127110146 -0.499550039 -0.856908845
vn 0.127110168 0.499549779 -0.856908994
vn 0.127110099 0.499550038 -0.856908853
vn -0.127110316 0.499549776 0.856908974
vn -0.127110243 0.499550041 0.856908830
vn -0.210490613 -0.499550027 0.840323433
vn -0.210490537 -0.499548319 0.840324467
vn 0.210490555 -0.499550028 -0.840323447
vn 0.210490486 -0.499548318 -0.840324481
vn 0.210490246 0.499550035 -0.840323521
vn 0.210490793 0.499548325 -0.840324400
vn -0.210490297 0.499550034 0.840323508
vn -0.210490851 0.499548326 0.840324385
vn -0.291842660 -0.499548468 0.815646486
vn -0.291842635 -0.499550117 0.815645485
vn 0.291842662 -0.499548468 -0.815646485
vn 0.291842630 -0.499550117 -0.815645487
vn 0.291842952 0.499548462 -0.815646385
vn 0.291842343 0.499550110 -0.815645593
vn -0.291842956 0.499548462 0.815646384
vn -0.291842341 0.499550110 0.815645594
vn -0.370384320 -0.499550098 0.783112479
vn -0.370384195 -0.499551779 0.783111466
vn 0.370384447 -0.499550095 -0.783112421
vn 0.370384314 -0.499551782 -0.783111408
vn 0.370384732 0.499550088 -0.783112291
vn 0.370384033 0.499551775 -0.783111545
vn -0.370384611 0.499550091 0.783112346
vn -0.370383907 0.499551772 0.783111607
vn -0.445359136 -0.499551649 0.743036601
vn -0.445359451 -0.499549289 0.743037999
vn 0.445359387 -0.499551643 -0.743036454
vn 0.445359709 -0.499549295 -0.743037840
vn 0.445359010 0.499551652 -0.743036674
vn 0.445360080 0.499549304 -0.743037611
vn -0.445358748 0.499551658 0.743036827
vn -0.445359833 0.499549298 0.743037763
vn -0.516045781 -0.499549342 0.695806875
vn -0.516045863 -0.499548912 0.695807123
vn 0.516045775 -0.499549342 -0.695806879
vn 0.516045859 -0.499548911 -0.695807126
vn 0.516045710 0.499549344 -0.695806926
vn 0.516045922 0.499548913 -0.695807078
vn -0.516045715 0.499549344 0.695806923
vn -0.516045928 0.499548913 0.695807073
vn -0.581761851 -0.499549184 0.641875192
vn -0.581761675 -0.499549896 0.641874796
vn 0.581761617 -0.499549191 -0.641875398
vn 0.581761443 -0.499549890 -0.641875012
vn 0.581761715 0.499549188 -0.641875312
vn 0.581761348 0.499549887 -0.641875101
vn -0.581761952 0.499549181 0.641875102
vn -0.581761576 0.499549893 0.641874888
vn -0.641874888 -0.499549893 0.581761576
vn -0.641875102 -0.499549181 0.581761952
vn 0.641875101 -0.499549887 -0.581761348
vn 0.641875312 -0.499549188 -0.581761715
vn 0.641875012 0.499549890 -0.581761443
vn 0.641875398 0.499549191 -0.581761617
vn -0.641874796 0.499549896 0.581761675
vn -0.641875192 0.499549184 0.581761851
vn -0.695807073 -0.499548913 0.516045928
vn -0.695806923 -0.499549344 0.516045715
vn 0.695807078 -0.499548913 -0.516045922
vn 0.695806926 -0.499549344 -0.516045710
vn 0.695807126 0.499548911 -0.516045859
vn 0.695806879 0.499549342 -0.516045775
vn -0.695807123 0.499548912 0.516045863
vn -0.695806875 0.499549342 0.516045781
vn -0.743037763 -0.499549298 0.445359833
vn -0.743036827 -0.499551658 0.445358748
vn 0.743037611 -0.499549304 -0.445360080
vn 0.743036674 -0.499551652 -0.445359010
vn 0.743037840 0.499549295 -0.445359709
vn 0.743036454 0.499551643 -0.445359387
vn -0.743037999 0.499549289 0.445359451
vn -0.743036601 0.499551649 0.445359136
vn -0.783111607 -0.499551772 0.370383907
vn -0.783112346 -0.499550091 0.370384611
vn 0.783111545 -0.499551775 -0.370384033
vn 0.783112291 -0.499550088 -0.370384732
vn 0.783111408 0.499551782 -0.370384314
vn 0.783112421 0.499550095 -0.370384447
vn -0.783111466 0.499551779 0.370384195
vn -0.783112479 0.499550098 0.370384320
vn -0.815645594 -0.499550110 0.291842341
vn -0.815646384 -0.499548462 0.291842956
vn 0.815645593 -0.499550110 -0.291842343
vn 0.815646385 -0.499548462 -0.291842952
vn 0.815645487 0.499550117 -0.291842630
vn 0.815646485 0.499548468 -0.291842662
vn -0.815645485 0.499550117 0.291842635
vn -0.815646486 0.499548468 0.291842660
vn -0.840324385 -0.499548326 0.210490851
vn -0.840323508 -0.499550034 0.210490297
vn 0.840324400 -0.499548325 -0.210490793
vn 0.840323521 -0.499550035 -0.210490246
vn 0.840324481 0.499548318 -0.210490486
vn 0.840323447 0.499550028 -0.210490555
vn -0.840324467 0.499548319 0.210490537
vn -0.840323433 0.499550027 0.210490613
vn -0.856908830 -0.499550041 0.127110243
vn -0.856908974 -0.499549776 0.127110316
vn 0.856908853 -0.499550038 -0.127110099
vn 0.856908994 -0.499549779 -0.127110168
vn 0.856908845 0.499550039 -0.127110146
vn 0.856909000 0.499549780 -0.127110120
vn -0.856908822 0.499550042 0.127110293
vn -0.856908980 0.499549777 0.127110266
vn -0.865246935 -0.499547973 0.042421285
vn -0.864989736 -0.500001551 0.042322629
vn 0.865231363 -0.499553363 -0.042674645
vn 0.864977195 -0.500001557 -0.042578099
vn 0.865236518 0.499551584 -0.042590864
vn 0.864973069 0.500001552 -0.042661905
vn -0.865252196 0.499546139 0.042335471
vn -0.864985529 0.500001557 0.042408469
usemtl mat_0
f 1/1/1 2/1/1 3/1/1
f 1/1/2 3/1/2 4/1/2
f 4/1/3 3/1/3 5/1/3
f 4/1/4 5/1/4 6/1/4
f 6/1/5 5/1/5 7/1/5
f 6/1/6 7/1/6 8/1/6
f 8/1/7 7/1/7 9/1/7
f 8/1/8 9/1/8 10/1/8
f 10/1/9 9/1/9 11/1/9
f 10/1/10 11/1/10 12/1/10
f 12/1/11 11/1/11 13/1/11
f 12/1/12 13/1/12 14/1/12
f 14/1/13 13/1/13 15/1/13
f 14/1/14 15/1/14 16/1/14
f 16/1/15 15/1/15 17/1/15
f 16/1/16 17/1/16 18/1/16
f 18/1/17 17/1/17 19/1/17
f 18/1/18 19/1/18 20/1/18
f 20/1/19 19/1/19 21/1/19
f 20/1/20 21/1/20 22/1/20
f 22/1/21 21/1/21 23/1/21
f 22/1/22 23/1/22 24/1/22
f 24/1/23 23/1/23 25/1/23
f 24/1/24 25/1/24 26/1/24
f 26/1/25 25/1/25 27/1/25
f 26/1/26 27/1/26 28/1/26
f 28/1/27 27/1/27 29/1/27
f 28/1/28 29/1/28 30/1/28
f 30/1/29 29/1/29 31/1/29
f 30/1/30 31/1/30 32/1/30
f 32/1/31 31/1/31 33/1/31
f 32/1/32 33/1/32 34/1/32
f 34/1/33 33/1/33 35/1/33
f 34/1/34 35/1/34 36/1/34
f 36/1/35 35/1/35 37/1/35
f 36/1/36 37/1/36 38/1/36
f 38/1/37 37/1/37 39/1/37
f 38/1/38 39/1/38 40/1/38
f 40/1/39 39/1/39 41/1/39
f 40/1/40 41/1/40 42/1/40
f 42/1/41 41/1/41 43/1/41
f 42/1/42 43/1/42 44/1/42
f 44/1/43 43/1/43 45/1/43
f 44/1/44 45/1/44 46/1/44
f 46/1/45 45/1/45 47/1/45
f 46/1/46 47/1/46 48/1/46
f 48/1/47 47/1/47 49/1/47
f 48/1/48 49/1/48 50/1/48
f 50/1/49 49/1/49 51/1/49
f 50/1/50 51/1/50 52/1/50
f 52/1/51 51/1/51 53/1/51
f 52/1/52 53/1/52 54/1/52
f 54/1/53 53/1/53 55/1/53
f 54/1/54 55/1/54 56/1/54
f 56/1/55 55/1/55 57/1/55
f 56/1/56 57/1/56 58/1/56
f 58/1/57 57/1/57 59/1/57
f 58/1/58 59/1/58 60/1/58
f 60/1/59 59/1/59 61/1/59
f 60/1/60 61/1/60 62/1/60
f 62/1/61 61/1/61 63/1/61
f 62/1/62 63/1/62 64/1/62
f 64/1/63 63/1/63 65/1/63
f 64/1/64 65/1/64 66/1/64
f 66/1/65 65/1/65 67/1/65
f 66/1/66 67/1/66 68/1/66
f 68/1/67 67/1/67 69/1/67
f 68/1/68 69/1/68 70/1/68
f 70/1/69 69/1/69 71/1/69
f 70/1/70 71/1/70 72/1/70
f 72/1/71 71/1/71 73/1/71
f 72/1/72 73/1/72 74/1/72
f 74/1/73 73/1/73 75/1/73
f 74/1/74 75/1/74 76/1/74
f 76/1/75 75/1/75 77/1/75
f 76/1/76 77/1/76 78/1/76
f 78/1/77 77/1/77 79/1/77
f 78/1/78 79/1/78 80/1/78
f 80/1/79 79/1/79 81/1/79
f 80/1/80 81/1/80 82/1/80
f 82/1/81 81/1/81 83/1/81
f 82/1/82 83/1/82 84/1/82
f 84/1/83 83/1/83 85/1/83
f 84/1/84 85/1/84 86/1/84
f 86/1/85 85/1/85 87/1/85
f 86/1/86 87/1/86 88/1/86
f 88/1/87 87/1/87 89/1/87
f 88/1/88 89/1/88 90/1/88
f 90/1/89 89/1/89 91/1/89
f 90/1/90 91/1/90 92/1/90
f 92/1/91 91/1/91 93/1/91
f 92/1/92 93/1/92 94/1/92
f 94/1/93 93/1/93 95/1/93
f 94/1/94 95/1/94 96/1/94
f 96/1/95 95/1/95 97/1/95
f 96/1/96 97/1/96 98/1/96
f 98/1/97 97/1/97 99/1/97
f 98/1/98 99/1/98 100/1/98
f 100/1/99 99/1/99 101/1/99
f 100/1/100 101/1/100 102/1/100
f 102/1/101 101/1/101 103/1/101
f 102/1/102 103/1/102 104/1/102
f 104/1/103 103/1/103 105/1/103
f 104/1/104 105/1/104 106/1/104
f 106/1/105 105/1/105 107/1/105
f 106/1/106 107/1/106 108/1/106
f 108/1/107 107/1/107 109/1/107
f 108/1/108 109/1/108 110/1/108
f 110/1/109 109/1/109 111/1/109
f 110/1/110 111/1/110 112/1/110
f 112/1/111 111/1/111 113/1/111
f 112/1/112 113/1/112 114/1/112
f 114/1/113 113/1/113 115/1/113
f 114/1/114 115/1/114 116/1/114
f 116/1/115 115/1/115 117/1/115
f 116/1/116 117/1/116 118/1/116
f 118/1/117 117/1/117 119/1/117
f 118/1/118 119/1/118 120/1/118
f 120/1/119 119/1/119 121/1/119
f 120/1/120 121/1/120 122/1/120
f 122/1/121 121/1/121 123/1/121
f 122/1/122 123/1/122 124/1/122
f 124/1/123 123/1/123 125/1/123
f 124/1/124 125/1/124 126/1/124
f 126/1/125 125/1/125 127/1/125
f 126/1/126 127/1/126 128/1/126
f 128/1/127 127/1/127 2/1/127
f 128/1/128 2/1/128 1/1/128
f 3/1/129 2/1/129 127/1/129
f 127/1/129 125/1/129 123/1/129
f 123/1/129 121/1/129 119/1/129
f 119/1/129 117/1/129 115/1/129
f 115/1/129 113/1/129 111/1/129
f 111/1/129 109/1/129 107/1/129
f 107/1/129 105/1/129 103/1/129
f 103/1/129 101/1/129 99/1/129
f 99/1/129 97/1/129 95/1/129
f 95/1/129 93/1/129 91/1/129
f 91/1/129 89/1/129 87/1/129
f 87/1/129 85/1/129 83/1/129
f 83/1/129 81/1/129 79/1/129
f 79/1/129 77/1/129 75/1/129
f 75/1/129 73/1/129 71/1/129
f 71/1/129 69/1/129 67/1/129
f 67/1/129 65/1/129 63/1/129
f 63/1/129 61/1/129 59/1/129
f 59/1/129 57/1/129 55/1/129
f 55/1/129 53/1/129 51/1/129
f 51/1/129 49/1/129 47/1/129
f 47/1/129 45/1/129 43/1/129
f 43/1/129 41/1/129 39/1/129
f 39/1/129 37/1/129 35/1/129
f 35/1/129 33/1/129 31/1/129
f 31/1/129 29/1/129 27/1/129
f 27/1/129 25/1/129 23/1/129
f 23/1/129 21/1/129 19/1/129
f 19/1/129 17/1/129 15/1/129
f 15/1/129 13/1/129 11/1/129
f 11/1/129 9/1/129 7/1/129
f 7/1/129 5/1/129 3/1/129
f 3/1/129 127/1/129 123/1/129
f 123/1/129 119/1/129 115/1/129
f 115/1/129 111/1/129 107/1/129
f 107/1/129 103/1/129 99/1/129
f 99/1/129 95/1/129 91/1/129
f 91/1/129 87/1/129 83/1/129
f 83/1/129 79/1/129 75/1/129
f 75/1/129 71/1/129 67/1/129
f 67/1/129 63/1/129 59/1/129
f 59/1/129 55/1/129 51/1/129
f 51/1/129 47/1/129 43/1/129
f 43/1/129 39/1/129 35/1/129
f 35/1/129 31/1/129 27/1/129
f 27/1/129 23/1/129 19/1/129
f 19/1/129 15/1/129 11/1/129
f 11/1/129 7/1/129 3/1/129
f 3/1/129 123/1/129 115/1/129
f 115/1/129 107/1/129 99/1/129
f 99/1/129 91/1/129 83/1/129
f 83/1/129 75/1/129 67/1/129
f 67/1/129 59/1/129 51/1/129
f 51/1/129 43/1/129 35/1/129
f 35/1/129 27/1/129 19/1/129
f 19/1/129 11/1/129 3/1/129
f 3/1/129 115/1/129 99/1/129
f 99/1/129 83/1/129 67/1/129
f 67/1/129 51/1/129 35/1/129
f 35/1/129 19/1/129 3/1/129
f 3/1/129 99/1/129 67/1/129
f 67/1/129 35/1/129 3/1/129
usemtl mat_1
f 129/1/130 130/1/130 131/1/130
f 129/1/130 131/1/130 132/1/130
f 130/1/131 133/1/131 134/1/131
f 130/1/131 134/1/131 131/1/131
f 133/1/132 135/1/132 136/1/132
f 133/1/132 136/1/132 134/1/132
f 135/1/133 137/1/133 138/1/133
f 135/1/133 138/1/133 136/1/133
f 137/1/134 139/1/134 140/1/134
f 137/1/134 140/1/134 138/1/134
f 139/1/135 141/1/135 142/1/135
f 139/1/135 142/1/135 140/1/135
f 141/1/136 143/1/136 144/1/136
f 141/1/136 144/1/136 142/1/136
f 143/1/137 145/1/137 146/1/137
f 143/1/137 146/1/137 144/1/137
f 145/1/138 147/1/138 148/1/138
f 145/1/138 148/1/138 146/1/138
f 147/1/139 149/1/139 150/1/139
f 147/1/139 150/1/139 148/1/139
f 149/1/140 151/1/140 152/1/140
f 149/1/140 152/1/140 150/1/140
f 151/1/141 153/1/141 154/1/141
f 151/1/141 154/1/141 152/1/141
f 153/1/142 155/1/142 156/1/142
f 153/1/142 156/1/142 154/1/142
f 155/1/143 157/1/143 158/1/143
f 155/1/143 158/1/143 156/1/143
f 157/1/144 159/1/144 160/1/144
f 157/1/144 160/1/144 158/1/144
f 159/1/145 161/1/145 162/1/145
f 159/1/145 162/1/145 160/1/145
f 161/1/146 163/1/146 164/1/146
f 161/1/146 164/1/146 162/1/146
f 163/1/147 165/1/147 166/1/147
f 163/1/147 166/1/147 164/1/147
f 165/1/148 167/1/148 168/1/148
f 165/1/148 168/1/148 166/1/148
f 167/1/149 169/1/149 170/1/149
f 167/1/149 170/1/149 168/1/149
f 169/1/150 171/1/150 172/1/150
f 169/1/150 172/1/150 170/1/150
f 171/1/151 173/1/151 174/1/151
f 171/1/151 174/1/151 172/1/151
f 173/1/152 175/1/152 176/1/152
f 173/1/152 176/1/152 174/1/152
f 175/1/153 177/1/153 178/1/153
f 175/1/153 178/1/153 176/1/153
f 177/1/154 179/1/154 180/1/154
f 177/1/154 180/1/154 178/1/154
f 179/1/155 181/1/155 182/1/155
f 179/1/155 182/1/155 180/1/155
f 181/1/156 183/1/156 184/1/156
f 181/1/156 184/1/156 182/1/156
f 183/1/157 185/1/157 186/1/157
f 183/1/157 186/1/157 184/1/157
f 185/1/158 187/1/158 188/1/158
f 185/1/158 188/1/158 186/1/158
f 187/1/159 189/1/159 190/1/159
f 187/1/159 190/1/159 188/1/159
f 189/1/160 191/1/160 192/1/160
f 189/1/160 192/1/160 190/1/160
f 191/1/161 193/1/161 194/1/161
f 191/1/161 194/1/161 192/1/161
f 193/1/162 195/1/162 196/1/162
f 193/1/162 196/1/162 194/1/162
f 195/1/163 197/1/163 198/1/163
f 195/1/163 198/1/163 196/1/163
f 197/1/164 199/1/164 200/1/164
f 197/1/164 200/1/164 198/1/164
f 199/1/165 201/1/165 202/1/165
f 199/1/165 202/1/165 200/1/165
f 201/1/166 203/1/166 204/1/166
f 201/1/166 204/1/166 202/1/166
f 203/1/167 205/1/167 206/1/167
f 203/1/167 206/1/167 204/1/167
f 205/1/168 207/1/168 208/1/168
f 205/1/168 208/1/168 206/1/168
f 207/1/169 209/1/169 210/1/169
f 207/1/169 210/1/169 208/1/169
f 209/1/170 211/1/170 212/1/170
f 209/1/170 212/1/170 210/1/170
f 211/1/171 213/1/171 214/1/171
f 211/1/171 214/1/171 212/1/171
f 213/1/172 215/1/172 216/1/172
f 213/1/172 216/1/172 214/1/172
f 215/1/173 217/1/173 218/1/173
f 215/1/173 218/1/173 216/1/173
f 217/1/174 219/1/174 220/1/174
f 217/1/174 220/1/174 218/1/174
f 219/1/175 221/1/175 222/1/175
f 219/1/175 222/1/175 220/1/175
f 221/1/176 223/1/176 224/1/176
f 221/1/176 224/1/176 222/1/176
f 223/1/177 225/1/177 226/1/177
f 223/1/177 226/1/177 224/1/177
f 225/1/178 227/1/178 228/1/178
f 225/1/178 228/1/178 226/1/178
f 227/1/179 229/1/179 230/1/179
f 227/1/179 230/1/179 228/1/179
f 229/1/180 231/1/180 232/1/180
f 229/1/180 232/1/180 230/1/180
f 231/1/181 233/1/181 234/1/181
f 231/1/181 234/1/181 232/1/181
f 233/1/182 235/1/182 236/1/182
f 233/1/182 236/1/182 234/1/182
f 235/1/183 237/1/183 238/1/183
f 235/1/183 238/1/183 236/1/183
f 237/1/184 239/1/184 240/1/184
f 237/1/184 240/1/184 238/1/184
f 239/1/185 241/1/185 242/1/185
f 239/1/185 242/1/185 240/1/185
f 241/1/186 243/1/186 244/1/186
f 241/1/186 244/1/186 242/1/186
f 243/1/187 245/1/187 246/1/187
f 243/1/187 246/1/187 244/1/187
f 245/1/188 247/1/188 248/1/188
f 245/1/188 248/1/188 246/1/188
f 247/1/189 249/1/189 250/1/189
f 247/1/189 250/1/189 248/1/189
f 249/1/190 251/1/190 252/1/190
f 249/1/190 252/1/190 250/1/190
f 251/1/191 253/1/191 254/1/191
f 251/1/191 254/1/191 252/1/191
f 253/1/192 255/1/192 256/1/192
f 253/1/192 256/1/192 254/1/192
f 255/1/193 129/1/193 132/1/193
f 255/1/193 132/1/193 256/1/193
f 132/1/129 131/1/129 257/1/129
f 132/1/129 257/1/129 258/1/129
f 131/1/129 134/1/129 259/1/129
f 131/1/129 259/1/129 257/1/129
f 134/1/129 136/1/129 260/1/129
f 134/1/129 260/1/129 259/1/129
f 136/1/129 138/1/129 261/1/129
f 136/1/129 261/1/129 260/1/129
f 138/1/129 140/1/129 262/1/129
f 138/1/129 262/1/129 261/1/129
f 140/1/129 142/1/129 263/1/129
f 140/1/129 263/1/129 262/1/129
f 142/1/129 144/1/129 264/1/129
f 142/1/129 264/1/129 263/1/129
f 144/1/129 146/1/129 265/1/129
f 144/1/129 265/1/129 264/1/129
f 146/1/129 148/1/129 266/1/129
f 146/1/129 266/1/129 265/1/129
f 148/1/129 150/1/129 267/1/129
f 148/1/129 267/1/129 266/1/129
f 150/1/129 152/1/129 268/1/129
f 150/1/129 268/1/129 267/1/129
f 152/1/129 154/1/129 269/1/129
f 152/1/129 269/1/129 268/1/129
f 154/1/129 156/1/129 270/1/129
f 154/1/129 270/1/129 269/1/129
f 156/1/129 158/1/129 271/1/129
f 156/1/129 271/1/129 270/1/129
f 158/1/129 160/1/129 272/1/129
f 158/1/129 272/1/129 271/1/129
f 160/1/129 162/1/129 273/1/129
f 160/1/129 273/1/129 272/1/129
f 162/1/129 164/1/129 274/1/129
f 162/1/129 274/1/129 273/1/129
f 164/1/129 166/1/129 275/1/129
f 164/1/129 275/1/129 274/1/129
f 166/1/129 168/1/129 276/1/129
f 166/1/129 276/1/129 275/1/129
f 168/1/129 170/1/129 277/1/129
f 168/1/129 277/1/129 276/1/129
f 170/1/129 172/1/129 278/1/129
f 170/1/129 278/1/129 277/1/129
f 172/1/129 174/1/129 279/1/129
f 172/1/129 279/1/129 278/1/129
f 174/1/129 176/1/129 280/1/129
f 174/1/129 280/1/129 279/1/129
f 176/1/129 178/1/129 281/1/129
f 176/1/129 281/1/129 280/1/129
f 178/1/129 180/1/129 282/1/129
f 178/1/129 282/1/129 281/1/129
f 180/1/129 182/1/129 283/1/129
f 180/1/129 283/1/129 282/1/129
f 182/1/129 184/1/129 284/1/129
f 182/1/129 284/1/129 283/1/129
f 184/1/129 186/1/129 285/1/129
f 184/1/129 285/1/129 284/1/129
f 186/1/129 188/1/129 286/1/129
f 186/1/129 286/1/129 285/1/129
f 188/1/129 190/1/129 287/1/129
f 188/1/129 287/1/129 286/1/129
f 190/1/129 192/1/129 288/1/129
f 190/1/129 288/1/129 287/1/129
f 192/1/129 194/1/129 289/1/129
f 192/1/129 289/1/129 288/1/129
f 194/1/129 196/1/129 290/1/129
f 194/1/129 290/1/129 289/1/129
f 196/1/129 198/1/129 291/1/129
f 196/1/129 291/1/129 290/1/129
f 198/1/129 200/1/129 292/1/129
f 198/1/129 292/1/129 291/1/129
f 200/1/129 202/1/129 293/1/129
f 200/1/129 293/1/129 292/1/129
f 202/1/129 204/1/129 294/1/129
f 202/1/129 294/1/129 293/1/129
f 204/1/129 206/1/129 295/1/129
f 204/1/129 295/1/129 294/1/129
f 206/1/129 208/1/129 296/1/129
f 206/1/129 296/1/129 295/1/129
f 208/1/129 210/1/129 297/1/129
f 208/1/129 297/1/129 296/1/129
f 210/1/129 212/1/129 298/1/129
f 210/1/129 298/1/129 297/1/129
f 212/1/129 214/1/129 299/1/129
f 212/1/129 299/1/129 298/1/129
f 214/1/129 216/1/129 300/1/129
f 214/1/129 300/1/129 299/1/129
f 216/1/129 218/1/129 301/1/129
f 216/1/129 301/1/129 300/1/129
f 218/1/129 220/1/129 302/1/129
f 218/1/129 302/1/129 301/1/129
f 220/1/129 222/1/129 303/1/129
f 220/1/129 303/1/129 302/1/129
f 222/1/129 224/1/129 304/1/129
f 222/1/129 304/1/129 303/1/129
f 224/1/129 226/1/129 305/1/129
f 224/1/129 305/1/129 304/1/129
f 226/1/129 228/1/129 306/1/129
f 226/1/129 306/1/129 305/1/129
f 228/1/129 230/1/129 307/1/129
f 228/1/129 307/1/129 306/1/129
f 230/1/129 232/1/129 308/1/129
f 230/1/129 308/1/129 307/1/129
f 232/1/129 234/1/129 309/1/129
f 232/1/129 309/1/129 308/1/129
f 234/1/129 236/1/129 310/1/129
f 234/1/129 310/1/129 309/1/129
f 236/1/129 238/1/129 311/1/129
f 236/1/129 311/1/129 310/1/129
f 238/1/129 240/1/129 312/1/129
f 238/1/129 312/1/129 311/1/129
f 240/1/129 242/1/129 313/1/129
f 240/1/129 313/1/129 312/1/129
f 242/1/129 244/1/129 314/1/129
f 242/1/129 314/1/129 313/1/129
f 244/1/129 246/1/129 315/1/129
f 244/1/129 315/1/129 314/1/129
f 246/1/129 248/1/129 316/1/129
f 246/1/129 316/1/129 315/1/129
f 248/1/129 250/1/129 317/1/129
f 248/1/129 317/1/129 316/1/129
f 250/1/129 252/1/129 318/1/129
f 250/1/129 318/1/129 317/1/129
f 252/1/129 254/1/129 319/1/129
f 252/1/129 319/1/129 318/1/129
f 254/1/129 256/1/129 320/1/129
f 254/1/129 320/1/129 319/1/129
f 256/1/129 132/1/129 258/1/129
f 256/1/129 258/1/129 320/1/129
f 258/1/194 257/1/194 321/1/194
f 258/1/194 321/1/194 322/1/194
f 257/1/195 259/1/195 323/1/195
f 257/1/195 323/1/195 321/1/195
f 259/1/196 260/1/196 324/1/196
f 259/1/196 324/1/196 323/1/196
f 260/1/197 261/1/197 325/1/197
f 260/1/197 325/1/197 324/1/197
f 261/1/198 262/1/198 326/1/198
f 261/1/198 326/1/198 325/1/198
f 262/1/199 263/1/199 327/1/199
f 262/1/199 327/1/199 326/1/199
f 263/1/200 264/1/200 328/1/200
f 263/1/200 328/1/200 327/1/200
f 264/1/201 265/1/201 329/1/201
f 264/1/201 329/1/201 328/1/201
f 265/1/202 266/1/202 330/1/202
f 265/1/202 330/1/202 329/1/202
f 266/1/203 267/1/203 331/1/203
f 266/1/203 331/1/203 330/1/203
f 267/1/204 268/1/204 332/1/204
f 267/1/204 332/1/204 331/1/204
f 268/1/205 269/1/205 333/1/205
f 268/1/205 333/1/205 332/1/205
f 269/1/206 270/1/206 334/1/206
f 269/1/206 334/1/206 333/1/206
f 270/1/207 271/1/207 335/1/207
f 270/1/207 335/1/207 334/1/207
f 271/1/208 272/1/208 336/1/208
f 271/1/208 336/1/208 335/1/208
f 272/1/209 273/1/209 337/1/209
f 272/1/209 337/1/209 336/1/209
f 273/1/210 274/1/210 338/1/210
f 273/1/210 338/1/210 337/1/210
f 274/1/211 275/1/211 339/1/211
f 274/1/211 339/1/211 338/1/211
f 275/1/212 276/1/212 340/1/212
f 275/1/212 340/1/212 339/1/212
f 276/1/213 277/1/213 341/1/213
f 276/1/213 341/1/213 340/1/213
f 277/1/214 278/1/214 342/1/214
f 277/1/214 342/1/214 341/1/214
f 278/1/215 279/1/215 343/1/215
f 278/1/215 343/1/215 342/1/215
f 279/1/216 280/1/216 344/1/216
f 279/1/216 344/1/216 343/1/216
f 280/1/217 281/1/217 345/1/217
f 280/1/217 345/1/217 344/1/217
f 281/1/218 282/1/218 346/1/218
f 281/1/218 346/1/218 345/1/218
f 282/1/219 283/1/219 347/1/219
f 282/1/219 347/1/219 346/1/219
f 283/1/220 284/1/220 348/1/220
f 283/1/220 348/1/220 347/1/220
f 284/1/221 285/1/221 349/1/221
f 284/1/221 349/1/221 348/1/221
f 285/1/222 286/1/222 350/1/222
f 285/1/222 350/1/222 349/1/222
f 286/1/223 287/1/223 351/1/223
f 286/1/223 351/1/223 350/1/223
f 287/1/224 288/1/224 352/1/224
f 287/1/224 352/1/224 351/1/224
f 288/1/225 289/1/225 353/1/225
f 288/1/225 353/1/225 352/1/225
f 289/1/226 290/1/226 354/1/226
f 289/1/226 354/1/226 353/1/226
f 290/1/227 291/1/227 355/1/227
f 290/1/227 355/1/227 354/1/227
f 291/1/228 292/1/228 356/1/228
f 291/1/228 356/1/228 355/1/228
f 292/1/229 293/1/229 357/1/229
f 292/1/229 357/1/229 356/1/229
f 293/1/230 294/1/230 358/1/230
f 293/1/230 358/1/230 357/1/230
f 294/1/231 295/1/231 359/1/231
f 294/1/231 359/1/231 358/1/231
f 295/1/232 296/1/232 360/1/232
f 295/1/232 360/1/232 359/1/232
f 296/1/233 297/1/233 361/1/233
f 296/1/233 361/1/233 360/1/233
f 297/1/234 298/1/234 362/1/234
f 297/1/234 362/1/234 361/1/234
f 298/1/235 299/1/235 363/1/235
f 298/1/235 363/1/235 362/1/235
f 299/1/236 300/1/236 364/1/236
f 299/1/236 364/1/236 363/1/236
f 300/1/237 301/1/237 365/1/237
f 300/1/237 365/1/237 364/1/237
f 301/1/238 302/1/238 366/1/238
f 301/1/238 366/1/238 365/1/238
f 302/1/239 303/1/239 367/1/239
f 302/1/239 367/1/239 366/1/239
f 303/1/240 304/1/240 368/1/240
f 303/1/240 368/1/240 367/1/240
f 304/1/241 305/1/241 369/1/241
f 304/1/241 369/1/241 368/1/241
f 305/1/242 306/1/242 370/1/242
f 305/1/242 370/1/242 369/1/242
f 306/1/243 307/1/243 371/1/243
f 306/1/243 371/1/243 370/1/243
f 307/1/244 308/1/244 372/1/244
f 307/1/244 372/1/244 371/1/244
f 308/1/245 309/1/245 373/1/245
f 308/1/245 373/1/245 372/1/245
f 309/1/246 310/1/246 374/1/246
f 309/1/246 374/1/246 373/1/246
f 310/1/247 311/1/247 375/1/247
f 310/1/247 375/1/247 374/1/247
f 311/1/248 312/1/248 376/1/248
f 311/1/248 376/1/248 375/1/248
f 312/1/249 313/1/249 377/1/249
f 312/1/249 377/1/249 376/1/249
f 313/1/250 314/1/250 378/1/250
f 313/1/250 378/1/250 377/1/250
f 314/1/251 315/1/251 379/1/251
f 314/1/251 379/1/251 378/1/251
f 315/1/252 316/1/252 380/1/252
f 315/1/252 380/1/252 379/1/252
f 316/1/253 317/1/253 381/1/253
f 316/1/253 381/1/253 380/1/253
f 317/1/254 318/1/254 382/1/254
f 317/1/254 382/1/254 381/1/254
f 318/1/255 319/1/255 383/1/255
f 318/1/255 383/1/255 382/1/255
f 319/1/256 320/1/256 384/1/256
f 319/1/256 384/1/256 383/1/256
f 320/1/257 258/1/257 322/1/257
f 320/1/257 322/1/257 384/1/257
f 322/1/258 321/1/258 130/1/258
f 322/1/258 130/1/258 129/1/258
f 321/1/258 323/1/258 133/1/258
f 321/1/258 133/1/258 130/1/258
f 323/1/258 324/1/258 135/1/258
f 323/1/258 135/1/258 133/1/258
f 324/1/258 325/1/258 137/1/258
f 324/1/258 137/1/258 135/1/258
f 325/1/258 326/1/258 139/1/258
f 325/1/258 139/1/258 137/1/258
f 326/1/258 327/1/258 141/1/258
f 326/1/258 141/1/258 139/1/258
f 327/1/258 328/1/258 143/1/258
f 327/1/258 143/1/258 141/1/258
f 328/1/258 329/1/258 145/1/258
f 328/1/258 145/1/258 143/1/258
f 329/1/258 330/1/258 147/1/258
f 329/1/258 147/1/258 145/1/258
f 330/1/258 331/1/258 149/1/258
f 330/1/258 149/1/258 147/1/258
f 331/1/258 332/1/258 151/1/258
f 331/1/258 151/1/258 149/1/258
f 332/1/258 333/1/258 153/1/258
f 332/1/258 153/1/258 151/1/258
f 333/1/258 334/1/258 155/1/258
f 333/1/258 155/1/258 153/1/258
f 334/1/258 335/1/258 157/1/258
f 334/1/258 157/1/258 155/1/258
f 335/1/258 336/1/258 159/1/258
f 335/1/258 159/1/258 157/1/258
f 336/1/258 337/1/258 161/1/258
f 336/1/258 161/1/258 159/1/258
f 337/1/258 338/1/258 163/1/258
f 337/1/258 163/1/258 161/1/258
f 338/1/258 339/1/258 165/1/258
f 338/1/258 165/1/258 163/1/258
f 339/1/258 340/1/258 167/1/258
f 339/1/258 167/1/258 165/1/258
f 340/1/258 341/1/258 169/1/258
f 340/1/258 169/1/258 167/1/258
f 341/1/258 342/1/258 171/1/258
f 341/1/258 171/1/258 169/1/258
f 342/1/258 343/1/258 173/1/258
f 342/1/258 173/1/258 171/1/258
f 343/1/258 344/1/258 175/1/258
f 343/1/258 175/1/258 173/1/258
f 344/1/258 345/1/258 177/1/258
f 344/1/258 177/1/258 175/1/258
f 345/1/258 346/1/258 179/1/258
f 345/1/258 179/1/258 177/1/258
f 346/1/258 347/1/258 181/1/258
f 346/1/258 181/1/258 179/1/258
f 347/1/258 348/1/258 183/1/258
f 347/1/258 183/1/258 181/1/258
f 348/1/258 349/1/258 185/1/258
f 348/1/258 185/1/258 183/1/258
f 349/1/258 350/1/258 187/1/258
f 349/1/258 187/1/258 185/1/258
f 350/1/258 351/1/258 189/1/258
f 350/1/258 189/1/258 187/1/258
f 351/1/258 352/1/258 191/1/258
f 351/1/258 191/1/258 189/1/258
f 352/1/258 353/1/258 193/1/258
f 352/1/258 193/1/258 191/1/258
f 353/1/258 354/1/258 195/1/258
f 353/1/258 195/1/258 193/1/258
f 354/1/258 355/1/258 197/1/258
f 354/1/258 197/1/258 195/1/258
f 355/1/258 356/1/258 199/1/258
f 355/1/258 199/1/258 197/1/258
f 356/1/258 357/1/258 201/1/258
f 356/1/258 201/1/258 199/1/258
f 357/1/258 358/1/258 203/1/258
f 357/1/258 203/1/258 201/1/258
f 358/1/258 359/1/258 205/1/258
f 358/1/258 205/1/258 203/1/258
f 359/1/258 360/1/258 207/1/258
f 359/1/258 207/1/258 205/1/258
f 360/1/258 361/1/258 209/1/258
f 360/1/258 209/1/258 207/1/258
f 361/1/258 362/1/258 211/1/258
f 361/1/258 211/1/258 209/1/258
f 362/1/258 363/1/258 213/1/258
f 362/1/258 213/1/258 211/1/258
f 363/1/258 364/1/258 215/1/258
f 363/1/258 215/1/258 213/1/258
f 364/1/258 365/1/258 217/1/258
f 364/1/258 217/1/258 215/1/258
f 365/1/258 366/1/258 219/1/258
f 365/1/258 219/1/258 217/1/258
f 366/1/258 367/1/258 221/1/258
f 366/1/258 221/1/258 219/1/258
f 367/1/258 368/1/258 223/1/258
f 367/1/258 223/1/258 221/1/258
f 368/1/258 369/1/258 225/1/258
f 368/1/258 225/1/258 223/1/258
f 369/1/258 370/1/258 227/1/258
f 369/1/258 227/1/258 225/1/258
f 370/1/258 371/1/258 229/1/258
f 370/1/258 229/1/258 227/1/258
f 371/1/258 372/1/258 231/1/258
f 371/1/258 231/1/258 229/1/258
f 372/1/258 373/1/258 233/1/258
f 372/1/258 233/1/258 231/1/258
f 373/1/258 374/1/258 235/1/258
f 373/1/258 235/1/258 233/1/258
f 374/1/258 375/1/258 237/1/258
f 374/1/258 237/1/258 235/1/258
f 375/1/258 376/1/258 239/1/258
f 375/1/258 239/1/258 237/1/258
f 376/1/258 377/1/258 241/1/258
f 376/1/258 241/1/258 239/1/258
f 377/1/258 378/1/258 243/1/258
f 377/1/258 243/1/258 241/1/258
f 378/1/258 379/1/258 245/1/258
f 378/1/258 245/1/258 243/1/258
f 379/1/258 380/1/258 247/1/258
f 379/1/258 247/1/258 245/1/258
f 380/1/258 381/1/258 249/1/258
f 380/1/258 249/1/258 247/1/258
f 381/1/258 382/1/258 251/1/258
f 381/1/258 251/1/258 249/1/258
f 382/1/258 383/1/258 253/1/258
f 382/1/258 253/1/258 251/1/258
f 383/1/258 384/1/258 255/1/258
f 383/1/258 255/1/258 253/1/258
f 384/1/258 322/1/258 129/1/258
f 384/1/258 129/1/258 255/1/258
usemtl mat_2
f 385/1/258 386/1/258 387/1/258
f 387/1/258 388/1/258 389/1/258
f 389/1/258 390/1/258 391/1/258
f 391/1/258 392/1/258 393/1/258
f 393/1/258 394/1/258 395/1/258
f 395/1/258 396/1/258 397/1/258
f 397/1/258 398/1/258 399/1/258
f 399/1/258 400/1/258 401/1/258
f 401/1/258 402/1/258 403/1/258
f 403/1/258 404/1/258 405/1/258
f 405/1/258 406/1/258 407/1/258
f 407/1/258 408/1/258 385/1/258
f 385/1/258 387/1/258 389/1/258
f 389/1/258 391/1/258 393/1/258
f 393/1/258 395/1/258 397/1/258
f 397/1/258 399/1/258 401/1/258
f 401/1/258 403/1/258 405/1/258
f 405/1/258 407/1/258 385/1/258
f 385/1/258 389/1/258 393/1/258
f 393/1/258 397/1/258 401/1/258
f 401/1/258 405/1/258 385/1/258
f 393/1/258 401/1/258 385/1/258
f 409/1/129 410/1/129 411/1/129
f 411/1/129 412/1/129 413/1/129
f 413/1/129 414/1/129 415/1/129
f 415/1/129 416/1/129 417/1/129
f 417/1/129 418/1/129 419/1/129
f 419/1/129 420/1/129 421/1/129
f 421/1/129 422/1/129 423/1/129
f 423/1/129 424/1/129 425/1/129
f 425/1/129 426/1/129 427/1/129
f 427/1/129 428/1/129 429/1/129
f 429/1/129 430/1/129 431/1/129
f 431/1/129 432/1/129 409/1/129
f 409/1/129 411/1/129 413/1/129
f 413/1/129 415/1/129 417/1/129
f 417/1/129 419/1/129 421/1/129
f 421/1/129 423/1/129 425/1/129
f 425/1/129 427/1/129 429/1/129
f 429/1/129 431/1/129 409/1/129
f 409/1/129 413/1/129 417/1/129
f 417/1/129 421/1/129 425/1/129
f 425/1/129 429/1/129 409/1/129
f 417/1/129 425/1/129 409/1/129
f 385/1/259 408/1/259 411/1/259
f 385/1/259 411/1/259 410/1/259
f 408/1/260 407/1/260 412/1/260
f 408/1/260 412/1/260 411/1/260
f 407/1/261 406/1/261 413/1/261
f 407/1/261 413/1/261 412/1/261
f 406/1/262 405/1/262 414/1/262
f 406/1/262 414/1/262 413/1/262
f 405/1/263 404/1/263 415/1/263
f 405/1/263 415/1/263 414/1/263
f 404/1/264 403/1/264 416/1/264
f 404/1/264 416/1/264 415/1/264
f 403/1/265 402/1/265 417/1/265
f 403/1/265 417/1/265 416/1/265
f 402/1/266 401/1/266 418/1/266
f 402/1/266 418/1/266 417/1/266
f 401/1/267 400/1/267 419/1/267
f 401/1/267 419/1/267 418/1/267
f 400/1/268 399/1/268 420/1/268
f 400/1/268 420/1/268 419/1/268
f 399/1/269 398/1/269 421/1/269
f 399/1/269 421/1/269 420/1/269
f 398/1/270 397/1/270 422/1/270
f 398/1/270 422/1/270 421/1/270
f 397/1/271 396/1/271 423/1/271
f 397/1/271 423/1/271 422/1/271
f 396/1/272 395/1/272 424/1/272
f 396/1/272 424/1/272 423/1/272
f 395/1/273 394/1/273 425/1/273
f 395/1/273 425/1/273 424/1/273
f 394/1/274 393/1/274 426/1/274
f 394/1/274 426/1/274 425/1/274
f 393/1/275 392/1/275 427/1/275
f 393/1/275 427/1/275 426/1/275
f 392/1/276 391/1/276 428/1/276
f 392/1/276 428/1/276 427/1/276
f 391/1/277 390/1/277 429/1/277
f 391/1/277 429/1/277 428/1/277
f 390/1/278 389/1/278 430/1/278
f 390/1/278 430/1/278 429/1/278
f 389/1/279 388/1/279 431/1/279
f 389/1/279 431/1/279 430/1/279
f 388/1/280 387/1/280 432/1/280
f 388/1/280 432/1/280 431/1/280
f 387/1/281 386/1/281 409/1/281
f 387/1/281 409/1/281 432/1/281
f 386/1/282 385/1/282 410/1/282
f 386/1/282 410/1/282 409/1/282
f 433/1/258 434/1/258 435/1/258
f 435/1/258 436/1/258 437/1/258
f 437/1/258 438/1/258 439/1/258
f 439/1/258 440/1/258 441/1/258
f 441/1/258 442/1/258 443/1/258
f 443/1/258 444/1/258 445/1/258
f 445/1/258 446/1/258 447/1/258
f 447/1/258 448/1/258 433/1/258
f 433/1/258 435/1/258 437/1/258
f 437/1/258 439/1/258 441/1/258
f 441/1/258 443/1/258 445/1/258
f 445/1/258 447/1/258 433/1/258
f 433/1/258 437/1/258 441/1/258
f 441/1/258 445/1/258 433/1/258
f 449/1/129 450/1/129 451/1/129
f 451/1/129 452/1/129 453/1/129
f 453/1/129 454/1/129 455/1/129
f 455/1/129 456/1/129 457/1/129
f 457/1/129 458/1/129 459/1/129
f 459/1/129 460/1/129 461/1/129
f 461/1/129 462/1/129 463/1/129
f 463/1/129 464/1/129 449/1/129
f 449/1/129 451/1/129 453/1/129
f 453/1/129 455/1/129 457/1/129
f 457/1/129 459/1/129 461/1/129
f 461/1/129 463/1/129 449/1/129
f 449/1/129 453/1/129 457/1/129
f 457/1/129 461/1/129 449/1/129
f 433/1/283 448/1/283 451/1/283
f 433/1/283 451/1/283 450/1/283
f 448/1/284 447/1/284 452/1/284
f 448/1/284 452/1/284 451/1/284
f 447/1/285 446/1/285 453/1/285
f 447/1/285 453/1/285 452/1/285
f 446/1/286 445/1/286 454/1/286
f 446/1/286 454/1/286 453/1/286
f 445/1/287 444/1/287 455/1/287
f 445/1/287 455/1/287 454/1/287
f 444/1/288 443/1/288 456/1/288
f 444/1/288 456/1/288 455/1/288
f 443/1/289 442/1/289 457/1/289
f 443/1/289 457/1/289 456/1/289
f 442/1/290 441/1/290 458/1/290
f 442/1/290 458/1/290 457/1/290
f 441/1/291 440/1/291 459/1/291
f 441/1/291 459/1/291 458/1/291
f 440/1/292 439/1/292 460/1/292
f 440/1/292 460/1/292 459/1/292
f 439/1/293 438/1/293 461/1/293
f 439/1/293 461/1/293 460/1/293
f 438/1/294 437/1/294 462/1/294
f 438/1/294 462/1/294 461/1/294
f 437/1/295 436/1/295 463/1/295
f 437/1/295 463/1/295 462/1/295
f 436/1/296 435/1/296 464/1/296
f 436/1/296 464/1/296 463/1/296
f 435/1/297 434/1/297 449/1/297
f 435/1/297 449/1/297 464/1/297
f 434/1/298 433/1/298 450/1/298
f 434/1/298 450/1/298 449/1/298
usemtl mat_1
f 465/1/258 466/1/258 467/1/258
f 467/1/258 468/1/258 469/1/258
f 469/1/258 470/1/258 471/1/258
f 471/1/258 472/1/258 473/1/258
f 473/1/258 474/1/258 475/1/258
f 475/1/258 476/1/258 477/1/258
f 477/1/258 478/1/258 479/1/258
f 479/1/258 480/1/258 481/1/258
f 481/1/258 482/1/258 483/1/258
f 483/1/258 484/1/258 485/1/258
f 485/1/258 486/1/258 487/1/258
f 487/1/258 488/1/258 465/1/258
f 465/1/258 467/1/258 469/1/258
f 469/1/258 471/1/258 473/1/258
f 473/1/258 475/1/258 477/1/258
f 477/1/258 479/1/258 481/1/258
f 481/1/258 483/1/258 485/1/258
f 485/1/258 487/1/258 465/1/258
f 465/1/258 469/1/258 473/1/258
f 473/1/258 477/1/258 481/1/258
f 481/1/258 485/1/258 465/1/258
f 473/1/258 481/1/258 465/1/258
f 489/1/129 490/1/129 491/1/129
f 491/1/129 492/1/129 493/1/129
f 493/1/129 494/1/129 495/1/129
f 495/1/129 496/1/129 497/1/129
f 497/1/129 498/1/129 499/1/129
f 499/1/129 500/1/129 501/1/129
f 501/1/129 502/1/129 503/1/129
f 503/1/129 504/1/129 505/1/129
f 505/1/129 506/1/129 507/1/129
f 507/1/129 508/1/129 509/1/129
f 509/1/129 510/1/129 511/1/129
f 511/1/129 512/1/129 489/1/129
f 489/1/129 491/1/129 493/1/129
f 493/1/129 495/1/129 497/1/129
f 497/1/129 499/1/129 501/1/129
f 501/1/129 503/1/129 505/1/129
f 505/1/129 507/1/129 509/1/129
f 509/1/129 511/1/129 489/1/129
f 489/1/129 493/1/129 497/1/129
f 497/1/129 501/1/129 505/1/129
f 505/1/129 509/1/129 489/1/129
f 497/1/129 505/1/129 489/1/129
f 465/1/299 488/1/299 491/1/299
f 465/1/299 491/1/299 490/1/299
f 488/1/300 487/1/300 492/1/300
f 488/1/300 492/1/300 491/1/300
f 487/1/261 486/1/261 493/1/261
f 487/1/261 493/1/261 492/1/261
f 486/1/262 485/1/262 494/1/262
f 486/1/262 494/1/262 493/1/262
f 485/1/301 484/1/301 495/1/301
f 485/1/301 495/1/301 494/1/301
f 484/1/302 483/1/302 496/1/302
f 484/1/302 496/1/302 495/1/302
f 483/1/303 482/1/303 497/1/303
f 483/1/303 497/1/303 496/1/303
f 482/1/304 481/1/304 498/1/304
f 482/1/304 498/1/304 497/1/304
f 481/1/267 480/1/267 499/1/267
f 481/1/267 499/1/267 498/1/267
f 480/1/268 479/1/268 500/1/268
f 480/1/268 500/1/268 499/1/268
f 479/1/305 478/1/305 501/1/305
f 479/1/305 501/1/305 500/1/305
f 478/1/306 477/1/306 502/1/306
f 478/1/306 502/1/306 501/1/306
f 477/1/307 476/1/307 503/1/307
f 477/1/307 503/1/307 502/1/307
f 476/1/308 475/1/308 504/1/308
f 476/1/308 504/1/308 503/1/308
f 475/1/273 474/1/273 505/1/273
f 475/1/273 505/1/273 504/1/273
f 474/1/274 473/1/274 506/1/274
f 474/1/274 506/1/274 505/1/274
f 473/1/309 472/1/309 507/1/309
f 473/1/309 507/1/309 506/1/309
f 472/1/310 471/1/310 508/1/310
f 472/1/310 508/1/310 507/1/310
f 471/1/311 470/1/311 509/1/311
f 471/1/311 509/1/311 508/1/311
f 470/1/312 469/1/312 510/1/312
f 470/1/312 510/1/312 509/1/312
f 469/1/279 468/1/279 511/1/279
f 469/1/279 511/1/279 510/1/279
f 468/1/280 467/1/280 512/1/280
f 468/1/280 512/1/280 511/1/280
f 467/1/313 466/1/313 489/1/313
f 467/1/313 489/1/313 512/1/313
f 466/1/314 465/1/314 490/1/314
f 466/1/314 490/1/314 489/1/314
usemtl mat_2
f 513/1/258 514/1/258 515/1/258
f 515/1/258 516/1/258 517/1/258
f 517/1/258 518/1/258 513/1/258
f 515/1/258 517/1/258 513/1/258
f 519/1/129 520/1/129 521/1/129
f 521/1/129 522/1/129 523/1/129
f 523/1/129 524/1/129 519/1/129
f 521/1/129 523/1/129 519/1/129
f 513/1/315 518/1/315 521/1/315
f 513/1/315 521/1/315 520/1/315
f 518/1/316 517/1/316 522/1/316
f 518/1/316 522/1/316 521/1/316
f 517/1/317 516/1/317 523/1/317
f 517/1/317 523/1/317 522/1/317
f 516/1/318 515/1/318 524/1/318
f 516/1/318 524/1/318 523/1/318
f 515/1/319 514/1/319 519/1/319
f 515/1/319 519/1/319 524/1/319
f 514/1/320 513/1/320 520/1/320
f 514/1/320 520/1/320 519/1/320
f 525/1/258 526/1/258 527/1/258
f 527/1/258 528/1/258 529/1/258
f 529/1/258 530/1/258 525/1/258
f 527/1/258 529/1/258 525/1/258
f 531/1/129 532/1/129 533/1/129
f 533/1/129 534/1/129 535/1/129
f 535/1/129 536/1/129 531/1/129
f 533/1/129 535/1/129 531/1/129
f 525/1/321 530/1/321 533/1/321
f 525/1/321 533/1/321 532/1/321
f 530/1/316 529/1/316 534/1/316
f 530/1/316 534/1/316 533/1/316
f 529/1/322 528/1/322 535/1/322
f 529/1/322 535/1/322 534/1/322
f 528/1/323 527/1/323 536/1/323
f 528/1/323 536/1/323 535/1/323
f 527/1/319 526/1/319 531/1/319
f 527/1/319 531/1/319 536/1/319
f 526/1/324 525/1/324 532/1/324
f 526/1/324 532/1/324 531/1/324
f 537/1/258 538/1/258 539/1/258
f 539/1/258 540/1/258 541/1/258
f 541/1/258 542/1/258 537/1/258
f 539/1/258 541/1/258 537/1/258
f 543/1/129 544/1/129 545/1/129
f 545/1/129 546/1/129 547/1/129
f 547/1/129 548/1/129 543/1/129
f 545/1/129 547/1/129 543/1/129
f 537/1/321 542/1/321 545/1/321
f 537/1/321 545/1/321 544/1/321
f 542/1/316 541/1/316 546/1/316
f 542/1/316 546/1/316 545/1/316
f 541/1/322 540/1/322 547/1/322
f 541/1/322 547/1/322 546/1/322
f 540/1/323 539/1/323 548/1/323
f 540/1/323 548/1/323 547/1/323
f 539/1/319 538/1/319 543/1/319
f 539/1/319 543/1/319 548/1/319
f 538/1/324 537/1/324 544/1/324
f 538/1/324 544/1/324 543/1/324
f 549/1/258 550/1/258 551/1/258
f 551/1/258 552/1/258 553/1/258
f 553/1/258 554/1/258 549/1/258
f 551/1/258 553/1/258 549/1/258
f 555/1/129 556/1/129 557/1/129
f 557/1/129 558/1/129 559/1/129
f 559/1/129 560/1/129 555/1/129
f 557/1/129 559/1/129 555/1/129
f 549/1/321 554/1/321 557/1/321
f 549/1/321 557/1/321 556/1/321
f 554/1/316 553/1/316 558/1/316
f 554/1/316 558/1/316 557/1/316
f 553/1/322 552/1/322 559/1/322
f 553/1/322 559/1/322 558/1/322
f 552/1/323 551/1/323 560/1/323
f 552/1/323 560/1/323 559/1/323
f 551/1/319 550/1/319 555/1/319
f 551/1/319 555/1/319 560/1/319
f 550/1/324 549/1/324 556/1/324
f 550/1/324 556/1/324 555/1/324
f 561/1/258 562/1/258 563/1/258
f 563/1/258 564/1/258 565/1/258
f 565/1/258 566/1/258 561/1/258
f 563/1/258 565/1/258 561/1/258
f 567/1/129 568/1/129 569/1/129
f 569/1/129 570/1/129 571/1/129
f 571/1/129 572/1/129 567/1/129
f 569/1/129 571/1/129 567/1/129
f 561/1/325 566/1/325 569/1/325
f 561/1/325 569/1/325 568/1/325
f 566/1/316 565/1/316 570/1/316
f 566/1/316 570/1/316 569/1/316
f 565/1/326 564/1/326 571/1/326
f 565/1/326 571/1/326 570/1/326
f 564/1/327 563/1/327 572/1/327
f 564/1/327 572/1/327 571/1/327
f 563/1/319 562/1/319 567/1/319
f 563/1/319 567/1/319 572/1/319
f 562/1/328 561/1/328 568/1/328
f 562/1/328 568/1/328 567/1/328
f 573/1/258 574/1/258 575/1/258
f 575/1/258 576/1/258 577/1/258
f 577/1/258 578/1/258 573/1/258
f 575/1/258 577/1/258 573/1/258
f 579/1/129 580/1/129 581/1/129
f 581/1/129 582/1/129 583/1/129
f 583/1/129 584/1/129 579/1/129
f 581/1/129 583/1/129 579/1/129
f 573/1/325 578/1/325 581/1/325
f 573/1/325 581/1/325 580/1/325
f 578/1/316 577/1/316 582/1/316
f 578/1/316 582/1/316 581/1/316
f 577/1/326 576/1/326 583/1/326
f 577/1/326 583/1/326 582/1/326
f 576/1/327 575/1/327 584/1/327
f 576/1/327 584/1/327 583/1/327
f 575/1/319 574/1/319 579/1/319
f 575/1/319 579/1/319 584/1/319
f 574/1/328 573/1/328 580/1/328
f 574/1/328 580/1/328 579/1/328
f 585/1/258 586/1/258 587/1/258
f 587/1/258 588/1/258 589/1/258
f 589/1/258 590/1/258 585/1/258
f 587/1/258 589/1/258 585/1/258
f 591/1/129 592/1/129 593/1/129
f 593/1/129 594/1/129 595/1/129
f 595/1/129 596/1/129 591/1/129
f 593/1/129 595/1/129 591/1/129
f 585/1/329 590/1/329 593/1/329
f 585/1/329 593/1/329 592/1/329
f 590/1/316 589/1/316 594/1/316
f 590/1/316 594/1/316 593/1/316
f 589/1/330 588/1/330 595/1/330
f 589/1/330 595/1/330 594/1/330
f 588/1/331 587/1/331 596/1/331
f 588/1/331 596/1/331 595/1/331
f 587/1/319 586/1/319 591/1/319
f 587/1/319 591/1/319 596/1/319
f 586/1/332 585/1/332 592/1/332
f 586/1/332 592/1/332 591/1/332
f 597/1/258 598/1/258 599/1/258
f 599/1/258 600/1/258 601/1/258
f 601/1/258 602/1/258 597/1/258
f 599/1/258 601/1/258 597/1/258
f 603/1/129 604/1/129 605/1/129
f 605/1/129 606/1/129 607/1/129
f 607/1/129 608/1/129 603/1/129
f 605/1/129 607/1/129 603/1/129
f 597/1/325 602/1/325 605/1/325
f 597/1/325 605/1/325 604/1/325
f 602/1/316 601/1/316 606/1/316
f 602/1/316 606/1/316 605/1/316
f 601/1/326 600/1/326 607/1/326
f 601/1/326 607/1/326 606/1/326
f 600/1/327 599/1/327 608/1/327
f 600/1/327 608/1/327 607/1/327
f 599/1/319 598/1/319 603/1/319
f 599/1/319 603/1/319 608/1/319
f 598/1/328 597/1/328 604/1/328
f 598/1/328 604/1/328 603/1/328
f 609/1/258 610/1/258 611/1/258
f 611/1/258 612/1/258 613/1/258
f 613/1/258 614/1/258 609/1/258
f 611/1/258 613/1/258 609/1/258
f 615/1/129 616/1/129 617/1/129
f 617/1/129 618/1/129 619/1/129
f 619/1/129 620/1/129 615/1/129
f 617/1/129 619/1/129 615/1/129
f 609/1/325 614/1/325 617/1/325
f 609/1/325 617/1/325 616/1/325
f 614/1/316 613/1/316 618/1/316
f 614/1/316 618/1/316 617/1/316
f 613/1/326 612/1/326 619/1/326
f 613/1/326 619/1/326 618/1/326
f 612/1/327 611/1/327 620/1/327
f 612/1/327 620/1/327 619/1/327
f 611/1/319 610/1/319 615/1/319
f 611/1/319 615/1/319 620/1/319
f 610/1/328 609/1/328 616/1/328
f 610/1/328 616/1/328 615/1/328
f 621/1/258 622/1/258 623/1/258
f 623/1/258 624/1/258 625/1/258
f 625/1/258 626/1/258 621/1/258
f 623/1/258 625/1/258 621/1/258
f 627/1/129 628/1/129 629/1/129
f 629/1/129 630/1/129 631/1/129
f 631/1/129 632/1/129 627/1/129
f 629/1/129 631/1/129 627/1/129
f 621/1/321 626/1/321 629/1/321
f 621/1/321 629/1/321 628/1/321
f 626/1/316 625/1/316 630/1/316
f 626/1/316 630/1/316 629/1/316
f 625/1/322 624/1/322 631/1/322
f 625/1/322 631/1/322 630/1/322
f 624/1/323 623/1/323 632/1/323
f 624/1/323 632/1/323 631/1/323
f 623/1/319 622/1/319 627/1/319
f 623/1/319 627/1/319 632/1/319
f 622/1/324 621/1/324 628/1/324
f 622/1/324 628/1/324 627/1/324
f 633/1/258 634/1/258 635/1/258
f 635/1/258 636/1/258 637/1/258
f 637/1/258 638/1/258 633/1/258
f 635/1/258 637/1/258 633/1/258
f 639/1/129 640/1/129 641/1/129
f 641/1/129 642/1/129 643/1/129
f 643/1/129 644/1/129 639/1/129
f 641/1/129 643/1/129 639/1/129
f 633/1/321 638/1/321 641/1/321
f 633/1/321 641/1/321 640/1/321
f 638/1/316 637/1/316 642/1/316
f 638/1/316 642/1/316 641/1/316
f 637/1/322 636/1/322 643/1/322
f 637/1/322 643/1/322 642/1/322
f 636/1/323 635/1/323 644/1/323
f 636/1/323 644/1/323 643/1/323
f 635/1/319 634/1/319 639/1/319
f 635/1/319 639/1/319 644/1/319
f 634/1/324 633/1/324 640/1/324
f 634/1/324 640/1/324 639/1/324
f 645/1/258 646/1/258 647/1/258
f 647/1/258 648/1/258 649/1/258
f 649/1/258 650/1/258 645/1/258
f 647/1/258 649/1/258 645/1/258
f 651/1/129 652/1/129 653/1/129
f 653/1/129 654/1/129 655/1/129
f 655/1/129 656/1/129 651/1/129
f 653/1/129 655/1/129 651/1/129
f 645/1/321 650/1/321 653/1/321
f 645/1/321 653/1/321 652/1/321
f 650/1/316 649/1/316 654/1/316
f 650/1/316 654/1/316 653/1/316
f 649/1/322 648/1/322 655/1/322
f 649/1/322 655/1/322 654/1/322
f 648/1/323 647/1/323 656/1/323
f 648/1/323 656/1/323 655/1/323
f 647/1/319 646/1/319 651/1/319
f 647/1/319 651/1/319 656/1/319
f 646/1/324 645/1/324 652/1/324
f 646/1/324 652/1/324 651/1/324
f 657/1/258 658/1/258 659/1/258
f 659/1/258 660/1/258 661/1/258
f 661/1/258 662/1/258 657/1/258
f 659/1/258 661/1/258 657/1/258
f 663/1/129 664/1/129 665/1/129
f 665/1/129 666/1/129 667/1/129
f 667/1/129 668/1/129 663/1/129
f 665/1/129 667/1/129 663/1/129
f 657/1/315 662/1/315 665/1/315
f 657/1/315 665/1/315 664/1/315
f 662/1/316 661/1/316 666/1/316
f 662/1/316 666/1/316 665/1/316
f 661/1/317 660/1/317 667/1/317
f 661/1/317 667/1/317 666/1/317
f 660/1/318 659/1/318 668/1/318
f 660/1/318 668/1/318 667/1/318
f 659/1/319 658/1/319 663/1/319
f 659/1/319 663/1/319 668/1/319
f 658/1/320 657/1/320 664/1/320
f 658/1/320 664/1/320 663/1/320
f 669/1/258 670/1/258 671/1/258
f 671/1/258 672/1/258 673/1/258
f 673/1/258 674/1/258 669/1/258
f 671/1/258 673/1/258 669/1/258
f 675/1/129 676/1/129 677/1/129
f 677/1/129 678/1/129 679/1/129
f 679/1/129 680/1/129 675/1/129
f 677/1/129 679/1/129 675/1/129
f 669/1/321 674/1/321 677/1/321
f 669/1/321 677/1/321 676/1/321
f 674/1/316 673/1/316 678/1/316
f 674/1/316 678/1/316 677/1/316
f 673/1/322 672/1/322 679/1/322
f 673/1/322 679/1/322 678/1/322
f 672/1/323 671/1/323 680/1/323
f 672/1/323 680/1/323 679/1/323
f 671/1/319 670/1/319 675/1/319
f 671/1/319 675/1/319 680/1/319
f 670/1/324 669/1/324 676/1/324
f 670/1/324 676/1/324 675/1/324
f 681/1/258 682/1/258 683/1/258
f 683/1/258 684/1/258 685/1/258
f 685/1/258 686/1/258 681/1/258
f 683/1/258 685/1/258 681/1/258
f 687/1/129 688/1/129 689/1/129
f 689/1/129 690/1/129 691/1/129
f 691/1/129 692/1/129 687/1/129
f 689/1/129 691/1/129 687/1/129
f 681/1/321 686/1/321 689/1/321
f 681/1/321 689/1/321 688/1/321
f 686/1/316 685/1/316 690/1/316
f 686/1/316 690/1/316 689/1/316
f 685/1/322 684/1/322 691/1/322
f 685/1/322 691/1/322 690/1/322
f 684/1/323 683/1/323 692/1/323
f 684/1/323 692/1/323 691/1/323
f 683/1/319 682/1/319 687/1/319
f 683/1/319 687/1/319 692/1/319
f 682/1/324 681/1/324 688/1/324
f 682/1/324 688/1/324 687/1/324
f 693/1/258 694/1/258 695/1/258
f 695/1/258 696/1/258 697/1/258
f 697/1/258 698/1/258 693/1/258
f 695/1/258 697/1/258 693/1/258
f 699/1/129 700/1/129 701/1/129
f 701/1/129 702/1/129 703/1/129
f 703/1/129 704/1/129 699/1/129
f 701/1/129 703/1/129 699/1/129
f 693/1/321 698/1/321 701/1/321
f 693/1/321 701/1/321 700/1/321
f 698/1/316 697/1/316 702/1/316
f 698/1/316 702/1/316 701/1/316
f 697/1/322 696/1/322 703/1/322
f 697/1/322 703/1/322 702/1/322
f 696/1/323 695/1/323 704/1/323
f 696/1/323 704/1/323 703/1/323
f 695/1/319 694/1/319 699/1/319
f 695/1/319 699/1/319 704/1/319
f 694/1/324 693/1/324 700/1/324
f 694/1/324 700/1/324 699/1/324
f 705/1/258 706/1/258 707/1/258
f 707/1/258 708/1/258 709/1/258
f 709/1/258 710/1/258 705/1/258
f 707/1/258 709/1/258 705/1/258
f 711/1/129 712/1/129 713/1/129
f 713/1/129 714/1/129 715/1/129
f 715/1/129 716/1/129 711/1/129
f 713/1/129 715/1/129 711/1/129
f 705/1/325 710/1/325 713/1/325
f 705/1/325 713/1/325 712/1/325
f 710/1/316 709/1/316 714/1/316
f 710/1/316 714/1/316 713/1/316
f 709/1/326 708/1/326 715/1/326
f 709/1/326 715/1/326 714/1/326
f 708/1/327 707/1/327 716/1/327
f 708/1/327 716/1/327 715/1/327
f 707/1/319 706/1/319 711/1/319
f 707/1/319 711/1/319 716/1/319
f 706/1/328 705/1/328 712/1/328
f 706/1/328 712/1/328 711/1/328
f 717/1/258 718/1/258 719/1/258
f 719/1/258 720/1/258 721/1/258
f 721/1/258 722/1/258 717/1/258
f 719/1/258 721/1/258 717/1/258
f 723/1/129 724/1/129 725/1/129
f 725/1/129 726/1/129 727/1/129
f 727/1/129 728/1/129 723/1/129
f 725/1/129 727/1/129 723/1/129
f 717/1/325 722/1/325 725/1/325
f 717/1/325 725/1/325 724/1/325
f 722/1/316 721/1/316 726/1/316
f 722/1/316 726/1/316 725/1/316
f 721/1/326 720/1/326 727/1/326
f 721/1/326 727/1/326 726/1/326
f 720/1/327 719/1/327 728/1/327
f 720/1/327 728/1/327 727/1/327
f 719/1/319 718/1/319 723/1/319
f 719/1/319 723/1/319 728/1/319
f 718/1/328 717/1/328 724/1/328
f 718/1/328 724/1/328 723/1/328
f 729/1/258 730/1/258 731/1/258
f 731/1/258 732/1/258 733/1/258
f 733/1/258 734/1/258 729/1/258
f 731/1/258 733/1/258 729/1/258
f 735/1/129 736/1/129 737/1/129
f 737/1/129 738/1/129 739/1/129
f 739/1/129 740/1/129 735/1/129
f 737/1/129 739/1/129 735/1/129
f 729/1/329 734/1/329 737/1/329
f 729/1/329 737/1/329 736/1/329
f 734/1/316 733/1/316 738/1/316
f 734/1/316 738/1/316 737/1/316
f 733/1/330 732/1/330 739/1/330
f 733/1/330 739/1/330 738/1/330
f 732/1/331 731/1/331 740/1/331
f 732/1/331 740/1/331 739/1/331
f 731/1/319 730/1/319 735/1/319
f 731/1/319 735/1/319 740/1/319
f 730/1/332 729/1/332 736/1/332
f 730/1/332 736/1/332 735/1/332
f 741/1/258 742/1/258 743/1/258
f 743/1/258 744/1/258 745/1/258
f 745/1/258 746/1/258 741/1/258
f 743/1/258 745/1/258 741/1/258
f 747/1/129 748/1/129 749/1/129
f 749/1/129 750/1/129 751/1/129
f 751/1/129 752/1/129 747/1/129
f 749/1/129 751/1/129 747/1/129
f 741/1/325 746/1/325 749/1/325
f 741/1/325 749/1/325 748/1/325
f 746/1/316 745/1/316 750/1/316
f 746/1/316 750/1/316 749/1/316
f 745/1/326 744/1/326 751/1/326
f 745/1/326 751/1/326 750/1/326
f 744/1/327 743/1/327 752/1/327
f 744/1/327 752/1/327 751/1/327
f 743/1/319 742/1/319 747/1/319
f 743/1/319 747/1/319 752/1/319
f 742/1/328 741/1/328 748/1/328
f 742/1/328 748/1/328 747/1/328
f 753/1/258 754/1/258 755/1/258
f 755/1/258 756/1/258 757/1/258
f 757/1/258 758/1/258 753/1/258
f 755/1/258 757/1/258 753/1/258
f 759/1/129 760/1/129 761/1/129
f 761/1/129 762/1/129 763/1/129
f 763/1/129 764/1/129 759/1/129
f 761/1/129 763/1/129 759/1/129
f 753/1/325 758/1/325 761/1/325
f 753/1/325 761/1/325 760/1/325
f 758/1/316 757/1/316 762/1/316
f 758/1/316 762/1/316 761/1/316
f 757/1/326 756/1/326 763/1/326
f 757/1/326 763/1/326 762/1/326
f 756/1/327 755/1/327 764/1/327
f 756/1/327 764/1/327 763/1/327
f 755/1/319 754/1/319 759/1/319
f 755/1/319 759/1/319 764/1/319
f 754/1/328 753/1/328 760/1/328
f 754/1/328 760/1/328 759/1/328
f 765/1/258 766/1/258 767/1/258
f 767/1/258 768/1/258 769/1/258
f 769/1/258 770/1/258 765/1/258
f 767/1/258 769/1/258 765/1/258
f 771/1/129 772/1/129 773/1/129
f 773/1/129 774/1/129 775/1/129
f 775/1/129 776/1/129 771/1/129
f 773/1/129 775/1/129 771/1/129
f 765/1/321 770/1/321 773/1/321
f 765/1/321 773/1/321 772/1/321
f 770/1/316 769/1/316 774/1/316
f 770/1/316 774/1/316 773/1/316
f 769/1/322 768/1/322 775/1/322
f 769/1/322 775/1/322 774/1/322
f 768/1/323 767/1/323 776/1/323
f 768/1/323 776/1/323 775/1/323
f 767/1/319 766/1/319 771/1/319
f 767/1/319 771/1/319 776/1/319
f 766/1/324 765/1/324 772/1/324
f 766/1/324 772/1/324 771/1/324
f 777/1/258 778/1/258 779/1/258
f 779/1/258 780/1/258 781/1/258
f 781/1/258 782/1/258 777/1/258
f 779/1/258 781/1/258 777/1/258
f 783/1/129 784/1/129 785/1/129
f 785/1/129 786/1/129 787/1/129
f 787/1/129 788/1/129 783/1/129
f 785/1/129 787/1/129 783/1/129
f 777/1/321 782/1/321 785/1/321
f 777/1/321 785/1/321 784/1/321
f 782/1/316 781/1/316 786/1/316
f 782/1/316 786/1/316 785/1/316
f 781/1/322 780/1/322 787/1/322
f 781/1/322 787/1/322 786/1/322
f 780/1/323 779/1/323 788/1/323
f 780/1/323 788/1/323 787/1/323
f 779/1/319 778/1/319 783/1/319
f 779/1/319 783/1/319 788/1/319
f 778/1/324 777/1/324 784/1/324
f 778/1/324 784/1/324 783/1/324
f 789/1/258 790/1/258 791/1/258
f 791/1/258 792/1/258 793/1/258
f 793/1/258 794/1/258 789/1/258
f 791/1/258 793/1/258 789/1/258
f 795/1/129 796/1/129 797/1/129
f 797/1/129 798/1/129 799/1/129
f 799/1/129 800/1/129 795/1/129
f 797/1/129 799/1/129 795/1/129
f 789/1/321 794/1/321 797/1/321
f 789/1/321 797/1/321 796/1/321
f 794/1/316 793/1/316 798/1/316
f 794/1/316 798/1/316 797/1/316
f 793/1/322 792/1/322 799/1/322
f 793/1/322 799/1/322 798/1/322
f 792/1/323 791/1/323 800/1/323
f 792/1/323 800/1/323 799/1/323
f 791/1/319 790/1/319 795/1/319
f 791/1/319 795/1/319 800/1/319
f 790/1/324 789/1/324 796/1/324
f 790/1/324 796/1/324 795/1/324
f 801/1/333 802/1/333 803/1/333
f 801/1/334 803/1/334 804/1/334
f 802/1/258 805/1/258 806/1/258
f 802/1/258 806/1/258 803/1/258
f 805/1/335 807/1/335 808/1/335
f 805/1/336 808/1/336 806/1/336
f 807/1/337 809/1/337 810/1/337
f 807/1/338 810/1/338 808/1/338
f 809/1/129 811/1/129 812/1/129
f 809/1/129 812/1/129 810/1/129
f 811/1/339 801/1/339 804/1/339
f 811/1/340 804/1/340 812/1/340
f 804/1/341 803/1/341 813/1/341
f 804/1/342 813/1/342 814/1/342
f 803/1/258 806/1/258 815/1/258
f 803/1/258 815/1/258 813/1/258
f 806/1/343 808/1/343 816/1/343
f 806/1/344 816/1/344 815/1/344
f 808/1/345 810/1/345 817/1/345
f 808/1/346 817/1/346 816/1/346
f 810/1/129 812/1/129 818/1/129
f 810/1/129 818/1/129 817/1/129
f 812/1/347 804/1/347 814/1/347
f 812/1/348 814/1/348 818/1/348
f 814/1/349 813/1/349 819/1/349
f 814/1/350 819/1/350 820/1/350
f 813/1/258 815/1/258 821/1/258
f 813/1/258 821/1/258 819/1/258
f 815/1/351 816/1/351 822/1/351
f 815/1/352 822/1/352 821/1/352
f 816/1/353 817/1/353 823/1/353
f 816/1/354 823/1/354 822/1/354
f 817/1/129 818/1/129 824/1/129
f 817/1/129 824/1/129 823/1/129
f 818/1/355 814/1/355 820/1/355
f 818/1/356 820/1/356 824/1/356
f 820/1/357 819/1/357 825/1/357
f 820/1/358 825/1/358 826/1/358
f 819/1/258 821/1/258 827/1/258
f 819/1/258 827/1/258 825/1/258
f 821/1/359 822/1/359 828/1/359
f 821/1/360 828/1/360 827/1/360
f 822/1/361 823/1/361 829/1/361
f 822/1/362 829/1/362 828/1/362
f 823/1/129 824/1/129 830/1/129
f 823/1/129 830/1/129 829/1/129
f 824/1/363 820/1/363 826/1/363
f 824/1/364 826/1/364 830/1/364
f 826/1/365 825/1/365 831/1/365
f 826/1/366 831/1/366 832/1/366
f 825/1/258 827/1/258 833/1/258
f 825/1/258 833/1/258 831/1/258
f 827/1/367 828/1/367 834/1/367
f 827/1/368 834/1/368 833/1/368
f 828/1/369 829/1/369 835/1/369
f 828/1/370 835/1/370 834/1/370
f 829/1/129 830/1/129 836/1/129
f 829/1/129 836/1/129 835/1/129
f 830/1/371 826/1/371 832/1/371
f 830/1/372 832/1/372 836/1/372
f 832/1/373 831/1/373 837/1/373
f 832/1/374 837/1/374 838/1/374
f 831/1/258 833/1/258 839/1/258
f 831/1/258 839/1/258 837/1/258
f 833/1/375 834/1/375 840/1/375
f 833/1/376 840/1/376 839/1/376
f 834/1/377 835/1/377 841/1/377
f 834/1/378 841/1/378 840/1/378
f 835/1/129 836/1/129 842/1/129
f 835/1/129 842/1/129 841/1/129
f 836/1/379 832/1/379 838/1/379
f 836/1/380 838/1/380 842/1/380
f 838/1/381 837/1/381 843/1/381
f 838/1/382 843/1/382 844/1/382
f 837/1/258 839/1/258 845/1/258
f 837/1/258 845/1/258 843/1/258
f 839/1/383 840/1/383 846/1/383
f 839/1/384 846/1/384 845/1/384
f 840/1/385 841/1/385 847/1/385
f 840/1/386 847/1/386 846/1/386
f 841/1/129 842/1/129 848/1/129
f 841/1/129 848/1/129 847/1/129
f 842/1/387 838/1/387 844/1/387
f 842/1/388 844/1/388 848/1/388
f 844/1/389 843/1/389 849/1/389
f 844/1/390 849/1/390 850/1/390
f 843/1/258 845/1/258 851/1/258
f 843/1/258 851/1/258 849/1/258
f 845/1/391 846/1/391 852/1/391
f 845/1/392 852/1/392 851/1/392
f 846/1/393 847/1/393 853/1/393
f 846/1/394 853/1/394 852/1/394
f 847/1/129 848/1/129 854/1/129
f 847/1/129 854/1/129 853/1/129
f 848/1/395 844/1/395 850/1/395
f 848/1/396 850/1/396 854/1/396
f 850/1/397 849/1/397 855/1/397
f 850/1/398 855/1/398 856/1/398
f 849/1/258 851/1/258 857/1/258
f 849/1/258 857/1/258 855/1/258
f 851/1/399 852/1/399 858/1/399
f 851/1/400 858/1/400 857/1/400
f 852/1/401 853/1/401 859/1/401
f 852/1/402 859/1/402 858/1/402
f 853/1/129 854/1/129 860/1/129
f 853/1/129 860/1/129 859/1/129
f 854/1/403 850/1/403 856/1/403
f 854/1/404 856/1/404 860/1/404
f 856/1/405 855/1/405 861/1/405
f 856/1/406 861/1/406 862/1/406
f 855/1/258 857/1/258 863/1/258
f 855/1/258 863/1/258 861/1/258
f 857/1/407 858/1/407 864/1/407
f 857/1/408 864/1/408 863/1/408
f 858/1/409 859/1/409 865/1/409
f 858/1/410 865/1/410 864/1/410
f 859/1/129 860/1/129 866/1/129
f 859/1/129 866/1/129 865/1/129
f 860/1/411 856/1/411 862/1/411
f 860/1/412 862/1/412 866/1/412
f 862/1/413 861/1/413 867/1/413
f 862/1/414 867/1/414 868/1/414
f 861/1/258 863/1/258 869/1/258
f 861/1/258 869/1/258 867/1/258
f 863/1/415 864/1/415 870/1/415
f 863/1/416 870/1/416 869/1/416
f 864/1/417 865/1/417 871/1/417
f 864/1/418 871/1/418 870/1/418
f 865/1/129 866/1/129 872/1/129
f 865/1/129 872/1/129 871/1/129
f 866/1/419 862/1/419 868/1/419
f 866/1/420 868/1/420 872/1/420
f 868/1/421 867/1/421 873/1/421
f 868/1/422 873/1/422 874/1/422
f 867/1/258 869/1/258 875/1/258
f 867/1/258 875/1/258 873/1/258
f 869/1/423 870/1/423 876/1/423
f 869/1/424 876/1/424 875/1/424
f 870/1/425 871/1/425 877/1/425
f 870/1/426 877/1/426 876/1/426
f 871/1/129 872/1/129 878/1/129
f 871/1/129 878/1/129 877/1/129
f 872/1/427 868/1/427 874/1/427
f 872/1/428 874/1/428 878/1/428
f 874/1/429 873/1/429 879/1/429
f 874/1/430 879/1/430 880/1/430
f 873/1/258 875/1/258 881/1/258
f 873/1/258 881/1/258 879/1/258
f 875/1/431 876/1/431 882/1/431
f 875/1/432 882/1/432 881/1/432
f 876/1/433 877/1/433 883/1/433
f 876/1/434 883/1/434 882/1/434
f 877/1/129 878/1/129 884/1/129
f 877/1/129 884/1/129 883/1/129
f 878/1/435 874/1/435 880/1/435
f 878/1/436 880/1/436 884/1/436
f 880/1/437 879/1/437 885/1/437
f 880/1/438 885/1/438 886/1/438
f 879/1/258 881/1/258 887/1/258
f 879/1/258 887/1/258 885/1/258
f 881/1/439 882/1/439 888/1/439
f 881/1/440 888/1/440 887/1/440
f 882/1/441 883/1/441 889/1/441
f 882/1/442 889/1/442 888/1/442
f 883/1/129 884/1/129 890/1/129
f 883/1/129 890/1/129 889/1/129
f 884/1/443 880/1/443 886/1/443
f 884/1/444 886/1/444 890/1/444
f 886/1/445 885/1/445 891/1/445
f 886/1/446 891/1/446 892/1/446
f 885/1/258 887/1/258 893/1/258
f 885/1/258 893/1/258 891/1/258
f 887/1/447 888/1/447 894/1/447
f 887/1/448 894/1/448 893/1/448
f 888/1/449 889/1/449 895/1/449
f 888/1/450 895/1/450 894/1/450
f 889/1/129 890/1/129 896/1/129
f 889/1/129 896/1/129 895/1/129
f 890/1/451 886/1/451 892/1/451
f 890/1/452 892/1/452 896/1/452
f 892/1/453 891/1/453 897/1/453
f 892/1/454 897/1/454 898/1/454
f 891/1/258 893/1/258 899/1/258
f 891/1/258 899/1/258 897/1/258
f 893/1/455 894/1/455 900/1/455
f 893/1/456 900/1/456 899/1/456
f 894/1/457 895/1/457 901/1/457
f 894/1/458 901/1/458 900/1/458
f 895/1/129 896/1/129 902/1/129
f 895/1/129 902/1/129 901/1/129
f 896/1/459 892/1/459 898/1/459
f 896/1/460 898/1/460 902/1/460
f 898/1/461 897/1/461 903/1/461
f 898/1/462 903/1/462 904/1/462
f 897/1/258 899/1/258 905/1/258
f 897/1/258 905/1/258 903/1/258
f 899/1/463 900/1/463 906/1/463
f 899/1/464 906/1/464 905/1/464
f 900/1/465 901/1/465 907/1/465
f 900/1/466 907/1/466 906/1/466
f 901/1/129 902/1/129 908/1/129
f 901/1/129 908/1/129 907/1/129
f 902/1/467 898/1/467 904/1/467
f 902/1/468 904/1/468 908/1/468
f 904/1/469 903/1/469 909/1/469
f 904/1/470 909/1/470 910/1/470
f 903/1/258 905/1/258 911/1/258
f 903/1/258 911/1/258 909/1/258
f 905/1/471 906/1/471 912/1/471
f 905/1/472 912/1/472 911/1/472
f 906/1/473 907/1/473 913/1/473
f 906/1/474 913/1/474 912/1/474
f 907/1/129 908/1/129 914/1/129
f 907/1/129 914/1/129 913/1/129
f 908/1/475 904/1/475 910/1/475
f 908/1/476 910/1/476 914/1/476
f 910/1/477 909/1/477 915/1/477
f 910/1/478 915/1/478 916/1/478
f 909/1/258 911/1/258 917/1/258
f 909/1/258 917/1/258 915/1/258
f 911/1/479 912/1/479 918/1/479
f 911/1/480 918/1/480 917/1/480
f 912/1/481 913/1/481 919/1/481
f 912/1/482 919/1/482 918/1/482
f 913/1/129 914/1/129 920/1/129
f 913/1/129 920/1/129 919/1/129
f 914/1/483 910/1/483 916/1/483
f 914/1/484 916/1/484 920/1/484
f 916/1/485 915/1/485 921/1/485
f 916/1/486 921/1/486 922/1/486
f 915/1/258 917/1/258 923/1/258
f 915/1/258 923/1/258 921/1/258
f 917/1/487 918/1/487 924/1/487
f 917/1/488 924/1/488 923/1/488
f 918/1/489 919/1/489 925/1/489
f 918/1/490 925/1/490 924/1/490
f 919/1/129 920/1/129 926/1/129
f 919/1/129 926/1/129 925/1/129
f 920/1/491 916/1/491 922/1/491
f 920/1/492 922/1/492 926/1/492
f 922/1/493 921/1/493 927/1/493
f 922/1/494 927/1/494 928/1/494
f 921/1/258 923/1/258 929/1/258
f 921/1/258 929/1/258 927/1/258
f 923/1/495 924/1/495 930/1/495
f 923/1/496 930/1/496 929/1/496
f 924/1/497 925/1/497 931/1/497
f 924/1/498 931/1/498 930/1/498
f 925/1/129 926/1/129 932/1/129
f 925/1/129 932/1/129 931/1/129
f 926/1/499 922/1/499 928/1/499
f 926/1/500 928/1/500 932/1/500
f 928/1/501 927/1/501 933/1/501
f 928/1/502 933/1/502 934/1/502
f 927/1/258 929/1/258 935/1/258
f 927/1/258 935/1/258 933/1/258
f 929/1/503 930/1/503 936/1/503
f 929/1/504 936/1/504 935/1/504
f 930/1/505 931/1/505 937/1/505
f 930/1/506 937/1/506 936/1/506
f 931/1/129 932/1/129 938/1/129
f 931/1/129 938/1/129 937/1/129
f 932/1/507 928/1/507 934/1/507
f 932/1/508 934/1/508 938/1/508
f 934/1/509 933/1/509 939/1/509
f 934/1/510 939/1/510 940/1/510
f 933/1/258 935/1/258 941/1/258
f 933/1/258 941/1/258 939/1/258
f 935/1/511 936/1/511 942/1/511
f 935/1/512 942/1/512 941/1/512
f 936/1/513 937/1/513 943/1/513
f 936/1/514 943/1/514 942/1/514
f 937/1/129 938/1/129 944/1/129
f 937/1/129 944/1/129 943/1/129
f 938/1/515 934/1/515 940/1/515
f 938/1/516 940/1/516 944/1/516
f 940/1/517 939/1/517 945/1/517
f 940/1/518 945/1/518 946/1/518
f 939/1/258 941/1/258 947/1/258
f 939/1/258 947/1/258 945/1/258
f 941/1/519 942/1/519 948/1/519
f 941/1/520 948/1/520 947/1/520
f 942/1/521 943/1/521 949/1/521
f 942/1/522 949/1/522 948/1/522
f 943/1/129 944/1/129 950/1/129
f 943/1/129 950/1/129 949/1/129
f 944/1/523 940/1/523 946/1/523
f 944/1/524 946/1/524 950/1/524
f 946/1/525 945/1/525 951/1/525
f 946/1/526 951/1/526 952/1/526
f 945/1/258 947/1/258 953/1/258
f 945/1/258 953/1/258 951/1/258
f 947/1/527 948/1/527 954/1/527
f 947/1/528 954/1/528 953/1/528
f 948/1/529 949/1/529 955/1/529
f 948/1/530 955/1/530 954/1/530
f 949/1/129 950/1/129 956/1/129
f 949/1/129 956/1/129 955/1/129
f 950/1/531 946/1/531 952/1/531
f 950/1/532 952/1/532 956/1/532
f 952/1/533 951/1/533 957/1/533
f 952/1/534 957/1/534 958/1/534
f 951/1/258 953/1/258 959/1/258
f 951/1/258 959/1/258 957/1/258
f 953/1/535 954/1/535 960/1/535
f 953/1/536 960/1/536 959/1/536
f 954/1/537 955/1/537 961/1/537
f 954/1/538 961/1/538 960/1/538
f 955/1/129 956/1/129 962/1/129
f 955/1/129 962/1/129 961/1/129
f 956/1/539 952/1/539 958/1/539
f 956/1/540 958/1/540 962/1/540
f 958/1/541 957/1/541 963/1/541
f 958/1/542 963/1/542 964/1/542
f 957/1/258 959/1/258 965/1/258
f 957/1/258 965/1/258 963/1/258
f 959/1/543 960/1/543 966/1/543
f 959/1/544 966/1/544 965/1/544
f 960/1/545 961/1/545 967/1/545
f 960/1/546 967/1/546 966/1/546
f 961/1/129 962/1/129 968/1/129
f 961/1/129 968/1/129 967/1/129
f 962/1/547 958/1/547 964/1/547
f 962/1/548 964/1/548 968/1/548
f 964/1/549 963/1/549 969/1/549
f 964/1/550 969/1/550 970/1/550
f 963/1/258 965/1/258 971/1/258
f 963/1/258 971/1/258 969/1/258
f 965/1/551 966/1/551 972/1/551
f 965/1/552 972/1/552 971/1/552
f 966/1/553 967/1/553 973/1/553
f 966/1/554 973/1/554 972/1/554
f 967/1/129 968/1/129 974/1/129
f 967/1/129 974/1/129 973/1/129
f 968/1/555 964/1/555 970/1/555
f 968/1/556 970/1/556 974/1/556
f 970/1/557 969/1/557 975/1/557
f 970/1/558 975/1/558 976/1/558
f 969/1/258 971/1/258 977/1/258
f 969/1/258 977/1/258 975/1/258
f 971/1/559 972/1/559 978/1/559
f 971/1/560 978/1/560 977/1/560
f 972/1/561 973/1/561 979/1/561
f 972/1/562 979/1/562 978/1/562
f 973/1/129 974/1/129 980/1/129
f 973/1/129 980/1/129 979/1/129
f 974/1/563 970/1/563 976/1/563
f 974/1/564 976/1/564 980/1/564
f 976/1/565 975/1/565 981/1/565
f 976/1/566 981/1/566 982/1/566
f 975/1/258 977/1/258 983/1/258
f 975/1/258 983/1/258 981/1/258
f 977/1/567 978/1/567 984/1/567
f 977/1/568 984/1/568 983/1/568
f 978/1/569 979/1/569 985/1/569
f 978/1/570 985/1/570 984/1/570
f 979/1/129 980/1/129 986/1/129
f 979/1/129 986/1/129 985/1/129
f 980/1/571 976/1/571 982/1/571
f 980/1/572 982/1/572 986/1/572
f 982/1/573 981/1/573 987/1/573
f 982/1/574 987/1/574 988/1/574
f 981/1/258 983/1/258 989/1/258
f 981/1/258 989/1/258 987/1/258
f 983/1/575 984/1/575 990/1/575
f 983/1/576 990/1/576 989/1/576
f 984/1/577 985/1/577 991/1/577
f 984/1/578 991/1/578 990/1/578
f 985/1/129 986/1/129 992/1/129
f 985/1/129 992/1/129 991/1/129
f 986/1/579 982/1/579 988/1/579
f 986/1/580 988/1/580 992/1/580
f 988/1/581 987/1/581 993/1/581
f 988/1/582 993/1/582 994/1/582
f 987/1/258 989/1/258 995/1/258
f 987/1/258 995/1/258 993/1/258
f 989/1/583 990/1/583 996/1/583
f 989/1/584 996/1/584 995/1/584
f 990/1/585 991/1/585 997/1/585
f 990/1/586 997/1/586 996/1/586
f 991/1/129 992/1/129 998/1/129
f 991/1/129 998/1/129 997/1/129
f 992/1/587 988/1/587 994/1/587
f 992/1/588 994/1/588 998/1/588
f 994/1/589 993/1/589 999/1/589
f 994/1/590 999/1/590 1000/1/590
f 993/1/258 995/1/258 1001/1/258
f 993/1/258 1001/1/258 999/1/258
f 995/1/591 996/1/591 1002/1/591
f 995/1/592 1002/1/592 1001/1/592
f 996/1/593 997/1/593 1003/1/593
f 996/1/594 1003/1/594 1002/1/594
f 997/1/129 998/1/129 1004/1/129
f 997/1/129 1004/1/129 1003/1/129
f 998/1/595 994/1/595 1000/1/595
f 998/1/596 1000/1/596 1004/1/596
f 1000/1/597 999/1/597 1005/1/597
f 1000/1/598 1005/1/598 1006/1/598
f 999/1/258 1001/1/258 1007/1/258
f 999/1/258 1007/1/258 1005/1/258
f 1001/1/599 1002/1/599 1008/1/599
f 1001/1/600 1008/1/600 1007/1/600
f 1002/1/601 1003/1/601 1009/1/601
f 1002/1/602 1009/1/602 1008/1/602
f 1003/1/129 1004/1/129 1010/1/129
f 1003/1/129 1010/1/129 1009/1/129
f 1004/1/603 1000/1/603 1006/1/603
f 1004/1/604 1006/1/604 1010/1/604
f 1006/1/605 1005/1/605 1011/1/605
f 1006/1/606 1011/1/606 1012/1/606
f 1005/1/258 1007/1/258 1013/1/258
f 1005/1/258 1013/1/258 1011/1/258
f 1007/1/607 1008/1/607 1014/1/607
f 1007/1/608 1014/1/608 1013/1/608
f 1008/1/609 1009/1/609 1015/1/609
f 1008/1/610 1015/1/610 1014/1/610
f 1009/1/129 1010/1/129 1016/1/129
f 1009/1/129 1016/1/129 1015/1/129
f 1010/1/611 1006/1/611 1012/1/611
f 1010/1/612 1012/1/612 1016/1/612
f 1012/1/613 1011/1/613 1017/1/613
f 1012/1/614 1017/1/614 1018/1/614
f 1011/1/258 1013/1/258 1019/1/258
f 1011/1/258 1019/1/258 1017/1/258
f 1013/1/615 1014/1/615 1020/1/615
f 1013/1/616 1020/1/616 1019/1/616
f 1014/1/617 1015/1/617 1021/1/617
f 1014/1/618 1021/1/618 1020/1/618
f 1015/1/129 1016/1/129 1022/1/129
f 1015/1/129 1022/1/129 1021/1/129
f 1016/1/619 1012/1/619 1018/1/619
f 1016/1/620 1018/1/620 1022/1/620
f 1018/1/621 1017/1/621 1023/1/621
f 1018/1/622 1023/1/622 1024/1/622
f 1017/1/258 1019/1/258 1025/1/258
f 1017/1/258 1025/1/258 1023/1/258
f 1019/1/623 1020/1/623 1026/1/623
f 1019/1/624 1026/1/624 1025/1/624
f 1020/1/625 1021/1/625 1027/1/625
f 1020/1/626 1027/1/626 1026/1/626
f 1021/1/129 1022/1/129 1028/1/129
f 1021/1/129 1028/1/129 1027/1/129
f 1022/1/627 1018/1/627 1024/1/627
f 1022/1/628 1024/1/628 1028/1/628
f 1024/1/629 1023/1/629 1029/1/629
f 1024/1/630 1029/1/630 1030/1/630
f 1023/1/258 1025/1/258 1031/1/258
f 1023/1/258 1031/1/258 1029/1/258
f 1025/1/631 1026/1/631 1032/1/631
f 1025/1/632 1032/1/632 1031/1/632
f 1026/1/633 1027/1/633 1033/1/633
f 1026/1/634 1033/1/634 1032/1/634
f 1027/1/129 1028/1/129 1034/1/129
f 1027/1/129 1034/1/129 1033/1/129
f 1028/1/635 1024/1/635 1030/1/635
f 1028/1/636 1030/1/636 1034/1/636
f 1030/1/637 1029/1/637 1035/1/637
f 1030/1/638 1035/1/638 1036/1/638
f 1029/1/258 1031/1/258 1037/1/258
f 1029/1/258 1037/1/258 1035/1/258
f 1031/1/639 1032/1/639 1038/1/639
f 1031/1/640 1038/1/640 1037/1/640
f 1032/1/641 1033/1/641 1039/1/641
f 1032/1/642 1039/1/642 1038/1/642
f 1033/1/129 1034/1/129 1040/1/129
f 1033/1/129 1040/1/129 1039/1/129
f 1034/1/643 1030/1/643 1036/1/643
f 1034/1/644 1036/1/644 1040/1/644
f 1036/1/645 1035/1/645 1041/1/645
f 1036/1/646 1041/1/646 1042/1/646
f 1035/1/258 1037/1/258 1043/1/258
f 1035/1/258 1043/1/258 1041/1/258
f 1037/1/647 1038/1/647 1044/1/647
f 1037/1/648 1044/1/648 1043/1/648
f 1038/1/649 1039/1/649 1045/1/649
f 1038/1/650 1045/1/650 1044/1/650
f 1039/1/129 1040/1/129 1046/1/129
f 1039/1/129 1046/1/129 1045/1/129
f 1040/1/651 1036/1/651 1042/1/651
f 1040/1/652 1042/1/652 1046/1/652
f 1042/1/653 1041/1/653 1047/1/653
f 1042/1/654 1047/1/654 1048/1/654
f 1041/1/258 1043/1/258 1049/1/258
f 1041/1/258 1049/1/258 1047/1/258
f 1043/1/655 1044/1/655 1050/1/655
f 1043/1/656 1050/1/656 1049/1/656
f 1044/1/657 1045/1/657 1051/1/657
f 1044/1/658 1051/1/658 1050/1/658
f 1045/1/129 1046/1/129 1052/1/129
f 1045/1/129 1052/1/129 1051/1/129
f 1046/1/659 1042/1/659 1048/1/659
f 1046/1/660 1048/1/660 1052/1/660
f 1048/1/661 1047/1/661 1053/1/661
f 1048/1/662 1053/1/662 1054/1/662
f 1047/1/258 1049/1/258 1055/1/258
f 1047/1/258 1055/1/258 1053/1/258
f 1049/1/663 1050/1/663 1056/1/663
f 1049/1/664 1056/1/664 1055/1/664
f 1050/1/665 1051/1/665 1057/1/665
f 1050/1/666 1057/1/666 1056/1/666
f 1051/1/129 1052/1/129 1058/1/129
f 1051/1/129 1058/1/129 1057/1/129
f 1052/1/667 1048/1/667 1054/1/667
f 1052/1/668 1054/1/668 1058/1/668
f 1054/1/669 1053/1/669 1059/1/669
f 1054/1/670 1059/1/670 1060/1/670
f 1053/1/258 1055/1/258 1061/1/258
f 1053/1/258 1061/1/258 1059/1/258
f 1055/1/671 1056/1/671 1062/1/671
f 1055/1/672 1062/1/672 1061/1/672
f 1056/1/673 1057/1/673 1063/1/673
f 1056/1/674 1063/1/674 1062/1/674
f 1057/1/129 1058/1/129 1064/1/129
f 1057/1/129 1064/1/129 1063/1/129
f 1058/1/675 1054/1/675 1060/1/675
f 1058/1/676 1060/1/676 1064/1/676
f 1060/1/677 1059/1/677 1065/1/677
f 1060/1/678 1065/1/678 1066/1/678
f 1059/1/258 1061/1/258 1067/1/258
f 1059/1/258 1067/1/258 1065/1/258
f 1061/1/679 1062/1/679 1068/1/679
f 1061/1/680 1068/1/680 1067/1/680
f 1062/1/681 1063/1/681 1069/1/681
f 1062/1/682 1069/1/682 1068/1/682
f 1063/1/129 1064/1/129 1070/1/129
f 1063/1/129 1070/1/129 1069/1/129
f 1064/1/683 1060/1/683 1066/1/683
f 1064/1/684 1066/1/684 1070/1/684
f 1066/1/685 1065/1/685 1071/1/685
f 1066/1/686 1071/1/686 1072/1/686
f 1065/1/258 1067/1/258 1073/1/258
f 1065/1/258 1073/1/258 1071/1/258
f 1067/1/687 1068/1/687 1074/1/687
f 1067/1/688 1074/1/688 1073/1/688
f 1068/1/689 1069/1/689 1075/1/689
f 1068/1/690 1075/1/690 1074/1/690
f 1069/1/129 1070/1/129 1076/1/129
f 1069/1/129 1076/1/129 1075/1/129
f 1070/1/691 1066/1/691 1072/1/691
f 1070/1/692 1072/1/692 1076/1/692
f 1072/1/693 1071/1/693 1077/1/693
f 1072/1/694 1077/1/694 1078/1/694
f 1071/1/258 1073/1/258 1079/1/258
f 1071/1/258 1079/1/258 1077/1/258
f 1073/1/695 1074/1/695 1080/1/695
f 1073/1/696 1080/1/696 1079/1/696
f 1074/1/697 1075/1/697 1081/1/697
f 1074/1/698 1081/1/698 1080/1/698
f 1075/1/129 1076/1/129 1082/1/129
f 1075/1/129 1082/1/129 1081/1/129
f 1076/1/699 1072/1/699 1078/1/699
f 1076/1/700 1078/1/700 1082/1/700
f 1078/1/701 1077/1/701 1083/1/701
f 1078/1/702 1083/1/702 1084/1/702
f 1077/1/258 1079/1/258 1085/1/258
f 1077/1/258 1085/1/258 1083/1/258
f 1079/1/703 1080/1/703 1086/1/703
f 1079/1/704 1086/1/704 1085/1/704
f 1080/1/705 1081/1/705 1087/1/705
f 1080/1/706 1087/1/706 1086/1/706
f 1081/1/129 1082/1/129 1088/1/129
f 1081/1/129 1088/1/129 1087/1/129
f 1082/1/707 1078/1/707 1084/1/707
f 1082/1/708 1084/1/708 1088/1/708
f 1084/1/709 1083/1/709 1089/1/709
f 1084/1/710 1089/1/710 1090/1/710
f 1083/1/258 1085/1/258 1091/1/258
f 1083/1/258 1091/1/258 1089/1/258
f 1085/1/711 1086/1/711 1092/1/711
f 1085/1/712 1092/1/712 1091/1/712
f 1086/1/713 1087/1/713 1093/1/713
f 1086/1/714 1093/1/714 1092/1/714
f 1087/1/129 1088/1/129 1094/1/129
f 1087/1/129 1094/1/129 1093/1/129
f 1088/1/715 1084/1/715 1090/1/715
f 1088/1/716 1090/1/716 1094/1/716
f 1090/1/717 1089/1/717 1095/1/717
f 1090/1/718 1095/1/718 1096/1/718
f 1089/1/258 1091/1/258 1097/1/258
f 1089/1/258 1097/1/258 1095/1/258
f 1091/1/719 1092/1/719 1098/1/719
f 1091/1/720 1098/1/720 1097/1/720
f 1092/1/721 1093/1/721 1099/1/721
f 1092/1/722 1099/1/722 1098/1/722
f 1093/1/129 1094/1/129 1100/1/129
f 1093/1/129 1100/1/129 1099/1/129
f 1094/1/723 1090/1/723 1096/1/723
f 1094/1/724 1096/1/724 1100/1/724
f 1096/1/725 1095/1/725 1101/1/725
f 1096/1/726 1101/1/726 1102/1/726
f 1095/1/258 1097/1/258 1103/1/258
f 1095/1/258 1103/1/258 1101/1/258
f 1097/1/727 1098/1/727 1104/1/727
f 1097/1/728 1104/1/728 1103/1/728
f 1098/1/729 1099/1/729 1105/1/729
f 1098/1/730 1105/1/730 1104/1/730
f 1099/1/129 1100/1/129 1106/1/129
f 1099/1/129 1106/1/129 1105/1/129
f 1100/1/731 1096/1/731 1102/1/731
f 1100/1/732 1102/1/732 1106/1/732
f 1102/1/733 1101/1/733 1107/1/733
f 1102/1/734 1107/1/734 1108/1/734
f 1101/1/258 1103/1/258 1109/1/258
f 1101/1/258 1109/1/258 1107/1/258
f 1103/1/735 1104/1/735 1110/1/735
f 1103/1/736 1110/1/736 1109/1/736
f 1104/1/737 1105/1/737 1111/1/737
f 1104/1/738 1111/1/738 1110/1/738
f 1105/1/129 1106/1/129 1112/1/129
f 1105/1/129 1112/1/129 1111/1/129
f 1106/1/739 1102/1/739 1108/1/739
f 1106/1/740 1108/1/740 1112/1/740
f 1108/1/741 1107/1/741 1113/1/741
f 1108/1/742 1113/1/742 1114/1/742
f 1107/1/258 1109/1/258 1115/1/258
f 1107/1/258 1115/1/258 1113/1/258
f 1109/1/743 1110/1/743 1116/1/743
f 1109/1/744 1116/1/744 1115/1/744
f 1110/1/745 1111/1/745 1117/1/745
f 1110/1/746 1117/1/746 1116/1/746
f 1111/1/129 1112/1/129 1118/1/129
f 1111/1/129 1118/1/129 1117/1/129
f 1112/1/747 1108/1/747 1114/1/747
f 1112/1/748 1114/1/748 1118/1/748
f 1114/1/749 1113/1/749 1119/1/749
f 1114/1/750 1119/1/750 1120/1/750
f 1113/1/258 1115/1/258 1121/1/258
f 1113/1/258 1121/1/258 1119/1/258
f 1115/1/751 1116/1/751 1122/1/751
f 1115/1/752 1122/1/752 1121/1/752
f 1116/1/753 1117/1/753 1123/1/753
f 1116/1/754 1123/1/754 1122/1/754
f 1117/1/129 1118/1/129 1124/1/129
f 1117/1/129 1124/1/129 1123/1/129
f 1118/1/755 1114/1/755 1120/1/755
f 1118/1/756 1120/1/756 1124/1/756
f 1120/1/757 1119/1/757 1125/1/757
f 1120/1/758 1125/1/758 1126/1/758
f 1119/1/258 1121/1/258 1127/1/258
f 1119/1/258 1127/1/258 1125/1/258
f 1121/1/759 1122/1/759 1128/1/759
f 1121/1/760 1128/1/760 1127/1/760
f 1122/1/761 1123/1/761 1129/1/761
f 1122/1/762 1129/1/762 1128/1/762
f 1123/1/129 1124/1/129 1130/1/129
f 1123/1/129 1130/1/129 1129/1/129
f 1124/1/763 1120/1/763 1126/1/763
f 1124/1/764 1126/1/764 1130/1/764
f 1126/1/765 1125/1/765 1131/1/765
f 1126/1/766 1131/1/766 1132/1/766
f 1125/1/258 1127/1/258 1133/1/258
f 1125/1/258 1133/1/258 1131/1/258
f 1127/1/767 1128/1/767 1134/1/767
f 1127/1/768 1134/1/768 1133/1/768
f 1128/1/769 1129/1/769 1135/1/769
f 1128/1/770 1135/1/770 1134/1/770
f 1129/1/129 1130/1/129 1136/1/129
f 1129/1/129 1136/1/129 1135/1/129
f 1130/1/771 1126/1/771 1132/1/771
f 1130/1/772 1132/1/772 1136/1/772
f 1132/1/773 1131/1/773 1137/1/773
f 1132/1/774 1137/1/774 1138/1/774
f 1131/1/258 1133/1/258 1139/1/258
f 1131/1/258 1139/1/258 1137/1/258
f 1133/1/775 1134/1/775 1140/1/775
f 1133/1/776 1140/1/776 1139/1/776
f 1134/1/777 1135/1/777 1141/1/777
f 1134/1/778 1141/1/778 1140/1/778
f 1135/1/129 1136/1/129 1142/1/129
f 1135/1/129 1142/1/129 1141/1/129
f 1136/1/779 1132/1/779 1138/1/779
f 1136/1/780 1138/1/780 1142/1/780
f 1138/1/781 1137/1/781 1143/1/781
f 1138/1/782 1143/1/782 1144/1/782
f 1137/1/258 1139/1/258 1145/1/258
f 1137/1/258 1145/1/258 1143/1/258
f 1139/1/783 1140/1/783 1146/1/783
f 1139/1/784 1146/1/784 1145/1/784
f 1140/1/785 1141/1/785 1147/1/785
f 1140/1/786 1147/1/786 1146/1/786
f 1141/1/129 1142/1/129 1148/1/129
f 1141/1/129 1148/1/129 1147/1/129
f 1142/1/787 1138/1/787 1144/1/787
f 1142/1/788 1144/1/788 1148/1/788
f 1144/1/789 1143/1/789 1149/1/789
f 1144/1/790 1149/1/790 1150/1/790
f 1143/1/258 1145/1/258 1151/1/258
f 1143/1/258 1151/1/258 1149/1/258
f 1145/1/791 1146/1/791 1152/1/791
f 1145/1/792 1152/1/792 1151/1/792
f 1146/1/793 1147/1/793 1153/1/793
f 1146/1/794 1153/1/794 1152/1/794
f 1147/1/129 1148/1/129 1154/1/129
f 1147/1/129 1154/1/129 1153/1/129
f 1148/1/795 1144/1/795 1150/1/795
f 1148/1/796 1150/1/796 1154/1/796
f 1150/1/797 1149/1/797 1155/1/797
f 1150/1/798 1155/1/798 1156/1/798
f 1149/1/258 1151/1/258 1157/1/258
f 1149/1/258 1157/1/258 1155/1/258
f 1151/1/799 1152/1/799 1158/1/799
f 1151/1/800 1158/1/800 1157/1/800
f 1152/1/801 1153/1/801 1159/1/801
f 1152/1/802 1159/1/802 1158/1/802
f 1153/1/129 1154/1/129 1160/1/129
f 1153/1/129 1160/1/129 1159/1/129
f 1154/1/803 1150/1/803 1156/1/803
f 1154/1/804 1156/1/804 1160/1/804
f 1156/1/805 1155/1/805 1161/1/805
f 1156/1/806 1161/1/806 1162/1/806
f 1155/1/258 1157/1/258 1163/1/258
f 1155/1/258 1163/1/258 1161/1/258
f 1157/1/807 1158/1/807 1164/1/807
f 1157/1/808 1164/1/808 1163/1/808
f 1158/1/809 1159/1/809 1165/1/809
f 1158/1/810 1165/1/810 1164/1/810
f 1159/1/129 1160/1/129 1166/1/129
f 1159/1/129 1166/1/129 1165/1/129
f 1160/1/811 1156/1/811 1162/1/811
f 1160/1/812 1162/1/812 1166/1/812
f 1162/1/813 1161/1/813 1167/1/813
f 1162/1/814 1167/1/814 1168/1/814
f 1161/1/258 1163/1/258 1169/1/258
f 1161/1/258 1169/1/258 1167/1/258
f 1163/1/815 1164/1/815 1170/1/815
f 1163/1/816 1170/1/816 1169/1/816
f 1164/1/817 1165/1/817 1171/1/817
f 1164/1/818 1171/1/818 1170/1/818
f 1165/1/129 1166/1/129 1172/1/129
f 1165/1/129 1172/1/129 1171/1/129
f 1166/1/819 1162/1/819 1168/1/819
f 1166/1/820 1168/1/820 1172/1/820
f 1168/1/821 1167/1/821 1173/1/821
f 1168/1/822 1173/1/822 1174/1/822
f 1167/1/258 1169/1/258 1175/1/258
f 1167/1/258 1175/1/258 1173/1/258
f 1169/1/823 1170/1/823 1176/1/823
f 1169/1/824 1176/1/824 1175/1/824
f 1170/1/825 1171/1/825 1177/1/825
f 1170/1/826 1177/1/826 1176/1/826
f 1171/1/129 1172/1/129 1178/1/129
f 1171/1/129 1178/1/129 1177/1/129
f 1172/1/827 1168/1/827 1174/1/827
f 1172/1/828 1174/1/828 1178/1/828
f 1174/1/829 1173/1/829 1179/1/829
f 1174/1/830 1179/1/830 1180/1/830
f 1173/1/258 1175/1/258 1181/1/258
f 1173/1/258 1181/1/258 1179/1/258
f 1175/1/831 1176/1/831 1182/1/831
f 1175/1/832 1182/1/832 1181/1/832
f 1176/1/833 1177/1/833 1183/1/833
f 1176/1/834 1183/1/834 1182/1/834
f 1177/1/129 1178/1/129 1184/1/129
f 1177/1/129 1184/1/129 1183/1/129
f 1178/1/835 1174/1/835 1180/1/835
f 1178/1/836 1180/1/836 1184/1/836
f 1180/1/837 1179/1/837 1185/1/837
f 1180/1/838 1185/1/838 1186/1/838
f 1179/1/258 1181/1/258 1187/1/258
f 1179/1/258 1187/1/258 1185/1/258
f 1181/1/839 1182/1/839 1188/1/839
f 1181/1/840 1188/1/840 1187/1/840
f 1182/1/841 1183/1/841 1189/1/841
f 1182/1/842 1189/1/842 1188/1/842
f 1183/1/129 1184/1/129 1190/1/129
f 1183/1/129 1190/1/129 1189/1/129
f 1184/1/843 1180/1/843 1186/1/843
f 1184/1/844 1186/1/844 1190/1/844
f 801/1/845 811/1/845 809/1/845
f 809/1/845 807/1/845 805/1/845
f 805/1/845 802/1/845 801/1/845
f 809/1/845 805/1/845 801/1/845
f 1190/1/846 1186/1/846 1185/1/846
f 1185/1/846 1187/1/846 1188/1/846
f 1188/1/846 1189/1/846 1190/1/846
f 1185/1/846 1188/1/846 1190/1/846
f 1191/1/847 1192/1/847 1193/1/847
f 1191/1/848 1193/1/848 1194/1/848
f 1192/1/258 1195/1/258 1196/1/258
f 1192/1/258 1196/1/258 1193/1/258
f 1195/1/849 1197/1/849 1198/1/849
f 1195/1/850 1198/1/850 1196/1/850
f 1197/1/851 1199/1/851 1200/1/851
f 1197/1/852 1200/1/852 1198/1/852
f 1199/1/129 1201/1/129 1202/1/129
f 1199/1/129 1202/1/129 1200/1/129
f 1201/1/853 1191/1/853 1194/1/853
f 1201/1/854 1194/1/854 1202/1/854
f 1194/1/855 1193/1/855 1203/1/855
f 1194/1/856 1203/1/856 1204/1/856
f 1193/1/258 1196/1/258 1205/1/258
f 1193/1/258 1205/1/258 1203/1/258
f 1196/1/857 1198/1/857 1206/1/857
f 1196/1/858 1206/1/858 1205/1/858
f 1198/1/859 1200/1/859 1207/1/859
f 1198/1/860 1207/1/860 1206/1/860
f 1200/1/129 1202/1/129 1208/1/129
f 1200/1/129 1208/1/129 1207/1/129
f 1202/1/861 1194/1/861 1204/1/861
f 1202/1/862 1204/1/862 1208/1/862
f 1204/1/863 1203/1/863 1209/1/863
f 1204/1/864 1209/1/864 1210/1/864
f 1203/1/258 1205/1/258 1211/1/258
f 1203/1/258 1211/1/258 1209/1/258
f 1205/1/865 1206/1/865 1212/1/865
f 1205/1/866 1212/1/866 1211/1/866
f 1206/1/867 1207/1/867 1213/1/867
f 1206/1/868 1213/1/868 1212/1/868
f 1207/1/129 1208/1/129 1214/1/129
f 1207/1/129 1214/1/129 1213/1/129
f 1208/1/869 1204/1/869 1210/1/869
f 1208/1/870 1210/1/870 1214/1/870
f 1210/1/871 1209/1/871 1215/1/871
f 1210/1/872 1215/1/872 1216/1/872
f 1209/1/258 1211/1/258 1217/1/258
f 1209/1/258 1217/1/258 1215/1/258
f 1211/1/873 1212/1/873 1218/1/873
f 1211/1/874 1218/1/874 1217/1/874
f 1212/1/875 1213/1/875 1219/1/875
f 1212/1/876 1219/1/876 1218/1/876
f 1213/1/129 1214/1/129 1220/1/129
f 1213/1/129 1220/1/129 1219/1/129
f 1214/1/877 1210/1/877 1216/1/877
f 1214/1/878 1216/1/878 1220/1/878
f 1216/1/879 1215/1/879 1221/1/879
f 1216/1/880 1221/1/880 1222/1/880
f 1215/1/258 1217/1/258 1223/1/258
f 1215/1/258 1223/1/258 1221/1/258
f 1217/1/881 1218/1/881 1224/1/881
f 1217/1/882 1224/1/882 1223/1/882
f 1218/1/883 1219/1/883 1225/1/883
f 1218/1/884 1225/1/884 1224/1/884
f 1219/1/129 1220/1/129 1226/1/129
f 1219/1/129 1226/1/129 1225/1/129
f 1220/1/885 1216/1/885 1222/1/885
f 1220/1/886 1222/1/886 1226/1/886
f 1222/1/887 1221/1/887 1227/1/887
f 1222/1/888 1227/1/888 1228/1/888
f 1221/1/258 1223/1/258 1229/1/258
f 1221/1/258 1229/1/258 1227/1/258
f 1223/1/889 1224/1/889 1230/1/889
f 1223/1/890 1230/1/890 1229/1/890
f 1224/1/891 1225/1/891 1231/1/891
f 1224/1/892 1231/1/892 1230/1/892
f 1225/1/129 1226/1/129 1232/1/129
f 1225/1/129 1232/1/129 1231/1/129
f 1226/1/893 1222/1/893 1228/1/893
f 1226/1/894 1228/1/894 1232/1/894
f 1228/1/895 1227/1/895 1233/1/895
f 1228/1/896 1233/1/896 1234/1/896
f 1227/1/258 1229/1/258 1235/1/258
f 1227/1/258 1235/1/258 1233/1/258
f 1229/1/897 1230/1/897 1236/1/897
f 1229/1/898 1236/1/898 1235/1/898
f 1230/1/899 1231/1/899 1237/1/899
f 1230/1/900 1237/1/900 1236/1/900
f 1231/1/129 1232/1/129 1238/1/129
f 1231/1/129 1238/1/129 1237/1/129
f 1232/1/901 1228/1/901 1234/1/901
f 1232/1/902 1234/1/902 1238/1/902
f 1234/1/903 1233/1/903 1239/1/903
f 1234/1/904 1239/1/904 1240/1/904
f 1233/1/258 1235/1/258 1241/1/258
f 1233/1/258 1241/1/258 1239/1/258
f 1235/1/905 1236/1/905 1242/1/905
f 1235/1/906 1242/1/906 1241/1/906
f 1236/1/907 1237/1/907 1243/1/907
f 1236/1/908 1243/1/908 1242/1/908
f 1237/1/129 1238/1/129 1244/1/129
f 1237/1/129 1244/1/129 1243/1/129
f 1238/1/909 1234/1/909 1240/1/909
f 1238/1/910 1240/1/910 1244/1/910
f 1240/1/911 1239/1/911 1245/1/911
f 1240/1/912 1245/1/912 1246/1/912
f 1239/1/258 1241/1/258 1247/1/258
f 1239/1/258 1247/1/258 1245/1/258
f 1241/1/913 1242/1/913 1248/1/913
f 1241/1/914 1248/1/914 1247/1/914
f 1242/1/915 1243/1/915 1249/1/915
f 1242/1/916 1249/1/916 1248/1/916
f 1243/1/129 1244/1/129 1250/1/129
f 1243/1/129 1250/1/129 1249/1/129
f 1244/1/917 1240/1/917 1246/1/917
f 1244/1/918 1246/1/918 1250/1/918
f 1246/1/919 1245/1/919 1251/1/919
f 1246/1/920 1251/1/920 1252/1/920
f 1245/1/258 1247/1/258 1253/1/258
f 1245/1/258 1253/1/258 1251/1/258
f 1247/1/921 1248/1/921 1254/1/921
f 1247/1/922 1254/1/922 1253/1/922
f 1248/1/923 1249/1/923 1255/1/923
f 1248/1/924 1255/1/924 1254/1/924
f 1249/1/129 1250/1/129 1256/1/129
f 1249/1/129 1256/1/129 1255/1/129
f 1250/1/925 1246/1/925 1252/1/925
f 1250/1/926 1252/1/926 1256/1/926
f 1252/1/927 1251/1/927 1257/1/927
f 1252/1/928 1257/1/928 1258/1/928
f 1251/1/258 1253/1/258 1259/1/258
f 1251/1/258 1259/1/258 1257/1/258
f 1253/1/929 1254/1/929 1260/1/929
f 1253/1/930 1260/1/930 1259/1/930
f 1254/1/931 1255/1/931 1261/1/931
f 1254/1/932 1261/1/932 1260/1/932
f 1255/1/129 1256/1/129 1262/1/129
f 1255/1/129 1262/1/129 1261/1/129
f 1256/1/933 1252/1/933 1258/1/933
f 1256/1/934 1258/1/934 1262/1/934
f 1258/1/935 1257/1/935 1263/1/935
f 1258/1/936 1263/1/936 1264/1/936
f 1257/1/258 1259/1/258 1265/1/258
f 1257/1/258 1265/1/258 1263/1/258
f 1259/1/937 1260/1/937 1266/1/937
f 1259/1/938 1266/1/938 1265/1/938
f 1260/1/939 1261/1/939 1267/1/939
f 1260/1/940 1267/1/940 1266/1/940
f 1261/1/129 1262/1/129 1268/1/129
f 1261/1/129 1268/1/129 1267/1/129
f 1262/1/941 1258/1/941 1264/1/941
f 1262/1/942 1264/1/942 1268/1/942
f 1264/1/943 1263/1/943 1269/1/943
f 1264/1/944 1269/1/944 1270/1/944
f 1263/1/258 1265/1/258 1271/1/258
f 1263/1/258 1271/1/258 1269/1/258
f 1265/1/945 1266/1/945 1272/1/945
f 1265/1/946 1272/1/946 1271/1/946
f 1266/1/947 1267/1/947 1273/1/947
f 1266/1/948 1273/1/948 1272/1/948
f 1267/1/129 1268/1/129 1274/1/129
f 1267/1/129 1274/1/129 1273/1/129
f 1268/1/949 1264/1/949 1270/1/949
f 1268/1/950 1270/1/950 1274/1/950
f 1270/1/951 1269/1/951 1275/1/951
f 1270/1/952 1275/1/952 1276/1/952
f 1269/1/258 1271/1/258 1277/1/258
f 1269/1/258 1277/1/258 1275/1/258
f 1271/1/953 1272/1/953 1278/1/953
f 1271/1/954 1278/1/954 1277/1/954
f 1272/1/955 1273/1/955 1279/1/955
f 1272/1/956 1279/1/956 1278/1/956
f 1273/1/129 1274/1/129 1280/1/129
f 1273/1/129 1280/1/129 1279/1/129
f 1274/1/957 1270/1/957 1276/1/957
f 1274/1/958 1276/1/958 1280/1/958
f 1276/1/959 1275/1/959 1281/1/959
f 1276/1/960 1281/1/960 1282/1/960
f 1275/1/258 1277/1/258 1283/1/258
f 1275/1/258 1283/1/258 1281/1/258
f 1277/1/961 1278/1/961 1284/1/961
f 1277/1/962 1284/1/962 1283/1/962
f 1278/1/963 1279/1/963 1285/1/963
f 1278/1/964 1285/1/964 1284/1/964
f 1279/1/129 1280/1/129 1286/1/129
f 1279/1/129 1286/1/129 1285/1/129
f 1280/1/965 1276/1/965 1282/1/965
f 1280/1/966 1282/1/966 1286/1/966
f 1282/1/967 1281/1/967 1287/1/967
f 1282/1/968 1287/1/968 1288/1/968
f 1281/1/258 1283/1/258 1289/1/258
f 1281/1/258 1289/1/258 1287/1/258
f 1283/1/969 1284/1/969 1290/1/969
f 1283/1/970 1290/1/970 1289/1/970
f 1284/1/971 1285/1/971 1291/1/971
f 1284/1/972 1291/1/972 1290/1/972
f 1285/1/129 1286/1/129 1292/1/129
f 1285/1/129 1292/1/129 1291/1/129
f 1286/1/973 1282/1/973 1288/1/973
f 1286/1/974 1288/1/974 1292/1/974
f 1288/1/975 1287/1/975 1293/1/975
f 1288/1/976 1293/1/976 1294/1/976
f 1287/1/258 1289/1/258 1295/1/258
f 1287/1/258 1295/1/258 1293/1/258
f 1289/1/977 1290/1/977 1296/1/977
f 1289/1/978 1296/1/978 1295/1/978
f 1290/1/979 1291/1/979 1297/1/979
f 1290/1/980 1297/1/980 1296/1/980
f 1291/1/129 1292/1/129 1298/1/129
f 1291/1/129 1298/1/129 1297/1/129
f 1292/1/981 1288/1/981 1294/1/981
f 1292/1/982 1294/1/982 1298/1/982
f 1294/1/983 1293/1/983 1299/1/983
f 1294/1/984 1299/1/984 1300/1/984
f 1293/1/258 1295/1/258 1301/1/258
f 1293/1/258 1301/1/258 1299/1/258
f 1295/1/985 1296/1/985 1302/1/985
f 1295/1/986 1302/1/986 1301/1/986
f 1296/1/987 1297/1/987 1303/1/987
f 1296/1/988 1303/1/988 1302/1/988
f 1297/1/129 1298/1/129 1304/1/129
f 1297/1/129 1304/1/129 1303/1/129
f 1298/1/989 1294/1/989 1300/1/989
f 1298/1/990 1300/1/990 1304/1/990
f 1300/1/991 1299/1/991 1305/1/991
f 1300/1/992 1305/1/992 1306/1/992
f 1299/1/258 1301/1/258 1307/1/258
f 1299/1/258 1307/1/258 1305/1/258
f 1301/1/993 1302/1/993 1308/1/993
f 1301/1/994 1308/1/994 1307/1/994
f 1302/1/995 1303/1/995 1309/1/995
f 1302/1/996 1309/1/996 1308/1/996
f 1303/1/129 1304/1/129 1310/1/129
f 1303/1/129 1310/1/129 1309/1/129
f 1304/1/997 1300/1/997 1306/1/997
f 1304/1/998 1306/1/998 1310/1/998
f 1306/1/999 1305/1/999 1311/1/999
f 1306/1/1000 1311/1/1000 1312/1/1000
f 1305/1/258 1307/1/258 1313/1/258
f 1305/1/258 1313/1/258 1311/1/258
f 1307/1/1001 1308/1/1001 1314/1/1001
f 1307/1/1002 1314/1/1002 1313/1/1002
f 1308/1/1003 1309/1/1003 1315/1/1003
f 1308/1/1004 1315/1/1004 1314/1/1004
f 1309/1/129 1310/1/129 1316/1/129
f 1309/1/129 1316/1/129 1315/1/129
f 1310/1/1005 1306/1/1005 1312/1/1005
f 1310/1/1006 1312/1/1006 1316/1/1006
f 1312/1/1007 1311/1/1007 1317/1/1007
f 1312/1/1008 1317/1/1008 1318/1/1008
f 1311/1/258 1313/1/258 1319/1/258
f 1311/1/258 1319/1/258 1317/1/258
f 1313/1/1009 1314/1/1009 1320/1/1009
f 1313/1/1010 1320/1/1010 1319/1/1010
f 1314/1/1011 1315/1/1011 1321/1/1011
f 1314/1/1012 1321/1/1012 1320/1/1012
f 1315/1/129 1316/1/129 1322/1/129
f 1315/1/129 1322/1/129 1321/1/129
f 1316/1/1013 1312/1/1013 1318/1/1013
f 1316/1/1014 1318/1/1014 1322/1/1014
f 1318/1/1015 1317/1/1015 1323/1/1015
f 1318/1/1016 1323/1/1016 1324/1/1016
f 1317/1/258 1319/1/258 1325/1/258
f 1317/1/258 1325/1/258 1323/1/258
f 1319/1/1017 1320/1/1017 1326/1/1017
f 1319/1/1018 1326/1/1018 1325/1/1018
f 1320/1/1019 1321/1/1019 1327/1/1019
f 1320/1/1020 1327/1/1020 1326/1/1020
f 1321/1/129 1322/1/129 1328/1/129
f 1321/1/129 1328/1/129 1327/1/129
f 1322/1/1021 1318/1/1021 1324/1/1021
f 1322/1/1022 1324/1/1022 1328/1/1022
f 1324/1/1023 1323/1/1023 1329/1/1023
f 1324/1/1024 1329/1/1024 1330/1/1024
f 1323/1/258 1325/1/258 1331/1/258
f 1323/1/258 1331/1/258 1329/1/258
f 1325/1/1025 1326/1/1025 1332/1/1025
f 1325/1/1026 1332/1/1026 1331/1/1026
f 1326/1/1027 1327/1/1027 1333/1/1027
f 1326/1/1028 1333/1/1028 1332/1/1028
f 1327/1/129 1328/1/129 1334/1/129
f 1327/1/129 1334/1/129 1333/1/129
f 1328/1/1029 1324/1/1029 1330/1/1029
f 1328/1/1030 1330/1/1030 1334/1/1030
f 1330/1/1031 1329/1/1031 1335/1/1031
f 1330/1/1032 1335/1/1032 1336/1/1032
f 1329/1/258 1331/1/258 1337/1/258
f 1329/1/258 1337/1/258 1335/1/258
f 1331/1/1033 1332/1/1033 1338/1/1033
f 1331/1/1034 1338/1/1034 1337/1/1034
f 1332/1/1035 1333/1/1035 1339/1/1035
f 1332/1/1036 1339/1/1036 1338/1/1036
f 1333/1/129 1334/1/129 1340/1/129
f 1333/1/129 1340/1/129 1339/1/129
f 1334/1/1037 1330/1/1037 1336/1/1037
f 1334/1/1038 1336/1/1038 1340/1/1038
f 1336/1/1039 1335/1/1039 1341/1/1039
f 1336/1/1040 1341/1/1040 1342/1/1040
f 1335/1/258 1337/1/258 1343/1/258
f 1335/1/258 1343/1/258 1341/1/258
f 1337/1/1041 1338/1/1041 1344/1/1041
f 1337/1/1042 1344/1/1042 1343/1/1042
f 1338/1/1043 1339/1/1043 1345/1/1043
f 1338/1/1044 1345/1/1044 1344/1/1044
f 1339/1/129 1340/1/129 1346/1/129
f 1339/1/129 1346/1/129 1345/1/129
f 1340/1/1045 1336/1/1045 1342/1/1045
f 1340/1/1046 1342/1/1046 1346/1/1046
f 1342/1/1047 1341/1/1047 1347/1/1047
f 1342/1/1048 1347/1/1048 1348/1/1048
f 1341/1/258 1343/1/258 1349/1/258
f 1341/1/258 1349/1/258 1347/1/258
f 1343/1/1049 1344/1/1049 1350/1/1049
f 1343/1/1050 1350/1/1050 1349/1/1050
f 1344/1/1051 1345/1/1051 1351/1/1051
f 1344/1/1052 1351/1/1052 1350/1/1052
f 1345/1/129 1346/1/129 1352/1/129
f 1345/1/129 1352/1/129 1351/1/129
f 1346/1/1053 1342/1/1053 1348/1/1053
f 1346/1/1054 1348/1/1054 1352/1/1054
f 1348/1/1055 1347/1/1055 1353/1/1055
f 1348/1/1056 1353/1/1056 1354/1/1056
f 1347/1/258 1349/1/258 1355/1/258
f 1347/1/258 1355/1/258 1353/1/258
f 1349/1/1057 1350/1/1057 1356/1/1057
f 1349/1/1058 1356/1/1058 1355/1/1058
f 1350/1/1059 1351/1/1059 1357/1/1059
f 1350/1/1060 1357/1/1060 1356/1/1060
f 1351/1/129 1352/1/129 1358/1/129
f 1351/1/129 1358/1/129 1357/1/129
f 1352/1/1061 1348/1/1061 1354/1/1061
f 1352/1/1062 1354/1/1062 1358/1/1062
f 1354/1/1063 1353/1/1063 1359/1/1063
f 1354/1/1064 1359/1/1064 1360/1/1064
f 1353/1/258 1355/1/258 1361/1/258
f 1353/1/258 1361/1/258 1359/1/258
f 1355/1/1065 1356/1/1065 1362/1/1065
f 1355/1/1066 1362/1/1066 1361/1/1066
f 1356/1/1067 1357/1/1067 1363/1/1067
f 1356/1/1068 1363/1/1068 1362/1/1068
f 1357/1/129 1358/1/129 1364/1/129
f 1357/1/129 1364/1/129 1363/1/129
f 1358/1/1069 1354/1/1069 1360/1/1069
f 1358/1/1070 1360/1/1070 1364/1/1070
f 1360/1/1071 1359/1/1071 1365/1/1071
f 1360/1/1072 1365/1/1072 1366/1/1072
f 1359/1/258 1361/1/258 1367/1/258
f 1359/1/258 1367/1/258 1365/1/258
f 1361/1/1073 1362/1/1073 1368/1/1073
f 1361/1/1074 1368/1/1074 1367/1/1074
f 1362/1/1075 1363/1/1075 1369/1/1075
f 1362/1/1076 1369/1/1076 1368/1/1076
f 1363/1/129 1364/1/129 1370/1/129
f 1363/1/129 1370/1/129 1369/1/129
f 1364/1/1077 1360/1/1077 1366/1/1077
f 1364/1/1078 1366/1/1078 1370/1/1078
f 1366/1/1079 1365/1/1079 1371/1/1079
f 1366/1/1080 1371/1/1080 1372/1/1080
f 1365/1/258 1367/1/258 1373/1/258
f 1365/1/258 1373/1/258 1371/1/258
f 1367/1/1081 1368/1/1081 1374/1/1081
f 1367/1/1082 1374/1/1082 1373/1/1082
f 1368/1/1083 1369/1/1083 1375/1/1083
f 1368/1/1084 1375/1/1084 1374/1/1084
f 1369/1/129 1370/1/129 1376/1/129
f 1369/1/129 1376/1/129 1375/1/129
f 1370/1/1085 1366/1/1085 1372/1/1085
f 1370/1/1086 1372/1/1086 1376/1/1086
f 1372/1/1087 1371/1/1087 1377/1/1087
f 1372/1/1088 1377/1/1088 1378/1/1088
f 1371/1/258 1373/1/258 1379/1/258
f 1371/1/258 1379/1/258 1377/1/258
f 1373/1/1089 1374/1/1089 1380/1/1089
f 1373/1/1090 1380/1/1090 1379/1/1090
f 1374/1/1091 1375/1/1091 1381/1/1091
f 1374/1/1092 1381/1/1092 1380/1/1092
f 1375/1/129 1376/1/129 1382/1/129
f 1375/1/129 1382/1/129 1381/1/129
f 1376/1/1093 1372/1/1093 1378/1/1093
f 1376/1/1094 1378/1/1094 1382/1/1094
f 1378/1/1095 1377/1/1095 1383/1/1095
f 1378/1/1096 1383/1/1096 1384/1/1096
f 1377/1/258 1379/1/258 1385/1/258
f 1377/1/258 1385/1/258 1383/1/258
f 1379/1/1097 1380/1/1097 1386/1/1097
f 1379/1/1098 1386/1/1098 1385/1/1098
f 1380/1/1099 1381/1/1099 1387/1/1099
f 1380/1/1100 1387/1/1100 1386/1/1100
f 1381/1/129 1382/1/129 1388/1/129
f 1381/1/129 1388/1/129 1387/1/129
f 1382/1/1101 1378/1/1101 1384/1/1101
f 1382/1/1102 1384/1/1102 1388/1/1102
f 1384/1/1103 1383/1/1103 1389/1/1103
f 1384/1/1104 1389/1/1104 1390/1/1104
f 1383/1/258 1385/1/258 1391/1/258
f 1383/1/258 1391/1/258 1389/1/258
f 1385/1/1105 1386/1/1105 1392/1/1105
f 1385/1/1106 1392/1/1106 1391/1/1106
f 1386/1/1107 1387/1/1107 1393/1/1107
f 1386/1/1108 1393/1/1108 1392/1/1108
f 1387/1/129 1388/1/129 1394/1/129
f 1387/1/129 1394/1/129 1393/1/129
f 1388/1/1109 1384/1/1109 1390/1/1109
f 1388/1/1110 1390/1/1110 1394/1/1110
f 1390/1/1111 1389/1/1111 1395/1/1111
f 1390/1/1112 1395/1/1112 1396/1/1112
f 1389/1/258 1391/1/258 1397/1/258
f 1389/1/258 1397/1/258 1395/1/258
f 1391/1/1113 1392/1/1113 1398/1/1113
f 1391/1/1114 1398/1/1114 1397/1/1114
f 1392/1/1115 1393/1/1115 1399/1/1115
f 1392/1/1116 1399/1/1116 1398/1/1116
f 1393/1/129 1394/1/129 1400/1/129
f 1393/1/129 1400/1/129 1399/1/129
f 1394/1/1117 1390/1/1117 1396/1/1117
f 1394/1/1118 1396/1/1118 1400/1/1118
f 1396/1/1119 1395/1/1119 1401/1/1119
f 1396/1/1120 1401/1/1120 1402/1/1120
f 1395/1/258 1397/1/258 1403/1/258
f 1395/1/258 1403/1/258 1401/1/258
f 1397/1/1121 1398/1/1121 1404/1/1121
f 1397/1/1122 1404/1/1122 1403/1/1122
f 1398/1/1123 1399/1/1123 1405/1/1123
f 1398/1/1124 1405/1/1124 1404/1/1124
f 1399/1/129 1400/1/129 1406/1/129
f 1399/1/129 1406/1/129 1405/1/129
f 1400/1/1125 1396/1/1125 1402/1/1125
f 1400/1/1126 1402/1/1126 1406/1/1126
f 1402/1/1127 1401/1/1127 1407/1/1127
f 1402/1/1128 1407/1/1128 1408/1/1128
f 1401/1/258 1403/1/258 1409/1/258
f 1401/1/258 1409/1/258 1407/1/258
f 1403/1/1129 1404/1/1129 1410/1/1129
f 1403/1/1130 1410/1/1130 1409/1/1130
f 1404/1/1131 1405/1/1131 1411/1/1131
f 1404/1/1132 1411/1/1132 1410/1/1132
f 1405/1/129 1406/1/129 1412/1/129
f 1405/1/129 1412/1/129 1411/1/129
f 1406/1/1133 1402/1/1133 1408/1/1133
f 1406/1/1134 1408/1/1134 1412/1/1134
f 1408/1/1135 1407/1/1135 1413/1/1135
f 1408/1/1136 1413/1/1136 1414/1/1136
f 1407/1/258 1409/1/258 1415/1/258
f 1407/1/258 1415/1/258 1413/1/258
f 1409/1/1137 1410/1/1137 1416/1/1137
f 1409/1/1138 1416/1/1138 1415/1/1138
f 1410/1/1139 1411/1/1139 1417/1/1139
f 1410/1/1140 1417/1/1140 1416/1/1140
f 1411/1/129 1412/1/129 1418/1/129
f 1411/1/129 1418/1/129 1417/1/129
f 1412/1/1141 1408/1/1141 1414/1/1141
f 1412/1/1142 1414/1/1142 1418/1/1142
f 1414/1/1143 1413/1/1143 1419/1/1143
f 1414/1/1144 1419/1/1144 1420/1/1144
f 1413/1/258 1415/1/258 1421/1/258
f 1413/1/258 1421/1/258 1419/1/258
f 1415/1/1145 1416/1/1145 1422/1/1145
f 1415/1/1146 1422/1/1146 1421/1/1146
f 1416/1/1147 1417/1/1147 1423/1/1147
f 1416/1/1148 1423/1/1148 1422/1/1148
f 1417/1/129 1418/1/129 1424/1/129
f 1417/1/129 1424/1/129 1423/1/129
f 1418/1/1149 1414/1/1149 1420/1/1149
f 1418/1/1150 1420/1/1150 1424/1/1150
f 1420/1/1151 1419/1/1151 1425/1/1151
f 1420/1/1152 1425/1/1152 1426/1/1152
f 1419/1/258 1421/1/258 1427/1/258
f 1419/1/258 1427/1/258 1425/1/258
f 1421/1/1153 1422/1/1153 1428/1/1153
f 1421/1/1154 1428/1/1154 1427/1/1154
f 1422/1/1155 1423/1/1155 1429/1/1155
f 1422/1/1156 1429/1/1156 1428/1/1156
f 1423/1/129 1424/1/129 1430/1/129
f 1423/1/129 1430/1/129 1429/1/129
f 1424/1/1157 1420/1/1157 1426/1/1157
f 1424/1/1158 1426/1/1158 1430/1/1158
f 1426/1/1159 1425/1/1159 1431/1/1159
f 1426/1/1160 1431/1/1160 1432/1/1160
f 1425/1/258 1427/1/258 1433/1/258
f 1425/1/258 1433/1/258 1431/1/258
f 1427/1/1161 1428/1/1161 1434/1/1161
f 1427/1/1162 1434/1/1162 1433/1/1162
f 1428/1/1163 1429/1/1163 1435/1/1163
f 1428/1/1164 1435/1/1164 1434/1/1164
f 1429/1/129 1430/1/129 1436/1/129
f 1429/1/129 1436/1/129 1435/1/129
f 1430/1/1165 1426/1/1165 1432/1/1165
f 1430/1/1166 1432/1/1166 1436/1/1166
f 1432/1/1167 1431/1/1167 1437/1/1167
f 1432/1/1168 1437/1/1168 1438/1/1168
f 1431/1/258 1433/1/258 1439/1/258
f 1431/1/258 1439/1/258 1437/1/258
f 1433/1/1169 1434/1/1169 1440/1/1169
f 1433/1/1170 1440/1/1170 1439/1/1170
f 1434/1/1171 1435/1/1171 1441/1/1171
f 1434/1/1172 1441/1/1172 1440/1/1172
f 1435/1/129 1436/1/129 1442/1/129
f 1435/1/129 1442/1/129 1441/1/129
f 1436/1/1173 1432/1/1173 1438/1/1173
f 1436/1/1174 1438/1/1174 1442/1/1174
f 1438/1/1175 1437/1/1175 1443/1/1175
f 1438/1/1176 1443/1/1176 1444/1/1176
f 1437/1/258 1439/1/258 1445/1/258
f 1437/1/258 1445/1/258 1443/1/258
f 1439/1/1177 1440/1/1177 1446/1/1177
f 1439/1/1178 1446/1/1178 1445/1/1178
f 1440/1/1179 1441/1/1179 1447/1/1179
f 1440/1/1180 1447/1/1180 1446/1/1180
f 1441/1/129 1442/1/129 1448/1/129
f 1441/1/129 1448/1/129 1447/1/129
f 1442/1/1181 1438/1/1181 1444/1/1181
f 1442/1/1182 1444/1/1182 1448/1/1182
f 1444/1/1183 1443/1/1183 1449/1/1183
f 1444/1/1184 1449/1/1184 1450/1/1184
f 1443/1/258 1445/1/258 1451/1/258
f 1443/1/258 1451/1/258 1449/1/258
f 1445/1/1185 1446/1/1185 1452/1/1185
f 1445/1/1186 1452/1/1186 1451/1/1186
f 1446/1/1187 1447/1/1187 1453/1/1187
f 1446/1/1188 1453/1/1188 1452/1/1188
f 1447/1/129 1448/1/129 1454/1/129
f 1447/1/129 1454/1/129 1453/1/129
f 1448/1/1189 1444/1/1189 1450/1/1189
f 1448/1/1190 1450/1/1190 1454/1/1190
f 1450/1/1191 1449/1/1191 1455/1/1191
f 1450/1/1192 1455/1/1192 1456/1/1192
f 1449/1/258 1451/1/258 1457/1/258
f 1449/1/258 1457/1/258 1455/1/258
f 1451/1/1193 1452/1/1193 1458/1/1193
f 1451/1/1194 1458/1/1194 1457/1/1194
f 1452/1/1195 1453/1/1195 1459/1/1195
f 1452/1/1196 1459/1/1196 1458/1/1196
f 1453/1/129 1454/1/129 1460/1/129
f 1453/1/129 1460/1/129 1459/1/129
f 1454/1/1197 1450/1/1197 1456/1/1197
f 1454/1/1198 1456/1/1198 1460/1/1198
f 1456/1/1199 1455/1/1199 1461/1/1199
f 1456/1/1200 1461/1/1200 1462/1/1200
f 1455/1/258 1457/1/258 1463/1/258
f 1455/1/258 1463/1/258 1461/1/258
f 1457/1/1201 1458/1/1201 1464/1/1201
f 1457/1/1202 1464/1/1202 1463/1/1202
f 1458/1/1203 1459/1/1203 1465/1/1203
f 1458/1/1204 1465/1/1204 1464/1/1204
f 1459/1/129 1460/1/129 1466/1/129
f 1459/1/129 1466/1/129 1465/1/129
f 1460/1/1205 1456/1/1205 1462/1/1205
f 1460/1/1206 1462/1/1206 1466/1/1206
f 1462/1/1207 1461/1/1207 1467/1/1207
f 1462/1/1208 1467/1/1208 1468/1/1208
f 1461/1/258 1463/1/258 1469/1/258
f 1461/1/258 1469/1/258 1467/1/258
f 1463/1/1209 1464/1/1209 1470/1/1209
f 1463/1/1210 1470/1/1210 1469/1/1210
f 1464/1/1211 1465/1/1211 1471/1/1211
f 1464/1/1212 1471/1/1212 1470/1/1212
f 1465/1/129 1466/1/129 1472/1/129
f 1465/1/129 1472/1/129 1471/1/129
f 1466/1/1213 1462/1/1213 1468/1/1213
f 1466/1/1214 1468/1/1214 1472/1/1214
f 1468/1/1215 1467/1/1215 1473/1/1215
f 1468/1/1216 1473/1/1216 1474/1/1216
f 1467/1/258 1469/1/258 1475/1/258
f 1467/1/258 1475/1/258 1473/1/258
f 1469/1/1217 1470/1/1217 1476/1/1217
f 1469/1/1218 1476/1/1218 1475/1/1218
f 1470/1/1219 1471/1/1219 1477/1/1219
f 1470/1/1220 1477/1/1220 1476/1/1220
f 1471/1/129 1472/1/129 1478/1/129
f 1471/1/129 1478/1/129 1477/1/129
f 1472/1/1221 1468/1/1221 1474/1/1221
f 1472/1/1222 1474/1/1222 1478/1/1222
f 1474/1/1223 1473/1/1223 1479/1/1223
f 1474/1/1224 1479/1/1224 1480/1/1224
f 1473/1/258 1475/1/258 1481/1/258
f 1473/1/258 1481/1/258 1479/1/258
f 1475/1/1225 1476/1/1225 1482/1/1225
f 1475/1/1226 1482/1/1226 1481/1/1226
f 1476/1/1227 1477/1/1227 1483/1/1227
f 1476/1/1228 1483/1/1228 1482/1/1228
f 1477/1/129 1478/1/129 1484/1/129
f 1477/1/129 1484/1/129 1483/1/129
f 1478/1/1229 1474/1/1229 1480/1/1229
f 1478/1/1230 1480/1/1230 1484/1/1230
f 1480/1/1231 1479/1/1231 1485/1/1231
f 1480/1/1232 1485/1/1232 1486/1/1232
f 1479/1/258 1481/1/258 1487/1/258
f 1479/1/258 1487/1/258 1485/1/258
f 1481/1/1233 1482/1/1233 1488/1/1233
f 1481/1/1234 1488/1/1234 1487/1/1234
f 1482/1/1235 1483/1/1235 1489/1/1235
f 1482/1/1236 1489/1/1236 1488/1/1236
f 1483/1/129 1484/1/129 1490/1/129
f 1483/1/129 1490/1/129 1489/1/129
f 1484/1/1237 1480/1/1237 1486/1/1237
f 1484/1/1238 1486/1/1238 1490/1/1238
f 1486/1/1239 1485/1/1239 1491/1/1239
f 1486/1/1240 1491/1/1240 1492/1/1240
f 1485/1/258 1487/1/258 1493/1/258
f 1485/1/258 1493/1/258 1491/1/258
f 1487/1/1241 1488/1/1241 1494/1/1241
f 1487/1/1242 1494/1/1242 1493/1/1242
f 1488/1/1243 1489/1/1243 1495/1/1243
f 1488/1/1244 1495/1/1244 1494/1/1244
f 1489/1/129 1490/1/129 1496/1/129
f 1489/1/129 1496/1/129 1495/1/129
f 1490/1/1245 1486/1/1245 1492/1/1245
f 1490/1/1246 1492/1/1246 1496/1/1246
f 1492/1/1247 1491/1/1247 1497/1/1247
f 1492/1/1248 1497/1/1248 1498/1/1248
f 1491/1/258 1493/1/258 1499/1/258
f 1491/1/258 1499/1/258 1497/1/258
f 1493/1/1249 1494/1/1249 1500/1/1249
f 1493/1/1250 1500/1/1250 1499/1/1250
f 1494/1/1251 1495/1/1251 1501/1/1251
f 1494/1/1252 1501/1/1252 1500/1/1252
f 1495/1/129 1496/1/129 1502/1/129
f 1495/1/129 1502/1/129 1501/1/129
f 1496/1/1253 1492/1/1253 1498/1/1253
f 1496/1/1254 1498/1/1254 1502/1/1254
f 1498/1/1255 1497/1/1255 1503/1/1255
f 1498/1/1256 1503/1/1256 1504/1/1256
f 1497/1/258 1499/1/258 1505/1/258
f 1497/1/258 1505/1/258 1503/1/258
f 1499/1/1257 1500/1/1257 1506/1/1257
f 1499/1/1258 1506/1/1258 1505/1/1258
f 1500/1/1259 1501/1/1259 1507/1/1259
f 1500/1/1260 1507/1/1260 1506/1/1260
f 1501/1/129 1502/1/129 1508/1/129
f 1501/1/129 1508/1/129 1507/1/129
f 1502/1/1261 1498/1/1261 1504/1/1261
f 1502/1/1262 1504/1/1262 1508/1/1262
f 1504/1/1263 1503/1/1263 1509/1/1263
f 1504/1/1264 1509/1/1264 1510/1/1264
f 1503/1/258 1505/1/258 1511/1/258
f 1503/1/258 1511/1/258 1509/1/258
f 1505/1/1265 1506/1/1265 1512/1/1265
f 1505/1/1266 1512/1/1266 1511/1/1266
f 1506/1/1267 1507/1/1267 1513/1/1267
f 1506/1/1268 1513/1/1268 1512/1/1268
f 1507/1/129 1508/1/129 1514/1/129
f 1507/1/129 1514/1/129 1513/1/129
f 1508/1/1269 1504/1/1269 1510/1/1269
f 1508/1/1270 1510/1/1270 1514/1/1270
f 1510/1/1271 1509/1/1271 1515/1/1271
f 1510/1/1272 1515/1/1272 1516/1/1272
f 1509/1/258 1511/1/258 1517/1/258
f 1509/1/258 1517/1/258 1515/1/258
f 1511/1/1273 1512/1/1273 1518/1/1273
f 1511/1/1274 1518/1/1274 1517/1/1274
f 1512/1/1275 1513/1/1275 1519/1/1275
f 1512/1/1276 1519/1/1276 1518/1/1276
f 1513/1/129 1514/1/129 1520/1/129
f 1513/1/129 1520/1/129 1519/1/129
f 1514/1/1277 1510/1/1277 1516/1/1277
f 1514/1/1278 1516/1/1278 1520/1/1278
f 1516/1/1279 1515/1/1279 1521/1/1279
f 1516/1/1280 1521/1/1280 1522/1/1280
f 1515/1/258 1517/1/258 1523/1/258
f 1515/1/258 1523/1/258 1521/1/258
f 1517/1/1281 1518/1/1281 1524/1/1281
f 1517/1/1282 1524/1/1282 1523/1/1282
f 1518/1/1283 1519/1/1283 1525/1/1283
f 1518/1/1284 1525/1/1284 1524/1/1284
f 1519/1/129 1520/1/129 1526/1/129
f 1519/1/129 1526/1/129 1525/1/129
f 1520/1/1285 1516/1/1285 1522/1/1285
f 1520/1/1286 1522/1/1286 1526/1/1286
f 1522/1/1287 1521/1/1287 1527/1/1287
f 1522/1/1288 1527/1/1288 1528/1/1288
f 1521/1/258 1523/1/258 1529/1/258
f 1521/1/258 1529/1/258 1527/1/258
f 1523/1/1289 1524/1/1289 1530/1/1289
f 1523/1/1290 1530/1/1290 1529/1/1290
f 1524/1/1291 1525/1/1291 1531/1/1291
f 1524/1/1292 1531/1/1292 1530/1/1292
f 1525/1/129 1526/1/129 1532/1/129
f 1525/1/129 1532/1/129 1531/1/129
f 1526/1/1293 1522/1/1293 1528/1/1293
f 1526/1/1294 1528/1/1294 1532/1/1294
f 1528/1/1295 1527/1/1295 1533/1/1295
f 1528/1/1296 1533/1/1296 1534/1/1296
f 1527/1/258 1529/1/258 1535/1/258
f 1527/1/258 1535/1/258 1533/1/258
f 1529/1/1297 1530/1/1297 1536/1/1297
f 1529/1/1298 1536/1/1298 1535/1/1298
f 1530/1/1299 1531/1/1299 1537/1/1299
f 1530/1/1300 1537/1/1300 1536/1/1300
f 1531/1/129 1532/1/129 1538/1/129
f 1531/1/129 1538/1/129 1537/1/129
f 1532/1/1301 1528/1/1301 1534/1/1301
f 1532/1/1302 1534/1/1302 1538/1/1302
f 1534/1/1303 1533/1/1303 1539/1/1303
f 1534/1/1304 1539/1/1304 1540/1/1304
f 1533/1/258 1535/1/258 1541/1/258
f 1533/1/258 1541/1/258 1539/1/258
f 1535/1/1305 1536/1/1305 1542/1/1305
f 1535/1/1306 1542/1/1306 1541/1/1306
f 1536/1/1307 1537/1/1307 1543/1/1307
f 1536/1/1308 1543/1/1308 1542/1/1308
f 1537/1/129 1538/1/129 1544/1/129
f 1537/1/129 1544/1/129 1543/1/129
f 1538/1/1309 1534/1/1309 1540/1/1309
f 1538/1/1310 1540/1/1310 1544/1/1310
f 1540/1/1311 1539/1/1311 1545/1/1311
f 1540/1/1312 1545/1/1312 1546/1/1312
f 1539/1/258 1541/1/258 1547/1/258
f 1539/1/258 1547/1/258 1545/1/258
f 1541/1/1313 1542/1/1313 1548/1/1313
f 1541/1/1314 1548/1/1314 1547/1/1314
f 1542/1/1315 1543/1/1315 1549/1/1315
f 1542/1/1316 1549/1/1316 1548/1/1316
f 1543/1/129 1544/1/129 1550/1/129
f 1543/1/129 1550/1/129 1549/1/129
f 1544/1/1317 1540/1/1317 1546/1/1317
f 1544/1/1318 1546/1/1318 1550/1/1318
f 1546/1/1319 1545/1/1319 1551/1/1319
f 1546/1/1320 1551/1/1320 1552/1/1320
f 1545/1/258 1547/1/258 1553/1/258
f 1545/1/258 1553/1/258 1551/1/258
f 1547/1/1321 1548/1/1321 1554/1/1321
f 1547/1/1322 1554/1/1322 1553/1/1322
f 1548/1/1323 1549/1/1323 1555/1/1323
f 1548/1/1324 1555/1/1324 1554/1/1324
f 1549/1/129 1550/1/129 1556/1/129
f 1549/1/129 1556/1/129 1555/1/129
f 1550/1/1325 1546/1/1325 1552/1/1325
f 1550/1/1326 1552/1/1326 1556/1/1326
f 1552/1/1327 1551/1/1327 1557/1/1327
f 1552/1/1328 1557/1/1328 1558/1/1328
f 1551/1/258 1553/1/258 1559/1/258
f 1551/1/258 1559/1/258 1557/1/258
f 1553/1/1329 1554/1/1329 1560/1/1329
f 1553/1/1330 1560/1/1330 1559/1/1330
f 1554/1/1331 1555/1/1331 1561/1/1331
f 1554/1/1332 1561/1/1332 1560/1/1332
f 1555/1/129 1556/1/129 1562/1/129
f 1555/1/129 1562/1/129 1561/1/129
f 1556/1/1333 1552/1/1333 1558/1/1333
f 1556/1/1334 1558/1/1334 1562/1/1334
f 1558/1/1335 1557/1/1335 1563/1/1335
f 1558/1/1336 1563/1/1336 1564/1/1336
f 1557/1/258 1559/1/258 1565/1/258
f 1557/1/258 1565/1/258 1563/1/258
f 1559/1/1337 1560/1/1337 1566/1/1337
f 1559/1/1338 1566/1/1338 1565/1/1338
f 1560/1/1339 1561/1/1339 1567/1/1339
f 1560/1/1340 1567/1/1340 1566/1/1340
f 1561/1/129 1562/1/129 1568/1/129
f 1561/1/129 1568/1/129 1567/1/129
f 1562/1/1341 1558/1/1341 1564/1/1341
f 1562/1/1342 1564/1/1342 1568/1/1342
f 1564/1/1343 1563/1/1343 1569/1/1343
f 1564/1/1344 1569/1/1344 1570/1/1344
f 1563/1/258 1565/1/258 1571/1/258
f 1563/1/258 1571/1/258 1569/1/258
f 1565/1/1345 1566/1/1345 1572/1/1345
f 1565/1/1346 1572/1/1346 1571/1/1346
f 1566/1/1347 1567/1/1347 1573/1/1347
f 1566/1/1348 1573/1/1348 1572/1/1348
f 1567/1/129 1568/1/129 1574/1/129
f 1567/1/129 1574/1/129 1573/1/129
f 1568/1/1349 1564/1/1349 1570/1/1349
f 1568/1/1350 1570/1/1350 1574/1/1350
f 1570/1/1351 1569/1/1351 1575/1/1351
f 1570/1/1352 1575/1/1352 1576/1/1352
f 1569/1/258 1571/1/258 1577/1/258
f 1569/1/258 1577/1/258 1575/1/258
f 1571/1/1353 1572/1/1353 1578/1/1353
f 1571/1/1354 1578/1/1354 1577/1/1354
f 1572/1/1355 1573/1/1355 1579/1/1355
f 1572/1/1356 1579/1/1356 1578/1/1356
f 1573/1/129 1574/1/129 1580/1/129
f 1573/1/129 1580/1/129 1579/1/129
f 1574/1/1357 1570/1/1357 1576/1/1357
f 1574/1/1358 1576/1/1358 1580/1/1358
f 1191/1/845 1201/1/845 1199/1/845
f 1199/1/845 1197/1/845 1195/1/845
f 1195/1/845 1192/1/845 1191/1/845
f 1199/1/845 1195/1/845 1191/1/845
f 1580/1/846 1576/1/846 1575/1/846
f 1575/1/846 1577/1/846 1578/1/846
f 1578/1/846 1579/1/846 1580/1/846
f 1575/1/846 1578/1/846 1580/1/846
