# Authored in Blender; exported by tools-export-modern.py
mtllib materials.mtl
s off
v 0.458000004 0.180000007 0.000000000
v 0.458000004 0.930000007 0.000000000
v 0.468557328 0.354300946 0.030710870
v 0.457019389 0.180000007 0.029954633
v 0.454081744 0.180000007 0.059780996
v 0.460214853 0.170421898 0.060588434
v 0.449199647 0.180000007 0.089351371
v 0.441105038 0.367303461 0.087741248
v 0.432153821 0.260824054 0.115795262
v 0.442394018 0.180000007 0.118539125
v 0.436138451 0.220976979 0.148049057
v 0.433694005 0.180000007 0.147219270
v 0.434207231 0.386222363 0.179854527
v 0.423136830 0.180000007 0.175269008
v 0.414202005 0.182367623 0.204261824
v 0.410767704 0.180000007 0.202568218
v 0.388036609 0.317764640 0.224033043
v 0.396639645 0.180000007 0.229000002
v 0.373210281 0.321937561 0.249371141
v 0.380813092 0.180000007 0.254451156
v 0.367355913 0.180386379 0.281882107
v 0.363355815 0.180000007 0.278812736
v 0.353245378 0.384971350 0.309787869
v 0.344342619 0.180000007 0.301980376
v 0.324769229 0.224803180 0.324769229
v 0.323854893 0.180000007 0.323854893
v 0.294629008 0.906432211 0.335960001
v 0.301980376 0.180000007 0.344342619
v 0.274394333 0.369954288 0.357597679
v 0.278812736 0.180000007 0.363355815
v 0.254451156 0.180000007 0.380813092
v 0.258488208 0.170904323 0.386854947
v 0.229000002 0.180000007 0.396639645
v 0.234572768 0.350938648 0.406291962
v 0.201991633 0.284476250 0.409598529
v 0.202568218 0.180000007 0.410767704
v 0.170736894 0.202459827 0.412195325
v 0.175269008 0.180000007 0.423136830
v 0.145601690 0.389879018 0.428928733
v 0.147219270 0.180000007 0.433694005
v 0.120907500 0.195491984 0.451232940
v 0.118539125 0.180000007 0.442394018
v 0.091288209 0.294752359 0.458936840
v 0.089351371 0.180000007 0.449199647
v 0.059279870 0.342751443 0.450275302
v 0.059780996 0.180000007 0.454081744
v 0.029954633 0.180000007 0.457019389
v 0.029170977 0.172702625 0.445063114
v 0.000000000 0.180000007 0.458000004
v 0.000000000 0.375489384 0.455428958
v -0.030648328 0.246470839 0.467603117
v -0.029954633 0.180000007 0.457019389
v -0.060857244 0.883958995 0.462256670
v -0.059780996 0.180000007 0.454081744
v -0.088142753 0.381429851 0.443123549
v -0.089351371 0.180000007 0.449199647
v -0.118539125 0.180000007 0.442394018
v -0.115547217 0.176453531 0.431228071
v -0.147219270 0.180000007 0.433694005
v -0.147222698 0.331279188 0.433704078
v -0.179694951 0.307920575 0.433822006
v -0.175269008 0.180000007 0.423136830
v -0.205300182 0.187543914 0.416307598
v -0.202568218 0.180000007 0.410767704
v -0.224869534 0.388432503 0.389485449
v -0.229000002 0.180000007 0.396639645
v -0.248564094 0.212541193 0.372002453
v -0.254451156 0.180000007 0.380813092
v -0.280390561 0.271054894 0.365412086
v -0.278812736 0.180000007 0.363355815
v -0.309881389 0.360650927 0.353352010
v -0.301980376 0.180000007 0.344342619
v -0.323854893 0.180000007 0.323854893
v -0.326555401 0.170002118 0.326555401
v -0.344342619 0.180000007 0.301980376
v -0.336869419 0.361572564 0.295426548
v -0.356107056 0.269695699 0.273250550
v -0.363355815 0.180000007 0.278812736
v -0.385013402 0.863624096 0.257257730
v -0.380813092 0.180000007 0.254451156
v -0.406892955 0.388194650 0.234919772
v -0.396639645 0.180000007 0.229000002
v -0.411917895 0.186811790 0.203135431
v -0.410767704 0.180000007 0.202568218
v -0.412832409 0.309238136 0.171000779
v -0.423136830 0.180000007 0.175269008
v -0.426829219 0.330068141 0.144888997
v -0.433694005 0.180000007 0.147219270
v -0.442394018 0.180000007 0.118539125
v -0.449421108 0.176921964 0.120422021
v -0.449199647 0.180000007 0.089351371
v -0.460127175 0.381950021 0.091524981
v -0.452778757 0.232723400 0.059609454
v -0.454081744 0.180000007 0.059780996
v -0.445200056 0.247772887 0.029179953
v -0.457019389 0.180000007 0.029954633
v -0.452977359 0.374804735 0.000000000
v -0.458000004 0.180000007 0.000000000
v -0.457019389 0.180000007 -0.029954633
v -0.466157377 0.172410280 -0.030553568
v -0.454081744 0.180000007 -0.059780996
v -0.463918805 0.343867242 -0.061076071
v -0.445424259 0.293399125 -0.088600390
v -0.449199647 0.180000007 -0.089351371
v -0.430820942 0.846371889 -0.115438119
v -0.442394018 0.180000007 -0.118539125
v -0.431269258 0.389934540 -0.146396190
v -0.433694005 0.180000007 -0.147219270
v -0.432940513 0.201498017 -0.179329827
v -0.423136830 0.180000007 -0.175269008
v -0.418155879 0.285839200 -0.206211671
v -0.410767704 0.180000007 -0.202568218
v -0.391266584 0.349890411 -0.225897864
v -0.396639645 0.180000007 -0.229000002
v -0.380813092 0.180000007 -0.254451156
v -0.371203810 0.171087310 -0.248030454
v -0.363355815 0.180000007 -0.278812736
v -0.363372743 0.370732665 -0.278825700
v -0.353040189 0.255101293 -0.309607953
v -0.344342619 0.180000007 -0.301980376
v -0.328216165 0.225987628 -0.328216165
v -0.323854893 0.180000007 -0.323854893
v -0.296528488 0.384555459 -0.338125914
v -0.301980376 0.180000007 -0.344342619
v -0.272365063 0.179815292 -0.354953080
v -0.278812736 0.180000007 -0.363355815
v -0.254451156 0.180000007 -0.380813092
v -0.255896896 0.323195696 -0.382976770
v -0.234991819 0.316480249 -0.407017767
v -0.229000002 0.180000007 -0.396639645
v -0.204252884 0.833003700 -0.414183885
v -0.202568218 0.180000007 -0.410767704
v -0.171462893 0.386568695 -0.413948059
v -0.175269008 0.180000007 -0.423136830
v -0.144284531 0.219830155 -0.425048530
v -0.147219270 0.180000007 -0.433694005
v -0.119849093 0.262169033 -0.447282910
v -0.118539125 0.180000007 -0.442394018
v -0.091660805 0.366466701 -0.460809976
v -0.089351371 0.180000007 -0.449199647
v -0.059780996 0.180000007 -0.454081744
v -0.059947006 0.170310944 -0.455342710
v -0.029954633 0.180000007 -0.457019389
v -0.029224908 0.355301350 -0.445885926
v 0.000000000 0.278635591 -0.450758994
v 0.000000000 0.180000007 -0.458000004
v 0.030430993 0.206710875 -0.464287221
v 0.029954633 0.180000007 -0.457019389
v 0.061234746 0.389450282 -0.465124100
v 0.059780996 0.180000007 -0.454081744
v 0.089092910 0.191873208 -0.447900295
v 0.089351371 0.180000007 -0.449199647
v 0.115473047 0.300517976 -0.430951267
v 0.118539125 0.180000007 -0.442394018
v 0.145607904 0.337867111 -0.428947061
v 0.147219270 0.180000007 -0.433694005
v 0.178776100 0.824140310 -0.431603700
v 0.175269008 0.180000007 -0.423136830
v 0.206953928 0.378253430 -0.419661045
v 0.202568218 0.180000007 -0.410767704
v 0.227070272 0.240956783 -0.393297225
v 0.229000002 0.180000007 -0.396639645
v 0.247795016 0.239327028 -0.370851457
v 0.254451156 0.180000007 -0.380813092
v 0.277260274 0.379027188 -0.361332625
v 0.278812736 0.180000007 -0.363355815
v 0.301980376 0.180000007 -0.344342619
v 0.308980256 0.174628899 -0.352324456
v 0.323854893 0.180000007 -0.323854893
v 0.329674363 0.336372793 -0.329674363
v 0.339671165 0.302233249 -0.297883600
v 0.344342619 0.180000007 -0.301980376
v 0.354189336 0.190837920 -0.271779031
v 0.363355815 0.180000007 -0.278812736
v 0.380839676 0.389261872 -0.254468918
v 0.380813092 0.180000007 -0.254451156
v 0.406660587 0.208024040 -0.234785601
v 0.396639645 0.180000007 -0.229000002
v 0.416291207 0.276887357 -0.205292091
v 0.410767704 0.180000007 -0.202568218
v 0.415490448 0.356566429 -0.172101781
v 0.423136830 0.180000007 -0.175269008
v 0.423669368 0.820193410 -0.143816382
v 0.433694005 0.180000007 -0.147219270
v 0.444917649 0.365374923 -0.119215325
v 0.442394018 0.180000007 -0.118539125
v 0.460953593 0.263896704 -0.091689371
v 0.449199647 0.180000007 -0.089351371
v 0.457848102 0.218373999 -0.060276847
v 0.454081744 0.180000007 -0.059780996
v 0.447088867 0.386988550 -0.029303754
v 0.457019389 0.180000007 -0.029954633
v 0.437000006 0.930000007 0.000000000
v 0.447602302 0.354300946 0.029337404
v 0.439394504 0.170421898 0.057847384
v 0.420508564 0.367303461 0.083644353
v 0.411869377 0.260824054 0.110360064
v 0.416252911 0.220976979 0.141298816
v 0.414805770 0.386222363 0.171818167
v 0.395367682 0.182367623 0.194973767
v 0.369850069 0.317764640 0.213533044
v 0.355749428 0.321937561 0.237704173
v 0.350695491 0.180386379 0.269098133
v 0.337456733 0.384971350 0.295941621
v 0.309919983 0.224803180 0.309919983
v 0.280782759 0.906432211 0.320171356
v 0.261610359 0.369954288 0.340937257
v 0.246821225 0.170904323 0.369394064
v 0.224072769 0.350938648 0.388105422
v 0.192703575 0.284476250 0.390764177
v 0.162700549 0.202459827 0.392793864
v 0.138851464 0.389879018 0.409043193
v 0.115472302 0.195491984 0.430948496
v 0.087191314 0.294752359 0.438340336
v 0.056538820 0.342751443 0.429454982
v 0.027797511 0.172702625 0.424108058
v 0.000000000 0.375489384 0.434428960
v -0.029274862 0.246470839 0.446648091
v -0.058116194 0.883958995 0.441436321
v -0.084045857 0.381429851 0.422527045
v -0.110112019 0.176453531 0.410943627
v -0.140472472 0.331279188 0.413818568
v -0.171658605 0.307920575 0.414420515
v -0.196012124 0.187543914 0.397473276
v -0.214369535 0.388432503 0.371298939
v -0.236897111 0.212541193 0.354541600
v -0.267606556 0.271054894 0.348751664
v -0.296035111 0.360650927 0.337563366
v -0.311706156 0.170002118 0.311706156
v -0.321080774 0.361572564 0.281580299
v -0.339446634 0.269695699 0.260466546
v -0.367552549 0.863624096 0.245590746
v -0.388706446 0.388194650 0.224419773
v -0.393083572 0.186811790 0.193847373
v -0.393430948 0.309238136 0.162964433
v -0.406943679 0.330068141 0.138138771
v -0.429136664 0.176921964 0.114986822
v -0.439530671 0.381950021 0.087428086
v -0.431958407 0.232723400 0.056868404
v -0.424245000 0.247772887 0.027806487
v -0.431977332 0.374804735 0.000000000
v -0.445202321 0.172410280 -0.029180102
v -0.443098456 0.343867242 -0.058335021
v -0.424827754 0.293399125 -0.084503494
v -0.410536498 0.846371889 -0.110002920
v -0.411383748 0.389934540 -0.139645964
v -0.413539022 0.201498017 -0.171293482
v -0.399321556 0.285839200 -0.196923599
v -0.373080045 0.349890411 -0.215397865
v -0.353742957 0.171087310 -0.236363485
v -0.346712321 0.370732665 -0.266041726
v -0.337251574 0.255101293 -0.295761675
v -0.313366920 0.225987628 -0.313366920
v -0.282682210 0.384555459 -0.322337300
v -0.259581089 0.179815292 -0.338292658
v -0.244229928 0.323195696 -0.365515918
v -0.224491820 0.316480249 -0.388831258
v -0.194964826 0.833003700 -0.395349562
v -0.163426548 0.386568695 -0.394546568
v -0.137534305 0.219830155 -0.405163020
v -0.114413895 0.262169033 -0.426998466
v -0.087563910 0.366466701 -0.440213501
v -0.057205956 0.170310944 -0.434522361
v -0.027851442 0.355301350 -0.424930900
v 0.000000000 0.278635591 -0.429758996
v 0.029057527 0.206710875 -0.443332195
v 0.058493696 0.389450282 -0.444303751
v 0.084996007 0.191873208 -0.427303791
v 0.110037848 0.300517976 -0.410666823
v 0.138857678 0.337867111 -0.409061521
v 0.170739755 0.824140310 -0.412202239
v 0.197665870 0.378253430 -0.400826722
v 0.216570258 0.240956783 -0.375110716
v 0.236128047 0.239327028 -0.353390574
v 0.264476269 0.379027188 -0.344672203
v 0.295134008 0.174628899 -0.336535841
v 0.314825118 0.336372793 -0.314825118
v 0.323882520 0.302233249 -0.284037352
v 0.337528914 0.190837920 -0.258995056
v 0.363378793 0.389261872 -0.242801949
v 0.388474077 0.208024040 -0.224285603
v 0.397456855 0.276887357 -0.196004033
v 0.396088988 0.356566429 -0.164065436
v 0.403783858 0.820193410 -0.137066141
v 0.424633205 0.365374923 -0.113780126
v 0.440357089 0.263896704 -0.087592475
v 0.437027782 0.218373999 -0.057535797
v 0.426133841 0.386988550 -0.027930288
v 0.437000006 0.180000007 0.000000000
v 0.436064363 0.180000007 0.028581167
v 0.433261395 0.180000007 0.057039946
v 0.428603172 0.180000007 0.085254468
v 0.422109574 0.180000007 0.113103926
v 0.413808465 0.180000007 0.140469044
v 0.403735369 0.180000007 0.167232662
v 0.391933382 0.180000007 0.193280160
v 0.378453106 0.180000007 0.218500003
v 0.363352209 0.180000007 0.242784187
v 0.346695423 0.180000007 0.266028732
v 0.328554004 0.180000007 0.288134128
v 0.309005678 0.180000007 0.309005678
v 0.288134128 0.180000007 0.328554004
v 0.266028732 0.180000007 0.346695423
v 0.242784187 0.180000007 0.363352209
v 0.218500003 0.180000007 0.378453106
v 0.193280160 0.180000007 0.391933382
v 0.167232662 0.180000007 0.403735369
v 0.140469044 0.180000007 0.413808465
v 0.113103926 0.180000007 0.422109574
v 0.085254468 0.180000007 0.428603172
v 0.057039946 0.180000007 0.433261395
v 0.028581167 0.180000007 0.436064363
v 0.000000000 0.180000007 0.437000006
v -0.028581167 0.180000007 0.436064363
v -0.057039946 0.180000007 0.433261395
v -0.085254468 0.180000007 0.428603172
v -0.113103926 0.180000007 0.422109574
v -0.140469044 0.180000007 0.413808465
v -0.167232662 0.180000007 0.403735369
v -0.193280160 0.180000007 0.391933382
v -0.218500003 0.180000007 0.378453106
v -0.242784187 0.180000007 0.363352209
v -0.266028732 0.180000007 0.346695423
v -0.288134128 0.180000007 0.328554004
v -0.309005678 0.180000007 0.309005678
v -0.328554004 0.180000007 0.288134128
v -0.346695423 0.180000007 0.266028732
v -0.363352209 0.180000007 0.242784187
v -0.378453106 0.180000007 0.218500003
v -0.391933382 0.180000007 0.193280160
v -0.403735369 0.180000007 0.167232662
v -0.413808465 0.180000007 0.140469044
v -0.422109574 0.180000007 0.113103926
v -0.428603172 0.180000007 0.085254468
v -0.433261395 0.180000007 0.057039946
v -0.436064363 0.180000007 0.028581167
v -0.437000006 0.180000007 0.000000000
v -0.436064363 0.180000007 -0.028581167
v -0.433261395 0.180000007 -0.057039946
v -0.428603172 0.180000007 -0.085254468
v -0.422109574 0.180000007 -0.113103926
v -0.413808465 0.180000007 -0.140469044
v -0.403735369 0.180000007 -0.167232662
v -0.391933382 0.180000007 -0.193280160
v -0.378453106 0.180000007 -0.218500003
v -0.363352209 0.180000007 -0.242784187
v -0.346695423 0.180000007 -0.266028732
v -0.328554004 0.180000007 -0.288134128
v -0.309005678 0.180000007 -0.309005678
v -0.288134128 0.180000007 -0.328554004
v -0.266028732 0.180000007 -0.346695423
v -0.242784187 0.180000007 -0.363352209
v -0.218500003 0.180000007 -0.378453106
v -0.193280160 0.180000007 -0.391933382
v -0.167232662 0.180000007 -0.403735369
v -0.140469044 0.180000007 -0.413808465
v -0.113103926 0.180000007 -0.422109574
v -0.085254468 0.180000007 -0.428603172
v -0.057039946 0.180000007 -0.433261395
v -0.028581167 0.180000007 -0.436064363
v 0.000000000 0.180000007 -0.437000006
v 0.028581167 0.180000007 -0.436064363
v 0.057039946 0.180000007 -0.433261395
v 0.085254468 0.180000007 -0.428603172
v 0.113103926 0.180000007 -0.422109574
v 0.140469044 0.180000007 -0.413808465
v 0.167232662 0.180000007 -0.403735369
v 0.193280160 0.180000007 -0.391933382
v 0.218500003 0.180000007 -0.378453106
v 0.242784187 0.180000007 -0.363352209
v 0.266028732 0.180000007 -0.346695423
v 0.288134128 0.180000007 -0.328554004
v 0.309005678 0.180000007 -0.309005678
v 0.328554004 0.180000007 -0.288134128
v 0.346695423 0.180000007 -0.266028732
v 0.363352209 0.180000007 -0.242784187
v 0.378453106 0.180000007 -0.218500003
v 0.391933382 0.180000007 -0.193280160
v 0.403735369 0.180000007 -0.167232662
v 0.413808465 0.180000007 -0.140469044
v 0.422109574 0.180000007 -0.113103926
v 0.428603172 0.180000007 -0.085254468
v 0.433261395 0.180000007 -0.057039946
v 0.436064363 0.180000007 -0.028581167
v 0.427024364 0.219999999 0.138748631
v 0.421318024 0.629999995 0.136894524
v 0.377315044 0.629999995 0.232125759
v 0.382425398 0.219999999 0.235269666
v 0.380422592 1.029999971 0.123606801
v 0.340690762 1.029999971 0.209594369
v 0.351890922 1.340000033 0.114336289
v 0.315138966 1.340000033 0.193874791
v 0.343331397 1.309999943 0.111555137
v 0.307473421 1.309999943 0.189158916
v 0.370912045 0.990000010 0.120516628
v 0.332173496 0.990000010 0.204354510
v 0.411807477 0.600000024 0.133804366
v 0.368797749 0.600000024 0.226885900
v 0.417513818 0.219999999 0.135658458
v 0.373908132 0.219999999 0.230029806
v 0.312152952 0.629999995 0.314339846
v 0.316380769 0.219999999 0.318597257
v 0.281853676 1.029999971 0.283828288
v 0.260714650 1.340000033 0.262541175
v 0.254372954 1.309999943 0.256155044
v 0.274807334 0.990000010 0.276732594
v 0.305106610 0.600000024 0.307244122
v 0.309334427 0.219999999 0.311501563
v 0.229485959 0.629999995 0.378926367
v 0.232594132 0.219999999 0.384058565
v 0.207210809 1.029999971 0.342145711
v 0.191670001 1.340000033 0.316484779
v 0.187007755 1.309999943 0.308786511
v 0.202030540 0.990000010 0.333592057
v 0.224305689 0.600000024 0.370372713
v 0.227413863 0.219999999 0.375504911
v 0.133949861 0.629999995 0.422263473
v 0.135764077 0.219999999 0.427982599
v 0.120947957 1.029999971 0.381276280
v 0.111876860 1.340000033 0.352680534
v 0.109155528 1.309999943 0.344101816
v 0.117924258 0.990000010 0.371744365
v 0.130926162 0.600000024 0.412731558
v 0.132740378 0.219999999 0.418450713
v 0.030902117 0.629999995 0.441920877
v 0.031320658 0.219999999 0.447906256
v 0.027902590 1.029999971 0.399025619
v 0.025809895 1.340000033 0.369098693
v 0.025182087 1.309999943 0.360120624
v 0.027205024 0.990000010 0.389049977
v 0.030204553 0.600000024 0.431945235
v 0.030623091 0.219999999 0.437930614
v -0.073878556 0.629999995 0.436796248
v -0.074879169 0.219999999 0.442712218
v -0.066707499 1.029999971 0.394398421
v -0.061704434 1.340000033 0.364818543
v -0.060203519 1.309999943 0.355944574
v -0.065039814 0.990000010 0.384538442
v -0.072210871 0.600000024 0.426936299
v -0.073211476 0.219999999 0.432852268
v -0.174516261 0.629999995 0.407176942
v -0.176879913 0.219999999 0.412691772
v -0.157576770 1.029999971 0.367654145
v -0.145758510 1.340000033 0.340080082
v -0.142213032 1.309999943 0.331807852
v -0.153637350 0.990000010 0.358462781
v -0.170576841 0.600000024 0.397985607
v -0.172940493 0.219999999 0.403500408
v -0.265367448 0.629999995 0.354723990
v -0.268961608 0.219999999 0.359528393
v -0.239609435 1.029999971 0.320292562
v -0.221638724 1.340000033 0.296270609
v -0.216247514 1.309999943 0.289064020
v -0.233619198 0.990000010 0.312285244
v -0.259377211 0.600000024 0.346716672
v -0.262971371 0.219999999 0.351521075
v -0.341337353 0.629999995 0.282378823
v -0.345960438 0.219999999 0.286203384
v -0.308205307 1.029999971 0.254969597
v -0.285089910 1.340000033 0.235846877
v -0.278155267 1.309999943 0.230110064
v -0.300500154 0.990000010 0.248595357
v -0.333632231 0.600000024 0.276004583
v -0.338255316 0.219999999 0.279829144
v 0.472000003 0.050000001 -0.003800000
v 0.474687010 0.050000001 -0.002687006
v 0.475800008 0.050000001 0.000000000
v 0.474687010 0.050000001 0.002687006
v 0.472000003 0.050000001 0.003800000
v 0.469312996 0.050000001 0.002687006
v 0.468199998 0.050000001 0.000000000
v 0.469312996 0.050000001 -0.002687006
v 0.474687010 0.300000012 -0.002687006
v 0.472000003 0.300000012 -0.003800000
v 0.469312996 0.300000012 -0.002687006
v 0.468199998 0.300000012 0.000000000
v 0.469312996 0.300000012 0.002687006
v 0.472000003 0.300000012 0.003800000
v 0.474687010 0.300000012 0.002687006
v 0.475800008 0.300000012 0.000000000
v 0.455917001 0.050019350 0.118362635
v 0.458603650 0.049970724 0.119475394
v 0.459716529 0.049939249 0.122162275
v 0.458603650 0.049943361 0.124849342
v 0.455917001 0.049980652 0.125962541
v 0.453230351 0.050029278 0.124849781
v 0.452117473 0.050060753 0.122162901
v 0.453230351 0.050056640 0.119475834
v 0.463480443 0.354970723 0.121028312
v 0.460793793 0.355019331 0.119915552
v 0.458107144 0.355056614 0.121028751
v 0.456994265 0.355060726 0.123715818
v 0.458107144 0.355029255 0.126402691
v 0.460793793 0.354980648 0.127515450
v 0.463480443 0.354943365 0.126402259
v 0.464593321 0.354939252 0.123715192
v 0.408764005 0.050031666 0.232200131
v 0.411450773 0.049987130 0.233312801
v 0.412563682 0.049950134 0.235999584
v 0.411450773 0.049942348 0.238686621
v 0.408764005 0.049968336 0.239799872
v 0.406077236 0.050012872 0.238687202
v 0.404964328 0.050049867 0.236000419
v 0.406077236 0.050057653 0.233313382
v 0.416175604 0.409987122 0.236312792
v 0.413488835 0.410031676 0.235200122
v 0.410802066 0.410057634 0.236313373
v 0.409689158 0.410049856 0.239000410
v 0.410802066 0.410012871 0.241687194
v 0.413488835 0.409968317 0.242799863
v 0.416175604 0.409942359 0.241686612
v 0.417288512 0.409950137 0.238999575
v 0.333754390 0.050064478 0.329954922
v 0.336441398 0.050039161 0.331067652
v 0.337554365 0.049990904 0.333754241
v 0.336441398 0.049947973 0.336440891
v 0.333754390 0.049935523 0.337553859
v 0.331067383 0.049960840 0.336441129
v 0.329954416 0.050009098 0.333754539
v 0.331067383 0.050052028 0.331067890
v 0.337040126 0.300039172 0.335310310
v 0.334353119 0.300064504 0.334197581
v 0.331666112 0.300052047 0.335310549
v 0.330553144 0.300009102 0.337997198
v 0.331666112 0.299960852 0.340683788
v 0.334353119 0.299935520 0.341796517
v 0.337040126 0.299947977 0.340683550
v 0.338153094 0.299990922 0.337996900
v 0.236000001 0.050064731 0.404964566
v 0.238686934 0.050065767 0.406077743
v 0.239799902 0.050028279 0.408764482
v 0.238686934 0.049974225 0.411450952
v 0.236000001 0.049935270 0.412563443
v 0.233313069 0.049934234 0.411450267
v 0.232200101 0.049971722 0.408763528
v 0.233313069 0.050025776 0.406077057
v 0.236416519 0.355065763 0.411273867
v 0.233729586 0.355064720 0.410160691
v 0.231042653 0.355025768 0.411273181
v 0.229929686 0.354971707 0.413959652
v 0.231042653 0.354934216 0.416646391
v 0.233729586 0.354935259 0.417759567
v 0.236416519 0.354974210 0.416647077
v 0.237529486 0.355028272 0.413960606
v 0.122162588 0.050061166 0.452117503
v 0.124849573 0.050054364 0.453230530
v 0.125962555 0.050015714 0.455917239
v 0.124849573 0.049967859 0.458603829
v 0.122162588 0.049938835 0.459716499
v 0.119475603 0.049945638 0.458603472
v 0.118362620 0.049984287 0.455916762
v 0.119475603 0.050032143 0.453230172
v 0.123360448 0.410054356 0.459026068
v 0.120673463 0.410061151 0.457913041
v 0.117986478 0.410032123 0.459025711
v 0.116873495 0.409984291 0.461712301
v 0.117986478 0.409945637 0.464399010
v 0.120673463 0.409938842 0.465512037
v 0.123360448 0.409967870 0.464399368
v 0.124473430 0.410015702 0.461712778
v 0.000000000 0.050091173 0.468201101
v 0.002687006 0.050064471 0.469313771
v 0.003800000 0.050000001 0.472000003
v 0.002687006 0.049935531 0.474686235
v 0.000000000 0.049908828 0.475798905
v -0.002687006 0.049935531 0.474686235
v -0.003800000 0.050000001 0.472000003
v -0.002687006 0.050064471 0.469313771
v 0.002687006 0.300064474 0.475313753
v 0.000000000 0.300091177 0.474201083
v -0.002687006 0.300064474 0.475313753
v -0.003800000 0.300000012 0.477999985
v -0.002687006 0.299935549 0.480686218
v 0.000000000 0.299908847 0.481798887
v 0.002687006 0.299935549 0.480686218
v 0.003800000 0.300000012 0.477999985
v -0.122162588 0.050072193 0.452117682
v -0.119475596 0.050060034 0.453230649
v -0.118362606 0.050012708 0.455917239
v -0.119475596 0.049957938 0.458603680
v -0.122162588 0.049927808 0.459716320
v -0.124849580 0.049939968 0.458603352
v -0.125962570 0.049987294 0.455916762
v -0.124849580 0.050042063 0.453230321
v -0.120495841 0.355060011 0.459026188
v -0.123182833 0.355072170 0.457913220
v -0.125869825 0.355042040 0.459025860
v -0.126982808 0.354987293 0.461712301
v -0.125869825 0.354939967 0.464398891
v -0.123182833 0.354927808 0.465511858
v -0.120495841 0.354957938 0.464399219
v -0.119382851 0.355012685 0.461712778
v -0.236000001 0.050054844 0.404964387
v -0.233313084 0.050060928 0.406077594
v -0.232200131 0.050031323 0.408764452
v -0.233313084 0.049983371 0.411451042
v -0.236000001 0.049945157 0.412563622
v -0.238686919 0.049939074 0.411450416
v -0.239799872 0.049968679 0.408763558
v -0.238686919 0.050016630 0.406076968
v -0.236281157 0.410060912 0.411273718
v -0.238968074 0.410054833 0.410160512
v -0.241654992 0.410016626 0.411273092
v -0.242767945 0.409968674 0.413959682
v -0.241654992 0.409939080 0.416646540
v -0.238968074 0.409945160 0.417759746
v -0.236281157 0.409983367 0.416647166
v -0.235168204 0.410031319 0.413960576
v -0.333754390 0.050064478 0.329954922
v -0.331067443 0.050064381 0.331068099
v -0.329954475 0.050026570 0.333754838
v -0.331067443 0.049973194 0.336441338
v -0.333754390 0.049935523 0.337553859
v -0.336441338 0.049935620 0.336440682
v -0.337554306 0.049973432 0.333753943
v -0.336441338 0.050026808 0.331067443
v -0.332815915 0.300064385 0.335310757
v -0.335502863 0.300064504 0.334197581
v -0.338189811 0.300026804 0.335310102
v -0.339302778 0.299973458 0.337996602
v -0.338189811 0.299935639 0.340683341
v -0.335502863 0.299935520 0.341796517
v -0.332815915 0.299973220 0.340683997
v -0.331702948 0.300026566 0.337997496
v -0.408764005 0.050037377 0.232200190
v -0.406077117 0.050001528 0.233312875
v -0.404964179 0.049964786 0.235999659
v -0.406077117 0.049948674 0.238686636
v -0.408764005 0.049962625 0.239799812
v -0.411450893 0.049998473 0.238687128
v -0.412563831 0.050035216 0.236000344
v -0.411450893 0.050051328 0.233313367
v -0.403250277 0.355001509 0.236312866
v -0.405937165 0.355037361 0.235200182
v -0.408624053 0.355051309 0.236313358
v -0.409736991 0.355035216 0.239000335
v -0.408624053 0.354998469 0.241687119
v -0.405937165 0.354962617 0.242799804
v -0.403250277 0.354948670 0.241686627
v -0.402137339 0.354964763 0.238999650
v -0.455917001 0.050016392 0.118362620
v -0.453230351 0.049968340 0.119475424
v -0.452117503 0.049938835 0.122162327
v -0.453230351 0.049945161 0.124849379
v -0.455917001 0.049983609 0.125962555
v -0.458603650 0.050031662 0.124849752
v -0.459716499 0.050061166 0.122162849
v -0.458603650 0.050054841 0.119475797
v -0.447434843 0.409968346 0.121028334
v -0.450121492 0.410016388 0.119915538
v -0.452808142 0.410054833 0.121028714
v -0.453920990 0.410061151 0.123715766
v -0.452808142 0.410031646 0.126402676
v -0.450121492 0.409983605 0.127515465
v -0.447434843 0.409945160 0.126402304
v -0.446321994 0.409938842 0.123715244
v -0.472000003 0.050000001 -0.003800000
v -0.469313234 0.049965400 -0.002687006
v -0.468200326 0.049951069 0.000000000
v -0.469313234 0.049965400 0.002687006
v -0.472000003 0.050000001 0.003800000
v -0.474686772 0.050034601 0.002687006
v -0.475799680 0.050048932 0.000000000
v -0.474686772 0.050034601 -0.002687006
v -0.466093808 0.299965411 -0.002687006
v -0.468780577 0.300000012 -0.003800000
v -0.471467346 0.300034612 -0.002687006
v -0.472580254 0.300048947 0.000000000
v -0.471467346 0.300034612 0.002687006
v -0.468780577 0.300000012 0.003800000
v -0.466093808 0.299965411 0.002687006
v -0.464980900 0.299951077 0.000000000
v -0.455917001 0.049980652 -0.125962541
v -0.453230083 0.050007772 -0.124849670
v -0.452117115 0.050030340 -0.122162744
v -0.453230083 0.050035134 -0.119475722
v -0.455917001 0.050019350 -0.118362635
v -0.458603919 0.049992230 -0.119475506
v -0.459716886 0.049969662 -0.122162431
v -0.458603919 0.049964868 -0.124849454
v -0.455665171 0.355007768 -0.126402587
v -0.458352089 0.354980648 -0.127515450
v -0.461039007 0.354964852 -0.126402363
v -0.462151974 0.354969651 -0.123715349
v -0.461039007 0.354992211 -0.121028423
v -0.458352089 0.355019331 -0.119915552
v -0.455665171 0.355035126 -0.121028647
v -0.454552203 0.355030328 -0.123715661
v -0.408764005 0.049968336 -0.239799872
v -0.406077266 0.050016023 -0.238687232
v -0.404964387 0.050054323 -0.236000448
v -0.406077266 0.050060805 -0.233313411
v -0.408764005 0.050031666 -0.232200131
v -0.411450744 0.049983978 -0.233312771
v -0.412563622 0.049945679 -0.235999554
v -0.411450744 0.049939197 -0.238686591
v -0.411224604 0.410016030 -0.241687223
v -0.413911343 0.409968317 -0.242799863
v -0.416598082 0.409939200 -0.241686583
v -0.417710960 0.409945667 -0.238999546
v -0.416598082 0.409983963 -0.236312762
v -0.413911343 0.410031676 -0.235200122
v -0.411224604 0.410060793 -0.236313403
v -0.410111725 0.410054326 -0.239000440
v -0.333754390 0.049935523 -0.337553829
v -0.331067562 0.049984049 -0.336441517
v -0.329954624 0.050041921 -0.333755106
v -0.331067562 0.050075237 -0.331068277
v -0.333754390 0.050064478 -0.329954952
v -0.336441219 0.050015952 -0.331067264
v -0.337554157 0.049958080 -0.333753675
v -0.336441219 0.049924765 -0.336440504
v -0.333826512 0.299984068 -0.340684175
v -0.336513340 0.299935520 -0.341796488
v -0.339200169 0.299924761 -0.340683162
v -0.340313107 0.299958080 -0.337996334
v -0.339200169 0.300015956 -0.335309923
v -0.336513340 0.300064504 -0.334197611
v -0.333826512 0.300075263 -0.335310936
v -0.332713574 0.300041944 -0.337997764
v -0.236000001 0.049935270 -0.412563443
v -0.233313009 0.049946625 -0.411450505
v -0.232200012 0.049989242 -0.408763826
v -0.233313009 0.050038163 -0.406077266
v -0.236000001 0.050064731 -0.404964566
v -0.238686994 0.050053377 -0.406077504
v -0.239799991 0.050010759 -0.408764184
v -0.238686994 0.049961839 -0.411450744
v -0.232449293 0.354946613 -0.416646630
v -0.235136285 0.354935259 -0.417759567
v -0.237823278 0.354961812 -0.416646868
v -0.238936275 0.355010748 -0.413960308
v -0.237823278 0.355053365 -0.411273628
v -0.235136285 0.355064720 -0.410160691
v -0.232449293 0.355038166 -0.411273390
v -0.231336296 0.354989231 -0.413959950
v -0.122162588 0.049938835 -0.459716499
v -0.119475603 0.049945608 -0.458603472
v -0.118362620 0.049984246 -0.455916733
v -0.119475603 0.050032113 -0.453230172
v -0.122162588 0.050061166 -0.452117503
v -0.124849573 0.050054394 -0.453230530
v -0.125962555 0.050015755 -0.455917269
v -0.124849573 0.049967889 -0.458603829
v -0.117982633 0.409945607 -0.464399010
v -0.120669618 0.409938842 -0.465512037
v -0.123356603 0.409967899 -0.464399368
v -0.124469586 0.410015762 -0.461712807
v -0.123356603 0.410054386 -0.459026068
v -0.120669618 0.410061151 -0.457913041
v -0.117982633 0.410032094 -0.459025711
v -0.116869651 0.409984231 -0.461712271
v 0.000000000 0.049908828 -0.475798905
v 0.002687006 0.049935531 -0.474686235
v 0.003800000 0.050000001 -0.472000003
v 0.002687006 0.050064471 -0.469313771
v 0.000000000 0.050091173 -0.468201101
v -0.002687006 0.050064471 -0.469313771
v -0.003800000 0.050000001 -0.472000003
v -0.002687006 0.049935531 -0.474686235
v 0.002687006 0.299935549 -0.480686218
v 0.000000000 0.299908847 -0.481798887
v -0.002687006 0.299935549 -0.480686218
v -0.003800000 0.300000012 -0.477999985
v -0.002687006 0.300064474 -0.475313753
v 0.000000000 0.300091177 -0.474201083
v 0.002687006 0.300064474 -0.475313753
v 0.003800000 0.300000012 -0.477999985
v 0.122162588 0.049927808 -0.459716320
v 0.124849595 0.049946904 -0.458603472
v 0.125962585 0.049997102 -0.455916941
v 0.124849595 0.050048999 -0.453230441
v 0.122162588 0.050072193 -0.452117682
v 0.119475581 0.050053097 -0.453230530
v 0.118362591 0.050002899 -0.455917060
v 0.119475581 0.049951002 -0.458603561
v 0.125082344 0.354946882 -0.464399010
v 0.122395337 0.354927808 -0.465511858
v 0.119708329 0.354950994 -0.464399099
v 0.118595339 0.355002880 -0.461712599
v 0.119708329 0.355053097 -0.459026068
v 0.122395337 0.355072170 -0.457913220
v 0.125082344 0.355048984 -0.459025979
v 0.126195341 0.354997098 -0.461712480
v 0.236000001 0.049945157 -0.412563622
v 0.238686934 0.049940784 -0.411450446
v 0.239799887 0.049971096 -0.408763587
v 0.238686934 0.050018344 -0.406076998
v 0.236000001 0.050054844 -0.404964387
v 0.233313069 0.050059218 -0.406077564
v 0.232200116 0.050028905 -0.408764422
v 0.233313069 0.049981657 -0.411451012
v 0.241425768 0.409940779 -0.416646570
v 0.238738835 0.409945160 -0.417759746
v 0.236051902 0.409981668 -0.416647136
v 0.234938949 0.410028905 -0.413960546
v 0.236051902 0.410059214 -0.411273688
v 0.238738835 0.410054833 -0.410160512
v 0.241425768 0.410018325 -0.411273122
v 0.242538720 0.409971088 -0.413959712
v 0.333754390 0.049935523 -0.337553829
v 0.336441129 0.049916271 -0.336440355
v 0.337554008 0.049946066 -0.333753467
v 0.336441129 0.050007459 -0.331067115
v 0.333754390 0.050064478 -0.329954952
v 0.331067652 0.050083730 -0.331068426
v 0.329954773 0.050053935 -0.333755314
v 0.331067652 0.049992543 -0.336441666
v 0.339990765 0.299916267 -0.340683013
v 0.337304026 0.299935520 -0.341796488
v 0.334617287 0.299992561 -0.340684325
v 0.333504409 0.300053954 -0.337997973
v 0.334617287 0.300083756 -0.335311085
v 0.337304026 0.300064504 -0.334197611
v 0.339990765 0.300007463 -0.335309774
v 0.341103643 0.299946070 -0.337996125
v 0.408764005 0.049962625 -0.239799812
v 0.411451012 0.049973980 -0.238686875
v 0.412564009 0.050000574 -0.236000001
v 0.411451012 0.050026834 -0.233313128
v 0.408764005 0.050037377 -0.232200190
v 0.406076998 0.050026022 -0.233313128
v 0.404964000 0.049999427 -0.236000001
v 0.406076998 0.049973167 -0.238686875
v 0.411404997 0.354973972 -0.241686866
v 0.408717990 0.354962617 -0.242799804
v 0.406030983 0.354973167 -0.241686866
v 0.404917985 0.354999423 -0.238999993
v 0.406030983 0.355026007 -0.236313120
v 0.408717990 0.355037361 -0.235200182
v 0.411404997 0.355026811 -0.236313120
v 0.412517995 0.355000556 -0.238999993
v 0.455917001 0.049983609 -0.125962555
v 0.458603770 0.050025012 -0.124849729
v 0.459716648 0.050051764 -0.122162811
v 0.458603770 0.050048191 -0.119475767
v 0.455917001 0.050016392 -0.118362620
v 0.453230232 0.049974989 -0.119475447
v 0.452117354 0.049948238 -0.122162364
v 0.453230232 0.049951810 -0.124849409
v 0.453699440 0.410025001 -0.126402646
v 0.451012671 0.409983605 -0.127515465
v 0.448325902 0.409951806 -0.126402333
v 0.447213024 0.409948230 -0.123715281
v 0.448325902 0.409974992 -0.121028364
v 0.451012671 0.410016388 -0.119915538
v 0.453699440 0.410048187 -0.121028684
v 0.454812318 0.410051763 -0.123715729
vt 0.500000000 0.500000000
vn 0.945682226 0.000000000 -0.325092491
vn 0.997274999 -0.066156773 0.032647485
vn 0.993004503 -0.066156773 0.097802551
vn -0.111929286 -0.154424148 -0.981644038
vn -0.828943140 -0.542330896 -0.136859308
vn 0.937728572 0.043487997 0.344635922
vn 0.893836981 0.042465751 0.446376648
vn 0.965614655 0.129984388 0.225149722
vn 0.991346083 0.126759678 0.034131025
vn 0.955049224 -0.062839298 0.289710551
vn 0.922052743 -0.062738690 0.381945802
vn 0.934331696 -0.057976056 0.351657588
vn 0.952715553 -0.057776934 0.298320132
vn 0.479207781 -0.850421069 0.217126480
vn -0.320831644 -0.197271982 0.926364303
vn 0.879640130 0.071882922 0.470176655
vn 0.865982200 0.071920530 0.494876011
vn 0.847447248 0.064253828 0.526976857
vn 0.896313463 0.063716122 0.438819361
vn 0.062139946 -0.997073621 0.044528893
vn -0.592890025 -0.148842085 0.791408524
vn 0.771725026 -0.057643511 0.633338543
vn 0.698656544 -0.057509613 0.713142116
vn 0.729560537 -0.028833576 0.683308164
vn -0.061613617 -0.019107918 0.997917156
vn 0.683511968 0.015338252 0.729778136
vn 0.515633909 0.015103683 0.856675872
vn 0.633931307 0.038160872 0.772447310
vn 0.582053751 0.038160865 0.812254381
vn 0.693785484 -0.158694216 -0.702479785
vn -0.412660499 -0.623963808 -0.663611693
vn 0.296605587 -0.063475947 0.952888204
vn 0.225660316 -0.062254374 0.972214902
vn 0.471359467 0.012470007 0.881853021
vn 0.052874308 0.011466234 0.998535344
vn 0.365107099 0.466230580 0.805807578
vn 0.983093285 0.142149635 -0.115416962
vn 0.352148977 0.023957592 0.935637286
vn 0.563880194 0.023089563 0.825533766
vn 0.249973647 -0.508377993 0.824053998
vn -0.711636733 -0.262917006 0.651496591
vn 0.226232027 -0.086148554 0.970256408
vn -0.360787927 -0.072807839 0.929801640
vn 0.162850497 0.023570702 0.986369169
vn 0.097990051 0.023570703 0.994908223
vn -0.983564121 0.175456556 -0.042621784
vn -0.017025743 0.853947031 -0.520081332
vn 0.407885177 0.012007035 0.912954278
vn 0.323451813 0.012443789 0.946162817
vn -0.032310851 -0.157489654 0.986991904
vn -0.975585985 -0.044426700 0.215077319
vn -0.098010567 -0.011705920 0.995116526
vn -0.428288972 -0.011147791 0.903573065
vn -0.162818848 0.030724823 0.986177473
vn -0.226969020 0.030724825 0.973417202
vn -0.943594514 0.143472013 -0.298404381
vn 0.085182126 0.955976313 -0.280808287
vn 0.077616231 -0.000064627 0.996983308
vn 0.003679462 -0.000066503 0.999993229
vn -0.350820668 -0.089996868 0.932108053
vn -0.242085550 -0.089078835 0.966157103
vn -0.319390901 -0.633317842 0.704909898
vn -0.948249885 -0.130992177 -0.289245926
vn -0.471026710 0.039581432 0.881230474
vn -0.757949597 0.037373236 0.651241622
vn -0.502143104 0.309479767 0.807511348
vn 0.207899650 0.220414740 0.952992696
vn -0.582242442 -0.028438153 0.812517698
vn -0.449956874 -0.027954637 0.892612654
vn -0.633003780 -0.066152271 0.771317115
vn -0.682095002 -0.066152267 0.728265258
vn 0.905243150 -0.135762220 0.402620738
vn 0.681859777 -0.356674963 -0.638631517
vn -0.798207495 0.054506486 0.599911525
vn -0.853864551 0.053829973 0.517704224
vn -0.769034955 0.101287101 0.631130859
vn 0.261329157 0.038689396 0.964474055
vn -0.812824283 -0.007385399 0.582462137
vn -0.634986275 -0.007072882 0.772491039
vn -0.847833711 -0.056745486 0.527217175
vn -0.866092181 -0.056775539 0.496649647
vn -0.866711146 -0.184922745 0.463265980
vn -0.899928973 -0.116978345 -0.420052272
vn -0.907494041 0.085936049 0.411180691
vn -0.848401789 0.084900943 0.522499985
vn -0.934816935 0.048226109 0.351840219
vn -0.955827011 0.048226112 0.289946490
vn 0.333155927 -0.196475212 0.922173855
vn 0.379651455 -0.920884671 -0.088522289
vn -0.998469019 -0.053893160 -0.012455726
vn -0.998239656 -0.054272253 0.023918840
vn -0.986337231 0.024905828 0.162845224
vn -0.972734565 0.023289048 -0.230748968
vn -0.980341011 0.172071426 0.096555304
vn -0.674183913 0.125893732 0.727754642
vn -0.999132903 0.025760616 0.032708307
vn -0.999132903 0.025760616 -0.032708307
vn 0.062392169 -0.152949678 0.986262447
vn 0.635246740 -0.769770758 0.062566435
vn -0.917235898 -0.058176731 -0.394073313
vn -0.873409195 -0.056254335 -0.483727018
vn -0.986075942 0.033907500 -0.162802085
vn -0.991786168 0.032199681 0.123787631
vn -0.973719777 0.017967421 -0.227039571
vn -0.967813719 0.017976466 -0.251024803
vn -0.956869365 0.012189874 -0.290262684
vn -0.999809527 0.011609324 -0.015688649
vn -0.839324942 -0.442426379 -0.315899574
vn -0.194134846 -0.266842708 -0.943984444
vn -0.908120092 -0.077556344 -0.411464351
vn -0.485898139 -0.063925333 -0.871674566
vn -0.881334719 0.036475444 -0.471082429
vn -0.848636948 0.036475445 -0.527716660
vn 0.649058777 0.164758921 -0.742682437
vn 0.496562389 0.791712996 0.355831878
vn -0.968995873 -0.000102793 -0.247076887
vn -0.948137566 -0.000105753 -0.317860260
vn -0.764009099 -0.152161978 -0.627006244
vn -0.700725989 -0.151948176 -0.697061576
vn -0.723393819 -0.132857929 -0.677532401
vn 0.108713236 -0.083629591 -0.990549102
vn -0.683035176 0.040367938 -0.729269071
vn -0.336836649 0.037570027 -0.940813246
vn 0.011068075 0.999847795 0.013486484
vn 0.010162324 0.999847795 0.014181494
vn -0.821857209 -0.016901928 -0.569442756
vn -0.756909073 -0.017513054 -0.653285503
vn -0.526046292 -0.087421837 -0.845950779
vn 0.514756527 -0.042513621 -0.856281677
vn -0.471388110 -0.005829804 -0.881906607
vn -0.066219038 -0.005390765 -0.997790548
vn -0.412230405 0.048066527 -0.909810806
vn -0.120742305 0.046334044 -0.991601963
vn -0.343354473 0.223315024 -0.912270851
vn -0.814078365 0.179843671 -0.552207089
vn -0.289735706 -0.061447518 -0.955132150
vn -0.237759155 -0.061466451 -0.969377357
vn -0.226620499 -0.063323400 -0.971922475
vn -0.162568832 -0.063323401 -0.984663151
vn -0.659745192 -0.085856957 0.746568727
vn 0.097184463 -0.130081243 0.986728965
vn -0.076146371 0.063514395 -0.995071682
vn -0.000134864 0.063383279 -0.997989249
vn -0.032631447 0.073175735 -0.996785082
vn -0.260949812 0.070678009 -0.962761556
vn 0.031567843 -0.262940742 -0.964295410
vn 0.861692146 -0.147476019 -0.485528030
vn 0.097879145 -0.053072209 -0.993782176
vn 0.226507966 -0.052846917 -0.972574596
vn 0.161892163 0.110832865 -0.980564635
vn 0.172276186 0.110864704 -0.978790035
vn 0.225988259 0.097772447 -0.969210945
vn -0.049328191 0.093162457 -0.994428221
vn 0.290138165 0.031721463 -0.956458882
vn -0.412621642 0.023169609 -0.910607791
vn 0.352214474 -0.014218395 -0.935811307
vn 0.194883403 -0.013952183 -0.980727177
vn 0.412192730 -0.049927389 -0.909727656
vn 0.656732920 -0.048287450 -0.752575707
vn 0.470455089 0.063154901 -0.880161046
vn 0.735554075 0.060285562 -0.674778374
vn 0.517629756 0.197846431 -0.832415897
vn -0.292678637 0.126314082 -0.947831192
vn 0.582430265 0.012805333 -0.812779804
vn 0.634341378 0.012805337 -0.772946983
vn -0.790968698 -0.148902978 -0.593461390
vn -0.308731458 -0.892204860 0.329629148
vn 0.889049940 -0.050021881 -0.455069243
vn 0.937043497 -0.047746440 -0.345933175
vn 0.728923874 0.050739490 -0.682711864
vn 0.944602463 0.046987605 -0.324835883
vn 0.528998426 0.729167291 -0.434137913
vn -0.492302577 0.141051636 -0.858919442
vn 0.812846441 -0.000152701 -0.582478016
vn 0.605601186 -0.000144478 -0.795768297
vn 0.784984975 -0.381474140 -0.488135298
vn 0.912908570 -0.261790950 0.313150828
vn 0.880147181 -0.063402859 -0.470447678
vn 0.987475281 -0.052108791 0.148920255
vn 0.909865690 0.046797610 -0.412255273
vn 0.576673464 0.039610967 -0.816013902
vn 0.935778115 0.016525225 -0.352201982
vn 0.886066431 0.016337175 -0.463270307
vn 0.956845539 -0.014084946 -0.290255456
vn 0.841664119 -0.013427305 -0.539834436
vn 0.964100997 -0.141335319 -0.224796786
vn 0.984245819 -0.140870554 -0.106844066
vn 0.981849014 -0.098461853 -0.162104215
vn 0.770095663 -0.067387000 0.634359254
vn 0.994037694 0.047998001 -0.097904311
vn 0.597961486 0.031206410 -0.800917112
vn 0.999464585 0.000000000 -0.032719165
vn 0.000000000 0.050893579 0.998704082
vn -0.065314829 0.051961466 0.996510903
vn -0.064605426 0.155712138 0.985687511
vn -0.128742880 0.164734881 0.977899632
vn 0.129222048 0.141004659 -0.981539275
vn 0.192811564 0.152399217 -0.969328726
vn -0.188724901 0.253362234 0.948783690
vn -0.249474800 0.266275671 0.931052948
vn -0.209890251 0.585110031 0.783321348
vn -0.259086402 0.591890708 0.763242835
vn 0.316481645 0.174963453 -0.932323527
vn 0.376479534 0.179339822 -0.908900649
vn -0.378912970 0.140038532 0.914775475
vn -0.437344753 0.149099968 0.886847657
vn 0.433167514 0.202038749 -0.878377054
vn 0.488004025 0.217733037 -0.845248127
vn 0.073745886 0.989063276 -0.127731677
vn 0.078321234 0.990013227 -0.117216014
vn -0.544332662 0.200112478 0.814651428
vn -0.596076790 0.203070953 0.776823435
vn 0.602589171 0.142033925 -0.785310547
vn 0.652237912 0.146432772 -0.743735940
vn -0.649032526 0.176173361 0.740080892
vn -0.694441624 0.188418849 0.694441624
vn 0.706517223 0.040826785 -0.706517223
vn 0.751111281 0.044027009 -0.658705903
vn -0.750810607 0.052318997 0.658442219
vn -0.792179134 0.054395822 0.607859617
vn -0.785033747 0.144444583 0.602376775
vn -0.822498104 0.146505089 0.549575407
vn 0.820665073 0.160687401 -0.548350615
vn 0.853913801 0.166658839 -0.493007152
vn -0.795950926 0.394059655 0.459542285
vn -0.814284008 0.419155538 0.401559695
vn -0.849383912 0.321085213 0.418869020
vn -0.868102162 0.342200496 0.359579556
vn 0.913558361 0.149058423 -0.378408123
vn 0.935657637 0.153840644 -0.317612724
vn -0.936438431 0.148447939 0.317877767
vn -0.954899681 0.150665032 0.255864510
vn 0.926584261 0.282488815 -0.248277419
vn 0.937383573 0.294186713 -0.186457006
vn 0.844638512 0.508290073 -0.168008884
vn 0.835977512 0.537613889 -0.110058644
vn -0.978457986 0.161326563 0.128816574
vn -0.982975388 0.172071131 0.064427572
vn 0.988206045 0.138757370 -0.064770407
vn 0.989811371 0.142384862 0.000000000
vn -0.975210444 0.221279440 0.000000000
vn -0.972283528 0.224952495 -0.063726882
vn 0.996819450 0.045632395 0.065335052
vn 0.990301053 0.048021232 0.130375558
vn -0.989890149 0.055980440 -0.130321461
vn -0.978984579 0.060569467 -0.194731952
vn -0.971871606 0.134514246 -0.193317095
vn -0.956042597 0.142685307 -0.256170754
vn 0.949875736 0.181539241 0.254518349
vn 0.930526977 0.185323216 0.315871574
vn -0.589824717 0.782316619 -0.200218657
vn -0.568116496 0.788585838 -0.235321109
vn -0.898208304 0.234096396 -0.372049352
vn -0.869036420 0.247206347 -0.428561225
vn 0.888261202 0.138243942 0.438041836
vn 0.856302315 0.149425127 0.494386970
vn -0.855340625 0.156597028 -0.493831738
vn -0.820081193 0.164939759 -0.547961415
vn 0.746252988 0.440991699 0.498630924
vn 0.709573559 0.447271519 0.544475484
vn 0.753894549 0.311446671 0.578484209
vn 0.712637750 0.318690741 0.624966918
vn -0.743387338 0.149525404 -0.651933600
vn -0.698091473 0.159174715 -0.698091473
vn 0.699708768 0.144275013 0.699708768
vn 0.651299600 0.155743525 0.742665998
vn -0.630738030 0.291362574 -0.719219986
vn -0.579975209 0.303872003 -0.755837656
vn 0.608041828 0.048620970 0.792414750
vn 0.554893269 0.049368343 0.830455433
vn -0.554514679 0.061627864 -0.829888834
vn -0.498989096 0.063571499 -0.864273421
vn -0.495010904 0.140920538 -0.857382999
vn -0.437227755 0.150843872 -0.886610409
vn 0.431269169 0.221829665 0.874527589
vn 0.371659568 0.238291973 0.897265903
vn 0.227854214 0.803420573 0.550088939
vn 0.186565146 0.814327517 0.549603622
vn -0.315805189 0.186408031 -0.930332805
vn -0.254152866 0.189028601 -0.948511734
vn 0.256214176 0.141516651 0.956204651
vn 0.192976207 0.146812618 0.970157842
vn -0.191627768 0.187563669 -0.963378777
vn -0.127851482 0.201402274 -0.971128788
vn 0.062127949 0.879455628 0.471908801
vn 0.029429149 0.893045824 0.449002319
vn 0.063843162 0.217101586 0.974059009
vn 0.000000000 0.223875364 0.974617782
vn 0.000000000 0.142698953 -0.989766138
vn 0.064713470 0.144834771 -0.987337357
vn -0.064472891 0.168055987 0.983666830
vn -0.128501795 0.175435927 0.976068402
vn 0.113820123 0.489487782 -0.864549993
vn 0.166816027 0.518510043 -0.838641609
vn -0.194844110 0.050205890 0.979548437
vn -0.258446384 0.053637566 0.964535369
vn 0.258318928 0.062130768 -0.964059697
vn 0.320785215 0.063780120 -0.945002086
vn 0.317629341 0.153516783 -0.935705188
vn 0.377989386 0.156136591 -0.912548842
vn -0.361729373 0.326358860 0.873293625
vn -0.415693448 0.341537835 0.842941792
vn -0.404850549 0.402653180 0.820954597
vn -0.451449782 0.429850967 0.781934294
vn 0.494053254 0.153768988 -0.855725704
vn 0.548135680 0.163047727 -0.820343047
vn -0.549962597 0.141721657 0.823077222
vn -0.602352840 0.144713672 0.785002554
vn 0.590065019 0.245926009 -0.768988733
vn 0.638275728 0.250785889 -0.727812155
vn 0.467263301 0.705533943 -0.532810344
vn 0.486474584 0.725730637 -0.486474584
vn -0.696303633 0.174133572 0.696303633
vn -0.738427780 0.188036057 0.647585404
vn 0.744959686 0.134967455 -0.653313747
vn 0.785291135 0.142204343 -0.602574276
vn -0.777868704 0.196611078 0.596878852
vn -0.814676640 0.199963959 0.544349508
vn 0.185362791 0.974833556 -0.123855453
vn 0.188429760 0.976042488 -0.108790105
vn -0.864679267 0.055729259 0.499223412
vn -0.895288872 0.059405088 0.441507498
vn 0.895122641 0.062441709 -0.441425522
vn 0.921772602 0.067501145 -0.381809985
vn 0.911136654 0.165517027 -0.377404439
vn 0.932636091 0.173096106 -0.316587523
vn -0.781994394 0.563932848 0.265451520
vn -0.793773133 0.569812985 0.212690797
vn -0.929799042 0.270930974 0.249138817
vn -0.941879665 0.278858516 0.187351604
vn 0.970478137 0.144594843 -0.193040197
vn 0.979498814 0.154767854 -0.128953417
vn -0.980395737 0.148878298 0.129071499
vn -0.984958861 0.160275853 0.064557667
vn 0.936878728 0.344220149 -0.061406326
vn 0.934411062 0.356196529 0.000000000
vn 0.927192562 0.374585042 -0.000000000
vn 0.923307291 0.379264237 0.060516807
vn -0.985266402 0.158366102 -0.064577825
vn -0.977977384 0.164264641 -0.128753117
vn 0.981292271 0.142742928 0.129189530
vn 0.969168122 0.153457301 0.192779690
vn -0.950158975 0.247946521 -0.188998532
vn -0.931371349 0.265079535 -0.249560115
vn -0.770343700 0.603294537 -0.206412901
vn -0.746196085 0.615654852 -0.253299243
vn -0.945229836 0.059900800 -0.320862045
vn -0.922169622 0.060813415 -0.381975022
vn 0.921900846 0.065413688 0.381863692
vn 0.894774513 0.068363851 0.441253844
vn 0.878370233 0.202075612 0.433164151
vn 0.845281043 0.217559245 0.488024521
vn 0.050687380 0.998285721 0.029264449
vn 0.045554120 0.998498040 0.030438237
vn -0.814787120 0.199314326 -0.544422399
vn -0.776602813 0.204403195 -0.595908890
vn 0.785338644 0.141780918 0.602612135
vn 0.743980690 0.144210936 0.652453783
vn -0.739943673 0.177185618 -0.648913413
vn -0.694743783 0.186177743 -0.694743783
vn 0.545367475 0.636512870 0.545367475
vn 0.491750398 0.666151723 0.560734722
vn 0.639690367 0.242344298 0.729428184
vn 0.588412244 0.256389223 0.766834791
vn -0.602541402 0.142579721 -0.785248293
vn -0.549650259 0.145586548 -0.822611178
vn 0.548430580 0.159795421 0.820785796
vn 0.493307133 0.163076849 0.854431983
vn -0.460844759 0.387930372 -0.798205572
vn -0.403937857 0.407306796 -0.819106453
vn -0.417208164 0.331955172 -0.846016023
vn -0.357607663 0.356030975 -0.863341592
vn -0.381992825 0.060044985 -0.922212601
vn -0.320795380 0.063314496 -0.945029946
vn 0.320799939 0.063090582 0.945043374
vn 0.258284939 0.064205565 0.963932848
vn 0.248618989 0.277968064 0.927859016
vn 0.187022975 0.284590994 0.940228894
vn 0.164818185 0.535033364 0.828597770
vn 0.108174881 0.559605548 0.821668927
vn -0.128771632 0.163418935 -0.978116618
vn -0.064378519 0.176318719 -0.982225593
vn -0.065312774 0.052561801 -0.996479553
vn 0.000000000 0.053886850 -0.998547048
vn -0.999464595 -0.000000000 -0.032718852
vn -0.546786950 0.032564927 0.836638247
vn -0.988888114 0.064879622 0.133756991
vn 0.836119282 0.542330914 0.082351234
vn 0.363348988 0.155220721 -0.918631613
vn -0.985688010 -0.043996971 -0.162737253
vn -0.972933821 -0.043996970 -0.226856885
vn -0.717394702 -0.114222858 -0.687239391
vn -0.948821776 -0.129984397 -0.287821634
vn -0.976637476 0.054048828 0.207985491
vn -0.934056459 0.062839185 -0.351553365
vn -0.931858521 0.057987806 -0.358157941
vn -0.909331466 0.057976027 -0.412013428
vn -0.516269421 0.145101611 0.844044672
vn -0.463981221 0.850421057 -0.248002928
vn -0.806427233 -0.071522626 -0.586992020
vn -0.847005042 -0.071882920 -0.526702292
vn -0.866767391 -0.064128746 -0.494572334
vn -0.811167333 -0.064253651 -0.581273624
vn -0.609022206 0.192400144 0.769463539
vn -0.059094660 0.997073615 -0.048497705
vn -0.651436142 0.057112006 -0.756550839
vn -0.728650707 0.057643401 -0.682455409
vn -0.579056748 0.028444470 -0.814790890
vn -0.683307860 0.028832636 -0.729560860
vn -0.631517816 -0.015336366 -0.775209677
vn -0.634318430 -0.015338283 -0.772919703
vn -0.140786820 -0.033269288 -0.989480786
vn -0.755395748 -0.037401715 -0.654200562
vn 0.455178930 0.623963396 0.635202189
vn 0.913070545 0.154592367 -0.377363723
vn -0.526950637 0.065029114 -0.847404414
vn -0.470398666 0.065029115 -0.880054720
vn -0.060227011 -0.011502431 -0.998118430
vn -0.412675522 -0.012470260 -0.910792735
vn 0.612713710 -0.242753705 -0.752098762
vn -0.311622206 -0.466230590 -0.827961736
vn -0.674973112 -0.021947345 -0.737515839
vn -0.290201077 -0.023957595 -0.956665756
vn -0.991087963 0.124529310 0.047298005
vn -0.195543533 0.508378010 -0.838638495
vn 0.034267442 0.083925960 -0.995882611
vn -0.162289400 0.086148316 -0.982975391
vn 0.246558187 -0.021900893 -0.968880494
vn 0.303502440 -0.021344593 -0.952591558
vn 0.051004514 -0.853947598 0.517853300
vn -0.978366165 -0.141779870 0.150658941
vn -0.032716026 -0.013143670 -0.999378260
vn 0.032716026 -0.013143670 -0.999378260
vn -0.726865924 0.100586679 -0.679373423
vn 0.096794731 0.157489651 -0.982765379
vn 0.412370369 0.011209090 -0.910947328
vn 0.162883829 0.011705920 -0.986575810
vn 0.829571026 -0.021808867 -0.557975166
vn 0.581580664 -0.028013893 -0.813006244
vn -0.066634281 -0.955976313 0.285778169
vn -0.962355914 -0.185015615 -0.199098763
vn 0.290284395 0.000070485 -0.956940419
vn 0.352249527 0.000070484 -0.935906120
vn -0.079288527 0.080252971 -0.993616018
vn 0.411032873 0.089996656 -0.907167338
vn -0.704063645 0.236699367 -0.669528038
vn 0.364809850 0.633317806 -0.682511780
vn 0.652870270 -0.038902632 -0.756470089
vn 0.527654545 -0.039581308 -0.848536388
vn 0.980132248 -0.139011064 0.141480388
vn 0.553881216 -0.309479331 -0.772941228
vn 0.232811094 0.025988286 -0.972174678
vn 0.634136485 0.028437895 -0.772698003
vn 0.537173544 0.065432497 -0.840929945
vn 0.561633405 0.065696546 -0.824773837
vn -0.638632113 0.356671523 0.681861019
vn 0.329037542 0.162390172 0.930249283
vn 0.728774270 -0.054632443 -0.682571139
vn 0.771856172 -0.054632447 -0.633445613
vn 0.921441323 -0.097783701 -0.376010952
vn 0.808666701 -0.101287356 -0.579481699
vn 0.577795453 0.006900747 -0.816152433
vn 0.849178702 0.007385423 -0.528053962
vn 0.169119066 0.036334115 -0.984925669
vn 0.880500357 0.056745606 -0.470636864
vn 0.335353846 0.134272094 -0.932474559
vn 0.895153954 0.184922734 -0.405589670
vn 0.932364129 -0.085936682 -0.351158109
vn 0.932443883 -0.085936050 -0.350946436
vn 0.860165322 -0.047233335 -0.507823425
vn 0.858468797 -0.047200228 -0.510689205
vn -0.373049003 0.920884664 0.113163058
vn 0.198395234 0.140440870 0.970008089
vn 0.972399707 0.055056820 -0.226732347
vn 0.985146894 0.055056819 -0.162647915
vn 0.939844867 -0.022117883 0.340884770
vn 0.994875944 -0.024905828 -0.097987528
vn 0.970945525 -0.167374700 0.171027768
vn 0.984556983 -0.172071846 -0.032230831
vn 0.929529529 -0.023966177 -0.367968037
vn 0.964058528 -0.024856442 -0.264524692
vn -0.637979908 0.769769737 -0.020885152
vn -0.201632742 0.166596987 0.965188935
vn 0.993367347 0.060405755 0.097838943
vn 0.984841707 0.060405755 0.162597529
vn 0.791095741 -0.030383965 0.610937266
vn 0.973316849 -0.033907745 0.226946195
vn 0.986185653 -0.017893700 0.164674446
vn 0.956785945 -0.017967422 0.290237536
vn 0.987545767 -0.012021068 0.156872085
vn 0.935836587 -0.012189738 0.352223357
vn 0.601970583 0.125556138 -0.788585489
vn 0.816867250 0.442425463 0.370118366
vn 0.746884867 0.074881727 0.660723635
vn 0.879265055 0.077556282 0.469976581
vn 0.629617695 -0.034085038 0.776157051
vn 0.577657127 -0.033162017 0.815605618
vn -0.518772342 -0.791712380 -0.322593807
vn 0.451870403 -0.146719538 -0.879935518
vn 0.812846996 0.000111696 0.582477252
vn 0.773010634 0.000111703 0.634393055
vn 0.990020694 0.105123622 -0.093851206
vn 0.721365473 0.152161726 0.675632048
vn 0.687925281 0.132905198 0.713508946
vn 0.677532162 0.132857036 0.723394206
vn 0.461815863 -0.039238508 0.886107470
vn 0.322370919 -0.037338415 0.945876754
vn -0.011068065 -0.999847795 -0.013486484
vn 0.775729606 -0.196891902 -0.599564139
vn 0.582381201 0.018160084 0.812712956
vn 0.527981281 0.018160085 0.849061822
vn 0.772167396 0.081816011 0.630129870
vn 0.469591634 0.087422026 0.878544869
vn 0.122724161 0.005508474 0.992425532
vn 0.412700599 0.005829805 0.910848082
vn -0.460859039 -0.030961951 0.886933089
vn 0.351842373 -0.048066661 0.934824337
vn -0.551236647 -0.137992045 0.822858648
vn 0.282953692 -0.223314366 0.932774304
vn 0.629256408 0.056152692 0.775166594
vn 0.226647668 0.061447523 0.972036541
vn 0.231826194 0.063311438 0.970694740
vn 0.226965796 0.063322671 0.971841945
vn -0.161510927 0.130081250 -0.978260236
vn -0.480450706 0.121273886 -0.868596433
vn 0.097820215 -0.063484298 0.993177199
vn 0.032652853 -0.063484299 0.997448512
vn -0.028637565 -0.073184698 0.996907162
vn -0.032631135 -0.073175736 0.996785093
vn 0.727109424 0.168141171 0.665612824
vn -0.094568876 0.262940739 0.960166077
vn -0.293545203 0.052359840 0.954510168
vn -0.162665419 0.053072209 0.985252913
vn -0.864642784 -0.073215236 0.497023526
vn -0.225677704 -0.110835281 0.967876601
vn -0.220626806 -0.097753441 0.970447359
vn -0.288893584 -0.097772450 0.952355525
vn -0.016504748 -0.030219874 0.999407000
vn -0.352072258 -0.031721463 0.935435126
vn -0.110515130 0.013664409 0.993780504
vn -0.412665894 0.014218394 0.910771485
vn 0.228112604 0.038595169 0.972869494
vn -0.470808537 0.049927389 0.880821535
vn -0.914831640 -0.050927745 0.400611326
vn -0.527014211 -0.063154601 0.847506648
vn -0.736471434 -0.191564424 0.648778004
vn -0.570963445 -0.197846423 0.796779478
vn -0.240618259 -0.011743042 0.970548790
vn -0.331540134 -0.012175893 0.943362543
vn 0.286511519 0.892204861 -0.349115504
vn -0.677216685 0.178267012 -0.713861635
vn -0.682648279 0.052529396 0.728856632
vn -0.728856632 0.052529396 0.682648279
vn -0.970784934 -0.045000779 0.235693747
vn -0.772014934 -0.050739670 0.633575905
vn -0.749450541 -0.231269729 -0.620353286
vn -0.556259903 -0.729167460 0.398609753
vn -0.531637743 0.000139428 0.846971836
vn -0.849201852 0.000152701 0.528068358
vn 0.204056851 0.127420459 0.970631149
vn -0.815229829 0.381474870 0.435749068
vn -0.984462337 0.060755201 0.164750458
vn -0.909030932 0.063402591 0.411877258
vn -0.996694933 -0.044383329 0.068039192
vn -0.934880736 -0.046797612 0.351863600
vn -0.853772283 -0.016135110 0.520396529
vn -0.956809751 -0.016525189 0.290244757
vn -0.624550585 0.011350947 0.780901865
vn -0.973780254 0.014084947 0.227054246
vn -0.611559440 0.107523719 0.783858215
vn -0.976739315 0.141334995 0.161259822
vn -0.994434411 0.098099766 0.038427048
vn -0.990348798 0.098462617 0.097541639
vn -0.994261640 -0.047399319 -0.095901493
vn -0.998312644 -0.047998001 0.032681141
vn -0.931955219 0.000000000 0.362573399
vn 0.000000000 -1.000000000 0.000000000
vn 0.907681755 0.014529676 0.419407583
vn 0.907681698 0.014529641 0.419407707
vn 0.902649559 0.106140811 0.417082609
vn 0.902649640 0.106140862 0.417082421
vn 0.903615070 0.095652735 0.417528873
vn 0.903615118 0.095652771 0.417528760
vn -0.869996936 0.285491469 -0.401994966
vn -0.869996975 0.285491119 -0.401995129
vn -0.904124134 -0.089625392 -0.417764096
vn -0.904124195 -0.089625354 -0.417763971
vn -0.902385489 -0.108830545 -0.416960840
vn -0.902385534 -0.108830520 -0.416960750
vn -0.907665927 -0.015676466 -0.419400541
vn -0.907665848 -0.015676517 -0.419400710
vn 0.309017807 0.000000002 -0.951056252
vn 0.309018444 0.000000152 -0.951056045
vn 0.309016413 0.000000016 -0.951056705
vn 0.309016646 -0.000000066 -0.951056630
vn 0.309016547 -0.000000031 -0.951056662
vn 0.309017298 0.000000030 -0.951056418
vn -0.523986097 -0.000000053 0.851726816
vn -0.523985965 0.000000015 0.851726898
vn -0.523985230 0.000000086 0.851727350
vn -0.523984796 0.000000011 0.851727617
vn -0.523987640 -0.000000259 0.851725868
vn -0.523985045 0.000000109 0.851727464
vn 0.783610684 0.014529639 0.621082269
vn 0.783610759 0.014529671 0.621082174
vn 0.779266422 0.106140855 0.617639023
vn 0.779266410 0.106140850 0.617639039
vn 0.780099977 0.095652775 0.618299744
vn 0.780100002 0.095652787 0.618299710
vn -0.751077249 0.285491120 -0.595296385
vn -0.751077248 0.285490657 -0.595296608
vn -0.780539522 -0.089625358 -0.618648002
vn -0.780539577 -0.089625334 -0.618647935
vn -0.779038582 -0.108830519 -0.617458344
vn -0.779038568 -0.108830524 -0.617458360
vn -0.783597215 -0.015676505 -0.621071374
vn -0.783597167 -0.015676526 -0.621071434
vn 0.523986097 0.000000011 -0.851726816
vn 0.523985230 -0.000000086 -0.851727350
vn 0.523984698 0.000000027 -0.851727677
vn 0.523985965 -0.000000015 -0.851726898
vn 0.523984968 -0.000000078 -0.851727511
vn 0.523986326 0.000000044 -0.851726676
vn -0.709570110 0.000000022 0.704634841
vn -0.709570980 -0.000000052 0.704633965
vn -0.709568651 0.000000293 0.704636310
vn -0.709571465 -0.000000059 0.704633476
vn -0.709570216 0.000000099 0.704634734
vn -0.709571379 -0.000000100 0.704633563
vn 0.615596407 0.014529660 0.787927632
vn 0.615596560 0.014529710 0.787927511
vn 0.612183823 0.106140856 0.783559241
vn 0.612183594 0.106140783 0.783559431
vn 0.612838604 0.095652784 0.784397470
vn 0.612838674 0.095652810 0.784397412
vn -0.590038597 0.285490688 -0.755214884
vn -0.590038613 0.285490828 -0.755214819
vn -0.613183777 -0.089625340 -0.784839444
vn -0.613183819 -0.089625326 -0.784839414
vn -0.612004598 -0.108830516 -0.783330256
vn -0.612004644 -0.108830502 -0.783330223
vn -0.615585755 -0.015676528 -0.787913971
vn -0.615585776 -0.015676520 -0.787913954
vn 0.709570110 0.000000031 -0.704634841
vn 0.709568651 -0.000000293 -0.704636310
vn 0.709571567 0.000000011 -0.704633374
vn 0.709570980 0.000000052 -0.704633965
vn 0.709571413 0.000000083 -0.704633528
vn 0.709570805 0.000000017 -0.704634141
vn -0.855364592 -0.000000019 0.518026461
vn -0.855363946 0.000000071 0.518027528
vn -0.855365499 -0.000000249 0.518024963
vn -0.855364566 -0.000000017 0.518026504
vn -0.855363800 0.000000110 0.518027770
vn -0.855364507 -0.000000055 0.518026601
vn 0.413060906 0.014529709 0.910587489
vn 0.413060609 0.014529625 0.910587625
vn 0.410770879 0.106140786 0.905539297
vn 0.410770933 0.106140800 0.905539271
vn 0.411210069 0.095652813 0.906508035
vn 0.411210273 0.095652879 0.906507936
vn -0.395911335 0.285490769 -0.872782468
vn -0.395911413 0.285491122 -0.872782317
vn -0.411441966 -0.089625320 -0.907018638
vn -0.411441606 -0.089625428 -0.907018791
vn -0.410650828 -0.108830507 -0.905274443
vn -0.410650775 -0.108830521 -0.905274466
vn -0.413053705 -0.015676518 -0.910571734
vn -0.413053773 -0.015676498 -0.910571704
vn 0.855364592 0.000000017 -0.518026461
vn 0.855365499 0.000000249 -0.518024963
vn 0.855364564 0.000000018 -0.518026507
vn 0.855363946 -0.000000071 -0.518027528
vn 0.855364528 0.000000041 -0.518026567
vn 0.855364158 -0.000000014 -0.518027178
vn -0.953190473 0.000000026 0.302370506
vn -0.953190627 0.000000038 0.302370019
vn -0.953190526 0.000000051 0.302370336
vn -0.953190736 -0.000000010 0.302369676
vn -0.953190854 -0.000000067 0.302369305
vn -0.953190730 -0.000000017 0.302369696
vn 0.187361487 0.014529622 0.982183569
vn 0.187361619 0.014529657 0.982183543
vn 0.186322680 0.106140800 0.976738445
vn 0.186322771 0.106140823 0.976738425
vn 0.186522205 0.095652886 0.977783203
vn 0.186521987 0.095652821 0.977783251
vn -0.179582945 0.285491106 -0.941405754
vn -0.179582853 0.285490812 -0.941405861
vn -0.186627135 -0.089625425 -0.978334092
vn -0.186627402 -0.089625351 -0.978334048
vn -0.186268348 -0.108830522 -0.976452774
vn -0.186268257 -0.108830545 -0.976452789
vn -0.187358161 -0.015676502 -0.982166568
vn -0.187358307 -0.015676462 -0.982166540
vn 0.953190473 -0.000000003 -0.302370506
vn 0.953190526 -0.000000051 -0.302370336
vn 0.953190756 -0.000000012 -0.302369614
vn 0.953190627 -0.000000038 -0.302370019
vn 0.953190726 0.000000021 -0.302369708
vn 0.953190791 0.000000038 -0.302369503
vn -0.997564041 0.000000003 0.069756609
vn -0.997564047 0.000000004 0.069756522
vn -0.997564039 0.000000016 0.069756631
vn -0.997564053 -0.000000004 0.069756437
vn -0.997564037 0.000000024 0.069756669
vn -0.997564053 -0.000000004 0.069756436
vn -0.048844600 0.014529656 0.998700703
vn -0.048844614 0.014529653 0.998700702
vn -0.048573746 0.106140824 0.993163993
vn -0.048573810 0.106140808 0.993163991
vn -0.048625613 0.095652821 0.994226376
vn -0.048625705 0.095652795 0.994226374
vn 0.046816686 0.285490811 -0.957237272
vn 0.046816546 0.285491170 -0.957237172
vn 0.048653283 -0.089625352 -0.994786487
vn 0.048653149 -0.089625315 -0.994786497
vn 0.048559483 -0.108830545 -0.992873551
vn 0.048559724 -0.108830605 -0.992873533
vn 0.048843651 -0.015676462 -0.998683406
vn 0.048843631 -0.015676457 -0.998683407
vn 0.997564041 0.000000002 -0.069756609
vn 0.997564039 -0.000000016 -0.069756631
vn 0.997564054 0.000000000 -0.069756424
vn 0.997564047 -0.000000004 -0.069756522
vn 0.997564053 0.000000002 -0.069756429
vn 0.997564045 -0.000000008 -0.069756551
vn -0.985995911 -0.000000027 -0.166769491
vn -0.985996086 0.000000038 -0.166768458
vn -0.985996218 0.000000111 -0.166767675
vn -0.985996032 0.000000003 -0.166768777
vn -0.985996072 0.000000026 -0.166768543
vn -0.985996034 -0.000000001 -0.166768763
vn -0.282311822 0.014529653 0.959212659
vn -0.282311603 0.014529712 0.959212722
vn -0.280746499 0.106140809 0.953894927
vn -0.280746710 0.106140755 0.953894871
vn -0.281046865 0.095652798 0.954915285
vn -0.281046811 0.095652814 0.954915300
vn 0.270590887 0.285491146 -0.919388589
vn 0.270590776 0.285491395 -0.919388544
vn 0.281205072 -0.089625319 -0.955453301
vn 0.281205293 -0.089625383 -0.955453230
vn 0.280664542 -0.108830600 -0.953615916
vn 0.280664322 -0.108830543 -0.953615987
vn 0.282306891 -0.015676453 -0.959196053
vn 0.282306869 -0.015676447 -0.959196060
vn 0.985995911 0.000000007 0.166769491
vn 0.985996218 -0.000000111 0.166767675
vn 0.985996041 0.000000015 0.166768723
vn 0.985996086 -0.000000038 0.166768458
vn 0.985996033 -0.000000001 0.166768770
vn 0.985996053 -0.000000010 0.166768655
vn -0.919135472 0.000000019 -0.393941599
vn -0.919135474 0.000000038 -0.393941596
vn -0.919136054 0.000000167 -0.393940241
vn -0.919135042 -0.000000027 -0.393942602
vn -0.919135417 0.000000018 -0.393941728
vn -0.919135102 -0.000000078 -0.393942462
vn -0.499947176 0.014529708 0.865934009
vn -0.499947131 0.014529721 0.865934035
vn -0.497175565 0.106140752 0.861133322
vn -0.497175514 0.106140767 0.861133350
vn -0.497707474 0.095652814 0.862054412
vn -0.497707385 0.095652844 0.862054460
vn 0.479190671 0.285491364 -0.829982519
vn 0.479190761 0.285491176 -0.829982532
vn 0.497987729 -0.089625383 -0.862540151
vn 0.497987804 -0.089625407 -0.862540105
vn 0.497030284 -0.108830535 -0.860881415
vn 0.497030116 -0.108830486 -0.860881518
vn 0.499938422 -0.015676450 -0.865919063
vn 0.499938684 -0.015676532 -0.865918910
vn 0.919135472 0.000000011 0.393941599
vn 0.919136054 -0.000000167 0.393940241
vn 0.919135010 0.000000000 0.393942678
vn 0.919135474 -0.000000038 0.393941596
vn 0.919135093 0.000000070 0.393942484
vn 0.919135258 0.000000038 0.393942100
vn -0.800731468 0.000000019 -0.599023468
vn -0.800731678 0.000000034 -0.599023187
vn -0.800729628 -0.000000291 -0.599025928
vn -0.800731438 0.000000017 -0.599023508
vn -0.800732618 0.000000252 -0.599021932
vn -0.800731441 0.000000015 -0.599023505
vn -0.689546771 0.014529725 0.724095393
vn -0.689546813 0.014529710 0.724095353
vn -0.685723961 0.106140774 0.720081097
vn -0.685723986 0.106140765 0.720081074
vn -0.686457375 0.095652842 0.720851446
vn -0.686457471 0.095652804 0.720851359
vn 0.660918504 0.285491134 -0.694032812
vn 0.660918355 0.285491445 -0.694032826
vn 0.686844278 -0.089625399 -0.721257392
vn 0.686844197 -0.089625368 -0.721257473
vn 0.685523376 -0.108830495 -0.719870561
vn 0.685523499 -0.108830538 -0.719870437
vn 0.689534794 -0.015676536 -0.724082878
vn 0.689534750 -0.015676520 -0.724082920
vn 0.800731468 -0.000000018 0.599023468
vn 0.800729628 0.000000291 0.599025928
vn 0.800731436 -0.000000018 0.599023511
vn 0.800731678 -0.000000034 0.599023187
vn 0.800731406 -0.000000035 0.599023552
vn 0.800732022 -0.000000114 0.599022728
vn -0.637424492 -0.000000016 -0.770512827
vn -0.637422872 -0.000000142 -0.770514168
vn -0.637423624 -0.000000030 -0.770513545
vn -0.637424525 -0.000000014 -0.770512800
vn -0.637421924 -0.000000314 -0.770514952
vn -0.637424342 0.000000065 -0.770512951
vn 0.000000000 1.000000000 0.000000000
vn -0.382683272 0.000000000 -0.923879599
vn -0.923879132 0.000000000 -0.382684398
vn -0.923879132 0.000000000 0.382684398
vn -0.382683272 0.000000000 0.923879599
vn 0.382683272 0.000000000 0.923879599
vn 0.923879132 0.000000000 0.382684398
vn 0.923879132 0.000000000 -0.382684398
vn 0.382683272 0.000000000 -0.923879599
vn -0.015988269 -0.999859221 -0.005090494
vn -0.015987253 -0.999859235 -0.005090951
vn -0.015987532 -0.999859229 -0.005091230
vn 0.015982815 0.999859326 0.005086929
vn 0.015985553 0.999859266 0.005090247
vn 0.015982808 0.999859327 0.005086946
vn 0.015985536 0.999859266 0.005090240
vn 0.015982815 0.999859310 0.005090247
vn 0.015982808 0.999859310 0.005090240
vn -0.382636131 0.010821894 -0.923835742
vn -0.382636157 0.010821894 -0.923835731
vn -0.923758521 0.016718496 -0.382610359
vn -0.923758264 0.012821586 0.382761383
vn -0.923757895 0.012821567 0.382762273
vn -0.382635499 0.001414109 0.923898304
vn -0.382635507 0.001414110 0.923898300
vn 0.382636131 -0.010821893 0.923835742
vn 0.382633971 -0.010821840 0.923836637
vn 0.923758521 -0.016718494 0.382610359
vn 0.923758264 -0.012821576 -0.382761383
vn 0.923758271 -0.012821576 -0.382761368
vn 0.382635499 -0.001414087 -0.923898304
vn 0.382635507 -0.001414087 -0.923898300
vn -0.013123477 -0.999879169 -0.008331956
vn -0.013123956 -0.999879155 -0.008332849
vn -0.013123270 -0.999879170 -0.008332163
vn 0.013121453 0.999879015 0.008353577
vn 0.013120966 0.999879228 0.008328838
vn 0.013121453 0.999879222 0.008328838
vn -0.382651574 0.012720476 -0.923805154
vn -0.382651695 0.012720476 -0.923805104
vn -0.923798936 0.015312514 -0.382571630
vn -0.923798921 0.015312514 -0.382571666
vn -0.923798438 0.008934638 0.382774893
vn -0.923798451 0.008934639 0.382774861
vn -0.382653497 -0.002676898 0.923888053
vn -0.382653513 -0.002676897 0.923888047
vn 0.382651574 -0.012720475 0.923805154
vn 0.382651695 -0.012720477 0.923805104
vn 0.923798936 -0.015312513 0.382571630
vn 0.923798921 -0.015312513 0.382571666
vn 0.923798438 -0.008934638 -0.382774893
vn 0.923798451 -0.008934638 -0.382774861
vn 0.382653497 0.002676898 -0.923888053
vn 0.382653513 0.002676897 -0.923888047
vn -0.002393974 -0.999853168 -0.016967944
vn -0.002396064 -0.999853139 -0.016969345
vn -0.002394319 -0.999853173 -0.016967600
vn 0.002396115 0.999853023 0.016976161
vn 0.002383288 0.999853166 0.016969598
vn 0.002396115 0.999853135 0.016969598
vn -0.382688420 0.016592763 -0.923728452
vn -0.382688460 0.016592762 -0.923728436
vn -0.923878985 0.008705334 -0.382585727
vn -0.923879002 0.008705333 -0.382585685
vn -0.923880536 -0.004281318 0.382657061
vn -0.923880531 -0.004281318 0.382657071
vn -0.382682537 -0.014760335 0.923761987
vn -0.382682607 -0.014760334 0.923761958
vn 0.382688420 -0.016592764 0.923728452
vn 0.382688460 -0.016592764 0.923728436
vn 0.923878985 -0.008705333 0.382585727
vn 0.923879002 -0.008705333 0.382585685
vn 0.923880536 0.004281318 -0.382657061
vn 0.923880531 0.004281318 -0.382657071
vn 0.382682537 0.014760333 -0.923761987
vn 0.382682607 0.014760334 -0.923761958
vn 0.007442126 -0.999827226 -0.017033276
vn 0.007442929 -0.999827211 -0.017033828
vn 0.007442804 -0.999827210 -0.017033954
vn -0.007443335 0.999827281 0.017029503
vn -0.007444868 0.999827163 0.017035797
vn -0.007443335 0.999827174 0.017035797
vn -0.382672322 0.012889589 -0.923794215
vn -0.382672307 0.012889589 -0.923794222
vn -0.923853213 -0.000356494 -0.382746801
vn -0.923852509 -0.013393839 0.382514244
vn -0.923852515 -0.013393838 0.382514229
vn -0.382673541 -0.018585150 0.923696678
vn -0.382673497 -0.018585151 0.923696696
vn 0.382672322 -0.012889589 0.923794215
vn 0.382672307 -0.012889589 0.923794222
vn 0.923853213 0.000356494 0.382746801
vn 0.923852509 0.013393838 -0.382514244
vn 0.923852515 0.013393838 -0.382514229
vn 0.382673541 0.018585150 -0.923696678
vn 0.382673497 0.018585150 -0.923696696
vn 0.004136694 -0.999861874 -0.016097245
vn 0.004134236 -0.999861881 -0.016097409
vn 0.004135546 -0.999861897 -0.016096098
vn -0.004137578 0.999861943 0.016092687
vn -0.004123949 0.999861989 0.016093354
vn -0.004137578 0.999861933 0.016093353
vn -0.382679472 0.013288826 -0.923785597
vn -0.382679488 0.013288826 -0.923785590
vn -0.923872207 0.002339323 -0.382693968
vn -0.923872200 0.002339323 -0.382693985
vn -0.923870748 -0.009980512 0.382574476
vn -0.923870753 -0.009980512 0.382574464
vn -0.382679439 -0.016453881 0.923734657
vn -0.382679400 -0.016453881 0.923734673
vn 0.382679472 -0.013288825 0.923785597
vn 0.382679488 -0.013288825 0.923785590
vn 0.923872207 -0.002339323 0.382693968
vn 0.923872200 -0.002339323 0.382693985
vn 0.923870748 0.009980512 -0.382574476
vn 0.923870753 0.009980512 -0.382574464
vn 0.382679439 0.016453882 -0.923734657
vn 0.382679400 0.016453882 -0.923734673
vn 0.000000591 -0.999712116 -0.023993446
vn -0.000000591 -0.999712116 -0.023993446
vn 0.000000000 -0.999712130 -0.023992856
vn 0.000000000 0.999712150 0.023992021
vn 0.000000000 0.999712188 0.023990431
vn -0.382682211 0.022166672 -0.923614077
vn -0.923879532 0.009181731 -0.382573269
vn -0.923879523 0.009181732 -0.382573290
vn -0.923879532 -0.009181731 0.382573269
vn -0.923879523 -0.009181732 0.382573290
vn -0.382682211 -0.022166671 0.923614077
vn 0.382682211 -0.022166671 0.923614077
vn 0.923879532 -0.009181731 0.382573269
vn 0.923879523 -0.009181731 0.382573290
vn 0.923879532 0.009181731 -0.382573269
vn 0.923879523 0.009181732 -0.382573290
vn 0.382682211 0.022166672 -0.923614077
vn 0.003344664 -0.999813927 -0.018998009
vn 0.003344553 -0.999813931 -0.018997839
vn 0.003344523 -0.999813930 -0.018997869
vn -0.003344573 0.999813932 0.018997790
vn -0.003334387 0.999814042 0.018993744
vn -0.003334364 0.999814043 0.018993744
vn -0.003344573 0.999814008 0.018993743
vn -0.382686176 0.016272488 -0.923735079
vn -0.923873653 0.004181100 -0.382674787
vn -0.923874546 0.004181034 -0.382672631
vn -0.923874033 -0.010359668 0.382556464
vn -0.923874939 -0.010359607 0.382554278
vn -0.382682170 -0.018831802 0.923688108
vn 0.382686176 -0.016272487 0.923735080
vn 0.923873652 -0.004181078 0.382674787
vn 0.923873640 -0.004181078 0.382674817
vn 0.923874033 0.010359669 -0.382556464
vn 0.382682170 0.018831803 -0.923688108
vn 0.008242690 -0.999861890 -0.014431174
vn 0.008244976 -0.999861880 -0.014430577
vn 0.008243535 -0.999861871 -0.014432019
vn -0.008241630 0.999861887 0.014431962
vn -0.008248133 0.999861873 0.014429270
vn -0.008241630 0.999861926 0.014429270
vn -0.382676394 0.010179181 -0.923826370
vn -0.382676370 0.010179182 -0.923826380
vn -0.923848398 -0.002092272 -0.382752870
vn -0.923848568 -0.013138158 0.382532629
vn -0.923848549 -0.013138159 0.382532676
vn -0.382672429 -0.016487921 0.923736954
vn -0.382672449 -0.016487921 0.923736946
vn 0.382676394 -0.010179181 0.923826370
vn 0.382676370 -0.010179181 0.923826380
vn 0.923848398 0.002092272 0.382752870
vn 0.923848568 0.013138159 -0.382532629
vn 0.923848549 0.013138159 -0.382532676
vn 0.382672429 0.016487922 -0.923736954
vn 0.382672448 0.016487922 -0.923736946
vn 0.006993717 -0.999831570 -0.016968195
vn 0.006991628 -0.999831582 -0.016968362
vn 0.006992756 -0.999831593 -0.016967234
vn -0.006994093 0.999831211 0.016989178
vn -0.006976142 0.999831769 0.016963690
vn -0.006994093 0.999831644 0.016963687
vn -0.382674775 0.013000945 -0.923791639
vn -0.382674898 0.013000942 -0.923791588
vn -0.923857547 0.000033923 -0.382736503
vn -0.923857547 0.000033923 -0.382736504
vn -0.923856253 -0.012952961 0.382520384
vn -0.923856266 -0.012952961 0.382520354
vn -0.382680056 -0.018352174 0.923698637
vn -0.382680186 -0.018352173 0.923698583
vn 0.382674775 -0.013000944 0.923791639
vn 0.382674898 -0.013000943 0.923791588
vn 0.923857547 -0.000033923 0.382736503
vn 0.923857547 -0.000033923 0.382736504
vn 0.923856253 0.012952962 -0.382520384
vn 0.923856266 0.012952962 -0.382520354
vn 0.382680056 0.018352172 -0.923698637
vn 0.382680186 0.018352174 -0.923698583
vn -0.009267947 -0.999908685 -0.009835006
vn -0.009265938 -0.999908717 -0.009833661
vn -0.009267615 -0.999908685 -0.009835338
vn 0.009267221 0.999908641 0.009840105
vn 0.009278607 0.999908616 0.009831976
vn 0.009267221 0.999908721 0.009831977
vn -0.382664667 0.012633202 -0.923800928
vn -0.382664682 0.012633202 -0.923800922
vn -0.923840895 0.012325513 -0.382578204
vn -0.923840865 0.012325514 -0.382578277
vn -0.923841361 0.004797765 0.382745504
vn -0.923841359 0.004797765 0.382745510
vn -0.382664103 -0.005540572 0.923870925
vn -0.382664110 -0.005540572 0.923870922
vn 0.382664667 -0.012633201 0.923800928
vn 0.382664682 -0.012633201 0.923800922
vn 0.923840895 -0.012325514 0.382578204
vn 0.923840865 -0.012325513 0.382578277
vn 0.923841361 -0.004797765 -0.382745504
vn 0.923841359 -0.004797765 -0.382745510
vn 0.382664103 0.005540573 -0.923870925
vn 0.382664110 0.005540573 -0.923870922
vn -0.016097057 -0.999861135 -0.004312257
vn -0.016095809 -0.999861155 -0.004312359
vn -0.016096382 -0.999861143 -0.004312932
vn 0.016093646 0.999861198 0.004310482
vn 0.016092949 0.999861194 0.004313947
vn 0.016093640 0.999861197 0.004310526
vn 0.016092964 0.999861194 0.004313941
vn 0.016093646 0.999861183 0.004313947
vn 0.016093640 0.999861183 0.004313941
vn -0.382636571 0.010145071 -0.923843240
vn -0.382636583 0.010145071 -0.923843235
vn -0.923759711 0.016521746 -0.382616033
vn -0.923759727 0.016521746 -0.382615994
vn -0.923759995 0.013220242 0.382743643
vn -0.923760370 0.013220260 0.382742738
vn -0.382636746 0.002174575 0.923896310
vn -0.382632382 0.002174459 0.923898118
vn 0.382636571 -0.010145090 0.923843240
vn 0.382632211 -0.010144989 0.923845047
vn 0.923759711 -0.016521745 0.382616033
vn 0.923760102 -0.016521756 0.382615089
vn 0.923759995 -0.013220257 -0.382743643
vn 0.923760370 -0.013220259 -0.382742738
vn 0.382636747 -0.002174556 -0.923896310
vn 0.382634568 -0.002174536 -0.923897212
vn -0.012877218 -0.999917085 0.000000431
vn -0.012877218 -0.999917085 -0.000000431
vn -0.012876787 -0.999917091 0.000000000
vn 0.012877039 0.999917087 0.000000000
vn 0.012879525 0.999917055 -0.000000000
vn -0.382653445 0.004927697 -0.923878812
vn -0.923802188 0.011896449 -0.382685238
vn -0.923802182 0.011896449 -0.382685252
vn -0.923802188 0.011896449 0.382685238
vn -0.923802182 0.011896449 0.382685252
vn -0.382653445 0.004927697 0.923878812
vn 0.382653445 -0.004927697 0.923878812
vn 0.923802188 -0.011896450 0.382685238
vn 0.923802182 -0.011896449 0.382685252
vn 0.923802188 -0.011896449 -0.382685238
vn 0.923802182 -0.011896450 -0.382685252
vn 0.382653445 -0.004927697 -0.923878812
vn 0.007984092 -0.999955164 0.005091604
vn 0.007983077 -0.999955176 0.005090818
vn 0.007983978 -0.999955164 0.005091719
vn -0.007985834 0.999955171 -0.005087434
vn -0.007979496 0.999955205 -0.005090735
vn -0.007985834 0.999955171 -0.005087400
vn -0.007985834 0.999955154 -0.005090735
vn -0.382670912 -0.007759005 -0.923852137
vn -0.382670885 -0.007759004 -0.923852148
vn -0.923849296 -0.009324155 -0.382642835
vn -0.923848925 -0.009324147 -0.382643729
vn -0.923848975 -0.005427290 0.382718717
vn -0.923848980 -0.005427290 0.382718704
vn -0.382671608 0.001648769 0.923882959
vn 0.382670912 0.007759049 0.923852137
vn 0.382673071 0.007759040 0.923851242
vn 0.923849296 0.009324155 0.382642835
vn 0.923848925 0.009324165 0.382643729
vn 0.923848975 0.005427289 -0.382718717
vn 0.923848980 0.005427290 -0.382718704
vn 0.382671608 -0.001648746 -0.923882959
vn 0.382669422 -0.001648791 -0.923883865
vn 0.014296632 -0.999863090 0.008331171
vn 0.014297111 -0.999863064 0.008333366
vn 0.014295774 -0.999863095 0.008332029
vn -0.014297110 0.999862897 -0.008353443
vn -0.014299242 0.999863073 -0.008328703
vn -0.014297110 0.999863103 -0.008328704
vn -0.382644826 -0.013169442 -0.923801658
vn -0.382644920 -0.013169444 -0.923801619
vn -0.923784977 -0.016396421 -0.382560418
vn -0.923784945 -0.016396420 -0.382560495
vn -0.923785573 -0.010018619 0.382779105
vn -0.923785578 -0.010018619 0.382779093
vn -0.382644673 0.002227970 0.923892900
vn -0.382644691 0.002227970 0.923892892
vn 0.382644826 0.013169442 0.923801658
vn 0.382644920 0.013169442 0.923801619
vn 0.923784977 0.016396420 0.382560418
vn 0.923784945 0.016396421 0.382560495
vn 0.923785573 0.010018618 -0.382779105
vn 0.923785578 0.010018618 -0.382779093
vn 0.382644673 -0.002227970 -0.923892900
vn 0.382644691 -0.002227969 -0.923892892
vn 0.011032479 -0.999795171 0.016967644
vn 0.011034114 -0.999795155 0.016967489
vn 0.011033374 -0.999795176 0.016966749
vn -0.011037486 0.999794980 -0.016975630
vn -0.011033483 0.999795143 -0.016968613
vn -0.011037486 0.999795099 -0.016968613
vn -0.382658380 -0.019898303 -0.923675604
vn -0.923821958 -0.016685679 -0.382458596
vn -0.923821966 -0.016685679 -0.382458576
vn -0.923821933 -0.003698677 0.382804591
vn -0.923821932 -0.003698677 0.382804596
vn -0.382656276 0.011454888 0.923819766
vn -0.382656357 0.011454888 0.923819732
vn 0.382658380 0.019898300 0.923675604
vn 0.923821958 0.016685678 0.382458596
vn 0.923821966 0.016685677 0.382458576
vn 0.923821933 0.003698677 -0.382804591
vn 0.923821932 0.003698677 -0.382804596
vn 0.382656276 -0.011454890 -0.923819766
vn 0.382656357 -0.011454887 -0.923819732
vn -0.002829500 -0.999850937 0.017032250
vn -0.002832993 -0.999850915 0.017032972
vn -0.002831608 -0.999850895 0.017034357
vn 0.002828624 0.999850976 -0.017030134
vn 0.002838812 0.999850845 -0.017036106
vn 0.002828624 0.999850874 -0.017036107
vn -0.382681173 -0.014653988 -0.923764245
vn -0.382681104 -0.014653988 -0.923764274
vn -0.923874780 -0.003903152 -0.382675000
vn -0.923874788 -0.003903152 -0.382674981
vn -0.923875375 0.009134172 0.382584447
vn -0.382675079 0.016820780 0.923729855
vn 0.382681173 0.014653987 0.923764245
vn 0.382681104 0.014653988 0.923764274
vn 0.923874780 0.003903152 0.382675000
vn 0.923874788 0.003903152 0.382674981
vn 0.923875375 -0.009134172 -0.382584447
vn 0.382675079 -0.016820780 -0.923729855
vn -0.004147912 -0.999861822 0.016097554
vn -0.004145454 -0.999861840 0.016097099
vn -0.004146455 -0.999861852 0.016096097
vn 0.004148668 0.999861897 -0.016092686
vn 0.004151153 0.999861876 -0.016093352
vn 0.004148668 0.999861887 -0.016093352
vn -0.382679581 -0.013284738 -0.923785610
vn -0.382679597 -0.013284738 -0.923785604
vn -0.923870669 -0.002329524 -0.382697741
vn -0.923870668 -0.002329524 -0.382697744
vn -0.923872193 0.009990324 0.382570731
vn -0.923872174 0.009990324 0.382570778
vn -0.382679266 0.016457968 0.923734656
vn -0.382679227 0.016457968 0.923734672
vn 0.382679581 0.013284740 0.923785610
vn 0.382679597 0.013284739 0.923785604
vn 0.923870669 0.002329524 0.382697741
vn 0.923870668 0.002329524 0.382697744
vn 0.923872193 -0.009990324 -0.382570731
vn 0.923872174 -0.009990325 -0.382570778
vn 0.382679266 -0.016457967 -0.923734656
vn 0.382679227 -0.016457967 -0.923734672
vn -0.000000591 -0.999712116 0.023993446
vn 0.000000591 -0.999712116 0.023993446
vn 0.000000000 -0.999712130 0.023992856
vn 0.000000000 0.999712150 -0.023992021
vn 0.000000000 0.999712188 -0.023990431
vn -0.382682211 -0.022166671 -0.923614077
vn -0.923879532 -0.009181731 -0.382573269
vn -0.923879523 -0.009181731 -0.382573290
vn -0.923879532 0.009181731 0.382573269
vn -0.923879523 0.009181732 0.382573290
vn -0.382682211 0.022166672 0.923614077
vn 0.382682211 0.022166672 0.923614077
vn 0.923879532 0.009181731 0.382573269
vn 0.923879523 0.009181732 0.382573290
vn 0.923879532 -0.009181731 -0.382573269
vn 0.923879523 -0.009181732 -0.382573290
vn 0.382682211 -0.022166671 -0.923614077
vn -0.000762644 -0.999819236 0.018997749
vn -0.000762533 -0.999819225 0.018998301
vn -0.000762865 -0.999819231 0.018997969
vn 0.000765475 0.999819485 -0.018984507
vn 0.000749869 0.999819214 -0.018999388
vn 0.000749864 0.999819214 -0.018999388
vn 0.000765475 0.999819202 -0.018999388
vn -0.382684429 -0.017260240 -0.923717875
vn -0.382684388 -0.017260240 -0.923717892
vn -0.923879521 -0.006565569 -0.382627135
vn -0.923879511 -0.006565570 -0.382627159
vn -0.923879396 0.007975110 0.382600653
vn -0.923879415 0.007975109 0.382600606
vn -0.382687815 0.017844067 0.923705378
vn -0.382687689 0.017844067 0.923705431
vn 0.382684429 0.017260241 0.923717875
vn 0.382684388 0.017260241 0.923717892
vn 0.923879521 0.006565546 0.382627136
vn 0.923878605 0.006565612 0.382629345
vn 0.923879396 -0.007975110 -0.382600653
vn 0.923878510 -0.007975172 -0.382602792
vn 0.382687815 -0.017844066 -0.923705378
vn 0.382687689 -0.017844068 -0.923705430
vn -0.007606104 -0.999866939 0.014430940
vn -0.007606024 -0.999866905 0.014433324
vn -0.007607256 -0.999866913 0.014432092
vn 0.007609330 0.999866898 -0.014432035
vn 0.007605595 0.999866966 -0.014429343
vn 0.007609330 0.999866937 -0.014429343
vn -0.382679652 -0.010422777 -0.923822304
vn -0.382679676 -0.010422777 -0.923822294
vn -0.923853227 0.001504152 -0.382743979
vn -0.923853229 0.001504152 -0.382743974
vn -0.923854426 0.012549999 0.382538230
vn -0.923854420 0.012549999 0.382538245
vn -0.382672693 0.016244308 0.923741161
vn -0.382672655 0.016244308 0.923741177
vn 0.382679652 0.010422778 0.923822304
vn 0.382679676 0.010422777 0.923822294
vn 0.923853227 -0.001504152 0.382743979
vn 0.923853229 -0.001504152 0.382743974
vn 0.923854426 -0.012549999 -0.382538230
vn 0.923854420 -0.012549999 -0.382538245
vn 0.382672693 -0.016244307 -0.923741161
vn 0.382672655 -0.016244308 -0.923741177
vn -0.014195082 -0.999755302 0.016965717
vn -0.014193447 -0.999755286 0.016968063
vn -0.014195437 -0.999755291 0.016966072
vn 0.014198908 0.999755091 -0.016974953
vn 0.014193750 0.999755283 -0.016967937
vn 0.014198908 0.999755210 -0.016967936
vn -0.382637427 -0.010245287 -0.923841779
vn -0.382637500 -0.010245286 -0.923841749
vn -0.923786938 0.006619225 -0.382849682
vn -0.923786949 0.019606074 0.382404595
vn -0.923786968 0.019606074 0.382404549
vn -0.382642387 0.021107979 0.923655378
vn 0.382637427 0.010245288 0.923841779
vn 0.382637500 0.010245285 0.923841749
vn 0.923786938 -0.006619225 0.382849682
vn 0.923786949 -0.019606076 -0.382404595
vn 0.923786968 -0.019606075 -0.382404549
vn 0.382642387 -0.021107982 -0.923655378
vn 0.000152173 -0.999951628 0.009834552
vn 0.000150257 -0.999951623 0.009835052
vn 0.000150965 -0.999951616 0.009835760
vn -0.000149725 0.999951570 -0.009840462
vn -0.000147264 0.999951650 -0.009832426
vn -0.000149725 0.999951649 -0.009832426
vn -0.382681360 -0.009144611 -0.923835133
vn -0.382681382 -0.009144611 -0.923835124
vn -0.923878899 -0.003903291 -0.382665055
vn -0.923878897 -0.003903291 -0.382665060
vn -0.923879065 0.003624547 0.382667396
vn -0.923879060 0.003624547 0.382667409
vn -0.382683704 0.009029144 0.923835298
vn 0.382681360 0.009144611 0.923835133
vn 0.382681382 0.009144611 0.923835124
vn 0.923878899 0.003903292 0.382665055
vn 0.923878897 0.003903292 0.382665060
vn 0.923879065 -0.003624547 -0.382667396
vn 0.923879060 -0.003624547 -0.382667409
vn 0.382683704 -0.009029143 -0.923835298
vn 0.013621889 -0.999897915 0.004313148
vn 0.013620621 -0.999897938 0.004311765
vn 0.013621946 -0.999897915 0.004313091
vn -0.013620149 0.999897950 -0.004310684
vn -0.013629631 0.999897806 -0.004314099
vn -0.013620155 0.999897950 -0.004310641
vn -0.013629617 0.999897806 -0.004314105
vn -0.013620149 0.999897935 -0.004314100
vn -0.013620155 0.999897935 -0.004314106
vn -0.382647838 -0.009198051 -0.923848488
vn -0.382643466 -0.009197961 -0.923850299
vn -0.923795260 -0.014235492 -0.382622096
vn -0.923795628 -0.014235501 -0.382621207
vn -0.923795473 -0.010934026 0.382730154
vn -0.923795457 -0.010934026 0.382730193
vn -0.382646484 -0.001227483 0.923894021
vn -0.382646486 -0.001227483 0.923894020
vn 0.382647838 0.009198031 0.923848488
vn 0.923795260 0.014235492 0.382622096
vn 0.923795253 0.014235492 0.382622113
vn 0.923795473 0.010934027 -0.382730154
vn 0.923795457 0.010934026 -0.382730193
vn 0.382646483 0.001227502 -0.923894021
vn 0.382644300 0.001227449 -0.923894925
usemtl mat_0
f 1/1/1 2/1/1 3/1/1
f 1/1/2 3/1/2 4/1/2
f 4/1/3 3/1/3 5/1/3
f 3/1/4 6/1/4 5/1/4
f 5/1/5 6/1/5 7/1/5
f 6/1/6 8/1/6 7/1/6
f 7/1/7 8/1/7 9/1/7
f 7/1/8 9/1/8 10/1/8
f 10/1/9 9/1/9 11/1/9
f 10/1/10 11/1/10 12/1/10
f 12/1/11 11/1/11 13/1/11
f 12/1/12 13/1/12 14/1/12
f 14/1/13 13/1/13 15/1/13
f 14/1/14 15/1/14 16/1/14
f 16/1/15 15/1/15 17/1/15
f 16/1/16 17/1/16 18/1/16
f 18/1/17 17/1/17 19/1/17
f 18/1/18 19/1/18 20/1/18
f 20/1/19 19/1/19 21/1/19
f 20/1/20 21/1/20 22/1/20
f 22/1/21 21/1/21 23/1/21
f 22/1/22 23/1/22 24/1/22
f 24/1/23 23/1/23 25/1/23
f 24/1/24 25/1/24 26/1/24
f 26/1/25 25/1/25 27/1/25
f 26/1/26 27/1/26 28/1/26
f 28/1/27 27/1/27 29/1/27
f 28/1/28 29/1/28 30/1/28
f 30/1/29 29/1/29 31/1/29
f 29/1/30 32/1/30 31/1/30
f 31/1/31 32/1/31 33/1/31
f 32/1/32 34/1/32 33/1/32
f 33/1/33 34/1/33 35/1/33
f 33/1/34 35/1/34 36/1/34
f 36/1/35 35/1/35 37/1/35
f 36/1/36 37/1/36 38/1/36
f 38/1/37 37/1/37 39/1/37
f 38/1/38 39/1/38 40/1/38
f 40/1/39 39/1/39 41/1/39
f 40/1/40 41/1/40 42/1/40
f 42/1/41 41/1/41 43/1/41
f 42/1/42 43/1/42 44/1/42
f 44/1/43 43/1/43 45/1/43
f 44/1/44 45/1/44 46/1/44
f 46/1/45 45/1/45 47/1/45
f 45/1/46 48/1/46 47/1/46
f 47/1/47 48/1/47 49/1/47
f 48/1/48 50/1/48 49/1/48
f 49/1/49 50/1/49 51/1/49
f 49/1/50 51/1/50 52/1/50
f 52/1/51 51/1/51 53/1/51
f 52/1/52 53/1/52 54/1/52
f 54/1/53 53/1/53 55/1/53
f 54/1/54 55/1/54 56/1/54
f 56/1/55 55/1/55 57/1/55
f 55/1/56 58/1/56 57/1/56
f 57/1/57 58/1/57 59/1/57
f 58/1/58 60/1/58 59/1/58
f 59/1/59 60/1/59 61/1/59
f 59/1/60 61/1/60 62/1/60
f 62/1/61 61/1/61 63/1/61
f 62/1/62 63/1/62 64/1/62
f 64/1/63 63/1/63 65/1/63
f 64/1/64 65/1/64 66/1/64
f 66/1/65 65/1/65 67/1/65
f 66/1/66 67/1/66 68/1/66
f 68/1/67 67/1/67 69/1/67
f 68/1/68 69/1/68 70/1/68
f 70/1/69 69/1/69 71/1/69
f 70/1/70 71/1/70 72/1/70
f 72/1/71 71/1/71 73/1/71
f 71/1/72 74/1/72 73/1/72
f 73/1/73 74/1/73 75/1/73
f 74/1/74 76/1/74 75/1/74
f 75/1/75 76/1/75 77/1/75
f 75/1/76 77/1/76 78/1/76
f 78/1/77 77/1/77 79/1/77
f 78/1/78 79/1/78 80/1/78
f 80/1/79 79/1/79 81/1/79
f 80/1/80 81/1/80 82/1/80
f 82/1/81 81/1/81 83/1/81
f 82/1/82 83/1/82 84/1/82
f 84/1/83 83/1/83 85/1/83
f 84/1/84 85/1/84 86/1/84
f 86/1/85 85/1/85 87/1/85
f 86/1/86 87/1/86 88/1/86
f 88/1/87 87/1/87 89/1/87
f 87/1/88 90/1/88 89/1/88
f 89/1/89 90/1/89 91/1/89
f 90/1/90 92/1/90 91/1/90
f 91/1/91 92/1/91 93/1/91
f 91/1/92 93/1/92 94/1/92
f 94/1/93 93/1/93 95/1/93
f 94/1/94 95/1/94 96/1/94
f 96/1/95 95/1/95 97/1/95
f 96/1/96 97/1/96 98/1/96
f 98/1/97 97/1/97 99/1/97
f 97/1/98 100/1/98 99/1/98
f 99/1/99 100/1/99 101/1/99
f 100/1/100 102/1/100 101/1/100
f 101/1/101 102/1/101 103/1/101
f 101/1/102 103/1/102 104/1/102
f 104/1/103 103/1/103 105/1/103
f 104/1/104 105/1/104 106/1/104
f 106/1/105 105/1/105 107/1/105
f 106/1/106 107/1/106 108/1/106
f 108/1/107 107/1/107 109/1/107
f 108/1/108 109/1/108 110/1/108
f 110/1/109 109/1/109 111/1/109
f 110/1/110 111/1/110 112/1/110
f 112/1/111 111/1/111 113/1/111
f 112/1/112 113/1/112 114/1/112
f 114/1/113 113/1/113 115/1/113
f 113/1/114 116/1/114 115/1/114
f 115/1/115 116/1/115 117/1/115
f 116/1/116 118/1/116 117/1/116
f 117/1/117 118/1/117 119/1/117
f 117/1/118 119/1/118 120/1/118
f 120/1/119 119/1/119 121/1/119
f 120/1/120 121/1/120 122/1/120
f 122/1/121 121/1/121 123/1/121
f 122/1/122 123/1/122 124/1/122
f 124/1/123 123/1/123 125/1/123
f 124/1/124 125/1/124 126/1/124
f 126/1/125 125/1/125 127/1/125
f 125/1/126 128/1/126 127/1/126
f 127/1/127 128/1/127 129/1/127
f 127/1/128 129/1/128 130/1/128
f 130/1/129 129/1/129 131/1/129
f 130/1/130 131/1/130 132/1/130
f 132/1/131 131/1/131 133/1/131
f 132/1/132 133/1/132 134/1/132
f 134/1/133 133/1/133 135/1/133
f 134/1/134 135/1/134 136/1/134
f 136/1/135 135/1/135 137/1/135
f 136/1/136 137/1/136 138/1/136
f 138/1/137 137/1/137 139/1/137
f 138/1/138 139/1/138 140/1/138
f 140/1/139 139/1/139 141/1/139
f 139/1/140 142/1/140 141/1/140
f 141/1/141 142/1/141 143/1/141
f 142/1/142 144/1/142 143/1/142
f 143/1/143 144/1/143 145/1/143
f 143/1/144 145/1/144 146/1/144
f 146/1/145 145/1/145 147/1/145
f 146/1/146 147/1/146 148/1/146
f 148/1/147 147/1/147 149/1/147
f 148/1/148 149/1/148 150/1/148
f 150/1/149 149/1/149 151/1/149
f 150/1/150 151/1/150 152/1/150
f 152/1/151 151/1/151 153/1/151
f 152/1/152 153/1/152 154/1/152
f 154/1/153 153/1/153 155/1/153
f 154/1/154 155/1/154 156/1/154
f 156/1/155 155/1/155 157/1/155
f 156/1/156 157/1/156 158/1/156
f 158/1/157 157/1/157 159/1/157
f 158/1/158 159/1/158 160/1/158
f 160/1/159 159/1/159 161/1/159
f 160/1/160 161/1/160 162/1/160
f 162/1/161 161/1/161 163/1/161
f 162/1/162 163/1/162 164/1/162
f 164/1/163 163/1/163 165/1/163
f 164/1/164 165/1/164 166/1/164
f 166/1/165 165/1/165 167/1/165
f 165/1/166 168/1/166 167/1/166
f 167/1/167 168/1/167 169/1/167
f 168/1/168 170/1/168 169/1/168
f 169/1/169 170/1/169 171/1/169
f 169/1/170 171/1/170 172/1/170
f 172/1/171 171/1/171 173/1/171
f 172/1/172 173/1/172 174/1/172
f 174/1/173 173/1/173 175/1/173
f 174/1/174 175/1/174 176/1/174
f 176/1/175 175/1/175 177/1/175
f 176/1/176 177/1/176 178/1/176
f 178/1/177 177/1/177 179/1/177
f 178/1/178 179/1/178 180/1/178
f 180/1/179 179/1/179 181/1/179
f 180/1/180 181/1/180 182/1/180
f 182/1/181 181/1/181 183/1/181
f 182/1/182 183/1/182 184/1/182
f 184/1/183 183/1/183 185/1/183
f 184/1/184 185/1/184 186/1/184
f 186/1/185 185/1/185 187/1/185
f 186/1/186 187/1/186 188/1/186
f 188/1/187 187/1/187 189/1/187
f 188/1/188 189/1/188 190/1/188
f 190/1/189 189/1/189 191/1/189
f 190/1/190 191/1/190 192/1/190
f 192/1/191 191/1/191 2/1/191
f 192/1/192 2/1/192 1/1/192
f 2/1/193 193/1/193 194/1/193
f 2/1/194 194/1/194 3/1/194
f 3/1/195 194/1/195 195/1/195
f 3/1/196 195/1/196 6/1/196
f 6/1/197 195/1/197 196/1/197
f 6/1/198 196/1/198 8/1/198
f 8/1/199 196/1/199 197/1/199
f 8/1/200 197/1/200 9/1/200
f 9/1/201 197/1/201 198/1/201
f 9/1/202 198/1/202 11/1/202
f 11/1/203 198/1/203 199/1/203
f 11/1/204 199/1/204 13/1/204
f 13/1/205 199/1/205 200/1/205
f 13/1/206 200/1/206 15/1/206
f 15/1/207 200/1/207 201/1/207
f 15/1/208 201/1/208 17/1/208
f 17/1/209 201/1/209 202/1/209
f 17/1/210 202/1/210 19/1/210
f 19/1/211 202/1/211 203/1/211
f 19/1/212 203/1/212 21/1/212
f 21/1/213 203/1/213 204/1/213
f 21/1/214 204/1/214 23/1/214
f 23/1/215 204/1/215 205/1/215
f 23/1/216 205/1/216 25/1/216
f 25/1/217 205/1/217 206/1/217
f 25/1/218 206/1/218 27/1/218
f 27/1/219 206/1/219 207/1/219
f 27/1/220 207/1/220 29/1/220
f 29/1/221 207/1/221 208/1/221
f 29/1/222 208/1/222 32/1/222
f 32/1/223 208/1/223 209/1/223
f 32/1/224 209/1/224 34/1/224
f 34/1/225 209/1/225 210/1/225
f 34/1/226 210/1/226 35/1/226
f 35/1/227 210/1/227 211/1/227
f 35/1/228 211/1/228 37/1/228
f 37/1/229 211/1/229 212/1/229
f 37/1/230 212/1/230 39/1/230
f 39/1/231 212/1/231 213/1/231
f 39/1/232 213/1/232 41/1/232
f 41/1/233 213/1/233 214/1/233
f 41/1/234 214/1/234 43/1/234
f 43/1/235 214/1/235 215/1/235
f 43/1/236 215/1/236 45/1/236
f 45/1/237 215/1/237 216/1/237
f 45/1/238 216/1/238 48/1/238
f 48/1/239 216/1/239 217/1/239
f 48/1/240 217/1/240 50/1/240
f 50/1/241 217/1/241 218/1/241
f 50/1/242 218/1/242 51/1/242
f 51/1/243 218/1/243 219/1/243
f 51/1/244 219/1/244 53/1/244
f 53/1/245 219/1/245 220/1/245
f 53/1/246 220/1/246 55/1/246
f 55/1/247 220/1/247 221/1/247
f 55/1/248 221/1/248 58/1/248
f 58/1/249 221/1/249 222/1/249
f 58/1/250 222/1/250 60/1/250
f 60/1/251 222/1/251 223/1/251
f 60/1/252 223/1/252 61/1/252
f 61/1/253 223/1/253 224/1/253
f 61/1/254 224/1/254 63/1/254
f 63/1/255 224/1/255 225/1/255
f 63/1/256 225/1/256 65/1/256
f 65/1/257 225/1/257 226/1/257
f 65/1/258 226/1/258 67/1/258
f 67/1/259 226/1/259 227/1/259
f 67/1/260 227/1/260 69/1/260
f 69/1/261 227/1/261 228/1/261
f 69/1/262 228/1/262 71/1/262
f 71/1/263 228/1/263 229/1/263
f 71/1/264 229/1/264 74/1/264
f 74/1/265 229/1/265 230/1/265
f 74/1/266 230/1/266 76/1/266
f 76/1/267 230/1/267 231/1/267
f 76/1/268 231/1/268 77/1/268
f 77/1/269 231/1/269 232/1/269
f 77/1/270 232/1/270 79/1/270
f 79/1/271 232/1/271 233/1/271
f 79/1/272 233/1/272 81/1/272
f 81/1/273 233/1/273 234/1/273
f 81/1/274 234/1/274 83/1/274
f 83/1/275 234/1/275 235/1/275
f 83/1/276 235/1/276 85/1/276
f 85/1/277 235/1/277 236/1/277
f 85/1/278 236/1/278 87/1/278
f 87/1/279 236/1/279 237/1/279
f 87/1/280 237/1/280 90/1/280
f 90/1/281 237/1/281 238/1/281
f 90/1/282 238/1/282 92/1/282
f 92/1/283 238/1/283 239/1/283
f 92/1/284 239/1/284 93/1/284
f 93/1/285 239/1/285 240/1/285
f 93/1/286 240/1/286 95/1/286
f 95/1/287 240/1/287 241/1/287
f 95/1/288 241/1/288 97/1/288
f 97/1/289 241/1/289 242/1/289
f 97/1/290 242/1/290 100/1/290
f 100/1/291 242/1/291 243/1/291
f 100/1/292 243/1/292 102/1/292
f 102/1/293 243/1/293 244/1/293
f 102/1/294 244/1/294 103/1/294
f 103/1/295 244/1/295 245/1/295
f 103/1/296 245/1/296 105/1/296
f 105/1/297 245/1/297 246/1/297
f 105/1/298 246/1/298 107/1/298
f 107/1/299 246/1/299 247/1/299
f 107/1/300 247/1/300 109/1/300
f 109/1/301 247/1/301 248/1/301
f 109/1/302 248/1/302 111/1/302
f 111/1/303 248/1/303 249/1/303
f 111/1/304 249/1/304 113/1/304
f 113/1/305 249/1/305 250/1/305
f 113/1/306 250/1/306 116/1/306
f 116/1/307 250/1/307 251/1/307
f 116/1/308 251/1/308 118/1/308
f 118/1/309 251/1/309 252/1/309
f 118/1/310 252/1/310 119/1/310
f 119/1/311 252/1/311 253/1/311
f 119/1/312 253/1/312 121/1/312
f 121/1/313 253/1/313 254/1/313
f 121/1/314 254/1/314 123/1/314
f 123/1/315 254/1/315 255/1/315
f 123/1/316 255/1/316 125/1/316
f 125/1/317 255/1/317 256/1/317
f 125/1/318 256/1/318 128/1/318
f 128/1/319 256/1/319 257/1/319
f 128/1/320 257/1/320 129/1/320
f 129/1/321 257/1/321 258/1/321
f 129/1/322 258/1/322 131/1/322
f 131/1/323 258/1/323 259/1/323
f 131/1/324 259/1/324 133/1/324
f 133/1/325 259/1/325 260/1/325
f 133/1/326 260/1/326 135/1/326
f 135/1/327 260/1/327 261/1/327
f 135/1/328 261/1/328 137/1/328
f 137/1/329 261/1/329 262/1/329
f 137/1/330 262/1/330 139/1/330
f 139/1/331 262/1/331 263/1/331
f 139/1/332 263/1/332 142/1/332
f 142/1/333 263/1/333 264/1/333
f 142/1/334 264/1/334 144/1/334
f 144/1/335 264/1/335 265/1/335
f 144/1/336 265/1/336 145/1/336
f 145/1/337 265/1/337 266/1/337
f 145/1/338 266/1/338 147/1/338
f 147/1/339 266/1/339 267/1/339
f 147/1/340 267/1/340 149/1/340
f 149/1/341 267/1/341 268/1/341
f 149/1/342 268/1/342 151/1/342
f 151/1/343 268/1/343 269/1/343
f 151/1/344 269/1/344 153/1/344
f 153/1/345 269/1/345 270/1/345
f 153/1/346 270/1/346 155/1/346
f 155/1/347 270/1/347 271/1/347
f 155/1/348 271/1/348 157/1/348
f 157/1/349 271/1/349 272/1/349
f 157/1/350 272/1/350 159/1/350
f 159/1/351 272/1/351 273/1/351
f 159/1/352 273/1/352 161/1/352
f 161/1/353 273/1/353 274/1/353
f 161/1/354 274/1/354 163/1/354
f 163/1/355 274/1/355 275/1/355
f 163/1/356 275/1/356 165/1/356
f 165/1/357 275/1/357 276/1/357
f 165/1/358 276/1/358 168/1/358
f 168/1/359 276/1/359 277/1/359
f 168/1/360 277/1/360 170/1/360
f 170/1/361 277/1/361 278/1/361
f 170/1/362 278/1/362 171/1/362
f 171/1/363 278/1/363 279/1/363
f 171/1/364 279/1/364 173/1/364
f 173/1/365 279/1/365 280/1/365
f 173/1/366 280/1/366 175/1/366
f 175/1/367 280/1/367 281/1/367
f 175/1/368 281/1/368 177/1/368
f 177/1/369 281/1/369 282/1/369
f 177/1/370 282/1/370 179/1/370
f 179/1/371 282/1/371 283/1/371
f 179/1/372 283/1/372 181/1/372
f 181/1/373 283/1/373 284/1/373
f 181/1/374 284/1/374 183/1/374
f 183/1/375 284/1/375 285/1/375
f 183/1/376 285/1/376 185/1/376
f 185/1/377 285/1/377 286/1/377
f 185/1/378 286/1/378 187/1/378
f 187/1/379 286/1/379 287/1/379
f 187/1/380 287/1/380 189/1/380
f 189/1/381 287/1/381 288/1/381
f 189/1/382 288/1/382 191/1/382
f 191/1/383 288/1/383 193/1/383
f 191/1/384 193/1/384 2/1/384
f 193/1/385 289/1/385 290/1/385
f 193/1/386 290/1/386 194/1/386
f 194/1/387 290/1/387 195/1/387
f 290/1/388 291/1/388 195/1/388
f 195/1/389 291/1/389 196/1/389
f 291/1/390 292/1/390 196/1/390
f 196/1/391 292/1/391 293/1/391
f 196/1/392 293/1/392 197/1/392
f 197/1/393 293/1/393 294/1/393
f 197/1/394 294/1/394 198/1/394
f 198/1/395 294/1/395 295/1/395
f 198/1/396 295/1/396 199/1/396
f 199/1/397 295/1/397 296/1/397
f 199/1/398 296/1/398 200/1/398
f 200/1/399 296/1/399 297/1/399
f 200/1/400 297/1/400 201/1/400
f 201/1/401 297/1/401 298/1/401
f 201/1/402 298/1/402 202/1/402
f 202/1/403 298/1/403 299/1/403
f 202/1/404 299/1/404 203/1/404
f 203/1/405 299/1/405 300/1/405
f 203/1/406 300/1/406 204/1/406
f 204/1/407 300/1/407 301/1/407
f 204/1/408 301/1/408 205/1/408
f 205/1/409 301/1/409 302/1/409
f 205/1/410 302/1/410 206/1/410
f 206/1/411 302/1/411 303/1/411
f 206/1/412 303/1/412 207/1/412
f 207/1/413 303/1/413 208/1/413
f 303/1/414 304/1/414 208/1/414
f 208/1/415 304/1/415 209/1/415
f 304/1/416 305/1/416 209/1/416
f 209/1/417 305/1/417 306/1/417
f 209/1/418 306/1/418 210/1/418
f 210/1/419 306/1/419 307/1/419
f 210/1/420 307/1/420 211/1/420
f 211/1/421 307/1/421 308/1/421
f 211/1/422 308/1/422 212/1/422
f 212/1/423 308/1/423 309/1/423
f 212/1/424 309/1/424 213/1/424
f 213/1/425 309/1/425 310/1/425
f 213/1/426 310/1/426 214/1/426
f 214/1/427 310/1/427 311/1/427
f 214/1/428 311/1/428 215/1/428
f 215/1/429 311/1/429 216/1/429
f 311/1/430 312/1/430 216/1/430
f 216/1/431 312/1/431 217/1/431
f 312/1/432 313/1/432 217/1/432
f 217/1/433 313/1/433 314/1/433
f 217/1/434 314/1/434 218/1/434
f 218/1/435 314/1/435 315/1/435
f 218/1/436 315/1/436 219/1/436
f 219/1/437 315/1/437 316/1/437
f 219/1/438 316/1/438 220/1/438
f 220/1/439 316/1/439 221/1/439
f 316/1/440 317/1/440 221/1/440
f 221/1/441 317/1/441 222/1/441
f 317/1/442 318/1/442 222/1/442
f 222/1/443 318/1/443 319/1/443
f 222/1/444 319/1/444 223/1/444
f 223/1/445 319/1/445 320/1/445
f 223/1/446 320/1/446 224/1/446
f 224/1/447 320/1/447 321/1/447
f 224/1/448 321/1/448 225/1/448
f 225/1/449 321/1/449 322/1/449
f 225/1/450 322/1/450 226/1/450
f 226/1/451 322/1/451 323/1/451
f 226/1/452 323/1/452 227/1/452
f 227/1/453 323/1/453 324/1/453
f 227/1/454 324/1/454 228/1/454
f 228/1/455 324/1/455 229/1/455
f 324/1/456 325/1/456 229/1/456
f 229/1/457 325/1/457 230/1/457
f 325/1/458 326/1/458 230/1/458
f 230/1/459 326/1/459 327/1/459
f 230/1/460 327/1/460 231/1/460
f 231/1/461 327/1/461 328/1/461
f 231/1/462 328/1/462 232/1/462
f 232/1/463 328/1/463 329/1/463
f 232/1/464 329/1/464 233/1/464
f 233/1/465 329/1/465 330/1/465
f 233/1/466 330/1/466 234/1/466
f 234/1/467 330/1/467 331/1/467
f 234/1/468 331/1/468 235/1/468
f 235/1/469 331/1/469 332/1/469
f 235/1/470 332/1/470 236/1/470
f 236/1/471 332/1/471 237/1/471
f 332/1/472 333/1/472 237/1/472
f 237/1/473 333/1/473 238/1/473
f 333/1/474 334/1/474 238/1/474
f 238/1/475 334/1/475 335/1/475
f 238/1/476 335/1/476 239/1/476
f 239/1/477 335/1/477 336/1/477
f 239/1/478 336/1/478 240/1/478
f 240/1/479 336/1/479 337/1/479
f 240/1/480 337/1/480 241/1/480
f 241/1/481 337/1/481 242/1/481
f 337/1/482 338/1/482 242/1/482
f 242/1/483 338/1/483 243/1/483
f 338/1/484 339/1/484 243/1/484
f 243/1/485 339/1/485 340/1/485
f 243/1/486 340/1/486 244/1/486
f 244/1/487 340/1/487 341/1/487
f 244/1/488 341/1/488 245/1/488
f 245/1/489 341/1/489 342/1/489
f 245/1/490 342/1/490 246/1/490
f 246/1/491 342/1/491 343/1/491
f 246/1/492 343/1/492 247/1/492
f 247/1/493 343/1/493 344/1/493
f 247/1/494 344/1/494 248/1/494
f 248/1/495 344/1/495 345/1/495
f 248/1/496 345/1/496 249/1/496
f 249/1/497 345/1/497 250/1/497
f 345/1/498 346/1/498 250/1/498
f 250/1/499 346/1/499 251/1/499
f 346/1/500 347/1/500 251/1/500
f 251/1/501 347/1/501 348/1/501
f 251/1/502 348/1/502 252/1/502
f 252/1/503 348/1/503 349/1/503
f 252/1/504 349/1/504 253/1/504
f 253/1/505 349/1/505 350/1/505
f 253/1/506 350/1/506 254/1/506
f 254/1/507 350/1/507 255/1/507
f 350/1/508 351/1/508 255/1/508
f 255/1/509 351/1/509 256/1/509
f 351/1/510 352/1/510 256/1/510
f 256/1/511 352/1/511 353/1/511
f 256/1/512 353/1/512 257/1/512
f 257/1/513 353/1/513 354/1/513
f 257/1/514 354/1/514 258/1/514
f 258/1/515 354/1/515 355/1/515
f 258/1/516 355/1/516 259/1/516
f 259/1/517 355/1/517 356/1/517
f 259/1/518 356/1/518 260/1/518
f 260/1/519 356/1/519 357/1/519
f 260/1/520 357/1/520 261/1/520
f 261/1/521 357/1/521 358/1/521
f 261/1/522 358/1/522 262/1/522
f 262/1/523 358/1/523 263/1/523
f 358/1/524 359/1/524 263/1/524
f 263/1/525 359/1/525 264/1/525
f 359/1/526 360/1/526 264/1/526
f 264/1/527 360/1/527 361/1/527
f 264/1/528 361/1/528 265/1/528
f 265/1/529 361/1/529 362/1/529
f 265/1/530 362/1/530 266/1/530
f 266/1/531 362/1/531 363/1/531
f 266/1/532 363/1/532 267/1/532
f 267/1/533 363/1/533 364/1/533
f 267/1/534 364/1/534 268/1/534
f 268/1/535 364/1/535 365/1/535
f 268/1/536 365/1/536 269/1/536
f 269/1/537 365/1/537 366/1/537
f 269/1/538 366/1/538 270/1/538
f 270/1/539 366/1/539 367/1/539
f 270/1/540 367/1/540 271/1/540
f 271/1/541 367/1/541 368/1/541
f 271/1/542 368/1/542 272/1/542
f 272/1/543 368/1/543 369/1/543
f 272/1/544 369/1/544 273/1/544
f 273/1/545 369/1/545 370/1/545
f 273/1/546 370/1/546 274/1/546
f 274/1/547 370/1/547 371/1/547
f 274/1/548 371/1/548 275/1/548
f 275/1/549 371/1/549 276/1/549
f 371/1/550 372/1/550 276/1/550
f 276/1/551 372/1/551 277/1/551
f 372/1/552 373/1/552 277/1/552
f 277/1/553 373/1/553 374/1/553
f 277/1/554 374/1/554 278/1/554
f 278/1/555 374/1/555 375/1/555
f 278/1/556 375/1/556 279/1/556
f 279/1/557 375/1/557 376/1/557
f 279/1/558 376/1/558 280/1/558
f 280/1/559 376/1/559 377/1/559
f 280/1/560 377/1/560 281/1/560
f 281/1/561 377/1/561 378/1/561
f 281/1/562 378/1/562 282/1/562
f 282/1/563 378/1/563 379/1/563
f 282/1/564 379/1/564 283/1/564
f 283/1/565 379/1/565 380/1/565
f 283/1/566 380/1/566 284/1/566
f 284/1/567 380/1/567 381/1/567
f 284/1/568 381/1/568 285/1/568
f 285/1/569 381/1/569 382/1/569
f 285/1/570 382/1/570 286/1/570
f 286/1/571 382/1/571 383/1/571
f 286/1/572 383/1/572 287/1/572
f 287/1/573 383/1/573 384/1/573
f 287/1/574 384/1/574 288/1/574
f 288/1/575 384/1/575 289/1/575
f 288/1/576 289/1/576 193/1/576
f 289/1/577 1/1/577 4/1/577
f 289/1/577 4/1/577 290/1/577
f 290/1/577 4/1/577 5/1/577
f 290/1/577 5/1/577 291/1/577
f 291/1/577 5/1/577 7/1/577
f 291/1/577 7/1/577 292/1/577
f 292/1/577 7/1/577 10/1/577
f 292/1/577 10/1/577 293/1/577
f 293/1/577 10/1/577 12/1/577
f 293/1/577 12/1/577 294/1/577
f 294/1/577 12/1/577 14/1/577
f 294/1/577 14/1/577 295/1/577
f 295/1/577 14/1/577 16/1/577
f 295/1/577 16/1/577 296/1/577
f 296/1/577 16/1/577 18/1/577
f 296/1/577 18/1/577 297/1/577
f 297/1/577 18/1/577 20/1/577
f 297/1/577 20/1/577 298/1/577
f 298/1/577 20/1/577 22/1/577
f 298/1/577 22/1/577 299/1/577
f 299/1/577 22/1/577 24/1/577
f 299/1/577 24/1/577 300/1/577
f 300/1/577 24/1/577 26/1/577
f 300/1/577 26/1/577 301/1/577
f 301/1/577 26/1/577 28/1/577
f 301/1/577 28/1/577 302/1/577
f 302/1/577 28/1/577 30/1/577
f 302/1/577 30/1/577 303/1/577
f 303/1/577 30/1/577 31/1/577
f 303/1/577 31/1/577 304/1/577
f 304/1/577 31/1/577 33/1/577
f 304/1/577 33/1/577 305/1/577
f 305/1/577 33/1/577 36/1/577
f 305/1/577 36/1/577 306/1/577
f 306/1/577 36/1/577 38/1/577
f 306/1/577 38/1/577 307/1/577
f 307/1/577 38/1/577 40/1/577
f 307/1/577 40/1/577 308/1/577
f 308/1/577 40/1/577 42/1/577
f 308/1/577 42/1/577 309/1/577
f 309/1/577 42/1/577 44/1/577
f 309/1/577 44/1/577 310/1/577
f 310/1/577 44/1/577 46/1/577
f 310/1/577 46/1/577 311/1/577
f 311/1/577 46/1/577 47/1/577
f 311/1/577 47/1/577 312/1/577
f 312/1/577 47/1/577 49/1/577
f 312/1/577 49/1/577 313/1/577
f 313/1/577 49/1/577 52/1/577
f 313/1/577 52/1/577 314/1/577
f 314/1/577 52/1/577 54/1/577
f 314/1/577 54/1/577 315/1/577
f 315/1/577 54/1/577 56/1/577
f 315/1/577 56/1/577 316/1/577
f 316/1/577 56/1/577 57/1/577
f 316/1/577 57/1/577 317/1/577
f 317/1/577 57/1/577 59/1/577
f 317/1/577 59/1/577 318/1/577
f 318/1/577 59/1/577 62/1/577
f 318/1/577 62/1/577 319/1/577
f 319/1/577 62/1/577 64/1/577
f 319/1/577 64/1/577 320/1/577
f 320/1/577 64/1/577 66/1/577
f 320/1/577 66/1/577 321/1/577
f 321/1/577 66/1/577 68/1/577
f 321/1/577 68/1/577 322/1/577
f 322/1/577 68/1/577 70/1/577
f 322/1/577 70/1/577 323/1/577
f 323/1/577 70/1/577 72/1/577
f 323/1/577 72/1/577 324/1/577
f 324/1/577 72/1/577 73/1/577
f 324/1/577 73/1/577 325/1/577
f 325/1/577 73/1/577 75/1/577
f 325/1/577 75/1/577 326/1/577
f 326/1/577 75/1/577 78/1/577
f 326/1/577 78/1/577 327/1/577
f 327/1/577 78/1/577 80/1/577
f 327/1/577 80/1/577 328/1/577
f 328/1/577 80/1/577 82/1/577
f 328/1/577 82/1/577 329/1/577
f 329/1/577 82/1/577 84/1/577
f 329/1/577 84/1/577 330/1/577
f 330/1/577 84/1/577 86/1/577
f 330/1/577 86/1/577 331/1/577
f 331/1/577 86/1/577 88/1/577
f 331/1/577 88/1/577 332/1/577
f 332/1/577 88/1/577 89/1/577
f 332/1/577 89/1/577 333/1/577
f 333/1/577 89/1/577 91/1/577
f 333/1/577 91/1/577 334/1/577
f 334/1/577 91/1/577 94/1/577
f 334/1/577 94/1/577 335/1/577
f 335/1/577 94/1/577 96/1/577
f 335/1/577 96/1/577 336/1/577
f 336/1/577 96/1/577 98/1/577
f 336/1/577 98/1/577 337/1/577
f 337/1/577 98/1/577 99/1/577
f 337/1/577 99/1/577 338/1/577
f 338/1/577 99/1/577 101/1/577
f 338/1/577 101/1/577 339/1/577
f 339/1/577 101/1/577 104/1/577
f 339/1/577 104/1/577 340/1/577
f 340/1/577 104/1/577 106/1/577
f 340/1/577 106/1/577 341/1/577
f 341/1/577 106/1/577 108/1/577
f 341/1/577 108/1/577 342/1/577
f 342/1/577 108/1/577 110/1/577
f 342/1/577 110/1/577 343/1/577
f 343/1/577 110/1/577 112/1/577
f 343/1/577 112/1/577 344/1/577
f 344/1/577 112/1/577 114/1/577
f 344/1/577 114/1/577 345/1/577
f 345/1/577 114/1/577 115/1/577
f 345/1/577 115/1/577 346/1/577
f 346/1/577 115/1/577 117/1/577
f 346/1/577 117/1/577 347/1/577
f 347/1/577 117/1/577 120/1/577
f 347/1/577 120/1/577 348/1/577
f 348/1/577 120/1/577 122/1/577
f 348/1/577 122/1/577 349/1/577
f 349/1/577 122/1/577 124/1/577
f 349/1/577 124/1/577 350/1/577
f 350/1/577 124/1/577 126/1/577
f 350/1/577 126/1/577 351/1/577
f 351/1/577 126/1/577 127/1/577
f 351/1/577 127/1/577 352/1/577
f 352/1/577 127/1/577 130/1/577
f 352/1/577 130/1/577 353/1/577
f 353/1/577 130/1/577 132/1/577
f 353/1/577 132/1/577 354/1/577
f 354/1/577 132/1/577 134/1/577
f 354/1/577 134/1/577 355/1/577
f 355/1/577 134/1/577 136/1/577
f 355/1/577 136/1/577 356/1/577
f 356/1/577 136/1/577 138/1/577
f 356/1/577 138/1/577 357/1/577
f 357/1/577 138/1/577 140/1/577
f 357/1/577 140/1/577 358/1/577
f 358/1/577 140/1/577 141/1/577
f 358/1/577 141/1/577 359/1/577
f 359/1/577 141/1/577 143/1/577
f 359/1/577 143/1/577 360/1/577
f 360/1/577 143/1/577 146/1/577
f 360/1/577 146/1/577 361/1/577
f 361/1/577 146/1/577 148/1/577
f 361/1/577 148/1/577 362/1/577
f 362/1/577 148/1/577 150/1/577
f 362/1/577 150/1/577 363/1/577
f 363/1/577 150/1/577 152/1/577
f 363/1/577 152/1/577 364/1/577
f 364/1/577 152/1/577 154/1/577
f 364/1/577 154/1/577 365/1/577
f 365/1/577 154/1/577 156/1/577
f 365/1/577 156/1/577 366/1/577
f 366/1/577 156/1/577 158/1/577
f 366/1/577 158/1/577 367/1/577
f 367/1/577 158/1/577 160/1/577
f 367/1/577 160/1/577 368/1/577
f 368/1/577 160/1/577 162/1/577
f 368/1/577 162/1/577 369/1/577
f 369/1/577 162/1/577 164/1/577
f 369/1/577 164/1/577 370/1/577
f 370/1/577 164/1/577 166/1/577
f 370/1/577 166/1/577 371/1/577
f 371/1/577 166/1/577 167/1/577
f 371/1/577 167/1/577 372/1/577
f 372/1/577 167/1/577 169/1/577
f 372/1/577 169/1/577 373/1/577
f 373/1/577 169/1/577 172/1/577
f 373/1/577 172/1/577 374/1/577
f 374/1/577 172/1/577 174/1/577
f 374/1/577 174/1/577 375/1/577
f 375/1/577 174/1/577 176/1/577
f 375/1/577 176/1/577 376/1/577
f 376/1/577 176/1/577 178/1/577
f 376/1/577 178/1/577 377/1/577
f 377/1/577 178/1/577 180/1/577
f 377/1/577 180/1/577 378/1/577
f 378/1/577 180/1/577 182/1/577
f 378/1/577 182/1/577 379/1/577
f 379/1/577 182/1/577 184/1/577
f 379/1/577 184/1/577 380/1/577
f 380/1/577 184/1/577 186/1/577
f 380/1/577 186/1/577 381/1/577
f 381/1/577 186/1/577 188/1/577
f 381/1/577 188/1/577 382/1/577
f 382/1/577 188/1/577 190/1/577
f 382/1/577 190/1/577 383/1/577
f 383/1/577 190/1/577 192/1/577
f 383/1/577 192/1/577 384/1/577
f 384/1/577 192/1/577 1/1/577
f 384/1/577 1/1/577 289/1/577
usemtl mat_1
f 385/1/578 386/1/578 387/1/578
f 385/1/579 387/1/579 388/1/579
f 386/1/580 389/1/580 390/1/580
f 386/1/581 390/1/581 387/1/581
f 389/1/582 391/1/582 392/1/582
f 389/1/583 392/1/583 390/1/583
f 391/1/584 393/1/584 394/1/584
f 391/1/585 394/1/585 392/1/585
f 393/1/586 395/1/586 396/1/586
f 393/1/587 396/1/587 394/1/587
f 395/1/588 397/1/588 398/1/588
f 395/1/589 398/1/589 396/1/589
f 397/1/590 399/1/590 400/1/590
f 397/1/591 400/1/591 398/1/591
f 399/1/577 385/1/577 388/1/577
f 399/1/577 388/1/577 400/1/577
f 386/1/592 385/1/592 399/1/592
f 397/1/593 395/1/593 393/1/593
f 386/1/594 399/1/594 397/1/594
f 393/1/595 391/1/595 389/1/595
f 389/1/596 386/1/596 397/1/596
f 397/1/597 393/1/597 389/1/597
f 398/1/598 400/1/598 388/1/598
f 390/1/599 392/1/599 394/1/599
f 394/1/600 396/1/600 398/1/600
f 398/1/601 388/1/601 387/1/601
f 387/1/602 390/1/602 394/1/602
f 387/1/603 394/1/603 398/1/603
f 388/1/604 387/1/604 401/1/604
f 388/1/605 401/1/605 402/1/605
f 387/1/606 390/1/606 403/1/606
f 387/1/607 403/1/607 401/1/607
f 390/1/608 392/1/608 404/1/608
f 390/1/609 404/1/609 403/1/609
f 392/1/610 394/1/610 405/1/610
f 392/1/611 405/1/611 404/1/611
f 394/1/612 396/1/612 406/1/612
f 394/1/613 406/1/613 405/1/613
f 396/1/614 398/1/614 407/1/614
f 396/1/615 407/1/615 406/1/615
f 398/1/616 400/1/616 408/1/616
f 398/1/617 408/1/617 407/1/617
f 400/1/577 388/1/577 402/1/577
f 400/1/577 402/1/577 408/1/577
f 387/1/618 388/1/618 400/1/618
f 398/1/619 396/1/619 394/1/619
f 387/1/620 400/1/620 398/1/620
f 394/1/621 392/1/621 390/1/621
f 390/1/622 387/1/622 398/1/622
f 398/1/623 394/1/623 390/1/623
f 407/1/624 408/1/624 402/1/624
f 403/1/625 404/1/625 405/1/625
f 405/1/626 406/1/626 407/1/626
f 407/1/627 402/1/627 401/1/627
f 401/1/628 403/1/628 405/1/628
f 401/1/629 405/1/629 407/1/629
f 402/1/630 401/1/630 409/1/630
f 402/1/631 409/1/631 410/1/631
f 401/1/632 403/1/632 411/1/632
f 401/1/633 411/1/633 409/1/633
f 403/1/634 404/1/634 412/1/634
f 403/1/635 412/1/635 411/1/635
f 404/1/636 405/1/636 413/1/636
f 404/1/637 413/1/637 412/1/637
f 405/1/638 406/1/638 414/1/638
f 405/1/639 414/1/639 413/1/639
f 406/1/640 407/1/640 415/1/640
f 406/1/641 415/1/641 414/1/641
f 407/1/642 408/1/642 416/1/642
f 407/1/643 416/1/643 415/1/643
f 408/1/577 402/1/577 410/1/577
f 408/1/577 410/1/577 416/1/577
f 401/1/644 402/1/644 408/1/644
f 407/1/645 406/1/645 405/1/645
f 401/1/646 408/1/646 407/1/646
f 405/1/647 404/1/647 403/1/647
f 403/1/648 401/1/648 407/1/648
f 407/1/649 405/1/649 403/1/649
f 415/1/650 416/1/650 410/1/650
f 411/1/651 412/1/651 413/1/651
f 413/1/652 414/1/652 415/1/652
f 415/1/653 410/1/653 409/1/653
f 409/1/654 411/1/654 413/1/654
f 409/1/655 413/1/655 415/1/655
f 410/1/656 409/1/656 417/1/656
f 410/1/657 417/1/657 418/1/657
f 409/1/658 411/1/658 419/1/658
f 409/1/659 419/1/659 417/1/659
f 411/1/660 412/1/660 420/1/660
f 411/1/661 420/1/661 419/1/661
f 412/1/662 413/1/662 421/1/662
f 412/1/663 421/1/663 420/1/663
f 413/1/664 414/1/664 422/1/664
f 413/1/665 422/1/665 421/1/665
f 414/1/666 415/1/666 423/1/666
f 414/1/667 423/1/667 422/1/667
f 415/1/668 416/1/668 424/1/668
f 415/1/669 424/1/669 423/1/669
f 416/1/577 410/1/577 418/1/577
f 416/1/577 418/1/577 424/1/577
f 409/1/670 410/1/670 416/1/670
f 415/1/671 414/1/671 413/1/671
f 409/1/672 416/1/672 415/1/672
f 413/1/673 412/1/673 411/1/673
f 411/1/674 409/1/674 415/1/674
f 415/1/675 413/1/675 411/1/675
f 423/1/676 424/1/676 418/1/676
f 419/1/677 420/1/677 421/1/677
f 421/1/678 422/1/678 423/1/678
f 423/1/679 418/1/679 417/1/679
f 417/1/680 419/1/680 421/1/680
f 417/1/681 421/1/681 423/1/681
f 418/1/682 417/1/682 425/1/682
f 418/1/683 425/1/683 426/1/683
f 417/1/684 419/1/684 427/1/684
f 417/1/685 427/1/685 425/1/685
f 419/1/686 420/1/686 428/1/686
f 419/1/687 428/1/687 427/1/687
f 420/1/688 421/1/688 429/1/688
f 420/1/689 429/1/689 428/1/689
f 421/1/690 422/1/690 430/1/690
f 421/1/691 430/1/691 429/1/691
f 422/1/692 423/1/692 431/1/692
f 422/1/693 431/1/693 430/1/693
f 423/1/694 424/1/694 432/1/694
f 423/1/695 432/1/695 431/1/695
f 424/1/577 418/1/577 426/1/577
f 424/1/577 426/1/577 432/1/577
f 417/1/696 418/1/696 424/1/696
f 423/1/697 422/1/697 421/1/697
f 417/1/698 424/1/698 423/1/698
f 421/1/699 420/1/699 419/1/699
f 419/1/700 417/1/700 423/1/700
f 423/1/701 421/1/701 419/1/701
f 431/1/702 432/1/702 426/1/702
f 427/1/703 428/1/703 429/1/703
f 429/1/704 430/1/704 431/1/704
f 431/1/705 426/1/705 425/1/705
f 425/1/706 427/1/706 429/1/706
f 425/1/707 429/1/707 431/1/707
f 426/1/708 425/1/708 433/1/708
f 426/1/709 433/1/709 434/1/709
f 425/1/710 427/1/710 435/1/710
f 425/1/711 435/1/711 433/1/711
f 427/1/712 428/1/712 436/1/712
f 427/1/713 436/1/713 435/1/713
f 428/1/714 429/1/714 437/1/714
f 428/1/715 437/1/715 436/1/715
f 429/1/716 430/1/716 438/1/716
f 429/1/717 438/1/717 437/1/717
f 430/1/718 431/1/718 439/1/718
f 430/1/719 439/1/719 438/1/719
f 431/1/720 432/1/720 440/1/720
f 431/1/721 440/1/721 439/1/721
f 432/1/577 426/1/577 434/1/577
f 432/1/577 434/1/577 440/1/577
f 425/1/722 426/1/722 432/1/722
f 431/1/723 430/1/723 429/1/723
f 425/1/724 432/1/724 431/1/724
f 429/1/725 428/1/725 427/1/725
f 427/1/726 425/1/726 431/1/726
f 431/1/727 429/1/727 427/1/727
f 439/1/728 440/1/728 434/1/728
f 435/1/729 436/1/729 437/1/729
f 437/1/730 438/1/730 439/1/730
f 439/1/731 434/1/731 433/1/731
f 433/1/732 435/1/732 437/1/732
f 433/1/733 437/1/733 439/1/733
f 434/1/734 433/1/734 441/1/734
f 434/1/735 441/1/735 442/1/735
f 433/1/736 435/1/736 443/1/736
f 433/1/737 443/1/737 441/1/737
f 435/1/738 436/1/738 444/1/738
f 435/1/739 444/1/739 443/1/739
f 436/1/740 437/1/740 445/1/740
f 436/1/741 445/1/741 444/1/741
f 437/1/742 438/1/742 446/1/742
f 437/1/743 446/1/743 445/1/743
f 438/1/744 439/1/744 447/1/744
f 438/1/745 447/1/745 446/1/745
f 439/1/746 440/1/746 448/1/746
f 439/1/747 448/1/747 447/1/747
f 440/1/577 434/1/577 442/1/577
f 440/1/577 442/1/577 448/1/577
f 433/1/748 434/1/748 440/1/748
f 439/1/749 438/1/749 437/1/749
f 433/1/750 440/1/750 439/1/750
f 437/1/751 436/1/751 435/1/751
f 435/1/752 433/1/752 439/1/752
f 439/1/753 437/1/753 435/1/753
f 447/1/754 448/1/754 442/1/754
f 443/1/755 444/1/755 445/1/755
f 445/1/756 446/1/756 447/1/756
f 447/1/757 442/1/757 441/1/757
f 441/1/758 443/1/758 445/1/758
f 441/1/759 445/1/759 447/1/759
f 442/1/760 441/1/760 449/1/760
f 442/1/761 449/1/761 450/1/761
f 441/1/762 443/1/762 451/1/762
f 441/1/763 451/1/763 449/1/763
f 443/1/764 444/1/764 452/1/764
f 443/1/765 452/1/765 451/1/765
f 444/1/766 445/1/766 453/1/766
f 444/1/767 453/1/767 452/1/767
f 445/1/768 446/1/768 454/1/768
f 445/1/769 454/1/769 453/1/769
f 446/1/770 447/1/770 455/1/770
f 446/1/771 455/1/771 454/1/771
f 447/1/772 448/1/772 456/1/772
f 447/1/773 456/1/773 455/1/773
f 448/1/577 442/1/577 450/1/577
f 448/1/577 450/1/577 456/1/577
f 441/1/774 442/1/774 448/1/774
f 447/1/775 446/1/775 445/1/775
f 441/1/776 448/1/776 447/1/776
f 445/1/777 444/1/777 443/1/777
f 443/1/778 441/1/778 447/1/778
f 447/1/779 445/1/779 443/1/779
f 455/1/780 456/1/780 450/1/780
f 451/1/781 452/1/781 453/1/781
f 453/1/782 454/1/782 455/1/782
f 455/1/783 450/1/783 449/1/783
f 449/1/784 451/1/784 453/1/784
f 449/1/785 453/1/785 455/1/785
f 450/1/786 449/1/786 457/1/786
f 450/1/787 457/1/787 458/1/787
f 449/1/788 451/1/788 459/1/788
f 449/1/789 459/1/789 457/1/789
f 451/1/790 452/1/790 460/1/790
f 451/1/791 460/1/791 459/1/791
f 452/1/792 453/1/792 461/1/792
f 452/1/793 461/1/793 460/1/793
f 453/1/794 454/1/794 462/1/794
f 453/1/795 462/1/795 461/1/795
f 454/1/796 455/1/796 463/1/796
f 454/1/797 463/1/797 462/1/797
f 455/1/798 456/1/798 464/1/798
f 455/1/799 464/1/799 463/1/799
f 456/1/577 450/1/577 458/1/577
f 456/1/577 458/1/577 464/1/577
f 449/1/800 450/1/800 456/1/800
f 455/1/801 454/1/801 453/1/801
f 449/1/802 456/1/802 455/1/802
f 453/1/803 452/1/803 451/1/803
f 451/1/804 449/1/804 455/1/804
f 455/1/805 453/1/805 451/1/805
f 463/1/806 464/1/806 458/1/806
f 459/1/807 460/1/807 461/1/807
f 461/1/808 462/1/808 463/1/808
f 463/1/809 458/1/809 457/1/809
f 457/1/810 459/1/810 461/1/810
f 457/1/811 461/1/811 463/1/811
usemtl mat_2
f 465/1/577 466/1/577 467/1/577
f 467/1/577 468/1/577 469/1/577
f 469/1/577 470/1/577 471/1/577
f 471/1/577 472/1/577 465/1/577
f 465/1/577 467/1/577 469/1/577
f 469/1/577 471/1/577 465/1/577
f 473/1/812 474/1/812 475/1/812
f 475/1/812 476/1/812 477/1/812
f 477/1/812 478/1/812 479/1/812
f 479/1/812 480/1/812 473/1/812
f 473/1/812 475/1/812 477/1/812
f 477/1/812 479/1/812 473/1/812
f 465/1/813 472/1/813 475/1/813
f 465/1/813 475/1/813 474/1/813
f 472/1/814 471/1/814 476/1/814
f 472/1/814 476/1/814 475/1/814
f 471/1/815 470/1/815 477/1/815
f 471/1/815 477/1/815 476/1/815
f 470/1/816 469/1/816 478/1/816
f 470/1/816 478/1/816 477/1/816
f 469/1/817 468/1/817 479/1/817
f 469/1/817 479/1/817 478/1/817
f 468/1/818 467/1/818 480/1/818
f 468/1/818 480/1/818 479/1/818
f 467/1/819 466/1/819 473/1/819
f 467/1/819 473/1/819 480/1/819
f 466/1/820 465/1/820 474/1/820
f 466/1/820 474/1/820 473/1/820
f 481/1/821 482/1/821 483/1/821
f 483/1/822 484/1/822 485/1/822
f 485/1/821 486/1/821 487/1/821
f 487/1/822 488/1/822 481/1/822
f 481/1/823 483/1/823 485/1/823
f 485/1/823 487/1/823 481/1/823
f 489/1/824 490/1/824 491/1/824
f 491/1/825 492/1/825 493/1/825
f 493/1/826 494/1/826 495/1/826
f 495/1/827 496/1/827 489/1/827
f 489/1/828 491/1/828 493/1/828
f 493/1/829 495/1/829 489/1/829
f 481/1/830 488/1/830 491/1/830
f 481/1/831 491/1/831 490/1/831
f 488/1/832 487/1/832 492/1/832
f 488/1/832 492/1/832 491/1/832
f 487/1/833 486/1/833 493/1/833
f 487/1/834 493/1/834 492/1/834
f 486/1/835 485/1/835 494/1/835
f 486/1/836 494/1/836 493/1/836
f 485/1/837 484/1/837 495/1/837
f 485/1/838 495/1/838 494/1/838
f 484/1/839 483/1/839 496/1/839
f 484/1/839 496/1/839 495/1/839
f 483/1/840 482/1/840 489/1/840
f 483/1/841 489/1/841 496/1/841
f 482/1/842 481/1/842 490/1/842
f 482/1/843 490/1/843 489/1/843
f 497/1/844 498/1/844 499/1/844
f 499/1/845 500/1/845 501/1/845
f 501/1/844 502/1/844 503/1/844
f 503/1/845 504/1/845 497/1/845
f 497/1/846 499/1/846 501/1/846
f 501/1/846 503/1/846 497/1/846
f 505/1/847 506/1/847 507/1/847
f 507/1/848 508/1/848 509/1/848
f 509/1/847 510/1/847 511/1/847
f 511/1/848 512/1/848 505/1/848
f 505/1/849 507/1/849 509/1/849
f 509/1/849 511/1/849 505/1/849
f 497/1/850 504/1/850 507/1/850
f 497/1/851 507/1/851 506/1/851
f 504/1/852 503/1/852 508/1/852
f 504/1/853 508/1/853 507/1/853
f 503/1/854 502/1/854 509/1/854
f 503/1/855 509/1/855 508/1/855
f 502/1/856 501/1/856 510/1/856
f 502/1/857 510/1/857 509/1/857
f 501/1/858 500/1/858 511/1/858
f 501/1/859 511/1/859 510/1/859
f 500/1/860 499/1/860 512/1/860
f 500/1/861 512/1/861 511/1/861
f 499/1/862 498/1/862 505/1/862
f 499/1/863 505/1/863 512/1/863
f 498/1/864 497/1/864 506/1/864
f 498/1/865 506/1/865 505/1/865
f 513/1/866 514/1/866 515/1/866
f 515/1/867 516/1/867 517/1/867
f 517/1/866 518/1/866 519/1/866
f 519/1/867 520/1/867 513/1/867
f 513/1/868 515/1/868 517/1/868
f 517/1/868 519/1/868 513/1/868
f 521/1/869 522/1/869 523/1/869
f 523/1/870 524/1/870 525/1/870
f 525/1/869 526/1/869 527/1/869
f 527/1/870 528/1/870 521/1/870
f 521/1/871 523/1/871 525/1/871
f 525/1/871 527/1/871 521/1/871
f 513/1/872 520/1/872 523/1/872
f 513/1/873 523/1/873 522/1/873
f 520/1/874 519/1/874 524/1/874
f 520/1/875 524/1/875 523/1/875
f 519/1/876 518/1/876 525/1/876
f 519/1/877 525/1/877 524/1/877
f 518/1/878 517/1/878 526/1/878
f 518/1/879 526/1/879 525/1/879
f 517/1/880 516/1/880 527/1/880
f 517/1/881 527/1/881 526/1/881
f 516/1/882 515/1/882 528/1/882
f 516/1/883 528/1/883 527/1/883
f 515/1/884 514/1/884 521/1/884
f 515/1/885 521/1/885 528/1/885
f 514/1/886 513/1/886 522/1/886
f 514/1/887 522/1/887 521/1/887
f 529/1/888 530/1/888 531/1/888
f 531/1/889 532/1/889 533/1/889
f 533/1/888 534/1/888 535/1/888
f 535/1/889 536/1/889 529/1/889
f 529/1/890 531/1/890 533/1/890
f 533/1/890 535/1/890 529/1/890
f 537/1/891 538/1/891 539/1/891
f 539/1/892 540/1/892 541/1/892
f 541/1/891 542/1/891 543/1/891
f 543/1/892 544/1/892 537/1/892
f 537/1/893 539/1/893 541/1/893
f 541/1/893 543/1/893 537/1/893
f 529/1/894 536/1/894 539/1/894
f 529/1/895 539/1/895 538/1/895
f 536/1/896 535/1/896 540/1/896
f 536/1/896 540/1/896 539/1/896
f 535/1/897 534/1/897 541/1/897
f 535/1/898 541/1/898 540/1/898
f 534/1/899 533/1/899 542/1/899
f 534/1/900 542/1/900 541/1/900
f 533/1/901 532/1/901 543/1/901
f 533/1/902 543/1/902 542/1/902
f 532/1/903 531/1/903 544/1/903
f 532/1/903 544/1/903 543/1/903
f 531/1/904 530/1/904 537/1/904
f 531/1/905 537/1/905 544/1/905
f 530/1/906 529/1/906 538/1/906
f 530/1/907 538/1/907 537/1/907
f 545/1/908 546/1/908 547/1/908
f 547/1/909 548/1/909 549/1/909
f 549/1/908 550/1/908 551/1/908
f 551/1/909 552/1/909 545/1/909
f 545/1/910 547/1/910 549/1/910
f 549/1/910 551/1/910 545/1/910
f 553/1/911 554/1/911 555/1/911
f 555/1/912 556/1/912 557/1/912
f 557/1/911 558/1/911 559/1/911
f 559/1/912 560/1/912 553/1/912
f 553/1/913 555/1/913 557/1/913
f 557/1/913 559/1/913 553/1/913
f 545/1/914 552/1/914 555/1/914
f 545/1/915 555/1/915 554/1/915
f 552/1/916 551/1/916 556/1/916
f 552/1/917 556/1/917 555/1/917
f 551/1/918 550/1/918 557/1/918
f 551/1/919 557/1/919 556/1/919
f 550/1/920 549/1/920 558/1/920
f 550/1/921 558/1/921 557/1/921
f 549/1/922 548/1/922 559/1/922
f 549/1/923 559/1/923 558/1/923
f 548/1/924 547/1/924 560/1/924
f 548/1/925 560/1/925 559/1/925
f 547/1/926 546/1/926 553/1/926
f 547/1/927 553/1/927 560/1/927
f 546/1/928 545/1/928 554/1/928
f 546/1/929 554/1/929 553/1/929
f 561/1/930 562/1/930 563/1/930
f 563/1/931 564/1/931 565/1/931
f 565/1/930 566/1/930 567/1/930
f 567/1/931 568/1/931 561/1/931
f 561/1/932 563/1/932 565/1/932
f 565/1/932 567/1/932 561/1/932
f 569/1/933 570/1/933 571/1/933
f 571/1/934 572/1/934 573/1/934
f 573/1/933 574/1/933 575/1/933
f 575/1/934 576/1/934 569/1/934
f 569/1/934 571/1/934 573/1/934
f 573/1/934 575/1/934 569/1/934
f 561/1/935 568/1/935 571/1/935
f 561/1/935 571/1/935 570/1/935
f 568/1/936 567/1/936 572/1/936
f 568/1/937 572/1/937 571/1/937
f 567/1/938 566/1/938 573/1/938
f 567/1/939 573/1/939 572/1/939
f 566/1/940 565/1/940 574/1/940
f 566/1/940 574/1/940 573/1/940
f 565/1/941 564/1/941 575/1/941
f 565/1/941 575/1/941 574/1/941
f 564/1/942 563/1/942 576/1/942
f 564/1/943 576/1/943 575/1/943
f 563/1/944 562/1/944 569/1/944
f 563/1/945 569/1/945 576/1/945
f 562/1/946 561/1/946 570/1/946
f 562/1/946 570/1/946 569/1/946
f 577/1/947 578/1/947 579/1/947
f 579/1/948 580/1/948 581/1/948
f 581/1/947 582/1/947 583/1/947
f 583/1/948 584/1/948 577/1/948
f 577/1/949 579/1/949 581/1/949
f 581/1/949 583/1/949 577/1/949
f 585/1/950 586/1/950 587/1/950
f 587/1/951 588/1/951 589/1/951
f 589/1/950 590/1/950 591/1/950
f 591/1/952 592/1/952 585/1/952
f 585/1/953 587/1/953 589/1/953
f 589/1/953 591/1/953 585/1/953
f 577/1/954 584/1/954 587/1/954
f 577/1/954 587/1/954 586/1/954
f 584/1/955 583/1/955 588/1/955
f 584/1/956 588/1/956 587/1/956
f 583/1/957 582/1/957 589/1/957
f 583/1/958 589/1/958 588/1/958
f 582/1/959 581/1/959 590/1/959
f 582/1/959 590/1/959 589/1/959
f 581/1/960 580/1/960 591/1/960
f 581/1/960 591/1/960 590/1/960
f 580/1/961 579/1/961 592/1/961
f 580/1/962 592/1/962 591/1/962
f 579/1/963 578/1/963 585/1/963
f 579/1/963 585/1/963 592/1/963
f 578/1/964 577/1/964 586/1/964
f 578/1/964 586/1/964 585/1/964
f 593/1/965 594/1/965 595/1/965
f 595/1/966 596/1/966 597/1/966
f 597/1/965 598/1/965 599/1/965
f 599/1/966 600/1/966 593/1/966
f 593/1/967 595/1/967 597/1/967
f 597/1/967 599/1/967 593/1/967
f 601/1/968 602/1/968 603/1/968
f 603/1/969 604/1/969 605/1/969
f 605/1/968 606/1/968 607/1/968
f 607/1/969 608/1/969 601/1/969
f 601/1/970 603/1/970 605/1/970
f 605/1/970 607/1/970 601/1/970
f 593/1/971 600/1/971 603/1/971
f 593/1/972 603/1/972 602/1/972
f 600/1/973 599/1/973 604/1/973
f 600/1/973 604/1/973 603/1/973
f 599/1/974 598/1/974 605/1/974
f 599/1/975 605/1/975 604/1/975
f 598/1/976 597/1/976 606/1/976
f 598/1/977 606/1/977 605/1/977
f 597/1/978 596/1/978 607/1/978
f 597/1/979 607/1/979 606/1/979
f 596/1/980 595/1/980 608/1/980
f 596/1/980 608/1/980 607/1/980
f 595/1/981 594/1/981 601/1/981
f 595/1/982 601/1/982 608/1/982
f 594/1/983 593/1/983 602/1/983
f 594/1/984 602/1/984 601/1/984
f 609/1/985 610/1/985 611/1/985
f 611/1/986 612/1/986 613/1/986
f 613/1/985 614/1/985 615/1/985
f 615/1/986 616/1/986 609/1/986
f 609/1/987 611/1/987 613/1/987
f 613/1/987 615/1/987 609/1/987
f 617/1/988 618/1/988 619/1/988
f 619/1/989 620/1/989 621/1/989
f 621/1/988 622/1/988 623/1/988
f 623/1/989 624/1/989 617/1/989
f 617/1/990 619/1/990 621/1/990
f 621/1/990 623/1/990 617/1/990
f 609/1/991 616/1/991 619/1/991
f 609/1/992 619/1/992 618/1/992
f 616/1/993 615/1/993 620/1/993
f 616/1/994 620/1/994 619/1/994
f 615/1/995 614/1/995 621/1/995
f 615/1/996 621/1/996 620/1/996
f 614/1/997 613/1/997 622/1/997
f 614/1/998 622/1/998 621/1/998
f 613/1/999 612/1/999 623/1/999
f 613/1/1000 623/1/1000 622/1/1000
f 612/1/1001 611/1/1001 624/1/1001
f 612/1/1002 624/1/1002 623/1/1002
f 611/1/1003 610/1/1003 617/1/1003
f 611/1/1004 617/1/1004 624/1/1004
f 610/1/1005 609/1/1005 618/1/1005
f 610/1/1006 618/1/1006 617/1/1006
f 625/1/1007 626/1/1007 627/1/1007
f 627/1/1008 628/1/1008 629/1/1008
f 629/1/1007 630/1/1007 631/1/1007
f 631/1/1008 632/1/1008 625/1/1008
f 625/1/1009 627/1/1009 629/1/1009
f 629/1/1009 631/1/1009 625/1/1009
f 633/1/1010 634/1/1010 635/1/1010
f 635/1/1011 636/1/1011 637/1/1011
f 637/1/1010 638/1/1010 639/1/1010
f 639/1/1011 640/1/1011 633/1/1011
f 633/1/1012 635/1/1012 637/1/1012
f 637/1/1012 639/1/1012 633/1/1012
f 625/1/1013 632/1/1013 635/1/1013
f 625/1/1014 635/1/1014 634/1/1014
f 632/1/1015 631/1/1015 636/1/1015
f 632/1/1016 636/1/1016 635/1/1016
f 631/1/1017 630/1/1017 637/1/1017
f 631/1/1018 637/1/1018 636/1/1018
f 630/1/1019 629/1/1019 638/1/1019
f 630/1/1020 638/1/1020 637/1/1020
f 629/1/1021 628/1/1021 639/1/1021
f 629/1/1022 639/1/1022 638/1/1022
f 628/1/1023 627/1/1023 640/1/1023
f 628/1/1024 640/1/1024 639/1/1024
f 627/1/1025 626/1/1025 633/1/1025
f 627/1/1026 633/1/1026 640/1/1026
f 626/1/1027 625/1/1027 634/1/1027
f 626/1/1028 634/1/1028 633/1/1028
f 641/1/1029 642/1/1029 643/1/1029
f 643/1/1030 644/1/1030 645/1/1030
f 645/1/1029 646/1/1029 647/1/1029
f 647/1/1030 648/1/1030 641/1/1030
f 641/1/1031 643/1/1031 645/1/1031
f 645/1/1031 647/1/1031 641/1/1031
f 649/1/1032 650/1/1032 651/1/1032
f 651/1/1033 652/1/1033 653/1/1033
f 653/1/1034 654/1/1034 655/1/1034
f 655/1/1035 656/1/1035 649/1/1035
f 649/1/1036 651/1/1036 653/1/1036
f 653/1/1037 655/1/1037 649/1/1037
f 641/1/1038 648/1/1038 651/1/1038
f 641/1/1039 651/1/1039 650/1/1039
f 648/1/1040 647/1/1040 652/1/1040
f 648/1/1041 652/1/1041 651/1/1041
f 647/1/1042 646/1/1042 653/1/1042
f 647/1/1043 653/1/1043 652/1/1043
f 646/1/1044 645/1/1044 654/1/1044
f 646/1/1045 654/1/1045 653/1/1045
f 645/1/1046 644/1/1046 655/1/1046
f 645/1/1047 655/1/1047 654/1/1047
f 644/1/1048 643/1/1048 656/1/1048
f 644/1/1049 656/1/1049 655/1/1049
f 643/1/1050 642/1/1050 649/1/1050
f 643/1/1051 649/1/1051 656/1/1051
f 642/1/1052 641/1/1052 650/1/1052
f 642/1/1053 650/1/1053 649/1/1053
f 657/1/1054 658/1/1054 659/1/1054
f 659/1/1055 660/1/1055 661/1/1055
f 661/1/1054 662/1/1054 663/1/1054
f 663/1/1055 664/1/1055 657/1/1055
f 657/1/1056 659/1/1056 661/1/1056
f 661/1/1056 663/1/1056 657/1/1056
f 665/1/1057 666/1/1057 667/1/1057
f 667/1/1058 668/1/1058 669/1/1058
f 669/1/1057 670/1/1057 671/1/1057
f 671/1/1058 672/1/1058 665/1/1058
f 665/1/1057 667/1/1057 669/1/1057
f 669/1/1057 671/1/1057 665/1/1057
f 657/1/1059 664/1/1059 667/1/1059
f 657/1/1059 667/1/1059 666/1/1059
f 664/1/1060 663/1/1060 668/1/1060
f 664/1/1061 668/1/1061 667/1/1061
f 663/1/1062 662/1/1062 669/1/1062
f 663/1/1063 669/1/1063 668/1/1063
f 662/1/1064 661/1/1064 670/1/1064
f 662/1/1064 670/1/1064 669/1/1064
f 661/1/1065 660/1/1065 671/1/1065
f 661/1/1065 671/1/1065 670/1/1065
f 660/1/1066 659/1/1066 672/1/1066
f 660/1/1067 672/1/1067 671/1/1067
f 659/1/1068 658/1/1068 665/1/1068
f 659/1/1069 665/1/1069 672/1/1069
f 658/1/1070 657/1/1070 666/1/1070
f 658/1/1070 666/1/1070 665/1/1070
f 673/1/1071 674/1/1071 675/1/1071
f 675/1/1072 676/1/1072 677/1/1072
f 677/1/1071 678/1/1071 679/1/1071
f 679/1/1072 680/1/1072 673/1/1072
f 673/1/1073 675/1/1073 677/1/1073
f 677/1/1073 679/1/1073 673/1/1073
f 681/1/1074 682/1/1074 683/1/1074
f 683/1/1075 684/1/1075 685/1/1075
f 685/1/1076 686/1/1076 687/1/1076
f 687/1/1075 688/1/1075 681/1/1075
f 681/1/1077 683/1/1077 685/1/1077
f 685/1/1077 687/1/1077 681/1/1077
f 673/1/1078 680/1/1078 683/1/1078
f 673/1/1079 683/1/1079 682/1/1079
f 680/1/1080 679/1/1080 684/1/1080
f 680/1/1081 684/1/1081 683/1/1081
f 679/1/1082 678/1/1082 685/1/1082
f 679/1/1083 685/1/1083 684/1/1083
f 678/1/1084 677/1/1084 686/1/1084
f 678/1/1084 686/1/1084 685/1/1084
f 677/1/1085 676/1/1085 687/1/1085
f 677/1/1086 687/1/1086 686/1/1086
f 676/1/1087 675/1/1087 688/1/1087
f 676/1/1088 688/1/1088 687/1/1088
f 675/1/1089 674/1/1089 681/1/1089
f 675/1/1090 681/1/1090 688/1/1090
f 674/1/1091 673/1/1091 682/1/1091
f 674/1/1092 682/1/1092 681/1/1092
f 689/1/1093 690/1/1093 691/1/1093
f 691/1/1094 692/1/1094 693/1/1094
f 693/1/1093 694/1/1093 695/1/1093
f 695/1/1094 696/1/1094 689/1/1094
f 689/1/1095 691/1/1095 693/1/1095
f 693/1/1095 695/1/1095 689/1/1095
f 697/1/1096 698/1/1096 699/1/1096
f 699/1/1097 700/1/1097 701/1/1097
f 701/1/1096 702/1/1096 703/1/1096
f 703/1/1097 704/1/1097 697/1/1097
f 697/1/1098 699/1/1098 701/1/1098
f 701/1/1098 703/1/1098 697/1/1098
f 689/1/1099 696/1/1099 699/1/1099
f 689/1/1100 699/1/1100 698/1/1100
f 696/1/1101 695/1/1101 700/1/1101
f 696/1/1102 700/1/1102 699/1/1102
f 695/1/1103 694/1/1103 701/1/1103
f 695/1/1104 701/1/1104 700/1/1104
f 694/1/1105 693/1/1105 702/1/1105
f 694/1/1106 702/1/1106 701/1/1106
f 693/1/1107 692/1/1107 703/1/1107
f 693/1/1108 703/1/1108 702/1/1108
f 692/1/1109 691/1/1109 704/1/1109
f 692/1/1110 704/1/1110 703/1/1110
f 691/1/1111 690/1/1111 697/1/1111
f 691/1/1112 697/1/1112 704/1/1112
f 690/1/1113 689/1/1113 698/1/1113
f 690/1/1114 698/1/1114 697/1/1114
f 705/1/1115 706/1/1115 707/1/1115
f 707/1/1116 708/1/1116 709/1/1116
f 709/1/1115 710/1/1115 711/1/1115
f 711/1/1116 712/1/1116 705/1/1116
f 705/1/1117 707/1/1117 709/1/1117
f 709/1/1117 711/1/1117 705/1/1117
f 713/1/1118 714/1/1118 715/1/1118
f 715/1/1119 716/1/1119 717/1/1119
f 717/1/1118 718/1/1118 719/1/1118
f 719/1/1119 720/1/1119 713/1/1119
f 713/1/1120 715/1/1120 717/1/1120
f 717/1/1120 719/1/1120 713/1/1120
f 705/1/1121 712/1/1121 715/1/1121
f 705/1/1121 715/1/1121 714/1/1121
f 712/1/1122 711/1/1122 716/1/1122
f 712/1/1123 716/1/1123 715/1/1123
f 711/1/1124 710/1/1124 717/1/1124
f 711/1/1125 717/1/1125 716/1/1125
f 710/1/1126 709/1/1126 718/1/1126
f 710/1/1127 718/1/1127 717/1/1127
f 709/1/1128 708/1/1128 719/1/1128
f 709/1/1128 719/1/1128 718/1/1128
f 708/1/1129 707/1/1129 720/1/1129
f 708/1/1130 720/1/1130 719/1/1130
f 707/1/1131 706/1/1131 713/1/1131
f 707/1/1132 713/1/1132 720/1/1132
f 706/1/1133 705/1/1133 714/1/1133
f 706/1/1134 714/1/1134 713/1/1134
f 721/1/1135 722/1/1135 723/1/1135
f 723/1/1136 724/1/1136 725/1/1136
f 725/1/1135 726/1/1135 727/1/1135
f 727/1/1136 728/1/1136 721/1/1136
f 721/1/1137 723/1/1137 725/1/1137
f 725/1/1137 727/1/1137 721/1/1137
f 729/1/1138 730/1/1138 731/1/1138
f 731/1/1139 732/1/1139 733/1/1139
f 733/1/1138 734/1/1138 735/1/1138
f 735/1/1139 736/1/1139 729/1/1139
f 729/1/1140 731/1/1140 733/1/1140
f 733/1/1140 735/1/1140 729/1/1140
f 721/1/1141 728/1/1141 731/1/1141
f 721/1/1142 731/1/1142 730/1/1142
f 728/1/1143 727/1/1143 732/1/1143
f 728/1/1144 732/1/1144 731/1/1144
f 727/1/1145 726/1/1145 733/1/1145
f 727/1/1145 733/1/1145 732/1/1145
f 726/1/1146 725/1/1146 734/1/1146
f 726/1/1146 734/1/1146 733/1/1146
f 725/1/1147 724/1/1147 735/1/1147
f 725/1/1148 735/1/1148 734/1/1148
f 724/1/1149 723/1/1149 736/1/1149
f 724/1/1150 736/1/1150 735/1/1150
f 723/1/1151 722/1/1151 729/1/1151
f 723/1/1151 729/1/1151 736/1/1151
f 722/1/1152 721/1/1152 730/1/1152
f 722/1/1152 730/1/1152 729/1/1152
f 737/1/1153 738/1/1153 739/1/1153
f 739/1/1154 740/1/1154 741/1/1154
f 741/1/1153 742/1/1153 743/1/1153
f 743/1/1154 744/1/1154 737/1/1154
f 737/1/1155 739/1/1155 741/1/1155
f 741/1/1155 743/1/1155 737/1/1155
f 745/1/1156 746/1/1156 747/1/1156
f 747/1/1157 748/1/1157 749/1/1157
f 749/1/1156 750/1/1156 751/1/1156
f 751/1/1157 752/1/1157 745/1/1157
f 745/1/1158 747/1/1158 749/1/1158
f 749/1/1158 751/1/1158 745/1/1158
f 737/1/1159 744/1/1159 747/1/1159
f 737/1/1160 747/1/1160 746/1/1160
f 744/1/1161 743/1/1161 748/1/1161
f 744/1/1162 748/1/1162 747/1/1162
f 743/1/1163 742/1/1163 749/1/1163
f 743/1/1164 749/1/1164 748/1/1164
f 742/1/1165 741/1/1165 750/1/1165
f 742/1/1166 750/1/1166 749/1/1166
f 741/1/1167 740/1/1167 751/1/1167
f 741/1/1168 751/1/1168 750/1/1168
f 740/1/1169 739/1/1169 752/1/1169
f 740/1/1170 752/1/1170 751/1/1170
f 739/1/1171 738/1/1171 745/1/1171
f 739/1/1172 745/1/1172 752/1/1172
f 738/1/1173 737/1/1173 746/1/1173
f 738/1/1174 746/1/1174 745/1/1174
f 753/1/1175 754/1/1175 755/1/1175
f 755/1/1176 756/1/1176 757/1/1176
f 757/1/1175 758/1/1175 759/1/1175
f 759/1/1176 760/1/1176 753/1/1176
f 753/1/1177 755/1/1177 757/1/1177
f 757/1/1177 759/1/1177 753/1/1177
f 761/1/1178 762/1/1178 763/1/1178
f 763/1/1179 764/1/1179 765/1/1179
f 765/1/1178 766/1/1178 767/1/1178
f 767/1/1179 768/1/1179 761/1/1179
f 761/1/1179 763/1/1179 765/1/1179
f 765/1/1179 767/1/1179 761/1/1179
f 753/1/1180 760/1/1180 763/1/1180
f 753/1/1180 763/1/1180 762/1/1180
f 760/1/1181 759/1/1181 764/1/1181
f 760/1/1182 764/1/1182 763/1/1182
f 759/1/1183 758/1/1183 765/1/1183
f 759/1/1184 765/1/1184 764/1/1184
f 758/1/1185 757/1/1185 766/1/1185
f 758/1/1185 766/1/1185 765/1/1185
f 757/1/1186 756/1/1186 767/1/1186
f 757/1/1186 767/1/1186 766/1/1186
f 756/1/1187 755/1/1187 768/1/1187
f 756/1/1188 768/1/1188 767/1/1188
f 755/1/1189 754/1/1189 761/1/1189
f 755/1/1190 761/1/1190 768/1/1190
f 754/1/1191 753/1/1191 762/1/1191
f 754/1/1191 762/1/1191 761/1/1191
f 769/1/1192 770/1/1192 771/1/1192
f 771/1/1193 772/1/1193 773/1/1193
f 773/1/1192 774/1/1192 775/1/1192
f 775/1/1193 776/1/1193 769/1/1193
f 769/1/1194 771/1/1194 773/1/1194
f 773/1/1194 775/1/1194 769/1/1194
f 777/1/1195 778/1/1195 779/1/1195
f 779/1/1196 780/1/1196 781/1/1196
f 781/1/1195 782/1/1195 783/1/1195
f 783/1/1197 784/1/1197 777/1/1197
f 777/1/1198 779/1/1198 781/1/1198
f 781/1/1198 783/1/1198 777/1/1198
f 769/1/1199 776/1/1199 779/1/1199
f 769/1/1200 779/1/1200 778/1/1200
f 776/1/1201 775/1/1201 780/1/1201
f 776/1/1202 780/1/1202 779/1/1202
f 775/1/1203 774/1/1203 781/1/1203
f 775/1/1204 781/1/1204 780/1/1204
f 774/1/1205 773/1/1205 782/1/1205
f 774/1/1206 782/1/1206 781/1/1206
f 773/1/1207 772/1/1207 783/1/1207
f 773/1/1208 783/1/1208 782/1/1208
f 772/1/1209 771/1/1209 784/1/1209
f 772/1/1210 784/1/1210 783/1/1210
f 771/1/1211 770/1/1211 777/1/1211
f 771/1/1212 777/1/1212 784/1/1212
f 770/1/1213 769/1/1213 778/1/1213
f 770/1/1214 778/1/1214 777/1/1214
f 785/1/1215 786/1/1215 787/1/1215
f 787/1/1216 788/1/1216 789/1/1216
f 789/1/1215 790/1/1215 791/1/1215
f 791/1/1216 792/1/1216 785/1/1216
f 785/1/1217 787/1/1217 789/1/1217
f 789/1/1217 791/1/1217 785/1/1217
f 793/1/1218 794/1/1218 795/1/1218
f 795/1/1219 796/1/1219 797/1/1219
f 797/1/1218 798/1/1218 799/1/1218
f 799/1/1219 800/1/1219 793/1/1219
f 793/1/1220 795/1/1220 797/1/1220
f 797/1/1220 799/1/1220 793/1/1220
f 785/1/1221 792/1/1221 795/1/1221
f 785/1/1222 795/1/1222 794/1/1222
f 792/1/1223 791/1/1223 796/1/1223
f 792/1/1224 796/1/1224 795/1/1224
f 791/1/1225 790/1/1225 797/1/1225
f 791/1/1226 797/1/1226 796/1/1226
f 790/1/1227 789/1/1227 798/1/1227
f 790/1/1228 798/1/1228 797/1/1228
f 789/1/1229 788/1/1229 799/1/1229
f 789/1/1230 799/1/1230 798/1/1230
f 788/1/1231 787/1/1231 800/1/1231
f 788/1/1232 800/1/1232 799/1/1232
f 787/1/1233 786/1/1233 793/1/1233
f 787/1/1234 793/1/1234 800/1/1234
f 786/1/1235 785/1/1235 794/1/1235
f 786/1/1236 794/1/1236 793/1/1236
f 801/1/1237 802/1/1237 803/1/1237
f 803/1/1238 804/1/1238 805/1/1238
f 805/1/1237 806/1/1237 807/1/1237
f 807/1/1238 808/1/1238 801/1/1238
f 801/1/1239 803/1/1239 805/1/1239
f 805/1/1239 807/1/1239 801/1/1239
f 809/1/1240 810/1/1240 811/1/1240
f 811/1/1241 812/1/1241 813/1/1241
f 813/1/1240 814/1/1240 815/1/1240
f 815/1/1241 816/1/1241 809/1/1241
f 809/1/1242 811/1/1242 813/1/1242
f 813/1/1242 815/1/1242 809/1/1242
f 801/1/1243 808/1/1243 811/1/1243
f 801/1/1244 811/1/1244 810/1/1244
f 808/1/1245 807/1/1245 812/1/1245
f 808/1/1245 812/1/1245 811/1/1245
f 807/1/1246 806/1/1246 813/1/1246
f 807/1/1247 813/1/1247 812/1/1247
f 806/1/1248 805/1/1248 814/1/1248
f 806/1/1248 814/1/1248 813/1/1248
f 805/1/1249 804/1/1249 815/1/1249
f 805/1/1250 815/1/1250 814/1/1250
f 804/1/1251 803/1/1251 816/1/1251
f 804/1/1251 816/1/1251 815/1/1251
f 803/1/1252 802/1/1252 809/1/1252
f 803/1/1253 809/1/1253 816/1/1253
f 802/1/1254 801/1/1254 810/1/1254
f 802/1/1254 810/1/1254 809/1/1254
f 817/1/1255 818/1/1255 819/1/1255
f 819/1/1256 820/1/1256 821/1/1256
f 821/1/1255 822/1/1255 823/1/1255
f 823/1/1256 824/1/1256 817/1/1256
f 817/1/1257 819/1/1257 821/1/1257
f 821/1/1257 823/1/1257 817/1/1257
f 825/1/1258 826/1/1258 827/1/1258
f 827/1/1259 828/1/1259 829/1/1259
f 829/1/1258 830/1/1258 831/1/1258
f 831/1/1259 832/1/1259 825/1/1259
f 825/1/1260 827/1/1260 829/1/1260
f 829/1/1260 831/1/1260 825/1/1260
f 817/1/1261 824/1/1261 827/1/1261
f 817/1/1262 827/1/1262 826/1/1262
f 824/1/1263 823/1/1263 828/1/1263
f 824/1/1264 828/1/1264 827/1/1264
f 823/1/1265 822/1/1265 829/1/1265
f 823/1/1266 829/1/1266 828/1/1266
f 822/1/1267 821/1/1267 830/1/1267
f 822/1/1267 830/1/1267 829/1/1267
f 821/1/1268 820/1/1268 831/1/1268
f 821/1/1269 831/1/1269 830/1/1269
f 820/1/1270 819/1/1270 832/1/1270
f 820/1/1271 832/1/1271 831/1/1271
f 819/1/1272 818/1/1272 825/1/1272
f 819/1/1273 825/1/1273 832/1/1273
f 818/1/1274 817/1/1274 826/1/1274
f 818/1/1274 826/1/1274 825/1/1274
f 833/1/1275 834/1/1275 835/1/1275
f 835/1/1276 836/1/1276 837/1/1276
f 837/1/1275 838/1/1275 839/1/1275
f 839/1/1276 840/1/1276 833/1/1276
f 833/1/1277 835/1/1277 837/1/1277
f 837/1/1277 839/1/1277 833/1/1277
f 841/1/1278 842/1/1278 843/1/1278
f 843/1/1279 844/1/1279 845/1/1279
f 845/1/1280 846/1/1280 847/1/1280
f 847/1/1281 848/1/1281 841/1/1281
f 841/1/1282 843/1/1282 845/1/1282
f 845/1/1283 847/1/1283 841/1/1283
f 833/1/1284 840/1/1284 843/1/1284
f 833/1/1285 843/1/1285 842/1/1285
f 840/1/1286 839/1/1286 844/1/1286
f 840/1/1287 844/1/1287 843/1/1287
f 839/1/1288 838/1/1288 845/1/1288
f 839/1/1289 845/1/1289 844/1/1289
f 838/1/1290 837/1/1290 846/1/1290
f 838/1/1291 846/1/1291 845/1/1291
f 837/1/1292 836/1/1292 847/1/1292
f 837/1/1292 847/1/1292 846/1/1292
f 836/1/1293 835/1/1293 848/1/1293
f 836/1/1294 848/1/1294 847/1/1294
f 835/1/1295 834/1/1295 841/1/1295
f 835/1/1296 841/1/1296 848/1/1296
f 834/1/1297 833/1/1297 842/1/1297
f 834/1/1298 842/1/1298 841/1/1298
