# Generated by tools-import-turbines.py; estimated STEP scale.
mtllib materials.mtl
s off
v 3.940000000 0.250000000 2.750000000
v 3.940000000 0.750000000 2.750000000
v 3.940000000 0.750000000 2.250000000
v 3.940000000 0.250000000 2.250000000
v 4.000000000 0.250000000 2.250000000
v 4.000000000 0.750000000 2.250000000
v 4.000000000 0.750000000 2.750000000
v 4.000000000 0.250000000 2.750000000
v 3.940000000 0.250000000 0.750000000
v 3.940000000 0.750000000 0.750000000
v 3.940000000 0.750000000 0.250000000
v 3.940000000 0.250000000 0.250000000
v 4.000000000 0.250000000 0.250000000
v 4.000000000 0.750000000 0.250000000
v 4.000000000 0.750000000 0.750000000
v 4.000000000 0.250000000 0.750000000
v 1.977461139 1.730288453 2.341875000
v 1.977461139 1.730288453 2.336875000
v 2.014961139 1.665336547 2.336875000
v 2.014961139 1.665336547 2.341875000
v 2.022538861 1.669711547 2.341875000
v 2.022538861 1.669711547 2.336875000
v 1.985038861 1.734663453 2.336875000
v 1.985038861 1.734663453 2.341875000
v 3.039961139 2.042788453 2.216875000
v 3.039961139 2.042788453 2.211875000
v 3.077461139 1.977836547 2.211875000
v 3.077461139 1.977836547 2.216875000
v 3.085038861 1.982211547 2.216875000
v 3.085038861 1.982211547 2.211875000
v 3.047538861 2.047163453 2.211875000
v 3.047538861 2.047163453 2.216875000
v 1.227461139 2.542788453 2.154375000
v 1.227461139 2.542788453 2.149375000
v 1.264961139 2.477836547 2.149375000
v 1.264961139 2.477836547 2.154375000
v 1.272538861 2.482211547 2.154375000
v 1.272538861 2.482211547 2.149375000
v 1.235038861 2.547163453 2.149375000
v 1.235038861 2.547163453 2.154375000
v 2.602778489 3.391250000 1.181250000
v 2.602778489 3.391250000 1.137500000
v 2.602778489 3.383750000 1.137500000
v 2.602778489 3.383750000 1.181250000
v 2.772221511 3.383750000 1.181250000
v 2.772221511 3.383750000 1.137500000
v 2.772221511 3.391250000 1.137500000
v 2.772221511 3.391250000 1.181250000
v 2.550890669 3.391250000 1.225000000
v 2.550890669 3.391250000 1.181250000
v 2.550890669 3.383750000 1.181250000
v 2.550890669 3.383750000 1.225000000
v 2.824109331 3.383750000 1.225000000
v 2.824109331 3.383750000 1.181250000
v 2.824109331 3.391250000 1.181250000
v 2.824109331 3.391250000 1.225000000
v 2.525270658 3.391250000 1.268750000
v 2.525270658 3.391250000 1.225000000
v 2.525270658 3.383750000 1.225000000
v 2.525270658 3.383750000 1.268750000
v 2.849729342 3.383750000 1.268750000
v 2.849729342 3.383750000 1.225000000
v 2.849729342 3.391250000 1.225000000
v 2.849729342 3.391250000 1.268750000
v 2.513872570 3.391250000 1.312500000
v 2.513872570 3.391250000 1.268750000
v 2.513872570 3.383750000 1.268750000
v 2.513872570 3.383750000 1.312500000
v 2.861127430 3.383750000 1.312500000
v 2.861127430 3.383750000 1.268750000
v 2.861127430 3.391250000 1.268750000
v 2.861127430 3.391250000 1.312500000
v 2.513872570 3.391250000 1.356250000
v 2.513872570 3.383750000 1.356250000
v 2.861127430 3.383750000 1.356250000
v 2.861127430 3.391250000 1.356250000
v 2.525270658 3.391250000 1.400000000
v 2.525270658 3.391250000 1.356250000
v 2.525270658 3.383750000 1.356250000
v 2.525270658 3.383750000 1.400000000
v 2.849729342 3.383750000 1.400000000
v 2.849729342 3.383750000 1.356250000
v 2.849729342 3.391250000 1.356250000
v 2.849729342 3.391250000 1.400000000
v 2.550890669 3.391250000 1.443750000
v 2.550890669 3.391250000 1.400000000
v 2.550890669 3.383750000 1.400000000
v 2.550890669 3.383750000 1.443750000
v 2.824109331 3.383750000 1.443750000
v 2.824109331 3.383750000 1.400000000
v 2.824109331 3.391250000 1.400000000
v 2.824109331 3.391250000 1.443750000
v 2.602778489 3.391250000 1.487500000
v 2.602778489 3.391250000 1.443750000
v 2.602778489 3.383750000 1.443750000
v 2.602778489 3.383750000 1.487500000
v 2.772221511 3.383750000 1.487500000
v 2.772221511 3.383750000 1.443750000
v 2.772221511 3.391250000 1.443750000
v 2.772221511 3.391250000 1.487500000
v 3.153125000 1.875000000 2.159375000
v 3.153125000 1.875000000 2.090625000
v 3.153125000 1.375000000 2.090625000
v 3.153125000 1.375000000 2.159375000
v 3.221875000 1.375000000 2.159375000
v 3.221875000 1.375000000 2.090625000
v 3.221875000 1.875000000 2.090625000
v 3.221875000 1.875000000 2.159375000
v 2.812500000 1.909375000 2.159375000
v 2.812500000 1.909375000 2.090625000
v 2.812500000 1.840625000 2.090625000
v 2.812500000 1.840625000 2.159375000
v 3.187500000 1.840625000 2.159375000
v 3.187500000 1.840625000 2.090625000
v 3.187500000 1.909375000 2.090625000
v 3.187500000 1.909375000 2.159375000
v 3.750000000 0.343750000 2.812500000
v 3.750000000 0.343750000 0.187500000
v 3.750000000 0.031250000 0.187500000
v 3.750000000 0.031250000 2.812500000
v 3.875000000 0.031250000 2.812500000
v 3.875000000 0.031250000 0.187500000
v 3.875000000 0.343750000 0.187500000
v 3.875000000 0.343750000 2.812500000
v 0.125000000 0.343750000 2.812500000
v 0.125000000 0.343750000 0.187500000
v 0.125000000 0.031250000 0.187500000
v 0.125000000 0.031250000 2.812500000
v 0.250000000 0.031250000 2.812500000
v 0.250000000 0.031250000 0.187500000
v 0.250000000 0.343750000 0.187500000
v 0.250000000 0.343750000 2.812500000
v 1.062500000 0.343750000 2.812500000
v 1.062500000 0.343750000 0.187500000
v 1.062500000 0.031250000 0.187500000
v 1.062500000 0.031250000 2.812500000
v 1.187500000 0.031250000 2.812500000
v 1.187500000 0.031250000 0.187500000
v 1.187500000 0.343750000 0.187500000
v 1.187500000 0.343750000 2.812500000
v 2.062500000 0.343750000 2.812500000
v 2.062500000 0.343750000 0.187500000
v 2.062500000 0.031250000 0.187500000
v 2.062500000 0.031250000 2.812500000
v 2.187500000 0.031250000 2.812500000
v 2.187500000 0.031250000 0.187500000
v 2.187500000 0.343750000 0.187500000
v 2.187500000 0.343750000 2.812500000
v 3.000000000 0.343750000 2.812500000
v 3.000000000 0.343750000 0.187500000
v 3.000000000 0.031250000 0.187500000
v 3.000000000 0.031250000 2.812500000
v 3.125000000 0.031250000 2.812500000
v 3.125000000 0.031250000 0.187500000
v 3.125000000 0.343750000 0.187500000
v 3.125000000 0.343750000 2.812500000
v 0.812500000 0.671875000 2.687500000
v 0.812500000 0.671875000 2.562500000
v 0.812500000 0.578125000 2.562500000
v 0.812500000 0.578125000 2.687500000
v 0.937500000 0.578125000 2.687500000
v 0.937500000 0.578125000 2.562500000
v 0.937500000 0.671875000 2.562500000
v 0.937500000 0.671875000 2.687500000
v 1.500000000 0.671875000 2.687500000
v 1.500000000 0.671875000 2.562500000
v 1.500000000 0.578125000 2.562500000
v 1.500000000 0.578125000 2.687500000
v 1.625000000 0.578125000 2.687500000
v 1.625000000 0.578125000 2.562500000
v 1.625000000 0.671875000 2.562500000
v 1.625000000 0.671875000 2.687500000
v 3.000000000 0.671875000 2.687500000
v 3.000000000 0.671875000 2.562500000
v 3.000000000 0.578125000 2.562500000
v 3.000000000 0.578125000 2.687500000
v 3.125000000 0.578125000 2.687500000
v 3.125000000 0.578125000 2.562500000
v 3.125000000 0.671875000 2.562500000
v 3.125000000 0.671875000 2.687500000
v 2.937500000 1.040376120 1.965625000
v 2.937500000 1.040376120 1.912500000
v 2.937500000 0.834623880 1.912500000
v 2.937500000 0.834623880 1.965625000
v 3.812500000 0.834623880 1.965625000
v 3.812500000 0.834623880 1.912500000
v 3.812500000 1.040376120 1.912500000
v 3.812500000 1.040376120 1.965625000
v 2.937500000 1.103382759 2.018750000
v 2.937500000 1.103382759 1.965625000
v 2.937500000 0.771617241 1.965625000
v 2.937500000 0.771617241 2.018750000
v 3.812500000 0.771617241 2.018750000
v 3.812500000 0.771617241 1.965625000
v 3.812500000 1.103382759 1.965625000
v 3.812500000 1.103382759 2.018750000
v 2.937500000 1.134492772 2.071875000
v 2.937500000 1.134492772 2.018750000
v 2.937500000 0.740507228 2.018750000
v 2.937500000 0.740507228 2.071875000
v 3.812500000 0.740507228 2.071875000
v 3.812500000 0.740507228 2.018750000
v 3.812500000 1.134492772 2.018750000
v 3.812500000 1.134492772 2.071875000
v 2.937500000 1.148333308 2.125000000
v 2.937500000 1.148333308 2.071875000
v 2.937500000 0.726666692 2.071875000
v 2.937500000 0.726666692 2.125000000
v 3.812500000 0.726666692 2.125000000
v 3.812500000 0.726666692 2.071875000
v 3.812500000 1.148333308 2.071875000
v 3.812500000 1.148333308 2.125000000
v 2.937500000 1.148333308 2.178125000
v 2.937500000 0.726666692 2.178125000
v 3.812500000 0.726666692 2.178125000
v 3.812500000 1.148333308 2.178125000
v 2.937500000 1.134492772 2.231250000
v 2.937500000 1.134492772 2.178125000
v 2.937500000 0.740507228 2.178125000
v 2.937500000 0.740507228 2.231250000
v 3.812500000 0.740507228 2.231250000
v 3.812500000 0.740507228 2.178125000
v 3.812500000 1.134492772 2.178125000
v 3.812500000 1.134492772 2.231250000
v 2.937500000 1.103382759 2.284375000
v 2.937500000 1.103382759 2.231250000
v 2.937500000 0.771617241 2.231250000
v 2.937500000 0.771617241 2.284375000
v 3.812500000 0.771617241 2.284375000
v 3.812500000 0.771617241 2.231250000
v 3.812500000 1.103382759 2.231250000
v 3.812500000 1.103382759 2.284375000
v 2.937500000 1.040376120 2.337500000
v 2.937500000 1.040376120 2.284375000
v 2.937500000 0.834623880 2.284375000
v 2.937500000 0.834623880 2.337500000
v 3.812500000 0.834623880 2.337500000
v 3.812500000 0.834623880 2.284375000
v 3.812500000 1.040376120 2.284375000
v 3.812500000 1.040376120 2.337500000
v 0.500000000 0.517187500 2.454687500
v 0.500000000 0.517187500 2.420312500
v 0.500000000 0.482812500 2.420312500
v 0.500000000 0.482812500 2.454687500
v 2.937500000 0.482812500 2.454687500
v 2.937500000 0.482812500 2.420312500
v 2.937500000 0.517187500 2.420312500
v 2.937500000 0.517187500 2.454687500
v 2.920312500 0.750000000 2.454687500
v 2.920312500 0.750000000 2.420312500
v 2.920312500 0.500000000 2.420312500
v 2.920312500 0.500000000 2.454687500
v 2.954687500 0.500000000 2.454687500
v 2.954687500 0.500000000 2.420312500
v 2.954687500 0.750000000 2.420312500
v 2.954687500 0.750000000 2.454687500
v 2.937500000 0.767187500 2.454687500
v 2.937500000 0.767187500 2.420312500
v 2.937500000 0.732812500 2.420312500
v 2.937500000 0.732812500 2.454687500
v 3.562500000 0.732812500 2.454687500
v 3.562500000 0.732812500 2.420312500
v 3.562500000 0.767187500 2.420312500
v 3.562500000 0.767187500 2.454687500
v 0.500000000 0.570312500 2.517187500
v 0.500000000 0.570312500 2.482812500
v 0.500000000 0.535937500 2.482812500
v 0.500000000 0.535937500 2.517187500
v 2.937500000 0.535937500 2.517187500
v 2.937500000 0.535937500 2.482812500
v 2.937500000 0.570312500 2.482812500
v 2.937500000 0.570312500 2.517187500
v 2.920312500 0.812500000 2.517187500
v 2.920312500 0.812500000 2.482812500
v 2.920312500 0.553125000 2.482812500
v 2.920312500 0.553125000 2.517187500
v 2.954687500 0.553125000 2.517187500
v 2.954687500 0.553125000 2.482812500
v 2.954687500 0.812500000 2.482812500
v 2.954687500 0.812500000 2.517187500
v 2.937500000 0.829687500 2.517187500
v 2.937500000 0.829687500 2.482812500
v 2.937500000 0.795312500 2.482812500
v 2.937500000 0.795312500 2.517187500
v 3.562500000 0.795312500 2.517187500
v 3.562500000 0.795312500 2.482812500
v 3.562500000 0.829687500 2.482812500
v 3.562500000 0.829687500 2.517187500
v 0.500000000 0.623437500 2.579687500
v 0.500000000 0.623437500 2.545312500
v 0.500000000 0.589062500 2.545312500
v 0.500000000 0.589062500 2.579687500
v 2.937500000 0.589062500 2.579687500
v 2.937500000 0.589062500 2.545312500
v 2.937500000 0.623437500 2.545312500
v 2.937500000 0.623437500 2.579687500
v 2.920312500 0.875000000 2.579687500
v 2.920312500 0.875000000 2.545312500
v 2.920312500 0.606250000 2.545312500
v 2.920312500 0.606250000 2.579687500
v 2.954687500 0.606250000 2.579687500
v 2.954687500 0.606250000 2.545312500
v 2.954687500 0.875000000 2.545312500
v 2.954687500 0.875000000 2.579687500
v 2.937500000 0.892187500 2.579687500
v 2.937500000 0.892187500 2.545312500
v 2.937500000 0.857812500 2.545312500
v 2.937500000 0.857812500 2.579687500
v 3.562500000 0.857812500 2.579687500
v 3.562500000 0.857812500 2.545312500
v 3.562500000 0.892187500 2.545312500
v 3.562500000 0.892187500 2.579687500
v 0.500000000 0.676562500 2.642187500
v 0.500000000 0.676562500 2.607812500
v 0.500000000 0.642187500 2.607812500
v 0.500000000 0.642187500 2.642187500
v 2.937500000 0.642187500 2.642187500
v 2.937500000 0.642187500 2.607812500
v 2.937500000 0.676562500 2.607812500
v 2.937500000 0.676562500 2.642187500
v 2.920312500 0.937500000 2.642187500
v 2.920312500 0.937500000 2.607812500
v 2.920312500 0.659375000 2.607812500
v 2.920312500 0.659375000 2.642187500
v 2.954687500 0.659375000 2.642187500
v 2.954687500 0.659375000 2.607812500
v 2.954687500 0.937500000 2.607812500
v 2.954687500 0.937500000 2.642187500
v 2.937500000 0.954687500 2.642187500
v 2.937500000 0.954687500 2.607812500
v 2.937500000 0.920312500 2.607812500
v 2.937500000 0.920312500 2.642187500
v 3.562500000 0.920312500 2.642187500
v 3.562500000 0.920312500 2.607812500
v 3.562500000 0.954687500 2.607812500
v 3.562500000 0.954687500 2.642187500
v 3.062500000 1.814582266 1.115625000
v 3.062500000 1.814582266 1.050000000
v 3.062500000 1.560417734 1.050000000
v 3.062500000 1.560417734 1.115625000
v 3.312500000 1.560417734 1.115625000
v 3.312500000 1.560417734 1.050000000
v 3.312500000 1.814582266 1.050000000
v 3.312500000 1.814582266 1.115625000
v 3.062500000 1.892413997 1.181250000
v 3.062500000 1.892413997 1.115625000
v 3.062500000 1.482586003 1.115625000
v 3.062500000 1.482586003 1.181250000
v 3.312500000 1.482586003 1.181250000
v 3.312500000 1.482586003 1.115625000
v 3.312500000 1.892413997 1.115625000
v 3.312500000 1.892413997 1.181250000
v 3.062500000 1.930844013 1.246875000
v 3.062500000 1.930844013 1.181250000
v 3.062500000 1.444155987 1.181250000
v 3.062500000 1.444155987 1.246875000
v 3.312500000 1.444155987 1.246875000
v 3.312500000 1.444155987 1.181250000
v 3.312500000 1.930844013 1.181250000
v 3.312500000 1.930844013 1.246875000
v 3.062500000 1.947941145 1.312500000
v 3.062500000 1.947941145 1.246875000
v 3.062500000 1.427058855 1.246875000
v 3.062500000 1.427058855 1.312500000
v 3.312500000 1.427058855 1.312500000
v 3.312500000 1.427058855 1.246875000
v 3.312500000 1.947941145 1.246875000
v 3.312500000 1.947941145 1.312500000
v 3.062500000 1.947941145 1.378125000
v 3.062500000 1.427058855 1.378125000
v 3.312500000 1.427058855 1.378125000
v 3.312500000 1.947941145 1.378125000
v 3.062500000 1.930844013 1.443750000
v 3.062500000 1.930844013 1.378125000
v 3.062500000 1.444155987 1.378125000
v 3.062500000 1.444155987 1.443750000
v 3.312500000 1.444155987 1.443750000
v 3.312500000 1.444155987 1.378125000
v 3.312500000 1.930844013 1.378125000
v 3.312500000 1.930844013 1.443750000
v 3.062500000 1.892413997 1.509375000
v 3.062500000 1.892413997 1.443750000
v 3.062500000 1.482586003 1.443750000
v 3.062500000 1.482586003 1.509375000
v 3.312500000 1.482586003 1.509375000
v 3.312500000 1.482586003 1.443750000
v 3.312500000 1.892413997 1.443750000
v 3.312500000 1.892413997 1.509375000
v 3.062500000 1.814582266 1.575000000
v 3.062500000 1.814582266 1.509375000
v 3.062500000 1.560417734 1.509375000
v 3.062500000 1.560417734 1.575000000
v 3.312500000 1.560417734 1.575000000
v 3.312500000 1.560417734 1.509375000
v 3.312500000 1.814582266 1.509375000
v 3.312500000 1.814582266 1.575000000
v 1.859375000 2.500000000 0.828125000
v 1.859375000 2.500000000 0.796875000
v 1.859375000 0.875000000 0.796875000
v 1.859375000 0.875000000 0.828125000
v 1.890625000 0.875000000 0.828125000
v 1.890625000 0.875000000 0.796875000
v 1.890625000 2.500000000 0.796875000
v 1.890625000 2.500000000 0.828125000
v 1.875000000 2.515625000 0.828125000
v 1.875000000 2.515625000 0.796875000
v 1.875000000 2.484375000 0.796875000
v 1.875000000 2.484375000 0.828125000
v 2.875000000 2.484375000 0.828125000
v 2.875000000 2.484375000 0.796875000
v 2.875000000 2.515625000 0.796875000
v 2.875000000 2.515625000 0.828125000
v 2.859375000 2.500000000 0.828125000
v 2.859375000 2.500000000 0.796875000
v 2.859375000 1.875000000 0.796875000
v 2.859375000 1.875000000 0.828125000
v 2.890625000 1.875000000 0.828125000
v 2.890625000 1.875000000 0.796875000
v 2.890625000 2.500000000 0.796875000
v 2.890625000 2.500000000 0.828125000
v 0.000000000 0.343750000 0.193750000
v 0.000000000 0.343750000 0.118750000
v 0.000000000 0.031250000 0.118750000
v 0.000000000 0.031250000 0.193750000
v 4.000000000 0.031250000 0.193750000
v 4.000000000 0.031250000 0.118750000
v 4.000000000 0.343750000 0.118750000
v 4.000000000 0.343750000 0.193750000
v 0.000000000 0.343750000 2.881250000
v 0.000000000 0.343750000 2.806250000
v 0.000000000 0.031250000 2.806250000
v 0.000000000 0.031250000 2.881250000
v 4.000000000 0.031250000 2.881250000
v 4.000000000 0.031250000 2.806250000
v 4.000000000 0.343750000 2.806250000
v 4.000000000 0.343750000 2.881250000
v 2.112500000 2.187500000 2.200000000
v 2.112500000 2.187500000 2.175000000
v 2.112500000 1.562500000 2.175000000
v 2.112500000 1.562500000 2.200000000
v 2.137500000 1.562500000 2.200000000
v 2.137500000 1.562500000 2.175000000
v 2.137500000 2.187500000 2.175000000
v 2.137500000 2.187500000 2.200000000
v 2.362500000 2.187500000 2.200000000
v 2.362500000 2.187500000 2.175000000
v 2.362500000 1.562500000 2.175000000
v 2.362500000 1.562500000 2.200000000
v 2.387500000 1.562500000 2.200000000
v 2.387500000 1.562500000 2.175000000
v 2.387500000 2.187500000 2.175000000
v 2.387500000 2.187500000 2.200000000
v 0.159375000 0.112500000 0.184375000
v 0.159375000 0.112500000 0.128125000
v 0.159375000 0.050000000 0.128125000
v 0.159375000 0.050000000 0.184375000
v 0.215625000 0.050000000 0.184375000
v 0.215625000 0.050000000 0.128125000
v 0.215625000 0.112500000 0.128125000
v 0.215625000 0.112500000 0.184375000
v 0.159375000 0.112500000 2.871875000
v 0.159375000 0.112500000 2.815625000
v 0.159375000 0.050000000 2.815625000
v 0.159375000 0.050000000 2.871875000
v 0.215625000 0.050000000 2.871875000
v 0.215625000 0.050000000 2.815625000
v 0.215625000 0.112500000 2.815625000
v 0.215625000 0.112500000 2.871875000
v 3.784375000 0.112500000 0.184375000
v 3.784375000 0.112500000 0.128125000
v 3.784375000 0.050000000 0.128125000
v 3.784375000 0.050000000 0.184375000
v 3.840625000 0.050000000 0.184375000
v 3.840625000 0.050000000 0.128125000
v 3.840625000 0.112500000 0.128125000
v 3.840625000 0.112500000 0.184375000
v 3.784375000 0.112500000 2.871875000
v 3.784375000 0.112500000 2.815625000
v 3.784375000 0.050000000 2.815625000
v 3.784375000 0.050000000 2.871875000
v 3.840625000 0.050000000 2.871875000
v 3.840625000 0.050000000 2.815625000
v 3.840625000 0.112500000 2.815625000
v 3.840625000 0.112500000 2.871875000
v 0.031250000 0.043750000 0.312500000
v 0.031250000 0.043750000 0.000000000
v 0.031250000 0.006250000 0.000000000
v 0.031250000 0.006250000 0.312500000
v 0.343750000 0.006250000 0.312500000
v 0.343750000 0.006250000 0.000000000
v 0.343750000 0.043750000 0.000000000
v 0.343750000 0.043750000 0.312500000
v 0.031250000 0.043750000 3.000000000
v 0.031250000 0.043750000 2.687500000
v 0.031250000 0.006250000 2.687500000
v 0.031250000 0.006250000 3.000000000
v 0.343750000 0.006250000 3.000000000
v 0.343750000 0.006250000 2.687500000
v 0.343750000 0.043750000 2.687500000
v 0.343750000 0.043750000 3.000000000
v 3.656250000 0.043750000 0.312500000
v 3.656250000 0.043750000 0.000000000
v 3.656250000 0.006250000 0.000000000
v 3.656250000 0.006250000 0.312500000
v 3.968750000 0.006250000 0.312500000
v 3.968750000 0.006250000 0.000000000
v 3.968750000 0.043750000 0.000000000
v 3.968750000 0.043750000 0.312500000
v 3.656250000 0.043750000 3.000000000
v 3.656250000 0.043750000 2.687500000
v 3.656250000 0.006250000 2.687500000
v 3.656250000 0.006250000 3.000000000
v 3.968750000 0.006250000 3.000000000
v 3.968750000 0.006250000 2.687500000
v 3.968750000 0.043750000 2.687500000
v 3.968750000 0.043750000 3.000000000
v 2.964062500 1.179687500 2.142187500
v 2.964062500 1.179687500 2.107812500
v 2.964062500 1.145312500 2.107812500
v 2.964062500 1.145312500 2.142187500
v 2.998437500 1.145312500 2.142187500
v 2.998437500 1.145312500 2.107812500
v 2.998437500 1.179687500 2.107812500
v 2.998437500 1.179687500 2.142187500
v 3.839062500 1.179687500 2.142187500
v 3.839062500 1.179687500 2.107812500
v 3.839062500 1.145312500 2.107812500
v 3.839062500 1.145312500 2.142187500
v 3.873437500 1.145312500 2.142187500
v 3.873437500 1.145312500 2.107812500
v 3.873437500 1.179687500 2.107812500
v 3.873437500 1.179687500 2.142187500
v 2.964062500 1.067187500 2.337043216
v 2.964062500 1.067187500 2.302668216
v 2.964062500 1.032812500 2.302668216
v 2.964062500 1.032812500 2.337043216
v 2.998437500 1.032812500 2.337043216
v 2.998437500 1.032812500 2.302668216
v 2.998437500 1.067187500 2.302668216
v 2.998437500 1.067187500 2.337043216
v 3.839062500 1.067187500 2.337043216
v 3.839062500 1.067187500 2.302668216
v 3.839062500 1.032812500 2.302668216
v 3.839062500 1.032812500 2.337043216
v 3.873437500 1.032812500 2.337043216
v 3.873437500 1.032812500 2.302668216
v 3.873437500 1.067187500 2.302668216
v 3.873437500 1.067187500 2.337043216
v 2.964062500 0.842187500 2.337043216
v 2.964062500 0.842187500 2.302668216
v 2.964062500 0.807812500 2.302668216
v 2.964062500 0.807812500 2.337043216
v 2.998437500 0.807812500 2.337043216
v 2.998437500 0.807812500 2.302668216
v 2.998437500 0.842187500 2.302668216
v 2.998437500 0.842187500 2.337043216
v 3.839062500 0.842187500 2.337043216
v 3.839062500 0.842187500 2.302668216
v 3.839062500 0.807812500 2.302668216
v 3.839062500 0.807812500 2.337043216
v 3.873437500 0.807812500 2.337043216
v 3.873437500 0.807812500 2.302668216
v 3.873437500 0.842187500 2.302668216
v 3.873437500 0.842187500 2.337043216
v 2.964062500 0.729687500 2.142187500
v 2.964062500 0.729687500 2.107812500
v 2.964062500 0.695312500 2.107812500
v 2.964062500 0.695312500 2.142187500
v 2.998437500 0.695312500 2.142187500
v 2.998437500 0.695312500 2.107812500
v 2.998437500 0.729687500 2.107812500
v 2.998437500 0.729687500 2.142187500
v 3.839062500 0.729687500 2.142187500
v 3.839062500 0.729687500 2.107812500
v 3.839062500 0.695312500 2.107812500
v 3.839062500 0.695312500 2.142187500
v 3.873437500 0.695312500 2.142187500
v 3.873437500 0.695312500 2.107812500
v 3.873437500 0.729687500 2.107812500
v 3.873437500 0.729687500 2.142187500
v 2.964062500 0.842187500 1.947331784
v 2.964062500 0.842187500 1.912956784
v 2.964062500 0.807812500 1.912956784
v 2.964062500 0.807812500 1.947331784
v 2.998437500 0.807812500 1.947331784
v 2.998437500 0.807812500 1.912956784
v 2.998437500 0.842187500 1.912956784
v 2.998437500 0.842187500 1.947331784
v 3.839062500 0.842187500 1.947331784
v 3.839062500 0.842187500 1.912956784
v 3.839062500 0.807812500 1.912956784
v 3.839062500 0.807812500 1.947331784
v 3.873437500 0.807812500 1.947331784
v 3.873437500 0.807812500 1.912956784
v 3.873437500 0.842187500 1.912956784
v 3.873437500 0.842187500 1.947331784
v 2.964062500 1.067187500 1.947331784
v 2.964062500 1.067187500 1.912956784
v 2.964062500 1.032812500 1.912956784
v 2.964062500 1.032812500 1.947331784
v 2.998437500 1.032812500 1.947331784
v 2.998437500 1.032812500 1.912956784
v 2.998437500 1.067187500 1.912956784
v 2.998437500 1.067187500 1.947331784
v 3.839062500 1.067187500 1.947331784
v 3.839062500 1.067187500 1.912956784
v 3.839062500 1.032812500 1.912956784
v 3.839062500 1.032812500 1.947331784
v 3.873437500 1.032812500 1.947331784
v 3.873437500 1.032812500 1.912956784
v 3.873437500 1.067187500 1.912956784
v 3.873437500 1.067187500 1.947331784
v 2.906250000 1.196875000 2.159375000
v 2.906250000 1.196875000 2.090625000
v 2.906250000 1.128125000 2.090625000
v 2.906250000 1.128125000 2.159375000
v 2.968750000 1.128125000 2.159375000
v 2.968750000 1.128125000 2.090625000
v 2.968750000 1.196875000 2.090625000
v 2.968750000 1.196875000 2.159375000
v 3.781250000 1.196875000 2.159375000
v 3.781250000 1.196875000 2.090625000
v 3.781250000 1.128125000 2.090625000
v 3.781250000 1.128125000 2.159375000
v 3.843750000 1.128125000 2.159375000
v 3.843750000 1.128125000 2.090625000
v 3.843750000 1.196875000 2.090625000
v 3.843750000 1.196875000 2.159375000
v 2.906250000 1.166730716 2.271875000
v 2.906250000 1.166730716 2.203125000
v 2.906250000 1.097980716 2.203125000
v 2.906250000 1.097980716 2.271875000
v 2.968750000 1.097980716 2.271875000
v 2.968750000 1.097980716 2.203125000
v 2.968750000 1.166730716 2.203125000
v 2.968750000 1.166730716 2.271875000
v 3.781250000 1.166730716 2.271875000
v 3.781250000 1.166730716 2.203125000
v 3.781250000 1.097980716 2.203125000
v 3.781250000 1.097980716 2.271875000
v 3.843750000 1.097980716 2.271875000
v 3.843750000 1.097980716 2.203125000
v 3.843750000 1.166730716 2.203125000
v 3.843750000 1.166730716 2.271875000
v 2.906250000 1.084375000 2.354230716
v 2.906250000 1.084375000 2.285480716
v 2.906250000 1.015625000 2.285480716
v 2.906250000 1.015625000 2.354230716
v 2.968750000 1.015625000 2.354230716
v 2.968750000 1.015625000 2.285480716
v 2.968750000 1.084375000 2.285480716
v 2.968750000 1.084375000 2.354230716
v 3.781250000 1.084375000 2.354230716
v 3.781250000 1.084375000 2.285480716
v 3.781250000 1.015625000 2.285480716
v 3.781250000 1.015625000 2.354230716
v 3.843750000 1.015625000 2.354230716
v 3.843750000 1.015625000 2.285480716
v 3.843750000 1.084375000 2.285480716
v 3.843750000 1.084375000 2.354230716
v 2.906250000 0.971875000 2.384375000
v 2.906250000 0.971875000 2.315625000
v 2.906250000 0.903125000 2.315625000
v 2.906250000 0.903125000 2.384375000
v 2.968750000 0.903125000 2.384375000
v 2.968750000 0.903125000 2.315625000
v 2.968750000 0.971875000 2.315625000
v 2.968750000 0.971875000 2.384375000
v 3.781250000 0.971875000 2.384375000
v 3.781250000 0.971875000 2.315625000
v 3.781250000 0.903125000 2.315625000
v 3.781250000 0.903125000 2.384375000
v 3.843750000 0.903125000 2.384375000
v 3.843750000 0.903125000 2.315625000
v 3.843750000 0.971875000 2.315625000
v 3.843750000 0.971875000 2.384375000
v 2.906250000 0.859375000 2.354230716
v 2.906250000 0.859375000 2.285480716
v 2.906250000 0.790625000 2.285480716
v 2.906250000 0.790625000 2.354230716
v 2.968750000 0.790625000 2.354230716
v 2.968750000 0.790625000 2.285480716
v 2.968750000 0.859375000 2.285480716
v 2.968750000 0.859375000 2.354230716
v 3.781250000 0.859375000 2.354230716
v 3.781250000 0.859375000 2.285480716
v 3.781250000 0.790625000 2.285480716
v 3.781250000 0.790625000 2.354230716
v 3.843750000 0.790625000 2.354230716
v 3.843750000 0.790625000 2.285480716
v 3.843750000 0.859375000 2.285480716
v 3.843750000 0.859375000 2.354230716
v 2.906250000 0.777019284 2.271875000
v 2.906250000 0.777019284 2.203125000
v 2.906250000 0.708269284 2.203125000
v 2.906250000 0.708269284 2.271875000
v 2.968750000 0.708269284 2.271875000
v 2.968750000 0.708269284 2.203125000
v 2.968750000 0.777019284 2.203125000
v 2.968750000 0.777019284 2.271875000
v 3.781250000 0.777019284 2.271875000
v 3.781250000 0.777019284 2.203125000
v 3.781250000 0.708269284 2.203125000
v 3.781250000 0.708269284 2.271875000
v 3.843750000 0.708269284 2.271875000
v 3.843750000 0.708269284 2.203125000
v 3.843750000 0.777019284 2.203125000
v 3.843750000 0.777019284 2.271875000
v 2.906250000 0.746875000 2.159375000
v 2.906250000 0.746875000 2.090625000
v 2.906250000 0.678125000 2.090625000
v 2.906250000 0.678125000 2.159375000
v 2.968750000 0.678125000 2.159375000
v 2.968750000 0.678125000 2.090625000
v 2.968750000 0.746875000 2.090625000
v 2.968750000 0.746875000 2.159375000
v 3.781250000 0.746875000 2.159375000
v 3.781250000 0.746875000 2.090625000
v 3.781250000 0.678125000 2.090625000
v 3.781250000 0.678125000 2.159375000
v 3.843750000 0.678125000 2.159375000
v 3.843750000 0.678125000 2.090625000
v 3.843750000 0.746875000 2.090625000
v 3.843750000 0.746875000 2.159375000
v 2.906250000 0.777019284 2.046875000
v 2.906250000 0.777019284 1.978125000
v 2.906250000 0.708269284 1.978125000
v 2.906250000 0.708269284 2.046875000
v 2.968750000 0.708269284 2.046875000
v 2.968750000 0.708269284 1.978125000
v 2.968750000 0.777019284 1.978125000
v 2.968750000 0.777019284 2.046875000
v 3.781250000 0.777019284 2.046875000
v 3.781250000 0.777019284 1.978125000
v 3.781250000 0.708269284 1.978125000
v 3.781250000 0.708269284 2.046875000
v 3.843750000 0.708269284 2.046875000
v 3.843750000 0.708269284 1.978125000
v 3.843750000 0.777019284 1.978125000
v 3.843750000 0.777019284 2.046875000
v 2.906250000 0.859375000 1.964519284
v 2.906250000 0.859375000 1.895769284
v 2.906250000 0.790625000 1.895769284
v 2.906250000 0.790625000 1.964519284
v 2.968750000 0.790625000 1.964519284
v 2.968750000 0.790625000 1.895769284
v 2.968750000 0.859375000 1.895769284
v 2.968750000 0.859375000 1.964519284
v 3.781250000 0.859375000 1.964519284
v 3.781250000 0.859375000 1.895769284
v 3.781250000 0.790625000 1.895769284
v 3.781250000 0.790625000 1.964519284
v 3.843750000 0.790625000 1.964519284
v 3.843750000 0.790625000 1.895769284
v 3.843750000 0.859375000 1.895769284
v 3.843750000 0.859375000 1.964519284
v 2.906250000 0.971875000 1.934375000
v 2.906250000 0.971875000 1.865625000
v 2.906250000 0.903125000 1.865625000
v 2.906250000 0.903125000 1.934375000
v 2.968750000 0.903125000 1.934375000
v 2.968750000 0.903125000 1.865625000
v 2.968750000 0.971875000 1.865625000
v 2.968750000 0.971875000 1.934375000
v 3.781250000 0.971875000 1.934375000
v 3.781250000 0.971875000 1.865625000
v 3.781250000 0.903125000 1.865625000
v 3.781250000 0.903125000 1.934375000
v 3.843750000 0.903125000 1.934375000
v 3.843750000 0.903125000 1.865625000
v 3.843750000 0.971875000 1.865625000
v 3.843750000 0.971875000 1.934375000
v 2.906250000 1.084375000 1.964519284
v 2.906250000 1.084375000 1.895769284
v 2.906250000 1.015625000 1.895769284
v 2.906250000 1.015625000 1.964519284
v 2.968750000 1.015625000 1.964519284
v 2.968750000 1.015625000 1.895769284
v 2.968750000 1.084375000 1.895769284
v 2.968750000 1.084375000 1.964519284
v 3.781250000 1.084375000 1.964519284
v 3.781250000 1.084375000 1.895769284
v 3.781250000 1.015625000 1.895769284
v 3.781250000 1.015625000 1.964519284
v 3.843750000 1.015625000 1.964519284
v 3.843750000 1.015625000 1.895769284
v 3.843750000 1.084375000 1.895769284
v 3.843750000 1.084375000 1.964519284
v 2.906250000 1.166730716 2.046875000
v 2.906250000 1.166730716 1.978125000
v 2.906250000 1.097980716 1.978125000
v 2.906250000 1.097980716 2.046875000
v 2.968750000 1.097980716 2.046875000
v 2.968750000 1.097980716 1.978125000
v 2.968750000 1.166730716 1.978125000
v 2.968750000 1.166730716 2.046875000
v 3.781250000 1.166730716 2.046875000
v 3.781250000 1.166730716 1.978125000
v 3.781250000 1.097980716 1.978125000
v 3.781250000 1.097980716 2.046875000
v 3.843750000 1.097980716 2.046875000
v 3.843750000 1.097980716 1.978125000
v 3.843750000 1.166730716 1.978125000
v 3.843750000 1.166730716 2.046875000
v 1.951562500 3.342187500 1.329687500
v 1.951562500 3.342187500 1.295312500
v 1.951562500 3.307812500 1.295312500
v 1.951562500 3.307812500 1.329687500
v 1.985937500 3.307812500 1.329687500
v 1.985937500 3.307812500 1.295312500
v 1.985937500 3.342187500 1.295312500
v 1.985937500 3.342187500 1.329687500
v 1.810937500 3.342187500 1.573257145
v 1.810937500 3.342187500 1.538882145
v 1.810937500 3.307812500 1.538882145
v 1.810937500 3.307812500 1.573257145
v 1.845312500 3.307812500 1.573257145
v 1.845312500 3.307812500 1.538882145
v 1.845312500 3.342187500 1.538882145
v 1.845312500 3.342187500 1.573257145
v 1.529687500 3.342187500 1.573257145
v 1.529687500 3.342187500 1.538882145
v 1.529687500 3.307812500 1.538882145
v 1.529687500 3.307812500 1.573257145
v 1.564062500 3.307812500 1.573257145
v 1.564062500 3.307812500 1.538882145
v 1.564062500 3.342187500 1.538882145
v 1.564062500 3.342187500 1.573257145
v 1.389062500 3.342187500 1.329687500
v 1.389062500 3.342187500 1.295312500
v 1.389062500 3.307812500 1.295312500
v 1.389062500 3.307812500 1.329687500
v 1.423437500 3.307812500 1.329687500
v 1.423437500 3.307812500 1.295312500
v 1.423437500 3.342187500 1.295312500
v 1.423437500 3.342187500 1.329687500
v 1.529687500 3.342187500 1.086117855
v 1.529687500 3.342187500 1.051742855
v 1.529687500 3.307812500 1.051742855
v 1.529687500 3.307812500 1.086117855
v 1.564062500 3.307812500 1.086117855
v 1.564062500 3.307812500 1.051742855
v 1.564062500 3.342187500 1.051742855
v 1.564062500 3.342187500 1.086117855
v 1.810937500 3.342187500 1.086117855
v 1.810937500 3.342187500 1.051742855
v 1.810937500 3.307812500 1.051742855
v 1.810937500 3.307812500 1.086117855
v 1.845312500 3.307812500 1.086117855
v 1.845312500 3.307812500 1.051742855
v 1.845312500 3.342187500 1.051742855
v 1.845312500 3.342187500 1.086117855
v 2.857812500 0.779687500 2.204687500
v 2.857812500 0.779687500 2.170312500
v 2.857812500 0.745312500 2.170312500
v 2.857812500 0.745312500 2.204687500
v 2.892187500 0.745312500 2.204687500
v 2.892187500 0.745312500 2.170312500
v 2.892187500 0.779687500 2.170312500
v 2.892187500 0.779687500 2.204687500
v 2.857812500 2.842187500 2.204687500
v 2.857812500 2.842187500 2.170312500
v 2.857812500 2.807812500 2.170312500
v 2.857812500 2.807812500 2.204687500
v 2.892187500 2.807812500 2.204687500
v 2.892187500 2.807812500 2.170312500
v 2.892187500 2.842187500 2.170312500
v 2.892187500 2.842187500 2.204687500
v 2.732812500 0.779687500 2.421193851
v 2.732812500 0.779687500 2.386818851
v 2.732812500 0.745312500 2.386818851
v 2.732812500 0.745312500 2.421193851
v 2.767187500 0.745312500 2.421193851
v 2.767187500 0.745312500 2.386818851
v 2.767187500 0.779687500 2.386818851
v 2.767187500 0.779687500 2.421193851
v 2.732812500 2.842187500 2.421193851
v 2.732812500 2.842187500 2.386818851
v 2.732812500 2.807812500 2.386818851
v 2.732812500 2.807812500 2.421193851
v 2.767187500 2.807812500 2.421193851
v 2.767187500 2.807812500 2.386818851
v 2.767187500 2.842187500 2.386818851
v 2.767187500 2.842187500 2.421193851
v 2.482812500 0.779687500 2.421193851
v 2.482812500 0.779687500 2.386818851
v 2.482812500 0.745312500 2.386818851
v 2.482812500 0.745312500 2.421193851
v 2.517187500 0.745312500 2.421193851
v 2.517187500 0.745312500 2.386818851
v 2.517187500 0.779687500 2.386818851
v 2.517187500 0.779687500 2.421193851
v 2.482812500 2.842187500 2.421193851
v 2.482812500 2.842187500 2.386818851
v 2.482812500 2.807812500 2.386818851
v 2.482812500 2.807812500 2.421193851
v 2.517187500 2.807812500 2.421193851
v 2.517187500 2.807812500 2.386818851
v 2.517187500 2.842187500 2.386818851
v 2.517187500 2.842187500 2.421193851
v 2.357812500 0.779687500 2.204687500
v 2.357812500 0.779687500 2.170312500
v 2.357812500 0.745312500 2.170312500
v 2.357812500 0.745312500 2.204687500
v 2.392187500 0.745312500 2.204687500
v 2.392187500 0.745312500 2.170312500
v 2.392187500 0.779687500 2.170312500
v 2.392187500 0.779687500 2.204687500
v 2.357812500 2.842187500 2.204687500
v 2.357812500 2.842187500 2.170312500
v 2.357812500 2.807812500 2.170312500
v 2.357812500 2.807812500 2.204687500
v 2.392187500 2.807812500 2.204687500
v 2.392187500 2.807812500 2.170312500
v 2.392187500 2.842187500 2.170312500
v 2.392187500 2.842187500 2.204687500
v 2.482812500 0.779687500 1.988181149
v 2.482812500 0.779687500 1.953806149
v 2.482812500 0.745312500 1.953806149
v 2.482812500 0.745312500 1.988181149
v 2.517187500 0.745312500 1.988181149
v 2.517187500 0.745312500 1.953806149
v 2.517187500 0.779687500 1.953806149
v 2.517187500 0.779687500 1.988181149
v 2.482812500 2.842187500 1.988181149
v 2.482812500 2.842187500 1.953806149
v 2.482812500 2.807812500 1.953806149
v 2.482812500 2.807812500 1.988181149
v 2.517187500 2.807812500 1.988181149
v 2.517187500 2.807812500 1.953806149
v 2.517187500 2.842187500 1.953806149
v 2.517187500 2.842187500 1.988181149
v 2.732812500 0.779687500 1.988181149
v 2.732812500 0.779687500 1.953806149
v 2.732812500 0.745312500 1.953806149
v 2.732812500 0.745312500 1.988181149
v 2.767187500 0.745312500 1.988181149
v 2.767187500 0.745312500 1.953806149
v 2.767187500 0.779687500 1.953806149
v 2.767187500 0.779687500 1.988181149
v 2.732812500 2.842187500 1.988181149
v 2.732812500 2.842187500 1.953806149
v 2.732812500 2.807812500 1.953806149
v 2.732812500 2.807812500 1.988181149
v 2.767187500 2.807812500 1.988181149
v 2.767187500 2.807812500 1.953806149
v 2.767187500 2.842187500 1.953806149
v 2.767187500 2.842187500 1.988181149
v 2.840625000 0.750000000 2.221875000
v 2.840625000 0.750000000 2.153125000
v 2.840625000 0.687500000 2.153125000
v 2.840625000 0.687500000 2.221875000
v 2.909375000 0.687500000 2.221875000
v 2.909375000 0.687500000 2.153125000
v 2.909375000 0.750000000 2.153125000
v 2.909375000 0.750000000 2.221875000
v 2.840625000 2.812500000 2.221875000
v 2.840625000 2.812500000 2.153125000
v 2.840625000 2.750000000 2.153125000
v 2.840625000 2.750000000 2.221875000
v 2.909375000 2.750000000 2.221875000
v 2.909375000 2.750000000 2.153125000
v 2.909375000 2.812500000 2.153125000
v 2.909375000 2.812500000 2.221875000
v 2.807131351 0.750000000 2.346875000
v 2.807131351 0.750000000 2.278125000
v 2.807131351 0.687500000 2.278125000
v 2.807131351 0.687500000 2.346875000
v 2.875881351 0.687500000 2.346875000
v 2.875881351 0.687500000 2.278125000
v 2.875881351 0.750000000 2.278125000
v 2.875881351 0.750000000 2.346875000
v 2.807131351 2.812500000 2.346875000
v 2.807131351 2.812500000 2.278125000
v 2.807131351 2.750000000 2.278125000
v 2.807131351 2.750000000 2.346875000
v 2.875881351 2.750000000 2.346875000
v 2.875881351 2.750000000 2.278125000
v 2.875881351 2.812500000 2.278125000
v 2.875881351 2.812500000 2.346875000
v 2.715625000 0.750000000 2.438381351
v 2.715625000 0.750000000 2.369631351
v 2.715625000 0.687500000 2.369631351
v 2.715625000 0.687500000 2.438381351
v 2.784375000 0.687500000 2.438381351
v 2.784375000 0.687500000 2.369631351
v 2.784375000 0.750000000 2.369631351
v 2.784375000 0.750000000 2.438381351
v 2.715625000 2.812500000 2.438381351
v 2.715625000 2.812500000 2.369631351
v 2.715625000 2.750000000 2.369631351
v 2.715625000 2.750000000 2.438381351
v 2.784375000 2.750000000 2.438381351
v 2.784375000 2.750000000 2.369631351
v 2.784375000 2.812500000 2.369631351
v 2.784375000 2.812500000 2.438381351
v 2.590625000 0.750000000 2.471875000
v 2.590625000 0.750000000 2.403125000
v 2.590625000 0.687500000 2.403125000
v 2.590625000 0.687500000 2.471875000
v 2.659375000 0.687500000 2.471875000
v 2.659375000 0.687500000 2.403125000
v 2.659375000 0.750000000 2.403125000
v 2.659375000 0.750000000 2.471875000
v 2.590625000 2.812500000 2.471875000
v 2.590625000 2.812500000 2.403125000
v 2.590625000 2.750000000 2.403125000
v 2.590625000 2.750000000 2.471875000
v 2.659375000 2.750000000 2.471875000
v 2.659375000 2.750000000 2.403125000
v 2.659375000 2.812500000 2.403125000
v 2.659375000 2.812500000 2.471875000
v 2.465625000 0.750000000 2.438381351
v 2.465625000 0.750000000 2.369631351
v 2.465625000 0.687500000 2.369631351
v 2.465625000 0.687500000 2.438381351
v 2.534375000 0.687500000 2.438381351
v 2.534375000 0.687500000 2.369631351
v 2.534375000 0.750000000 2.369631351
v 2.534375000 0.750000000 2.438381351
v 2.465625000 2.812500000 2.438381351
v 2.465625000 2.812500000 2.369631351
v 2.465625000 2.750000000 2.369631351
v 2.465625000 2.750000000 2.438381351
v 2.534375000 2.750000000 2.438381351
v 2.534375000 2.750000000 2.369631351
v 2.534375000 2.812500000 2.369631351
v 2.534375000 2.812500000 2.438381351
v 2.374118649 0.750000000 2.346875000
v 2.374118649 0.750000000 2.278125000
v 2.374118649 0.687500000 2.278125000
v 2.374118649 0.687500000 2.346875000
v 2.442868649 0.687500000 2.346875000
v 2.442868649 0.687500000 2.278125000
v 2.442868649 0.750000000 2.278125000
v 2.442868649 0.750000000 2.346875000
v 2.374118649 2.812500000 2.346875000
v 2.374118649 2.812500000 2.278125000
v 2.374118649 2.750000000 2.278125000
v 2.374118649 2.750000000 2.346875000
v 2.442868649 2.750000000 2.346875000
v 2.442868649 2.750000000 2.278125000
v 2.442868649 2.812500000 2.278125000
v 2.442868649 2.812500000 2.346875000
v 2.340625000 0.750000000 2.221875000
v 2.340625000 0.750000000 2.153125000
v 2.340625000 0.687500000 2.153125000
v 2.340625000 0.687500000 2.221875000
v 2.409375000 0.687500000 2.221875000
v 2.409375000 0.687500000 2.153125000
v 2.409375000 0.750000000 2.153125000
v 2.409375000 0.750000000 2.221875000
v 2.340625000 2.812500000 2.221875000
v 2.340625000 2.812500000 2.153125000
v 2.340625000 2.750000000 2.153125000
v 2.340625000 2.750000000 2.221875000
v 2.409375000 2.750000000 2.221875000
v 2.409375000 2.750000000 2.153125000
v 2.409375000 2.812500000 2.153125000
v 2.409375000 2.812500000 2.221875000
v 2.374118649 0.750000000 2.096875000
v 2.374118649 0.750000000 2.028125000
v 2.374118649 0.687500000 2.028125000
v 2.374118649 0.687500000 2.096875000
v 2.442868649 0.687500000 2.096875000
v 2.442868649 0.687500000 2.028125000
v 2.442868649 0.750000000 2.028125000
v 2.442868649 0.750000000 2.096875000
v 2.374118649 2.812500000 2.096875000
v 2.374118649 2.812500000 2.028125000
v 2.374118649 2.750000000 2.028125000
v 2.374118649 2.750000000 2.096875000
v 2.442868649 2.750000000 2.096875000
v 2.442868649 2.750000000 2.028125000
v 2.442868649 2.812500000 2.028125000
v 2.442868649 2.812500000 2.096875000
v 2.465625000 0.750000000 2.005368649
v 2.465625000 0.750000000 1.936618649
v 2.465625000 0.687500000 1.936618649
v 2.465625000 0.687500000 2.005368649
v 2.534375000 0.687500000 2.005368649
v 2.534375000 0.687500000 1.936618649
v 2.534375000 0.750000000 1.936618649
v 2.534375000 0.750000000 2.005368649
v 2.465625000 2.812500000 2.005368649
v 2.465625000 2.812500000 1.936618649
v 2.465625000 2.750000000 1.936618649
v 2.465625000 2.750000000 2.005368649
v 2.534375000 2.750000000 2.005368649
v 2.534375000 2.750000000 1.936618649
v 2.534375000 2.812500000 1.936618649
v 2.534375000 2.812500000 2.005368649
v 2.590625000 0.750000000 1.971875000
v 2.590625000 0.750000000 1.903125000
v 2.590625000 0.687500000 1.903125000
v 2.590625000 0.687500000 1.971875000
v 2.659375000 0.687500000 1.971875000
v 2.659375000 0.687500000 1.903125000
v 2.659375000 0.750000000 1.903125000
v 2.659375000 0.750000000 1.971875000
v 2.590625000 2.812500000 1.971875000
v 2.590625000 2.812500000 1.903125000
v 2.590625000 2.750000000 1.903125000
v 2.590625000 2.750000000 1.971875000
v 2.659375000 2.750000000 1.971875000
v 2.659375000 2.750000000 1.903125000
v 2.659375000 2.812500000 1.903125000
v 2.659375000 2.812500000 1.971875000
v 2.715625000 0.750000000 2.005368649
v 2.715625000 0.750000000 1.936618649
v 2.715625000 0.687500000 1.936618649
v 2.715625000 0.687500000 2.005368649
v 2.784375000 0.687500000 2.005368649
v 2.784375000 0.687500000 1.936618649
v 2.784375000 0.750000000 1.936618649
v 2.784375000 0.750000000 2.005368649
v 2.715625000 2.812500000 2.005368649
v 2.715625000 2.812500000 1.936618649
v 2.715625000 2.750000000 1.936618649
v 2.715625000 2.750000000 2.005368649
v 2.784375000 2.750000000 2.005368649
v 2.784375000 2.750000000 1.936618649
v 2.784375000 2.812500000 1.936618649
v 2.784375000 2.812500000 2.005368649
v 2.807131351 0.750000000 2.096875000
v 2.807131351 0.750000000 2.028125000
v 2.807131351 0.687500000 2.028125000
v 2.807131351 0.687500000 2.096875000
v 2.875881351 0.687500000 2.096875000
v 2.875881351 0.687500000 2.028125000
v 2.875881351 0.750000000 2.028125000
v 2.875881351 0.750000000 2.096875000
v 2.807131351 2.812500000 2.096875000
v 2.807131351 2.812500000 2.028125000
v 2.807131351 2.750000000 2.028125000
v 2.807131351 2.750000000 2.096875000
v 2.875881351 2.750000000 2.096875000
v 2.875881351 2.750000000 2.028125000
v 2.875881351 2.812500000 2.028125000
v 2.875881351 2.812500000 2.096875000
v 0.801562500 3.229687500 1.335937500
v 0.801562500 3.229687500 1.289062500
v 0.801562500 3.182812500 1.289062500
v 0.801562500 3.182812500 1.335937500
v 0.842187500 3.182812500 1.335937500
v 0.842187500 3.182812500 1.289062500
v 0.842187500 3.229687500 1.289062500
v 0.842187500 3.229687500 1.335937500
v 0.801562500 3.199715066 1.486619101
v 0.801562500 3.199715066 1.439744101
v 0.801562500 3.152840066 1.439744101
v 0.801562500 3.152840066 1.486619101
v 0.842187500 3.152840066 1.486619101
v 0.842187500 3.152840066 1.439744101
v 0.842187500 3.199715066 1.439744101
v 0.842187500 3.199715066 1.486619101
v 0.801562500 3.114360795 1.614360795
v 0.801562500 3.114360795 1.567485795
v 0.801562500 3.067485795 1.567485795
v 0.801562500 3.067485795 1.614360795
v 0.842187500 3.067485795 1.614360795
v 0.842187500 3.067485795 1.567485795
v 0.842187500 3.114360795 1.567485795
v 0.842187500 3.114360795 1.614360795
v 0.801562500 2.986619101 1.699715066
v 0.801562500 2.986619101 1.652840066
v 0.801562500 2.939744101 1.652840066
v 0.801562500 2.939744101 1.699715066
v 0.842187500 2.939744101 1.699715066
v 0.842187500 2.939744101 1.652840066
v 0.842187500 2.986619101 1.652840066
v 0.842187500 2.986619101 1.699715066
v 0.801562500 2.835937500 1.729687500
v 0.801562500 2.835937500 1.682812500
v 0.801562500 2.789062500 1.682812500
v 0.801562500 2.789062500 1.729687500
v 0.842187500 2.789062500 1.729687500
v 0.842187500 2.789062500 1.682812500
v 0.842187500 2.835937500 1.682812500
v 0.842187500 2.835937500 1.729687500
v 0.801562500 2.685255899 1.699715066
v 0.801562500 2.685255899 1.652840066
v 0.801562500 2.638380899 1.652840066
v 0.801562500 2.638380899 1.699715066
v 0.842187500 2.638380899 1.699715066
v 0.842187500 2.638380899 1.652840066
v 0.842187500 2.685255899 1.652840066
v 0.842187500 2.685255899 1.699715066
v 0.801562500 2.557514205 1.614360795
v 0.801562500 2.557514205 1.567485795
v 0.801562500 2.510639205 1.567485795
v 0.801562500 2.510639205 1.614360795
v 0.842187500 2.510639205 1.614360795
v 0.842187500 2.510639205 1.567485795
v 0.842187500 2.557514205 1.567485795
v 0.842187500 2.557514205 1.614360795
v 0.801562500 2.472159934 1.486619101
v 0.801562500 2.472159934 1.439744101
v 0.801562500 2.425284934 1.439744101
v 0.801562500 2.425284934 1.486619101
v 0.842187500 2.425284934 1.486619101
v 0.842187500 2.425284934 1.439744101
v 0.842187500 2.472159934 1.439744101
v 0.842187500 2.472159934 1.486619101
v 0.801562500 2.442187500 1.335937500
v 0.801562500 2.442187500 1.289062500
v 0.801562500 2.395312500 1.289062500
v 0.801562500 2.395312500 1.335937500
v 0.842187500 2.395312500 1.335937500
v 0.842187500 2.395312500 1.289062500
v 0.842187500 2.442187500 1.289062500
v 0.842187500 2.442187500 1.335937500
v 0.801562500 2.472159934 1.185255899
v 0.801562500 2.472159934 1.138380899
v 0.801562500 2.425284934 1.138380899
v 0.801562500 2.425284934 1.185255899
v 0.842187500 2.425284934 1.185255899
v 0.842187500 2.425284934 1.138380899
v 0.842187500 2.472159934 1.138380899
v 0.842187500 2.472159934 1.185255899
v 0.801562500 2.557514205 1.057514205
v 0.801562500 2.557514205 1.010639205
v 0.801562500 2.510639205 1.010639205
v 0.801562500 2.510639205 1.057514205
v 0.842187500 2.510639205 1.057514205
v 0.842187500 2.510639205 1.010639205
v 0.842187500 2.557514205 1.010639205
v 0.842187500 2.557514205 1.057514205
v 0.801562500 2.685255899 0.972159934
v 0.801562500 2.685255899 0.925284934
v 0.801562500 2.638380899 0.925284934
v 0.801562500 2.638380899 0.972159934
v 0.842187500 2.638380899 0.972159934
v 0.842187500 2.638380899 0.925284934
v 0.842187500 2.685255899 0.925284934
v 0.842187500 2.685255899 0.972159934
v 0.801562500 2.835937500 0.942187500
v 0.801562500 2.835937500 0.895312500
v 0.801562500 2.789062500 0.895312500
v 0.801562500 2.789062500 0.942187500
v 0.842187500 2.789062500 0.942187500
v 0.842187500 2.789062500 0.895312500
v 0.842187500 2.835937500 0.895312500
v 0.842187500 2.835937500 0.942187500
v 0.801562500 2.986619101 0.972159934
v 0.801562500 2.986619101 0.925284934
v 0.801562500 2.939744101 0.925284934
v 0.801562500 2.939744101 0.972159934
v 0.842187500 2.939744101 0.972159934
v 0.842187500 2.939744101 0.925284934
v 0.842187500 2.986619101 0.925284934
v 0.842187500 2.986619101 0.972159934
v 0.801562500 3.114360795 1.057514205
v 0.801562500 3.114360795 1.010639205
v 0.801562500 3.067485795 1.010639205
v 0.801562500 3.067485795 1.057514205
v 0.842187500 3.067485795 1.057514205
v 0.842187500 3.067485795 1.010639205
v 0.842187500 3.114360795 1.010639205
v 0.842187500 3.114360795 1.057514205
v 0.801562500 3.199715066 1.185255899
v 0.801562500 3.199715066 1.138380899
v 0.801562500 3.152840066 1.138380899
v 0.801562500 3.152840066 1.185255899
v 0.842187500 3.152840066 1.185255899
v 0.842187500 3.152840066 1.138380899
v 0.842187500 3.199715066 1.138380899
v 0.842187500 3.199715066 1.185255899
v 1.732812500 2.704687500 1.873437500
v 1.732812500 2.704687500 1.839062500
v 1.732812500 2.670312500 1.839062500
v 1.732812500 2.670312500 1.873437500
v 1.767187500 2.670312500 1.873437500
v 1.767187500 2.670312500 1.839062500
v 1.767187500 2.704687500 1.839062500
v 1.767187500 2.704687500 1.873437500
v 1.420312500 1.392187500 1.935937500
v 1.420312500 1.392187500 1.901562500
v 1.420312500 1.357812500 1.901562500
v 1.420312500 1.357812500 1.935937500
v 1.454687500 1.357812500 1.935937500
v 1.454687500 1.357812500 1.901562500
v 1.454687500 1.392187500 1.901562500
v 1.454687500 1.392187500 1.935937500
v 1.639062500 2.867067263 1.873437500
v 1.639062500 2.867067263 1.839062500
v 1.639062500 2.832692263 1.839062500
v 1.639062500 2.832692263 1.873437500
v 1.673437500 2.832692263 1.873437500
v 1.673437500 2.832692263 1.839062500
v 1.673437500 2.867067263 1.839062500
v 1.673437500 2.867067263 1.873437500
v 1.326562500 1.554567263 1.935937500
v 1.326562500 1.554567263 1.901562500
v 1.326562500 1.520192263 1.901562500
v 1.326562500 1.520192263 1.935937500
v 1.360937500 1.520192263 1.935937500
v 1.360937500 1.520192263 1.901562500
v 1.360937500 1.554567263 1.901562500
v 1.360937500 1.554567263 1.935937500
v 1.451562500 2.867067263 1.873437500
v 1.451562500 2.867067263 1.839062500
v 1.451562500 2.832692263 1.839062500
v 1.451562500 2.832692263 1.873437500
v 1.485937500 2.832692263 1.873437500
v 1.485937500 2.832692263 1.839062500
v 1.485937500 2.867067263 1.839062500
v 1.485937500 2.867067263 1.873437500
v 1.139062500 1.554567263 1.935937500
v 1.139062500 1.554567263 1.901562500
v 1.139062500 1.520192263 1.901562500
v 1.139062500 1.520192263 1.935937500
v 1.173437500 1.520192263 1.935937500
v 1.173437500 1.520192263 1.901562500
v 1.173437500 1.554567263 1.901562500
v 1.173437500 1.554567263 1.935937500
v 1.357812500 2.704687500 1.873437500
v 1.357812500 2.704687500 1.839062500
v 1.357812500 2.670312500 1.839062500
v 1.357812500 2.670312500 1.873437500
v 1.392187500 2.670312500 1.873437500
v 1.392187500 2.670312500 1.839062500
v 1.392187500 2.704687500 1.839062500
v 1.392187500 2.704687500 1.873437500
v 1.045312500 1.392187500 1.935937500
v 1.045312500 1.392187500 1.901562500
v 1.045312500 1.357812500 1.901562500
v 1.045312500 1.357812500 1.935937500
v 1.079687500 1.357812500 1.935937500
v 1.079687500 1.357812500 1.901562500
v 1.079687500 1.392187500 1.901562500
v 1.079687500 1.392187500 1.935937500
v 1.451562500 2.542307737 1.873437500
v 1.451562500 2.542307737 1.839062500
v 1.451562500 2.507932737 1.839062500
v 1.451562500 2.507932737 1.873437500
v 1.485937500 2.507932737 1.873437500
v 1.485937500 2.507932737 1.839062500
v 1.485937500 2.542307737 1.839062500
v 1.485937500 2.542307737 1.873437500
v 1.139062500 1.229807737 1.935937500
v 1.139062500 1.229807737 1.901562500
v 1.139062500 1.195432737 1.901562500
v 1.139062500 1.195432737 1.935937500
v 1.173437500 1.195432737 1.935937500
v 1.173437500 1.195432737 1.901562500
v 1.173437500 1.229807737 1.901562500
v 1.173437500 1.229807737 1.935937500
v 1.639062500 2.542307737 1.873437500
v 1.639062500 2.542307737 1.839062500
v 1.639062500 2.507932737 1.839062500
v 1.639062500 2.507932737 1.873437500
v 1.673437500 2.507932737 1.873437500
v 1.673437500 2.507932737 1.839062500
v 1.673437500 2.542307737 1.839062500
v 1.673437500 2.542307737 1.873437500
v 1.326562500 1.229807737 1.935937500
v 1.326562500 1.229807737 1.901562500
v 1.326562500 1.195432737 1.901562500
v 1.326562500 1.195432737 1.935937500
v 1.360937500 1.195432737 1.935937500
v 1.360937500 1.195432737 1.901562500
v 1.360937500 1.229807737 1.901562500
v 1.360937500 1.229807737 1.935937500
v 1.715625000 2.721875000 1.843750000
v 1.715625000 2.721875000 1.781250000
v 1.715625000 2.653125000 1.781250000
v 1.715625000 2.653125000 1.843750000
v 1.784375000 2.653125000 1.843750000
v 1.784375000 2.653125000 1.781250000
v 1.784375000 2.721875000 1.781250000
v 1.784375000 2.721875000 1.843750000
v 1.403125000 1.409375000 1.906250000
v 1.403125000 1.409375000 1.843750000
v 1.403125000 1.340625000 1.843750000
v 1.403125000 1.340625000 1.906250000
v 1.471875000 1.340625000 1.906250000
v 1.471875000 1.340625000 1.843750000
v 1.471875000 1.409375000 1.843750000
v 1.471875000 1.409375000 1.906250000
v 1.690504763 2.815625000 1.843750000
v 1.690504763 2.815625000 1.781250000
v 1.690504763 2.746875000 1.781250000
v 1.690504763 2.746875000 1.843750000
v 1.759254763 2.746875000 1.843750000
v 1.759254763 2.746875000 1.781250000
v 1.759254763 2.815625000 1.781250000
v 1.759254763 2.815625000 1.843750000
v 1.378004763 1.503125000 1.906250000
v 1.378004763 1.503125000 1.843750000
v 1.378004763 1.434375000 1.843750000
v 1.378004763 1.434375000 1.906250000
v 1.446754763 1.434375000 1.906250000
v 1.446754763 1.434375000 1.843750000
v 1.446754763 1.503125000 1.843750000
v 1.446754763 1.503125000 1.906250000
v 1.621875000 2.884254763 1.843750000
v 1.621875000 2.884254763 1.781250000
v 1.621875000 2.815504763 1.781250000
v 1.621875000 2.815504763 1.843750000
v 1.690625000 2.815504763 1.843750000
v 1.690625000 2.815504763 1.781250000
v 1.690625000 2.884254763 1.781250000
v 1.690625000 2.884254763 1.843750000
v 1.309375000 1.571754763 1.906250000
v 1.309375000 1.571754763 1.843750000
v 1.309375000 1.503004763 1.843750000
v 1.309375000 1.503004763 1.906250000
v 1.378125000 1.503004763 1.906250000
v 1.378125000 1.503004763 1.843750000
v 1.378125000 1.571754763 1.843750000
v 1.378125000 1.571754763 1.906250000
v 1.528125000 2.909375000 1.843750000
v 1.528125000 2.909375000 1.781250000
v 1.528125000 2.840625000 1.781250000
v 1.528125000 2.840625000 1.843750000
v 1.596875000 2.840625000 1.843750000
v 1.596875000 2.840625000 1.781250000
v 1.596875000 2.909375000 1.781250000
v 1.596875000 2.909375000 1.843750000
v 1.215625000 1.596875000 1.906250000
v 1.215625000 1.596875000 1.843750000
v 1.215625000 1.528125000 1.843750000
v 1.215625000 1.528125000 1.906250000
v 1.284375000 1.528125000 1.906250000
v 1.284375000 1.528125000 1.843750000
v 1.284375000 1.596875000 1.843750000
v 1.284375000 1.596875000 1.906250000
v 1.434375000 2.884254763 1.843750000
v 1.434375000 2.884254763 1.781250000
v 1.434375000 2.815504763 1.781250000
v 1.434375000 2.815504763 1.843750000
v 1.503125000 2.815504763 1.843750000
v 1.503125000 2.815504763 1.781250000
v 1.503125000 2.884254763 1.781250000
v 1.503125000 2.884254763 1.843750000
v 1.121875000 1.571754763 1.906250000
v 1.121875000 1.571754763 1.843750000
v 1.121875000 1.503004763 1.843750000
v 1.121875000 1.503004763 1.906250000
v 1.190625000 1.503004763 1.906250000
v 1.190625000 1.503004763 1.843750000
v 1.190625000 1.571754763 1.843750000
v 1.190625000 1.571754763 1.906250000
v 1.365745237 2.815625000 1.843750000
v 1.365745237 2.815625000 1.781250000
v 1.365745237 2.746875000 1.781250000
v 1.365745237 2.746875000 1.843750000
v 1.434495237 2.746875000 1.843750000
v 1.434495237 2.746875000 1.781250000
v 1.434495237 2.815625000 1.781250000
v 1.434495237 2.815625000 1.843750000
v 1.053245237 1.503125000 1.906250000
v 1.053245237 1.503125000 1.843750000
v 1.053245237 1.434375000 1.843750000
v 1.053245237 1.434375000 1.906250000
v 1.121995237 1.434375000 1.906250000
v 1.121995237 1.434375000 1.843750000
v 1.121995237 1.503125000 1.843750000
v 1.121995237 1.503125000 1.906250000
v 1.340625000 2.721875000 1.843750000
v 1.340625000 2.721875000 1.781250000
v 1.340625000 2.653125000 1.781250000
v 1.340625000 2.653125000 1.843750000
v 1.409375000 2.653125000 1.843750000
v 1.409375000 2.653125000 1.781250000
v 1.409375000 2.721875000 1.781250000
v 1.409375000 2.721875000 1.843750000
v 1.028125000 1.409375000 1.906250000
v 1.028125000 1.409375000 1.843750000
v 1.028125000 1.340625000 1.843750000
v 1.028125000 1.340625000 1.906250000
v 1.096875000 1.340625000 1.906250000
v 1.096875000 1.340625000 1.843750000
v 1.096875000 1.409375000 1.843750000
v 1.096875000 1.409375000 1.906250000
v 1.365745237 2.628125000 1.843750000
v 1.365745237 2.628125000 1.781250000
v 1.365745237 2.559375000 1.781250000
v 1.365745237 2.559375000 1.843750000
v 1.434495237 2.559375000 1.843750000
v 1.434495237 2.559375000 1.781250000
v 1.434495237 2.628125000 1.781250000
v 1.434495237 2.628125000 1.843750000
v 1.053245237 1.315625000 1.906250000
v 1.053245237 1.315625000 1.843750000
v 1.053245237 1.246875000 1.843750000
v 1.053245237 1.246875000 1.906250000
v 1.121995237 1.246875000 1.906250000
v 1.121995237 1.246875000 1.843750000
v 1.121995237 1.315625000 1.843750000
v 1.121995237 1.315625000 1.906250000
v 1.434375000 2.559495237 1.843750000
v 1.434375000 2.559495237 1.781250000
v 1.434375000 2.490745237 1.781250000
v 1.434375000 2.490745237 1.843750000
v 1.503125000 2.490745237 1.843750000
v 1.503125000 2.490745237 1.781250000
v 1.503125000 2.559495237 1.781250000
v 1.503125000 2.559495237 1.843750000
v 1.121875000 1.246995237 1.906250000
v 1.121875000 1.246995237 1.843750000
v 1.121875000 1.178245237 1.843750000
v 1.121875000 1.178245237 1.906250000
v 1.190625000 1.178245237 1.906250000
v 1.190625000 1.178245237 1.843750000
v 1.190625000 1.246995237 1.843750000
v 1.190625000 1.246995237 1.906250000
v 1.528125000 2.534375000 1.843750000
v 1.528125000 2.534375000 1.781250000
v 1.528125000 2.465625000 1.781250000
v 1.528125000 2.465625000 1.843750000
v 1.596875000 2.465625000 1.843750000
v 1.596875000 2.465625000 1.781250000
v 1.596875000 2.534375000 1.781250000
v 1.596875000 2.534375000 1.843750000
v 1.215625000 1.221875000 1.906250000
v 1.215625000 1.221875000 1.843750000
v 1.215625000 1.153125000 1.843750000
v 1.215625000 1.153125000 1.906250000
v 1.284375000 1.153125000 1.906250000
v 1.284375000 1.153125000 1.843750000
v 1.284375000 1.221875000 1.843750000
v 1.284375000 1.221875000 1.906250000
v 1.621875000 2.559495237 1.843750000
v 1.621875000 2.559495237 1.781250000
v 1.621875000 2.490745237 1.781250000
v 1.621875000 2.490745237 1.843750000
v 1.690625000 2.490745237 1.843750000
v 1.690625000 2.490745237 1.781250000
v 1.690625000 2.559495237 1.781250000
v 1.690625000 2.559495237 1.843750000
v 1.309375000 1.246995237 1.906250000
v 1.309375000 1.246995237 1.843750000
v 1.309375000 1.178245237 1.843750000
v 1.309375000 1.178245237 1.906250000
v 1.378125000 1.178245237 1.906250000
v 1.378125000 1.178245237 1.843750000
v 1.378125000 1.246995237 1.843750000
v 1.378125000 1.246995237 1.906250000
v 1.690504763 2.628125000 1.843750000
v 1.690504763 2.628125000 1.781250000
v 1.690504763 2.559375000 1.781250000
v 1.690504763 2.559375000 1.843750000
v 1.759254763 2.559375000 1.843750000
v 1.759254763 2.559375000 1.781250000
v 1.759254763 2.628125000 1.781250000
v 1.759254763 2.628125000 1.843750000
v 1.378004763 1.315625000 1.906250000
v 1.378004763 1.315625000 1.843750000
v 1.378004763 1.246875000 1.843750000
v 1.378004763 1.246875000 1.906250000
v 1.446754763 1.246875000 1.906250000
v 1.446754763 1.246875000 1.843750000
v 1.446754763 1.315625000 1.843750000
v 1.446754763 1.315625000 1.906250000
v 0.190625000 0.726446528 1.564718288
v 0.190625000 0.726446528 1.514718288
v 0.190625000 0.676446528 1.514718288
v 0.190625000 0.676446528 1.564718288
v 0.240625000 0.676446528 1.564718288
v 0.240625000 0.676446528 1.514718288
v 0.240625000 0.726446528 1.514718288
v 0.240625000 0.726446528 1.564718288
v 0.190625000 0.681250000 1.337500000
v 0.190625000 0.681250000 1.287500000
v 0.190625000 0.631250000 1.287500000
v 0.190625000 0.631250000 1.337500000
v 0.240625000 0.631250000 1.337500000
v 0.240625000 0.631250000 1.287500000
v 0.240625000 0.681250000 1.287500000
v 0.240625000 0.681250000 1.337500000
v 0.190625000 0.726446528 1.110281712
v 0.190625000 0.726446528 1.060281712
v 0.190625000 0.676446528 1.060281712
v 0.190625000 0.676446528 1.110281712
v 0.240625000 0.676446528 1.110281712
v 0.240625000 0.676446528 1.060281712
v 0.240625000 0.726446528 1.060281712
v 0.240625000 0.726446528 1.110281712
v 0.190625000 0.855155349 0.917655349
v 0.190625000 0.855155349 0.867655349
v 0.190625000 0.805155349 0.867655349
v 0.190625000 0.805155349 0.917655349
v 0.240625000 0.805155349 0.917655349
v 0.240625000 0.805155349 0.867655349
v 0.240625000 0.855155349 0.867655349
v 0.240625000 0.855155349 0.917655349
v 0.190625000 1.047781712 0.788946528
v 0.190625000 1.047781712 0.738946528
v 0.190625000 0.997781712 0.738946528
v 0.190625000 0.997781712 0.788946528
v 0.240625000 0.997781712 0.788946528
v 0.240625000 0.997781712 0.738946528
v 0.240625000 1.047781712 0.738946528
v 0.240625000 1.047781712 0.788946528
v 0.190625000 1.275000000 0.743750000
v 0.190625000 1.275000000 0.693750000
v 0.190625000 1.225000000 0.693750000
v 0.190625000 1.225000000 0.743750000
v 0.240625000 1.225000000 0.743750000
v 0.240625000 1.225000000 0.693750000
v 0.240625000 1.275000000 0.693750000
v 0.240625000 1.275000000 0.743750000
v 0.190625000 1.502218288 0.788946528
v 0.190625000 1.502218288 0.738946528
v 0.190625000 1.452218288 0.738946528
v 0.190625000 1.452218288 0.788946528
v 0.240625000 1.452218288 0.788946528
v 0.240625000 1.452218288 0.738946528
v 0.240625000 1.502218288 0.738946528
v 0.240625000 1.502218288 0.788946528
v 0.190625000 1.694844651 0.917655349
v 0.190625000 1.694844651 0.867655349
v 0.190625000 1.644844651 0.867655349
v 0.190625000 1.644844651 0.917655349
v 0.240625000 1.644844651 0.917655349
v 0.240625000 1.644844651 0.867655349
v 0.240625000 1.694844651 0.867655349
v 0.240625000 1.694844651 0.917655349
v 0.190625000 1.823553472 1.110281712
v 0.190625000 1.823553472 1.060281712
v 0.190625000 1.773553472 1.060281712
v 0.190625000 1.773553472 1.110281712
v 0.240625000 1.773553472 1.110281712
v 0.240625000 1.773553472 1.060281712
v 0.240625000 1.823553472 1.060281712
v 0.240625000 1.823553472 1.110281712
v 0.190625000 1.868750000 1.337500000
v 0.190625000 1.868750000 1.287500000
v 0.190625000 1.818750000 1.287500000
v 0.190625000 1.818750000 1.337500000
v 0.240625000 1.818750000 1.337500000
v 0.240625000 1.818750000 1.287500000
v 0.240625000 1.868750000 1.287500000
v 0.240625000 1.868750000 1.337500000
v 0.190625000 1.823553472 1.564718288
v 0.190625000 1.823553472 1.514718288
v 0.190625000 1.773553472 1.514718288
v 0.190625000 1.773553472 1.564718288
v 0.240625000 1.773553472 1.564718288
v 0.240625000 1.773553472 1.514718288
v 0.240625000 1.823553472 1.514718288
v 0.240625000 1.823553472 1.564718288
v 0.190625000 1.694844651 1.757344651
v 0.190625000 1.694844651 1.707344651
v 0.190625000 1.644844651 1.707344651
v 0.190625000 1.644844651 1.757344651
v 0.240625000 1.644844651 1.757344651
v 0.240625000 1.644844651 1.707344651
v 0.240625000 1.694844651 1.707344651
v 0.240625000 1.694844651 1.757344651
v 0.190625000 1.502218288 1.886053472
v 0.190625000 1.502218288 1.836053472
v 0.190625000 1.452218288 1.836053472
v 0.190625000 1.452218288 1.886053472
v 0.240625000 1.452218288 1.886053472
v 0.240625000 1.452218288 1.836053472
v 0.240625000 1.502218288 1.836053472
v 0.240625000 1.502218288 1.886053472
v 0.190625000 1.275000000 1.931250000
v 0.190625000 1.275000000 1.881250000
v 0.190625000 1.225000000 1.881250000
v 0.190625000 1.225000000 1.931250000
v 0.240625000 1.225000000 1.931250000
v 0.240625000 1.225000000 1.881250000
v 0.240625000 1.275000000 1.881250000
v 0.240625000 1.275000000 1.931250000
v 0.190625000 1.047781712 1.886053472
v 0.190625000 1.047781712 1.836053472
v 0.190625000 0.997781712 1.836053472
v 0.190625000 0.997781712 1.886053472
v 0.240625000 0.997781712 1.886053472
v 0.240625000 0.997781712 1.836053472
v 0.240625000 1.047781712 1.836053472
v 0.240625000 1.047781712 1.886053472
v 0.190625000 0.855155349 1.757344651
v 0.190625000 0.855155349 1.707344651
v 0.190625000 0.805155349 1.707344651
v 0.190625000 0.805155349 1.757344651
v 0.240625000 0.805155349 1.757344651
v 0.240625000 0.805155349 1.707344651
v 0.240625000 0.855155349 1.707344651
v 0.240625000 0.855155349 1.757344651
v 1.960665013 1.626562500 2.331250000
v 1.960665013 1.626562500 2.293750000
v 1.960665013 1.606250000 2.293750000
v 1.960665013 1.606250000 2.331250000
v 2.039334987 1.606250000 2.331250000
v 2.039334987 1.606250000 2.293750000
v 2.039334987 1.626562500 2.293750000
v 2.039334987 1.626562500 2.331250000
v 3.023165013 1.939062500 2.206250000
v 3.023165013 1.939062500 2.168750000
v 3.023165013 1.918750000 2.168750000
v 3.023165013 1.918750000 2.206250000
v 3.101834987 1.918750000 2.206250000
v 3.101834987 1.918750000 2.168750000
v 3.101834987 1.939062500 2.168750000
v 3.101834987 1.939062500 2.206250000
v 1.210665013 2.439062500 2.143750000
v 1.210665013 2.439062500 2.106250000
v 1.210665013 2.418750000 2.106250000
v 1.210665013 2.418750000 2.143750000
v 1.289334987 2.418750000 2.143750000
v 1.289334987 2.418750000 2.106250000
v 1.289334987 2.439062500 2.106250000
v 1.289334987 2.439062500 2.143750000
v 1.936574239 1.646875000 2.331250000
v 1.936574239 1.646875000 2.293750000
v 1.936574239 1.626562500 2.293750000
v 1.936574239 1.626562500 2.331250000
v 2.063425761 1.626562500 2.331250000
v 2.063425761 1.626562500 2.293750000
v 2.063425761 1.646875000 2.293750000
v 2.063425761 1.646875000 2.331250000
v 2.999074239 1.959375000 2.206250000
v 2.999074239 1.959375000 2.168750000
v 2.999074239 1.939062500 2.168750000
v 2.999074239 1.939062500 2.206250000
v 3.125925761 1.939062500 2.206250000
v 3.125925761 1.939062500 2.168750000
v 3.125925761 1.959375000 2.168750000
v 3.125925761 1.959375000 2.206250000
v 1.186574239 2.459375000 2.143750000
v 1.186574239 2.459375000 2.106250000
v 1.186574239 2.439062500 2.106250000
v 1.186574239 2.439062500 2.143750000
v 1.313425761 2.439062500 2.143750000
v 1.313425761 2.439062500 2.106250000
v 1.313425761 2.459375000 2.106250000
v 1.313425761 2.459375000 2.143750000
v 1.924679234 1.667187500 2.331250000
v 1.924679234 1.667187500 2.293750000
v 1.924679234 1.646875000 2.293750000
v 1.924679234 1.646875000 2.331250000
v 2.075320766 1.646875000 2.331250000
v 2.075320766 1.646875000 2.293750000
v 2.075320766 1.667187500 2.293750000
v 2.075320766 1.667187500 2.331250000
v 2.987179234 1.979687500 2.206250000
v 2.987179234 1.979687500 2.168750000
v 2.987179234 1.959375000 2.168750000
v 2.987179234 1.959375000 2.206250000
v 3.137820766 1.959375000 2.206250000
v 3.137820766 1.959375000 2.168750000
v 3.137820766 1.979687500 2.168750000
v 3.137820766 1.979687500 2.206250000
v 1.174679234 2.479687500 2.143750000
v 1.174679234 2.479687500 2.106250000
v 1.174679234 2.459375000 2.106250000
v 1.174679234 2.459375000 2.143750000
v 1.325320766 2.459375000 2.143750000
v 1.325320766 2.459375000 2.106250000
v 1.325320766 2.479687500 2.106250000
v 1.325320766 2.479687500 2.143750000
v 1.919387265 1.687500000 2.331250000
v 1.919387265 1.687500000 2.293750000
v 1.919387265 1.667187500 2.293750000
v 1.919387265 1.667187500 2.331250000
v 2.080612735 1.667187500 2.331250000
v 2.080612735 1.667187500 2.293750000
v 2.080612735 1.687500000 2.293750000
v 2.080612735 1.687500000 2.331250000
v 2.981887265 2.000000000 2.206250000
v 2.981887265 2.000000000 2.168750000
v 2.981887265 1.979687500 2.168750000
v 2.981887265 1.979687500 2.206250000
v 3.143112735 1.979687500 2.206250000
v 3.143112735 1.979687500 2.168750000
v 3.143112735 2.000000000 2.168750000
v 3.143112735 2.000000000 2.206250000
v 1.169387265 2.500000000 2.143750000
v 1.169387265 2.500000000 2.106250000
v 1.169387265 2.479687500 2.106250000
v 1.169387265 2.479687500 2.143750000
v 1.330612735 2.479687500 2.143750000
v 1.330612735 2.479687500 2.106250000
v 1.330612735 2.500000000 2.106250000
v 1.330612735 2.500000000 2.143750000
v 1.919387265 1.707812500 2.331250000
v 1.919387265 1.707812500 2.293750000
v 2.080612735 1.707812500 2.293750000
v 2.080612735 1.707812500 2.331250000
v 2.981887265 2.020312500 2.206250000
v 2.981887265 2.020312500 2.168750000
v 3.143112735 2.020312500 2.168750000
v 3.143112735 2.020312500 2.206250000
v 1.169387265 2.520312500 2.143750000
v 1.169387265 2.520312500 2.106250000
v 1.330612735 2.520312500 2.106250000
v 1.330612735 2.520312500 2.143750000
v 1.924679234 1.728125000 2.331250000
v 1.924679234 1.728125000 2.293750000
v 1.924679234 1.707812500 2.293750000
v 1.924679234 1.707812500 2.331250000
v 2.075320766 1.707812500 2.331250000
v 2.075320766 1.707812500 2.293750000
v 2.075320766 1.728125000 2.293750000
v 2.075320766 1.728125000 2.331250000
v 2.987179234 2.040625000 2.206250000
v 2.987179234 2.040625000 2.168750000
v 2.987179234 2.020312500 2.168750000
v 2.987179234 2.020312500 2.206250000
v 3.137820766 2.020312500 2.206250000
v 3.137820766 2.020312500 2.168750000
v 3.137820766 2.040625000 2.168750000
v 3.137820766 2.040625000 2.206250000
v 1.174679234 2.540625000 2.143750000
v 1.174679234 2.540625000 2.106250000
v 1.174679234 2.520312500 2.106250000
v 1.174679234 2.520312500 2.143750000
v 1.325320766 2.520312500 2.143750000
v 1.325320766 2.520312500 2.106250000
v 1.325320766 2.540625000 2.106250000
v 1.325320766 2.540625000 2.143750000
v 1.936574239 1.748437500 2.331250000
v 1.936574239 1.748437500 2.293750000
v 1.936574239 1.728125000 2.293750000
v 1.936574239 1.728125000 2.331250000
v 2.063425761 1.728125000 2.331250000
v 2.063425761 1.728125000 2.293750000
v 2.063425761 1.748437500 2.293750000
v 2.063425761 1.748437500 2.331250000
v 2.999074239 2.060937500 2.206250000
v 2.999074239 2.060937500 2.168750000
v 2.999074239 2.040625000 2.168750000
v 2.999074239 2.040625000 2.206250000
v 3.125925761 2.040625000 2.206250000
v 3.125925761 2.040625000 2.168750000
v 3.125925761 2.060937500 2.168750000
v 3.125925761 2.060937500 2.206250000
v 1.186574239 2.560937500 2.143750000
v 1.186574239 2.560937500 2.106250000
v 1.186574239 2.540625000 2.106250000
v 1.186574239 2.540625000 2.143750000
v 1.313425761 2.540625000 2.143750000
v 1.313425761 2.540625000 2.106250000
v 1.313425761 2.560937500 2.106250000
v 1.313425761 2.560937500 2.143750000
v 1.960665013 1.768750000 2.331250000
v 1.960665013 1.768750000 2.293750000
v 1.960665013 1.748437500 2.293750000
v 1.960665013 1.748437500 2.331250000
v 2.039334987 1.748437500 2.331250000
v 2.039334987 1.748437500 2.293750000
v 2.039334987 1.768750000 2.293750000
v 2.039334987 1.768750000 2.331250000
v 3.023165013 2.081250000 2.206250000
v 3.023165013 2.081250000 2.168750000
v 3.023165013 2.060937500 2.168750000
v 3.023165013 2.060937500 2.206250000
v 3.101834987 2.060937500 2.206250000
v 3.101834987 2.060937500 2.168750000
v 3.101834987 2.081250000 2.168750000
v 3.101834987 2.081250000 2.206250000
v 1.210665013 2.581250000 2.143750000
v 1.210665013 2.581250000 2.106250000
v 1.210665013 2.560937500 2.106250000
v 1.210665013 2.560937500 2.143750000
v 1.289334987 2.560937500 2.143750000
v 1.289334987 2.560937500 2.106250000
v 1.289334987 2.581250000 2.106250000
v 1.289334987 2.581250000 2.143750000
v 0.862500000 0.862500000 2.637500000
v 0.862500000 0.862500000 2.612500000
v 0.862500000 0.675000000 2.612500000
v 0.862500000 0.675000000 2.637500000
v 0.887500000 0.675000000 2.637500000
v 0.887500000 0.675000000 2.612500000
v 0.887500000 0.862500000 2.612500000
v 0.887500000 0.862500000 2.637500000
v 1.550000000 0.862500000 2.637500000
v 1.550000000 0.862500000 2.612500000
v 1.550000000 0.675000000 2.612500000
v 1.550000000 0.675000000 2.637500000
v 1.575000000 0.675000000 2.637500000
v 1.575000000 0.675000000 2.612500000
v 1.575000000 0.862500000 2.612500000
v 1.575000000 0.862500000 2.637500000
v 3.050000000 0.862500000 2.637500000
v 3.050000000 0.862500000 2.612500000
v 3.050000000 0.675000000 2.612500000
v 3.050000000 0.675000000 2.637500000
v 3.075000000 0.675000000 2.637500000
v 3.075000000 0.675000000 2.612500000
v 3.075000000 0.862500000 2.612500000
v 3.075000000 0.862500000 2.637500000
v 1.962500000 1.300000000 1.837500000
v 1.962500000 1.300000000 1.787500000
v 1.962500000 1.250000000 1.787500000
v 1.962500000 1.250000000 1.837500000
v 2.225000000 1.250000000 1.837500000
v 2.225000000 1.250000000 1.787500000
v 2.225000000 1.300000000 1.787500000
v 2.225000000 1.300000000 1.837500000
v 2.189062500 3.968750000 1.829687500
v 2.189062500 3.968750000 1.795312500
v 2.189062500 1.281250000 1.795312500
v 2.189062500 1.281250000 1.829687500
v 2.223437500 1.281250000 1.829687500
v 2.223437500 1.281250000 1.795312500
v 2.223437500 3.968750000 1.795312500
v 2.223437500 3.968750000 1.829687500
v 2.656250000 1.838788412 1.078125000
v 2.656250000 1.838788412 1.000000000
v 2.656250000 1.536211588 1.000000000
v 2.656250000 1.536211588 1.078125000
v 3.093750000 1.536211588 1.078125000
v 3.093750000 1.536211588 1.000000000
v 3.093750000 1.838788412 1.000000000
v 3.093750000 1.838788412 1.078125000
v 2.656250000 1.931445234 1.156250000
v 2.656250000 1.931445234 1.078125000
v 2.656250000 1.443554766 1.078125000
v 2.656250000 1.443554766 1.156250000
v 3.093750000 1.443554766 1.156250000
v 3.093750000 1.443554766 1.078125000
v 3.093750000 1.931445234 1.078125000
v 3.093750000 1.931445234 1.156250000
v 2.656250000 1.977195253 1.234375000
v 2.656250000 1.977195253 1.156250000
v 2.656250000 1.397804747 1.156250000
v 2.656250000 1.397804747 1.234375000
v 3.093750000 1.397804747 1.234375000
v 3.093750000 1.397804747 1.156250000
v 3.093750000 1.977195253 1.156250000
v 3.093750000 1.977195253 1.234375000
v 2.656250000 1.997548982 1.312500000
v 2.656250000 1.997548982 1.234375000
v 2.656250000 1.377451018 1.234375000
v 2.656250000 1.377451018 1.312500000
v 3.093750000 1.377451018 1.312500000
v 3.093750000 1.377451018 1.234375000
v 3.093750000 1.997548982 1.234375000
v 3.093750000 1.997548982 1.312500000
v 2.656250000 1.997548982 1.390625000
v 2.656250000 1.377451018 1.390625000
v 3.093750000 1.377451018 1.390625000
v 3.093750000 1.997548982 1.390625000
v 2.656250000 1.977195253 1.468750000
v 2.656250000 1.977195253 1.390625000
v 2.656250000 1.397804747 1.390625000
v 2.656250000 1.397804747 1.468750000
v 3.093750000 1.397804747 1.468750000
v 3.093750000 1.397804747 1.390625000
v 3.093750000 1.977195253 1.390625000
v 3.093750000 1.977195253 1.468750000
v 2.656250000 1.931445234 1.546875000
v 2.656250000 1.931445234 1.468750000
v 2.656250000 1.443554766 1.468750000
v 2.656250000 1.443554766 1.546875000
v 3.093750000 1.443554766 1.546875000
v 3.093750000 1.443554766 1.468750000
v 3.093750000 1.931445234 1.468750000
v 3.093750000 1.931445234 1.546875000
v 2.656250000 1.838788412 1.625000000
v 2.656250000 1.838788412 1.546875000
v 2.656250000 1.536211588 1.546875000
v 2.656250000 1.536211588 1.625000000
v 3.093750000 1.536211588 1.625000000
v 3.093750000 1.536211588 1.546875000
v 3.093750000 1.838788412 1.546875000
v 3.093750000 1.838788412 1.625000000
v 0.912500000 1.787500000 0.400000000
v 0.912500000 1.787500000 0.350000000
v 0.912500000 1.712500000 0.350000000
v 0.912500000 1.712500000 0.400000000
v 0.962500000 1.712500000 0.400000000
v 0.962500000 1.712500000 0.350000000
v 0.962500000 1.787500000 0.350000000
v 0.962500000 1.787500000 0.400000000
v 0.912500000 1.787500000 2.275000000
v 0.912500000 1.787500000 2.225000000
v 0.912500000 1.712500000 2.225000000
v 0.912500000 1.712500000 2.275000000
v 0.962500000 1.712500000 2.275000000
v 0.962500000 1.712500000 2.225000000
v 0.962500000 1.787500000 2.225000000
v 0.962500000 1.787500000 2.275000000
v 1.162500000 1.787500000 0.400000000
v 1.162500000 1.787500000 0.350000000
v 1.162500000 1.712500000 0.350000000
v 1.162500000 1.712500000 0.400000000
v 1.212500000 1.712500000 0.400000000
v 1.212500000 1.712500000 0.350000000
v 1.212500000 1.787500000 0.350000000
v 1.212500000 1.787500000 0.400000000
v 1.162500000 1.787500000 2.275000000
v 1.162500000 1.787500000 2.225000000
v 1.162500000 1.712500000 2.225000000
v 1.162500000 1.712500000 2.275000000
v 1.212500000 1.712500000 2.275000000
v 1.212500000 1.712500000 2.225000000
v 1.212500000 1.787500000 2.225000000
v 1.212500000 1.787500000 2.275000000
v 1.412500000 1.787500000 0.400000000
v 1.412500000 1.787500000 0.350000000
v 1.412500000 1.712500000 0.350000000
v 1.412500000 1.712500000 0.400000000
v 1.462500000 1.712500000 0.400000000
v 1.462500000 1.712500000 0.350000000
v 1.462500000 1.787500000 0.350000000
v 1.462500000 1.787500000 0.400000000
v 1.412500000 1.787500000 2.275000000
v 1.412500000 1.787500000 2.225000000
v 1.412500000 1.712500000 2.225000000
v 1.412500000 1.712500000 2.275000000
v 1.462500000 1.712500000 2.275000000
v 1.462500000 1.712500000 2.225000000
v 1.462500000 1.787500000 2.225000000
v 1.462500000 1.787500000 2.275000000
v 1.662500000 1.787500000 0.400000000
v 1.662500000 1.787500000 0.350000000
v 1.662500000 1.712500000 0.350000000
v 1.662500000 1.712500000 0.400000000
v 1.712500000 1.712500000 0.400000000
v 1.712500000 1.712500000 0.350000000
v 1.712500000 1.787500000 0.350000000
v 1.712500000 1.787500000 0.400000000
v 1.662500000 1.787500000 2.275000000
v 1.662500000 1.787500000 2.225000000
v 1.662500000 1.712500000 2.225000000
v 1.662500000 1.712500000 2.275000000
v 1.712500000 1.712500000 2.275000000
v 1.712500000 1.712500000 2.225000000
v 1.712500000 1.787500000 2.225000000
v 1.712500000 1.787500000 2.275000000
v 1.912500000 1.787500000 0.400000000
v 1.912500000 1.787500000 0.350000000
v 1.912500000 1.712500000 0.350000000
v 1.912500000 1.712500000 0.400000000
v 1.962500000 1.712500000 0.400000000
v 1.962500000 1.712500000 0.350000000
v 1.962500000 1.787500000 0.350000000
v 1.962500000 1.787500000 0.400000000
v 1.912500000 1.787500000 2.275000000
v 1.912500000 1.787500000 2.225000000
v 1.912500000 1.712500000 2.225000000
v 1.912500000 1.712500000 2.275000000
v 1.962500000 1.712500000 2.275000000
v 1.962500000 1.712500000 2.225000000
v 1.962500000 1.787500000 2.225000000
v 1.962500000 1.787500000 2.275000000
v 2.162500000 1.787500000 0.400000000
v 2.162500000 1.787500000 0.350000000
v 2.162500000 1.712500000 0.350000000
v 2.162500000 1.712500000 0.400000000
v 2.212500000 1.712500000 0.400000000
v 2.212500000 1.712500000 0.350000000
v 2.212500000 1.787500000 0.350000000
v 2.212500000 1.787500000 0.400000000
v 2.162500000 1.787500000 2.275000000
v 2.162500000 1.787500000 2.225000000
v 2.162500000 1.712500000 2.225000000
v 2.162500000 1.712500000 2.275000000
v 2.212500000 1.712500000 2.275000000
v 2.212500000 1.712500000 2.225000000
v 2.212500000 1.787500000 2.225000000
v 2.212500000 1.787500000 2.275000000
v 1.532242318 3.477500000 1.265625000
v 1.532242318 3.477500000 1.250000000
v 1.532242318 3.460000000 1.250000000
v 1.532242318 3.460000000 1.265625000
v 1.592757682 3.460000000 1.265625000
v 1.592757682 3.460000000 1.250000000
v 1.592757682 3.477500000 1.250000000
v 1.592757682 3.477500000 1.265625000
v 1.532242318 3.524375000 1.265625000
v 1.532242318 3.524375000 1.250000000
v 1.532242318 3.506875000 1.250000000
v 1.532242318 3.506875000 1.265625000
v 1.592757682 3.506875000 1.265625000
v 1.592757682 3.506875000 1.250000000
v 1.592757682 3.524375000 1.250000000
v 1.592757682 3.524375000 1.265625000
v 1.532242318 3.571250000 1.265625000
v 1.532242318 3.571250000 1.250000000
v 1.532242318 3.553750000 1.250000000
v 1.532242318 3.553750000 1.265625000
v 1.592757682 3.553750000 1.265625000
v 1.592757682 3.553750000 1.250000000
v 1.592757682 3.571250000 1.250000000
v 1.592757682 3.571250000 1.265625000
v 1.532242318 3.618125000 1.265625000
v 1.532242318 3.618125000 1.250000000
v 1.532242318 3.600625000 1.250000000
v 1.532242318 3.600625000 1.265625000
v 1.592757682 3.600625000 1.265625000
v 1.592757682 3.600625000 1.250000000
v 1.592757682 3.618125000 1.250000000
v 1.592757682 3.618125000 1.265625000
v 1.532242318 3.665000000 1.265625000
v 1.532242318 3.665000000 1.250000000
v 1.532242318 3.647500000 1.250000000
v 1.532242318 3.647500000 1.265625000
v 1.592757682 3.647500000 1.265625000
v 1.592757682 3.647500000 1.250000000
v 1.592757682 3.665000000 1.250000000
v 1.592757682 3.665000000 1.265625000
v 1.532242318 3.711875000 1.265625000
v 1.532242318 3.711875000 1.250000000
v 1.532242318 3.694375000 1.250000000
v 1.532242318 3.694375000 1.265625000
v 1.592757682 3.694375000 1.265625000
v 1.592757682 3.694375000 1.250000000
v 1.592757682 3.711875000 1.250000000
v 1.592757682 3.711875000 1.265625000
v 1.532242318 3.758750000 1.265625000
v 1.532242318 3.758750000 1.250000000
v 1.532242318 3.741250000 1.250000000
v 1.532242318 3.741250000 1.265625000
v 1.592757682 3.741250000 1.265625000
v 1.592757682 3.741250000 1.250000000
v 1.592757682 3.758750000 1.250000000
v 1.592757682 3.758750000 1.265625000
v 1.532242318 3.805625000 1.265625000
v 1.532242318 3.805625000 1.250000000
v 1.532242318 3.788125000 1.250000000
v 1.532242318 3.788125000 1.265625000
v 1.592757682 3.788125000 1.265625000
v 1.592757682 3.788125000 1.250000000
v 1.592757682 3.805625000 1.250000000
v 1.592757682 3.805625000 1.265625000
v 1.532242318 3.852500000 1.265625000
v 1.532242318 3.852500000 1.250000000
v 1.532242318 3.835000000 1.250000000
v 1.532242318 3.835000000 1.265625000
v 1.592757682 3.835000000 1.265625000
v 1.592757682 3.835000000 1.250000000
v 1.592757682 3.852500000 1.250000000
v 1.592757682 3.852500000 1.265625000
v 1.844742318 3.477500000 1.265625000
v 1.844742318 3.477500000 1.250000000
v 1.844742318 3.460000000 1.250000000
v 1.844742318 3.460000000 1.265625000
v 1.905257682 3.460000000 1.265625000
v 1.905257682 3.460000000 1.250000000
v 1.905257682 3.477500000 1.250000000
v 1.905257682 3.477500000 1.265625000
v 1.844742318 3.524375000 1.265625000
v 1.844742318 3.524375000 1.250000000
v 1.844742318 3.506875000 1.250000000
v 1.844742318 3.506875000 1.265625000
v 1.905257682 3.506875000 1.265625000
v 1.905257682 3.506875000 1.250000000
v 1.905257682 3.524375000 1.250000000
v 1.905257682 3.524375000 1.265625000
v 1.844742318 3.571250000 1.265625000
v 1.844742318 3.571250000 1.250000000
v 1.844742318 3.553750000 1.250000000
v 1.844742318 3.553750000 1.265625000
v 1.905257682 3.553750000 1.265625000
v 1.905257682 3.553750000 1.250000000
v 1.905257682 3.571250000 1.250000000
v 1.905257682 3.571250000 1.265625000
v 1.844742318 3.618125000 1.265625000
v 1.844742318 3.618125000 1.250000000
v 1.844742318 3.600625000 1.250000000
v 1.844742318 3.600625000 1.265625000
v 1.905257682 3.600625000 1.265625000
v 1.905257682 3.600625000 1.250000000
v 1.905257682 3.618125000 1.250000000
v 1.905257682 3.618125000 1.265625000
v 1.844742318 3.665000000 1.265625000
v 1.844742318 3.665000000 1.250000000
v 1.844742318 3.647500000 1.250000000
v 1.844742318 3.647500000 1.265625000
v 1.905257682 3.647500000 1.265625000
v 1.905257682 3.647500000 1.250000000
v 1.905257682 3.665000000 1.250000000
v 1.905257682 3.665000000 1.265625000
v 1.844742318 3.711875000 1.265625000
v 1.844742318 3.711875000 1.250000000
v 1.844742318 3.694375000 1.250000000
v 1.844742318 3.694375000 1.265625000
v 1.905257682 3.694375000 1.265625000
v 1.905257682 3.694375000 1.250000000
v 1.905257682 3.711875000 1.250000000
v 1.905257682 3.711875000 1.265625000
v 1.844742318 3.758750000 1.265625000
v 1.844742318 3.758750000 1.250000000
v 1.844742318 3.741250000 1.250000000
v 1.844742318 3.741250000 1.265625000
v 1.905257682 3.741250000 1.265625000
v 1.905257682 3.741250000 1.250000000
v 1.905257682 3.758750000 1.250000000
v 1.905257682 3.758750000 1.265625000
v 1.844742318 3.805625000 1.265625000
v 1.844742318 3.805625000 1.250000000
v 1.844742318 3.788125000 1.250000000
v 1.844742318 3.788125000 1.265625000
v 1.905257682 3.788125000 1.265625000
v 1.905257682 3.788125000 1.250000000
v 1.905257682 3.805625000 1.250000000
v 1.905257682 3.805625000 1.265625000
v 1.844742318 3.852500000 1.265625000
v 1.844742318 3.852500000 1.250000000
v 1.844742318 3.835000000 1.250000000
v 1.844742318 3.835000000 1.265625000
v 1.905257682 3.835000000 1.265625000
v 1.905257682 3.835000000 1.250000000
v 1.905257682 3.852500000 1.250000000
v 1.905257682 3.852500000 1.265625000
v 1.513710953 3.477500000 1.281250000
v 1.513710953 3.477500000 1.265625000
v 1.513710953 3.460000000 1.265625000
v 1.513710953 3.460000000 1.281250000
v 1.611289047 3.460000000 1.281250000
v 1.611289047 3.460000000 1.265625000
v 1.611289047 3.477500000 1.265625000
v 1.611289047 3.477500000 1.281250000
v 1.513710953 3.524375000 1.281250000
v 1.513710953 3.524375000 1.265625000
v 1.513710953 3.506875000 1.265625000
v 1.513710953 3.506875000 1.281250000
v 1.611289047 3.506875000 1.281250000
v 1.611289047 3.506875000 1.265625000
v 1.611289047 3.524375000 1.265625000
v 1.611289047 3.524375000 1.281250000
v 1.513710953 3.571250000 1.281250000
v 1.513710953 3.571250000 1.265625000
v 1.513710953 3.553750000 1.265625000
v 1.513710953 3.553750000 1.281250000
v 1.611289047 3.553750000 1.281250000
v 1.611289047 3.553750000 1.265625000
v 1.611289047 3.571250000 1.265625000
v 1.611289047 3.571250000 1.281250000
v 1.513710953 3.618125000 1.281250000
v 1.513710953 3.618125000 1.265625000
v 1.513710953 3.600625000 1.265625000
v 1.513710953 3.600625000 1.281250000
v 1.611289047 3.600625000 1.281250000
v 1.611289047 3.600625000 1.265625000
v 1.611289047 3.618125000 1.265625000
v 1.611289047 3.618125000 1.281250000
v 1.513710953 3.665000000 1.281250000
v 1.513710953 3.665000000 1.265625000
v 1.513710953 3.647500000 1.265625000
v 1.513710953 3.647500000 1.281250000
v 1.611289047 3.647500000 1.281250000
v 1.611289047 3.647500000 1.265625000
v 1.611289047 3.665000000 1.265625000
v 1.611289047 3.665000000 1.281250000
v 1.513710953 3.711875000 1.281250000
v 1.513710953 3.711875000 1.265625000
v 1.513710953 3.694375000 1.265625000
v 1.513710953 3.694375000 1.281250000
v 1.611289047 3.694375000 1.281250000
v 1.611289047 3.694375000 1.265625000
v 1.611289047 3.711875000 1.265625000
v 1.611289047 3.711875000 1.281250000
v 1.513710953 3.758750000 1.281250000
v 1.513710953 3.758750000 1.265625000
v 1.513710953 3.741250000 1.265625000
v 1.513710953 3.741250000 1.281250000
v 1.611289047 3.741250000 1.281250000
v 1.611289047 3.741250000 1.265625000
v 1.611289047 3.758750000 1.265625000
v 1.611289047 3.758750000 1.281250000
v 1.513710953 3.805625000 1.281250000
v 1.513710953 3.805625000 1.265625000
v 1.513710953 3.788125000 1.265625000
v 1.513710953 3.788125000 1.281250000
v 1.611289047 3.788125000 1.281250000
v 1.611289047 3.788125000 1.265625000
v 1.611289047 3.805625000 1.265625000
v 1.611289047 3.805625000 1.281250000
v 1.513710953 3.852500000 1.281250000
v 1.513710953 3.852500000 1.265625000
v 1.513710953 3.835000000 1.265625000
v 1.513710953 3.835000000 1.281250000
v 1.611289047 3.835000000 1.281250000
v 1.611289047 3.835000000 1.265625000
v 1.611289047 3.852500000 1.265625000
v 1.611289047 3.852500000 1.281250000
v 1.826210953 3.477500000 1.281250000
v 1.826210953 3.477500000 1.265625000
v 1.826210953 3.460000000 1.265625000
v 1.826210953 3.460000000 1.281250000
v 1.923789047 3.460000000 1.281250000
v 1.923789047 3.460000000 1.265625000
v 1.923789047 3.477500000 1.265625000
v 1.923789047 3.477500000 1.281250000
v 1.826210953 3.524375000 1.281250000
v 1.826210953 3.524375000 1.265625000
v 1.826210953 3.506875000 1.265625000
v 1.826210953 3.506875000 1.281250000
v 1.923789047 3.506875000 1.281250000
v 1.923789047 3.506875000 1.265625000
v 1.923789047 3.524375000 1.265625000
v 1.923789047 3.524375000 1.281250000
v 1.826210953 3.571250000 1.281250000
v 1.826210953 3.571250000 1.265625000
v 1.826210953 3.553750000 1.265625000
v 1.826210953 3.553750000 1.281250000
v 1.923789047 3.553750000 1.281250000
v 1.923789047 3.553750000 1.265625000
v 1.923789047 3.571250000 1.265625000
v 1.923789047 3.571250000 1.281250000
v 1.826210953 3.618125000 1.281250000
v 1.826210953 3.618125000 1.265625000
v 1.826210953 3.600625000 1.265625000
v 1.826210953 3.600625000 1.281250000
v 1.923789047 3.600625000 1.281250000
v 1.923789047 3.600625000 1.265625000
v 1.923789047 3.618125000 1.265625000
v 1.923789047 3.618125000 1.281250000
v 1.826210953 3.665000000 1.281250000
v 1.826210953 3.665000000 1.265625000
v 1.826210953 3.647500000 1.265625000
v 1.826210953 3.647500000 1.281250000
v 1.923789047 3.647500000 1.281250000
v 1.923789047 3.647500000 1.265625000
v 1.923789047 3.665000000 1.265625000
v 1.923789047 3.665000000 1.281250000
v 1.826210953 3.711875000 1.281250000
v 1.826210953 3.711875000 1.265625000
v 1.826210953 3.694375000 1.265625000
v 1.826210953 3.694375000 1.281250000
v 1.923789047 3.694375000 1.281250000
v 1.923789047 3.694375000 1.265625000
v 1.923789047 3.711875000 1.265625000
v 1.923789047 3.711875000 1.281250000
v 1.826210953 3.758750000 1.281250000
v 1.826210953 3.758750000 1.265625000
v 1.826210953 3.741250000 1.265625000
v 1.826210953 3.741250000 1.281250000
v 1.923789047 3.741250000 1.281250000
v 1.923789047 3.741250000 1.265625000
v 1.923789047 3.758750000 1.265625000
v 1.923789047 3.758750000 1.281250000
v 1.826210953 3.805625000 1.281250000
v 1.826210953 3.805625000 1.265625000
v 1.826210953 3.788125000 1.265625000
v 1.826210953 3.788125000 1.281250000
v 1.923789047 3.788125000 1.281250000
v 1.923789047 3.788125000 1.265625000
v 1.923789047 3.805625000 1.265625000
v 1.923789047 3.805625000 1.281250000
v 1.826210953 3.852500000 1.281250000
v 1.826210953 3.852500000 1.265625000
v 1.826210953 3.835000000 1.265625000
v 1.826210953 3.835000000 1.281250000
v 1.923789047 3.835000000 1.281250000
v 1.923789047 3.835000000 1.265625000
v 1.923789047 3.852500000 1.265625000
v 1.923789047 3.852500000 1.281250000
v 1.504560949 3.477500000 1.296875000
v 1.504560949 3.477500000 1.281250000
v 1.504560949 3.460000000 1.281250000
v 1.504560949 3.460000000 1.296875000
v 1.620439051 3.460000000 1.296875000
v 1.620439051 3.460000000 1.281250000
v 1.620439051 3.477500000 1.281250000
v 1.620439051 3.477500000 1.296875000
v 1.504560949 3.524375000 1.296875000
v 1.504560949 3.524375000 1.281250000
v 1.504560949 3.506875000 1.281250000
v 1.504560949 3.506875000 1.296875000
v 1.620439051 3.506875000 1.296875000
v 1.620439051 3.506875000 1.281250000
v 1.620439051 3.524375000 1.281250000
v 1.620439051 3.524375000 1.296875000
v 1.504560949 3.571250000 1.296875000
v 1.504560949 3.571250000 1.281250000
v 1.504560949 3.553750000 1.281250000
v 1.504560949 3.553750000 1.296875000
v 1.620439051 3.553750000 1.296875000
v 1.620439051 3.553750000 1.281250000
v 1.620439051 3.571250000 1.281250000
v 1.620439051 3.571250000 1.296875000
v 1.504560949 3.618125000 1.296875000
v 1.504560949 3.618125000 1.281250000
v 1.504560949 3.600625000 1.281250000
v 1.504560949 3.600625000 1.296875000
v 1.620439051 3.600625000 1.296875000
v 1.620439051 3.600625000 1.281250000
v 1.620439051 3.618125000 1.281250000
v 1.620439051 3.618125000 1.296875000
v 1.504560949 3.665000000 1.296875000
v 1.504560949 3.665000000 1.281250000
v 1.504560949 3.647500000 1.281250000
v 1.504560949 3.647500000 1.296875000
v 1.620439051 3.647500000 1.296875000
v 1.620439051 3.647500000 1.281250000
v 1.620439051 3.665000000 1.281250000
v 1.620439051 3.665000000 1.296875000
v 1.504560949 3.711875000 1.296875000
v 1.504560949 3.711875000 1.281250000
v 1.504560949 3.694375000 1.281250000
v 1.504560949 3.694375000 1.296875000
v 1.620439051 3.694375000 1.296875000
v 1.620439051 3.694375000 1.281250000
v 1.620439051 3.711875000 1.281250000
v 1.620439051 3.711875000 1.296875000
v 1.504560949 3.758750000 1.296875000
v 1.504560949 3.758750000 1.281250000
v 1.504560949 3.741250000 1.281250000
v 1.504560949 3.741250000 1.296875000
v 1.620439051 3.741250000 1.296875000
v 1.620439051 3.741250000 1.281250000
v 1.620439051 3.758750000 1.281250000
v 1.620439051 3.758750000 1.296875000
v 1.504560949 3.805625000 1.296875000
v 1.504560949 3.805625000 1.281250000
v 1.504560949 3.788125000 1.281250000
v 1.504560949 3.788125000 1.296875000
v 1.620439051 3.788125000 1.296875000
v 1.620439051 3.788125000 1.281250000
v 1.620439051 3.805625000 1.281250000
v 1.620439051 3.805625000 1.296875000
v 1.504560949 3.852500000 1.296875000
v 1.504560949 3.852500000 1.281250000
v 1.504560949 3.835000000 1.281250000
v 1.504560949 3.835000000 1.296875000
v 1.620439051 3.835000000 1.296875000
v 1.620439051 3.835000000 1.281250000
v 1.620439051 3.852500000 1.281250000
v 1.620439051 3.852500000 1.296875000
v 1.817060949 3.477500000 1.296875000
v 1.817060949 3.477500000 1.281250000
v 1.817060949 3.460000000 1.281250000
v 1.817060949 3.460000000 1.296875000
v 1.932939051 3.460000000 1.296875000
v 1.932939051 3.460000000 1.281250000
v 1.932939051 3.477500000 1.281250000
v 1.932939051 3.477500000 1.296875000
v 1.817060949 3.524375000 1.296875000
v 1.817060949 3.524375000 1.281250000
v 1.817060949 3.506875000 1.281250000
v 1.817060949 3.506875000 1.296875000
v 1.932939051 3.506875000 1.296875000
v 1.932939051 3.506875000 1.281250000
v 1.932939051 3.524375000 1.281250000
v 1.932939051 3.524375000 1.296875000
v 1.817060949 3.571250000 1.296875000
v 1.817060949 3.571250000 1.281250000
v 1.817060949 3.553750000 1.281250000
v 1.817060949 3.553750000 1.296875000
v 1.932939051 3.553750000 1.296875000
v 1.932939051 3.553750000 1.281250000
v 1.932939051 3.571250000 1.281250000
v 1.932939051 3.571250000 1.296875000
v 1.817060949 3.618125000 1.296875000
v 1.817060949 3.618125000 1.281250000
v 1.817060949 3.600625000 1.281250000
v 1.817060949 3.600625000 1.296875000
v 1.932939051 3.600625000 1.296875000
v 1.932939051 3.600625000 1.281250000
v 1.932939051 3.618125000 1.281250000
v 1.932939051 3.618125000 1.296875000
v 1.817060949 3.665000000 1.296875000
v 1.817060949 3.665000000 1.281250000
v 1.817060949 3.647500000 1.281250000
v 1.817060949 3.647500000 1.296875000
v 1.932939051 3.647500000 1.296875000
v 1.932939051 3.647500000 1.281250000
v 1.932939051 3.665000000 1.281250000
v 1.932939051 3.665000000 1.296875000
v 1.817060949 3.711875000 1.296875000
v 1.817060949 3.711875000 1.281250000
v 1.817060949 3.694375000 1.281250000
v 1.817060949 3.694375000 1.296875000
v 1.932939051 3.694375000 1.296875000
v 1.932939051 3.694375000 1.281250000
v 1.932939051 3.711875000 1.281250000
v 1.932939051 3.711875000 1.296875000
v 1.817060949 3.758750000 1.296875000
v 1.817060949 3.758750000 1.281250000
v 1.817060949 3.741250000 1.281250000
v 1.817060949 3.741250000 1.296875000
v 1.932939051 3.741250000 1.296875000
v 1.932939051 3.741250000 1.281250000
v 1.932939051 3.758750000 1.281250000
v 1.932939051 3.758750000 1.296875000
v 1.817060949 3.805625000 1.296875000
v 1.817060949 3.805625000 1.281250000
v 1.817060949 3.788125000 1.281250000
v 1.817060949 3.788125000 1.296875000
v 1.932939051 3.788125000 1.296875000
v 1.932939051 3.788125000 1.281250000
v 1.932939051 3.805625000 1.281250000
v 1.932939051 3.805625000 1.296875000
v 1.817060949 3.852500000 1.296875000
v 1.817060949 3.852500000 1.281250000
v 1.817060949 3.835000000 1.281250000
v 1.817060949 3.835000000 1.296875000
v 1.932939051 3.835000000 1.296875000
v 1.932939051 3.835000000 1.281250000
v 1.932939051 3.852500000 1.281250000
v 1.932939051 3.852500000 1.296875000
v 1.500490204 3.477500000 1.312500000
v 1.500490204 3.477500000 1.296875000
v 1.500490204 3.460000000 1.296875000
v 1.500490204 3.460000000 1.312500000
v 1.624509796 3.460000000 1.312500000
v 1.624509796 3.460000000 1.296875000
v 1.624509796 3.477500000 1.296875000
v 1.624509796 3.477500000 1.312500000
v 1.500490204 3.524375000 1.312500000
v 1.500490204 3.524375000 1.296875000
v 1.500490204 3.506875000 1.296875000
v 1.500490204 3.506875000 1.312500000
v 1.624509796 3.506875000 1.312500000
v 1.624509796 3.506875000 1.296875000
v 1.624509796 3.524375000 1.296875000
v 1.624509796 3.524375000 1.312500000
v 1.500490204 3.571250000 1.312500000
v 1.500490204 3.571250000 1.296875000
v 1.500490204 3.553750000 1.296875000
v 1.500490204 3.553750000 1.312500000
v 1.624509796 3.553750000 1.312500000
v 1.624509796 3.553750000 1.296875000
v 1.624509796 3.571250000 1.296875000
v 1.624509796 3.571250000 1.312500000
v 1.500490204 3.618125000 1.312500000
v 1.500490204 3.618125000 1.296875000
v 1.500490204 3.600625000 1.296875000
v 1.500490204 3.600625000 1.312500000
v 1.624509796 3.600625000 1.312500000
v 1.624509796 3.600625000 1.296875000
v 1.624509796 3.618125000 1.296875000
v 1.624509796 3.618125000 1.312500000
v 1.500490204 3.665000000 1.312500000
v 1.500490204 3.665000000 1.296875000
v 1.500490204 3.647500000 1.296875000
v 1.500490204 3.647500000 1.312500000
v 1.624509796 3.647500000 1.312500000
v 1.624509796 3.647500000 1.296875000
v 1.624509796 3.665000000 1.296875000
v 1.624509796 3.665000000 1.312500000
v 1.500490204 3.711875000 1.312500000
v 1.500490204 3.711875000 1.296875000
v 1.500490204 3.694375000 1.296875000
v 1.500490204 3.694375000 1.312500000
v 1.624509796 3.694375000 1.312500000
v 1.624509796 3.694375000 1.296875000
v 1.624509796 3.711875000 1.296875000
v 1.624509796 3.711875000 1.312500000
v 1.500490204 3.758750000 1.312500000
v 1.500490204 3.758750000 1.296875000
v 1.500490204 3.741250000 1.296875000
v 1.500490204 3.741250000 1.312500000
v 1.624509796 3.741250000 1.312500000
v 1.624509796 3.741250000 1.296875000
v 1.624509796 3.758750000 1.296875000
v 1.624509796 3.758750000 1.312500000
v 1.500490204 3.805625000 1.312500000
v 1.500490204 3.805625000 1.296875000
v 1.500490204 3.788125000 1.296875000
v 1.500490204 3.788125000 1.312500000
v 1.624509796 3.788125000 1.312500000
v 1.624509796 3.788125000 1.296875000
v 1.624509796 3.805625000 1.296875000
v 1.624509796 3.805625000 1.312500000
v 1.500490204 3.852500000 1.312500000
v 1.500490204 3.852500000 1.296875000
v 1.500490204 3.835000000 1.296875000
v 1.500490204 3.835000000 1.312500000
v 1.624509796 3.835000000 1.312500000
v 1.624509796 3.835000000 1.296875000
v 1.624509796 3.852500000 1.296875000
v 1.624509796 3.852500000 1.312500000
v 1.812990204 3.477500000 1.312500000
v 1.812990204 3.477500000 1.296875000
v 1.812990204 3.460000000 1.296875000
v 1.812990204 3.460000000 1.312500000
v 1.937009796 3.460000000 1.312500000
v 1.937009796 3.460000000 1.296875000
v 1.937009796 3.477500000 1.296875000
v 1.937009796 3.477500000 1.312500000
v 1.812990204 3.524375000 1.312500000
v 1.812990204 3.524375000 1.296875000
v 1.812990204 3.506875000 1.296875000
v 1.812990204 3.506875000 1.312500000
v 1.937009796 3.506875000 1.312500000
v 1.937009796 3.506875000 1.296875000
v 1.937009796 3.524375000 1.296875000
v 1.937009796 3.524375000 1.312500000
v 1.812990204 3.571250000 1.312500000
v 1.812990204 3.571250000 1.296875000
v 1.812990204 3.553750000 1.296875000
v 1.812990204 3.553750000 1.312500000
v 1.937009796 3.553750000 1.312500000
v 1.937009796 3.553750000 1.296875000
v 1.937009796 3.571250000 1.296875000
v 1.937009796 3.571250000 1.312500000
v 1.812990204 3.618125000 1.312500000
v 1.812990204 3.618125000 1.296875000
v 1.812990204 3.600625000 1.296875000
v 1.812990204 3.600625000 1.312500000
v 1.937009796 3.600625000 1.312500000
v 1.937009796 3.600625000 1.296875000
v 1.937009796 3.618125000 1.296875000
v 1.937009796 3.618125000 1.312500000
v 1.812990204 3.665000000 1.312500000
v 1.812990204 3.665000000 1.296875000
v 1.812990204 3.647500000 1.296875000
v 1.812990204 3.647500000 1.312500000
v 1.937009796 3.647500000 1.312500000
v 1.937009796 3.647500000 1.296875000
v 1.937009796 3.665000000 1.296875000
v 1.937009796 3.665000000 1.312500000
v 1.812990204 3.711875000 1.312500000
v 1.812990204 3.711875000 1.296875000
v 1.812990204 3.694375000 1.296875000
v 1.812990204 3.694375000 1.312500000
v 1.937009796 3.694375000 1.312500000
v 1.937009796 3.694375000 1.296875000
v 1.937009796 3.711875000 1.296875000
v 1.937009796 3.711875000 1.312500000
v 1.812990204 3.758750000 1.312500000
v 1.812990204 3.758750000 1.296875000
v 1.812990204 3.741250000 1.296875000
v 1.812990204 3.741250000 1.312500000
v 1.937009796 3.741250000 1.312500000
v 1.937009796 3.741250000 1.296875000
v 1.937009796 3.758750000 1.296875000
v 1.937009796 3.758750000 1.312500000
v 1.812990204 3.805625000 1.312500000
v 1.812990204 3.805625000 1.296875000
v 1.812990204 3.788125000 1.296875000
v 1.812990204 3.788125000 1.312500000
v 1.937009796 3.788125000 1.312500000
v 1.937009796 3.788125000 1.296875000
v 1.937009796 3.805625000 1.296875000
v 1.937009796 3.805625000 1.312500000
v 1.812990204 3.852500000 1.312500000
v 1.812990204 3.852500000 1.296875000
v 1.812990204 3.835000000 1.296875000
v 1.812990204 3.835000000 1.312500000
v 1.937009796 3.835000000 1.312500000
v 1.937009796 3.835000000 1.296875000
v 1.937009796 3.852500000 1.296875000
v 1.937009796 3.852500000 1.312500000
v 1.500490204 3.477500000 1.328125000
v 1.500490204 3.460000000 1.328125000
v 1.624509796 3.460000000 1.328125000
v 1.624509796 3.477500000 1.328125000
v 1.500490204 3.524375000 1.328125000
v 1.500490204 3.506875000 1.328125000
v 1.624509796 3.506875000 1.328125000
v 1.624509796 3.524375000 1.328125000
v 1.500490204 3.571250000 1.328125000
v 1.500490204 3.553750000 1.328125000
v 1.624509796 3.553750000 1.328125000
v 1.624509796 3.571250000 1.328125000
v 1.500490204 3.618125000 1.328125000
v 1.500490204 3.600625000 1.328125000
v 1.624509796 3.600625000 1.328125000
v 1.624509796 3.618125000 1.328125000
v 1.500490204 3.665000000 1.328125000
v 1.500490204 3.647500000 1.328125000
v 1.624509796 3.647500000 1.328125000
v 1.624509796 3.665000000 1.328125000
v 1.500490204 3.711875000 1.328125000
v 1.500490204 3.694375000 1.328125000
v 1.624509796 3.694375000 1.328125000
v 1.624509796 3.711875000 1.328125000
v 1.500490204 3.758750000 1.328125000
v 1.500490204 3.741250000 1.328125000
v 1.624509796 3.741250000 1.328125000
v 1.624509796 3.758750000 1.328125000
v 1.500490204 3.805625000 1.328125000
v 1.500490204 3.788125000 1.328125000
v 1.624509796 3.788125000 1.328125000
v 1.624509796 3.805625000 1.328125000
v 1.500490204 3.852500000 1.328125000
v 1.500490204 3.835000000 1.328125000
v 1.624509796 3.835000000 1.328125000
v 1.624509796 3.852500000 1.328125000
v 1.812990204 3.477500000 1.328125000
v 1.812990204 3.460000000 1.328125000
v 1.937009796 3.460000000 1.328125000
v 1.937009796 3.477500000 1.328125000
v 1.812990204 3.524375000 1.328125000
v 1.812990204 3.506875000 1.328125000
v 1.937009796 3.506875000 1.328125000
v 1.937009796 3.524375000 1.328125000
v 1.812990204 3.571250000 1.328125000
v 1.812990204 3.553750000 1.328125000
v 1.937009796 3.553750000 1.328125000
v 1.937009796 3.571250000 1.328125000
v 1.812990204 3.618125000 1.328125000
v 1.812990204 3.600625000 1.328125000
v 1.937009796 3.600625000 1.328125000
v 1.937009796 3.618125000 1.328125000
v 1.812990204 3.665000000 1.328125000
v 1.812990204 3.647500000 1.328125000
v 1.937009796 3.647500000 1.328125000
v 1.937009796 3.665000000 1.328125000
v 1.812990204 3.711875000 1.328125000
v 1.812990204 3.694375000 1.328125000
v 1.937009796 3.694375000 1.328125000
v 1.937009796 3.711875000 1.328125000
v 1.812990204 3.758750000 1.328125000
v 1.812990204 3.741250000 1.328125000
v 1.937009796 3.741250000 1.328125000
v 1.937009796 3.758750000 1.328125000
v 1.812990204 3.805625000 1.328125000
v 1.812990204 3.788125000 1.328125000
v 1.937009796 3.788125000 1.328125000
v 1.937009796 3.805625000 1.328125000
v 1.812990204 3.852500000 1.328125000
v 1.812990204 3.835000000 1.328125000
v 1.937009796 3.835000000 1.328125000
v 1.937009796 3.852500000 1.328125000
v 1.504560949 3.477500000 1.343750000
v 1.504560949 3.477500000 1.328125000
v 1.504560949 3.460000000 1.328125000
v 1.504560949 3.460000000 1.343750000
v 1.620439051 3.460000000 1.343750000
v 1.620439051 3.460000000 1.328125000
v 1.620439051 3.477500000 1.328125000
v 1.620439051 3.477500000 1.343750000
v 1.504560949 3.524375000 1.343750000
v 1.504560949 3.524375000 1.328125000
v 1.504560949 3.506875000 1.328125000
v 1.504560949 3.506875000 1.343750000
v 1.620439051 3.506875000 1.343750000
v 1.620439051 3.506875000 1.328125000
v 1.620439051 3.524375000 1.328125000
v 1.620439051 3.524375000 1.343750000
v 1.504560949 3.571250000 1.343750000
v 1.504560949 3.571250000 1.328125000
v 1.504560949 3.553750000 1.328125000
v 1.504560949 3.553750000 1.343750000
v 1.620439051 3.553750000 1.343750000
v 1.620439051 3.553750000 1.328125000
v 1.620439051 3.571250000 1.328125000
v 1.620439051 3.571250000 1.343750000
v 1.504560949 3.618125000 1.343750000
v 1.504560949 3.618125000 1.328125000
v 1.504560949 3.600625000 1.328125000
v 1.504560949 3.600625000 1.343750000
v 1.620439051 3.600625000 1.343750000
v 1.620439051 3.600625000 1.328125000
v 1.620439051 3.618125000 1.328125000
v 1.620439051 3.618125000 1.343750000
v 1.504560949 3.665000000 1.343750000
v 1.504560949 3.665000000 1.328125000
v 1.504560949 3.647500000 1.328125000
v 1.504560949 3.647500000 1.343750000
v 1.620439051 3.647500000 1.343750000
v 1.620439051 3.647500000 1.328125000
v 1.620439051 3.665000000 1.328125000
v 1.620439051 3.665000000 1.343750000
v 1.504560949 3.711875000 1.343750000
v 1.504560949 3.711875000 1.328125000
v 1.504560949 3.694375000 1.328125000
v 1.504560949 3.694375000 1.343750000
v 1.620439051 3.694375000 1.343750000
v 1.620439051 3.694375000 1.328125000
v 1.620439051 3.711875000 1.328125000
v 1.620439051 3.711875000 1.343750000
v 1.504560949 3.758750000 1.343750000
v 1.504560949 3.758750000 1.328125000
v 1.504560949 3.741250000 1.328125000
v 1.504560949 3.741250000 1.343750000
v 1.620439051 3.741250000 1.343750000
v 1.620439051 3.741250000 1.328125000
v 1.620439051 3.758750000 1.328125000
v 1.620439051 3.758750000 1.343750000
v 1.504560949 3.805625000 1.343750000
v 1.504560949 3.805625000 1.328125000
v 1.504560949 3.788125000 1.328125000
v 1.504560949 3.788125000 1.343750000
v 1.620439051 3.788125000 1.343750000
v 1.620439051 3.788125000 1.328125000
v 1.620439051 3.805625000 1.328125000
v 1.620439051 3.805625000 1.343750000
v 1.504560949 3.852500000 1.343750000
v 1.504560949 3.852500000 1.328125000
v 1.504560949 3.835000000 1.328125000
v 1.504560949 3.835000000 1.343750000
v 1.620439051 3.835000000 1.343750000
v 1.620439051 3.835000000 1.328125000
v 1.620439051 3.852500000 1.328125000
v 1.620439051 3.852500000 1.343750000
v 1.817060949 3.477500000 1.343750000
v 1.817060949 3.477500000 1.328125000
v 1.817060949 3.460000000 1.328125000
v 1.817060949 3.460000000 1.343750000
v 1.932939051 3.460000000 1.343750000
v 1.932939051 3.460000000 1.328125000
v 1.932939051 3.477500000 1.328125000
v 1.932939051 3.477500000 1.343750000
v 1.817060949 3.524375000 1.343750000
v 1.817060949 3.524375000 1.328125000
v 1.817060949 3.506875000 1.328125000
v 1.817060949 3.506875000 1.343750000
v 1.932939051 3.506875000 1.343750000
v 1.932939051 3.506875000 1.328125000
v 1.932939051 3.524375000 1.328125000
v 1.932939051 3.524375000 1.343750000
v 1.817060949 3.571250000 1.343750000
v 1.817060949 3.571250000 1.328125000
v 1.817060949 3.553750000 1.328125000
v 1.817060949 3.553750000 1.343750000
v 1.932939051 3.553750000 1.343750000
v 1.932939051 3.553750000 1.328125000
v 1.932939051 3.571250000 1.328125000
v 1.932939051 3.571250000 1.343750000
v 1.817060949 3.618125000 1.343750000
v 1.817060949 3.618125000 1.328125000
v 1.817060949 3.600625000 1.328125000
v 1.817060949 3.600625000 1.343750000
v 1.932939051 3.600625000 1.343750000
v 1.932939051 3.600625000 1.328125000
v 1.932939051 3.618125000 1.328125000
v 1.932939051 3.618125000 1.343750000
v 1.817060949 3.665000000 1.343750000
v 1.817060949 3.665000000 1.328125000
v 1.817060949 3.647500000 1.328125000
v 1.817060949 3.647500000 1.343750000
v 1.932939051 3.647500000 1.343750000
v 1.932939051 3.647500000 1.328125000
v 1.932939051 3.665000000 1.328125000
v 1.932939051 3.665000000 1.343750000
v 1.817060949 3.711875000 1.343750000
v 1.817060949 3.711875000 1.328125000
v 1.817060949 3.694375000 1.328125000
v 1.817060949 3.694375000 1.343750000
v 1.932939051 3.694375000 1.343750000
v 1.932939051 3.694375000 1.328125000
v 1.932939051 3.711875000 1.328125000
v 1.932939051 3.711875000 1.343750000
v 1.817060949 3.758750000 1.343750000
v 1.817060949 3.758750000 1.328125000
v 1.817060949 3.741250000 1.328125000
v 1.817060949 3.741250000 1.343750000
v 1.932939051 3.741250000 1.343750000
v 1.932939051 3.741250000 1.328125000
v 1.932939051 3.758750000 1.328125000
v 1.932939051 3.758750000 1.343750000
v 1.817060949 3.805625000 1.343750000
v 1.817060949 3.805625000 1.328125000
v 1.817060949 3.788125000 1.328125000
v 1.817060949 3.788125000 1.343750000
v 1.932939051 3.788125000 1.343750000
v 1.932939051 3.788125000 1.328125000
v 1.932939051 3.805625000 1.328125000
v 1.932939051 3.805625000 1.343750000
v 1.817060949 3.852500000 1.343750000
v 1.817060949 3.852500000 1.328125000
v 1.817060949 3.835000000 1.328125000
v 1.817060949 3.835000000 1.343750000
v 1.932939051 3.835000000 1.343750000
v 1.932939051 3.835000000 1.328125000
v 1.932939051 3.852500000 1.328125000
v 1.932939051 3.852500000 1.343750000
v 1.513710953 3.477500000 1.359375000
v 1.513710953 3.477500000 1.343750000
v 1.513710953 3.460000000 1.343750000
v 1.513710953 3.460000000 1.359375000
v 1.611289047 3.460000000 1.359375000
v 1.611289047 3.460000000 1.343750000
v 1.611289047 3.477500000 1.343750000
v 1.611289047 3.477500000 1.359375000
v 1.513710953 3.524375000 1.359375000
v 1.513710953 3.524375000 1.343750000
v 1.513710953 3.506875000 1.343750000
v 1.513710953 3.506875000 1.359375000
v 1.611289047 3.506875000 1.359375000
v 1.611289047 3.506875000 1.343750000
v 1.611289047 3.524375000 1.343750000
v 1.611289047 3.524375000 1.359375000
v 1.513710953 3.571250000 1.359375000
v 1.513710953 3.571250000 1.343750000
v 1.513710953 3.553750000 1.343750000
v 1.513710953 3.553750000 1.359375000
v 1.611289047 3.553750000 1.359375000
v 1.611289047 3.553750000 1.343750000
v 1.611289047 3.571250000 1.343750000
v 1.611289047 3.571250000 1.359375000
v 1.513710953 3.618125000 1.359375000
v 1.513710953 3.618125000 1.343750000
v 1.513710953 3.600625000 1.343750000
v 1.513710953 3.600625000 1.359375000
v 1.611289047 3.600625000 1.359375000
v 1.611289047 3.600625000 1.343750000
v 1.611289047 3.618125000 1.343750000
v 1.611289047 3.618125000 1.359375000
v 1.513710953 3.665000000 1.359375000
v 1.513710953 3.665000000 1.343750000
v 1.513710953 3.647500000 1.343750000
v 1.513710953 3.647500000 1.359375000
v 1.611289047 3.647500000 1.359375000
v 1.611289047 3.647500000 1.343750000
v 1.611289047 3.665000000 1.343750000
v 1.611289047 3.665000000 1.359375000
v 1.513710953 3.711875000 1.359375000
v 1.513710953 3.711875000 1.343750000
v 1.513710953 3.694375000 1.343750000
v 1.513710953 3.694375000 1.359375000
v 1.611289047 3.694375000 1.359375000
v 1.611289047 3.694375000 1.343750000
v 1.611289047 3.711875000 1.343750000
v 1.611289047 3.711875000 1.359375000
v 1.513710953 3.758750000 1.359375000
v 1.513710953 3.758750000 1.343750000
v 1.513710953 3.741250000 1.343750000
v 1.513710953 3.741250000 1.359375000
v 1.611289047 3.741250000 1.359375000
v 1.611289047 3.741250000 1.343750000
v 1.611289047 3.758750000 1.343750000
v 1.611289047 3.758750000 1.359375000
v 1.513710953 3.805625000 1.359375000
v 1.513710953 3.805625000 1.343750000
v 1.513710953 3.788125000 1.343750000
v 1.513710953 3.788125000 1.359375000
v 1.611289047 3.788125000 1.359375000
v 1.611289047 3.788125000 1.343750000
v 1.611289047 3.805625000 1.343750000
v 1.611289047 3.805625000 1.359375000
v 1.513710953 3.852500000 1.359375000
v 1.513710953 3.852500000 1.343750000
v 1.513710953 3.835000000 1.343750000
v 1.513710953 3.835000000 1.359375000
v 1.611289047 3.835000000 1.359375000
v 1.611289047 3.835000000 1.343750000
v 1.611289047 3.852500000 1.343750000
v 1.611289047 3.852500000 1.359375000
v 1.826210953 3.477500000 1.359375000
v 1.826210953 3.477500000 1.343750000
v 1.826210953 3.460000000 1.343750000
v 1.826210953 3.460000000 1.359375000
v 1.923789047 3.460000000 1.359375000
v 1.923789047 3.460000000 1.343750000
v 1.923789047 3.477500000 1.343750000
v 1.923789047 3.477500000 1.359375000
v 1.826210953 3.524375000 1.359375000
v 1.826210953 3.524375000 1.343750000
v 1.826210953 3.506875000 1.343750000
v 1.826210953 3.506875000 1.359375000
v 1.923789047 3.506875000 1.359375000
v 1.923789047 3.506875000 1.343750000
v 1.923789047 3.524375000 1.343750000
v 1.923789047 3.524375000 1.359375000
v 1.826210953 3.571250000 1.359375000
v 1.826210953 3.571250000 1.343750000
v 1.826210953 3.553750000 1.343750000
v 1.826210953 3.553750000 1.359375000
v 1.923789047 3.553750000 1.359375000
v 1.923789047 3.553750000 1.343750000
v 1.923789047 3.571250000 1.343750000
v 1.923789047 3.571250000 1.359375000
v 1.826210953 3.618125000 1.359375000
v 1.826210953 3.618125000 1.343750000
v 1.826210953 3.600625000 1.343750000
v 1.826210953 3.600625000 1.359375000
v 1.923789047 3.600625000 1.359375000
v 1.923789047 3.600625000 1.343750000
v 1.923789047 3.618125000 1.343750000
v 1.923789047 3.618125000 1.359375000
v 1.826210953 3.665000000 1.359375000
v 1.826210953 3.665000000 1.343750000
v 1.826210953 3.647500000 1.343750000
v 1.826210953 3.647500000 1.359375000
v 1.923789047 3.647500000 1.359375000
v 1.923789047 3.647500000 1.343750000
v 1.923789047 3.665000000 1.343750000
v 1.923789047 3.665000000 1.359375000
v 1.826210953 3.711875000 1.359375000
v 1.826210953 3.711875000 1.343750000
v 1.826210953 3.694375000 1.343750000
v 1.826210953 3.694375000 1.359375000
v 1.923789047 3.694375000 1.359375000
v 1.923789047 3.694375000 1.343750000
v 1.923789047 3.711875000 1.343750000
v 1.923789047 3.711875000 1.359375000
v 1.826210953 3.758750000 1.359375000
v 1.826210953 3.758750000 1.343750000
v 1.826210953 3.741250000 1.343750000
v 1.826210953 3.741250000 1.359375000
v 1.923789047 3.741250000 1.359375000
v 1.923789047 3.741250000 1.343750000
v 1.923789047 3.758750000 1.343750000
v 1.923789047 3.758750000 1.359375000
v 1.826210953 3.805625000 1.359375000
v 1.826210953 3.805625000 1.343750000
v 1.826210953 3.788125000 1.343750000
v 1.826210953 3.788125000 1.359375000
v 1.923789047 3.788125000 1.359375000
v 1.923789047 3.788125000 1.343750000
v 1.923789047 3.805625000 1.343750000
v 1.923789047 3.805625000 1.359375000
v 1.826210953 3.852500000 1.359375000
v 1.826210953 3.852500000 1.343750000
v 1.826210953 3.835000000 1.343750000
v 1.826210953 3.835000000 1.359375000
v 1.923789047 3.835000000 1.359375000
v 1.923789047 3.835000000 1.343750000
v 1.923789047 3.852500000 1.343750000
v 1.923789047 3.852500000 1.359375000
v 1.532242318 3.477500000 1.375000000
v 1.532242318 3.477500000 1.359375000
v 1.532242318 3.460000000 1.359375000
v 1.532242318 3.460000000 1.375000000
v 1.592757682 3.460000000 1.375000000
v 1.592757682 3.460000000 1.359375000
v 1.592757682 3.477500000 1.359375000
v 1.592757682 3.477500000 1.375000000
v 1.532242318 3.524375000 1.375000000
v 1.532242318 3.524375000 1.359375000
v 1.532242318 3.506875000 1.359375000
v 1.532242318 3.506875000 1.375000000
v 1.592757682 3.506875000 1.375000000
v 1.592757682 3.506875000 1.359375000
v 1.592757682 3.524375000 1.359375000
v 1.592757682 3.524375000 1.375000000
v 1.532242318 3.571250000 1.375000000
v 1.532242318 3.571250000 1.359375000
v 1.532242318 3.553750000 1.359375000
v 1.532242318 3.553750000 1.375000000
v 1.592757682 3.553750000 1.375000000
v 1.592757682 3.553750000 1.359375000
v 1.592757682 3.571250000 1.359375000
v 1.592757682 3.571250000 1.375000000
v 1.532242318 3.618125000 1.375000000
v 1.532242318 3.618125000 1.359375000
v 1.532242318 3.600625000 1.359375000
v 1.532242318 3.600625000 1.375000000
v 1.592757682 3.600625000 1.375000000
v 1.592757682 3.600625000 1.359375000
v 1.592757682 3.618125000 1.359375000
v 1.592757682 3.618125000 1.375000000
v 1.532242318 3.665000000 1.375000000
v 1.532242318 3.665000000 1.359375000
v 1.532242318 3.647500000 1.359375000
v 1.532242318 3.647500000 1.375000000
v 1.592757682 3.647500000 1.375000000
v 1.592757682 3.647500000 1.359375000
v 1.592757682 3.665000000 1.359375000
v 1.592757682 3.665000000 1.375000000
v 1.532242318 3.711875000 1.375000000
v 1.532242318 3.711875000 1.359375000
v 1.532242318 3.694375000 1.359375000
v 1.532242318 3.694375000 1.375000000
v 1.592757682 3.694375000 1.375000000
v 1.592757682 3.694375000 1.359375000
v 1.592757682 3.711875000 1.359375000
v 1.592757682 3.711875000 1.375000000
v 1.532242318 3.758750000 1.375000000
v 1.532242318 3.758750000 1.359375000
v 1.532242318 3.741250000 1.359375000
v 1.532242318 3.741250000 1.375000000
v 1.592757682 3.741250000 1.375000000
v 1.592757682 3.741250000 1.359375000
v 1.592757682 3.758750000 1.359375000
v 1.592757682 3.758750000 1.375000000
v 1.532242318 3.805625000 1.375000000
v 1.532242318 3.805625000 1.359375000
v 1.532242318 3.788125000 1.359375000
v 1.532242318 3.788125000 1.375000000
v 1.592757682 3.788125000 1.375000000
v 1.592757682 3.788125000 1.359375000
v 1.592757682 3.805625000 1.359375000
v 1.592757682 3.805625000 1.375000000
v 1.532242318 3.852500000 1.375000000
v 1.532242318 3.852500000 1.359375000
v 1.532242318 3.835000000 1.359375000
v 1.532242318 3.835000000 1.375000000
v 1.592757682 3.835000000 1.375000000
v 1.592757682 3.835000000 1.359375000
v 1.592757682 3.852500000 1.359375000
v 1.592757682 3.852500000 1.375000000
v 1.844742318 3.477500000 1.375000000
v 1.844742318 3.477500000 1.359375000
v 1.844742318 3.460000000 1.359375000
v 1.844742318 3.460000000 1.375000000
v 1.905257682 3.460000000 1.375000000
v 1.905257682 3.460000000 1.359375000
v 1.905257682 3.477500000 1.359375000
v 1.905257682 3.477500000 1.375000000
v 1.844742318 3.524375000 1.375000000
v 1.844742318 3.524375000 1.359375000
v 1.844742318 3.506875000 1.359375000
v 1.844742318 3.506875000 1.375000000
v 1.905257682 3.506875000 1.375000000
v 1.905257682 3.506875000 1.359375000
v 1.905257682 3.524375000 1.359375000
v 1.905257682 3.524375000 1.375000000
v 1.844742318 3.571250000 1.375000000
v 1.844742318 3.571250000 1.359375000
v 1.844742318 3.553750000 1.359375000
v 1.844742318 3.553750000 1.375000000
v 1.905257682 3.553750000 1.375000000
v 1.905257682 3.553750000 1.359375000
v 1.905257682 3.571250000 1.359375000
v 1.905257682 3.571250000 1.375000000
v 1.844742318 3.618125000 1.375000000
v 1.844742318 3.618125000 1.359375000
v 1.844742318 3.600625000 1.359375000
v 1.844742318 3.600625000 1.375000000
v 1.905257682 3.600625000 1.375000000
v 1.905257682 3.600625000 1.359375000
v 1.905257682 3.618125000 1.359375000
v 1.905257682 3.618125000 1.375000000
v 1.844742318 3.665000000 1.375000000
v 1.844742318 3.665000000 1.359375000
v 1.844742318 3.647500000 1.359375000
v 1.844742318 3.647500000 1.375000000
v 1.905257682 3.647500000 1.375000000
v 1.905257682 3.647500000 1.359375000
v 1.905257682 3.665000000 1.359375000
v 1.905257682 3.665000000 1.375000000
v 1.844742318 3.711875000 1.375000000
v 1.844742318 3.711875000 1.359375000
v 1.844742318 3.694375000 1.359375000
v 1.844742318 3.694375000 1.375000000
v 1.905257682 3.694375000 1.375000000
v 1.905257682 3.694375000 1.359375000
v 1.905257682 3.711875000 1.359375000
v 1.905257682 3.711875000 1.375000000
v 1.844742318 3.758750000 1.375000000
v 1.844742318 3.758750000 1.359375000
v 1.844742318 3.741250000 1.359375000
v 1.844742318 3.741250000 1.375000000
v 1.905257682 3.741250000 1.375000000
v 1.905257682 3.741250000 1.359375000
v 1.905257682 3.758750000 1.359375000
v 1.905257682 3.758750000 1.375000000
v 1.844742318 3.805625000 1.375000000
v 1.844742318 3.805625000 1.359375000
v 1.844742318 3.788125000 1.359375000
v 1.844742318 3.788125000 1.375000000
v 1.905257682 3.788125000 1.375000000
v 1.905257682 3.788125000 1.359375000
v 1.905257682 3.805625000 1.359375000
v 1.905257682 3.805625000 1.375000000
v 1.844742318 3.852500000 1.375000000
v 1.844742318 3.852500000 1.359375000
v 1.844742318 3.835000000 1.359375000
v 1.844742318 3.835000000 1.375000000
v 1.905257682 3.835000000 1.375000000
v 1.905257682 3.835000000 1.359375000
v 1.905257682 3.852500000 1.359375000
v 1.905257682 3.852500000 1.375000000
v 1.550000000 3.875000000 1.325000000
v 1.550000000 3.875000000 1.300000000
v 1.550000000 3.437500000 1.300000000
v 1.550000000 3.437500000 1.325000000
v 1.575000000 3.437500000 1.325000000
v 1.575000000 3.437500000 1.300000000
v 1.575000000 3.875000000 1.300000000
v 1.575000000 3.875000000 1.325000000
v 1.862500000 3.875000000 1.325000000
v 1.862500000 3.875000000 1.300000000
v 1.862500000 3.437500000 1.300000000
v 1.862500000 3.437500000 1.325000000
v 1.887500000 3.437500000 1.325000000
v 1.887500000 3.437500000 1.300000000
v 1.887500000 3.875000000 1.300000000
v 1.887500000 3.875000000 1.325000000
v 2.920312500 3.448437500 1.329687500
v 2.920312500 3.448437500 1.295312500
v 2.920312500 3.414062500 1.295312500
v 2.920312500 3.414062500 1.329687500
v 2.954687500 3.414062500 1.329687500
v 2.954687500 3.414062500 1.295312500
v 2.954687500 3.448437500 1.295312500
v 2.954687500 3.448437500 1.329687500
v 2.795312500 3.448437500 1.546193851
v 2.795312500 3.448437500 1.511818851
v 2.795312500 3.414062500 1.511818851
v 2.795312500 3.414062500 1.546193851
v 2.829687500 3.414062500 1.546193851
v 2.829687500 3.414062500 1.511818851
v 2.829687500 3.448437500 1.511818851
v 2.829687500 3.448437500 1.546193851
v 2.545312500 3.448437500 1.546193851
v 2.545312500 3.448437500 1.511818851
v 2.545312500 3.414062500 1.511818851
v 2.545312500 3.414062500 1.546193851
v 2.579687500 3.414062500 1.546193851
v 2.579687500 3.414062500 1.511818851
v 2.579687500 3.448437500 1.511818851
v 2.579687500 3.448437500 1.546193851
v 2.420312500 3.448437500 1.329687500
v 2.420312500 3.448437500 1.295312500
v 2.420312500 3.414062500 1.295312500
v 2.420312500 3.414062500 1.329687500
v 2.454687500 3.414062500 1.329687500
v 2.454687500 3.414062500 1.295312500
v 2.454687500 3.448437500 1.295312500
v 2.454687500 3.448437500 1.329687500
v 2.545312500 3.448437500 1.113181149
v 2.545312500 3.448437500 1.078806149
v 2.545312500 3.414062500 1.078806149
v 2.545312500 3.414062500 1.113181149
v 2.579687500 3.414062500 1.113181149
v 2.579687500 3.414062500 1.078806149
v 2.579687500 3.448437500 1.078806149
v 2.579687500 3.448437500 1.113181149
v 2.795312500 3.448437500 1.113181149
v 2.795312500 3.448437500 1.078806149
v 2.795312500 3.414062500 1.078806149
v 2.795312500 3.414062500 1.113181149
v 2.829687500 3.414062500 1.113181149
v 2.829687500 3.414062500 1.078806149
v 2.829687500 3.448437500 1.078806149
v 2.829687500 3.448437500 1.113181149
v 1.409280021 3.899296277 1.415625000
v 1.409280021 3.899296277 1.334375000
v 1.420975054 3.844275474 1.334375000
v 1.420975054 3.844275474 1.415625000
v 2.215719979 4.013203723 1.415625000
v 2.215719979 4.013203723 1.334375000
v 2.204024946 4.068224526 1.334375000
v 2.204024946 4.068224526 1.415625000
v 0.934375000 0.906250000 2.659375000
v 0.934375000 0.906250000 2.590625000
v 0.934375000 0.843750000 2.590625000
v 0.934375000 0.843750000 2.659375000
v 1.003125000 0.843750000 2.659375000
v 1.003125000 0.843750000 2.590625000
v 1.003125000 0.906250000 2.590625000
v 1.003125000 0.906250000 2.659375000
v 1.621875000 0.906250000 2.659375000
v 1.621875000 0.906250000 2.590625000
v 1.621875000 0.843750000 2.590625000
v 1.621875000 0.843750000 2.659375000
v 1.690625000 0.843750000 2.659375000
v 1.690625000 0.843750000 2.590625000
v 1.690625000 0.906250000 2.590625000
v 1.690625000 0.906250000 2.659375000
v 3.121875000 0.906250000 2.659375000
v 3.121875000 0.906250000 2.590625000
v 3.121875000 0.843750000 2.590625000
v 3.121875000 0.843750000 2.659375000
v 3.190625000 0.843750000 2.659375000
v 3.190625000 0.843750000 2.590625000
v 3.190625000 0.906250000 2.590625000
v 3.190625000 0.906250000 2.659375000
v 0.921814882 0.906250000 2.706250000
v 0.921814882 0.906250000 2.637500000
v 0.921814882 0.843750000 2.637500000
v 0.921814882 0.843750000 2.706250000
v 0.990564882 0.843750000 2.706250000
v 0.990564882 0.843750000 2.637500000
v 0.990564882 0.906250000 2.637500000
v 0.990564882 0.906250000 2.706250000
v 1.609314882 0.906250000 2.706250000
v 1.609314882 0.906250000 2.637500000
v 1.609314882 0.843750000 2.637500000
v 1.609314882 0.843750000 2.706250000
v 1.678064882 0.843750000 2.706250000
v 1.678064882 0.843750000 2.637500000
v 1.678064882 0.906250000 2.637500000
v 1.678064882 0.906250000 2.706250000
v 3.109314882 0.906250000 2.706250000
v 3.109314882 0.906250000 2.637500000
v 3.109314882 0.843750000 2.637500000
v 3.109314882 0.843750000 2.706250000
v 3.178064882 0.843750000 2.706250000
v 3.178064882 0.843750000 2.637500000
v 3.178064882 0.906250000 2.637500000
v 3.178064882 0.906250000 2.706250000
v 0.887500000 0.906250000 2.740564882
v 0.887500000 0.906250000 2.671814882
v 0.887500000 0.843750000 2.671814882
v 0.887500000 0.843750000 2.740564882
v 0.956250000 0.843750000 2.740564882
v 0.956250000 0.843750000 2.671814882
v 0.956250000 0.906250000 2.671814882
v 0.956250000 0.906250000 2.740564882
v 1.575000000 0.906250000 2.740564882
v 1.575000000 0.906250000 2.671814882
v 1.575000000 0.843750000 2.671814882
v 1.575000000 0.843750000 2.740564882
v 1.643750000 0.843750000 2.740564882
v 1.643750000 0.843750000 2.671814882
v 1.643750000 0.906250000 2.671814882
v 1.643750000 0.906250000 2.740564882
v 3.075000000 0.906250000 2.740564882
v 3.075000000 0.906250000 2.671814882
v 3.075000000 0.843750000 2.671814882
v 3.075000000 0.843750000 2.740564882
v 3.143750000 0.843750000 2.740564882
v 3.143750000 0.843750000 2.671814882
v 3.143750000 0.906250000 2.671814882
v 3.143750000 0.906250000 2.740564882
v 0.840625000 0.906250000 2.753125000
v 0.840625000 0.906250000 2.684375000
v 0.840625000 0.843750000 2.684375000
v 0.840625000 0.843750000 2.753125000
v 0.909375000 0.843750000 2.753125000
v 0.909375000 0.843750000 2.684375000
v 0.909375000 0.906250000 2.684375000
v 0.909375000 0.906250000 2.753125000
v 1.528125000 0.906250000 2.753125000
v 1.528125000 0.906250000 2.684375000
v 1.528125000 0.843750000 2.684375000
v 1.528125000 0.843750000 2.753125000
v 1.596875000 0.843750000 2.753125000
v 1.596875000 0.843750000 2.684375000
v 1.596875000 0.906250000 2.684375000
v 1.596875000 0.906250000 2.753125000
v 3.028125000 0.906250000 2.753125000
v 3.028125000 0.906250000 2.684375000
v 3.028125000 0.843750000 2.684375000
v 3.028125000 0.843750000 2.753125000
v 3.096875000 0.843750000 2.753125000
v 3.096875000 0.843750000 2.684375000
v 3.096875000 0.906250000 2.684375000
v 3.096875000 0.906250000 2.753125000
v 0.793750000 0.906250000 2.740564882
v 0.793750000 0.906250000 2.671814882
v 0.793750000 0.843750000 2.671814882
v 0.793750000 0.843750000 2.740564882
v 0.862500000 0.843750000 2.740564882
v 0.862500000 0.843750000 2.671814882
v 0.862500000 0.906250000 2.671814882
v 0.862500000 0.906250000 2.740564882
v 1.481250000 0.906250000 2.740564882
v 1.481250000 0.906250000 2.671814882
v 1.481250000 0.843750000 2.671814882
v 1.481250000 0.843750000 2.740564882
v 1.550000000 0.843750000 2.740564882
v 1.550000000 0.843750000 2.671814882
v 1.550000000 0.906250000 2.671814882
v 1.550000000 0.906250000 2.740564882
v 2.981250000 0.906250000 2.740564882
v 2.981250000 0.906250000 2.671814882
v 2.981250000 0.843750000 2.671814882
v 2.981250000 0.843750000 2.740564882
v 3.050000000 0.843750000 2.740564882
v 3.050000000 0.843750000 2.671814882
v 3.050000000 0.906250000 2.671814882
v 3.050000000 0.906250000 2.740564882
v 0.759435118 0.906250000 2.706250000
v 0.759435118 0.906250000 2.637500000
v 0.759435118 0.843750000 2.637500000
v 0.759435118 0.843750000 2.706250000
v 0.828185118 0.843750000 2.706250000
v 0.828185118 0.843750000 2.637500000
v 0.828185118 0.906250000 2.637500000
v 0.828185118 0.906250000 2.706250000
v 1.446935118 0.906250000 2.706250000
v 1.446935118 0.906250000 2.637500000
v 1.446935118 0.843750000 2.637500000
v 1.446935118 0.843750000 2.706250000
v 1.515685118 0.843750000 2.706250000
v 1.515685118 0.843750000 2.637500000
v 1.515685118 0.906250000 2.637500000
v 1.515685118 0.906250000 2.706250000
v 2.946935118 0.906250000 2.706250000
v 2.946935118 0.906250000 2.637500000
v 2.946935118 0.843750000 2.637500000
v 2.946935118 0.843750000 2.706250000
v 3.015685118 0.843750000 2.706250000
v 3.015685118 0.843750000 2.637500000
v 3.015685118 0.906250000 2.637500000
v 3.015685118 0.906250000 2.706250000
v 0.746875000 0.906250000 2.659375000
v 0.746875000 0.906250000 2.590625000
v 0.746875000 0.843750000 2.590625000
v 0.746875000 0.843750000 2.659375000
v 0.815625000 0.843750000 2.659375000
v 0.815625000 0.843750000 2.590625000
v 0.815625000 0.906250000 2.590625000
v 0.815625000 0.906250000 2.659375000
v 1.434375000 0.906250000 2.659375000
v 1.434375000 0.906250000 2.590625000
v 1.434375000 0.843750000 2.590625000
v 1.434375000 0.843750000 2.659375000
v 1.503125000 0.843750000 2.659375000
v 1.503125000 0.843750000 2.590625000
v 1.503125000 0.906250000 2.590625000
v 1.503125000 0.906250000 2.659375000
v 2.934375000 0.906250000 2.659375000
v 2.934375000 0.906250000 2.590625000
v 2.934375000 0.843750000 2.590625000
v 2.934375000 0.843750000 2.659375000
v 3.003125000 0.843750000 2.659375000
v 3.003125000 0.843750000 2.590625000
v 3.003125000 0.906250000 2.590625000
v 3.003125000 0.906250000 2.659375000
v 0.759435118 0.906250000 2.612500000
v 0.759435118 0.906250000 2.543750000
v 0.759435118 0.843750000 2.543750000
v 0.759435118 0.843750000 2.612500000
v 0.828185118 0.843750000 2.612500000
v 0.828185118 0.843750000 2.543750000
v 0.828185118 0.906250000 2.543750000
v 0.828185118 0.906250000 2.612500000
v 1.446935118 0.906250000 2.612500000
v 1.446935118 0.906250000 2.543750000
v 1.446935118 0.843750000 2.543750000
v 1.446935118 0.843750000 2.612500000
v 1.515685118 0.843750000 2.612500000
v 1.515685118 0.843750000 2.543750000
v 1.515685118 0.906250000 2.543750000
v 1.515685118 0.906250000 2.612500000
v 2.946935118 0.906250000 2.612500000
v 2.946935118 0.906250000 2.543750000
v 2.946935118 0.843750000 2.543750000
v 2.946935118 0.843750000 2.612500000
v 3.015685118 0.843750000 2.612500000
v 3.015685118 0.843750000 2.543750000
v 3.015685118 0.906250000 2.543750000
v 3.015685118 0.906250000 2.612500000
v 0.793750000 0.906250000 2.578185118
v 0.793750000 0.906250000 2.509435118
v 0.793750000 0.843750000 2.509435118
v 0.793750000 0.843750000 2.578185118
v 0.862500000 0.843750000 2.578185118
v 0.862500000 0.843750000 2.509435118
v 0.862500000 0.906250000 2.509435118
v 0.862500000 0.906250000 2.578185118
v 1.481250000 0.906250000 2.578185118
v 1.481250000 0.906250000 2.509435118
v 1.481250000 0.843750000 2.509435118
v 1.481250000 0.843750000 2.578185118
v 1.550000000 0.843750000 2.578185118
v 1.550000000 0.843750000 2.509435118
v 1.550000000 0.906250000 2.509435118
v 1.550000000 0.906250000 2.578185118
v 2.981250000 0.906250000 2.578185118
v 2.981250000 0.906250000 2.509435118
v 2.981250000 0.843750000 2.509435118
v 2.981250000 0.843750000 2.578185118
v 3.050000000 0.843750000 2.578185118
v 3.050000000 0.843750000 2.509435118
v 3.050000000 0.906250000 2.509435118
v 3.050000000 0.906250000 2.578185118
v 0.840625000 0.906250000 2.565625000
v 0.840625000 0.906250000 2.496875000
v 0.840625000 0.843750000 2.496875000
v 0.840625000 0.843750000 2.565625000
v 0.909375000 0.843750000 2.565625000
v 0.909375000 0.843750000 2.496875000
v 0.909375000 0.906250000 2.496875000
v 0.909375000 0.906250000 2.565625000
v 1.528125000 0.906250000 2.565625000
v 1.528125000 0.906250000 2.496875000
v 1.528125000 0.843750000 2.496875000
v 1.528125000 0.843750000 2.565625000
v 1.596875000 0.843750000 2.565625000
v 1.596875000 0.843750000 2.496875000
v 1.596875000 0.906250000 2.496875000
v 1.596875000 0.906250000 2.565625000
v 3.028125000 0.906250000 2.565625000
v 3.028125000 0.906250000 2.496875000
v 3.028125000 0.843750000 2.496875000
v 3.028125000 0.843750000 2.565625000
v 3.096875000 0.843750000 2.565625000
v 3.096875000 0.843750000 2.496875000
v 3.096875000 0.906250000 2.496875000
v 3.096875000 0.906250000 2.565625000
v 0.887500000 0.906250000 2.578185118
v 0.887500000 0.906250000 2.509435118
v 0.887500000 0.843750000 2.509435118
v 0.887500000 0.843750000 2.578185118
v 0.956250000 0.843750000 2.578185118
v 0.956250000 0.843750000 2.509435118
v 0.956250000 0.906250000 2.509435118
v 0.956250000 0.906250000 2.578185118
v 1.575000000 0.906250000 2.578185118
v 1.575000000 0.906250000 2.509435118
v 1.575000000 0.843750000 2.509435118
v 1.575000000 0.843750000 2.578185118
v 1.643750000 0.843750000 2.578185118
v 1.643750000 0.843750000 2.509435118
v 1.643750000 0.906250000 2.509435118
v 1.643750000 0.906250000 2.578185118
v 3.075000000 0.906250000 2.578185118
v 3.075000000 0.906250000 2.509435118
v 3.075000000 0.843750000 2.509435118
v 3.075000000 0.843750000 2.578185118
v 3.143750000 0.843750000 2.578185118
v 3.143750000 0.843750000 2.509435118
v 3.143750000 0.906250000 2.509435118
v 3.143750000 0.906250000 2.578185118
v 0.921814882 0.906250000 2.612500000
v 0.921814882 0.906250000 2.543750000
v 0.921814882 0.843750000 2.543750000
v 0.921814882 0.843750000 2.612500000
v 0.990564882 0.843750000 2.612500000
v 0.990564882 0.843750000 2.543750000
v 0.990564882 0.906250000 2.543750000
v 0.990564882 0.906250000 2.612500000
v 1.609314882 0.906250000 2.612500000
v 1.609314882 0.906250000 2.543750000
v 1.609314882 0.843750000 2.543750000
v 1.609314882 0.843750000 2.612500000
v 1.678064882 0.843750000 2.612500000
v 1.678064882 0.843750000 2.543750000
v 1.678064882 0.906250000 2.543750000
v 1.678064882 0.906250000 2.612500000
v 3.109314882 0.906250000 2.612500000
v 3.109314882 0.906250000 2.543750000
v 3.109314882 0.843750000 2.543750000
v 3.109314882 0.843750000 2.612500000
v 3.178064882 0.843750000 2.612500000
v 3.178064882 0.843750000 2.543750000
v 3.178064882 0.906250000 2.543750000
v 3.178064882 0.906250000 2.612500000
v 0.944583073 1.112355840 2.193750000
v 0.944583073 1.112355840 2.181250000
v 0.976935454 0.991615112 2.181250000
v 0.976935454 0.991615112 2.193750000
v 1.055416927 1.012644160 2.193750000
v 1.055416927 1.012644160 2.181250000
v 1.023064546 1.133384888 2.181250000
v 1.023064546 1.133384888 2.193750000
v 3.120000000 0.340000000 2.660000000
v 3.120000000 0.660000000 2.660000000
v 3.120000000 0.660000000 2.340000000
v 3.120000000 0.340000000 2.340000000
v 3.940000000 0.340000000 2.340000000
v 3.940000000 0.660000000 2.340000000
v 3.940000000 0.660000000 2.660000000
v 3.940000000 0.340000000 2.660000000
v 3.120000000 0.340000000 0.660000000
v 3.120000000 0.660000000 0.660000000
v 3.120000000 0.660000000 0.340000000
v 3.120000000 0.340000000 0.340000000
v 3.940000000 0.340000000 0.340000000
v 3.940000000 0.660000000 0.340000000
v 3.940000000 0.660000000 0.660000000
v 3.940000000 0.340000000 0.660000000
v 0.000000000 1.340000000 1.660000000
v 0.000000000 1.660000000 1.660000000
v 0.000000000 1.660000000 1.340000000
v 0.000000000 1.340000000 1.340000000
v 0.065000000 1.340000000 1.340000000
v 0.065000000 1.660000000 1.340000000
v 0.065000000 1.660000000 1.660000000
v 0.065000000 1.340000000 1.660000000
v 2.340000000 4.935000000 1.660000000
v 2.340000000 5.000000000 1.660000000
v 2.340000000 5.000000000 1.340000000
v 2.340000000 4.935000000 1.340000000
v 2.660000000 4.935000000 1.340000000
v 2.660000000 5.000000000 1.340000000
v 2.660000000 5.000000000 1.660000000
v 2.660000000 4.935000000 1.660000000
v 2.900000000 1.061556498 1.932812500
v 2.900000000 1.061556498 1.868750000
v 2.900000000 0.813443502 1.868750000
v 2.900000000 0.813443502 1.932812500
v 2.975000000 0.813443502 1.932812500
v 2.975000000 0.813443502 1.868750000
v 2.975000000 1.061556498 1.868750000
v 2.975000000 1.061556498 1.932812500
v 3.775000000 1.061556498 1.932812500
v 3.775000000 1.061556498 1.868750000
v 3.775000000 0.813443502 1.868750000
v 3.775000000 0.813443502 1.932812500
v 3.850000000 0.813443502 1.932812500
v 3.850000000 0.813443502 1.868750000
v 3.850000000 1.061556498 1.868750000
v 3.850000000 1.061556498 1.932812500
v 2.900000000 1.137535092 1.996875000
v 2.900000000 1.137535092 1.932812500
v 2.900000000 0.737464908 1.932812500
v 2.900000000 0.737464908 1.996875000
v 2.975000000 0.737464908 1.996875000
v 2.975000000 0.737464908 1.932812500
v 2.975000000 1.137535092 1.932812500
v 2.975000000 1.137535092 1.996875000
v 3.775000000 1.137535092 1.996875000
v 3.775000000 1.137535092 1.932812500
v 3.775000000 0.737464908 1.932812500
v 3.775000000 0.737464908 1.996875000
v 3.850000000 0.737464908 1.996875000
v 3.850000000 0.737464908 1.932812500
v 3.850000000 1.137535092 1.932812500
v 3.850000000 1.137535092 1.996875000
v 2.900000000 1.175050108 2.060937500
v 2.900000000 1.175050108 1.996875000
v 2.900000000 0.699949892 1.996875000
v 2.900000000 0.699949892 2.060937500
v 2.975000000 0.699949892 2.060937500
v 2.975000000 0.699949892 1.996875000
v 2.975000000 1.175050108 1.996875000
v 2.975000000 1.175050108 2.060937500
v 3.775000000 1.175050108 2.060937500
v 3.775000000 1.175050108 1.996875000
v 3.775000000 0.699949892 1.996875000
v 3.775000000 0.699949892 2.060937500
v 3.850000000 0.699949892 2.060937500
v 3.850000000 0.699949892 1.996875000
v 3.850000000 1.175050108 1.996875000
v 3.850000000 1.175050108 2.060937500
v 2.900000000 1.191740165 2.125000000
v 2.900000000 1.191740165 2.060937500
v 2.900000000 0.683259835 2.060937500
v 2.900000000 0.683259835 2.125000000
v 2.975000000 0.683259835 2.125000000
v 2.975000000 0.683259835 2.060937500
v 2.975000000 1.191740165 2.060937500
v 2.975000000 1.191740165 2.125000000
v 3.775000000 1.191740165 2.125000000
v 3.775000000 1.191740165 2.060937500
v 3.775000000 0.683259835 2.060937500
v 3.775000000 0.683259835 2.125000000
v 3.850000000 0.683259835 2.125000000
v 3.850000000 0.683259835 2.060937500
v 3.850000000 1.191740165 2.060937500
v 3.850000000 1.191740165 2.125000000
v 2.900000000 1.191740165 2.189062500
v 2.900000000 0.683259835 2.189062500
v 2.975000000 0.683259835 2.189062500
v 2.975000000 1.191740165 2.189062500
v 3.775000000 1.191740165 2.189062500
v 3.775000000 0.683259835 2.189062500
v 3.850000000 0.683259835 2.189062500
v 3.850000000 1.191740165 2.189062500
v 2.900000000 1.175050108 2.253125000
v 2.900000000 1.175050108 2.189062500
v 2.900000000 0.699949892 2.189062500
v 2.900000000 0.699949892 2.253125000
v 2.975000000 0.699949892 2.253125000
v 2.975000000 0.699949892 2.189062500
v 2.975000000 1.175050108 2.189062500
v 2.975000000 1.175050108 2.253125000
v 3.775000000 1.175050108 2.253125000
v 3.775000000 1.175050108 2.189062500
v 3.775000000 0.699949892 2.189062500
v 3.775000000 0.699949892 2.253125000
v 3.850000000 0.699949892 2.253125000
v 3.850000000 0.699949892 2.189062500
v 3.850000000 1.175050108 2.189062500
v 3.850000000 1.175050108 2.253125000
v 2.900000000 1.137535092 2.317187500
v 2.900000000 1.137535092 2.253125000
v 2.900000000 0.737464908 2.253125000
v 2.900000000 0.737464908 2.317187500
v 2.975000000 0.737464908 2.317187500
v 2.975000000 0.737464908 2.253125000
v 2.975000000 1.137535092 2.253125000
v 2.975000000 1.137535092 2.317187500
v 3.775000000 1.137535092 2.317187500
v 3.775000000 1.137535092 2.253125000
v 3.775000000 0.737464908 2.253125000
v 3.775000000 0.737464908 2.317187500
v 3.850000000 0.737464908 2.317187500
v 3.850000000 0.737464908 2.253125000
v 3.850000000 1.137535092 2.253125000
v 3.850000000 1.137535092 2.317187500
v 2.900000000 1.061556498 2.381250000
v 2.900000000 1.061556498 2.317187500
v 2.900000000 0.813443502 2.317187500
v 2.900000000 0.813443502 2.381250000
v 2.975000000 0.813443502 2.381250000
v 2.975000000 0.813443502 2.317187500
v 2.975000000 1.061556498 2.317187500
v 2.975000000 1.061556498 2.381250000
v 3.775000000 1.061556498 2.381250000
v 3.775000000 1.061556498 2.317187500
v 3.775000000 0.813443502 2.317187500
v 3.775000000 0.813443502 2.381250000
v 3.850000000 0.813443502 2.381250000
v 3.850000000 0.813443502 2.317187500
v 3.850000000 1.061556498 2.317187500
v 3.850000000 1.061556498 2.381250000
v 3.145139245 1.375000000 2.059375000
v 3.145139245 1.375000000 2.037500000
v 3.145139245 1.125000000 2.037500000
v 3.145139245 1.125000000 2.059375000
v 3.229860755 1.125000000 2.059375000
v 3.229860755 1.125000000 2.037500000
v 3.229860755 1.375000000 2.037500000
v 3.229860755 1.375000000 2.059375000
v 3.520139245 1.375000000 2.059375000
v 3.520139245 1.375000000 2.037500000
v 3.520139245 1.125000000 2.037500000
v 3.520139245 1.125000000 2.059375000
v 3.604860755 1.125000000 2.059375000
v 3.604860755 1.125000000 2.037500000
v 3.604860755 1.375000000 2.037500000
v 3.604860755 1.375000000 2.059375000
v 3.119195334 1.375000000 2.081250000
v 3.119195334 1.375000000 2.059375000
v 3.119195334 1.125000000 2.059375000
v 3.119195334 1.125000000 2.081250000
v 3.255804666 1.125000000 2.081250000
v 3.255804666 1.125000000 2.059375000
v 3.255804666 1.375000000 2.059375000
v 3.255804666 1.375000000 2.081250000
v 3.494195334 1.375000000 2.081250000
v 3.494195334 1.375000000 2.059375000
v 3.494195334 1.125000000 2.059375000
v 3.494195334 1.125000000 2.081250000
v 3.630804666 1.125000000 2.081250000
v 3.630804666 1.125000000 2.059375000
v 3.630804666 1.375000000 2.059375000
v 3.630804666 1.375000000 2.081250000
v 3.106385329 1.375000000 2.103125000
v 3.106385329 1.375000000 2.081250000
v 3.106385329 1.125000000 2.081250000
v 3.106385329 1.125000000 2.103125000
v 3.268614671 1.125000000 2.103125000
v 3.268614671 1.125000000 2.081250000
v 3.268614671 1.375000000 2.081250000
v 3.268614671 1.375000000 2.103125000
v 3.481385329 1.375000000 2.103125000
v 3.481385329 1.375000000 2.081250000
v 3.481385329 1.125000000 2.081250000
v 3.481385329 1.125000000 2.103125000
v 3.643614671 1.125000000 2.103125000
v 3.643614671 1.125000000 2.081250000
v 3.643614671 1.375000000 2.081250000
v 3.643614671 1.375000000 2.103125000
v 3.100686285 1.375000000 2.125000000
v 3.100686285 1.375000000 2.103125000
v 3.100686285 1.125000000 2.103125000
v 3.100686285 1.125000000 2.125000000
v 3.274313715 1.125000000 2.125000000
v 3.274313715 1.125000000 2.103125000
v 3.274313715 1.375000000 2.103125000
v 3.274313715 1.375000000 2.125000000
v 3.475686285 1.375000000 2.125000000
v 3.475686285 1.375000000 2.103125000
v 3.475686285 1.125000000 2.103125000
v 3.475686285 1.125000000 2.125000000
v 3.649313715 1.125000000 2.125000000
v 3.649313715 1.125000000 2.103125000
v 3.649313715 1.375000000 2.103125000
v 3.649313715 1.375000000 2.125000000
v 3.100686285 1.375000000 2.146875000
v 3.100686285 1.125000000 2.146875000
v 3.274313715 1.125000000 2.146875000
v 3.274313715 1.375000000 2.146875000
v 3.475686285 1.375000000 2.146875000
v 3.475686285 1.125000000 2.146875000
v 3.649313715 1.125000000 2.146875000
v 3.649313715 1.375000000 2.146875000
v 3.106385329 1.375000000 2.168750000
v 3.106385329 1.375000000 2.146875000
v 3.106385329 1.125000000 2.146875000
v 3.106385329 1.125000000 2.168750000
v 3.268614671 1.125000000 2.168750000
v 3.268614671 1.125000000 2.146875000
v 3.268614671 1.375000000 2.146875000
v 3.268614671 1.375000000 2.168750000
v 3.481385329 1.375000000 2.168750000
v 3.481385329 1.375000000 2.146875000
v 3.481385329 1.125000000 2.146875000
v 3.481385329 1.125000000 2.168750000
v 3.643614671 1.125000000 2.168750000
v 3.643614671 1.125000000 2.146875000
v 3.643614671 1.375000000 2.146875000
v 3.643614671 1.375000000 2.168750000
v 3.119195334 1.375000000 2.190625000
v 3.119195334 1.375000000 2.168750000
v 3.119195334 1.125000000 2.168750000
v 3.119195334 1.125000000 2.190625000
v 3.255804666 1.125000000 2.190625000
v 3.255804666 1.125000000 2.168750000
v 3.255804666 1.375000000 2.168750000
v 3.255804666 1.375000000 2.190625000
v 3.494195334 1.375000000 2.190625000
v 3.494195334 1.375000000 2.168750000
v 3.494195334 1.125000000 2.168750000
v 3.494195334 1.125000000 2.190625000
v 3.630804666 1.125000000 2.190625000
v 3.630804666 1.125000000 2.168750000
v 3.630804666 1.375000000 2.168750000
v 3.630804666 1.375000000 2.190625000
v 3.145139245 1.375000000 2.212500000
v 3.145139245 1.375000000 2.190625000
v 3.145139245 1.125000000 2.190625000
v 3.145139245 1.125000000 2.212500000
v 3.229860755 1.125000000 2.212500000
v 3.229860755 1.125000000 2.190625000
v 3.229860755 1.375000000 2.190625000
v 3.229860755 1.375000000 2.212500000
v 3.520139245 1.375000000 2.212500000
v 3.520139245 1.375000000 2.190625000
v 3.520139245 1.125000000 2.190625000
v 3.520139245 1.125000000 2.212500000
v 3.604860755 1.125000000 2.212500000
v 3.604860755 1.125000000 2.190625000
v 3.604860755 1.375000000 2.190625000
v 3.604860755 1.375000000 2.212500000
v 2.510020807 2.750000000 2.009375000
v 2.510020807 2.750000000 1.950000000
v 2.510020807 0.750000000 1.950000000
v 2.510020807 0.750000000 2.009375000
v 2.739979193 0.750000000 2.009375000
v 2.739979193 0.750000000 1.950000000
v 2.739979193 2.750000000 1.950000000
v 2.739979193 2.750000000 2.009375000
v 2.439601622 2.750000000 2.068750000
v 2.439601622 2.750000000 2.009375000
v 2.439601622 0.750000000 2.009375000
v 2.439601622 0.750000000 2.068750000
v 2.810398378 0.750000000 2.068750000
v 2.810398378 0.750000000 2.009375000
v 2.810398378 2.750000000 2.009375000
v 2.810398378 2.750000000 2.068750000
v 2.404831607 2.750000000 2.128125000
v 2.404831607 2.750000000 2.068750000
v 2.404831607 0.750000000 2.068750000
v 2.404831607 0.750000000 2.128125000
v 2.845168393 0.750000000 2.128125000
v 2.845168393 0.750000000 2.068750000
v 2.845168393 2.750000000 2.068750000
v 2.845168393 2.750000000 2.128125000
v 2.389362774 2.750000000 2.187500000
v 2.389362774 2.750000000 2.128125000
v 2.389362774 0.750000000 2.128125000
v 2.389362774 0.750000000 2.187500000
v 2.860637226 0.750000000 2.187500000
v 2.860637226 0.750000000 2.128125000
v 2.860637226 2.750000000 2.128125000
v 2.860637226 2.750000000 2.187500000
v 2.389362774 2.750000000 2.246875000
v 2.389362774 0.750000000 2.246875000
v 2.860637226 0.750000000 2.246875000
v 2.860637226 2.750000000 2.246875000
v 2.404831607 2.750000000 2.306250000
v 2.404831607 2.750000000 2.246875000
v 2.404831607 0.750000000 2.246875000
v 2.404831607 0.750000000 2.306250000
v 2.845168393 0.750000000 2.306250000
v 2.845168393 0.750000000 2.246875000
v 2.845168393 2.750000000 2.246875000
v 2.845168393 2.750000000 2.306250000
v 2.439601622 2.750000000 2.365625000
v 2.439601622 2.750000000 2.306250000
v 2.439601622 0.750000000 2.306250000
v 2.439601622 0.750000000 2.365625000
v 2.810398378 0.750000000 2.365625000
v 2.810398378 0.750000000 2.306250000
v 2.810398378 2.750000000 2.306250000
v 2.810398378 2.750000000 2.365625000
v 2.510020807 2.750000000 2.425000000
v 2.510020807 2.750000000 2.365625000
v 2.510020807 0.750000000 2.365625000
v 2.510020807 0.750000000 2.425000000
v 2.739979193 0.750000000 2.425000000
v 2.739979193 0.750000000 2.365625000
v 2.739979193 2.750000000 2.365625000
v 2.739979193 2.750000000 2.425000000
v 3.000000000 0.687500000 2.218750000
v 3.000000000 0.687500000 2.031250000
v 3.000000000 0.437500000 2.031250000
v 3.000000000 0.437500000 2.218750000
v 3.125000000 0.437500000 2.218750000
v 3.125000000 0.437500000 2.031250000
v 3.125000000 0.687500000 2.031250000
v 3.125000000 0.687500000 2.218750000
v 3.625000000 0.687500000 2.218750000
v 3.625000000 0.687500000 2.031250000
v 3.625000000 0.437500000 2.031250000
v 3.625000000 0.437500000 2.218750000
v 3.750000000 0.437500000 2.218750000
v 3.750000000 0.437500000 2.031250000
v 3.750000000 0.687500000 2.031250000
v 3.750000000 0.687500000 2.218750000
v 2.079613476 1.562500000 2.117187500
v 2.079613476 1.562500000 2.093750000
v 2.079613476 0.687500000 2.093750000
v 2.079613476 0.687500000 2.117187500
v 2.170386524 0.687500000 2.117187500
v 2.170386524 0.687500000 2.093750000
v 2.170386524 1.562500000 2.093750000
v 2.170386524 1.562500000 2.117187500
v 2.329613476 1.562500000 2.117187500
v 2.329613476 1.562500000 2.093750000
v 2.329613476 0.687500000 2.093750000
v 2.329613476 0.687500000 2.117187500
v 2.420386524 0.687500000 2.117187500
v 2.420386524 0.687500000 2.093750000
v 2.420386524 1.562500000 2.093750000
v 2.420386524 1.562500000 2.117187500
v 2.051816430 1.562500000 2.140625000
v 2.051816430 1.562500000 2.117187500
v 2.051816430 0.687500000 2.117187500
v 2.051816430 0.687500000 2.140625000
v 2.198183570 0.687500000 2.140625000
v 2.198183570 0.687500000 2.117187500
v 2.198183570 1.562500000 2.117187500
v 2.198183570 1.562500000 2.140625000
v 2.301816430 1.562500000 2.140625000
v 2.301816430 1.562500000 2.117187500
v 2.301816430 0.687500000 2.117187500
v 2.301816430 0.687500000 2.140625000
v 2.448183570 0.687500000 2.140625000
v 2.448183570 0.687500000 2.117187500
v 2.448183570 1.562500000 2.117187500
v 2.448183570 1.562500000 2.140625000
v 2.038091424 1.562500000 2.164062500
v 2.038091424 1.562500000 2.140625000
v 2.038091424 0.687500000 2.140625000
v 2.038091424 0.687500000 2.164062500
v 2.211908576 0.687500000 2.164062500
v 2.211908576 0.687500000 2.140625000
v 2.211908576 1.562500000 2.140625000
v 2.211908576 1.562500000 2.164062500
v 2.288091424 1.562500000 2.164062500
v 2.288091424 1.562500000 2.140625000
v 2.288091424 0.687500000 2.140625000
v 2.288091424 0.687500000 2.164062500
v 2.461908576 0.687500000 2.164062500
v 2.461908576 0.687500000 2.140625000
v 2.461908576 1.562500000 2.140625000
v 2.461908576 1.562500000 2.164062500
v 2.031985305 1.562500000 2.187500000
v 2.031985305 1.562500000 2.164062500
v 2.031985305 0.687500000 2.164062500
v 2.031985305 0.687500000 2.187500000
v 2.218014695 0.687500000 2.187500000
v 2.218014695 0.687500000 2.164062500
v 2.218014695 1.562500000 2.164062500
v 2.218014695 1.562500000 2.187500000
v 2.281985305 1.562500000 2.187500000
v 2.281985305 1.562500000 2.164062500
v 2.281985305 0.687500000 2.164062500
v 2.281985305 0.687500000 2.187500000
v 2.468014695 0.687500000 2.187500000
v 2.468014695 0.687500000 2.164062500
v 2.468014695 1.562500000 2.164062500
v 2.468014695 1.562500000 2.187500000
v 2.031985305 1.562500000 2.210937500
v 2.031985305 0.687500000 2.210937500
v 2.218014695 0.687500000 2.210937500
v 2.218014695 1.562500000 2.210937500
v 2.281985305 1.562500000 2.210937500
v 2.281985305 0.687500000 2.210937500
v 2.468014695 0.687500000 2.210937500
v 2.468014695 1.562500000 2.210937500
v 2.038091424 1.562500000 2.234375000
v 2.038091424 1.562500000 2.210937500
v 2.038091424 0.687500000 2.210937500
v 2.038091424 0.687500000 2.234375000
v 2.211908576 0.687500000 2.234375000
v 2.211908576 0.687500000 2.210937500
v 2.211908576 1.562500000 2.210937500
v 2.211908576 1.562500000 2.234375000
v 2.288091424 1.562500000 2.234375000
v 2.288091424 1.562500000 2.210937500
v 2.288091424 0.687500000 2.210937500
v 2.288091424 0.687500000 2.234375000
v 2.461908576 0.687500000 2.234375000
v 2.461908576 0.687500000 2.210937500
v 2.461908576 1.562500000 2.210937500
v 2.461908576 1.562500000 2.234375000
v 2.051816430 1.562500000 2.257812500
v 2.051816430 1.562500000 2.234375000
v 2.051816430 0.687500000 2.234375000
v 2.051816430 0.687500000 2.257812500
v 2.198183570 0.687500000 2.257812500
v 2.198183570 0.687500000 2.234375000
v 2.198183570 1.562500000 2.234375000
v 2.198183570 1.562500000 2.257812500
v 2.301816430 1.562500000 2.257812500
v 2.301816430 1.562500000 2.234375000
v 2.301816430 0.687500000 2.234375000
v 2.301816430 0.687500000 2.257812500
v 2.448183570 0.687500000 2.257812500
v 2.448183570 0.687500000 2.234375000
v 2.448183570 1.562500000 2.234375000
v 2.448183570 1.562500000 2.257812500
v 2.079613476 1.562500000 2.281250000
v 2.079613476 1.562500000 2.257812500
v 2.079613476 0.687500000 2.257812500
v 2.079613476 0.687500000 2.281250000
v 2.170386524 0.687500000 2.281250000
v 2.170386524 0.687500000 2.257812500
v 2.170386524 1.562500000 2.257812500
v 2.170386524 1.562500000 2.281250000
v 2.329613476 1.562500000 2.281250000
v 2.329613476 1.562500000 2.257812500
v 2.329613476 0.687500000 2.257812500
v 2.329613476 0.687500000 2.281250000
v 2.420386524 0.687500000 2.281250000
v 2.420386524 0.687500000 2.257812500
v 2.420386524 1.562500000 2.257812500
v 2.420386524 1.562500000 2.281250000
v 0.312500000 1.534422214 0.871875000
v 0.312500000 1.534422214 0.725000000
v 0.312500000 0.965577786 0.725000000
v 0.312500000 0.965577786 0.871875000
v 0.937500000 0.965577786 0.871875000
v 0.937500000 0.965577786 0.725000000
v 0.937500000 1.534422214 0.725000000
v 0.937500000 1.534422214 0.871875000
v 0.312500000 1.708617041 1.018750000
v 0.312500000 1.708617041 0.871875000
v 0.312500000 0.791382959 0.871875000
v 0.312500000 0.791382959 1.018750000
v 0.937500000 0.791382959 1.018750000
v 0.937500000 0.791382959 0.871875000
v 0.937500000 1.708617041 0.871875000
v 0.937500000 1.708617041 1.018750000
v 0.312500000 1.794627076 1.165625000
v 0.312500000 1.794627076 1.018750000
v 0.312500000 0.705372924 1.018750000
v 0.312500000 0.705372924 1.165625000
v 0.937500000 0.705372924 1.165625000
v 0.937500000 0.705372924 1.018750000
v 0.937500000 1.794627076 1.018750000
v 0.937500000 1.794627076 1.165625000
v 0.312500000 1.832892086 1.312500000
v 0.312500000 1.832892086 1.165625000
v 0.312500000 0.667107914 1.165625000
v 0.312500000 0.667107914 1.312500000
v 0.937500000 0.667107914 1.312500000
v 0.937500000 0.667107914 1.165625000
v 0.937500000 1.832892086 1.165625000
v 0.937500000 1.832892086 1.312500000
v 0.312500000 1.832892086 1.459375000
v 0.312500000 0.667107914 1.459375000
v 0.937500000 0.667107914 1.459375000
v 0.937500000 1.832892086 1.459375000
v 0.312500000 1.794627076 1.606250000
v 0.312500000 1.794627076 1.459375000
v 0.312500000 0.705372924 1.459375000
v 0.312500000 0.705372924 1.606250000
v 0.937500000 0.705372924 1.606250000
v 0.937500000 0.705372924 1.459375000
v 0.937500000 1.794627076 1.459375000
v 0.937500000 1.794627076 1.606250000
v 0.312500000 1.708617041 1.753125000
v 0.312500000 1.708617041 1.606250000
v 0.312500000 0.791382959 1.606250000
v 0.312500000 0.791382959 1.753125000
v 0.937500000 0.791382959 1.753125000
v 0.937500000 0.791382959 1.606250000
v 0.937500000 1.708617041 1.606250000
v 0.937500000 1.708617041 1.753125000
v 0.312500000 1.534422214 1.900000000
v 0.312500000 1.534422214 1.753125000
v 0.312500000 0.965577786 1.753125000
v 0.312500000 0.965577786 1.900000000
v 0.937500000 0.965577786 1.900000000
v 0.937500000 0.965577786 1.753125000
v 0.937500000 1.534422214 1.753125000
v 0.937500000 1.534422214 1.900000000
v 1.656250000 1.218750000 2.062500000
v 1.656250000 1.218750000 1.687500000
v 1.656250000 0.531250000 1.687500000
v 1.656250000 0.531250000 2.062500000
v 2.093750000 0.531250000 2.062500000
v 2.093750000 0.531250000 1.687500000
v 2.093750000 1.218750000 1.687500000
v 2.093750000 1.218750000 2.062500000
v 2.581598112 3.343750000 1.148437500
v 2.581598112 3.343750000 1.093750000
v 2.581598112 2.968750000 1.093750000
v 2.581598112 2.968750000 1.148437500
v 2.793401888 2.968750000 1.148437500
v 2.793401888 2.968750000 1.093750000
v 2.793401888 3.343750000 1.093750000
v 2.793401888 3.343750000 1.148437500
v 2.516738336 3.343750000 1.203125000
v 2.516738336 3.343750000 1.148437500
v 2.516738336 2.968750000 1.148437500
v 2.516738336 2.968750000 1.203125000
v 2.858261664 2.968750000 1.203125000
v 2.858261664 2.968750000 1.148437500
v 2.858261664 3.343750000 1.148437500
v 2.858261664 3.343750000 1.203125000
v 2.484713323 3.343750000 1.257812500
v 2.484713323 3.343750000 1.203125000
v 2.484713323 2.968750000 1.203125000
v 2.484713323 2.968750000 1.257812500
v 2.890286677 2.968750000 1.257812500
v 2.890286677 2.968750000 1.203125000
v 2.890286677 3.343750000 1.203125000
v 2.890286677 3.343750000 1.257812500
v 2.470465713 3.343750000 1.312500000
v 2.470465713 3.343750000 1.257812500
v 2.470465713 2.968750000 1.257812500
v 2.470465713 2.968750000 1.312500000
v 2.904534287 2.968750000 1.312500000
v 2.904534287 2.968750000 1.257812500
v 2.904534287 3.343750000 1.257812500
v 2.904534287 3.343750000 1.312500000
v 2.470465713 3.343750000 1.367187500
v 2.470465713 2.968750000 1.367187500
v 2.904534287 2.968750000 1.367187500
v 2.904534287 3.343750000 1.367187500
v 2.484713323 3.343750000 1.421875000
v 2.484713323 3.343750000 1.367187500
v 2.484713323 2.968750000 1.367187500
v 2.484713323 2.968750000 1.421875000
v 2.890286677 2.968750000 1.421875000
v 2.890286677 2.968750000 1.367187500
v 2.890286677 3.343750000 1.367187500
v 2.890286677 3.343750000 1.421875000
v 2.516738336 3.343750000 1.476562500
v 2.516738336 3.343750000 1.421875000
v 2.516738336 2.968750000 1.421875000
v 2.516738336 2.968750000 1.476562500
v 2.858261664 2.968750000 1.476562500
v 2.858261664 2.968750000 1.421875000
v 2.858261664 3.343750000 1.421875000
v 2.858261664 3.343750000 1.476562500
v 2.581598112 3.343750000 1.531250000
v 2.581598112 3.343750000 1.476562500
v 2.581598112 2.968750000 1.476562500
v 2.581598112 2.968750000 1.531250000
v 2.793401888 2.968750000 1.531250000
v 2.793401888 2.968750000 1.476562500
v 2.793401888 3.343750000 1.476562500
v 2.793401888 3.343750000 1.531250000
v 0.875000000 2.132287931 0.623437500
v 0.875000000 2.132287931 0.393750000
v 0.875000000 1.242712069 0.393750000
v 0.875000000 1.242712069 0.623437500
v 2.250000000 1.242712069 0.623437500
v 2.250000000 1.242712069 0.393750000
v 2.250000000 2.132287931 0.393750000
v 2.250000000 2.132287931 0.623437500
v 0.875000000 2.404698989 0.853125000
v 0.875000000 2.404698989 0.623437500
v 0.875000000 0.970301011 0.623437500
v 0.875000000 0.970301011 0.853125000
v 2.250000000 0.970301011 0.853125000
v 2.250000000 0.970301011 0.623437500
v 2.250000000 2.404698989 0.623437500
v 2.250000000 2.404698989 0.853125000
v 0.875000000 2.539204045 1.082812500
v 0.875000000 2.539204045 0.853125000
v 0.875000000 0.835795955 0.853125000
v 0.875000000 0.835795955 1.082812500
v 2.250000000 0.835795955 1.082812500
v 2.250000000 0.835795955 0.853125000
v 2.250000000 2.539204045 0.853125000
v 2.250000000 2.539204045 1.082812500
v 0.875000000 2.599044006 1.312500000
v 0.875000000 2.599044006 1.082812500
v 0.875000000 0.775955994 1.082812500
v 0.875000000 0.775955994 1.312500000
v 2.250000000 0.775955994 1.312500000
v 2.250000000 0.775955994 1.082812500
v 2.250000000 2.599044006 1.082812500
v 2.250000000 2.599044006 1.312500000
v 0.875000000 2.599044006 1.542187500
v 0.875000000 0.775955994 1.542187500
v 2.250000000 0.775955994 1.542187500
v 2.250000000 2.599044006 1.542187500
v 0.875000000 2.539204045 1.771875000
v 0.875000000 2.539204045 1.542187500
v 0.875000000 0.835795955 1.542187500
v 0.875000000 0.835795955 1.771875000
v 2.250000000 0.835795955 1.771875000
v 2.250000000 0.835795955 1.542187500
v 2.250000000 2.539204045 1.542187500
v 2.250000000 2.539204045 1.771875000
v 0.875000000 2.404698989 2.001562500
v 0.875000000 2.404698989 1.771875000
v 0.875000000 0.970301011 1.771875000
v 0.875000000 0.970301011 2.001562500
v 2.250000000 0.970301011 2.001562500
v 2.250000000 0.970301011 1.771875000
v 2.250000000 2.404698989 1.771875000
v 2.250000000 2.404698989 2.001562500
v 0.875000000 2.132287931 2.231250000
v 0.875000000 2.132287931 2.001562500
v 0.875000000 1.242712069 2.001562500
v 0.875000000 1.242712069 2.231250000
v 2.250000000 1.242712069 2.231250000
v 2.250000000 1.242712069 2.001562500
v 2.250000000 2.132287931 2.001562500
v 2.250000000 2.132287931 2.231250000
v 2.218750000 2.011257202 0.810937500
v 2.218750000 2.011257202 0.643750000
v 2.218750000 1.363742798 0.643750000
v 2.218750000 1.363742798 0.810937500
v 2.656250000 1.363742798 0.810937500
v 2.656250000 1.363742798 0.643750000
v 2.656250000 2.011257202 0.643750000
v 2.656250000 2.011257202 0.810937500
v 2.218750000 2.209542801 0.978125000
v 2.218750000 2.209542801 0.810937500
v 2.218750000 1.165457199 0.810937500
v 2.218750000 1.165457199 0.978125000
v 2.656250000 1.165457199 0.978125000
v 2.656250000 1.165457199 0.810937500
v 2.656250000 2.209542801 0.810937500
v 2.656250000 2.209542801 0.978125000
v 2.218750000 2.307447842 1.145312500
v 2.218750000 2.307447842 0.978125000
v 2.218750000 1.067552158 0.978125000
v 2.218750000 1.067552158 1.145312500
v 2.656250000 1.067552158 1.145312500
v 2.656250000 1.067552158 0.978125000
v 2.656250000 2.307447842 0.978125000
v 2.656250000 2.307447842 1.145312500
v 2.218750000 2.351004821 1.312500000
v 2.218750000 2.351004821 1.145312500
v 2.218750000 1.023995179 1.145312500
v 2.218750000 1.023995179 1.312500000
v 2.656250000 1.023995179 1.312500000
v 2.656250000 1.023995179 1.145312500
v 2.656250000 2.351004821 1.145312500
v 2.656250000 2.351004821 1.312500000
v 2.218750000 2.351004821 1.479687500
v 2.218750000 1.023995179 1.479687500
v 2.656250000 1.023995179 1.479687500
v 2.656250000 2.351004821 1.479687500
v 2.218750000 2.307447842 1.646875000
v 2.218750000 2.307447842 1.479687500
v 2.218750000 1.067552158 1.479687500
v 2.218750000 1.067552158 1.646875000
v 2.656250000 1.067552158 1.646875000
v 2.656250000 1.067552158 1.479687500
v 2.656250000 2.307447842 1.479687500
v 2.656250000 2.307447842 1.646875000
v 2.218750000 2.209542801 1.814062500
v 2.218750000 2.209542801 1.646875000
v 2.218750000 1.165457199 1.646875000
v 2.218750000 1.165457199 1.814062500
v 2.656250000 1.165457199 1.814062500
v 2.656250000 1.165457199 1.646875000
v 2.656250000 2.209542801 1.646875000
v 2.656250000 2.209542801 1.814062500
v 2.218750000 2.011257202 1.981250000
v 2.218750000 2.011257202 1.814062500
v 2.218750000 1.363742798 1.814062500
v 2.218750000 1.363742798 1.981250000
v 2.656250000 1.363742798 1.981250000
v 2.656250000 1.363742798 1.814062500
v 2.656250000 2.011257202 1.814062500
v 2.656250000 2.011257202 1.981250000
v 0.093750000 0.453125000 2.812500000
v 0.093750000 0.453125000 0.187500000
v 0.093750000 0.371875000 0.187500000
v 0.093750000 0.371875000 2.812500000
v 3.906250000 0.371875000 2.812500000
v 3.906250000 0.371875000 0.187500000
v 3.906250000 0.453125000 0.187500000
v 3.906250000 0.453125000 2.812500000
v 0.000000000 0.068750000 0.300000000
v 0.000000000 0.068750000 0.012500000
v 0.000000000 0.018750000 0.012500000
v 0.000000000 0.018750000 0.300000000
v 4.000000000 0.018750000 0.300000000
v 4.000000000 0.018750000 0.012500000
v 4.000000000 0.068750000 0.012500000
v 4.000000000 0.068750000 0.300000000
v 0.000000000 0.375000000 0.300000000
v 0.000000000 0.375000000 0.012500000
v 0.000000000 0.325000000 0.012500000
v 0.000000000 0.325000000 0.300000000
v 4.000000000 0.325000000 0.300000000
v 4.000000000 0.325000000 0.012500000
v 4.000000000 0.375000000 0.012500000
v 4.000000000 0.375000000 0.300000000
v 0.000000000 0.068750000 2.987500000
v 0.000000000 0.068750000 2.700000000
v 0.000000000 0.018750000 2.700000000
v 0.000000000 0.018750000 2.987500000
v 4.000000000 0.018750000 2.987500000
v 4.000000000 0.018750000 2.700000000
v 4.000000000 0.068750000 2.700000000
v 4.000000000 0.068750000 2.987500000
v 0.000000000 0.375000000 2.987500000
v 0.000000000 0.375000000 2.700000000
v 0.000000000 0.325000000 2.700000000
v 0.000000000 0.325000000 2.987500000
v 4.000000000 0.325000000 2.987500000
v 4.000000000 0.325000000 2.700000000
v 4.000000000 0.375000000 2.700000000
v 4.000000000 0.375000000 2.987500000
v 0.835937500 3.009174936 1.007812500
v 0.835937500 3.009174936 0.906250000
v 0.835937500 2.615825064 0.906250000
v 0.835937500 2.615825064 1.007812500
v 0.864062500 2.615825064 1.007812500
v 0.864062500 2.615825064 0.906250000
v 0.864062500 3.009174936 0.906250000
v 0.864062500 3.009174936 1.007812500
v 0.835937500 3.129628805 1.109375000
v 0.835937500 3.129628805 1.007812500
v 0.835937500 2.495371195 1.007812500
v 0.835937500 2.495371195 1.109375000
v 0.864062500 2.495371195 1.109375000
v 0.864062500 2.495371195 1.007812500
v 0.864062500 3.129628805 1.007812500
v 0.864062500 3.129628805 1.109375000
v 0.835937500 3.189103829 1.210937500
v 0.835937500 3.189103829 1.109375000
v 0.835937500 2.435896171 1.109375000
v 0.835937500 2.435896171 1.210937500
v 0.864062500 2.435896171 1.210937500
v 0.864062500 2.435896171 1.109375000
v 0.864062500 3.189103829 1.109375000
v 0.864062500 3.189103829 1.210937500
v 0.835937500 3.215563676 1.312500000
v 0.835937500 3.215563676 1.210937500
v 0.835937500 2.409436324 1.210937500
v 0.835937500 2.409436324 1.312500000
v 0.864062500 2.409436324 1.312500000
v 0.864062500 2.409436324 1.210937500
v 0.864062500 3.215563676 1.210937500
v 0.864062500 3.215563676 1.312500000
v 0.835937500 3.215563676 1.414062500
v 0.835937500 2.409436324 1.414062500
v 0.864062500 2.409436324 1.414062500
v 0.864062500 3.215563676 1.414062500
v 0.835937500 3.189103829 1.515625000
v 0.835937500 3.189103829 1.414062500
v 0.835937500 2.435896171 1.414062500
v 0.835937500 2.435896171 1.515625000
v 0.864062500 2.435896171 1.515625000
v 0.864062500 2.435896171 1.414062500
v 0.864062500 3.189103829 1.414062500
v 0.864062500 3.189103829 1.515625000
v 0.835937500 3.129628805 1.617187500
v 0.835937500 3.129628805 1.515625000
v 0.835937500 2.495371195 1.515625000
v 0.835937500 2.495371195 1.617187500
v 0.864062500 2.495371195 1.617187500
v 0.864062500 2.495371195 1.515625000
v 0.864062500 3.129628805 1.515625000
v 0.864062500 3.129628805 1.617187500
v 0.835937500 3.009174936 1.718750000
v 0.835937500 3.009174936 1.617187500
v 0.835937500 2.615825064 1.617187500
v 0.835937500 2.615825064 1.718750000
v 0.864062500 2.615825064 1.718750000
v 0.864062500 2.615825064 1.617187500
v 0.864062500 3.009174936 1.617187500
v 0.864062500 3.009174936 1.718750000
v 2.406250000 2.916417253 1.054687500
v 2.406250000 2.916417253 0.968750000
v 2.406250000 2.583582747 0.968750000
v 2.406250000 2.583582747 1.054687500
v 2.968750000 2.583582747 1.054687500
v 2.968750000 2.583582747 0.968750000
v 2.968750000 2.916417253 0.968750000
v 2.968750000 2.916417253 1.054687500
v 2.406250000 3.018339758 1.140625000
v 2.406250000 3.018339758 1.054687500
v 2.406250000 2.481660242 1.054687500
v 2.406250000 2.481660242 1.140625000
v 2.968750000 2.481660242 1.140625000
v 2.968750000 2.481660242 1.054687500
v 2.968750000 3.018339758 1.054687500
v 2.968750000 3.018339758 1.140625000
v 2.406250000 3.068664779 1.226562500
v 2.406250000 3.068664779 1.140625000
v 2.406250000 2.431335221 1.140625000
v 2.406250000 2.431335221 1.226562500
v 2.968750000 2.431335221 1.226562500
v 2.968750000 2.431335221 1.140625000
v 2.968750000 3.068664779 1.140625000
v 2.968750000 3.068664779 1.226562500
v 2.406250000 3.091053880 1.312500000
v 2.406250000 3.091053880 1.226562500
v 2.406250000 2.408946120 1.226562500
v 2.406250000 2.408946120 1.312500000
v 2.968750000 2.408946120 1.312500000
v 2.968750000 2.408946120 1.226562500
v 2.968750000 3.091053880 1.226562500
v 2.968750000 3.091053880 1.312500000
v 2.406250000 3.091053880 1.398437500
v 2.406250000 2.408946120 1.398437500
v 2.968750000 2.408946120 1.398437500
v 2.968750000 3.091053880 1.398437500
v 2.406250000 3.068664779 1.484375000
v 2.406250000 3.068664779 1.398437500
v 2.406250000 2.431335221 1.398437500
v 2.406250000 2.431335221 1.484375000
v 2.968750000 2.431335221 1.484375000
v 2.968750000 2.431335221 1.398437500
v 2.968750000 3.068664779 1.398437500
v 2.968750000 3.068664779 1.484375000
v 2.406250000 3.018339758 1.570312500
v 2.406250000 3.018339758 1.484375000
v 2.406250000 2.481660242 1.484375000
v 2.406250000 2.481660242 1.570312500
v 2.968750000 2.481660242 1.570312500
v 2.968750000 2.481660242 1.484375000
v 2.968750000 3.018339758 1.484375000
v 2.968750000 3.018339758 1.570312500
v 2.406250000 2.916417253 1.656250000
v 2.406250000 2.916417253 1.570312500
v 2.406250000 2.583582747 1.570312500
v 2.406250000 2.583582747 1.656250000
v 2.968750000 2.583582747 1.656250000
v 2.968750000 2.583582747 1.570312500
v 2.968750000 2.916417253 1.570312500
v 2.968750000 2.916417253 1.656250000
v 1.465625000 2.784375000 2.062500000
v 1.465625000 2.784375000 1.687500000
v 1.465625000 2.590625000 1.687500000
v 1.465625000 2.590625000 2.062500000
v 1.659375000 2.590625000 2.062500000
v 1.659375000 2.590625000 1.687500000
v 1.659375000 2.784375000 1.687500000
v 1.659375000 2.784375000 2.062500000
v 1.465625000 2.687500000 2.159375000
v 1.465625000 2.687500000 1.965625000
v 1.465625000 1.875000000 1.965625000
v 1.465625000 1.875000000 2.159375000
v 1.659375000 1.875000000 2.159375000
v 1.659375000 1.875000000 1.965625000
v 1.659375000 2.687500000 1.965625000
v 1.659375000 2.687500000 2.159375000
v 1.465625000 1.375000000 1.965625000
v 1.465625000 1.375000000 2.159375000
v 1.659375000 1.375000000 2.159375000
v 1.659375000 1.375000000 1.965625000
v 1.250000000 1.471875000 2.159375000
v 1.250000000 1.471875000 1.965625000
v 1.250000000 1.278125000 1.965625000
v 1.250000000 1.278125000 2.159375000
v 1.562500000 1.278125000 2.159375000
v 1.562500000 1.278125000 1.965625000
v 1.562500000 1.471875000 1.965625000
v 1.562500000 1.471875000 2.159375000
v 1.153125000 1.471875000 2.062500000
v 1.153125000 1.471875000 1.750000000
v 1.153125000 1.278125000 1.750000000
v 1.153125000 1.278125000 2.062500000
v 1.346875000 1.278125000 2.062500000
v 1.346875000 1.278125000 1.750000000
v 1.346875000 1.471875000 1.750000000
v 1.346875000 1.471875000 2.062500000
v 1.000000000 1.062500000 0.937500000
v 1.000000000 1.062500000 0.687500000
v 1.000000000 0.437500000 0.687500000
v 1.000000000 0.437500000 0.937500000
v 1.250000000 0.437500000 0.937500000
v 1.250000000 0.437500000 0.687500000
v 1.250000000 1.062500000 0.687500000
v 1.250000000 1.062500000 0.937500000
v 1.000000000 1.062500000 1.875000000
v 1.000000000 1.062500000 1.625000000
v 1.000000000 0.437500000 1.625000000
v 1.000000000 0.437500000 1.875000000
v 1.250000000 0.437500000 1.875000000
v 1.250000000 0.437500000 1.625000000
v 1.250000000 1.062500000 1.625000000
v 1.250000000 1.062500000 1.875000000
v 2.250000000 1.062500000 0.937500000
v 2.250000000 1.062500000 0.687500000
v 2.250000000 0.437500000 0.687500000
v 2.250000000 0.437500000 0.937500000
v 2.500000000 0.437500000 0.937500000
v 2.500000000 0.437500000 0.687500000
v 2.500000000 1.062500000 0.687500000
v 2.500000000 1.062500000 0.937500000
v 2.250000000 1.062500000 1.875000000
v 2.250000000 1.062500000 1.625000000
v 2.250000000 0.437500000 1.625000000
v 2.250000000 0.437500000 1.875000000
v 2.500000000 0.437500000 1.875000000
v 2.500000000 0.437500000 1.625000000
v 2.500000000 1.062500000 1.625000000
v 2.500000000 1.062500000 1.875000000
v 0.937500000 3.012200704 1.003125000
v 0.937500000 3.012200704 0.900000000
v 0.937500000 2.612799296 0.900000000
v 0.937500000 2.612799296 1.003125000
v 2.312500000 2.612799296 1.003125000
v 2.312500000 2.612799296 0.900000000
v 2.312500000 3.012200704 0.900000000
v 2.312500000 3.012200704 1.003125000
v 0.937500000 3.134507709 1.106250000
v 0.937500000 3.134507709 1.003125000
v 0.937500000 2.490492291 1.003125000
v 0.937500000 2.490492291 1.106250000
v 2.312500000 2.490492291 1.106250000
v 2.312500000 2.490492291 1.003125000
v 2.312500000 3.134507709 1.003125000
v 2.312500000 3.134507709 1.106250000
v 0.937500000 3.194897734 1.209375000
v 0.937500000 3.194897734 1.106250000
v 0.937500000 2.430102266 1.106250000
v 0.937500000 2.430102266 1.209375000
v 2.312500000 2.430102266 1.209375000
v 2.312500000 2.430102266 1.106250000
v 2.312500000 3.194897734 1.106250000
v 2.312500000 3.194897734 1.209375000
v 0.937500000 3.221764656 1.312500000
v 0.937500000 3.221764656 1.209375000
v 0.937500000 2.403235344 1.209375000
v 0.937500000 2.403235344 1.312500000
v 2.312500000 2.403235344 1.312500000
v 2.312500000 2.403235344 1.209375000
v 2.312500000 3.221764656 1.209375000
v 2.312500000 3.221764656 1.312500000
v 0.937500000 3.221764656 1.415625000
v 0.937500000 2.403235344 1.415625000
v 2.312500000 2.403235344 1.415625000
v 2.312500000 3.221764656 1.415625000
v 0.937500000 3.194897734 1.518750000
v 0.937500000 3.194897734 1.415625000
v 0.937500000 2.430102266 1.415625000
v 0.937500000 2.430102266 1.518750000
v 2.312500000 2.430102266 1.518750000
v 2.312500000 2.430102266 1.415625000
v 2.312500000 3.194897734 1.415625000
v 2.312500000 3.194897734 1.518750000
v 0.937500000 3.134507709 1.621875000
v 0.937500000 3.134507709 1.518750000
v 0.937500000 2.490492291 1.518750000
v 0.937500000 2.490492291 1.621875000
v 2.312500000 2.490492291 1.621875000
v 2.312500000 2.490492291 1.518750000
v 2.312500000 3.134507709 1.518750000
v 2.312500000 3.134507709 1.621875000
v 0.937500000 3.012200704 1.725000000
v 0.937500000 3.012200704 1.621875000
v 0.937500000 2.612799296 1.621875000
v 0.937500000 2.612799296 1.725000000
v 2.312500000 2.612799296 1.725000000
v 2.312500000 2.612799296 1.621875000
v 2.312500000 3.012200704 1.621875000
v 2.312500000 3.012200704 1.725000000
v 1.536211588 3.281250000 1.078125000
v 1.536211588 3.281250000 1.000000000
v 1.536211588 3.093750000 1.000000000
v 1.536211588 3.093750000 1.078125000
v 1.838788412 3.093750000 1.078125000
v 1.838788412 3.093750000 1.000000000
v 1.838788412 3.281250000 1.000000000
v 1.838788412 3.281250000 1.078125000
v 1.443554766 3.281250000 1.156250000
v 1.443554766 3.281250000 1.078125000
v 1.443554766 3.093750000 1.078125000
v 1.443554766 3.093750000 1.156250000
v 1.931445234 3.093750000 1.156250000
v 1.931445234 3.093750000 1.078125000
v 1.931445234 3.281250000 1.078125000
v 1.931445234 3.281250000 1.156250000
v 1.397804747 3.281250000 1.234375000
v 1.397804747 3.281250000 1.156250000
v 1.397804747 3.093750000 1.156250000
v 1.397804747 3.093750000 1.234375000
v 1.977195253 3.093750000 1.234375000
v 1.977195253 3.093750000 1.156250000
v 1.977195253 3.281250000 1.156250000
v 1.977195253 3.281250000 1.234375000
v 1.377451018 3.281250000 1.312500000
v 1.377451018 3.281250000 1.234375000
v 1.377451018 3.093750000 1.234375000
v 1.377451018 3.093750000 1.312500000
v 1.997548982 3.093750000 1.312500000
v 1.997548982 3.093750000 1.234375000
v 1.997548982 3.281250000 1.234375000
v 1.997548982 3.281250000 1.312500000
v 1.377451018 3.281250000 1.390625000
v 1.377451018 3.093750000 1.390625000
v 1.997548982 3.093750000 1.390625000
v 1.997548982 3.281250000 1.390625000
v 1.397804747 3.281250000 1.468750000
v 1.397804747 3.281250000 1.390625000
v 1.397804747 3.093750000 1.390625000
v 1.397804747 3.093750000 1.468750000
v 1.977195253 3.093750000 1.468750000
v 1.977195253 3.093750000 1.390625000
v 1.977195253 3.281250000 1.390625000
v 1.977195253 3.281250000 1.468750000
v 1.443554766 3.281250000 1.546875000
v 1.443554766 3.281250000 1.468750000
v 1.443554766 3.093750000 1.468750000
v 1.443554766 3.093750000 1.546875000
v 1.931445234 3.093750000 1.546875000
v 1.931445234 3.093750000 1.468750000
v 1.931445234 3.281250000 1.468750000
v 1.931445234 3.281250000 1.546875000
v 1.536211588 3.281250000 1.625000000
v 1.536211588 3.281250000 1.546875000
v 1.536211588 3.093750000 1.546875000
v 1.536211588 3.093750000 1.625000000
v 1.838788412 3.093750000 1.625000000
v 1.838788412 3.093750000 1.546875000
v 1.838788412 3.281250000 1.546875000
v 1.838788412 3.281250000 1.625000000
v 1.375000000 3.412500000 1.375000000
v 1.375000000 3.412500000 1.125000000
v 1.375000000 3.337500000 1.125000000
v 1.375000000 3.337500000 1.375000000
v 2.062500000 3.337500000 1.375000000
v 2.062500000 3.337500000 1.125000000
v 2.062500000 3.412500000 1.125000000
v 2.062500000 3.412500000 1.375000000
v 1.375000000 4.162500000 1.312500000
v 1.375000000 4.162500000 1.187500000
v 1.375000000 4.087500000 1.187500000
v 1.375000000 4.087500000 1.312500000
v 2.062500000 4.087500000 1.312500000
v 2.062500000 4.087500000 1.187500000
v 2.062500000 4.162500000 1.187500000
v 2.062500000 4.162500000 1.312500000
v 1.400000000 4.125000000 1.300000000
v 1.400000000 4.125000000 1.200000000
v 1.400000000 3.250000000 1.200000000
v 1.400000000 3.250000000 1.300000000
v 1.475000000 3.250000000 1.300000000
v 1.475000000 3.250000000 1.200000000
v 1.475000000 4.125000000 1.200000000
v 1.475000000 4.125000000 1.300000000
v 1.962500000 4.125000000 1.300000000
v 1.962500000 4.125000000 1.200000000
v 1.962500000 3.250000000 1.200000000
v 1.962500000 3.250000000 1.300000000
v 2.037500000 3.250000000 1.300000000
v 2.037500000 3.250000000 1.200000000
v 2.037500000 4.125000000 1.200000000
v 2.037500000 4.125000000 1.300000000
v 2.064484635 0.712500000 2.093750000
v 2.064484635 0.712500000 2.062500000
v 2.064484635 0.662500000 2.062500000
v 2.064484635 0.662500000 2.093750000
v 2.185515365 0.662500000 2.093750000
v 2.185515365 0.662500000 2.062500000
v 2.185515365 0.712500000 2.062500000
v 2.185515365 0.712500000 2.093750000
v 2.064484635 1.587500000 2.093750000
v 2.064484635 1.587500000 2.062500000
v 2.064484635 1.537500000 2.062500000
v 2.064484635 1.537500000 2.093750000
v 2.185515365 1.537500000 2.093750000
v 2.185515365 1.537500000 2.062500000
v 2.185515365 1.587500000 2.062500000
v 2.185515365 1.587500000 2.093750000
v 2.314484635 0.712500000 2.093750000
v 2.314484635 0.712500000 2.062500000
v 2.314484635 0.662500000 2.062500000
v 2.314484635 0.662500000 2.093750000
v 2.435515365 0.662500000 2.093750000
v 2.435515365 0.662500000 2.062500000
v 2.435515365 0.712500000 2.062500000
v 2.435515365 0.712500000 2.093750000
v 2.314484635 1.587500000 2.093750000
v 2.314484635 1.587500000 2.062500000
v 2.314484635 1.537500000 2.062500000
v 2.314484635 1.537500000 2.093750000
v 2.435515365 1.537500000 2.093750000
v 2.435515365 1.537500000 2.062500000
v 2.435515365 1.587500000 2.062500000
v 2.435515365 1.587500000 2.093750000
v 2.027421906 0.712500000 2.125000000
v 2.027421906 0.712500000 2.093750000
v 2.027421906 0.662500000 2.093750000
v 2.027421906 0.662500000 2.125000000
v 2.222578094 0.662500000 2.125000000
v 2.222578094 0.662500000 2.093750000
v 2.222578094 0.712500000 2.093750000
v 2.222578094 0.712500000 2.125000000
v 2.027421906 1.587500000 2.125000000
v 2.027421906 1.587500000 2.093750000
v 2.027421906 1.537500000 2.093750000
v 2.027421906 1.537500000 2.125000000
v 2.222578094 1.537500000 2.125000000
v 2.222578094 1.537500000 2.093750000
v 2.222578094 1.587500000 2.093750000
v 2.222578094 1.587500000 2.125000000
v 2.277421906 0.712500000 2.125000000
v 2.277421906 0.712500000 2.093750000
v 2.277421906 0.662500000 2.093750000
v 2.277421906 0.662500000 2.125000000
v 2.472578094 0.662500000 2.125000000
v 2.472578094 0.662500000 2.093750000
v 2.472578094 0.712500000 2.093750000
v 2.472578094 0.712500000 2.125000000
v 2.277421906 1.587500000 2.125000000
v 2.277421906 1.587500000 2.093750000
v 2.277421906 1.537500000 2.093750000
v 2.277421906 1.537500000 2.125000000
v 2.472578094 1.537500000 2.125000000
v 2.472578094 1.537500000 2.093750000
v 2.472578094 1.587500000 2.093750000
v 2.472578094 1.587500000 2.125000000
v 2.009121899 0.712500000 2.156250000
v 2.009121899 0.712500000 2.125000000
v 2.009121899 0.662500000 2.125000000
v 2.009121899 0.662500000 2.156250000
v 2.240878101 0.662500000 2.156250000
v 2.240878101 0.662500000 2.125000000
v 2.240878101 0.712500000 2.125000000
v 2.240878101 0.712500000 2.156250000
v 2.009121899 1.587500000 2.156250000
v 2.009121899 1.587500000 2.125000000
v 2.009121899 1.537500000 2.125000000
v 2.009121899 1.537500000 2.156250000
v 2.240878101 1.537500000 2.156250000
v 2.240878101 1.537500000 2.125000000
v 2.240878101 1.587500000 2.125000000
v 2.240878101 1.587500000 2.156250000
v 2.259121899 0.712500000 2.156250000
v 2.259121899 0.712500000 2.125000000
v 2.259121899 0.662500000 2.125000000
v 2.259121899 0.662500000 2.156250000
v 2.490878101 0.662500000 2.156250000
v 2.490878101 0.662500000 2.125000000
v 2.490878101 0.712500000 2.125000000
v 2.490878101 0.712500000 2.156250000
v 2.259121899 1.587500000 2.156250000
v 2.259121899 1.587500000 2.125000000
v 2.259121899 1.537500000 2.125000000
v 2.259121899 1.537500000 2.156250000
v 2.490878101 1.537500000 2.156250000
v 2.490878101 1.537500000 2.125000000
v 2.490878101 1.587500000 2.125000000
v 2.490878101 1.587500000 2.156250000
v 2.000980407 0.712500000 2.187500000
v 2.000980407 0.712500000 2.156250000
v 2.000980407 0.662500000 2.156250000
v 2.000980407 0.662500000 2.187500000
v 2.249019593 0.662500000 2.187500000
v 2.249019593 0.662500000 2.156250000
v 2.249019593 0.712500000 2.156250000
v 2.249019593 0.712500000 2.187500000
v 2.000980407 1.587500000 2.187500000
v 2.000980407 1.587500000 2.156250000
v 2.000980407 1.537500000 2.156250000
v 2.000980407 1.537500000 2.187500000
v 2.249019593 1.537500000 2.187500000
v 2.249019593 1.537500000 2.156250000
v 2.249019593 1.587500000 2.156250000
v 2.249019593 1.587500000 2.187500000
v 2.250980407 0.712500000 2.187500000
v 2.250980407 0.712500000 2.156250000
v 2.250980407 0.662500000 2.156250000
v 2.250980407 0.662500000 2.187500000
v 2.499019593 0.662500000 2.187500000
v 2.499019593 0.662500000 2.156250000
v 2.499019593 0.712500000 2.156250000
v 2.499019593 0.712500000 2.187500000
v 2.250980407 1.587500000 2.187500000
v 2.250980407 1.587500000 2.156250000
v 2.250980407 1.537500000 2.156250000
v 2.250980407 1.537500000 2.187500000
v 2.499019593 1.537500000 2.187500000
v 2.499019593 1.537500000 2.156250000
v 2.499019593 1.587500000 2.156250000
v 2.499019593 1.587500000 2.187500000
v 2.000980407 0.712500000 2.218750000
v 2.000980407 0.662500000 2.218750000
v 2.249019593 0.662500000 2.218750000
v 2.249019593 0.712500000 2.218750000
v 2.000980407 1.587500000 2.218750000
v 2.000980407 1.537500000 2.218750000
v 2.249019593 1.537500000 2.218750000
v 2.249019593 1.587500000 2.218750000
v 2.250980407 0.712500000 2.218750000
v 2.250980407 0.662500000 2.218750000
v 2.499019593 0.662500000 2.218750000
v 2.499019593 0.712500000 2.218750000
v 2.250980407 1.587500000 2.218750000
v 2.250980407 1.537500000 2.218750000
v 2.499019593 1.537500000 2.218750000
v 2.499019593 1.587500000 2.218750000
v 2.009121899 0.712500000 2.250000000
v 2.009121899 0.712500000 2.218750000
v 2.009121899 0.662500000 2.218750000
v 2.009121899 0.662500000 2.250000000
v 2.240878101 0.662500000 2.250000000
v 2.240878101 0.662500000 2.218750000
v 2.240878101 0.712500000 2.218750000
v 2.240878101 0.712500000 2.250000000
v 2.009121899 1.587500000 2.250000000
v 2.009121899 1.587500000 2.218750000
v 2.009121899 1.537500000 2.218750000
v 2.009121899 1.537500000 2.250000000
v 2.240878101 1.537500000 2.250000000
v 2.240878101 1.537500000 2.218750000
v 2.240878101 1.587500000 2.218750000
v 2.240878101 1.587500000 2.250000000
v 2.259121899 0.712500000 2.250000000
v 2.259121899 0.712500000 2.218750000
v 2.259121899 0.662500000 2.218750000
v 2.259121899 0.662500000 2.250000000
v 2.490878101 0.662500000 2.250000000
v 2.490878101 0.662500000 2.218750000
v 2.490878101 0.712500000 2.218750000
v 2.490878101 0.712500000 2.250000000
v 2.259121899 1.587500000 2.250000000
v 2.259121899 1.587500000 2.218750000
v 2.259121899 1.537500000 2.218750000
v 2.259121899 1.537500000 2.250000000
v 2.490878101 1.537500000 2.250000000
v 2.490878101 1.537500000 2.218750000
v 2.490878101 1.587500000 2.218750000
v 2.490878101 1.587500000 2.250000000
v 2.027421906 0.712500000 2.281250000
v 2.027421906 0.712500000 2.250000000
v 2.027421906 0.662500000 2.250000000
v 2.027421906 0.662500000 2.281250000
v 2.222578094 0.662500000 2.281250000
v 2.222578094 0.662500000 2.250000000
v 2.222578094 0.712500000 2.250000000
v 2.222578094 0.712500000 2.281250000
v 2.027421906 1.587500000 2.281250000
v 2.027421906 1.587500000 2.250000000
v 2.027421906 1.537500000 2.250000000
v 2.027421906 1.537500000 2.281250000
v 2.222578094 1.537500000 2.281250000
v 2.222578094 1.537500000 2.250000000
v 2.222578094 1.587500000 2.250000000
v 2.222578094 1.587500000 2.281250000
v 2.277421906 0.712500000 2.281250000
v 2.277421906 0.712500000 2.250000000
v 2.277421906 0.662500000 2.250000000
v 2.277421906 0.662500000 2.281250000
v 2.472578094 0.662500000 2.281250000
v 2.472578094 0.662500000 2.250000000
v 2.472578094 0.712500000 2.250000000
v 2.472578094 0.712500000 2.281250000
v 2.277421906 1.587500000 2.281250000
v 2.277421906 1.587500000 2.250000000
v 2.277421906 1.537500000 2.250000000
v 2.277421906 1.537500000 2.281250000
v 2.472578094 1.537500000 2.281250000
v 2.472578094 1.537500000 2.250000000
v 2.472578094 1.587500000 2.250000000
v 2.472578094 1.587500000 2.281250000
v 2.064484635 0.712500000 2.312500000
v 2.064484635 0.712500000 2.281250000
v 2.064484635 0.662500000 2.281250000
v 2.064484635 0.662500000 2.312500000
v 2.185515365 0.662500000 2.312500000
v 2.185515365 0.662500000 2.281250000
v 2.185515365 0.712500000 2.281250000
v 2.185515365 0.712500000 2.312500000
v 2.064484635 1.587500000 2.312500000
v 2.064484635 1.587500000 2.281250000
v 2.064484635 1.537500000 2.281250000
v 2.064484635 1.537500000 2.312500000
v 2.185515365 1.537500000 2.312500000
v 2.185515365 1.537500000 2.281250000
v 2.185515365 1.587500000 2.281250000
v 2.185515365 1.587500000 2.312500000
v 2.314484635 0.712500000 2.312500000
v 2.314484635 0.712500000 2.281250000
v 2.314484635 0.662500000 2.281250000
v 2.314484635 0.662500000 2.312500000
v 2.435515365 0.662500000 2.312500000
v 2.435515365 0.662500000 2.281250000
v 2.435515365 0.712500000 2.281250000
v 2.435515365 0.712500000 2.312500000
v 2.314484635 1.587500000 2.312500000
v 2.314484635 1.587500000 2.281250000
v 2.314484635 1.537500000 2.281250000
v 2.314484635 1.537500000 2.312500000
v 2.435515365 1.537500000 2.312500000
v 2.435515365 1.537500000 2.281250000
v 2.435515365 1.587500000 2.281250000
v 2.435515365 1.587500000 2.312500000
v 3.126984635 1.396875000 2.031250000
v 3.126984635 1.396875000 2.000000000
v 3.126984635 1.353125000 2.000000000
v 3.126984635 1.353125000 2.031250000
v 3.248015365 1.353125000 2.031250000
v 3.248015365 1.353125000 2.000000000
v 3.248015365 1.396875000 2.000000000
v 3.248015365 1.396875000 2.031250000
v 3.501984635 1.396875000 2.031250000
v 3.501984635 1.396875000 2.000000000
v 3.501984635 1.353125000 2.000000000
v 3.501984635 1.353125000 2.031250000
v 3.623015365 1.353125000 2.031250000
v 3.623015365 1.353125000 2.000000000
v 3.623015365 1.396875000 2.000000000
v 3.623015365 1.396875000 2.031250000
v 3.089921906 1.396875000 2.062500000
v 3.089921906 1.396875000 2.031250000
v 3.089921906 1.353125000 2.031250000
v 3.089921906 1.353125000 2.062500000
v 3.285078094 1.353125000 2.062500000
v 3.285078094 1.353125000 2.031250000
v 3.285078094 1.396875000 2.031250000
v 3.285078094 1.396875000 2.062500000
v 3.464921906 1.396875000 2.062500000
v 3.464921906 1.396875000 2.031250000
v 3.464921906 1.353125000 2.031250000
v 3.464921906 1.353125000 2.062500000
v 3.660078094 1.353125000 2.062500000
v 3.660078094 1.353125000 2.031250000
v 3.660078094 1.396875000 2.031250000
v 3.660078094 1.396875000 2.062500000
v 3.071621899 1.396875000 2.093750000
v 3.071621899 1.396875000 2.062500000
v 3.071621899 1.353125000 2.062500000
v 3.071621899 1.353125000 2.093750000
v 3.303378101 1.353125000 2.093750000
v 3.303378101 1.353125000 2.062500000
v 3.303378101 1.396875000 2.062500000
v 3.303378101 1.396875000 2.093750000
v 3.446621899 1.396875000 2.093750000
v 3.446621899 1.396875000 2.062500000
v 3.446621899 1.353125000 2.062500000
v 3.446621899 1.353125000 2.093750000
v 3.678378101 1.353125000 2.093750000
v 3.678378101 1.353125000 2.062500000
v 3.678378101 1.396875000 2.062500000
v 3.678378101 1.396875000 2.093750000
v 3.063480407 1.396875000 2.125000000
v 3.063480407 1.396875000 2.093750000
v 3.063480407 1.353125000 2.093750000
v 3.063480407 1.353125000 2.125000000
v 3.311519593 1.353125000 2.125000000
v 3.311519593 1.353125000 2.093750000
v 3.311519593 1.396875000 2.093750000
v 3.311519593 1.396875000 2.125000000
v 3.438480407 1.396875000 2.125000000
v 3.438480407 1.396875000 2.093750000
v 3.438480407 1.353125000 2.093750000
v 3.438480407 1.353125000 2.125000000
v 3.686519593 1.353125000 2.125000000
v 3.686519593 1.353125000 2.093750000
v 3.686519593 1.396875000 2.093750000
v 3.686519593 1.396875000 2.125000000
v 3.063480407 1.396875000 2.156250000
v 3.063480407 1.353125000 2.156250000
v 3.311519593 1.353125000 2.156250000
v 3.311519593 1.396875000 2.156250000
v 3.438480407 1.396875000 2.156250000
v 3.438480407 1.353125000 2.156250000
v 3.686519593 1.353125000 2.156250000
v 3.686519593 1.396875000 2.156250000
v 3.071621899 1.396875000 2.187500000
v 3.071621899 1.396875000 2.156250000
v 3.071621899 1.353125000 2.156250000
v 3.071621899 1.353125000 2.187500000
v 3.303378101 1.353125000 2.187500000
v 3.303378101 1.353125000 2.156250000
v 3.303378101 1.396875000 2.156250000
v 3.303378101 1.396875000 2.187500000
v 3.446621899 1.396875000 2.187500000
v 3.446621899 1.396875000 2.156250000
v 3.446621899 1.353125000 2.156250000
v 3.446621899 1.353125000 2.187500000
v 3.678378101 1.353125000 2.187500000
v 3.678378101 1.353125000 2.156250000
v 3.678378101 1.396875000 2.156250000
v 3.678378101 1.396875000 2.187500000
v 3.089921906 1.396875000 2.218750000
v 3.089921906 1.396875000 2.187500000
v 3.089921906 1.353125000 2.187500000
v 3.089921906 1.353125000 2.218750000
v 3.285078094 1.353125000 2.218750000
v 3.285078094 1.353125000 2.187500000
v 3.285078094 1.396875000 2.187500000
v 3.285078094 1.396875000 2.218750000
v 3.464921906 1.396875000 2.218750000
v 3.464921906 1.396875000 2.187500000
v 3.464921906 1.353125000 2.187500000
v 3.464921906 1.353125000 2.218750000
v 3.660078094 1.353125000 2.218750000
v 3.660078094 1.353125000 2.187500000
v 3.660078094 1.396875000 2.187500000
v 3.660078094 1.396875000 2.218750000
v 3.126984635 1.396875000 2.250000000
v 3.126984635 1.396875000 2.218750000
v 3.126984635 1.353125000 2.218750000
v 3.126984635 1.353125000 2.250000000
v 3.248015365 1.353125000 2.250000000
v 3.248015365 1.353125000 2.218750000
v 3.248015365 1.396875000 2.218750000
v 3.248015365 1.396875000 2.250000000
v 3.501984635 1.396875000 2.250000000
v 3.501984635 1.396875000 2.218750000
v 3.501984635 1.353125000 2.218750000
v 3.501984635 1.353125000 2.250000000
v 3.623015365 1.353125000 2.250000000
v 3.623015365 1.353125000 2.218750000
v 3.623015365 1.396875000 2.218750000
v 3.623015365 1.396875000 2.250000000
v 2.485814661 0.762500000 1.971875000
v 2.485814661 0.762500000 1.900000000
v 2.485814661 0.675000000 1.900000000
v 2.485814661 0.675000000 1.971875000
v 2.764185339 0.675000000 1.971875000
v 2.764185339 0.675000000 1.900000000
v 2.764185339 0.762500000 1.900000000
v 2.764185339 0.762500000 1.971875000
v 2.485814661 2.825000000 1.971875000
v 2.485814661 2.825000000 1.900000000
v 2.485814661 2.737500000 1.900000000
v 2.485814661 2.737500000 1.971875000
v 2.764185339 2.737500000 1.971875000
v 2.764185339 2.737500000 1.900000000
v 2.764185339 2.825000000 1.900000000
v 2.764185339 2.825000000 1.971875000
v 2.400570384 0.762500000 2.043750000
v 2.400570384 0.762500000 1.971875000
v 2.400570384 0.675000000 1.971875000
v 2.400570384 0.675000000 2.043750000
v 2.849429616 0.675000000 2.043750000
v 2.849429616 0.675000000 1.971875000
v 2.849429616 0.762500000 1.971875000
v 2.849429616 0.762500000 2.043750000
v 2.400570384 2.825000000 2.043750000
v 2.400570384 2.825000000 1.971875000
v 2.400570384 2.737500000 1.971875000
v 2.400570384 2.737500000 2.043750000
v 2.849429616 2.737500000 2.043750000
v 2.849429616 2.737500000 1.971875000
v 2.849429616 2.825000000 1.971875000
v 2.849429616 2.825000000 2.043750000
v 2.358480367 0.762500000 2.115625000
v 2.358480367 0.762500000 2.043750000
v 2.358480367 0.675000000 2.043750000
v 2.358480367 0.675000000 2.115625000
v 2.891519633 0.675000000 2.115625000
v 2.891519633 0.675000000 2.043750000
v 2.891519633 0.762500000 2.043750000
v 2.891519633 0.762500000 2.115625000
v 2.358480367 2.825000000 2.115625000
v 2.358480367 2.825000000 2.043750000
v 2.358480367 2.737500000 2.043750000
v 2.358480367 2.737500000 2.115625000
v 2.891519633 2.737500000 2.115625000
v 2.891519633 2.737500000 2.043750000
v 2.891519633 2.825000000 2.043750000
v 2.891519633 2.825000000 2.115625000
v 2.339754937 0.762500000 2.187500000
v 2.339754937 0.762500000 2.115625000
v 2.339754937 0.675000000 2.115625000
v 2.339754937 0.675000000 2.187500000
v 2.910245063 0.675000000 2.187500000
v 2.910245063 0.675000000 2.115625000
v 2.910245063 0.762500000 2.115625000
v 2.910245063 0.762500000 2.187500000
v 2.339754937 2.825000000 2.187500000
v 2.339754937 2.825000000 2.115625000
v 2.339754937 2.737500000 2.115625000
v 2.339754937 2.737500000 2.187500000
v 2.910245063 2.737500000 2.187500000
v 2.910245063 2.737500000 2.115625000
v 2.910245063 2.825000000 2.115625000
v 2.910245063 2.825000000 2.187500000
v 2.339754937 0.762500000 2.259375000
v 2.339754937 0.675000000 2.259375000
v 2.910245063 0.675000000 2.259375000
v 2.910245063 0.762500000 2.259375000
v 2.339754937 2.825000000 2.259375000
v 2.339754937 2.737500000 2.259375000
v 2.910245063 2.737500000 2.259375000
v 2.910245063 2.825000000 2.259375000
v 2.358480367 0.762500000 2.331250000
v 2.358480367 0.762500000 2.259375000
v 2.358480367 0.675000000 2.259375000
v 2.358480367 0.675000000 2.331250000
v 2.891519633 0.675000000 2.331250000
v 2.891519633 0.675000000 2.259375000
v 2.891519633 0.762500000 2.259375000
v 2.891519633 0.762500000 2.331250000
v 2.358480367 2.825000000 2.331250000
v 2.358480367 2.825000000 2.259375000
v 2.358480367 2.737500000 2.259375000
v 2.358480367 2.737500000 2.331250000
v 2.891519633 2.737500000 2.331250000
v 2.891519633 2.737500000 2.259375000
v 2.891519633 2.825000000 2.259375000
v 2.891519633 2.825000000 2.331250000
v 2.400570384 0.762500000 2.403125000
v 2.400570384 0.762500000 2.331250000
v 2.400570384 0.675000000 2.331250000
v 2.400570384 0.675000000 2.403125000
v 2.849429616 0.675000000 2.403125000
v 2.849429616 0.675000000 2.331250000
v 2.849429616 0.762500000 2.331250000
v 2.849429616 0.762500000 2.403125000
v 2.400570384 2.825000000 2.403125000
v 2.400570384 2.825000000 2.331250000
v 2.400570384 2.737500000 2.331250000
v 2.400570384 2.737500000 2.403125000
v 2.849429616 2.737500000 2.403125000
v 2.849429616 2.737500000 2.331250000
v 2.849429616 2.825000000 2.331250000
v 2.849429616 2.825000000 2.403125000
v 2.485814661 0.762500000 2.475000000
v 2.485814661 0.762500000 2.403125000
v 2.485814661 0.675000000 2.403125000
v 2.485814661 0.675000000 2.475000000
v 2.764185339 0.675000000 2.475000000
v 2.764185339 0.675000000 2.403125000
v 2.764185339 0.762500000 2.403125000
v 2.764185339 0.762500000 2.475000000
v 2.485814661 2.825000000 2.475000000
v 2.485814661 2.825000000 2.403125000
v 2.485814661 2.737500000 2.403125000
v 2.485814661 2.737500000 2.475000000
v 2.764185339 2.737500000 2.475000000
v 2.764185339 2.737500000 2.403125000
v 2.764185339 2.825000000 2.403125000
v 2.764185339 2.825000000 2.475000000
v 1.934375000 3.312500000 1.346875000
v 1.934375000 3.312500000 1.278125000
v 1.934375000 3.250000000 1.278125000
v 1.934375000 3.250000000 1.346875000
v 2.003125000 3.250000000 1.346875000
v 2.003125000 3.250000000 1.278125000
v 2.003125000 3.312500000 1.278125000
v 2.003125000 3.312500000 1.346875000
v 1.896694645 3.312500000 1.487500000
v 1.896694645 3.312500000 1.418750000
v 1.896694645 3.250000000 1.418750000
v 1.896694645 3.250000000 1.487500000
v 1.965444645 3.250000000 1.487500000
v 1.965444645 3.250000000 1.418750000
v 1.965444645 3.312500000 1.418750000
v 1.965444645 3.312500000 1.487500000
v 1.793750000 3.312500000 1.590444645
v 1.793750000 3.312500000 1.521694645
v 1.793750000 3.250000000 1.521694645
v 1.793750000 3.250000000 1.590444645
v 1.862500000 3.250000000 1.590444645
v 1.862500000 3.250000000 1.521694645
v 1.862500000 3.312500000 1.521694645
v 1.862500000 3.312500000 1.590444645
v 1.653125000 3.312500000 1.628125000
v 1.653125000 3.312500000 1.559375000
v 1.653125000 3.250000000 1.559375000
v 1.653125000 3.250000000 1.628125000
v 1.721875000 3.250000000 1.628125000
v 1.721875000 3.250000000 1.559375000
v 1.721875000 3.312500000 1.559375000
v 1.721875000 3.312500000 1.628125000
v 1.512500000 3.312500000 1.590444645
v 1.512500000 3.312500000 1.521694645
v 1.512500000 3.250000000 1.521694645
v 1.512500000 3.250000000 1.590444645
v 1.581250000 3.250000000 1.590444645
v 1.581250000 3.250000000 1.521694645
v 1.581250000 3.312500000 1.521694645
v 1.581250000 3.312500000 1.590444645
v 1.409555355 3.312500000 1.487500000
v 1.409555355 3.312500000 1.418750000
v 1.409555355 3.250000000 1.418750000
v 1.409555355 3.250000000 1.487500000
v 1.478305355 3.250000000 1.487500000
v 1.478305355 3.250000000 1.418750000
v 1.478305355 3.312500000 1.418750000
v 1.478305355 3.312500000 1.487500000
v 1.371875000 3.312500000 1.346875000
v 1.371875000 3.312500000 1.278125000
v 1.371875000 3.250000000 1.278125000
v 1.371875000 3.250000000 1.346875000
v 1.440625000 3.250000000 1.346875000
v 1.440625000 3.250000000 1.278125000
v 1.440625000 3.312500000 1.278125000
v 1.440625000 3.312500000 1.346875000
v 1.409555355 3.312500000 1.206250000
v 1.409555355 3.312500000 1.137500000
v 1.409555355 3.250000000 1.137500000
v 1.409555355 3.250000000 1.206250000
v 1.478305355 3.250000000 1.206250000
v 1.478305355 3.250000000 1.137500000
v 1.478305355 3.312500000 1.137500000
v 1.478305355 3.312500000 1.206250000
v 1.512500000 3.312500000 1.103305355
v 1.512500000 3.312500000 1.034555355
v 1.512500000 3.250000000 1.034555355
v 1.512500000 3.250000000 1.103305355
v 1.581250000 3.250000000 1.103305355
v 1.581250000 3.250000000 1.034555355
v 1.581250000 3.312500000 1.034555355
v 1.581250000 3.312500000 1.103305355
v 1.653125000 3.312500000 1.065625000
v 1.653125000 3.312500000 0.996875000
v 1.653125000 3.250000000 0.996875000
v 1.653125000 3.250000000 1.065625000
v 1.721875000 3.250000000 1.065625000
v 1.721875000 3.250000000 0.996875000
v 1.721875000 3.312500000 0.996875000
v 1.721875000 3.312500000 1.065625000
v 1.793750000 3.312500000 1.103305355
v 1.793750000 3.312500000 1.034555355
v 1.793750000 3.250000000 1.034555355
v 1.793750000 3.250000000 1.103305355
v 1.862500000 3.250000000 1.103305355
v 1.862500000 3.250000000 1.034555355
v 1.862500000 3.312500000 1.034555355
v 1.862500000 3.312500000 1.103305355
v 1.896694645 3.312500000 1.206250000
v 1.896694645 3.312500000 1.137500000
v 1.896694645 3.250000000 1.137500000
v 1.896694645 3.250000000 1.206250000
v 1.965444645 3.250000000 1.206250000
v 1.965444645 3.250000000 1.137500000
v 1.965444645 3.312500000 1.137500000
v 1.965444645 3.312500000 1.206250000
v 0.250000000 1.561654129 0.829687500
v 0.250000000 1.561654129 0.668750000
v 0.250000000 0.938345871 0.668750000
v 0.250000000 0.938345871 0.829687500
v 0.337500000 0.938345871 0.829687500
v 0.337500000 0.938345871 0.668750000
v 0.337500000 1.561654129 0.668750000
v 0.337500000 1.561654129 0.829687500
v 0.250000000 1.752527183 0.990625000
v 0.250000000 1.752527183 0.829687500
v 0.250000000 0.747472817 0.829687500
v 0.250000000 0.747472817 0.990625000
v 0.337500000 0.747472817 0.990625000
v 0.337500000 0.747472817 0.829687500
v 0.337500000 1.752527183 0.829687500
v 0.337500000 1.752527183 0.990625000
v 0.250000000 1.846772222 1.151562500
v 0.250000000 1.846772222 0.990625000
v 0.250000000 0.653227778 0.990625000
v 0.250000000 0.653227778 1.151562500
v 0.337500000 0.653227778 1.151562500
v 0.337500000 0.653227778 0.990625000
v 0.337500000 1.846772222 0.990625000
v 0.337500000 1.846772222 1.151562500
v 0.250000000 1.888700902 1.312500000
v 0.250000000 1.888700902 1.151562500
v 0.250000000 0.611299098 1.151562500
v 0.250000000 0.611299098 1.312500000
v 0.337500000 0.611299098 1.312500000
v 0.337500000 0.611299098 1.151562500
v 0.337500000 1.888700902 1.151562500
v 0.337500000 1.888700902 1.312500000
v 0.250000000 1.888700902 1.473437500
v 0.250000000 0.611299098 1.473437500
v 0.337500000 0.611299098 1.473437500
v 0.337500000 1.888700902 1.473437500
v 0.250000000 1.846772222 1.634375000
v 0.250000000 1.846772222 1.473437500
v 0.250000000 0.653227778 1.473437500
v 0.250000000 0.653227778 1.634375000
v 0.337500000 0.653227778 1.634375000
v 0.337500000 0.653227778 1.473437500
v 0.337500000 1.846772222 1.473437500
v 0.337500000 1.846772222 1.634375000
v 0.250000000 1.752527183 1.795312500
v 0.250000000 1.752527183 1.634375000
v 0.250000000 0.747472817 1.634375000
v 0.250000000 0.747472817 1.795312500
v 0.337500000 0.747472817 1.795312500
v 0.337500000 0.747472817 1.634375000
v 0.337500000 1.752527183 1.634375000
v 0.337500000 1.752527183 1.795312500
v 0.250000000 1.561654129 1.956250000
v 0.250000000 1.561654129 1.795312500
v 0.250000000 0.938345871 1.795312500
v 0.250000000 0.938345871 1.956250000
v 0.337500000 0.938345871 1.956250000
v 0.337500000 0.938345871 1.795312500
v 0.337500000 1.561654129 1.795312500
v 0.337500000 1.561654129 1.956250000
v 0.843750000 1.721875000 2.281250000
v 0.843750000 1.721875000 0.343750000
v 0.843750000 1.653125000 0.343750000
v 0.843750000 1.653125000 2.281250000
v 2.281250000 1.653125000 2.281250000
v 2.281250000 1.653125000 0.343750000
v 2.281250000 1.721875000 0.343750000
v 2.281250000 1.721875000 2.281250000
v 1.860937500 0.937500000 2.264062500
v 1.860937500 0.937500000 2.235937500
v 1.860937500 0.625000000 2.235937500
v 1.860937500 0.625000000 2.264062500
v 1.889062500 0.625000000 2.264062500
v 1.889062500 0.625000000 2.235937500
v 1.889062500 0.937500000 2.235937500
v 1.889062500 0.937500000 2.264062500
v 1.437500000 0.639062500 2.264062500
v 1.437500000 0.639062500 2.235937500
v 1.437500000 0.610937500 2.235937500
v 1.437500000 0.610937500 2.264062500
v 1.875000000 0.610937500 2.264062500
v 1.875000000 0.610937500 2.235937500
v 1.875000000 0.639062500 2.235937500
v 1.875000000 0.639062500 2.264062500
v 1.423437500 1.125000000 2.264062500
v 1.423437500 1.125000000 2.235937500
v 1.423437500 0.625000000 2.235937500
v 1.423437500 0.625000000 2.264062500
v 1.451562500 0.625000000 2.264062500
v 1.451562500 0.625000000 2.235937500
v 1.451562500 1.125000000 2.235937500
v 1.451562500 1.125000000 2.264062500
v 1.423437500 1.139062500 2.250000000
v 1.423437500 1.139062500 1.937500000
v 1.423437500 1.110937500 1.937500000
v 1.423437500 1.110937500 2.250000000
v 1.451562500 1.110937500 2.250000000
v 1.451562500 1.110937500 1.937500000
v 1.451562500 1.139062500 1.937500000
v 1.451562500 1.139062500 2.250000000
v 2.048437500 0.937500000 2.264062500
v 2.048437500 0.937500000 2.235937500
v 2.048437500 0.625000000 2.235937500
v 2.048437500 0.625000000 2.264062500
v 2.076562500 0.625000000 2.264062500
v 2.076562500 0.625000000 2.235937500
v 2.076562500 0.937500000 2.235937500
v 2.076562500 0.937500000 2.264062500
v 1.312500000 0.639062500 2.264062500
v 1.312500000 0.639062500 2.235937500
v 1.312500000 0.610937500 2.235937500
v 1.312500000 0.610937500 2.264062500
v 2.062500000 0.610937500 2.264062500
v 2.062500000 0.610937500 2.235937500
v 2.062500000 0.639062500 2.235937500
v 2.062500000 0.639062500 2.264062500
v 1.298437500 1.312500000 2.264062500
v 1.298437500 1.312500000 2.235937500
v 1.298437500 0.625000000 2.235937500
v 1.298437500 0.625000000 2.264062500
v 1.326562500 0.625000000 2.264062500
v 1.326562500 0.625000000 2.235937500
v 1.326562500 1.312500000 2.235937500
v 1.326562500 1.312500000 2.264062500
v 1.298437500 1.326562500 2.250000000
v 1.298437500 1.326562500 1.937500000
v 1.298437500 1.298437500 1.937500000
v 1.298437500 1.298437500 2.250000000
v 1.326562500 1.298437500 2.250000000
v 1.326562500 1.298437500 1.937500000
v 1.326562500 1.326562500 1.937500000
v 1.326562500 1.326562500 2.250000000
v 2.235937500 0.937500000 2.264062500
v 2.235937500 0.937500000 2.235937500
v 2.235937500 0.625000000 2.235937500
v 2.235937500 0.625000000 2.264062500
v 2.264062500 0.625000000 2.264062500
v 2.264062500 0.625000000 2.235937500
v 2.264062500 0.937500000 2.235937500
v 2.264062500 0.937500000 2.264062500
v 1.187500000 0.639062500 2.264062500
v 1.187500000 0.639062500 2.235937500
v 1.187500000 0.610937500 2.235937500
v 1.187500000 0.610937500 2.264062500
v 2.250000000 0.610937500 2.264062500
v 2.250000000 0.610937500 2.235937500
v 2.250000000 0.639062500 2.235937500
v 2.250000000 0.639062500 2.264062500
v 1.173437500 1.500000000 2.264062500
v 1.173437500 1.500000000 2.235937500
v 1.173437500 0.625000000 2.235937500
v 1.173437500 0.625000000 2.264062500
v 1.201562500 0.625000000 2.264062500
v 1.201562500 0.625000000 2.235937500
v 1.201562500 1.500000000 2.235937500
v 1.201562500 1.500000000 2.264062500
v 1.173437500 1.514062500 2.250000000
v 1.173437500 1.514062500 1.937500000
v 1.173437500 1.485937500 1.937500000
v 1.173437500 1.485937500 2.250000000
v 1.201562500 1.485937500 2.250000000
v 1.201562500 1.485937500 1.937500000
v 1.201562500 1.514062500 1.937500000
v 1.201562500 1.514062500 2.250000000
v 1.456598112 2.523437500 1.843750000
v 1.456598112 2.523437500 1.781250000
v 1.456598112 2.468750000 1.781250000
v 1.456598112 2.468750000 1.843750000
v 1.668401888 2.468750000 1.843750000
v 1.668401888 2.468750000 1.781250000
v 1.668401888 2.523437500 1.781250000
v 1.668401888 2.523437500 1.843750000
v 1.144098112 1.210937500 1.906250000
v 1.144098112 1.210937500 1.843750000
v 1.144098112 1.156250000 1.843750000
v 1.144098112 1.156250000 1.906250000
v 1.355901888 1.156250000 1.906250000
v 1.355901888 1.156250000 1.843750000
v 1.355901888 1.210937500 1.843750000
v 1.355901888 1.210937500 1.906250000
v 1.391738336 2.578125000 1.843750000
v 1.391738336 2.578125000 1.781250000
v 1.391738336 2.523437500 1.781250000
v 1.391738336 2.523437500 1.843750000
v 1.733261664 2.523437500 1.843750000
v 1.733261664 2.523437500 1.781250000
v 1.733261664 2.578125000 1.781250000
v 1.733261664 2.578125000 1.843750000
v 1.079238336 1.265625000 1.906250000
v 1.079238336 1.265625000 1.843750000
v 1.079238336 1.210937500 1.843750000
v 1.079238336 1.210937500 1.906250000
v 1.420761664 1.210937500 1.906250000
v 1.420761664 1.210937500 1.843750000
v 1.420761664 1.265625000 1.843750000
v 1.420761664 1.265625000 1.906250000
v 1.359713323 2.632812500 1.843750000
v 1.359713323 2.632812500 1.781250000
v 1.359713323 2.578125000 1.781250000
v 1.359713323 2.578125000 1.843750000
v 1.765286677 2.578125000 1.843750000
v 1.765286677 2.578125000 1.781250000
v 1.765286677 2.632812500 1.781250000
v 1.765286677 2.632812500 1.843750000
v 1.047213323 1.320312500 1.906250000
v 1.047213323 1.320312500 1.843750000
v 1.047213323 1.265625000 1.843750000
v 1.047213323 1.265625000 1.906250000
v 1.452786677 1.265625000 1.906250000
v 1.452786677 1.265625000 1.843750000
v 1.452786677 1.320312500 1.843750000
v 1.452786677 1.320312500 1.906250000
v 1.345465713 2.687500000 1.843750000
v 1.345465713 2.687500000 1.781250000
v 1.345465713 2.632812500 1.781250000
v 1.345465713 2.632812500 1.843750000
v 1.779534287 2.632812500 1.843750000
v 1.779534287 2.632812500 1.781250000
v 1.779534287 2.687500000 1.781250000
v 1.779534287 2.687500000 1.843750000
v 1.032965713 1.375000000 1.906250000
v 1.032965713 1.375000000 1.843750000
v 1.032965713 1.320312500 1.843750000
v 1.032965713 1.320312500 1.906250000
v 1.467034287 1.320312500 1.906250000
v 1.467034287 1.320312500 1.843750000
v 1.467034287 1.375000000 1.843750000
v 1.467034287 1.375000000 1.906250000
v 1.345465713 2.742187500 1.843750000
v 1.345465713 2.742187500 1.781250000
v 1.779534287 2.742187500 1.781250000
v 1.779534287 2.742187500 1.843750000
v 1.032965713 1.429687500 1.906250000
v 1.032965713 1.429687500 1.843750000
v 1.467034287 1.429687500 1.843750000
v 1.467034287 1.429687500 1.906250000
v 1.359713323 2.796875000 1.843750000
v 1.359713323 2.796875000 1.781250000
v 1.359713323 2.742187500 1.781250000
v 1.359713323 2.742187500 1.843750000
v 1.765286677 2.742187500 1.843750000
v 1.765286677 2.742187500 1.781250000
v 1.765286677 2.796875000 1.781250000
v 1.765286677 2.796875000 1.843750000
v 1.047213323 1.484375000 1.906250000
v 1.047213323 1.484375000 1.843750000
v 1.047213323 1.429687500 1.843750000
v 1.047213323 1.429687500 1.906250000
v 1.452786677 1.429687500 1.906250000
v 1.452786677 1.429687500 1.843750000
v 1.452786677 1.484375000 1.843750000
v 1.452786677 1.484375000 1.906250000
v 1.391738336 2.851562500 1.843750000
v 1.391738336 2.851562500 1.781250000
v 1.391738336 2.796875000 1.781250000
v 1.391738336 2.796875000 1.843750000
v 1.733261664 2.796875000 1.843750000
v 1.733261664 2.796875000 1.781250000
v 1.733261664 2.851562500 1.781250000
v 1.733261664 2.851562500 1.843750000
v 1.079238336 1.539062500 1.906250000
v 1.079238336 1.539062500 1.843750000
v 1.079238336 1.484375000 1.843750000
v 1.079238336 1.484375000 1.906250000
v 1.420761664 1.484375000 1.906250000
v 1.420761664 1.484375000 1.843750000
v 1.420761664 1.539062500 1.843750000
v 1.420761664 1.539062500 1.906250000
v 1.456598112 2.906250000 1.843750000
v 1.456598112 2.906250000 1.781250000
v 1.456598112 2.851562500 1.781250000
v 1.456598112 2.851562500 1.843750000
v 1.668401888 2.851562500 1.843750000
v 1.668401888 2.851562500 1.781250000
v 1.668401888 2.906250000 1.781250000
v 1.668401888 2.906250000 1.843750000
v 1.144098112 1.593750000 1.906250000
v 1.144098112 1.593750000 1.843750000
v 1.144098112 1.539062500 1.843750000
v 1.144098112 1.539062500 1.906250000
v 1.355901888 1.539062500 1.906250000
v 1.355901888 1.539062500 1.843750000
v 1.355901888 1.593750000 1.843750000
v 1.355901888 1.593750000 1.906250000
v 0.865625000 3.027329545 0.979687500
v 0.865625000 3.027329545 0.868750000
v 0.865625000 2.597670455 0.868750000
v 0.865625000 2.597670455 0.979687500
v 0.946875000 2.597670455 0.979687500
v 0.946875000 2.597670455 0.868750000
v 0.946875000 3.027329545 0.868750000
v 0.946875000 3.027329545 0.979687500
v 0.865625000 3.158902233 1.090625000
v 0.865625000 3.158902233 0.979687500
v 0.865625000 2.466097767 0.979687500
v 0.865625000 2.466097767 1.090625000
v 0.946875000 2.466097767 1.090625000
v 0.946875000 2.466097767 0.979687500
v 0.946875000 3.158902233 0.979687500
v 0.946875000 3.158902233 1.090625000
v 0.865625000 3.223867260 1.201562500
v 0.865625000 3.223867260 1.090625000
v 0.865625000 2.401132740 1.090625000
v 0.865625000 2.401132740 1.201562500
v 0.946875000 2.401132740 1.201562500
v 0.946875000 2.401132740 1.090625000
v 0.946875000 3.223867260 1.090625000
v 0.946875000 3.223867260 1.201562500
v 0.865625000 3.252769554 1.312500000
v 0.865625000 3.252769554 1.201562500
v 0.865625000 2.372230446 1.201562500
v 0.865625000 2.372230446 1.312500000
v 0.946875000 2.372230446 1.312500000
v 0.946875000 2.372230446 1.201562500
v 0.946875000 3.252769554 1.201562500
v 0.946875000 3.252769554 1.312500000
v 0.865625000 3.252769554 1.423437500
v 0.865625000 2.372230446 1.423437500
v 0.946875000 2.372230446 1.423437500
v 0.946875000 3.252769554 1.423437500
v 0.865625000 3.223867260 1.534375000
v 0.865625000 3.223867260 1.423437500
v 0.865625000 2.401132740 1.423437500
v 0.865625000 2.401132740 1.534375000
v 0.946875000 2.401132740 1.534375000
v 0.946875000 2.401132740 1.423437500
v 0.946875000 3.223867260 1.423437500
v 0.946875000 3.223867260 1.534375000
v 0.865625000 3.158902233 1.645312500
v 0.865625000 3.158902233 1.534375000
v 0.865625000 2.466097767 1.534375000
v 0.865625000 2.466097767 1.645312500
v 0.946875000 2.466097767 1.645312500
v 0.946875000 2.466097767 1.534375000
v 0.946875000 3.158902233 1.534375000
v 0.946875000 3.158902233 1.645312500
v 0.865625000 3.027329545 1.756250000
v 0.865625000 3.027329545 1.645312500
v 0.865625000 2.597670455 1.645312500
v 0.865625000 2.597670455 1.756250000
v 0.946875000 2.597670455 1.756250000
v 0.946875000 2.597670455 1.645312500
v 0.946875000 3.027329545 1.645312500
v 0.946875000 3.027329545 1.756250000
v 2.903125000 3.418750000 1.346875000
v 2.903125000 3.418750000 1.278125000
v 2.903125000 3.356250000 1.278125000
v 2.903125000 3.356250000 1.346875000
v 2.971875000 3.356250000 1.346875000
v 2.971875000 3.356250000 1.278125000
v 2.971875000 3.418750000 1.278125000
v 2.971875000 3.418750000 1.346875000
v 2.869631351 3.418750000 1.471875000
v 2.869631351 3.418750000 1.403125000
v 2.869631351 3.356250000 1.403125000
v 2.869631351 3.356250000 1.471875000
v 2.938381351 3.356250000 1.471875000
v 2.938381351 3.356250000 1.403125000
v 2.938381351 3.418750000 1.403125000
v 2.938381351 3.418750000 1.471875000
v 2.778125000 3.418750000 1.563381351
v 2.778125000 3.418750000 1.494631351
v 2.778125000 3.356250000 1.494631351
v 2.778125000 3.356250000 1.563381351
v 2.846875000 3.356250000 1.563381351
v 2.846875000 3.356250000 1.494631351
v 2.846875000 3.418750000 1.494631351
v 2.846875000 3.418750000 1.563381351
v 2.653125000 3.418750000 1.596875000
v 2.653125000 3.418750000 1.528125000
v 2.653125000 3.356250000 1.528125000
v 2.653125000 3.356250000 1.596875000
v 2.721875000 3.356250000 1.596875000
v 2.721875000 3.356250000 1.528125000
v 2.721875000 3.418750000 1.528125000
v 2.721875000 3.418750000 1.596875000
v 2.528125000 3.418750000 1.563381351
v 2.528125000 3.418750000 1.494631351
v 2.528125000 3.356250000 1.494631351
v 2.528125000 3.356250000 1.563381351
v 2.596875000 3.356250000 1.563381351
v 2.596875000 3.356250000 1.494631351
v 2.596875000 3.418750000 1.494631351
v 2.596875000 3.418750000 1.563381351
v 2.436618649 3.418750000 1.471875000
v 2.436618649 3.418750000 1.403125000
v 2.436618649 3.356250000 1.403125000
v 2.436618649 3.356250000 1.471875000
v 2.505368649 3.356250000 1.471875000
v 2.505368649 3.356250000 1.403125000
v 2.505368649 3.418750000 1.403125000
v 2.505368649 3.418750000 1.471875000
v 2.403125000 3.418750000 1.346875000
v 2.403125000 3.418750000 1.278125000
v 2.403125000 3.356250000 1.278125000
v 2.403125000 3.356250000 1.346875000
v 2.471875000 3.356250000 1.346875000
v 2.471875000 3.356250000 1.278125000
v 2.471875000 3.418750000 1.278125000
v 2.471875000 3.418750000 1.346875000
v 2.436618649 3.418750000 1.221875000
v 2.436618649 3.418750000 1.153125000
v 2.436618649 3.356250000 1.153125000
v 2.436618649 3.356250000 1.221875000
v 2.505368649 3.356250000 1.221875000
v 2.505368649 3.356250000 1.153125000
v 2.505368649 3.418750000 1.153125000
v 2.505368649 3.418750000 1.221875000
v 2.528125000 3.418750000 1.130368649
v 2.528125000 3.418750000 1.061618649
v 2.528125000 3.356250000 1.061618649
v 2.528125000 3.356250000 1.130368649
v 2.596875000 3.356250000 1.130368649
v 2.596875000 3.356250000 1.061618649
v 2.596875000 3.418750000 1.061618649
v 2.596875000 3.418750000 1.130368649
v 2.653125000 3.418750000 1.096875000
v 2.653125000 3.418750000 1.028125000
v 2.653125000 3.356250000 1.028125000
v 2.653125000 3.356250000 1.096875000
v 2.721875000 3.356250000 1.096875000
v 2.721875000 3.356250000 1.028125000
v 2.721875000 3.418750000 1.028125000
v 2.721875000 3.418750000 1.096875000
v 2.778125000 3.418750000 1.130368649
v 2.778125000 3.418750000 1.061618649
v 2.778125000 3.356250000 1.061618649
v 2.778125000 3.356250000 1.130368649
v 2.846875000 3.356250000 1.130368649
v 2.846875000 3.356250000 1.061618649
v 2.846875000 3.418750000 1.061618649
v 2.846875000 3.418750000 1.130368649
v 2.869631351 3.418750000 1.221875000
v 2.869631351 3.418750000 1.153125000
v 2.869631351 3.356250000 1.153125000
v 2.869631351 3.356250000 1.221875000
v 2.938381351 3.356250000 1.221875000
v 2.938381351 3.356250000 1.153125000
v 2.938381351 3.418750000 1.153125000
v 2.938381351 3.418750000 1.221875000
v 2.548314661 3.381250000 1.096875000
v 2.548314661 3.381250000 1.025000000
v 2.548314661 3.306250000 1.025000000
v 2.548314661 3.306250000 1.096875000
v 2.826685339 3.306250000 1.096875000
v 2.826685339 3.306250000 1.025000000
v 2.826685339 3.381250000 1.025000000
v 2.826685339 3.381250000 1.096875000
v 2.463070384 3.381250000 1.168750000
v 2.463070384 3.381250000 1.096875000
v 2.463070384 3.306250000 1.096875000
v 2.463070384 3.306250000 1.168750000
v 2.911929616 3.306250000 1.168750000
v 2.911929616 3.306250000 1.096875000
v 2.911929616 3.381250000 1.096875000
v 2.911929616 3.381250000 1.168750000
v 2.420980367 3.381250000 1.240625000
v 2.420980367 3.381250000 1.168750000
v 2.420980367 3.306250000 1.168750000
v 2.420980367 3.306250000 1.240625000
v 2.954019633 3.306250000 1.240625000
v 2.954019633 3.306250000 1.168750000
v 2.954019633 3.381250000 1.168750000
v 2.954019633 3.381250000 1.240625000
v 2.402254937 3.381250000 1.312500000
v 2.402254937 3.381250000 1.240625000
v 2.402254937 3.306250000 1.240625000
v 2.402254937 3.306250000 1.312500000
v 2.972745063 3.306250000 1.312500000
v 2.972745063 3.306250000 1.240625000
v 2.972745063 3.381250000 1.240625000
v 2.972745063 3.381250000 1.312500000
v 2.402254937 3.381250000 1.384375000
v 2.402254937 3.306250000 1.384375000
v 2.972745063 3.306250000 1.384375000
v 2.972745063 3.381250000 1.384375000
v 2.420980367 3.381250000 1.456250000
v 2.420980367 3.381250000 1.384375000
v 2.420980367 3.306250000 1.384375000
v 2.420980367 3.306250000 1.456250000
v 2.954019633 3.306250000 1.456250000
v 2.954019633 3.306250000 1.384375000
v 2.954019633 3.381250000 1.384375000
v 2.954019633 3.381250000 1.456250000
v 2.463070384 3.381250000 1.528125000
v 2.463070384 3.381250000 1.456250000
v 2.463070384 3.306250000 1.456250000
v 2.463070384 3.306250000 1.528125000
v 2.911929616 3.306250000 1.528125000
v 2.911929616 3.306250000 1.456250000
v 2.911929616 3.381250000 1.456250000
v 2.911929616 3.381250000 1.528125000
v 2.548314661 3.381250000 1.600000000
v 2.548314661 3.381250000 1.528125000
v 2.548314661 3.306250000 1.528125000
v 2.548314661 3.306250000 1.600000000
v 2.826685339 3.306250000 1.600000000
v 2.826685339 3.306250000 1.528125000
v 2.826685339 3.381250000 1.528125000
v 2.826685339 3.381250000 1.600000000
v 0.035000000 1.160000000 1.402500000
v 0.035000000 1.340000000 1.402500000
v 0.035000000 1.340000000 1.222500000
v 0.035000000 1.160000000 1.222500000
v 0.383750000 1.160000000 1.222500000
v 0.383750000 1.340000000 1.222500000
v 0.383750000 1.340000000 1.402500000
v 0.383750000 1.160000000 1.402500000
v 0.035000000 1.590000000 1.402500000
v 0.035000000 1.590000000 1.222500000
v 0.215000000 1.160000000 1.222500000
v 0.215000000 1.590000000 1.222500000
v 0.215000000 1.590000000 1.402500000
v 0.215000000 1.160000000 1.402500000
v 0.035000000 1.410000000 1.590000000
v 0.035000000 1.590000000 1.590000000
v 0.035000000 1.410000000 1.222500000
v 0.215000000 1.410000000 1.222500000
v 0.215000000 1.590000000 1.590000000
v 0.215000000 1.410000000 1.590000000
v 0.065000000 1.410000000 1.590000000
v 0.065000000 1.590000000 1.590000000
v 0.065000000 1.590000000 1.410000000
v 0.065000000 1.410000000 1.410000000
v 0.215000000 1.410000000 1.410000000
v 0.215000000 1.590000000 1.410000000
v 2.597500000 3.253750000 1.402500000
v 2.597500000 4.280625000 1.402500000
v 2.597500000 4.280625000 1.222500000
v 2.597500000 3.253750000 1.222500000
v 2.777500000 3.253750000 1.222500000
v 2.777500000 4.280625000 1.222500000
v 2.777500000 4.280625000 1.402500000
v 2.777500000 3.253750000 1.402500000
v 2.410000000 4.100625000 1.402500000
v 2.410000000 4.280625000 1.402500000
v 2.410000000 4.280625000 1.222500000
v 2.410000000 4.100625000 1.222500000
v 2.777500000 4.100625000 1.222500000
v 2.777500000 4.100625000 1.402500000
v 2.410000000 4.100625000 1.590000000
v 2.410000000 4.280625000 1.590000000
v 2.590000000 4.100625000 1.222500000
v 2.590000000 4.280625000 1.222500000
v 2.590000000 4.280625000 1.590000000
v 2.590000000 4.100625000 1.590000000
v 2.410000000 4.935000000 1.590000000
v 2.410000000 4.935000000 1.410000000
v 2.410000000 4.100625000 1.410000000
v 2.590000000 4.100625000 1.410000000
v 2.590000000 4.935000000 1.410000000
v 2.590000000 4.935000000 1.590000000
v 1.966716549 1.635937500 2.337500000
v 1.966716549 1.635937500 2.331250000
v 1.966716549 1.618750000 2.331250000
v 1.966716549 1.618750000 2.337500000
v 2.033283451 1.618750000 2.337500000
v 2.033283451 1.618750000 2.331250000
v 2.033283451 1.635937500 2.331250000
v 2.033283451 1.635937500 2.337500000
v 3.029216549 1.948437500 2.212500000
v 3.029216549 1.948437500 2.206250000
v 3.029216549 1.931250000 2.206250000
v 3.029216549 1.931250000 2.212500000
v 3.095783451 1.931250000 2.212500000
v 3.095783451 1.931250000 2.206250000
v 3.095783451 1.948437500 2.206250000
v 3.095783451 1.948437500 2.212500000
v 1.216716549 2.448437500 2.150000000
v 1.216716549 2.448437500 2.143750000
v 1.216716549 2.431250000 2.143750000
v 1.216716549 2.431250000 2.150000000
v 1.283283451 2.431250000 2.150000000
v 1.283283451 2.431250000 2.143750000
v 1.283283451 2.448437500 2.143750000
v 1.283283451 2.448437500 2.150000000
v 1.946332048 1.653125000 2.337500000
v 1.946332048 1.653125000 2.331250000
v 1.946332048 1.635937500 2.331250000
v 1.946332048 1.635937500 2.337500000
v 2.053667952 1.635937500 2.337500000
v 2.053667952 1.635937500 2.331250000
v 2.053667952 1.653125000 2.331250000
v 2.053667952 1.653125000 2.337500000
v 3.008832048 1.965625000 2.212500000
v 3.008832048 1.965625000 2.206250000
v 3.008832048 1.948437500 2.206250000
v 3.008832048 1.948437500 2.212500000
v 3.116167952 1.948437500 2.212500000
v 3.116167952 1.948437500 2.206250000
v 3.116167952 1.965625000 2.206250000
v 3.116167952 1.965625000 2.212500000
v 1.196332048 2.465625000 2.150000000
v 1.196332048 2.465625000 2.143750000
v 1.196332048 2.448437500 2.143750000
v 1.196332048 2.448437500 2.150000000
v 1.303667952 2.448437500 2.150000000
v 1.303667952 2.448437500 2.143750000
v 1.303667952 2.465625000 2.143750000
v 1.303667952 2.465625000 2.150000000
v 1.936267044 1.670312500 2.337500000
v 1.936267044 1.670312500 2.331250000
v 1.936267044 1.653125000 2.331250000
v 1.936267044 1.653125000 2.337500000
v 2.063732956 1.653125000 2.337500000
v 2.063732956 1.653125000 2.331250000
v 2.063732956 1.670312500 2.331250000
v 2.063732956 1.670312500 2.337500000
v 2.998767044 1.982812500 2.212500000
v 2.998767044 1.982812500 2.206250000
v 2.998767044 1.965625000 2.206250000
v 2.998767044 1.965625000 2.212500000
v 3.126232956 1.965625000 2.212500000
v 3.126232956 1.965625000 2.206250000
v 3.126232956 1.982812500 2.206250000
v 3.126232956 1.982812500 2.212500000
v 1.186267044 2.482812500 2.150000000
v 1.186267044 2.482812500 2.143750000
v 1.186267044 2.465625000 2.143750000
v 1.186267044 2.465625000 2.150000000
v 1.313732956 2.465625000 2.150000000
v 1.313732956 2.465625000 2.143750000
v 1.313732956 2.482812500 2.143750000
v 1.313732956 2.482812500 2.150000000
v 1.931789224 1.687500000 2.337500000
v 1.931789224 1.687500000 2.331250000
v 1.931789224 1.670312500 2.331250000
v 1.931789224 1.670312500 2.337500000
v 2.068210776 1.670312500 2.337500000
v 2.068210776 1.670312500 2.331250000
v 2.068210776 1.687500000 2.331250000
v 2.068210776 1.687500000 2.337500000
v 2.994289224 2.000000000 2.212500000
v 2.994289224 2.000000000 2.206250000
v 2.994289224 1.982812500 2.206250000
v 2.994289224 1.982812500 2.212500000
v 3.130710776 1.982812500 2.212500000
v 3.130710776 1.982812500 2.206250000
v 3.130710776 2.000000000 2.206250000
v 3.130710776 2.000000000 2.212500000
v 1.181789224 2.500000000 2.150000000
v 1.181789224 2.500000000 2.143750000
v 1.181789224 2.482812500 2.143750000
v 1.181789224 2.482812500 2.150000000
v 1.318210776 2.482812500 2.150000000
v 1.318210776 2.482812500 2.143750000
v 1.318210776 2.500000000 2.143750000
v 1.318210776 2.500000000 2.150000000
v 1.931789224 1.704687500 2.337500000
v 1.931789224 1.704687500 2.331250000
v 2.068210776 1.704687500 2.331250000
v 2.068210776 1.704687500 2.337500000
v 2.994289224 2.017187500 2.212500000
v 2.994289224 2.017187500 2.206250000
v 3.130710776 2.017187500 2.206250000
v 3.130710776 2.017187500 2.212500000
v 1.181789224 2.517187500 2.150000000
v 1.181789224 2.517187500 2.143750000
v 1.318210776 2.517187500 2.143750000
v 1.318210776 2.517187500 2.150000000
v 1.936267044 1.721875000 2.337500000
v 1.936267044 1.721875000 2.331250000
v 1.936267044 1.704687500 2.331250000
v 1.936267044 1.704687500 2.337500000
v 2.063732956 1.704687500 2.337500000
v 2.063732956 1.704687500 2.331250000
v 2.063732956 1.721875000 2.331250000
v 2.063732956 1.721875000 2.337500000
v 2.998767044 2.034375000 2.212500000
v 2.998767044 2.034375000 2.206250000
v 2.998767044 2.017187500 2.206250000
v 2.998767044 2.017187500 2.212500000
v 3.126232956 2.017187500 2.212500000
v 3.126232956 2.017187500 2.206250000
v 3.126232956 2.034375000 2.206250000
v 3.126232956 2.034375000 2.212500000
v 1.186267044 2.534375000 2.150000000
v 1.186267044 2.534375000 2.143750000
v 1.186267044 2.517187500 2.143750000
v 1.186267044 2.517187500 2.150000000
v 1.313732956 2.517187500 2.150000000
v 1.313732956 2.517187500 2.143750000
v 1.313732956 2.534375000 2.143750000
v 1.313732956 2.534375000 2.150000000
v 1.946332048 1.739062500 2.337500000
v 1.946332048 1.739062500 2.331250000
v 1.946332048 1.721875000 2.331250000
v 1.946332048 1.721875000 2.337500000
v 2.053667952 1.721875000 2.337500000
v 2.053667952 1.721875000 2.331250000
v 2.053667952 1.739062500 2.331250000
v 2.053667952 1.739062500 2.337500000
v 3.008832048 2.051562500 2.212500000
v 3.008832048 2.051562500 2.206250000
v 3.008832048 2.034375000 2.206250000
v 3.008832048 2.034375000 2.212500000
v 3.116167952 2.034375000 2.212500000
v 3.116167952 2.034375000 2.206250000
v 3.116167952 2.051562500 2.206250000
v 3.116167952 2.051562500 2.212500000
v 1.196332048 2.551562500 2.150000000
v 1.196332048 2.551562500 2.143750000
v 1.196332048 2.534375000 2.143750000
v 1.196332048 2.534375000 2.150000000
v 1.303667952 2.534375000 2.150000000
v 1.303667952 2.534375000 2.143750000
v 1.303667952 2.551562500 2.143750000
v 1.303667952 2.551562500 2.150000000
v 1.966716549 1.756250000 2.337500000
v 1.966716549 1.756250000 2.331250000
v 1.966716549 1.739062500 2.331250000
v 1.966716549 1.739062500 2.337500000
v 2.033283451 1.739062500 2.337500000
v 2.033283451 1.739062500 2.331250000
v 2.033283451 1.756250000 2.331250000
v 2.033283451 1.756250000 2.337500000
v 3.029216549 2.068750000 2.212500000
v 3.029216549 2.068750000 2.206250000
v 3.029216549 2.051562500 2.206250000
v 3.029216549 2.051562500 2.212500000
v 3.095783451 2.051562500 2.212500000
v 3.095783451 2.051562500 2.206250000
v 3.095783451 2.068750000 2.206250000
v 3.095783451 2.068750000 2.212500000
v 1.216716549 2.568750000 2.150000000
v 1.216716549 2.568750000 2.143750000
v 1.216716549 2.551562500 2.143750000
v 1.216716549 2.551562500 2.150000000
v 1.283283451 2.551562500 2.150000000
v 1.283283451 2.551562500 2.143750000
v 1.283283451 2.568750000 2.143750000
v 1.283283451 2.568750000 2.150000000
vt 0 0
vt 1 0
vt 1 1
vt 0 1
vn -1.000000000 -0.000000000 0.000000000
vn -0.978147601 -0.207911691 -0.000000000
vn -0.965925826 -0.258819045 -0.000000000
vn -0.866025404 -0.500000000 -0.000000000
vn -0.500000000 0.866025404 0.000000000
vn -0.258819045 0.965925826 0.000000000
vn -0.207911691 0.978147601 0.000000000
vn 0.000000000 -1.000000000 -0.000000000
vn -0.000000000 -0.000000000 -1.000000000
vn 0.000000000 0.000000000 1.000000000
vn -0.000000000 1.000000000 0.000000000
vn 0.207911691 -0.978147601 -0.000000000
vn 0.258819045 -0.965925826 -0.000000000
vn 0.500000000 -0.866025404 -0.000000000
vn 0.866025404 0.500000000 0.000000000
vn 0.965925826 0.258819045 0.000000000
vn 0.978147601 0.207911691 0.000000000
vn 1.000000000 0.000000000 -0.000000000
usemtl step_color_000
f 1/1/1 2/2/1 3/3/1 4/4/1
f 5/1/18 6/2/18 7/3/18 8/4/18
f 4/1/8 5/2/8 8/3/8 1/4/8
f 2/1/11 7/2/11 6/3/11 3/4/11
f 3/1/9 6/2/9 5/3/9 4/4/9
f 1/1/10 8/2/10 7/3/10 2/4/10
f 9/1/1 10/2/1 11/3/1 12/4/1
f 13/1/18 14/2/18 15/3/18 16/4/18
f 12/1/8 13/2/8 16/3/8 9/4/8
f 10/1/11 15/2/11 14/3/11 11/4/11
f 11/1/9 14/2/9 13/3/9 12/4/9
f 9/1/10 16/2/10 15/3/10 10/4/10
usemtl step_color_001
f 17/1/4 18/2/4 19/3/4 20/4/4
f 21/1/15 22/2/15 23/3/15 24/4/15
f 21/1/14 20/2/14 19/3/14 22/4/14
f 23/1/5 18/2/5 17/3/5 24/4/5
f 23/1/9 22/2/9 19/3/9 18/4/9
f 17/1/10 20/2/10 21/3/10 24/4/10
f 25/1/4 26/2/4 27/3/4 28/4/4
f 29/1/15 30/2/15 31/3/15 32/4/15
f 29/1/14 28/2/14 27/3/14 30/4/14
f 31/1/5 26/2/5 25/3/5 32/4/5
f 31/1/9 30/2/9 27/3/9 26/4/9
f 25/1/10 28/2/10 29/3/10 32/4/10
f 33/1/4 34/2/4 35/3/4 36/4/4
f 37/1/15 38/2/15 39/3/15 40/4/15
f 37/1/14 36/2/14 35/3/14 38/4/14
f 39/1/5 34/2/5 33/3/5 40/4/5
f 39/1/9 38/2/9 35/3/9 34/4/9
f 33/1/10 36/2/10 37/3/10 40/4/10
f 41/1/1 42/2/1 43/3/1 44/4/1
f 45/1/18 46/2/18 47/3/18 48/4/18
f 45/1/8 44/2/8 43/3/8 46/4/8
f 47/1/11 42/2/11 41/3/11 48/4/11
f 47/1/9 46/2/9 43/3/9 42/4/9
f 41/1/10 44/2/10 45/3/10 48/4/10
f 49/1/1 50/2/1 51/3/1 52/4/1
f 53/1/18 54/2/18 55/3/18 56/4/18
f 53/1/8 52/2/8 51/3/8 54/4/8
f 55/1/11 50/2/11 49/3/11 56/4/11
f 55/1/9 54/2/9 51/3/9 50/4/9
f 49/1/10 52/2/10 53/3/10 56/4/10
f 57/1/1 58/2/1 59/3/1 60/4/1
f 61/1/18 62/2/18 63/3/18 64/4/18
f 61/1/8 60/2/8 59/3/8 62/4/8
f 63/1/11 58/2/11 57/3/11 64/4/11
f 63/1/9 62/2/9 59/3/9 58/4/9
f 57/1/10 60/2/10 61/3/10 64/4/10
f 65/1/1 66/2/1 67/3/1 68/4/1
f 69/1/18 70/2/18 71/3/18 72/4/18
f 69/1/8 68/2/8 67/3/8 70/4/8
f 71/1/11 66/2/11 65/3/11 72/4/11
f 71/1/9 70/2/9 67/3/9 66/4/9
f 65/1/10 68/2/10 69/3/10 72/4/10
f 73/1/1 65/2/1 68/3/1 74/4/1
f 75/1/18 69/2/18 72/3/18 76/4/18
f 75/1/8 74/2/8 68/3/8 69/4/8
f 72/1/11 65/2/11 73/3/11 76/4/11
f 72/1/9 69/2/9 68/3/9 65/4/9
f 73/1/10 74/2/10 75/3/10 76/4/10
f 77/1/1 78/2/1 79/3/1 80/4/1
f 81/1/18 82/2/18 83/3/18 84/4/18
f 81/1/8 80/2/8 79/3/8 82/4/8
f 83/1/11 78/2/11 77/3/11 84/4/11
f 83/1/9 82/2/9 79/3/9 78/4/9
f 77/1/10 80/2/10 81/3/10 84/4/10
f 85/1/1 86/2/1 87/3/1 88/4/1
f 89/1/18 90/2/18 91/3/18 92/4/18
f 89/1/8 88/2/8 87/3/8 90/4/8
f 91/1/11 86/2/11 85/3/11 92/4/11
f 91/1/9 90/2/9 87/3/9 86/4/9
f 85/1/10 88/2/10 89/3/10 92/4/10
f 93/1/1 94/2/1 95/3/1 96/4/1
f 97/1/18 98/2/18 99/3/18 100/4/18
f 97/1/8 96/2/8 95/3/8 98/4/8
f 99/1/11 94/2/11 93/3/11 100/4/11
f 99/1/9 98/2/9 95/3/9 94/4/9
f 93/1/10 96/2/10 97/3/10 100/4/10
usemtl step_color_002
f 101/1/1 102/2/1 103/3/1 104/4/1
f 105/1/18 106/2/18 107/3/18 108/4/18
f 105/1/8 104/2/8 103/3/8 106/4/8
f 107/1/11 102/2/11 101/3/11 108/4/11
f 107/1/9 106/2/9 103/3/9 102/4/9
f 101/1/10 104/2/10 105/3/10 108/4/10
f 109/1/1 110/2/1 111/3/1 112/4/1
f 113/1/18 114/2/18 115/3/18 116/4/18
f 113/1/8 112/2/8 111/3/8 114/4/8
f 115/1/11 110/2/11 109/3/11 116/4/11
f 115/1/9 114/2/9 111/3/9 110/4/9
f 109/1/10 112/2/10 113/3/10 116/4/10
f 117/1/1 118/2/1 119/3/1 120/4/1
f 121/1/18 122/2/18 123/3/18 124/4/18
f 121/1/8 120/2/8 119/3/8 122/4/8
f 123/1/11 118/2/11 117/3/11 124/4/11
f 123/1/9 122/2/9 119/3/9 118/4/9
f 117/1/10 120/2/10 121/3/10 124/4/10
f 125/1/1 126/2/1 127/3/1 128/4/1
f 129/1/18 130/2/18 131/3/18 132/4/18
f 129/1/8 128/2/8 127/3/8 130/4/8
f 131/1/11 126/2/11 125/3/11 132/4/11
f 131/1/9 130/2/9 127/3/9 126/4/9
f 125/1/10 128/2/10 129/3/10 132/4/10
f 133/1/1 134/2/1 135/3/1 136/4/1
f 137/1/18 138/2/18 139/3/18 140/4/18
f 137/1/8 136/2/8 135/3/8 138/4/8
f 139/1/11 134/2/11 133/3/11 140/4/11
f 139/1/9 138/2/9 135/3/9 134/4/9
f 133/1/10 136/2/10 137/3/10 140/4/10
f 141/1/1 142/2/1 143/3/1 144/4/1
f 145/1/18 146/2/18 147/3/18 148/4/18
f 145/1/8 144/2/8 143/3/8 146/4/8
f 147/1/11 142/2/11 141/3/11 148/4/11
f 147/1/9 146/2/9 143/3/9 142/4/9
f 141/1/10 144/2/10 145/3/10 148/4/10
f 149/1/1 150/2/1 151/3/1 152/4/1
f 153/1/18 154/2/18 155/3/18 156/4/18
f 153/1/8 152/2/8 151/3/8 154/4/8
f 155/1/11 150/2/11 149/3/11 156/4/11
f 155/1/9 154/2/9 151/3/9 150/4/9
f 149/1/10 152/2/10 153/3/10 156/4/10
f 157/1/1 158/2/1 159/3/1 160/4/1
f 161/1/18 162/2/18 163/3/18 164/4/18
f 161/1/8 160/2/8 159/3/8 162/4/8
f 163/1/11 158/2/11 157/3/11 164/4/11
f 163/1/9 162/2/9 159/3/9 158/4/9
f 157/1/10 160/2/10 161/3/10 164/4/10
f 165/1/1 166/2/1 167/3/1 168/4/1
f 169/1/18 170/2/18 171/3/18 172/4/18
f 169/1/8 168/2/8 167/3/8 170/4/8
f 171/1/11 166/2/11 165/3/11 172/4/11
f 171/1/9 170/2/9 167/3/9 166/4/9
f 165/1/10 168/2/10 169/3/10 172/4/10
f 173/1/1 174/2/1 175/3/1 176/4/1
f 177/1/18 178/2/18 179/3/18 180/4/18
f 177/1/8 176/2/8 175/3/8 178/4/8
f 179/1/11 174/2/11 173/3/11 180/4/11
f 179/1/9 178/2/9 175/3/9 174/4/9
f 173/1/10 176/2/10 177/3/10 180/4/10
f 181/1/1 182/2/1 183/3/1 184/4/1
f 185/1/18 186/2/18 187/3/18 188/4/18
f 185/1/8 184/2/8 183/3/8 186/4/8
f 187/1/11 182/2/11 181/3/11 188/4/11
f 187/1/9 186/2/9 183/3/9 182/4/9
f 181/1/10 184/2/10 185/3/10 188/4/10
f 189/1/1 190/2/1 191/3/1 192/4/1
f 193/1/18 194/2/18 195/3/18 196/4/18
f 193/1/8 192/2/8 191/3/8 194/4/8
f 195/1/11 190/2/11 189/3/11 196/4/11
f 195/1/9 194/2/9 191/3/9 190/4/9
f 189/1/10 192/2/10 193/3/10 196/4/10
f 197/1/1 198/2/1 199/3/1 200/4/1
f 201/1/18 202/2/18 203/3/18 204/4/18
f 201/1/8 200/2/8 199/3/8 202/4/8
f 203/1/11 198/2/11 197/3/11 204/4/11
f 203/1/9 202/2/9 199/3/9 198/4/9
f 197/1/10 200/2/10 201/3/10 204/4/10
f 205/1/1 206/2/1 207/3/1 208/4/1
f 209/1/18 210/2/18 211/3/18 212/4/18
f 209/1/8 208/2/8 207/3/8 210/4/8
f 211/1/11 206/2/11 205/3/11 212/4/11
f 211/1/9 210/2/9 207/3/9 206/4/9
f 205/1/10 208/2/10 209/3/10 212/4/10
f 213/1/1 205/2/1 208/3/1 214/4/1
f 215/1/18 209/2/18 212/3/18 216/4/18
f 215/1/8 214/2/8 208/3/8 209/4/8
f 212/1/11 205/2/11 213/3/11 216/4/11
f 212/1/9 209/2/9 208/3/9 205/4/9
f 213/1/10 214/2/10 215/3/10 216/4/10
f 217/1/1 218/2/1 219/3/1 220/4/1
f 221/1/18 222/2/18 223/3/18 224/4/18
f 221/1/8 220/2/8 219/3/8 222/4/8
f 223/1/11 218/2/11 217/3/11 224/4/11
f 223/1/9 222/2/9 219/3/9 218/4/9
f 217/1/10 220/2/10 221/3/10 224/4/10
f 225/1/1 226/2/1 227/3/1 228/4/1
f 229/1/18 230/2/18 231/3/18 232/4/18
f 229/1/8 228/2/8 227/3/8 230/4/8
f 231/1/11 226/2/11 225/3/11 232/4/11
f 231/1/9 230/2/9 227/3/9 226/4/9
f 225/1/10 228/2/10 229/3/10 232/4/10
f 233/1/1 234/2/1 235/3/1 236/4/1
f 237/1/18 238/2/18 239/3/18 240/4/18
f 237/1/8 236/2/8 235/3/8 238/4/8
f 239/1/11 234/2/11 233/3/11 240/4/11
f 239/1/9 238/2/9 235/3/9 234/4/9
f 233/1/10 236/2/10 237/3/10 240/4/10
f 241/1/1 242/2/1 243/3/1 244/4/1
f 245/1/18 246/2/18 247/3/18 248/4/18
f 245/1/8 244/2/8 243/3/8 246/4/8
f 247/1/11 242/2/11 241/3/11 248/4/11
f 247/1/9 246/2/9 243/3/9 242/4/9
f 241/1/10 244/2/10 245/3/10 248/4/10
f 249/1/1 250/2/1 251/3/1 252/4/1
f 253/1/18 254/2/18 255/3/18 256/4/18
f 253/1/8 252/2/8 251/3/8 254/4/8
f 255/1/11 250/2/11 249/3/11 256/4/11
f 255/1/9 254/2/9 251/3/9 250/4/9
f 249/1/10 252/2/10 253/3/10 256/4/10
f 257/1/1 258/2/1 259/3/1 260/4/1
f 261/1/18 262/2/18 263/3/18 264/4/18
f 261/1/8 260/2/8 259/3/8 262/4/8
f 263/1/11 258/2/11 257/3/11 264/4/11
f 263/1/9 262/2/9 259/3/9 258/4/9
f 257/1/10 260/2/10 261/3/10 264/4/10
f 265/1/1 266/2/1 267/3/1 268/4/1
f 269/1/18 270/2/18 271/3/18 272/4/18
f 269/1/8 268/2/8 267/3/8 270/4/8
f 271/1/11 266/2/11 265/3/11 272/4/11
f 271/1/9 270/2/9 267/3/9 266/4/9
f 265/1/10 268/2/10 269/3/10 272/4/10
f 273/1/1 274/2/1 275/3/1 276/4/1
f 277/1/18 278/2/18 279/3/18 280/4/18
f 277/1/8 276/2/8 275/3/8 278/4/8
f 279/1/11 274/2/11 273/3/11 280/4/11
f 279/1/9 278/2/9 275/3/9 274/4/9
f 273/1/10 276/2/10 277/3/10 280/4/10
f 281/1/1 282/2/1 283/3/1 284/4/1
f 285/1/18 286/2/18 287/3/18 288/4/18
f 285/1/8 284/2/8 283/3/8 286/4/8
f 287/1/11 282/2/11 281/3/11 288/4/11
f 287/1/9 286/2/9 283/3/9 282/4/9
f 281/1/10 284/2/10 285/3/10 288/4/10
f 289/1/1 290/2/1 291/3/1 292/4/1
f 293/1/18 294/2/18 295/3/18 296/4/18
f 293/1/8 292/2/8 291/3/8 294/4/8
f 295/1/11 290/2/11 289/3/11 296/4/11
f 295/1/9 294/2/9 291/3/9 290/4/9
f 289/1/10 292/2/10 293/3/10 296/4/10
f 297/1/1 298/2/1 299/3/1 300/4/1
f 301/1/18 302/2/18 303/3/18 304/4/18
f 301/1/8 300/2/8 299/3/8 302/4/8
f 303/1/11 298/2/11 297/3/11 304/4/11
f 303/1/9 302/2/9 299/3/9 298/4/9
f 297/1/10 300/2/10 301/3/10 304/4/10
f 305/1/1 306/2/1 307/3/1 308/4/1
f 309/1/18 310/2/18 311/3/18 312/4/18
f 309/1/8 308/2/8 307/3/8 310/4/8
f 311/1/11 306/2/11 305/3/11 312/4/11
f 311/1/9 310/2/9 307/3/9 306/4/9
f 305/1/10 308/2/10 309/3/10 312/4/10
f 313/1/1 314/2/1 315/3/1 316/4/1
f 317/1/18 318/2/18 319/3/18 320/4/18
f 317/1/8 316/2/8 315/3/8 318/4/8
f 319/1/11 314/2/11 313/3/11 320/4/11
f 319/1/9 318/2/9 315/3/9 314/4/9
f 313/1/10 316/2/10 317/3/10 320/4/10
f 321/1/1 322/2/1 323/3/1 324/4/1
f 325/1/18 326/2/18 327/3/18 328/4/18
f 325/1/8 324/2/8 323/3/8 326/4/8
f 327/1/11 322/2/11 321/3/11 328/4/11
f 327/1/9 326/2/9 323/3/9 322/4/9
f 321/1/10 324/2/10 325/3/10 328/4/10
f 329/1/1 330/2/1 331/3/1 332/4/1
f 333/1/18 334/2/18 335/3/18 336/4/18
f 333/1/8 332/2/8 331/3/8 334/4/8
f 335/1/11 330/2/11 329/3/11 336/4/11
f 335/1/9 334/2/9 331/3/9 330/4/9
f 329/1/10 332/2/10 333/3/10 336/4/10
f 337/1/1 338/2/1 339/3/1 340/4/1
f 341/1/18 342/2/18 343/3/18 344/4/18
f 341/1/8 340/2/8 339/3/8 342/4/8
f 343/1/11 338/2/11 337/3/11 344/4/11
f 343/1/9 342/2/9 339/3/9 338/4/9
f 337/1/10 340/2/10 341/3/10 344/4/10
f 345/1/1 346/2/1 347/3/1 348/4/1
f 349/1/18 350/2/18 351/3/18 352/4/18
f 349/1/8 348/2/8 347/3/8 350/4/8
f 351/1/11 346/2/11 345/3/11 352/4/11
f 351/1/9 350/2/9 347/3/9 346/4/9
f 345/1/10 348/2/10 349/3/10 352/4/10
f 353/1/1 354/2/1 355/3/1 356/4/1
f 357/1/18 358/2/18 359/3/18 360/4/18
f 357/1/8 356/2/8 355/3/8 358/4/8
f 359/1/11 354/2/11 353/3/11 360/4/11
f 359/1/9 358/2/9 355/3/9 354/4/9
f 353/1/10 356/2/10 357/3/10 360/4/10
f 361/1/1 362/2/1 363/3/1 364/4/1
f 365/1/18 366/2/18 367/3/18 368/4/18
f 365/1/8 364/2/8 363/3/8 366/4/8
f 367/1/11 362/2/11 361/3/11 368/4/11
f 367/1/9 366/2/9 363/3/9 362/4/9
f 361/1/10 364/2/10 365/3/10 368/4/10
f 369/1/1 361/2/1 364/3/1 370/4/1
f 371/1/18 365/2/18 368/3/18 372/4/18
f 371/1/8 370/2/8 364/3/8 365/4/8
f 368/1/11 361/2/11 369/3/11 372/4/11
f 368/1/9 365/2/9 364/3/9 361/4/9
f 369/1/10 370/2/10 371/3/10 372/4/10
f 373/1/1 374/2/1 375/3/1 376/4/1
f 377/1/18 378/2/18 379/3/18 380/4/18
f 377/1/8 376/2/8 375/3/8 378/4/8
f 379/1/11 374/2/11 373/3/11 380/4/11
f 379/1/9 378/2/9 375/3/9 374/4/9
f 373/1/10 376/2/10 377/3/10 380/4/10
f 381/1/1 382/2/1 383/3/1 384/4/1
f 385/1/18 386/2/18 387/3/18 388/4/18
f 385/1/8 384/2/8 383/3/8 386/4/8
f 387/1/11 382/2/11 381/3/11 388/4/11
f 387/1/9 386/2/9 383/3/9 382/4/9
f 381/1/10 384/2/10 385/3/10 388/4/10
f 389/1/1 390/2/1 391/3/1 392/4/1
f 393/1/18 394/2/18 395/3/18 396/4/18
f 393/1/8 392/2/8 391/3/8 394/4/8
f 395/1/11 390/2/11 389/3/11 396/4/11
f 395/1/9 394/2/9 391/3/9 390/4/9
f 389/1/10 392/2/10 393/3/10 396/4/10
f 397/1/1 398/2/1 399/3/1 400/4/1
f 401/1/18 402/2/18 403/3/18 404/4/18
f 401/1/8 400/2/8 399/3/8 402/4/8
f 403/1/11 398/2/11 397/3/11 404/4/11
f 403/1/9 402/2/9 399/3/9 398/4/9
f 397/1/10 400/2/10 401/3/10 404/4/10
f 405/1/1 406/2/1 407/3/1 408/4/1
f 409/1/18 410/2/18 411/3/18 412/4/18
f 409/1/8 408/2/8 407/3/8 410/4/8
f 411/1/11 406/2/11 405/3/11 412/4/11
f 411/1/9 410/2/9 407/3/9 406/4/9
f 405/1/10 408/2/10 409/3/10 412/4/10
f 413/1/1 414/2/1 415/3/1 416/4/1
f 417/1/18 418/2/18 419/3/18 420/4/18
f 417/1/8 416/2/8 415/3/8 418/4/8
f 419/1/11 414/2/11 413/3/11 420/4/11
f 419/1/9 418/2/9 415/3/9 414/4/9
f 413/1/10 416/2/10 417/3/10 420/4/10
f 421/1/1 422/2/1 423/3/1 424/4/1
f 425/1/18 426/2/18 427/3/18 428/4/18
f 425/1/8 424/2/8 423/3/8 426/4/8
f 427/1/11 422/2/11 421/3/11 428/4/11
f 427/1/9 426/2/9 423/3/9 422/4/9
f 421/1/10 424/2/10 425/3/10 428/4/10
f 429/1/1 430/2/1 431/3/1 432/4/1
f 433/1/18 434/2/18 435/3/18 436/4/18
f 433/1/8 432/2/8 431/3/8 434/4/8
f 435/1/11 430/2/11 429/3/11 436/4/11
f 435/1/9 434/2/9 431/3/9 430/4/9
f 429/1/10 432/2/10 433/3/10 436/4/10
usemtl step_color_003
f 437/1/1 438/2/1 439/3/1 440/4/1
f 441/1/18 442/2/18 443/3/18 444/4/18
f 441/1/8 440/2/8 439/3/8 442/4/8
f 443/1/11 438/2/11 437/3/11 444/4/11
f 443/1/9 442/2/9 439/3/9 438/4/9
f 437/1/10 440/2/10 441/3/10 444/4/10
f 445/1/1 446/2/1 447/3/1 448/4/1
f 449/1/18 450/2/18 451/3/18 452/4/18
f 449/1/8 448/2/8 447/3/8 450/4/8
f 451/1/11 446/2/11 445/3/11 452/4/11
f 451/1/9 450/2/9 447/3/9 446/4/9
f 445/1/10 448/2/10 449/3/10 452/4/10
f 453/1/1 454/2/1 455/3/1 456/4/1
f 457/1/18 458/2/18 459/3/18 460/4/18
f 457/1/8 456/2/8 455/3/8 458/4/8
f 459/1/11 454/2/11 453/3/11 460/4/11
f 459/1/9 458/2/9 455/3/9 454/4/9
f 453/1/10 456/2/10 457/3/10 460/4/10
f 461/1/1 462/2/1 463/3/1 464/4/1
f 465/1/18 466/2/18 467/3/18 468/4/18
f 465/1/8 464/2/8 463/3/8 466/4/8
f 467/1/11 462/2/11 461/3/11 468/4/11
f 467/1/9 466/2/9 463/3/9 462/4/9
f 461/1/10 464/2/10 465/3/10 468/4/10
f 469/1/1 470/2/1 471/3/1 472/4/1
f 473/1/18 474/2/18 475/3/18 476/4/18
f 473/1/8 472/2/8 471/3/8 474/4/8
f 475/1/11 470/2/11 469/3/11 476/4/11
f 475/1/9 474/2/9 471/3/9 470/4/9
f 469/1/10 472/2/10 473/3/10 476/4/10
f 477/1/1 478/2/1 479/3/1 480/4/1
f 481/1/18 482/2/18 483/3/18 484/4/18
f 481/1/8 480/2/8 479/3/8 482/4/8
f 483/1/11 478/2/11 477/3/11 484/4/11
f 483/1/9 482/2/9 479/3/9 478/4/9
f 477/1/10 480/2/10 481/3/10 484/4/10
f 485/1/1 486/2/1 487/3/1 488/4/1
f 489/1/18 490/2/18 491/3/18 492/4/18
f 489/1/8 488/2/8 487/3/8 490/4/8
f 491/1/11 486/2/11 485/3/11 492/4/11
f 491/1/9 490/2/9 487/3/9 486/4/9
f 485/1/10 488/2/10 489/3/10 492/4/10
f 493/1/1 494/2/1 495/3/1 496/4/1
f 497/1/18 498/2/18 499/3/18 500/4/18
f 497/1/8 496/2/8 495/3/8 498/4/8
f 499/1/11 494/2/11 493/3/11 500/4/11
f 499/1/9 498/2/9 495/3/9 494/4/9
f 493/1/10 496/2/10 497/3/10 500/4/10
f 501/1/1 502/2/1 503/3/1 504/4/1
f 505/1/18 506/2/18 507/3/18 508/4/18
f 505/1/8 504/2/8 503/3/8 506/4/8
f 507/1/11 502/2/11 501/3/11 508/4/11
f 507/1/9 506/2/9 503/3/9 502/4/9
f 501/1/10 504/2/10 505/3/10 508/4/10
f 509/1/1 510/2/1 511/3/1 512/4/1
f 513/1/18 514/2/18 515/3/18 516/4/18
f 513/1/8 512/2/8 511/3/8 514/4/8
f 515/1/11 510/2/11 509/3/11 516/4/11
f 515/1/9 514/2/9 511/3/9 510/4/9
f 509/1/10 512/2/10 513/3/10 516/4/10
f 517/1/1 518/2/1 519/3/1 520/4/1
f 521/1/18 522/2/18 523/3/18 524/4/18
f 521/1/8 520/2/8 519/3/8 522/4/8
f 523/1/11 518/2/11 517/3/11 524/4/11
f 523/1/9 522/2/9 519/3/9 518/4/9
f 517/1/10 520/2/10 521/3/10 524/4/10
f 525/1/1 526/2/1 527/3/1 528/4/1
f 529/1/18 530/2/18 531/3/18 532/4/18
f 529/1/8 528/2/8 527/3/8 530/4/8
f 531/1/11 526/2/11 525/3/11 532/4/11
f 531/1/9 530/2/9 527/3/9 526/4/9
f 525/1/10 528/2/10 529/3/10 532/4/10
f 533/1/1 534/2/1 535/3/1 536/4/1
f 537/1/18 538/2/18 539/3/18 540/4/18
f 537/1/8 536/2/8 535/3/8 538/4/8
f 539/1/11 534/2/11 533/3/11 540/4/11
f 539/1/9 538/2/9 535/3/9 534/4/9
f 533/1/10 536/2/10 537/3/10 540/4/10
f 541/1/1 542/2/1 543/3/1 544/4/1
f 545/1/18 546/2/18 547/3/18 548/4/18
f 545/1/8 544/2/8 543/3/8 546/4/8
f 547/1/11 542/2/11 541/3/11 548/4/11
f 547/1/9 546/2/9 543/3/9 542/4/9
f 541/1/10 544/2/10 545/3/10 548/4/10
f 549/1/1 550/2/1 551/3/1 552/4/1
f 553/1/18 554/2/18 555/3/18 556/4/18
f 553/1/8 552/2/8 551/3/8 554/4/8
f 555/1/11 550/2/11 549/3/11 556/4/11
f 555/1/9 554/2/9 551/3/9 550/4/9
f 549/1/10 552/2/10 553/3/10 556/4/10
f 557/1/1 558/2/1 559/3/1 560/4/1
f 561/1/18 562/2/18 563/3/18 564/4/18
f 561/1/8 560/2/8 559/3/8 562/4/8
f 563/1/11 558/2/11 557/3/11 564/4/11
f 563/1/9 562/2/9 559/3/9 558/4/9
f 557/1/10 560/2/10 561/3/10 564/4/10
f 565/1/1 566/2/1 567/3/1 568/4/1
f 569/1/18 570/2/18 571/3/18 572/4/18
f 569/1/8 568/2/8 567/3/8 570/4/8
f 571/1/11 566/2/11 565/3/11 572/4/11
f 571/1/9 570/2/9 567/3/9 566/4/9
f 565/1/10 568/2/10 569/3/10 572/4/10
f 573/1/1 574/2/1 575/3/1 576/4/1
f 577/1/18 578/2/18 579/3/18 580/4/18
f 577/1/8 576/2/8 575/3/8 578/4/8
f 579/1/11 574/2/11 573/3/11 580/4/11
f 579/1/9 578/2/9 575/3/9 574/4/9
f 573/1/10 576/2/10 577/3/10 580/4/10
f 581/1/1 582/2/1 583/3/1 584/4/1
f 585/1/18 586/2/18 587/3/18 588/4/18
f 585/1/8 584/2/8 583/3/8 586/4/8
f 587/1/11 582/2/11 581/3/11 588/4/11
f 587/1/9 586/2/9 583/3/9 582/4/9
f 581/1/10 584/2/10 585/3/10 588/4/10
f 589/1/1 590/2/1 591/3/1 592/4/1
f 593/1/18 594/2/18 595/3/18 596/4/18
f 593/1/8 592/2/8 591/3/8 594/4/8
f 595/1/11 590/2/11 589/3/11 596/4/11
f 595/1/9 594/2/9 591/3/9 590/4/9
f 589/1/10 592/2/10 593/3/10 596/4/10
f 597/1/1 598/2/1 599/3/1 600/4/1
f 601/1/18 602/2/18 603/3/18 604/4/18
f 601/1/8 600/2/8 599/3/8 602/4/8
f 603/1/11 598/2/11 597/3/11 604/4/11
f 603/1/9 602/2/9 599/3/9 598/4/9
f 597/1/10 600/2/10 601/3/10 604/4/10
f 605/1/1 606/2/1 607/3/1 608/4/1
f 609/1/18 610/2/18 611/3/18 612/4/18
f 609/1/8 608/2/8 607/3/8 610/4/8
f 611/1/11 606/2/11 605/3/11 612/4/11
f 611/1/9 610/2/9 607/3/9 606/4/9
f 605/1/10 608/2/10 609/3/10 612/4/10
f 613/1/1 614/2/1 615/3/1 616/4/1
f 617/1/18 618/2/18 619/3/18 620/4/18
f 617/1/8 616/2/8 615/3/8 618/4/8
f 619/1/11 614/2/11 613/3/11 620/4/11
f 619/1/9 618/2/9 615/3/9 614/4/9
f 613/1/10 616/2/10 617/3/10 620/4/10
f 621/1/1 622/2/1 623/3/1 624/4/1
f 625/1/18 626/2/18 627/3/18 628/4/18
f 625/1/8 624/2/8 623/3/8 626/4/8
f 627/1/11 622/2/11 621/3/11 628/4/11
f 627/1/9 626/2/9 623/3/9 622/4/9
f 621/1/10 624/2/10 625/3/10 628/4/10
f 629/1/1 630/2/1 631/3/1 632/4/1
f 633/1/18 634/2/18 635/3/18 636/4/18
f 633/1/8 632/2/8 631/3/8 634/4/8
f 635/1/11 630/2/11 629/3/11 636/4/11
f 635/1/9 634/2/9 631/3/9 630/4/9
f 629/1/10 632/2/10 633/3/10 636/4/10
f 637/1/1 638/2/1 639/3/1 640/4/1
f 641/1/18 642/2/18 643/3/18 644/4/18
f 641/1/8 640/2/8 639/3/8 642/4/8
f 643/1/11 638/2/11 637/3/11 644/4/11
f 643/1/9 642/2/9 639/3/9 638/4/9
f 637/1/10 640/2/10 641/3/10 644/4/10
f 645/1/1 646/2/1 647/3/1 648/4/1
f 649/1/18 650/2/18 651/3/18 652/4/18
f 649/1/8 648/2/8 647/3/8 650/4/8
f 651/1/11 646/2/11 645/3/11 652/4/11
f 651/1/9 650/2/9 647/3/9 646/4/9
f 645/1/10 648/2/10 649/3/10 652/4/10
f 653/1/1 654/2/1 655/3/1 656/4/1
f 657/1/18 658/2/18 659/3/18 660/4/18
f 657/1/8 656/2/8 655/3/8 658/4/8
f 659/1/11 654/2/11 653/3/11 660/4/11
f 659/1/9 658/2/9 655/3/9 654/4/9
f 653/1/10 656/2/10 657/3/10 660/4/10
f 661/1/1 662/2/1 663/3/1 664/4/1
f 665/1/18 666/2/18 667/3/18 668/4/18
f 665/1/8 664/2/8 663/3/8 666/4/8
f 667/1/11 662/2/11 661/3/11 668/4/11
f 667/1/9 666/2/9 663/3/9 662/4/9
f 661/1/10 664/2/10 665/3/10 668/4/10
f 669/1/1 670/2/1 671/3/1 672/4/1
f 673/1/18 674/2/18 675/3/18 676/4/18
f 673/1/8 672/2/8 671/3/8 674/4/8
f 675/1/11 670/2/11 669/3/11 676/4/11
f 675/1/9 674/2/9 671/3/9 670/4/9
f 669/1/10 672/2/10 673/3/10 676/4/10
f 677/1/1 678/2/1 679/3/1 680/4/1
f 681/1/18 682/2/18 683/3/18 684/4/18
f 681/1/8 680/2/8 679/3/8 682/4/8
f 683/1/11 678/2/11 677/3/11 684/4/11
f 683/1/9 682/2/9 679/3/9 678/4/9
f 677/1/10 680/2/10 681/3/10 684/4/10
f 685/1/1 686/2/1 687/3/1 688/4/1
f 689/1/18 690/2/18 691/3/18 692/4/18
f 689/1/8 688/2/8 687/3/8 690/4/8
f 691/1/11 686/2/11 685/3/11 692/4/11
f 691/1/9 690/2/9 687/3/9 686/4/9
f 685/1/10 688/2/10 689/3/10 692/4/10
f 693/1/1 694/2/1 695/3/1 696/4/1
f 697/1/18 698/2/18 699/3/18 700/4/18
f 697/1/8 696/2/8 695/3/8 698/4/8
f 699/1/11 694/2/11 693/3/11 700/4/11
f 699/1/9 698/2/9 695/3/9 694/4/9
f 693/1/10 696/2/10 697/3/10 700/4/10
f 701/1/1 702/2/1 703/3/1 704/4/1
f 705/1/18 706/2/18 707/3/18 708/4/18
f 705/1/8 704/2/8 703/3/8 706/4/8
f 707/1/11 702/2/11 701/3/11 708/4/11
f 707/1/9 706/2/9 703/3/9 702/4/9
f 701/1/10 704/2/10 705/3/10 708/4/10
f 709/1/1 710/2/1 711/3/1 712/4/1
f 713/1/18 714/2/18 715/3/18 716/4/18
f 713/1/8 712/2/8 711/3/8 714/4/8
f 715/1/11 710/2/11 709/3/11 716/4/11
f 715/1/9 714/2/9 711/3/9 710/4/9
f 709/1/10 712/2/10 713/3/10 716/4/10
f 717/1/1 718/2/1 719/3/1 720/4/1
f 721/1/18 722/2/18 723/3/18 724/4/18
f 721/1/8 720/2/8 719/3/8 722/4/8
f 723/1/11 718/2/11 717/3/11 724/4/11
f 723/1/9 722/2/9 719/3/9 718/4/9
f 717/1/10 720/2/10 721/3/10 724/4/10
f 725/1/1 726/2/1 727/3/1 728/4/1
f 729/1/18 730/2/18 731/3/18 732/4/18
f 729/1/8 728/2/8 727/3/8 730/4/8
f 731/1/11 726/2/11 725/3/11 732/4/11
f 731/1/9 730/2/9 727/3/9 726/4/9
f 725/1/10 728/2/10 729/3/10 732/4/10
f 733/1/1 734/2/1 735/3/1 736/4/1
f 737/1/18 738/2/18 739/3/18 740/4/18
f 737/1/8 736/2/8 735/3/8 738/4/8
f 739/1/11 734/2/11 733/3/11 740/4/11
f 739/1/9 738/2/9 735/3/9 734/4/9
f 733/1/10 736/2/10 737/3/10 740/4/10
f 741/1/1 742/2/1 743/3/1 744/4/1
f 745/1/18 746/2/18 747/3/18 748/4/18
f 745/1/8 744/2/8 743/3/8 746/4/8
f 747/1/11 742/2/11 741/3/11 748/4/11
f 747/1/9 746/2/9 743/3/9 742/4/9
f 741/1/10 744/2/10 745/3/10 748/4/10
f 749/1/1 750/2/1 751/3/1 752/4/1
f 753/1/18 754/2/18 755/3/18 756/4/18
f 753/1/8 752/2/8 751/3/8 754/4/8
f 755/1/11 750/2/11 749/3/11 756/4/11
f 755/1/9 754/2/9 751/3/9 750/4/9
f 749/1/10 752/2/10 753/3/10 756/4/10
f 757/1/1 758/2/1 759/3/1 760/4/1
f 761/1/18 762/2/18 763/3/18 764/4/18
f 761/1/8 760/2/8 759/3/8 762/4/8
f 763/1/11 758/2/11 757/3/11 764/4/11
f 763/1/9 762/2/9 759/3/9 758/4/9
f 757/1/10 760/2/10 761/3/10 764/4/10
f 765/1/1 766/2/1 767/3/1 768/4/1
f 769/1/18 770/2/18 771/3/18 772/4/18
f 769/1/8 768/2/8 767/3/8 770/4/8
f 771/1/11 766/2/11 765/3/11 772/4/11
f 771/1/9 770/2/9 767/3/9 766/4/9
f 765/1/10 768/2/10 769/3/10 772/4/10
f 773/1/1 774/2/1 775/3/1 776/4/1
f 777/1/18 778/2/18 779/3/18 780/4/18
f 777/1/8 776/2/8 775/3/8 778/4/8
f 779/1/11 774/2/11 773/3/11 780/4/11
f 779/1/9 778/2/9 775/3/9 774/4/9
f 773/1/10 776/2/10 777/3/10 780/4/10
f 781/1/1 782/2/1 783/3/1 784/4/1
f 785/1/18 786/2/18 787/3/18 788/4/18
f 785/1/8 784/2/8 783/3/8 786/4/8
f 787/1/11 782/2/11 781/3/11 788/4/11
f 787/1/9 786/2/9 783/3/9 782/4/9
f 781/1/10 784/2/10 785/3/10 788/4/10
f 789/1/1 790/2/1 791/3/1 792/4/1
f 793/1/18 794/2/18 795/3/18 796/4/18
f 793/1/8 792/2/8 791/3/8 794/4/8
f 795/1/11 790/2/11 789/3/11 796/4/11
f 795/1/9 794/2/9 791/3/9 790/4/9
f 789/1/10 792/2/10 793/3/10 796/4/10
f 797/1/1 798/2/1 799/3/1 800/4/1
f 801/1/18 802/2/18 803/3/18 804/4/18
f 801/1/8 800/2/8 799/3/8 802/4/8
f 803/1/11 798/2/11 797/3/11 804/4/11
f 803/1/9 802/2/9 799/3/9 798/4/9
f 797/1/10 800/2/10 801/3/10 804/4/10
f 805/1/1 806/2/1 807/3/1 808/4/1
f 809/1/18 810/2/18 811/3/18 812/4/18
f 809/1/8 808/2/8 807/3/8 810/4/8
f 811/1/11 806/2/11 805/3/11 812/4/11
f 811/1/9 810/2/9 807/3/9 806/4/9
f 805/1/10 808/2/10 809/3/10 812/4/10
f 813/1/1 814/2/1 815/3/1 816/4/1
f 817/1/18 818/2/18 819/3/18 820/4/18
f 817/1/8 816/2/8 815/3/8 818/4/8
f 819/1/11 814/2/11 813/3/11 820/4/11
f 819/1/9 818/2/9 815/3/9 814/4/9
f 813/1/10 816/2/10 817/3/10 820/4/10
f 821/1/1 822/2/1 823/3/1 824/4/1
f 825/1/18 826/2/18 827/3/18 828/4/18
f 825/1/8 824/2/8 823/3/8 826/4/8
f 827/1/11 822/2/11 821/3/11 828/4/11
f 827/1/9 826/2/9 823/3/9 822/4/9
f 821/1/10 824/2/10 825/3/10 828/4/10
f 829/1/1 830/2/1 831/3/1 832/4/1
f 833/1/18 834/2/18 835/3/18 836/4/18
f 833/1/8 832/2/8 831/3/8 834/4/8
f 835/1/11 830/2/11 829/3/11 836/4/11
f 835/1/9 834/2/9 831/3/9 830/4/9
f 829/1/10 832/2/10 833/3/10 836/4/10
f 837/1/1 838/2/1 839/3/1 840/4/1
f 841/1/18 842/2/18 843/3/18 844/4/18
f 841/1/8 840/2/8 839/3/8 842/4/8
f 843/1/11 838/2/11 837/3/11 844/4/11
f 843/1/9 842/2/9 839/3/9 838/4/9
f 837/1/10 840/2/10 841/3/10 844/4/10
f 845/1/1 846/2/1 847/3/1 848/4/1
f 849/1/18 850/2/18 851/3/18 852/4/18
f 849/1/8 848/2/8 847/3/8 850/4/8
f 851/1/11 846/2/11 845/3/11 852/4/11
f 851/1/9 850/2/9 847/3/9 846/4/9
f 845/1/10 848/2/10 849/3/10 852/4/10
f 853/1/1 854/2/1 855/3/1 856/4/1
f 857/1/18 858/2/18 859/3/18 860/4/18
f 857/1/8 856/2/8 855/3/8 858/4/8
f 859/1/11 854/2/11 853/3/11 860/4/11
f 859/1/9 858/2/9 855/3/9 854/4/9
f 853/1/10 856/2/10 857/3/10 860/4/10
f 861/1/1 862/2/1 863/3/1 864/4/1
f 865/1/18 866/2/18 867/3/18 868/4/18
f 865/1/8 864/2/8 863/3/8 866/4/8
f 867/1/11 862/2/11 861/3/11 868/4/11
f 867/1/9 866/2/9 863/3/9 862/4/9
f 861/1/10 864/2/10 865/3/10 868/4/10
f 869/1/1 870/2/1 871/3/1 872/4/1
f 873/1/18 874/2/18 875/3/18 876/4/18
f 873/1/8 872/2/8 871/3/8 874/4/8
f 875/1/11 870/2/11 869/3/11 876/4/11
f 875/1/9 874/2/9 871/3/9 870/4/9
f 869/1/10 872/2/10 873/3/10 876/4/10
f 877/1/1 878/2/1 879/3/1 880/4/1
f 881/1/18 882/2/18 883/3/18 884/4/18
f 881/1/8 880/2/8 879/3/8 882/4/8
f 883/1/11 878/2/11 877/3/11 884/4/11
f 883/1/9 882/2/9 879/3/9 878/4/9
f 877/1/10 880/2/10 881/3/10 884/4/10
f 885/1/1 886/2/1 887/3/1 888/4/1
f 889/1/18 890/2/18 891/3/18 892/4/18
f 889/1/8 888/2/8 887/3/8 890/4/8
f 891/1/11 886/2/11 885/3/11 892/4/11
f 891/1/9 890/2/9 887/3/9 886/4/9
f 885/1/10 888/2/10 889/3/10 892/4/10
f 893/1/1 894/2/1 895/3/1 896/4/1
f 897/1/18 898/2/18 899/3/18 900/4/18
f 897/1/8 896/2/8 895/3/8 898/4/8
f 899/1/11 894/2/11 893/3/11 900/4/11
f 899/1/9 898/2/9 895/3/9 894/4/9
f 893/1/10 896/2/10 897/3/10 900/4/10
f 901/1/1 902/2/1 903/3/1 904/4/1
f 905/1/18 906/2/18 907/3/18 908/4/18
f 905/1/8 904/2/8 903/3/8 906/4/8
f 907/1/11 902/2/11 901/3/11 908/4/11
f 907/1/9 906/2/9 903/3/9 902/4/9
f 901/1/10 904/2/10 905/3/10 908/4/10
f 909/1/1 910/2/1 911/3/1 912/4/1
f 913/1/18 914/2/18 915/3/18 916/4/18
f 913/1/8 912/2/8 911/3/8 914/4/8
f 915/1/11 910/2/11 909/3/11 916/4/11
f 915/1/9 914/2/9 911/3/9 910/4/9
f 909/1/10 912/2/10 913/3/10 916/4/10
f 917/1/1 918/2/1 919/3/1 920/4/1
f 921/1/18 922/2/18 923/3/18 924/4/18
f 921/1/8 920/2/8 919/3/8 922/4/8
f 923/1/11 918/2/11 917/3/11 924/4/11
f 923/1/9 922/2/9 919/3/9 918/4/9
f 917/1/10 920/2/10 921/3/10 924/4/10
f 925/1/1 926/2/1 927/3/1 928/4/1
f 929/1/18 930/2/18 931/3/18 932/4/18
f 929/1/8 928/2/8 927/3/8 930/4/8
f 931/1/11 926/2/11 925/3/11 932/4/11
f 931/1/9 930/2/9 927/3/9 926/4/9
f 925/1/10 928/2/10 929/3/10 932/4/10
f 933/1/1 934/2/1 935/3/1 936/4/1
f 937/1/18 938/2/18 939/3/18 940/4/18
f 937/1/8 936/2/8 935/3/8 938/4/8
f 939/1/11 934/2/11 933/3/11 940/4/11
f 939/1/9 938/2/9 935/3/9 934/4/9
f 933/1/10 936/2/10 937/3/10 940/4/10
f 941/1/1 942/2/1 943/3/1 944/4/1
f 945/1/18 946/2/18 947/3/18 948/4/18
f 945/1/8 944/2/8 943/3/8 946/4/8
f 947/1/11 942/2/11 941/3/11 948/4/11
f 947/1/9 946/2/9 943/3/9 942/4/9
f 941/1/10 944/2/10 945/3/10 948/4/10
f 949/1/1 950/2/1 951/3/1 952/4/1
f 953/1/18 954/2/18 955/3/18 956/4/18
f 953/1/8 952/2/8 951/3/8 954/4/8
f 955/1/11 950/2/11 949/3/11 956/4/11
f 955/1/9 954/2/9 951/3/9 950/4/9
f 949/1/10 952/2/10 953/3/10 956/4/10
f 957/1/1 958/2/1 959/3/1 960/4/1
f 961/1/18 962/2/18 963/3/18 964/4/18
f 961/1/8 960/2/8 959/3/8 962/4/8
f 963/1/11 958/2/11 957/3/11 964/4/11
f 963/1/9 962/2/9 959/3/9 958/4/9
f 957/1/10 960/2/10 961/3/10 964/4/10
f 965/1/1 966/2/1 967/3/1 968/4/1
f 969/1/18 970/2/18 971/3/18 972/4/18
f 969/1/8 968/2/8 967/3/8 970/4/8
f 971/1/11 966/2/11 965/3/11 972/4/11
f 971/1/9 970/2/9 967/3/9 966/4/9
f 965/1/10 968/2/10 969/3/10 972/4/10
f 973/1/1 974/2/1 975/3/1 976/4/1
f 977/1/18 978/2/18 979/3/18 980/4/18
f 977/1/8 976/2/8 975/3/8 978/4/8
f 979/1/11 974/2/11 973/3/11 980/4/11
f 979/1/9 978/2/9 975/3/9 974/4/9
f 973/1/10 976/2/10 977/3/10 980/4/10
f 981/1/1 982/2/1 983/3/1 984/4/1
f 985/1/18 986/2/18 987/3/18 988/4/18
f 985/1/8 984/2/8 983/3/8 986/4/8
f 987/1/11 982/2/11 981/3/11 988/4/11
f 987/1/9 986/2/9 983/3/9 982/4/9
f 981/1/10 984/2/10 985/3/10 988/4/10
f 989/1/1 990/2/1 991/3/1 992/4/1
f 993/1/18 994/2/18 995/3/18 996/4/18
f 993/1/8 992/2/8 991/3/8 994/4/8
f 995/1/11 990/2/11 989/3/11 996/4/11
f 995/1/9 994/2/9 991/3/9 990/4/9
f 989/1/10 992/2/10 993/3/10 996/4/10
f 997/1/1 998/2/1 999/3/1 1000/4/1
f 1001/1/18 1002/2/18 1003/3/18 1004/4/18
f 1001/1/8 1000/2/8 999/3/8 1002/4/8
f 1003/1/11 998/2/11 997/3/11 1004/4/11
f 1003/1/9 1002/2/9 999/3/9 998/4/9
f 997/1/10 1000/2/10 1001/3/10 1004/4/10
f 1005/1/1 1006/2/1 1007/3/1 1008/4/1
f 1009/1/18 1010/2/18 1011/3/18 1012/4/18
f 1009/1/8 1008/2/8 1007/3/8 1010/4/8
f 1011/1/11 1006/2/11 1005/3/11 1012/4/11
f 1011/1/9 1010/2/9 1007/3/9 1006/4/9
f 1005/1/10 1008/2/10 1009/3/10 1012/4/10
f 1013/1/1 1014/2/1 1015/3/1 1016/4/1
f 1017/1/18 1018/2/18 1019/3/18 1020/4/18
f 1017/1/8 1016/2/8 1015/3/8 1018/4/8
f 1019/1/11 1014/2/11 1013/3/11 1020/4/11
f 1019/1/9 1018/2/9 1015/3/9 1014/4/9
f 1013/1/10 1016/2/10 1017/3/10 1020/4/10
f 1021/1/1 1022/2/1 1023/3/1 1024/4/1
f 1025/1/18 1026/2/18 1027/3/18 1028/4/18
f 1025/1/8 1024/2/8 1023/3/8 1026/4/8
f 1027/1/11 1022/2/11 1021/3/11 1028/4/11
f 1027/1/9 1026/2/9 1023/3/9 1022/4/9
f 1021/1/10 1024/2/10 1025/3/10 1028/4/10
f 1029/1/1 1030/2/1 1031/3/1 1032/4/1
f 1033/1/18 1034/2/18 1035/3/18 1036/4/18
f 1033/1/8 1032/2/8 1031/3/8 1034/4/8
f 1035/1/11 1030/2/11 1029/3/11 1036/4/11
f 1035/1/9 1034/2/9 1031/3/9 1030/4/9
f 1029/1/10 1032/2/10 1033/3/10 1036/4/10
f 1037/1/1 1038/2/1 1039/3/1 1040/4/1
f 1041/1/18 1042/2/18 1043/3/18 1044/4/18
f 1041/1/8 1040/2/8 1039/3/8 1042/4/8
f 1043/1/11 1038/2/11 1037/3/11 1044/4/11
f 1043/1/9 1042/2/9 1039/3/9 1038/4/9
f 1037/1/10 1040/2/10 1041/3/10 1044/4/10
f 1045/1/1 1046/2/1 1047/3/1 1048/4/1
f 1049/1/18 1050/2/18 1051/3/18 1052/4/18
f 1049/1/8 1048/2/8 1047/3/8 1050/4/8
f 1051/1/11 1046/2/11 1045/3/11 1052/4/11
f 1051/1/9 1050/2/9 1047/3/9 1046/4/9
f 1045/1/10 1048/2/10 1049/3/10 1052/4/10
f 1053/1/1 1054/2/1 1055/3/1 1056/4/1
f 1057/1/18 1058/2/18 1059/3/18 1060/4/18
f 1057/1/8 1056/2/8 1055/3/8 1058/4/8
f 1059/1/11 1054/2/11 1053/3/11 1060/4/11
f 1059/1/9 1058/2/9 1055/3/9 1054/4/9
f 1053/1/10 1056/2/10 1057/3/10 1060/4/10
f 1061/1/1 1062/2/1 1063/3/1 1064/4/1
f 1065/1/18 1066/2/18 1067/3/18 1068/4/18
f 1065/1/8 1064/2/8 1063/3/8 1066/4/8
f 1067/1/11 1062/2/11 1061/3/11 1068/4/11
f 1067/1/9 1066/2/9 1063/3/9 1062/4/9
f 1061/1/10 1064/2/10 1065/3/10 1068/4/10
f 1069/1/1 1070/2/1 1071/3/1 1072/4/1
f 1073/1/18 1074/2/18 1075/3/18 1076/4/18
f 1073/1/8 1072/2/8 1071/3/8 1074/4/8
f 1075/1/11 1070/2/11 1069/3/11 1076/4/11
f 1075/1/9 1074/2/9 1071/3/9 1070/4/9
f 1069/1/10 1072/2/10 1073/3/10 1076/4/10
f 1077/1/1 1078/2/1 1079/3/1 1080/4/1
f 1081/1/18 1082/2/18 1083/3/18 1084/4/18
f 1081/1/8 1080/2/8 1079/3/8 1082/4/8
f 1083/1/11 1078/2/11 1077/3/11 1084/4/11
f 1083/1/9 1082/2/9 1079/3/9 1078/4/9
f 1077/1/10 1080/2/10 1081/3/10 1084/4/10
f 1085/1/1 1086/2/1 1087/3/1 1088/4/1
f 1089/1/18 1090/2/18 1091/3/18 1092/4/18
f 1089/1/8 1088/2/8 1087/3/8 1090/4/8
f 1091/1/11 1086/2/11 1085/3/11 1092/4/11
f 1091/1/9 1090/2/9 1087/3/9 1086/4/9
f 1085/1/10 1088/2/10 1089/3/10 1092/4/10
f 1093/1/1 1094/2/1 1095/3/1 1096/4/1
f 1097/1/18 1098/2/18 1099/3/18 1100/4/18
f 1097/1/8 1096/2/8 1095/3/8 1098/4/8
f 1099/1/11 1094/2/11 1093/3/11 1100/4/11
f 1099/1/9 1098/2/9 1095/3/9 1094/4/9
f 1093/1/10 1096/2/10 1097/3/10 1100/4/10
f 1101/1/1 1102/2/1 1103/3/1 1104/4/1
f 1105/1/18 1106/2/18 1107/3/18 1108/4/18
f 1105/1/8 1104/2/8 1103/3/8 1106/4/8
f 1107/1/11 1102/2/11 1101/3/11 1108/4/11
f 1107/1/9 1106/2/9 1103/3/9 1102/4/9
f 1101/1/10 1104/2/10 1105/3/10 1108/4/10
f 1109/1/1 1110/2/1 1111/3/1 1112/4/1
f 1113/1/18 1114/2/18 1115/3/18 1116/4/18
f 1113/1/8 1112/2/8 1111/3/8 1114/4/8
f 1115/1/11 1110/2/11 1109/3/11 1116/4/11
f 1115/1/9 1114/2/9 1111/3/9 1110/4/9
f 1109/1/10 1112/2/10 1113/3/10 1116/4/10
f 1117/1/1 1118/2/1 1119/3/1 1120/4/1
f 1121/1/18 1122/2/18 1123/3/18 1124/4/18
f 1121/1/8 1120/2/8 1119/3/8 1122/4/8
f 1123/1/11 1118/2/11 1117/3/11 1124/4/11
f 1123/1/9 1122/2/9 1119/3/9 1118/4/9
f 1117/1/10 1120/2/10 1121/3/10 1124/4/10
f 1125/1/1 1126/2/1 1127/3/1 1128/4/1
f 1129/1/18 1130/2/18 1131/3/18 1132/4/18
f 1129/1/8 1128/2/8 1127/3/8 1130/4/8
f 1131/1/11 1126/2/11 1125/3/11 1132/4/11
f 1131/1/9 1130/2/9 1127/3/9 1126/4/9
f 1125/1/10 1128/2/10 1129/3/10 1132/4/10
f 1133/1/1 1134/2/1 1135/3/1 1136/4/1
f 1137/1/18 1138/2/18 1139/3/18 1140/4/18
f 1137/1/8 1136/2/8 1135/3/8 1138/4/8
f 1139/1/11 1134/2/11 1133/3/11 1140/4/11
f 1139/1/9 1138/2/9 1135/3/9 1134/4/9
f 1133/1/10 1136/2/10 1137/3/10 1140/4/10
f 1141/1/1 1142/2/1 1143/3/1 1144/4/1
f 1145/1/18 1146/2/18 1147/3/18 1148/4/18
f 1145/1/8 1144/2/8 1143/3/8 1146/4/8
f 1147/1/11 1142/2/11 1141/3/11 1148/4/11
f 1147/1/9 1146/2/9 1143/3/9 1142/4/9
f 1141/1/10 1144/2/10 1145/3/10 1148/4/10
f 1149/1/1 1150/2/1 1151/3/1 1152/4/1
f 1153/1/18 1154/2/18 1155/3/18 1156/4/18
f 1153/1/8 1152/2/8 1151/3/8 1154/4/8
f 1155/1/11 1150/2/11 1149/3/11 1156/4/11
f 1155/1/9 1154/2/9 1151/3/9 1150/4/9
f 1149/1/10 1152/2/10 1153/3/10 1156/4/10
f 1157/1/1 1158/2/1 1159/3/1 1160/4/1
f 1161/1/18 1162/2/18 1163/3/18 1164/4/18
f 1161/1/8 1160/2/8 1159/3/8 1162/4/8
f 1163/1/11 1158/2/11 1157/3/11 1164/4/11
f 1163/1/9 1162/2/9 1159/3/9 1158/4/9
f 1157/1/10 1160/2/10 1161/3/10 1164/4/10
f 1165/1/1 1166/2/1 1167/3/1 1168/4/1
f 1169/1/18 1170/2/18 1171/3/18 1172/4/18
f 1169/1/8 1168/2/8 1167/3/8 1170/4/8
f 1171/1/11 1166/2/11 1165/3/11 1172/4/11
f 1171/1/9 1170/2/9 1167/3/9 1166/4/9
f 1165/1/10 1168/2/10 1169/3/10 1172/4/10
f 1173/1/1 1174/2/1 1175/3/1 1176/4/1
f 1177/1/18 1178/2/18 1179/3/18 1180/4/18
f 1177/1/8 1176/2/8 1175/3/8 1178/4/8
f 1179/1/11 1174/2/11 1173/3/11 1180/4/11
f 1179/1/9 1178/2/9 1175/3/9 1174/4/9
f 1173/1/10 1176/2/10 1177/3/10 1180/4/10
f 1181/1/1 1182/2/1 1183/3/1 1184/4/1
f 1185/1/18 1186/2/18 1187/3/18 1188/4/18
f 1185/1/8 1184/2/8 1183/3/8 1186/4/8
f 1187/1/11 1182/2/11 1181/3/11 1188/4/11
f 1187/1/9 1186/2/9 1183/3/9 1182/4/9
f 1181/1/10 1184/2/10 1185/3/10 1188/4/10
f 1189/1/1 1190/2/1 1191/3/1 1192/4/1
f 1193/1/18 1194/2/18 1195/3/18 1196/4/18
f 1193/1/8 1192/2/8 1191/3/8 1194/4/8
f 1195/1/11 1190/2/11 1189/3/11 1196/4/11
f 1195/1/9 1194/2/9 1191/3/9 1190/4/9
f 1189/1/10 1192/2/10 1193/3/10 1196/4/10
f 1197/1/1 1198/2/1 1199/3/1 1200/4/1
f 1201/1/18 1202/2/18 1203/3/18 1204/4/18
f 1201/1/8 1200/2/8 1199/3/8 1202/4/8
f 1203/1/11 1198/2/11 1197/3/11 1204/4/11
f 1203/1/9 1202/2/9 1199/3/9 1198/4/9
f 1197/1/10 1200/2/10 1201/3/10 1204/4/10
f 1205/1/1 1206/2/1 1207/3/1 1208/4/1
f 1209/1/18 1210/2/18 1211/3/18 1212/4/18
f 1209/1/8 1208/2/8 1207/3/8 1210/4/8
f 1211/1/11 1206/2/11 1205/3/11 1212/4/11
f 1211/1/9 1210/2/9 1207/3/9 1206/4/9
f 1205/1/10 1208/2/10 1209/3/10 1212/4/10
f 1213/1/1 1214/2/1 1215/3/1 1216/4/1
f 1217/1/18 1218/2/18 1219/3/18 1220/4/18
f 1217/1/8 1216/2/8 1215/3/8 1218/4/8
f 1219/1/11 1214/2/11 1213/3/11 1220/4/11
f 1219/1/9 1218/2/9 1215/3/9 1214/4/9
f 1213/1/10 1216/2/10 1217/3/10 1220/4/10
f 1221/1/1 1222/2/1 1223/3/1 1224/4/1
f 1225/1/18 1226/2/18 1227/3/18 1228/4/18
f 1225/1/8 1224/2/8 1223/3/8 1226/4/8
f 1227/1/11 1222/2/11 1221/3/11 1228/4/11
f 1227/1/9 1226/2/9 1223/3/9 1222/4/9
f 1221/1/10 1224/2/10 1225/3/10 1228/4/10
f 1229/1/1 1230/2/1 1231/3/1 1232/4/1
f 1233/1/18 1234/2/18 1235/3/18 1236/4/18
f 1233/1/8 1232/2/8 1231/3/8 1234/4/8
f 1235/1/11 1230/2/11 1229/3/11 1236/4/11
f 1235/1/9 1234/2/9 1231/3/9 1230/4/9
f 1229/1/10 1232/2/10 1233/3/10 1236/4/10
f 1237/1/1 1238/2/1 1239/3/1 1240/4/1
f 1241/1/18 1242/2/18 1243/3/18 1244/4/18
f 1241/1/8 1240/2/8 1239/3/8 1242/4/8
f 1243/1/11 1238/2/11 1237/3/11 1244/4/11
f 1243/1/9 1242/2/9 1239/3/9 1238/4/9
f 1237/1/10 1240/2/10 1241/3/10 1244/4/10
f 1245/1/1 1246/2/1 1247/3/1 1248/4/1
f 1249/1/18 1250/2/18 1251/3/18 1252/4/18
f 1249/1/8 1248/2/8 1247/3/8 1250/4/8
f 1251/1/11 1246/2/11 1245/3/11 1252/4/11
f 1251/1/9 1250/2/9 1247/3/9 1246/4/9
f 1245/1/10 1248/2/10 1249/3/10 1252/4/10
f 1253/1/1 1254/2/1 1255/3/1 1256/4/1
f 1257/1/18 1258/2/18 1259/3/18 1260/4/18
f 1257/1/8 1256/2/8 1255/3/8 1258/4/8
f 1259/1/11 1254/2/11 1253/3/11 1260/4/11
f 1259/1/9 1258/2/9 1255/3/9 1254/4/9
f 1253/1/10 1256/2/10 1257/3/10 1260/4/10
f 1261/1/1 1262/2/1 1263/3/1 1264/4/1
f 1265/1/18 1266/2/18 1267/3/18 1268/4/18
f 1265/1/8 1264/2/8 1263/3/8 1266/4/8
f 1267/1/11 1262/2/11 1261/3/11 1268/4/11
f 1267/1/9 1266/2/9 1263/3/9 1262/4/9
f 1261/1/10 1264/2/10 1265/3/10 1268/4/10
f 1269/1/1 1270/2/1 1271/3/1 1272/4/1
f 1273/1/18 1274/2/18 1275/3/18 1276/4/18
f 1273/1/8 1272/2/8 1271/3/8 1274/4/8
f 1275/1/11 1270/2/11 1269/3/11 1276/4/11
f 1275/1/9 1274/2/9 1271/3/9 1270/4/9
f 1269/1/10 1272/2/10 1273/3/10 1276/4/10
f 1277/1/1 1278/2/1 1279/3/1 1280/4/1
f 1281/1/18 1282/2/18 1283/3/18 1284/4/18
f 1281/1/8 1280/2/8 1279/3/8 1282/4/8
f 1283/1/11 1278/2/11 1277/3/11 1284/4/11
f 1283/1/9 1282/2/9 1279/3/9 1278/4/9
f 1277/1/10 1280/2/10 1281/3/10 1284/4/10
f 1285/1/1 1286/2/1 1287/3/1 1288/4/1
f 1289/1/18 1290/2/18 1291/3/18 1292/4/18
f 1289/1/8 1288/2/8 1287/3/8 1290/4/8
f 1291/1/11 1286/2/11 1285/3/11 1292/4/11
f 1291/1/9 1290/2/9 1287/3/9 1286/4/9
f 1285/1/10 1288/2/10 1289/3/10 1292/4/10
f 1293/1/1 1294/2/1 1295/3/1 1296/4/1
f 1297/1/18 1298/2/18 1299/3/18 1300/4/18
f 1297/1/8 1296/2/8 1295/3/8 1298/4/8
f 1299/1/11 1294/2/11 1293/3/11 1300/4/11
f 1299/1/9 1298/2/9 1295/3/9 1294/4/9
f 1293/1/10 1296/2/10 1297/3/10 1300/4/10
f 1301/1/1 1302/2/1 1303/3/1 1304/4/1
f 1305/1/18 1306/2/18 1307/3/18 1308/4/18
f 1305/1/8 1304/2/8 1303/3/8 1306/4/8
f 1307/1/11 1302/2/11 1301/3/11 1308/4/11
f 1307/1/9 1306/2/9 1303/3/9 1302/4/9
f 1301/1/10 1304/2/10 1305/3/10 1308/4/10
f 1309/1/1 1310/2/1 1311/3/1 1312/4/1
f 1313/1/18 1314/2/18 1315/3/18 1316/4/18
f 1313/1/8 1312/2/8 1311/3/8 1314/4/8
f 1315/1/11 1310/2/11 1309/3/11 1316/4/11
f 1315/1/9 1314/2/9 1311/3/9 1310/4/9
f 1309/1/10 1312/2/10 1313/3/10 1316/4/10
f 1317/1/1 1318/2/1 1319/3/1 1320/4/1
f 1321/1/18 1322/2/18 1323/3/18 1324/4/18
f 1321/1/8 1320/2/8 1319/3/8 1322/4/8
f 1323/1/11 1318/2/11 1317/3/11 1324/4/11
f 1323/1/9 1322/2/9 1319/3/9 1318/4/9
f 1317/1/10 1320/2/10 1321/3/10 1324/4/10
f 1325/1/1 1326/2/1 1327/3/1 1328/4/1
f 1329/1/18 1330/2/18 1331/3/18 1332/4/18
f 1329/1/8 1328/2/8 1327/3/8 1330/4/8
f 1331/1/11 1326/2/11 1325/3/11 1332/4/11
f 1331/1/9 1330/2/9 1327/3/9 1326/4/9
f 1325/1/10 1328/2/10 1329/3/10 1332/4/10
f 1333/1/1 1334/2/1 1335/3/1 1336/4/1
f 1337/1/18 1338/2/18 1339/3/18 1340/4/18
f 1337/1/8 1336/2/8 1335/3/8 1338/4/8
f 1339/1/11 1334/2/11 1333/3/11 1340/4/11
f 1339/1/9 1338/2/9 1335/3/9 1334/4/9
f 1333/1/10 1336/2/10 1337/3/10 1340/4/10
f 1341/1/1 1342/2/1 1343/3/1 1344/4/1
f 1345/1/18 1346/2/18 1347/3/18 1348/4/18
f 1345/1/8 1344/2/8 1343/3/8 1346/4/8
f 1347/1/11 1342/2/11 1341/3/11 1348/4/11
f 1347/1/9 1346/2/9 1343/3/9 1342/4/9
f 1341/1/10 1344/2/10 1345/3/10 1348/4/10
f 1349/1/1 1350/2/1 1351/3/1 1352/4/1
f 1353/1/18 1354/2/18 1355/3/18 1356/4/18
f 1353/1/8 1352/2/8 1351/3/8 1354/4/8
f 1355/1/11 1350/2/11 1349/3/11 1356/4/11
f 1355/1/9 1354/2/9 1351/3/9 1350/4/9
f 1349/1/10 1352/2/10 1353/3/10 1356/4/10
f 1357/1/1 1358/2/1 1359/3/1 1360/4/1
f 1361/1/18 1362/2/18 1363/3/18 1364/4/18
f 1361/1/8 1360/2/8 1359/3/8 1362/4/8
f 1363/1/11 1358/2/11 1357/3/11 1364/4/11
f 1363/1/9 1362/2/9 1359/3/9 1358/4/9
f 1357/1/10 1360/2/10 1361/3/10 1364/4/10
f 1365/1/1 1366/2/1 1367/3/1 1368/4/1
f 1369/1/18 1370/2/18 1371/3/18 1372/4/18
f 1369/1/8 1368/2/8 1367/3/8 1370/4/8
f 1371/1/11 1366/2/11 1365/3/11 1372/4/11
f 1371/1/9 1370/2/9 1367/3/9 1366/4/9
f 1365/1/10 1368/2/10 1369/3/10 1372/4/10
f 1373/1/1 1374/2/1 1375/3/1 1376/4/1
f 1377/1/18 1378/2/18 1379/3/18 1380/4/18
f 1377/1/8 1376/2/8 1375/3/8 1378/4/8
f 1379/1/11 1374/2/11 1373/3/11 1380/4/11
f 1379/1/9 1378/2/9 1375/3/9 1374/4/9
f 1373/1/10 1376/2/10 1377/3/10 1380/4/10
f 1381/1/1 1382/2/1 1383/3/1 1384/4/1
f 1385/1/18 1386/2/18 1387/3/18 1388/4/18
f 1385/1/8 1384/2/8 1383/3/8 1386/4/8
f 1387/1/11 1382/2/11 1381/3/11 1388/4/11
f 1387/1/9 1386/2/9 1383/3/9 1382/4/9
f 1381/1/10 1384/2/10 1385/3/10 1388/4/10
f 1389/1/1 1390/2/1 1391/3/1 1392/4/1
f 1393/1/18 1394/2/18 1395/3/18 1396/4/18
f 1393/1/8 1392/2/8 1391/3/8 1394/4/8
f 1395/1/11 1390/2/11 1389/3/11 1396/4/11
f 1395/1/9 1394/2/9 1391/3/9 1390/4/9
f 1389/1/10 1392/2/10 1393/3/10 1396/4/10
f 1397/1/1 1398/2/1 1399/3/1 1400/4/1
f 1401/1/18 1402/2/18 1403/3/18 1404/4/18
f 1401/1/8 1400/2/8 1399/3/8 1402/4/8
f 1403/1/11 1398/2/11 1397/3/11 1404/4/11
f 1403/1/9 1402/2/9 1399/3/9 1398/4/9
f 1397/1/10 1400/2/10 1401/3/10 1404/4/10
f 1405/1/1 1406/2/1 1407/3/1 1408/4/1
f 1409/1/18 1410/2/18 1411/3/18 1412/4/18
f 1409/1/8 1408/2/8 1407/3/8 1410/4/8
f 1411/1/11 1406/2/11 1405/3/11 1412/4/11
f 1411/1/9 1410/2/9 1407/3/9 1406/4/9
f 1405/1/10 1408/2/10 1409/3/10 1412/4/10
f 1413/1/1 1414/2/1 1415/3/1 1416/4/1
f 1417/1/18 1418/2/18 1419/3/18 1420/4/18
f 1417/1/8 1416/2/8 1415/3/8 1418/4/8
f 1419/1/11 1414/2/11 1413/3/11 1420/4/11
f 1419/1/9 1418/2/9 1415/3/9 1414/4/9
f 1413/1/10 1416/2/10 1417/3/10 1420/4/10
f 1421/1/1 1422/2/1 1423/3/1 1424/4/1
f 1425/1/18 1426/2/18 1427/3/18 1428/4/18
f 1425/1/8 1424/2/8 1423/3/8 1426/4/8
f 1427/1/11 1422/2/11 1421/3/11 1428/4/11
f 1427/1/9 1426/2/9 1423/3/9 1422/4/9
f 1421/1/10 1424/2/10 1425/3/10 1428/4/10
f 1429/1/1 1430/2/1 1431/3/1 1432/4/1
f 1433/1/18 1434/2/18 1435/3/18 1436/4/18
f 1433/1/8 1432/2/8 1431/3/8 1434/4/8
f 1435/1/11 1430/2/11 1429/3/11 1436/4/11
f 1435/1/9 1434/2/9 1431/3/9 1430/4/9
f 1429/1/10 1432/2/10 1433/3/10 1436/4/10
f 1437/1/1 1438/2/1 1439/3/1 1440/4/1
f 1441/1/18 1442/2/18 1443/3/18 1444/4/18
f 1441/1/8 1440/2/8 1439/3/8 1442/4/8
f 1443/1/11 1438/2/11 1437/3/11 1444/4/11
f 1443/1/9 1442/2/9 1439/3/9 1438/4/9
f 1437/1/10 1440/2/10 1441/3/10 1444/4/10
f 1445/1/1 1446/2/1 1447/3/1 1448/4/1
f 1449/1/18 1450/2/18 1451/3/18 1452/4/18
f 1449/1/8 1448/2/8 1447/3/8 1450/4/8
f 1451/1/11 1446/2/11 1445/3/11 1452/4/11
f 1451/1/9 1450/2/9 1447/3/9 1446/4/9
f 1445/1/10 1448/2/10 1449/3/10 1452/4/10
f 1453/1/1 1454/2/1 1455/3/1 1456/4/1
f 1457/1/18 1458/2/18 1459/3/18 1460/4/18
f 1457/1/8 1456/2/8 1455/3/8 1458/4/8
f 1459/1/11 1454/2/11 1453/3/11 1460/4/11
f 1459/1/9 1458/2/9 1455/3/9 1454/4/9
f 1453/1/10 1456/2/10 1457/3/10 1460/4/10
f 1461/1/1 1462/2/1 1463/3/1 1464/4/1
f 1465/1/18 1466/2/18 1467/3/18 1468/4/18
f 1465/1/8 1464/2/8 1463/3/8 1466/4/8
f 1467/1/11 1462/2/11 1461/3/11 1468/4/11
f 1467/1/9 1466/2/9 1463/3/9 1462/4/9
f 1461/1/10 1464/2/10 1465/3/10 1468/4/10
f 1469/1/1 1470/2/1 1471/3/1 1472/4/1
f 1473/1/18 1474/2/18 1475/3/18 1476/4/18
f 1473/1/8 1472/2/8 1471/3/8 1474/4/8
f 1475/1/11 1470/2/11 1469/3/11 1476/4/11
f 1475/1/9 1474/2/9 1471/3/9 1470/4/9
f 1469/1/10 1472/2/10 1473/3/10 1476/4/10
f 1477/1/1 1478/2/1 1479/3/1 1480/4/1
f 1481/1/18 1482/2/18 1483/3/18 1484/4/18
f 1481/1/8 1480/2/8 1479/3/8 1482/4/8
f 1483/1/11 1478/2/11 1477/3/11 1484/4/11
f 1483/1/9 1482/2/9 1479/3/9 1478/4/9
f 1477/1/10 1480/2/10 1481/3/10 1484/4/10
f 1485/1/1 1486/2/1 1487/3/1 1488/4/1
f 1489/1/18 1490/2/18 1491/3/18 1492/4/18
f 1489/1/8 1488/2/8 1487/3/8 1490/4/8
f 1491/1/11 1486/2/11 1485/3/11 1492/4/11
f 1491/1/9 1490/2/9 1487/3/9 1486/4/9
f 1485/1/10 1488/2/10 1489/3/10 1492/4/10
f 1493/1/1 1494/2/1 1495/3/1 1496/4/1
f 1497/1/18 1498/2/18 1499/3/18 1500/4/18
f 1497/1/8 1496/2/8 1495/3/8 1498/4/8
f 1499/1/11 1494/2/11 1493/3/11 1500/4/11
f 1499/1/9 1498/2/9 1495/3/9 1494/4/9
f 1493/1/10 1496/2/10 1497/3/10 1500/4/10
f 1501/1/1 1502/2/1 1503/3/1 1504/4/1
f 1505/1/18 1506/2/18 1507/3/18 1508/4/18
f 1505/1/8 1504/2/8 1503/3/8 1506/4/8
f 1507/1/11 1502/2/11 1501/3/11 1508/4/11
f 1507/1/9 1506/2/9 1503/3/9 1502/4/9
f 1501/1/10 1504/2/10 1505/3/10 1508/4/10
f 1509/1/1 1510/2/1 1511/3/1 1512/4/1
f 1513/1/18 1514/2/18 1515/3/18 1516/4/18
f 1513/1/8 1512/2/8 1511/3/8 1514/4/8
f 1515/1/11 1510/2/11 1509/3/11 1516/4/11
f 1515/1/9 1514/2/9 1511/3/9 1510/4/9
f 1509/1/10 1512/2/10 1513/3/10 1516/4/10
f 1517/1/1 1518/2/1 1519/3/1 1520/4/1
f 1521/1/18 1522/2/18 1523/3/18 1524/4/18
f 1521/1/8 1520/2/8 1519/3/8 1522/4/8
f 1523/1/11 1518/2/11 1517/3/11 1524/4/11
f 1523/1/9 1522/2/9 1519/3/9 1518/4/9
f 1517/1/10 1520/2/10 1521/3/10 1524/4/10
f 1525/1/1 1526/2/1 1527/3/1 1528/4/1
f 1529/1/18 1530/2/18 1531/3/18 1532/4/18
f 1529/1/8 1528/2/8 1527/3/8 1530/4/8
f 1531/1/11 1526/2/11 1525/3/11 1532/4/11
f 1531/1/9 1530/2/9 1527/3/9 1526/4/9
f 1525/1/10 1528/2/10 1529/3/10 1532/4/10
f 1533/1/1 1534/2/1 1535/3/1 1536/4/1
f 1537/1/18 1538/2/18 1539/3/18 1540/4/18
f 1537/1/8 1536/2/8 1535/3/8 1538/4/8
f 1539/1/11 1534/2/11 1533/3/11 1540/4/11
f 1539/1/9 1538/2/9 1535/3/9 1534/4/9
f 1533/1/10 1536/2/10 1537/3/10 1540/4/10
f 1541/1/1 1542/2/1 1543/3/1 1544/4/1
f 1545/1/18 1546/2/18 1547/3/18 1548/4/18
f 1545/1/8 1544/2/8 1543/3/8 1546/4/8
f 1547/1/11 1542/2/11 1541/3/11 1548/4/11
f 1547/1/9 1546/2/9 1543/3/9 1542/4/9
f 1541/1/10 1544/2/10 1545/3/10 1548/4/10
f 1549/1/1 1550/2/1 1551/3/1 1552/4/1
f 1553/1/18 1554/2/18 1555/3/18 1556/4/18
f 1553/1/8 1552/2/8 1551/3/8 1554/4/8
f 1555/1/11 1550/2/11 1549/3/11 1556/4/11
f 1555/1/9 1554/2/9 1551/3/9 1550/4/9
f 1549/1/10 1552/2/10 1553/3/10 1556/4/10
f 1557/1/1 1558/2/1 1559/3/1 1560/4/1
f 1561/1/18 1562/2/18 1563/3/18 1564/4/18
f 1561/1/8 1560/2/8 1559/3/8 1562/4/8
f 1563/1/11 1558/2/11 1557/3/11 1564/4/11
f 1563/1/9 1562/2/9 1559/3/9 1558/4/9
f 1557/1/10 1560/2/10 1561/3/10 1564/4/10
f 1565/1/1 1566/2/1 1567/3/1 1568/4/1
f 1569/1/18 1570/2/18 1571/3/18 1572/4/18
f 1569/1/8 1568/2/8 1567/3/8 1570/4/8
f 1571/1/11 1566/2/11 1565/3/11 1572/4/11
f 1571/1/9 1570/2/9 1567/3/9 1566/4/9
f 1565/1/10 1568/2/10 1569/3/10 1572/4/10
f 1573/1/1 1574/2/1 1575/3/1 1576/4/1
f 1577/1/18 1578/2/18 1579/3/18 1580/4/18
f 1577/1/8 1576/2/8 1575/3/8 1578/4/8
f 1579/1/11 1574/2/11 1573/3/11 1580/4/11
f 1579/1/9 1578/2/9 1575/3/9 1574/4/9
f 1573/1/10 1576/2/10 1577/3/10 1580/4/10
f 1581/1/1 1582/2/1 1583/3/1 1584/4/1
f 1585/1/18 1586/2/18 1587/3/18 1588/4/18
f 1585/1/8 1584/2/8 1583/3/8 1586/4/8
f 1587/1/11 1582/2/11 1581/3/11 1588/4/11
f 1587/1/9 1586/2/9 1583/3/9 1582/4/9
f 1581/1/10 1584/2/10 1585/3/10 1588/4/10
f 1589/1/1 1590/2/1 1591/3/1 1592/4/1
f 1593/1/18 1594/2/18 1595/3/18 1596/4/18
f 1593/1/8 1592/2/8 1591/3/8 1594/4/8
f 1595/1/11 1590/2/11 1589/3/11 1596/4/11
f 1595/1/9 1594/2/9 1591/3/9 1590/4/9
f 1589/1/10 1592/2/10 1593/3/10 1596/4/10
f 1597/1/1 1598/2/1 1599/3/1 1600/4/1
f 1601/1/18 1602/2/18 1603/3/18 1604/4/18
f 1601/1/8 1600/2/8 1599/3/8 1602/4/8
f 1603/1/11 1598/2/11 1597/3/11 1604/4/11
f 1603/1/9 1602/2/9 1599/3/9 1598/4/9
f 1597/1/10 1600/2/10 1601/3/10 1604/4/10
f 1605/1/1 1606/2/1 1607/3/1 1608/4/1
f 1609/1/18 1610/2/18 1611/3/18 1612/4/18
f 1609/1/8 1608/2/8 1607/3/8 1610/4/8
f 1611/1/11 1606/2/11 1605/3/11 1612/4/11
f 1611/1/9 1610/2/9 1607/3/9 1606/4/9
f 1605/1/10 1608/2/10 1609/3/10 1612/4/10
f 1613/1/1 1614/2/1 1615/3/1 1616/4/1
f 1617/1/18 1618/2/18 1619/3/18 1620/4/18
f 1617/1/8 1616/2/8 1615/3/8 1618/4/8
f 1619/1/11 1614/2/11 1613/3/11 1620/4/11
f 1619/1/9 1618/2/9 1615/3/9 1614/4/9
f 1613/1/10 1616/2/10 1617/3/10 1620/4/10
f 1621/1/1 1622/2/1 1623/3/1 1624/4/1
f 1625/1/18 1626/2/18 1627/3/18 1628/4/18
f 1625/1/8 1624/2/8 1623/3/8 1626/4/8
f 1627/1/11 1622/2/11 1621/3/11 1628/4/11
f 1627/1/9 1626/2/9 1623/3/9 1622/4/9
f 1621/1/10 1624/2/10 1625/3/10 1628/4/10
f 1629/1/1 1630/2/1 1631/3/1 1632/4/1
f 1633/1/18 1634/2/18 1635/3/18 1636/4/18
f 1633/1/8 1632/2/8 1631/3/8 1634/4/8
f 1635/1/11 1630/2/11 1629/3/11 1636/4/11
f 1635/1/9 1634/2/9 1631/3/9 1630/4/9
f 1629/1/10 1632/2/10 1633/3/10 1636/4/10
f 1637/1/1 1638/2/1 1639/3/1 1640/4/1
f 1641/1/18 1642/2/18 1643/3/18 1644/4/18
f 1641/1/8 1640/2/8 1639/3/8 1642/4/8
f 1643/1/11 1638/2/11 1637/3/11 1644/4/11
f 1643/1/9 1642/2/9 1639/3/9 1638/4/9
f 1637/1/10 1640/2/10 1641/3/10 1644/4/10
f 1645/1/1 1646/2/1 1647/3/1 1648/4/1
f 1649/1/18 1650/2/18 1651/3/18 1652/4/18
f 1649/1/8 1648/2/8 1647/3/8 1650/4/8
f 1651/1/11 1646/2/11 1645/3/11 1652/4/11
f 1651/1/9 1650/2/9 1647/3/9 1646/4/9
f 1645/1/10 1648/2/10 1649/3/10 1652/4/10
f 1653/1/1 1654/2/1 1655/3/1 1656/4/1
f 1657/1/18 1658/2/18 1659/3/18 1660/4/18
f 1657/1/8 1656/2/8 1655/3/8 1658/4/8
f 1659/1/11 1654/2/11 1653/3/11 1660/4/11
f 1659/1/9 1658/2/9 1655/3/9 1654/4/9
f 1653/1/10 1656/2/10 1657/3/10 1660/4/10
f 1661/1/1 1662/2/1 1663/3/1 1664/4/1
f 1665/1/18 1666/2/18 1667/3/18 1668/4/18
f 1665/1/8 1664/2/8 1663/3/8 1666/4/8
f 1667/1/11 1662/2/11 1661/3/11 1668/4/11
f 1667/1/9 1666/2/9 1663/3/9 1662/4/9
f 1661/1/10 1664/2/10 1665/3/10 1668/4/10
f 1669/1/1 1670/2/1 1671/3/1 1672/4/1
f 1673/1/18 1674/2/18 1675/3/18 1676/4/18
f 1673/1/8 1672/2/8 1671/3/8 1674/4/8
f 1675/1/11 1670/2/11 1669/3/11 1676/4/11
f 1675/1/9 1674/2/9 1671/3/9 1670/4/9
f 1669/1/10 1672/2/10 1673/3/10 1676/4/10
f 1677/1/1 1678/2/1 1679/3/1 1680/4/1
f 1681/1/18 1682/2/18 1683/3/18 1684/4/18
f 1681/1/8 1680/2/8 1679/3/8 1682/4/8
f 1683/1/11 1678/2/11 1677/3/11 1684/4/11
f 1683/1/9 1682/2/9 1679/3/9 1678/4/9
f 1677/1/10 1680/2/10 1681/3/10 1684/4/10
f 1685/1/1 1686/2/1 1687/3/1 1688/4/1
f 1689/1/18 1690/2/18 1691/3/18 1692/4/18
f 1689/1/8 1688/2/8 1687/3/8 1690/4/8
f 1691/1/11 1686/2/11 1685/3/11 1692/4/11
f 1691/1/9 1690/2/9 1687/3/9 1686/4/9
f 1685/1/10 1688/2/10 1689/3/10 1692/4/10
f 1693/1/1 1694/2/1 1695/3/1 1696/4/1
f 1697/1/18 1698/2/18 1699/3/18 1700/4/18
f 1697/1/8 1696/2/8 1695/3/8 1698/4/8
f 1699/1/11 1694/2/11 1693/3/11 1700/4/11
f 1699/1/9 1698/2/9 1695/3/9 1694/4/9
f 1693/1/10 1696/2/10 1697/3/10 1700/4/10
f 1701/1/1 1702/2/1 1703/3/1 1704/4/1
f 1705/1/18 1706/2/18 1707/3/18 1708/4/18
f 1705/1/8 1704/2/8 1703/3/8 1706/4/8
f 1707/1/11 1702/2/11 1701/3/11 1708/4/11
f 1707/1/9 1706/2/9 1703/3/9 1702/4/9
f 1701/1/10 1704/2/10 1705/3/10 1708/4/10
f 1709/1/1 1710/2/1 1711/3/1 1712/4/1
f 1713/1/18 1714/2/18 1715/3/18 1716/4/18
f 1713/1/8 1712/2/8 1711/3/8 1714/4/8
f 1715/1/11 1710/2/11 1709/3/11 1716/4/11
f 1715/1/9 1714/2/9 1711/3/9 1710/4/9
f 1709/1/10 1712/2/10 1713/3/10 1716/4/10
f 1717/1/1 1718/2/1 1719/3/1 1720/4/1
f 1721/1/18 1722/2/18 1723/3/18 1724/4/18
f 1721/1/8 1720/2/8 1719/3/8 1722/4/8
f 1723/1/11 1718/2/11 1717/3/11 1724/4/11
f 1723/1/9 1722/2/9 1719/3/9 1718/4/9
f 1717/1/10 1720/2/10 1721/3/10 1724/4/10
f 1725/1/1 1726/2/1 1727/3/1 1728/4/1
f 1729/1/18 1730/2/18 1731/3/18 1732/4/18
f 1729/1/8 1728/2/8 1727/3/8 1730/4/8
f 1731/1/11 1726/2/11 1725/3/11 1732/4/11
f 1731/1/9 1730/2/9 1727/3/9 1726/4/9
f 1725/1/10 1728/2/10 1729/3/10 1732/4/10
f 1733/1/1 1734/2/1 1735/3/1 1736/4/1
f 1737/1/18 1738/2/18 1739/3/18 1740/4/18
f 1737/1/8 1736/2/8 1735/3/8 1738/4/8
f 1739/1/11 1734/2/11 1733/3/11 1740/4/11
f 1739/1/9 1738/2/9 1735/3/9 1734/4/9
f 1733/1/10 1736/2/10 1737/3/10 1740/4/10
f 1741/1/1 1742/2/1 1743/3/1 1744/4/1
f 1745/1/18 1746/2/18 1747/3/18 1748/4/18
f 1745/1/8 1744/2/8 1743/3/8 1746/4/8
f 1747/1/11 1742/2/11 1741/3/11 1748/4/11
f 1747/1/9 1746/2/9 1743/3/9 1742/4/9
f 1741/1/10 1744/2/10 1745/3/10 1748/4/10
f 1749/1/1 1750/2/1 1751/3/1 1752/4/1
f 1753/1/18 1754/2/18 1755/3/18 1756/4/18
f 1753/1/8 1752/2/8 1751/3/8 1754/4/8
f 1755/1/11 1750/2/11 1749/3/11 1756/4/11
f 1755/1/9 1754/2/9 1751/3/9 1750/4/9
f 1749/1/10 1752/2/10 1753/3/10 1756/4/10
f 1757/1/1 1758/2/1 1759/3/1 1760/4/1
f 1761/1/18 1762/2/18 1763/3/18 1764/4/18
f 1761/1/8 1760/2/8 1759/3/8 1762/4/8
f 1763/1/11 1758/2/11 1757/3/11 1764/4/11
f 1763/1/9 1762/2/9 1759/3/9 1758/4/9
f 1757/1/10 1760/2/10 1761/3/10 1764/4/10
f 1765/1/1 1766/2/1 1767/3/1 1768/4/1
f 1769/1/18 1770/2/18 1771/3/18 1772/4/18
f 1769/1/8 1768/2/8 1767/3/8 1770/4/8
f 1771/1/11 1766/2/11 1765/3/11 1772/4/11
f 1771/1/9 1770/2/9 1767/3/9 1766/4/9
f 1765/1/10 1768/2/10 1769/3/10 1772/4/10
f 1773/1/1 1774/2/1 1775/3/1 1776/4/1
f 1777/1/18 1778/2/18 1779/3/18 1780/4/18
f 1777/1/8 1776/2/8 1775/3/8 1778/4/8
f 1779/1/11 1774/2/11 1773/3/11 1780/4/11
f 1779/1/9 1778/2/9 1775/3/9 1774/4/9
f 1773/1/10 1776/2/10 1777/3/10 1780/4/10
f 1781/1/1 1782/2/1 1758/3/1 1757/4/1
f 1764/1/18 1763/2/18 1783/3/18 1784/4/18
f 1764/1/8 1757/2/8 1758/3/8 1763/4/8
f 1783/1/11 1782/2/11 1781/3/11 1784/4/11
f 1783/1/9 1763/2/9 1758/3/9 1782/4/9
f 1781/1/10 1757/2/10 1764/3/10 1784/4/10
f 1785/1/1 1786/2/1 1766/3/1 1765/4/1
f 1772/1/18 1771/2/18 1787/3/18 1788/4/18
f 1772/1/8 1765/2/8 1766/3/8 1771/4/8
f 1787/1/11 1786/2/11 1785/3/11 1788/4/11
f 1787/1/9 1771/2/9 1766/3/9 1786/4/9
f 1785/1/10 1765/2/10 1772/3/10 1788/4/10
f 1789/1/1 1790/2/1 1774/3/1 1773/4/1
f 1780/1/18 1779/2/18 1791/3/18 1792/4/18
f 1780/1/8 1773/2/8 1774/3/8 1779/4/8
f 1791/1/11 1790/2/11 1789/3/11 1792/4/11
f 1791/1/9 1779/2/9 1774/3/9 1790/4/9
f 1789/1/10 1773/2/10 1780/3/10 1792/4/10
f 1793/1/1 1794/2/1 1795/3/1 1796/4/1
f 1797/1/18 1798/2/18 1799/3/18 1800/4/18
f 1797/1/8 1796/2/8 1795/3/8 1798/4/8
f 1799/1/11 1794/2/11 1793/3/11 1800/4/11
f 1799/1/9 1798/2/9 1795/3/9 1794/4/9
f 1793/1/10 1796/2/10 1797/3/10 1800/4/10
f 1801/1/1 1802/2/1 1803/3/1 1804/4/1
f 1805/1/18 1806/2/18 1807/3/18 1808/4/18
f 1805/1/8 1804/2/8 1803/3/8 1806/4/8
f 1807/1/11 1802/2/11 1801/3/11 1808/4/11
f 1807/1/9 1806/2/9 1803/3/9 1802/4/9
f 1801/1/10 1804/2/10 1805/3/10 1808/4/10
f 1809/1/1 1810/2/1 1811/3/1 1812/4/1
f 1813/1/18 1814/2/18 1815/3/18 1816/4/18
f 1813/1/8 1812/2/8 1811/3/8 1814/4/8
f 1815/1/11 1810/2/11 1809/3/11 1816/4/11
f 1815/1/9 1814/2/9 1811/3/9 1810/4/9
f 1809/1/10 1812/2/10 1813/3/10 1816/4/10
f 1817/1/1 1818/2/1 1819/3/1 1820/4/1
f 1821/1/18 1822/2/18 1823/3/18 1824/4/18
f 1821/1/8 1820/2/8 1819/3/8 1822/4/8
f 1823/1/11 1818/2/11 1817/3/11 1824/4/11
f 1823/1/9 1822/2/9 1819/3/9 1818/4/9
f 1817/1/10 1820/2/10 1821/3/10 1824/4/10
f 1825/1/1 1826/2/1 1827/3/1 1828/4/1
f 1829/1/18 1830/2/18 1831/3/18 1832/4/18
f 1829/1/8 1828/2/8 1827/3/8 1830/4/8
f 1831/1/11 1826/2/11 1825/3/11 1832/4/11
f 1831/1/9 1830/2/9 1827/3/9 1826/4/9
f 1825/1/10 1828/2/10 1829/3/10 1832/4/10
f 1833/1/1 1834/2/1 1835/3/1 1836/4/1
f 1837/1/18 1838/2/18 1839/3/18 1840/4/18
f 1837/1/8 1836/2/8 1835/3/8 1838/4/8
f 1839/1/11 1834/2/11 1833/3/11 1840/4/11
f 1839/1/9 1838/2/9 1835/3/9 1834/4/9
f 1833/1/10 1836/2/10 1837/3/10 1840/4/10
f 1841/1/1 1842/2/1 1843/3/1 1844/4/1
f 1845/1/18 1846/2/18 1847/3/18 1848/4/18
f 1845/1/8 1844/2/8 1843/3/8 1846/4/8
f 1847/1/11 1842/2/11 1841/3/11 1848/4/11
f 1847/1/9 1846/2/9 1843/3/9 1842/4/9
f 1841/1/10 1844/2/10 1845/3/10 1848/4/10
f 1849/1/1 1850/2/1 1851/3/1 1852/4/1
f 1853/1/18 1854/2/18 1855/3/18 1856/4/18
f 1853/1/8 1852/2/8 1851/3/8 1854/4/8
f 1855/1/11 1850/2/11 1849/3/11 1856/4/11
f 1855/1/9 1854/2/9 1851/3/9 1850/4/9
f 1849/1/10 1852/2/10 1853/3/10 1856/4/10
f 1857/1/1 1858/2/1 1859/3/1 1860/4/1
f 1861/1/18 1862/2/18 1863/3/18 1864/4/18
f 1861/1/8 1860/2/8 1859/3/8 1862/4/8
f 1863/1/11 1858/2/11 1857/3/11 1864/4/11
f 1863/1/9 1862/2/9 1859/3/9 1858/4/9
f 1857/1/10 1860/2/10 1861/3/10 1864/4/10
f 1865/1/1 1866/2/1 1867/3/1 1868/4/1
f 1869/1/18 1870/2/18 1871/3/18 1872/4/18
f 1869/1/8 1868/2/8 1867/3/8 1870/4/8
f 1871/1/11 1866/2/11 1865/3/11 1872/4/11
f 1871/1/9 1870/2/9 1867/3/9 1866/4/9
f 1865/1/10 1868/2/10 1869/3/10 1872/4/10
f 1873/1/1 1874/2/1 1875/3/1 1876/4/1
f 1877/1/18 1878/2/18 1879/3/18 1880/4/18
f 1877/1/8 1876/2/8 1875/3/8 1878/4/8
f 1879/1/11 1874/2/11 1873/3/11 1880/4/11
f 1879/1/9 1878/2/9 1875/3/9 1874/4/9
f 1873/1/10 1876/2/10 1877/3/10 1880/4/10
f 1881/1/1 1882/2/1 1883/3/1 1884/4/1
f 1885/1/18 1886/2/18 1887/3/18 1888/4/18
f 1885/1/8 1884/2/8 1883/3/8 1886/4/8
f 1887/1/11 1882/2/11 1881/3/11 1888/4/11
f 1887/1/9 1886/2/9 1883/3/9 1882/4/9
f 1881/1/10 1884/2/10 1885/3/10 1888/4/10
f 1889/1/1 1890/2/1 1891/3/1 1892/4/1
f 1893/1/18 1894/2/18 1895/3/18 1896/4/18
f 1893/1/8 1892/2/8 1891/3/8 1894/4/8
f 1895/1/11 1890/2/11 1889/3/11 1896/4/11
f 1895/1/9 1894/2/9 1891/3/9 1890/4/9
f 1889/1/10 1892/2/10 1893/3/10 1896/4/10
f 1897/1/1 1898/2/1 1899/3/1 1900/4/1
f 1901/1/18 1902/2/18 1903/3/18 1904/4/18
f 1901/1/8 1900/2/8 1899/3/8 1902/4/8
f 1903/1/11 1898/2/11 1897/3/11 1904/4/11
f 1903/1/9 1902/2/9 1899/3/9 1898/4/9
f 1897/1/10 1900/2/10 1901/3/10 1904/4/10
f 1905/1/1 1906/2/1 1907/3/1 1908/4/1
f 1909/1/18 1910/2/18 1911/3/18 1912/4/18
f 1909/1/8 1908/2/8 1907/3/8 1910/4/8
f 1911/1/11 1906/2/11 1905/3/11 1912/4/11
f 1911/1/9 1910/2/9 1907/3/9 1906/4/9
f 1905/1/10 1908/2/10 1909/3/10 1912/4/10
f 1913/1/1 1914/2/1 1915/3/1 1916/4/1
f 1917/1/18 1918/2/18 1919/3/18 1920/4/18
f 1917/1/8 1916/2/8 1915/3/8 1918/4/8
f 1919/1/11 1914/2/11 1913/3/11 1920/4/11
f 1919/1/9 1918/2/9 1915/3/9 1914/4/9
f 1913/1/10 1916/2/10 1917/3/10 1920/4/10
f 1921/1/1 1922/2/1 1923/3/1 1924/4/1
f 1925/1/18 1926/2/18 1927/3/18 1928/4/18
f 1925/1/8 1924/2/8 1923/3/8 1926/4/8
f 1927/1/11 1922/2/11 1921/3/11 1928/4/11
f 1927/1/9 1926/2/9 1923/3/9 1922/4/9
f 1921/1/10 1924/2/10 1925/3/10 1928/4/10
f 1929/1/1 1930/2/1 1931/3/1 1932/4/1
f 1933/1/18 1934/2/18 1935/3/18 1936/4/18
f 1933/1/8 1932/2/8 1931/3/8 1934/4/8
f 1935/1/11 1930/2/11 1929/3/11 1936/4/11
f 1935/1/9 1934/2/9 1931/3/9 1930/4/9
f 1929/1/10 1932/2/10 1933/3/10 1936/4/10
f 1937/1/1 1929/2/1 1932/3/1 1938/4/1
f 1939/1/18 1933/2/18 1936/3/18 1940/4/18
f 1939/1/8 1938/2/8 1932/3/8 1933/4/8
f 1936/1/11 1929/2/11 1937/3/11 1940/4/11
f 1936/1/9 1933/2/9 1932/3/9 1929/4/9
f 1937/1/10 1938/2/10 1939/3/10 1940/4/10
f 1941/1/1 1942/2/1 1943/3/1 1944/4/1
f 1945/1/18 1946/2/18 1947/3/18 1948/4/18
f 1945/1/8 1944/2/8 1943/3/8 1946/4/8
f 1947/1/11 1942/2/11 1941/3/11 1948/4/11
f 1947/1/9 1946/2/9 1943/3/9 1942/4/9
f 1941/1/10 1944/2/10 1945/3/10 1948/4/10
f 1949/1/1 1950/2/1 1951/3/1 1952/4/1
f 1953/1/18 1954/2/18 1955/3/18 1956/4/18
f 1953/1/8 1952/2/8 1951/3/8 1954/4/8
f 1955/1/11 1950/2/11 1949/3/11 1956/4/11
f 1955/1/9 1954/2/9 1951/3/9 1950/4/9
f 1949/1/10 1952/2/10 1953/3/10 1956/4/10
f 1957/1/1 1958/2/1 1959/3/1 1960/4/1
f 1961/1/18 1962/2/18 1963/3/18 1964/4/18
f 1961/1/8 1960/2/8 1959/3/8 1962/4/8
f 1963/1/11 1958/2/11 1957/3/11 1964/4/11
f 1963/1/9 1962/2/9 1959/3/9 1958/4/9
f 1957/1/10 1960/2/10 1961/3/10 1964/4/10
f 1965/1/1 1966/2/1 1967/3/1 1968/4/1
f 1969/1/18 1970/2/18 1971/3/18 1972/4/18
f 1969/1/8 1968/2/8 1967/3/8 1970/4/8
f 1971/1/11 1966/2/11 1965/3/11 1972/4/11
f 1971/1/9 1970/2/9 1967/3/9 1966/4/9
f 1965/1/10 1968/2/10 1969/3/10 1972/4/10
f 1973/1/1 1974/2/1 1975/3/1 1976/4/1
f 1977/1/18 1978/2/18 1979/3/18 1980/4/18
f 1977/1/8 1976/2/8 1975/3/8 1978/4/8
f 1979/1/11 1974/2/11 1973/3/11 1980/4/11
f 1979/1/9 1978/2/9 1975/3/9 1974/4/9
f 1973/1/10 1976/2/10 1977/3/10 1980/4/10
f 1981/1/1 1982/2/1 1983/3/1 1984/4/1
f 1985/1/18 1986/2/18 1987/3/18 1988/4/18
f 1985/1/8 1984/2/8 1983/3/8 1986/4/8
f 1987/1/11 1982/2/11 1981/3/11 1988/4/11
f 1987/1/9 1986/2/9 1983/3/9 1982/4/9
f 1981/1/10 1984/2/10 1985/3/10 1988/4/10
f 1989/1/1 1990/2/1 1991/3/1 1992/4/1
f 1993/1/18 1994/2/18 1995/3/18 1996/4/18
f 1993/1/8 1992/2/8 1991/3/8 1994/4/8
f 1995/1/11 1990/2/11 1989/3/11 1996/4/11
f 1995/1/9 1994/2/9 1991/3/9 1990/4/9
f 1989/1/10 1992/2/10 1993/3/10 1996/4/10
f 1997/1/1 1998/2/1 1999/3/1 2000/4/1
f 2001/1/18 2002/2/18 2003/3/18 2004/4/18
f 2001/1/8 2000/2/8 1999/3/8 2002/4/8
f 2003/1/11 1998/2/11 1997/3/11 2004/4/11
f 2003/1/9 2002/2/9 1999/3/9 1998/4/9
f 1997/1/10 2000/2/10 2001/3/10 2004/4/10
f 2005/1/1 2006/2/1 2007/3/1 2008/4/1
f 2009/1/18 2010/2/18 2011/3/18 2012/4/18
f 2009/1/8 2008/2/8 2007/3/8 2010/4/8
f 2011/1/11 2006/2/11 2005/3/11 2012/4/11
f 2011/1/9 2010/2/9 2007/3/9 2006/4/9
f 2005/1/10 2008/2/10 2009/3/10 2012/4/10
f 2013/1/1 2014/2/1 2015/3/1 2016/4/1
f 2017/1/18 2018/2/18 2019/3/18 2020/4/18
f 2017/1/8 2016/2/8 2015/3/8 2018/4/8
f 2019/1/11 2014/2/11 2013/3/11 2020/4/11
f 2019/1/9 2018/2/9 2015/3/9 2014/4/9
f 2013/1/10 2016/2/10 2017/3/10 2020/4/10
f 2021/1/1 2022/2/1 2023/3/1 2024/4/1
f 2025/1/18 2026/2/18 2027/3/18 2028/4/18
f 2025/1/8 2024/2/8 2023/3/8 2026/4/8
f 2027/1/11 2022/2/11 2021/3/11 2028/4/11
f 2027/1/9 2026/2/9 2023/3/9 2022/4/9
f 2021/1/10 2024/2/10 2025/3/10 2028/4/10
f 2029/1/1 2030/2/1 2031/3/1 2032/4/1
f 2033/1/18 2034/2/18 2035/3/18 2036/4/18
f 2033/1/8 2032/2/8 2031/3/8 2034/4/8
f 2035/1/11 2030/2/11 2029/3/11 2036/4/11
f 2035/1/9 2034/2/9 2031/3/9 2030/4/9
f 2029/1/10 2032/2/10 2033/3/10 2036/4/10
f 2037/1/1 2038/2/1 2039/3/1 2040/4/1
f 2041/1/18 2042/2/18 2043/3/18 2044/4/18
f 2041/1/8 2040/2/8 2039/3/8 2042/4/8
f 2043/1/11 2038/2/11 2037/3/11 2044/4/11
f 2043/1/9 2042/2/9 2039/3/9 2038/4/9
f 2037/1/10 2040/2/10 2041/3/10 2044/4/10
f 2045/1/1 2046/2/1 2047/3/1 2048/4/1
f 2049/1/18 2050/2/18 2051/3/18 2052/4/18
f 2049/1/8 2048/2/8 2047/3/8 2050/4/8
f 2051/1/11 2046/2/11 2045/3/11 2052/4/11
f 2051/1/9 2050/2/9 2047/3/9 2046/4/9
f 2045/1/10 2048/2/10 2049/3/10 2052/4/10
f 2053/1/1 2054/2/1 2055/3/1 2056/4/1
f 2057/1/18 2058/2/18 2059/3/18 2060/4/18
f 2057/1/8 2056/2/8 2055/3/8 2058/4/8
f 2059/1/11 2054/2/11 2053/3/11 2060/4/11
f 2059/1/9 2058/2/9 2055/3/9 2054/4/9
f 2053/1/10 2056/2/10 2057/3/10 2060/4/10
f 2061/1/1 2062/2/1 2063/3/1 2064/4/1
f 2065/1/18 2066/2/18 2067/3/18 2068/4/18
f 2065/1/8 2064/2/8 2063/3/8 2066/4/8
f 2067/1/11 2062/2/11 2061/3/11 2068/4/11
f 2067/1/9 2066/2/9 2063/3/9 2062/4/9
f 2061/1/10 2064/2/10 2065/3/10 2068/4/10
f 2069/1/1 2070/2/1 2071/3/1 2072/4/1
f 2073/1/18 2074/2/18 2075/3/18 2076/4/18
f 2073/1/8 2072/2/8 2071/3/8 2074/4/8
f 2075/1/11 2070/2/11 2069/3/11 2076/4/11
f 2075/1/9 2074/2/9 2071/3/9 2070/4/9
f 2069/1/10 2072/2/10 2073/3/10 2076/4/10
f 2077/1/1 2078/2/1 2079/3/1 2080/4/1
f 2081/1/18 2082/2/18 2083/3/18 2084/4/18
f 2081/1/8 2080/2/8 2079/3/8 2082/4/8
f 2083/1/11 2078/2/11 2077/3/11 2084/4/11
f 2083/1/9 2082/2/9 2079/3/9 2078/4/9
f 2077/1/10 2080/2/10 2081/3/10 2084/4/10
f 2085/1/1 2086/2/1 2087/3/1 2088/4/1
f 2089/1/18 2090/2/18 2091/3/18 2092/4/18
f 2089/1/8 2088/2/8 2087/3/8 2090/4/8
f 2091/1/11 2086/2/11 2085/3/11 2092/4/11
f 2091/1/9 2090/2/9 2087/3/9 2086/4/9
f 2085/1/10 2088/2/10 2089/3/10 2092/4/10
f 2093/1/1 2094/2/1 2095/3/1 2096/4/1
f 2097/1/18 2098/2/18 2099/3/18 2100/4/18
f 2097/1/8 2096/2/8 2095/3/8 2098/4/8
f 2099/1/11 2094/2/11 2093/3/11 2100/4/11
f 2099/1/9 2098/2/9 2095/3/9 2094/4/9
f 2093/1/10 2096/2/10 2097/3/10 2100/4/10
f 2101/1/1 2102/2/1 2103/3/1 2104/4/1
f 2105/1/18 2106/2/18 2107/3/18 2108/4/18
f 2105/1/8 2104/2/8 2103/3/8 2106/4/8
f 2107/1/11 2102/2/11 2101/3/11 2108/4/11
f 2107/1/9 2106/2/9 2103/3/9 2102/4/9
f 2101/1/10 2104/2/10 2105/3/10 2108/4/10
f 2109/1/1 2110/2/1 2111/3/1 2112/4/1
f 2113/1/18 2114/2/18 2115/3/18 2116/4/18
f 2113/1/8 2112/2/8 2111/3/8 2114/4/8
f 2115/1/11 2110/2/11 2109/3/11 2116/4/11
f 2115/1/9 2114/2/9 2111/3/9 2110/4/9
f 2109/1/10 2112/2/10 2113/3/10 2116/4/10
f 2117/1/1 2118/2/1 2119/3/1 2120/4/1
f 2121/1/18 2122/2/18 2123/3/18 2124/4/18
f 2121/1/8 2120/2/8 2119/3/8 2122/4/8
f 2123/1/11 2118/2/11 2117/3/11 2124/4/11
f 2123/1/9 2122/2/9 2119/3/9 2118/4/9
f 2117/1/10 2120/2/10 2121/3/10 2124/4/10
f 2125/1/1 2126/2/1 2127/3/1 2128/4/1
f 2129/1/18 2130/2/18 2131/3/18 2132/4/18
f 2129/1/8 2128/2/8 2127/3/8 2130/4/8
f 2131/1/11 2126/2/11 2125/3/11 2132/4/11
f 2131/1/9 2130/2/9 2127/3/9 2126/4/9
f 2125/1/10 2128/2/10 2129/3/10 2132/4/10
f 2133/1/1 2134/2/1 2135/3/1 2136/4/1
f 2137/1/18 2138/2/18 2139/3/18 2140/4/18
f 2137/1/8 2136/2/8 2135/3/8 2138/4/8
f 2139/1/11 2134/2/11 2133/3/11 2140/4/11
f 2139/1/9 2138/2/9 2135/3/9 2134/4/9
f 2133/1/10 2136/2/10 2137/3/10 2140/4/10
f 2141/1/1 2142/2/1 2143/3/1 2144/4/1
f 2145/1/18 2146/2/18 2147/3/18 2148/4/18
f 2145/1/8 2144/2/8 2143/3/8 2146/4/8
f 2147/1/11 2142/2/11 2141/3/11 2148/4/11
f 2147/1/9 2146/2/9 2143/3/9 2142/4/9
f 2141/1/10 2144/2/10 2145/3/10 2148/4/10
f 2149/1/1 2150/2/1 2151/3/1 2152/4/1
f 2153/1/18 2154/2/18 2155/3/18 2156/4/18
f 2153/1/8 2152/2/8 2151/3/8 2154/4/8
f 2155/1/11 2150/2/11 2149/3/11 2156/4/11
f 2155/1/9 2154/2/9 2151/3/9 2150/4/9
f 2149/1/10 2152/2/10 2153/3/10 2156/4/10
f 2157/1/1 2158/2/1 2159/3/1 2160/4/1
f 2161/1/18 2162/2/18 2163/3/18 2164/4/18
f 2161/1/8 2160/2/8 2159/3/8 2162/4/8
f 2163/1/11 2158/2/11 2157/3/11 2164/4/11
f 2163/1/9 2162/2/9 2159/3/9 2158/4/9
f 2157/1/10 2160/2/10 2161/3/10 2164/4/10
f 2165/1/1 2166/2/1 2167/3/1 2168/4/1
f 2169/1/18 2170/2/18 2171/3/18 2172/4/18
f 2169/1/8 2168/2/8 2167/3/8 2170/4/8
f 2171/1/11 2166/2/11 2165/3/11 2172/4/11
f 2171/1/9 2170/2/9 2167/3/9 2166/4/9
f 2165/1/10 2168/2/10 2169/3/10 2172/4/10
f 2173/1/1 2174/2/1 2175/3/1 2176/4/1
f 2177/1/18 2178/2/18 2179/3/18 2180/4/18
f 2177/1/8 2176/2/8 2175/3/8 2178/4/8
f 2179/1/11 2174/2/11 2173/3/11 2180/4/11
f 2179/1/9 2178/2/9 2175/3/9 2174/4/9
f 2173/1/10 2176/2/10 2177/3/10 2180/4/10
f 2181/1/1 2182/2/1 2183/3/1 2184/4/1
f 2185/1/18 2186/2/18 2187/3/18 2188/4/18
f 2185/1/8 2184/2/8 2183/3/8 2186/4/8
f 2187/1/11 2182/2/11 2181/3/11 2188/4/11
f 2187/1/9 2186/2/9 2183/3/9 2182/4/9
f 2181/1/10 2184/2/10 2185/3/10 2188/4/10
f 2189/1/1 2190/2/1 2191/3/1 2192/4/1
f 2193/1/18 2194/2/18 2195/3/18 2196/4/18
f 2193/1/8 2192/2/8 2191/3/8 2194/4/8
f 2195/1/11 2190/2/11 2189/3/11 2196/4/11
f 2195/1/9 2194/2/9 2191/3/9 2190/4/9
f 2189/1/10 2192/2/10 2193/3/10 2196/4/10
f 2197/1/1 2198/2/1 2199/3/1 2200/4/1
f 2201/1/18 2202/2/18 2203/3/18 2204/4/18
f 2201/1/8 2200/2/8 2199/3/8 2202/4/8
f 2203/1/11 2198/2/11 2197/3/11 2204/4/11
f 2203/1/9 2202/2/9 2199/3/9 2198/4/9
f 2197/1/10 2200/2/10 2201/3/10 2204/4/10
f 2205/1/1 2206/2/1 2207/3/1 2208/4/1
f 2209/1/18 2210/2/18 2211/3/18 2212/4/18
f 2209/1/8 2208/2/8 2207/3/8 2210/4/8
f 2211/1/11 2206/2/11 2205/3/11 2212/4/11
f 2211/1/9 2210/2/9 2207/3/9 2206/4/9
f 2205/1/10 2208/2/10 2209/3/10 2212/4/10
f 2213/1/1 2214/2/1 2215/3/1 2216/4/1
f 2217/1/18 2218/2/18 2219/3/18 2220/4/18
f 2217/1/8 2216/2/8 2215/3/8 2218/4/8
f 2219/1/11 2214/2/11 2213/3/11 2220/4/11
f 2219/1/9 2218/2/9 2215/3/9 2214/4/9
f 2213/1/10 2216/2/10 2217/3/10 2220/4/10
f 2221/1/1 2222/2/1 2223/3/1 2224/4/1
f 2225/1/18 2226/2/18 2227/3/18 2228/4/18
f 2225/1/8 2224/2/8 2223/3/8 2226/4/8
f 2227/1/11 2222/2/11 2221/3/11 2228/4/11
f 2227/1/9 2226/2/9 2223/3/9 2222/4/9
f 2221/1/10 2224/2/10 2225/3/10 2228/4/10
f 2229/1/1 2230/2/1 2231/3/1 2232/4/1
f 2233/1/18 2234/2/18 2235/3/18 2236/4/18
f 2233/1/8 2232/2/8 2231/3/8 2234/4/8
f 2235/1/11 2230/2/11 2229/3/11 2236/4/11
f 2235/1/9 2234/2/9 2231/3/9 2230/4/9
f 2229/1/10 2232/2/10 2233/3/10 2236/4/10
f 2237/1/1 2238/2/1 2239/3/1 2240/4/1
f 2241/1/18 2242/2/18 2243/3/18 2244/4/18
f 2241/1/8 2240/2/8 2239/3/8 2242/4/8
f 2243/1/11 2238/2/11 2237/3/11 2244/4/11
f 2243/1/9 2242/2/9 2239/3/9 2238/4/9
f 2237/1/10 2240/2/10 2241/3/10 2244/4/10
f 2245/1/1 2246/2/1 2247/3/1 2248/4/1
f 2249/1/18 2250/2/18 2251/3/18 2252/4/18
f 2249/1/8 2248/2/8 2247/3/8 2250/4/8
f 2251/1/11 2246/2/11 2245/3/11 2252/4/11
f 2251/1/9 2250/2/9 2247/3/9 2246/4/9
f 2245/1/10 2248/2/10 2249/3/10 2252/4/10
f 2253/1/1 2254/2/1 2255/3/1 2256/4/1
f 2257/1/18 2258/2/18 2259/3/18 2260/4/18
f 2257/1/8 2256/2/8 2255/3/8 2258/4/8
f 2259/1/11 2254/2/11 2253/3/11 2260/4/11
f 2259/1/9 2258/2/9 2255/3/9 2254/4/9
f 2253/1/10 2256/2/10 2257/3/10 2260/4/10
f 2261/1/1 2262/2/1 2263/3/1 2264/4/1
f 2265/1/18 2266/2/18 2267/3/18 2268/4/18
f 2265/1/8 2264/2/8 2263/3/8 2266/4/8
f 2267/1/11 2262/2/11 2261/3/11 2268/4/11
f 2267/1/9 2266/2/9 2263/3/9 2262/4/9
f 2261/1/10 2264/2/10 2265/3/10 2268/4/10
f 2269/1/1 2270/2/1 2271/3/1 2272/4/1
f 2273/1/18 2274/2/18 2275/3/18 2276/4/18
f 2273/1/8 2272/2/8 2271/3/8 2274/4/8
f 2275/1/11 2270/2/11 2269/3/11 2276/4/11
f 2275/1/9 2274/2/9 2271/3/9 2270/4/9
f 2269/1/10 2272/2/10 2273/3/10 2276/4/10
f 2277/1/1 2278/2/1 2279/3/1 2280/4/1
f 2281/1/18 2282/2/18 2283/3/18 2284/4/18
f 2281/1/8 2280/2/8 2279/3/8 2282/4/8
f 2283/1/11 2278/2/11 2277/3/11 2284/4/11
f 2283/1/9 2282/2/9 2279/3/9 2278/4/9
f 2277/1/10 2280/2/10 2281/3/10 2284/4/10
f 2285/1/1 2286/2/1 2287/3/1 2288/4/1
f 2289/1/18 2290/2/18 2291/3/18 2292/4/18
f 2289/1/8 2288/2/8 2287/3/8 2290/4/8
f 2291/1/11 2286/2/11 2285/3/11 2292/4/11
f 2291/1/9 2290/2/9 2287/3/9 2286/4/9
f 2285/1/10 2288/2/10 2289/3/10 2292/4/10
f 2293/1/1 2294/2/1 2295/3/1 2296/4/1
f 2297/1/18 2298/2/18 2299/3/18 2300/4/18
f 2297/1/8 2296/2/8 2295/3/8 2298/4/8
f 2299/1/11 2294/2/11 2293/3/11 2300/4/11
f 2299/1/9 2298/2/9 2295/3/9 2294/4/9
f 2293/1/10 2296/2/10 2297/3/10 2300/4/10
f 2301/1/1 2302/2/1 2303/3/1 2304/4/1
f 2305/1/18 2306/2/18 2307/3/18 2308/4/18
f 2305/1/8 2304/2/8 2303/3/8 2306/4/8
f 2307/1/11 2302/2/11 2301/3/11 2308/4/11
f 2307/1/9 2306/2/9 2303/3/9 2302/4/9
f 2301/1/10 2304/2/10 2305/3/10 2308/4/10
f 2309/1/1 2310/2/1 2311/3/1 2312/4/1
f 2313/1/18 2314/2/18 2315/3/18 2316/4/18
f 2313/1/8 2312/2/8 2311/3/8 2314/4/8
f 2315/1/11 2310/2/11 2309/3/11 2316/4/11
f 2315/1/9 2314/2/9 2311/3/9 2310/4/9
f 2309/1/10 2312/2/10 2313/3/10 2316/4/10
f 2317/1/1 2318/2/1 2319/3/1 2320/4/1
f 2321/1/18 2322/2/18 2323/3/18 2324/4/18
f 2321/1/8 2320/2/8 2319/3/8 2322/4/8
f 2323/1/11 2318/2/11 2317/3/11 2324/4/11
f 2323/1/9 2322/2/9 2319/3/9 2318/4/9
f 2317/1/10 2320/2/10 2321/3/10 2324/4/10
f 2325/1/1 2326/2/1 2327/3/1 2328/4/1
f 2329/1/18 2330/2/18 2331/3/18 2332/4/18
f 2329/1/8 2328/2/8 2327/3/8 2330/4/8
f 2331/1/11 2326/2/11 2325/3/11 2332/4/11
f 2331/1/9 2330/2/9 2327/3/9 2326/4/9
f 2325/1/10 2328/2/10 2329/3/10 2332/4/10
f 2333/1/1 2334/2/1 2335/3/1 2336/4/1
f 2337/1/18 2338/2/18 2339/3/18 2340/4/18
f 2337/1/8 2336/2/8 2335/3/8 2338/4/8
f 2339/1/11 2334/2/11 2333/3/11 2340/4/11
f 2339/1/9 2338/2/9 2335/3/9 2334/4/9
f 2333/1/10 2336/2/10 2337/3/10 2340/4/10
f 2341/1/1 2342/2/1 2343/3/1 2344/4/1
f 2345/1/18 2346/2/18 2347/3/18 2348/4/18
f 2345/1/8 2344/2/8 2343/3/8 2346/4/8
f 2347/1/11 2342/2/11 2341/3/11 2348/4/11
f 2347/1/9 2346/2/9 2343/3/9 2342/4/9
f 2341/1/10 2344/2/10 2345/3/10 2348/4/10
f 2349/1/1 2350/2/1 2351/3/1 2352/4/1
f 2353/1/18 2354/2/18 2355/3/18 2356/4/18
f 2353/1/8 2352/2/8 2351/3/8 2354/4/8
f 2355/1/11 2350/2/11 2349/3/11 2356/4/11
f 2355/1/9 2354/2/9 2351/3/9 2350/4/9
f 2349/1/10 2352/2/10 2353/3/10 2356/4/10
f 2357/1/1 2358/2/1 2359/3/1 2360/4/1
f 2361/1/18 2362/2/18 2363/3/18 2364/4/18
f 2361/1/8 2360/2/8 2359/3/8 2362/4/8
f 2363/1/11 2358/2/11 2357/3/11 2364/4/11
f 2363/1/9 2362/2/9 2359/3/9 2358/4/9
f 2357/1/10 2360/2/10 2361/3/10 2364/4/10
f 2365/1/1 2366/2/1 2367/3/1 2368/4/1
f 2369/1/18 2370/2/18 2371/3/18 2372/4/18
f 2369/1/8 2368/2/8 2367/3/8 2370/4/8
f 2371/1/11 2366/2/11 2365/3/11 2372/4/11
f 2371/1/9 2370/2/9 2367/3/9 2366/4/9
f 2365/1/10 2368/2/10 2369/3/10 2372/4/10
f 2373/1/1 2374/2/1 2375/3/1 2376/4/1
f 2377/1/18 2378/2/18 2379/3/18 2380/4/18
f 2377/1/8 2376/2/8 2375/3/8 2378/4/8
f 2379/1/11 2374/2/11 2373/3/11 2380/4/11
f 2379/1/9 2378/2/9 2375/3/9 2374/4/9
f 2373/1/10 2376/2/10 2377/3/10 2380/4/10
f 2381/1/1 2382/2/1 2383/3/1 2384/4/1
f 2385/1/18 2386/2/18 2387/3/18 2388/4/18
f 2385/1/8 2384/2/8 2383/3/8 2386/4/8
f 2387/1/11 2382/2/11 2381/3/11 2388/4/11
f 2387/1/9 2386/2/9 2383/3/9 2382/4/9
f 2381/1/10 2384/2/10 2385/3/10 2388/4/10
f 2389/1/1 2390/2/1 2391/3/1 2392/4/1
f 2393/1/18 2394/2/18 2395/3/18 2396/4/18
f 2393/1/8 2392/2/8 2391/3/8 2394/4/8
f 2395/1/11 2390/2/11 2389/3/11 2396/4/11
f 2395/1/9 2394/2/9 2391/3/9 2390/4/9
f 2389/1/10 2392/2/10 2393/3/10 2396/4/10
f 2397/1/1 2398/2/1 2399/3/1 2400/4/1
f 2401/1/18 2402/2/18 2403/3/18 2404/4/18
f 2401/1/8 2400/2/8 2399/3/8 2402/4/8
f 2403/1/11 2398/2/11 2397/3/11 2404/4/11
f 2403/1/9 2402/2/9 2399/3/9 2398/4/9
f 2397/1/10 2400/2/10 2401/3/10 2404/4/10
f 2405/1/1 2406/2/1 2407/3/1 2408/4/1
f 2409/1/18 2410/2/18 2411/3/18 2412/4/18
f 2409/1/8 2408/2/8 2407/3/8 2410/4/8
f 2411/1/11 2406/2/11 2405/3/11 2412/4/11
f 2411/1/9 2410/2/9 2407/3/9 2406/4/9
f 2405/1/10 2408/2/10 2409/3/10 2412/4/10
f 2413/1/1 2414/2/1 2415/3/1 2416/4/1
f 2417/1/18 2418/2/18 2419/3/18 2420/4/18
f 2417/1/8 2416/2/8 2415/3/8 2418/4/8
f 2419/1/11 2414/2/11 2413/3/11 2420/4/11
f 2419/1/9 2418/2/9 2415/3/9 2414/4/9
f 2413/1/10 2416/2/10 2417/3/10 2420/4/10
f 2421/1/1 2422/2/1 2423/3/1 2424/4/1
f 2425/1/18 2426/2/18 2427/3/18 2428/4/18
f 2425/1/8 2424/2/8 2423/3/8 2426/4/8
f 2427/1/11 2422/2/11 2421/3/11 2428/4/11
f 2427/1/9 2426/2/9 2423/3/9 2422/4/9
f 2421/1/10 2424/2/10 2425/3/10 2428/4/10
f 2429/1/1 2430/2/1 2431/3/1 2432/4/1
f 2433/1/18 2434/2/18 2435/3/18 2436/4/18
f 2433/1/8 2432/2/8 2431/3/8 2434/4/8
f 2435/1/11 2430/2/11 2429/3/11 2436/4/11
f 2435/1/9 2434/2/9 2431/3/9 2430/4/9
f 2429/1/10 2432/2/10 2433/3/10 2436/4/10
f 2437/1/1 2438/2/1 2439/3/1 2440/4/1
f 2441/1/18 2442/2/18 2443/3/18 2444/4/18
f 2441/1/8 2440/2/8 2439/3/8 2442/4/8
f 2443/1/11 2438/2/11 2437/3/11 2444/4/11
f 2443/1/9 2442/2/9 2439/3/9 2438/4/9
f 2437/1/10 2440/2/10 2441/3/10 2444/4/10
f 2445/1/1 2446/2/1 2447/3/1 2448/4/1
f 2449/1/18 2450/2/18 2451/3/18 2452/4/18
f 2449/1/8 2448/2/8 2447/3/8 2450/4/8
f 2451/1/11 2446/2/11 2445/3/11 2452/4/11
f 2451/1/9 2450/2/9 2447/3/9 2446/4/9
f 2445/1/10 2448/2/10 2449/3/10 2452/4/10
f 2453/1/1 2454/2/1 2455/3/1 2456/4/1
f 2457/1/18 2458/2/18 2459/3/18 2460/4/18
f 2457/1/8 2456/2/8 2455/3/8 2458/4/8
f 2459/1/11 2454/2/11 2453/3/11 2460/4/11
f 2459/1/9 2458/2/9 2455/3/9 2454/4/9
f 2453/1/10 2456/2/10 2457/3/10 2460/4/10
f 2461/1/1 2462/2/1 2463/3/1 2464/4/1
f 2465/1/18 2466/2/18 2467/3/18 2468/4/18
f 2465/1/8 2464/2/8 2463/3/8 2466/4/8
f 2467/1/11 2462/2/11 2461/3/11 2468/4/11
f 2467/1/9 2466/2/9 2463/3/9 2462/4/9
f 2461/1/10 2464/2/10 2465/3/10 2468/4/10
f 2469/1/1 2470/2/1 2471/3/1 2472/4/1
f 2473/1/18 2474/2/18 2475/3/18 2476/4/18
f 2473/1/8 2472/2/8 2471/3/8 2474/4/8
f 2475/1/11 2470/2/11 2469/3/11 2476/4/11
f 2475/1/9 2474/2/9 2471/3/9 2470/4/9
f 2469/1/10 2472/2/10 2473/3/10 2476/4/10
f 2477/1/1 2478/2/1 2479/3/1 2480/4/1
f 2481/1/18 2482/2/18 2483/3/18 2484/4/18
f 2481/1/8 2480/2/8 2479/3/8 2482/4/8
f 2483/1/11 2478/2/11 2477/3/11 2484/4/11
f 2483/1/9 2482/2/9 2479/3/9 2478/4/9
f 2477/1/10 2480/2/10 2481/3/10 2484/4/10
f 2485/1/1 2486/2/1 2487/3/1 2488/4/1
f 2489/1/18 2490/2/18 2491/3/18 2492/4/18
f 2489/1/8 2488/2/8 2487/3/8 2490/4/8
f 2491/1/11 2486/2/11 2485/3/11 2492/4/11
f 2491/1/9 2490/2/9 2487/3/9 2486/4/9
f 2485/1/10 2488/2/10 2489/3/10 2492/4/10
f 2493/1/1 2494/2/1 2495/3/1 2496/4/1
f 2497/1/18 2498/2/18 2499/3/18 2500/4/18
f 2497/1/8 2496/2/8 2495/3/8 2498/4/8
f 2499/1/11 2494/2/11 2493/3/11 2500/4/11
f 2499/1/9 2498/2/9 2495/3/9 2494/4/9
f 2493/1/10 2496/2/10 2497/3/10 2500/4/10
f 2501/1/1 2502/2/1 2503/3/1 2504/4/1
f 2505/1/18 2506/2/18 2507/3/18 2508/4/18
f 2505/1/8 2504/2/8 2503/3/8 2506/4/8
f 2507/1/11 2502/2/11 2501/3/11 2508/4/11
f 2507/1/9 2506/2/9 2503/3/9 2502/4/9
f 2501/1/10 2504/2/10 2505/3/10 2508/4/10
f 2509/1/1 2510/2/1 2511/3/1 2512/4/1
f 2513/1/18 2514/2/18 2515/3/18 2516/4/18
f 2513/1/8 2512/2/8 2511/3/8 2514/4/8
f 2515/1/11 2510/2/11 2509/3/11 2516/4/11
f 2515/1/9 2514/2/9 2511/3/9 2510/4/9
f 2509/1/10 2512/2/10 2513/3/10 2516/4/10
f 2517/1/1 2518/2/1 2519/3/1 2520/4/1
f 2521/1/18 2522/2/18 2523/3/18 2524/4/18
f 2521/1/8 2520/2/8 2519/3/8 2522/4/8
f 2523/1/11 2518/2/11 2517/3/11 2524/4/11
f 2523/1/9 2522/2/9 2519/3/9 2518/4/9
f 2517/1/10 2520/2/10 2521/3/10 2524/4/10
f 2525/1/1 2526/2/1 2527/3/1 2528/4/1
f 2529/1/18 2530/2/18 2531/3/18 2532/4/18
f 2529/1/8 2528/2/8 2527/3/8 2530/4/8
f 2531/1/11 2526/2/11 2525/3/11 2532/4/11
f 2531/1/9 2530/2/9 2527/3/9 2526/4/9
f 2525/1/10 2528/2/10 2529/3/10 2532/4/10
f 2533/1/1 2534/2/1 2535/3/1 2536/4/1
f 2537/1/18 2538/2/18 2539/3/18 2540/4/18
f 2537/1/8 2536/2/8 2535/3/8 2538/4/8
f 2539/1/11 2534/2/11 2533/3/11 2540/4/11
f 2539/1/9 2538/2/9 2535/3/9 2534/4/9
f 2533/1/10 2536/2/10 2537/3/10 2540/4/10
f 2541/1/1 2542/2/1 2543/3/1 2544/4/1
f 2545/1/18 2546/2/18 2547/3/18 2548/4/18
f 2545/1/8 2544/2/8 2543/3/8 2546/4/8
f 2547/1/11 2542/2/11 2541/3/11 2548/4/11
f 2547/1/9 2546/2/9 2543/3/9 2542/4/9
f 2541/1/10 2544/2/10 2545/3/10 2548/4/10
f 2549/1/1 2550/2/1 2551/3/1 2552/4/1
f 2553/1/18 2554/2/18 2555/3/18 2556/4/18
f 2553/1/8 2552/2/8 2551/3/8 2554/4/8
f 2555/1/11 2550/2/11 2549/3/11 2556/4/11
f 2555/1/9 2554/2/9 2551/3/9 2550/4/9
f 2549/1/10 2552/2/10 2553/3/10 2556/4/10
f 2557/1/1 2558/2/1 2559/3/1 2560/4/1
f 2561/1/18 2562/2/18 2563/3/18 2564/4/18
f 2561/1/8 2560/2/8 2559/3/8 2562/4/8
f 2563/1/11 2558/2/11 2557/3/11 2564/4/11
f 2563/1/9 2562/2/9 2559/3/9 2558/4/9
f 2557/1/10 2560/2/10 2561/3/10 2564/4/10
f 2565/1/1 2566/2/1 2567/3/1 2568/4/1
f 2569/1/18 2570/2/18 2571/3/18 2572/4/18
f 2569/1/8 2568/2/8 2567/3/8 2570/4/8
f 2571/1/11 2566/2/11 2565/3/11 2572/4/11
f 2571/1/9 2570/2/9 2567/3/9 2566/4/9
f 2565/1/10 2568/2/10 2569/3/10 2572/4/10
f 2573/1/1 2574/2/1 2575/3/1 2576/4/1
f 2577/1/18 2578/2/18 2579/3/18 2580/4/18
f 2577/1/8 2576/2/8 2575/3/8 2578/4/8
f 2579/1/11 2574/2/11 2573/3/11 2580/4/11
f 2579/1/9 2578/2/9 2575/3/9 2574/4/9
f 2573/1/10 2576/2/10 2577/3/10 2580/4/10
f 2581/1/1 2582/2/1 2583/3/1 2584/4/1
f 2585/1/18 2586/2/18 2587/3/18 2588/4/18
f 2585/1/8 2584/2/8 2583/3/8 2586/4/8
f 2587/1/11 2582/2/11 2581/3/11 2588/4/11
f 2587/1/9 2586/2/9 2583/3/9 2582/4/9
f 2581/1/10 2584/2/10 2585/3/10 2588/4/10
f 2589/1/1 2590/2/1 2591/3/1 2592/4/1
f 2593/1/18 2594/2/18 2595/3/18 2596/4/18
f 2593/1/8 2592/2/8 2591/3/8 2594/4/8
f 2595/1/11 2590/2/11 2589/3/11 2596/4/11
f 2595/1/9 2594/2/9 2591/3/9 2590/4/9
f 2589/1/10 2592/2/10 2593/3/10 2596/4/10
f 2597/1/1 2598/2/1 2599/3/1 2600/4/1
f 2601/1/18 2602/2/18 2603/3/18 2604/4/18
f 2601/1/8 2600/2/8 2599/3/8 2602/4/8
f 2603/1/11 2598/2/11 2597/3/11 2604/4/11
f 2603/1/9 2602/2/9 2599/3/9 2598/4/9
f 2597/1/10 2600/2/10 2601/3/10 2604/4/10
f 2605/1/1 2606/2/1 2607/3/1 2608/4/1
f 2609/1/18 2610/2/18 2611/3/18 2612/4/18
f 2609/1/8 2608/2/8 2607/3/8 2610/4/8
f 2611/1/11 2606/2/11 2605/3/11 2612/4/11
f 2611/1/9 2610/2/9 2607/3/9 2606/4/9
f 2605/1/10 2608/2/10 2609/3/10 2612/4/10
f 2613/1/1 2614/2/1 2615/3/1 2616/4/1
f 2617/1/18 2618/2/18 2619/3/18 2620/4/18
f 2617/1/8 2616/2/8 2615/3/8 2618/4/8
f 2619/1/11 2614/2/11 2613/3/11 2620/4/11
f 2619/1/9 2618/2/9 2615/3/9 2614/4/9
f 2613/1/10 2616/2/10 2617/3/10 2620/4/10
f 2621/1/1 2622/2/1 2623/3/1 2624/4/1
f 2625/1/18 2626/2/18 2627/3/18 2628/4/18
f 2625/1/8 2624/2/8 2623/3/8 2626/4/8
f 2627/1/11 2622/2/11 2621/3/11 2628/4/11
f 2627/1/9 2626/2/9 2623/3/9 2622/4/9
f 2621/1/10 2624/2/10 2625/3/10 2628/4/10
f 2629/1/1 2630/2/1 2631/3/1 2632/4/1
f 2633/1/18 2634/2/18 2635/3/18 2636/4/18
f 2633/1/8 2632/2/8 2631/3/8 2634/4/8
f 2635/1/11 2630/2/11 2629/3/11 2636/4/11
f 2635/1/9 2634/2/9 2631/3/9 2630/4/9
f 2629/1/10 2632/2/10 2633/3/10 2636/4/10
f 2637/1/1 2493/2/1 2496/3/1 2638/4/1
f 2639/1/18 2497/2/18 2500/3/18 2640/4/18
f 2639/1/8 2638/2/8 2496/3/8 2497/4/8
f 2500/1/11 2493/2/11 2637/3/11 2640/4/11
f 2500/1/9 2497/2/9 2496/3/9 2493/4/9
f 2637/1/10 2638/2/10 2639/3/10 2640/4/10
f 2641/1/1 2501/2/1 2504/3/1 2642/4/1
f 2643/1/18 2505/2/18 2508/3/18 2644/4/18
f 2643/1/8 2642/2/8 2504/3/8 2505/4/8
f 2508/1/11 2501/2/11 2641/3/11 2644/4/11
f 2508/1/9 2505/2/9 2504/3/9 2501/4/9
f 2641/1/10 2642/2/10 2643/3/10 2644/4/10
f 2645/1/1 2509/2/1 2512/3/1 2646/4/1
f 2647/1/18 2513/2/18 2516/3/18 2648/4/18
f 2647/1/8 2646/2/8 2512/3/8 2513/4/8
f 2516/1/11 2509/2/11 2645/3/11 2648/4/11
f 2516/1/9 2513/2/9 2512/3/9 2509/4/9
f 2645/1/10 2646/2/10 2647/3/10 2648/4/10
f 2649/1/1 2517/2/1 2520/3/1 2650/4/1
f 2651/1/18 2521/2/18 2524/3/18 2652/4/18
f 2651/1/8 2650/2/8 2520/3/8 2521/4/8
f 2524/1/11 2517/2/11 2649/3/11 2652/4/11
f 2524/1/9 2521/2/9 2520/3/9 2517/4/9
f 2649/1/10 2650/2/10 2651/3/10 2652/4/10
f 2653/1/1 2525/2/1 2528/3/1 2654/4/1
f 2655/1/18 2529/2/18 2532/3/18 2656/4/18
f 2655/1/8 2654/2/8 2528/3/8 2529/4/8
f 2532/1/11 2525/2/11 2653/3/11 2656/4/11
f 2532/1/9 2529/2/9 2528/3/9 2525/4/9
f 2653/1/10 2654/2/10 2655/3/10 2656/4/10
f 2657/1/1 2533/2/1 2536/3/1 2658/4/1
f 2659/1/18 2537/2/18 2540/3/18 2660/4/18
f 2659/1/8 2658/2/8 2536/3/8 2537/4/8
f 2540/1/11 2533/2/11 2657/3/11 2660/4/11
f 2540/1/9 2537/2/9 2536/3/9 2533/4/9
f 2657/1/10 2658/2/10 2659/3/10 2660/4/10
f 2661/1/1 2541/2/1 2544/3/1 2662/4/1
f 2663/1/18 2545/2/18 2548/3/18 2664/4/18
f 2663/1/8 2662/2/8 2544/3/8 2545/4/8
f 2548/1/11 2541/2/11 2661/3/11 2664/4/11
f 2548/1/9 2545/2/9 2544/3/9 2541/4/9
f 2661/1/10 2662/2/10 2663/3/10 2664/4/10
f 2665/1/1 2549/2/1 2552/3/1 2666/4/1
f 2667/1/18 2553/2/18 2556/3/18 2668/4/18
f 2667/1/8 2666/2/8 2552/3/8 2553/4/8
f 2556/1/11 2549/2/11 2665/3/11 2668/4/11
f 2556/1/9 2553/2/9 2552/3/9 2549/4/9
f 2665/1/10 2666/2/10 2667/3/10 2668/4/10
f 2669/1/1 2557/2/1 2560/3/1 2670/4/1
f 2671/1/18 2561/2/18 2564/3/18 2672/4/18
f 2671/1/8 2670/2/8 2560/3/8 2561/4/8
f 2564/1/11 2557/2/11 2669/3/11 2672/4/11
f 2564/1/9 2561/2/9 2560/3/9 2557/4/9
f 2669/1/10 2670/2/10 2671/3/10 2672/4/10
f 2673/1/1 2565/2/1 2568/3/1 2674/4/1
f 2675/1/18 2569/2/18 2572/3/18 2676/4/18
f 2675/1/8 2674/2/8 2568/3/8 2569/4/8
f 2572/1/11 2565/2/11 2673/3/11 2676/4/11
f 2572/1/9 2569/2/9 2568/3/9 2565/4/9
f 2673/1/10 2674/2/10 2675/3/10 2676/4/10
f 2677/1/1 2573/2/1 2576/3/1 2678/4/1
f 2679/1/18 2577/2/18 2580/3/18 2680/4/18
f 2679/1/8 2678/2/8 2576/3/8 2577/4/8
f 2580/1/11 2573/2/11 2677/3/11 2680/4/11
f 2580/1/9 2577/2/9 2576/3/9 2573/4/9
f 2677/1/10 2678/2/10 2679/3/10 2680/4/10
f 2681/1/1 2581/2/1 2584/3/1 2682/4/1
f 2683/1/18 2585/2/18 2588/3/18 2684/4/18
f 2683/1/8 2682/2/8 2584/3/8 2585/4/8
f 2588/1/11 2581/2/11 2681/3/11 2684/4/11
f 2588/1/9 2585/2/9 2584/3/9 2581/4/9
f 2681/1/10 2682/2/10 2683/3/10 2684/4/10
f 2685/1/1 2589/2/1 2592/3/1 2686/4/1
f 2687/1/18 2593/2/18 2596/3/18 2688/4/18
f 2687/1/8 2686/2/8 2592/3/8 2593/4/8
f 2596/1/11 2589/2/11 2685/3/11 2688/4/11
f 2596/1/9 2593/2/9 2592/3/9 2589/4/9
f 2685/1/10 2686/2/10 2687/3/10 2688/4/10
f 2689/1/1 2597/2/1 2600/3/1 2690/4/1
f 2691/1/18 2601/2/18 2604/3/18 2692/4/18
f 2691/1/8 2690/2/8 2600/3/8 2601/4/8
f 2604/1/11 2597/2/11 2689/3/11 2692/4/11
f 2604/1/9 2601/2/9 2600/3/9 2597/4/9
f 2689/1/10 2690/2/10 2691/3/10 2692/4/10
f 2693/1/1 2605/2/1 2608/3/1 2694/4/1
f 2695/1/18 2609/2/18 2612/3/18 2696/4/18
f 2695/1/8 2694/2/8 2608/3/8 2609/4/8
f 2612/1/11 2605/2/11 2693/3/11 2696/4/11
f 2612/1/9 2609/2/9 2608/3/9 2605/4/9
f 2693/1/10 2694/2/10 2695/3/10 2696/4/10
f 2697/1/1 2613/2/1 2616/3/1 2698/4/1
f 2699/1/18 2617/2/18 2620/3/18 2700/4/18
f 2699/1/8 2698/2/8 2616/3/8 2617/4/8
f 2620/1/11 2613/2/11 2697/3/11 2700/4/11
f 2620/1/9 2617/2/9 2616/3/9 2613/4/9
f 2697/1/10 2698/2/10 2699/3/10 2700/4/10
f 2701/1/1 2621/2/1 2624/3/1 2702/4/1
f 2703/1/18 2625/2/18 2628/3/18 2704/4/18
f 2703/1/8 2702/2/8 2624/3/8 2625/4/8
f 2628/1/11 2621/2/11 2701/3/11 2704/4/11
f 2628/1/9 2625/2/9 2624/3/9 2621/4/9
f 2701/1/10 2702/2/10 2703/3/10 2704/4/10
f 2705/1/1 2629/2/1 2632/3/1 2706/4/1
f 2707/1/18 2633/2/18 2636/3/18 2708/4/18
f 2707/1/8 2706/2/8 2632/3/8 2633/4/8
f 2636/1/11 2629/2/11 2705/3/11 2708/4/11
f 2636/1/9 2633/2/9 2632/3/9 2629/4/9
f 2705/1/10 2706/2/10 2707/3/10 2708/4/10
f 2709/1/1 2710/2/1 2711/3/1 2712/4/1
f 2713/1/18 2714/2/18 2715/3/18 2716/4/18
f 2713/1/8 2712/2/8 2711/3/8 2714/4/8
f 2715/1/11 2710/2/11 2709/3/11 2716/4/11
f 2715/1/9 2714/2/9 2711/3/9 2710/4/9
f 2709/1/10 2712/2/10 2713/3/10 2716/4/10
f 2717/1/1 2718/2/1 2719/3/1 2720/4/1
f 2721/1/18 2722/2/18 2723/3/18 2724/4/18
f 2721/1/8 2720/2/8 2719/3/8 2722/4/8
f 2723/1/11 2718/2/11 2717/3/11 2724/4/11
f 2723/1/9 2722/2/9 2719/3/9 2718/4/9
f 2717/1/10 2720/2/10 2721/3/10 2724/4/10
f 2725/1/1 2726/2/1 2727/3/1 2728/4/1
f 2729/1/18 2730/2/18 2731/3/18 2732/4/18
f 2729/1/8 2728/2/8 2727/3/8 2730/4/8
f 2731/1/11 2726/2/11 2725/3/11 2732/4/11
f 2731/1/9 2730/2/9 2727/3/9 2726/4/9
f 2725/1/10 2728/2/10 2729/3/10 2732/4/10
f 2733/1/1 2734/2/1 2735/3/1 2736/4/1
f 2737/1/18 2738/2/18 2739/3/18 2740/4/18
f 2737/1/8 2736/2/8 2735/3/8 2738/4/8
f 2739/1/11 2734/2/11 2733/3/11 2740/4/11
f 2739/1/9 2738/2/9 2735/3/9 2734/4/9
f 2733/1/10 2736/2/10 2737/3/10 2740/4/10
f 2741/1/1 2742/2/1 2743/3/1 2744/4/1
f 2745/1/18 2746/2/18 2747/3/18 2748/4/18
f 2745/1/8 2744/2/8 2743/3/8 2746/4/8
f 2747/1/11 2742/2/11 2741/3/11 2748/4/11
f 2747/1/9 2746/2/9 2743/3/9 2742/4/9
f 2741/1/10 2744/2/10 2745/3/10 2748/4/10
f 2749/1/1 2750/2/1 2751/3/1 2752/4/1
f 2753/1/18 2754/2/18 2755/3/18 2756/4/18
f 2753/1/8 2752/2/8 2751/3/8 2754/4/8
f 2755/1/11 2750/2/11 2749/3/11 2756/4/11
f 2755/1/9 2754/2/9 2751/3/9 2750/4/9
f 2749/1/10 2752/2/10 2753/3/10 2756/4/10
f 2757/1/1 2758/2/1 2759/3/1 2760/4/1
f 2761/1/18 2762/2/18 2763/3/18 2764/4/18
f 2761/1/8 2760/2/8 2759/3/8 2762/4/8
f 2763/1/11 2758/2/11 2757/3/11 2764/4/11
f 2763/1/9 2762/2/9 2759/3/9 2758/4/9
f 2757/1/10 2760/2/10 2761/3/10 2764/4/10
f 2765/1/1 2766/2/1 2767/3/1 2768/4/1
f 2769/1/18 2770/2/18 2771/3/18 2772/4/18
f 2769/1/8 2768/2/8 2767/3/8 2770/4/8
f 2771/1/11 2766/2/11 2765/3/11 2772/4/11
f 2771/1/9 2770/2/9 2767/3/9 2766/4/9
f 2765/1/10 2768/2/10 2769/3/10 2772/4/10
f 2773/1/1 2774/2/1 2775/3/1 2776/4/1
f 2777/1/18 2778/2/18 2779/3/18 2780/4/18
f 2777/1/8 2776/2/8 2775/3/8 2778/4/8
f 2779/1/11 2774/2/11 2773/3/11 2780/4/11
f 2779/1/9 2778/2/9 2775/3/9 2774/4/9
f 2773/1/10 2776/2/10 2777/3/10 2780/4/10
f 2781/1/1 2782/2/1 2783/3/1 2784/4/1
f 2785/1/18 2786/2/18 2787/3/18 2788/4/18
f 2785/1/8 2784/2/8 2783/3/8 2786/4/8
f 2787/1/11 2782/2/11 2781/3/11 2788/4/11
f 2787/1/9 2786/2/9 2783/3/9 2782/4/9
f 2781/1/10 2784/2/10 2785/3/10 2788/4/10
f 2789/1/1 2790/2/1 2791/3/1 2792/4/1
f 2793/1/18 2794/2/18 2795/3/18 2796/4/18
f 2793/1/8 2792/2/8 2791/3/8 2794/4/8
f 2795/1/11 2790/2/11 2789/3/11 2796/4/11
f 2795/1/9 2794/2/9 2791/3/9 2790/4/9
f 2789/1/10 2792/2/10 2793/3/10 2796/4/10
f 2797/1/1 2798/2/1 2799/3/1 2800/4/1
f 2801/1/18 2802/2/18 2803/3/18 2804/4/18
f 2801/1/8 2800/2/8 2799/3/8 2802/4/8
f 2803/1/11 2798/2/11 2797/3/11 2804/4/11
f 2803/1/9 2802/2/9 2799/3/9 2798/4/9
f 2797/1/10 2800/2/10 2801/3/10 2804/4/10
f 2805/1/1 2806/2/1 2807/3/1 2808/4/1
f 2809/1/18 2810/2/18 2811/3/18 2812/4/18
f 2809/1/8 2808/2/8 2807/3/8 2810/4/8
f 2811/1/11 2806/2/11 2805/3/11 2812/4/11
f 2811/1/9 2810/2/9 2807/3/9 2806/4/9
f 2805/1/10 2808/2/10 2809/3/10 2812/4/10
f 2813/1/1 2814/2/1 2815/3/1 2816/4/1
f 2817/1/18 2818/2/18 2819/3/18 2820/4/18
f 2817/1/8 2816/2/8 2815/3/8 2818/4/8
f 2819/1/11 2814/2/11 2813/3/11 2820/4/11
f 2819/1/9 2818/2/9 2815/3/9 2814/4/9
f 2813/1/10 2816/2/10 2817/3/10 2820/4/10
f 2821/1/1 2822/2/1 2823/3/1 2824/4/1
f 2825/1/18 2826/2/18 2827/3/18 2828/4/18
f 2825/1/8 2824/2/8 2823/3/8 2826/4/8
f 2827/1/11 2822/2/11 2821/3/11 2828/4/11
f 2827/1/9 2826/2/9 2823/3/9 2822/4/9
f 2821/1/10 2824/2/10 2825/3/10 2828/4/10
f 2829/1/1 2830/2/1 2831/3/1 2832/4/1
f 2833/1/18 2834/2/18 2835/3/18 2836/4/18
f 2833/1/8 2832/2/8 2831/3/8 2834/4/8
f 2835/1/11 2830/2/11 2829/3/11 2836/4/11
f 2835/1/9 2834/2/9 2831/3/9 2830/4/9
f 2829/1/10 2832/2/10 2833/3/10 2836/4/10
f 2837/1/1 2838/2/1 2839/3/1 2840/4/1
f 2841/1/18 2842/2/18 2843/3/18 2844/4/18
f 2841/1/8 2840/2/8 2839/3/8 2842/4/8
f 2843/1/11 2838/2/11 2837/3/11 2844/4/11
f 2843/1/9 2842/2/9 2839/3/9 2838/4/9
f 2837/1/10 2840/2/10 2841/3/10 2844/4/10
f 2845/1/1 2846/2/1 2847/3/1 2848/4/1
f 2849/1/18 2850/2/18 2851/3/18 2852/4/18
f 2849/1/8 2848/2/8 2847/3/8 2850/4/8
f 2851/1/11 2846/2/11 2845/3/11 2852/4/11
f 2851/1/9 2850/2/9 2847/3/9 2846/4/9
f 2845/1/10 2848/2/10 2849/3/10 2852/4/10
f 2853/1/1 2854/2/1 2855/3/1 2856/4/1
f 2857/1/18 2858/2/18 2859/3/18 2860/4/18
f 2857/1/8 2856/2/8 2855/3/8 2858/4/8
f 2859/1/11 2854/2/11 2853/3/11 2860/4/11
f 2859/1/9 2858/2/9 2855/3/9 2854/4/9
f 2853/1/10 2856/2/10 2857/3/10 2860/4/10
f 2861/1/1 2862/2/1 2863/3/1 2864/4/1
f 2865/1/18 2866/2/18 2867/3/18 2868/4/18
f 2865/1/8 2864/2/8 2863/3/8 2866/4/8
f 2867/1/11 2862/2/11 2861/3/11 2868/4/11
f 2867/1/9 2866/2/9 2863/3/9 2862/4/9
f 2861/1/10 2864/2/10 2865/3/10 2868/4/10
f 2869/1/1 2870/2/1 2871/3/1 2872/4/1
f 2873/1/18 2874/2/18 2875/3/18 2876/4/18
f 2873/1/8 2872/2/8 2871/3/8 2874/4/8
f 2875/1/11 2870/2/11 2869/3/11 2876/4/11
f 2875/1/9 2874/2/9 2871/3/9 2870/4/9
f 2869/1/10 2872/2/10 2873/3/10 2876/4/10
f 2877/1/1 2878/2/1 2879/3/1 2880/4/1
f 2881/1/18 2882/2/18 2883/3/18 2884/4/18
f 2881/1/8 2880/2/8 2879/3/8 2882/4/8
f 2883/1/11 2878/2/11 2877/3/11 2884/4/11
f 2883/1/9 2882/2/9 2879/3/9 2878/4/9
f 2877/1/10 2880/2/10 2881/3/10 2884/4/10
f 2885/1/1 2886/2/1 2887/3/1 2888/4/1
f 2889/1/18 2890/2/18 2891/3/18 2892/4/18
f 2889/1/8 2888/2/8 2887/3/8 2890/4/8
f 2891/1/11 2886/2/11 2885/3/11 2892/4/11
f 2891/1/9 2890/2/9 2887/3/9 2886/4/9
f 2885/1/10 2888/2/10 2889/3/10 2892/4/10
f 2893/1/1 2894/2/1 2895/3/1 2896/4/1
f 2897/1/18 2898/2/18 2899/3/18 2900/4/18
f 2897/1/8 2896/2/8 2895/3/8 2898/4/8
f 2899/1/11 2894/2/11 2893/3/11 2900/4/11
f 2899/1/9 2898/2/9 2895/3/9 2894/4/9
f 2893/1/10 2896/2/10 2897/3/10 2900/4/10
f 2901/1/1 2902/2/1 2903/3/1 2904/4/1
f 2905/1/18 2906/2/18 2907/3/18 2908/4/18
f 2905/1/8 2904/2/8 2903/3/8 2906/4/8
f 2907/1/11 2902/2/11 2901/3/11 2908/4/11
f 2907/1/9 2906/2/9 2903/3/9 2902/4/9
f 2901/1/10 2904/2/10 2905/3/10 2908/4/10
f 2909/1/1 2910/2/1 2911/3/1 2912/4/1
f 2913/1/18 2914/2/18 2915/3/18 2916/4/18
f 2913/1/8 2912/2/8 2911/3/8 2914/4/8
f 2915/1/11 2910/2/11 2909/3/11 2916/4/11
f 2915/1/9 2914/2/9 2911/3/9 2910/4/9
f 2909/1/10 2912/2/10 2913/3/10 2916/4/10
f 2917/1/1 2918/2/1 2919/3/1 2920/4/1
f 2921/1/18 2922/2/18 2923/3/18 2924/4/18
f 2921/1/8 2920/2/8 2919/3/8 2922/4/8
f 2923/1/11 2918/2/11 2917/3/11 2924/4/11
f 2923/1/9 2922/2/9 2919/3/9 2918/4/9
f 2917/1/10 2920/2/10 2921/3/10 2924/4/10
f 2925/1/1 2926/2/1 2927/3/1 2928/4/1
f 2929/1/18 2930/2/18 2931/3/18 2932/4/18
f 2929/1/8 2928/2/8 2927/3/8 2930/4/8
f 2931/1/11 2926/2/11 2925/3/11 2932/4/11
f 2931/1/9 2930/2/9 2927/3/9 2926/4/9
f 2925/1/10 2928/2/10 2929/3/10 2932/4/10
f 2933/1/1 2934/2/1 2935/3/1 2936/4/1
f 2937/1/18 2938/2/18 2939/3/18 2940/4/18
f 2937/1/8 2936/2/8 2935/3/8 2938/4/8
f 2939/1/11 2934/2/11 2933/3/11 2940/4/11
f 2939/1/9 2938/2/9 2935/3/9 2934/4/9
f 2933/1/10 2936/2/10 2937/3/10 2940/4/10
f 2941/1/1 2942/2/1 2943/3/1 2944/4/1
f 2945/1/18 2946/2/18 2947/3/18 2948/4/18
f 2945/1/8 2944/2/8 2943/3/8 2946/4/8
f 2947/1/11 2942/2/11 2941/3/11 2948/4/11
f 2947/1/9 2946/2/9 2943/3/9 2942/4/9
f 2941/1/10 2944/2/10 2945/3/10 2948/4/10
f 2949/1/1 2950/2/1 2951/3/1 2952/4/1
f 2953/1/18 2954/2/18 2955/3/18 2956/4/18
f 2953/1/8 2952/2/8 2951/3/8 2954/4/8
f 2955/1/11 2950/2/11 2949/3/11 2956/4/11
f 2955/1/9 2954/2/9 2951/3/9 2950/4/9
f 2949/1/10 2952/2/10 2953/3/10 2956/4/10
f 2957/1/1 2958/2/1 2959/3/1 2960/4/1
f 2961/1/18 2962/2/18 2963/3/18 2964/4/18
f 2961/1/8 2960/2/8 2959/3/8 2962/4/8
f 2963/1/11 2958/2/11 2957/3/11 2964/4/11
f 2963/1/9 2962/2/9 2959/3/9 2958/4/9
f 2957/1/10 2960/2/10 2961/3/10 2964/4/10
f 2965/1/1 2966/2/1 2967/3/1 2968/4/1
f 2969/1/18 2970/2/18 2971/3/18 2972/4/18
f 2969/1/8 2968/2/8 2967/3/8 2970/4/8
f 2971/1/11 2966/2/11 2965/3/11 2972/4/11
f 2971/1/9 2970/2/9 2967/3/9 2966/4/9
f 2965/1/10 2968/2/10 2969/3/10 2972/4/10
f 2973/1/1 2974/2/1 2975/3/1 2976/4/1
f 2977/1/18 2978/2/18 2979/3/18 2980/4/18
f 2977/1/8 2976/2/8 2975/3/8 2978/4/8
f 2979/1/11 2974/2/11 2973/3/11 2980/4/11
f 2979/1/9 2978/2/9 2975/3/9 2974/4/9
f 2973/1/10 2976/2/10 2977/3/10 2980/4/10
f 2981/1/1 2982/2/1 2983/3/1 2984/4/1
f 2985/1/18 2986/2/18 2987/3/18 2988/4/18
f 2985/1/8 2984/2/8 2983/3/8 2986/4/8
f 2987/1/11 2982/2/11 2981/3/11 2988/4/11
f 2987/1/9 2986/2/9 2983/3/9 2982/4/9
f 2981/1/10 2984/2/10 2985/3/10 2988/4/10
f 2989/1/1 2990/2/1 2991/3/1 2992/4/1
f 2993/1/18 2994/2/18 2995/3/18 2996/4/18
f 2993/1/8 2992/2/8 2991/3/8 2994/4/8
f 2995/1/11 2990/2/11 2989/3/11 2996/4/11
f 2995/1/9 2994/2/9 2991/3/9 2990/4/9
f 2989/1/10 2992/2/10 2993/3/10 2996/4/10
f 2997/1/1 2998/2/1 2999/3/1 3000/4/1
f 3001/1/18 3002/2/18 3003/3/18 3004/4/18
f 3001/1/8 3000/2/8 2999/3/8 3002/4/8
f 3003/1/11 2998/2/11 2997/3/11 3004/4/11
f 3003/1/9 3002/2/9 2999/3/9 2998/4/9
f 2997/1/10 3000/2/10 3001/3/10 3004/4/10
f 3005/1/1 3006/2/1 3007/3/1 3008/4/1
f 3009/1/18 3010/2/18 3011/3/18 3012/4/18
f 3009/1/8 3008/2/8 3007/3/8 3010/4/8
f 3011/1/11 3006/2/11 3005/3/11 3012/4/11
f 3011/1/9 3010/2/9 3007/3/9 3006/4/9
f 3005/1/10 3008/2/10 3009/3/10 3012/4/10
f 3013/1/1 3014/2/1 3015/3/1 3016/4/1
f 3017/1/18 3018/2/18 3019/3/18 3020/4/18
f 3017/1/8 3016/2/8 3015/3/8 3018/4/8
f 3019/1/11 3014/2/11 3013/3/11 3020/4/11
f 3019/1/9 3018/2/9 3015/3/9 3014/4/9
f 3013/1/10 3016/2/10 3017/3/10 3020/4/10
f 3021/1/1 3022/2/1 3023/3/1 3024/4/1
f 3025/1/18 3026/2/18 3027/3/18 3028/4/18
f 3025/1/8 3024/2/8 3023/3/8 3026/4/8
f 3027/1/11 3022/2/11 3021/3/11 3028/4/11
f 3027/1/9 3026/2/9 3023/3/9 3022/4/9
f 3021/1/10 3024/2/10 3025/3/10 3028/4/10
f 3029/1/1 3030/2/1 3031/3/1 3032/4/1
f 3033/1/18 3034/2/18 3035/3/18 3036/4/18
f 3033/1/8 3032/2/8 3031/3/8 3034/4/8
f 3035/1/11 3030/2/11 3029/3/11 3036/4/11
f 3035/1/9 3034/2/9 3031/3/9 3030/4/9
f 3029/1/10 3032/2/10 3033/3/10 3036/4/10
f 3037/1/1 3038/2/1 3039/3/1 3040/4/1
f 3041/1/18 3042/2/18 3043/3/18 3044/4/18
f 3041/1/8 3040/2/8 3039/3/8 3042/4/8
f 3043/1/11 3038/2/11 3037/3/11 3044/4/11
f 3043/1/9 3042/2/9 3039/3/9 3038/4/9
f 3037/1/10 3040/2/10 3041/3/10 3044/4/10
f 3045/1/1 3046/2/1 3047/3/1 3048/4/1
f 3049/1/18 3050/2/18 3051/3/18 3052/4/18
f 3049/1/8 3048/2/8 3047/3/8 3050/4/8
f 3051/1/11 3046/2/11 3045/3/11 3052/4/11
f 3051/1/9 3050/2/9 3047/3/9 3046/4/9
f 3045/1/10 3048/2/10 3049/3/10 3052/4/10
f 3053/1/1 3054/2/1 3055/3/1 3056/4/1
f 3057/1/18 3058/2/18 3059/3/18 3060/4/18
f 3057/1/8 3056/2/8 3055/3/8 3058/4/8
f 3059/1/11 3054/2/11 3053/3/11 3060/4/11
f 3059/1/9 3058/2/9 3055/3/9 3054/4/9
f 3053/1/10 3056/2/10 3057/3/10 3060/4/10
f 3061/1/1 3062/2/1 3063/3/1 3064/4/1
f 3065/1/18 3066/2/18 3067/3/18 3068/4/18
f 3065/1/8 3064/2/8 3063/3/8 3066/4/8
f 3067/1/11 3062/2/11 3061/3/11 3068/4/11
f 3067/1/9 3066/2/9 3063/3/9 3062/4/9
f 3061/1/10 3064/2/10 3065/3/10 3068/4/10
f 3069/1/1 3070/2/1 3071/3/1 3072/4/1
f 3073/1/18 3074/2/18 3075/3/18 3076/4/18
f 3073/1/8 3072/2/8 3071/3/8 3074/4/8
f 3075/1/11 3070/2/11 3069/3/11 3076/4/11
f 3075/1/9 3074/2/9 3071/3/9 3070/4/9
f 3069/1/10 3072/2/10 3073/3/10 3076/4/10
f 3077/1/1 3078/2/1 3079/3/1 3080/4/1
f 3081/1/18 3082/2/18 3083/3/18 3084/4/18
f 3081/1/8 3080/2/8 3079/3/8 3082/4/8
f 3083/1/11 3078/2/11 3077/3/11 3084/4/11
f 3083/1/9 3082/2/9 3079/3/9 3078/4/9
f 3077/1/10 3080/2/10 3081/3/10 3084/4/10
f 3085/1/1 3086/2/1 3087/3/1 3088/4/1
f 3089/1/18 3090/2/18 3091/3/18 3092/4/18
f 3089/1/8 3088/2/8 3087/3/8 3090/4/8
f 3091/1/11 3086/2/11 3085/3/11 3092/4/11
f 3091/1/9 3090/2/9 3087/3/9 3086/4/9
f 3085/1/10 3088/2/10 3089/3/10 3092/4/10
f 3093/1/1 3094/2/1 3095/3/1 3096/4/1
f 3097/1/18 3098/2/18 3099/3/18 3100/4/18
f 3097/1/8 3096/2/8 3095/3/8 3098/4/8
f 3099/1/11 3094/2/11 3093/3/11 3100/4/11
f 3099/1/9 3098/2/9 3095/3/9 3094/4/9
f 3093/1/10 3096/2/10 3097/3/10 3100/4/10
f 3101/1/1 3102/2/1 3103/3/1 3104/4/1
f 3105/1/18 3106/2/18 3107/3/18 3108/4/18
f 3105/1/8 3104/2/8 3103/3/8 3106/4/8
f 3107/1/11 3102/2/11 3101/3/11 3108/4/11
f 3107/1/9 3106/2/9 3103/3/9 3102/4/9
f 3101/1/10 3104/2/10 3105/3/10 3108/4/10
f 3109/1/1 3110/2/1 3111/3/1 3112/4/1
f 3113/1/18 3114/2/18 3115/3/18 3116/4/18
f 3113/1/8 3112/2/8 3111/3/8 3114/4/8
f 3115/1/11 3110/2/11 3109/3/11 3116/4/11
f 3115/1/9 3114/2/9 3111/3/9 3110/4/9
f 3109/1/10 3112/2/10 3113/3/10 3116/4/10
f 3117/1/1 3118/2/1 3119/3/1 3120/4/1
f 3121/1/18 3122/2/18 3123/3/18 3124/4/18
f 3121/1/8 3120/2/8 3119/3/8 3122/4/8
f 3123/1/11 3118/2/11 3117/3/11 3124/4/11
f 3123/1/9 3122/2/9 3119/3/9 3118/4/9
f 3117/1/10 3120/2/10 3121/3/10 3124/4/10
f 3125/1/1 3126/2/1 3127/3/1 3128/4/1
f 3129/1/18 3130/2/18 3131/3/18 3132/4/18
f 3129/1/8 3128/2/8 3127/3/8 3130/4/8
f 3131/1/11 3126/2/11 3125/3/11 3132/4/11
f 3131/1/9 3130/2/9 3127/3/9 3126/4/9
f 3125/1/10 3128/2/10 3129/3/10 3132/4/10
f 3133/1/1 3134/2/1 3135/3/1 3136/4/1
f 3137/1/18 3138/2/18 3139/3/18 3140/4/18
f 3137/1/8 3136/2/8 3135/3/8 3138/4/8
f 3139/1/11 3134/2/11 3133/3/11 3140/4/11
f 3139/1/9 3138/2/9 3135/3/9 3134/4/9
f 3133/1/10 3136/2/10 3137/3/10 3140/4/10
f 3141/1/1 3142/2/1 3143/3/1 3144/4/1
f 3145/1/18 3146/2/18 3147/3/18 3148/4/18
f 3145/1/8 3144/2/8 3143/3/8 3146/4/8
f 3147/1/11 3142/2/11 3141/3/11 3148/4/11
f 3147/1/9 3146/2/9 3143/3/9 3142/4/9
f 3141/1/10 3144/2/10 3145/3/10 3148/4/10
f 3149/1/1 3150/2/1 3151/3/1 3152/4/1
f 3153/1/18 3154/2/18 3155/3/18 3156/4/18
f 3153/1/8 3152/2/8 3151/3/8 3154/4/8
f 3155/1/11 3150/2/11 3149/3/11 3156/4/11
f 3155/1/9 3154/2/9 3151/3/9 3150/4/9
f 3149/1/10 3152/2/10 3153/3/10 3156/4/10
f 3157/1/1 3158/2/1 3159/3/1 3160/4/1
f 3161/1/18 3162/2/18 3163/3/18 3164/4/18
f 3161/1/8 3160/2/8 3159/3/8 3162/4/8
f 3163/1/11 3158/2/11 3157/3/11 3164/4/11
f 3163/1/9 3162/2/9 3159/3/9 3158/4/9
f 3157/1/10 3160/2/10 3161/3/10 3164/4/10
f 3165/1/1 3166/2/1 3167/3/1 3168/4/1
f 3169/1/18 3170/2/18 3171/3/18 3172/4/18
f 3169/1/8 3168/2/8 3167/3/8 3170/4/8
f 3171/1/11 3166/2/11 3165/3/11 3172/4/11
f 3171/1/9 3170/2/9 3167/3/9 3166/4/9
f 3165/1/10 3168/2/10 3169/3/10 3172/4/10
f 3173/1/1 3174/2/1 3175/3/1 3176/4/1
f 3177/1/18 3178/2/18 3179/3/18 3180/4/18
f 3177/1/8 3176/2/8 3175/3/8 3178/4/8
f 3179/1/11 3174/2/11 3173/3/11 3180/4/11
f 3179/1/9 3178/2/9 3175/3/9 3174/4/9
f 3173/1/10 3176/2/10 3177/3/10 3180/4/10
f 3181/1/1 3182/2/1 3183/3/1 3184/4/1
f 3185/1/18 3186/2/18 3187/3/18 3188/4/18
f 3185/1/8 3184/2/8 3183/3/8 3186/4/8
f 3187/1/11 3182/2/11 3181/3/11 3188/4/11
f 3187/1/9 3186/2/9 3183/3/9 3182/4/9
f 3181/1/10 3184/2/10 3185/3/10 3188/4/10
f 3189/1/1 3190/2/1 3191/3/1 3192/4/1
f 3193/1/18 3194/2/18 3195/3/18 3196/4/18
f 3193/1/8 3192/2/8 3191/3/8 3194/4/8
f 3195/1/11 3190/2/11 3189/3/11 3196/4/11
f 3195/1/9 3194/2/9 3191/3/9 3190/4/9
f 3189/1/10 3192/2/10 3193/3/10 3196/4/10
f 3197/1/1 3198/2/1 3199/3/1 3200/4/1
f 3201/1/18 3202/2/18 3203/3/18 3204/4/18
f 3201/1/8 3200/2/8 3199/3/8 3202/4/8
f 3203/1/11 3198/2/11 3197/3/11 3204/4/11
f 3203/1/9 3202/2/9 3199/3/9 3198/4/9
f 3197/1/10 3200/2/10 3201/3/10 3204/4/10
f 3205/1/2 3206/2/2 3207/3/2 3208/4/2
f 3209/1/17 3210/2/17 3211/3/17 3212/4/17
f 3209/1/12 3208/2/12 3207/3/12 3210/4/12
f 3211/1/7 3206/2/7 3205/3/7 3212/4/7
f 3211/1/9 3210/2/9 3207/3/9 3206/4/9
f 3205/1/10 3208/2/10 3209/3/10 3212/4/10
f 3213/1/1 3214/2/1 3215/3/1 3216/4/1
f 3217/1/18 3218/2/18 3219/3/18 3220/4/18
f 3217/1/8 3216/2/8 3215/3/8 3218/4/8
f 3219/1/11 3214/2/11 3213/3/11 3220/4/11
f 3219/1/9 3218/2/9 3215/3/9 3214/4/9
f 3213/1/10 3216/2/10 3217/3/10 3220/4/10
f 3221/1/1 3222/2/1 3223/3/1 3224/4/1
f 3225/1/18 3226/2/18 3227/3/18 3228/4/18
f 3225/1/8 3224/2/8 3223/3/8 3226/4/8
f 3227/1/11 3222/2/11 3221/3/11 3228/4/11
f 3227/1/9 3226/2/9 3223/3/9 3222/4/9
f 3221/1/10 3224/2/10 3225/3/10 3228/4/10
f 3229/1/1 3230/2/1 3231/3/1 3232/4/1
f 3233/1/18 3234/2/18 3235/3/18 3236/4/18
f 3233/1/8 3232/2/8 3231/3/8 3234/4/8
f 3235/1/11 3230/2/11 3229/3/11 3236/4/11
f 3235/1/9 3234/2/9 3231/3/9 3230/4/9
f 3229/1/10 3232/2/10 3233/3/10 3236/4/10
f 3237/1/1 3238/2/1 3239/3/1 3240/4/1
f 3241/1/18 3242/2/18 3243/3/18 3244/4/18
f 3241/1/8 3240/2/8 3239/3/8 3242/4/8
f 3243/1/11 3238/2/11 3237/3/11 3244/4/11
f 3243/1/9 3242/2/9 3239/3/9 3238/4/9
f 3237/1/10 3240/2/10 3241/3/10 3244/4/10
f 3245/1/1 3246/2/1 3247/3/1 3248/4/1
f 3249/1/18 3250/2/18 3251/3/18 3252/4/18
f 3249/1/8 3248/2/8 3247/3/8 3250/4/8
f 3251/1/11 3246/2/11 3245/3/11 3252/4/11
f 3251/1/9 3250/2/9 3247/3/9 3246/4/9
f 3245/1/10 3248/2/10 3249/3/10 3252/4/10
f 3253/1/1 3254/2/1 3255/3/1 3256/4/1
f 3257/1/18 3258/2/18 3259/3/18 3260/4/18
f 3257/1/8 3256/2/8 3255/3/8 3258/4/8
f 3259/1/11 3254/2/11 3253/3/11 3260/4/11
f 3259/1/9 3258/2/9 3255/3/9 3254/4/9
f 3253/1/10 3256/2/10 3257/3/10 3260/4/10
f 3261/1/1 3262/2/1 3263/3/1 3264/4/1
f 3265/1/18 3266/2/18 3267/3/18 3268/4/18
f 3265/1/8 3264/2/8 3263/3/8 3266/4/8
f 3267/1/11 3262/2/11 3261/3/11 3268/4/11
f 3267/1/9 3266/2/9 3263/3/9 3262/4/9
f 3261/1/10 3264/2/10 3265/3/10 3268/4/10
f 3269/1/1 3270/2/1 3271/3/1 3272/4/1
f 3273/1/18 3274/2/18 3275/3/18 3276/4/18
f 3273/1/8 3272/2/8 3271/3/8 3274/4/8
f 3275/1/11 3270/2/11 3269/3/11 3276/4/11
f 3275/1/9 3274/2/9 3271/3/9 3270/4/9
f 3269/1/10 3272/2/10 3273/3/10 3276/4/10
f 3277/1/1 3278/2/1 3279/3/1 3280/4/1
f 3281/1/18 3282/2/18 3283/3/18 3284/4/18
f 3281/1/8 3280/2/8 3279/3/8 3282/4/8
f 3283/1/11 3278/2/11 3277/3/11 3284/4/11
f 3283/1/9 3282/2/9 3279/3/9 3278/4/9
f 3277/1/10 3280/2/10 3281/3/10 3284/4/10
f 3285/1/1 3286/2/1 3287/3/1 3288/4/1
f 3289/1/18 3290/2/18 3291/3/18 3292/4/18
f 3289/1/8 3288/2/8 3287/3/8 3290/4/8
f 3291/1/11 3286/2/11 3285/3/11 3292/4/11
f 3291/1/9 3290/2/9 3287/3/9 3286/4/9
f 3285/1/10 3288/2/10 3289/3/10 3292/4/10
f 3293/1/1 3294/2/1 3295/3/1 3296/4/1
f 3297/1/18 3298/2/18 3299/3/18 3300/4/18
f 3297/1/8 3296/2/8 3295/3/8 3298/4/8
f 3299/1/11 3294/2/11 3293/3/11 3300/4/11
f 3299/1/9 3298/2/9 3295/3/9 3294/4/9
f 3293/1/10 3296/2/10 3297/3/10 3300/4/10
f 3301/1/1 3302/2/1 3303/3/1 3304/4/1
f 3305/1/18 3306/2/18 3307/3/18 3308/4/18
f 3305/1/8 3304/2/8 3303/3/8 3306/4/8
f 3307/1/11 3302/2/11 3301/3/11 3308/4/11
f 3307/1/9 3306/2/9 3303/3/9 3302/4/9
f 3301/1/10 3304/2/10 3305/3/10 3308/4/10
f 3309/1/1 3310/2/1 3311/3/1 3312/4/1
f 3313/1/18 3314/2/18 3315/3/18 3316/4/18
f 3313/1/8 3312/2/8 3311/3/8 3314/4/8
f 3315/1/11 3310/2/11 3309/3/11 3316/4/11
f 3315/1/9 3314/2/9 3311/3/9 3310/4/9
f 3309/1/10 3312/2/10 3313/3/10 3316/4/10
f 3317/1/1 3318/2/1 3319/3/1 3320/4/1
f 3321/1/18 3322/2/18 3323/3/18 3324/4/18
f 3321/1/8 3320/2/8 3319/3/8 3322/4/8
f 3323/1/11 3318/2/11 3317/3/11 3324/4/11
f 3323/1/9 3322/2/9 3319/3/9 3318/4/9
f 3317/1/10 3320/2/10 3321/3/10 3324/4/10
f 3325/1/1 3326/2/1 3327/3/1 3328/4/1
f 3329/1/18 3330/2/18 3331/3/18 3332/4/18
f 3329/1/8 3328/2/8 3327/3/8 3330/4/8
f 3331/1/11 3326/2/11 3325/3/11 3332/4/11
f 3331/1/9 3330/2/9 3327/3/9 3326/4/9
f 3325/1/10 3328/2/10 3329/3/10 3332/4/10
f 3333/1/1 3334/2/1 3335/3/1 3336/4/1
f 3337/1/18 3338/2/18 3339/3/18 3340/4/18
f 3337/1/8 3336/2/8 3335/3/8 3338/4/8
f 3339/1/11 3334/2/11 3333/3/11 3340/4/11
f 3339/1/9 3338/2/9 3335/3/9 3334/4/9
f 3333/1/10 3336/2/10 3337/3/10 3340/4/10
f 3341/1/1 3342/2/1 3343/3/1 3344/4/1
f 3345/1/18 3346/2/18 3347/3/18 3348/4/18
f 3345/1/8 3344/2/8 3343/3/8 3346/4/8
f 3347/1/11 3342/2/11 3341/3/11 3348/4/11
f 3347/1/9 3346/2/9 3343/3/9 3342/4/9
f 3341/1/10 3344/2/10 3345/3/10 3348/4/10
f 3349/1/1 3350/2/1 3351/3/1 3352/4/1
f 3353/1/18 3354/2/18 3355/3/18 3356/4/18
f 3353/1/8 3352/2/8 3351/3/8 3354/4/8
f 3355/1/11 3350/2/11 3349/3/11 3356/4/11
f 3355/1/9 3354/2/9 3351/3/9 3350/4/9
f 3349/1/10 3352/2/10 3353/3/10 3356/4/10
f 3357/1/1 3358/2/1 3359/3/1 3360/4/1
f 3361/1/18 3362/2/18 3363/3/18 3364/4/18
f 3361/1/8 3360/2/8 3359/3/8 3362/4/8
f 3363/1/11 3358/2/11 3357/3/11 3364/4/11
f 3363/1/9 3362/2/9 3359/3/9 3358/4/9
f 3357/1/10 3360/2/10 3361/3/10 3364/4/10
f 3365/1/1 3366/2/1 3367/3/1 3368/4/1
f 3369/1/18 3370/2/18 3371/3/18 3372/4/18
f 3369/1/8 3368/2/8 3367/3/8 3370/4/8
f 3371/1/11 3366/2/11 3365/3/11 3372/4/11
f 3371/1/9 3370/2/9 3367/3/9 3366/4/9
f 3365/1/10 3368/2/10 3369/3/10 3372/4/10
f 3373/1/1 3374/2/1 3375/3/1 3376/4/1
f 3377/1/18 3378/2/18 3379/3/18 3380/4/18
f 3377/1/8 3376/2/8 3375/3/8 3378/4/8
f 3379/1/11 3374/2/11 3373/3/11 3380/4/11
f 3379/1/9 3378/2/9 3375/3/9 3374/4/9
f 3373/1/10 3376/2/10 3377/3/10 3380/4/10
f 3381/1/1 3382/2/1 3383/3/1 3384/4/1
f 3385/1/18 3386/2/18 3387/3/18 3388/4/18
f 3385/1/8 3384/2/8 3383/3/8 3386/4/8
f 3387/1/11 3382/2/11 3381/3/11 3388/4/11
f 3387/1/9 3386/2/9 3383/3/9 3382/4/9
f 3381/1/10 3384/2/10 3385/3/10 3388/4/10
f 3389/1/1 3390/2/1 3391/3/1 3392/4/1
f 3393/1/18 3394/2/18 3395/3/18 3396/4/18
f 3393/1/8 3392/2/8 3391/3/8 3394/4/8
f 3395/1/11 3390/2/11 3389/3/11 3396/4/11
f 3395/1/9 3394/2/9 3391/3/9 3390/4/9
f 3389/1/10 3392/2/10 3393/3/10 3396/4/10
f 3397/1/1 3398/2/1 3399/3/1 3400/4/1
f 3401/1/18 3402/2/18 3403/3/18 3404/4/18
f 3401/1/8 3400/2/8 3399/3/8 3402/4/8
f 3403/1/11 3398/2/11 3397/3/11 3404/4/11
f 3403/1/9 3402/2/9 3399/3/9 3398/4/9
f 3397/1/10 3400/2/10 3401/3/10 3404/4/10
f 3405/1/1 3406/2/1 3407/3/1 3408/4/1
f 3409/1/18 3410/2/18 3411/3/18 3412/4/18
f 3409/1/8 3408/2/8 3407/3/8 3410/4/8
f 3411/1/11 3406/2/11 3405/3/11 3412/4/11
f 3411/1/9 3410/2/9 3407/3/9 3406/4/9
f 3405/1/10 3408/2/10 3409/3/10 3412/4/10
f 3413/1/1 3414/2/1 3415/3/1 3416/4/1
f 3417/1/18 3418/2/18 3419/3/18 3420/4/18
f 3417/1/8 3416/2/8 3415/3/8 3418/4/8
f 3419/1/11 3414/2/11 3413/3/11 3420/4/11
f 3419/1/9 3418/2/9 3415/3/9 3414/4/9
f 3413/1/10 3416/2/10 3417/3/10 3420/4/10
f 3421/1/1 3422/2/1 3423/3/1 3424/4/1
f 3425/1/18 3426/2/18 3427/3/18 3428/4/18
f 3425/1/8 3424/2/8 3423/3/8 3426/4/8
f 3427/1/11 3422/2/11 3421/3/11 3428/4/11
f 3427/1/9 3426/2/9 3423/3/9 3422/4/9
f 3421/1/10 3424/2/10 3425/3/10 3428/4/10
f 3429/1/1 3430/2/1 3431/3/1 3432/4/1
f 3433/1/18 3434/2/18 3435/3/18 3436/4/18
f 3433/1/8 3432/2/8 3431/3/8 3434/4/8
f 3435/1/11 3430/2/11 3429/3/11 3436/4/11
f 3435/1/9 3434/2/9 3431/3/9 3430/4/9
f 3429/1/10 3432/2/10 3433/3/10 3436/4/10
f 3437/1/1 3438/2/1 3439/3/1 3440/4/1
f 3441/1/18 3442/2/18 3443/3/18 3444/4/18
f 3441/1/8 3440/2/8 3439/3/8 3442/4/8
f 3443/1/11 3438/2/11 3437/3/11 3444/4/11
f 3443/1/9 3442/2/9 3439/3/9 3438/4/9
f 3437/1/10 3440/2/10 3441/3/10 3444/4/10
f 3445/1/1 3446/2/1 3447/3/1 3448/4/1
f 3449/1/18 3450/2/18 3451/3/18 3452/4/18
f 3449/1/8 3448/2/8 3447/3/8 3450/4/8
f 3451/1/11 3446/2/11 3445/3/11 3452/4/11
f 3451/1/9 3450/2/9 3447/3/9 3446/4/9
f 3445/1/10 3448/2/10 3449/3/10 3452/4/10
f 3453/1/1 3454/2/1 3455/3/1 3456/4/1
f 3457/1/18 3458/2/18 3459/3/18 3460/4/18
f 3457/1/8 3456/2/8 3455/3/8 3458/4/8
f 3459/1/11 3454/2/11 3453/3/11 3460/4/11
f 3459/1/9 3458/2/9 3455/3/9 3454/4/9
f 3453/1/10 3456/2/10 3457/3/10 3460/4/10
f 3461/1/1 3462/2/1 3463/3/1 3464/4/1
f 3465/1/18 3466/2/18 3467/3/18 3468/4/18
f 3465/1/8 3464/2/8 3463/3/8 3466/4/8
f 3467/1/11 3462/2/11 3461/3/11 3468/4/11
f 3467/1/9 3466/2/9 3463/3/9 3462/4/9
f 3461/1/10 3464/2/10 3465/3/10 3468/4/10
f 3469/1/1 3470/2/1 3471/3/1 3472/4/1
f 3473/1/18 3474/2/18 3475/3/18 3476/4/18
f 3473/1/8 3472/2/8 3471/3/8 3474/4/8
f 3475/1/11 3470/2/11 3469/3/11 3476/4/11
f 3475/1/9 3474/2/9 3471/3/9 3470/4/9
f 3469/1/10 3472/2/10 3473/3/10 3476/4/10
f 3477/1/1 3478/2/1 3479/3/1 3480/4/1
f 3481/1/18 3482/2/18 3483/3/18 3484/4/18
f 3481/1/8 3480/2/8 3479/3/8 3482/4/8
f 3483/1/11 3478/2/11 3477/3/11 3484/4/11
f 3483/1/9 3482/2/9 3479/3/9 3478/4/9
f 3477/1/10 3480/2/10 3481/3/10 3484/4/10
f 3485/1/1 3486/2/1 3487/3/1 3488/4/1
f 3489/1/18 3490/2/18 3491/3/18 3492/4/18
f 3489/1/8 3488/2/8 3487/3/8 3490/4/8
f 3491/1/11 3486/2/11 3485/3/11 3492/4/11
f 3491/1/9 3490/2/9 3487/3/9 3486/4/9
f 3485/1/10 3488/2/10 3489/3/10 3492/4/10
f 3493/1/1 3494/2/1 3495/3/1 3496/4/1
f 3497/1/18 3498/2/18 3499/3/18 3500/4/18
f 3497/1/8 3496/2/8 3495/3/8 3498/4/8
f 3499/1/11 3494/2/11 3493/3/11 3500/4/11
f 3499/1/9 3498/2/9 3495/3/9 3494/4/9
f 3493/1/10 3496/2/10 3497/3/10 3500/4/10
usemtl step_color_004
f 3501/1/3 3502/2/3 3503/3/3 3504/4/3
f 3505/1/16 3506/2/16 3507/3/16 3508/4/16
f 3505/1/13 3504/2/13 3503/3/13 3506/4/13
f 3507/1/6 3502/2/6 3501/3/6 3508/4/6
f 3507/1/9 3506/2/9 3503/3/9 3502/4/9
f 3501/1/10 3504/2/10 3505/3/10 3508/4/10
usemtl step_color_005
f 3509/1/1 3510/2/1 3511/3/1 3512/4/1
f 3513/1/18 3514/2/18 3515/3/18 3516/4/18
f 3512/1/8 3513/2/8 3516/3/8 3509/4/8
f 3510/1/11 3515/2/11 3514/3/11 3511/4/11
f 3511/1/9 3514/2/9 3513/3/9 3512/4/9
f 3509/1/10 3516/2/10 3515/3/10 3510/4/10
f 3517/1/1 3518/2/1 3519/3/1 3520/4/1
f 3521/1/18 3522/2/18 3523/3/18 3524/4/18
f 3520/1/8 3521/2/8 3524/3/8 3517/4/8
f 3518/1/11 3523/2/11 3522/3/11 3519/4/11
f 3519/1/9 3522/2/9 3521/3/9 3520/4/9
f 3517/1/10 3524/2/10 3523/3/10 3518/4/10
f 3525/1/1 3526/2/1 3527/3/1 3528/4/1
f 3529/1/18 3530/2/18 3531/3/18 3532/4/18
f 3528/1/8 3529/2/8 3532/3/8 3525/4/8
f 3526/1/11 3531/2/11 3530/3/11 3527/4/11
f 3527/1/9 3530/2/9 3529/3/9 3528/4/9
f 3525/1/10 3532/2/10 3531/3/10 3526/4/10
f 3533/1/1 3534/2/1 3535/3/1 3536/4/1
f 3537/1/18 3538/2/18 3539/3/18 3540/4/18
f 3536/1/8 3537/2/8 3540/3/8 3533/4/8
f 3534/1/11 3539/2/11 3538/3/11 3535/4/11
f 3535/1/9 3538/2/9 3537/3/9 3536/4/9
f 3533/1/10 3540/2/10 3539/3/10 3534/4/10
usemtl step_color_006
f 3541/1/1 3542/2/1 3543/3/1 3544/4/1
f 3545/1/18 3546/2/18 3547/3/18 3548/4/18
f 3545/1/8 3544/2/8 3543/3/8 3546/4/8
f 3547/1/11 3542/2/11 3541/3/11 3548/4/11
f 3547/1/9 3546/2/9 3543/3/9 3542/4/9
f 3541/1/10 3544/2/10 3545/3/10 3548/4/10
f 3549/1/1 3550/2/1 3551/3/1 3552/4/1
f 3553/1/18 3554/2/18 3555/3/18 3556/4/18
f 3553/1/8 3552/2/8 3551/3/8 3554/4/8
f 3555/1/11 3550/2/11 3549/3/11 3556/4/11
f 3555/1/9 3554/2/9 3551/3/9 3550/4/9
f 3549/1/10 3552/2/10 3553/3/10 3556/4/10
f 3557/1/1 3558/2/1 3559/3/1 3560/4/1
f 3561/1/18 3562/2/18 3563/3/18 3564/4/18
f 3561/1/8 3560/2/8 3559/3/8 3562/4/8
f 3563/1/11 3558/2/11 3557/3/11 3564/4/11
f 3563/1/9 3562/2/9 3559/3/9 3558/4/9
f 3557/1/10 3560/2/10 3561/3/10 3564/4/10
f 3565/1/1 3566/2/1 3567/3/1 3568/4/1
f 3569/1/18 3570/2/18 3571/3/18 3572/4/18
f 3569/1/8 3568/2/8 3567/3/8 3570/4/8
f 3571/1/11 3566/2/11 3565/3/11 3572/4/11
f 3571/1/9 3570/2/9 3567/3/9 3566/4/9
f 3565/1/10 3568/2/10 3569/3/10 3572/4/10
f 3573/1/1 3574/2/1 3575/3/1 3576/4/1
f 3577/1/18 3578/2/18 3579/3/18 3580/4/18
f 3577/1/8 3576/2/8 3575/3/8 3578/4/8
f 3579/1/11 3574/2/11 3573/3/11 3580/4/11
f 3579/1/9 3578/2/9 3575/3/9 3574/4/9
f 3573/1/10 3576/2/10 3577/3/10 3580/4/10
f 3581/1/1 3582/2/1 3583/3/1 3584/4/1
f 3585/1/18 3586/2/18 3587/3/18 3588/4/18
f 3585/1/8 3584/2/8 3583/3/8 3586/4/8
f 3587/1/11 3582/2/11 3581/3/11 3588/4/11
f 3587/1/9 3586/2/9 3583/3/9 3582/4/9
f 3581/1/10 3584/2/10 3585/3/10 3588/4/10
f 3589/1/1 3590/2/1 3591/3/1 3592/4/1
f 3593/1/18 3594/2/18 3595/3/18 3596/4/18
f 3593/1/8 3592/2/8 3591/3/8 3594/4/8
f 3595/1/11 3590/2/11 3589/3/11 3596/4/11
f 3595/1/9 3594/2/9 3591/3/9 3590/4/9
f 3589/1/10 3592/2/10 3593/3/10 3596/4/10
f 3597/1/1 3598/2/1 3599/3/1 3600/4/1
f 3601/1/18 3602/2/18 3603/3/18 3604/4/18
f 3601/1/8 3600/2/8 3599/3/8 3602/4/8
f 3603/1/11 3598/2/11 3597/3/11 3604/4/11
f 3603/1/9 3602/2/9 3599/3/9 3598/4/9
f 3597/1/10 3600/2/10 3601/3/10 3604/4/10
f 3605/1/1 3589/2/1 3592/3/1 3606/4/1
f 3607/1/18 3593/2/18 3596/3/18 3608/4/18
f 3607/1/8 3606/2/8 3592/3/8 3593/4/8
f 3596/1/11 3589/2/11 3605/3/11 3608/4/11
f 3596/1/9 3593/2/9 3592/3/9 3589/4/9
f 3605/1/10 3606/2/10 3607/3/10 3608/4/10
f 3609/1/1 3597/2/1 3600/3/1 3610/4/1
f 3611/1/18 3601/2/18 3604/3/18 3612/4/18
f 3611/1/8 3610/2/8 3600/3/8 3601/4/8
f 3604/1/11 3597/2/11 3609/3/11 3612/4/11
f 3604/1/9 3601/2/9 3600/3/9 3597/4/9
f 3609/1/10 3610/2/10 3611/3/10 3612/4/10
f 3613/1/1 3614/2/1 3615/3/1 3616/4/1
f 3617/1/18 3618/2/18 3619/3/18 3620/4/18
f 3617/1/8 3616/2/8 3615/3/8 3618/4/8
f 3619/1/11 3614/2/11 3613/3/11 3620/4/11
f 3619/1/9 3618/2/9 3615/3/9 3614/4/9
f 3613/1/10 3616/2/10 3617/3/10 3620/4/10
f 3621/1/1 3622/2/1 3623/3/1 3624/4/1
f 3625/1/18 3626/2/18 3627/3/18 3628/4/18
f 3625/1/8 3624/2/8 3623/3/8 3626/4/8
f 3627/1/11 3622/2/11 3621/3/11 3628/4/11
f 3627/1/9 3626/2/9 3623/3/9 3622/4/9
f 3621/1/10 3624/2/10 3625/3/10 3628/4/10
f 3629/1/1 3630/2/1 3631/3/1 3632/4/1
f 3633/1/18 3634/2/18 3635/3/18 3636/4/18
f 3633/1/8 3632/2/8 3631/3/8 3634/4/8
f 3635/1/11 3630/2/11 3629/3/11 3636/4/11
f 3635/1/9 3634/2/9 3631/3/9 3630/4/9
f 3629/1/10 3632/2/10 3633/3/10 3636/4/10
f 3637/1/1 3638/2/1 3639/3/1 3640/4/1
f 3641/1/18 3642/2/18 3643/3/18 3644/4/18
f 3641/1/8 3640/2/8 3639/3/8 3642/4/8
f 3643/1/11 3638/2/11 3637/3/11 3644/4/11
f 3643/1/9 3642/2/9 3639/3/9 3638/4/9
f 3637/1/10 3640/2/10 3641/3/10 3644/4/10
f 3645/1/1 3646/2/1 3647/3/1 3648/4/1
f 3649/1/18 3650/2/18 3651/3/18 3652/4/18
f 3649/1/8 3648/2/8 3647/3/8 3650/4/8
f 3651/1/11 3646/2/11 3645/3/11 3652/4/11
f 3651/1/9 3650/2/9 3647/3/9 3646/4/9
f 3645/1/10 3648/2/10 3649/3/10 3652/4/10
f 3653/1/1 3654/2/1 3655/3/1 3656/4/1
f 3657/1/18 3658/2/18 3659/3/18 3660/4/18
f 3657/1/8 3656/2/8 3655/3/8 3658/4/8
f 3659/1/11 3654/2/11 3653/3/11 3660/4/11
f 3659/1/9 3658/2/9 3655/3/9 3654/4/9
f 3653/1/10 3656/2/10 3657/3/10 3660/4/10
f 3661/1/1 3662/2/1 3663/3/1 3664/4/1
f 3665/1/18 3666/2/18 3667/3/18 3668/4/18
f 3665/1/8 3664/2/8 3663/3/8 3666/4/8
f 3667/1/11 3662/2/11 3661/3/11 3668/4/11
f 3667/1/9 3666/2/9 3663/3/9 3662/4/9
f 3661/1/10 3664/2/10 3665/3/10 3668/4/10
f 3669/1/1 3670/2/1 3671/3/1 3672/4/1
f 3673/1/18 3674/2/18 3675/3/18 3676/4/18
f 3673/1/8 3672/2/8 3671/3/8 3674/4/8
f 3675/1/11 3670/2/11 3669/3/11 3676/4/11
f 3675/1/9 3674/2/9 3671/3/9 3670/4/9
f 3669/1/10 3672/2/10 3673/3/10 3676/4/10
f 3677/1/1 3678/2/1 3679/3/1 3680/4/1
f 3681/1/18 3682/2/18 3683/3/18 3684/4/18
f 3681/1/8 3680/2/8 3679/3/8 3682/4/8
f 3683/1/11 3678/2/11 3677/3/11 3684/4/11
f 3683/1/9 3682/2/9 3679/3/9 3678/4/9
f 3677/1/10 3680/2/10 3681/3/10 3684/4/10
f 3685/1/1 3686/2/1 3687/3/1 3688/4/1
f 3689/1/18 3690/2/18 3691/3/18 3692/4/18
f 3689/1/8 3688/2/8 3687/3/8 3690/4/8
f 3691/1/11 3686/2/11 3685/3/11 3692/4/11
f 3691/1/9 3690/2/9 3687/3/9 3686/4/9
f 3685/1/10 3688/2/10 3689/3/10 3692/4/10
f 3693/1/1 3694/2/1 3695/3/1 3696/4/1
f 3697/1/18 3698/2/18 3699/3/18 3700/4/18
f 3697/1/8 3696/2/8 3695/3/8 3698/4/8
f 3699/1/11 3694/2/11 3693/3/11 3700/4/11
f 3699/1/9 3698/2/9 3695/3/9 3694/4/9
f 3693/1/10 3696/2/10 3697/3/10 3700/4/10
f 3701/1/1 3702/2/1 3703/3/1 3704/4/1
f 3705/1/18 3706/2/18 3707/3/18 3708/4/18
f 3705/1/8 3704/2/8 3703/3/8 3706/4/8
f 3707/1/11 3702/2/11 3701/3/11 3708/4/11
f 3707/1/9 3706/2/9 3703/3/9 3702/4/9
f 3701/1/10 3704/2/10 3705/3/10 3708/4/10
f 3709/1/1 3710/2/1 3711/3/1 3712/4/1
f 3713/1/18 3714/2/18 3715/3/18 3716/4/18
f 3713/1/8 3712/2/8 3711/3/8 3714/4/8
f 3715/1/11 3710/2/11 3709/3/11 3716/4/11
f 3715/1/9 3714/2/9 3711/3/9 3710/4/9
f 3709/1/10 3712/2/10 3713/3/10 3716/4/10
f 3717/1/1 3718/2/1 3719/3/1 3720/4/1
f 3721/1/18 3722/2/18 3723/3/18 3724/4/18
f 3721/1/8 3720/2/8 3719/3/8 3722/4/8
f 3723/1/11 3718/2/11 3717/3/11 3724/4/11
f 3723/1/9 3722/2/9 3719/3/9 3718/4/9
f 3717/1/10 3720/2/10 3721/3/10 3724/4/10
f 3725/1/1 3709/2/1 3712/3/1 3726/4/1
f 3727/1/18 3713/2/18 3716/3/18 3728/4/18
f 3727/1/8 3726/2/8 3712/3/8 3713/4/8
f 3716/1/11 3709/2/11 3725/3/11 3728/4/11
f 3716/1/9 3713/2/9 3712/3/9 3709/4/9
f 3725/1/10 3726/2/10 3727/3/10 3728/4/10
f 3729/1/1 3717/2/1 3720/3/1 3730/4/1
f 3731/1/18 3721/2/18 3724/3/18 3732/4/18
f 3731/1/8 3730/2/8 3720/3/8 3721/4/8
f 3724/1/11 3717/2/11 3729/3/11 3732/4/11
f 3724/1/9 3721/2/9 3720/3/9 3717/4/9
f 3729/1/10 3730/2/10 3731/3/10 3732/4/10
f 3733/1/1 3734/2/1 3735/3/1 3736/4/1
f 3737/1/18 3738/2/18 3739/3/18 3740/4/18
f 3737/1/8 3736/2/8 3735/3/8 3738/4/8
f 3739/1/11 3734/2/11 3733/3/11 3740/4/11
f 3739/1/9 3738/2/9 3735/3/9 3734/4/9
f 3733/1/10 3736/2/10 3737/3/10 3740/4/10
f 3741/1/1 3742/2/1 3743/3/1 3744/4/1
f 3745/1/18 3746/2/18 3747/3/18 3748/4/18
f 3745/1/8 3744/2/8 3743/3/8 3746/4/8
f 3747/1/11 3742/2/11 3741/3/11 3748/4/11
f 3747/1/9 3746/2/9 3743/3/9 3742/4/9
f 3741/1/10 3744/2/10 3745/3/10 3748/4/10
f 3749/1/1 3750/2/1 3751/3/1 3752/4/1
f 3753/1/18 3754/2/18 3755/3/18 3756/4/18
f 3753/1/8 3752/2/8 3751/3/8 3754/4/8
f 3755/1/11 3750/2/11 3749/3/11 3756/4/11
f 3755/1/9 3754/2/9 3751/3/9 3750/4/9
f 3749/1/10 3752/2/10 3753/3/10 3756/4/10
f 3757/1/1 3758/2/1 3759/3/1 3760/4/1
f 3761/1/18 3762/2/18 3763/3/18 3764/4/18
f 3761/1/8 3760/2/8 3759/3/8 3762/4/8
f 3763/1/11 3758/2/11 3757/3/11 3764/4/11
f 3763/1/9 3762/2/9 3759/3/9 3758/4/9
f 3757/1/10 3760/2/10 3761/3/10 3764/4/10
f 3765/1/1 3766/2/1 3767/3/1 3768/4/1
f 3769/1/18 3770/2/18 3771/3/18 3772/4/18
f 3769/1/8 3768/2/8 3767/3/8 3770/4/8
f 3771/1/11 3766/2/11 3765/3/11 3772/4/11
f 3771/1/9 3770/2/9 3767/3/9 3766/4/9
f 3765/1/10 3768/2/10 3769/3/10 3772/4/10
f 3773/1/1 3774/2/1 3775/3/1 3776/4/1
f 3777/1/18 3778/2/18 3779/3/18 3780/4/18
f 3777/1/8 3776/2/8 3775/3/8 3778/4/8
f 3779/1/11 3774/2/11 3773/3/11 3780/4/11
f 3779/1/9 3778/2/9 3775/3/9 3774/4/9
f 3773/1/10 3776/2/10 3777/3/10 3780/4/10
f 3781/1/1 3782/2/1 3783/3/1 3784/4/1
f 3785/1/18 3786/2/18 3787/3/18 3788/4/18
f 3785/1/8 3784/2/8 3783/3/8 3786/4/8
f 3787/1/11 3782/2/11 3781/3/11 3788/4/11
f 3787/1/9 3786/2/9 3783/3/9 3782/4/9
f 3781/1/10 3784/2/10 3785/3/10 3788/4/10
f 3789/1/1 3790/2/1 3791/3/1 3792/4/1
f 3793/1/18 3794/2/18 3795/3/18 3796/4/18
f 3793/1/8 3792/2/8 3791/3/8 3794/4/8
f 3795/1/11 3790/2/11 3789/3/11 3796/4/11
f 3795/1/9 3794/2/9 3791/3/9 3790/4/9
f 3789/1/10 3792/2/10 3793/3/10 3796/4/10
f 3797/1/1 3798/2/1 3799/3/1 3800/4/1
f 3801/1/18 3802/2/18 3803/3/18 3804/4/18
f 3801/1/8 3800/2/8 3799/3/8 3802/4/8
f 3803/1/11 3798/2/11 3797/3/11 3804/4/11
f 3803/1/9 3802/2/9 3799/3/9 3798/4/9
f 3797/1/10 3800/2/10 3801/3/10 3804/4/10
f 3805/1/1 3806/2/1 3807/3/1 3808/4/1
f 3809/1/18 3810/2/18 3811/3/18 3812/4/18
f 3809/1/8 3808/2/8 3807/3/8 3810/4/8
f 3811/1/11 3806/2/11 3805/3/11 3812/4/11
f 3811/1/9 3810/2/9 3807/3/9 3806/4/9
f 3805/1/10 3808/2/10 3809/3/10 3812/4/10
f 3813/1/1 3805/2/1 3808/3/1 3814/4/1
f 3815/1/18 3809/2/18 3812/3/18 3816/4/18
f 3815/1/8 3814/2/8 3808/3/8 3809/4/8
f 3812/1/11 3805/2/11 3813/3/11 3816/4/11
f 3812/1/9 3809/2/9 3808/3/9 3805/4/9
f 3813/1/10 3814/2/10 3815/3/10 3816/4/10
f 3817/1/1 3818/2/1 3819/3/1 3820/4/1
f 3821/1/18 3822/2/18 3823/3/18 3824/4/18
f 3821/1/8 3820/2/8 3819/3/8 3822/4/8
f 3823/1/11 3818/2/11 3817/3/11 3824/4/11
f 3823/1/9 3822/2/9 3819/3/9 3818/4/9
f 3817/1/10 3820/2/10 3821/3/10 3824/4/10
f 3825/1/1 3826/2/1 3827/3/1 3828/4/1
f 3829/1/18 3830/2/18 3831/3/18 3832/4/18
f 3829/1/8 3828/2/8 3827/3/8 3830/4/8
f 3831/1/11 3826/2/11 3825/3/11 3832/4/11
f 3831/1/9 3830/2/9 3827/3/9 3826/4/9
f 3825/1/10 3828/2/10 3829/3/10 3832/4/10
f 3833/1/1 3834/2/1 3835/3/1 3836/4/1
f 3837/1/18 3838/2/18 3839/3/18 3840/4/18
f 3837/1/8 3836/2/8 3835/3/8 3838/4/8
f 3839/1/11 3834/2/11 3833/3/11 3840/4/11
f 3839/1/9 3838/2/9 3835/3/9 3834/4/9
f 3833/1/10 3836/2/10 3837/3/10 3840/4/10
f 3841/1/1 3842/2/1 3843/3/1 3844/4/1
f 3845/1/18 3846/2/18 3847/3/18 3848/4/18
f 3845/1/8 3844/2/8 3843/3/8 3846/4/8
f 3847/1/11 3842/2/11 3841/3/11 3848/4/11
f 3847/1/9 3846/2/9 3843/3/9 3842/4/9
f 3841/1/10 3844/2/10 3845/3/10 3848/4/10
f 3849/1/1 3850/2/1 3851/3/1 3852/4/1
f 3853/1/18 3854/2/18 3855/3/18 3856/4/18
f 3853/1/8 3852/2/8 3851/3/8 3854/4/8
f 3855/1/11 3850/2/11 3849/3/11 3856/4/11
f 3855/1/9 3854/2/9 3851/3/9 3850/4/9
f 3849/1/10 3852/2/10 3853/3/10 3856/4/10
f 3857/1/1 3858/2/1 3859/3/1 3860/4/1
f 3861/1/18 3862/2/18 3863/3/18 3864/4/18
f 3861/1/8 3860/2/8 3859/3/8 3862/4/8
f 3863/1/11 3858/2/11 3857/3/11 3864/4/11
f 3863/1/9 3862/2/9 3859/3/9 3858/4/9
f 3857/1/10 3860/2/10 3861/3/10 3864/4/10
f 3865/1/1 3866/2/1 3867/3/1 3868/4/1
f 3869/1/18 3870/2/18 3871/3/18 3872/4/18
f 3869/1/8 3868/2/8 3867/3/8 3870/4/8
f 3871/1/11 3866/2/11 3865/3/11 3872/4/11
f 3871/1/9 3870/2/9 3867/3/9 3866/4/9
f 3865/1/10 3868/2/10 3869/3/10 3872/4/10
f 3873/1/1 3874/2/1 3875/3/1 3876/4/1
f 3877/1/18 3878/2/18 3879/3/18 3880/4/18
f 3877/1/8 3876/2/8 3875/3/8 3878/4/8
f 3879/1/11 3874/2/11 3873/3/11 3880/4/11
f 3879/1/9 3878/2/9 3875/3/9 3874/4/9
f 3873/1/10 3876/2/10 3877/3/10 3880/4/10
f 3881/1/1 3882/2/1 3883/3/1 3884/4/1
f 3885/1/18 3886/2/18 3887/3/18 3888/4/18
f 3885/1/8 3884/2/8 3883/3/8 3886/4/8
f 3887/1/11 3882/2/11 3881/3/11 3888/4/11
f 3887/1/9 3886/2/9 3883/3/9 3882/4/9
f 3881/1/10 3884/2/10 3885/3/10 3888/4/10
f 3889/1/1 3890/2/1 3891/3/1 3892/4/1
f 3893/1/18 3894/2/18 3895/3/18 3896/4/18
f 3893/1/8 3892/2/8 3891/3/8 3894/4/8
f 3895/1/11 3890/2/11 3889/3/11 3896/4/11
f 3895/1/9 3894/2/9 3891/3/9 3890/4/9
f 3889/1/10 3892/2/10 3893/3/10 3896/4/10
f 3897/1/1 3898/2/1 3899/3/1 3900/4/1
f 3901/1/18 3902/2/18 3903/3/18 3904/4/18
f 3901/1/8 3900/2/8 3899/3/8 3902/4/8
f 3903/1/11 3898/2/11 3897/3/11 3904/4/11
f 3903/1/9 3902/2/9 3899/3/9 3898/4/9
f 3897/1/10 3900/2/10 3901/3/10 3904/4/10
f 3905/1/1 3906/2/1 3907/3/1 3908/4/1
f 3909/1/18 3910/2/18 3911/3/18 3912/4/18
f 3909/1/8 3908/2/8 3907/3/8 3910/4/8
f 3911/1/11 3906/2/11 3905/3/11 3912/4/11
f 3911/1/9 3910/2/9 3907/3/9 3906/4/9
f 3905/1/10 3908/2/10 3909/3/10 3912/4/10
f 3913/1/1 3914/2/1 3915/3/1 3916/4/1
f 3917/1/18 3918/2/18 3919/3/18 3920/4/18
f 3917/1/8 3916/2/8 3915/3/8 3918/4/8
f 3919/1/11 3914/2/11 3913/3/11 3920/4/11
f 3919/1/9 3918/2/9 3915/3/9 3914/4/9
f 3913/1/10 3916/2/10 3917/3/10 3920/4/10
f 3921/1/1 3905/2/1 3908/3/1 3922/4/1
f 3923/1/18 3909/2/18 3912/3/18 3924/4/18
f 3923/1/8 3922/2/8 3908/3/8 3909/4/8
f 3912/1/11 3905/2/11 3921/3/11 3924/4/11
f 3912/1/9 3909/2/9 3908/3/9 3905/4/9
f 3921/1/10 3922/2/10 3923/3/10 3924/4/10
f 3925/1/1 3913/2/1 3916/3/1 3926/4/1
f 3927/1/18 3917/2/18 3920/3/18 3928/4/18
f 3927/1/8 3926/2/8 3916/3/8 3917/4/8
f 3920/1/11 3913/2/11 3925/3/11 3928/4/11
f 3920/1/9 3917/2/9 3916/3/9 3913/4/9
f 3925/1/10 3926/2/10 3927/3/10 3928/4/10
f 3929/1/1 3930/2/1 3931/3/1 3932/4/1
f 3933/1/18 3934/2/18 3935/3/18 3936/4/18
f 3933/1/8 3932/2/8 3931/3/8 3934/4/8
f 3935/1/11 3930/2/11 3929/3/11 3936/4/11
f 3935/1/9 3934/2/9 3931/3/9 3930/4/9
f 3929/1/10 3932/2/10 3933/3/10 3936/4/10
f 3937/1/1 3938/2/1 3939/3/1 3940/4/1
f 3941/1/18 3942/2/18 3943/3/18 3944/4/18
f 3941/1/8 3940/2/8 3939/3/8 3942/4/8
f 3943/1/11 3938/2/11 3937/3/11 3944/4/11
f 3943/1/9 3942/2/9 3939/3/9 3938/4/9
f 3937/1/10 3940/2/10 3941/3/10 3944/4/10
f 3945/1/1 3946/2/1 3947/3/1 3948/4/1
f 3949/1/18 3950/2/18 3951/3/18 3952/4/18
f 3949/1/8 3948/2/8 3947/3/8 3950/4/8
f 3951/1/11 3946/2/11 3945/3/11 3952/4/11
f 3951/1/9 3950/2/9 3947/3/9 3946/4/9
f 3945/1/10 3948/2/10 3949/3/10 3952/4/10
f 3953/1/1 3954/2/1 3955/3/1 3956/4/1
f 3957/1/18 3958/2/18 3959/3/18 3960/4/18
f 3957/1/8 3956/2/8 3955/3/8 3958/4/8
f 3959/1/11 3954/2/11 3953/3/11 3960/4/11
f 3959/1/9 3958/2/9 3955/3/9 3954/4/9
f 3953/1/10 3956/2/10 3957/3/10 3960/4/10
f 3961/1/1 3962/2/1 3963/3/1 3964/4/1
f 3965/1/18 3966/2/18 3967/3/18 3968/4/18
f 3965/1/8 3964/2/8 3963/3/8 3966/4/8
f 3967/1/11 3962/2/11 3961/3/11 3968/4/11
f 3967/1/9 3966/2/9 3963/3/9 3962/4/9
f 3961/1/10 3964/2/10 3965/3/10 3968/4/10
f 3969/1/1 3970/2/1 3971/3/1 3972/4/1
f 3973/1/18 3974/2/18 3975/3/18 3976/4/18
f 3973/1/8 3972/2/8 3971/3/8 3974/4/8
f 3975/1/11 3970/2/11 3969/3/11 3976/4/11
f 3975/1/9 3974/2/9 3971/3/9 3970/4/9
f 3969/1/10 3972/2/10 3973/3/10 3976/4/10
f 3977/1/1 3978/2/1 3979/3/1 3980/4/1
f 3981/1/18 3982/2/18 3983/3/18 3984/4/18
f 3981/1/8 3980/2/8 3979/3/8 3982/4/8
f 3983/1/11 3978/2/11 3977/3/11 3984/4/11
f 3983/1/9 3982/2/9 3979/3/9 3978/4/9
f 3977/1/10 3980/2/10 3981/3/10 3984/4/10
f 3985/1/1 3986/2/1 3987/3/1 3988/4/1
f 3989/1/18 3990/2/18 3991/3/18 3992/4/18
f 3989/1/8 3988/2/8 3987/3/8 3990/4/8
f 3991/1/11 3986/2/11 3985/3/11 3992/4/11
f 3991/1/9 3990/2/9 3987/3/9 3986/4/9
f 3985/1/10 3988/2/10 3989/3/10 3992/4/10
f 3993/1/1 3994/2/1 3995/3/1 3996/4/1
f 3997/1/18 3998/2/18 3999/3/18 4000/4/18
f 3997/1/8 3996/2/8 3995/3/8 3998/4/8
f 3999/1/11 3994/2/11 3993/3/11 4000/4/11
f 3999/1/9 3998/2/9 3995/3/9 3994/4/9
f 3993/1/10 3996/2/10 3997/3/10 4000/4/10
f 4001/1/1 4002/2/1 4003/3/1 4004/4/1
f 4005/1/18 4006/2/18 4007/3/18 4008/4/18
f 4005/1/8 4004/2/8 4003/3/8 4006/4/8
f 4007/1/11 4002/2/11 4001/3/11 4008/4/11
f 4007/1/9 4006/2/9 4003/3/9 4002/4/9
f 4001/1/10 4004/2/10 4005/3/10 4008/4/10
f 4009/1/1 4001/2/1 4004/3/1 4010/4/1
f 4011/1/18 4005/2/18 4008/3/18 4012/4/18
f 4011/1/8 4010/2/8 4004/3/8 4005/4/8
f 4008/1/11 4001/2/11 4009/3/11 4012/4/11
f 4008/1/9 4005/2/9 4004/3/9 4001/4/9
f 4009/1/10 4010/2/10 4011/3/10 4012/4/10
f 4013/1/1 4014/2/1 4015/3/1 4016/4/1
f 4017/1/18 4018/2/18 4019/3/18 4020/4/18
f 4017/1/8 4016/2/8 4015/3/8 4018/4/8
f 4019/1/11 4014/2/11 4013/3/11 4020/4/11
f 4019/1/9 4018/2/9 4015/3/9 4014/4/9
f 4013/1/10 4016/2/10 4017/3/10 4020/4/10
f 4021/1/1 4022/2/1 4023/3/1 4024/4/1
f 4025/1/18 4026/2/18 4027/3/18 4028/4/18
f 4025/1/8 4024/2/8 4023/3/8 4026/4/8
f 4027/1/11 4022/2/11 4021/3/11 4028/4/11
f 4027/1/9 4026/2/9 4023/3/9 4022/4/9
f 4021/1/10 4024/2/10 4025/3/10 4028/4/10
f 4029/1/1 4030/2/1 4031/3/1 4032/4/1
f 4033/1/18 4034/2/18 4035/3/18 4036/4/18
f 4033/1/8 4032/2/8 4031/3/8 4034/4/8
f 4035/1/11 4030/2/11 4029/3/11 4036/4/11
f 4035/1/9 4034/2/9 4031/3/9 4030/4/9
f 4029/1/10 4032/2/10 4033/3/10 4036/4/10
f 4037/1/1 4038/2/1 4039/3/1 4040/4/1
f 4041/1/18 4042/2/18 4043/3/18 4044/4/18
f 4041/1/8 4040/2/8 4039/3/8 4042/4/8
f 4043/1/11 4038/2/11 4037/3/11 4044/4/11
f 4043/1/9 4042/2/9 4039/3/9 4038/4/9
f 4037/1/10 4040/2/10 4041/3/10 4044/4/10
f 4045/1/1 4046/2/1 4047/3/1 4048/4/1
f 4049/1/18 4050/2/18 4051/3/18 4052/4/18
f 4049/1/8 4048/2/8 4047/3/8 4050/4/8
f 4051/1/11 4046/2/11 4045/3/11 4052/4/11
f 4051/1/9 4050/2/9 4047/3/9 4046/4/9
f 4045/1/10 4048/2/10 4049/3/10 4052/4/10
f 4053/1/1 4054/2/1 4055/3/1 4056/4/1
f 4057/1/18 4058/2/18 4059/3/18 4060/4/18
f 4057/1/8 4056/2/8 4055/3/8 4058/4/8
f 4059/1/11 4054/2/11 4053/3/11 4060/4/11
f 4059/1/9 4058/2/9 4055/3/9 4054/4/9
f 4053/1/10 4056/2/10 4057/3/10 4060/4/10
f 4061/1/1 4062/2/1 4063/3/1 4064/4/1
f 4065/1/18 4066/2/18 4067/3/18 4068/4/18
f 4065/1/8 4064/2/8 4063/3/8 4066/4/8
f 4067/1/11 4062/2/11 4061/3/11 4068/4/11
f 4067/1/9 4066/2/9 4063/3/9 4062/4/9
f 4061/1/10 4064/2/10 4065/3/10 4068/4/10
f 4069/1/1 4070/2/1 4071/3/1 4072/4/1
f 4073/1/18 4074/2/18 4075/3/18 4076/4/18
f 4073/1/8 4072/2/8 4071/3/8 4074/4/8
f 4075/1/11 4070/2/11 4069/3/11 4076/4/11
f 4075/1/9 4074/2/9 4071/3/9 4070/4/9
f 4069/1/10 4072/2/10 4073/3/10 4076/4/10
f 4077/1/1 4069/2/1 4072/3/1 4078/4/1
f 4079/1/18 4073/2/18 4076/3/18 4080/4/18
f 4079/1/8 4078/2/8 4072/3/8 4073/4/8
f 4076/1/11 4069/2/11 4077/3/11 4080/4/11
f 4076/1/9 4073/2/9 4072/3/9 4069/4/9
f 4077/1/10 4078/2/10 4079/3/10 4080/4/10
f 4081/1/1 4082/2/1 4083/3/1 4084/4/1
f 4085/1/18 4086/2/18 4087/3/18 4088/4/18
f 4085/1/8 4084/2/8 4083/3/8 4086/4/8
f 4087/1/11 4082/2/11 4081/3/11 4088/4/11
f 4087/1/9 4086/2/9 4083/3/9 4082/4/9
f 4081/1/10 4084/2/10 4085/3/10 4088/4/10
f 4089/1/1 4090/2/1 4091/3/1 4092/4/1
f 4093/1/18 4094/2/18 4095/3/18 4096/4/18
f 4093/1/8 4092/2/8 4091/3/8 4094/4/8
f 4095/1/11 4090/2/11 4089/3/11 4096/4/11
f 4095/1/9 4094/2/9 4091/3/9 4090/4/9
f 4089/1/10 4092/2/10 4093/3/10 4096/4/10
f 4097/1/1 4098/2/1 4099/3/1 4100/4/1
f 4101/1/18 4102/2/18 4103/3/18 4104/4/18
f 4101/1/8 4100/2/8 4099/3/8 4102/4/8
f 4103/1/11 4098/2/11 4097/3/11 4104/4/11
f 4103/1/9 4102/2/9 4099/3/9 4098/4/9
f 4097/1/10 4100/2/10 4101/3/10 4104/4/10
f 4105/1/1 4106/2/1 4107/3/1 4108/4/1
f 4109/1/18 4110/2/18 4111/3/18 4112/4/18
f 4109/1/8 4108/2/8 4107/3/8 4110/4/8
f 4111/1/11 4106/2/11 4105/3/11 4112/4/11
f 4111/1/9 4110/2/9 4107/3/9 4106/4/9
f 4105/1/10 4108/2/10 4109/3/10 4112/4/10
f 4113/1/1 4114/2/1 4115/3/1 4116/4/1
f 4117/1/18 4118/2/18 4119/3/18 4120/4/18
f 4117/1/8 4116/2/8 4115/3/8 4118/4/8
f 4119/1/11 4114/2/11 4113/3/11 4120/4/11
f 4119/1/9 4118/2/9 4115/3/9 4114/4/9
f 4113/1/10 4116/2/10 4117/3/10 4120/4/10
f 4121/1/1 4122/2/1 4123/3/1 4124/4/1
f 4125/1/18 4126/2/18 4127/3/18 4128/4/18
f 4125/1/8 4124/2/8 4123/3/8 4126/4/8
f 4127/1/11 4122/2/11 4121/3/11 4128/4/11
f 4127/1/9 4126/2/9 4123/3/9 4122/4/9
f 4121/1/10 4124/2/10 4125/3/10 4128/4/10
f 4129/1/1 4130/2/1 4131/3/1 4132/4/1
f 4133/1/18 4134/2/18 4135/3/18 4136/4/18
f 4133/1/8 4132/2/8 4131/3/8 4134/4/8
f 4135/1/11 4130/2/11 4129/3/11 4136/4/11
f 4135/1/9 4134/2/9 4131/3/9 4130/4/9
f 4129/1/10 4132/2/10 4133/3/10 4136/4/10
f 4137/1/1 4129/2/1 4132/3/1 4138/4/1
f 4139/1/18 4133/2/18 4136/3/18 4140/4/18
f 4139/1/8 4138/2/8 4132/3/8 4133/4/8
f 4136/1/11 4129/2/11 4137/3/11 4140/4/11
f 4136/1/9 4133/2/9 4132/3/9 4129/4/9
f 4137/1/10 4138/2/10 4139/3/10 4140/4/10
f 4141/1/1 4142/2/1 4143/3/1 4144/4/1
f 4145/1/18 4146/2/18 4147/3/18 4148/4/18
f 4145/1/8 4144/2/8 4143/3/8 4146/4/8
f 4147/1/11 4142/2/11 4141/3/11 4148/4/11
f 4147/1/9 4146/2/9 4143/3/9 4142/4/9
f 4141/1/10 4144/2/10 4145/3/10 4148/4/10
f 4149/1/1 4150/2/1 4151/3/1 4152/4/1
f 4153/1/18 4154/2/18 4155/3/18 4156/4/18
f 4153/1/8 4152/2/8 4151/3/8 4154/4/8
f 4155/1/11 4150/2/11 4149/3/11 4156/4/11
f 4155/1/9 4154/2/9 4151/3/9 4150/4/9
f 4149/1/10 4152/2/10 4153/3/10 4156/4/10
f 4157/1/1 4158/2/1 4159/3/1 4160/4/1
f 4161/1/18 4162/2/18 4163/3/18 4164/4/18
f 4161/1/8 4160/2/8 4159/3/8 4162/4/8
f 4163/1/11 4158/2/11 4157/3/11 4164/4/11
f 4163/1/9 4162/2/9 4159/3/9 4158/4/9
f 4157/1/10 4160/2/10 4161/3/10 4164/4/10
f 4165/1/1 4166/2/1 4167/3/1 4168/4/1
f 4169/1/18 4170/2/18 4171/3/18 4172/4/18
f 4169/1/8 4168/2/8 4167/3/8 4170/4/8
f 4171/1/11 4166/2/11 4165/3/11 4172/4/11
f 4171/1/9 4170/2/9 4167/3/9 4166/4/9
f 4165/1/10 4168/2/10 4169/3/10 4172/4/10
f 4173/1/1 4174/2/1 4175/3/1 4176/4/1
f 4177/1/18 4178/2/18 4179/3/18 4180/4/18
f 4177/1/8 4176/2/8 4175/3/8 4178/4/8
f 4179/1/11 4174/2/11 4173/3/11 4180/4/11
f 4179/1/9 4178/2/9 4175/3/9 4174/4/9
f 4173/1/10 4176/2/10 4177/3/10 4180/4/10
f 4181/1/1 4182/2/1 4183/3/1 4184/4/1
f 4185/1/18 4186/2/18 4187/3/18 4188/4/18
f 4185/1/8 4184/2/8 4183/3/8 4186/4/8
f 4187/1/11 4182/2/11 4181/3/11 4188/4/11
f 4187/1/9 4186/2/9 4183/3/9 4182/4/9
f 4181/1/10 4184/2/10 4185/3/10 4188/4/10
f 4189/1/1 4190/2/1 4191/3/1 4192/4/1
f 4193/1/18 4194/2/18 4195/3/18 4196/4/18
f 4193/1/8 4192/2/8 4191/3/8 4194/4/8
f 4195/1/11 4190/2/11 4189/3/11 4196/4/11
f 4195/1/9 4194/2/9 4191/3/9 4190/4/9
f 4189/1/10 4192/2/10 4193/3/10 4196/4/10
f 4197/1/1 4189/2/1 4192/3/1 4198/4/1
f 4199/1/18 4193/2/18 4196/3/18 4200/4/18
f 4199/1/8 4198/2/8 4192/3/8 4193/4/8
f 4196/1/11 4189/2/11 4197/3/11 4200/4/11
f 4196/1/9 4193/2/9 4192/3/9 4189/4/9
f 4197/1/10 4198/2/10 4199/3/10 4200/4/10
f 4201/1/1 4202/2/1 4203/3/1 4204/4/1
f 4205/1/18 4206/2/18 4207/3/18 4208/4/18
f 4205/1/8 4204/2/8 4203/3/8 4206/4/8
f 4207/1/11 4202/2/11 4201/3/11 4208/4/11
f 4207/1/9 4206/2/9 4203/3/9 4202/4/9
f 4201/1/10 4204/2/10 4205/3/10 4208/4/10
f 4209/1/1 4210/2/1 4211/3/1 4212/4/1
f 4213/1/18 4214/2/18 4215/3/18 4216/4/18
f 4213/1/8 4212/2/8 4211/3/8 4214/4/8
f 4215/1/11 4210/2/11 4209/3/11 4216/4/11
f 4215/1/9 4214/2/9 4211/3/9 4210/4/9
f 4209/1/10 4212/2/10 4213/3/10 4216/4/10
f 4217/1/1 4218/2/1 4219/3/1 4220/4/1
f 4221/1/18 4222/2/18 4223/3/18 4224/4/18
f 4221/1/8 4220/2/8 4219/3/8 4222/4/8
f 4223/1/11 4218/2/11 4217/3/11 4224/4/11
f 4223/1/9 4222/2/9 4219/3/9 4218/4/9
f 4217/1/10 4220/2/10 4221/3/10 4224/4/10
f 4225/1/1 4226/2/1 4227/3/1 4228/4/1
f 4229/1/18 4230/2/18 4231/3/18 4232/4/18
f 4229/1/8 4228/2/8 4227/3/8 4230/4/8
f 4231/1/11 4226/2/11 4225/3/11 4232/4/11
f 4231/1/9 4230/2/9 4227/3/9 4226/4/9
f 4225/1/10 4228/2/10 4229/3/10 4232/4/10
f 4233/1/1 4234/2/1 4235/3/1 4236/4/1
f 4237/1/18 4238/2/18 4239/3/18 4240/4/18
f 4237/1/8 4236/2/8 4235/3/8 4238/4/8
f 4239/1/11 4234/2/11 4233/3/11 4240/4/11
f 4239/1/9 4238/2/9 4235/3/9 4234/4/9
f 4233/1/10 4236/2/10 4237/3/10 4240/4/10
f 4241/1/1 4242/2/1 4243/3/1 4244/4/1
f 4245/1/18 4246/2/18 4247/3/18 4248/4/18
f 4245/1/8 4244/2/8 4243/3/8 4246/4/8
f 4247/1/11 4242/2/11 4241/3/11 4248/4/11
f 4247/1/9 4246/2/9 4243/3/9 4242/4/9
f 4241/1/10 4244/2/10 4245/3/10 4248/4/10
f 4249/1/1 4250/2/1 4251/3/1 4252/4/1
f 4253/1/18 4254/2/18 4255/3/18 4256/4/18
f 4253/1/8 4252/2/8 4251/3/8 4254/4/8
f 4255/1/11 4250/2/11 4249/3/11 4256/4/11
f 4255/1/9 4254/2/9 4251/3/9 4250/4/9
f 4249/1/10 4252/2/10 4253/3/10 4256/4/10
f 4257/1/1 4258/2/1 4259/3/1 4260/4/1
f 4261/1/18 4262/2/18 4263/3/18 4264/4/18
f 4261/1/8 4260/2/8 4259/3/8 4262/4/8
f 4263/1/11 4258/2/11 4257/3/11 4264/4/11
f 4263/1/9 4262/2/9 4259/3/9 4258/4/9
f 4257/1/10 4260/2/10 4261/3/10 4264/4/10
f 4265/1/1 4266/2/1 4267/3/1 4268/4/1
f 4269/1/18 4270/2/18 4271/3/18 4272/4/18
f 4269/1/8 4268/2/8 4267/3/8 4270/4/8
f 4271/1/11 4266/2/11 4265/3/11 4272/4/11
f 4271/1/9 4270/2/9 4267/3/9 4266/4/9
f 4265/1/10 4268/2/10 4269/3/10 4272/4/10
f 4273/1/1 4274/2/1 4275/3/1 4276/4/1
f 4277/1/18 4278/2/18 4279/3/18 4280/4/18
f 4277/1/8 4276/2/8 4275/3/8 4278/4/8
f 4279/1/11 4274/2/11 4273/3/11 4280/4/11
f 4279/1/9 4278/2/9 4275/3/9 4274/4/9
f 4273/1/10 4276/2/10 4277/3/10 4280/4/10
f 4281/1/1 4282/2/1 4283/3/1 4284/4/1
f 4285/1/18 4286/2/18 4287/3/18 4288/4/18
f 4285/1/8 4284/2/8 4283/3/8 4286/4/8
f 4287/1/11 4282/2/11 4281/3/11 4288/4/11
f 4287/1/9 4286/2/9 4283/3/9 4282/4/9
f 4281/1/10 4284/2/10 4285/3/10 4288/4/10
f 4289/1/1 4290/2/1 4291/3/1 4292/4/1
f 4293/1/18 4294/2/18 4295/3/18 4296/4/18
f 4293/1/8 4292/2/8 4291/3/8 4294/4/8
f 4295/1/11 4290/2/11 4289/3/11 4296/4/11
f 4295/1/9 4294/2/9 4291/3/9 4290/4/9
f 4289/1/10 4292/2/10 4293/3/10 4296/4/10
f 4297/1/1 4289/2/1 4292/3/1 4298/4/1
f 4299/1/18 4293/2/18 4296/3/18 4300/4/18
f 4299/1/8 4298/2/8 4292/3/8 4293/4/8
f 4296/1/11 4289/2/11 4297/3/11 4300/4/11
f 4296/1/9 4293/2/9 4292/3/9 4289/4/9
f 4297/1/10 4298/2/10 4299/3/10 4300/4/10
f 4301/1/1 4302/2/1 4303/3/1 4304/4/1
f 4305/1/18 4306/2/18 4307/3/18 4308/4/18
f 4305/1/8 4304/2/8 4303/3/8 4306/4/8
f 4307/1/11 4302/2/11 4301/3/11 4308/4/11
f 4307/1/9 4306/2/9 4303/3/9 4302/4/9
f 4301/1/10 4304/2/10 4305/3/10 4308/4/10
f 4309/1/1 4310/2/1 4311/3/1 4312/4/1
f 4313/1/18 4314/2/18 4315/3/18 4316/4/18
f 4313/1/8 4312/2/8 4311/3/8 4314/4/8
f 4315/1/11 4310/2/11 4309/3/11 4316/4/11
f 4315/1/9 4314/2/9 4311/3/9 4310/4/9
f 4309/1/10 4312/2/10 4313/3/10 4316/4/10
f 4317/1/1 4318/2/1 4319/3/1 4320/4/1
f 4321/1/18 4322/2/18 4323/3/18 4324/4/18
f 4321/1/8 4320/2/8 4319/3/8 4322/4/8
f 4323/1/11 4318/2/11 4317/3/11 4324/4/11
f 4323/1/9 4322/2/9 4319/3/9 4318/4/9
f 4317/1/10 4320/2/10 4321/3/10 4324/4/10
f 4325/1/1 4326/2/1 4327/3/1 4328/4/1
f 4329/1/18 4330/2/18 4331/3/18 4332/4/18
f 4329/1/8 4328/2/8 4327/3/8 4330/4/8
f 4331/1/11 4326/2/11 4325/3/11 4332/4/11
f 4331/1/9 4330/2/9 4327/3/9 4326/4/9
f 4325/1/10 4328/2/10 4329/3/10 4332/4/10
f 4333/1/1 4334/2/1 4335/3/1 4336/4/1
f 4337/1/18 4338/2/18 4339/3/18 4340/4/18
f 4337/1/8 4336/2/8 4335/3/8 4338/4/8
f 4339/1/11 4334/2/11 4333/3/11 4340/4/11
f 4339/1/9 4338/2/9 4335/3/9 4334/4/9
f 4333/1/10 4336/2/10 4337/3/10 4340/4/10
f 4341/1/1 4342/2/1 4343/3/1 4344/4/1
f 4345/1/18 4346/2/18 4347/3/18 4348/4/18
f 4345/1/8 4344/2/8 4343/3/8 4346/4/8
f 4347/1/11 4342/2/11 4341/3/11 4348/4/11
f 4347/1/9 4346/2/9 4343/3/9 4342/4/9
f 4341/1/10 4344/2/10 4345/3/10 4348/4/10
f 4349/1/1 4350/2/1 4351/3/1 4352/4/1
f 4353/1/18 4354/2/18 4355/3/18 4356/4/18
f 4353/1/8 4352/2/8 4351/3/8 4354/4/8
f 4355/1/11 4350/2/11 4349/3/11 4356/4/11
f 4355/1/9 4354/2/9 4351/3/9 4350/4/9
f 4349/1/10 4352/2/10 4353/3/10 4356/4/10
f 4357/1/1 4349/2/1 4352/3/1 4358/4/1
f 4359/1/18 4353/2/18 4356/3/18 4360/4/18
f 4359/1/8 4358/2/8 4352/3/8 4353/4/8
f 4356/1/11 4349/2/11 4357/3/11 4360/4/11
f 4356/1/9 4353/2/9 4352/3/9 4349/4/9
f 4357/1/10 4358/2/10 4359/3/10 4360/4/10
f 4361/1/1 4362/2/1 4363/3/1 4364/4/1
f 4365/1/18 4366/2/18 4367/3/18 4368/4/18
f 4365/1/8 4364/2/8 4363/3/8 4366/4/8
f 4367/1/11 4362/2/11 4361/3/11 4368/4/11
f 4367/1/9 4366/2/9 4363/3/9 4362/4/9
f 4361/1/10 4364/2/10 4365/3/10 4368/4/10
f 4369/1/1 4370/2/1 4371/3/1 4372/4/1
f 4373/1/18 4374/2/18 4375/3/18 4376/4/18
f 4373/1/8 4372/2/8 4371/3/8 4374/4/8
f 4375/1/11 4370/2/11 4369/3/11 4376/4/11
f 4375/1/9 4374/2/9 4371/3/9 4370/4/9
f 4369/1/10 4372/2/10 4373/3/10 4376/4/10
f 4377/1/1 4378/2/1 4379/3/1 4380/4/1
f 4381/1/18 4382/2/18 4383/3/18 4384/4/18
f 4381/1/8 4380/2/8 4379/3/8 4382/4/8
f 4383/1/11 4378/2/11 4377/3/11 4384/4/11
f 4383/1/9 4382/2/9 4379/3/9 4378/4/9
f 4377/1/10 4380/2/10 4381/3/10 4384/4/10
f 4385/1/1 4386/2/1 4387/3/1 4388/4/1
f 4389/1/18 4390/2/18 4391/3/18 4392/4/18
f 4389/1/8 4388/2/8 4387/3/8 4390/4/8
f 4391/1/11 4386/2/11 4385/3/11 4392/4/11
f 4391/1/9 4390/2/9 4387/3/9 4386/4/9
f 4385/1/10 4388/2/10 4389/3/10 4392/4/10
f 4393/1/1 4394/2/1 4395/3/1 4396/4/1
f 4397/1/18 4398/2/18 4399/3/18 4400/4/18
f 4397/1/8 4396/2/8 4395/3/8 4398/4/8
f 4399/1/11 4394/2/11 4393/3/11 4400/4/11
f 4399/1/9 4398/2/9 4395/3/9 4394/4/9
f 4393/1/10 4396/2/10 4397/3/10 4400/4/10
f 4396/1/1 4395/2/1 4401/3/1 4402/4/1
f 4403/1/18 4404/2/18 4398/3/18 4397/4/18
f 4403/1/8 4402/2/8 4401/3/8 4404/4/8
f 4398/1/11 4395/2/11 4396/3/11 4397/4/11
f 4398/1/9 4404/2/9 4401/3/9 4395/4/9
f 4396/1/10 4402/2/10 4403/3/10 4397/4/10
f 4405/1/1 4406/2/1 4407/3/1 4408/4/1
f 4409/1/18 4410/2/18 4411/3/18 4412/4/18
f 4409/1/8 4408/2/8 4407/3/8 4410/4/8
f 4411/1/11 4406/2/11 4405/3/11 4412/4/11
f 4411/1/9 4410/2/9 4407/3/9 4406/4/9
f 4405/1/10 4408/2/10 4409/3/10 4412/4/10
f 4413/1/1 4414/2/1 4415/3/1 4416/4/1
f 4417/1/18 4418/2/18 4419/3/18 4420/4/18
f 4417/1/8 4416/2/8 4415/3/8 4418/4/8
f 4419/1/11 4414/2/11 4413/3/11 4420/4/11
f 4419/1/9 4418/2/9 4415/3/9 4414/4/9
f 4413/1/10 4416/2/10 4417/3/10 4420/4/10
f 4421/1/1 4422/2/1 4423/3/1 4424/4/1
f 4425/1/18 4426/2/18 4427/3/18 4428/4/18
f 4425/1/8 4424/2/8 4423/3/8 4426/4/8
f 4427/1/11 4422/2/11 4421/3/11 4428/4/11
f 4427/1/9 4426/2/9 4423/3/9 4422/4/9
f 4421/1/10 4424/2/10 4425/3/10 4428/4/10
f 4429/1/1 4430/2/1 4431/3/1 4432/4/1
f 4433/1/18 4434/2/18 4435/3/18 4436/4/18
f 4433/1/8 4432/2/8 4431/3/8 4434/4/8
f 4435/1/11 4430/2/11 4429/3/11 4436/4/11
f 4435/1/9 4434/2/9 4431/3/9 4430/4/9
f 4429/1/10 4432/2/10 4433/3/10 4436/4/10
f 4437/1/1 4438/2/1 4439/3/1 4440/4/1
f 4441/1/18 4442/2/18 4443/3/18 4444/4/18
f 4441/1/8 4440/2/8 4439/3/8 4442/4/8
f 4443/1/11 4438/2/11 4437/3/11 4444/4/11
f 4443/1/9 4442/2/9 4439/3/9 4438/4/9
f 4437/1/10 4440/2/10 4441/3/10 4444/4/10
f 4445/1/1 4446/2/1 4447/3/1 4448/4/1
f 4449/1/18 4450/2/18 4451/3/18 4452/4/18
f 4449/1/8 4448/2/8 4447/3/8 4450/4/8
f 4451/1/11 4446/2/11 4445/3/11 4452/4/11
f 4451/1/9 4450/2/9 4447/3/9 4446/4/9
f 4445/1/10 4448/2/10 4449/3/10 4452/4/10
f 4453/1/1 4454/2/1 4455/3/1 4456/4/1
f 4457/1/18 4458/2/18 4459/3/18 4460/4/18
f 4457/1/8 4456/2/8 4455/3/8 4458/4/8
f 4459/1/11 4454/2/11 4453/3/11 4460/4/11
f 4459/1/9 4458/2/9 4455/3/9 4454/4/9
f 4453/1/10 4456/2/10 4457/3/10 4460/4/10
f 4461/1/1 4462/2/1 4463/3/1 4464/4/1
f 4465/1/18 4466/2/18 4467/3/18 4468/4/18
f 4465/1/8 4464/2/8 4463/3/8 4466/4/8
f 4467/1/11 4462/2/11 4461/3/11 4468/4/11
f 4467/1/9 4466/2/9 4463/3/9 4462/4/9
f 4461/1/10 4464/2/10 4465/3/10 4468/4/10
f 4469/1/1 4470/2/1 4471/3/1 4472/4/1
f 4473/1/18 4474/2/18 4475/3/18 4476/4/18
f 4473/1/8 4472/2/8 4471/3/8 4474/4/8
f 4475/1/11 4470/2/11 4469/3/11 4476/4/11
f 4475/1/9 4474/2/9 4471/3/9 4470/4/9
f 4469/1/10 4472/2/10 4473/3/10 4476/4/10
f 4477/1/1 4478/2/1 4479/3/1 4480/4/1
f 4481/1/18 4482/2/18 4483/3/18 4484/4/18
f 4481/1/8 4480/2/8 4479/3/8 4482/4/8
f 4483/1/11 4478/2/11 4477/3/11 4484/4/11
f 4483/1/9 4482/2/9 4479/3/9 4478/4/9
f 4477/1/10 4480/2/10 4481/3/10 4484/4/10
f 4485/1/1 4477/2/1 4480/3/1 4486/4/1
f 4487/1/18 4481/2/18 4484/3/18 4488/4/18
f 4487/1/8 4486/2/8 4480/3/8 4481/4/8
f 4484/1/11 4477/2/11 4485/3/11 4488/4/11
f 4484/1/9 4481/2/9 4480/3/9 4477/4/9
f 4485/1/10 4486/2/10 4487/3/10 4488/4/10
f 4489/1/1 4490/2/1 4491/3/1 4492/4/1
f 4493/1/18 4494/2/18 4495/3/18 4496/4/18
f 4493/1/8 4492/2/8 4491/3/8 4494/4/8
f 4495/1/11 4490/2/11 4489/3/11 4496/4/11
f 4495/1/9 4494/2/9 4491/3/9 4490/4/9
f 4489/1/10 4492/2/10 4493/3/10 4496/4/10
f 4497/1/1 4498/2/1 4499/3/1 4500/4/1
f 4501/1/18 4502/2/18 4503/3/18 4504/4/18
f 4501/1/8 4500/2/8 4499/3/8 4502/4/8
f 4503/1/11 4498/2/11 4497/3/11 4504/4/11
f 4503/1/9 4502/2/9 4499/3/9 4498/4/9
f 4497/1/10 4500/2/10 4501/3/10 4504/4/10
f 4505/1/1 4506/2/1 4507/3/1 4508/4/1
f 4509/1/18 4510/2/18 4511/3/18 4512/4/18
f 4509/1/8 4508/2/8 4507/3/8 4510/4/8
f 4511/1/11 4506/2/11 4505/3/11 4512/4/11
f 4511/1/9 4510/2/9 4507/3/9 4506/4/9
f 4505/1/10 4508/2/10 4509/3/10 4512/4/10
f 4513/1/1 4514/2/1 4515/3/1 4516/4/1
f 4517/1/18 4518/2/18 4519/3/18 4520/4/18
f 4517/1/8 4516/2/8 4515/3/8 4518/4/8
f 4519/1/11 4514/2/11 4513/3/11 4520/4/11
f 4519/1/9 4518/2/9 4515/3/9 4514/4/9
f 4513/1/10 4516/2/10 4517/3/10 4520/4/10
f 4521/1/1 4522/2/1 4523/3/1 4524/4/1
f 4525/1/18 4526/2/18 4527/3/18 4528/4/18
f 4525/1/8 4524/2/8 4523/3/8 4526/4/8
f 4527/1/11 4522/2/11 4521/3/11 4528/4/11
f 4527/1/9 4526/2/9 4523/3/9 4522/4/9
f 4521/1/10 4524/2/10 4525/3/10 4528/4/10
f 4529/1/1 4530/2/1 4531/3/1 4532/4/1
f 4533/1/18 4534/2/18 4535/3/18 4536/4/18
f 4533/1/8 4532/2/8 4531/3/8 4534/4/8
f 4535/1/11 4530/2/11 4529/3/11 4536/4/11
f 4535/1/9 4534/2/9 4531/3/9 4530/4/9
f 4529/1/10 4532/2/10 4533/3/10 4536/4/10
f 4537/1/1 4538/2/1 4539/3/1 4540/4/1
f 4541/1/18 4542/2/18 4543/3/18 4544/4/18
f 4541/1/8 4540/2/8 4539/3/8 4542/4/8
f 4543/1/11 4538/2/11 4537/3/11 4544/4/11
f 4543/1/9 4542/2/9 4539/3/9 4538/4/9
f 4537/1/10 4540/2/10 4541/3/10 4544/4/10
f 4545/1/1 4537/2/1 4540/3/1 4546/4/1
f 4547/1/18 4541/2/18 4544/3/18 4548/4/18
f 4547/1/8 4546/2/8 4540/3/8 4541/4/8
f 4544/1/11 4537/2/11 4545/3/11 4548/4/11
f 4544/1/9 4541/2/9 4540/3/9 4537/4/9
f 4545/1/10 4546/2/10 4547/3/10 4548/4/10
f 4549/1/1 4550/2/1 4551/3/1 4552/4/1
f 4553/1/18 4554/2/18 4555/3/18 4556/4/18
f 4553/1/8 4552/2/8 4551/3/8 4554/4/8
f 4555/1/11 4550/2/11 4549/3/11 4556/4/11
f 4555/1/9 4554/2/9 4551/3/9 4550/4/9
f 4549/1/10 4552/2/10 4553/3/10 4556/4/10
f 4557/1/1 4558/2/1 4559/3/1 4560/4/1
f 4561/1/18 4562/2/18 4563/3/18 4564/4/18
f 4561/1/8 4560/2/8 4559/3/8 4562/4/8
f 4563/1/11 4558/2/11 4557/3/11 4564/4/11
f 4563/1/9 4562/2/9 4559/3/9 4558/4/9
f 4557/1/10 4560/2/10 4561/3/10 4564/4/10
f 4565/1/1 4566/2/1 4567/3/1 4568/4/1
f 4569/1/18 4570/2/18 4571/3/18 4572/4/18
f 4569/1/8 4568/2/8 4567/3/8 4570/4/8
f 4571/1/11 4566/2/11 4565/3/11 4572/4/11
f 4571/1/9 4570/2/9 4567/3/9 4566/4/9
f 4565/1/10 4568/2/10 4569/3/10 4572/4/10
f 4573/1/1 4574/2/1 4575/3/1 4576/4/1
f 4577/1/18 4578/2/18 4579/3/18 4580/4/18
f 4577/1/8 4576/2/8 4575/3/8 4578/4/8
f 4579/1/11 4574/2/11 4573/3/11 4580/4/11
f 4579/1/9 4578/2/9 4575/3/9 4574/4/9
f 4573/1/10 4576/2/10 4577/3/10 4580/4/10
f 4581/1/1 4582/2/1 4583/3/1 4584/4/1
f 4585/1/18 4586/2/18 4587/3/18 4588/4/18
f 4585/1/8 4584/2/8 4583/3/8 4586/4/8
f 4587/1/11 4582/2/11 4581/3/11 4588/4/11
f 4587/1/9 4586/2/9 4583/3/9 4582/4/9
f 4581/1/10 4584/2/10 4585/3/10 4588/4/10
f 4589/1/1 4590/2/1 4591/3/1 4592/4/1
f 4593/1/18 4594/2/18 4595/3/18 4596/4/18
f 4593/1/8 4592/2/8 4591/3/8 4594/4/8
f 4595/1/11 4590/2/11 4589/3/11 4596/4/11
f 4595/1/9 4594/2/9 4591/3/9 4590/4/9
f 4589/1/10 4592/2/10 4593/3/10 4596/4/10
f 4597/1/1 4598/2/1 4599/3/1 4600/4/1
f 4601/1/18 4602/2/18 4603/3/18 4604/4/18
f 4601/1/8 4600/2/8 4599/3/8 4602/4/8
f 4603/1/11 4598/2/11 4597/3/11 4604/4/11
f 4603/1/9 4602/2/9 4599/3/9 4598/4/9
f 4597/1/10 4600/2/10 4601/3/10 4604/4/10
usemtl step_color_007
f 4605/1/1 4606/2/1 4607/3/1 4608/4/1
f 4609/1/18 4610/2/18 4611/3/18 4612/4/18
f 4609/1/8 4608/2/8 4607/3/8 4610/4/8
f 4611/1/11 4606/2/11 4605/3/11 4612/4/11
f 4611/1/9 4610/2/9 4607/3/9 4606/4/9
f 4605/1/10 4608/2/10 4609/3/10 4612/4/10
f 4613/1/1 4614/2/1 4615/3/1 4616/4/1
f 4617/1/18 4618/2/18 4619/3/18 4620/4/18
f 4617/1/8 4616/2/8 4615/3/8 4618/4/8
f 4619/1/11 4614/2/11 4613/3/11 4620/4/11
f 4619/1/9 4618/2/9 4615/3/9 4614/4/9
f 4613/1/10 4616/2/10 4617/3/10 4620/4/10
f 4621/1/1 4622/2/1 4623/3/1 4624/4/1
f 4625/1/18 4626/2/18 4627/3/18 4628/4/18
f 4625/1/8 4624/2/8 4623/3/8 4626/4/8
f 4627/1/11 4622/2/11 4621/3/11 4628/4/11
f 4627/1/9 4626/2/9 4623/3/9 4622/4/9
f 4621/1/10 4624/2/10 4625/3/10 4628/4/10
f 4629/1/1 4630/2/1 4631/3/1 4632/4/1
f 4633/1/18 4634/2/18 4635/3/18 4636/4/18
f 4633/1/8 4632/2/8 4631/3/8 4634/4/8
f 4635/1/11 4630/2/11 4629/3/11 4636/4/11
f 4635/1/9 4634/2/9 4631/3/9 4630/4/9
f 4629/1/10 4632/2/10 4633/3/10 4636/4/10
f 4637/1/1 4638/2/1 4639/3/1 4640/4/1
f 4641/1/18 4642/2/18 4643/3/18 4644/4/18
f 4641/1/8 4640/2/8 4639/3/8 4642/4/8
f 4643/1/11 4638/2/11 4637/3/11 4644/4/11
f 4643/1/9 4642/2/9 4639/3/9 4638/4/9
f 4637/1/10 4640/2/10 4641/3/10 4644/4/10
f 4645/1/1 4646/2/1 4647/3/1 4648/4/1
f 4649/1/18 4650/2/18 4651/3/18 4652/4/18
f 4649/1/8 4648/2/8 4647/3/8 4650/4/8
f 4651/1/11 4646/2/11 4645/3/11 4652/4/11
f 4651/1/9 4650/2/9 4647/3/9 4646/4/9
f 4645/1/10 4648/2/10 4649/3/10 4652/4/10
f 4653/1/1 4654/2/1 4655/3/1 4656/4/1
f 4657/1/18 4658/2/18 4659/3/18 4660/4/18
f 4657/1/8 4656/2/8 4655/3/8 4658/4/8
f 4659/1/11 4654/2/11 4653/3/11 4660/4/11
f 4659/1/9 4658/2/9 4655/3/9 4654/4/9
f 4653/1/10 4656/2/10 4657/3/10 4660/4/10
f 4661/1/1 4662/2/1 4663/3/1 4664/4/1
f 4665/1/18 4666/2/18 4667/3/18 4668/4/18
f 4665/1/8 4664/2/8 4663/3/8 4666/4/8
f 4667/1/11 4662/2/11 4661/3/11 4668/4/11
f 4667/1/9 4666/2/9 4663/3/9 4662/4/9
f 4661/1/10 4664/2/10 4665/3/10 4668/4/10
f 4669/1/1 4670/2/1 4671/3/1 4672/4/1
f 4673/1/18 4674/2/18 4675/3/18 4676/4/18
f 4673/1/8 4672/2/8 4671/3/8 4674/4/8
f 4675/1/11 4670/2/11 4669/3/11 4676/4/11
f 4675/1/9 4674/2/9 4671/3/9 4670/4/9
f 4669/1/10 4672/2/10 4673/3/10 4676/4/10
f 4677/1/1 4678/2/1 4679/3/1 4680/4/1
f 4681/1/18 4682/2/18 4683/3/18 4684/4/18
f 4681/1/8 4680/2/8 4679/3/8 4682/4/8
f 4683/1/11 4678/2/11 4677/3/11 4684/4/11
f 4683/1/9 4682/2/9 4679/3/9 4678/4/9
f 4677/1/10 4680/2/10 4681/3/10 4684/4/10
f 4685/1/1 4686/2/1 4687/3/1 4688/4/1
f 4689/1/18 4690/2/18 4691/3/18 4692/4/18
f 4689/1/8 4688/2/8 4687/3/8 4690/4/8
f 4691/1/11 4686/2/11 4685/3/11 4692/4/11
f 4691/1/9 4690/2/9 4687/3/9 4686/4/9
f 4685/1/10 4688/2/10 4689/3/10 4692/4/10
f 4693/1/1 4694/2/1 4695/3/1 4696/4/1
f 4697/1/18 4698/2/18 4699/3/18 4700/4/18
f 4697/1/8 4696/2/8 4695/3/8 4698/4/8
f 4699/1/11 4694/2/11 4693/3/11 4700/4/11
f 4699/1/9 4698/2/9 4695/3/9 4694/4/9
f 4693/1/10 4696/2/10 4697/3/10 4700/4/10
f 4701/1/1 4702/2/1 4703/3/1 4704/4/1
f 4705/1/18 4706/2/18 4707/3/18 4708/4/18
f 4705/1/8 4704/2/8 4703/3/8 4706/4/8
f 4707/1/11 4702/2/11 4701/3/11 4708/4/11
f 4707/1/9 4706/2/9 4703/3/9 4702/4/9
f 4701/1/10 4704/2/10 4705/3/10 4708/4/10
f 4709/1/1 4710/2/1 4711/3/1 4712/4/1
f 4713/1/18 4714/2/18 4715/3/18 4716/4/18
f 4713/1/8 4712/2/8 4711/3/8 4714/4/8
f 4715/1/11 4710/2/11 4709/3/11 4716/4/11
f 4715/1/9 4714/2/9 4711/3/9 4710/4/9
f 4709/1/10 4712/2/10 4713/3/10 4716/4/10
f 4717/1/1 4718/2/1 4719/3/1 4720/4/1
f 4721/1/18 4722/2/18 4723/3/18 4724/4/18
f 4721/1/8 4720/2/8 4719/3/8 4722/4/8
f 4723/1/11 4718/2/11 4717/3/11 4724/4/11
f 4723/1/9 4722/2/9 4719/3/9 4718/4/9
f 4717/1/10 4720/2/10 4721/3/10 4724/4/10
f 4725/1/1 4726/2/1 4727/3/1 4728/4/1
f 4729/1/18 4730/2/18 4731/3/18 4732/4/18
f 4729/1/8 4728/2/8 4727/3/8 4730/4/8
f 4731/1/11 4726/2/11 4725/3/11 4732/4/11
f 4731/1/9 4730/2/9 4727/3/9 4726/4/9
f 4725/1/10 4728/2/10 4729/3/10 4732/4/10
f 4733/1/1 4701/2/1 4704/3/1 4734/4/1
f 4735/1/18 4705/2/18 4708/3/18 4736/4/18
f 4735/1/8 4734/2/8 4704/3/8 4705/4/8
f 4708/1/11 4701/2/11 4733/3/11 4736/4/11
f 4708/1/9 4705/2/9 4704/3/9 4701/4/9
f 4733/1/10 4734/2/10 4735/3/10 4736/4/10
f 4737/1/1 4709/2/1 4712/3/1 4738/4/1
f 4739/1/18 4713/2/18 4716/3/18 4740/4/18
f 4739/1/8 4738/2/8 4712/3/8 4713/4/8
f 4716/1/11 4709/2/11 4737/3/11 4740/4/11
f 4716/1/9 4713/2/9 4712/3/9 4709/4/9
f 4737/1/10 4738/2/10 4739/3/10 4740/4/10
f 4741/1/1 4717/2/1 4720/3/1 4742/4/1
f 4743/1/18 4721/2/18 4724/3/18 4744/4/18
f 4743/1/8 4742/2/8 4720/3/8 4721/4/8
f 4724/1/11 4717/2/11 4741/3/11 4744/4/11
f 4724/1/9 4721/2/9 4720/3/9 4717/4/9
f 4741/1/10 4742/2/10 4743/3/10 4744/4/10
f 4745/1/1 4725/2/1 4728/3/1 4746/4/1
f 4747/1/18 4729/2/18 4732/3/18 4748/4/18
f 4747/1/8 4746/2/8 4728/3/8 4729/4/8
f 4732/1/11 4725/2/11 4745/3/11 4748/4/11
f 4732/1/9 4729/2/9 4728/3/9 4725/4/9
f 4745/1/10 4746/2/10 4747/3/10 4748/4/10
f 4749/1/1 4750/2/1 4751/3/1 4752/4/1
f 4753/1/18 4754/2/18 4755/3/18 4756/4/18
f 4753/1/8 4752/2/8 4751/3/8 4754/4/8
f 4755/1/11 4750/2/11 4749/3/11 4756/4/11
f 4755/1/9 4754/2/9 4751/3/9 4750/4/9
f 4749/1/10 4752/2/10 4753/3/10 4756/4/10
f 4757/1/1 4758/2/1 4759/3/1 4760/4/1
f 4761/1/18 4762/2/18 4763/3/18 4764/4/18
f 4761/1/8 4760/2/8 4759/3/8 4762/4/8
f 4763/1/11 4758/2/11 4757/3/11 4764/4/11
f 4763/1/9 4762/2/9 4759/3/9 4758/4/9
f 4757/1/10 4760/2/10 4761/3/10 4764/4/10
f 4765/1/1 4766/2/1 4767/3/1 4768/4/1
f 4769/1/18 4770/2/18 4771/3/18 4772/4/18
f 4769/1/8 4768/2/8 4767/3/8 4770/4/8
f 4771/1/11 4766/2/11 4765/3/11 4772/4/11
f 4771/1/9 4770/2/9 4767/3/9 4766/4/9
f 4765/1/10 4768/2/10 4769/3/10 4772/4/10
f 4773/1/1 4774/2/1 4775/3/1 4776/4/1
f 4777/1/18 4778/2/18 4779/3/18 4780/4/18
f 4777/1/8 4776/2/8 4775/3/8 4778/4/8
f 4779/1/11 4774/2/11 4773/3/11 4780/4/11
f 4779/1/9 4778/2/9 4775/3/9 4774/4/9
f 4773/1/10 4776/2/10 4777/3/10 4780/4/10
f 4781/1/1 4782/2/1 4783/3/1 4784/4/1
f 4785/1/18 4786/2/18 4787/3/18 4788/4/18
f 4785/1/8 4784/2/8 4783/3/8 4786/4/8
f 4787/1/11 4782/2/11 4781/3/11 4788/4/11
f 4787/1/9 4786/2/9 4783/3/9 4782/4/9
f 4781/1/10 4784/2/10 4785/3/10 4788/4/10
f 4789/1/1 4790/2/1 4791/3/1 4792/4/1
f 4793/1/18 4794/2/18 4795/3/18 4796/4/18
f 4793/1/8 4792/2/8 4791/3/8 4794/4/8
f 4795/1/11 4790/2/11 4789/3/11 4796/4/11
f 4795/1/9 4794/2/9 4791/3/9 4790/4/9
f 4789/1/10 4792/2/10 4793/3/10 4796/4/10
f 4797/1/1 4798/2/1 4799/3/1 4800/4/1
f 4801/1/18 4802/2/18 4803/3/18 4804/4/18
f 4801/1/8 4800/2/8 4799/3/8 4802/4/8
f 4803/1/11 4798/2/11 4797/3/11 4804/4/11
f 4803/1/9 4802/2/9 4799/3/9 4798/4/9
f 4797/1/10 4800/2/10 4801/3/10 4804/4/10
f 4805/1/1 4806/2/1 4807/3/1 4808/4/1
f 4809/1/18 4810/2/18 4811/3/18 4812/4/18
f 4809/1/8 4808/2/8 4807/3/8 4810/4/8
f 4811/1/11 4806/2/11 4805/3/11 4812/4/11
f 4811/1/9 4810/2/9 4807/3/9 4806/4/9
f 4805/1/10 4808/2/10 4809/3/10 4812/4/10
f 4813/1/1 4814/2/1 4815/3/1 4816/4/1
f 4817/1/18 4818/2/18 4819/3/18 4820/4/18
f 4817/1/8 4816/2/8 4815/3/8 4818/4/8
f 4819/1/11 4814/2/11 4813/3/11 4820/4/11
f 4819/1/9 4818/2/9 4815/3/9 4814/4/9
f 4813/1/10 4816/2/10 4817/3/10 4820/4/10
f 4821/1/1 4822/2/1 4823/3/1 4824/4/1
f 4825/1/18 4826/2/18 4827/3/18 4828/4/18
f 4825/1/8 4824/2/8 4823/3/8 4826/4/8
f 4827/1/11 4822/2/11 4821/3/11 4828/4/11
f 4827/1/9 4826/2/9 4823/3/9 4822/4/9
f 4821/1/10 4824/2/10 4825/3/10 4828/4/10
f 4829/1/1 4830/2/1 4831/3/1 4832/4/1
f 4833/1/18 4834/2/18 4835/3/18 4836/4/18
f 4833/1/8 4832/2/8 4831/3/8 4834/4/8
f 4835/1/11 4830/2/11 4829/3/11 4836/4/11
f 4835/1/9 4834/2/9 4831/3/9 4830/4/9
f 4829/1/10 4832/2/10 4833/3/10 4836/4/10
f 4837/1/1 4838/2/1 4839/3/1 4840/4/1
f 4841/1/18 4842/2/18 4843/3/18 4844/4/18
f 4841/1/8 4840/2/8 4839/3/8 4842/4/8
f 4843/1/11 4838/2/11 4837/3/11 4844/4/11
f 4843/1/9 4842/2/9 4839/3/9 4838/4/9
f 4837/1/10 4840/2/10 4841/3/10 4844/4/10
f 4845/1/1 4846/2/1 4847/3/1 4848/4/1
f 4849/1/18 4850/2/18 4851/3/18 4852/4/18
f 4849/1/8 4848/2/8 4847/3/8 4850/4/8
f 4851/1/11 4846/2/11 4845/3/11 4852/4/11
f 4851/1/9 4850/2/9 4847/3/9 4846/4/9
f 4845/1/10 4848/2/10 4849/3/10 4852/4/10
f 4853/1/1 4854/2/1 4855/3/1 4856/4/1
f 4857/1/18 4858/2/18 4859/3/18 4860/4/18
f 4857/1/8 4856/2/8 4855/3/8 4858/4/8
f 4859/1/11 4854/2/11 4853/3/11 4860/4/11
f 4859/1/9 4858/2/9 4855/3/9 4854/4/9
f 4853/1/10 4856/2/10 4857/3/10 4860/4/10
f 4861/1/1 4862/2/1 4863/3/1 4864/4/1
f 4865/1/18 4866/2/18 4867/3/18 4868/4/18
f 4865/1/8 4864/2/8 4863/3/8 4866/4/8
f 4867/1/11 4862/2/11 4861/3/11 4868/4/11
f 4867/1/9 4866/2/9 4863/3/9 4862/4/9
f 4861/1/10 4864/2/10 4865/3/10 4868/4/10
f 4869/1/1 4870/2/1 4871/3/1 4872/4/1
f 4873/1/18 4874/2/18 4875/3/18 4876/4/18
f 4873/1/8 4872/2/8 4871/3/8 4874/4/8
f 4875/1/11 4870/2/11 4869/3/11 4876/4/11
f 4875/1/9 4874/2/9 4871/3/9 4870/4/9
f 4869/1/10 4872/2/10 4873/3/10 4876/4/10
f 4877/1/1 4878/2/1 4879/3/1 4880/4/1
f 4881/1/18 4882/2/18 4883/3/18 4884/4/18
f 4881/1/8 4880/2/8 4879/3/8 4882/4/8
f 4883/1/11 4878/2/11 4877/3/11 4884/4/11
f 4883/1/9 4882/2/9 4879/3/9 4878/4/9
f 4877/1/10 4880/2/10 4881/3/10 4884/4/10
f 4885/1/1 4886/2/1 4887/3/1 4888/4/1
f 4889/1/18 4890/2/18 4891/3/18 4892/4/18
f 4889/1/8 4888/2/8 4887/3/8 4890/4/8
f 4891/1/11 4886/2/11 4885/3/11 4892/4/11
f 4891/1/9 4890/2/9 4887/3/9 4886/4/9
f 4885/1/10 4888/2/10 4889/3/10 4892/4/10
f 4893/1/1 4894/2/1 4895/3/1 4896/4/1
f 4897/1/18 4898/2/18 4899/3/18 4900/4/18
f 4897/1/8 4896/2/8 4895/3/8 4898/4/8
f 4899/1/11 4894/2/11 4893/3/11 4900/4/11
f 4899/1/9 4898/2/9 4895/3/9 4894/4/9
f 4893/1/10 4896/2/10 4897/3/10 4900/4/10
f 4901/1/1 4902/2/1 4903/3/1 4904/4/1
f 4905/1/18 4906/2/18 4907/3/18 4908/4/18
f 4905/1/8 4904/2/8 4903/3/8 4906/4/8
f 4907/1/11 4902/2/11 4901/3/11 4908/4/11
f 4907/1/9 4906/2/9 4903/3/9 4902/4/9
f 4901/1/10 4904/2/10 4905/3/10 4908/4/10
f 4909/1/1 4893/2/1 4896/3/1 4910/4/1
f 4911/1/18 4897/2/18 4900/3/18 4912/4/18
f 4911/1/8 4910/2/8 4896/3/8 4897/4/8
f 4900/1/11 4893/2/11 4909/3/11 4912/4/11
f 4900/1/9 4897/2/9 4896/3/9 4893/4/9
f 4909/1/10 4910/2/10 4911/3/10 4912/4/10
f 4913/1/1 4901/2/1 4904/3/1 4914/4/1
f 4915/1/18 4905/2/18 4908/3/18 4916/4/18
f 4915/1/8 4914/2/8 4904/3/8 4905/4/8
f 4908/1/11 4901/2/11 4913/3/11 4916/4/11
f 4908/1/9 4905/2/9 4904/3/9 4901/4/9
f 4913/1/10 4914/2/10 4915/3/10 4916/4/10
f 4917/1/1 4918/2/1 4919/3/1 4920/4/1
f 4921/1/18 4922/2/18 4923/3/18 4924/4/18
f 4921/1/8 4920/2/8 4919/3/8 4922/4/8
f 4923/1/11 4918/2/11 4917/3/11 4924/4/11
f 4923/1/9 4922/2/9 4919/3/9 4918/4/9
f 4917/1/10 4920/2/10 4921/3/10 4924/4/10
f 4925/1/1 4926/2/1 4927/3/1 4928/4/1
f 4929/1/18 4930/2/18 4931/3/18 4932/4/18
f 4929/1/8 4928/2/8 4927/3/8 4930/4/8
f 4931/1/11 4926/2/11 4925/3/11 4932/4/11
f 4931/1/9 4930/2/9 4927/3/9 4926/4/9
f 4925/1/10 4928/2/10 4929/3/10 4932/4/10
f 4933/1/1 4934/2/1 4935/3/1 4936/4/1
f 4937/1/18 4938/2/18 4939/3/18 4940/4/18
f 4937/1/8 4936/2/8 4935/3/8 4938/4/8
f 4939/1/11 4934/2/11 4933/3/11 4940/4/11
f 4939/1/9 4938/2/9 4935/3/9 4934/4/9
f 4933/1/10 4936/2/10 4937/3/10 4940/4/10
f 4941/1/1 4942/2/1 4943/3/1 4944/4/1
f 4945/1/18 4946/2/18 4947/3/18 4948/4/18
f 4945/1/8 4944/2/8 4943/3/8 4946/4/8
f 4947/1/11 4942/2/11 4941/3/11 4948/4/11
f 4947/1/9 4946/2/9 4943/3/9 4942/4/9
f 4941/1/10 4944/2/10 4945/3/10 4948/4/10
f 4949/1/1 4950/2/1 4951/3/1 4952/4/1
f 4953/1/18 4954/2/18 4955/3/18 4956/4/18
f 4953/1/8 4952/2/8 4951/3/8 4954/4/8
f 4955/1/11 4950/2/11 4949/3/11 4956/4/11
f 4955/1/9 4954/2/9 4951/3/9 4950/4/9
f 4949/1/10 4952/2/10 4953/3/10 4956/4/10
f 4957/1/1 4958/2/1 4959/3/1 4960/4/1
f 4961/1/18 4962/2/18 4963/3/18 4964/4/18
f 4961/1/8 4960/2/8 4959/3/8 4962/4/8
f 4963/1/11 4958/2/11 4957/3/11 4964/4/11
f 4963/1/9 4962/2/9 4959/3/9 4958/4/9
f 4957/1/10 4960/2/10 4961/3/10 4964/4/10
f 4965/1/1 4966/2/1 4967/3/1 4968/4/1
f 4969/1/18 4970/2/18 4971/3/18 4972/4/18
f 4969/1/8 4968/2/8 4967/3/8 4970/4/8
f 4971/1/11 4966/2/11 4965/3/11 4972/4/11
f 4971/1/9 4970/2/9 4967/3/9 4966/4/9
f 4965/1/10 4968/2/10 4969/3/10 4972/4/10
f 4973/1/1 4974/2/1 4975/3/1 4976/4/1
f 4977/1/18 4978/2/18 4979/3/18 4980/4/18
f 4977/1/8 4976/2/8 4975/3/8 4978/4/8
f 4979/1/11 4974/2/11 4973/3/11 4980/4/11
f 4979/1/9 4978/2/9 4975/3/9 4974/4/9
f 4973/1/10 4976/2/10 4977/3/10 4980/4/10
f 4981/1/1 4982/2/1 4983/3/1 4984/4/1
f 4985/1/18 4986/2/18 4987/3/18 4988/4/18
f 4985/1/8 4984/2/8 4983/3/8 4986/4/8
f 4987/1/11 4982/2/11 4981/3/11 4988/4/11
f 4987/1/9 4986/2/9 4983/3/9 4982/4/9
f 4981/1/10 4984/2/10 4985/3/10 4988/4/10
f 4989/1/1 4990/2/1 4991/3/1 4992/4/1
f 4993/1/18 4994/2/18 4995/3/18 4996/4/18
f 4993/1/8 4992/2/8 4991/3/8 4994/4/8
f 4995/1/11 4990/2/11 4989/3/11 4996/4/11
f 4995/1/9 4994/2/9 4991/3/9 4990/4/9
f 4989/1/10 4992/2/10 4993/3/10 4996/4/10
f 4997/1/1 4998/2/1 4999/3/1 5000/4/1
f 5001/1/18 5002/2/18 5003/3/18 5004/4/18
f 5001/1/8 5000/2/8 4999/3/8 5002/4/8
f 5003/1/11 4998/2/11 4997/3/11 5004/4/11
f 5003/1/9 5002/2/9 4999/3/9 4998/4/9
f 4997/1/10 5000/2/10 5001/3/10 5004/4/10
f 5005/1/1 5006/2/1 5007/3/1 5008/4/1
f 5009/1/18 5010/2/18 5011/3/18 5012/4/18
f 5009/1/8 5008/2/8 5007/3/8 5010/4/8
f 5011/1/11 5006/2/11 5005/3/11 5012/4/11
f 5011/1/9 5010/2/9 5007/3/9 5006/4/9
f 5005/1/10 5008/2/10 5009/3/10 5012/4/10
f 5013/1/1 5014/2/1 5015/3/1 5016/4/1
f 5017/1/18 5018/2/18 5019/3/18 5020/4/18
f 5017/1/8 5016/2/8 5015/3/8 5018/4/8
f 5019/1/11 5014/2/11 5013/3/11 5020/4/11
f 5019/1/9 5018/2/9 5015/3/9 5014/4/9
f 5013/1/10 5016/2/10 5017/3/10 5020/4/10
f 5021/1/1 5022/2/1 5023/3/1 5024/4/1
f 5025/1/18 5026/2/18 5027/3/18 5028/4/18
f 5025/1/8 5024/2/8 5023/3/8 5026/4/8
f 5027/1/11 5022/2/11 5021/3/11 5028/4/11
f 5027/1/9 5026/2/9 5023/3/9 5022/4/9
f 5021/1/10 5024/2/10 5025/3/10 5028/4/10
f 5029/1/1 5013/2/1 5016/3/1 5030/4/1
f 5031/1/18 5017/2/18 5020/3/18 5032/4/18
f 5031/1/8 5030/2/8 5016/3/8 5017/4/8
f 5020/1/11 5013/2/11 5029/3/11 5032/4/11
f 5020/1/9 5017/2/9 5016/3/9 5013/4/9
f 5029/1/10 5030/2/10 5031/3/10 5032/4/10
f 5033/1/1 5021/2/1 5024/3/1 5034/4/1
f 5035/1/18 5025/2/18 5028/3/18 5036/4/18
f 5035/1/8 5034/2/8 5024/3/8 5025/4/8
f 5028/1/11 5021/2/11 5033/3/11 5036/4/11
f 5028/1/9 5025/2/9 5024/3/9 5021/4/9
f 5033/1/10 5034/2/10 5035/3/10 5036/4/10
f 5037/1/1 5038/2/1 5039/3/1 5040/4/1
f 5041/1/18 5042/2/18 5043/3/18 5044/4/18
f 5041/1/8 5040/2/8 5039/3/8 5042/4/8
f 5043/1/11 5038/2/11 5037/3/11 5044/4/11
f 5043/1/9 5042/2/9 5039/3/9 5038/4/9
f 5037/1/10 5040/2/10 5041/3/10 5044/4/10
f 5045/1/1 5046/2/1 5047/3/1 5048/4/1
f 5049/1/18 5050/2/18 5051/3/18 5052/4/18
f 5049/1/8 5048/2/8 5047/3/8 5050/4/8
f 5051/1/11 5046/2/11 5045/3/11 5052/4/11
f 5051/1/9 5050/2/9 5047/3/9 5046/4/9
f 5045/1/10 5048/2/10 5049/3/10 5052/4/10
f 5053/1/1 5054/2/1 5055/3/1 5056/4/1
f 5057/1/18 5058/2/18 5059/3/18 5060/4/18
f 5057/1/8 5056/2/8 5055/3/8 5058/4/8
f 5059/1/11 5054/2/11 5053/3/11 5060/4/11
f 5059/1/9 5058/2/9 5055/3/9 5054/4/9
f 5053/1/10 5056/2/10 5057/3/10 5060/4/10
f 5061/1/1 5062/2/1 5063/3/1 5064/4/1
f 5065/1/18 5066/2/18 5067/3/18 5068/4/18
f 5065/1/8 5064/2/8 5063/3/8 5066/4/8
f 5067/1/11 5062/2/11 5061/3/11 5068/4/11
f 5067/1/9 5066/2/9 5063/3/9 5062/4/9
f 5061/1/10 5064/2/10 5065/3/10 5068/4/10
f 5069/1/1 5070/2/1 5071/3/1 5072/4/1
f 5073/1/18 5074/2/18 5075/3/18 5076/4/18
f 5073/1/8 5072/2/8 5071/3/8 5074/4/8
f 5075/1/11 5070/2/11 5069/3/11 5076/4/11
f 5075/1/9 5074/2/9 5071/3/9 5070/4/9
f 5069/1/10 5072/2/10 5073/3/10 5076/4/10
f 5077/1/1 5078/2/1 5079/3/1 5080/4/1
f 5081/1/18 5082/2/18 5083/3/18 5084/4/18
f 5081/1/8 5080/2/8 5079/3/8 5082/4/8
f 5083/1/11 5078/2/11 5077/3/11 5084/4/11
f 5083/1/9 5082/2/9 5079/3/9 5078/4/9
f 5077/1/10 5080/2/10 5081/3/10 5084/4/10
f 5085/1/1 5086/2/1 5087/3/1 5088/4/1
f 5089/1/18 5090/2/18 5091/3/18 5092/4/18
f 5089/1/8 5088/2/8 5087/3/8 5090/4/8
f 5091/1/11 5086/2/11 5085/3/11 5092/4/11
f 5091/1/9 5090/2/9 5087/3/9 5086/4/9
f 5085/1/10 5088/2/10 5089/3/10 5092/4/10
f 5093/1/1 5094/2/1 5095/3/1 5096/4/1
f 5097/1/18 5098/2/18 5099/3/18 5100/4/18
f 5097/1/8 5096/2/8 5095/3/8 5098/4/8
f 5099/1/11 5094/2/11 5093/3/11 5100/4/11
f 5099/1/9 5098/2/9 5095/3/9 5094/4/9
f 5093/1/10 5096/2/10 5097/3/10 5100/4/10
f 5101/1/1 5102/2/1 5103/3/1 5104/4/1
f 5105/1/18 5106/2/18 5107/3/18 5108/4/18
f 5105/1/8 5104/2/8 5103/3/8 5106/4/8
f 5107/1/11 5102/2/11 5101/3/11 5108/4/11
f 5107/1/9 5106/2/9 5103/3/9 5102/4/9
f 5101/1/10 5104/2/10 5105/3/10 5108/4/10
f 5109/1/1 5110/2/1 5111/3/1 5112/4/1
f 5113/1/18 5114/2/18 5115/3/18 5116/4/18
f 5113/1/8 5112/2/8 5111/3/8 5114/4/8
f 5115/1/11 5110/2/11 5109/3/11 5116/4/11
f 5115/1/9 5114/2/9 5111/3/9 5110/4/9
f 5109/1/10 5112/2/10 5113/3/10 5116/4/10
f 5117/1/1 5118/2/1 5119/3/1 5120/4/1
f 5121/1/18 5122/2/18 5123/3/18 5124/4/18
f 5121/1/8 5120/2/8 5119/3/8 5122/4/8
f 5123/1/11 5118/2/11 5117/3/11 5124/4/11
f 5123/1/9 5122/2/9 5119/3/9 5118/4/9
f 5117/1/10 5120/2/10 5121/3/10 5124/4/10
f 5125/1/1 5126/2/1 5127/3/1 5128/4/1
f 5129/1/18 5130/2/18 5131/3/18 5132/4/18
f 5129/1/8 5128/2/8 5127/3/8 5130/4/8
f 5131/1/11 5126/2/11 5125/3/11 5132/4/11
f 5131/1/9 5130/2/9 5127/3/9 5126/4/9
f 5125/1/10 5128/2/10 5129/3/10 5132/4/10
f 5133/1/1 5134/2/1 5135/3/1 5136/4/1
f 5137/1/18 5138/2/18 5139/3/18 5140/4/18
f 5137/1/8 5136/2/8 5135/3/8 5138/4/8
f 5139/1/11 5134/2/11 5133/3/11 5140/4/11
f 5139/1/9 5138/2/9 5135/3/9 5134/4/9
f 5133/1/10 5136/2/10 5137/3/10 5140/4/10
f 5141/1/1 5142/2/1 5143/3/1 5144/4/1
f 5145/1/18 5146/2/18 5147/3/18 5148/4/18
f 5145/1/8 5144/2/8 5143/3/8 5146/4/8
f 5147/1/11 5142/2/11 5141/3/11 5148/4/11
f 5147/1/9 5146/2/9 5143/3/9 5142/4/9
f 5141/1/10 5144/2/10 5145/3/10 5148/4/10
f 5149/1/1 5150/2/1 5151/3/1 5152/4/1
f 5153/1/18 5154/2/18 5155/3/18 5156/4/18
f 5153/1/8 5152/2/8 5151/3/8 5154/4/8
f 5155/1/11 5150/2/11 5149/3/11 5156/4/11
f 5155/1/9 5154/2/9 5151/3/9 5150/4/9
f 5149/1/10 5152/2/10 5153/3/10 5156/4/10
f 5157/1/1 5158/2/1 5159/3/1 5160/4/1
f 5161/1/18 5162/2/18 5163/3/18 5164/4/18
f 5161/1/8 5160/2/8 5159/3/8 5162/4/8
f 5163/1/11 5158/2/11 5157/3/11 5164/4/11
f 5163/1/9 5162/2/9 5159/3/9 5158/4/9
f 5157/1/10 5160/2/10 5161/3/10 5164/4/10
f 5165/1/1 5166/2/1 5167/3/1 5168/4/1
f 5169/1/18 5170/2/18 5171/3/18 5172/4/18
f 5169/1/8 5168/2/8 5167/3/8 5170/4/8
f 5171/1/11 5166/2/11 5165/3/11 5172/4/11
f 5171/1/9 5170/2/9 5167/3/9 5166/4/9
f 5165/1/10 5168/2/10 5169/3/10 5172/4/10
f 5173/1/1 5174/2/1 5175/3/1 5176/4/1
f 5177/1/18 5178/2/18 5179/3/18 5180/4/18
f 5177/1/8 5176/2/8 5175/3/8 5178/4/8
f 5179/1/11 5174/2/11 5173/3/11 5180/4/11
f 5179/1/9 5178/2/9 5175/3/9 5174/4/9
f 5173/1/10 5176/2/10 5177/3/10 5180/4/10
f 5181/1/1 5182/2/1 5183/3/1 5184/4/1
f 5185/1/18 5186/2/18 5187/3/18 5188/4/18
f 5185/1/8 5184/2/8 5183/3/8 5186/4/8
f 5187/1/11 5182/2/11 5181/3/11 5188/4/11
f 5187/1/9 5186/2/9 5183/3/9 5182/4/9
f 5181/1/10 5184/2/10 5185/3/10 5188/4/10
f 5189/1/1 5190/2/1 5191/3/1 5192/4/1
f 5193/1/18 5194/2/18 5195/3/18 5196/4/18
f 5193/1/8 5192/2/8 5191/3/8 5194/4/8
f 5195/1/11 5190/2/11 5189/3/11 5196/4/11
f 5195/1/9 5194/2/9 5191/3/9 5190/4/9
f 5189/1/10 5192/2/10 5193/3/10 5196/4/10
f 5197/1/1 5198/2/1 5199/3/1 5200/4/1
f 5201/1/18 5202/2/18 5203/3/18 5204/4/18
f 5201/1/8 5200/2/8 5199/3/8 5202/4/8
f 5203/1/11 5198/2/11 5197/3/11 5204/4/11
f 5203/1/9 5202/2/9 5199/3/9 5198/4/9
f 5197/1/10 5200/2/10 5201/3/10 5204/4/10
f 5205/1/1 5206/2/1 5207/3/1 5208/4/1
f 5209/1/18 5210/2/18 5211/3/18 5212/4/18
f 5209/1/8 5208/2/8 5207/3/8 5210/4/8
f 5211/1/11 5206/2/11 5205/3/11 5212/4/11
f 5211/1/9 5210/2/9 5207/3/9 5206/4/9
f 5205/1/10 5208/2/10 5209/3/10 5212/4/10
f 5213/1/1 5205/2/1 5208/3/1 5214/4/1
f 5215/1/18 5209/2/18 5212/3/18 5216/4/18
f 5215/1/8 5214/2/8 5208/3/8 5209/4/8
f 5212/1/11 5205/2/11 5213/3/11 5216/4/11
f 5212/1/9 5209/2/9 5208/3/9 5205/4/9
f 5213/1/10 5214/2/10 5215/3/10 5216/4/10
f 5217/1/1 5218/2/1 5219/3/1 5220/4/1
f 5221/1/18 5222/2/18 5223/3/18 5224/4/18
f 5221/1/8 5220/2/8 5219/3/8 5222/4/8
f 5223/1/11 5218/2/11 5217/3/11 5224/4/11
f 5223/1/9 5222/2/9 5219/3/9 5218/4/9
f 5217/1/10 5220/2/10 5221/3/10 5224/4/10
f 5225/1/1 5226/2/1 5227/3/1 5228/4/1
f 5229/1/18 5230/2/18 5231/3/18 5232/4/18
f 5229/1/8 5228/2/8 5227/3/8 5230/4/8
f 5231/1/11 5226/2/11 5225/3/11 5232/4/11
f 5231/1/9 5230/2/9 5227/3/9 5226/4/9
f 5225/1/10 5228/2/10 5229/3/10 5232/4/10
f 5233/1/1 5234/2/1 5235/3/1 5236/4/1
f 5237/1/18 5238/2/18 5239/3/18 5240/4/18
f 5237/1/8 5236/2/8 5235/3/8 5238/4/8
f 5239/1/11 5234/2/11 5233/3/11 5240/4/11
f 5239/1/9 5238/2/9 5235/3/9 5234/4/9
f 5233/1/10 5236/2/10 5237/3/10 5240/4/10
f 5241/1/1 5242/2/1 5243/3/1 5244/4/1
f 5245/1/18 5246/2/18 5247/3/18 5248/4/18
f 5245/1/8 5244/2/8 5243/3/8 5246/4/8
f 5247/1/11 5242/2/11 5241/3/11 5248/4/11
f 5247/1/9 5246/2/9 5243/3/9 5242/4/9
f 5241/1/10 5244/2/10 5245/3/10 5248/4/10
f 5249/1/1 5250/2/1 5251/3/1 5252/4/1
f 5253/1/18 5254/2/18 5255/3/18 5256/4/18
f 5253/1/8 5252/2/8 5251/3/8 5254/4/8
f 5255/1/11 5250/2/11 5249/3/11 5256/4/11
f 5255/1/9 5254/2/9 5251/3/9 5250/4/9
f 5249/1/10 5252/2/10 5253/3/10 5256/4/10
f 5257/1/1 5258/2/1 5259/3/1 5260/4/1
f 5261/1/18 5262/2/18 5263/3/18 5264/4/18
f 5261/1/8 5260/2/8 5259/3/8 5262/4/8
f 5263/1/11 5258/2/11 5257/3/11 5264/4/11
f 5263/1/9 5262/2/9 5259/3/9 5258/4/9
f 5257/1/10 5260/2/10 5261/3/10 5264/4/10
f 5265/1/1 5266/2/1 5267/3/1 5268/4/1
f 5269/1/18 5270/2/18 5271/3/18 5272/4/18
f 5269/1/8 5268/2/8 5267/3/8 5270/4/8
f 5271/1/11 5266/2/11 5265/3/11 5272/4/11
f 5271/1/9 5270/2/9 5267/3/9 5266/4/9
f 5265/1/10 5268/2/10 5269/3/10 5272/4/10
f 5273/1/1 5274/2/1 5275/3/1 5276/4/1
f 5277/1/18 5278/2/18 5279/3/18 5280/4/18
f 5277/1/8 5276/2/8 5275/3/8 5278/4/8
f 5279/1/11 5274/2/11 5273/3/11 5280/4/11
f 5279/1/9 5278/2/9 5275/3/9 5274/4/9
f 5273/1/10 5276/2/10 5277/3/10 5280/4/10
f 5281/1/1 5282/2/1 5283/3/1 5284/4/1
f 5285/1/18 5286/2/18 5287/3/18 5288/4/18
f 5285/1/8 5284/2/8 5283/3/8 5286/4/8
f 5287/1/11 5282/2/11 5281/3/11 5288/4/11
f 5287/1/9 5286/2/9 5283/3/9 5282/4/9
f 5281/1/10 5284/2/10 5285/3/10 5288/4/10
f 5289/1/1 5290/2/1 5291/3/1 5292/4/1
f 5293/1/18 5294/2/18 5295/3/18 5296/4/18
f 5293/1/8 5292/2/8 5291/3/8 5294/4/8
f 5295/1/11 5290/2/11 5289/3/11 5296/4/11
f 5295/1/9 5294/2/9 5291/3/9 5290/4/9
f 5289/1/10 5292/2/10 5293/3/10 5296/4/10
f 5297/1/1 5298/2/1 5299/3/1 5300/4/1
f 5301/1/18 5302/2/18 5303/3/18 5304/4/18
f 5301/1/8 5300/2/8 5299/3/8 5302/4/8
f 5303/1/11 5298/2/11 5297/3/11 5304/4/11
f 5303/1/9 5302/2/9 5299/3/9 5298/4/9
f 5297/1/10 5300/2/10 5301/3/10 5304/4/10
f 5305/1/1 5306/2/1 5307/3/1 5308/4/1
f 5309/1/18 5310/2/18 5311/3/18 5312/4/18
f 5309/1/8 5308/2/8 5307/3/8 5310/4/8
f 5311/1/11 5306/2/11 5305/3/11 5312/4/11
f 5311/1/9 5310/2/9 5307/3/9 5306/4/9
f 5305/1/10 5308/2/10 5309/3/10 5312/4/10
f 5313/1/1 5314/2/1 5315/3/1 5316/4/1
f 5317/1/18 5318/2/18 5319/3/18 5320/4/18
f 5317/1/8 5316/2/8 5315/3/8 5318/4/8
f 5319/1/11 5314/2/11 5313/3/11 5320/4/11
f 5319/1/9 5318/2/9 5315/3/9 5314/4/9
f 5313/1/10 5316/2/10 5317/3/10 5320/4/10
f 5321/1/1 5322/2/1 5323/3/1 5324/4/1
f 5325/1/18 5326/2/18 5327/3/18 5328/4/18
f 5325/1/8 5324/2/8 5323/3/8 5326/4/8
f 5327/1/11 5322/2/11 5321/3/11 5328/4/11
f 5327/1/9 5326/2/9 5323/3/9 5322/4/9
f 5321/1/10 5324/2/10 5325/3/10 5328/4/10
f 5329/1/1 5330/2/1 5331/3/1 5332/4/1
f 5333/1/18 5334/2/18 5335/3/18 5336/4/18
f 5333/1/8 5332/2/8 5331/3/8 5334/4/8
f 5335/1/11 5330/2/11 5329/3/11 5336/4/11
f 5335/1/9 5334/2/9 5331/3/9 5330/4/9
f 5329/1/10 5332/2/10 5333/3/10 5336/4/10
f 5337/1/1 5338/2/1 5339/3/1 5340/4/1
f 5341/1/18 5342/2/18 5343/3/18 5344/4/18
f 5341/1/8 5340/2/8 5339/3/8 5342/4/8
f 5343/1/11 5338/2/11 5337/3/11 5344/4/11
f 5343/1/9 5342/2/9 5339/3/9 5338/4/9
f 5337/1/10 5340/2/10 5341/3/10 5344/4/10
f 5345/1/1 5346/2/1 5347/3/1 5348/4/1
f 5349/1/18 5350/2/18 5351/3/18 5352/4/18
f 5349/1/8 5348/2/8 5347/3/8 5350/4/8
f 5351/1/11 5346/2/11 5345/3/11 5352/4/11
f 5351/1/9 5350/2/9 5347/3/9 5346/4/9
f 5345/1/10 5348/2/10 5349/3/10 5352/4/10
f 5353/1/1 5354/2/1 5355/3/1 5356/4/1
f 5357/1/18 5358/2/18 5359/3/18 5360/4/18
f 5357/1/8 5356/2/8 5355/3/8 5358/4/8
f 5359/1/11 5354/2/11 5353/3/11 5360/4/11
f 5359/1/9 5358/2/9 5355/3/9 5354/4/9
f 5353/1/10 5356/2/10 5357/3/10 5360/4/10
f 5361/1/1 5362/2/1 5363/3/1 5364/4/1
f 5365/1/18 5366/2/18 5367/3/18 5368/4/18
f 5365/1/8 5364/2/8 5363/3/8 5366/4/8
f 5367/1/11 5362/2/11 5361/3/11 5368/4/11
f 5367/1/9 5366/2/9 5363/3/9 5362/4/9
f 5361/1/10 5364/2/10 5365/3/10 5368/4/10
f 5369/1/1 5370/2/1 5371/3/1 5372/4/1
f 5373/1/18 5374/2/18 5375/3/18 5376/4/18
f 5373/1/8 5372/2/8 5371/3/8 5374/4/8
f 5375/1/11 5370/2/11 5369/3/11 5376/4/11
f 5375/1/9 5374/2/9 5371/3/9 5370/4/9
f 5369/1/10 5372/2/10 5373/3/10 5376/4/10
f 5377/1/1 5378/2/1 5379/3/1 5380/4/1
f 5381/1/18 5382/2/18 5383/3/18 5384/4/18
f 5381/1/8 5380/2/8 5379/3/8 5382/4/8
f 5383/1/11 5378/2/11 5377/3/11 5384/4/11
f 5383/1/9 5382/2/9 5379/3/9 5378/4/9
f 5377/1/10 5380/2/10 5381/3/10 5384/4/10
f 5385/1/1 5386/2/1 5387/3/1 5388/4/1
f 5389/1/18 5390/2/18 5391/3/18 5392/4/18
f 5389/1/8 5388/2/8 5387/3/8 5390/4/8
f 5391/1/11 5386/2/11 5385/3/11 5392/4/11
f 5391/1/9 5390/2/9 5387/3/9 5386/4/9
f 5385/1/10 5388/2/10 5389/3/10 5392/4/10
f 5393/1/1 5394/2/1 5395/3/1 5396/4/1
f 5397/1/18 5398/2/18 5399/3/18 5400/4/18
f 5397/1/8 5396/2/8 5395/3/8 5398/4/8
f 5399/1/11 5394/2/11 5393/3/11 5400/4/11
f 5399/1/9 5398/2/9 5395/3/9 5394/4/9
f 5393/1/10 5396/2/10 5397/3/10 5400/4/10
f 5401/1/1 5402/2/1 5403/3/1 5404/4/1
f 5405/1/18 5406/2/18 5407/3/18 5408/4/18
f 5405/1/8 5404/2/8 5403/3/8 5406/4/8
f 5407/1/11 5402/2/11 5401/3/11 5408/4/11
f 5407/1/9 5406/2/9 5403/3/9 5402/4/9
f 5401/1/10 5404/2/10 5405/3/10 5408/4/10
f 5409/1/1 5410/2/1 5394/3/1 5393/4/1
f 5400/1/18 5399/2/18 5411/3/18 5412/4/18
f 5400/1/8 5393/2/8 5394/3/8 5399/4/8
f 5411/1/11 5410/2/11 5409/3/11 5412/4/11
f 5411/1/9 5399/2/9 5394/3/9 5410/4/9
f 5409/1/10 5393/2/10 5400/3/10 5412/4/10
f 5413/1/1 5414/2/1 5402/3/1 5401/4/1
f 5408/1/18 5407/2/18 5415/3/18 5416/4/18
f 5408/1/8 5401/2/8 5402/3/8 5407/4/8
f 5415/1/11 5414/2/11 5413/3/11 5416/4/11
f 5415/1/9 5407/2/9 5402/3/9 5414/4/9
f 5413/1/10 5401/2/10 5408/3/10 5416/4/10
f 5417/1/1 5418/2/1 5419/3/1 5420/4/1
f 5421/1/18 5422/2/18 5423/3/18 5424/4/18
f 5421/1/8 5420/2/8 5419/3/8 5422/4/8
f 5423/1/11 5418/2/11 5417/3/11 5424/4/11
f 5423/1/9 5422/2/9 5419/3/9 5418/4/9
f 5417/1/10 5420/2/10 5421/3/10 5424/4/10
f 5425/1/1 5426/2/1 5427/3/1 5428/4/1
f 5429/1/18 5430/2/18 5431/3/18 5432/4/18
f 5429/1/8 5428/2/8 5427/3/8 5430/4/8
f 5431/1/11 5426/2/11 5425/3/11 5432/4/11
f 5431/1/9 5430/2/9 5427/3/9 5426/4/9
f 5425/1/10 5428/2/10 5429/3/10 5432/4/10
f 5433/1/1 5434/2/1 5435/3/1 5436/4/1
f 5437/1/18 5438/2/18 5439/3/18 5440/4/18
f 5437/1/8 5436/2/8 5435/3/8 5438/4/8
f 5439/1/11 5434/2/11 5433/3/11 5440/4/11
f 5439/1/9 5438/2/9 5435/3/9 5434/4/9
f 5433/1/10 5436/2/10 5437/3/10 5440/4/10
f 5441/1/1 5442/2/1 5443/3/1 5444/4/1
f 5445/1/18 5446/2/18 5447/3/18 5448/4/18
f 5445/1/8 5444/2/8 5443/3/8 5446/4/8
f 5447/1/11 5442/2/11 5441/3/11 5448/4/11
f 5447/1/9 5446/2/9 5443/3/9 5442/4/9
f 5441/1/10 5444/2/10 5445/3/10 5448/4/10
f 5449/1/1 5450/2/1 5451/3/1 5452/4/1
f 5453/1/18 5454/2/18 5455/3/18 5456/4/18
f 5453/1/8 5452/2/8 5451/3/8 5454/4/8
f 5455/1/11 5450/2/11 5449/3/11 5456/4/11
f 5455/1/9 5454/2/9 5451/3/9 5450/4/9
f 5449/1/10 5452/2/10 5453/3/10 5456/4/10
f 5457/1/1 5458/2/1 5459/3/1 5460/4/1
f 5461/1/18 5462/2/18 5463/3/18 5464/4/18
f 5461/1/8 5460/2/8 5459/3/8 5462/4/8
f 5463/1/11 5458/2/11 5457/3/11 5464/4/11
f 5463/1/9 5462/2/9 5459/3/9 5458/4/9
f 5457/1/10 5460/2/10 5461/3/10 5464/4/10
f 5465/1/1 5466/2/1 5467/3/1 5468/4/1
f 5469/1/18 5470/2/18 5471/3/18 5472/4/18
f 5469/1/8 5468/2/8 5467/3/8 5470/4/8
f 5471/1/11 5466/2/11 5465/3/11 5472/4/11
f 5471/1/9 5470/2/9 5467/3/9 5466/4/9
f 5465/1/10 5468/2/10 5469/3/10 5472/4/10
f 5473/1/1 5474/2/1 5475/3/1 5476/4/1
f 5477/1/18 5478/2/18 5479/3/18 5480/4/18
f 5477/1/8 5476/2/8 5475/3/8 5478/4/8
f 5479/1/11 5474/2/11 5473/3/11 5480/4/11
f 5479/1/9 5478/2/9 5475/3/9 5474/4/9
f 5473/1/10 5476/2/10 5477/3/10 5480/4/10
f 5481/1/1 5482/2/1 5483/3/1 5484/4/1
f 5485/1/18 5486/2/18 5487/3/18 5488/4/18
f 5485/1/8 5484/2/8 5483/3/8 5486/4/8
f 5487/1/11 5482/2/11 5481/3/11 5488/4/11
f 5487/1/9 5486/2/9 5483/3/9 5482/4/9
f 5481/1/10 5484/2/10 5485/3/10 5488/4/10
f 5489/1/1 5490/2/1 5491/3/1 5492/4/1
f 5493/1/18 5494/2/18 5495/3/18 5496/4/18
f 5493/1/8 5492/2/8 5491/3/8 5494/4/8
f 5495/1/11 5490/2/11 5489/3/11 5496/4/11
f 5495/1/9 5494/2/9 5491/3/9 5490/4/9
f 5489/1/10 5492/2/10 5493/3/10 5496/4/10
f 5497/1/1 5489/2/1 5492/3/1 5498/4/1
f 5499/1/18 5493/2/18 5496/3/18 5500/4/18
f 5499/1/8 5498/2/8 5492/3/8 5493/4/8
f 5496/1/11 5489/2/11 5497/3/11 5500/4/11
f 5496/1/9 5493/2/9 5492/3/9 5489/4/9
f 5497/1/10 5498/2/10 5499/3/10 5500/4/10
f 5501/1/1 5502/2/1 5503/3/1 5504/4/1
f 5505/1/18 5506/2/18 5507/3/18 5508/4/18
f 5505/1/8 5504/2/8 5503/3/8 5506/4/8
f 5507/1/11 5502/2/11 5501/3/11 5508/4/11
f 5507/1/9 5506/2/9 5503/3/9 5502/4/9
f 5501/1/10 5504/2/10 5505/3/10 5508/4/10
f 5509/1/1 5510/2/1 5511/3/1 5512/4/1
f 5513/1/18 5514/2/18 5515/3/18 5516/4/18
f 5513/1/8 5512/2/8 5511/3/8 5514/4/8
f 5515/1/11 5510/2/11 5509/3/11 5516/4/11
f 5515/1/9 5514/2/9 5511/3/9 5510/4/9
f 5509/1/10 5512/2/10 5513/3/10 5516/4/10
f 5517/1/1 5518/2/1 5519/3/1 5520/4/1
f 5521/1/18 5522/2/18 5523/3/18 5524/4/18
f 5521/1/8 5520/2/8 5519/3/8 5522/4/8
f 5523/1/11 5518/2/11 5517/3/11 5524/4/11
f 5523/1/9 5522/2/9 5519/3/9 5518/4/9
f 5517/1/10 5520/2/10 5521/3/10 5524/4/10
f 5525/1/1 5526/2/1 5527/3/1 5528/4/1
f 5529/1/18 5530/2/18 5531/3/18 5532/4/18
f 5529/1/8 5528/2/8 5527/3/8 5530/4/8
f 5531/1/11 5526/2/11 5525/3/11 5532/4/11
f 5531/1/9 5530/2/9 5527/3/9 5526/4/9
f 5525/1/10 5528/2/10 5529/3/10 5532/4/10
f 5533/1/1 5534/2/1 5535/3/1 5536/4/1
f 5537/1/18 5538/2/18 5539/3/18 5540/4/18
f 5537/1/8 5536/2/8 5535/3/8 5538/4/8
f 5539/1/11 5534/2/11 5533/3/11 5540/4/11
f 5539/1/9 5538/2/9 5535/3/9 5534/4/9
f 5533/1/10 5536/2/10 5537/3/10 5540/4/10
f 5541/1/1 5542/2/1 5543/3/1 5544/4/1
f 5545/1/18 5546/2/18 5547/3/18 5548/4/18
f 5545/1/8 5544/2/8 5543/3/8 5546/4/8
f 5547/1/11 5542/2/11 5541/3/11 5548/4/11
f 5547/1/9 5546/2/9 5543/3/9 5542/4/9
f 5541/1/10 5544/2/10 5545/3/10 5548/4/10
f 5549/1/1 5550/2/1 5551/3/1 5552/4/1
f 5553/1/18 5554/2/18 5555/3/18 5556/4/18
f 5553/1/8 5552/2/8 5551/3/8 5554/4/8
f 5555/1/11 5550/2/11 5549/3/11 5556/4/11
f 5555/1/9 5554/2/9 5551/3/9 5550/4/9
f 5549/1/10 5552/2/10 5553/3/10 5556/4/10
f 5557/1/1 5558/2/1 5559/3/1 5560/4/1
f 5561/1/18 5562/2/18 5563/3/18 5564/4/18
f 5561/1/8 5560/2/8 5559/3/8 5562/4/8
f 5563/1/11 5558/2/11 5557/3/11 5564/4/11
f 5563/1/9 5562/2/9 5559/3/9 5558/4/9
f 5557/1/10 5560/2/10 5561/3/10 5564/4/10
f 5565/1/1 5566/2/1 5567/3/1 5568/4/1
f 5569/1/18 5570/2/18 5571/3/18 5572/4/18
f 5569/1/8 5568/2/8 5567/3/8 5570/4/8
f 5571/1/11 5566/2/11 5565/3/11 5572/4/11
f 5571/1/9 5570/2/9 5567/3/9 5566/4/9
f 5565/1/10 5568/2/10 5569/3/10 5572/4/10
f 5573/1/1 5574/2/1 5575/3/1 5576/4/1
f 5577/1/18 5578/2/18 5579/3/18 5580/4/18
f 5577/1/8 5576/2/8 5575/3/8 5578/4/8
f 5579/1/11 5574/2/11 5573/3/11 5580/4/11
f 5579/1/9 5578/2/9 5575/3/9 5574/4/9
f 5573/1/10 5576/2/10 5577/3/10 5580/4/10
f 5581/1/1 5582/2/1 5583/3/1 5584/4/1
f 5585/1/18 5586/2/18 5587/3/18 5588/4/18
f 5585/1/8 5584/2/8 5583/3/8 5586/4/8
f 5587/1/11 5582/2/11 5581/3/11 5588/4/11
f 5587/1/9 5586/2/9 5583/3/9 5582/4/9
f 5581/1/10 5584/2/10 5585/3/10 5588/4/10
f 5589/1/1 5590/2/1 5591/3/1 5592/4/1
f 5593/1/18 5594/2/18 5595/3/18 5596/4/18
f 5593/1/8 5592/2/8 5591/3/8 5594/4/8
f 5595/1/11 5590/2/11 5589/3/11 5596/4/11
f 5595/1/9 5594/2/9 5591/3/9 5590/4/9
f 5589/1/10 5592/2/10 5593/3/10 5596/4/10
f 5597/1/1 5598/2/1 5599/3/1 5600/4/1
f 5601/1/18 5602/2/18 5603/3/18 5604/4/18
f 5601/1/8 5600/2/8 5599/3/8 5602/4/8
f 5603/1/11 5598/2/11 5597/3/11 5604/4/11
f 5603/1/9 5602/2/9 5599/3/9 5598/4/9
f 5597/1/10 5600/2/10 5601/3/10 5604/4/10
f 5605/1/1 5606/2/1 5607/3/1 5608/4/1
f 5609/1/18 5610/2/18 5611/3/18 5612/4/18
f 5609/1/8 5608/2/8 5607/3/8 5610/4/8
f 5611/1/11 5606/2/11 5605/3/11 5612/4/11
f 5611/1/9 5610/2/9 5607/3/9 5606/4/9
f 5605/1/10 5608/2/10 5609/3/10 5612/4/10
f 5613/1/1 5614/2/1 5615/3/1 5616/4/1
f 5617/1/18 5618/2/18 5619/3/18 5620/4/18
f 5617/1/8 5616/2/8 5615/3/8 5618/4/8
f 5619/1/11 5614/2/11 5613/3/11 5620/4/11
f 5619/1/9 5618/2/9 5615/3/9 5614/4/9
f 5613/1/10 5616/2/10 5617/3/10 5620/4/10
f 5621/1/1 5622/2/1 5623/3/1 5624/4/1
f 5625/1/18 5626/2/18 5627/3/18 5628/4/18
f 5625/1/8 5624/2/8 5623/3/8 5626/4/8
f 5627/1/11 5622/2/11 5621/3/11 5628/4/11
f 5627/1/9 5626/2/9 5623/3/9 5622/4/9
f 5621/1/10 5624/2/10 5625/3/10 5628/4/10
f 5629/1/1 5630/2/1 5631/3/1 5632/4/1
f 5633/1/18 5634/2/18 5635/3/18 5636/4/18
f 5633/1/8 5632/2/8 5631/3/8 5634/4/8
f 5635/1/11 5630/2/11 5629/3/11 5636/4/11
f 5635/1/9 5634/2/9 5631/3/9 5630/4/9
f 5629/1/10 5632/2/10 5633/3/10 5636/4/10
f 5637/1/1 5638/2/1 5639/3/1 5640/4/1
f 5641/1/18 5642/2/18 5643/3/18 5644/4/18
f 5641/1/8 5640/2/8 5639/3/8 5642/4/8
f 5643/1/11 5638/2/11 5637/3/11 5644/4/11
f 5643/1/9 5642/2/9 5639/3/9 5638/4/9
f 5637/1/10 5640/2/10 5641/3/10 5644/4/10
f 5645/1/1 5646/2/1 5647/3/1 5648/4/1
f 5649/1/18 5650/2/18 5651/3/18 5652/4/18
f 5649/1/8 5648/2/8 5647/3/8 5650/4/8
f 5651/1/11 5646/2/11 5645/3/11 5652/4/11
f 5651/1/9 5650/2/9 5647/3/9 5646/4/9
f 5645/1/10 5648/2/10 5649/3/10 5652/4/10
f 5653/1/1 5645/2/1 5648/3/1 5654/4/1
f 5655/1/18 5649/2/18 5652/3/18 5656/4/18
f 5655/1/8 5654/2/8 5648/3/8 5649/4/8
f 5652/1/11 5645/2/11 5653/3/11 5656/4/11
f 5652/1/9 5649/2/9 5648/3/9 5645/4/9
f 5653/1/10 5654/2/10 5655/3/10 5656/4/10
f 5657/1/1 5658/2/1 5659/3/1 5660/4/1
f 5661/1/18 5662/2/18 5663/3/18 5664/4/18
f 5661/1/8 5660/2/8 5659/3/8 5662/4/8
f 5663/1/11 5658/2/11 5657/3/11 5664/4/11
f 5663/1/9 5662/2/9 5659/3/9 5658/4/9
f 5657/1/10 5660/2/10 5661/3/10 5664/4/10
f 5665/1/1 5666/2/1 5667/3/1 5668/4/1
f 5669/1/18 5670/2/18 5671/3/18 5672/4/18
f 5669/1/8 5668/2/8 5667/3/8 5670/4/8
f 5671/1/11 5666/2/11 5665/3/11 5672/4/11
f 5671/1/9 5670/2/9 5667/3/9 5666/4/9
f 5665/1/10 5668/2/10 5669/3/10 5672/4/10
f 5673/1/1 5674/2/1 5675/3/1 5676/4/1
f 5677/1/18 5678/2/18 5679/3/18 5680/4/18
f 5677/1/8 5676/2/8 5675/3/8 5678/4/8
f 5679/1/11 5674/2/11 5673/3/11 5680/4/11
f 5679/1/9 5678/2/9 5675/3/9 5674/4/9
f 5673/1/10 5676/2/10 5677/3/10 5680/4/10
f 5681/1/1 5682/2/1 5683/3/1 5684/4/1
f 5685/1/18 5686/2/18 5687/3/18 5688/4/18
f 5684/1/8 5685/2/8 5688/3/8 5681/4/8
f 5682/1/11 5687/2/11 5686/3/11 5683/4/11
f 5683/1/9 5686/2/9 5685/3/9 5684/4/9
f 5681/1/10 5688/2/10 5687/3/10 5682/4/10
f 5681/1/1 5689/2/1 5690/3/1 5684/4/1
f 5691/1/18 5692/2/18 5693/3/18 5694/4/18
f 5684/1/8 5691/2/8 5694/3/8 5681/4/8
f 5689/1/11 5693/2/11 5692/3/11 5690/4/11
f 5690/1/9 5692/2/9 5691/3/9 5684/4/9
f 5681/1/10 5694/2/10 5693/3/10 5689/4/10
f 5695/1/1 5696/2/1 5690/3/1 5697/4/1
f 5698/1/18 5692/2/18 5699/3/18 5700/4/18
f 5697/1/8 5698/2/8 5700/3/8 5695/4/8
f 5696/1/11 5699/2/11 5692/3/11 5690/4/11
f 5690/1/9 5692/2/9 5698/3/9 5697/4/9
f 5695/1/10 5700/2/10 5699/3/10 5696/4/10
f 5701/1/1 5702/2/1 5703/3/1 5704/4/1
f 5705/1/18 5706/2/18 5699/3/18 5700/4/18
f 5704/1/8 5705/2/8 5700/3/8 5701/4/8
f 5702/1/11 5699/2/11 5706/3/11 5703/4/11
f 5703/1/9 5706/2/9 5705/3/9 5704/4/9
f 5701/1/10 5700/2/10 5699/3/10 5702/4/10
f 5707/1/1 5708/2/1 5709/3/1 5710/4/1
f 5711/1/18 5712/2/18 5713/3/18 5714/4/18
f 5710/1/8 5711/2/8 5714/3/8 5707/4/8
f 5708/1/11 5713/2/11 5712/3/11 5709/4/11
f 5709/1/9 5712/2/9 5711/3/9 5710/4/9
f 5707/1/10 5714/2/10 5713/3/10 5708/4/10
f 5715/1/1 5716/2/1 5717/3/1 5718/4/1
f 5719/1/18 5712/2/18 5713/3/18 5720/4/18
f 5718/1/8 5719/2/8 5720/3/8 5715/4/8
f 5716/1/11 5713/2/11 5712/3/11 5717/4/11
f 5717/1/9 5712/2/9 5719/3/9 5718/4/9
f 5715/1/10 5720/2/10 5713/3/10 5716/4/10
f 5721/1/1 5722/2/1 5717/3/1 5718/4/1
f 5723/1/18 5724/2/18 5725/3/18 5726/4/18
f 5718/1/8 5723/2/8 5726/3/8 5721/4/8
f 5722/1/11 5725/2/11 5724/3/11 5717/4/11
f 5717/1/9 5724/2/9 5723/3/9 5718/4/9
f 5721/1/10 5726/2/10 5725/3/10 5722/4/10
f 5721/1/1 5727/2/1 5728/3/1 5729/4/1
f 5730/1/18 5731/2/18 5732/3/18 5726/4/18
f 5729/1/8 5730/2/8 5726/3/8 5721/4/8
f 5727/1/11 5732/2/11 5731/3/11 5728/4/11
f 5728/1/9 5731/2/9 5730/3/9 5729/4/9
f 5721/1/10 5726/2/10 5732/3/10 5727/4/10
usemtl step_color_008
f 5733/1/1 5734/2/1 5735/3/1 5736/4/1
f 5737/1/18 5738/2/18 5739/3/18 5740/4/18
f 5737/1/8 5736/2/8 5735/3/8 5738/4/8
f 5739/1/11 5734/2/11 5733/3/11 5740/4/11
f 5739/1/9 5738/2/9 5735/3/9 5734/4/9
f 5733/1/10 5736/2/10 5737/3/10 5740/4/10
f 5741/1/1 5742/2/1 5743/3/1 5744/4/1
f 5745/1/18 5746/2/18 5747/3/18 5748/4/18
f 5745/1/8 5744/2/8 5743/3/8 5746/4/8
f 5747/1/11 5742/2/11 5741/3/11 5748/4/11
f 5747/1/9 5746/2/9 5743/3/9 5742/4/9
f 5741/1/10 5744/2/10 5745/3/10 5748/4/10
f 5749/1/1 5750/2/1 5751/3/1 5752/4/1
f 5753/1/18 5754/2/18 5755/3/18 5756/4/18
f 5753/1/8 5752/2/8 5751/3/8 5754/4/8
f 5755/1/11 5750/2/11 5749/3/11 5756/4/11
f 5755/1/9 5754/2/9 5751/3/9 5750/4/9
f 5749/1/10 5752/2/10 5753/3/10 5756/4/10
f 5757/1/1 5758/2/1 5759/3/1 5760/4/1
f 5761/1/18 5762/2/18 5763/3/18 5764/4/18
f 5761/1/8 5760/2/8 5759/3/8 5762/4/8
f 5763/1/11 5758/2/11 5757/3/11 5764/4/11
f 5763/1/9 5762/2/9 5759/3/9 5758/4/9
f 5757/1/10 5760/2/10 5761/3/10 5764/4/10
f 5765/1/1 5766/2/1 5767/3/1 5768/4/1
f 5769/1/18 5770/2/18 5771/3/18 5772/4/18
f 5769/1/8 5768/2/8 5767/3/8 5770/4/8
f 5771/1/11 5766/2/11 5765/3/11 5772/4/11
f 5771/1/9 5770/2/9 5767/3/9 5766/4/9
f 5765/1/10 5768/2/10 5769/3/10 5772/4/10
f 5773/1/1 5774/2/1 5775/3/1 5776/4/1
f 5777/1/18 5778/2/18 5779/3/18 5780/4/18
f 5777/1/8 5776/2/8 5775/3/8 5778/4/8
f 5779/1/11 5774/2/11 5773/3/11 5780/4/11
f 5779/1/9 5778/2/9 5775/3/9 5774/4/9
f 5773/1/10 5776/2/10 5777/3/10 5780/4/10
f 5781/1/1 5782/2/1 5783/3/1 5784/4/1
f 5785/1/18 5786/2/18 5787/3/18 5788/4/18
f 5785/1/8 5784/2/8 5783/3/8 5786/4/8
f 5787/1/11 5782/2/11 5781/3/11 5788/4/11
f 5787/1/9 5786/2/9 5783/3/9 5782/4/9
f 5781/1/10 5784/2/10 5785/3/10 5788/4/10
f 5789/1/1 5790/2/1 5791/3/1 5792/4/1
f 5793/1/18 5794/2/18 5795/3/18 5796/4/18
f 5793/1/8 5792/2/8 5791/3/8 5794/4/8
f 5795/1/11 5790/2/11 5789/3/11 5796/4/11
f 5795/1/9 5794/2/9 5791/3/9 5790/4/9
f 5789/1/10 5792/2/10 5793/3/10 5796/4/10
f 5797/1/1 5798/2/1 5799/3/1 5800/4/1
f 5801/1/18 5802/2/18 5803/3/18 5804/4/18
f 5801/1/8 5800/2/8 5799/3/8 5802/4/8
f 5803/1/11 5798/2/11 5797/3/11 5804/4/11
f 5803/1/9 5802/2/9 5799/3/9 5798/4/9
f 5797/1/10 5800/2/10 5801/3/10 5804/4/10
f 5805/1/1 5806/2/1 5807/3/1 5808/4/1
f 5809/1/18 5810/2/18 5811/3/18 5812/4/18
f 5809/1/8 5808/2/8 5807/3/8 5810/4/8
f 5811/1/11 5806/2/11 5805/3/11 5812/4/11
f 5811/1/9 5810/2/9 5807/3/9 5806/4/9
f 5805/1/10 5808/2/10 5809/3/10 5812/4/10
f 5813/1/1 5814/2/1 5815/3/1 5816/4/1
f 5817/1/18 5818/2/18 5819/3/18 5820/4/18
f 5817/1/8 5816/2/8 5815/3/8 5818/4/8
f 5819/1/11 5814/2/11 5813/3/11 5820/4/11
f 5819/1/9 5818/2/9 5815/3/9 5814/4/9
f 5813/1/10 5816/2/10 5817/3/10 5820/4/10
f 5821/1/1 5822/2/1 5823/3/1 5824/4/1
f 5825/1/18 5826/2/18 5827/3/18 5828/4/18
f 5825/1/8 5824/2/8 5823/3/8 5826/4/8
f 5827/1/11 5822/2/11 5821/3/11 5828/4/11
f 5827/1/9 5826/2/9 5823/3/9 5822/4/9
f 5821/1/10 5824/2/10 5825/3/10 5828/4/10
f 5829/1/1 5830/2/1 5806/3/1 5805/4/1
f 5812/1/18 5811/2/18 5831/3/18 5832/4/18
f 5812/1/8 5805/2/8 5806/3/8 5811/4/8
f 5831/1/11 5830/2/11 5829/3/11 5832/4/11
f 5831/1/9 5811/2/9 5806/3/9 5830/4/9
f 5829/1/10 5805/2/10 5812/3/10 5832/4/10
f 5833/1/1 5834/2/1 5814/3/1 5813/4/1
f 5820/1/18 5819/2/18 5835/3/18 5836/4/18
f 5820/1/8 5813/2/8 5814/3/8 5819/4/8
f 5835/1/11 5834/2/11 5833/3/11 5836/4/11
f 5835/1/9 5819/2/9 5814/3/9 5834/4/9
f 5833/1/10 5813/2/10 5820/3/10 5836/4/10
f 5837/1/1 5838/2/1 5822/3/1 5821/4/1
f 5828/1/18 5827/2/18 5839/3/18 5840/4/18
f 5828/1/8 5821/2/8 5822/3/8 5827/4/8
f 5839/1/11 5838/2/11 5837/3/11 5840/4/11
f 5839/1/9 5827/2/9 5822/3/9 5838/4/9
f 5837/1/10 5821/2/10 5828/3/10 5840/4/10
f 5841/1/1 5842/2/1 5843/3/1 5844/4/1
f 5845/1/18 5846/2/18 5847/3/18 5848/4/18
f 5845/1/8 5844/2/8 5843/3/8 5846/4/8
f 5847/1/11 5842/2/11 5841/3/11 5848/4/11
f 5847/1/9 5846/2/9 5843/3/9 5842/4/9
f 5841/1/10 5844/2/10 5845/3/10 5848/4/10
f 5849/1/1 5850/2/1 5851/3/1 5852/4/1
f 5853/1/18 5854/2/18 5855/3/18 5856/4/18
f 5853/1/8 5852/2/8 5851/3/8 5854/4/8
f 5855/1/11 5850/2/11 5849/3/11 5856/4/11
f 5855/1/9 5854/2/9 5851/3/9 5850/4/9
f 5849/1/10 5852/2/10 5853/3/10 5856/4/10
f 5857/1/1 5858/2/1 5859/3/1 5860/4/1
f 5861/1/18 5862/2/18 5863/3/18 5864/4/18
f 5861/1/8 5860/2/8 5859/3/8 5862/4/8
f 5863/1/11 5858/2/11 5857/3/11 5864/4/11
f 5863/1/9 5862/2/9 5859/3/9 5858/4/9
f 5857/1/10 5860/2/10 5861/3/10 5864/4/10
f 5865/1/1 5866/2/1 5867/3/1 5868/4/1
f 5869/1/18 5870/2/18 5871/3/18 5872/4/18
f 5869/1/8 5868/2/8 5867/3/8 5870/4/8
f 5871/1/11 5866/2/11 5865/3/11 5872/4/11
f 5871/1/9 5870/2/9 5867/3/9 5866/4/9
f 5865/1/10 5868/2/10 5869/3/10 5872/4/10
f 5873/1/1 5874/2/1 5875/3/1 5876/4/1
f 5877/1/18 5878/2/18 5879/3/18 5880/4/18
f 5877/1/8 5876/2/8 5875/3/8 5878/4/8
f 5879/1/11 5874/2/11 5873/3/11 5880/4/11
f 5879/1/9 5878/2/9 5875/3/9 5874/4/9
f 5873/1/10 5876/2/10 5877/3/10 5880/4/10
f 5881/1/1 5882/2/1 5883/3/1 5884/4/1
f 5885/1/18 5886/2/18 5887/3/18 5888/4/18
f 5885/1/8 5884/2/8 5883/3/8 5886/4/8
f 5887/1/11 5882/2/11 5881/3/11 5888/4/11
f 5887/1/9 5886/2/9 5883/3/9 5882/4/9
f 5881/1/10 5884/2/10 5885/3/10 5888/4/10
f 5889/1/1 5890/2/1 5891/3/1 5892/4/1
f 5893/1/18 5894/2/18 5895/3/18 5896/4/18
f 5893/1/8 5892/2/8 5891/3/8 5894/4/8
f 5895/1/11 5890/2/11 5889/3/11 5896/4/11
f 5895/1/9 5894/2/9 5891/3/9 5890/4/9
f 5889/1/10 5892/2/10 5893/3/10 5896/4/10
f 5897/1/1 5898/2/1 5899/3/1 5900/4/1
f 5901/1/18 5902/2/18 5903/3/18 5904/4/18
f 5901/1/8 5900/2/8 5899/3/8 5902/4/8
f 5903/1/11 5898/2/11 5897/3/11 5904/4/11
f 5903/1/9 5902/2/9 5899/3/9 5898/4/9
f 5897/1/10 5900/2/10 5901/3/10 5904/4/10
f 5905/1/1 5906/2/1 5907/3/1 5908/4/1
f 5909/1/18 5910/2/18 5911/3/18 5912/4/18
f 5909/1/8 5908/2/8 5907/3/8 5910/4/8
f 5911/1/11 5906/2/11 5905/3/11 5912/4/11
f 5911/1/9 5910/2/9 5907/3/9 5906/4/9
f 5905/1/10 5908/2/10 5909/3/10 5912/4/10
