# Authored in Blender; exported by tools-export-modern.py
mtllib materials.mtl
s off
v 0.235000014 0.500000000 0.250000000
v 0.241644114 0.441031963 0.250000000
v 0.241644114 0.441031963 0.750000000
v 0.235000014 0.500000000 0.750000000
v 0.261243284 0.385020822 0.250000000
v 0.261243284 0.385020822 0.750000000
v 0.292814672 0.334775209 0.250000000
v 0.292814672 0.334775209 0.750000000
v 0.334775209 0.292814672 0.250000000
v 0.334775209 0.292814672 0.750000000
v 0.385020822 0.261243284 0.250000000
v 0.385020822 0.261243284 0.750000000
v 0.441031963 0.241644114 0.250000000
v 0.441031963 0.241644114 0.750000000
v 0.500000000 0.235000014 0.250000000
v 0.500000000 0.235000014 0.750000000
v 0.558968067 0.241644114 0.250000000
v 0.558968067 0.241644114 0.750000000
v 0.614979148 0.261243284 0.250000000
v 0.614979148 0.261243284 0.750000000
v 0.665224791 0.292814672 0.250000000
v 0.665224791 0.292814672 0.750000000
v 0.707185328 0.334775209 0.250000000
v 0.707185328 0.334775209 0.750000000
v 0.738756716 0.385020822 0.250000000
v 0.738756716 0.385020822 0.750000000
v 0.758355856 0.441031963 0.250000000
v 0.758355856 0.441031963 0.750000000
v 0.764999986 0.500000000 0.250000000
v 0.764999986 0.500000000 0.750000000
v 0.758355856 0.558968067 0.250000000
v 0.758355856 0.558968067 0.750000000
v 0.738756716 0.614979148 0.250000000
v 0.738756716 0.614979148 0.750000000
v 0.707185328 0.665224791 0.250000000
v 0.707185328 0.665224791 0.750000000
v 0.665224791 0.707185328 0.250000000
v 0.665224791 0.707185328 0.750000000
v 0.614979148 0.738756716 0.250000000
v 0.614979148 0.738756716 0.750000000
v 0.558968067 0.758355856 0.250000000
v 0.558968067 0.758355856 0.750000000
v 0.500000000 0.764999986 0.250000000
v 0.500000000 0.764999986 0.750000000
v 0.441031963 0.758355856 0.250000000
v 0.441031963 0.758355856 0.750000000
v 0.385020822 0.738756716 0.250000000
v 0.385020822 0.738756716 0.750000000
v 0.334775209 0.707185328 0.250000000
v 0.334775209 0.707185328 0.750000000
v 0.292814672 0.665224791 0.250000000
v 0.292814672 0.665224791 0.750000000
v 0.261243284 0.614979148 0.250000000
v 0.261243284 0.614979148 0.750000000
v 0.241644114 0.558968067 0.250000000
v 0.241644114 0.558968067 0.750000000
v 0.300139785 0.454383194 0.750000000
v 0.295000017 0.500000000 0.750000000
v 0.315301389 0.411053836 0.750000000
v 0.339724541 0.372184575 0.750000000
v 0.372184575 0.339724541 0.750000000
v 0.411053836 0.315301389 0.750000000
v 0.454383194 0.300139785 0.750000000
v 0.500000000 0.295000017 0.750000000
v 0.545616806 0.300139785 0.750000000
v 0.588946164 0.315301389 0.750000000
v 0.627815425 0.339724541 0.750000000
v 0.660275459 0.372184575 0.750000000
v 0.684698582 0.411053836 0.750000000
v 0.699860215 0.454383194 0.750000000
v 0.704999983 0.500000000 0.750000000
v 0.699860215 0.545616806 0.750000000
v 0.684698582 0.588946164 0.750000000
v 0.660275459 0.627815425 0.750000000
v 0.627815425 0.660275459 0.750000000
v 0.588946164 0.684698582 0.750000000
v 0.545616806 0.699860215 0.750000000
v 0.500000000 0.704999983 0.750000000
v 0.454383194 0.699860215 0.750000000
v 0.411053836 0.684698582 0.750000000
v 0.372184575 0.660275459 0.750000000
v 0.339724541 0.627815425 0.750000000
v 0.315301389 0.588946164 0.750000000
v 0.300139785 0.545616806 0.750000000
v 0.300139785 0.454383194 0.250000000
v 0.295000017 0.500000000 0.250000000
v 0.315301389 0.411053836 0.250000000
v 0.339724541 0.372184575 0.250000000
v 0.372184575 0.339724541 0.250000000
v 0.411053836 0.315301389 0.250000000
v 0.454383194 0.300139785 0.250000000
v 0.500000000 0.295000017 0.250000000
v 0.545616806 0.300139785 0.250000000
v 0.588946164 0.315301389 0.250000000
v 0.627815425 0.339724541 0.250000000
v 0.660275459 0.372184575 0.250000000
v 0.684698582 0.411053836 0.250000000
v 0.699860215 0.454383194 0.250000000
v 0.704999983 0.500000000 0.250000000
v 0.699860215 0.545616806 0.250000000
v 0.684698582 0.588946164 0.250000000
v 0.660275459 0.627815425 0.250000000
v 0.627815425 0.660275459 0.250000000
v 0.588946164 0.684698582 0.250000000
v 0.545616806 0.699860215 0.250000000
v 0.500000000 0.704999983 0.250000000
v 0.454383194 0.699860215 0.250000000
v 0.411053836 0.684698582 0.250000000
v 0.372184575 0.660275459 0.250000000
v 0.339724541 0.627815425 0.250000000
v 0.315301389 0.588946164 0.250000000
v 0.300139785 0.545616806 0.250000000
v 0.899999976 0.500000000 0.119999997
v 0.886370301 0.396472394 0.119999997
v 0.886370301 0.396472394 0.025000000
v 0.899999976 0.500000000 0.025000000
v 0.846410155 0.300000012 0.119999997
v 0.846410155 0.300000012 0.025000000
v 0.782842755 0.217157274 0.119999997
v 0.782842755 0.217157274 0.025000000
v 0.699999988 0.153589845 0.119999997
v 0.699999988 0.153589845 0.025000000
v 0.603527606 0.113629669 0.119999997
v 0.603527606 0.113629669 0.025000000
v 0.500000000 0.099999994 0.119999997
v 0.500000000 0.099999994 0.025000000
v 0.396472394 0.113629669 0.119999997
v 0.396472394 0.113629669 0.025000000
v 0.300000012 0.153589845 0.119999997
v 0.300000012 0.153589845 0.025000000
v 0.217157274 0.217157274 0.119999997
v 0.217157274 0.217157274 0.025000000
v 0.153589845 0.300000012 0.119999997
v 0.153589845 0.300000012 0.025000000
v 0.113629669 0.396472394 0.119999997
v 0.113629669 0.396472394 0.025000000
v 0.099999994 0.500000000 0.119999997
v 0.099999994 0.500000000 0.025000000
v 0.113629669 0.603527606 0.119999997
v 0.113629669 0.603527606 0.025000000
v 0.153589845 0.699999988 0.119999997
v 0.153589845 0.699999988 0.025000000
v 0.217157274 0.782842755 0.119999997
v 0.217157274 0.782842755 0.025000000
v 0.300000012 0.846410155 0.119999997
v 0.300000012 0.846410155 0.025000000
v 0.396472394 0.886370301 0.119999997
v 0.396472394 0.886370301 0.025000000
v 0.500000000 0.899999976 0.119999997
v 0.500000000 0.899999976 0.025000000
v 0.603527606 0.886370301 0.119999997
v 0.603527606 0.886370301 0.025000000
v 0.699999988 0.846410155 0.119999997
v 0.699999988 0.846410155 0.025000000
v 0.782842755 0.782842755 0.119999997
v 0.782842755 0.782842755 0.025000000
v 0.846410155 0.699999988 0.119999997
v 0.846410155 0.699999988 0.025000000
v 0.886370301 0.603527606 0.119999997
v 0.886370301 0.603527606 0.025000000
v 0.698014796 0.446942091 0.025000000
v 0.704999983 0.500000000 0.025000000
v 0.677535176 0.397500008 0.025000000
v 0.644956887 0.355043113 0.025000000
v 0.602500021 0.322464794 0.025000000
v 0.553057909 0.301985204 0.025000000
v 0.500000000 0.295000017 0.025000000
v 0.446942091 0.301985204 0.025000000
v 0.397500008 0.322464794 0.025000000
v 0.355043113 0.355043113 0.025000000
v 0.322464794 0.397500008 0.025000000
v 0.301985204 0.446942091 0.025000000
v 0.295000017 0.500000000 0.025000000
v 0.301985204 0.553057909 0.025000000
v 0.322464794 0.602500021 0.025000000
v 0.355043113 0.644956887 0.025000000
v 0.397500008 0.677535176 0.025000000
v 0.446942091 0.698014796 0.025000000
v 0.500000000 0.704999983 0.025000000
v 0.553057909 0.698014796 0.025000000
v 0.602500021 0.677535176 0.025000000
v 0.644956887 0.644956887 0.025000000
v 0.677535176 0.602500021 0.025000000
v 0.698014796 0.553057909 0.025000000
v 0.698014796 0.446942091 0.119999997
v 0.704999983 0.500000000 0.119999997
v 0.677535176 0.397500008 0.119999997
v 0.644956887 0.355043113 0.119999997
v 0.602500021 0.322464794 0.119999997
v 0.553057909 0.301985204 0.119999997
v 0.500000000 0.295000017 0.119999997
v 0.446942091 0.301985204 0.119999997
v 0.397500008 0.322464794 0.119999997
v 0.355043113 0.355043113 0.119999997
v 0.322464794 0.397500008 0.119999997
v 0.301985204 0.446942091 0.119999997
v 0.295000017 0.500000000 0.119999997
v 0.301985204 0.553057909 0.119999997
v 0.322464794 0.602500021 0.119999997
v 0.355043113 0.644956887 0.119999997
v 0.397500008 0.677535176 0.119999997
v 0.446942091 0.698014796 0.119999997
v 0.500000000 0.704999983 0.119999997
v 0.553057909 0.698014796 0.119999997
v 0.602500021 0.677535176 0.119999997
v 0.644956887 0.644956887 0.119999997
v 0.677535176 0.602500021 0.119999997
v 0.698014796 0.553057909 0.119999997
v 0.769999981 0.500000000 0.025000000
v 0.760800004 0.430118859 0.025000000
v 0.760800004 0.430118859 0.000000000
v 0.769999981 0.500000000 0.000000000
v 0.733826876 0.365000010 0.025000000
v 0.733826876 0.365000010 0.000000000
v 0.690918803 0.309081167 0.025000000
v 0.690918803 0.309081167 0.000000000
v 0.634999990 0.266173124 0.025000000
v 0.634999990 0.266173124 0.000000000
v 0.569881141 0.239200026 0.025000000
v 0.569881141 0.239200026 0.000000000
v 0.500000000 0.229999989 0.025000000
v 0.500000000 0.229999989 0.000000000
v 0.430118859 0.239200026 0.025000000
v 0.430118859 0.239200026 0.000000000
v 0.365000010 0.266173124 0.025000000
v 0.365000010 0.266173124 0.000000000
v 0.309081167 0.309081167 0.025000000
v 0.309081167 0.309081167 0.000000000
v 0.266173124 0.365000010 0.025000000
v 0.266173124 0.365000010 0.000000000
v 0.239200026 0.430118859 0.025000000
v 0.239200026 0.430118859 0.000000000
v 0.229999989 0.500000000 0.025000000
v 0.229999989 0.500000000 0.000000000
v 0.239200026 0.569881141 0.025000000
v 0.239200026 0.569881141 0.000000000
v 0.266173124 0.634999990 0.025000000
v 0.266173124 0.634999990 0.000000000
v 0.309081167 0.690918803 0.025000000
v 0.309081167 0.690918803 0.000000000
v 0.365000010 0.733826876 0.025000000
v 0.365000010 0.733826876 0.000000000
v 0.430118859 0.760800004 0.025000000
v 0.430118859 0.760800004 0.000000000
v 0.500000000 0.769999981 0.025000000
v 0.500000000 0.769999981 0.000000000
v 0.569881141 0.760800004 0.025000000
v 0.569881141 0.760800004 0.000000000
v 0.634999990 0.733826876 0.025000000
v 0.634999990 0.733826876 0.000000000
v 0.690918803 0.690918803 0.025000000
v 0.690918803 0.690918803 0.000000000
v 0.733826876 0.634999990 0.025000000
v 0.733826876 0.634999990 0.000000000
v 0.760800004 0.569881141 0.025000000
v 0.760800004 0.569881141 0.000000000
v 0.698014796 0.446942091 0.000000000
v 0.704999983 0.500000000 0.000000000
v 0.677535176 0.397500008 0.000000000
v 0.644956887 0.355043113 0.000000000
v 0.602500021 0.322464794 0.000000000
v 0.553057909 0.301985204 0.000000000
v 0.500000000 0.295000017 0.000000000
v 0.446942091 0.301985204 0.000000000
v 0.397500008 0.322464794 0.000000000
v 0.355043113 0.355043113 0.000000000
v 0.322464794 0.397500008 0.000000000
v 0.301985204 0.446942091 0.000000000
v 0.295000017 0.500000000 0.000000000
v 0.301985204 0.553057909 0.000000000
v 0.322464794 0.602500021 0.000000000
v 0.355043113 0.644956887 0.000000000
v 0.397500008 0.677535176 0.000000000
v 0.446942091 0.698014796 0.000000000
v 0.500000000 0.704999983 0.000000000
v 0.553057909 0.698014796 0.000000000
v 0.602500021 0.677535176 0.000000000
v 0.644956887 0.644956887 0.000000000
v 0.677535176 0.602500021 0.000000000
v 0.698014796 0.553057909 0.000000000
v 0.850000024 0.500000000 0.140000001
v 0.837000012 0.522516668 0.140000001
v 0.810999990 0.522516668 0.140000001
v 0.797999978 0.500000000 0.140000001
v 0.810999990 0.477483332 0.140000001
v 0.837000012 0.477483332 0.140000001
v 0.837000012 0.522516668 0.006000000
v 0.850000024 0.500000000 0.006000000
v 0.837000012 0.477483332 0.006000000
v 0.810999990 0.477483332 0.006000000
v 0.797999978 0.500000000 0.006000000
v 0.810999990 0.522516668 0.006000000
v 0.806592226 0.338000000 0.140000001
v 0.793592215 0.360516667 0.140000001
v 0.767592192 0.360516667 0.140000001
v 0.754592180 0.338000000 0.140000001
v 0.767592192 0.315483332 0.140000001
v 0.793592215 0.315483332 0.140000001
v 0.793592215 0.360516667 0.006000000
v 0.806592226 0.338000000 0.006000000
v 0.793592215 0.315483332 0.006000000
v 0.767592192 0.315483332 0.006000000
v 0.754592180 0.338000000 0.006000000
v 0.767592192 0.360516667 0.006000000
v 0.688000023 0.219407767 0.140000001
v 0.675000012 0.241924435 0.140000001
v 0.648999989 0.241924435 0.140000001
v 0.635999978 0.219407767 0.140000001
v 0.648999989 0.196891099 0.140000001
v 0.675000012 0.196891099 0.140000001
v 0.675000012 0.241924435 0.006000000
v 0.688000023 0.219407767 0.006000000
v 0.675000012 0.196891099 0.006000000
v 0.648999989 0.196891099 0.006000000
v 0.635999978 0.219407767 0.006000000
v 0.648999989 0.241924435 0.006000000
v 0.526000023 0.175999999 0.140000001
v 0.513000011 0.198516667 0.140000001
v 0.486999989 0.198516667 0.140000001
v 0.474000007 0.175999999 0.140000001
v 0.486999989 0.153483331 0.140000001
v 0.513000011 0.153483331 0.140000001
v 0.513000011 0.198516667 0.006000000
v 0.526000023 0.175999999 0.006000000
v 0.513000011 0.153483331 0.006000000
v 0.486999989 0.153483331 0.006000000
v 0.474000007 0.175999999 0.006000000
v 0.486999989 0.198516667 0.006000000
v 0.363999993 0.219407767 0.140000001
v 0.351000011 0.241924435 0.140000001
v 0.324999988 0.241924435 0.140000001
v 0.312000006 0.219407767 0.140000001
v 0.324999988 0.196891099 0.140000001
v 0.351000011 0.196891099 0.140000001
v 0.351000011 0.241924435 0.006000000
v 0.363999993 0.219407767 0.006000000
v 0.351000011 0.196891099 0.006000000
v 0.324999988 0.196891099 0.006000000
v 0.312000006 0.219407767 0.006000000
v 0.324999988 0.241924435 0.006000000
v 0.245407760 0.338000000 0.140000001
v 0.232407764 0.360516667 0.140000001
v 0.206407771 0.360516667 0.140000001
v 0.193407774 0.338000000 0.140000001
v 0.206407771 0.315483332 0.140000001
v 0.232407764 0.315483332 0.140000001
v 0.232407764 0.360516667 0.006000000
v 0.245407760 0.338000000 0.006000000
v 0.232407764 0.315483332 0.006000000
v 0.206407771 0.315483332 0.006000000
v 0.193407774 0.338000000 0.006000000
v 0.206407771 0.360516667 0.006000000
v 0.201999992 0.500000000 0.140000001
v 0.188999996 0.522516668 0.140000001
v 0.163000003 0.522516668 0.140000001
v 0.150000006 0.500000000 0.140000001
v 0.163000003 0.477483332 0.140000001
v 0.188999996 0.477483332 0.140000001
v 0.188999996 0.522516668 0.006000000
v 0.201999992 0.500000000 0.006000000
v 0.188999996 0.477483332 0.006000000
v 0.163000003 0.477483332 0.006000000
v 0.150000006 0.500000000 0.006000000
v 0.163000003 0.522516668 0.006000000
v 0.245407760 0.662000000 0.140000001
v 0.232407764 0.684516668 0.140000001
v 0.206407771 0.684516668 0.140000001
v 0.193407774 0.662000000 0.140000001
v 0.206407771 0.639483333 0.140000001
v 0.232407764 0.639483333 0.140000001
v 0.232407764 0.684516668 0.006000000
v 0.245407760 0.662000000 0.006000000
v 0.232407764 0.639483333 0.006000000
v 0.206407771 0.639483333 0.006000000
v 0.193407774 0.662000000 0.006000000
v 0.206407771 0.684516668 0.006000000
v 0.363999993 0.780592203 0.140000001
v 0.351000011 0.803108871 0.140000001
v 0.324999988 0.803108871 0.140000001
v 0.312000006 0.780592203 0.140000001
v 0.324999988 0.758075535 0.140000001
v 0.351000011 0.758075535 0.140000001
v 0.351000011 0.803108871 0.006000000
v 0.363999993 0.780592203 0.006000000
v 0.351000011 0.758075535 0.006000000
v 0.324999988 0.758075535 0.006000000
v 0.312000006 0.780592203 0.006000000
v 0.324999988 0.803108871 0.006000000
v 0.526000023 0.824000001 0.140000001
v 0.513000011 0.846516669 0.140000001
v 0.486999989 0.846516669 0.140000001
v 0.474000007 0.824000001 0.140000001
v 0.486999989 0.801483333 0.140000001
v 0.513000011 0.801483333 0.140000001
v 0.513000011 0.846516669 0.006000000
v 0.526000023 0.824000001 0.006000000
v 0.513000011 0.801483333 0.006000000
v 0.486999989 0.801483333 0.006000000
v 0.474000007 0.824000001 0.006000000
v 0.486999989 0.846516669 0.006000000
v 0.688000023 0.780592203 0.140000001
v 0.675000012 0.803108871 0.140000001
v 0.648999989 0.803108871 0.140000001
v 0.635999978 0.780592203 0.140000001
v 0.648999989 0.758075535 0.140000001
v 0.675000012 0.758075535 0.140000001
v 0.675000012 0.803108871 0.006000000
v 0.688000023 0.780592203 0.006000000
v 0.675000012 0.758075535 0.006000000
v 0.648999989 0.758075535 0.006000000
v 0.635999978 0.780592203 0.006000000
v 0.648999989 0.803108871 0.006000000
v 0.806592226 0.662000000 0.140000001
v 0.793592215 0.684516668 0.140000001
v 0.767592192 0.684516668 0.140000001
v 0.754592180 0.662000000 0.140000001
v 0.767592192 0.639483333 0.140000001
v 0.793592215 0.639483333 0.140000001
v 0.793592215 0.684516668 0.006000000
v 0.806592226 0.662000000 0.006000000
v 0.793592215 0.639483333 0.006000000
v 0.767592192 0.639483333 0.006000000
v 0.754592180 0.662000000 0.006000000
v 0.767592192 0.684516668 0.006000000
v 0.250000000 0.500000000 0.119999997
v 0.258518547 0.435295224 0.119999997
v 0.258518547 0.435295224 0.250000000
v 0.250000000 0.500000000 0.250000000
v 0.283493638 0.375000000 0.119999997
v 0.283493638 0.375000000 0.250000000
v 0.323223293 0.323223293 0.119999997
v 0.323223293 0.323223293 0.250000000
v 0.375000000 0.283493638 0.119999997
v 0.375000000 0.283493638 0.250000000
v 0.435295224 0.258518547 0.119999997
v 0.435295224 0.258518547 0.250000000
v 0.500000000 0.250000000 0.119999997
v 0.500000000 0.250000000 0.250000000
v 0.564704776 0.258518547 0.119999997
v 0.564704776 0.258518547 0.250000000
v 0.625000000 0.283493638 0.119999997
v 0.625000000 0.283493638 0.250000000
v 0.676776707 0.323223293 0.119999997
v 0.676776707 0.323223293 0.250000000
v 0.716506362 0.375000000 0.119999997
v 0.716506362 0.375000000 0.250000000
v 0.741481423 0.435295224 0.119999997
v 0.741481423 0.435295224 0.250000000
v 0.750000000 0.500000000 0.119999997
v 0.750000000 0.500000000 0.250000000
v 0.741481423 0.564704776 0.119999997
v 0.741481423 0.564704776 0.250000000
v 0.716506362 0.625000000 0.119999997
v 0.716506362 0.625000000 0.250000000
v 0.676776707 0.676776707 0.119999997
v 0.676776707 0.676776707 0.250000000
v 0.625000000 0.716506362 0.119999997
v 0.625000000 0.716506362 0.250000000
v 0.564704776 0.741481423 0.119999997
v 0.564704776 0.741481423 0.250000000
v 0.500000000 0.750000000 0.119999997
v 0.500000000 0.750000000 0.250000000
v 0.435295224 0.741481423 0.119999997
v 0.435295224 0.741481423 0.250000000
v 0.375000000 0.716506362 0.119999997
v 0.375000000 0.716506362 0.250000000
v 0.323223293 0.676776707 0.119999997
v 0.323223293 0.676776707 0.250000000
v 0.283493638 0.625000000 0.119999997
v 0.283493638 0.625000000 0.250000000
v 0.258518547 0.564704776 0.119999997
v 0.258518547 0.564704776 0.250000000
v 0.301985204 0.446942091 0.250000000
v 0.322464794 0.397500008 0.250000000
v 0.355043113 0.355043113 0.250000000
v 0.397500008 0.322464794 0.250000000
v 0.446942091 0.301985204 0.250000000
v 0.553057909 0.301985204 0.250000000
v 0.602500021 0.322464794 0.250000000
v 0.644956887 0.355043113 0.250000000
v 0.677535176 0.397500008 0.250000000
v 0.698014796 0.446942091 0.250000000
v 0.698014796 0.553057909 0.250000000
v 0.677535176 0.602500021 0.250000000
v 0.644956887 0.644956887 0.250000000
v 0.602500021 0.677535176 0.250000000
v 0.553057909 0.698014796 0.250000000
v 0.446942091 0.698014796 0.250000000
v 0.397500008 0.677535176 0.250000000
v 0.355043113 0.644956887 0.250000000
v 0.322464794 0.602500021 0.250000000
v 0.301985204 0.553057909 0.250000000
v 0.099999994 0.500000000 0.879999995
v 0.113629669 0.396472394 0.879999995
v 0.113629669 0.396472394 0.975000024
v 0.099999994 0.500000000 0.975000024
v 0.153589845 0.300000012 0.879999995
v 0.153589845 0.300000012 0.975000024
v 0.217157274 0.217157274 0.879999995
v 0.217157274 0.217157274 0.975000024
v 0.300000012 0.153589845 0.879999995
v 0.300000012 0.153589845 0.975000024
v 0.396472394 0.113629669 0.879999995
v 0.396472394 0.113629669 0.975000024
v 0.500000000 0.099999994 0.879999995
v 0.500000000 0.099999994 0.975000024
v 0.603527606 0.113629669 0.879999995
v 0.603527606 0.113629669 0.975000024
v 0.699999988 0.153589845 0.879999995
v 0.699999988 0.153589845 0.975000024
v 0.782842755 0.217157274 0.879999995
v 0.782842755 0.217157274 0.975000024
v 0.846410155 0.300000012 0.879999995
v 0.846410155 0.300000012 0.975000024
v 0.886370301 0.396472394 0.879999995
v 0.886370301 0.396472394 0.975000024
v 0.899999976 0.500000000 0.879999995
v 0.899999976 0.500000000 0.975000024
v 0.886370301 0.603527606 0.879999995
v 0.886370301 0.603527606 0.975000024
v 0.846410155 0.699999988 0.879999995
v 0.846410155 0.699999988 0.975000024
v 0.782842755 0.782842755 0.879999995
v 0.782842755 0.782842755 0.975000024
v 0.699999988 0.846410155 0.879999995
v 0.699999988 0.846410155 0.975000024
v 0.603527606 0.886370301 0.879999995
v 0.603527606 0.886370301 0.975000024
v 0.500000000 0.899999976 0.879999995
v 0.500000000 0.899999976 0.975000024
v 0.396472394 0.886370301 0.879999995
v 0.396472394 0.886370301 0.975000024
v 0.300000012 0.846410155 0.879999995
v 0.300000012 0.846410155 0.975000024
v 0.217157274 0.782842755 0.879999995
v 0.217157274 0.782842755 0.975000024
v 0.153589845 0.699999988 0.879999995
v 0.153589845 0.699999988 0.975000024
v 0.113629669 0.603527606 0.879999995
v 0.113629669 0.603527606 0.975000024
v 0.301985204 0.446942091 0.975000024
v 0.295000017 0.500000000 0.975000024
v 0.322464794 0.397500008 0.975000024
v 0.355043113 0.355043113 0.975000024
v 0.397500008 0.322464794 0.975000024
v 0.446942091 0.301985204 0.975000024
v 0.500000000 0.295000017 0.975000024
v 0.553057909 0.301985204 0.975000024
v 0.602500021 0.322464794 0.975000024
v 0.644956887 0.355043113 0.975000024
v 0.677535176 0.397500008 0.975000024
v 0.698014796 0.446942091 0.975000024
v 0.704999983 0.500000000 0.975000024
v 0.698014796 0.553057909 0.975000024
v 0.677535176 0.602500021 0.975000024
v 0.644956887 0.644956887 0.975000024
v 0.602500021 0.677535176 0.975000024
v 0.553057909 0.698014796 0.975000024
v 0.500000000 0.704999983 0.975000024
v 0.446942091 0.698014796 0.975000024
v 0.397500008 0.677535176 0.975000024
v 0.355043113 0.644956887 0.975000024
v 0.322464794 0.602500021 0.975000024
v 0.301985204 0.553057909 0.975000024
v 0.301985204 0.446942091 0.879999995
v 0.295000017 0.500000000 0.879999995
v 0.322464794 0.397500008 0.879999995
v 0.355043113 0.355043113 0.879999995
v 0.397500008 0.322464794 0.879999995
v 0.446942091 0.301985204 0.879999995
v 0.500000000 0.295000017 0.879999995
v 0.553057909 0.301985204 0.879999995
v 0.602500021 0.322464794 0.879999995
v 0.644956887 0.355043113 0.879999995
v 0.677535176 0.397500008 0.879999995
v 0.698014796 0.446942091 0.879999995
v 0.704999983 0.500000000 0.879999995
v 0.698014796 0.553057909 0.879999995
v 0.677535176 0.602500021 0.879999995
v 0.644956887 0.644956887 0.879999995
v 0.602500021 0.677535176 0.879999995
v 0.553057909 0.698014796 0.879999995
v 0.500000000 0.704999983 0.879999995
v 0.446942091 0.698014796 0.879999995
v 0.397500008 0.677535176 0.879999995
v 0.355043113 0.644956887 0.879999995
v 0.322464794 0.602500021 0.879999995
v 0.301985204 0.553057909 0.879999995
v 0.229999989 0.500000000 0.975000024
v 0.239200026 0.430118859 0.975000024
v 0.239200026 0.430118859 1.000000000
v 0.229999989 0.500000000 1.000000000
v 0.266173124 0.365000010 0.975000024
v 0.266173124 0.365000010 1.000000000
v 0.309081167 0.309081167 0.975000024
v 0.309081167 0.309081167 1.000000000
v 0.365000010 0.266173124 0.975000024
v 0.365000010 0.266173124 1.000000000
v 0.430118859 0.239200026 0.975000024
v 0.430118859 0.239200026 1.000000000
v 0.500000000 0.229999989 0.975000024
v 0.500000000 0.229999989 1.000000000
v 0.569881141 0.239200026 0.975000024
v 0.569881141 0.239200026 1.000000000
v 0.634999990 0.266173124 0.975000024
v 0.634999990 0.266173124 1.000000000
v 0.690918803 0.309081167 0.975000024
v 0.690918803 0.309081167 1.000000000
v 0.733826876 0.365000010 0.975000024
v 0.733826876 0.365000010 1.000000000
v 0.760800004 0.430118859 0.975000024
v 0.760800004 0.430118859 1.000000000
v 0.769999981 0.500000000 0.975000024
v 0.769999981 0.500000000 1.000000000
v 0.760800004 0.569881141 0.975000024
v 0.760800004 0.569881141 1.000000000
v 0.733826876 0.634999990 0.975000024
v 0.733826876 0.634999990 1.000000000
v 0.690918803 0.690918803 0.975000024
v 0.690918803 0.690918803 1.000000000
v 0.634999990 0.733826876 0.975000024
v 0.634999990 0.733826876 1.000000000
v 0.569881141 0.760800004 0.975000024
v 0.569881141 0.760800004 1.000000000
v 0.500000000 0.769999981 0.975000024
v 0.500000000 0.769999981 1.000000000
v 0.430118859 0.760800004 0.975000024
v 0.430118859 0.760800004 1.000000000
v 0.365000010 0.733826876 0.975000024
v 0.365000010 0.733826876 1.000000000
v 0.309081167 0.690918803 0.975000024
v 0.309081167 0.690918803 1.000000000
v 0.266173124 0.634999990 0.975000024
v 0.266173124 0.634999990 1.000000000
v 0.239200026 0.569881141 0.975000024
v 0.239200026 0.569881141 1.000000000
v 0.301985204 0.446942091 1.000000000
v 0.295000017 0.500000000 1.000000000
v 0.322464794 0.397500008 1.000000000
v 0.355043113 0.355043113 1.000000000
v 0.397500008 0.322464794 1.000000000
v 0.446942091 0.301985204 1.000000000
v 0.500000000 0.295000017 1.000000000
v 0.553057909 0.301985204 1.000000000
v 0.602500021 0.322464794 1.000000000
v 0.644956887 0.355043113 1.000000000
v 0.677535176 0.397500008 1.000000000
v 0.698014796 0.446942091 1.000000000
v 0.704999983 0.500000000 1.000000000
v 0.698014796 0.553057909 1.000000000
v 0.677535176 0.602500021 1.000000000
v 0.644956887 0.644956887 1.000000000
v 0.602500021 0.677535176 1.000000000
v 0.553057909 0.698014796 1.000000000
v 0.500000000 0.704999983 1.000000000
v 0.446942091 0.698014796 1.000000000
v 0.397500008 0.677535176 1.000000000
v 0.355043113 0.644956887 1.000000000
v 0.322464794 0.602500021 1.000000000
v 0.301985204 0.553057909 1.000000000
v 0.150000006 0.500000000 0.860000014
v 0.163000003 0.522516668 0.860000014
v 0.188999996 0.522516668 0.860000014
v 0.201999992 0.500000000 0.860000014
v 0.188999996 0.477483332 0.860000014
v 0.163000003 0.477483332 0.860000014
v 0.163000003 0.522516668 0.994000018
v 0.150000006 0.500000000 0.994000018
v 0.163000003 0.477483332 0.994000018
v 0.188999996 0.477483332 0.994000018
v 0.201999992 0.500000000 0.994000018
v 0.188999996 0.522516668 0.994000018
v 0.193407774 0.338000000 0.860000014
v 0.206407771 0.360516667 0.860000014
v 0.232407764 0.360516667 0.860000014
v 0.245407760 0.338000000 0.860000014
v 0.232407764 0.315483332 0.860000014
v 0.206407771 0.315483332 0.860000014
v 0.206407771 0.360516667 0.994000018
v 0.193407774 0.338000000 0.994000018
v 0.206407771 0.315483332 0.994000018
v 0.232407764 0.315483332 0.994000018
v 0.245407760 0.338000000 0.994000018
v 0.232407764 0.360516667 0.994000018
v 0.312000006 0.219407767 0.860000014
v 0.324999988 0.241924435 0.860000014
v 0.351000011 0.241924435 0.860000014
v 0.363999993 0.219407767 0.860000014
v 0.351000011 0.196891099 0.860000014
v 0.324999988 0.196891099 0.860000014
v 0.324999988 0.241924435 0.994000018
v 0.312000006 0.219407767 0.994000018
v 0.324999988 0.196891099 0.994000018
v 0.351000011 0.196891099 0.994000018
v 0.363999993 0.219407767 0.994000018
v 0.351000011 0.241924435 0.994000018
v 0.474000007 0.175999999 0.860000014
v 0.486999989 0.198516667 0.860000014
v 0.513000011 0.198516667 0.860000014
v 0.526000023 0.175999999 0.860000014
v 0.513000011 0.153483331 0.860000014
v 0.486999989 0.153483331 0.860000014
v 0.486999989 0.198516667 0.994000018
v 0.474000007 0.175999999 0.994000018
v 0.486999989 0.153483331 0.994000018
v 0.513000011 0.153483331 0.994000018
v 0.526000023 0.175999999 0.994000018
v 0.513000011 0.198516667 0.994000018
v 0.635999978 0.219407767 0.860000014
v 0.648999989 0.241924435 0.860000014
v 0.675000012 0.241924435 0.860000014
v 0.688000023 0.219407767 0.860000014
v 0.675000012 0.196891099 0.860000014
v 0.648999989 0.196891099 0.860000014
v 0.648999989 0.241924435 0.994000018
v 0.635999978 0.219407767 0.994000018
v 0.648999989 0.196891099 0.994000018
v 0.675000012 0.196891099 0.994000018
v 0.688000023 0.219407767 0.994000018
v 0.675000012 0.241924435 0.994000018
v 0.754592180 0.338000000 0.860000014
v 0.767592192 0.360516667 0.860000014
v 0.793592215 0.360516667 0.860000014
v 0.806592226 0.338000000 0.860000014
v 0.793592215 0.315483332 0.860000014
v 0.767592192 0.315483332 0.860000014
v 0.767592192 0.360516667 0.994000018
v 0.754592180 0.338000000 0.994000018
v 0.767592192 0.315483332 0.994000018
v 0.793592215 0.315483332 0.994000018
v 0.806592226 0.338000000 0.994000018
v 0.793592215 0.360516667 0.994000018
v 0.797999978 0.500000000 0.860000014
v 0.810999990 0.522516668 0.860000014
v 0.837000012 0.522516668 0.860000014
v 0.850000024 0.500000000 0.860000014
v 0.837000012 0.477483332 0.860000014
v 0.810999990 0.477483332 0.860000014
v 0.810999990 0.522516668 0.994000018
v 0.797999978 0.500000000 0.994000018
v 0.810999990 0.477483332 0.994000018
v 0.837000012 0.477483332 0.994000018
v 0.850000024 0.500000000 0.994000018
v 0.837000012 0.522516668 0.994000018
v 0.754592180 0.662000000 0.860000014
v 0.767592192 0.684516668 0.860000014
v 0.793592215 0.684516668 0.860000014
v 0.806592226 0.662000000 0.860000014
v 0.793592215 0.639483333 0.860000014
v 0.767592192 0.639483333 0.860000014
v 0.767592192 0.684516668 0.994000018
v 0.754592180 0.662000000 0.994000018
v 0.767592192 0.639483333 0.994000018
v 0.793592215 0.639483333 0.994000018
v 0.806592226 0.662000000 0.994000018
v 0.793592215 0.684516668 0.994000018
v 0.635999978 0.780592203 0.860000014
v 0.648999989 0.803108871 0.860000014
v 0.675000012 0.803108871 0.860000014
v 0.688000023 0.780592203 0.860000014
v 0.675000012 0.758075535 0.860000014
v 0.648999989 0.758075535 0.860000014
v 0.648999989 0.803108871 0.994000018
v 0.635999978 0.780592203 0.994000018
v 0.648999989 0.758075535 0.994000018
v 0.675000012 0.758075535 0.994000018
v 0.688000023 0.780592203 0.994000018
v 0.675000012 0.803108871 0.994000018
v 0.474000007 0.824000001 0.860000014
v 0.486999989 0.846516669 0.860000014
v 0.513000011 0.846516669 0.860000014
v 0.526000023 0.824000001 0.860000014
v 0.513000011 0.801483333 0.860000014
v 0.486999989 0.801483333 0.860000014
v 0.486999989 0.846516669 0.994000018
v 0.474000007 0.824000001 0.994000018
v 0.486999989 0.801483333 0.994000018
v 0.513000011 0.801483333 0.994000018
v 0.526000023 0.824000001 0.994000018
v 0.513000011 0.846516669 0.994000018
v 0.312000006 0.780592203 0.860000014
v 0.324999988 0.803108871 0.860000014
v 0.351000011 0.803108871 0.860000014
v 0.363999993 0.780592203 0.860000014
v 0.351000011 0.758075535 0.860000014
v 0.324999988 0.758075535 0.860000014
v 0.324999988 0.803108871 0.994000018
v 0.312000006 0.780592203 0.994000018
v 0.324999988 0.758075535 0.994000018
v 0.351000011 0.758075535 0.994000018
v 0.363999993 0.780592203 0.994000018
v 0.351000011 0.803108871 0.994000018
v 0.193407774 0.662000000 0.860000014
v 0.206407771 0.684516668 0.860000014
v 0.232407764 0.684516668 0.860000014
v 0.245407760 0.662000000 0.860000014
v 0.232407764 0.639483333 0.860000014
v 0.206407771 0.639483333 0.860000014
v 0.206407771 0.684516668 0.994000018
v 0.193407774 0.662000000 0.994000018
v 0.206407771 0.639483333 0.994000018
v 0.232407764 0.639483333 0.994000018
v 0.245407760 0.662000000 0.994000018
v 0.232407764 0.684516668 0.994000018
v 0.250000000 0.500000000 0.750000000
v 0.258518547 0.435295224 0.750000000
v 0.258518547 0.435295224 0.879999995
v 0.250000000 0.500000000 0.879999995
v 0.283493638 0.375000000 0.750000000
v 0.283493638 0.375000000 0.879999995
v 0.323223293 0.323223293 0.750000000
v 0.323223293 0.323223293 0.879999995
v 0.375000000 0.283493638 0.750000000
v 0.375000000 0.283493638 0.879999995
v 0.435295224 0.258518547 0.750000000
v 0.435295224 0.258518547 0.879999995
v 0.500000000 0.250000000 0.750000000
v 0.500000000 0.250000000 0.879999995
v 0.564704776 0.258518547 0.750000000
v 0.564704776 0.258518547 0.879999995
v 0.625000000 0.283493638 0.750000000
v 0.625000000 0.283493638 0.879999995
v 0.676776707 0.323223293 0.750000000
v 0.676776707 0.323223293 0.879999995
v 0.716506362 0.375000000 0.750000000
v 0.716506362 0.375000000 0.879999995
v 0.741481423 0.435295224 0.750000000
v 0.741481423 0.435295224 0.879999995
v 0.750000000 0.500000000 0.750000000
v 0.750000000 0.500000000 0.879999995
v 0.741481423 0.564704776 0.750000000
v 0.741481423 0.564704776 0.879999995
v 0.716506362 0.625000000 0.750000000
v 0.716506362 0.625000000 0.879999995
v 0.676776707 0.676776707 0.750000000
v 0.676776707 0.676776707 0.879999995
v 0.625000000 0.716506362 0.750000000
v 0.625000000 0.716506362 0.879999995
v 0.564704776 0.741481423 0.750000000
v 0.564704776 0.741481423 0.879999995
v 0.500000000 0.750000000 0.750000000
v 0.500000000 0.750000000 0.879999995
v 0.435295224 0.741481423 0.750000000
v 0.435295224 0.741481423 0.879999995
v 0.375000000 0.716506362 0.750000000
v 0.375000000 0.716506362 0.879999995
v 0.323223293 0.676776707 0.750000000
v 0.323223293 0.676776707 0.879999995
v 0.283493638 0.625000000 0.750000000
v 0.283493638 0.625000000 0.879999995
v 0.258518547 0.564704776 0.750000000
v 0.258518547 0.564704776 0.879999995
v 0.301985204 0.446942091 0.750000000
v 0.322464794 0.397500008 0.750000000
v 0.355043113 0.355043113 0.750000000
v 0.397500008 0.322464794 0.750000000
v 0.446942091 0.301985204 0.750000000
v 0.553057909 0.301985204 0.750000000
v 0.602500021 0.322464794 0.750000000
v 0.644956887 0.355043113 0.750000000
v 0.677535176 0.397500008 0.750000000
v 0.698014796 0.446942091 0.750000000
v 0.698014796 0.553057909 0.750000000
v 0.677535176 0.602500021 0.750000000
v 0.644956887 0.644956887 0.750000000
v 0.602500021 0.677535176 0.750000000
v 0.553057909 0.698014796 0.750000000
v 0.446942091 0.698014796 0.750000000
v 0.397500008 0.677535176 0.750000000
v 0.355043113 0.644956887 0.750000000
v 0.322464794 0.602500021 0.750000000
v 0.301985204 0.553057909 0.750000000
v 0.500000000 0.639999986 0.344999999
v 0.540116966 0.639999986 0.350281477
v 0.577499986 0.639999986 0.365766048
v 0.609601557 0.639999986 0.390398443
v 0.634233952 0.639999986 0.422500014
v 0.649718523 0.639999986 0.459883034
v 0.654999971 0.639999986 0.500000000
v 0.649718523 0.639999986 0.540116966
v 0.634233952 0.639999986 0.577499986
v 0.609601557 0.639999986 0.609601557
v 0.577499986 0.639999986 0.634233952
v 0.540116966 0.639999986 0.649718523
v 0.500000000 0.639999986 0.654999971
v 0.459883034 0.639999986 0.649718523
v 0.422500014 0.639999986 0.634233952
v 0.390398443 0.639999986 0.609601557
v 0.365766048 0.639999986 0.577499986
v 0.350281477 0.639999986 0.540116966
v 0.344999999 0.639999986 0.500000000
v 0.350281477 0.639999986 0.459883034
v 0.365766048 0.639999986 0.422500014
v 0.390398443 0.639999986 0.390398443
v 0.422500014 0.639999986 0.365766048
v 0.459883034 0.639999986 0.350281477
v 0.540116966 0.790000021 0.350281477
v 0.500000000 0.790000021 0.344999999
v 0.459883034 0.790000021 0.350281477
v 0.422500014 0.790000021 0.365766048
v 0.390398443 0.790000021 0.390398443
v 0.365766048 0.790000021 0.422500014
v 0.350281477 0.790000021 0.459883034
v 0.344999999 0.790000021 0.500000000
v 0.350281477 0.790000021 0.540116966
v 0.365766048 0.790000021 0.577499986
v 0.390398443 0.790000021 0.609601557
v 0.422500014 0.790000021 0.634233952
v 0.459883034 0.790000021 0.649718523
v 0.500000000 0.790000021 0.654999971
v 0.540116966 0.790000021 0.649718523
v 0.577499986 0.790000021 0.634233952
v 0.609601557 0.790000021 0.609601557
v 0.634233952 0.790000021 0.577499986
v 0.649718523 0.790000021 0.540116966
v 0.654999971 0.790000021 0.500000000
v 0.649718523 0.790000021 0.459883034
v 0.634233952 0.790000021 0.422500014
v 0.609601557 0.790000021 0.390398443
v 0.577499986 0.790000021 0.365766048
v 0.500000000 0.730000019 0.300000012
v 0.551763833 0.730000019 0.306814849
v 0.600000024 0.730000019 0.326794922
v 0.641421378 0.730000019 0.358578622
v 0.673205078 0.730000019 0.400000006
v 0.693185151 0.730000019 0.448236197
v 0.699999988 0.730000019 0.500000000
v 0.693185151 0.730000019 0.551763833
v 0.673205078 0.730000019 0.600000024
v 0.641421378 0.730000019 0.641421378
v 0.600000024 0.730000019 0.673205078
v 0.551763833 0.730000019 0.693185151
v 0.500000000 0.730000019 0.699999988
v 0.448236197 0.730000019 0.693185151
v 0.400000006 0.730000019 0.673205078
v 0.358578622 0.730000019 0.641421378
v 0.326794922 0.730000019 0.600000024
v 0.306814849 0.730000019 0.551763833
v 0.300000012 0.730000019 0.500000000
v 0.306814849 0.730000019 0.448236197
v 0.326794922 0.730000019 0.400000006
v 0.358578622 0.730000019 0.358578622
v 0.400000006 0.730000019 0.326794922
v 0.448236197 0.730000019 0.306814849
v 0.551763833 0.769999981 0.306814849
v 0.500000000 0.769999981 0.300000012
v 0.448236197 0.769999981 0.306814849
v 0.400000006 0.769999981 0.326794922
v 0.358578622 0.769999981 0.358578622
v 0.326794922 0.769999981 0.400000006
v 0.306814849 0.769999981 0.448236197
v 0.300000012 0.769999981 0.500000000
v 0.306814849 0.769999981 0.551763833
v 0.326794922 0.769999981 0.600000024
v 0.358578622 0.769999981 0.641421378
v 0.400000006 0.769999981 0.673205078
v 0.448236197 0.769999981 0.693185151
v 0.500000000 0.769999981 0.699999988
v 0.551763833 0.769999981 0.693185151
v 0.600000024 0.769999981 0.673205078
v 0.641421378 0.769999981 0.641421378
v 0.673205078 0.769999981 0.600000024
v 0.693185151 0.769999981 0.551763833
v 0.699999988 0.769999981 0.500000000
v 0.693185151 0.769999981 0.448236197
v 0.673205078 0.769999981 0.400000006
v 0.641421378 0.769999981 0.358578622
v 0.600000024 0.769999981 0.326794922
v 0.670000017 0.730000019 0.481999993
v 0.685588479 0.730000019 0.490999997
v 0.685588479 0.730000019 0.509000003
v 0.670000017 0.730000019 0.518000007
v 0.654411554 0.730000019 0.509000003
v 0.654411554 0.730000019 0.490999997
v 0.685588479 0.785000026 0.490999997
v 0.670000017 0.785000026 0.481999993
v 0.654411554 0.785000026 0.490999997
v 0.654411554 0.785000026 0.509000003
v 0.670000017 0.785000026 0.518000007
v 0.685588479 0.785000026 0.509000003
v 0.620208144 0.730000019 0.602208138
v 0.635796607 0.730000019 0.611208141
v 0.635796607 0.730000019 0.629208148
v 0.620208144 0.730000019 0.638208151
v 0.604619682 0.730000019 0.629208148
v 0.604619682 0.730000019 0.611208141
v 0.635796607 0.785000026 0.611208141
v 0.620208144 0.785000026 0.602208138
v 0.604619682 0.785000026 0.611208141
v 0.604619682 0.785000026 0.629208148
v 0.620208144 0.785000026 0.638208151
v 0.635796607 0.785000026 0.629208148
v 0.500000000 0.730000019 0.652000010
v 0.515588462 0.730000019 0.661000013
v 0.515588462 0.730000019 0.679000020
v 0.500000000 0.730000019 0.688000023
v 0.484411538 0.730000019 0.679000020
v 0.484411538 0.730000019 0.661000013
v 0.515588462 0.785000026 0.661000013
v 0.500000000 0.785000026 0.652000010
v 0.484411538 0.785000026 0.661000013
v 0.484411538 0.785000026 0.679000020
v 0.500000000 0.785000026 0.688000023
v 0.515588462 0.785000026 0.679000020
v 0.379791856 0.730000019 0.602208138
v 0.395380318 0.730000019 0.611208141
v 0.395380318 0.730000019 0.629208148
v 0.379791856 0.730000019 0.638208151
v 0.364203393 0.730000019 0.629208148
v 0.364203393 0.730000019 0.611208141
v 0.395380318 0.785000026 0.611208141
v 0.379791856 0.785000026 0.602208138
v 0.364203393 0.785000026 0.611208141
v 0.364203393 0.785000026 0.629208148
v 0.379791856 0.785000026 0.638208151
v 0.395380318 0.785000026 0.629208148
v 0.330000013 0.730000019 0.481999993
v 0.345588475 0.730000019 0.490999997
v 0.345588475 0.730000019 0.509000003
v 0.330000013 0.730000019 0.518000007
v 0.314411551 0.730000019 0.509000003
v 0.314411551 0.730000019 0.490999997
v 0.345588475 0.785000026 0.490999997
v 0.330000013 0.785000026 0.481999993
v 0.314411551 0.785000026 0.490999997
v 0.314411551 0.785000026 0.509000003
v 0.330000013 0.785000026 0.518000007
v 0.345588475 0.785000026 0.509000003
v 0.379791856 0.730000019 0.361791849
v 0.395380318 0.730000019 0.370791852
v 0.395380318 0.730000019 0.388791859
v 0.379791856 0.730000019 0.397791862
v 0.364203393 0.730000019 0.388791859
v 0.364203393 0.730000019 0.370791852
v 0.395380318 0.785000026 0.370791852
v 0.379791856 0.785000026 0.361791849
v 0.364203393 0.785000026 0.370791852
v 0.364203393 0.785000026 0.388791859
v 0.379791856 0.785000026 0.397791862
v 0.395380318 0.785000026 0.388791859
v 0.500000000 0.730000019 0.312000006
v 0.515588462 0.730000019 0.321000010
v 0.515588462 0.730000019 0.339000016
v 0.500000000 0.730000019 0.348000020
v 0.484411538 0.730000019 0.339000016
v 0.484411538 0.730000019 0.321000010
v 0.515588462 0.785000026 0.321000010
v 0.500000000 0.785000026 0.312000006
v 0.484411538 0.785000026 0.321000010
v 0.484411538 0.785000026 0.339000016
v 0.500000000 0.785000026 0.348000020
v 0.515588462 0.785000026 0.339000016
v 0.620208144 0.730000019 0.361791849
v 0.635796607 0.730000019 0.370791852
v 0.635796607 0.730000019 0.388791859
v 0.620208144 0.730000019 0.397791862
v 0.604619682 0.730000019 0.388791859
v 0.604619682 0.730000019 0.370791852
v 0.635796607 0.785000026 0.370791852
v 0.620208144 0.785000026 0.361791849
v 0.604619682 0.785000026 0.370791852
v 0.604619682 0.785000026 0.388791859
v 0.620208144 0.785000026 0.397791862
v 0.635796607 0.785000026 0.388791859
v 0.500000000 0.769999981 0.463999987
v 0.518000007 0.769999981 0.468823075
v 0.531176925 0.769999981 0.481999993
v 0.536000013 0.769999981 0.500000000
v 0.531176925 0.769999981 0.518000007
v 0.518000007 0.769999981 0.531176925
v 0.500000000 0.769999981 0.536000013
v 0.481999993 0.769999981 0.531176925
v 0.468823075 0.769999981 0.518000007
v 0.463999987 0.769999981 0.500000000
v 0.468823075 0.769999981 0.481999993
v 0.481999993 0.769999981 0.468823075
v 0.518000007 0.870000005 0.468823075
v 0.500000000 0.870000005 0.463999987
v 0.481999993 0.870000005 0.468823075
v 0.468823075 0.870000005 0.481999993
v 0.463999987 0.870000005 0.500000000
v 0.468823075 0.870000005 0.518000007
v 0.481999993 0.870000005 0.531176925
v 0.500000000 0.870000005 0.536000013
v 0.518000007 0.870000005 0.531176925
v 0.531176925 0.870000005 0.518000007
v 0.536000013 0.870000005 0.500000000
v 0.531176925 0.870000005 0.481999993
v 0.370000005 0.774999976 0.465000004
v 0.370000005 0.875000000 0.465000004
v 0.409999996 0.875000000 0.465000004
v 0.409999996 0.774999976 0.465000004
v 0.370000005 0.774999976 0.535000026
v 0.409999996 0.774999976 0.535000026
v 0.409999996 0.875000000 0.535000026
v 0.370000005 0.875000000 0.535000026
v 0.589999974 0.774999976 0.465000004
v 0.589999974 0.875000000 0.465000004
v 0.629999995 0.875000000 0.465000004
v 0.629999995 0.774999976 0.465000004
v 0.589999974 0.774999976 0.535000026
v 0.629999995 0.774999976 0.535000026
v 0.629999995 0.875000000 0.535000026
v 0.589999974 0.875000000 0.535000026
v 0.500000000 0.865000010 0.290000021
v 0.540968955 0.865000010 0.294035107
v 0.580363512 0.865000010 0.305985332
v 0.616669774 0.865000010 0.325391412
v 0.648492396 0.865000010 0.351507604
v 0.674608588 0.865000010 0.383330256
v 0.694014668 0.865000010 0.419636488
v 0.705964923 0.865000010 0.459031045
v 0.709999979 0.865000010 0.500000000
v 0.705964923 0.865000010 0.540968955
v 0.694014668 0.865000010 0.580363512
v 0.674608588 0.865000010 0.616669774
v 0.648492396 0.865000010 0.648492396
v 0.616669774 0.865000010 0.674608588
v 0.580363512 0.865000010 0.694014668
v 0.540968955 0.865000010 0.705964923
v 0.500000000 0.865000010 0.709999979
v 0.459031045 0.865000010 0.705964923
v 0.419636488 0.865000010 0.694014668
v 0.383330256 0.865000010 0.674608588
v 0.351507604 0.865000010 0.648492396
v 0.325391412 0.865000010 0.616669774
v 0.305985332 0.865000010 0.580363512
v 0.294035107 0.865000010 0.540968955
v 0.290000021 0.865000010 0.500000000
v 0.294035107 0.865000010 0.459031045
v 0.305985332 0.865000010 0.419636488
v 0.325391412 0.865000010 0.383330256
v 0.351507604 0.865000010 0.351507604
v 0.383330256 0.865000010 0.325391412
v 0.419636488 0.865000010 0.305985332
v 0.459031045 0.865000010 0.294035107
v 0.540968955 0.959999979 0.294035107
v 0.500000000 0.959999979 0.290000021
v 0.459031045 0.959999979 0.294035107
v 0.419636488 0.959999979 0.305985332
v 0.383330256 0.959999979 0.325391412
v 0.351507604 0.959999979 0.351507604
v 0.325391412 0.959999979 0.383330256
v 0.305985332 0.959999979 0.419636488
v 0.294035107 0.959999979 0.459031045
v 0.290000021 0.959999979 0.500000000
v 0.294035107 0.959999979 0.540968955
v 0.305985332 0.959999979 0.580363512
v 0.325391412 0.959999979 0.616669774
v 0.351507604 0.959999979 0.648492396
v 0.383330256 0.959999979 0.674608588
v 0.419636488 0.959999979 0.694014668
v 0.459031045 0.959999979 0.705964923
v 0.500000000 0.959999979 0.709999979
v 0.540968955 0.959999979 0.705964923
v 0.580363512 0.959999979 0.694014668
v 0.616669774 0.959999979 0.674608588
v 0.648492396 0.959999979 0.648492396
v 0.674608588 0.959999979 0.616669774
v 0.694014668 0.959999979 0.580363512
v 0.705964923 0.959999979 0.540968955
v 0.709999979 0.959999979 0.500000000
v 0.705964923 0.959999979 0.459031045
v 0.694014668 0.959999979 0.419636488
v 0.674608588 0.959999979 0.383330256
v 0.648492396 0.959999979 0.351507604
v 0.616669774 0.959999979 0.325391412
v 0.580363512 0.959999979 0.305985332
v 0.500000000 0.899999976 0.269999981
v 0.455129236 0.899999976 0.274419367
v 0.455129236 0.930000007 0.274419367
v 0.500000000 0.930000007 0.269999981
v 0.411982805 0.899999976 0.287507713
v 0.411982805 0.930000007 0.287507713
v 0.372218847 0.899999976 0.308761984
v 0.372218847 0.930000007 0.308761984
v 0.337365448 0.899999976 0.337365448
v 0.337365448 0.930000007 0.337365448
v 0.308761984 0.899999976 0.372218847
v 0.308761984 0.930000007 0.372218847
v 0.287507713 0.899999976 0.411982805
v 0.287507713 0.930000007 0.411982805
v 0.274419367 0.899999976 0.455129236
v 0.274419367 0.930000007 0.455129236
v 0.269999981 0.899999976 0.500000000
v 0.269999981 0.930000007 0.500000000
v 0.274419367 0.899999976 0.544870794
v 0.274419367 0.930000007 0.544870794
v 0.287507713 0.899999976 0.588017166
v 0.287507713 0.930000007 0.588017166
v 0.308761984 0.899999976 0.627781153
v 0.308761984 0.930000007 0.627781153
v 0.337365448 0.899999976 0.662634552
v 0.337365448 0.930000007 0.662634552
v 0.372218847 0.899999976 0.691238046
v 0.372218847 0.930000007 0.691238046
v 0.411982805 0.899999976 0.712492287
v 0.411982805 0.930000007 0.712492287
v 0.455129236 0.899999976 0.725580633
v 0.455129236 0.930000007 0.725580633
v 0.500000000 0.899999976 0.730000019
v 0.500000000 0.930000007 0.730000019
v 0.544870794 0.899999976 0.725580633
v 0.544870794 0.930000007 0.725580633
v 0.588017166 0.899999976 0.712492287
v 0.588017166 0.930000007 0.712492287
v 0.627781153 0.899999976 0.691238046
v 0.627781153 0.930000007 0.691238046
v 0.662634552 0.899999976 0.662634552
v 0.662634552 0.930000007 0.662634552
v 0.691238046 0.899999976 0.627781153
v 0.691238046 0.930000007 0.627781153
v 0.712492287 0.899999976 0.588017166
v 0.712492287 0.930000007 0.588017166
v 0.725580633 0.899999976 0.544870794
v 0.725580633 0.930000007 0.544870794
v 0.730000019 0.899999976 0.500000000
v 0.730000019 0.930000007 0.500000000
v 0.725580633 0.899999976 0.455129236
v 0.725580633 0.930000007 0.455129236
v 0.712492287 0.899999976 0.411982805
v 0.712492287 0.930000007 0.411982805
v 0.691238046 0.899999976 0.372218847
v 0.691238046 0.930000007 0.372218847
v 0.662634552 0.899999976 0.337365448
v 0.662634552 0.930000007 0.337365448
v 0.627781153 0.899999976 0.308761984
v 0.627781153 0.930000007 0.308761984
v 0.588017166 0.899999976 0.287507713
v 0.588017166 0.930000007 0.287507713
v 0.544870794 0.899999976 0.274419367
v 0.544870794 0.930000007 0.274419367
v 0.460006475 0.930000007 0.298939019
v 0.500000000 0.930000007 0.295000017
v 0.421549916 0.930000007 0.310604692
v 0.386108100 0.930000007 0.329548717
v 0.355043113 0.930000007 0.355043113
v 0.329548717 0.930000007 0.386108100
v 0.310604692 0.930000007 0.421549916
v 0.298939019 0.930000007 0.460006475
v 0.295000017 0.930000007 0.500000000
v 0.298939019 0.930000007 0.539993525
v 0.310604692 0.930000007 0.578450084
v 0.329548717 0.930000007 0.613891900
v 0.355043113 0.930000007 0.644956887
v 0.386108100 0.930000007 0.670451283
v 0.421549916 0.930000007 0.689395308
v 0.460006475 0.930000007 0.701061010
v 0.500000000 0.930000007 0.704999983
v 0.539993525 0.930000007 0.701061010
v 0.578450084 0.930000007 0.689395308
v 0.613891900 0.930000007 0.670451283
v 0.644956887 0.930000007 0.644956887
v 0.670451283 0.930000007 0.613891900
v 0.689395308 0.930000007 0.578450084
v 0.701061010 0.930000007 0.539993525
v 0.704999983 0.930000007 0.500000000
v 0.701061010 0.930000007 0.460006475
v 0.689395308 0.930000007 0.421549916
v 0.670451283 0.930000007 0.386108100
v 0.644956887 0.930000007 0.355043113
v 0.613891900 0.930000007 0.329548717
v 0.578450084 0.930000007 0.310604692
v 0.539993525 0.930000007 0.298939019
v 0.460006475 0.899999976 0.298939019
v 0.500000000 0.899999976 0.295000017
v 0.421549916 0.899999976 0.310604692
v 0.386108100 0.899999976 0.329548717
v 0.355043113 0.899999976 0.355043113
v 0.329548717 0.899999976 0.386108100
v 0.310604692 0.899999976 0.421549916
v 0.298939019 0.899999976 0.460006475
v 0.295000017 0.899999976 0.500000000
v 0.298939019 0.899999976 0.539993525
v 0.310604692 0.899999976 0.578450084
v 0.329548717 0.899999976 0.613891900
v 0.355043113 0.899999976 0.644956887
v 0.386108100 0.899999976 0.670451283
v 0.421549916 0.899999976 0.689395308
v 0.460006475 0.899999976 0.701061010
v 0.500000000 0.899999976 0.704999983
v 0.539993525 0.899999976 0.701061010
v 0.578450084 0.899999976 0.689395308
v 0.613891900 0.899999976 0.670451283
v 0.644956887 0.899999976 0.644956887
v 0.670451283 0.899999976 0.613891900
v 0.689395308 0.899999976 0.578450084
v 0.701061010 0.899999976 0.539993525
v 0.704999983 0.899999976 0.500000000
v 0.701061010 0.899999976 0.460006475
v 0.689395308 0.899999976 0.421549916
v 0.670451283 0.899999976 0.386108100
v 0.644956887 0.899999976 0.355043113
v 0.613891900 0.899999976 0.329548717
v 0.578450084 0.899999976 0.310604692
v 0.539993525 0.899999976 0.298939019
v 0.712000012 0.894999981 0.486000001
v 0.724124372 0.894999981 0.493000001
v 0.724124372 0.894999981 0.507000029
v 0.712000012 0.894999981 0.513999999
v 0.699875653 0.894999981 0.507000029
v 0.699875653 0.894999981 0.493000001
v 0.724124372 0.939999998 0.493000001
v 0.712000012 0.939999998 0.486000001
v 0.699875653 0.939999998 0.493000001
v 0.699875653 0.939999998 0.507000029
v 0.712000012 0.939999998 0.513999999
v 0.724124372 0.939999998 0.507000029
v 0.671511590 0.894999981 0.610610485
v 0.683635950 0.894999981 0.617610455
v 0.683635950 0.894999981 0.631610513
v 0.671511590 0.894999981 0.638610482
v 0.659387231 0.894999981 0.631610513
v 0.659387231 0.894999981 0.617610455
v 0.683635950 0.939999998 0.617610455
v 0.671511590 0.939999998 0.610610485
v 0.659387231 0.939999998 0.617610455
v 0.659387231 0.939999998 0.631610513
v 0.671511590 0.939999998 0.638610482
v 0.683635950 0.939999998 0.631610513
v 0.565511584 0.894999981 0.687623978
v 0.577635944 0.894999981 0.694623947
v 0.577635944 0.894999981 0.708624005
v 0.565511584 0.894999981 0.715623975
v 0.553387225 0.894999981 0.708624005
v 0.553387225 0.894999981 0.694623947
v 0.577635944 0.939999998 0.694623947
v 0.565511584 0.939999998 0.687623978
v 0.553387225 0.939999998 0.694623947
v 0.553387225 0.939999998 0.708624005
v 0.565511584 0.939999998 0.715623975
v 0.577635944 0.939999998 0.708624005
v 0.434488386 0.894999981 0.687623978
v 0.446612746 0.894999981 0.694623947
v 0.446612746 0.894999981 0.708624005
v 0.434488386 0.894999981 0.715623975
v 0.422364026 0.894999981 0.708624005
v 0.422364026 0.894999981 0.694623947
v 0.446612746 0.939999998 0.694623947
v 0.434488386 0.939999998 0.687623978
v 0.422364026 0.939999998 0.694623947
v 0.422364026 0.939999998 0.708624005
v 0.434488386 0.939999998 0.715623975
v 0.446612746 0.939999998 0.708624005
v 0.328488410 0.894999981 0.610610485
v 0.340612769 0.894999981 0.617610455
v 0.340612769 0.894999981 0.631610513
v 0.328488410 0.894999981 0.638610482
v 0.316364050 0.894999981 0.631610513
v 0.316364050 0.894999981 0.617610455
v 0.340612769 0.939999998 0.617610455
v 0.328488410 0.939999998 0.610610485
v 0.316364050 0.939999998 0.617610455
v 0.316364050 0.939999998 0.631610513
v 0.328488410 0.939999998 0.638610482
v 0.340612769 0.939999998 0.631610513
v 0.287999988 0.894999981 0.486000001
v 0.300124347 0.894999981 0.493000001
v 0.300124347 0.894999981 0.507000029
v 0.287999988 0.894999981 0.513999999
v 0.275875628 0.894999981 0.507000029
v 0.275875628 0.894999981 0.493000001
v 0.300124347 0.939999998 0.493000001
v 0.287999988 0.939999998 0.486000001
v 0.275875628 0.939999998 0.493000001
v 0.275875628 0.939999998 0.507000029
v 0.287999988 0.939999998 0.513999999
v 0.300124347 0.939999998 0.507000029
v 0.328488410 0.894999981 0.361389518
v 0.340612769 0.894999981 0.368389517
v 0.340612769 0.894999981 0.382389516
v 0.328488410 0.894999981 0.389389515
v 0.316364050 0.894999981 0.382389516
v 0.316364050 0.894999981 0.368389517
v 0.340612769 0.939999998 0.368389517
v 0.328488410 0.939999998 0.361389518
v 0.316364050 0.939999998 0.368389517
v 0.316364050 0.939999998 0.382389516
v 0.328488410 0.939999998 0.389389515
v 0.340612769 0.939999998 0.382389516
v 0.434488386 0.894999981 0.284376025
v 0.446612746 0.894999981 0.291376024
v 0.446612746 0.894999981 0.305376023
v 0.434488386 0.894999981 0.312376022
v 0.422364026 0.894999981 0.305376023
v 0.422364026 0.894999981 0.291376024
v 0.446612746 0.939999998 0.291376024
v 0.434488386 0.939999998 0.284376025
v 0.422364026 0.939999998 0.291376024
v 0.422364026 0.939999998 0.305376023
v 0.434488386 0.939999998 0.312376022
v 0.446612746 0.939999998 0.305376023
v 0.565511584 0.894999981 0.284376025
v 0.577635944 0.894999981 0.291376024
v 0.577635944 0.894999981 0.305376023
v 0.565511584 0.894999981 0.312376022
v 0.553387225 0.894999981 0.305376023
v 0.553387225 0.894999981 0.291376024
v 0.577635944 0.939999998 0.291376024
v 0.565511584 0.939999998 0.284376025
v 0.553387225 0.939999998 0.291376024
v 0.553387225 0.939999998 0.305376023
v 0.565511584 0.939999998 0.312376022
v 0.577635944 0.939999998 0.305376023
v 0.671511590 0.894999981 0.361389518
v 0.683635950 0.894999981 0.368389517
v 0.683635950 0.894999981 0.382389516
v 0.671511590 0.894999981 0.389389515
v 0.659387231 0.894999981 0.382389516
v 0.659387231 0.894999981 0.368389517
v 0.683635950 0.939999998 0.368389517
v 0.671511590 0.939999998 0.361389518
v 0.659387231 0.939999998 0.368389517
v 0.659387231 0.939999998 0.382389516
v 0.671511590 0.939999998 0.389389515
v 0.683635950 0.939999998 0.382389516
v 0.699999988 0.720000029 0.419999987
v 0.699999988 0.860000014 0.419999987
v 0.910000026 0.860000014 0.419999987
v 0.910000026 0.720000029 0.419999987
v 0.699999988 0.720000029 0.600000024
v 0.910000026 0.720000029 0.600000024
v 0.910000026 0.860000014 0.600000024
v 0.699999988 0.860000014 0.600000024
v 0.904999971 0.745999992 0.449999988
v 0.904999971 0.829999983 0.449999988
v 0.920000017 0.829999983 0.449999988
v 0.920000017 0.745999992 0.449999988
v 0.904999971 0.745999992 0.569999993
v 0.920000017 0.745999992 0.569999993
v 0.920000017 0.829999983 0.569999993
v 0.904999971 0.829999983 0.569999993
v 0.810000002 0.850000024 0.483000010
v 0.804746687 0.850000024 0.483832031
v 0.806718290 0.885897875 0.483832031
v 0.810000002 0.889999986 0.483000010
v 0.800007641 0.850000024 0.486246705
v 0.803757846 0.882197261 0.486246705
v 0.796246707 0.850000024 0.490007639
v 0.801408410 0.879260480 0.490007639
v 0.793832064 0.850000024 0.494746715
v 0.799899936 0.877374947 0.494746715
v 0.792999983 0.850000024 0.500000000
v 0.799380183 0.876725197 0.500000000
v 0.793832064 0.850000024 0.505253315
v 0.799899936 0.877374947 0.505253315
v 0.796246707 0.850000024 0.509992361
v 0.801408410 0.879260480 0.509992361
v 0.800007641 0.850000024 0.513753295
v 0.803757846 0.882197261 0.513753295
v 0.804746687 0.850000024 0.516167939
v 0.806718290 0.885897875 0.516167939
v 0.810000002 0.850000024 0.517000020
v 0.810000002 0.889999986 0.517000020
v 0.815253317 0.850000024 0.516167939
v 0.813281715 0.894102097 0.516167939
v 0.819992363 0.850000024 0.513753295
v 0.816242158 0.897802711 0.513753295
v 0.823753297 0.850000024 0.509992361
v 0.818591595 0.900739491 0.509992361
v 0.826167941 0.850000024 0.505253315
v 0.820100069 0.902625024 0.505253315
v 0.827000022 0.850000024 0.500000000
v 0.820619822 0.903274775 0.500000000
v 0.826167941 0.850000024 0.494746715
v 0.820100069 0.902625024 0.494746715
v 0.823753297 0.850000024 0.490007639
v 0.818591595 0.900739491 0.490007639
v 0.819992363 0.850000024 0.486246705
v 0.816242158 0.897802711 0.486246705
v 0.815253317 0.850000024 0.483832031
v 0.813281715 0.894102097 0.483832031
v 0.810000002 0.850000024 0.490000010
v 0.810000002 0.889999986 0.490000010
v 0.808069587 0.887586951 0.490489423
v 0.806909859 0.850000024 0.490489423
v 0.806328118 0.885410130 0.491909832
v 0.804122150 0.850000024 0.491909832
v 0.804946125 0.883682609 0.494122148
v 0.801909804 0.850000024 0.494122148
v 0.804058790 0.882573485 0.496909827
v 0.800489426 0.850000024 0.496909827
v 0.803753078 0.882191300 0.500000000
v 0.800000012 0.850000024 0.500000000
v 0.804058790 0.882573485 0.503090143
v 0.800489426 0.850000024 0.503090143
v 0.804946125 0.883682609 0.505877852
v 0.801909804 0.850000024 0.505877852
v 0.806328118 0.885410130 0.508090198
v 0.804122150 0.850000024 0.508090198
v 0.808069587 0.887586951 0.509510577
v 0.806909859 0.850000024 0.509510577
v 0.810000002 0.889999986 0.509999990
v 0.810000002 0.850000024 0.509999990
v 0.811930418 0.892413020 0.509510577
v 0.813090146 0.850000024 0.509510577
v 0.813671887 0.894589841 0.508090198
v 0.815877855 0.850000024 0.508090198
v 0.815053880 0.896317363 0.505877852
v 0.818090200 0.850000024 0.505877852
v 0.815941215 0.897426486 0.503090143
v 0.819510579 0.850000024 0.503090143
v 0.816246927 0.897808671 0.500000000
v 0.819999993 0.850000024 0.500000000
v 0.815941215 0.897426486 0.496909827
v 0.819510579 0.850000024 0.496909827
v 0.815053880 0.896317363 0.494122148
v 0.818090200 0.850000024 0.494122148
v 0.813671887 0.894589841 0.491909832
v 0.815877855 0.850000024 0.491909832
v 0.811930418 0.892413020 0.490489423
v 0.813090146 0.850000024 0.490489423
v 0.708048940 0.925122440 0.483832031
v 0.709999979 0.930000007 0.483000010
v 0.706288934 0.920722365 0.486246705
v 0.704892159 0.917230427 0.490007639
v 0.703995347 0.914988458 0.494746715
v 0.703686357 0.914215922 0.500000000
v 0.703995347 0.914988458 0.505253315
v 0.704892159 0.917230427 0.509992361
v 0.706288934 0.920722365 0.513753295
v 0.708048940 0.925122440 0.516167939
v 0.709999979 0.930000007 0.517000020
v 0.711951017 0.934877574 0.516167939
v 0.713711023 0.939277649 0.513753295
v 0.715107799 0.942769587 0.509992361
v 0.716004610 0.945011556 0.505253315
v 0.716313601 0.945784092 0.500000000
v 0.716004610 0.945011556 0.494746715
v 0.715107799 0.942769587 0.490007639
v 0.713711023 0.939277649 0.486246705
v 0.711951017 0.934877574 0.483832031
v 0.709999979 0.930000007 0.490000010
v 0.708852291 0.927130878 0.490489423
v 0.707817018 0.924542546 0.491909832
v 0.706995368 0.922488451 0.494122148
v 0.706467867 0.921169698 0.496909827
v 0.706286073 0.920715213 0.500000000
v 0.706467867 0.921169698 0.503090143
v 0.706995368 0.922488451 0.505877852
v 0.707817018 0.924542546 0.508090198
v 0.708852291 0.927130878 0.509510577
v 0.709999979 0.930000007 0.509999990
v 0.711147666 0.932869136 0.509510577
v 0.712182939 0.935457468 0.508090198
v 0.713004589 0.937511563 0.505877852
v 0.713532090 0.938830316 0.503090143
v 0.713713884 0.939284801 0.500000000
v 0.713532090 0.938830316 0.496909827
v 0.713004589 0.937511563 0.494122148
v 0.712182939 0.935457468 0.491909832
v 0.711147666 0.932869136 0.490489423
v 0.227999985 0.500000000 0.219999999
v 0.237268150 0.429601222 0.219999999
v 0.237268150 0.429601222 0.300000012
v 0.227999985 0.500000000 0.300000012
v 0.264441073 0.363999993 0.219999999
v 0.264441073 0.363999993 0.300000012
v 0.307666957 0.307666957 0.219999999
v 0.307666957 0.307666957 0.300000012
v 0.363999993 0.264441073 0.219999999
v 0.363999993 0.264441073 0.300000012
v 0.429601222 0.237268150 0.219999999
v 0.429601222 0.237268150 0.300000012
v 0.500000000 0.227999985 0.219999999
v 0.500000000 0.227999985 0.300000012
v 0.570398808 0.237268150 0.219999999
v 0.570398808 0.237268150 0.300000012
v 0.636000037 0.264441073 0.219999999
v 0.636000037 0.264441073 0.300000012
v 0.692333043 0.307666957 0.219999999
v 0.692333043 0.307666957 0.300000012
v 0.735558927 0.363999993 0.219999999
v 0.735558927 0.363999993 0.300000012
v 0.762731850 0.429601222 0.219999999
v 0.762731850 0.429601222 0.300000012
v 0.772000015 0.500000000 0.219999999
v 0.772000015 0.500000000 0.300000012
v 0.762731850 0.570398808 0.219999999
v 0.762731850 0.570398808 0.300000012
v 0.735558927 0.636000037 0.219999999
v 0.735558927 0.636000037 0.300000012
v 0.692333043 0.692333043 0.219999999
v 0.692333043 0.692333043 0.300000012
v 0.636000037 0.735558927 0.219999999
v 0.636000037 0.735558927 0.300000012
v 0.570398808 0.762731850 0.219999999
v 0.570398808 0.762731850 0.300000012
v 0.500000000 0.772000015 0.219999999
v 0.500000000 0.772000015 0.300000012
v 0.429601222 0.762731850 0.219999999
v 0.429601222 0.762731850 0.300000012
v 0.363999993 0.735558927 0.219999999
v 0.363999993 0.735558927 0.300000012
v 0.307666957 0.692333043 0.219999999
v 0.307666957 0.692333043 0.300000012
v 0.264441073 0.636000037 0.219999999
v 0.264441073 0.636000037 0.300000012
v 0.237268150 0.570398808 0.219999999
v 0.237268150 0.570398808 0.300000012
v 0.253688931 0.434001148 0.300000012
v 0.245000005 0.500000000 0.300000012
v 0.279163539 0.372500002 0.300000012
v 0.319687784 0.319687784 0.300000012
v 0.372500002 0.279163539 0.300000012
v 0.434001148 0.253688931 0.300000012
v 0.500000000 0.245000005 0.300000012
v 0.565998852 0.253688931 0.300000012
v 0.627499998 0.279163539 0.300000012
v 0.680312216 0.319687784 0.300000012
v 0.720836461 0.372500002 0.300000012
v 0.746311069 0.434001148 0.300000012
v 0.754999995 0.500000000 0.300000012
v 0.746311069 0.565998852 0.300000012
v 0.720836461 0.627499998 0.300000012
v 0.680312216 0.680312216 0.300000012
v 0.627499998 0.720836461 0.300000012
v 0.565998852 0.746311069 0.300000012
v 0.500000000 0.754999995 0.300000012
v 0.434001148 0.746311069 0.300000012
v 0.372500002 0.720836461 0.300000012
v 0.319687784 0.680312216 0.300000012
v 0.279163539 0.627499998 0.300000012
v 0.253688931 0.565998852 0.300000012
v 0.253688931 0.434001148 0.219999999
v 0.245000005 0.500000000 0.219999999
v 0.279163539 0.372500002 0.219999999
v 0.319687784 0.319687784 0.219999999
v 0.372500002 0.279163539 0.219999999
v 0.434001148 0.253688931 0.219999999
v 0.500000000 0.245000005 0.219999999
v 0.565998852 0.253688931 0.219999999
v 0.627499998 0.279163539 0.219999999
v 0.680312216 0.319687784 0.219999999
v 0.720836461 0.372500002 0.219999999
v 0.746311069 0.434001148 0.219999999
v 0.754999995 0.500000000 0.219999999
v 0.746311069 0.565998852 0.219999999
v 0.720836461 0.627499998 0.219999999
v 0.680312216 0.680312216 0.219999999
v 0.627499998 0.720836461 0.219999999
v 0.565998852 0.746311069 0.219999999
v 0.500000000 0.754999995 0.219999999
v 0.434001148 0.746311069 0.219999999
v 0.372500002 0.720836461 0.219999999
v 0.319687784 0.680312216 0.219999999
v 0.279163539 0.627499998 0.219999999
v 0.253688931 0.565998852 0.219999999
vt 0.500000000 0.500000000
vn -0.993712214 -0.111964440 0.000000000
vn -0.943883205 -0.330279420 0.000000000
vn -0.846724372 -0.532031801 0.000000000
vn -0.707106781 -0.707106781 0.000000000
vn -0.532031801 -0.846724372 0.000000000
vn -0.330279420 -0.943883205 0.000000000
vn -0.111964440 -0.993712214 0.000000000
vn 0.111964384 -0.993712220 0.000000000
vn 0.330279733 -0.943883096 0.000000000
vn 0.532031575 -0.846724515 0.000000000
vn 0.707106781 -0.707106781 0.000000000
vn 0.846724372 -0.532031801 0.000000000
vn 0.943883362 -0.330278972 0.000000000
vn 0.993712158 -0.111964936 0.000000000
vn 0.993712164 0.111964880 0.000000000
vn 0.943883252 0.330279285 0.000000000
vn 0.846724515 0.532031575 0.000000000
vn 0.707106781 0.707106781 0.000000000
vn 0.532031575 0.846724515 0.000000000
vn 0.330279285 0.943883252 0.000000000
vn 0.111964880 0.993712164 0.000000000
vn -0.111964936 0.993712158 0.000000000
vn -0.330278972 0.943883362 0.000000000
vn -0.532031801 0.846724372 0.000000000
vn -0.707106781 0.707106781 0.000000000
vn -0.846724515 0.532031575 0.000000000
vn -0.943883096 0.330279733 0.000000000
vn -0.993712220 0.111964384 0.000000000
vn 0.000000000 0.000000000 1.000000000
vn 0.993712238 0.111964229 0.000000000
vn 0.943883293 0.330279170 0.000000000
vn 0.846724431 0.532031707 0.000000000
vn 0.532031707 0.846724431 0.000000000
vn 0.330279170 0.943883293 0.000000000
vn 0.111964229 0.993712238 0.000000000
vn -0.111964229 0.993712238 0.000000000
vn -0.330279170 0.943883293 0.000000000
vn -0.532031707 0.846724431 0.000000000
vn -0.846724724 0.532031241 0.000000000
vn -0.943883090 0.330279748 0.000000000
vn -0.993712238 0.111964229 0.000000000
vn -0.993712238 -0.111964229 0.000000000
vn -0.943883090 -0.330279748 0.000000000
vn -0.846724724 -0.532031241 0.000000000
vn -0.532031241 -0.846724724 0.000000000
vn -0.330279748 -0.943883090 0.000000000
vn -0.111964229 -0.993712238 0.000000000
vn 0.111964229 -0.993712238 0.000000000
vn 0.330279748 -0.943883090 0.000000000
vn 0.532031241 -0.846724724 0.000000000
vn 0.846724431 -0.532031707 0.000000000
vn 0.943883293 -0.330279170 0.000000000
vn 0.993712238 -0.111964229 0.000000000
vn 0.000000000 -0.000000000 -1.000000000
vn 0.991444853 -0.130526259 0.000000000
vn 0.923879611 -0.382683242 0.000000000
vn 0.793353656 -0.608761018 0.000000000
vn 0.608761060 -0.793353624 0.000000000
vn 0.382683486 -0.923879510 0.000000000
vn 0.130526259 -0.991444853 0.000000000
vn -0.130526259 -0.991444853 0.000000000
vn -0.382683486 -0.923879510 0.000000000
vn -0.608761197 -0.793353518 0.000000000
vn -0.793353518 -0.608761197 0.000000000
vn -0.923879510 -0.382683486 0.000000000
vn -0.991444853 -0.130526259 0.000000000
vn -0.991444853 0.130526259 0.000000000
vn -0.923879510 0.382683486 0.000000000
vn -0.793353624 0.608761060 0.000000000
vn -0.608761018 0.793353656 0.000000000
vn -0.382683242 0.923879611 0.000000000
vn -0.130526259 0.991444853 0.000000000
vn 0.130526259 0.991444853 0.000000000
vn 0.382683242 0.923879611 0.000000000
vn 0.608760880 0.793353762 0.000000000
vn 0.793353762 0.608760880 0.000000000
vn 0.923879611 0.382683242 0.000000000
vn 0.991444853 0.130526259 0.000000000
vn -0.991444907 0.130525849 0.000000000
vn -0.923879279 0.382684044 0.000000000
vn -0.793353629 0.608761053 0.000000000
vn -0.608761673 0.793353153 0.000000000
vn -0.382683371 0.923879558 0.000000000
vn -0.130525849 0.991444907 0.000000000
vn 0.130525849 0.991444907 0.000000000
vn 0.382683568 0.923879476 0.000000000
vn 0.608761404 0.793353360 0.000000000
vn 0.793353360 0.608761404 0.000000000
vn 0.923879476 0.382683568 0.000000000
vn 0.991444907 0.130525849 0.000000000
vn 0.991444907 -0.130525849 0.000000000
vn 0.923879558 -0.382683371 0.000000000
vn 0.793353153 -0.608761673 0.000000000
vn 0.608761053 -0.793353629 0.000000000
vn 0.382684044 -0.923879279 0.000000000
vn 0.130525849 -0.991444907 0.000000000
vn -0.130525849 -0.991444907 0.000000000
vn -0.382683847 -0.923879361 0.000000000
vn -0.608761322 -0.793353422 0.000000000
vn -0.793353422 -0.608761322 0.000000000
vn -0.923879361 -0.382683847 0.000000000
vn -0.991444907 -0.130525849 0.000000000
vn 0.991444953 -0.130525497 0.000000000
vn 0.923879443 -0.382683648 0.000000000
vn 0.793353097 -0.608761746 0.000000000
vn 0.608761684 -0.793353145 0.000000000
vn 0.382683287 -0.923879593 0.000000000
vn 0.130526328 -0.991444843 0.000000000
vn -0.130526328 -0.991444843 0.000000000
vn -0.382683287 -0.923879593 0.000000000
vn -0.608761479 -0.793353302 0.000000000
vn -0.793353302 -0.608761479 0.000000000
vn -0.923879593 -0.382683287 0.000000000
vn -0.991444843 -0.130526328 0.000000000
vn -0.991444843 0.130526328 0.000000000
vn -0.923879593 0.382683287 0.000000000
vn -0.793353145 0.608761684 0.000000000
vn -0.608761746 0.793353097 0.000000000
vn -0.382683648 0.923879443 0.000000000
vn -0.130525497 0.991444953 0.000000000
vn 0.130525497 0.991444953 0.000000000
vn 0.382683648 0.923879443 0.000000000
vn 0.608761950 0.793352941 0.000000000
vn 0.793352941 0.608761950 0.000000000
vn 0.923879443 0.382683648 0.000000000
vn 0.991444953 0.130525497 0.000000000
vn 0.866025284 -0.500000208 0.000000000
vn -0.000000000 -1.000000000 0.000000000
vn -0.866025284 -0.500000208 0.000000000
vn -0.866025284 0.500000208 0.000000000
vn -0.000000000 1.000000000 0.000000000
vn 0.866025284 0.500000208 0.000000000
vn -0.866025780 -0.499999348 0.000000000
vn -0.866025780 0.499999348 0.000000000
vn 0.866025780 -0.499999348 0.000000000
vn 0.866025780 0.499999348 0.000000000
vn 0.866025532 -0.499999778 0.000000000
vn -0.866025532 -0.499999778 0.000000000
vn -0.866025532 0.499999778 0.000000000
vn 0.866025532 0.499999778 0.000000000
vn -0.991444858 -0.130526214 0.000000000
vn -0.923879578 -0.382683323 0.000000000
vn -0.793353414 -0.608761333 0.000000000
vn -0.608761333 -0.793353414 0.000000000
vn -0.382683323 -0.923879578 0.000000000
vn -0.130526214 -0.991444858 0.000000000
vn 0.130526214 -0.991444858 0.000000000
vn 0.382683323 -0.923879578 0.000000000
vn 0.608761333 -0.793353414 0.000000000
vn 0.793353414 -0.608761333 0.000000000
vn 0.923879739 -0.382682933 0.000000000
vn 0.991444799 -0.130526663 0.000000000
vn 0.991444799 0.130526663 0.000000000
vn 0.923879739 0.382682933 0.000000000
vn 0.793353414 0.608761333 0.000000000
vn 0.608761333 0.793353414 0.000000000
vn 0.382682933 0.923879739 0.000000000
vn 0.130526663 0.991444799 0.000000000
vn -0.130526663 0.991444799 0.000000000
vn -0.382682933 0.923879739 0.000000000
vn -0.608761333 0.793353414 0.000000000
vn -0.793353414 0.608761333 0.000000000
vn -0.923879578 0.382683323 0.000000000
vn -0.991444858 0.130526214 0.000000000
vn -0.130525692 0.000000000 -0.991444927
vn -0.382683804 0.000000000 -0.923879379
vn -0.608761306 0.000000000 -0.793353435
vn -0.793353435 0.000000000 -0.608761306
vn -0.923879379 0.000000000 -0.382683804
vn -0.991444927 0.000000000 -0.130525692
vn -0.991444927 0.000000000 0.130525692
vn -0.923879379 0.000000000 0.382683804
vn -0.793353435 0.000000000 0.608761306
vn -0.608761306 0.000000000 0.793353435
vn -0.382683804 0.000000000 0.923879379
vn -0.130524968 0.000000000 0.991445022
vn 0.130524968 0.000000000 0.991445022
vn 0.382683804 0.000000000 0.923879379
vn 0.608761306 0.000000000 0.793353435
vn 0.793353435 0.000000000 0.608761306
vn 0.923879379 0.000000000 0.382683804
vn 0.991445022 0.000000000 0.130524968
vn 0.991445022 0.000000000 -0.130524968
vn 0.923879379 0.000000000 -0.382683804
vn 0.793353435 0.000000000 -0.608761306
vn 0.608761306 0.000000000 -0.793353435
vn 0.382683804 0.000000000 -0.923879379
vn 0.130525692 0.000000000 -0.991444927
vn -0.130526259 0.000000000 -0.991444853
vn -0.382683242 0.000000000 -0.923879611
vn -0.608760880 0.000000000 -0.793353762
vn -0.793353762 0.000000000 -0.608760880
vn -0.923879611 0.000000000 -0.382683242
vn -0.991444853 0.000000000 -0.130526259
vn -0.991444862 0.000000000 0.130526185
vn -0.923879611 0.000000000 0.382683242
vn -0.793353550 0.000000000 0.608761156
vn -0.608760880 0.000000000 0.793353762
vn -0.382683242 0.000000000 0.923879611
vn -0.130526259 0.000000000 0.991444853
vn 0.130526185 0.000000000 0.991444862
vn 0.382683242 0.000000000 0.923879611
vn 0.608761156 0.000000000 0.793353550
vn 0.793353550 0.000000000 0.608761156
vn 0.923879611 0.000000000 0.382683242
vn 0.991444862 0.000000000 0.130526185
vn 0.991444853 0.000000000 -0.130526259
vn 0.923879611 0.000000000 -0.382683242
vn 0.793353762 0.000000000 -0.608760880
vn 0.608761156 0.000000000 -0.793353550
vn 0.382683242 0.000000000 -0.923879611
vn 0.130526185 0.000000000 -0.991444862
vn -0.500000017 0.000000000 -0.866025394
vn -1.000000000 0.000000000 0.000000000
vn -0.500000017 0.000000000 0.866025394
vn 0.500000017 0.000000000 0.866025394
vn 1.000000000 0.000000000 0.000000000
vn 0.500000017 0.000000000 -0.866025394
vn -0.258819115 0.000000000 -0.965925808
vn -0.707106781 0.000000000 -0.707106781
vn -0.965925808 0.000000000 -0.258819115
vn -0.965925808 0.000000000 0.258819115
vn -0.707106781 0.000000000 0.707106781
vn -0.258819115 0.000000000 0.965925808
vn 0.258819115 0.000000000 0.965925808
vn 0.707106781 0.000000000 0.707106781
vn 0.965925808 0.000000000 0.258819115
vn 0.965925808 0.000000000 -0.258819115
vn 0.707106781 0.000000000 -0.707106781
vn 0.258819115 0.000000000 -0.965925808
vn -0.098017035 0.000000000 -0.995184737
vn -0.290285039 0.000000000 -0.956940226
vn -0.471396639 0.000000000 -0.881921317
vn -0.634393532 0.000000000 -0.773010250
vn -0.773010250 0.000000000 -0.634393532
vn -0.881921317 0.000000000 -0.471396639
vn -0.956940226 0.000000000 -0.290285039
vn -0.995184737 0.000000000 -0.098017035
vn -0.995184737 0.000000000 0.098017035
vn -0.956940226 0.000000000 0.290285039
vn -0.881921477 0.000000000 0.471396338
vn -0.773009958 0.000000000 0.634393887
vn -0.634393532 0.000000000 0.773010250
vn -0.471396639 0.000000000 0.881921317
vn -0.290285702 0.000000000 0.956940025
vn -0.098016318 0.000000000 0.995184808
vn 0.098016318 0.000000000 0.995184808
vn 0.290285702 0.000000000 0.956940025
vn 0.471396338 0.000000000 0.881921477
vn 0.634393887 0.000000000 0.773009958
vn 0.773009958 0.000000000 0.634393887
vn 0.881921477 0.000000000 0.471396338
vn 0.956940025 0.000000000 0.290285702
vn 0.995184808 0.000000000 0.098016318
vn 0.995184808 0.000000000 -0.098016318
vn 0.956940025 0.000000000 -0.290285702
vn 0.881921317 0.000000000 -0.471396639
vn 0.773010250 0.000000000 -0.634393532
vn 0.634393887 0.000000000 -0.773009958
vn 0.471396338 0.000000000 -0.881921477
vn 0.290285039 0.000000000 -0.956940226
vn 0.098017035 0.000000000 -0.995184737
vn -0.098017181 0.000000000 -0.995184723
vn -0.290285056 0.000000000 -0.956940221
vn -0.471396621 0.000000000 -0.881921326
vn -0.634393538 0.000000000 -0.773010245
vn -0.773010245 0.000000000 -0.634393538
vn -0.881921326 0.000000000 -0.471396621
vn -0.956940221 0.000000000 -0.290285056
vn -0.995184723 0.000000000 -0.098017181
vn -0.995184729 0.000000000 0.098017117
vn -0.956940110 0.000000000 0.290285423
vn -0.881921473 0.000000000 0.471396347
vn -0.773010245 0.000000000 0.634393538
vn -0.634393933 0.000000000 0.773009921
vn -0.471396107 0.000000000 0.881921601
vn -0.290285056 0.000000000 0.956940221
vn -0.098017181 0.000000000 0.995184723
vn 0.098017117 0.000000000 0.995184729
vn 0.290285423 0.000000000 0.956940110
vn 0.471395832 0.000000000 0.881921748
vn 0.634393933 0.000000000 0.773009921
vn 0.773009921 0.000000000 0.634393933
vn 0.881921748 0.000000000 0.471395832
vn 0.956940110 0.000000000 0.290285423
vn 0.995184729 0.000000000 0.098017117
vn 0.995184723 0.000000000 -0.098017181
vn 0.956940221 0.000000000 -0.290285056
vn 0.881921601 0.000000000 -0.471396107
vn 0.773009921 0.000000000 -0.634393933
vn 0.634393538 0.000000000 -0.773010245
vn 0.471396347 0.000000000 -0.881921473
vn 0.290285423 0.000000000 -0.956940110
vn 0.098017117 0.000000000 -0.995184729
vn 0.098016756 0.000000000 0.995184765
vn 0.290284731 0.000000000 0.956940319
vn 0.471396346 0.000000000 0.881921473
vn 0.634393590 0.000000000 0.773010202
vn 0.773010202 0.000000000 0.634393590
vn 0.881921473 0.000000000 0.471396346
vn 0.956940319 0.000000000 0.290284731
vn 0.995184765 0.000000000 0.098016756
vn 0.995184765 0.000000000 -0.098016756
vn 0.956940319 0.000000000 -0.290284731
vn 0.881921473 0.000000000 -0.471396346
vn 0.773010202 0.000000000 -0.634393590
vn 0.634393590 0.000000000 -0.773010202
vn 0.471396346 0.000000000 -0.881921473
vn 0.290285410 0.000000000 -0.956940113
vn 0.098016021 0.000000000 -0.995184837
vn -0.098016021 0.000000000 -0.995184837
vn -0.290285410 0.000000000 -0.956940113
vn -0.471396346 0.000000000 -0.881921473
vn -0.634393590 0.000000000 -0.773010202
vn -0.773010202 0.000000000 -0.634393590
vn -0.881921473 0.000000000 -0.471396346
vn -0.956940113 0.000000000 -0.290285410
vn -0.995184837 0.000000000 -0.098016021
vn -0.995184837 0.000000000 0.098016021
vn -0.956940113 0.000000000 0.290285410
vn -0.881921473 0.000000000 0.471396346
vn -0.773010202 0.000000000 0.634393590
vn -0.634393590 0.000000000 0.773010202
vn -0.471396346 0.000000000 0.881921473
vn -0.290284731 0.000000000 0.956940319
vn -0.098016756 0.000000000 0.995184765
vn -0.499999839 0.000000000 -0.866025497
vn -0.499998243 0.000000000 0.866026418
vn 0.499998243 0.000000000 0.866026418
vn 0.499999839 0.000000000 -0.866025497
vn -0.499998243 0.000000000 -0.866026418
vn 0.499998243 0.000000000 -0.866026418
vn -0.499999839 0.000000000 0.866025497
vn 0.499999839 0.000000000 0.866025497
vn -0.156424636 0.008591244 -0.987652532
vn -0.245757155 0.000000000 -0.969331430
vn -0.453358440 0.052805373 -0.889762731
vn -0.658402316 0.036161151 -0.751797021
vn -0.701669065 0.123778214 -0.701669065
vn -0.877581966 0.102217228 -0.468403172
vn -0.874124295 0.193756685 -0.445381931
vn -0.956650047 0.168758237 -0.237363317
vn -0.961324297 0.229500541 -0.152266535
vn -0.973932022 0.215879871 -0.069658432
vn -0.964835660 0.213863589 0.152821841
vn -0.970456927 0.231680808 0.067359897
vn -0.880201697 0.155272335 0.448481297
vn -0.952559947 0.211142578 0.219199361
vn -0.704720645 0.082083034 0.704720645
vn -0.887973608 0.156643342 0.432395347
vn -0.453846332 0.024926410 0.890731262
vn -0.688284074 0.080168569 0.720997943
vn -0.156441341 0.000000000 0.987687252
vn -0.262653223 0.014425592 0.964782456
vn 0.156437515 0.006993608 0.987663097
vn 0.245773697 -0.000000000 0.969327236
vn 0.453699721 0.035593543 0.890443520
vn 0.611090961 0.027319089 0.791088810
vn 0.705284406 0.071748258 0.705284406
vn 0.822915917 0.064559204 0.564483395
vn 0.886342780 0.102198851 0.451610308
vn 0.936966395 0.095317160 0.336167537
vn 0.980849304 0.117466812 0.155358268
vn 0.987195655 0.113827589 0.111749803
vn 0.981343786 0.113152845 -0.155437471
vn 0.986631996 0.118159349 -0.112230441
vn 0.887371414 0.090271885 -0.452131575
vn 0.934162107 0.107712610 -0.340204573
vn 0.706021282 0.055388614 -0.706021282
vn 0.814827712 0.082892048 -0.573746205
vn 0.453898363 0.020291725 -0.890822385
vn 0.595644102 0.046729330 -0.801888068
vn 0.156430409 0.000000000 -0.987688983
vn 0.233465685 0.010437186 -0.972309024
vn 0.245752611 -0.000000000 0.969332582
vn 0.156427385 -0.004826496 0.987677669
vn 0.646792168 -0.019956479 0.762405162
vn 0.453808955 -0.028271251 0.890650419
vn 0.865258465 -0.053903606 0.498419694
vn 0.705669898 -0.063612688 0.705679404
vn 0.958750949 -0.086426707 0.270789664
vn 0.886791704 -0.097173672 0.451838192
vn 0.990488960 -0.108536705 0.084565972
vn 0.981205537 -0.114395252 0.155400836
vn 0.989791137 -0.115396217 -0.083649375
vn 0.981954749 -0.107601535 -0.155520995
vn 0.958939650 -0.105079566 -0.263425572
vn 0.888150145 -0.080062390 -0.452525507
vn 0.871923473 -0.078599635 -0.483292411
vn 0.706421707 -0.044008442 -0.706421707
vn 0.661961099 -0.041238649 -0.748402884
vn 0.453938327 -0.014006061 -0.890923019
vn 0.254973865 -0.007867103 -0.966915941
vn 0.156429207 0.000000000 -0.987689173
vn -0.245752611 0.000000000 -0.969332582
vn -0.156427776 -0.004277312 -0.987680138
vn -0.619164273 -0.016930232 -0.785078958
vn -0.453868398 -0.022453986 -0.890785774
vn -0.832634005 -0.041192451 -0.552289594
vn -0.706348319 -0.046304467 -0.706348319
vn -0.943691156 -0.061863410 -0.324992187
vn -0.889013791 -0.066908096 -0.452965547
vn -0.991421642 -0.074615417 -0.107311080
vn -0.984733628 -0.077303387 -0.155961111
vn -0.991136720 -0.077806042 0.107676467
vn -0.984971864 -0.074130000 0.155997338
vn -0.941996356 -0.070895619 0.328049807
vn -0.889492403 -0.058310426 0.453214252
vn -0.827294503 -0.054233060 0.559144508
vn -0.706669759 -0.034960690 0.706679278
vn -0.608888964 -0.030123234 0.792683304
vn -0.453955444 -0.012412814 0.890937920
vn -0.238093261 -0.006510347 0.971220477
vn -0.156429207 0.000000000 0.987689173
vn -0.060353519 -0.151819211 -0.986563926
vn -0.058096916 -0.145242247 -0.987688938
vn -0.172914134 -0.437474546 -0.882449276
vn -0.167712763 -0.421881271 -0.891004277
vn -0.264709233 -0.672867493 -0.690780977
vn -0.259922039 -0.657605444 -0.707103680
vn -0.328311481 -0.837108173 -0.437563114
vn -0.326192910 -0.829153568 -0.453985182
vn -0.360679308 -0.920621907 -0.149551803
vn -0.360625050 -0.919499301 -0.156430845
vn -0.361013029 -0.920488545 0.149567478
vn -0.360290896 -0.919630497 0.156429596
vn -0.329166165 -0.836711321 0.437680022
vn -0.325325374 -0.829494383 0.453985099
vn -0.265723886 -0.672284177 0.690959334
vn -0.258869522 -0.658023463 0.707100906
vn -0.173692481 -0.436923246 0.882569544
vn -0.166880286 -0.422208849 0.891005420
vn -0.060642266 -0.151605619 0.986579065
vn -0.057792091 -0.145375942 0.987687152
vn 0.060918517 0.151387944 0.986595472
vn 0.058100976 0.145252397 0.987687206
vn 0.176065544 0.435255620 0.882923252
vn 0.169478855 0.421170063 0.891006563
vn 0.271654929 0.668851274 0.691983795
vn 0.265160884 0.655510231 0.707103982
vn 0.338849037 0.832166362 0.438953843
vn 0.335285012 0.825517167 0.453988291
vn 0.373126094 0.915549230 0.150155007
vn 0.372480663 0.914760985 0.156430481
vn 0.372848500 0.915664341 -0.150142632
vn 0.372758658 0.914647642 -0.156431052
vn 0.338125612 0.832511109 -0.438857976
vn 0.336020659 0.825220259 -0.453984186
vn 0.270766509 0.669368022 -0.691832313
vn 0.266085269 0.655138016 -0.707101697
vn 0.175351240 0.435763464 -0.882814899
vn 0.170245464 0.420867670 -0.891003303
vn 0.060638037 0.151595048 -0.986580949
vn 0.058397157 0.145122141 -0.987688886
vn 0.058096056 0.145240097 0.987689305
vn 0.060469999 0.151721648 0.986571802
vn 0.168084432 0.421730571 0.891005583
vn 0.173593810 0.437001308 0.882550308
vn 0.261047150 0.657154459 0.707108480
vn 0.266228997 0.671994991 0.691046202
vn 0.328182628 0.828373634 0.453974982
vn 0.330640883 0.836028891 0.437872469
vn 0.363243319 0.918464487 0.156452157
vn 0.363439147 0.919515257 0.149678581
vn 0.363053415 0.918539340 -0.156453503
vn 0.363628578 0.919438619 -0.149689287
vn 0.327691236 0.828570677 -0.453970359
vn 0.331126671 0.835804763 -0.437933243
vn 0.260446366 0.657398911 -0.707102795
vn 0.266811199 0.671664752 -0.691142710
vn 0.167601152 0.421915521 -0.891009061
vn 0.174041772 0.436677775 -0.882622219
vn 0.057915503 0.145312317 -0.987689286
vn 0.060636275 0.151590643 -0.986581735
vn -0.058096056 -0.145240097 -0.987689305
vn -0.060799686 -0.151461886 -0.986591453
vn -0.169120986 -0.421307826 -0.891009432
vn -0.175444711 -0.435692028 -0.882831586
vn -0.264129013 -0.655926900 -0.707103787
vn -0.270312768 -0.669638589 -0.691747907
vn -0.333527288 -0.826238231 -0.453971293
vn -0.336831834 -0.833127107 -0.438683872
vn -0.370207545 -0.915679311 -0.156453741
vn -0.370751228 -0.916533220 -0.150034605
vn -0.370378029 -0.915610636 0.156452162
vn -0.370581211 -0.916603543 0.150025035
vn -0.333973144 -0.826056362 0.453974478
vn -0.336391327 -0.833333237 0.438630359
vn -0.264685493 -0.655698291 0.707107729
vn -0.269774162 -0.669945825 0.691660678
vn -0.169581502 -0.421131580 0.891005223
vn -0.175018914 -0.436000523 0.882763798
vn -0.058273627 -0.145169064 0.987689287
vn -0.060636275 -0.151590643 0.986581735
vn -0.928476133 0.371392072 -0.000003813
vn -0.928472700 0.371400653 0.000000000
vn -0.928477687 0.371388186 0.000003903
vn -0.928483556 0.371373513 0.000002681
vn -0.928476691 0.371390676 0.000000000
vn -0.928475194 0.371394418 -0.000000973
vn -0.928475148 0.371394534 -0.000002554
vn -0.928476691 0.371390676 0.000004214
vn -0.928475516 0.371393613 0.000000501
vn -0.928476000 0.371392403 -0.000004508
vn -0.928475771 0.371392976 0.000003409
vn -0.928475631 0.371393325 -0.000001454
vn -0.928476270 0.371391727 -0.000001132
vn -0.928475909 0.371392631 0.000002898
vn -0.928478719 0.371385606 0.000001551
vn -0.928481802 0.371377899 -0.000011953
vn -0.928475908 0.371392633 0.000000000
vn -0.928473081 0.371399700 0.000006483
vn -0.928476000 0.371392404 -0.000004508
vn -0.991444880 -0.130526050 0.000000000
vn -0.923879512 -0.382683481 0.000000000
vn -0.793353162 -0.608761661 0.000000000
vn -0.608761661 -0.793353162 0.000000000
vn -0.382683481 -0.923879512 0.000000000
vn -0.130526050 -0.991444880 0.000000000
vn 0.130525996 -0.991444887 0.000000000
vn 0.382683481 -0.923879512 0.000000000
vn 0.608761864 -0.793353007 0.000000000
vn 0.793353162 -0.608761661 0.000000000
vn 0.923879512 -0.382683481 0.000000000
vn 0.991444880 -0.130526050 0.000000000
vn 0.991444887 0.130525996 0.000000000
vn 0.923879512 0.382683481 0.000000000
vn 0.793353007 0.608761864 0.000000000
vn 0.608761864 0.793353007 0.000000000
vn 0.382683481 0.923879512 0.000000000
vn 0.130525996 0.991444887 0.000000000
vn -0.130526050 0.991444880 0.000000000
vn -0.382683481 0.923879512 0.000000000
vn -0.608761661 0.793353162 0.000000000
vn -0.793353007 0.608761864 0.000000000
vn -0.923879512 0.382683481 0.000000000
vn -0.991444887 0.130525996 0.000000000
vn 0.991444836 0.130526384 0.000000000
vn 0.923879536 0.382683425 0.000000000
vn 0.793353314 0.608761463 0.000000000
vn 0.608761463 0.793353314 0.000000000
vn 0.382683425 0.923879536 0.000000000
vn 0.130526384 0.991444836 0.000000000
vn -0.130526384 0.991444836 0.000000000
vn -0.382683425 0.923879536 0.000000000
vn -0.608761463 0.793353314 0.000000000
vn -0.793353314 0.608761463 0.000000000
vn -0.923879536 0.382683425 0.000000000
vn -0.991444836 0.130526384 0.000000000
vn -0.991444836 -0.130526384 0.000000000
vn -0.923879536 -0.382683425 0.000000000
vn -0.793353314 -0.608761463 0.000000000
vn -0.608761463 -0.793353314 0.000000000
vn -0.382683425 -0.923879536 0.000000000
vn -0.130526384 -0.991444836 0.000000000
vn 0.130526384 -0.991444836 0.000000000
vn 0.382683425 -0.923879536 0.000000000
vn 0.608761463 -0.793353314 0.000000000
vn 0.793353314 -0.608761463 0.000000000
vn 0.923879536 -0.382683425 0.000000000
vn 0.991444836 -0.130526384 0.000000000
usemtl mat_0
f 1/1/1 2/1/1 3/1/1
f 1/1/1 3/1/1 4/1/1
f 2/1/2 5/1/2 6/1/2
f 2/1/2 6/1/2 3/1/2
f 5/1/3 7/1/3 8/1/3
f 5/1/3 8/1/3 6/1/3
f 7/1/4 9/1/4 10/1/4
f 7/1/4 10/1/4 8/1/4
f 9/1/5 11/1/5 12/1/5
f 9/1/5 12/1/5 10/1/5
f 11/1/6 13/1/6 14/1/6
f 11/1/6 14/1/6 12/1/6
f 13/1/7 15/1/7 16/1/7
f 13/1/7 16/1/7 14/1/7
f 15/1/8 17/1/8 18/1/8
f 15/1/8 18/1/8 16/1/8
f 17/1/9 19/1/9 20/1/9
f 17/1/9 20/1/9 18/1/9
f 19/1/10 21/1/10 22/1/10
f 19/1/10 22/1/10 20/1/10
f 21/1/11 23/1/11 24/1/11
f 21/1/11 24/1/11 22/1/11
f 23/1/12 25/1/12 26/1/12
f 23/1/12 26/1/12 24/1/12
f 25/1/13 27/1/13 28/1/13
f 25/1/13 28/1/13 26/1/13
f 27/1/14 29/1/14 30/1/14
f 27/1/14 30/1/14 28/1/14
f 29/1/15 31/1/15 32/1/15
f 29/1/15 32/1/15 30/1/15
f 31/1/16 33/1/16 34/1/16
f 31/1/16 34/1/16 32/1/16
f 33/1/17 35/1/17 36/1/17
f 33/1/17 36/1/17 34/1/17
f 35/1/18 37/1/18 38/1/18
f 35/1/18 38/1/18 36/1/18
f 37/1/19 39/1/19 40/1/19
f 37/1/19 40/1/19 38/1/19
f 39/1/20 41/1/20 42/1/20
f 39/1/20 42/1/20 40/1/20
f 41/1/21 43/1/21 44/1/21
f 41/1/21 44/1/21 42/1/21
f 43/1/22 45/1/22 46/1/22
f 43/1/22 46/1/22 44/1/22
f 45/1/23 47/1/23 48/1/23
f 45/1/23 48/1/23 46/1/23
f 47/1/24 49/1/24 50/1/24
f 47/1/24 50/1/24 48/1/24
f 49/1/25 51/1/25 52/1/25
f 49/1/25 52/1/25 50/1/25
f 51/1/26 53/1/26 54/1/26
f 51/1/26 54/1/26 52/1/26
f 53/1/27 55/1/27 56/1/27
f 53/1/27 56/1/27 54/1/27
f 55/1/28 1/1/28 4/1/28
f 55/1/28 4/1/28 56/1/28
f 4/1/29 3/1/29 57/1/29
f 4/1/29 57/1/29 58/1/29
f 3/1/29 6/1/29 59/1/29
f 3/1/29 59/1/29 57/1/29
f 6/1/29 8/1/29 60/1/29
f 6/1/29 60/1/29 59/1/29
f 8/1/29 10/1/29 61/1/29
f 8/1/29 61/1/29 60/1/29
f 10/1/29 12/1/29 62/1/29
f 10/1/29 62/1/29 61/1/29
f 12/1/29 14/1/29 63/1/29
f 12/1/29 63/1/29 62/1/29
f 14/1/29 16/1/29 64/1/29
f 14/1/29 64/1/29 63/1/29
f 16/1/29 18/1/29 65/1/29
f 16/1/29 65/1/29 64/1/29
f 18/1/29 20/1/29 66/1/29
f 18/1/29 66/1/29 65/1/29
f 20/1/29 22/1/29 67/1/29
f 20/1/29 67/1/29 66/1/29
f 22/1/29 24/1/29 68/1/29
f 22/1/29 68/1/29 67/1/29
f 24/1/29 26/1/29 69/1/29
f 24/1/29 69/1/29 68/1/29
f 26/1/29 28/1/29 70/1/29
f 26/1/29 70/1/29 69/1/29
f 28/1/29 30/1/29 71/1/29
f 28/1/29 71/1/29 70/1/29
f 30/1/29 32/1/29 72/1/29
f 30/1/29 72/1/29 71/1/29
f 32/1/29 34/1/29 73/1/29
f 32/1/29 73/1/29 72/1/29
f 34/1/29 36/1/29 74/1/29
f 34/1/29 74/1/29 73/1/29
f 36/1/29 38/1/29 75/1/29
f 36/1/29 75/1/29 74/1/29
f 38/1/29 40/1/29 76/1/29
f 38/1/29 76/1/29 75/1/29
f 40/1/29 42/1/29 77/1/29
f 40/1/29 77/1/29 76/1/29
f 42/1/29 44/1/29 78/1/29
f 42/1/29 78/1/29 77/1/29
f 44/1/29 46/1/29 79/1/29
f 44/1/29 79/1/29 78/1/29
f 46/1/29 48/1/29 80/1/29
f 46/1/29 80/1/29 79/1/29
f 48/1/29 50/1/29 81/1/29
f 48/1/29 81/1/29 80/1/29
f 50/1/29 52/1/29 82/1/29
f 50/1/29 82/1/29 81/1/29
f 52/1/29 54/1/29 83/1/29
f 52/1/29 83/1/29 82/1/29
f 54/1/29 56/1/29 84/1/29
f 54/1/29 84/1/29 83/1/29
f 56/1/29 4/1/29 58/1/29
f 56/1/29 58/1/29 84/1/29
f 58/1/30 57/1/30 85/1/30
f 58/1/30 85/1/30 86/1/30
f 57/1/31 59/1/31 87/1/31
f 57/1/31 87/1/31 85/1/31
f 59/1/32 60/1/32 88/1/32
f 59/1/32 88/1/32 87/1/32
f 60/1/18 61/1/18 89/1/18
f 60/1/18 89/1/18 88/1/18
f 61/1/33 62/1/33 90/1/33
f 61/1/33 90/1/33 89/1/33
f 62/1/34 63/1/34 91/1/34
f 62/1/34 91/1/34 90/1/34
f 63/1/35 64/1/35 92/1/35
f 63/1/35 92/1/35 91/1/35
f 64/1/36 65/1/36 93/1/36
f 64/1/36 93/1/36 92/1/36
f 65/1/37 66/1/37 94/1/37
f 65/1/37 94/1/37 93/1/37
f 66/1/38 67/1/38 95/1/38
f 66/1/38 95/1/38 94/1/38
f 67/1/25 68/1/25 96/1/25
f 67/1/25 96/1/25 95/1/25
f 68/1/39 69/1/39 97/1/39
f 68/1/39 97/1/39 96/1/39
f 69/1/40 70/1/40 98/1/40
f 69/1/40 98/1/40 97/1/40
f 70/1/41 71/1/41 99/1/41
f 70/1/41 99/1/41 98/1/41
f 71/1/42 72/1/42 100/1/42
f 71/1/42 100/1/42 99/1/42
f 72/1/43 73/1/43 101/1/43
f 72/1/43 101/1/43 100/1/43
f 73/1/44 74/1/44 102/1/44
f 73/1/44 102/1/44 101/1/44
f 74/1/4 75/1/4 103/1/4
f 74/1/4 103/1/4 102/1/4
f 75/1/45 76/1/45 104/1/45
f 75/1/45 104/1/45 103/1/45
f 76/1/46 77/1/46 105/1/46
f 76/1/46 105/1/46 104/1/46
f 77/1/47 78/1/47 106/1/47
f 77/1/47 106/1/47 105/1/47
f 78/1/48 79/1/48 107/1/48
f 78/1/48 107/1/48 106/1/48
f 79/1/49 80/1/49 108/1/49
f 79/1/49 108/1/49 107/1/49
f 80/1/50 81/1/50 109/1/50
f 80/1/50 109/1/50 108/1/50
f 81/1/11 82/1/11 110/1/11
f 81/1/11 110/1/11 109/1/11
f 82/1/51 83/1/51 111/1/51
f 82/1/51 111/1/51 110/1/51
f 83/1/52 84/1/52 112/1/52
f 83/1/52 112/1/52 111/1/52
f 84/1/53 58/1/53 86/1/53
f 84/1/53 86/1/53 112/1/53
f 86/1/54 85/1/54 2/1/54
f 86/1/54 2/1/54 1/1/54
f 85/1/54 87/1/54 5/1/54
f 85/1/54 5/1/54 2/1/54
f 87/1/54 88/1/54 7/1/54
f 87/1/54 7/1/54 5/1/54
f 88/1/54 89/1/54 9/1/54
f 88/1/54 9/1/54 7/1/54
f 89/1/54 90/1/54 11/1/54
f 89/1/54 11/1/54 9/1/54
f 90/1/54 91/1/54 13/1/54
f 90/1/54 13/1/54 11/1/54
f 91/1/54 92/1/54 15/1/54
f 91/1/54 15/1/54 13/1/54
f 92/1/54 93/1/54 17/1/54
f 92/1/54 17/1/54 15/1/54
f 93/1/54 94/1/54 19/1/54
f 93/1/54 19/1/54 17/1/54
f 94/1/54 95/1/54 21/1/54
f 94/1/54 21/1/54 19/1/54
f 95/1/54 96/1/54 23/1/54
f 95/1/54 23/1/54 21/1/54
f 96/1/54 97/1/54 25/1/54
f 96/1/54 25/1/54 23/1/54
f 97/1/54 98/1/54 27/1/54
f 97/1/54 27/1/54 25/1/54
f 98/1/54 99/1/54 29/1/54
f 98/1/54 29/1/54 27/1/54
f 99/1/54 100/1/54 31/1/54
f 99/1/54 31/1/54 29/1/54
f 100/1/54 101/1/54 33/1/54
f 100/1/54 33/1/54 31/1/54
f 101/1/54 102/1/54 35/1/54
f 101/1/54 35/1/54 33/1/54
f 102/1/54 103/1/54 37/1/54
f 102/1/54 37/1/54 35/1/54
f 103/1/54 104/1/54 39/1/54
f 103/1/54 39/1/54 37/1/54
f 104/1/54 105/1/54 41/1/54
f 104/1/54 41/1/54 39/1/54
f 105/1/54 106/1/54 43/1/54
f 105/1/54 43/1/54 41/1/54
f 106/1/54 107/1/54 45/1/54
f 106/1/54 45/1/54 43/1/54
f 107/1/54 108/1/54 47/1/54
f 107/1/54 47/1/54 45/1/54
f 108/1/54 109/1/54 49/1/54
f 108/1/54 49/1/54 47/1/54
f 109/1/54 110/1/54 51/1/54
f 109/1/54 51/1/54 49/1/54
f 110/1/54 111/1/54 53/1/54
f 110/1/54 53/1/54 51/1/54
f 111/1/54 112/1/54 55/1/54
f 111/1/54 55/1/54 53/1/54
f 112/1/54 86/1/54 1/1/54
f 112/1/54 1/1/54 55/1/54
usemtl mat_1
f 113/1/55 114/1/55 115/1/55
f 113/1/55 115/1/55 116/1/55
f 114/1/56 117/1/56 118/1/56
f 114/1/56 118/1/56 115/1/56
f 117/1/57 119/1/57 120/1/57
f 117/1/57 120/1/57 118/1/57
f 119/1/58 121/1/58 122/1/58
f 119/1/58 122/1/58 120/1/58
f 121/1/59 123/1/59 124/1/59
f 121/1/59 124/1/59 122/1/59
f 123/1/60 125/1/60 126/1/60
f 123/1/60 126/1/60 124/1/60
f 125/1/61 127/1/61 128/1/61
f 125/1/61 128/1/61 126/1/61
f 127/1/62 129/1/62 130/1/62
f 127/1/62 130/1/62 128/1/62
f 129/1/63 131/1/63 132/1/63
f 129/1/63 132/1/63 130/1/63
f 131/1/64 133/1/64 134/1/64
f 131/1/64 134/1/64 132/1/64
f 133/1/65 135/1/65 136/1/65
f 133/1/65 136/1/65 134/1/65
f 135/1/66 137/1/66 138/1/66
f 135/1/66 138/1/66 136/1/66
f 137/1/67 139/1/67 140/1/67
f 137/1/67 140/1/67 138/1/67
f 139/1/68 141/1/68 142/1/68
f 139/1/68 142/1/68 140/1/68
f 141/1/69 143/1/69 144/1/69
f 141/1/69 144/1/69 142/1/69
f 143/1/70 145/1/70 146/1/70
f 143/1/70 146/1/70 144/1/70
f 145/1/71 147/1/71 148/1/71
f 145/1/71 148/1/71 146/1/71
f 147/1/72 149/1/72 150/1/72
f 147/1/72 150/1/72 148/1/72
f 149/1/73 151/1/73 152/1/73
f 149/1/73 152/1/73 150/1/73
f 151/1/74 153/1/74 154/1/74
f 151/1/74 154/1/74 152/1/74
f 153/1/75 155/1/75 156/1/75
f 153/1/75 156/1/75 154/1/75
f 155/1/76 157/1/76 158/1/76
f 155/1/76 158/1/76 156/1/76
f 157/1/77 159/1/77 160/1/77
f 157/1/77 160/1/77 158/1/77
f 159/1/78 113/1/78 116/1/78
f 159/1/78 116/1/78 160/1/78
f 116/1/54 115/1/54 161/1/54
f 116/1/54 161/1/54 162/1/54
f 115/1/54 118/1/54 163/1/54
f 115/1/54 163/1/54 161/1/54
f 118/1/54 120/1/54 164/1/54
f 118/1/54 164/1/54 163/1/54
f 120/1/54 122/1/54 165/1/54
f 120/1/54 165/1/54 164/1/54
f 122/1/54 124/1/54 166/1/54
f 122/1/54 166/1/54 165/1/54
f 124/1/54 126/1/54 167/1/54
f 124/1/54 167/1/54 166/1/54
f 126/1/54 128/1/54 168/1/54
f 126/1/54 168/1/54 167/1/54
f 128/1/54 130/1/54 169/1/54
f 128/1/54 169/1/54 168/1/54
f 130/1/54 132/1/54 170/1/54
f 130/1/54 170/1/54 169/1/54
f 132/1/54 134/1/54 171/1/54
f 132/1/54 171/1/54 170/1/54
f 134/1/54 136/1/54 172/1/54
f 134/1/54 172/1/54 171/1/54
f 136/1/54 138/1/54 173/1/54
f 136/1/54 173/1/54 172/1/54
f 138/1/54 140/1/54 174/1/54
f 138/1/54 174/1/54 173/1/54
f 140/1/54 142/1/54 175/1/54
f 140/1/54 175/1/54 174/1/54
f 142/1/54 144/1/54 176/1/54
f 142/1/54 176/1/54 175/1/54
f 144/1/54 146/1/54 177/1/54
f 144/1/54 177/1/54 176/1/54
f 146/1/54 148/1/54 178/1/54
f 146/1/54 178/1/54 177/1/54
f 148/1/54 150/1/54 179/1/54
f 148/1/54 179/1/54 178/1/54
f 150/1/54 152/1/54 180/1/54
f 150/1/54 180/1/54 179/1/54
f 152/1/54 154/1/54 181/1/54
f 152/1/54 181/1/54 180/1/54
f 154/1/54 156/1/54 182/1/54
f 154/1/54 182/1/54 181/1/54
f 156/1/54 158/1/54 183/1/54
f 156/1/54 183/1/54 182/1/54
f 158/1/54 160/1/54 184/1/54
f 158/1/54 184/1/54 183/1/54
f 160/1/54 116/1/54 162/1/54
f 160/1/54 162/1/54 184/1/54
f 162/1/79 161/1/79 185/1/79
f 162/1/79 185/1/79 186/1/79
f 161/1/80 163/1/80 187/1/80
f 161/1/80 187/1/80 185/1/80
f 163/1/81 164/1/81 188/1/81
f 163/1/81 188/1/81 187/1/81
f 164/1/82 165/1/82 189/1/82
f 164/1/82 189/1/82 188/1/82
f 165/1/83 166/1/83 190/1/83
f 165/1/83 190/1/83 189/1/83
f 166/1/84 167/1/84 191/1/84
f 166/1/84 191/1/84 190/1/84
f 167/1/85 168/1/85 192/1/85
f 167/1/85 192/1/85 191/1/85
f 168/1/86 169/1/86 193/1/86
f 168/1/86 193/1/86 192/1/86
f 169/1/87 170/1/87 194/1/87
f 169/1/87 194/1/87 193/1/87
f 170/1/88 171/1/88 195/1/88
f 170/1/88 195/1/88 194/1/88
f 171/1/89 172/1/89 196/1/89
f 171/1/89 196/1/89 195/1/89
f 172/1/90 173/1/90 197/1/90
f 172/1/90 197/1/90 196/1/90
f 173/1/91 174/1/91 198/1/91
f 173/1/91 198/1/91 197/1/91
f 174/1/92 175/1/92 199/1/92
f 174/1/92 199/1/92 198/1/92
f 175/1/93 176/1/93 200/1/93
f 175/1/93 200/1/93 199/1/93
f 176/1/94 177/1/94 201/1/94
f 176/1/94 201/1/94 200/1/94
f 177/1/95 178/1/95 202/1/95
f 177/1/95 202/1/95 201/1/95
f 178/1/96 179/1/96 203/1/96
f 178/1/96 203/1/96 202/1/96
f 179/1/97 180/1/97 204/1/97
f 179/1/97 204/1/97 203/1/97
f 180/1/98 181/1/98 205/1/98
f 180/1/98 205/1/98 204/1/98
f 181/1/99 182/1/99 206/1/99
f 181/1/99 206/1/99 205/1/99
f 182/1/100 183/1/100 207/1/100
f 182/1/100 207/1/100 206/1/100
f 183/1/101 184/1/101 208/1/101
f 183/1/101 208/1/101 207/1/101
f 184/1/102 162/1/102 186/1/102
f 184/1/102 186/1/102 208/1/102
f 186/1/29 185/1/29 114/1/29
f 186/1/29 114/1/29 113/1/29
f 185/1/29 187/1/29 117/1/29
f 185/1/29 117/1/29 114/1/29
f 187/1/29 188/1/29 119/1/29
f 187/1/29 119/1/29 117/1/29
f 188/1/29 189/1/29 121/1/29
f 188/1/29 121/1/29 119/1/29
f 189/1/29 190/1/29 123/1/29
f 189/1/29 123/1/29 121/1/29
f 190/1/29 191/1/29 125/1/29
f 190/1/29 125/1/29 123/1/29
f 191/1/29 192/1/29 127/1/29
f 191/1/29 127/1/29 125/1/29
f 192/1/29 193/1/29 129/1/29
f 192/1/29 129/1/29 127/1/29
f 193/1/29 194/1/29 131/1/29
f 193/1/29 131/1/29 129/1/29
f 194/1/29 195/1/29 133/1/29
f 194/1/29 133/1/29 131/1/29
f 195/1/29 196/1/29 135/1/29
f 195/1/29 135/1/29 133/1/29
f 196/1/29 197/1/29 137/1/29
f 196/1/29 137/1/29 135/1/29
f 197/1/29 198/1/29 139/1/29
f 197/1/29 139/1/29 137/1/29
f 198/1/29 199/1/29 141/1/29
f 198/1/29 141/1/29 139/1/29
f 199/1/29 200/1/29 143/1/29
f 199/1/29 143/1/29 141/1/29
f 200/1/29 201/1/29 145/1/29
f 200/1/29 145/1/29 143/1/29
f 201/1/29 202/1/29 147/1/29
f 201/1/29 147/1/29 145/1/29
f 202/1/29 203/1/29 149/1/29
f 202/1/29 149/1/29 147/1/29
f 203/1/29 204/1/29 151/1/29
f 203/1/29 151/1/29 149/1/29
f 204/1/29 205/1/29 153/1/29
f 204/1/29 153/1/29 151/1/29
f 205/1/29 206/1/29 155/1/29
f 205/1/29 155/1/29 153/1/29
f 206/1/29 207/1/29 157/1/29
f 206/1/29 157/1/29 155/1/29
f 207/1/29 208/1/29 159/1/29
f 207/1/29 159/1/29 157/1/29
f 208/1/29 186/1/29 113/1/29
f 208/1/29 113/1/29 159/1/29
usemtl mat_2
f 209/1/103 210/1/103 211/1/103
f 209/1/103 211/1/103 212/1/103
f 210/1/104 213/1/104 214/1/104
f 210/1/104 214/1/104 211/1/104
f 213/1/105 215/1/105 216/1/105
f 213/1/105 216/1/105 214/1/105
f 215/1/106 217/1/106 218/1/106
f 215/1/106 218/1/106 216/1/106
f 217/1/107 219/1/107 220/1/107
f 217/1/107 220/1/107 218/1/107
f 219/1/108 221/1/108 222/1/108
f 219/1/108 222/1/108 220/1/108
f 221/1/109 223/1/109 224/1/109
f 221/1/109 224/1/109 222/1/109
f 223/1/110 225/1/110 226/1/110
f 223/1/110 226/1/110 224/1/110
f 225/1/111 227/1/111 228/1/111
f 225/1/111 228/1/111 226/1/111
f 227/1/112 229/1/112 230/1/112
f 227/1/112 230/1/112 228/1/112
f 229/1/113 231/1/113 232/1/113
f 229/1/113 232/1/113 230/1/113
f 231/1/114 233/1/114 234/1/114
f 231/1/114 234/1/114 232/1/114
f 233/1/115 235/1/115 236/1/115
f 233/1/115 236/1/115 234/1/115
f 235/1/116 237/1/116 238/1/116
f 235/1/116 238/1/116 236/1/116
f 237/1/117 239/1/117 240/1/117
f 237/1/117 240/1/117 238/1/117
f 239/1/118 241/1/118 242/1/118
f 239/1/118 242/1/118 240/1/118
f 241/1/119 243/1/119 244/1/119
f 241/1/119 244/1/119 242/1/119
f 243/1/120 245/1/120 246/1/120
f 243/1/120 246/1/120 244/1/120
f 245/1/121 247/1/121 248/1/121
f 245/1/121 248/1/121 246/1/121
f 247/1/122 249/1/122 250/1/122
f 247/1/122 250/1/122 248/1/122
f 249/1/123 251/1/123 252/1/123
f 249/1/123 252/1/123 250/1/123
f 251/1/124 253/1/124 254/1/124
f 251/1/124 254/1/124 252/1/124
f 253/1/125 255/1/125 256/1/125
f 253/1/125 256/1/125 254/1/125
f 255/1/126 209/1/126 212/1/126
f 255/1/126 212/1/126 256/1/126
f 212/1/54 211/1/54 257/1/54
f 212/1/54 257/1/54 258/1/54
f 211/1/54 214/1/54 259/1/54
f 211/1/54 259/1/54 257/1/54
f 214/1/54 216/1/54 260/1/54
f 214/1/54 260/1/54 259/1/54
f 216/1/54 218/1/54 261/1/54
f 216/1/54 261/1/54 260/1/54
f 218/1/54 220/1/54 262/1/54
f 218/1/54 262/1/54 261/1/54
f 220/1/54 222/1/54 263/1/54
f 220/1/54 263/1/54 262/1/54
f 222/1/54 224/1/54 264/1/54
f 222/1/54 264/1/54 263/1/54
f 224/1/54 226/1/54 265/1/54
f 224/1/54 265/1/54 264/1/54
f 226/1/54 228/1/54 266/1/54
f 226/1/54 266/1/54 265/1/54
f 228/1/54 230/1/54 267/1/54
f 228/1/54 267/1/54 266/1/54
f 230/1/54 232/1/54 268/1/54
f 230/1/54 268/1/54 267/1/54
f 232/1/54 234/1/54 269/1/54
f 232/1/54 269/1/54 268/1/54
f 234/1/54 236/1/54 270/1/54
f 234/1/54 270/1/54 269/1/54
f 236/1/54 238/1/54 271/1/54
f 236/1/54 271/1/54 270/1/54
f 238/1/54 240/1/54 272/1/54
f 238/1/54 272/1/54 271/1/54
f 240/1/54 242/1/54 273/1/54
f 240/1/54 273/1/54 272/1/54
f 242/1/54 244/1/54 274/1/54
f 242/1/54 274/1/54 273/1/54
f 244/1/54 246/1/54 275/1/54
f 244/1/54 275/1/54 274/1/54
f 246/1/54 248/1/54 276/1/54
f 246/1/54 276/1/54 275/1/54
f 248/1/54 250/1/54 277/1/54
f 248/1/54 277/1/54 276/1/54
f 250/1/54 252/1/54 278/1/54
f 250/1/54 278/1/54 277/1/54
f 252/1/54 254/1/54 279/1/54
f 252/1/54 279/1/54 278/1/54
f 254/1/54 256/1/54 280/1/54
f 254/1/54 280/1/54 279/1/54
f 256/1/54 212/1/54 258/1/54
f 256/1/54 258/1/54 280/1/54
f 258/1/79 257/1/79 161/1/79
f 258/1/79 161/1/79 162/1/79
f 257/1/80 259/1/80 163/1/80
f 257/1/80 163/1/80 161/1/80
f 259/1/81 260/1/81 164/1/81
f 259/1/81 164/1/81 163/1/81
f 260/1/82 261/1/82 165/1/82
f 260/1/82 165/1/82 164/1/82
f 261/1/83 262/1/83 166/1/83
f 261/1/83 166/1/83 165/1/83
f 262/1/84 263/1/84 167/1/84
f 262/1/84 167/1/84 166/1/84
f 263/1/85 264/1/85 168/1/85
f 263/1/85 168/1/85 167/1/85
f 264/1/86 265/1/86 169/1/86
f 264/1/86 169/1/86 168/1/86
f 265/1/87 266/1/87 170/1/87
f 265/1/87 170/1/87 169/1/87
f 266/1/88 267/1/88 171/1/88
f 266/1/88 171/1/88 170/1/88
f 267/1/89 268/1/89 172/1/89
f 267/1/89 172/1/89 171/1/89
f 268/1/90 269/1/90 173/1/90
f 268/1/90 173/1/90 172/1/90
f 269/1/91 270/1/91 174/1/91
f 269/1/91 174/1/91 173/1/91
f 270/1/92 271/1/92 175/1/92
f 270/1/92 175/1/92 174/1/92
f 271/1/93 272/1/93 176/1/93
f 271/1/93 176/1/93 175/1/93
f 272/1/94 273/1/94 177/1/94
f 272/1/94 177/1/94 176/1/94
f 273/1/95 274/1/95 178/1/95
f 273/1/95 178/1/95 177/1/95
f 274/1/96 275/1/96 179/1/96
f 274/1/96 179/1/96 178/1/96
f 275/1/97 276/1/97 180/1/97
f 275/1/97 180/1/97 179/1/97
f 276/1/98 277/1/98 181/1/98
f 276/1/98 181/1/98 180/1/98
f 277/1/99 278/1/99 182/1/99
f 277/1/99 182/1/99 181/1/99
f 278/1/100 279/1/100 183/1/100
f 278/1/100 183/1/100 182/1/100
f 279/1/101 280/1/101 184/1/101
f 279/1/101 184/1/101 183/1/101
f 280/1/102 258/1/102 162/1/102
f 280/1/102 162/1/102 184/1/102
f 162/1/29 161/1/29 210/1/29
f 162/1/29 210/1/29 209/1/29
f 161/1/29 163/1/29 213/1/29
f 161/1/29 213/1/29 210/1/29
f 163/1/29 164/1/29 215/1/29
f 163/1/29 215/1/29 213/1/29
f 164/1/29 165/1/29 217/1/29
f 164/1/29 217/1/29 215/1/29
f 165/1/29 166/1/29 219/1/29
f 165/1/29 219/1/29 217/1/29
f 166/1/29 167/1/29 221/1/29
f 166/1/29 221/1/29 219/1/29
f 167/1/29 168/1/29 223/1/29
f 167/1/29 223/1/29 221/1/29
f 168/1/29 169/1/29 225/1/29
f 168/1/29 225/1/29 223/1/29
f 169/1/29 170/1/29 227/1/29
f 169/1/29 227/1/29 225/1/29
f 170/1/29 171/1/29 229/1/29
f 170/1/29 229/1/29 227/1/29
f 171/1/29 172/1/29 231/1/29
f 171/1/29 231/1/29 229/1/29
f 172/1/29 173/1/29 233/1/29
f 172/1/29 233/1/29 231/1/29
f 173/1/29 174/1/29 235/1/29
f 173/1/29 235/1/29 233/1/29
f 174/1/29 175/1/29 237/1/29
f 174/1/29 237/1/29 235/1/29
f 175/1/29 176/1/29 239/1/29
f 175/1/29 239/1/29 237/1/29
f 176/1/29 177/1/29 241/1/29
f 176/1/29 241/1/29 239/1/29
f 177/1/29 178/1/29 243/1/29
f 177/1/29 243/1/29 241/1/29
f 178/1/29 179/1/29 245/1/29
f 178/1/29 245/1/29 243/1/29
f 179/1/29 180/1/29 247/1/29
f 179/1/29 247/1/29 245/1/29
f 180/1/29 181/1/29 249/1/29
f 180/1/29 249/1/29 247/1/29
f 181/1/29 182/1/29 251/1/29
f 181/1/29 251/1/29 249/1/29
f 182/1/29 183/1/29 253/1/29
f 182/1/29 253/1/29 251/1/29
f 183/1/29 184/1/29 255/1/29
f 183/1/29 255/1/29 253/1/29
f 184/1/29 162/1/29 209/1/29
f 184/1/29 209/1/29 255/1/29
usemtl mat_1
f 281/1/29 282/1/29 283/1/29
f 283/1/29 284/1/29 285/1/29
f 285/1/29 286/1/29 281/1/29
f 283/1/29 285/1/29 281/1/29
f 287/1/54 288/1/54 289/1/54
f 289/1/54 290/1/54 291/1/54
f 291/1/54 292/1/54 287/1/54
f 289/1/54 291/1/54 287/1/54
f 281/1/127 286/1/127 289/1/127
f 281/1/127 289/1/127 288/1/127
f 286/1/128 285/1/128 290/1/128
f 286/1/128 290/1/128 289/1/128
f 285/1/129 284/1/129 291/1/129
f 285/1/129 291/1/129 290/1/129
f 284/1/130 283/1/130 292/1/130
f 284/1/130 292/1/130 291/1/130
f 283/1/131 282/1/131 287/1/131
f 283/1/131 287/1/131 292/1/131
f 282/1/132 281/1/132 288/1/132
f 282/1/132 288/1/132 287/1/132
f 293/1/29 294/1/29 295/1/29
f 295/1/29 296/1/29 297/1/29
f 297/1/29 298/1/29 293/1/29
f 295/1/29 297/1/29 293/1/29
f 299/1/54 300/1/54 301/1/54
f 301/1/54 302/1/54 303/1/54
f 303/1/54 304/1/54 299/1/54
f 301/1/54 303/1/54 299/1/54
f 293/1/127 298/1/127 301/1/127
f 293/1/127 301/1/127 300/1/127
f 298/1/128 297/1/128 302/1/128
f 298/1/128 302/1/128 301/1/128
f 297/1/129 296/1/129 303/1/129
f 297/1/129 303/1/129 302/1/129
f 296/1/130 295/1/130 304/1/130
f 296/1/130 304/1/130 303/1/130
f 295/1/131 294/1/131 299/1/131
f 295/1/131 299/1/131 304/1/131
f 294/1/132 293/1/132 300/1/132
f 294/1/132 300/1/132 299/1/132
f 305/1/29 306/1/29 307/1/29
f 307/1/29 308/1/29 309/1/29
f 309/1/29 310/1/29 305/1/29
f 307/1/29 309/1/29 305/1/29
f 311/1/54 312/1/54 313/1/54
f 313/1/54 314/1/54 315/1/54
f 315/1/54 316/1/54 311/1/54
f 313/1/54 315/1/54 311/1/54
f 305/1/127 310/1/127 313/1/127
f 305/1/127 313/1/127 312/1/127
f 310/1/128 309/1/128 314/1/128
f 310/1/128 314/1/128 313/1/128
f 309/1/129 308/1/129 315/1/129
f 309/1/129 315/1/129 314/1/129
f 308/1/130 307/1/130 316/1/130
f 308/1/130 316/1/130 315/1/130
f 307/1/131 306/1/131 311/1/131
f 307/1/131 311/1/131 316/1/131
f 306/1/132 305/1/132 312/1/132
f 306/1/132 312/1/132 311/1/132
f 317/1/29 318/1/29 319/1/29
f 319/1/29 320/1/29 321/1/29
f 321/1/29 322/1/29 317/1/29
f 319/1/29 321/1/29 317/1/29
f 323/1/54 324/1/54 325/1/54
f 325/1/54 326/1/54 327/1/54
f 327/1/54 328/1/54 323/1/54
f 325/1/54 327/1/54 323/1/54
f 317/1/127 322/1/127 325/1/127
f 317/1/127 325/1/127 324/1/127
f 322/1/128 321/1/128 326/1/128
f 322/1/128 326/1/128 325/1/128
f 321/1/133 320/1/133 327/1/133
f 321/1/133 327/1/133 326/1/133
f 320/1/134 319/1/134 328/1/134
f 320/1/134 328/1/134 327/1/134
f 319/1/131 318/1/131 323/1/131
f 319/1/131 323/1/131 328/1/131
f 318/1/132 317/1/132 324/1/132
f 318/1/132 324/1/132 323/1/132
f 329/1/29 330/1/29 331/1/29
f 331/1/29 332/1/29 333/1/29
f 333/1/29 334/1/29 329/1/29
f 331/1/29 333/1/29 329/1/29
f 335/1/54 336/1/54 337/1/54
f 337/1/54 338/1/54 339/1/54
f 339/1/54 340/1/54 335/1/54
f 337/1/54 339/1/54 335/1/54
f 329/1/135 334/1/135 337/1/135
f 329/1/135 337/1/135 336/1/135
f 334/1/128 333/1/128 338/1/128
f 334/1/128 338/1/128 337/1/128
f 333/1/133 332/1/133 339/1/133
f 333/1/133 339/1/133 338/1/133
f 332/1/134 331/1/134 340/1/134
f 332/1/134 340/1/134 339/1/134
f 331/1/131 330/1/131 335/1/131
f 331/1/131 335/1/131 340/1/131
f 330/1/136 329/1/136 336/1/136
f 330/1/136 336/1/136 335/1/136
f 341/1/29 342/1/29 343/1/29
f 343/1/29 344/1/29 345/1/29
f 345/1/29 346/1/29 341/1/29
f 343/1/29 345/1/29 341/1/29
f 347/1/54 348/1/54 349/1/54
f 349/1/54 350/1/54 351/1/54
f 351/1/54 352/1/54 347/1/54
f 349/1/54 351/1/54 347/1/54
f 341/1/137 346/1/137 349/1/137
f 341/1/137 349/1/137 348/1/137
f 346/1/128 345/1/128 350/1/128
f 346/1/128 350/1/128 349/1/128
f 345/1/138 344/1/138 351/1/138
f 345/1/138 351/1/138 350/1/138
f 344/1/139 343/1/139 352/1/139
f 344/1/139 352/1/139 351/1/139
f 343/1/131 342/1/131 347/1/131
f 343/1/131 347/1/131 352/1/131
f 342/1/140 341/1/140 348/1/140
f 342/1/140 348/1/140 347/1/140
f 353/1/29 354/1/29 355/1/29
f 355/1/29 356/1/29 357/1/29
f 357/1/29 358/1/29 353/1/29
f 355/1/29 357/1/29 353/1/29
f 359/1/54 360/1/54 361/1/54
f 361/1/54 362/1/54 363/1/54
f 363/1/54 364/1/54 359/1/54
f 361/1/54 363/1/54 359/1/54
f 353/1/137 358/1/137 361/1/137
f 353/1/137 361/1/137 360/1/137
f 358/1/128 357/1/128 362/1/128
f 358/1/128 362/1/128 361/1/128
f 357/1/138 356/1/138 363/1/138
f 357/1/138 363/1/138 362/1/138
f 356/1/139 355/1/139 364/1/139
f 356/1/139 364/1/139 363/1/139
f 355/1/131 354/1/131 359/1/131
f 355/1/131 359/1/131 364/1/131
f 354/1/140 353/1/140 360/1/140
f 354/1/140 360/1/140 359/1/140
f 365/1/29 366/1/29 367/1/29
f 367/1/29 368/1/29 369/1/29
f 369/1/29 370/1/29 365/1/29
f 367/1/29 369/1/29 365/1/29
f 371/1/54 372/1/54 373/1/54
f 373/1/54 374/1/54 375/1/54
f 375/1/54 376/1/54 371/1/54
f 373/1/54 375/1/54 371/1/54
f 365/1/137 370/1/137 373/1/137
f 365/1/137 373/1/137 372/1/137
f 370/1/128 369/1/128 374/1/128
f 370/1/128 374/1/128 373/1/128
f 369/1/138 368/1/138 375/1/138
f 369/1/138 375/1/138 374/1/138
f 368/1/139 367/1/139 376/1/139
f 368/1/139 376/1/139 375/1/139
f 367/1/131 366/1/131 371/1/131
f 367/1/131 371/1/131 376/1/131
f 366/1/140 365/1/140 372/1/140
f 366/1/140 372/1/140 371/1/140
f 377/1/29 378/1/29 379/1/29
f 379/1/29 380/1/29 381/1/29
f 381/1/29 382/1/29 377/1/29
f 379/1/29 381/1/29 377/1/29
f 383/1/54 384/1/54 385/1/54
f 385/1/54 386/1/54 387/1/54
f 387/1/54 388/1/54 383/1/54
f 385/1/54 387/1/54 383/1/54
f 377/1/135 382/1/135 385/1/135
f 377/1/135 385/1/135 384/1/135
f 382/1/128 381/1/128 386/1/128
f 382/1/128 386/1/128 385/1/128
f 381/1/133 380/1/133 387/1/133
f 381/1/133 387/1/133 386/1/133
f 380/1/134 379/1/134 388/1/134
f 380/1/134 388/1/134 387/1/134
f 379/1/131 378/1/131 383/1/131
f 379/1/131 383/1/131 388/1/131
f 378/1/136 377/1/136 384/1/136
f 378/1/136 384/1/136 383/1/136
f 389/1/29 390/1/29 391/1/29
f 391/1/29 392/1/29 393/1/29
f 393/1/29 394/1/29 389/1/29
f 391/1/29 393/1/29 389/1/29
f 395/1/54 396/1/54 397/1/54
f 397/1/54 398/1/54 399/1/54
f 399/1/54 400/1/54 395/1/54
f 397/1/54 399/1/54 395/1/54
f 389/1/127 394/1/127 397/1/127
f 389/1/127 397/1/127 396/1/127
f 394/1/128 393/1/128 398/1/128
f 394/1/128 398/1/128 397/1/128
f 393/1/133 392/1/133 399/1/133
f 393/1/133 399/1/133 398/1/133
f 392/1/134 391/1/134 400/1/134
f 392/1/134 400/1/134 399/1/134
f 391/1/131 390/1/131 395/1/131
f 391/1/131 395/1/131 400/1/131
f 390/1/132 389/1/132 396/1/132
f 390/1/132 396/1/132 395/1/132
f 401/1/29 402/1/29 403/1/29
f 403/1/29 404/1/29 405/1/29
f 405/1/29 406/1/29 401/1/29
f 403/1/29 405/1/29 401/1/29
f 407/1/54 408/1/54 409/1/54
f 409/1/54 410/1/54 411/1/54
f 411/1/54 412/1/54 407/1/54
f 409/1/54 411/1/54 407/1/54
f 401/1/127 406/1/127 409/1/127
f 401/1/127 409/1/127 408/1/127
f 406/1/128 405/1/128 410/1/128
f 406/1/128 410/1/128 409/1/128
f 405/1/129 404/1/129 411/1/129
f 405/1/129 411/1/129 410/1/129
f 404/1/130 403/1/130 412/1/130
f 404/1/130 412/1/130 411/1/130
f 403/1/131 402/1/131 407/1/131
f 403/1/131 407/1/131 412/1/131
f 402/1/132 401/1/132 408/1/132
f 402/1/132 408/1/132 407/1/132
f 413/1/29 414/1/29 415/1/29
f 415/1/29 416/1/29 417/1/29
f 417/1/29 418/1/29 413/1/29
f 415/1/29 417/1/29 413/1/29
f 419/1/54 420/1/54 421/1/54
f 421/1/54 422/1/54 423/1/54
f 423/1/54 424/1/54 419/1/54
f 421/1/54 423/1/54 419/1/54
f 413/1/127 418/1/127 421/1/127
f 413/1/127 421/1/127 420/1/127
f 418/1/128 417/1/128 422/1/128
f 418/1/128 422/1/128 421/1/128
f 417/1/129 416/1/129 423/1/129
f 417/1/129 423/1/129 422/1/129
f 416/1/130 415/1/130 424/1/130
f 416/1/130 424/1/130 423/1/130
f 415/1/131 414/1/131 419/1/131
f 415/1/131 419/1/131 424/1/131
f 414/1/132 413/1/132 420/1/132
f 414/1/132 420/1/132 419/1/132
usemtl mat_0
f 425/1/141 426/1/141 427/1/141
f 425/1/141 427/1/141 428/1/141
f 426/1/142 429/1/142 430/1/142
f 426/1/142 430/1/142 427/1/142
f 429/1/143 431/1/143 432/1/143
f 429/1/143 432/1/143 430/1/143
f 431/1/144 433/1/144 434/1/144
f 431/1/144 434/1/144 432/1/144
f 433/1/145 435/1/145 436/1/145
f 433/1/145 436/1/145 434/1/145
f 435/1/146 437/1/146 438/1/146
f 435/1/146 438/1/146 436/1/146
f 437/1/147 439/1/147 440/1/147
f 437/1/147 440/1/147 438/1/147
f 439/1/148 441/1/148 442/1/148
f 439/1/148 442/1/148 440/1/148
f 441/1/149 443/1/149 444/1/149
f 441/1/149 444/1/149 442/1/149
f 443/1/150 445/1/150 446/1/150
f 443/1/150 446/1/150 444/1/150
f 445/1/151 447/1/151 448/1/151
f 445/1/151 448/1/151 446/1/151
f 447/1/152 449/1/152 450/1/152
f 447/1/152 450/1/152 448/1/152
f 449/1/153 451/1/153 452/1/153
f 449/1/153 452/1/153 450/1/153
f 451/1/154 453/1/154 454/1/154
f 451/1/154 454/1/154 452/1/154
f 453/1/155 455/1/155 456/1/155
f 453/1/155 456/1/155 454/1/155
f 455/1/156 457/1/156 458/1/156
f 455/1/156 458/1/156 456/1/156
f 457/1/157 459/1/157 460/1/157
f 457/1/157 460/1/157 458/1/157
f 459/1/158 461/1/158 462/1/158
f 459/1/158 462/1/158 460/1/158
f 461/1/159 463/1/159 464/1/159
f 461/1/159 464/1/159 462/1/159
f 463/1/160 465/1/160 466/1/160
f 463/1/160 466/1/160 464/1/160
f 465/1/161 467/1/161 468/1/161
f 465/1/161 468/1/161 466/1/161
f 467/1/162 469/1/162 470/1/162
f 467/1/162 470/1/162 468/1/162
f 469/1/163 471/1/163 472/1/163
f 469/1/163 472/1/163 470/1/163
f 471/1/164 425/1/164 428/1/164
f 471/1/164 428/1/164 472/1/164
f 428/1/29 427/1/29 473/1/29
f 428/1/29 473/1/29 86/1/29
f 427/1/29 430/1/29 474/1/29
f 427/1/29 474/1/29 473/1/29
f 430/1/29 432/1/29 475/1/29
f 430/1/29 475/1/29 474/1/29
f 432/1/29 434/1/29 476/1/29
f 432/1/29 476/1/29 475/1/29
f 434/1/29 436/1/29 477/1/29
f 434/1/29 477/1/29 476/1/29
f 436/1/29 438/1/29 92/1/29
f 436/1/29 92/1/29 477/1/29
f 438/1/29 440/1/29 478/1/29
f 438/1/29 478/1/29 92/1/29
f 440/1/29 442/1/29 479/1/29
f 440/1/29 479/1/29 478/1/29
f 442/1/29 444/1/29 480/1/29
f 442/1/29 480/1/29 479/1/29
f 444/1/29 446/1/29 481/1/29
f 444/1/29 481/1/29 480/1/29
f 446/1/29 448/1/29 482/1/29
f 446/1/29 482/1/29 481/1/29
f 448/1/29 450/1/29 99/1/29
f 448/1/29 99/1/29 482/1/29
f 450/1/29 452/1/29 483/1/29
f 450/1/29 483/1/29 99/1/29
f 452/1/29 454/1/29 484/1/29
f 452/1/29 484/1/29 483/1/29
f 454/1/29 456/1/29 485/1/29
f 454/1/29 485/1/29 484/1/29
f 456/1/29 458/1/29 486/1/29
f 456/1/29 486/1/29 485/1/29
f 458/1/29 460/1/29 487/1/29
f 458/1/29 487/1/29 486/1/29
f 460/1/29 462/1/29 106/1/29
f 460/1/29 106/1/29 487/1/29
f 462/1/29 464/1/29 488/1/29
f 462/1/29 488/1/29 106/1/29
f 464/1/29 466/1/29 489/1/29
f 464/1/29 489/1/29 488/1/29
f 466/1/29 468/1/29 490/1/29
f 466/1/29 490/1/29 489/1/29
f 468/1/29 470/1/29 491/1/29
f 468/1/29 491/1/29 490/1/29
f 470/1/29 472/1/29 492/1/29
f 470/1/29 492/1/29 491/1/29
f 472/1/29 428/1/29 86/1/29
f 472/1/29 86/1/29 492/1/29
f 86/1/90 473/1/90 196/1/90
f 86/1/90 196/1/90 197/1/90
f 473/1/89 474/1/89 195/1/89
f 473/1/89 195/1/89 196/1/89
f 474/1/88 475/1/88 194/1/88
f 474/1/88 194/1/88 195/1/88
f 475/1/87 476/1/87 193/1/87
f 475/1/87 193/1/87 194/1/87
f 476/1/86 477/1/86 192/1/86
f 476/1/86 192/1/86 193/1/86
f 477/1/85 92/1/85 191/1/85
f 477/1/85 191/1/85 192/1/85
f 92/1/84 478/1/84 190/1/84
f 92/1/84 190/1/84 191/1/84
f 478/1/83 479/1/83 189/1/83
f 478/1/83 189/1/83 190/1/83
f 479/1/82 480/1/82 188/1/82
f 479/1/82 188/1/82 189/1/82
f 480/1/81 481/1/81 187/1/81
f 480/1/81 187/1/81 188/1/81
f 481/1/80 482/1/80 185/1/80
f 481/1/80 185/1/80 187/1/80
f 482/1/79 99/1/79 186/1/79
f 482/1/79 186/1/79 185/1/79
f 99/1/102 483/1/102 208/1/102
f 99/1/102 208/1/102 186/1/102
f 483/1/101 484/1/101 207/1/101
f 483/1/101 207/1/101 208/1/101
f 484/1/100 485/1/100 206/1/100
f 484/1/100 206/1/100 207/1/100
f 485/1/99 486/1/99 205/1/99
f 485/1/99 205/1/99 206/1/99
f 486/1/98 487/1/98 204/1/98
f 486/1/98 204/1/98 205/1/98
f 487/1/97 106/1/97 203/1/97
f 487/1/97 203/1/97 204/1/97
f 106/1/96 488/1/96 202/1/96
f 106/1/96 202/1/96 203/1/96
f 488/1/95 489/1/95 201/1/95
f 488/1/95 201/1/95 202/1/95
f 489/1/94 490/1/94 200/1/94
f 489/1/94 200/1/94 201/1/94
f 490/1/93 491/1/93 199/1/93
f 490/1/93 199/1/93 200/1/93
f 491/1/92 492/1/92 198/1/92
f 491/1/92 198/1/92 199/1/92
f 492/1/91 86/1/91 197/1/91
f 492/1/91 197/1/91 198/1/91
f 197/1/54 196/1/54 426/1/54
f 197/1/54 426/1/54 425/1/54
f 196/1/54 195/1/54 429/1/54
f 196/1/54 429/1/54 426/1/54
f 195/1/54 194/1/54 431/1/54
f 195/1/54 431/1/54 429/1/54
f 194/1/54 193/1/54 433/1/54
f 194/1/54 433/1/54 431/1/54
f 193/1/54 192/1/54 435/1/54
f 193/1/54 435/1/54 433/1/54
f 192/1/54 191/1/54 437/1/54
f 192/1/54 437/1/54 435/1/54
f 191/1/54 190/1/54 439/1/54
f 191/1/54 439/1/54 437/1/54
f 190/1/54 189/1/54 441/1/54
f 190/1/54 441/1/54 439/1/54
f 189/1/54 188/1/54 443/1/54
f 189/1/54 443/1/54 441/1/54
f 188/1/54 187/1/54 445/1/54
f 188/1/54 445/1/54 443/1/54
f 187/1/54 185/1/54 447/1/54
f 187/1/54 447/1/54 445/1/54
f 185/1/54 186/1/54 449/1/54
f 185/1/54 449/1/54 447/1/54
f 186/1/54 208/1/54 451/1/54
f 186/1/54 451/1/54 449/1/54
f 208/1/54 207/1/54 453/1/54
f 208/1/54 453/1/54 451/1/54
f 207/1/54 206/1/54 455/1/54
f 207/1/54 455/1/54 453/1/54
f 206/1/54 205/1/54 457/1/54
f 206/1/54 457/1/54 455/1/54
f 205/1/54 204/1/54 459/1/54
f 205/1/54 459/1/54 457/1/54
f 204/1/54 203/1/54 461/1/54
f 204/1/54 461/1/54 459/1/54
f 203/1/54 202/1/54 463/1/54
f 203/1/54 463/1/54 461/1/54
f 202/1/54 201/1/54 465/1/54
f 202/1/54 465/1/54 463/1/54
f 201/1/54 200/1/54 467/1/54
f 201/1/54 467/1/54 465/1/54
f 200/1/54 199/1/54 469/1/54
f 200/1/54 469/1/54 467/1/54
f 199/1/54 198/1/54 471/1/54
f 199/1/54 471/1/54 469/1/54
f 198/1/54 197/1/54 425/1/54
f 198/1/54 425/1/54 471/1/54
usemtl mat_1
f 493/1/66 494/1/66 495/1/66
f 493/1/66 495/1/66 496/1/66
f 494/1/65 497/1/65 498/1/65
f 494/1/65 498/1/65 495/1/65
f 497/1/64 499/1/64 500/1/64
f 497/1/64 500/1/64 498/1/64
f 499/1/63 501/1/63 502/1/63
f 499/1/63 502/1/63 500/1/63
f 501/1/62 503/1/62 504/1/62
f 501/1/62 504/1/62 502/1/62
f 503/1/61 505/1/61 506/1/61
f 503/1/61 506/1/61 504/1/61
f 505/1/60 507/1/60 508/1/60
f 505/1/60 508/1/60 506/1/60
f 507/1/59 509/1/59 510/1/59
f 507/1/59 510/1/59 508/1/59
f 509/1/58 511/1/58 512/1/58
f 509/1/58 512/1/58 510/1/58
f 511/1/57 513/1/57 514/1/57
f 511/1/57 514/1/57 512/1/57
f 513/1/56 515/1/56 516/1/56
f 513/1/56 516/1/56 514/1/56
f 515/1/55 517/1/55 518/1/55
f 515/1/55 518/1/55 516/1/55
f 517/1/78 519/1/78 520/1/78
f 517/1/78 520/1/78 518/1/78
f 519/1/77 521/1/77 522/1/77
f 519/1/77 522/1/77 520/1/77
f 521/1/76 523/1/76 524/1/76
f 521/1/76 524/1/76 522/1/76
f 523/1/75 525/1/75 526/1/75
f 523/1/75 526/1/75 524/1/75
f 525/1/74 527/1/74 528/1/74
f 525/1/74 528/1/74 526/1/74
f 527/1/73 529/1/73 530/1/73
f 527/1/73 530/1/73 528/1/73
f 529/1/72 531/1/72 532/1/72
f 529/1/72 532/1/72 530/1/72
f 531/1/71 533/1/71 534/1/71
f 531/1/71 534/1/71 532/1/71
f 533/1/70 535/1/70 536/1/70
f 533/1/70 536/1/70 534/1/70
f 535/1/69 537/1/69 538/1/69
f 535/1/69 538/1/69 536/1/69
f 537/1/68 539/1/68 540/1/68
f 537/1/68 540/1/68 538/1/68
f 539/1/67 493/1/67 496/1/67
f 539/1/67 496/1/67 540/1/67
f 496/1/29 495/1/29 541/1/29
f 496/1/29 541/1/29 542/1/29
f 495/1/29 498/1/29 543/1/29
f 495/1/29 543/1/29 541/1/29
f 498/1/29 500/1/29 544/1/29
f 498/1/29 544/1/29 543/1/29
f 500/1/29 502/1/29 545/1/29
f 500/1/29 545/1/29 544/1/29
f 502/1/29 504/1/29 546/1/29
f 502/1/29 546/1/29 545/1/29
f 504/1/29 506/1/29 547/1/29
f 504/1/29 547/1/29 546/1/29
f 506/1/29 508/1/29 548/1/29
f 506/1/29 548/1/29 547/1/29
f 508/1/29 510/1/29 549/1/29
f 508/1/29 549/1/29 548/1/29
f 510/1/29 512/1/29 550/1/29
f 510/1/29 550/1/29 549/1/29
f 512/1/29 514/1/29 551/1/29
f 512/1/29 551/1/29 550/1/29
f 514/1/29 516/1/29 552/1/29
f 514/1/29 552/1/29 551/1/29
f 516/1/29 518/1/29 553/1/29
f 516/1/29 553/1/29 552/1/29
f 518/1/29 520/1/29 554/1/29
f 518/1/29 554/1/29 553/1/29
f 520/1/29 522/1/29 555/1/29
f 520/1/29 555/1/29 554/1/29
f 522/1/29 524/1/29 556/1/29
f 522/1/29 556/1/29 555/1/29
f 524/1/29 526/1/29 557/1/29
f 524/1/29 557/1/29 556/1/29
f 526/1/29 528/1/29 558/1/29
f 526/1/29 558/1/29 557/1/29
f 528/1/29 530/1/29 559/1/29
f 528/1/29 559/1/29 558/1/29
f 530/1/29 532/1/29 560/1/29
f 530/1/29 560/1/29 559/1/29
f 532/1/29 534/1/29 561/1/29
f 532/1/29 561/1/29 560/1/29
f 534/1/29 536/1/29 562/1/29
f 534/1/29 562/1/29 561/1/29
f 536/1/29 538/1/29 563/1/29
f 536/1/29 563/1/29 562/1/29
f 538/1/29 540/1/29 564/1/29
f 538/1/29 564/1/29 563/1/29
f 540/1/29 496/1/29 542/1/29
f 540/1/29 542/1/29 564/1/29
f 542/1/90 541/1/90 565/1/90
f 542/1/90 565/1/90 566/1/90
f 541/1/89 543/1/89 567/1/89
f 541/1/89 567/1/89 565/1/89
f 543/1/88 544/1/88 568/1/88
f 543/1/88 568/1/88 567/1/88
f 544/1/87 545/1/87 569/1/87
f 544/1/87 569/1/87 568/1/87
f 545/1/86 546/1/86 570/1/86
f 545/1/86 570/1/86 569/1/86
f 546/1/85 547/1/85 571/1/85
f 546/1/85 571/1/85 570/1/85
f 547/1/84 548/1/84 572/1/84
f 547/1/84 572/1/84 571/1/84
f 548/1/83 549/1/83 573/1/83
f 548/1/83 573/1/83 572/1/83
f 549/1/82 550/1/82 574/1/82
f 549/1/82 574/1/82 573/1/82
f 550/1/81 551/1/81 575/1/81
f 550/1/81 575/1/81 574/1/81
f 551/1/80 552/1/80 576/1/80
f 551/1/80 576/1/80 575/1/80
f 552/1/79 553/1/79 577/1/79
f 552/1/79 577/1/79 576/1/79
f 553/1/102 554/1/102 578/1/102
f 553/1/102 578/1/102 577/1/102
f 554/1/101 555/1/101 579/1/101
f 554/1/101 579/1/101 578/1/101
f 555/1/100 556/1/100 580/1/100
f 555/1/100 580/1/100 579/1/100
f 556/1/99 557/1/99 581/1/99
f 556/1/99 581/1/99 580/1/99
f 557/1/98 558/1/98 582/1/98
f 557/1/98 582/1/98 581/1/98
f 558/1/97 559/1/97 583/1/97
f 558/1/97 583/1/97 582/1/97
f 559/1/96 560/1/96 584/1/96
f 559/1/96 584/1/96 583/1/96
f 560/1/95 561/1/95 585/1/95
f 560/1/95 585/1/95 584/1/95
f 561/1/94 562/1/94 586/1/94
f 561/1/94 586/1/94 585/1/94
f 562/1/93 563/1/93 587/1/93
f 562/1/93 587/1/93 586/1/93
f 563/1/92 564/1/92 588/1/92
f 563/1/92 588/1/92 587/1/92
f 564/1/91 542/1/91 566/1/91
f 564/1/91 566/1/91 588/1/91
f 566/1/54 565/1/54 494/1/54
f 566/1/54 494/1/54 493/1/54
f 565/1/54 567/1/54 497/1/54
f 565/1/54 497/1/54 494/1/54
f 567/1/54 568/1/54 499/1/54
f 567/1/54 499/1/54 497/1/54
f 568/1/54 569/1/54 501/1/54
f 568/1/54 501/1/54 499/1/54
f 569/1/54 570/1/54 503/1/54
f 569/1/54 503/1/54 501/1/54
f 570/1/54 571/1/54 505/1/54
f 570/1/54 505/1/54 503/1/54
f 571/1/54 572/1/54 507/1/54
f 571/1/54 507/1/54 505/1/54
f 572/1/54 573/1/54 509/1/54
f 572/1/54 509/1/54 507/1/54
f 573/1/54 574/1/54 511/1/54
f 573/1/54 511/1/54 509/1/54
f 574/1/54 575/1/54 513/1/54
f 574/1/54 513/1/54 511/1/54
f 575/1/54 576/1/54 515/1/54
f 575/1/54 515/1/54 513/1/54
f 576/1/54 577/1/54 517/1/54
f 576/1/54 517/1/54 515/1/54
f 577/1/54 578/1/54 519/1/54
f 577/1/54 519/1/54 517/1/54
f 578/1/54 579/1/54 521/1/54
f 578/1/54 521/1/54 519/1/54
f 579/1/54 580/1/54 523/1/54
f 579/1/54 523/1/54 521/1/54
f 580/1/54 581/1/54 525/1/54
f 580/1/54 525/1/54 523/1/54
f 581/1/54 582/1/54 527/1/54
f 581/1/54 527/1/54 525/1/54
f 582/1/54 583/1/54 529/1/54
f 582/1/54 529/1/54 527/1/54
f 583/1/54 584/1/54 531/1/54
f 583/1/54 531/1/54 529/1/54
f 584/1/54 585/1/54 533/1/54
f 584/1/54 533/1/54 531/1/54
f 585/1/54 586/1/54 535/1/54
f 585/1/54 535/1/54 533/1/54
f 586/1/54 587/1/54 537/1/54
f 586/1/54 537/1/54 535/1/54
f 587/1/54 588/1/54 539/1/54
f 587/1/54 539/1/54 537/1/54
f 588/1/54 566/1/54 493/1/54
f 588/1/54 493/1/54 539/1/54
usemtl mat_2
f 589/1/114 590/1/114 591/1/114
f 589/1/114 591/1/114 592/1/114
f 590/1/113 593/1/113 594/1/113
f 590/1/113 594/1/113 591/1/113
f 593/1/112 595/1/112 596/1/112
f 593/1/112 596/1/112 594/1/112
f 595/1/111 597/1/111 598/1/111
f 595/1/111 598/1/111 596/1/111
f 597/1/110 599/1/110 600/1/110
f 597/1/110 600/1/110 598/1/110
f 599/1/109 601/1/109 602/1/109
f 599/1/109 602/1/109 600/1/109
f 601/1/108 603/1/108 604/1/108
f 601/1/108 604/1/108 602/1/108
f 603/1/107 605/1/107 606/1/107
f 603/1/107 606/1/107 604/1/107
f 605/1/106 607/1/106 608/1/106
f 605/1/106 608/1/106 606/1/106
f 607/1/105 609/1/105 610/1/105
f 607/1/105 610/1/105 608/1/105
f 609/1/104 611/1/104 612/1/104
f 609/1/104 612/1/104 610/1/104
f 611/1/103 613/1/103 614/1/103
f 611/1/103 614/1/103 612/1/103
f 613/1/126 615/1/126 616/1/126
f 613/1/126 616/1/126 614/1/126
f 615/1/125 617/1/125 618/1/125
f 615/1/125 618/1/125 616/1/125
f 617/1/124 619/1/124 620/1/124
f 617/1/124 620/1/124 618/1/124
f 619/1/123 621/1/123 622/1/123
f 619/1/123 622/1/123 620/1/123
f 621/1/122 623/1/122 624/1/122
f 621/1/122 624/1/122 622/1/122
f 623/1/121 625/1/121 626/1/121
f 623/1/121 626/1/121 624/1/121
f 625/1/120 627/1/120 628/1/120
f 625/1/120 628/1/120 626/1/120
f 627/1/119 629/1/119 630/1/119
f 627/1/119 630/1/119 628/1/119
f 629/1/118 631/1/118 632/1/118
f 629/1/118 632/1/118 630/1/118
f 631/1/117 633/1/117 634/1/117
f 631/1/117 634/1/117 632/1/117
f 633/1/116 635/1/116 636/1/116
f 633/1/116 636/1/116 634/1/116
f 635/1/115 589/1/115 592/1/115
f 635/1/115 592/1/115 636/1/115
f 592/1/29 591/1/29 637/1/29
f 592/1/29 637/1/29 638/1/29
f 591/1/29 594/1/29 639/1/29
f 591/1/29 639/1/29 637/1/29
f 594/1/29 596/1/29 640/1/29
f 594/1/29 640/1/29 639/1/29
f 596/1/29 598/1/29 641/1/29
f 596/1/29 641/1/29 640/1/29
f 598/1/29 600/1/29 642/1/29
f 598/1/29 642/1/29 641/1/29
f 600/1/29 602/1/29 643/1/29
f 600/1/29 643/1/29 642/1/29
f 602/1/29 604/1/29 644/1/29
f 602/1/29 644/1/29 643/1/29
f 604/1/29 606/1/29 645/1/29
f 604/1/29 645/1/29 644/1/29
f 606/1/29 608/1/29 646/1/29
f 606/1/29 646/1/29 645/1/29
f 608/1/29 610/1/29 647/1/29
f 608/1/29 647/1/29 646/1/29
f 610/1/29 612/1/29 648/1/29
f 610/1/29 648/1/29 647/1/29
f 612/1/29 614/1/29 649/1/29
f 612/1/29 649/1/29 648/1/29
f 614/1/29 616/1/29 650/1/29
f 614/1/29 650/1/29 649/1/29
f 616/1/29 618/1/29 651/1/29
f 616/1/29 651/1/29 650/1/29
f 618/1/29 620/1/29 652/1/29
f 618/1/29 652/1/29 651/1/29
f 620/1/29 622/1/29 653/1/29
f 620/1/29 653/1/29 652/1/29
f 622/1/29 624/1/29 654/1/29
f 622/1/29 654/1/29 653/1/29
f 624/1/29 626/1/29 655/1/29
f 624/1/29 655/1/29 654/1/29
f 626/1/29 628/1/29 656/1/29
f 626/1/29 656/1/29 655/1/29
f 628/1/29 630/1/29 657/1/29
f 628/1/29 657/1/29 656/1/29
f 630/1/29 632/1/29 658/1/29
f 630/1/29 658/1/29 657/1/29
f 632/1/29 634/1/29 659/1/29
f 632/1/29 659/1/29 658/1/29
f 634/1/29 636/1/29 660/1/29
f 634/1/29 660/1/29 659/1/29
f 636/1/29 592/1/29 638/1/29
f 636/1/29 638/1/29 660/1/29
f 638/1/90 637/1/90 541/1/90
f 638/1/90 541/1/90 542/1/90
f 637/1/89 639/1/89 543/1/89
f 637/1/89 543/1/89 541/1/89
f 639/1/88 640/1/88 544/1/88
f 639/1/88 544/1/88 543/1/88
f 640/1/87 641/1/87 545/1/87
f 640/1/87 545/1/87 544/1/87
f 641/1/86 642/1/86 546/1/86
f 641/1/86 546/1/86 545/1/86
f 642/1/85 643/1/85 547/1/85
f 642/1/85 547/1/85 546/1/85
f 643/1/84 644/1/84 548/1/84
f 643/1/84 548/1/84 547/1/84
f 644/1/83 645/1/83 549/1/83
f 644/1/83 549/1/83 548/1/83
f 645/1/82 646/1/82 550/1/82
f 645/1/82 550/1/82 549/1/82
f 646/1/81 647/1/81 551/1/81
f 646/1/81 551/1/81 550/1/81
f 647/1/80 648/1/80 552/1/80
f 647/1/80 552/1/80 551/1/80
f 648/1/79 649/1/79 553/1/79
f 648/1/79 553/1/79 552/1/79
f 649/1/102 650/1/102 554/1/102
f 649/1/102 554/1/102 553/1/102
f 650/1/101 651/1/101 555/1/101
f 650/1/101 555/1/101 554/1/101
f 651/1/100 652/1/100 556/1/100
f 651/1/100 556/1/100 555/1/100
f 652/1/99 653/1/99 557/1/99
f 652/1/99 557/1/99 556/1/99
f 653/1/98 654/1/98 558/1/98
f 653/1/98 558/1/98 557/1/98
f 654/1/97 655/1/97 559/1/97
f 654/1/97 559/1/97 558/1/97
f 655/1/96 656/1/96 560/1/96
f 655/1/96 560/1/96 559/1/96
f 656/1/95 657/1/95 561/1/95
f 656/1/95 561/1/95 560/1/95
f 657/1/94 658/1/94 562/1/94
f 657/1/94 562/1/94 561/1/94
f 658/1/93 659/1/93 563/1/93
f 658/1/93 563/1/93 562/1/93
f 659/1/92 660/1/92 564/1/92
f 659/1/92 564/1/92 563/1/92
f 660/1/91 638/1/91 542/1/91
f 660/1/91 542/1/91 564/1/91
f 542/1/54 541/1/54 590/1/54
f 542/1/54 590/1/54 589/1/54
f 541/1/54 543/1/54 593/1/54
f 541/1/54 593/1/54 590/1/54
f 543/1/54 544/1/54 595/1/54
f 543/1/54 595/1/54 593/1/54
f 544/1/54 545/1/54 597/1/54
f 544/1/54 597/1/54 595/1/54
f 545/1/54 546/1/54 599/1/54
f 545/1/54 599/1/54 597/1/54
f 546/1/54 547/1/54 601/1/54
f 546/1/54 601/1/54 599/1/54
f 547/1/54 548/1/54 603/1/54
f 547/1/54 603/1/54 601/1/54
f 548/1/54 549/1/54 605/1/54
f 548/1/54 605/1/54 603/1/54
f 549/1/54 550/1/54 607/1/54
f 549/1/54 607/1/54 605/1/54
f 550/1/54 551/1/54 609/1/54
f 550/1/54 609/1/54 607/1/54
f 551/1/54 552/1/54 611/1/54
f 551/1/54 611/1/54 609/1/54
f 552/1/54 553/1/54 613/1/54
f 552/1/54 613/1/54 611/1/54
f 553/1/54 554/1/54 615/1/54
f 553/1/54 615/1/54 613/1/54
f 554/1/54 555/1/54 617/1/54
f 554/1/54 617/1/54 615/1/54
f 555/1/54 556/1/54 619/1/54
f 555/1/54 619/1/54 617/1/54
f 556/1/54 557/1/54 621/1/54
f 556/1/54 621/1/54 619/1/54
f 557/1/54 558/1/54 623/1/54
f 557/1/54 623/1/54 621/1/54
f 558/1/54 559/1/54 625/1/54
f 558/1/54 625/1/54 623/1/54
f 559/1/54 560/1/54 627/1/54
f 559/1/54 627/1/54 625/1/54
f 560/1/54 561/1/54 629/1/54
f 560/1/54 629/1/54 627/1/54
f 561/1/54 562/1/54 631/1/54
f 561/1/54 631/1/54 629/1/54
f 562/1/54 563/1/54 633/1/54
f 562/1/54 633/1/54 631/1/54
f 563/1/54 564/1/54 635/1/54
f 563/1/54 635/1/54 633/1/54
f 564/1/54 542/1/54 589/1/54
f 564/1/54 589/1/54 635/1/54
usemtl mat_1
f 661/1/54 662/1/54 663/1/54
f 663/1/54 664/1/54 665/1/54
f 665/1/54 666/1/54 661/1/54
f 663/1/54 665/1/54 661/1/54
f 667/1/29 668/1/29 669/1/29
f 669/1/29 670/1/29 671/1/29
f 671/1/29 672/1/29 667/1/29
f 669/1/29 671/1/29 667/1/29
f 661/1/138 666/1/138 669/1/138
f 661/1/138 669/1/138 668/1/138
f 666/1/128 665/1/128 670/1/128
f 666/1/128 670/1/128 669/1/128
f 665/1/137 664/1/137 671/1/137
f 665/1/137 671/1/137 670/1/137
f 664/1/140 663/1/140 672/1/140
f 664/1/140 672/1/140 671/1/140
f 663/1/131 662/1/131 667/1/131
f 663/1/131 667/1/131 672/1/131
f 662/1/139 661/1/139 668/1/139
f 662/1/139 668/1/139 667/1/139
f 673/1/54 674/1/54 675/1/54
f 675/1/54 676/1/54 677/1/54
f 677/1/54 678/1/54 673/1/54
f 675/1/54 677/1/54 673/1/54
f 679/1/29 680/1/29 681/1/29
f 681/1/29 682/1/29 683/1/29
f 683/1/29 684/1/29 679/1/29
f 681/1/29 683/1/29 679/1/29
f 673/1/138 678/1/138 681/1/138
f 673/1/138 681/1/138 680/1/138
f 678/1/128 677/1/128 682/1/128
f 678/1/128 682/1/128 681/1/128
f 677/1/137 676/1/137 683/1/137
f 677/1/137 683/1/137 682/1/137
f 676/1/140 675/1/140 684/1/140
f 676/1/140 684/1/140 683/1/140
f 675/1/131 674/1/131 679/1/131
f 675/1/131 679/1/131 684/1/131
f 674/1/139 673/1/139 680/1/139
f 674/1/139 680/1/139 679/1/139
f 685/1/54 686/1/54 687/1/54
f 687/1/54 688/1/54 689/1/54
f 689/1/54 690/1/54 685/1/54
f 687/1/54 689/1/54 685/1/54
f 691/1/29 692/1/29 693/1/29
f 693/1/29 694/1/29 695/1/29
f 695/1/29 696/1/29 691/1/29
f 693/1/29 695/1/29 691/1/29
f 685/1/133 690/1/133 693/1/133
f 685/1/133 693/1/133 692/1/133
f 690/1/128 689/1/128 694/1/128
f 690/1/128 694/1/128 693/1/128
f 689/1/135 688/1/135 695/1/135
f 689/1/135 695/1/135 694/1/135
f 688/1/136 687/1/136 696/1/136
f 688/1/136 696/1/136 695/1/136
f 687/1/131 686/1/131 691/1/131
f 687/1/131 691/1/131 696/1/131
f 686/1/134 685/1/134 692/1/134
f 686/1/134 692/1/134 691/1/134
f 697/1/54 698/1/54 699/1/54
f 699/1/54 700/1/54 701/1/54
f 701/1/54 702/1/54 697/1/54
f 699/1/54 701/1/54 697/1/54
f 703/1/29 704/1/29 705/1/29
f 705/1/29 706/1/29 707/1/29
f 707/1/29 708/1/29 703/1/29
f 705/1/29 707/1/29 703/1/29
f 697/1/133 702/1/133 705/1/133
f 697/1/133 705/1/133 704/1/133
f 702/1/128 701/1/128 706/1/128
f 702/1/128 706/1/128 705/1/128
f 701/1/127 700/1/127 707/1/127
f 701/1/127 707/1/127 706/1/127
f 700/1/132 699/1/132 708/1/132
f 700/1/132 708/1/132 707/1/132
f 699/1/131 698/1/131 703/1/131
f 699/1/131 703/1/131 708/1/131
f 698/1/134 697/1/134 704/1/134
f 698/1/134 704/1/134 703/1/134
f 709/1/54 710/1/54 711/1/54
f 711/1/54 712/1/54 713/1/54
f 713/1/54 714/1/54 709/1/54
f 711/1/54 713/1/54 709/1/54
f 715/1/29 716/1/29 717/1/29
f 717/1/29 718/1/29 719/1/29
f 719/1/29 720/1/29 715/1/29
f 717/1/29 719/1/29 715/1/29
f 709/1/129 714/1/129 717/1/129
f 709/1/129 717/1/129 716/1/129
f 714/1/128 713/1/128 718/1/128
f 714/1/128 718/1/128 717/1/128
f 713/1/127 712/1/127 719/1/127
f 713/1/127 719/1/127 718/1/127
f 712/1/132 711/1/132 720/1/132
f 712/1/132 720/1/132 719/1/132
f 711/1/131 710/1/131 715/1/131
f 711/1/131 715/1/131 720/1/131
f 710/1/130 709/1/130 716/1/130
f 710/1/130 716/1/130 715/1/130
f 721/1/54 722/1/54 723/1/54
f 723/1/54 724/1/54 725/1/54
f 725/1/54 726/1/54 721/1/54
f 723/1/54 725/1/54 721/1/54
f 727/1/29 728/1/29 729/1/29
f 729/1/29 730/1/29 731/1/29
f 731/1/29 732/1/29 727/1/29
f 729/1/29 731/1/29 727/1/29
f 721/1/129 726/1/129 729/1/129
f 721/1/129 729/1/129 728/1/129
f 726/1/128 725/1/128 730/1/128
f 726/1/128 730/1/128 729/1/128
f 725/1/127 724/1/127 731/1/127
f 725/1/127 731/1/127 730/1/127
f 724/1/132 723/1/132 732/1/132
f 724/1/132 732/1/132 731/1/132
f 723/1/131 722/1/131 727/1/131
f 723/1/131 727/1/131 732/1/131
f 722/1/130 721/1/130 728/1/130
f 722/1/130 728/1/130 727/1/130
f 733/1/54 734/1/54 735/1/54
f 735/1/54 736/1/54 737/1/54
f 737/1/54 738/1/54 733/1/54
f 735/1/54 737/1/54 733/1/54
f 739/1/29 740/1/29 741/1/29
f 741/1/29 742/1/29 743/1/29
f 743/1/29 744/1/29 739/1/29
f 741/1/29 743/1/29 739/1/29
f 733/1/129 738/1/129 741/1/129
f 733/1/129 741/1/129 740/1/129
f 738/1/128 737/1/128 742/1/128
f 738/1/128 742/1/128 741/1/128
f 737/1/127 736/1/127 743/1/127
f 737/1/127 743/1/127 742/1/127
f 736/1/132 735/1/132 744/1/132
f 736/1/132 744/1/132 743/1/132
f 735/1/131 734/1/131 739/1/131
f 735/1/131 739/1/131 744/1/131
f 734/1/130 733/1/130 740/1/130
f 734/1/130 740/1/130 739/1/130
f 745/1/54 746/1/54 747/1/54
f 747/1/54 748/1/54 749/1/54
f 749/1/54 750/1/54 745/1/54
f 747/1/54 749/1/54 745/1/54
f 751/1/29 752/1/29 753/1/29
f 753/1/29 754/1/29 755/1/29
f 755/1/29 756/1/29 751/1/29
f 753/1/29 755/1/29 751/1/29
f 745/1/129 750/1/129 753/1/129
f 745/1/129 753/1/129 752/1/129
f 750/1/128 749/1/128 754/1/128
f 750/1/128 754/1/128 753/1/128
f 749/1/127 748/1/127 755/1/127
f 749/1/127 755/1/127 754/1/127
f 748/1/132 747/1/132 756/1/132
f 748/1/132 756/1/132 755/1/132
f 747/1/131 746/1/131 751/1/131
f 747/1/131 751/1/131 756/1/131
f 746/1/130 745/1/130 752/1/130
f 746/1/130 752/1/130 751/1/130
f 757/1/54 758/1/54 759/1/54
f 759/1/54 760/1/54 761/1/54
f 761/1/54 762/1/54 757/1/54
f 759/1/54 761/1/54 757/1/54
f 763/1/29 764/1/29 765/1/29
f 765/1/29 766/1/29 767/1/29
f 767/1/29 768/1/29 763/1/29
f 765/1/29 767/1/29 763/1/29
f 757/1/129 762/1/129 765/1/129
f 757/1/129 765/1/129 764/1/129
f 762/1/128 761/1/128 766/1/128
f 762/1/128 766/1/128 765/1/128
f 761/1/127 760/1/127 767/1/127
f 761/1/127 767/1/127 766/1/127
f 760/1/132 759/1/132 768/1/132
f 760/1/132 768/1/132 767/1/132
f 759/1/131 758/1/131 763/1/131
f 759/1/131 763/1/131 768/1/131
f 758/1/130 757/1/130 764/1/130
f 758/1/130 764/1/130 763/1/130
f 769/1/54 770/1/54 771/1/54
f 771/1/54 772/1/54 773/1/54
f 773/1/54 774/1/54 769/1/54
f 771/1/54 773/1/54 769/1/54
f 775/1/29 776/1/29 777/1/29
f 777/1/29 778/1/29 779/1/29
f 779/1/29 780/1/29 775/1/29
f 777/1/29 779/1/29 775/1/29
f 769/1/133 774/1/133 777/1/133
f 769/1/133 777/1/133 776/1/133
f 774/1/128 773/1/128 778/1/128
f 774/1/128 778/1/128 777/1/128
f 773/1/127 772/1/127 779/1/127
f 773/1/127 779/1/127 778/1/127
f 772/1/132 771/1/132 780/1/132
f 772/1/132 780/1/132 779/1/132
f 771/1/131 770/1/131 775/1/131
f 771/1/131 775/1/131 780/1/131
f 770/1/134 769/1/134 776/1/134
f 770/1/134 776/1/134 775/1/134
f 781/1/54 782/1/54 783/1/54
f 783/1/54 784/1/54 785/1/54
f 785/1/54 786/1/54 781/1/54
f 783/1/54 785/1/54 781/1/54
f 787/1/29 788/1/29 789/1/29
f 789/1/29 790/1/29 791/1/29
f 791/1/29 792/1/29 787/1/29
f 789/1/29 791/1/29 787/1/29
f 781/1/133 786/1/133 789/1/133
f 781/1/133 789/1/133 788/1/133
f 786/1/128 785/1/128 790/1/128
f 786/1/128 790/1/128 789/1/128
f 785/1/135 784/1/135 791/1/135
f 785/1/135 791/1/135 790/1/135
f 784/1/136 783/1/136 792/1/136
f 784/1/136 792/1/136 791/1/136
f 783/1/131 782/1/131 787/1/131
f 783/1/131 787/1/131 792/1/131
f 782/1/134 781/1/134 788/1/134
f 782/1/134 788/1/134 787/1/134
f 793/1/54 794/1/54 795/1/54
f 795/1/54 796/1/54 797/1/54
f 797/1/54 798/1/54 793/1/54
f 795/1/54 797/1/54 793/1/54
f 799/1/29 800/1/29 801/1/29
f 801/1/29 802/1/29 803/1/29
f 803/1/29 804/1/29 799/1/29
f 801/1/29 803/1/29 799/1/29
f 793/1/138 798/1/138 801/1/138
f 793/1/138 801/1/138 800/1/138
f 798/1/128 797/1/128 802/1/128
f 798/1/128 802/1/128 801/1/128
f 797/1/137 796/1/137 803/1/137
f 797/1/137 803/1/137 802/1/137
f 796/1/140 795/1/140 804/1/140
f 796/1/140 804/1/140 803/1/140
f 795/1/131 794/1/131 799/1/131
f 795/1/131 799/1/131 804/1/131
f 794/1/139 793/1/139 800/1/139
f 794/1/139 800/1/139 799/1/139
usemtl mat_0
f 805/1/141 806/1/141 807/1/141
f 805/1/141 807/1/141 808/1/141
f 806/1/142 809/1/142 810/1/142
f 806/1/142 810/1/142 807/1/142
f 809/1/143 811/1/143 812/1/143
f 809/1/143 812/1/143 810/1/143
f 811/1/144 813/1/144 814/1/144
f 811/1/144 814/1/144 812/1/144
f 813/1/145 815/1/145 816/1/145
f 813/1/145 816/1/145 814/1/145
f 815/1/146 817/1/146 818/1/146
f 815/1/146 818/1/146 816/1/146
f 817/1/147 819/1/147 820/1/147
f 817/1/147 820/1/147 818/1/147
f 819/1/148 821/1/148 822/1/148
f 819/1/148 822/1/148 820/1/148
f 821/1/149 823/1/149 824/1/149
f 821/1/149 824/1/149 822/1/149
f 823/1/150 825/1/150 826/1/150
f 823/1/150 826/1/150 824/1/150
f 825/1/151 827/1/151 828/1/151
f 825/1/151 828/1/151 826/1/151
f 827/1/152 829/1/152 830/1/152
f 827/1/152 830/1/152 828/1/152
f 829/1/153 831/1/153 832/1/153
f 829/1/153 832/1/153 830/1/153
f 831/1/154 833/1/154 834/1/154
f 831/1/154 834/1/154 832/1/154
f 833/1/155 835/1/155 836/1/155
f 833/1/155 836/1/155 834/1/155
f 835/1/156 837/1/156 838/1/156
f 835/1/156 838/1/156 836/1/156
f 837/1/157 839/1/157 840/1/157
f 837/1/157 840/1/157 838/1/157
f 839/1/158 841/1/158 842/1/158
f 839/1/158 842/1/158 840/1/158
f 841/1/159 843/1/159 844/1/159
f 841/1/159 844/1/159 842/1/159
f 843/1/160 845/1/160 846/1/160
f 843/1/160 846/1/160 844/1/160
f 845/1/161 847/1/161 848/1/161
f 845/1/161 848/1/161 846/1/161
f 847/1/162 849/1/162 850/1/162
f 847/1/162 850/1/162 848/1/162
f 849/1/163 851/1/163 852/1/163
f 849/1/163 852/1/163 850/1/163
f 851/1/164 805/1/164 808/1/164
f 851/1/164 808/1/164 852/1/164
f 808/1/29 807/1/29 565/1/29
f 808/1/29 565/1/29 566/1/29
f 807/1/29 810/1/29 567/1/29
f 807/1/29 567/1/29 565/1/29
f 810/1/29 812/1/29 568/1/29
f 810/1/29 568/1/29 567/1/29
f 812/1/29 814/1/29 569/1/29
f 812/1/29 569/1/29 568/1/29
f 814/1/29 816/1/29 570/1/29
f 814/1/29 570/1/29 569/1/29
f 816/1/29 818/1/29 571/1/29
f 816/1/29 571/1/29 570/1/29
f 818/1/29 820/1/29 572/1/29
f 818/1/29 572/1/29 571/1/29
f 820/1/29 822/1/29 573/1/29
f 820/1/29 573/1/29 572/1/29
f 822/1/29 824/1/29 574/1/29
f 822/1/29 574/1/29 573/1/29
f 824/1/29 826/1/29 575/1/29
f 824/1/29 575/1/29 574/1/29
f 826/1/29 828/1/29 576/1/29
f 826/1/29 576/1/29 575/1/29
f 828/1/29 830/1/29 577/1/29
f 828/1/29 577/1/29 576/1/29
f 830/1/29 832/1/29 578/1/29
f 830/1/29 578/1/29 577/1/29
f 832/1/29 834/1/29 579/1/29
f 832/1/29 579/1/29 578/1/29
f 834/1/29 836/1/29 580/1/29
f 834/1/29 580/1/29 579/1/29
f 836/1/29 838/1/29 581/1/29
f 836/1/29 581/1/29 580/1/29
f 838/1/29 840/1/29 582/1/29
f 838/1/29 582/1/29 581/1/29
f 840/1/29 842/1/29 583/1/29
f 840/1/29 583/1/29 582/1/29
f 842/1/29 844/1/29 584/1/29
f 842/1/29 584/1/29 583/1/29
f 844/1/29 846/1/29 585/1/29
f 844/1/29 585/1/29 584/1/29
f 846/1/29 848/1/29 586/1/29
f 846/1/29 586/1/29 585/1/29
f 848/1/29 850/1/29 587/1/29
f 848/1/29 587/1/29 586/1/29
f 850/1/29 852/1/29 588/1/29
f 850/1/29 588/1/29 587/1/29
f 852/1/29 808/1/29 566/1/29
f 852/1/29 566/1/29 588/1/29
f 566/1/90 565/1/90 853/1/90
f 566/1/90 853/1/90 58/1/90
f 565/1/89 567/1/89 854/1/89
f 565/1/89 854/1/89 853/1/89
f 567/1/88 568/1/88 855/1/88
f 567/1/88 855/1/88 854/1/88
f 568/1/87 569/1/87 856/1/87
f 568/1/87 856/1/87 855/1/87
f 569/1/86 570/1/86 857/1/86
f 569/1/86 857/1/86 856/1/86
f 570/1/85 571/1/85 64/1/85
f 570/1/85 64/1/85 857/1/85
f 571/1/84 572/1/84 858/1/84
f 571/1/84 858/1/84 64/1/84
f 572/1/83 573/1/83 859/1/83
f 572/1/83 859/1/83 858/1/83
f 573/1/82 574/1/82 860/1/82
f 573/1/82 860/1/82 859/1/82
f 574/1/81 575/1/81 861/1/81
f 574/1/81 861/1/81 860/1/81
f 575/1/80 576/1/80 862/1/80
f 575/1/80 862/1/80 861/1/80
f 576/1/79 577/1/79 71/1/79
f 576/1/79 71/1/79 862/1/79
f 577/1/102 578/1/102 863/1/102
f 577/1/102 863/1/102 71/1/102
f 578/1/101 579/1/101 864/1/101
f 578/1/101 864/1/101 863/1/101
f 579/1/100 580/1/100 865/1/100
f 579/1/100 865/1/100 864/1/100
f 580/1/99 581/1/99 866/1/99
f 580/1/99 866/1/99 865/1/99
f 581/1/98 582/1/98 867/1/98
f 581/1/98 867/1/98 866/1/98
f 582/1/97 583/1/97 78/1/97
f 582/1/97 78/1/97 867/1/97
f 583/1/96 584/1/96 868/1/96
f 583/1/96 868/1/96 78/1/96
f 584/1/95 585/1/95 869/1/95
f 584/1/95 869/1/95 868/1/95
f 585/1/94 586/1/94 870/1/94
f 585/1/94 870/1/94 869/1/94
f 586/1/93 587/1/93 871/1/93
f 586/1/93 871/1/93 870/1/93
f 587/1/92 588/1/92 872/1/92
f 587/1/92 872/1/92 871/1/92
f 588/1/91 566/1/91 58/1/91
f 588/1/91 58/1/91 872/1/91
f 58/1/54 853/1/54 806/1/54
f 58/1/54 806/1/54 805/1/54
f 853/1/54 854/1/54 809/1/54
f 853/1/54 809/1/54 806/1/54
f 854/1/54 855/1/54 811/1/54
f 854/1/54 811/1/54 809/1/54
f 855/1/54 856/1/54 813/1/54
f 855/1/54 813/1/54 811/1/54
f 856/1/54 857/1/54 815/1/54
f 856/1/54 815/1/54 813/1/54
f 857/1/54 64/1/54 817/1/54
f 857/1/54 817/1/54 815/1/54
f 64/1/54 858/1/54 819/1/54
f 64/1/54 819/1/54 817/1/54
f 858/1/54 859/1/54 821/1/54
f 858/1/54 821/1/54 819/1/54
f 859/1/54 860/1/54 823/1/54
f 859/1/54 823/1/54 821/1/54
f 860/1/54 861/1/54 825/1/54
f 860/1/54 825/1/54 823/1/54
f 861/1/54 862/1/54 827/1/54
f 861/1/54 827/1/54 825/1/54
f 862/1/54 71/1/54 829/1/54
f 862/1/54 829/1/54 827/1/54
f 71/1/54 863/1/54 831/1/54
f 71/1/54 831/1/54 829/1/54
f 863/1/54 864/1/54 833/1/54
f 863/1/54 833/1/54 831/1/54
f 864/1/54 865/1/54 835/1/54
f 864/1/54 835/1/54 833/1/54
f 865/1/54 866/1/54 837/1/54
f 865/1/54 837/1/54 835/1/54
f 866/1/54 867/1/54 839/1/54
f 866/1/54 839/1/54 837/1/54
f 867/1/54 78/1/54 841/1/54
f 867/1/54 841/1/54 839/1/54
f 78/1/54 868/1/54 843/1/54
f 78/1/54 843/1/54 841/1/54
f 868/1/54 869/1/54 845/1/54
f 868/1/54 845/1/54 843/1/54
f 869/1/54 870/1/54 847/1/54
f 869/1/54 847/1/54 845/1/54
f 870/1/54 871/1/54 849/1/54
f 870/1/54 849/1/54 847/1/54
f 871/1/54 872/1/54 851/1/54
f 871/1/54 851/1/54 849/1/54
f 872/1/54 58/1/54 805/1/54
f 872/1/54 805/1/54 851/1/54
f 873/1/128 874/1/128 875/1/128
f 875/1/128 876/1/128 877/1/128
f 877/1/128 878/1/128 879/1/128
f 879/1/128 880/1/128 881/1/128
f 881/1/128 882/1/128 883/1/128
f 883/1/128 884/1/128 885/1/128
f 885/1/128 886/1/128 887/1/128
f 887/1/128 888/1/128 889/1/128
f 889/1/128 890/1/128 891/1/128
f 891/1/128 892/1/128 893/1/128
f 893/1/128 894/1/128 895/1/128
f 895/1/128 896/1/128 873/1/128
f 873/1/128 875/1/128 877/1/128
f 877/1/128 879/1/128 881/1/128
f 881/1/128 883/1/128 885/1/128
f 885/1/128 887/1/128 889/1/128
f 889/1/128 891/1/128 893/1/128
f 893/1/128 895/1/128 873/1/128
f 873/1/128 877/1/128 881/1/128
f 881/1/128 885/1/128 889/1/128
f 889/1/128 893/1/128 873/1/128
f 881/1/128 889/1/128 873/1/128
f 897/1/131 898/1/131 899/1/131
f 899/1/131 900/1/131 901/1/131
f 901/1/131 902/1/131 903/1/131
f 903/1/131 904/1/131 905/1/131
f 905/1/131 906/1/131 907/1/131
f 907/1/131 908/1/131 909/1/131
f 909/1/131 910/1/131 911/1/131
f 911/1/131 912/1/131 913/1/131
f 913/1/131 914/1/131 915/1/131
f 915/1/131 916/1/131 917/1/131
f 917/1/131 918/1/131 919/1/131
f 919/1/131 920/1/131 897/1/131
f 897/1/131 899/1/131 901/1/131
f 901/1/131 903/1/131 905/1/131
f 905/1/131 907/1/131 909/1/131
f 909/1/131 911/1/131 913/1/131
f 913/1/131 915/1/131 917/1/131
f 917/1/131 919/1/131 897/1/131
f 897/1/131 901/1/131 905/1/131
f 905/1/131 909/1/131 913/1/131
f 913/1/131 917/1/131 897/1/131
f 905/1/131 913/1/131 897/1/131
f 873/1/165 896/1/165 899/1/165
f 873/1/165 899/1/165 898/1/165
f 896/1/166 895/1/166 900/1/166
f 896/1/166 900/1/166 899/1/166
f 895/1/167 894/1/167 901/1/167
f 895/1/167 901/1/167 900/1/167
f 894/1/168 893/1/168 902/1/168
f 894/1/168 902/1/168 901/1/168
f 893/1/169 892/1/169 903/1/169
f 893/1/169 903/1/169 902/1/169
f 892/1/170 891/1/170 904/1/170
f 892/1/170 904/1/170 903/1/170
f 891/1/171 890/1/171 905/1/171
f 891/1/171 905/1/171 904/1/171
f 890/1/172 889/1/172 906/1/172
f 890/1/172 906/1/172 905/1/172
f 889/1/173 888/1/173 907/1/173
f 889/1/173 907/1/173 906/1/173
f 888/1/174 887/1/174 908/1/174
f 888/1/174 908/1/174 907/1/174
f 887/1/175 886/1/175 909/1/175
f 887/1/175 909/1/175 908/1/175
f 886/1/176 885/1/176 910/1/176
f 886/1/176 910/1/176 909/1/176
f 885/1/177 884/1/177 911/1/177
f 885/1/177 911/1/177 910/1/177
f 884/1/178 883/1/178 912/1/178
f 884/1/178 912/1/178 911/1/178
f 883/1/179 882/1/179 913/1/179
f 883/1/179 913/1/179 912/1/179
f 882/1/180 881/1/180 914/1/180
f 882/1/180 914/1/180 913/1/180
f 881/1/181 880/1/181 915/1/181
f 881/1/181 915/1/181 914/1/181
f 880/1/182 879/1/182 916/1/182
f 880/1/182 916/1/182 915/1/182
f 879/1/183 878/1/183 917/1/183
f 879/1/183 917/1/183 916/1/183
f 878/1/184 877/1/184 918/1/184
f 878/1/184 918/1/184 917/1/184
f 877/1/185 876/1/185 919/1/185
f 877/1/185 919/1/185 918/1/185
f 876/1/186 875/1/186 920/1/186
f 876/1/186 920/1/186 919/1/186
f 875/1/187 874/1/187 897/1/187
f 875/1/187 897/1/187 920/1/187
f 874/1/188 873/1/188 898/1/188
f 874/1/188 898/1/188 897/1/188
usemtl mat_1
f 921/1/128 922/1/128 923/1/128
f 923/1/128 924/1/128 925/1/128
f 925/1/128 926/1/128 927/1/128
f 927/1/128 928/1/128 929/1/128
f 929/1/128 930/1/128 931/1/128
f 931/1/128 932/1/128 933/1/128
f 933/1/128 934/1/128 935/1/128
f 935/1/128 936/1/128 937/1/128
f 937/1/128 938/1/128 939/1/128
f 939/1/128 940/1/128 941/1/128
f 941/1/128 942/1/128 943/1/128
f 943/1/128 944/1/128 921/1/128
f 921/1/128 923/1/128 925/1/128
f 925/1/128 927/1/128 929/1/128
f 929/1/128 931/1/128 933/1/128
f 933/1/128 935/1/128 937/1/128
f 937/1/128 939/1/128 941/1/128
f 941/1/128 943/1/128 921/1/128
f 921/1/128 925/1/128 929/1/128
f 929/1/128 933/1/128 937/1/128
f 937/1/128 941/1/128 921/1/128
f 929/1/128 937/1/128 921/1/128
f 945/1/131 946/1/131 947/1/131
f 947/1/131 948/1/131 949/1/131
f 949/1/131 950/1/131 951/1/131
f 951/1/131 952/1/131 953/1/131
f 953/1/131 954/1/131 955/1/131
f 955/1/131 956/1/131 957/1/131
f 957/1/131 958/1/131 959/1/131
f 959/1/131 960/1/131 961/1/131
f 961/1/131 962/1/131 963/1/131
f 963/1/131 964/1/131 965/1/131
f 965/1/131 966/1/131 967/1/131
f 967/1/131 968/1/131 945/1/131
f 945/1/131 947/1/131 949/1/131
f 949/1/131 951/1/131 953/1/131
f 953/1/131 955/1/131 957/1/131
f 957/1/131 959/1/131 961/1/131
f 961/1/131 963/1/131 965/1/131
f 965/1/131 967/1/131 945/1/131
f 945/1/131 949/1/131 953/1/131
f 953/1/131 957/1/131 961/1/131
f 961/1/131 965/1/131 945/1/131
f 953/1/131 961/1/131 945/1/131
f 921/1/189 944/1/189 947/1/189
f 921/1/189 947/1/189 946/1/189
f 944/1/190 943/1/190 948/1/190
f 944/1/190 948/1/190 947/1/190
f 943/1/191 942/1/191 949/1/191
f 943/1/191 949/1/191 948/1/191
f 942/1/192 941/1/192 950/1/192
f 942/1/192 950/1/192 949/1/192
f 941/1/193 940/1/193 951/1/193
f 941/1/193 951/1/193 950/1/193
f 940/1/194 939/1/194 952/1/194
f 940/1/194 952/1/194 951/1/194
f 939/1/195 938/1/195 953/1/195
f 939/1/195 953/1/195 952/1/195
f 938/1/196 937/1/196 954/1/196
f 938/1/196 954/1/196 953/1/196
f 937/1/197 936/1/197 955/1/197
f 937/1/197 955/1/197 954/1/197
f 936/1/198 935/1/198 956/1/198
f 936/1/198 956/1/198 955/1/198
f 935/1/199 934/1/199 957/1/199
f 935/1/199 957/1/199 956/1/199
f 934/1/200 933/1/200 958/1/200
f 934/1/200 958/1/200 957/1/200
f 933/1/201 932/1/201 959/1/201
f 933/1/201 959/1/201 958/1/201
f 932/1/202 931/1/202 960/1/202
f 932/1/202 960/1/202 959/1/202
f 931/1/203 930/1/203 961/1/203
f 931/1/203 961/1/203 960/1/203
f 930/1/204 929/1/204 962/1/204
f 930/1/204 962/1/204 961/1/204
f 929/1/205 928/1/205 963/1/205
f 929/1/205 963/1/205 962/1/205
f 928/1/206 927/1/206 964/1/206
f 928/1/206 964/1/206 963/1/206
f 927/1/207 926/1/207 965/1/207
f 927/1/207 965/1/207 964/1/207
f 926/1/208 925/1/208 966/1/208
f 926/1/208 966/1/208 965/1/208
f 925/1/209 924/1/209 967/1/209
f 925/1/209 967/1/209 966/1/209
f 924/1/210 923/1/210 968/1/210
f 924/1/210 968/1/210 967/1/210
f 923/1/211 922/1/211 945/1/211
f 923/1/211 945/1/211 968/1/211
f 922/1/212 921/1/212 946/1/212
f 922/1/212 946/1/212 945/1/212
f 969/1/128 970/1/128 971/1/128
f 971/1/128 972/1/128 973/1/128
f 973/1/128 974/1/128 969/1/128
f 971/1/128 973/1/128 969/1/128
f 975/1/131 976/1/131 977/1/131
f 977/1/131 978/1/131 979/1/131
f 979/1/131 980/1/131 975/1/131
f 977/1/131 979/1/131 975/1/131
f 969/1/213 974/1/213 977/1/213
f 969/1/213 977/1/213 976/1/213
f 974/1/214 973/1/214 978/1/214
f 974/1/214 978/1/214 977/1/214
f 973/1/215 972/1/215 979/1/215
f 973/1/215 979/1/215 978/1/215
f 972/1/216 971/1/216 980/1/216
f 972/1/216 980/1/216 979/1/216
f 971/1/217 970/1/217 975/1/217
f 971/1/217 975/1/217 980/1/217
f 970/1/218 969/1/218 976/1/218
f 970/1/218 976/1/218 975/1/218
f 981/1/128 982/1/128 983/1/128
f 983/1/128 984/1/128 985/1/128
f 985/1/128 986/1/128 981/1/128
f 983/1/128 985/1/128 981/1/128
f 987/1/131 988/1/131 989/1/131
f 989/1/131 990/1/131 991/1/131
f 991/1/131 992/1/131 987/1/131
f 989/1/131 991/1/131 987/1/131
f 981/1/213 986/1/213 989/1/213
f 981/1/213 989/1/213 988/1/213
f 986/1/214 985/1/214 990/1/214
f 986/1/214 990/1/214 989/1/214
f 985/1/215 984/1/215 991/1/215
f 985/1/215 991/1/215 990/1/215
f 984/1/216 983/1/216 992/1/216
f 984/1/216 992/1/216 991/1/216
f 983/1/217 982/1/217 987/1/217
f 983/1/217 987/1/217 992/1/217
f 982/1/218 981/1/218 988/1/218
f 982/1/218 988/1/218 987/1/218
f 993/1/128 994/1/128 995/1/128
f 995/1/128 996/1/128 997/1/128
f 997/1/128 998/1/128 993/1/128
f 995/1/128 997/1/128 993/1/128
f 999/1/131 1000/1/131 1001/1/131
f 1001/1/131 1002/1/131 1003/1/131
f 1003/1/131 1004/1/131 999/1/131
f 1001/1/131 1003/1/131 999/1/131
f 993/1/213 998/1/213 1001/1/213
f 993/1/213 1001/1/213 1000/1/213
f 998/1/214 997/1/214 1002/1/214
f 998/1/214 1002/1/214 1001/1/214
f 997/1/215 996/1/215 1003/1/215
f 997/1/215 1003/1/215 1002/1/215
f 996/1/216 995/1/216 1004/1/216
f 996/1/216 1004/1/216 1003/1/216
f 995/1/217 994/1/217 999/1/217
f 995/1/217 999/1/217 1004/1/217
f 994/1/218 993/1/218 1000/1/218
f 994/1/218 1000/1/218 999/1/218
f 1005/1/128 1006/1/128 1007/1/128
f 1007/1/128 1008/1/128 1009/1/128
f 1009/1/128 1010/1/128 1005/1/128
f 1007/1/128 1009/1/128 1005/1/128
f 1011/1/131 1012/1/131 1013/1/131
f 1013/1/131 1014/1/131 1015/1/131
f 1015/1/131 1016/1/131 1011/1/131
f 1013/1/131 1015/1/131 1011/1/131
f 1005/1/213 1010/1/213 1013/1/213
f 1005/1/213 1013/1/213 1012/1/213
f 1010/1/214 1009/1/214 1014/1/214
f 1010/1/214 1014/1/214 1013/1/214
f 1009/1/215 1008/1/215 1015/1/215
f 1009/1/215 1015/1/215 1014/1/215
f 1008/1/216 1007/1/216 1016/1/216
f 1008/1/216 1016/1/216 1015/1/216
f 1007/1/217 1006/1/217 1011/1/217
f 1007/1/217 1011/1/217 1016/1/217
f 1006/1/218 1005/1/218 1012/1/218
f 1006/1/218 1012/1/218 1011/1/218
f 1017/1/128 1018/1/128 1019/1/128
f 1019/1/128 1020/1/128 1021/1/128
f 1021/1/128 1022/1/128 1017/1/128
f 1019/1/128 1021/1/128 1017/1/128
f 1023/1/131 1024/1/131 1025/1/131
f 1025/1/131 1026/1/131 1027/1/131
f 1027/1/131 1028/1/131 1023/1/131
f 1025/1/131 1027/1/131 1023/1/131
f 1017/1/213 1022/1/213 1025/1/213
f 1017/1/213 1025/1/213 1024/1/213
f 1022/1/214 1021/1/214 1026/1/214
f 1022/1/214 1026/1/214 1025/1/214
f 1021/1/215 1020/1/215 1027/1/215
f 1021/1/215 1027/1/215 1026/1/215
f 1020/1/216 1019/1/216 1028/1/216
f 1020/1/216 1028/1/216 1027/1/216
f 1019/1/217 1018/1/217 1023/1/217
f 1019/1/217 1023/1/217 1028/1/217
f 1018/1/218 1017/1/218 1024/1/218
f 1018/1/218 1024/1/218 1023/1/218
f 1029/1/128 1030/1/128 1031/1/128
f 1031/1/128 1032/1/128 1033/1/128
f 1033/1/128 1034/1/128 1029/1/128
f 1031/1/128 1033/1/128 1029/1/128
f 1035/1/131 1036/1/131 1037/1/131
f 1037/1/131 1038/1/131 1039/1/131
f 1039/1/131 1040/1/131 1035/1/131
f 1037/1/131 1039/1/131 1035/1/131
f 1029/1/213 1034/1/213 1037/1/213
f 1029/1/213 1037/1/213 1036/1/213
f 1034/1/214 1033/1/214 1038/1/214
f 1034/1/214 1038/1/214 1037/1/214
f 1033/1/215 1032/1/215 1039/1/215
f 1033/1/215 1039/1/215 1038/1/215
f 1032/1/216 1031/1/216 1040/1/216
f 1032/1/216 1040/1/216 1039/1/216
f 1031/1/217 1030/1/217 1035/1/217
f 1031/1/217 1035/1/217 1040/1/217
f 1030/1/218 1029/1/218 1036/1/218
f 1030/1/218 1036/1/218 1035/1/218
f 1041/1/128 1042/1/128 1043/1/128
f 1043/1/128 1044/1/128 1045/1/128
f 1045/1/128 1046/1/128 1041/1/128
f 1043/1/128 1045/1/128 1041/1/128
f 1047/1/131 1048/1/131 1049/1/131
f 1049/1/131 1050/1/131 1051/1/131
f 1051/1/131 1052/1/131 1047/1/131
f 1049/1/131 1051/1/131 1047/1/131
f 1041/1/213 1046/1/213 1049/1/213
f 1041/1/213 1049/1/213 1048/1/213
f 1046/1/214 1045/1/214 1050/1/214
f 1046/1/214 1050/1/214 1049/1/214
f 1045/1/215 1044/1/215 1051/1/215
f 1045/1/215 1051/1/215 1050/1/215
f 1044/1/216 1043/1/216 1052/1/216
f 1044/1/216 1052/1/216 1051/1/216
f 1043/1/217 1042/1/217 1047/1/217
f 1043/1/217 1047/1/217 1052/1/217
f 1042/1/218 1041/1/218 1048/1/218
f 1042/1/218 1048/1/218 1047/1/218
f 1053/1/128 1054/1/128 1055/1/128
f 1055/1/128 1056/1/128 1057/1/128
f 1057/1/128 1058/1/128 1053/1/128
f 1055/1/128 1057/1/128 1053/1/128
f 1059/1/131 1060/1/131 1061/1/131
f 1061/1/131 1062/1/131 1063/1/131
f 1063/1/131 1064/1/131 1059/1/131
f 1061/1/131 1063/1/131 1059/1/131
f 1053/1/213 1058/1/213 1061/1/213
f 1053/1/213 1061/1/213 1060/1/213
f 1058/1/214 1057/1/214 1062/1/214
f 1058/1/214 1062/1/214 1061/1/214
f 1057/1/215 1056/1/215 1063/1/215
f 1057/1/215 1063/1/215 1062/1/215
f 1056/1/216 1055/1/216 1064/1/216
f 1056/1/216 1064/1/216 1063/1/216
f 1055/1/217 1054/1/217 1059/1/217
f 1055/1/217 1059/1/217 1064/1/217
f 1054/1/218 1053/1/218 1060/1/218
f 1054/1/218 1060/1/218 1059/1/218
f 1065/1/128 1066/1/128 1067/1/128
f 1067/1/128 1068/1/128 1069/1/128
f 1069/1/128 1070/1/128 1071/1/128
f 1071/1/128 1072/1/128 1073/1/128
f 1073/1/128 1074/1/128 1075/1/128
f 1075/1/128 1076/1/128 1065/1/128
f 1065/1/128 1067/1/128 1069/1/128
f 1069/1/128 1071/1/128 1073/1/128
f 1073/1/128 1075/1/128 1065/1/128
f 1069/1/128 1073/1/128 1065/1/128
f 1077/1/131 1078/1/131 1079/1/131
f 1079/1/131 1080/1/131 1081/1/131
f 1081/1/131 1082/1/131 1083/1/131
f 1083/1/131 1084/1/131 1085/1/131
f 1085/1/131 1086/1/131 1087/1/131
f 1087/1/131 1088/1/131 1077/1/131
f 1077/1/131 1079/1/131 1081/1/131
f 1081/1/131 1083/1/131 1085/1/131
f 1085/1/131 1087/1/131 1077/1/131
f 1081/1/131 1085/1/131 1077/1/131
f 1065/1/219 1076/1/219 1079/1/219
f 1065/1/219 1079/1/219 1078/1/219
f 1076/1/220 1075/1/220 1080/1/220
f 1076/1/220 1080/1/220 1079/1/220
f 1075/1/221 1074/1/221 1081/1/221
f 1075/1/221 1081/1/221 1080/1/221
f 1074/1/222 1073/1/222 1082/1/222
f 1074/1/222 1082/1/222 1081/1/222
f 1073/1/223 1072/1/223 1083/1/223
f 1073/1/223 1083/1/223 1082/1/223
f 1072/1/224 1071/1/224 1084/1/224
f 1072/1/224 1084/1/224 1083/1/224
f 1071/1/225 1070/1/225 1085/1/225
f 1071/1/225 1085/1/225 1084/1/225
f 1070/1/226 1069/1/226 1086/1/226
f 1070/1/226 1086/1/226 1085/1/226
f 1069/1/227 1068/1/227 1087/1/227
f 1069/1/227 1087/1/227 1086/1/227
f 1068/1/228 1067/1/228 1088/1/228
f 1068/1/228 1088/1/228 1087/1/228
f 1067/1/229 1066/1/229 1077/1/229
f 1067/1/229 1077/1/229 1088/1/229
f 1066/1/230 1065/1/230 1078/1/230
f 1066/1/230 1078/1/230 1077/1/230
usemtl mat_3
f 1089/1/54 1090/1/54 1091/1/54
f 1089/1/54 1091/1/54 1092/1/54
f 1093/1/29 1094/1/29 1095/1/29
f 1093/1/29 1095/1/29 1096/1/29
f 1089/1/128 1092/1/128 1094/1/128
f 1089/1/128 1094/1/128 1093/1/128
f 1090/1/131 1096/1/131 1095/1/131
f 1090/1/131 1095/1/131 1091/1/131
f 1089/1/214 1093/1/214 1096/1/214
f 1089/1/214 1096/1/214 1090/1/214
f 1092/1/217 1091/1/217 1095/1/217
f 1092/1/217 1095/1/217 1094/1/217
f 1097/1/54 1098/1/54 1099/1/54
f 1097/1/54 1099/1/54 1100/1/54
f 1101/1/29 1102/1/29 1103/1/29
f 1101/1/29 1103/1/29 1104/1/29
f 1097/1/128 1100/1/128 1102/1/128
f 1097/1/128 1102/1/128 1101/1/128
f 1098/1/131 1104/1/131 1103/1/131
f 1098/1/131 1103/1/131 1099/1/131
f 1097/1/214 1101/1/214 1104/1/214
f 1097/1/214 1104/1/214 1098/1/214
f 1100/1/217 1099/1/217 1103/1/217
f 1100/1/217 1103/1/217 1102/1/217
usemtl mat_0
f 1105/1/128 1106/1/128 1107/1/128
f 1107/1/128 1108/1/128 1109/1/128
f 1109/1/128 1110/1/128 1111/1/128
f 1111/1/128 1112/1/128 1113/1/128
f 1113/1/128 1114/1/128 1115/1/128
f 1115/1/128 1116/1/128 1117/1/128
f 1117/1/128 1118/1/128 1119/1/128
f 1119/1/128 1120/1/128 1121/1/128
f 1121/1/128 1122/1/128 1123/1/128
f 1123/1/128 1124/1/128 1125/1/128
f 1125/1/128 1126/1/128 1127/1/128
f 1127/1/128 1128/1/128 1129/1/128
f 1129/1/128 1130/1/128 1131/1/128
f 1131/1/128 1132/1/128 1133/1/128
f 1133/1/128 1134/1/128 1135/1/128
f 1135/1/128 1136/1/128 1105/1/128
f 1105/1/128 1107/1/128 1109/1/128
f 1109/1/128 1111/1/128 1113/1/128
f 1113/1/128 1115/1/128 1117/1/128
f 1117/1/128 1119/1/128 1121/1/128
f 1121/1/128 1123/1/128 1125/1/128
f 1125/1/128 1127/1/128 1129/1/128
f 1129/1/128 1131/1/128 1133/1/128
f 1133/1/128 1135/1/128 1105/1/128
f 1105/1/128 1109/1/128 1113/1/128
f 1113/1/128 1117/1/128 1121/1/128
f 1121/1/128 1125/1/128 1129/1/128
f 1129/1/128 1133/1/128 1105/1/128
f 1105/1/128 1113/1/128 1121/1/128
f 1121/1/128 1129/1/128 1105/1/128
f 1137/1/131 1138/1/131 1139/1/131
f 1139/1/131 1140/1/131 1141/1/131
f 1141/1/131 1142/1/131 1143/1/131
f 1143/1/131 1144/1/131 1145/1/131
f 1145/1/131 1146/1/131 1147/1/131
f 1147/1/131 1148/1/131 1149/1/131
f 1149/1/131 1150/1/131 1151/1/131
f 1151/1/131 1152/1/131 1153/1/131
f 1153/1/131 1154/1/131 1155/1/131
f 1155/1/131 1156/1/131 1157/1/131
f 1157/1/131 1158/1/131 1159/1/131
f 1159/1/131 1160/1/131 1161/1/131
f 1161/1/131 1162/1/131 1163/1/131
f 1163/1/131 1164/1/131 1165/1/131
f 1165/1/131 1166/1/131 1167/1/131
f 1167/1/131 1168/1/131 1137/1/131
f 1137/1/131 1139/1/131 1141/1/131
f 1141/1/131 1143/1/131 1145/1/131
f 1145/1/131 1147/1/131 1149/1/131
f 1149/1/131 1151/1/131 1153/1/131
f 1153/1/131 1155/1/131 1157/1/131
f 1157/1/131 1159/1/131 1161/1/131
f 1161/1/131 1163/1/131 1165/1/131
f 1165/1/131 1167/1/131 1137/1/131
f 1137/1/131 1141/1/131 1145/1/131
f 1145/1/131 1149/1/131 1153/1/131
f 1153/1/131 1157/1/131 1161/1/131
f 1161/1/131 1165/1/131 1137/1/131
f 1137/1/131 1145/1/131 1153/1/131
f 1153/1/131 1161/1/131 1137/1/131
f 1105/1/231 1136/1/231 1139/1/231
f 1105/1/231 1139/1/231 1138/1/231
f 1136/1/232 1135/1/232 1140/1/232
f 1136/1/232 1140/1/232 1139/1/232
f 1135/1/233 1134/1/233 1141/1/233
f 1135/1/233 1141/1/233 1140/1/233
f 1134/1/234 1133/1/234 1142/1/234
f 1134/1/234 1142/1/234 1141/1/234
f 1133/1/235 1132/1/235 1143/1/235
f 1133/1/235 1143/1/235 1142/1/235
f 1132/1/236 1131/1/236 1144/1/236
f 1132/1/236 1144/1/236 1143/1/236
f 1131/1/237 1130/1/237 1145/1/237
f 1131/1/237 1145/1/237 1144/1/237
f 1130/1/238 1129/1/238 1146/1/238
f 1130/1/238 1146/1/238 1145/1/238
f 1129/1/239 1128/1/239 1147/1/239
f 1129/1/239 1147/1/239 1146/1/239
f 1128/1/240 1127/1/240 1148/1/240
f 1128/1/240 1148/1/240 1147/1/240
f 1127/1/241 1126/1/241 1149/1/241
f 1127/1/241 1149/1/241 1148/1/241
f 1126/1/242 1125/1/242 1150/1/242
f 1126/1/242 1150/1/242 1149/1/242
f 1125/1/243 1124/1/243 1151/1/243
f 1125/1/243 1151/1/243 1150/1/243
f 1124/1/244 1123/1/244 1152/1/244
f 1124/1/244 1152/1/244 1151/1/244
f 1123/1/245 1122/1/245 1153/1/245
f 1123/1/245 1153/1/245 1152/1/245
f 1122/1/246 1121/1/246 1154/1/246
f 1122/1/246 1154/1/246 1153/1/246
f 1121/1/247 1120/1/247 1155/1/247
f 1121/1/247 1155/1/247 1154/1/247
f 1120/1/248 1119/1/248 1156/1/248
f 1120/1/248 1156/1/248 1155/1/248
f 1119/1/249 1118/1/249 1157/1/249
f 1119/1/249 1157/1/249 1156/1/249
f 1118/1/250 1117/1/250 1158/1/250
f 1118/1/250 1158/1/250 1157/1/250
f 1117/1/251 1116/1/251 1159/1/251
f 1117/1/251 1159/1/251 1158/1/251
f 1116/1/252 1115/1/252 1160/1/252
f 1116/1/252 1160/1/252 1159/1/252
f 1115/1/253 1114/1/253 1161/1/253
f 1115/1/253 1161/1/253 1160/1/253
f 1114/1/254 1113/1/254 1162/1/254
f 1114/1/254 1162/1/254 1161/1/254
f 1113/1/255 1112/1/255 1163/1/255
f 1113/1/255 1163/1/255 1162/1/255
f 1112/1/256 1111/1/256 1164/1/256
f 1112/1/256 1164/1/256 1163/1/256
f 1111/1/257 1110/1/257 1165/1/257
f 1111/1/257 1165/1/257 1164/1/257
f 1110/1/258 1109/1/258 1166/1/258
f 1110/1/258 1166/1/258 1165/1/258
f 1109/1/259 1108/1/259 1167/1/259
f 1109/1/259 1167/1/259 1166/1/259
f 1108/1/260 1107/1/260 1168/1/260
f 1108/1/260 1168/1/260 1167/1/260
f 1107/1/261 1106/1/261 1137/1/261
f 1107/1/261 1137/1/261 1168/1/261
f 1106/1/262 1105/1/262 1138/1/262
f 1106/1/262 1138/1/262 1137/1/262
usemtl mat_1
f 1169/1/263 1170/1/263 1171/1/263
f 1169/1/263 1171/1/263 1172/1/263
f 1170/1/264 1173/1/264 1174/1/264
f 1170/1/264 1174/1/264 1171/1/264
f 1173/1/265 1175/1/265 1176/1/265
f 1173/1/265 1176/1/265 1174/1/265
f 1175/1/266 1177/1/266 1178/1/266
f 1175/1/266 1178/1/266 1176/1/266
f 1177/1/267 1179/1/267 1180/1/267
f 1177/1/267 1180/1/267 1178/1/267
f 1179/1/268 1181/1/268 1182/1/268
f 1179/1/268 1182/1/268 1180/1/268
f 1181/1/269 1183/1/269 1184/1/269
f 1181/1/269 1184/1/269 1182/1/269
f 1183/1/270 1185/1/270 1186/1/270
f 1183/1/270 1186/1/270 1184/1/270
f 1185/1/271 1187/1/271 1188/1/271
f 1185/1/271 1188/1/271 1186/1/271
f 1187/1/272 1189/1/272 1190/1/272
f 1187/1/272 1190/1/272 1188/1/272
f 1189/1/273 1191/1/273 1192/1/273
f 1189/1/273 1192/1/273 1190/1/273
f 1191/1/274 1193/1/274 1194/1/274
f 1191/1/274 1194/1/274 1192/1/274
f 1193/1/275 1195/1/275 1196/1/275
f 1193/1/275 1196/1/275 1194/1/275
f 1195/1/276 1197/1/276 1198/1/276
f 1195/1/276 1198/1/276 1196/1/276
f 1197/1/277 1199/1/277 1200/1/277
f 1197/1/277 1200/1/277 1198/1/277
f 1199/1/278 1201/1/278 1202/1/278
f 1199/1/278 1202/1/278 1200/1/278
f 1201/1/279 1203/1/279 1204/1/279
f 1201/1/279 1204/1/279 1202/1/279
f 1203/1/280 1205/1/280 1206/1/280
f 1203/1/280 1206/1/280 1204/1/280
f 1205/1/281 1207/1/281 1208/1/281
f 1205/1/281 1208/1/281 1206/1/281
f 1207/1/282 1209/1/282 1210/1/282
f 1207/1/282 1210/1/282 1208/1/282
f 1209/1/283 1211/1/283 1212/1/283
f 1209/1/283 1212/1/283 1210/1/283
f 1211/1/284 1213/1/284 1214/1/284
f 1211/1/284 1214/1/284 1212/1/284
f 1213/1/285 1215/1/285 1216/1/285
f 1213/1/285 1216/1/285 1214/1/285
f 1215/1/286 1217/1/286 1218/1/286
f 1215/1/286 1218/1/286 1216/1/286
f 1217/1/287 1219/1/287 1220/1/287
f 1217/1/287 1220/1/287 1218/1/287
f 1219/1/288 1221/1/288 1222/1/288
f 1219/1/288 1222/1/288 1220/1/288
f 1221/1/289 1223/1/289 1224/1/289
f 1221/1/289 1224/1/289 1222/1/289
f 1223/1/290 1225/1/290 1226/1/290
f 1223/1/290 1226/1/290 1224/1/290
f 1225/1/291 1227/1/291 1228/1/291
f 1225/1/291 1228/1/291 1226/1/291
f 1227/1/292 1229/1/292 1230/1/292
f 1227/1/292 1230/1/292 1228/1/292
f 1229/1/293 1231/1/293 1232/1/293
f 1229/1/293 1232/1/293 1230/1/293
f 1231/1/294 1169/1/294 1172/1/294
f 1231/1/294 1172/1/294 1232/1/294
f 1172/1/131 1171/1/131 1233/1/131
f 1172/1/131 1233/1/131 1234/1/131
f 1171/1/131 1174/1/131 1235/1/131
f 1171/1/131 1235/1/131 1233/1/131
f 1174/1/131 1176/1/131 1236/1/131
f 1174/1/131 1236/1/131 1235/1/131
f 1176/1/131 1178/1/131 1237/1/131
f 1176/1/131 1237/1/131 1236/1/131
f 1178/1/131 1180/1/131 1238/1/131
f 1178/1/131 1238/1/131 1237/1/131
f 1180/1/131 1182/1/131 1239/1/131
f 1180/1/131 1239/1/131 1238/1/131
f 1182/1/131 1184/1/131 1240/1/131
f 1182/1/131 1240/1/131 1239/1/131
f 1184/1/131 1186/1/131 1241/1/131
f 1184/1/131 1241/1/131 1240/1/131
f 1186/1/131 1188/1/131 1242/1/131
f 1186/1/131 1242/1/131 1241/1/131
f 1188/1/131 1190/1/131 1243/1/131
f 1188/1/131 1243/1/131 1242/1/131
f 1190/1/131 1192/1/131 1244/1/131
f 1190/1/131 1244/1/131 1243/1/131
f 1192/1/131 1194/1/131 1245/1/131
f 1192/1/131 1245/1/131 1244/1/131
f 1194/1/131 1196/1/131 1246/1/131
f 1194/1/131 1246/1/131 1245/1/131
f 1196/1/131 1198/1/131 1247/1/131
f 1196/1/131 1247/1/131 1246/1/131
f 1198/1/131 1200/1/131 1248/1/131
f 1198/1/131 1248/1/131 1247/1/131
f 1200/1/131 1202/1/131 1249/1/131
f 1200/1/131 1249/1/131 1248/1/131
f 1202/1/131 1204/1/131 1250/1/131
f 1202/1/131 1250/1/131 1249/1/131
f 1204/1/131 1206/1/131 1251/1/131
f 1204/1/131 1251/1/131 1250/1/131
f 1206/1/131 1208/1/131 1252/1/131
f 1206/1/131 1252/1/131 1251/1/131
f 1208/1/131 1210/1/131 1253/1/131
f 1208/1/131 1253/1/131 1252/1/131
f 1210/1/131 1212/1/131 1254/1/131
f 1210/1/131 1254/1/131 1253/1/131
f 1212/1/131 1214/1/131 1255/1/131
f 1212/1/131 1255/1/131 1254/1/131
f 1214/1/131 1216/1/131 1256/1/131
f 1214/1/131 1256/1/131 1255/1/131
f 1216/1/131 1218/1/131 1257/1/131
f 1216/1/131 1257/1/131 1256/1/131
f 1218/1/131 1220/1/131 1258/1/131
f 1218/1/131 1258/1/131 1257/1/131
f 1220/1/131 1222/1/131 1259/1/131
f 1220/1/131 1259/1/131 1258/1/131
f 1222/1/131 1224/1/131 1260/1/131
f 1222/1/131 1260/1/131 1259/1/131
f 1224/1/131 1226/1/131 1261/1/131
f 1224/1/131 1261/1/131 1260/1/131
f 1226/1/131 1228/1/131 1262/1/131
f 1226/1/131 1262/1/131 1261/1/131
f 1228/1/131 1230/1/131 1263/1/131
f 1228/1/131 1263/1/131 1262/1/131
f 1230/1/131 1232/1/131 1264/1/131
f 1230/1/131 1264/1/131 1263/1/131
f 1232/1/131 1172/1/131 1234/1/131
f 1232/1/131 1234/1/131 1264/1/131
f 1234/1/295 1233/1/295 1265/1/295
f 1234/1/295 1265/1/295 1266/1/295
f 1233/1/296 1235/1/296 1267/1/296
f 1233/1/296 1267/1/296 1265/1/296
f 1235/1/297 1236/1/297 1268/1/297
f 1235/1/297 1268/1/297 1267/1/297
f 1236/1/298 1237/1/298 1269/1/298
f 1236/1/298 1269/1/298 1268/1/298
f 1237/1/299 1238/1/299 1270/1/299
f 1237/1/299 1270/1/299 1269/1/299
f 1238/1/300 1239/1/300 1271/1/300
f 1238/1/300 1271/1/300 1270/1/300
f 1239/1/301 1240/1/301 1272/1/301
f 1239/1/301 1272/1/301 1271/1/301
f 1240/1/302 1241/1/302 1273/1/302
f 1240/1/302 1273/1/302 1272/1/302
f 1241/1/303 1242/1/303 1274/1/303
f 1241/1/303 1274/1/303 1273/1/303
f 1242/1/304 1243/1/304 1275/1/304
f 1242/1/304 1275/1/304 1274/1/304
f 1243/1/305 1244/1/305 1276/1/305
f 1243/1/305 1276/1/305 1275/1/305
f 1244/1/306 1245/1/306 1277/1/306
f 1244/1/306 1277/1/306 1276/1/306
f 1245/1/307 1246/1/307 1278/1/307
f 1245/1/307 1278/1/307 1277/1/307
f 1246/1/308 1247/1/308 1279/1/308
f 1246/1/308 1279/1/308 1278/1/308
f 1247/1/309 1248/1/309 1280/1/309
f 1247/1/309 1280/1/309 1279/1/309
f 1248/1/310 1249/1/310 1281/1/310
f 1248/1/310 1281/1/310 1280/1/310
f 1249/1/311 1250/1/311 1282/1/311
f 1249/1/311 1282/1/311 1281/1/311
f 1250/1/312 1251/1/312 1283/1/312
f 1250/1/312 1283/1/312 1282/1/312
f 1251/1/313 1252/1/313 1284/1/313
f 1251/1/313 1284/1/313 1283/1/313
f 1252/1/314 1253/1/314 1285/1/314
f 1252/1/314 1285/1/314 1284/1/314
f 1253/1/315 1254/1/315 1286/1/315
f 1253/1/315 1286/1/315 1285/1/315
f 1254/1/316 1255/1/316 1287/1/316
f 1254/1/316 1287/1/316 1286/1/316
f 1255/1/317 1256/1/317 1288/1/317
f 1255/1/317 1288/1/317 1287/1/317
f 1256/1/318 1257/1/318 1289/1/318
f 1256/1/318 1289/1/318 1288/1/318
f 1257/1/319 1258/1/319 1290/1/319
f 1257/1/319 1290/1/319 1289/1/319
f 1258/1/320 1259/1/320 1291/1/320
f 1258/1/320 1291/1/320 1290/1/320
f 1259/1/321 1260/1/321 1292/1/321
f 1259/1/321 1292/1/321 1291/1/321
f 1260/1/322 1261/1/322 1293/1/322
f 1260/1/322 1293/1/322 1292/1/322
f 1261/1/323 1262/1/323 1294/1/323
f 1261/1/323 1294/1/323 1293/1/323
f 1262/1/324 1263/1/324 1295/1/324
f 1262/1/324 1295/1/324 1294/1/324
f 1263/1/325 1264/1/325 1296/1/325
f 1263/1/325 1296/1/325 1295/1/325
f 1264/1/326 1234/1/326 1266/1/326
f 1264/1/326 1266/1/326 1296/1/326
f 1266/1/128 1265/1/128 1170/1/128
f 1266/1/128 1170/1/128 1169/1/128
f 1265/1/128 1267/1/128 1173/1/128
f 1265/1/128 1173/1/128 1170/1/128
f 1267/1/128 1268/1/128 1175/1/128
f 1267/1/128 1175/1/128 1173/1/128
f 1268/1/128 1269/1/128 1177/1/128
f 1268/1/128 1177/1/128 1175/1/128
f 1269/1/128 1270/1/128 1179/1/128
f 1269/1/128 1179/1/128 1177/1/128
f 1270/1/128 1271/1/128 1181/1/128
f 1270/1/128 1181/1/128 1179/1/128
f 1271/1/128 1272/1/128 1183/1/128
f 1271/1/128 1183/1/128 1181/1/128
f 1272/1/128 1273/1/128 1185/1/128
f 1272/1/128 1185/1/128 1183/1/128
f 1273/1/128 1274/1/128 1187/1/128
f 1273/1/128 1187/1/128 1185/1/128
f 1274/1/128 1275/1/128 1189/1/128
f 1274/1/128 1189/1/128 1187/1/128
f 1275/1/128 1276/1/128 1191/1/128
f 1275/1/128 1191/1/128 1189/1/128
f 1276/1/128 1277/1/128 1193/1/128
f 1276/1/128 1193/1/128 1191/1/128
f 1277/1/128 1278/1/128 1195/1/128
f 1277/1/128 1195/1/128 1193/1/128
f 1278/1/128 1279/1/128 1197/1/128
f 1278/1/128 1197/1/128 1195/1/128
f 1279/1/128 1280/1/128 1199/1/128
f 1279/1/128 1199/1/128 1197/1/128
f 1280/1/128 1281/1/128 1201/1/128
f 1280/1/128 1201/1/128 1199/1/128
f 1281/1/128 1282/1/128 1203/1/128
f 1281/1/128 1203/1/128 1201/1/128
f 1282/1/128 1283/1/128 1205/1/128
f 1282/1/128 1205/1/128 1203/1/128
f 1283/1/128 1284/1/128 1207/1/128
f 1283/1/128 1207/1/128 1205/1/128
f 1284/1/128 1285/1/128 1209/1/128
f 1284/1/128 1209/1/128 1207/1/128
f 1285/1/128 1286/1/128 1211/1/128
f 1285/1/128 1211/1/128 1209/1/128
f 1286/1/128 1287/1/128 1213/1/128
f 1286/1/128 1213/1/128 1211/1/128
f 1287/1/128 1288/1/128 1215/1/128
f 1287/1/128 1215/1/128 1213/1/128
f 1288/1/128 1289/1/128 1217/1/128
f 1288/1/128 1217/1/128 1215/1/128
f 1289/1/128 1290/1/128 1219/1/128
f 1289/1/128 1219/1/128 1217/1/128
f 1290/1/128 1291/1/128 1221/1/128
f 1290/1/128 1221/1/128 1219/1/128
f 1291/1/128 1292/1/128 1223/1/128
f 1291/1/128 1223/1/128 1221/1/128
f 1292/1/128 1293/1/128 1225/1/128
f 1292/1/128 1225/1/128 1223/1/128
f 1293/1/128 1294/1/128 1227/1/128
f 1293/1/128 1227/1/128 1225/1/128
f 1294/1/128 1295/1/128 1229/1/128
f 1294/1/128 1229/1/128 1227/1/128
f 1295/1/128 1296/1/128 1231/1/128
f 1295/1/128 1231/1/128 1229/1/128
f 1296/1/128 1266/1/128 1169/1/128
f 1296/1/128 1169/1/128 1231/1/128
f 1297/1/128 1298/1/128 1299/1/128
f 1299/1/128 1300/1/128 1301/1/128
f 1301/1/128 1302/1/128 1297/1/128
f 1299/1/128 1301/1/128 1297/1/128
f 1303/1/131 1304/1/131 1305/1/131
f 1305/1/131 1306/1/131 1307/1/131
f 1307/1/131 1308/1/131 1303/1/131
f 1305/1/131 1307/1/131 1303/1/131
f 1297/1/327 1302/1/327 1305/1/327
f 1297/1/327 1305/1/327 1304/1/327
f 1302/1/214 1301/1/214 1306/1/214
f 1302/1/214 1306/1/214 1305/1/214
f 1301/1/328 1300/1/328 1307/1/328
f 1301/1/328 1307/1/328 1306/1/328
f 1300/1/329 1299/1/329 1308/1/329
f 1300/1/329 1308/1/329 1307/1/329
f 1299/1/217 1298/1/217 1303/1/217
f 1299/1/217 1303/1/217 1308/1/217
f 1298/1/330 1297/1/330 1304/1/330
f 1298/1/330 1304/1/330 1303/1/330
f 1309/1/128 1310/1/128 1311/1/128
f 1311/1/128 1312/1/128 1313/1/128
f 1313/1/128 1314/1/128 1309/1/128
f 1311/1/128 1313/1/128 1309/1/128
f 1315/1/131 1316/1/131 1317/1/131
f 1317/1/131 1318/1/131 1319/1/131
f 1319/1/131 1320/1/131 1315/1/131
f 1317/1/131 1319/1/131 1315/1/131
f 1309/1/331 1314/1/331 1317/1/331
f 1309/1/331 1317/1/331 1316/1/331
f 1314/1/214 1313/1/214 1318/1/214
f 1314/1/214 1318/1/214 1317/1/214
f 1313/1/328 1312/1/328 1319/1/328
f 1313/1/328 1319/1/328 1318/1/328
f 1312/1/329 1311/1/329 1320/1/329
f 1312/1/329 1320/1/329 1319/1/329
f 1311/1/217 1310/1/217 1315/1/217
f 1311/1/217 1315/1/217 1320/1/217
f 1310/1/332 1309/1/332 1316/1/332
f 1310/1/332 1316/1/332 1315/1/332
f 1321/1/128 1322/1/128 1323/1/128
f 1323/1/128 1324/1/128 1325/1/128
f 1325/1/128 1326/1/128 1321/1/128
f 1323/1/128 1325/1/128 1321/1/128
f 1327/1/131 1328/1/131 1329/1/131
f 1329/1/131 1330/1/131 1331/1/131
f 1331/1/131 1332/1/131 1327/1/131
f 1329/1/131 1331/1/131 1327/1/131
f 1321/1/331 1326/1/331 1329/1/331
f 1321/1/331 1329/1/331 1328/1/331
f 1326/1/214 1325/1/214 1330/1/214
f 1326/1/214 1330/1/214 1329/1/214
f 1325/1/328 1324/1/328 1331/1/328
f 1325/1/328 1331/1/328 1330/1/328
f 1324/1/329 1323/1/329 1332/1/329
f 1324/1/329 1332/1/329 1331/1/329
f 1323/1/217 1322/1/217 1327/1/217
f 1323/1/217 1327/1/217 1332/1/217
f 1322/1/332 1321/1/332 1328/1/332
f 1322/1/332 1328/1/332 1327/1/332
f 1333/1/128 1334/1/128 1335/1/128
f 1335/1/128 1336/1/128 1337/1/128
f 1337/1/128 1338/1/128 1333/1/128
f 1335/1/128 1337/1/128 1333/1/128
f 1339/1/131 1340/1/131 1341/1/131
f 1341/1/131 1342/1/131 1343/1/131
f 1343/1/131 1344/1/131 1339/1/131
f 1341/1/131 1343/1/131 1339/1/131
f 1333/1/331 1338/1/331 1341/1/331
f 1333/1/331 1341/1/331 1340/1/331
f 1338/1/214 1337/1/214 1342/1/214
f 1338/1/214 1342/1/214 1341/1/214
f 1337/1/328 1336/1/328 1343/1/328
f 1337/1/328 1343/1/328 1342/1/328
f 1336/1/329 1335/1/329 1344/1/329
f 1336/1/329 1344/1/329 1343/1/329
f 1335/1/217 1334/1/217 1339/1/217
f 1335/1/217 1339/1/217 1344/1/217
f 1334/1/332 1333/1/332 1340/1/332
f 1334/1/332 1340/1/332 1339/1/332
f 1345/1/128 1346/1/128 1347/1/128
f 1347/1/128 1348/1/128 1349/1/128
f 1349/1/128 1350/1/128 1345/1/128
f 1347/1/128 1349/1/128 1345/1/128
f 1351/1/131 1352/1/131 1353/1/131
f 1353/1/131 1354/1/131 1355/1/131
f 1355/1/131 1356/1/131 1351/1/131
f 1353/1/131 1355/1/131 1351/1/131
f 1345/1/331 1350/1/331 1353/1/331
f 1345/1/331 1353/1/331 1352/1/331
f 1350/1/214 1349/1/214 1354/1/214
f 1350/1/214 1354/1/214 1353/1/214
f 1349/1/328 1348/1/328 1355/1/328
f 1349/1/328 1355/1/328 1354/1/328
f 1348/1/329 1347/1/329 1356/1/329
f 1348/1/329 1356/1/329 1355/1/329
f 1347/1/217 1346/1/217 1351/1/217
f 1347/1/217 1351/1/217 1356/1/217
f 1346/1/332 1345/1/332 1352/1/332
f 1346/1/332 1352/1/332 1351/1/332
f 1357/1/128 1358/1/128 1359/1/128
f 1359/1/128 1360/1/128 1361/1/128
f 1361/1/128 1362/1/128 1357/1/128
f 1359/1/128 1361/1/128 1357/1/128
f 1363/1/131 1364/1/131 1365/1/131
f 1365/1/131 1366/1/131 1367/1/131
f 1367/1/131 1368/1/131 1363/1/131
f 1365/1/131 1367/1/131 1363/1/131
f 1357/1/327 1362/1/327 1365/1/327
f 1357/1/327 1365/1/327 1364/1/327
f 1362/1/214 1361/1/214 1366/1/214
f 1362/1/214 1366/1/214 1365/1/214
f 1361/1/328 1360/1/328 1367/1/328
f 1361/1/328 1367/1/328 1366/1/328
f 1360/1/329 1359/1/329 1368/1/329
f 1360/1/329 1368/1/329 1367/1/329
f 1359/1/217 1358/1/217 1363/1/217
f 1359/1/217 1363/1/217 1368/1/217
f 1358/1/330 1357/1/330 1364/1/330
f 1358/1/330 1364/1/330 1363/1/330
f 1369/1/128 1370/1/128 1371/1/128
f 1371/1/128 1372/1/128 1373/1/128
f 1373/1/128 1374/1/128 1369/1/128
f 1371/1/128 1373/1/128 1369/1/128
f 1375/1/131 1376/1/131 1377/1/131
f 1377/1/131 1378/1/131 1379/1/131
f 1379/1/131 1380/1/131 1375/1/131
f 1377/1/131 1379/1/131 1375/1/131
f 1369/1/327 1374/1/327 1377/1/327
f 1369/1/327 1377/1/327 1376/1/327
f 1374/1/214 1373/1/214 1378/1/214
f 1374/1/214 1378/1/214 1377/1/214
f 1373/1/333 1372/1/333 1379/1/333
f 1373/1/333 1379/1/333 1378/1/333
f 1372/1/334 1371/1/334 1380/1/334
f 1372/1/334 1380/1/334 1379/1/334
f 1371/1/217 1370/1/217 1375/1/217
f 1371/1/217 1375/1/217 1380/1/217
f 1370/1/330 1369/1/330 1376/1/330
f 1370/1/330 1376/1/330 1375/1/330
f 1381/1/128 1382/1/128 1383/1/128
f 1383/1/128 1384/1/128 1385/1/128
f 1385/1/128 1386/1/128 1381/1/128
f 1383/1/128 1385/1/128 1381/1/128
f 1387/1/131 1388/1/131 1389/1/131
f 1389/1/131 1390/1/131 1391/1/131
f 1391/1/131 1392/1/131 1387/1/131
f 1389/1/131 1391/1/131 1387/1/131
f 1381/1/327 1386/1/327 1389/1/327
f 1381/1/327 1389/1/327 1388/1/327
f 1386/1/214 1385/1/214 1390/1/214
f 1386/1/214 1390/1/214 1389/1/214
f 1385/1/333 1384/1/333 1391/1/333
f 1385/1/333 1391/1/333 1390/1/333
f 1384/1/334 1383/1/334 1392/1/334
f 1384/1/334 1392/1/334 1391/1/334
f 1383/1/217 1382/1/217 1387/1/217
f 1383/1/217 1387/1/217 1392/1/217
f 1382/1/330 1381/1/330 1388/1/330
f 1382/1/330 1388/1/330 1387/1/330
f 1393/1/128 1394/1/128 1395/1/128
f 1395/1/128 1396/1/128 1397/1/128
f 1397/1/128 1398/1/128 1393/1/128
f 1395/1/128 1397/1/128 1393/1/128
f 1399/1/131 1400/1/131 1401/1/131
f 1401/1/131 1402/1/131 1403/1/131
f 1403/1/131 1404/1/131 1399/1/131
f 1401/1/131 1403/1/131 1399/1/131
f 1393/1/327 1398/1/327 1401/1/327
f 1393/1/327 1401/1/327 1400/1/327
f 1398/1/214 1397/1/214 1402/1/214
f 1398/1/214 1402/1/214 1401/1/214
f 1397/1/333 1396/1/333 1403/1/333
f 1397/1/333 1403/1/333 1402/1/333
f 1396/1/334 1395/1/334 1404/1/334
f 1396/1/334 1404/1/334 1403/1/334
f 1395/1/217 1394/1/217 1399/1/217
f 1395/1/217 1399/1/217 1404/1/217
f 1394/1/330 1393/1/330 1400/1/330
f 1394/1/330 1400/1/330 1399/1/330
f 1405/1/128 1406/1/128 1407/1/128
f 1407/1/128 1408/1/128 1409/1/128
f 1409/1/128 1410/1/128 1405/1/128
f 1407/1/128 1409/1/128 1405/1/128
f 1411/1/131 1412/1/131 1413/1/131
f 1413/1/131 1414/1/131 1415/1/131
f 1415/1/131 1416/1/131 1411/1/131
f 1413/1/131 1415/1/131 1411/1/131
f 1405/1/327 1410/1/327 1413/1/327
f 1405/1/327 1413/1/327 1412/1/327
f 1410/1/214 1409/1/214 1414/1/214
f 1410/1/214 1414/1/214 1413/1/214
f 1409/1/333 1408/1/333 1415/1/333
f 1409/1/333 1415/1/333 1414/1/333
f 1408/1/334 1407/1/334 1416/1/334
f 1408/1/334 1416/1/334 1415/1/334
f 1407/1/217 1406/1/217 1411/1/217
f 1407/1/217 1411/1/217 1416/1/217
f 1406/1/330 1405/1/330 1412/1/330
f 1406/1/330 1412/1/330 1411/1/330
f 1417/1/54 1418/1/54 1419/1/54
f 1417/1/54 1419/1/54 1420/1/54
f 1421/1/29 1422/1/29 1423/1/29
f 1421/1/29 1423/1/29 1424/1/29
f 1417/1/128 1420/1/128 1422/1/128
f 1417/1/128 1422/1/128 1421/1/128
f 1418/1/131 1424/1/131 1423/1/131
f 1418/1/131 1423/1/131 1419/1/131
f 1417/1/214 1421/1/214 1424/1/214
f 1417/1/214 1424/1/214 1418/1/214
f 1420/1/217 1419/1/217 1423/1/217
f 1420/1/217 1423/1/217 1422/1/217
usemtl mat_4
f 1425/1/54 1426/1/54 1427/1/54
f 1425/1/54 1427/1/54 1428/1/54
f 1429/1/29 1430/1/29 1431/1/29
f 1429/1/29 1431/1/29 1432/1/29
f 1425/1/128 1428/1/128 1430/1/128
f 1425/1/128 1430/1/128 1429/1/128
f 1426/1/131 1432/1/131 1431/1/131
f 1426/1/131 1431/1/131 1427/1/131
f 1425/1/214 1429/1/214 1432/1/214
f 1425/1/214 1432/1/214 1426/1/214
f 1428/1/217 1427/1/217 1431/1/217
f 1428/1/217 1431/1/217 1430/1/217
usemtl mat_3
f 1433/1/335 1434/1/335 1435/1/335
f 1433/1/336 1435/1/336 1436/1/336
f 1434/1/337 1437/1/337 1438/1/337
f 1434/1/338 1438/1/338 1435/1/338
f 1437/1/339 1439/1/339 1440/1/339
f 1437/1/340 1440/1/340 1438/1/340
f 1439/1/341 1441/1/341 1442/1/341
f 1439/1/342 1442/1/342 1440/1/342
f 1441/1/343 1443/1/343 1444/1/343
f 1441/1/344 1444/1/344 1442/1/344
f 1443/1/345 1445/1/345 1446/1/345
f 1443/1/346 1446/1/346 1444/1/346
f 1445/1/347 1447/1/347 1448/1/347
f 1445/1/348 1448/1/348 1446/1/348
f 1447/1/349 1449/1/349 1450/1/349
f 1447/1/350 1450/1/350 1448/1/350
f 1449/1/351 1451/1/351 1452/1/351
f 1449/1/352 1452/1/352 1450/1/352
f 1451/1/353 1453/1/353 1454/1/353
f 1451/1/354 1454/1/354 1452/1/354
f 1453/1/355 1455/1/355 1456/1/355
f 1453/1/356 1456/1/356 1454/1/356
f 1455/1/357 1457/1/357 1458/1/357
f 1455/1/358 1458/1/358 1456/1/358
f 1457/1/359 1459/1/359 1460/1/359
f 1457/1/360 1460/1/360 1458/1/360
f 1459/1/361 1461/1/361 1462/1/361
f 1459/1/362 1462/1/362 1460/1/362
f 1461/1/363 1463/1/363 1464/1/363
f 1461/1/364 1464/1/364 1462/1/364
f 1463/1/365 1465/1/365 1466/1/365
f 1463/1/366 1466/1/366 1464/1/366
f 1465/1/367 1467/1/367 1468/1/367
f 1465/1/368 1468/1/368 1466/1/368
f 1467/1/369 1469/1/369 1470/1/369
f 1467/1/370 1470/1/370 1468/1/370
f 1469/1/371 1471/1/371 1472/1/371
f 1469/1/372 1472/1/372 1470/1/372
f 1471/1/373 1433/1/373 1436/1/373
f 1471/1/374 1436/1/374 1472/1/374
f 1473/1/375 1474/1/375 1475/1/375
f 1473/1/376 1475/1/376 1476/1/376
f 1476/1/377 1475/1/377 1477/1/377
f 1476/1/378 1477/1/378 1478/1/378
f 1478/1/379 1477/1/379 1479/1/379
f 1478/1/380 1479/1/380 1480/1/380
f 1480/1/381 1479/1/381 1481/1/381
f 1480/1/382 1481/1/382 1482/1/382
f 1482/1/383 1481/1/383 1483/1/383
f 1482/1/384 1483/1/384 1484/1/384
f 1484/1/385 1483/1/385 1485/1/385
f 1484/1/386 1485/1/386 1486/1/386
f 1486/1/387 1485/1/387 1487/1/387
f 1486/1/388 1487/1/388 1488/1/388
f 1488/1/389 1487/1/389 1489/1/389
f 1488/1/390 1489/1/390 1490/1/390
f 1490/1/391 1489/1/391 1491/1/391
f 1490/1/392 1491/1/392 1492/1/392
f 1492/1/393 1491/1/393 1493/1/393
f 1492/1/394 1493/1/394 1494/1/394
f 1494/1/395 1493/1/395 1495/1/395
f 1494/1/396 1495/1/396 1496/1/396
f 1496/1/397 1495/1/397 1497/1/397
f 1496/1/398 1497/1/398 1498/1/398
f 1498/1/399 1497/1/399 1499/1/399
f 1498/1/400 1499/1/400 1500/1/400
f 1500/1/401 1499/1/401 1501/1/401
f 1500/1/402 1501/1/402 1502/1/402
f 1502/1/403 1501/1/403 1503/1/403
f 1502/1/404 1503/1/404 1504/1/404
f 1504/1/405 1503/1/405 1505/1/405
f 1504/1/406 1505/1/406 1506/1/406
f 1506/1/407 1505/1/407 1507/1/407
f 1506/1/408 1507/1/408 1508/1/408
f 1508/1/409 1507/1/409 1509/1/409
f 1508/1/410 1509/1/410 1510/1/410
f 1510/1/411 1509/1/411 1511/1/411
f 1510/1/412 1511/1/412 1512/1/412
f 1512/1/413 1511/1/413 1474/1/413
f 1512/1/414 1474/1/414 1473/1/414
f 1436/1/415 1435/1/415 1513/1/415
f 1436/1/416 1513/1/416 1514/1/416
f 1435/1/417 1438/1/417 1515/1/417
f 1435/1/418 1515/1/418 1513/1/418
f 1438/1/419 1440/1/419 1516/1/419
f 1438/1/420 1516/1/420 1515/1/420
f 1440/1/421 1442/1/421 1517/1/421
f 1440/1/422 1517/1/422 1516/1/422
f 1442/1/423 1444/1/423 1518/1/423
f 1442/1/424 1518/1/424 1517/1/424
f 1444/1/425 1446/1/425 1519/1/425
f 1444/1/426 1519/1/426 1518/1/426
f 1446/1/427 1448/1/427 1520/1/427
f 1446/1/428 1520/1/428 1519/1/428
f 1448/1/429 1450/1/429 1521/1/429
f 1448/1/430 1521/1/430 1520/1/430
f 1450/1/431 1452/1/431 1522/1/431
f 1450/1/432 1522/1/432 1521/1/432
f 1452/1/433 1454/1/433 1523/1/433
f 1452/1/434 1523/1/434 1522/1/434
f 1454/1/435 1456/1/435 1524/1/435
f 1454/1/436 1524/1/436 1523/1/436
f 1456/1/437 1458/1/437 1525/1/437
f 1456/1/438 1525/1/438 1524/1/438
f 1458/1/439 1460/1/439 1526/1/439
f 1458/1/440 1526/1/440 1525/1/440
f 1460/1/441 1462/1/441 1527/1/441
f 1460/1/442 1527/1/442 1526/1/442
f 1462/1/443 1464/1/443 1528/1/443
f 1462/1/444 1528/1/444 1527/1/444
f 1464/1/445 1466/1/445 1529/1/445
f 1464/1/446 1529/1/446 1528/1/446
f 1466/1/447 1468/1/447 1530/1/447
f 1466/1/448 1530/1/448 1529/1/448
f 1468/1/449 1470/1/449 1531/1/449
f 1468/1/450 1531/1/450 1530/1/450
f 1470/1/451 1472/1/451 1532/1/451
f 1470/1/452 1532/1/452 1531/1/452
f 1472/1/453 1436/1/453 1514/1/453
f 1472/1/454 1514/1/454 1532/1/454
f 1474/1/455 1533/1/455 1534/1/455
f 1474/1/456 1534/1/456 1475/1/456
f 1475/1/457 1534/1/457 1535/1/457
f 1475/1/458 1535/1/458 1477/1/458
f 1477/1/459 1535/1/459 1536/1/459
f 1477/1/460 1536/1/460 1479/1/460
f 1479/1/461 1536/1/461 1537/1/461
f 1479/1/462 1537/1/462 1481/1/462
f 1481/1/463 1537/1/463 1538/1/463
f 1481/1/464 1538/1/464 1483/1/464
f 1483/1/465 1538/1/465 1539/1/465
f 1483/1/466 1539/1/466 1485/1/466
f 1485/1/467 1539/1/467 1540/1/467
f 1485/1/468 1540/1/468 1487/1/468
f 1487/1/469 1540/1/469 1541/1/469
f 1487/1/470 1541/1/470 1489/1/470
f 1489/1/471 1541/1/471 1542/1/471
f 1489/1/472 1542/1/472 1491/1/472
f 1491/1/473 1542/1/473 1543/1/473
f 1491/1/474 1543/1/474 1493/1/474
f 1493/1/475 1543/1/475 1544/1/475
f 1493/1/476 1544/1/476 1495/1/476
f 1495/1/477 1544/1/477 1545/1/477
f 1495/1/478 1545/1/478 1497/1/478
f 1497/1/479 1545/1/479 1546/1/479
f 1497/1/480 1546/1/480 1499/1/480
f 1499/1/481 1546/1/481 1547/1/481
f 1499/1/482 1547/1/482 1501/1/482
f 1501/1/483 1547/1/483 1548/1/483
f 1501/1/484 1548/1/484 1503/1/484
f 1503/1/485 1548/1/485 1549/1/485
f 1503/1/486 1549/1/486 1505/1/486
f 1505/1/487 1549/1/487 1550/1/487
f 1505/1/488 1550/1/488 1507/1/488
f 1507/1/489 1550/1/489 1551/1/489
f 1507/1/490 1551/1/490 1509/1/490
f 1509/1/491 1551/1/491 1552/1/491
f 1509/1/492 1552/1/492 1511/1/492
f 1511/1/493 1552/1/493 1533/1/493
f 1511/1/494 1533/1/494 1474/1/494
f 1433/1/128 1473/1/128 1476/1/128
f 1433/1/128 1476/1/128 1434/1/128
f 1434/1/128 1476/1/128 1478/1/128
f 1434/1/128 1478/1/128 1437/1/128
f 1437/1/128 1478/1/128 1480/1/128
f 1437/1/128 1480/1/128 1439/1/128
f 1439/1/128 1480/1/128 1482/1/128
f 1439/1/128 1482/1/128 1441/1/128
f 1441/1/128 1482/1/128 1484/1/128
f 1441/1/128 1484/1/128 1443/1/128
f 1443/1/128 1484/1/128 1486/1/128
f 1443/1/128 1486/1/128 1445/1/128
f 1445/1/128 1486/1/128 1488/1/128
f 1445/1/128 1488/1/128 1447/1/128
f 1447/1/128 1488/1/128 1490/1/128
f 1447/1/128 1490/1/128 1449/1/128
f 1449/1/128 1490/1/128 1492/1/128
f 1449/1/128 1492/1/128 1451/1/128
f 1451/1/128 1492/1/128 1494/1/128
f 1451/1/128 1494/1/128 1453/1/128
f 1453/1/128 1494/1/128 1496/1/128
f 1453/1/128 1496/1/128 1455/1/128
f 1455/1/128 1496/1/128 1498/1/128
f 1455/1/128 1498/1/128 1457/1/128
f 1457/1/128 1498/1/128 1500/1/128
f 1457/1/128 1500/1/128 1459/1/128
f 1459/1/128 1500/1/128 1502/1/128
f 1459/1/128 1502/1/128 1461/1/128
f 1461/1/128 1502/1/128 1504/1/128
f 1461/1/128 1504/1/128 1463/1/128
f 1463/1/128 1504/1/128 1506/1/128
f 1463/1/128 1506/1/128 1465/1/128
f 1465/1/128 1506/1/128 1508/1/128
f 1465/1/128 1508/1/128 1467/1/128
f 1467/1/128 1508/1/128 1510/1/128
f 1467/1/128 1510/1/128 1469/1/128
f 1469/1/128 1510/1/128 1512/1/128
f 1469/1/128 1512/1/128 1471/1/128
f 1471/1/128 1512/1/128 1473/1/128
f 1471/1/128 1473/1/128 1433/1/128
f 1514/1/495 1513/1/495 1534/1/495
f 1514/1/496 1534/1/496 1533/1/496
f 1513/1/497 1515/1/497 1535/1/497
f 1513/1/498 1535/1/498 1534/1/498
f 1515/1/499 1516/1/499 1536/1/499
f 1515/1/500 1536/1/500 1535/1/500
f 1516/1/501 1517/1/501 1537/1/501
f 1516/1/499 1537/1/499 1536/1/499
f 1517/1/502 1518/1/502 1538/1/502
f 1517/1/503 1538/1/503 1537/1/503
f 1518/1/504 1519/1/504 1539/1/504
f 1518/1/499 1539/1/499 1538/1/499
f 1519/1/505 1520/1/505 1540/1/505
f 1519/1/506 1540/1/506 1539/1/506
f 1520/1/507 1521/1/507 1541/1/507
f 1520/1/508 1541/1/508 1540/1/508
f 1521/1/509 1522/1/509 1542/1/509
f 1521/1/510 1542/1/510 1541/1/510
f 1522/1/511 1523/1/511 1543/1/511
f 1522/1/512 1543/1/512 1542/1/512
f 1523/1/495 1524/1/495 1544/1/495
f 1523/1/496 1544/1/496 1543/1/496
f 1524/1/497 1525/1/497 1545/1/497
f 1524/1/498 1545/1/498 1544/1/498
f 1525/1/499 1526/1/499 1546/1/499
f 1525/1/500 1546/1/500 1545/1/500
f 1526/1/501 1527/1/501 1547/1/501
f 1526/1/499 1547/1/499 1546/1/499
f 1527/1/502 1528/1/502 1548/1/502
f 1527/1/503 1548/1/503 1547/1/503
f 1528/1/513 1529/1/513 1549/1/513
f 1528/1/499 1549/1/499 1548/1/499
f 1529/1/505 1530/1/505 1550/1/505
f 1529/1/506 1550/1/506 1549/1/506
f 1530/1/507 1531/1/507 1551/1/507
f 1530/1/508 1551/1/508 1550/1/508
f 1531/1/509 1532/1/509 1552/1/509
f 1531/1/510 1552/1/510 1551/1/510
f 1532/1/511 1514/1/511 1533/1/511
f 1532/1/512 1533/1/512 1552/1/512
usemtl mat_5
f 1553/1/514 1554/1/514 1555/1/514
f 1553/1/514 1555/1/514 1556/1/514
f 1554/1/515 1557/1/515 1558/1/515
f 1554/1/515 1558/1/515 1555/1/515
f 1557/1/516 1559/1/516 1560/1/516
f 1557/1/516 1560/1/516 1558/1/516
f 1559/1/517 1561/1/517 1562/1/517
f 1559/1/517 1562/1/517 1560/1/517
f 1561/1/518 1563/1/518 1564/1/518
f 1561/1/518 1564/1/518 1562/1/518
f 1563/1/519 1565/1/519 1566/1/519
f 1563/1/519 1566/1/519 1564/1/519
f 1565/1/520 1567/1/520 1568/1/520
f 1565/1/520 1568/1/520 1566/1/520
f 1567/1/521 1569/1/521 1570/1/521
f 1567/1/521 1570/1/521 1568/1/521
f 1569/1/522 1571/1/522 1572/1/522
f 1569/1/522 1572/1/522 1570/1/522
f 1571/1/523 1573/1/523 1574/1/523
f 1571/1/523 1574/1/523 1572/1/523
f 1573/1/524 1575/1/524 1576/1/524
f 1573/1/524 1576/1/524 1574/1/524
f 1575/1/525 1577/1/525 1578/1/525
f 1575/1/525 1578/1/525 1576/1/525
f 1577/1/526 1579/1/526 1580/1/526
f 1577/1/526 1580/1/526 1578/1/526
f 1579/1/527 1581/1/527 1582/1/527
f 1579/1/527 1582/1/527 1580/1/527
f 1581/1/528 1583/1/528 1584/1/528
f 1581/1/528 1584/1/528 1582/1/528
f 1583/1/529 1585/1/529 1586/1/529
f 1583/1/529 1586/1/529 1584/1/529
f 1585/1/530 1587/1/530 1588/1/530
f 1585/1/530 1588/1/530 1586/1/530
f 1587/1/531 1589/1/531 1590/1/531
f 1587/1/531 1590/1/531 1588/1/531
f 1589/1/532 1591/1/532 1592/1/532
f 1589/1/532 1592/1/532 1590/1/532
f 1591/1/533 1593/1/533 1594/1/533
f 1591/1/533 1594/1/533 1592/1/533
f 1593/1/534 1595/1/534 1596/1/534
f 1593/1/534 1596/1/534 1594/1/534
f 1595/1/535 1597/1/535 1598/1/535
f 1595/1/535 1598/1/535 1596/1/535
f 1597/1/536 1599/1/536 1600/1/536
f 1597/1/536 1600/1/536 1598/1/536
f 1599/1/537 1553/1/537 1556/1/537
f 1599/1/537 1556/1/537 1600/1/537
f 1556/1/29 1555/1/29 1601/1/29
f 1556/1/29 1601/1/29 1602/1/29
f 1555/1/29 1558/1/29 1603/1/29
f 1555/1/29 1603/1/29 1601/1/29
f 1558/1/29 1560/1/29 1604/1/29
f 1558/1/29 1604/1/29 1603/1/29
f 1560/1/29 1562/1/29 1605/1/29
f 1560/1/29 1605/1/29 1604/1/29
f 1562/1/29 1564/1/29 1606/1/29
f 1562/1/29 1606/1/29 1605/1/29
f 1564/1/29 1566/1/29 1607/1/29
f 1564/1/29 1607/1/29 1606/1/29
f 1566/1/29 1568/1/29 1608/1/29
f 1566/1/29 1608/1/29 1607/1/29
f 1568/1/29 1570/1/29 1609/1/29
f 1568/1/29 1609/1/29 1608/1/29
f 1570/1/29 1572/1/29 1610/1/29
f 1570/1/29 1610/1/29 1609/1/29
f 1572/1/29 1574/1/29 1611/1/29
f 1572/1/29 1611/1/29 1610/1/29
f 1574/1/29 1576/1/29 1612/1/29
f 1574/1/29 1612/1/29 1611/1/29
f 1576/1/29 1578/1/29 1613/1/29
f 1576/1/29 1613/1/29 1612/1/29
f 1578/1/29 1580/1/29 1614/1/29
f 1578/1/29 1614/1/29 1613/1/29
f 1580/1/29 1582/1/29 1615/1/29
f 1580/1/29 1615/1/29 1614/1/29
f 1582/1/29 1584/1/29 1616/1/29
f 1582/1/29 1616/1/29 1615/1/29
f 1584/1/29 1586/1/29 1617/1/29
f 1584/1/29 1617/1/29 1616/1/29
f 1586/1/29 1588/1/29 1618/1/29
f 1586/1/29 1618/1/29 1617/1/29
f 1588/1/29 1590/1/29 1619/1/29
f 1588/1/29 1619/1/29 1618/1/29
f 1590/1/29 1592/1/29 1620/1/29
f 1590/1/29 1620/1/29 1619/1/29
f 1592/1/29 1594/1/29 1621/1/29
f 1592/1/29 1621/1/29 1620/1/29
f 1594/1/29 1596/1/29 1622/1/29
f 1594/1/29 1622/1/29 1621/1/29
f 1596/1/29 1598/1/29 1623/1/29
f 1596/1/29 1623/1/29 1622/1/29
f 1598/1/29 1600/1/29 1624/1/29
f 1598/1/29 1624/1/29 1623/1/29
f 1600/1/29 1556/1/29 1602/1/29
f 1600/1/29 1602/1/29 1624/1/29
f 1602/1/538 1601/1/538 1625/1/538
f 1602/1/538 1625/1/538 1626/1/538
f 1601/1/539 1603/1/539 1627/1/539
f 1601/1/539 1627/1/539 1625/1/539
f 1603/1/540 1604/1/540 1628/1/540
f 1603/1/540 1628/1/540 1627/1/540
f 1604/1/541 1605/1/541 1629/1/541
f 1604/1/541 1629/1/541 1628/1/541
f 1605/1/542 1606/1/542 1630/1/542
f 1605/1/542 1630/1/542 1629/1/542
f 1606/1/543 1607/1/543 1631/1/543
f 1606/1/543 1631/1/543 1630/1/543
f 1607/1/544 1608/1/544 1632/1/544
f 1607/1/544 1632/1/544 1631/1/544
f 1608/1/545 1609/1/545 1633/1/545
f 1608/1/545 1633/1/545 1632/1/545
f 1609/1/546 1610/1/546 1634/1/546
f 1609/1/546 1634/1/546 1633/1/546
f 1610/1/547 1611/1/547 1635/1/547
f 1610/1/547 1635/1/547 1634/1/547
f 1611/1/548 1612/1/548 1636/1/548
f 1611/1/548 1636/1/548 1635/1/548
f 1612/1/549 1613/1/549 1637/1/549
f 1612/1/549 1637/1/549 1636/1/549
f 1613/1/550 1614/1/550 1638/1/550
f 1613/1/550 1638/1/550 1637/1/550
f 1614/1/551 1615/1/551 1639/1/551
f 1614/1/551 1639/1/551 1638/1/551
f 1615/1/552 1616/1/552 1640/1/552
f 1615/1/552 1640/1/552 1639/1/552
f 1616/1/553 1617/1/553 1641/1/553
f 1616/1/553 1641/1/553 1640/1/553
f 1617/1/554 1618/1/554 1642/1/554
f 1617/1/554 1642/1/554 1641/1/554
f 1618/1/555 1619/1/555 1643/1/555
f 1618/1/555 1643/1/555 1642/1/555
f 1619/1/556 1620/1/556 1644/1/556
f 1619/1/556 1644/1/556 1643/1/556
f 1620/1/557 1621/1/557 1645/1/557
f 1620/1/557 1645/1/557 1644/1/557
f 1621/1/558 1622/1/558 1646/1/558
f 1621/1/558 1646/1/558 1645/1/558
f 1622/1/559 1623/1/559 1647/1/559
f 1622/1/559 1647/1/559 1646/1/559
f 1623/1/560 1624/1/560 1648/1/560
f 1623/1/560 1648/1/560 1647/1/560
f 1624/1/561 1602/1/561 1626/1/561
f 1624/1/561 1626/1/561 1648/1/561
f 1626/1/54 1625/1/54 1554/1/54
f 1626/1/54 1554/1/54 1553/1/54
f 1625/1/54 1627/1/54 1557/1/54
f 1625/1/54 1557/1/54 1554/1/54
f 1627/1/54 1628/1/54 1559/1/54
f 1627/1/54 1559/1/54 1557/1/54
f 1628/1/54 1629/1/54 1561/1/54
f 1628/1/54 1561/1/54 1559/1/54
f 1629/1/54 1630/1/54 1563/1/54
f 1629/1/54 1563/1/54 1561/1/54
f 1630/1/54 1631/1/54 1565/1/54
f 1630/1/54 1565/1/54 1563/1/54
f 1631/1/54 1632/1/54 1567/1/54
f 1631/1/54 1567/1/54 1565/1/54
f 1632/1/54 1633/1/54 1569/1/54
f 1632/1/54 1569/1/54 1567/1/54
f 1633/1/54 1634/1/54 1571/1/54
f 1633/1/54 1571/1/54 1569/1/54
f 1634/1/54 1635/1/54 1573/1/54
f 1634/1/54 1573/1/54 1571/1/54
f 1635/1/54 1636/1/54 1575/1/54
f 1635/1/54 1575/1/54 1573/1/54
f 1636/1/54 1637/1/54 1577/1/54
f 1636/1/54 1577/1/54 1575/1/54
f 1637/1/54 1638/1/54 1579/1/54
f 1637/1/54 1579/1/54 1577/1/54
f 1638/1/54 1639/1/54 1581/1/54
f 1638/1/54 1581/1/54 1579/1/54
f 1639/1/54 1640/1/54 1583/1/54
f 1639/1/54 1583/1/54 1581/1/54
f 1640/1/54 1641/1/54 1585/1/54
f 1640/1/54 1585/1/54 1583/1/54
f 1641/1/54 1642/1/54 1587/1/54
f 1641/1/54 1587/1/54 1585/1/54
f 1642/1/54 1643/1/54 1589/1/54
f 1642/1/54 1589/1/54 1587/1/54
f 1643/1/54 1644/1/54 1591/1/54
f 1643/1/54 1591/1/54 1589/1/54
f 1644/1/54 1645/1/54 1593/1/54
f 1644/1/54 1593/1/54 1591/1/54
f 1645/1/54 1646/1/54 1595/1/54
f 1645/1/54 1595/1/54 1593/1/54
f 1646/1/54 1647/1/54 1597/1/54
f 1646/1/54 1597/1/54 1595/1/54
f 1647/1/54 1648/1/54 1599/1/54
f 1647/1/54 1599/1/54 1597/1/54
f 1648/1/54 1626/1/54 1553/1/54
f 1648/1/54 1553/1/54 1599/1/54
