# Authored in Blender; exported by tools-export-modern.py
mtllib materials.mtl
s off
v 0.130357158 0.500000000 0.424689306
v 0.130357158 0.512340868 0.425904775
v 0.141607133 0.515049822 0.412285867
v 0.141607133 0.500000000 0.410803589
v 0.130357158 0.524207444 0.429504471
v 0.141607133 0.529521283 0.416675742
v 0.130357158 0.535143780 0.435350051
v 0.141607133 0.542858272 0.423804503
v 0.130357158 0.544729559 0.443216893
v 0.141607133 0.554548257 0.433398208
v 0.130357158 0.552596401 0.452802659
v 0.141607133 0.564141955 0.445088167
v 0.130357158 0.558441981 0.463738982
v 0.141607133 0.571270704 0.458425156
v 0.130357158 0.562041684 0.475605584
v 0.141607133 0.575660585 0.472896617
v 0.130357158 0.563257133 0.487946439
v 0.141607133 0.577142876 0.487946439
v 0.130357158 0.562041684 0.500287294
v 0.141607133 0.575660585 0.502996261
v 0.130357158 0.558441981 0.512153896
v 0.141607133 0.571270704 0.517467722
v 0.130357158 0.552596401 0.523090219
v 0.141607133 0.564141955 0.530804711
v 0.130357158 0.544729559 0.532675986
v 0.141607133 0.554548257 0.542494670
v 0.130357158 0.535143780 0.540542827
v 0.141607133 0.542858272 0.552088369
v 0.130357158 0.524207444 0.546388394
v 0.141607133 0.529521283 0.559217143
v 0.130357158 0.512340868 0.549988097
v 0.141607133 0.515049822 0.563606999
v 0.130357158 0.500000000 0.551203572
v 0.141607133 0.500000000 0.565089290
v 0.130357158 0.487659145 0.549988097
v 0.141607133 0.484950178 0.563606999
v 0.130357158 0.475792556 0.546388394
v 0.141607133 0.470478717 0.559217143
v 0.130357158 0.464856220 0.540542827
v 0.141607133 0.457141741 0.552088369
v 0.130357158 0.455270453 0.532675986
v 0.141607133 0.445451775 0.542494670
v 0.130357158 0.447403625 0.523090219
v 0.141607133 0.435858070 0.530804711
v 0.130357158 0.441558032 0.512153896
v 0.141607133 0.428729315 0.517467722
v 0.130357158 0.437958342 0.500287294
v 0.141607133 0.424339434 0.502996261
v 0.130357158 0.436742867 0.487946439
v 0.141607133 0.422857156 0.487946439
v 0.130357158 0.437958342 0.475605584
v 0.141607133 0.424339434 0.472896617
v 0.130357158 0.441558032 0.463738982
v 0.141607133 0.428729315 0.458425156
v 0.130357158 0.447403625 0.452802659
v 0.141607133 0.435858070 0.445088167
v 0.130357158 0.455270453 0.443216893
v 0.141607133 0.445451775 0.433398208
v 0.130357158 0.464856220 0.435350051
v 0.141607133 0.457141741 0.423804503
v 0.130357158 0.475792556 0.429504471
v 0.141607133 0.470478717 0.416675742
v 0.130357158 0.487659145 0.425904775
v 0.141607133 0.484950178 0.412285867
v 0.152857160 0.515049822 0.412285867
v 0.152857160 0.500000000 0.410803589
v 0.152857160 0.529521283 0.416675742
v 0.152857160 0.542858272 0.423804503
v 0.152857160 0.554548257 0.433398208
v 0.152857160 0.564141955 0.445088167
v 0.152857160 0.571270704 0.458425156
v 0.152857160 0.575660585 0.472896617
v 0.152857160 0.577142876 0.487946439
v 0.152857160 0.575660585 0.502996261
v 0.152857160 0.571270704 0.517467722
v 0.152857160 0.564141955 0.530804711
v 0.152857160 0.554548257 0.542494670
v 0.152857160 0.542858272 0.552088369
v 0.152857160 0.529521283 0.559217143
v 0.152857160 0.515049822 0.563606999
v 0.152857160 0.500000000 0.565089290
v 0.152857160 0.484950178 0.563606999
v 0.152857160 0.470478717 0.559217143
v 0.152857160 0.457141741 0.552088369
v 0.152857160 0.445451775 0.542494670
v 0.152857160 0.435858070 0.530804711
v 0.152857160 0.428729315 0.517467722
v 0.152857160 0.424339434 0.502996261
v 0.152857160 0.422857156 0.487946439
v 0.152857160 0.424339434 0.472896617
v 0.152857160 0.428729315 0.458425156
v 0.152857160 0.435858070 0.445088167
v 0.152857160 0.445451775 0.433398208
v 0.152857160 0.457141741 0.423804503
v 0.152857160 0.470478717 0.416675742
v 0.152857160 0.484950178 0.412285867
v 0.397142840 0.515049822 0.412285867
v 0.397142840 0.500000000 0.410803589
v 0.397142840 0.529521283 0.416675742
v 0.397142840 0.542858272 0.423804503
v 0.397142840 0.554548257 0.433398208
v 0.397142840 0.564141955 0.445088167
v 0.397142840 0.571270704 0.458425156
v 0.397142840 0.575660585 0.472896617
v 0.397142840 0.577142876 0.487946439
v 0.397142840 0.575660585 0.502996261
v 0.397142840 0.571270704 0.517467722
v 0.397142840 0.564141955 0.530804711
v 0.397142840 0.554548257 0.542494670
v 0.397142840 0.542858272 0.552088369
v 0.397142840 0.529521283 0.559217143
v 0.397142840 0.515049822 0.563606999
v 0.397142840 0.500000000 0.565089290
v 0.397142840 0.484950178 0.563606999
v 0.397142840 0.470478717 0.559217143
v 0.397142840 0.457141741 0.552088369
v 0.397142840 0.445451775 0.542494670
v 0.397142840 0.435858070 0.530804711
v 0.397142840 0.428729315 0.517467722
v 0.397142840 0.424339434 0.502996261
v 0.397142840 0.422857156 0.487946439
v 0.397142840 0.424339434 0.472896617
v 0.397142840 0.428729315 0.458425156
v 0.397142840 0.435858070 0.445088167
v 0.397142840 0.445451775 0.433398208
v 0.397142840 0.457141741 0.423804503
v 0.397142840 0.470478717 0.416675742
v 0.397142840 0.484950178 0.412285867
v 0.408392841 0.515049822 0.412285867
v 0.408392841 0.500000000 0.410803589
v 0.408392841 0.529521283 0.416675742
v 0.408392841 0.542858272 0.423804503
v 0.408392841 0.554548257 0.433398208
v 0.408392841 0.564141955 0.445088167
v 0.408392841 0.571270704 0.458425156
v 0.408392841 0.575660585 0.472896617
v 0.408392841 0.577142876 0.487946439
v 0.408392841 0.575660585 0.502996261
v 0.408392841 0.571270704 0.517467722
v 0.408392841 0.564141955 0.530804711
v 0.408392841 0.554548257 0.542494670
v 0.408392841 0.542858272 0.552088369
v 0.408392841 0.529521283 0.559217143
v 0.408392841 0.515049822 0.563606999
v 0.408392841 0.500000000 0.565089290
v 0.408392841 0.484950178 0.563606999
v 0.408392841 0.470478717 0.559217143
v 0.408392841 0.457141741 0.552088369
v 0.408392841 0.445451775 0.542494670
v 0.408392841 0.435858070 0.530804711
v 0.408392841 0.428729315 0.517467722
v 0.408392841 0.424339434 0.502996261
v 0.408392841 0.422857156 0.487946439
v 0.408392841 0.424339434 0.472896617
v 0.408392841 0.428729315 0.458425156
v 0.408392841 0.435858070 0.445088167
v 0.408392841 0.445451775 0.433398208
v 0.408392841 0.457141741 0.423804503
v 0.408392841 0.470478717 0.416675742
v 0.408392841 0.484950178 0.412285867
v 0.419642842 0.512340868 0.425904775
v 0.419642842 0.500000000 0.424689306
v 0.419642842 0.524207444 0.429504471
v 0.419642842 0.535143780 0.435350051
v 0.419642842 0.544729559 0.443216893
v 0.419642842 0.552596401 0.452802659
v 0.419642842 0.558441981 0.463738982
v 0.419642842 0.562041684 0.475605584
v 0.419642842 0.563257133 0.487946439
v 0.419642842 0.562041684 0.500287294
v 0.419642842 0.558441981 0.512153896
v 0.419642842 0.552596401 0.523090219
v 0.419642842 0.544729559 0.532675986
v 0.419642842 0.535143780 0.540542827
v 0.419642842 0.524207444 0.546388394
v 0.419642842 0.512340868 0.549988097
v 0.419642842 0.500000000 0.551203572
v 0.419642842 0.487659145 0.549988097
v 0.419642842 0.475792556 0.546388394
v 0.419642842 0.464856220 0.540542827
v 0.419642842 0.455270453 0.532675986
v 0.419642842 0.447403625 0.523090219
v 0.419642842 0.441558032 0.512153896
v 0.419642842 0.437958342 0.500287294
v 0.419642842 0.436742867 0.487946439
v 0.419642842 0.437958342 0.475605584
v 0.419642842 0.441558032 0.463738982
v 0.419642842 0.447403625 0.452802659
v 0.419642842 0.455270453 0.443216893
v 0.419642842 0.464856220 0.435350051
v 0.419642842 0.475792556 0.429504471
v 0.419642842 0.487659145 0.425904775
v 0.140803595 0.500000000 0.407332153
v 0.140803595 0.515727067 0.408881135
v 0.158482134 0.515727067 0.408881135
v 0.158482134 0.500000000 0.407332153
v 0.140803595 0.530849742 0.413468555
v 0.158482134 0.530849742 0.413468555
v 0.140803595 0.544786907 0.420918115
v 0.158482134 0.544786907 0.420918115
v 0.140803595 0.557002937 0.430943534
v 0.158482134 0.557002937 0.430943534
v 0.140803595 0.567028318 0.443159544
v 0.158482134 0.567028318 0.443159544
v 0.140803595 0.574477910 0.457096697
v 0.158482134 0.574477910 0.457096697
v 0.140803595 0.579065304 0.472219372
v 0.158482134 0.579065304 0.472219372
v 0.140803595 0.580614293 0.487946439
v 0.158482134 0.580614293 0.487946439
v 0.140803595 0.579065304 0.503673506
v 0.158482134 0.579065304 0.503673506
v 0.140803595 0.574477910 0.518796182
v 0.158482134 0.574477910 0.518796182
v 0.140803595 0.567028318 0.532733334
v 0.158482134 0.567028318 0.532733334
v 0.140803595 0.557002937 0.544949351
v 0.158482134 0.557002937 0.544949351
v 0.140803595 0.544786907 0.554974757
v 0.158482134 0.544786907 0.554974757
v 0.140803595 0.530849742 0.562424324
v 0.158482134 0.530849742 0.562424324
v 0.140803595 0.515727067 0.567011744
v 0.158482134 0.515727067 0.567011744
v 0.140803595 0.500000000 0.568560732
v 0.158482134 0.500000000 0.568560732
v 0.140803595 0.484272933 0.567011744
v 0.158482134 0.484272933 0.567011744
v 0.140803595 0.469150258 0.562424324
v 0.158482134 0.469150258 0.562424324
v 0.140803595 0.455213118 0.554974757
v 0.158482134 0.455213118 0.554974757
v 0.140803595 0.442997101 0.544949351
v 0.158482134 0.442997101 0.544949351
v 0.140803595 0.432971682 0.532733334
v 0.158482134 0.432971682 0.532733334
v 0.140803595 0.425522122 0.518796182
v 0.158482134 0.425522122 0.518796182
v 0.140803595 0.420934708 0.503673506
v 0.158482134 0.420934708 0.503673506
v 0.140803595 0.419385720 0.487946439
v 0.158482134 0.419385720 0.487946439
v 0.140803595 0.420934708 0.472219372
v 0.158482134 0.420934708 0.472219372
v 0.140803595 0.425522122 0.457096697
v 0.158482134 0.425522122 0.457096697
v 0.140803595 0.432971682 0.443159544
v 0.158482134 0.432971682 0.443159544
v 0.140803595 0.442997101 0.430943534
v 0.158482134 0.442997101 0.430943534
v 0.140803595 0.455213118 0.420918115
v 0.158482134 0.455213118 0.420918115
v 0.140803595 0.469150258 0.413468555
v 0.158482134 0.469150258 0.413468555
v 0.140803595 0.484272933 0.408881135
v 0.158482134 0.484272933 0.408881135
v 0.140160708 0.513695345 0.561297566
v 0.140160708 0.517592453 0.559047551
v 0.136560711 0.517592453 0.559047551
v 0.136560711 0.513695345 0.561297566
v 0.140160708 0.517592453 0.554547571
v 0.136560711 0.517592453 0.554547571
v 0.140160708 0.513695345 0.552297556
v 0.136560711 0.513695345 0.552297556
v 0.140160708 0.509798236 0.554547571
v 0.136560711 0.509798236 0.554547571
v 0.140160708 0.509798236 0.559047551
v 0.136560711 0.509798236 0.559047551
v 0.140160708 0.539001026 0.550815597
v 0.140160708 0.542898134 0.548565581
v 0.136560711 0.542898134 0.548565581
v 0.136560711 0.539001026 0.550815597
v 0.140160708 0.542898134 0.544065602
v 0.136560711 0.542898134 0.544065602
v 0.140160708 0.539001026 0.541815586
v 0.136560711 0.539001026 0.541815586
v 0.140160708 0.535103917 0.544065602
v 0.136560711 0.535103917 0.544065602
v 0.140160708 0.535103917 0.548565581
v 0.136560711 0.535103917 0.548565581
v 0.140160708 0.558369152 0.531447470
v 0.140160708 0.562266274 0.529197468
v 0.136560711 0.562266274 0.529197468
v 0.136560711 0.558369152 0.531447470
v 0.140160708 0.562266274 0.524697462
v 0.136560711 0.562266274 0.524697462
v 0.140160708 0.558369152 0.522447460
v 0.136560711 0.558369152 0.522447460
v 0.140160708 0.554472031 0.524697462
v 0.136560711 0.554472031 0.524697462
v 0.140160708 0.554472031 0.529197468
v 0.136560711 0.554472031 0.529197468
v 0.140160708 0.568851122 0.506141789
v 0.140160708 0.572748243 0.503891787
v 0.136560711 0.572748243 0.503891787
v 0.136560711 0.568851122 0.506141789
v 0.140160708 0.572748243 0.499391781
v 0.136560711 0.572748243 0.499391781
v 0.140160708 0.568851122 0.497141779
v 0.136560711 0.568851122 0.497141779
v 0.140160708 0.564954000 0.499391781
v 0.136560711 0.564954000 0.499391781
v 0.140160708 0.564954000 0.503891787
v 0.136560711 0.564954000 0.503891787
v 0.140160708 0.568851122 0.478751100
v 0.140160708 0.572748243 0.476501097
v 0.136560711 0.572748243 0.476501097
v 0.136560711 0.568851122 0.478751100
v 0.140160708 0.572748243 0.472001092
v 0.136560711 0.572748243 0.472001092
v 0.140160708 0.568851122 0.469751089
v 0.136560711 0.568851122 0.469751089
v 0.140160708 0.564954000 0.472001092
v 0.136560711 0.564954000 0.472001092
v 0.140160708 0.564954000 0.476501097
v 0.136560711 0.564954000 0.476501097
v 0.140160708 0.558369152 0.453445419
v 0.140160708 0.562266274 0.451195416
v 0.136560711 0.562266274 0.451195416
v 0.136560711 0.558369152 0.453445419
v 0.140160708 0.562266274 0.446695411
v 0.136560711 0.562266274 0.446695411
v 0.140160708 0.558369152 0.444445408
v 0.136560711 0.558369152 0.444445408
v 0.140160708 0.554472031 0.446695411
v 0.136560711 0.554472031 0.446695411
v 0.140160708 0.554472031 0.451195416
v 0.136560711 0.554472031 0.451195416
v 0.140160708 0.539001026 0.434077279
v 0.140160708 0.542898134 0.431827283
v 0.136560711 0.542898134 0.431827283
v 0.136560711 0.539001026 0.434077279
v 0.140160708 0.542898134 0.427327278
v 0.136560711 0.542898134 0.427327278
v 0.140160708 0.539001026 0.425077281
v 0.136560711 0.539001026 0.425077281
v 0.140160708 0.535103917 0.427327278
v 0.136560711 0.535103917 0.427327278
v 0.140160708 0.535103917 0.431827283
v 0.136560711 0.535103917 0.431827283
v 0.140160708 0.513695345 0.423595316
v 0.140160708 0.517592453 0.421345320
v 0.136560711 0.517592453 0.421345320
v 0.136560711 0.513695345 0.423595316
v 0.140160708 0.517592453 0.416845315
v 0.136560711 0.517592453 0.416845315
v 0.140160708 0.513695345 0.414595318
v 0.136560711 0.513695345 0.414595318
v 0.140160708 0.509798236 0.416845315
v 0.136560711 0.509798236 0.416845315
v 0.140160708 0.509798236 0.421345320
v 0.136560711 0.509798236 0.421345320
v 0.140160708 0.486304668 0.423595316
v 0.140160708 0.490201777 0.421345320
v 0.136560711 0.490201777 0.421345320
v 0.136560711 0.486304668 0.423595316
v 0.140160708 0.490201777 0.416845315
v 0.136560711 0.490201777 0.416845315
v 0.140160708 0.486304668 0.414595318
v 0.136560711 0.486304668 0.414595318
v 0.140160708 0.482407559 0.416845315
v 0.136560711 0.482407559 0.416845315
v 0.140160708 0.482407559 0.421345320
v 0.136560711 0.482407559 0.421345320
v 0.140160708 0.460998974 0.434077279
v 0.140160708 0.464896083 0.431827283
v 0.136560711 0.464896083 0.431827283
v 0.136560711 0.460998974 0.434077279
v 0.140160708 0.464896083 0.427327278
v 0.136560711 0.464896083 0.427327278
v 0.140160708 0.460998974 0.425077281
v 0.136560711 0.460998974 0.425077281
v 0.140160708 0.457101866 0.427327278
v 0.136560711 0.457101866 0.427327278
v 0.140160708 0.457101866 0.431827283
v 0.136560711 0.457101866 0.431827283
v 0.140160708 0.441630848 0.453445419
v 0.140160708 0.445527963 0.451195416
v 0.136560711 0.445527963 0.451195416
v 0.136560711 0.441630848 0.453445419
v 0.140160708 0.445527963 0.446695411
v 0.136560711 0.445527963 0.446695411
v 0.140160708 0.441630848 0.444445408
v 0.136560711 0.441630848 0.444445408
v 0.140160708 0.437733732 0.446695411
v 0.136560711 0.437733732 0.446695411
v 0.140160708 0.437733732 0.451195416
v 0.136560711 0.437733732 0.451195416
v 0.140160708 0.431148885 0.478751100
v 0.140160708 0.435046000 0.476501097
v 0.136560711 0.435046000 0.476501097
v 0.136560711 0.431148885 0.478751100
v 0.140160708 0.435046000 0.472001092
v 0.136560711 0.435046000 0.472001092
v 0.140160708 0.431148885 0.469751089
v 0.136560711 0.431148885 0.469751089
v 0.140160708 0.427251770 0.472001092
v 0.136560711 0.427251770 0.472001092
v 0.140160708 0.427251770 0.476501097
v 0.136560711 0.427251770 0.476501097
v 0.140160708 0.431148885 0.506141789
v 0.140160708 0.435046000 0.503891787
v 0.136560711 0.435046000 0.503891787
v 0.136560711 0.431148885 0.506141789
v 0.140160708 0.435046000 0.499391781
v 0.136560711 0.435046000 0.499391781
v 0.140160708 0.431148885 0.497141779
v 0.136560711 0.431148885 0.497141779
v 0.140160708 0.427251770 0.499391781
v 0.136560711 0.427251770 0.499391781
v 0.140160708 0.427251770 0.503891787
v 0.136560711 0.427251770 0.503891787
v 0.140160708 0.441630848 0.531447470
v 0.140160708 0.445527963 0.529197468
v 0.136560711 0.445527963 0.529197468
v 0.136560711 0.441630848 0.531447470
v 0.140160708 0.445527963 0.524697462
v 0.136560711 0.445527963 0.524697462
v 0.140160708 0.441630848 0.522447460
v 0.136560711 0.441630848 0.522447460
v 0.140160708 0.437733732 0.524697462
v 0.136560711 0.437733732 0.524697462
v 0.140160708 0.437733732 0.529197468
v 0.136560711 0.437733732 0.529197468
v 0.140160708 0.460998974 0.550815597
v 0.140160708 0.464896083 0.548565581
v 0.136560711 0.464896083 0.548565581
v 0.136560711 0.460998974 0.550815597
v 0.140160708 0.464896083 0.544065602
v 0.136560711 0.464896083 0.544065602
v 0.140160708 0.460998974 0.541815586
v 0.136560711 0.460998974 0.541815586
v 0.140160708 0.457101866 0.544065602
v 0.136560711 0.457101866 0.544065602
v 0.140160708 0.457101866 0.548565581
v 0.136560711 0.457101866 0.548565581
v 0.140160708 0.486304668 0.561297566
v 0.140160708 0.490201777 0.559047551
v 0.136560711 0.490201777 0.559047551
v 0.136560711 0.486304668 0.561297566
v 0.140160708 0.490201777 0.554547571
v 0.136560711 0.490201777 0.554547571
v 0.140160708 0.486304668 0.552297556
v 0.136560711 0.486304668 0.552297556
v 0.140160708 0.482407559 0.554547571
v 0.136560711 0.482407559 0.554547571
v 0.140160708 0.482407559 0.559047551
v 0.136560711 0.482407559 0.559047551
v 0.394732122 0.500000000 0.407332153
v 0.394732122 0.515727067 0.408881135
v 0.412410687 0.515727067 0.408881135
v 0.412410687 0.500000000 0.407332153
v 0.394732122 0.530849742 0.413468555
v 0.412410687 0.530849742 0.413468555
v 0.394732122 0.544786907 0.420918115
v 0.412410687 0.544786907 0.420918115
v 0.394732122 0.557002937 0.430943534
v 0.412410687 0.557002937 0.430943534
v 0.394732122 0.567028318 0.443159544
v 0.412410687 0.567028318 0.443159544
v 0.394732122 0.574477910 0.457096697
v 0.412410687 0.574477910 0.457096697
v 0.394732122 0.579065304 0.472219372
v 0.412410687 0.579065304 0.472219372
v 0.394732122 0.580614293 0.487946439
v 0.412410687 0.580614293 0.487946439
v 0.394732122 0.579065304 0.503673506
v 0.412410687 0.579065304 0.503673506
v 0.394732122 0.574477910 0.518796182
v 0.412410687 0.574477910 0.518796182
v 0.394732122 0.567028318 0.532733334
v 0.412410687 0.567028318 0.532733334
v 0.394732122 0.557002937 0.544949351
v 0.412410687 0.557002937 0.544949351
v 0.394732122 0.544786907 0.554974757
v 0.412410687 0.544786907 0.554974757
v 0.394732122 0.530849742 0.562424324
v 0.412410687 0.530849742 0.562424324
v 0.394732122 0.515727067 0.567011744
v 0.412410687 0.515727067 0.567011744
v 0.394732122 0.500000000 0.568560732
v 0.412410687 0.500000000 0.568560732
v 0.394732122 0.484272933 0.567011744
v 0.412410687 0.484272933 0.567011744
v 0.394732122 0.469150258 0.562424324
v 0.412410687 0.469150258 0.562424324
v 0.394732122 0.455213118 0.554974757
v 0.412410687 0.455213118 0.554974757
v 0.394732122 0.442997101 0.544949351
v 0.412410687 0.442997101 0.544949351
v 0.394732122 0.432971682 0.532733334
v 0.412410687 0.432971682 0.532733334
v 0.394732122 0.425522122 0.518796182
v 0.412410687 0.425522122 0.518796182
v 0.394732122 0.420934708 0.503673506
v 0.412410687 0.420934708 0.503673506
v 0.394732122 0.419385720 0.487946439
v 0.412410687 0.419385720 0.487946439
v 0.394732122 0.420934708 0.472219372
v 0.412410687 0.420934708 0.472219372
v 0.394732122 0.425522122 0.457096697
v 0.412410687 0.425522122 0.457096697
v 0.394732122 0.432971682 0.443159544
v 0.412410687 0.432971682 0.443159544
v 0.394732122 0.442997101 0.430943534
v 0.412410687 0.442997101 0.430943534
v 0.394732122 0.455213118 0.420918115
v 0.412410687 0.455213118 0.420918115
v 0.394732122 0.469150258 0.413468555
v 0.412410687 0.469150258 0.413468555
v 0.394732122 0.484272933 0.408881135
v 0.412410687 0.484272933 0.408881135
v 0.394089261 0.513695345 0.561297566
v 0.394089261 0.517592453 0.559047551
v 0.390489251 0.517592453 0.559047551
v 0.390489251 0.513695345 0.561297566
v 0.394089261 0.517592453 0.554547571
v 0.390489251 0.517592453 0.554547571
v 0.394089261 0.513695345 0.552297556
v 0.390489251 0.513695345 0.552297556
v 0.394089261 0.509798236 0.554547571
v 0.390489251 0.509798236 0.554547571
v 0.394089261 0.509798236 0.559047551
v 0.390489251 0.509798236 0.559047551
v 0.394089261 0.539001026 0.550815597
v 0.394089261 0.542898134 0.548565581
v 0.390489251 0.542898134 0.548565581
v 0.390489251 0.539001026 0.550815597
v 0.394089261 0.542898134 0.544065602
v 0.390489251 0.542898134 0.544065602
v 0.394089261 0.539001026 0.541815586
v 0.390489251 0.539001026 0.541815586
v 0.394089261 0.535103917 0.544065602
v 0.390489251 0.535103917 0.544065602
v 0.394089261 0.535103917 0.548565581
v 0.390489251 0.535103917 0.548565581
v 0.394089261 0.558369152 0.531447470
v 0.394089261 0.562266274 0.529197468
v 0.390489251 0.562266274 0.529197468
v 0.390489251 0.558369152 0.531447470
v 0.394089261 0.562266274 0.524697462
v 0.390489251 0.562266274 0.524697462
v 0.394089261 0.558369152 0.522447460
v 0.390489251 0.558369152 0.522447460
v 0.394089261 0.554472031 0.524697462
v 0.390489251 0.554472031 0.524697462
v 0.394089261 0.554472031 0.529197468
v 0.390489251 0.554472031 0.529197468
v 0.394089261 0.568851122 0.506141789
v 0.394089261 0.572748243 0.503891787
v 0.390489251 0.572748243 0.503891787
v 0.390489251 0.568851122 0.506141789
v 0.394089261 0.572748243 0.499391781
v 0.390489251 0.572748243 0.499391781
v 0.394089261 0.568851122 0.497141779
v 0.390489251 0.568851122 0.497141779
v 0.394089261 0.564954000 0.499391781
v 0.390489251 0.564954000 0.499391781
v 0.394089261 0.564954000 0.503891787
v 0.390489251 0.564954000 0.503891787
v 0.394089261 0.568851122 0.478751100
v 0.394089261 0.572748243 0.476501097
v 0.390489251 0.572748243 0.476501097
v 0.390489251 0.568851122 0.478751100
v 0.394089261 0.572748243 0.472001092
v 0.390489251 0.572748243 0.472001092
v 0.394089261 0.568851122 0.469751089
v 0.390489251 0.568851122 0.469751089
v 0.394089261 0.564954000 0.472001092
v 0.390489251 0.564954000 0.472001092
v 0.394089261 0.564954000 0.476501097
v 0.390489251 0.564954000 0.476501097
v 0.394089261 0.558369152 0.453445419
v 0.394089261 0.562266274 0.451195416
v 0.390489251 0.562266274 0.451195416
v 0.390489251 0.558369152 0.453445419
v 0.394089261 0.562266274 0.446695411
v 0.390489251 0.562266274 0.446695411
v 0.394089261 0.558369152 0.444445408
v 0.390489251 0.558369152 0.444445408
v 0.394089261 0.554472031 0.446695411
v 0.390489251 0.554472031 0.446695411
v 0.394089261 0.554472031 0.451195416
v 0.390489251 0.554472031 0.451195416
v 0.394089261 0.539001026 0.434077279
v 0.394089261 0.542898134 0.431827283
v 0.390489251 0.542898134 0.431827283
v 0.390489251 0.539001026 0.434077279
v 0.394089261 0.542898134 0.427327278
v 0.390489251 0.542898134 0.427327278
v 0.394089261 0.539001026 0.425077281
v 0.390489251 0.539001026 0.425077281
v 0.394089261 0.535103917 0.427327278
v 0.390489251 0.535103917 0.427327278
v 0.394089261 0.535103917 0.431827283
v 0.390489251 0.535103917 0.431827283
v 0.394089261 0.513695345 0.423595316
v 0.394089261 0.517592453 0.421345320
v 0.390489251 0.517592453 0.421345320
v 0.390489251 0.513695345 0.423595316
v 0.394089261 0.517592453 0.416845315
v 0.390489251 0.517592453 0.416845315
v 0.394089261 0.513695345 0.414595318
v 0.390489251 0.513695345 0.414595318
v 0.394089261 0.509798236 0.416845315
v 0.390489251 0.509798236 0.416845315
v 0.394089261 0.509798236 0.421345320
v 0.390489251 0.509798236 0.421345320
v 0.394089261 0.486304668 0.423595316
v 0.394089261 0.490201777 0.421345320
v 0.390489251 0.490201777 0.421345320
v 0.390489251 0.486304668 0.423595316
v 0.394089261 0.490201777 0.416845315
v 0.390489251 0.490201777 0.416845315
v 0.394089261 0.486304668 0.414595318
v 0.390489251 0.486304668 0.414595318
v 0.394089261 0.482407559 0.416845315
v 0.390489251 0.482407559 0.416845315
v 0.394089261 0.482407559 0.421345320
v 0.390489251 0.482407559 0.421345320
v 0.394089261 0.460998974 0.434077279
v 0.394089261 0.464896083 0.431827283
v 0.390489251 0.464896083 0.431827283
v 0.390489251 0.460998974 0.434077279
v 0.394089261 0.464896083 0.427327278
v 0.390489251 0.464896083 0.427327278
v 0.394089261 0.460998974 0.425077281
v 0.390489251 0.460998974 0.425077281
v 0.394089261 0.457101866 0.427327278
v 0.390489251 0.457101866 0.427327278
v 0.394089261 0.457101866 0.431827283
v 0.390489251 0.457101866 0.431827283
v 0.394089261 0.441630848 0.453445419
v 0.394089261 0.445527963 0.451195416
v 0.390489251 0.445527963 0.451195416
v 0.390489251 0.441630848 0.453445419
v 0.394089261 0.445527963 0.446695411
v 0.390489251 0.445527963 0.446695411
v 0.394089261 0.441630848 0.444445408
v 0.390489251 0.441630848 0.444445408
v 0.394089261 0.437733732 0.446695411
v 0.390489251 0.437733732 0.446695411
v 0.394089261 0.437733732 0.451195416
v 0.390489251 0.437733732 0.451195416
v 0.394089261 0.431148885 0.478751100
v 0.394089261 0.435046000 0.476501097
v 0.390489251 0.435046000 0.476501097
v 0.390489251 0.431148885 0.478751100
v 0.394089261 0.435046000 0.472001092
v 0.390489251 0.435046000 0.472001092
v 0.394089261 0.431148885 0.469751089
v 0.390489251 0.431148885 0.469751089
v 0.394089261 0.427251770 0.472001092
v 0.390489251 0.427251770 0.472001092
v 0.394089261 0.427251770 0.476501097
v 0.390489251 0.427251770 0.476501097
v 0.394089261 0.431148885 0.506141789
v 0.394089261 0.435046000 0.503891787
v 0.390489251 0.435046000 0.503891787
v 0.390489251 0.431148885 0.506141789
v 0.394089261 0.435046000 0.499391781
v 0.390489251 0.435046000 0.499391781
v 0.394089261 0.431148885 0.497141779
v 0.390489251 0.431148885 0.497141779
v 0.394089261 0.427251770 0.499391781
v 0.390489251 0.427251770 0.499391781
v 0.394089261 0.427251770 0.503891787
v 0.390489251 0.427251770 0.503891787
v 0.394089261 0.441630848 0.531447470
v 0.394089261 0.445527963 0.529197468
v 0.390489251 0.445527963 0.529197468
v 0.390489251 0.441630848 0.531447470
v 0.394089261 0.445527963 0.524697462
v 0.390489251 0.445527963 0.524697462
v 0.394089261 0.441630848 0.522447460
v 0.390489251 0.441630848 0.522447460
v 0.394089261 0.437733732 0.524697462
v 0.390489251 0.437733732 0.524697462
v 0.394089261 0.437733732 0.529197468
v 0.390489251 0.437733732 0.529197468
v 0.394089261 0.460998974 0.550815597
v 0.394089261 0.464896083 0.548565581
v 0.390489251 0.464896083 0.548565581
v 0.390489251 0.460998974 0.550815597
v 0.394089261 0.464896083 0.544065602
v 0.390489251 0.464896083 0.544065602
v 0.394089261 0.460998974 0.541815586
v 0.390489251 0.460998974 0.541815586
v 0.394089261 0.457101866 0.544065602
v 0.390489251 0.457101866 0.544065602
v 0.394089261 0.457101866 0.548565581
v 0.390489251 0.457101866 0.548565581
v 0.394089261 0.486304668 0.561297566
v 0.394089261 0.490201777 0.559047551
v 0.390489251 0.490201777 0.559047551
v 0.390489251 0.486304668 0.561297566
v 0.394089261 0.490201777 0.554547571
v 0.390489251 0.490201777 0.554547571
v 0.394089261 0.486304668 0.552297556
v 0.390489251 0.486304668 0.552297556
v 0.394089261 0.482407559 0.554547571
v 0.390489251 0.482407559 0.554547571
v 0.394089261 0.482407559 0.559047551
v 0.390489251 0.482407559 0.559047551
v 0.413214277 0.500000000 0.450146443
v 0.413214277 0.509783369 0.451434452
v 0.440535689 0.507587100 0.459631014
v 0.440535689 0.500000000 0.458632159
v 0.413214277 0.518899992 0.455210683
v 0.440535689 0.514657146 0.462559526
v 0.413214277 0.526728631 0.461217808
v 0.440535689 0.520728326 0.467218113
v 0.413214277 0.532735769 0.469046447
v 0.440535689 0.525386926 0.473289293
v 0.413214277 0.536511987 0.478163083
v 0.440535689 0.528315426 0.480359339
v 0.413214277 0.537800009 0.487946439
v 0.440535689 0.529314280 0.487946439
v 0.413214277 0.536511987 0.497729795
v 0.440535689 0.528315426 0.495533539
v 0.413214277 0.532735769 0.506846431
v 0.440535689 0.525386926 0.502603586
v 0.413214277 0.526728631 0.514675070
v 0.440535689 0.520728326 0.508674765
v 0.413214277 0.518899992 0.520682196
v 0.440535689 0.514657146 0.513333353
v 0.413214277 0.509783369 0.524458426
v 0.440535689 0.507587100 0.516261865
v 0.413214277 0.500000000 0.525746436
v 0.440535689 0.500000000 0.517260719
v 0.413214277 0.490216657 0.524458426
v 0.440535689 0.492412913 0.516261865
v 0.413214277 0.481099995 0.520682196
v 0.440535689 0.485342866 0.513333353
v 0.413214277 0.473271382 0.514675070
v 0.440535689 0.479271674 0.508674765
v 0.413214277 0.467264243 0.506846431
v 0.440535689 0.474613099 0.502603586
v 0.413214277 0.463488013 0.497729795
v 0.440535689 0.471684574 0.495533539
v 0.413214277 0.462200016 0.487946439
v 0.440535689 0.470685720 0.487946439
v 0.413214277 0.463488013 0.478163083
v 0.440535689 0.471684574 0.480359339
v 0.413214277 0.467264243 0.469046447
v 0.440535689 0.474613099 0.473289293
v 0.413214277 0.473271382 0.461217808
v 0.440535689 0.479271674 0.467218113
v 0.413214277 0.481099995 0.455210683
v 0.440535689 0.485342866 0.462559526
v 0.413214277 0.490216657 0.451434452
v 0.440535689 0.492412913 0.459631014
v 0.456607100 0.505390844 0.467827588
v 0.456607100 0.500000000 0.467117863
v 0.456607100 0.510414288 0.469908369
v 0.456607100 0.514728033 0.473218419
v 0.456607100 0.518038071 0.477532151
v 0.456607100 0.520118851 0.482555608
v 0.456607100 0.520828589 0.487946439
v 0.456607100 0.520118851 0.493337270
v 0.456607100 0.518038071 0.498360727
v 0.456607100 0.514728033 0.502674460
v 0.456607100 0.510414288 0.505984510
v 0.456607100 0.505390844 0.508065291
v 0.456607100 0.500000000 0.508775016
v 0.456607100 0.494609182 0.508065291
v 0.456607100 0.489585724 0.505984510
v 0.456607100 0.485271979 0.502674460
v 0.456607100 0.481961929 0.498360727
v 0.456607100 0.479881161 0.493337270
v 0.456607100 0.479171449 0.487946439
v 0.456607100 0.479881161 0.482555608
v 0.456607100 0.481961929 0.477532151
v 0.456607100 0.485271979 0.473218419
v 0.456607100 0.489585724 0.469908369
v 0.456607100 0.494609182 0.467827588
v 0.451785715 0.500000000 0.455803591
v 0.451785715 0.508319177 0.456898826
v 0.464642844 0.509567055 0.452241682
v 0.464642844 0.500000000 0.450982155
v 0.451785715 0.516071437 0.460109916
v 0.464642844 0.518482155 0.455934432
v 0.451785715 0.522728436 0.465218003
v 0.464642844 0.526137715 0.461808750
v 0.451785715 0.527836549 0.471875015
v 0.464642844 0.532012007 0.469464297
v 0.451785715 0.531047626 0.479627250
v 0.464642844 0.535704770 0.478379384
v 0.451785715 0.532142861 0.487946439
v 0.464642844 0.536964284 0.487946439
v 0.451785715 0.531047626 0.496265629
v 0.464642844 0.535704770 0.497513494
v 0.451785715 0.527836549 0.504017863
v 0.464642844 0.532012007 0.506428581
v 0.451785715 0.522728436 0.510674875
v 0.464642844 0.526137715 0.514084129
v 0.451785715 0.516071437 0.515782963
v 0.464642844 0.518482155 0.519958447
v 0.451785715 0.508319177 0.518994052
v 0.464642844 0.509567055 0.523651196
v 0.451785715 0.500000000 0.520089287
v 0.464642844 0.500000000 0.524910723
v 0.451785715 0.491680810 0.518994052
v 0.464642844 0.490432945 0.523651196
v 0.451785715 0.483928576 0.515782963
v 0.464642844 0.481517871 0.519958447
v 0.451785715 0.477271577 0.510674875
v 0.464642844 0.473862311 0.514084129
v 0.451785715 0.472163476 0.504017863
v 0.464642844 0.467987993 0.506428581
v 0.451785715 0.468952400 0.496265629
v 0.464642844 0.464295255 0.497513494
v 0.451785715 0.467857152 0.487946439
v 0.464642844 0.463035716 0.487946439
v 0.451785715 0.468952400 0.479627250
v 0.464642844 0.464295255 0.478379384
v 0.451785715 0.472163476 0.471875015
v 0.464642844 0.467987993 0.469464297
v 0.451785715 0.477271577 0.465218003
v 0.464642844 0.473862311 0.461808750
v 0.451785715 0.483928576 0.460109916
v 0.464642844 0.481517871 0.455934432
v 0.451785715 0.491680810 0.456898826
v 0.464642844 0.490432945 0.452241682
v 0.506428539 0.509567055 0.452241682
v 0.506428539 0.500000000 0.450982155
v 0.506428539 0.518482155 0.455934432
v 0.506428539 0.526137715 0.461808750
v 0.506428539 0.532012007 0.469464297
v 0.506428539 0.535704770 0.478379384
v 0.506428539 0.536964284 0.487946439
v 0.506428539 0.535704770 0.497513494
v 0.506428539 0.532012007 0.506428581
v 0.506428539 0.526137715 0.514084129
v 0.506428539 0.518482155 0.519958447
v 0.506428539 0.509567055 0.523651196
v 0.506428539 0.500000000 0.524910723
v 0.506428539 0.490432945 0.523651196
v 0.506428539 0.481517871 0.519958447
v 0.506428539 0.473862311 0.514084129
v 0.506428539 0.467987993 0.506428581
v 0.506428539 0.464295255 0.497513494
v 0.506428539 0.463035716 0.487946439
v 0.506428539 0.464295255 0.478379384
v 0.506428539 0.467987993 0.469464297
v 0.506428539 0.473862311 0.461808750
v 0.506428539 0.481517871 0.455934432
v 0.506428539 0.490432945 0.452241682
v 0.519285668 0.506239405 0.464660730
v 0.519285668 0.500000000 0.463839297
v 0.519285668 0.512053578 0.467069046
v 0.519285668 0.517046317 0.470900122
v 0.519285668 0.520877393 0.475892874
v 0.519285668 0.523285710 0.481707047
v 0.519285668 0.524107142 0.487946439
v 0.519285668 0.523285710 0.494185831
v 0.519285668 0.520877393 0.500000004
v 0.519285668 0.517046317 0.504992757
v 0.519285668 0.512053578 0.508823832
v 0.519285668 0.506239405 0.511232149
v 0.519285668 0.500000000 0.512053582
v 0.519285668 0.493760621 0.511232149
v 0.519285668 0.487946435 0.508823832
v 0.519285668 0.482953695 0.504992757
v 0.519285668 0.479122620 0.500000004
v 0.519285668 0.476714303 0.494185831
v 0.519285668 0.475892870 0.487946439
v 0.519285668 0.476714303 0.481707047
v 0.519285668 0.479122620 0.475892874
v 0.519285668 0.482953695 0.470900122
v 0.519285668 0.487946435 0.467069046
v 0.519285668 0.493760621 0.464660730
v 0.456928557 0.384607161 0.521696441
v 0.454999972 0.384607161 0.519767856
v 0.456928557 0.382678589 0.519767856
v 0.501285646 0.384607161 0.521696441
v 0.501285646 0.382678589 0.519767856
v 0.503214231 0.384607161 0.519767856
v 0.501285646 0.384607161 0.454196437
v 0.503214231 0.384607161 0.456125022
v 0.501285646 0.382678589 0.456125022
v 0.454999972 0.384607161 0.456125022
v 0.456928557 0.384607161 0.454196437
v 0.456928557 0.382678589 0.456125022
v 0.454999972 0.498071441 0.519767856
v 0.456928557 0.498071441 0.521696441
v 0.456928557 0.500000000 0.519767856
v 0.501285646 0.498071441 0.521696441
v 0.503214231 0.498071441 0.519767856
v 0.501285646 0.500000000 0.519767856
v 0.503214231 0.498071441 0.456125022
v 0.501285646 0.498071441 0.454196437
v 0.501285646 0.500000000 0.456125022
v 0.454999972 0.498071441 0.456125022
v 0.456928557 0.500000000 0.456125022
v 0.456928557 0.498071441 0.454196437
v 0.165071427 0.386214302 0.569756409
v 0.163142842 0.386214302 0.567827850
v 0.165071427 0.384285731 0.567827850
v 0.199785696 0.386214302 0.569756409
v 0.199785696 0.384285731 0.567827850
v 0.201714280 0.386214302 0.567827850
v 0.199785696 0.386214302 0.521542137
v 0.201714280 0.386214302 0.523470709
v 0.199785696 0.384285731 0.523470709
v 0.163142842 0.386214302 0.523470709
v 0.165071427 0.386214302 0.521542137
v 0.165071427 0.384285731 0.523470709
v 0.163142842 0.459500003 0.567827850
v 0.165071427 0.459500003 0.569756409
v 0.165071427 0.461428587 0.567827850
v 0.199785696 0.459500003 0.569756409
v 0.201714280 0.459500003 0.567827850
v 0.199785696 0.461428587 0.567827850
v 0.201714280 0.459500003 0.523470709
v 0.199785696 0.459500003 0.521542137
v 0.199785696 0.461428587 0.523470709
v 0.163142842 0.459500003 0.523470709
v 0.165071427 0.461428587 0.523470709
v 0.165071427 0.459500003 0.521542137
v 0.149803567 0.381392873 0.580202846
v 0.147874995 0.381392873 0.578274287
v 0.149803567 0.379464301 0.578274287
v 0.215053556 0.381392873 0.580202846
v 0.215053556 0.379464301 0.578274287
v 0.216982128 0.381392873 0.578274287
v 0.215053556 0.381392873 0.511095714
v 0.216982128 0.381392873 0.513024286
v 0.215053556 0.379464301 0.513024286
v 0.147874995 0.381392873 0.513024286
v 0.149803567 0.381392873 0.511095714
v 0.149803567 0.379464301 0.513024286
v 0.147874995 0.393607159 0.578274287
v 0.149803567 0.393607159 0.580202846
v 0.149803567 0.395535731 0.578274287
v 0.215053556 0.393607159 0.580202846
v 0.216982128 0.393607159 0.578274287
v 0.215053556 0.395535731 0.578274287
v 0.216982128 0.393607159 0.513024286
v 0.215053556 0.393607159 0.511095714
v 0.215053556 0.395535731 0.513024286
v 0.147874995 0.393607159 0.513024286
v 0.149803567 0.395535731 0.513024286
v 0.149803567 0.393607159 0.511095714
v 0.156714316 0.396500017 0.545649280
v 0.159125022 0.396500017 0.549824764
v 0.159125022 0.401964302 0.549824764
v 0.156714316 0.401964302 0.545649280
v 0.163946458 0.396500017 0.549824764
v 0.163946458 0.401964302 0.549824764
v 0.166357163 0.396500017 0.545649280
v 0.166357163 0.401964302 0.545649280
v 0.163946458 0.396500017 0.541473796
v 0.163946458 0.401964302 0.541473796
v 0.159125022 0.396500017 0.541473796
v 0.159125022 0.401964302 0.541473796
v 0.198500011 0.396500017 0.545649280
v 0.200910716 0.396500017 0.549824764
v 0.200910716 0.401964302 0.549824764
v 0.198500011 0.401964302 0.545649280
v 0.205732152 0.396500017 0.549824764
v 0.205732152 0.401964302 0.549824764
v 0.208142858 0.396500017 0.545649280
v 0.208142858 0.401964302 0.545649280
v 0.205732152 0.396500017 0.541473796
v 0.205732152 0.401964302 0.541473796
v 0.200910716 0.396500017 0.541473796
v 0.200910716 0.401964302 0.541473796
v 0.165071427 0.386214302 0.454350728
v 0.163142842 0.386214302 0.452422156
v 0.165071427 0.384285731 0.452422156
v 0.199785696 0.386214302 0.454350728
v 0.199785696 0.384285731 0.452422156
v 0.201714280 0.386214302 0.452422156
v 0.199785696 0.386214302 0.406136443
v 0.201714280 0.386214302 0.408065015
v 0.199785696 0.384285731 0.408065015
v 0.163142842 0.386214302 0.408065015
v 0.165071427 0.386214302 0.406136443
v 0.165071427 0.384285731 0.408065015
v 0.163142842 0.459500003 0.452422156
v 0.165071427 0.459500003 0.454350728
v 0.165071427 0.461428587 0.452422156
v 0.199785696 0.459500003 0.454350728
v 0.201714280 0.459500003 0.452422156
v 0.199785696 0.461428587 0.452422156
v 0.201714280 0.459500003 0.408065015
v 0.199785696 0.459500003 0.406136443
v 0.199785696 0.461428587 0.408065015
v 0.163142842 0.459500003 0.408065015
v 0.165071427 0.461428587 0.408065015
v 0.165071427 0.459500003 0.406136443
v 0.149803567 0.381392873 0.464797152
v 0.147874995 0.381392873 0.462868580
v 0.149803567 0.379464301 0.462868580
v 0.215053556 0.381392873 0.464797152
v 0.215053556 0.379464301 0.462868580
v 0.216982128 0.381392873 0.462868580
v 0.215053556 0.381392873 0.395690020
v 0.216982128 0.381392873 0.397618592
v 0.215053556 0.379464301 0.397618592
v 0.147874995 0.381392873 0.397618592
v 0.149803567 0.381392873 0.395690020
v 0.149803567 0.379464301 0.397618592
v 0.147874995 0.393607159 0.462868580
v 0.149803567 0.393607159 0.464797152
v 0.149803567 0.395535731 0.462868580
v 0.215053556 0.393607159 0.464797152
v 0.216982128 0.393607159 0.462868580
v 0.215053556 0.395535731 0.462868580
v 0.216982128 0.393607159 0.397618592
v 0.215053556 0.393607159 0.395690020
v 0.215053556 0.395535731 0.397618592
v 0.147874995 0.393607159 0.397618592
v 0.149803567 0.395535731 0.397618592
v 0.149803567 0.393607159 0.395690020
v 0.156714316 0.396500017 0.430243586
v 0.159125022 0.396500017 0.434419069
v 0.159125022 0.401964302 0.434419069
v 0.156714316 0.401964302 0.430243586
v 0.163946458 0.396500017 0.434419069
v 0.163946458 0.401964302 0.434419069
v 0.166357163 0.396500017 0.430243586
v 0.166357163 0.401964302 0.430243586
v 0.163946458 0.396500017 0.426068108
v 0.163946458 0.401964302 0.426068108
v 0.159125022 0.396500017 0.426068108
v 0.159125022 0.401964302 0.426068108
v 0.198500011 0.396500017 0.430243586
v 0.200910716 0.396500017 0.434419069
v 0.200910716 0.401964302 0.434419069
v 0.198500011 0.401964302 0.430243586
v 0.205732152 0.396500017 0.434419069
v 0.205732152 0.401964302 0.434419069
v 0.208142858 0.396500017 0.430243586
v 0.208142858 0.401964302 0.430243586
v 0.205732152 0.396500017 0.426068108
v 0.205732152 0.401964302 0.426068108
v 0.200910716 0.396500017 0.426068108
v 0.200910716 0.401964302 0.426068108
v 0.350214279 0.386214302 0.569756409
v 0.348285694 0.386214302 0.567827850
v 0.350214279 0.384285731 0.567827850
v 0.384928547 0.386214302 0.569756409
v 0.384928547 0.384285731 0.567827850
v 0.386857132 0.386214302 0.567827850
v 0.384928547 0.386214302 0.521542137
v 0.386857132 0.386214302 0.523470709
v 0.384928547 0.384285731 0.523470709
v 0.348285694 0.386214302 0.523470709
v 0.350214279 0.386214302 0.521542137
v 0.350214279 0.384285731 0.523470709
v 0.348285694 0.459500003 0.567827850
v 0.350214279 0.459500003 0.569756409
v 0.350214279 0.461428587 0.567827850
v 0.384928547 0.459500003 0.569756409
v 0.386857132 0.459500003 0.567827850
v 0.384928547 0.461428587 0.567827850
v 0.386857132 0.459500003 0.523470709
v 0.384928547 0.459500003 0.521542137
v 0.384928547 0.461428587 0.523470709
v 0.348285694 0.459500003 0.523470709
v 0.350214279 0.461428587 0.523470709
v 0.350214279 0.459500003 0.521542137
v 0.334946406 0.381392873 0.580202846
v 0.333017847 0.381392873 0.578274287
v 0.334946406 0.379464301 0.578274287
v 0.400196420 0.381392873 0.580202846
v 0.400196420 0.379464301 0.578274287
v 0.402124979 0.381392873 0.578274287
v 0.400196420 0.381392873 0.511095714
v 0.402124979 0.381392873 0.513024286
v 0.400196420 0.379464301 0.513024286
v 0.333017847 0.381392873 0.513024286
v 0.334946406 0.381392873 0.511095714
v 0.334946406 0.379464301 0.513024286
v 0.333017847 0.393607159 0.578274287
v 0.334946406 0.393607159 0.580202846
v 0.334946406 0.395535731 0.578274287
v 0.400196420 0.393607159 0.580202846
v 0.402124979 0.393607159 0.578274287
v 0.400196420 0.395535731 0.578274287
v 0.402124979 0.393607159 0.513024286
v 0.400196420 0.393607159 0.511095714
v 0.400196420 0.395535731 0.513024286
v 0.333017847 0.393607159 0.513024286
v 0.334946406 0.395535731 0.513024286
v 0.334946406 0.393607159 0.511095714
v 0.341857104 0.396500017 0.545649280
v 0.344267822 0.396500017 0.549824764
v 0.344267822 0.401964302 0.549824764
v 0.341857104 0.401964302 0.545649280
v 0.349089258 0.396500017 0.549824764
v 0.349089258 0.401964302 0.549824764
v 0.351499976 0.396500017 0.545649280
v 0.351499976 0.401964302 0.545649280
v 0.349089258 0.396500017 0.541473796
v 0.349089258 0.401964302 0.541473796
v 0.344267822 0.396500017 0.541473796
v 0.344267822 0.401964302 0.541473796
v 0.383642850 0.396500017 0.545649280
v 0.386053568 0.396500017 0.549824764
v 0.386053568 0.401964302 0.549824764
v 0.383642850 0.401964302 0.545649280
v 0.390875004 0.396500017 0.549824764
v 0.390875004 0.401964302 0.549824764
v 0.393285722 0.396500017 0.545649280
v 0.393285722 0.401964302 0.545649280
v 0.390875004 0.396500017 0.541473796
v 0.390875004 0.401964302 0.541473796
v 0.386053568 0.396500017 0.541473796
v 0.386053568 0.401964302 0.541473796
v 0.350214279 0.386214302 0.454350728
v 0.348285694 0.386214302 0.452422156
v 0.350214279 0.384285731 0.452422156
v 0.384928547 0.386214302 0.454350728
v 0.384928547 0.384285731 0.452422156
v 0.386857132 0.386214302 0.452422156
v 0.384928547 0.386214302 0.406136443
v 0.386857132 0.386214302 0.408065015
v 0.384928547 0.384285731 0.408065015
v 0.348285694 0.386214302 0.408065015
v 0.350214279 0.386214302 0.406136443
v 0.350214279 0.384285731 0.408065015
v 0.348285694 0.459500003 0.452422156
v 0.350214279 0.459500003 0.454350728
v 0.350214279 0.461428587 0.452422156
v 0.384928547 0.459500003 0.454350728
v 0.386857132 0.459500003 0.452422156
v 0.384928547 0.461428587 0.452422156
v 0.386857132 0.459500003 0.408065015
v 0.384928547 0.459500003 0.406136443
v 0.384928547 0.461428587 0.408065015
v 0.348285694 0.459500003 0.408065015
v 0.350214279 0.461428587 0.408065015
v 0.350214279 0.459500003 0.406136443
v 0.334946406 0.381392873 0.464797152
v 0.333017847 0.381392873 0.462868580
v 0.334946406 0.379464301 0.462868580
v 0.400196420 0.381392873 0.464797152
v 0.400196420 0.379464301 0.462868580
v 0.402124979 0.381392873 0.462868580
v 0.400196420 0.381392873 0.395690020
v 0.402124979 0.381392873 0.397618592
v 0.400196420 0.379464301 0.397618592
v 0.333017847 0.381392873 0.397618592
v 0.334946406 0.381392873 0.395690020
v 0.334946406 0.379464301 0.397618592
v 0.333017847 0.393607159 0.462868580
v 0.334946406 0.393607159 0.464797152
v 0.334946406 0.395535731 0.462868580
v 0.400196420 0.393607159 0.464797152
v 0.402124979 0.393607159 0.462868580
v 0.400196420 0.395535731 0.462868580
v 0.402124979 0.393607159 0.397618592
v 0.400196420 0.393607159 0.395690020
v 0.400196420 0.395535731 0.397618592
v 0.333017847 0.393607159 0.397618592
v 0.334946406 0.395535731 0.397618592
v 0.334946406 0.393607159 0.395690020
v 0.341857104 0.396500017 0.430243586
v 0.344267822 0.396500017 0.434419069
v 0.344267822 0.401964302 0.434419069
v 0.341857104 0.401964302 0.430243586
v 0.349089258 0.396500017 0.434419069
v 0.349089258 0.401964302 0.434419069
v 0.351499976 0.396500017 0.430243586
v 0.351499976 0.401964302 0.430243586
v 0.349089258 0.396500017 0.426068108
v 0.349089258 0.401964302 0.426068108
v 0.344267822 0.396500017 0.426068108
v 0.344267822 0.401964302 0.426068108
v 0.383642850 0.396500017 0.430243586
v 0.386053568 0.396500017 0.434419069
v 0.386053568 0.401964302 0.434419069
v 0.383642850 0.401964302 0.430243586
v 0.390875004 0.396500017 0.434419069
v 0.390875004 0.401964302 0.434419069
v 0.393285722 0.396500017 0.430243586
v 0.393285722 0.401964302 0.430243586
v 0.390875004 0.396500017 0.426068108
v 0.390875004 0.401964302 0.426068108
v 0.386053568 0.396500017 0.426068108
v 0.386053568 0.401964302 0.426068108
v 0.492767820 0.535357156 0.487946439
v 0.491798904 0.535357156 0.484330362
v 0.491798904 0.546607131 0.484330362
v 0.492767820 0.546607131 0.487946439
v 0.489151743 0.535357156 0.481683226
v 0.489151743 0.546607131 0.481683226
v 0.485535666 0.535357156 0.480714298
v 0.485535666 0.546607131 0.480714298
v 0.481919640 0.535357156 0.481683226
v 0.481919640 0.546607131 0.481683226
v 0.479272479 0.535357156 0.484330362
v 0.479272479 0.546607131 0.484330362
v 0.478303563 0.535357156 0.487946439
v 0.478303563 0.546607131 0.487946439
v 0.479272479 0.535357156 0.491562516
v 0.479272479 0.546607131 0.491562516
v 0.481919640 0.535357156 0.494209652
v 0.481919640 0.546607131 0.494209652
v 0.485535666 0.535357156 0.495178581
v 0.485535666 0.546607131 0.495178581
v 0.489151743 0.535357156 0.494209652
v 0.489151743 0.546607131 0.494209652
v 0.491798904 0.535357156 0.491562516
v 0.491798904 0.546607131 0.491562516
v 0.636607110 0.500000000 0.444553591
v 0.636607110 0.508465536 0.445387374
v 0.665535676 0.512855060 0.423319700
v 0.665535676 0.500000000 0.422053589
v 0.636607110 0.516605733 0.447856667
v 0.665535676 0.525216108 0.427069383
v 0.636607110 0.524107781 0.451866594
v 0.665535676 0.536608112 0.433158533
v 0.636607110 0.530683394 0.457263058
v 0.665535676 0.546593286 0.441353154
v 0.636607110 0.536079845 0.463838658
v 0.665535676 0.554787918 0.451338327
v 0.636607110 0.540089773 0.471340706
v 0.665535676 0.560877069 0.462730344
v 0.636607110 0.542559078 0.479480916
v 0.665535676 0.564626745 0.475091379
v 0.636607110 0.543392861 0.487946439
v 0.665535676 0.565892850 0.487946439
v 0.636607110 0.542559078 0.496411962
v 0.665535676 0.564626745 0.500801499
v 0.636607110 0.540089773 0.504552172
v 0.665535676 0.560877069 0.513162534
v 0.636607110 0.536079845 0.512054220
v 0.665535676 0.554787918 0.524554552
v 0.636607110 0.530683394 0.518629821
v 0.665535676 0.546593286 0.534539725
v 0.636607110 0.524107781 0.524026284
v 0.665535676 0.536608112 0.542734358
v 0.636607110 0.516605733 0.528036212
v 0.665535676 0.525216108 0.548823482
v 0.636607110 0.508465536 0.530505504
v 0.665535676 0.512855060 0.552573184
v 0.636607110 0.500000000 0.531339288
v 0.665535676 0.500000000 0.553839289
v 0.636607110 0.491534477 0.530505504
v 0.665535676 0.487144940 0.552573184
v 0.636607110 0.483394280 0.528036212
v 0.665535676 0.474783905 0.548823482
v 0.636607110 0.475892232 0.524026284
v 0.665535676 0.463391900 0.542734358
v 0.636607110 0.469316631 0.518629821
v 0.665535676 0.453406727 0.534539725
v 0.636607110 0.463920168 0.512054220
v 0.665535676 0.445212101 0.524554552
v 0.636607110 0.459910240 0.504552172
v 0.665535676 0.439122944 0.513162534
v 0.636607110 0.457440935 0.496411962
v 0.665535676 0.435373268 0.500801499
v 0.636607110 0.456607151 0.487946439
v 0.665535676 0.434107163 0.487946439
v 0.636607110 0.457440935 0.479480916
v 0.665535676 0.435373268 0.475091379
v 0.636607110 0.459910240 0.471340706
v 0.665535676 0.439122944 0.462730344
v 0.636607110 0.463920168 0.463838658
v 0.665535676 0.445212101 0.451338327
v 0.636607110 0.469316631 0.457263058
v 0.665535676 0.453406727 0.441353154
v 0.636607110 0.475892232 0.451866594
v 0.665535676 0.463391900 0.433158533
v 0.636607110 0.483394280 0.447856667
v 0.665535676 0.474783905 0.427069383
v 0.636607110 0.491534477 0.445387374
v 0.665535676 0.487144940 0.423319700
v 0.716964243 0.518185209 0.396523261
v 0.716964243 0.500000000 0.394732165
v 0.716964243 0.535671562 0.401827679
v 0.716964243 0.551787089 0.410441599
v 0.716964243 0.565912468 0.422033996
v 0.716964243 0.577504847 0.436159363
v 0.716964243 0.586118747 0.452274877
v 0.716964243 0.591423185 0.469761243
v 0.716964243 0.593214287 0.487946439
v 0.716964243 0.591423185 0.506131635
v 0.716964243 0.586118747 0.523618001
v 0.716964243 0.577504847 0.539733515
v 0.716964243 0.565912468 0.553858882
v 0.716964243 0.551787089 0.565451286
v 0.716964243 0.535671562 0.574065212
v 0.716964243 0.518185209 0.579369624
v 0.716964243 0.500000000 0.581160701
v 0.716964243 0.481814804 0.579369624
v 0.716964243 0.464328451 0.574065212
v 0.716964243 0.448212937 0.565451286
v 0.716964243 0.434087564 0.553858882
v 0.716964243 0.422495166 0.539733515
v 0.716964243 0.413881247 0.523618001
v 0.716964243 0.408576828 0.506131635
v 0.716964243 0.406785738 0.487946439
v 0.716964243 0.408576828 0.469761243
v 0.716964243 0.413881247 0.452274877
v 0.716964243 0.422495166 0.436159363
v 0.716964243 0.434087564 0.422033996
v 0.716964243 0.448212937 0.410441599
v 0.716964243 0.464328451 0.401827679
v 0.716964243 0.481814804 0.396523261
v 0.816607070 0.518812284 0.393370727
v 0.816607070 0.500000000 0.391517876
v 0.816607070 0.536901623 0.398858059
v 0.816607070 0.553572852 0.407769021
v 0.816607070 0.568185295 0.419761150
v 0.816607070 0.580177425 0.434373593
v 0.816607070 0.589088386 0.451044817
v 0.816607070 0.594575725 0.469134156
v 0.816607070 0.596428570 0.487946439
v 0.816607070 0.594575725 0.506758723
v 0.816607070 0.589088386 0.524848062
v 0.816607070 0.580177425 0.541519292
v 0.816607070 0.568185295 0.556131735
v 0.816607070 0.553572852 0.568123864
v 0.816607070 0.536901623 0.577034825
v 0.816607070 0.518812284 0.582522139
v 0.816607070 0.500000000 0.584375009
v 0.816607070 0.481187729 0.582522139
v 0.816607070 0.463098390 0.577034825
v 0.816607070 0.446427160 0.568123864
v 0.816607070 0.431814717 0.556131735
v 0.816607070 0.419822575 0.541519292
v 0.816607070 0.410911627 0.524848062
v 0.816607070 0.405424287 0.506758723
v 0.816607070 0.403571437 0.487946439
v 0.816607070 0.405424287 0.469134156
v 0.816607070 0.410911627 0.451044817
v 0.816607070 0.419822575 0.434373593
v 0.816607070 0.431814717 0.419761150
v 0.816607070 0.446427160 0.407769021
v 0.816607070 0.463098390 0.398858059
v 0.816607070 0.481187729 0.393370727
v 0.861607072 0.514109210 0.417014658
v 0.861607072 0.500000000 0.415625018
v 0.861607072 0.527676217 0.421130162
v 0.861607072 0.540179652 0.427813377
v 0.861607072 0.551138965 0.436807474
v 0.861607072 0.560133075 0.447766813
v 0.861607072 0.566816271 0.460270235
v 0.861607072 0.570931775 0.473837230
v 0.861607072 0.572321440 0.487946439
v 0.861607072 0.570931775 0.502055649
v 0.861607072 0.566816271 0.515622643
v 0.861607072 0.560133075 0.528126066
v 0.861607072 0.551138965 0.539085404
v 0.861607072 0.540179652 0.548079514
v 0.861607072 0.527676217 0.554762710
v 0.861607072 0.514109210 0.558878214
v 0.861607072 0.500000000 0.560267854
v 0.861607072 0.485890790 0.558878214
v 0.861607072 0.472323796 0.554762710
v 0.861607072 0.459820373 0.548079514
v 0.861607072 0.448861035 0.539085404
v 0.861607072 0.439866951 0.528126066
v 0.861607072 0.433183729 0.515622643
v 0.861607072 0.429068232 0.502055649
v 0.861607072 0.427678586 0.487946439
v 0.861607072 0.429068232 0.473837230
v 0.861607072 0.433183729 0.460270235
v 0.861607072 0.439866951 0.447766813
v 0.861607072 0.448861035 0.436807474
v 0.861607072 0.459820373 0.427813377
v 0.861607072 0.472323796 0.421130162
v 0.861607072 0.485890790 0.417014658
v 0.877678458 0.509092611 0.442234847
v 0.877678458 0.500000000 0.441339308
v 0.877678458 0.517835794 0.444887053
v 0.877678458 0.525893557 0.449194016
v 0.877678458 0.532956221 0.454990218
v 0.877678458 0.538752423 0.462052907
v 0.877678458 0.543059386 0.470110658
v 0.877678458 0.545711593 0.478853841
v 0.877678458 0.546607131 0.487946439
v 0.877678458 0.545711593 0.497039037
v 0.877678458 0.543059386 0.505782220
v 0.877678458 0.538752423 0.513839971
v 0.877678458 0.532956221 0.520902661
v 0.877678458 0.525893557 0.526698862
v 0.877678458 0.517835794 0.531005825
v 0.877678458 0.509092611 0.533658032
v 0.877678458 0.500000000 0.534553570
v 0.877678458 0.490907402 0.533658032
v 0.877678458 0.482164232 0.531005825
v 0.877678458 0.474106468 0.526698862
v 0.877678458 0.467043779 0.520902661
v 0.877678458 0.461247589 0.513839971
v 0.877678458 0.456940639 0.505782220
v 0.877678458 0.454288420 0.497039037
v 0.877678458 0.453392869 0.487946439
v 0.877678458 0.454288420 0.478853841
v 0.877678458 0.456940639 0.470110658
v 0.877678458 0.461247589 0.462052907
v 0.877678458 0.467043779 0.454990218
v 0.877678458 0.474106468 0.449194016
v 0.877678458 0.482164232 0.444887053
v 0.877678458 0.490907402 0.442234847
v 0.650267829 0.499196423 0.591607137
v 0.644642803 0.499196423 0.585982137
v 0.650267829 0.493571436 0.585982137
v 0.864017790 0.499196423 0.591607137
v 0.864017790 0.493571436 0.585982137
v 0.869642816 0.499196423 0.585982137
v 0.864017790 0.499196423 0.384285741
v 0.869642816 0.499196423 0.389910741
v 0.864017790 0.493571436 0.389910741
v 0.644642803 0.499196423 0.389910741
v 0.650267829 0.499196423 0.384285741
v 0.650267829 0.493571436 0.389910741
v 0.644642803 0.500803577 0.585982137
v 0.650267829 0.500803577 0.591607137
v 0.650267829 0.506428564 0.585982137
v 0.864017790 0.500803577 0.591607137
v 0.869642816 0.500803577 0.585982137
v 0.864017790 0.506428564 0.585982137
v 0.869642816 0.500803577 0.389910741
v 0.864017790 0.500803577 0.384285741
v 0.864017790 0.506428564 0.389910741
v 0.644642803 0.500803577 0.389910741
v 0.650267829 0.506428564 0.389910741
v 0.650267829 0.500803577 0.384285741
v 0.669232066 0.506910723 0.577946444
v 0.671401743 0.506910723 0.581704372
v 0.671401743 0.512375008 0.581704372
v 0.669232066 0.512375008 0.577946444
v 0.675740995 0.506910723 0.581704372
v 0.675740995 0.512375008 0.581704372
v 0.677910672 0.506910723 0.577946444
v 0.677910672 0.512375008 0.577946444
v 0.675740995 0.506910723 0.574188517
v 0.675740995 0.512375008 0.574188517
v 0.671401743 0.506910723 0.574188517
v 0.671401743 0.512375008 0.574188517
v 0.669232066 0.506910723 0.397946447
v 0.671401743 0.506910723 0.401704381
v 0.671401743 0.512375008 0.401704381
v 0.669232066 0.512375008 0.397946447
v 0.675740995 0.506910723 0.401704381
v 0.675740995 0.512375008 0.401704381
v 0.677910672 0.506910723 0.397946447
v 0.677910672 0.512375008 0.397946447
v 0.675740995 0.506910723 0.394188513
v 0.675740995 0.512375008 0.394188513
v 0.671401743 0.506910723 0.394188513
v 0.671401743 0.512375008 0.394188513
v 0.706196376 0.506910723 0.577946444
v 0.708366053 0.506910723 0.581704372
v 0.708366053 0.512375008 0.581704372
v 0.706196376 0.512375008 0.577946444
v 0.712705305 0.506910723 0.581704372
v 0.712705305 0.512375008 0.581704372
v 0.714874982 0.506910723 0.577946444
v 0.714874982 0.512375008 0.577946444
v 0.712705305 0.506910723 0.574188517
v 0.712705305 0.512375008 0.574188517
v 0.708366053 0.506910723 0.574188517
v 0.708366053 0.512375008 0.574188517
v 0.706196376 0.506910723 0.397946447
v 0.708366053 0.506910723 0.401704381
v 0.708366053 0.512375008 0.401704381
v 0.706196376 0.512375008 0.397946447
v 0.712705305 0.506910723 0.401704381
v 0.712705305 0.512375008 0.401704381
v 0.714874982 0.506910723 0.397946447
v 0.714874982 0.512375008 0.397946447
v 0.712705305 0.506910723 0.394188513
v 0.712705305 0.512375008 0.394188513
v 0.708366053 0.506910723 0.394188513
v 0.708366053 0.512375008 0.394188513
v 0.743160635 0.506910723 0.577946444
v 0.745330312 0.506910723 0.581704372
v 0.745330312 0.512375008 0.581704372
v 0.743160635 0.512375008 0.577946444
v 0.749669563 0.506910723 0.581704372
v 0.749669563 0.512375008 0.581704372
v 0.751839240 0.506910723 0.577946444
v 0.751839240 0.512375008 0.577946444
v 0.749669563 0.506910723 0.574188517
v 0.749669563 0.512375008 0.574188517
v 0.745330312 0.506910723 0.574188517
v 0.745330312 0.512375008 0.574188517
v 0.743160635 0.506910723 0.397946447
v 0.745330312 0.506910723 0.401704381
v 0.745330312 0.512375008 0.401704381
v 0.743160635 0.512375008 0.397946447
v 0.749669563 0.506910723 0.401704381
v 0.749669563 0.512375008 0.401704381
v 0.751839240 0.506910723 0.397946447
v 0.751839240 0.512375008 0.397946447
v 0.749669563 0.506910723 0.394188513
v 0.749669563 0.512375008 0.394188513
v 0.745330312 0.506910723 0.394188513
v 0.745330312 0.512375008 0.394188513
v 0.780124944 0.506910723 0.577946444
v 0.782294621 0.506910723 0.581704372
v 0.782294621 0.512375008 0.581704372
v 0.780124944 0.512375008 0.577946444
v 0.786633873 0.506910723 0.581704372
v 0.786633873 0.512375008 0.581704372
v 0.788803550 0.506910723 0.577946444
v 0.788803550 0.512375008 0.577946444
v 0.786633873 0.506910723 0.574188517
v 0.786633873 0.512375008 0.574188517
v 0.782294621 0.506910723 0.574188517
v 0.782294621 0.512375008 0.574188517
v 0.780124944 0.506910723 0.397946447
v 0.782294621 0.506910723 0.401704381
v 0.782294621 0.512375008 0.401704381
v 0.780124944 0.512375008 0.397946447
v 0.786633873 0.506910723 0.401704381
v 0.786633873 0.512375008 0.401704381
v 0.788803550 0.506910723 0.397946447
v 0.788803550 0.512375008 0.397946447
v 0.786633873 0.506910723 0.394188513
v 0.786633873 0.512375008 0.394188513
v 0.782294621 0.506910723 0.394188513
v 0.782294621 0.512375008 0.394188513
v 0.817089203 0.506910723 0.577946444
v 0.819258880 0.506910723 0.581704372
v 0.819258880 0.512375008 0.581704372
v 0.817089203 0.512375008 0.577946444
v 0.823598132 0.506910723 0.581704372
v 0.823598132 0.512375008 0.581704372
v 0.825767808 0.506910723 0.577946444
v 0.825767808 0.512375008 0.577946444
v 0.823598132 0.506910723 0.574188517
v 0.823598132 0.512375008 0.574188517
v 0.819258880 0.506910723 0.574188517
v 0.819258880 0.512375008 0.574188517
v 0.817089203 0.506910723 0.397946447
v 0.819258880 0.506910723 0.401704381
v 0.819258880 0.512375008 0.401704381
v 0.817089203 0.512375008 0.397946447
v 0.823598132 0.506910723 0.401704381
v 0.823598132 0.512375008 0.401704381
v 0.825767808 0.506910723 0.397946447
v 0.825767808 0.512375008 0.397946447
v 0.823598132 0.506910723 0.394188513
v 0.823598132 0.512375008 0.394188513
v 0.819258880 0.506910723 0.394188513
v 0.819258880 0.512375008 0.394188513
v 0.854053513 0.506910723 0.577946444
v 0.856223190 0.506910723 0.581704372
v 0.856223190 0.512375008 0.581704372
v 0.854053513 0.512375008 0.577946444
v 0.860562441 0.506910723 0.581704372
v 0.860562441 0.512375008 0.581704372
v 0.862732118 0.506910723 0.577946444
v 0.862732118 0.512375008 0.577946444
v 0.860562441 0.506910723 0.574188517
v 0.860562441 0.512375008 0.574188517
v 0.856223190 0.506910723 0.574188517
v 0.856223190 0.512375008 0.574188517
v 0.854053513 0.506910723 0.397946447
v 0.856223190 0.506910723 0.401704381
v 0.856223190 0.512375008 0.401704381
v 0.854053513 0.512375008 0.397946447
v 0.860562441 0.506910723 0.401704381
v 0.860562441 0.512375008 0.401704381
v 0.862732118 0.506910723 0.397946447
v 0.862732118 0.512375008 0.397946447
v 0.860562441 0.506910723 0.394188513
v 0.860562441 0.512375008 0.394188513
v 0.856223190 0.506910723 0.394188513
v 0.856223190 0.512375008 0.394188513
v 0.602857109 0.500000000 0.450982155
v 0.602857109 0.509567055 0.452241682
v 0.631785674 0.509567055 0.452241682
v 0.631785674 0.500000000 0.450982155
v 0.602857109 0.518482155 0.455934432
v 0.631785674 0.518482155 0.455934432
v 0.602857109 0.526137715 0.461808750
v 0.631785674 0.526137715 0.461808750
v 0.602857109 0.532012007 0.469464297
v 0.631785674 0.532012007 0.469464297
v 0.602857109 0.535704770 0.478379384
v 0.631785674 0.535704770 0.478379384
v 0.602857109 0.536964284 0.487946439
v 0.631785674 0.536964284 0.487946439
v 0.602857109 0.535704770 0.497513494
v 0.631785674 0.535704770 0.497513494
v 0.602857109 0.532012007 0.506428581
v 0.631785674 0.532012007 0.506428581
v 0.602857109 0.526137715 0.514084129
v 0.631785674 0.526137715 0.514084129
v 0.602857109 0.518482155 0.519958447
v 0.631785674 0.518482155 0.519958447
v 0.602857109 0.509567055 0.523651196
v 0.631785674 0.509567055 0.523651196
v 0.602857109 0.500000000 0.524910723
v 0.631785674 0.500000000 0.524910723
v 0.602857109 0.490432945 0.523651196
v 0.631785674 0.490432945 0.523651196
v 0.602857109 0.481517871 0.519958447
v 0.631785674 0.481517871 0.519958447
v 0.602857109 0.473862311 0.514084129
v 0.631785674 0.473862311 0.514084129
v 0.602857109 0.467987993 0.506428581
v 0.631785674 0.467987993 0.506428581
v 0.602857109 0.464295255 0.497513494
v 0.631785674 0.464295255 0.497513494
v 0.602857109 0.463035716 0.487946439
v 0.631785674 0.463035716 0.487946439
v 0.602857109 0.464295255 0.478379384
v 0.631785674 0.464295255 0.478379384
v 0.602857109 0.467987993 0.469464297
v 0.631785674 0.467987993 0.469464297
v 0.602857109 0.473862311 0.461808750
v 0.631785674 0.473862311 0.461808750
v 0.602857109 0.481517871 0.455934432
v 0.631785674 0.481517871 0.455934432
v 0.602857109 0.490432945 0.452241682
v 0.631785674 0.490432945 0.452241682
v 0.596750000 0.384607164 0.522500005
v 0.594821416 0.384607164 0.520571433
v 0.596750000 0.382678589 0.520571433
v 0.637892834 0.384607164 0.522500005
v 0.637892834 0.382678589 0.520571433
v 0.639821418 0.384607164 0.520571433
v 0.637892834 0.384607164 0.453392873
v 0.639821418 0.384607164 0.455321445
v 0.637892834 0.382678589 0.455321445
v 0.594821416 0.384607164 0.455321445
v 0.596750000 0.384607164 0.453392873
v 0.596750000 0.382678589 0.455321445
v 0.594821416 0.490035722 0.520571433
v 0.596750000 0.490035722 0.522500005
v 0.596750000 0.491964307 0.520571433
v 0.637892834 0.490035722 0.522500005
v 0.639821418 0.490035722 0.520571433
v 0.637892834 0.491964307 0.520571433
v 0.639821418 0.490035722 0.455321445
v 0.637892834 0.490035722 0.453392873
v 0.637892834 0.491964307 0.455321445
v 0.594821416 0.490035722 0.455321445
v 0.596750000 0.491964307 0.455321445
v 0.596750000 0.490035722 0.453392873
v 0.874464201 0.500000000 0.450982155
v 0.874464201 0.509567055 0.452241682
v 0.903392818 0.509567055 0.452241682
v 0.903392818 0.500000000 0.450982155
v 0.874464201 0.518482155 0.455934432
v 0.903392818 0.518482155 0.455934432
v 0.874464201 0.526137715 0.461808750
v 0.903392818 0.526137715 0.461808750
v 0.874464201 0.532012007 0.469464297
v 0.903392818 0.532012007 0.469464297
v 0.874464201 0.535704770 0.478379384
v 0.903392818 0.535704770 0.478379384
v 0.874464201 0.536964284 0.487946439
v 0.903392818 0.536964284 0.487946439
v 0.874464201 0.535704770 0.497513494
v 0.903392818 0.535704770 0.497513494
v 0.874464201 0.532012007 0.506428581
v 0.903392818 0.532012007 0.506428581
v 0.874464201 0.526137715 0.514084129
v 0.903392818 0.526137715 0.514084129
v 0.874464201 0.518482155 0.519958447
v 0.903392818 0.518482155 0.519958447
v 0.874464201 0.509567055 0.523651196
v 0.903392818 0.509567055 0.523651196
v 0.874464201 0.500000000 0.524910723
v 0.903392818 0.500000000 0.524910723
v 0.874464201 0.490432945 0.523651196
v 0.903392818 0.490432945 0.523651196
v 0.874464201 0.481517871 0.519958447
v 0.903392818 0.481517871 0.519958447
v 0.874464201 0.473862311 0.514084129
v 0.903392818 0.473862311 0.514084129
v 0.874464201 0.467987993 0.506428581
v 0.903392818 0.467987993 0.506428581
v 0.874464201 0.464295255 0.497513494
v 0.903392818 0.464295255 0.497513494
v 0.874464201 0.463035716 0.487946439
v 0.903392818 0.463035716 0.487946439
v 0.874464201 0.464295255 0.478379384
v 0.903392818 0.464295255 0.478379384
v 0.874464201 0.467987993 0.469464297
v 0.903392818 0.467987993 0.469464297
v 0.874464201 0.473862311 0.461808750
v 0.903392818 0.473862311 0.461808750
v 0.874464201 0.481517871 0.455934432
v 0.903392818 0.481517871 0.455934432
v 0.874464201 0.490432945 0.452241682
v 0.903392818 0.490432945 0.452241682
v 0.868357093 0.384607164 0.522500005
v 0.866428508 0.384607164 0.520571433
v 0.868357093 0.382678589 0.520571433
v 0.909499977 0.384607164 0.522500005
v 0.909499977 0.382678589 0.520571433
v 0.911428511 0.384607164 0.520571433
v 0.909499977 0.384607164 0.453392873
v 0.911428511 0.384607164 0.455321445
v 0.909499977 0.382678589 0.455321445
v 0.866428508 0.384607164 0.455321445
v 0.868357093 0.384607164 0.453392873
v 0.868357093 0.382678589 0.455321445
v 0.866428508 0.490035722 0.520571433
v 0.868357093 0.490035722 0.522500005
v 0.868357093 0.491964307 0.520571433
v 0.909499977 0.490035722 0.522500005
v 0.911428511 0.490035722 0.520571433
v 0.909499977 0.491964307 0.520571433
v 0.911428511 0.490035722 0.455321445
v 0.909499977 0.490035722 0.453392873
v 0.909499977 0.491964307 0.455321445
v 0.866428508 0.490035722 0.455321445
v 0.868357093 0.491964307 0.455321445
v 0.868357093 0.490035722 0.453392873
v 0.662642825 0.386214302 0.591285707
v 0.660714240 0.386214302 0.589357148
v 0.662642825 0.384285731 0.589357148
v 0.697357145 0.386214302 0.591285707
v 0.697357145 0.384285731 0.589357148
v 0.699285678 0.386214302 0.589357148
v 0.697357145 0.386214302 0.543071447
v 0.699285678 0.386214302 0.545000007
v 0.697357145 0.384285731 0.545000007
v 0.660714240 0.386214302 0.545000007
v 0.662642825 0.386214302 0.543071447
v 0.662642825 0.384285731 0.545000007
v 0.660714240 0.450660720 0.589357148
v 0.662642825 0.450660720 0.591285707
v 0.662642825 0.452589305 0.589357148
v 0.697357145 0.450660720 0.591285707
v 0.699285678 0.450660720 0.589357148
v 0.697357145 0.452589305 0.589357148
v 0.699285678 0.450660720 0.545000007
v 0.697357145 0.450660720 0.543071447
v 0.697357145 0.452589305 0.545000007
v 0.660714240 0.450660720 0.545000007
v 0.662642825 0.452589305 0.545000007
v 0.662642825 0.450660720 0.543071447
v 0.647374978 0.381392873 0.601732143
v 0.645446393 0.381392873 0.599803584
v 0.647374978 0.379464301 0.599803584
v 0.712624992 0.381392873 0.601732143
v 0.712624992 0.379464301 0.599803584
v 0.714553576 0.381392873 0.599803584
v 0.712624992 0.381392873 0.532625011
v 0.714553576 0.381392873 0.534553583
v 0.712624992 0.379464301 0.534553583
v 0.645446393 0.381392873 0.534553583
v 0.647374978 0.381392873 0.532625011
v 0.647374978 0.379464301 0.534553583
v 0.645446393 0.393607159 0.599803584
v 0.647374978 0.393607159 0.601732143
v 0.647374978 0.395535731 0.599803584
v 0.712624992 0.393607159 0.601732143
v 0.714553576 0.393607159 0.599803584
v 0.712624992 0.395535731 0.599803584
v 0.714553576 0.393607159 0.534553583
v 0.712624992 0.393607159 0.532625011
v 0.712624992 0.395535731 0.534553583
v 0.645446393 0.393607159 0.534553583
v 0.647374978 0.395535731 0.534553583
v 0.647374978 0.393607159 0.532625011
v 0.654285676 0.396500017 0.567178577
v 0.656696394 0.396500017 0.571354061
v 0.656696394 0.401964302 0.571354061
v 0.654285676 0.401964302 0.567178577
v 0.661517830 0.396500017 0.571354061
v 0.661517830 0.401964302 0.571354061
v 0.663928548 0.396500017 0.567178577
v 0.663928548 0.401964302 0.567178577
v 0.661517830 0.396500017 0.563003093
v 0.661517830 0.401964302 0.563003093
v 0.656696394 0.396500017 0.563003093
v 0.656696394 0.401964302 0.563003093
v 0.696071370 0.396500017 0.567178577
v 0.698482088 0.396500017 0.571354061
v 0.698482088 0.401964302 0.571354061
v 0.696071370 0.401964302 0.567178577
v 0.703303525 0.396500017 0.571354061
v 0.703303525 0.401964302 0.571354061
v 0.705714243 0.396500017 0.567178577
v 0.705714243 0.401964302 0.567178577
v 0.703303525 0.396500017 0.563003093
v 0.703303525 0.401964302 0.563003093
v 0.698482088 0.396500017 0.563003093
v 0.698482088 0.401964302 0.563003093
v 0.662642825 0.386214302 0.432821450
v 0.660714240 0.386214302 0.430892878
v 0.662642825 0.384285731 0.430892878
v 0.697357145 0.386214302 0.432821450
v 0.697357145 0.384285731 0.430892878
v 0.699285678 0.386214302 0.430892878
v 0.697357145 0.386214302 0.384607165
v 0.699285678 0.386214302 0.386535737
v 0.697357145 0.384285731 0.386535737
v 0.660714240 0.386214302 0.386535737
v 0.662642825 0.386214302 0.384607165
v 0.662642825 0.384285731 0.386535737
v 0.660714240 0.450660720 0.430892878
v 0.662642825 0.450660720 0.432821450
v 0.662642825 0.452589305 0.430892878
v 0.697357145 0.450660720 0.432821450
v 0.699285678 0.450660720 0.430892878
v 0.697357145 0.452589305 0.430892878
v 0.699285678 0.450660720 0.386535737
v 0.697357145 0.450660720 0.384607165
v 0.697357145 0.452589305 0.386535737
v 0.660714240 0.450660720 0.386535737
v 0.662642825 0.452589305 0.386535737
v 0.662642825 0.450660720 0.384607165
v 0.647374978 0.381392873 0.443267880
v 0.645446393 0.381392873 0.441339308
v 0.647374978 0.379464301 0.441339308
v 0.712624992 0.381392873 0.443267880
v 0.712624992 0.379464301 0.441339308
v 0.714553576 0.381392873 0.441339308
v 0.712624992 0.381392873 0.374160738
v 0.714553576 0.381392873 0.376089310
v 0.712624992 0.379464301 0.376089310
v 0.645446393 0.381392873 0.376089310
v 0.647374978 0.381392873 0.374160738
v 0.647374978 0.379464301 0.376089310
v 0.645446393 0.393607159 0.441339308
v 0.647374978 0.393607159 0.443267880
v 0.647374978 0.395535731 0.441339308
v 0.712624992 0.393607159 0.443267880
v 0.714553576 0.393607159 0.441339308
v 0.712624992 0.395535731 0.441339308
v 0.714553576 0.393607159 0.376089310
v 0.712624992 0.393607159 0.374160738
v 0.712624992 0.395535731 0.376089310
v 0.645446393 0.393607159 0.376089310
v 0.647374978 0.395535731 0.376089310
v 0.647374978 0.393607159 0.374160738
v 0.654285676 0.396500017 0.408714308
v 0.656696394 0.396500017 0.412889785
v 0.656696394 0.401964302 0.412889785
v 0.654285676 0.401964302 0.408714308
v 0.661517830 0.396500017 0.412889785
v 0.661517830 0.401964302 0.412889785
v 0.663928548 0.396500017 0.408714308
v 0.663928548 0.401964302 0.408714308
v 0.661517830 0.396500017 0.404538830
v 0.661517830 0.401964302 0.404538830
v 0.656696394 0.396500017 0.404538830
v 0.656696394 0.401964302 0.404538830
v 0.696071370 0.396500017 0.408714308
v 0.698482088 0.396500017 0.412889785
v 0.698482088 0.401964302 0.412889785
v 0.696071370 0.401964302 0.408714308
v 0.703303525 0.396500017 0.412889785
v 0.703303525 0.401964302 0.412889785
v 0.705714243 0.396500017 0.408714308
v 0.705714243 0.401964302 0.408714308
v 0.703303525 0.396500017 0.404538830
v 0.703303525 0.401964302 0.404538830
v 0.698482088 0.396500017 0.404538830
v 0.698482088 0.401964302 0.404538830
v 0.816928475 0.386214302 0.591285707
v 0.814999941 0.386214302 0.589357148
v 0.816928475 0.384285731 0.589357148
v 0.851642795 0.386214302 0.591285707
v 0.851642795 0.384285731 0.589357148
v 0.853571328 0.386214302 0.589357148
v 0.851642795 0.386214302 0.543071447
v 0.853571328 0.386214302 0.545000007
v 0.851642795 0.384285731 0.545000007
v 0.814999941 0.386214302 0.545000007
v 0.816928475 0.386214302 0.543071447
v 0.816928475 0.384285731 0.545000007
v 0.814999941 0.450660720 0.589357148
v 0.816928475 0.450660720 0.591285707
v 0.816928475 0.452589305 0.589357148
v 0.851642795 0.450660720 0.591285707
v 0.853571328 0.450660720 0.589357148
v 0.851642795 0.452589305 0.589357148
v 0.853571328 0.450660720 0.545000007
v 0.851642795 0.450660720 0.543071447
v 0.851642795 0.452589305 0.545000007
v 0.814999941 0.450660720 0.545000007
v 0.816928475 0.452589305 0.545000007
v 0.816928475 0.450660720 0.543071447
v 0.801660628 0.381392873 0.601732143
v 0.799732043 0.381392873 0.599803584
v 0.801660628 0.379464301 0.599803584
v 0.866910642 0.381392873 0.601732143
v 0.866910642 0.379464301 0.599803584
v 0.868839226 0.381392873 0.599803584
v 0.866910642 0.381392873 0.532625011
v 0.868839226 0.381392873 0.534553583
v 0.866910642 0.379464301 0.534553583
v 0.799732043 0.381392873 0.534553583
v 0.801660628 0.381392873 0.532625011
v 0.801660628 0.379464301 0.534553583
v 0.799732043 0.393607159 0.599803584
v 0.801660628 0.393607159 0.601732143
v 0.801660628 0.395535731 0.599803584
v 0.866910642 0.393607159 0.601732143
v 0.868839226 0.393607159 0.599803584
v 0.866910642 0.395535731 0.599803584
v 0.868839226 0.393607159 0.534553583
v 0.866910642 0.393607159 0.532625011
v 0.866910642 0.395535731 0.534553583
v 0.799732043 0.393607159 0.534553583
v 0.801660628 0.395535731 0.534553583
v 0.801660628 0.393607159 0.532625011
v 0.808571377 0.396500017 0.567178577
v 0.810982095 0.396500017 0.571354061
v 0.810982095 0.401964302 0.571354061
v 0.808571377 0.401964302 0.567178577
v 0.815803531 0.396500017 0.571354061
v 0.815803531 0.401964302 0.571354061
v 0.818214249 0.396500017 0.567178577
v 0.818214249 0.401964302 0.567178577
v 0.815803531 0.396500017 0.563003093
v 0.815803531 0.401964302 0.563003093
v 0.810982095 0.396500017 0.563003093
v 0.810982095 0.401964302 0.563003093
v 0.850357123 0.396500017 0.567178577
v 0.852767841 0.396500017 0.571354061
v 0.852767841 0.401964302 0.571354061
v 0.850357123 0.401964302 0.567178577
v 0.857589277 0.396500017 0.571354061
v 0.857589277 0.401964302 0.571354061
v 0.859999995 0.396500017 0.567178577
v 0.859999995 0.401964302 0.567178577
v 0.857589277 0.396500017 0.563003093
v 0.857589277 0.401964302 0.563003093
v 0.852767841 0.396500017 0.563003093
v 0.852767841 0.401964302 0.563003093
v 0.816928475 0.386214302 0.432821450
v 0.814999941 0.386214302 0.430892878
v 0.816928475 0.384285731 0.430892878
v 0.851642795 0.386214302 0.432821450
v 0.851642795 0.384285731 0.430892878
v 0.853571328 0.386214302 0.430892878
v 0.851642795 0.386214302 0.384607165
v 0.853571328 0.386214302 0.386535737
v 0.851642795 0.384285731 0.386535737
v 0.814999941 0.386214302 0.386535737
v 0.816928475 0.386214302 0.384607165
v 0.816928475 0.384285731 0.386535737
v 0.814999941 0.450660720 0.430892878
v 0.816928475 0.450660720 0.432821450
v 0.816928475 0.452589305 0.430892878
v 0.851642795 0.450660720 0.432821450
v 0.853571328 0.450660720 0.430892878
v 0.851642795 0.452589305 0.430892878
v 0.853571328 0.450660720 0.386535737
v 0.851642795 0.450660720 0.384607165
v 0.851642795 0.452589305 0.386535737
v 0.814999941 0.450660720 0.386535737
v 0.816928475 0.452589305 0.386535737
v 0.816928475 0.450660720 0.384607165
v 0.801660628 0.381392873 0.443267880
v 0.799732043 0.381392873 0.441339308
v 0.801660628 0.379464301 0.441339308
v 0.866910642 0.381392873 0.443267880
v 0.866910642 0.379464301 0.441339308
v 0.868839226 0.381392873 0.441339308
v 0.866910642 0.381392873 0.374160738
v 0.868839226 0.381392873 0.376089310
v 0.866910642 0.379464301 0.376089310
v 0.799732043 0.381392873 0.376089310
v 0.801660628 0.381392873 0.374160738
v 0.801660628 0.379464301 0.376089310
v 0.799732043 0.393607159 0.441339308
v 0.801660628 0.393607159 0.443267880
v 0.801660628 0.395535731 0.441339308
v 0.866910642 0.393607159 0.443267880
v 0.868839226 0.393607159 0.441339308
v 0.866910642 0.395535731 0.441339308
v 0.868839226 0.393607159 0.376089310
v 0.866910642 0.393607159 0.374160738
v 0.866910642 0.395535731 0.376089310
v 0.799732043 0.393607159 0.376089310
v 0.801660628 0.395535731 0.376089310
v 0.801660628 0.393607159 0.374160738
v 0.808571377 0.396500017 0.408714308
v 0.810982095 0.396500017 0.412889785
v 0.810982095 0.401964302 0.412889785
v 0.808571377 0.401964302 0.408714308
v 0.815803531 0.396500017 0.412889785
v 0.815803531 0.401964302 0.412889785
v 0.818214249 0.396500017 0.408714308
v 0.818214249 0.401964302 0.408714308
v 0.815803531 0.396500017 0.404538830
v 0.815803531 0.401964302 0.404538830
v 0.810982095 0.396500017 0.404538830
v 0.810982095 0.401964302 0.404538830
v 0.850357123 0.396500017 0.408714308
v 0.852767841 0.396500017 0.412889785
v 0.852767841 0.401964302 0.412889785
v 0.850357123 0.401964302 0.408714308
v 0.857589277 0.396500017 0.412889785
v 0.857589277 0.401964302 0.412889785
v 0.859999995 0.396500017 0.408714308
v 0.859999995 0.401964302 0.408714308
v 0.857589277 0.396500017 0.404538830
v 0.857589277 0.401964302 0.404538830
v 0.852767841 0.396500017 0.404538830
v 0.852767841 0.401964302 0.404538830
v 0.873660611 0.538571438 0.523303569
v 0.866428508 0.538571438 0.516071441
v 0.873660611 0.531339297 0.516071441
v 0.920267742 0.538571438 0.523303569
v 0.920267742 0.531339297 0.516071441
v 0.927499897 0.538571438 0.516071441
v 0.920267742 0.538571438 0.452589309
v 0.927499897 0.538571438 0.459821438
v 0.920267742 0.531339297 0.459821438
v 0.866428508 0.538571438 0.459821438
v 0.873660611 0.538571438 0.452589309
v 0.873660611 0.531339297 0.459821438
v 0.866428508 0.577142876 0.516071441
v 0.873660611 0.577142876 0.523303569
v 0.873660611 0.584375005 0.516071441
v 0.920267742 0.577142876 0.523303569
v 0.927499897 0.577142876 0.516071441
v 0.920267742 0.584375005 0.516071441
v 0.927499897 0.577142876 0.459821438
v 0.920267742 0.577142876 0.452589309
v 0.920267742 0.584375005 0.459821438
v 0.866428508 0.577142876 0.459821438
v 0.873660611 0.584375005 0.459821438
v 0.873660611 0.577142876 0.452589309
v 0.686428498 0.607678545 0.480714298
v 0.687529532 0.613213806 0.480714298
v 0.687529532 0.613213806 0.469464297
v 0.686428498 0.607678545 0.469464297
v 0.690665008 0.617906368 0.480714298
v 0.690665008 0.617906368 0.469464297
v 0.695357545 0.621041819 0.480714298
v 0.695357545 0.621041819 0.469464297
v 0.700892807 0.622142828 0.480714298
v 0.700892807 0.622142828 0.469464297
v 0.706428068 0.621041819 0.480714298
v 0.706428068 0.621041819 0.469464297
v 0.711120605 0.617906368 0.480714298
v 0.711120605 0.617906368 0.469464297
v 0.714256081 0.613213806 0.480714298
v 0.714256081 0.613213806 0.469464297
v 0.715357115 0.607678545 0.480714298
v 0.715357115 0.607678545 0.469464297
v 0.714256081 0.602143309 0.480714298
v 0.714256081 0.602143309 0.469464297
v 0.711120605 0.597450772 0.480714298
v 0.711120605 0.597450772 0.469464297
v 0.706428068 0.594315296 0.480714298
v 0.706428068 0.594315296 0.469464297
v 0.700892807 0.593214287 0.480714298
v 0.700892807 0.593214287 0.469464297
v 0.695357545 0.594315296 0.480714298
v 0.695357545 0.594315296 0.469464297
v 0.690665008 0.597450772 0.480714298
v 0.690665008 0.597450772 0.469464297
v 0.687529532 0.602143309 0.480714298
v 0.687529532 0.602143309 0.469464297
v 0.693275743 0.610833665 0.469464297
v 0.692648157 0.607678545 0.469464297
v 0.695062962 0.613508389 0.469464297
v 0.697737712 0.615295609 0.469464297
v 0.700892807 0.615923220 0.469464297
v 0.704047901 0.615295609 0.469464297
v 0.706722651 0.613508389 0.469464297
v 0.708509870 0.610833665 0.469464297
v 0.709137456 0.607678545 0.469464297
v 0.708509870 0.604523475 0.469464297
v 0.706722651 0.601848726 0.469464297
v 0.704047901 0.600061506 0.469464297
v 0.700892807 0.599433895 0.469464297
v 0.697737712 0.600061506 0.469464297
v 0.695062962 0.601848726 0.469464297
v 0.693275743 0.604523475 0.469464297
v 0.693275743 0.610833665 0.480714298
v 0.692648157 0.607678545 0.480714298
v 0.695062962 0.613508389 0.480714298
v 0.697737712 0.615295609 0.480714298
v 0.700892807 0.615923220 0.480714298
v 0.704047901 0.615295609 0.480714298
v 0.706722651 0.613508389 0.480714298
v 0.708509870 0.610833665 0.480714298
v 0.709137456 0.607678545 0.480714298
v 0.708509870 0.604523475 0.480714298
v 0.706722651 0.601848726 0.480714298
v 0.704047901 0.600061506 0.480714298
v 0.700892807 0.599433895 0.480714298
v 0.697737712 0.600061506 0.480714298
v 0.695062962 0.601848726 0.480714298
v 0.693275743 0.604523475 0.480714298
v 0.798928504 0.607678545 0.480714298
v 0.800029538 0.613213806 0.480714298
v 0.800029538 0.613213806 0.469464297
v 0.798928504 0.607678545 0.469464297
v 0.803165015 0.617906368 0.480714298
v 0.803165015 0.617906368 0.469464297
v 0.807857552 0.621041819 0.480714298
v 0.807857552 0.621041819 0.469464297
v 0.813392813 0.622142828 0.480714298
v 0.813392813 0.622142828 0.469464297
v 0.818928074 0.621041819 0.480714298
v 0.818928074 0.621041819 0.469464297
v 0.823620611 0.617906368 0.480714298
v 0.823620611 0.617906368 0.469464297
v 0.826756087 0.613213806 0.480714298
v 0.826756087 0.613213806 0.469464297
v 0.827857070 0.607678545 0.480714298
v 0.827857070 0.607678545 0.469464297
v 0.826756087 0.602143309 0.480714298
v 0.826756087 0.602143309 0.469464297
v 0.823620611 0.597450772 0.480714298
v 0.823620611 0.597450772 0.469464297
v 0.818928074 0.594315296 0.480714298
v 0.818928074 0.594315296 0.469464297
v 0.813392813 0.593214287 0.480714298
v 0.813392813 0.593214287 0.469464297
v 0.807857552 0.594315296 0.480714298
v 0.807857552 0.594315296 0.469464297
v 0.803165015 0.597450772 0.480714298
v 0.803165015 0.597450772 0.469464297
v 0.800029538 0.602143309 0.480714298
v 0.800029538 0.602143309 0.469464297
v 0.805775749 0.610833665 0.469464297
v 0.805148163 0.607678545 0.469464297
v 0.807562968 0.613508389 0.469464297
v 0.810237718 0.615295609 0.469464297
v 0.813392813 0.615923220 0.469464297
v 0.816547908 0.615295609 0.469464297
v 0.819222657 0.613508389 0.469464297
v 0.821009877 0.610833665 0.469464297
v 0.821637463 0.607678545 0.469464297
v 0.821009877 0.604523475 0.469464297
v 0.819222657 0.601848726 0.469464297
v 0.816547908 0.600061506 0.469464297
v 0.813392813 0.599433895 0.469464297
v 0.810237718 0.600061506 0.469464297
v 0.807562968 0.601848726 0.469464297
v 0.805775749 0.604523475 0.469464297
v 0.805775749 0.610833665 0.480714298
v 0.805148163 0.607678545 0.480714298
v 0.807562968 0.613508389 0.480714298
v 0.810237718 0.615295609 0.480714298
v 0.813392813 0.615923220 0.480714298
v 0.816547908 0.615295609 0.480714298
v 0.819222657 0.613508389 0.480714298
v 0.821009877 0.610833665 0.480714298
v 0.821637463 0.607678545 0.480714298
v 0.821009877 0.604523475 0.480714298
v 0.819222657 0.601848726 0.480714298
v 0.816547908 0.600061506 0.480714298
v 0.813392813 0.599433895 0.480714298
v 0.810237718 0.600061506 0.480714298
v 0.807562968 0.601848726 0.480714298
v 0.805775749 0.604523475 0.480714298
v 0.511249975 0.500000000 0.472678579
v 0.511249975 0.503951609 0.473198826
v 0.546607105 0.503951609 0.473198826
v 0.546607105 0.500000000 0.472678579
v 0.511249975 0.507633936 0.474724083
v 0.546607105 0.507633936 0.474724083
v 0.511249975 0.510796005 0.477150434
v 0.546607105 0.510796005 0.477150434
v 0.511249975 0.513222356 0.480312516
v 0.546607105 0.513222356 0.480312516
v 0.511249975 0.514747626 0.483994831
v 0.546607105 0.514747626 0.483994831
v 0.511249975 0.515267873 0.487946439
v 0.546607105 0.515267873 0.487946439
v 0.511249975 0.514747626 0.491898048
v 0.546607105 0.514747626 0.491898048
v 0.511249975 0.513222356 0.495580363
v 0.546607105 0.513222356 0.495580363
v 0.511249975 0.510796005 0.498742444
v 0.546607105 0.510796005 0.498742444
v 0.511249975 0.507633936 0.501168796
v 0.546607105 0.507633936 0.501168796
v 0.511249975 0.503951609 0.502694053
v 0.546607105 0.503951609 0.502694053
v 0.511249975 0.500000000 0.503214299
v 0.546607105 0.500000000 0.503214299
v 0.511249975 0.496048391 0.502694053
v 0.546607105 0.496048391 0.502694053
v 0.511249975 0.492366076 0.501168796
v 0.546607105 0.492366076 0.501168796
v 0.511249975 0.489204008 0.498742444
v 0.546607105 0.489204008 0.498742444
v 0.511249975 0.486777656 0.495580363
v 0.546607105 0.486777656 0.495580363
v 0.511249975 0.485252399 0.491898048
v 0.546607105 0.485252399 0.491898048
v 0.511249975 0.484732140 0.487946439
v 0.546607105 0.484732140 0.487946439
v 0.511249975 0.485252399 0.483994831
v 0.546607105 0.485252399 0.483994831
v 0.511249975 0.486777656 0.480312516
v 0.546607105 0.486777656 0.480312516
v 0.511249975 0.489204008 0.477150434
v 0.546607105 0.489204008 0.477150434
v 0.511249975 0.492366076 0.474724083
v 0.546607105 0.492366076 0.474724083
v 0.511249975 0.496048391 0.473198826
v 0.546607105 0.496048391 0.473198826
v 0.540178541 0.500000000 0.474350017
v 0.540178541 0.503519032 0.474813298
v 0.602857109 0.503519032 0.474813298
v 0.602857109 0.500000000 0.474350017
v 0.540178541 0.506798224 0.476171594
v 0.602857109 0.506798224 0.476171594
v 0.540178541 0.509614134 0.478332318
v 0.602857109 0.509614134 0.478332318
v 0.540178541 0.511774871 0.481148228
v 0.602857109 0.511774871 0.481148228
v 0.540178541 0.513133154 0.484427420
v 0.602857109 0.513133154 0.484427420
v 0.540178541 0.513596422 0.487946439
v 0.602857109 0.513596422 0.487946439
v 0.540178541 0.513133154 0.491465459
v 0.602857109 0.513133154 0.491465459
v 0.540178541 0.511774871 0.494744650
v 0.602857109 0.511774871 0.494744650
v 0.540178541 0.509614134 0.497560561
v 0.602857109 0.509614134 0.497560561
v 0.540178541 0.506798224 0.499721284
v 0.602857109 0.506798224 0.499721284
v 0.540178541 0.503519032 0.501079580
v 0.602857109 0.503519032 0.501079580
v 0.540178541 0.500000000 0.501542862
v 0.602857109 0.500000000 0.501542862
v 0.540178541 0.496480993 0.501079580
v 0.602857109 0.496480993 0.501079580
v 0.540178541 0.493201789 0.499721284
v 0.602857109 0.493201789 0.499721284
v 0.540178541 0.490385891 0.497560561
v 0.602857109 0.490385891 0.497560561
v 0.540178541 0.488225155 0.494744650
v 0.602857109 0.488225155 0.494744650
v 0.540178541 0.486866872 0.491465459
v 0.602857109 0.486866872 0.491465459
v 0.540178541 0.486403590 0.487946439
v 0.602857109 0.486403590 0.487946439
v 0.540178541 0.486866872 0.484427420
v 0.602857109 0.486866872 0.484427420
v 0.540178541 0.488225155 0.481148228
v 0.602857109 0.488225155 0.481148228
v 0.540178541 0.490385891 0.478332318
v 0.602857109 0.490385891 0.478332318
v 0.540178541 0.493201789 0.476171594
v 0.602857109 0.493201789 0.476171594
v 0.540178541 0.496480993 0.474813298
v 0.602857109 0.496480993 0.474813298
v 0.543392849 0.500000000 0.459017873
v 0.543392849 0.511070497 0.461219928
v 0.561071414 0.511070497 0.461219928
v 0.561071414 0.500000000 0.459017873
v 0.543392849 0.520455596 0.467490856
v 0.561071414 0.520455596 0.467490856
v 0.543392849 0.526726511 0.476875955
v 0.561071414 0.526726511 0.476875955
v 0.543392849 0.528928591 0.487946439
v 0.561071414 0.528928591 0.487946439
v 0.543392849 0.526726511 0.499016923
v 0.561071414 0.526726511 0.499016923
v 0.543392849 0.520455596 0.508402023
v 0.561071414 0.520455596 0.508402023
v 0.543392849 0.511070497 0.514672950
v 0.561071414 0.511070497 0.514672950
v 0.543392849 0.500000000 0.516875005
v 0.561071414 0.500000000 0.516875005
v 0.543392849 0.488929529 0.514672950
v 0.561071414 0.488929529 0.514672950
v 0.543392849 0.479544416 0.508402023
v 0.561071414 0.479544416 0.508402023
v 0.543392849 0.473273489 0.499016923
v 0.561071414 0.473273489 0.499016923
v 0.543392849 0.471071434 0.487946439
v 0.561071414 0.471071434 0.487946439
v 0.543392849 0.473273489 0.476875955
v 0.561071414 0.473273489 0.476875955
v 0.543392849 0.479544416 0.467490856
v 0.561071414 0.479544416 0.467490856
v 0.543392849 0.488929529 0.461219928
v 0.561071414 0.488929529 0.461219928
v 0.542910664 0.510124993 0.508697730
v 0.542910664 0.512908640 0.507090589
v 0.540339218 0.512908640 0.507090589
v 0.540339218 0.510124993 0.508697730
v 0.542910664 0.512908640 0.503876306
v 0.540339218 0.512908640 0.503876306
v 0.542910664 0.510124993 0.502269165
v 0.540339218 0.510124993 0.502269165
v 0.542910664 0.507341346 0.503876306
v 0.540339218 0.507341346 0.503876306
v 0.542910664 0.507341346 0.507090589
v 0.540339218 0.507341346 0.507090589
v 0.542910664 0.520250011 0.491160721
v 0.542910664 0.523033659 0.489553580
v 0.540339218 0.523033659 0.489553580
v 0.540339218 0.520250011 0.491160721
v 0.542910664 0.523033659 0.486339298
v 0.540339218 0.523033659 0.486339298
v 0.542910664 0.520250011 0.484732157
v 0.540339218 0.520250011 0.484732157
v 0.542910664 0.517466364 0.486339298
v 0.540339218 0.517466364 0.486339298
v 0.542910664 0.517466364 0.489553580
v 0.540339218 0.517466364 0.489553580
v 0.542910664 0.510124993 0.473623713
v 0.542910664 0.512908640 0.472016572
v 0.540339218 0.512908640 0.472016572
v 0.540339218 0.510124993 0.473623713
v 0.542910664 0.512908640 0.468802290
v 0.540339218 0.512908640 0.468802290
v 0.542910664 0.510124993 0.467195149
v 0.540339218 0.510124993 0.467195149
v 0.542910664 0.507341346 0.468802290
v 0.540339218 0.507341346 0.468802290
v 0.542910664 0.507341346 0.472016572
v 0.540339218 0.507341346 0.472016572
v 0.542910664 0.489875007 0.473623713
v 0.542910664 0.492658654 0.472016572
v 0.540339218 0.492658654 0.472016572
v 0.540339218 0.489875007 0.473623713
v 0.542910664 0.492658654 0.468802290
v 0.540339218 0.492658654 0.468802290
v 0.542910664 0.489875007 0.467195149
v 0.540339218 0.489875007 0.467195149
v 0.542910664 0.487091360 0.468802290
v 0.540339218 0.487091360 0.468802290
v 0.542910664 0.487091360 0.472016572
v 0.540339218 0.487091360 0.472016572
v 0.542910664 0.479750014 0.491160721
v 0.542910664 0.482533661 0.489553580
v 0.540339218 0.482533661 0.489553580
v 0.540339218 0.479750014 0.491160721
v 0.542910664 0.482533661 0.486339298
v 0.540339218 0.482533661 0.486339298
v 0.542910664 0.479750014 0.484732157
v 0.540339218 0.479750014 0.484732157
v 0.542910664 0.476966367 0.486339298
v 0.540339218 0.476966367 0.486339298
v 0.542910664 0.476966367 0.489553580
v 0.540339218 0.476966367 0.489553580
v 0.542910664 0.489875007 0.508697730
v 0.542910664 0.492658654 0.507090589
v 0.540339218 0.492658654 0.507090589
v 0.540339218 0.489875007 0.508697730
v 0.542910664 0.492658654 0.503876306
v 0.540339218 0.492658654 0.503876306
v 0.542910664 0.489875007 0.502269165
v 0.540339218 0.489875007 0.502269165
v 0.542910664 0.487091360 0.503876306
v 0.540339218 0.487091360 0.503876306
v 0.542910664 0.487091360 0.507090589
v 0.540339218 0.487091360 0.507090589
v 0.581964236 0.500000000 0.459017873
v 0.581964236 0.511070497 0.461219928
v 0.599642801 0.511070497 0.461219928
v 0.599642801 0.500000000 0.459017873
v 0.581964236 0.520455596 0.467490856
v 0.599642801 0.520455596 0.467490856
v 0.581964236 0.526726511 0.476875955
v 0.599642801 0.526726511 0.476875955
v 0.581964236 0.528928591 0.487946439
v 0.599642801 0.528928591 0.487946439
v 0.581964236 0.526726511 0.499016923
v 0.599642801 0.526726511 0.499016923
v 0.581964236 0.520455596 0.508402023
v 0.599642801 0.520455596 0.508402023
v 0.581964236 0.511070497 0.514672950
v 0.599642801 0.511070497 0.514672950
v 0.581964236 0.500000000 0.516875005
v 0.599642801 0.500000000 0.516875005
v 0.581964236 0.488929529 0.514672950
v 0.599642801 0.488929529 0.514672950
v 0.581964236 0.479544416 0.508402023
v 0.599642801 0.479544416 0.508402023
v 0.581964236 0.473273489 0.499016923
v 0.599642801 0.473273489 0.499016923
v 0.581964236 0.471071434 0.487946439
v 0.599642801 0.471071434 0.487946439
v 0.581964236 0.473273489 0.476875955
v 0.599642801 0.473273489 0.476875955
v 0.581964236 0.479544416 0.467490856
v 0.599642801 0.479544416 0.467490856
v 0.581964236 0.488929529 0.461219928
v 0.599642801 0.488929529 0.461219928
v 0.581482102 0.510124993 0.508697730
v 0.581482102 0.512908640 0.507090589
v 0.578910656 0.512908640 0.507090589
v 0.578910656 0.510124993 0.508697730
v 0.581482102 0.512908640 0.503876306
v 0.578910656 0.512908640 0.503876306
v 0.581482102 0.510124993 0.502269165
v 0.578910656 0.510124993 0.502269165
v 0.581482102 0.507341346 0.503876306
v 0.578910656 0.507341346 0.503876306
v 0.581482102 0.507341346 0.507090589
v 0.578910656 0.507341346 0.507090589
v 0.581482102 0.520250011 0.491160721
v 0.581482102 0.523033659 0.489553580
v 0.578910656 0.523033659 0.489553580
v 0.578910656 0.520250011 0.491160721
v 0.581482102 0.523033659 0.486339298
v 0.578910656 0.523033659 0.486339298
v 0.581482102 0.520250011 0.484732157
v 0.578910656 0.520250011 0.484732157
v 0.581482102 0.517466364 0.486339298
v 0.578910656 0.517466364 0.486339298
v 0.581482102 0.517466364 0.489553580
v 0.578910656 0.517466364 0.489553580
v 0.581482102 0.510124993 0.473623713
v 0.581482102 0.512908640 0.472016572
v 0.578910656 0.512908640 0.472016572
v 0.578910656 0.510124993 0.473623713
v 0.581482102 0.512908640 0.468802290
v 0.578910656 0.512908640 0.468802290
v 0.581482102 0.510124993 0.467195149
v 0.578910656 0.510124993 0.467195149
v 0.581482102 0.507341346 0.468802290
v 0.578910656 0.507341346 0.468802290
v 0.581482102 0.507341346 0.472016572
v 0.578910656 0.507341346 0.472016572
v 0.581482102 0.489875007 0.473623713
v 0.581482102 0.492658654 0.472016572
v 0.578910656 0.492658654 0.472016572
v 0.578910656 0.489875007 0.473623713
v 0.581482102 0.492658654 0.468802290
v 0.578910656 0.492658654 0.468802290
v 0.581482102 0.489875007 0.467195149
v 0.578910656 0.489875007 0.467195149
v 0.581482102 0.487091360 0.468802290
v 0.578910656 0.487091360 0.468802290
v 0.581482102 0.487091360 0.472016572
v 0.578910656 0.487091360 0.472016572
v 0.581482102 0.479750014 0.491160721
v 0.581482102 0.482533661 0.489553580
v 0.578910656 0.482533661 0.489553580
v 0.578910656 0.479750014 0.491160721
v 0.581482102 0.482533661 0.486339298
v 0.578910656 0.482533661 0.486339298
v 0.581482102 0.479750014 0.484732157
v 0.578910656 0.479750014 0.484732157
v 0.581482102 0.476966367 0.486339298
v 0.578910656 0.476966367 0.486339298
v 0.581482102 0.476966367 0.489553580
v 0.578910656 0.476966367 0.489553580
v 0.581482102 0.489875007 0.508697730
v 0.581482102 0.492658654 0.507090589
v 0.578910656 0.492658654 0.507090589
v 0.578910656 0.489875007 0.508697730
v 0.581482102 0.492658654 0.503876306
v 0.578910656 0.492658654 0.503876306
v 0.581482102 0.489875007 0.502269165
v 0.578910656 0.489875007 0.502269165
v 0.581482102 0.487091360 0.503876306
v 0.578910656 0.487091360 0.503876306
v 0.581482102 0.487091360 0.507090589
v 0.578910656 0.487091360 0.507090589
v 0.563482132 0.500000000 0.462489303
v 0.563482132 0.509742037 0.464427109
v 0.579553569 0.509742037 0.464427109
v 0.579553569 0.500000000 0.462489303
v 0.563482132 0.518000916 0.469945524
v 0.579553569 0.518000916 0.469945524
v 0.563482132 0.523519343 0.478204415
v 0.579553569 0.523519343 0.478204415
v 0.563482132 0.525457149 0.487946439
v 0.579553569 0.525457149 0.487946439
v 0.563482132 0.523519343 0.497688464
v 0.579553569 0.523519343 0.497688464
v 0.563482132 0.518000916 0.505947355
v 0.579553569 0.518000916 0.505947355
v 0.563482132 0.509742037 0.511465769
v 0.579553569 0.509742037 0.511465769
v 0.563482132 0.500000000 0.513403576
v 0.579553569 0.500000000 0.513403576
v 0.563482132 0.490257988 0.511465769
v 0.579553569 0.490257988 0.511465769
v 0.563482132 0.481999097 0.505947355
v 0.579553569 0.481999097 0.505947355
v 0.563482132 0.476480683 0.497688464
v 0.579553569 0.476480683 0.497688464
v 0.563482132 0.474542864 0.487946439
v 0.579553569 0.474542864 0.487946439
v 0.563482132 0.476480683 0.478204415
v 0.579553569 0.476480683 0.478204415
v 0.563482132 0.481999097 0.469945524
v 0.579553569 0.481999097 0.469945524
v 0.563482132 0.490257988 0.464427109
v 0.579553569 0.490257988 0.464427109
v 0.553839260 0.500000000 0.438125013
v 0.553839260 0.512894744 0.439822634
v 0.589196390 0.512894744 0.439822634
v 0.589196390 0.500000000 0.438125013
v 0.553839260 0.524910719 0.444799817
v 0.589196390 0.524910719 0.444799817
v 0.553839260 0.535229074 0.452717365
v 0.589196390 0.535229074 0.452717365
v 0.553839260 0.543146635 0.463035733
v 0.589196390 0.543146635 0.463035733
v 0.553839260 0.548123805 0.475051708
v 0.589196390 0.548123805 0.475051708
v 0.553839260 0.549821426 0.487946439
v 0.589196390 0.549821426 0.487946439
v 0.553839260 0.548123805 0.500841170
v 0.589196390 0.548123805 0.500841170
v 0.553839260 0.543146635 0.512857146
v 0.589196390 0.543146635 0.512857146
v 0.553839260 0.535229074 0.523175513
v 0.589196390 0.535229074 0.523175513
v 0.553839260 0.524910719 0.531093061
v 0.589196390 0.524910719 0.531093061
v 0.553839260 0.512894744 0.536070244
v 0.589196390 0.512894744 0.536070244
v 0.553839260 0.500000000 0.537767865
v 0.589196390 0.500000000 0.537767865
v 0.553839260 0.499737782 0.440116758
v 0.589196390 0.499737782 0.440116758
v 0.589196390 0.512374791 0.441763110
v 0.553839260 0.512374791 0.441763110
v 0.589196390 0.523906245 0.446539600
v 0.553839260 0.523906245 0.446539600
v 0.589196390 0.533808551 0.454137901
v 0.553839260 0.533808551 0.454137901
v 0.589196390 0.541406865 0.464040194
v 0.553839260 0.541406865 0.464040194
v 0.589196390 0.546183329 0.475571648
v 0.553839260 0.546183329 0.475571648
v 0.589196390 0.547812503 0.487946439
v 0.553839260 0.547812503 0.487946439
v 0.589196390 0.546183329 0.500321230
v 0.553839260 0.546183329 0.500321230
v 0.589196390 0.541406865 0.511852684
v 0.553839260 0.541406865 0.511852684
v 0.589196390 0.533808551 0.521754977
v 0.553839260 0.533808551 0.521754977
v 0.589196390 0.523906245 0.529353278
v 0.553839260 0.523906245 0.529353278
v 0.589196390 0.512374791 0.534129768
v 0.553839260 0.512374791 0.534129768
v 0.589196390 0.499737782 0.535776121
v 0.553839260 0.499737782 0.535776121
v 0.554803526 0.481678573 0.541383942
v 0.553839260 0.481678573 0.540419650
v 0.554803526 0.480714294 0.540419650
v 0.588232123 0.481678573 0.541383942
v 0.588232123 0.480714294 0.540419650
v 0.589196390 0.481678573 0.540419650
v 0.588232123 0.481678573 0.534151788
v 0.589196390 0.481678573 0.535116080
v 0.588232123 0.480714294 0.535116080
v 0.553839260 0.481678573 0.535116080
v 0.554803526 0.481678573 0.534151788
v 0.554803526 0.480714294 0.535116080
v 0.553839260 0.500642862 0.540419650
v 0.554803526 0.500642862 0.541383942
v 0.554803526 0.501607141 0.540419650
v 0.588232123 0.500642862 0.541383942
v 0.589196390 0.500642862 0.540419650
v 0.588232123 0.501607141 0.540419650
v 0.589196390 0.500642862 0.535116080
v 0.588232123 0.500642862 0.534151788
v 0.588232123 0.501607141 0.535116080
v 0.553839260 0.500642862 0.535116080
v 0.554803526 0.501607141 0.535116080
v 0.554803526 0.500642862 0.534151788
v 0.561151778 0.381392873 0.534553583
v 0.563080311 0.381392873 0.536482155
v 0.561151778 0.379464301 0.536482155
v 0.559383870 0.381392873 0.534553583
v 0.559383870 0.379464301 0.536482155
v 0.557455337 0.381392873 0.536482155
v 0.559383870 0.381392873 0.540982147
v 0.557455337 0.381392873 0.539053575
v 0.559383870 0.379464301 0.539053575
v 0.563080311 0.381392873 0.539053575
v 0.561151778 0.381392873 0.540982147
v 0.561151778 0.379464301 0.539053575
v 0.563080311 0.482000004 0.536482155
v 0.561151727 0.482000004 0.534553583
v 0.561151778 0.483928576 0.536482155
v 0.559383870 0.482000004 0.534553583
v 0.557455337 0.482000004 0.536482155
v 0.559383870 0.483928576 0.536482155
v 0.557455337 0.482000004 0.539053575
v 0.559383921 0.482000004 0.540982147
v 0.559383870 0.483928576 0.539053575
v 0.563080311 0.482000004 0.539053575
v 0.561151778 0.483928576 0.539053575
v 0.561151778 0.482000004 0.540982147
v 0.557053516 0.502410718 0.537767865
v 0.558660696 0.502410718 0.540551512
v 0.558660696 0.507875003 0.540551512
v 0.557053516 0.507875003 0.537767865
v 0.561874952 0.502410718 0.540551512
v 0.561874952 0.507875003 0.540551512
v 0.563482132 0.502410718 0.537767865
v 0.563482132 0.507875003 0.537767865
v 0.561874952 0.502410718 0.534984218
v 0.561874952 0.507875003 0.534984218
v 0.558660696 0.502410718 0.534984218
v 0.558660696 0.507875003 0.534984218
v 0.583651779 0.381392873 0.534553583
v 0.585580313 0.381392873 0.536482155
v 0.583651779 0.379464301 0.536482155
v 0.581883872 0.381392873 0.534553583
v 0.581883872 0.379464301 0.536482155
v 0.579955338 0.381392873 0.536482155
v 0.581883872 0.381392873 0.540982147
v 0.579955338 0.381392873 0.539053575
v 0.581883872 0.379464301 0.539053575
v 0.585580313 0.381392873 0.539053575
v 0.583651779 0.381392873 0.540982147
v 0.583651779 0.379464301 0.539053575
v 0.585580313 0.482000004 0.536482155
v 0.583651728 0.482000004 0.534553583
v 0.583651779 0.483928576 0.536482155
v 0.581883872 0.482000004 0.534553583
v 0.579955338 0.482000004 0.536482155
v 0.581883872 0.483928576 0.536482155
v 0.579955338 0.482000004 0.539053575
v 0.581883923 0.482000004 0.540982147
v 0.581883872 0.483928576 0.539053575
v 0.585580313 0.482000004 0.539053575
v 0.583651779 0.483928576 0.539053575
v 0.583651779 0.482000004 0.540982147
v 0.579553518 0.502410718 0.537767865
v 0.581160697 0.502410718 0.540551512
v 0.581160697 0.507875003 0.540551512
v 0.579553518 0.507875003 0.537767865
v 0.584374954 0.502410718 0.540551512
v 0.584374954 0.507875003 0.540551512
v 0.585982133 0.502410718 0.537767865
v 0.585982133 0.507875003 0.537767865
v 0.584374954 0.502410718 0.534984218
v 0.584374954 0.507875003 0.534984218
v 0.581160697 0.502410718 0.534984218
v 0.581160697 0.507875003 0.534984218
v 0.554803526 0.481678573 0.441741090
v 0.553839260 0.481678573 0.440776798
v 0.554803526 0.480714294 0.440776798
v 0.588232123 0.481678573 0.441741090
v 0.588232123 0.480714294 0.440776798
v 0.589196390 0.481678573 0.440776798
v 0.588232123 0.481678573 0.434508936
v 0.589196390 0.481678573 0.435473228
v 0.588232123 0.480714294 0.435473228
v 0.553839260 0.481678573 0.435473228
v 0.554803526 0.481678573 0.434508936
v 0.554803526 0.480714294 0.435473228
v 0.553839260 0.500642862 0.440776798
v 0.554803526 0.500642862 0.441741090
v 0.554803526 0.501607141 0.440776798
v 0.588232123 0.500642862 0.441741090
v 0.589196390 0.500642862 0.440776798
v 0.588232123 0.501607141 0.440776798
v 0.589196390 0.500642862 0.435473228
v 0.588232123 0.500642862 0.434508936
v 0.588232123 0.501607141 0.435473228
v 0.553839260 0.500642862 0.435473228
v 0.554803526 0.501607141 0.435473228
v 0.554803526 0.500642862 0.434508936
v 0.561151778 0.381392873 0.434910731
v 0.563080311 0.381392873 0.436839303
v 0.561151778 0.379464301 0.436839303
v 0.559383870 0.381392873 0.434910731
v 0.559383870 0.379464301 0.436839303
v 0.557455337 0.381392873 0.436839303
v 0.559383870 0.381392873 0.441339295
v 0.557455337 0.381392873 0.439410724
v 0.559383870 0.379464301 0.439410724
v 0.563080311 0.381392873 0.439410724
v 0.561151778 0.381392873 0.441339295
v 0.561151778 0.379464301 0.439410724
v 0.563080311 0.482000004 0.436839303
v 0.561151727 0.482000004 0.434910731
v 0.561151778 0.483928576 0.436839303
v 0.559383870 0.482000004 0.434910731
v 0.557455337 0.482000004 0.436839303
v 0.559383870 0.483928576 0.436839303
v 0.557455337 0.482000004 0.439410724
v 0.559383921 0.482000004 0.441339295
v 0.559383870 0.483928576 0.439410724
v 0.563080311 0.482000004 0.439410724
v 0.561151778 0.483928576 0.439410724
v 0.561151778 0.482000004 0.441339295
v 0.557053516 0.502410718 0.438125013
v 0.558660696 0.502410718 0.440908661
v 0.558660696 0.507875003 0.440908661
v 0.557053516 0.507875003 0.438125013
v 0.561874952 0.502410718 0.440908661
v 0.561874952 0.507875003 0.440908661
v 0.563482132 0.502410718 0.438125013
v 0.563482132 0.507875003 0.438125013
v 0.561874952 0.502410718 0.435341366
v 0.561874952 0.507875003 0.435341366
v 0.558660696 0.502410718 0.435341366
v 0.558660696 0.507875003 0.435341366
v 0.583651779 0.381392873 0.434910731
v 0.585580313 0.381392873 0.436839303
v 0.583651779 0.379464301 0.436839303
v 0.581883872 0.381392873 0.434910731
v 0.581883872 0.379464301 0.436839303
v 0.579955338 0.381392873 0.436839303
v 0.581883872 0.381392873 0.441339295
v 0.579955338 0.381392873 0.439410724
v 0.581883872 0.379464301 0.439410724
v 0.585580313 0.381392873 0.439410724
v 0.583651779 0.381392873 0.441339295
v 0.583651779 0.379464301 0.439410724
v 0.585580313 0.482000004 0.436839303
v 0.583651728 0.482000004 0.434910731
v 0.583651779 0.483928576 0.436839303
v 0.581883872 0.482000004 0.434910731
v 0.579955338 0.482000004 0.436839303
v 0.581883872 0.483928576 0.436839303
v 0.579955338 0.482000004 0.439410724
v 0.581883923 0.482000004 0.441339295
v 0.581883872 0.483928576 0.439410724
v 0.585580313 0.482000004 0.439410724
v 0.583651779 0.483928576 0.439410724
v 0.583651779 0.482000004 0.441339295
v 0.579553518 0.502410718 0.438125013
v 0.581160697 0.502410718 0.440908661
v 0.581160697 0.507875003 0.440908661
v 0.579553518 0.507875003 0.438125013
v 0.584374954 0.502410718 0.440908661
v 0.584374954 0.507875003 0.440908661
v 0.585982133 0.502410718 0.438125013
v 0.585982133 0.507875003 0.438125013
v 0.584374954 0.502410718 0.435341366
v 0.584374954 0.507875003 0.435341366
v 0.581160697 0.502410718 0.435341366
v 0.581160697 0.507875003 0.435341366
v 0.051928585 0.341214306 0.624553575
v 0.050000000 0.341214306 0.622625016
v 0.051928585 0.339285734 0.622625016
v 0.948071364 0.341214306 0.624553575
v 0.948071364 0.339285734 0.622625016
v 0.950000000 0.341214306 0.622625016
v 0.948071364 0.341214306 0.582767880
v 0.950000000 0.341214306 0.584696440
v 0.948071364 0.339285734 0.584696440
v 0.050000000 0.341214306 0.584696440
v 0.051928585 0.341214306 0.582767880
v 0.051928585 0.339285734 0.584696440
v 0.050000000 0.379142873 0.622625016
v 0.051928585 0.379142873 0.624553575
v 0.051928585 0.381071445 0.622625016
v 0.948071364 0.379142873 0.624553575
v 0.950000000 0.379142873 0.622625016
v 0.948071364 0.381071445 0.622625016
v 0.950000000 0.379142873 0.584696440
v 0.948071364 0.379142873 0.582767880
v 0.948071364 0.381071445 0.584696440
v 0.050000000 0.379142873 0.584696440
v 0.051928585 0.381071445 0.584696440
v 0.051928585 0.379142873 0.582767880
v 0.051928585 0.341214306 0.393125004
v 0.050000000 0.341214306 0.391196432
v 0.051928585 0.339285734 0.391196432
v 0.948071364 0.341214306 0.393125004
v 0.948071364 0.339285734 0.391196432
v 0.950000000 0.341214306 0.391196432
v 0.948071364 0.341214306 0.351339295
v 0.950000000 0.341214306 0.353267867
v 0.948071364 0.339285734 0.353267867
v 0.050000000 0.341214306 0.353267867
v 0.051928585 0.341214306 0.351339295
v 0.051928585 0.339285734 0.353267867
v 0.050000000 0.379142873 0.391196432
v 0.051928585 0.379142873 0.393125004
v 0.051928585 0.381071445 0.391196432
v 0.948071364 0.379142873 0.393125004
v 0.950000000 0.379142873 0.391196432
v 0.948071364 0.381071445 0.391196432
v 0.950000000 0.379142873 0.353267867
v 0.948071364 0.379142873 0.351339295
v 0.948071364 0.381071445 0.353267867
v 0.050000000 0.379142873 0.353267867
v 0.051928585 0.381071445 0.353267867
v 0.051928585 0.379142873 0.351339295
v 0.106250010 0.347642876 0.600446446
v 0.104321444 0.347642876 0.598517861
v 0.106250010 0.345714305 0.598517861
v 0.137750002 0.347642876 0.600446446
v 0.137750002 0.345714305 0.598517861
v 0.139678574 0.347642876 0.598517861
v 0.137750002 0.347642876 0.375446446
v 0.139678574 0.347642876 0.377375017
v 0.137750002 0.345714305 0.377375017
v 0.104321444 0.347642876 0.377375017
v 0.106250010 0.347642876 0.375446446
v 0.106250010 0.345714305 0.377375017
v 0.104321444 0.375928588 0.598517861
v 0.106250010 0.375928588 0.600446446
v 0.106250010 0.377857160 0.598517861
v 0.137750002 0.375928588 0.600446446
v 0.139678574 0.375928588 0.598517861
v 0.137750002 0.377857160 0.598517861
v 0.139678574 0.375928588 0.377375017
v 0.137750002 0.375928588 0.375446446
v 0.137750002 0.377857160 0.377375017
v 0.104321444 0.375928588 0.377375017
v 0.106250010 0.377857160 0.377375017
v 0.106250010 0.375928588 0.375446446
v 0.484249994 0.347642876 0.600446446
v 0.482321409 0.347642876 0.598517861
v 0.484249994 0.345714305 0.598517861
v 0.515749955 0.347642876 0.600446446
v 0.515749955 0.345714305 0.598517861
v 0.517678540 0.347642876 0.598517861
v 0.515749955 0.347642876 0.375446446
v 0.517678540 0.347642876 0.377375017
v 0.515749955 0.345714305 0.377375017
v 0.482321409 0.347642876 0.377375017
v 0.484249994 0.347642876 0.375446446
v 0.484249994 0.345714305 0.377375017
v 0.482321409 0.375928588 0.598517861
v 0.484249994 0.375928588 0.600446446
v 0.484249994 0.377857160 0.598517861
v 0.515749955 0.375928588 0.600446446
v 0.517678540 0.375928588 0.598517861
v 0.515749955 0.377857160 0.598517861
v 0.517678540 0.375928588 0.377375017
v 0.515749955 0.375928588 0.375446446
v 0.515749955 0.377857160 0.377375017
v 0.482321409 0.375928588 0.377375017
v 0.484249994 0.377857160 0.377375017
v 0.484249994 0.375928588 0.375446446
v 0.862249934 0.347642876 0.600446446
v 0.860321349 0.347642876 0.598517861
v 0.862249934 0.345714305 0.598517861
v 0.893749946 0.347642876 0.600446446
v 0.893749946 0.345714305 0.598517861
v 0.895678479 0.347642876 0.598517861
v 0.893749946 0.347642876 0.375446446
v 0.895678479 0.347642876 0.377375017
v 0.893749946 0.345714305 0.377375017
v 0.860321349 0.347642876 0.377375017
v 0.862249934 0.347642876 0.375446446
v 0.862249934 0.345714305 0.377375017
v 0.860321349 0.375928588 0.598517861
v 0.862249934 0.375928588 0.600446446
v 0.862249934 0.377857160 0.598517861
v 0.893749946 0.375928588 0.600446446
v 0.895678479 0.375928588 0.598517861
v 0.893749946 0.377857160 0.598517861
v 0.895678479 0.375928588 0.377375017
v 0.893749946 0.375928588 0.375446446
v 0.893749946 0.377857160 0.377375017
v 0.860321349 0.375928588 0.377375017
v 0.862249934 0.377857160 0.377375017
v 0.862249934 0.375928588 0.375446446
v 0.062696401 0.368053588 0.614910703
v 0.061250001 0.368053588 0.613464303
v 0.062696401 0.366607159 0.613464303
v 0.937303599 0.368053588 0.614910703
v 0.937303599 0.366607159 0.613464303
v 0.938749948 0.368053588 0.613464303
v 0.937303599 0.368053588 0.360982163
v 0.938749948 0.368053588 0.362428588
v 0.937303599 0.366607159 0.362428588
v 0.061250001 0.368053588 0.362428588
v 0.062696401 0.368053588 0.360982163
v 0.062696401 0.366607159 0.362428588
v 0.061250001 0.373196442 0.613464303
v 0.062696401 0.373196442 0.614910703
v 0.062696401 0.374642871 0.613464303
v 0.937303599 0.373196442 0.614910703
v 0.938749948 0.373196442 0.613464303
v 0.937303599 0.374642871 0.613464303
v 0.938749948 0.373196442 0.362428588
v 0.937303599 0.373196442 0.360982163
v 0.937303599 0.374642871 0.362428588
v 0.061250001 0.373196442 0.362428588
v 0.062696401 0.374642871 0.362428588
v 0.062696401 0.373196442 0.360982163
v 0.079571453 0.383000020 0.605267856
v 0.083267881 0.383000020 0.611670263
v 0.083267881 0.390232162 0.611670263
v 0.079571453 0.390232162 0.605267856
v 0.090660738 0.383000020 0.611670263
v 0.090660738 0.390232162 0.611670263
v 0.094357167 0.383000020 0.605267856
v 0.094357167 0.390232162 0.605267856
v 0.090660738 0.383000020 0.598865450
v 0.090660738 0.390232162 0.598865450
v 0.083267881 0.383000020 0.598865450
v 0.083267881 0.390232162 0.598865450
v 0.079571453 0.383000020 0.370625022
v 0.083267881 0.383000020 0.377027422
v 0.083267881 0.390232162 0.377027422
v 0.079571453 0.390232162 0.370625022
v 0.090660738 0.383000020 0.377027422
v 0.090660738 0.390232162 0.377027422
v 0.094357167 0.383000020 0.370625022
v 0.094357167 0.390232162 0.370625022
v 0.090660738 0.383000020 0.364222622
v 0.090660738 0.390232162 0.364222622
v 0.083267881 0.383000020 0.364222622
v 0.083267881 0.390232162 0.364222622
v 0.905642706 0.383000020 0.605267856
v 0.909339147 0.383000020 0.611670263
v 0.909339147 0.390232162 0.611670263
v 0.905642706 0.390232162 0.605267856
v 0.916732029 0.383000020 0.611670263
v 0.916732029 0.390232162 0.611670263
v 0.920428470 0.383000020 0.605267856
v 0.920428470 0.390232162 0.605267856
v 0.916732029 0.383000020 0.598865450
v 0.916732029 0.390232162 0.598865450
v 0.909339147 0.383000020 0.598865450
v 0.909339147 0.390232162 0.598865450
v 0.905642706 0.383000020 0.370625022
v 0.909339147 0.383000020 0.377027422
v 0.909339147 0.390232162 0.377027422
v 0.905642706 0.390232162 0.370625022
v 0.916732029 0.383000020 0.377027422
v 0.916732029 0.390232162 0.377027422
v 0.920428470 0.383000020 0.370625022
v 0.920428470 0.390232162 0.370625022
v 0.916732029 0.383000020 0.364222622
v 0.916732029 0.390232162 0.364222622
v 0.909339147 0.383000020 0.364222622
v 0.909339147 0.390232162 0.364222622
v 0.244303565 0.484571425 0.407750022
v 0.243660703 0.484571425 0.407107167
v 0.244303565 0.483928576 0.407107167
v 0.305696410 0.484571425 0.407750022
v 0.305696410 0.483928576 0.407107167
v 0.306339271 0.484571425 0.407107167
v 0.305696410 0.484571425 0.405821450
v 0.306339271 0.484571425 0.406464305
v 0.305696410 0.483928576 0.406464305
v 0.243660703 0.484571425 0.406464305
v 0.244303565 0.484571425 0.405821450
v 0.244303565 0.483928576 0.406464305
v 0.243660703 0.515428575 0.407107167
v 0.244303565 0.515428575 0.407750022
v 0.244303565 0.516071424 0.407107167
v 0.305696410 0.515428575 0.407750022
v 0.306339271 0.515428575 0.407107167
v 0.305696410 0.516071424 0.407107167
v 0.306339271 0.515428575 0.406464305
v 0.305696410 0.515428575 0.405821450
v 0.305696410 0.516071424 0.406464305
v 0.243660703 0.515428575 0.406464305
v 0.244303565 0.516071424 0.406464305
v 0.244303565 0.515428575 0.405821450
v 0.178571443 0.533857150 0.461160728
v 0.170294198 0.533857150 0.462471715
v 0.170294198 0.652142846 0.462471715
v 0.178571443 0.652142846 0.461160728
v 0.162827198 0.533857150 0.466276339
v 0.162827198 0.652142846 0.466276339
v 0.156901343 0.533857150 0.472202194
v 0.156901343 0.652142846 0.472202194
v 0.153096719 0.533857150 0.479669194
v 0.153096719 0.652142846 0.479669194
v 0.151785732 0.533857150 0.487946439
v 0.151785732 0.652142846 0.487946439
v 0.153096719 0.533857150 0.496223684
v 0.153096719 0.652142846 0.496223684
v 0.156901343 0.533857150 0.503690685
v 0.156901343 0.652142846 0.503690685
v 0.162827198 0.533857150 0.509616540
v 0.162827198 0.652142846 0.509616540
v 0.170294198 0.533857150 0.513421163
v 0.170294198 0.652142846 0.513421163
v 0.178571443 0.533857150 0.514732150
v 0.178571443 0.652142846 0.514732150
v 0.186848688 0.533857150 0.513421163
v 0.186848688 0.652142846 0.513421163
v 0.194315689 0.533857150 0.509616540
v 0.194315689 0.652142846 0.509616540
v 0.200241544 0.533857150 0.503690685
v 0.200241544 0.652142846 0.503690685
v 0.204046167 0.533857150 0.496223684
v 0.204046167 0.652142846 0.496223684
v 0.205357154 0.533857150 0.487946439
v 0.205357154 0.652142846 0.487946439
v 0.204046167 0.533857150 0.479669194
v 0.204046167 0.652142846 0.479669194
v 0.200241544 0.533857150 0.472202194
v 0.200241544 0.652142846 0.472202194
v 0.194315689 0.533857150 0.466276339
v 0.194315689 0.652142846 0.466276339
v 0.186848688 0.533857150 0.462471715
v 0.186848688 0.652142846 0.462471715
v 0.171784101 0.652142846 0.467057168
v 0.178571443 0.652142846 0.465982152
v 0.165661155 0.652142846 0.470176960
v 0.160801964 0.652142846 0.475036151
v 0.157682172 0.652142846 0.481159097
v 0.156607156 0.652142846 0.487946439
v 0.157682172 0.652142846 0.494733781
v 0.160801964 0.652142846 0.500856727
v 0.165661155 0.652142846 0.505715918
v 0.171784101 0.652142846 0.508835710
v 0.178571443 0.652142846 0.509910727
v 0.185358785 0.652142846 0.508835710
v 0.191481731 0.652142846 0.505715918
v 0.196340922 0.652142846 0.500856727
v 0.199460714 0.652142846 0.494733781
v 0.200535731 0.652142846 0.487946439
v 0.199460714 0.652142846 0.481159097
v 0.196340922 0.652142846 0.475036151
v 0.191481731 0.652142846 0.470176960
v 0.185358785 0.652142846 0.467057168
v 0.171784101 0.533857150 0.467057168
v 0.178571443 0.533857150 0.465982152
v 0.165661155 0.533857150 0.470176960
v 0.160801964 0.533857150 0.475036151
v 0.157682172 0.533857150 0.481159097
v 0.156607156 0.533857150 0.487946439
v 0.157682172 0.533857150 0.494733781
v 0.160801964 0.533857150 0.500856727
v 0.165661155 0.533857150 0.505715918
v 0.171784101 0.533857150 0.508835710
v 0.178571443 0.533857150 0.509910727
v 0.185358785 0.533857150 0.508835710
v 0.191481731 0.533857150 0.505715918
v 0.196340922 0.533857150 0.500856727
v 0.199460714 0.533857150 0.494733781
v 0.200535731 0.533857150 0.487946439
v 0.199460714 0.533857150 0.481159097
v 0.196340922 0.533857150 0.475036151
v 0.191481731 0.533857150 0.470176960
v 0.185358785 0.533857150 0.467057168
v 0.178571443 0.647857137 0.444017877
v 0.164996772 0.647857137 0.446167897
v 0.164996772 0.658035684 0.446167897
v 0.178571443 0.658035684 0.444017877
v 0.152750880 0.647857137 0.452407481
v 0.152750880 0.658035684 0.452407481
v 0.143032485 0.647857137 0.462125876
v 0.143032485 0.658035684 0.462125876
v 0.136792901 0.647857137 0.474371768
v 0.136792901 0.658035684 0.474371768
v 0.134642881 0.647857137 0.487946439
v 0.134642881 0.658035684 0.487946439
v 0.136792901 0.647857137 0.501521110
v 0.136792901 0.658035684 0.501521110
v 0.143032485 0.647857137 0.513767002
v 0.143032485 0.658035684 0.513767002
v 0.152750880 0.647857137 0.523485398
v 0.152750880 0.658035684 0.523485398
v 0.164996772 0.647857137 0.529724981
v 0.164996772 0.658035684 0.529724981
v 0.178571443 0.647857137 0.531875002
v 0.178571443 0.658035684 0.531875002
v 0.192146114 0.647857137 0.529724981
v 0.192146114 0.658035684 0.529724981
v 0.204392006 0.647857137 0.523485398
v 0.204392006 0.658035684 0.523485398
v 0.214110402 0.647857137 0.513767002
v 0.214110402 0.658035684 0.513767002
v 0.220349985 0.647857137 0.501521110
v 0.220349985 0.658035684 0.501521110
v 0.222500006 0.647857137 0.487946439
v 0.222500006 0.658035684 0.487946439
v 0.220349985 0.647857137 0.474371768
v 0.220349985 0.658035684 0.474371768
v 0.214110402 0.647857137 0.462125876
v 0.214110402 0.658035684 0.462125876
v 0.204392006 0.647857137 0.452407481
v 0.204392006 0.658035684 0.452407481
v 0.192146114 0.647857137 0.446167897
v 0.192146114 0.658035684 0.446167897
v 0.171784101 0.658035684 0.467057168
v 0.178571443 0.658035684 0.465982152
v 0.165661155 0.658035684 0.470176960
v 0.160801964 0.658035684 0.475036151
v 0.157682172 0.658035684 0.481159097
v 0.156607156 0.658035684 0.487946439
v 0.157682172 0.658035684 0.494733781
v 0.160801964 0.658035684 0.500856727
v 0.165661155 0.658035684 0.505715918
v 0.171784101 0.658035684 0.508835710
v 0.178571443 0.658035684 0.509910727
v 0.185358785 0.658035684 0.508835710
v 0.191481731 0.658035684 0.505715918
v 0.196340922 0.658035684 0.500856727
v 0.199460714 0.658035684 0.494733781
v 0.200535731 0.658035684 0.487946439
v 0.199460714 0.658035684 0.481159097
v 0.196340922 0.658035684 0.475036151
v 0.191481731 0.658035684 0.470176960
v 0.185358785 0.658035684 0.467057168
v 0.171784101 0.647857137 0.467057168
v 0.178571443 0.647857137 0.465982152
v 0.165661155 0.647857137 0.470176960
v 0.160801964 0.647857137 0.475036151
v 0.157682172 0.647857137 0.481159097
v 0.156607156 0.647857137 0.487946439
v 0.157682172 0.647857137 0.494733781
v 0.160801964 0.647857137 0.500856727
v 0.165661155 0.647857137 0.505715918
v 0.171784101 0.647857137 0.508835710
v 0.178571443 0.647857137 0.509910727
v 0.185358785 0.647857137 0.508835710
v 0.191481731 0.647857137 0.505715918
v 0.196340922 0.647857137 0.500856727
v 0.199460714 0.647857137 0.494733781
v 0.200535731 0.647857137 0.487946439
v 0.199460714 0.647857137 0.481159097
v 0.196340922 0.647857137 0.475036151
v 0.191481731 0.647857137 0.470176960
v 0.185358785 0.647857137 0.467057168
v 0.178571443 0.658035684 0.447092876
v 0.165947002 0.658035684 0.449092386
v 0.165947002 0.660714266 0.449092386
v 0.178571443 0.660714266 0.447092876
v 0.154558319 0.658035684 0.454895216
v 0.154558319 0.660714266 0.454895216
v 0.145520220 0.658035684 0.463933315
v 0.145520220 0.660714266 0.463933315
v 0.139717390 0.658035684 0.475321998
v 0.139717390 0.660714266 0.475321998
v 0.137717880 0.658035684 0.487946439
v 0.137717880 0.660714266 0.487946439
v 0.139717390 0.658035684 0.500570880
v 0.139717390 0.660714266 0.500570880
v 0.145520220 0.658035684 0.511959564
v 0.145520220 0.660714266 0.511959564
v 0.154558319 0.658035684 0.520997662
v 0.154558319 0.660714266 0.520997662
v 0.165947002 0.658035684 0.526800493
v 0.165947002 0.660714266 0.526800493
v 0.178571443 0.658035684 0.528800003
v 0.178571443 0.660714266 0.528800003
v 0.191195884 0.658035684 0.526800493
v 0.191195884 0.660714266 0.526800493
v 0.202584568 0.658035684 0.520997662
v 0.202584568 0.660714266 0.520997662
v 0.211622666 0.658035684 0.511959564
v 0.211622666 0.660714266 0.511959564
v 0.217425497 0.658035684 0.500570880
v 0.217425497 0.660714266 0.500570880
v 0.219425007 0.658035684 0.487946439
v 0.219425007 0.660714266 0.487946439
v 0.217425497 0.658035684 0.475321998
v 0.217425497 0.660714266 0.475321998
v 0.211622666 0.658035684 0.463933315
v 0.211622666 0.660714266 0.463933315
v 0.202584568 0.658035684 0.454895216
v 0.202584568 0.660714266 0.454895216
v 0.191195884 0.658035684 0.449092386
v 0.191195884 0.660714266 0.449092386
v 0.171784101 0.660714266 0.467057168
v 0.178571443 0.660714266 0.465982152
v 0.165661155 0.660714266 0.470176960
v 0.160801964 0.660714266 0.475036151
v 0.157682172 0.660714266 0.481159097
v 0.156607156 0.660714266 0.487946439
v 0.157682172 0.660714266 0.494733781
v 0.160801964 0.660714266 0.500856727
v 0.165661155 0.660714266 0.505715918
v 0.171784101 0.660714266 0.508835710
v 0.178571443 0.660714266 0.509910727
v 0.185358785 0.660714266 0.508835710
v 0.191481731 0.660714266 0.505715918
v 0.196340922 0.660714266 0.500856727
v 0.199460714 0.660714266 0.494733781
v 0.200535731 0.660714266 0.487946439
v 0.199460714 0.660714266 0.481159097
v 0.196340922 0.660714266 0.475036151
v 0.191481731 0.660714266 0.470176960
v 0.185358785 0.660714266 0.467057168
v 0.178571443 0.645714256 0.449578581
v 0.180983937 0.645714256 0.450971439
v 0.180983937 0.645714256 0.453757155
v 0.178571443 0.645714256 0.455150014
v 0.176158950 0.645714256 0.453757155
v 0.176158950 0.645714256 0.450971439
v 0.180983937 0.658785707 0.450971439
v 0.178571443 0.658785707 0.449578581
v 0.176158950 0.658785707 0.450971439
v 0.176158950 0.658785707 0.453757155
v 0.178571443 0.658785707 0.455150014
v 0.180983937 0.658785707 0.453757155
v 0.153411074 0.645714256 0.460000354
v 0.155823567 0.645714256 0.461393212
v 0.155823567 0.645714256 0.464178928
v 0.153411074 0.645714256 0.465571786
v 0.150998581 0.645714256 0.464178928
v 0.150998581 0.645714256 0.461393212
v 0.155823567 0.658785707 0.461393212
v 0.153411074 0.658785707 0.460000354
v 0.150998581 0.658785707 0.461393212
v 0.150998581 0.658785707 0.464178928
v 0.153411074 0.658785707 0.465571786
v 0.155823567 0.658785707 0.464178928
v 0.142989301 0.645714256 0.485160723
v 0.145401795 0.645714256 0.486553581
v 0.145401795 0.645714256 0.489339297
v 0.142989301 0.645714256 0.490732156
v 0.140576808 0.645714256 0.489339297
v 0.140576808 0.645714256 0.486553581
v 0.145401795 0.658785707 0.486553581
v 0.142989301 0.658785707 0.485160723
v 0.140576808 0.658785707 0.486553581
v 0.140576808 0.658785707 0.489339297
v 0.142989301 0.658785707 0.490732156
v 0.145401795 0.658785707 0.489339297
v 0.153411074 0.645714256 0.510321092
v 0.155823567 0.645714256 0.511713950
v 0.155823567 0.645714256 0.514499666
v 0.153411074 0.645714256 0.515892525
v 0.150998581 0.645714256 0.514499666
v 0.150998581 0.645714256 0.511713950
v 0.155823567 0.658785707 0.511713950
v 0.153411074 0.658785707 0.510321092
v 0.150998581 0.658785707 0.511713950
v 0.150998581 0.658785707 0.514499666
v 0.153411074 0.658785707 0.515892525
v 0.155823567 0.658785707 0.514499666
v 0.178571443 0.645714256 0.520742865
v 0.180983937 0.645714256 0.522135723
v 0.180983937 0.645714256 0.524921439
v 0.178571443 0.645714256 0.526314298
v 0.176158950 0.645714256 0.524921439
v 0.176158950 0.645714256 0.522135723
v 0.180983937 0.658785707 0.522135723
v 0.178571443 0.658785707 0.520742865
v 0.176158950 0.658785707 0.522135723
v 0.176158950 0.658785707 0.524921439
v 0.178571443 0.658785707 0.526314298
v 0.180983937 0.658785707 0.524921439
v 0.203731812 0.645714256 0.510321092
v 0.206144306 0.645714256 0.511713950
v 0.206144306 0.645714256 0.514499666
v 0.203731812 0.645714256 0.515892525
v 0.201319319 0.645714256 0.514499666
v 0.201319319 0.645714256 0.511713950
v 0.206144306 0.658785707 0.511713950
v 0.203731812 0.658785707 0.510321092
v 0.201319319 0.658785707 0.511713950
v 0.201319319 0.658785707 0.514499666
v 0.203731812 0.658785707 0.515892525
v 0.206144306 0.658785707 0.514499666
v 0.214153585 0.645714256 0.485160723
v 0.216566079 0.645714256 0.486553581
v 0.216566079 0.645714256 0.489339297
v 0.214153585 0.645714256 0.490732156
v 0.211741092 0.645714256 0.489339297
v 0.211741092 0.645714256 0.486553581
v 0.216566079 0.658785707 0.486553581
v 0.214153585 0.658785707 0.485160723
v 0.211741092 0.658785707 0.486553581
v 0.211741092 0.658785707 0.489339297
v 0.214153585 0.658785707 0.490732156
v 0.216566079 0.658785707 0.489339297
v 0.203731812 0.645714256 0.460000354
v 0.206144306 0.645714256 0.461393212
v 0.206144306 0.645714256 0.464178928
v 0.203731812 0.645714256 0.465571786
v 0.201319319 0.645714256 0.464178928
v 0.201319319 0.645714256 0.461393212
v 0.206144306 0.658785707 0.461393212
v 0.203731812 0.658785707 0.460000354
v 0.201319319 0.658785707 0.461393212
v 0.201319319 0.658785707 0.464178928
v 0.203731812 0.658785707 0.465571786
v 0.206144306 0.658785707 0.464178928
v 0.178571443 0.628571418 0.460410732
v 0.170062443 0.628571418 0.461758427
v 0.170062443 0.639285692 0.461758427
v 0.178571443 0.639285692 0.460410732
v 0.162386357 0.628571418 0.465669585
v 0.162386357 0.639285692 0.465669585
v 0.156294589 0.628571418 0.471761353
v 0.156294589 0.639285692 0.471761353
v 0.152383431 0.628571418 0.479437439
v 0.152383431 0.639285692 0.479437439
v 0.151035736 0.628571418 0.487946439
v 0.151035736 0.639285692 0.487946439
v 0.152383431 0.628571418 0.496455440
v 0.152383431 0.639285692 0.496455440
v 0.156294589 0.628571418 0.504131525
v 0.156294589 0.639285692 0.504131525
v 0.162386357 0.628571418 0.510223293
v 0.162386357 0.639285692 0.510223293
v 0.170062443 0.628571418 0.514134452
v 0.170062443 0.639285692 0.514134452
v 0.178571443 0.628571418 0.515482147
v 0.178571443 0.639285692 0.515482147
v 0.187080444 0.628571418 0.514134452
v 0.187080444 0.639285692 0.514134452
v 0.194756529 0.628571418 0.510223293
v 0.194756529 0.639285692 0.510223293
v 0.200848297 0.628571418 0.504131525
v 0.200848297 0.639285692 0.504131525
v 0.204759456 0.628571418 0.496455440
v 0.204759456 0.639285692 0.496455440
v 0.206107151 0.628571418 0.487946439
v 0.206107151 0.639285692 0.487946439
v 0.204759456 0.628571418 0.479437439
v 0.204759456 0.639285692 0.479437439
v 0.200848297 0.628571418 0.471761353
v 0.200848297 0.639285692 0.471761353
v 0.194756529 0.628571418 0.465669585
v 0.194756529 0.639285692 0.465669585
v 0.187080444 0.628571418 0.461758427
v 0.187080444 0.639285692 0.461758427
v 0.170327317 0.639285692 0.462573614
v 0.178571443 0.639285692 0.461267876
v 0.162890178 0.639285692 0.466363025
v 0.156988029 0.639285692 0.472265174
v 0.153198618 0.639285692 0.479702313
v 0.151892880 0.639285692 0.487946439
v 0.153198618 0.639285692 0.496190565
v 0.156988029 0.639285692 0.503627704
v 0.162890178 0.639285692 0.509529853
v 0.170327317 0.639285692 0.513319265
v 0.178571443 0.639285692 0.514625002
v 0.186815569 0.639285692 0.513319265
v 0.194252708 0.639285692 0.509529853
v 0.200154857 0.639285692 0.503627704
v 0.203944269 0.639285692 0.496190565
v 0.205250006 0.639285692 0.487946439
v 0.203944269 0.639285692 0.479702313
v 0.200154857 0.639285692 0.472265174
v 0.194252708 0.639285692 0.466363025
v 0.186815569 0.639285692 0.462573614
v 0.170327317 0.628571418 0.462573614
v 0.178571443 0.628571418 0.461267876
v 0.162890178 0.628571418 0.466363025
v 0.156988029 0.628571418 0.472265174
v 0.153198618 0.628571418 0.479702313
v 0.151892880 0.628571418 0.487946439
v 0.153198618 0.628571418 0.496190565
v 0.156988029 0.628571418 0.503627704
v 0.162890178 0.628571418 0.509529853
v 0.170327317 0.628571418 0.513319265
v 0.178571443 0.628571418 0.514625002
v 0.186815569 0.628571418 0.513319265
v 0.194252708 0.628571418 0.509529853
v 0.200154857 0.628571418 0.503627704
v 0.203944269 0.628571418 0.496190565
v 0.205250006 0.628571418 0.487946439
v 0.203944269 0.628571418 0.479702313
v 0.200154857 0.628571418 0.472265174
v 0.194252708 0.628571418 0.466363025
v 0.186815569 0.628571418 0.462573614
v 0.392857131 0.533857150 0.461160728
v 0.384579886 0.533857150 0.462471715
v 0.384579886 0.652142846 0.462471715
v 0.392857131 0.652142846 0.461160728
v 0.377112872 0.533857150 0.466276339
v 0.377112872 0.652142846 0.466276339
v 0.371187030 0.533857150 0.472202194
v 0.371187030 0.652142846 0.472202194
v 0.367382407 0.533857150 0.479669194
v 0.367382407 0.652142846 0.479669194
v 0.366071420 0.533857150 0.487946439
v 0.366071420 0.652142846 0.487946439
v 0.367382407 0.533857150 0.496223684
v 0.367382407 0.652142846 0.496223684
v 0.371187030 0.533857150 0.503690685
v 0.371187030 0.652142846 0.503690685
v 0.377112872 0.533857150 0.509616540
v 0.377112872 0.652142846 0.509616540
v 0.384579886 0.533857150 0.513421163
v 0.384579886 0.652142846 0.513421163
v 0.392857131 0.533857150 0.514732150
v 0.392857131 0.652142846 0.514732150
v 0.401134376 0.533857150 0.513421163
v 0.401134376 0.652142846 0.513421163
v 0.408601389 0.533857150 0.509616540
v 0.408601389 0.652142846 0.509616540
v 0.414527231 0.533857150 0.503690685
v 0.414527231 0.652142846 0.503690685
v 0.418331855 0.533857150 0.496223684
v 0.418331855 0.652142846 0.496223684
v 0.419642842 0.533857150 0.487946439
v 0.419642842 0.652142846 0.487946439
v 0.418331855 0.533857150 0.479669194
v 0.418331855 0.652142846 0.479669194
v 0.414527231 0.533857150 0.472202194
v 0.414527231 0.652142846 0.472202194
v 0.408601389 0.533857150 0.466276339
v 0.408601389 0.652142846 0.466276339
v 0.401134376 0.533857150 0.462471715
v 0.401134376 0.652142846 0.462471715
v 0.386069789 0.652142846 0.467057168
v 0.392857131 0.652142846 0.465982152
v 0.379946843 0.652142846 0.470176960
v 0.375087651 0.652142846 0.475036151
v 0.371967860 0.652142846 0.481159097
v 0.370892856 0.652142846 0.487946439
v 0.371967860 0.652142846 0.494733781
v 0.375087651 0.652142846 0.500856727
v 0.379946843 0.652142846 0.505715918
v 0.386069789 0.652142846 0.508835710
v 0.392857131 0.652142846 0.509910727
v 0.399644473 0.652142846 0.508835710
v 0.405767419 0.652142846 0.505715918
v 0.410626610 0.652142846 0.500856727
v 0.413746402 0.652142846 0.494733781
v 0.414821405 0.652142846 0.487946439
v 0.413746402 0.652142846 0.481159097
v 0.410626610 0.652142846 0.475036151
v 0.405767419 0.652142846 0.470176960
v 0.399644473 0.652142846 0.467057168
v 0.386069789 0.533857150 0.467057168
v 0.392857131 0.533857150 0.465982152
v 0.379946843 0.533857150 0.470176960
v 0.375087651 0.533857150 0.475036151
v 0.371967860 0.533857150 0.481159097
v 0.370892856 0.533857150 0.487946439
v 0.371967860 0.533857150 0.494733781
v 0.375087651 0.533857150 0.500856727
v 0.379946843 0.533857150 0.505715918
v 0.386069789 0.533857150 0.508835710
v 0.392857131 0.533857150 0.509910727
v 0.399644473 0.533857150 0.508835710
v 0.405767419 0.533857150 0.505715918
v 0.410626610 0.533857150 0.500856727
v 0.413746402 0.533857150 0.494733781
v 0.414821405 0.533857150 0.487946439
v 0.413746402 0.533857150 0.481159097
v 0.410626610 0.533857150 0.475036151
v 0.405767419 0.533857150 0.470176960
v 0.399644473 0.533857150 0.467057168
v 0.392857131 0.647857137 0.444017877
v 0.379282447 0.647857137 0.446167897
v 0.379282447 0.658035684 0.446167897
v 0.392857131 0.658035684 0.444017877
v 0.367036555 0.647857137 0.452407481
v 0.367036555 0.658035684 0.452407481
v 0.357318172 0.647857137 0.462125876
v 0.357318172 0.658035684 0.462125876
v 0.351078588 0.647857137 0.474371768
v 0.351078588 0.658035684 0.474371768
v 0.348928556 0.647857137 0.487946439
v 0.348928556 0.658035684 0.487946439
v 0.351078588 0.647857137 0.501521110
v 0.351078588 0.658035684 0.501521110
v 0.357318172 0.647857137 0.513767002
v 0.357318172 0.658035684 0.513767002
v 0.367036555 0.647857137 0.523485398
v 0.367036555 0.658035684 0.523485398
v 0.379282447 0.647857137 0.529724981
v 0.379282447 0.658035684 0.529724981
v 0.392857131 0.647857137 0.531875002
v 0.392857131 0.658035684 0.531875002
v 0.406431814 0.647857137 0.529724981
v 0.406431814 0.658035684 0.529724981
v 0.418677706 0.647857137 0.523485398
v 0.418677706 0.658035684 0.523485398
v 0.428396089 0.647857137 0.513767002
v 0.428396089 0.658035684 0.513767002
v 0.434635673 0.647857137 0.501521110
v 0.434635673 0.658035684 0.501521110
v 0.436785706 0.647857137 0.487946439
v 0.436785706 0.658035684 0.487946439
v 0.434635673 0.647857137 0.474371768
v 0.434635673 0.658035684 0.474371768
v 0.428396089 0.647857137 0.462125876
v 0.428396089 0.658035684 0.462125876
v 0.418677706 0.647857137 0.452407481
v 0.418677706 0.658035684 0.452407481
v 0.406431814 0.647857137 0.446167897
v 0.406431814 0.658035684 0.446167897
v 0.386069789 0.658035684 0.467057168
v 0.392857131 0.658035684 0.465982152
v 0.379946843 0.658035684 0.470176960
v 0.375087651 0.658035684 0.475036151
v 0.371967860 0.658035684 0.481159097
v 0.370892856 0.658035684 0.487946439
v 0.371967860 0.658035684 0.494733781
v 0.375087651 0.658035684 0.500856727
v 0.379946843 0.658035684 0.505715918
v 0.386069789 0.658035684 0.508835710
v 0.392857131 0.658035684 0.509910727
v 0.399644473 0.658035684 0.508835710
v 0.405767419 0.658035684 0.505715918
v 0.410626610 0.658035684 0.500856727
v 0.413746402 0.658035684 0.494733781
v 0.414821405 0.658035684 0.487946439
v 0.413746402 0.658035684 0.481159097
v 0.410626610 0.658035684 0.475036151
v 0.405767419 0.658035684 0.470176960
v 0.399644473 0.658035684 0.467057168
v 0.386069789 0.647857137 0.467057168
v 0.392857131 0.647857137 0.465982152
v 0.379946843 0.647857137 0.470176960
v 0.375087651 0.647857137 0.475036151
v 0.371967860 0.647857137 0.481159097
v 0.370892856 0.647857137 0.487946439
v 0.371967860 0.647857137 0.494733781
v 0.375087651 0.647857137 0.500856727
v 0.379946843 0.647857137 0.505715918
v 0.386069789 0.647857137 0.508835710
v 0.392857131 0.647857137 0.509910727
v 0.399644473 0.647857137 0.508835710
v 0.405767419 0.647857137 0.505715918
v 0.410626610 0.647857137 0.500856727
v 0.413746402 0.647857137 0.494733781
v 0.414821405 0.647857137 0.487946439
v 0.413746402 0.647857137 0.481159097
v 0.410626610 0.647857137 0.475036151
v 0.405767419 0.647857137 0.470176960
v 0.399644473 0.647857137 0.467057168
v 0.392857131 0.658035684 0.447092876
v 0.380232690 0.658035684 0.449092386
v 0.380232690 0.660714266 0.449092386
v 0.392857131 0.660714266 0.447092876
v 0.368844006 0.658035684 0.454895216
v 0.368844006 0.660714266 0.454895216
v 0.359805908 0.658035684 0.463933315
v 0.359805908 0.660714266 0.463933315
v 0.354003090 0.658035684 0.475321998
v 0.354003090 0.660714266 0.475321998
v 0.352003567 0.658035684 0.487946439
v 0.352003567 0.660714266 0.487946439
v 0.354003090 0.658035684 0.500570880
v 0.354003090 0.660714266 0.500570880
v 0.359805908 0.658035684 0.511959564
v 0.359805908 0.660714266 0.511959564
v 0.368844006 0.658035684 0.520997662
v 0.368844006 0.660714266 0.520997662
v 0.380232690 0.658035684 0.526800493
v 0.380232690 0.660714266 0.526800493
v 0.392857131 0.658035684 0.528800003
v 0.392857131 0.660714266 0.528800003
v 0.405481572 0.658035684 0.526800493
v 0.405481572 0.660714266 0.526800493
v 0.416870255 0.658035684 0.520997662
v 0.416870255 0.660714266 0.520997662
v 0.425908353 0.658035684 0.511959564
v 0.425908353 0.660714266 0.511959564
v 0.431711171 0.658035684 0.500570880
v 0.431711171 0.660714266 0.500570880
v 0.433710694 0.658035684 0.487946439
v 0.433710694 0.660714266 0.487946439
v 0.431711171 0.658035684 0.475321998
v 0.431711171 0.660714266 0.475321998
v 0.425908353 0.658035684 0.463933315
v 0.425908353 0.660714266 0.463933315
v 0.416870255 0.658035684 0.454895216
v 0.416870255 0.660714266 0.454895216
v 0.405481572 0.658035684 0.449092386
v 0.405481572 0.660714266 0.449092386
v 0.386069789 0.660714266 0.467057168
v 0.392857131 0.660714266 0.465982152
v 0.379946843 0.660714266 0.470176960
v 0.375087651 0.660714266 0.475036151
v 0.371967860 0.660714266 0.481159097
v 0.370892856 0.660714266 0.487946439
v 0.371967860 0.660714266 0.494733781
v 0.375087651 0.660714266 0.500856727
v 0.379946843 0.660714266 0.505715918
v 0.386069789 0.660714266 0.508835710
v 0.392857131 0.660714266 0.509910727
v 0.399644473 0.660714266 0.508835710
v 0.405767419 0.660714266 0.505715918
v 0.410626610 0.660714266 0.500856727
v 0.413746402 0.660714266 0.494733781
v 0.414821405 0.660714266 0.487946439
v 0.413746402 0.660714266 0.481159097
v 0.410626610 0.660714266 0.475036151
v 0.405767419 0.660714266 0.470176960
v 0.399644473 0.660714266 0.467057168
v 0.392857131 0.645714256 0.449578581
v 0.395269637 0.645714256 0.450971439
v 0.395269637 0.645714256 0.453757155
v 0.392857131 0.645714256 0.455150014
v 0.390444624 0.645714256 0.453757155
v 0.390444624 0.645714256 0.450971439
v 0.395269637 0.658785707 0.450971439
v 0.392857131 0.658785707 0.449578581
v 0.390444624 0.658785707 0.450971439
v 0.390444624 0.658785707 0.453757155
v 0.392857131 0.658785707 0.455150014
v 0.395269637 0.658785707 0.453757155
v 0.367696762 0.645714256 0.460000354
v 0.370109268 0.645714256 0.461393212
v 0.370109268 0.645714256 0.464178928
v 0.367696762 0.645714256 0.465571786
v 0.365284255 0.645714256 0.464178928
v 0.365284255 0.645714256 0.461393212
v 0.370109268 0.658785707 0.461393212
v 0.367696762 0.658785707 0.460000354
v 0.365284255 0.658785707 0.461393212
v 0.365284255 0.658785707 0.464178928
v 0.367696762 0.658785707 0.465571786
v 0.370109268 0.658785707 0.464178928
v 0.357275001 0.645714256 0.485160723
v 0.359687508 0.645714256 0.486553581
v 0.359687508 0.645714256 0.489339297
v 0.357275001 0.645714256 0.490732156
v 0.354862495 0.645714256 0.489339297
v 0.354862495 0.645714256 0.486553581
v 0.359687508 0.658785707 0.486553581
v 0.357275001 0.658785707 0.485160723
v 0.354862495 0.658785707 0.486553581
v 0.354862495 0.658785707 0.489339297
v 0.357275001 0.658785707 0.490732156
v 0.359687508 0.658785707 0.489339297
v 0.367696762 0.645714256 0.510321092
v 0.370109268 0.645714256 0.511713950
v 0.370109268 0.645714256 0.514499666
v 0.367696762 0.645714256 0.515892525
v 0.365284255 0.645714256 0.514499666
v 0.365284255 0.645714256 0.511713950
v 0.370109268 0.658785707 0.511713950
v 0.367696762 0.658785707 0.510321092
v 0.365284255 0.658785707 0.511713950
v 0.365284255 0.658785707 0.514499666
v 0.367696762 0.658785707 0.515892525
v 0.370109268 0.658785707 0.514499666
v 0.392857131 0.645714256 0.520742865
v 0.395269637 0.645714256 0.522135723
v 0.395269637 0.645714256 0.524921439
v 0.392857131 0.645714256 0.526314298
v 0.390444624 0.645714256 0.524921439
v 0.390444624 0.645714256 0.522135723
v 0.395269637 0.658785707 0.522135723
v 0.392857131 0.658785707 0.520742865
v 0.390444624 0.658785707 0.522135723
v 0.390444624 0.658785707 0.524921439
v 0.392857131 0.658785707 0.526314298
v 0.395269637 0.658785707 0.524921439
v 0.418017500 0.645714256 0.510321092
v 0.420430006 0.645714256 0.511713950
v 0.420430006 0.645714256 0.514499666
v 0.418017500 0.645714256 0.515892525
v 0.415604994 0.645714256 0.514499666
v 0.415604994 0.645714256 0.511713950
v 0.420430006 0.658785707 0.511713950
v 0.418017500 0.658785707 0.510321092
v 0.415604994 0.658785707 0.511713950
v 0.415604994 0.658785707 0.514499666
v 0.418017500 0.658785707 0.515892525
v 0.420430006 0.658785707 0.514499666
v 0.428439260 0.645714256 0.485160723
v 0.430851766 0.645714256 0.486553581
v 0.430851766 0.645714256 0.489339297
v 0.428439260 0.645714256 0.490732156
v 0.426026754 0.645714256 0.489339297
v 0.426026754 0.645714256 0.486553581
v 0.430851766 0.658785707 0.486553581
v 0.428439260 0.658785707 0.485160723
v 0.426026754 0.658785707 0.486553581
v 0.426026754 0.658785707 0.489339297
v 0.428439260 0.658785707 0.490732156
v 0.430851766 0.658785707 0.489339297
v 0.418017500 0.645714256 0.460000354
v 0.420430006 0.645714256 0.461393212
v 0.420430006 0.645714256 0.464178928
v 0.418017500 0.645714256 0.465571786
v 0.415604994 0.645714256 0.464178928
v 0.415604994 0.645714256 0.461393212
v 0.420430006 0.658785707 0.461393212
v 0.418017500 0.658785707 0.460000354
v 0.415604994 0.658785707 0.461393212
v 0.415604994 0.658785707 0.464178928
v 0.418017500 0.658785707 0.465571786
v 0.420430006 0.658785707 0.464178928
v 0.392857131 0.628571418 0.460410732
v 0.384348117 0.628571418 0.461758427
v 0.384348117 0.639285692 0.461758427
v 0.392857131 0.639285692 0.460410732
v 0.376672045 0.628571418 0.465669585
v 0.376672045 0.639285692 0.465669585
v 0.370580264 0.628571418 0.471761353
v 0.370580264 0.639285692 0.471761353
v 0.366669118 0.628571418 0.479437439
v 0.366669118 0.639285692 0.479437439
v 0.365321423 0.628571418 0.487946439
v 0.365321423 0.639285692 0.487946439
v 0.366669118 0.628571418 0.496455440
v 0.366669118 0.639285692 0.496455440
v 0.370580264 0.628571418 0.504131525
v 0.370580264 0.639285692 0.504131525
v 0.376672045 0.628571418 0.510223293
v 0.376672045 0.639285692 0.510223293
v 0.384348117 0.628571418 0.514134452
v 0.384348117 0.639285692 0.514134452
v 0.392857131 0.628571418 0.515482147
v 0.392857131 0.639285692 0.515482147
v 0.401366144 0.628571418 0.514134452
v 0.401366144 0.639285692 0.514134452
v 0.409042216 0.628571418 0.510223293
v 0.409042216 0.639285692 0.510223293
v 0.415133998 0.628571418 0.504131525
v 0.415133998 0.639285692 0.504131525
v 0.419045143 0.628571418 0.496455440
v 0.419045143 0.639285692 0.496455440
v 0.420392838 0.628571418 0.487946439
v 0.420392838 0.639285692 0.487946439
v 0.419045143 0.628571418 0.479437439
v 0.419045143 0.639285692 0.479437439
v 0.415133998 0.628571418 0.471761353
v 0.415133998 0.639285692 0.471761353
v 0.409042216 0.628571418 0.465669585
v 0.409042216 0.639285692 0.465669585
v 0.401366144 0.628571418 0.461758427
v 0.401366144 0.639285692 0.461758427
v 0.384612992 0.639285692 0.462573614
v 0.392857131 0.639285692 0.461267876
v 0.377175866 0.639285692 0.466363025
v 0.371273704 0.639285692 0.472265174
v 0.367484305 0.639285692 0.479702313
v 0.366178555 0.639285692 0.487946439
v 0.367484305 0.639285692 0.496190565
v 0.371273704 0.639285692 0.503627704
v 0.377175866 0.639285692 0.509529853
v 0.384612992 0.639285692 0.513319265
v 0.392857131 0.639285692 0.514625002
v 0.401101269 0.639285692 0.513319265
v 0.408538396 0.639285692 0.509529853
v 0.414440557 0.639285692 0.503627704
v 0.418229956 0.639285692 0.496190565
v 0.419535707 0.639285692 0.487946439
v 0.418229956 0.639285692 0.479702313
v 0.414440557 0.639285692 0.472265174
v 0.408538396 0.639285692 0.466363025
v 0.401101269 0.639285692 0.462573614
v 0.384612992 0.628571418 0.462573614
v 0.392857131 0.628571418 0.461267876
v 0.377175866 0.628571418 0.466363025
v 0.371273704 0.628571418 0.472265174
v 0.367484305 0.628571418 0.479702313
v 0.366178555 0.628571418 0.487946439
v 0.367484305 0.628571418 0.496190565
v 0.371273704 0.628571418 0.503627704
v 0.377175866 0.628571418 0.509529853
v 0.384612992 0.628571418 0.513319265
v 0.392857131 0.628571418 0.514625002
v 0.401101269 0.628571418 0.513319265
v 0.408538396 0.628571418 0.509529853
v 0.414440557 0.628571418 0.503627704
v 0.418229956 0.628571418 0.496190565
v 0.419535707 0.628571418 0.487946439
v 0.418229956 0.628571418 0.479702313
v 0.414440557 0.628571418 0.472265174
v 0.408538396 0.628571418 0.466363025
v 0.401101269 0.628571418 0.462573614
v 0.714285662 0.558928585 0.461160728
v 0.706008417 0.558928585 0.462471715
v 0.706008417 0.652142846 0.462471715
v 0.714285662 0.652142846 0.461160728
v 0.698541404 0.558928585 0.466276339
v 0.698541404 0.652142846 0.466276339
v 0.692615562 0.558928585 0.472202194
v 0.692615562 0.652142846 0.472202194
v 0.688810912 0.558928585 0.479669194
v 0.688810912 0.652142846 0.479669194
v 0.687499951 0.558928585 0.487946439
v 0.687499951 0.652142846 0.487946439
v 0.688810912 0.558928585 0.496223684
v 0.688810912 0.652142846 0.496223684
v 0.692615562 0.558928585 0.503690685
v 0.692615562 0.652142846 0.503690685
v 0.698541404 0.558928585 0.509616540
v 0.698541404 0.652142846 0.509616540
v 0.706008417 0.558928585 0.513421163
v 0.706008417 0.652142846 0.513421163
v 0.714285662 0.558928585 0.514732150
v 0.714285662 0.652142846 0.514732150
v 0.722562907 0.558928585 0.513421163
v 0.722562907 0.652142846 0.513421163
v 0.730029920 0.558928585 0.509616540
v 0.730029920 0.652142846 0.509616540
v 0.735955762 0.558928585 0.503690685
v 0.735955762 0.652142846 0.503690685
v 0.739760411 0.558928585 0.496223684
v 0.739760411 0.652142846 0.496223684
v 0.741071373 0.558928585 0.487946439
v 0.741071373 0.652142846 0.487946439
v 0.739760411 0.558928585 0.479669194
v 0.739760411 0.652142846 0.479669194
v 0.735955762 0.558928585 0.472202194
v 0.735955762 0.652142846 0.472202194
v 0.730029920 0.558928585 0.466276339
v 0.730029920 0.652142846 0.466276339
v 0.722562907 0.558928585 0.462471715
v 0.722562907 0.652142846 0.462471715
v 0.707498346 0.652142846 0.467057168
v 0.714285662 0.652142846 0.465982152
v 0.701375400 0.652142846 0.470176960
v 0.696516208 0.652142846 0.475036151
v 0.693396365 0.652142846 0.481159097
v 0.692321387 0.652142846 0.487946439
v 0.693396365 0.652142846 0.494733781
v 0.696516208 0.652142846 0.500856727
v 0.701375400 0.652142846 0.505715918
v 0.707498346 0.652142846 0.508835710
v 0.714285662 0.652142846 0.509910727
v 0.721072978 0.652142846 0.508835710
v 0.727195924 0.652142846 0.505715918
v 0.732055116 0.652142846 0.500856727
v 0.735174959 0.652142846 0.494733781
v 0.736249937 0.652142846 0.487946439
v 0.735174959 0.652142846 0.481159097
v 0.732055116 0.652142846 0.475036151
v 0.727195924 0.652142846 0.470176960
v 0.721072978 0.652142846 0.467057168
v 0.707498346 0.558928585 0.467057168
v 0.714285662 0.558928585 0.465982152
v 0.701375400 0.558928585 0.470176960
v 0.696516208 0.558928585 0.475036151
v 0.693396365 0.558928585 0.481159097
v 0.692321387 0.558928585 0.487946439
v 0.693396365 0.558928585 0.494733781
v 0.696516208 0.558928585 0.500856727
v 0.701375400 0.558928585 0.505715918
v 0.707498346 0.558928585 0.508835710
v 0.714285662 0.558928585 0.509910727
v 0.721072978 0.558928585 0.508835710
v 0.727195924 0.558928585 0.505715918
v 0.732055116 0.558928585 0.500856727
v 0.735174959 0.558928585 0.494733781
v 0.736249937 0.558928585 0.487946439
v 0.735174959 0.558928585 0.481159097
v 0.732055116 0.558928585 0.475036151
v 0.727195924 0.558928585 0.470176960
v 0.721072978 0.558928585 0.467057168
v 0.714285662 0.647857137 0.444017877
v 0.700710978 0.647857137 0.446167897
v 0.700710978 0.658035684 0.446167897
v 0.714285662 0.658035684 0.444017877
v 0.688465086 0.647857137 0.452407481
v 0.688465086 0.658035684 0.452407481
v 0.678746704 0.647857137 0.462125876
v 0.678746704 0.658035684 0.462125876
v 0.672507120 0.647857137 0.474371768
v 0.672507120 0.658035684 0.474371768
v 0.670357112 0.647857137 0.487946439
v 0.670357112 0.658035684 0.487946439
v 0.672507120 0.647857137 0.501521110
v 0.672507120 0.658035684 0.501521110
v 0.678746704 0.647857137 0.513767002
v 0.678746704 0.658035684 0.513767002
v 0.688465086 0.647857137 0.523485398
v 0.688465086 0.658035684 0.523485398
v 0.700710978 0.647857137 0.529724981
v 0.700710978 0.658035684 0.529724981
v 0.714285662 0.647857137 0.531875002
v 0.714285662 0.658035684 0.531875002
v 0.727860346 0.647857137 0.529724981
v 0.727860346 0.658035684 0.529724981
v 0.740106238 0.647857137 0.523485398
v 0.740106238 0.658035684 0.523485398
v 0.749824620 0.647857137 0.513767002
v 0.749824620 0.658035684 0.513767002
v 0.756064204 0.647857137 0.501521110
v 0.756064204 0.658035684 0.501521110
v 0.758214212 0.647857137 0.487946439
v 0.758214212 0.658035684 0.487946439
v 0.756064204 0.647857137 0.474371768
v 0.756064204 0.658035684 0.474371768
v 0.749824620 0.647857137 0.462125876
v 0.749824620 0.658035684 0.462125876
v 0.740106238 0.647857137 0.452407481
v 0.740106238 0.658035684 0.452407481
v 0.727860346 0.647857137 0.446167897
v 0.727860346 0.658035684 0.446167897
v 0.707498346 0.658035684 0.467057168
v 0.714285662 0.658035684 0.465982152
v 0.701375400 0.658035684 0.470176960
v 0.696516208 0.658035684 0.475036151
v 0.693396365 0.658035684 0.481159097
v 0.692321387 0.658035684 0.487946439
v 0.693396365 0.658035684 0.494733781
v 0.696516208 0.658035684 0.500856727
v 0.701375400 0.658035684 0.505715918
v 0.707498346 0.658035684 0.508835710
v 0.714285662 0.658035684 0.509910727
v 0.721072978 0.658035684 0.508835710
v 0.727195924 0.658035684 0.505715918
v 0.732055116 0.658035684 0.500856727
v 0.735174959 0.658035684 0.494733781
v 0.736249937 0.658035684 0.487946439
v 0.735174959 0.658035684 0.481159097
v 0.732055116 0.658035684 0.475036151
v 0.727195924 0.658035684 0.470176960
v 0.721072978 0.658035684 0.467057168
v 0.707498346 0.647857137 0.467057168
v 0.714285662 0.647857137 0.465982152
v 0.701375400 0.647857137 0.470176960
v 0.696516208 0.647857137 0.475036151
v 0.693396365 0.647857137 0.481159097
v 0.692321387 0.647857137 0.487946439
v 0.693396365 0.647857137 0.494733781
v 0.696516208 0.647857137 0.500856727
v 0.701375400 0.647857137 0.505715918
v 0.707498346 0.647857137 0.508835710
v 0.714285662 0.647857137 0.509910727
v 0.721072978 0.647857137 0.508835710
v 0.727195924 0.647857137 0.505715918
v 0.732055116 0.647857137 0.500856727
v 0.735174959 0.647857137 0.494733781
v 0.736249937 0.647857137 0.487946439
v 0.735174959 0.647857137 0.481159097
v 0.732055116 0.647857137 0.475036151
v 0.727195924 0.647857137 0.470176960
v 0.721072978 0.647857137 0.467057168
v 0.714285662 0.658035684 0.447092876
v 0.701661195 0.658035684 0.449092386
v 0.701661195 0.660714266 0.449092386
v 0.714285662 0.660714266 0.447092876
v 0.690272537 0.658035684 0.454895216
v 0.690272537 0.660714266 0.454895216
v 0.681234414 0.658035684 0.463933315
v 0.681234414 0.660714266 0.463933315
v 0.675431596 0.658035684 0.475321998
v 0.675431596 0.660714266 0.475321998
v 0.673432099 0.658035684 0.487946439
v 0.673432099 0.660714266 0.487946439
v 0.675431596 0.658035684 0.500570880
v 0.675431596 0.660714266 0.500570880
v 0.681234414 0.658035684 0.511959564
v 0.681234414 0.660714266 0.511959564
v 0.690272537 0.658035684 0.520997662
v 0.690272537 0.660714266 0.520997662
v 0.701661195 0.658035684 0.526800493
v 0.701661195 0.660714266 0.526800493
v 0.714285662 0.658035684 0.528800003
v 0.714285662 0.660714266 0.528800003
v 0.726910129 0.658035684 0.526800493
v 0.726910129 0.660714266 0.526800493
v 0.738298787 0.658035684 0.520997662
v 0.738298787 0.660714266 0.520997662
v 0.747336910 0.658035684 0.511959564
v 0.747336910 0.660714266 0.511959564
v 0.753139728 0.658035684 0.500570880
v 0.753139728 0.660714266 0.500570880
v 0.755139225 0.658035684 0.487946439
v 0.755139225 0.660714266 0.487946439
v 0.753139728 0.658035684 0.475321998
v 0.753139728 0.660714266 0.475321998
v 0.747336910 0.658035684 0.463933315
v 0.747336910 0.660714266 0.463933315
v 0.738298787 0.658035684 0.454895216
v 0.738298787 0.660714266 0.454895216
v 0.726910129 0.658035684 0.449092386
v 0.726910129 0.660714266 0.449092386
v 0.707498346 0.660714266 0.467057168
v 0.714285662 0.660714266 0.465982152
v 0.701375400 0.660714266 0.470176960
v 0.696516208 0.660714266 0.475036151
v 0.693396365 0.660714266 0.481159097
v 0.692321387 0.660714266 0.487946439
v 0.693396365 0.660714266 0.494733781
v 0.696516208 0.660714266 0.500856727
v 0.701375400 0.660714266 0.505715918
v 0.707498346 0.660714266 0.508835710
v 0.714285662 0.660714266 0.509910727
v 0.721072978 0.660714266 0.508835710
v 0.727195924 0.660714266 0.505715918
v 0.732055116 0.660714266 0.500856727
v 0.735174959 0.660714266 0.494733781
v 0.736249937 0.660714266 0.487946439
v 0.735174959 0.660714266 0.481159097
v 0.732055116 0.660714266 0.475036151
v 0.727195924 0.660714266 0.470176960
v 0.721072978 0.660714266 0.467057168
v 0.714285662 0.645714256 0.449578581
v 0.716698168 0.645714256 0.450971439
v 0.716698168 0.645714256 0.453757155
v 0.714285662 0.645714256 0.455150014
v 0.711873156 0.645714256 0.453757155
v 0.711873156 0.645714256 0.450971439
v 0.716698168 0.658785707 0.450971439
v 0.714285662 0.658785707 0.449578581
v 0.711873156 0.658785707 0.450971439
v 0.711873156 0.658785707 0.453757155
v 0.714285662 0.658785707 0.455150014
v 0.716698168 0.658785707 0.453757155
v 0.689125267 0.645714256 0.460000354
v 0.691537774 0.645714256 0.461393212
v 0.691537774 0.645714256 0.464178928
v 0.689125267 0.645714256 0.465571786
v 0.686712761 0.645714256 0.464178928
v 0.686712761 0.645714256 0.461393212
v 0.691537774 0.658785707 0.461393212
v 0.689125267 0.658785707 0.460000354
v 0.686712761 0.658785707 0.461393212
v 0.686712761 0.658785707 0.464178928
v 0.689125267 0.658785707 0.465571786
v 0.691537774 0.658785707 0.464178928
v 0.678703533 0.645714256 0.485160723
v 0.681116039 0.645714256 0.486553581
v 0.681116039 0.645714256 0.489339297
v 0.678703533 0.645714256 0.490732156
v 0.676291027 0.645714256 0.489339297
v 0.676291027 0.645714256 0.486553581
v 0.681116039 0.658785707 0.486553581
v 0.678703533 0.658785707 0.485160723
v 0.676291027 0.658785707 0.486553581
v 0.676291027 0.658785707 0.489339297
v 0.678703533 0.658785707 0.490732156
v 0.681116039 0.658785707 0.489339297
v 0.689125267 0.645714256 0.510321092
v 0.691537774 0.645714256 0.511713950
v 0.691537774 0.645714256 0.514499666
v 0.689125267 0.645714256 0.515892525
v 0.686712761 0.645714256 0.514499666
v 0.686712761 0.645714256 0.511713950
v 0.691537774 0.658785707 0.511713950
v 0.689125267 0.658785707 0.510321092
v 0.686712761 0.658785707 0.511713950
v 0.686712761 0.658785707 0.514499666
v 0.689125267 0.658785707 0.515892525
v 0.691537774 0.658785707 0.514499666
v 0.714285662 0.645714256 0.520742865
v 0.716698168 0.645714256 0.522135723
v 0.716698168 0.645714256 0.524921439
v 0.714285662 0.645714256 0.526314298
v 0.711873156 0.645714256 0.524921439
v 0.711873156 0.645714256 0.522135723
v 0.716698168 0.658785707 0.522135723
v 0.714285662 0.658785707 0.520742865
v 0.711873156 0.658785707 0.522135723
v 0.711873156 0.658785707 0.524921439
v 0.714285662 0.658785707 0.526314298
v 0.716698168 0.658785707 0.524921439
v 0.739446057 0.645714256 0.510321092
v 0.741858563 0.645714256 0.511713950
v 0.741858563 0.645714256 0.514499666
v 0.739446057 0.645714256 0.515892525
v 0.737033550 0.645714256 0.514499666
v 0.737033550 0.645714256 0.511713950
v 0.741858563 0.658785707 0.511713950
v 0.739446057 0.658785707 0.510321092
v 0.737033550 0.658785707 0.511713950
v 0.737033550 0.658785707 0.514499666
v 0.739446057 0.658785707 0.515892525
v 0.741858563 0.658785707 0.514499666
v 0.749867791 0.645714256 0.485160723
v 0.752280297 0.645714256 0.486553581
v 0.752280297 0.645714256 0.489339297
v 0.749867791 0.645714256 0.490732156
v 0.747455285 0.645714256 0.489339297
v 0.747455285 0.645714256 0.486553581
v 0.752280297 0.658785707 0.486553581
v 0.749867791 0.658785707 0.485160723
v 0.747455285 0.658785707 0.486553581
v 0.747455285 0.658785707 0.489339297
v 0.749867791 0.658785707 0.490732156
v 0.752280297 0.658785707 0.489339297
v 0.739446057 0.645714256 0.460000354
v 0.741858563 0.645714256 0.461393212
v 0.741858563 0.645714256 0.464178928
v 0.739446057 0.645714256 0.465571786
v 0.737033550 0.645714256 0.464178928
v 0.737033550 0.645714256 0.461393212
v 0.741858563 0.658785707 0.461393212
v 0.739446057 0.658785707 0.460000354
v 0.737033550 0.658785707 0.461393212
v 0.737033550 0.658785707 0.464178928
v 0.739446057 0.658785707 0.465571786
v 0.741858563 0.658785707 0.464178928
v 0.714285662 0.628571418 0.460410732
v 0.705776674 0.628571418 0.461758427
v 0.705776674 0.639285692 0.461758427
v 0.714285662 0.639285692 0.460410732
v 0.698100602 0.628571418 0.465669585
v 0.698100602 0.639285692 0.465669585
v 0.692008820 0.628571418 0.471761353
v 0.692008820 0.639285692 0.471761353
v 0.688097649 0.628571418 0.479437439
v 0.688097649 0.639285692 0.479437439
v 0.686749954 0.628571418 0.487946439
v 0.686749954 0.639285692 0.487946439
v 0.688097649 0.628571418 0.496455440
v 0.688097649 0.639285692 0.496455440
v 0.692008820 0.628571418 0.504131525
v 0.692008820 0.639285692 0.504131525
v 0.698100602 0.628571418 0.510223293
v 0.698100602 0.639285692 0.510223293
v 0.705776674 0.628571418 0.514134452
v 0.705776674 0.639285692 0.514134452
v 0.714285662 0.628571418 0.515482147
v 0.714285662 0.639285692 0.515482147
v 0.722794650 0.628571418 0.514134452
v 0.722794650 0.639285692 0.514134452
v 0.730470722 0.628571418 0.510223293
v 0.730470722 0.639285692 0.510223293
v 0.736562503 0.628571418 0.504131525
v 0.736562503 0.639285692 0.504131525
v 0.740473675 0.628571418 0.496455440
v 0.740473675 0.639285692 0.496455440
v 0.741821370 0.628571418 0.487946439
v 0.741821370 0.639285692 0.487946439
v 0.740473675 0.628571418 0.479437439
v 0.740473675 0.639285692 0.479437439
v 0.736562503 0.628571418 0.471761353
v 0.736562503 0.639285692 0.471761353
v 0.730470722 0.628571418 0.465669585
v 0.730470722 0.639285692 0.465669585
v 0.722794650 0.628571418 0.461758427
v 0.722794650 0.639285692 0.461758427
v 0.706041523 0.639285692 0.462573614
v 0.714285662 0.639285692 0.461267876
v 0.698604397 0.639285692 0.466363025
v 0.692702261 0.639285692 0.472265174
v 0.688912836 0.639285692 0.479702313
v 0.687607086 0.639285692 0.487946439
v 0.688912836 0.639285692 0.496190565
v 0.692702261 0.639285692 0.503627704
v 0.698604397 0.639285692 0.509529853
v 0.706041523 0.639285692 0.513319265
v 0.714285662 0.639285692 0.514625002
v 0.722529801 0.639285692 0.513319265
v 0.729966927 0.639285692 0.509529853
v 0.735869063 0.639285692 0.503627704
v 0.739658488 0.639285692 0.496190565
v 0.740964238 0.639285692 0.487946439
v 0.739658488 0.639285692 0.479702313
v 0.735869063 0.639285692 0.472265174
v 0.729966927 0.639285692 0.466363025
v 0.722529801 0.639285692 0.462573614
v 0.706041523 0.628571418 0.462573614
v 0.714285662 0.628571418 0.461267876
v 0.698604397 0.628571418 0.466363025
v 0.692702261 0.628571418 0.472265174
v 0.688912836 0.628571418 0.479702313
v 0.687607086 0.628571418 0.487946439
v 0.688912836 0.628571418 0.496190565
v 0.692702261 0.628571418 0.503627704
v 0.698604397 0.628571418 0.509529853
v 0.706041523 0.628571418 0.513319265
v 0.714285662 0.628571418 0.514625002
v 0.722529801 0.628571418 0.513319265
v 0.729966927 0.628571418 0.509529853
v 0.735869063 0.628571418 0.503627704
v 0.739658488 0.628571418 0.496190565
v 0.740964238 0.628571418 0.487946439
v 0.739658488 0.628571418 0.479702313
v 0.735869063 0.628571418 0.472265174
v 0.729966927 0.628571418 0.466363025
v 0.722529801 0.628571418 0.462573614
v 0.794642795 0.500000000 0.511517868
v 0.795953756 0.491722755 0.511517868
v 0.795953756 0.491722755 0.640089285
v 0.794642795 0.500000000 0.640089285
v 0.799758405 0.484255754 0.511517868
v 0.799758405 0.484255754 0.640089285
v 0.805684247 0.478329900 0.511517868
v 0.805684247 0.478329900 0.640089285
v 0.813151261 0.474525276 0.511517868
v 0.813151261 0.474525276 0.640089285
v 0.821428506 0.473214289 0.511517868
v 0.821428506 0.473214289 0.640089285
v 0.829705751 0.474525276 0.511517868
v 0.829705751 0.474525276 0.640089285
v 0.837172764 0.478329900 0.511517868
v 0.837172764 0.478329900 0.640089285
v 0.843098606 0.484255754 0.511517868
v 0.843098606 0.484255754 0.640089285
v 0.846903255 0.491722755 0.511517868
v 0.846903255 0.491722755 0.640089285
v 0.848214217 0.500000000 0.511517868
v 0.848214217 0.500000000 0.640089285
v 0.846903255 0.508277245 0.511517868
v 0.846903255 0.508277245 0.640089285
v 0.843098606 0.515744246 0.511517868
v 0.843098606 0.515744246 0.640089285
v 0.837172764 0.521670100 0.511517868
v 0.837172764 0.521670100 0.640089285
v 0.829705751 0.525474724 0.511517868
v 0.829705751 0.525474724 0.640089285
v 0.821428506 0.526785711 0.511517868
v 0.821428506 0.526785711 0.640089285
v 0.813151261 0.525474724 0.511517868
v 0.813151261 0.525474724 0.640089285
v 0.805684247 0.521670100 0.511517868
v 0.805684247 0.521670100 0.640089285
v 0.799758405 0.515744246 0.511517868
v 0.799758405 0.515744246 0.640089285
v 0.795953756 0.508277245 0.511517868
v 0.795953756 0.508277245 0.640089285
v 0.800539209 0.493212658 0.640089285
v 0.799464231 0.500000000 0.640089285
v 0.803659052 0.487089712 0.640089285
v 0.808518243 0.482230521 0.640089285
v 0.814641189 0.479110729 0.640089285
v 0.821428506 0.478035712 0.640089285
v 0.828215822 0.479110729 0.640089285
v 0.834338768 0.482230521 0.640089285
v 0.839197959 0.487089712 0.640089285
v 0.842317802 0.493212658 0.640089285
v 0.843392781 0.500000000 0.640089285
v 0.842317802 0.506787342 0.640089285
v 0.839197959 0.512910288 0.640089285
v 0.834338768 0.517769479 0.640089285
v 0.828215822 0.520889271 0.640089285
v 0.821428506 0.521964288 0.640089285
v 0.814641189 0.520889271 0.640089285
v 0.808518243 0.517769479 0.640089285
v 0.803659052 0.512910288 0.640089285
v 0.800539209 0.506787342 0.640089285
v 0.800539209 0.493212658 0.511517868
v 0.799464231 0.500000000 0.511517868
v 0.803659052 0.487089712 0.511517868
v 0.808518243 0.482230521 0.511517868
v 0.814641189 0.479110729 0.511517868
v 0.821428506 0.478035712 0.511517868
v 0.828215822 0.479110729 0.511517868
v 0.834338768 0.482230521 0.511517868
v 0.839197959 0.487089712 0.511517868
v 0.842317802 0.493212658 0.511517868
v 0.843392781 0.500000000 0.511517868
v 0.842317802 0.506787342 0.511517868
v 0.839197959 0.512910288 0.511517868
v 0.834338768 0.517769479 0.511517868
v 0.828215822 0.520889271 0.511517868
v 0.821428506 0.521964288 0.511517868
v 0.814641189 0.520889271 0.511517868
v 0.808518243 0.517769479 0.511517868
v 0.803659052 0.512910288 0.511517868
v 0.800539209 0.506787342 0.511517868
v 0.777499956 0.500000000 0.635803576
v 0.779649964 0.486425329 0.635803576
v 0.779649964 0.486425329 0.645982124
v 0.777499956 0.500000000 0.645982124
v 0.785889547 0.474179437 0.635803576
v 0.785889547 0.474179437 0.645982124
v 0.795607930 0.464461042 0.635803576
v 0.795607930 0.464461042 0.645982124
v 0.807853822 0.458221458 0.635803576
v 0.807853822 0.458221458 0.645982124
v 0.821428506 0.456071438 0.635803576
v 0.821428506 0.456071438 0.645982124
v 0.835003189 0.458221458 0.635803576
v 0.835003189 0.458221458 0.645982124
v 0.847249081 0.464461042 0.635803576
v 0.847249081 0.464461042 0.645982124
v 0.856967464 0.474179437 0.635803576
v 0.856967464 0.474179437 0.645982124
v 0.863207048 0.486425329 0.635803576
v 0.863207048 0.486425329 0.645982124
v 0.865357055 0.500000000 0.635803576
v 0.865357055 0.500000000 0.645982124
v 0.863207048 0.513574671 0.635803576
v 0.863207048 0.513574671 0.645982124
v 0.856967464 0.525820563 0.635803576
v 0.856967464 0.525820563 0.645982124
v 0.847249081 0.535538958 0.635803576
v 0.847249081 0.535538958 0.645982124
v 0.835003189 0.541778542 0.635803576
v 0.835003189 0.541778542 0.645982124
v 0.821428506 0.543928562 0.635803576
v 0.821428506 0.543928562 0.645982124
v 0.807853822 0.541778542 0.635803576
v 0.807853822 0.541778542 0.645982124
v 0.795607930 0.535538958 0.635803576
v 0.795607930 0.535538958 0.645982124
v 0.785889547 0.525820563 0.635803576
v 0.785889547 0.525820563 0.645982124
v 0.779649964 0.513574671 0.635803576
v 0.779649964 0.513574671 0.645982124
v 0.800539209 0.493212658 0.645982124
v 0.799464231 0.500000000 0.645982124
v 0.803659052 0.487089712 0.645982124
v 0.808518243 0.482230521 0.645982124
v 0.814641189 0.479110729 0.645982124
v 0.821428506 0.478035712 0.645982124
v 0.828215822 0.479110729 0.645982124
v 0.834338768 0.482230521 0.645982124
v 0.839197959 0.487089712 0.645982124
v 0.842317802 0.493212658 0.645982124
v 0.843392781 0.500000000 0.645982124
v 0.842317802 0.506787342 0.645982124
v 0.839197959 0.512910288 0.645982124
v 0.834338768 0.517769479 0.645982124
v 0.828215822 0.520889271 0.645982124
v 0.821428506 0.521964288 0.645982124
v 0.814641189 0.520889271 0.645982124
v 0.808518243 0.517769479 0.645982124
v 0.803659052 0.512910288 0.645982124
v 0.800539209 0.506787342 0.645982124
v 0.800539209 0.493212658 0.635803576
v 0.799464231 0.500000000 0.635803576
v 0.803659052 0.487089712 0.635803576
v 0.808518243 0.482230521 0.635803576
v 0.814641189 0.479110729 0.635803576
v 0.821428506 0.478035712 0.635803576
v 0.828215822 0.479110729 0.635803576
v 0.834338768 0.482230521 0.635803576
v 0.839197959 0.487089712 0.635803576
v 0.842317802 0.493212658 0.635803576
v 0.843392781 0.500000000 0.635803576
v 0.842317802 0.506787342 0.635803576
v 0.839197959 0.512910288 0.635803576
v 0.834338768 0.517769479 0.635803576
v 0.828215822 0.520889271 0.635803576
v 0.821428506 0.521964288 0.635803576
v 0.814641189 0.520889271 0.635803576
v 0.808518243 0.517769479 0.635803576
v 0.803659052 0.512910288 0.635803576
v 0.800539209 0.506787342 0.635803576
v 0.780574942 0.500000000 0.645982124
v 0.782574440 0.487375559 0.645982124
v 0.782574440 0.487375559 0.648660705
v 0.780574942 0.500000000 0.648660705
v 0.788377258 0.475986875 0.645982124
v 0.788377258 0.475986875 0.648660705
v 0.797415381 0.466948777 0.645982124
v 0.797415381 0.466948777 0.648660705
v 0.808804039 0.461145947 0.645982124
v 0.808804039 0.461145947 0.648660705
v 0.821428506 0.459146437 0.645982124
v 0.821428506 0.459146437 0.648660705
v 0.834052972 0.461145947 0.645982124
v 0.834052972 0.461145947 0.648660705
v 0.845441630 0.466948777 0.645982124
v 0.845441630 0.466948777 0.648660705
v 0.854479754 0.475986875 0.645982124
v 0.854479754 0.475986875 0.648660705
v 0.860282572 0.487375559 0.645982124
v 0.860282572 0.487375559 0.648660705
v 0.862282069 0.500000000 0.645982124
v 0.862282069 0.500000000 0.648660705
v 0.860282572 0.512624441 0.645982124
v 0.860282572 0.512624441 0.648660705
v 0.854479754 0.524013125 0.645982124
v 0.854479754 0.524013125 0.648660705
v 0.845441630 0.533051223 0.645982124
v 0.845441630 0.533051223 0.648660705
v 0.834052972 0.538854053 0.645982124
v 0.834052972 0.538854053 0.648660705
v 0.821428506 0.540853563 0.645982124
v 0.821428506 0.540853563 0.648660705
v 0.808804039 0.538854053 0.645982124
v 0.808804039 0.538854053 0.648660705
v 0.797415381 0.533051223 0.645982124
v 0.797415381 0.533051223 0.648660705
v 0.788377258 0.524013125 0.645982124
v 0.788377258 0.524013125 0.648660705
v 0.782574440 0.512624441 0.645982124
v 0.782574440 0.512624441 0.648660705
v 0.800539209 0.493212658 0.648660705
v 0.799464231 0.500000000 0.648660705
v 0.803659052 0.487089712 0.648660705
v 0.808518243 0.482230521 0.648660705
v 0.814641189 0.479110729 0.648660705
v 0.821428506 0.478035712 0.648660705
v 0.828215822 0.479110729 0.648660705
v 0.834338768 0.482230521 0.648660705
v 0.839197959 0.487089712 0.648660705
v 0.842317802 0.493212658 0.648660705
v 0.843392781 0.500000000 0.648660705
v 0.842317802 0.506787342 0.648660705
v 0.839197959 0.512910288 0.648660705
v 0.834338768 0.517769479 0.648660705
v 0.828215822 0.520889271 0.648660705
v 0.821428506 0.521964288 0.648660705
v 0.814641189 0.520889271 0.648660705
v 0.808518243 0.517769479 0.648660705
v 0.803659052 0.512910288 0.648660705
v 0.800539209 0.506787342 0.648660705
v 0.783060660 0.500000000 0.633660695
v 0.784453518 0.502412493 0.633660695
v 0.787239235 0.502412493 0.633660695
v 0.788632093 0.500000000 0.633660695
v 0.787239235 0.497587507 0.633660695
v 0.784453518 0.497587507 0.633660695
v 0.784453518 0.502412493 0.646732146
v 0.783060660 0.500000000 0.646732146
v 0.784453518 0.497587507 0.646732146
v 0.787239235 0.497587507 0.646732146
v 0.788632093 0.500000000 0.646732146
v 0.787239235 0.502412493 0.646732146
v 0.793482395 0.474839631 0.633660695
v 0.794875253 0.477252124 0.633660695
v 0.797660969 0.477252124 0.633660695
v 0.799053827 0.474839631 0.633660695
v 0.797660969 0.472427137 0.633660695
v 0.794875253 0.472427137 0.633660695
v 0.794875253 0.477252124 0.646732146
v 0.793482395 0.474839631 0.646732146
v 0.794875253 0.472427137 0.646732146
v 0.797660969 0.472427137 0.646732146
v 0.799053827 0.474839631 0.646732146
v 0.797660969 0.477252124 0.646732146
v 0.818642789 0.464417858 0.633660695
v 0.820035648 0.466830351 0.633660695
v 0.822821364 0.466830351 0.633660695
v 0.824214222 0.464417858 0.633660695
v 0.822821364 0.462005365 0.633660695
v 0.820035648 0.462005365 0.633660695
v 0.820035648 0.466830351 0.646732146
v 0.818642789 0.464417858 0.646732146
v 0.820035648 0.462005365 0.646732146
v 0.822821364 0.462005365 0.646732146
v 0.824214222 0.464417858 0.646732146
v 0.822821364 0.466830351 0.646732146
v 0.843803184 0.474839631 0.633660695
v 0.845196042 0.477252124 0.633660695
v 0.847981759 0.477252124 0.633660695
v 0.849374617 0.474839631 0.633660695
v 0.847981759 0.472427137 0.633660695
v 0.845196042 0.472427137 0.633660695
v 0.845196042 0.477252124 0.646732146
v 0.843803184 0.474839631 0.646732146
v 0.845196042 0.472427137 0.646732146
v 0.847981759 0.472427137 0.646732146
v 0.849374617 0.474839631 0.646732146
v 0.847981759 0.477252124 0.646732146
v 0.854224919 0.500000000 0.633660695
v 0.855617777 0.502412493 0.633660695
v 0.858403493 0.502412493 0.633660695
v 0.859796351 0.500000000 0.633660695
v 0.858403493 0.497587507 0.633660695
v 0.855617777 0.497587507 0.633660695
v 0.855617777 0.502412493 0.646732146
v 0.854224919 0.500000000 0.646732146
v 0.855617777 0.497587507 0.646732146
v 0.858403493 0.497587507 0.646732146
v 0.859796351 0.500000000 0.646732146
v 0.858403493 0.502412493 0.646732146
v 0.843803184 0.525160369 0.633660695
v 0.845196042 0.527572863 0.633660695
v 0.847981759 0.527572863 0.633660695
v 0.849374617 0.525160369 0.633660695
v 0.847981759 0.522747876 0.633660695
v 0.845196042 0.522747876 0.633660695
v 0.845196042 0.527572863 0.646732146
v 0.843803184 0.525160369 0.646732146
v 0.845196042 0.522747876 0.646732146
v 0.847981759 0.522747876 0.646732146
v 0.849374617 0.525160369 0.646732146
v 0.847981759 0.527572863 0.646732146
v 0.818642789 0.535582142 0.633660695
v 0.820035648 0.537994635 0.633660695
v 0.822821364 0.537994635 0.633660695
v 0.824214222 0.535582142 0.633660695
v 0.822821364 0.533169649 0.633660695
v 0.820035648 0.533169649 0.633660695
v 0.820035648 0.537994635 0.646732146
v 0.818642789 0.535582142 0.646732146
v 0.820035648 0.533169649 0.646732146
v 0.822821364 0.533169649 0.646732146
v 0.824214222 0.535582142 0.646732146
v 0.822821364 0.537994635 0.646732146
v 0.793482395 0.525160369 0.633660695
v 0.794875253 0.527572863 0.633660695
v 0.797660969 0.527572863 0.633660695
v 0.799053827 0.525160369 0.633660695
v 0.797660969 0.522747876 0.633660695
v 0.794875253 0.522747876 0.633660695
v 0.794875253 0.527572863 0.646732146
v 0.793482395 0.525160369 0.646732146
v 0.794875253 0.522747876 0.646732146
v 0.797660969 0.522747876 0.646732146
v 0.799053827 0.525160369 0.646732146
v 0.797660969 0.527572863 0.646732146
v 0.793892798 0.500000000 0.616517857
v 0.795240493 0.491491000 0.616517857
v 0.795240493 0.491491000 0.627232131
v 0.793892798 0.500000000 0.627232131
v 0.799151664 0.483814914 0.616517857
v 0.799151664 0.483814914 0.627232131
v 0.805243445 0.477723146 0.616517857
v 0.805243445 0.477723146 0.627232131
v 0.812919518 0.473811987 0.616517857
v 0.812919518 0.473811987 0.627232131
v 0.821428506 0.472464292 0.616517857
v 0.821428506 0.472464292 0.627232131
v 0.829937493 0.473811987 0.616517857
v 0.829937493 0.473811987 0.627232131
v 0.837613566 0.477723146 0.616517857
v 0.837613566 0.477723146 0.627232131
v 0.843705347 0.483814914 0.616517857
v 0.843705347 0.483814914 0.627232131
v 0.847616518 0.491491000 0.616517857
v 0.847616518 0.491491000 0.627232131
v 0.848964213 0.500000000 0.616517857
v 0.848964213 0.500000000 0.627232131
v 0.847616518 0.508509000 0.616517857
v 0.847616518 0.508509000 0.627232131
v 0.843705347 0.516185086 0.616517857
v 0.843705347 0.516185086 0.627232131
v 0.837613566 0.522276854 0.616517857
v 0.837613566 0.522276854 0.627232131
v 0.829937493 0.526188013 0.616517857
v 0.829937493 0.526188013 0.627232131
v 0.821428506 0.527535708 0.616517857
v 0.821428506 0.527535708 0.627232131
v 0.812919518 0.526188013 0.616517857
v 0.812919518 0.526188013 0.627232131
v 0.805243445 0.522276854 0.616517857
v 0.805243445 0.522276854 0.627232131
v 0.799151664 0.516185086 0.616517857
v 0.799151664 0.516185086 0.627232131
v 0.795240493 0.508509000 0.616517857
v 0.795240493 0.508509000 0.627232131
v 0.796055680 0.491755874 0.627232131
v 0.794749930 0.500000000 0.627232131
v 0.799845105 0.484318735 0.627232131
v 0.805747241 0.478416586 0.627232131
v 0.813184367 0.474627174 0.627232131
v 0.821428506 0.473321437 0.627232131
v 0.829672645 0.474627174 0.627232131
v 0.837109771 0.478416586 0.627232131
v 0.843011907 0.484318735 0.627232131
v 0.846801331 0.491755874 0.627232131
v 0.848107082 0.500000000 0.627232131
v 0.846801331 0.508244126 0.627232131
v 0.843011907 0.515681265 0.627232131
v 0.837109771 0.521583414 0.627232131
v 0.829672645 0.525372826 0.627232131
v 0.821428506 0.526678563 0.627232131
v 0.813184367 0.525372826 0.627232131
v 0.805747241 0.521583414 0.627232131
v 0.799845105 0.515681265 0.627232131
v 0.796055680 0.508244126 0.627232131
v 0.796055680 0.491755874 0.616517857
v 0.794749930 0.500000000 0.616517857
v 0.799845105 0.484318735 0.616517857
v 0.805747241 0.478416586 0.616517857
v 0.813184367 0.474627174 0.616517857
v 0.821428506 0.473321437 0.616517857
v 0.829672645 0.474627174 0.616517857
v 0.837109771 0.478416586 0.616517857
v 0.843011907 0.484318735 0.616517857
v 0.846801331 0.491755874 0.616517857
v 0.848107082 0.500000000 0.616517857
v 0.846801331 0.508244126 0.616517857
v 0.843011907 0.515681265 0.616517857
v 0.837109771 0.521583414 0.616517857
v 0.829672645 0.525372826 0.616517857
v 0.821428506 0.526678563 0.616517857
v 0.813184367 0.525372826 0.616517857
v 0.805747241 0.521583414 0.616517857
v 0.799845105 0.515681265 0.616517857
v 0.796055680 0.508244126 0.616517857
vt 0.735546887 0.062500000
vt 0.734623671 0.071873486
vt 0.744967878 0.073931068
vt 0.746093750 0.062500000
vt 0.731889546 0.080886737
vt 0.741633594 0.084922858
vt 0.727449536 0.089193404
vt 0.736218929 0.095052935
vt 0.721474290 0.096474268
vt 0.728932023 0.103932038
vt 0.714193404 0.102449514
vt 0.720052958 0.111218922
vt 0.705886722 0.106889524
vt 0.709922850 0.116633557
vt 0.696873486 0.109623671
vt 0.698931098 0.119967885
vt 0.687500000 0.110546872
vt 0.687500000 0.121093750
vt 0.678126514 0.109623671
vt 0.676068902 0.119967885
vt 0.669113278 0.106889524
vt 0.665077150 0.116633557
vt 0.660806596 0.102449514
vt 0.654947042 0.111218922
vt 0.653525710 0.096474268
vt 0.646067977 0.103932038
vt 0.647550464 0.089193404
vt 0.638781071 0.095052935
vt 0.643110454 0.080886737
vt 0.633366406 0.084922858
vt 0.640376329 0.071873486
vt 0.630032122 0.073931068
vt 0.639453113 0.062500000
vt 0.628906250 0.062500000
vt 0.640376329 0.053126521
vt 0.630032122 0.051068924
vt 0.643110454 0.044113263
vt 0.633366406 0.040077142
vt 0.647550464 0.035806585
vt 0.638781071 0.029947061
vt 0.653525710 0.028525732
vt 0.646067977 0.021067964
vt 0.660806596 0.022550482
vt 0.654947042 0.013781077
vt 0.669113278 0.018110476
vt 0.665077150 0.008366441
vt 0.678126514 0.015376339
vt 0.676068902 0.005032117
vt 0.687500000 0.014453129
vt 0.687500000 0.003906250
vt 0.696873486 0.015376339
vt 0.698931098 0.005032117
vt 0.705886722 0.018110476
vt 0.709922850 0.008366441
vt 0.714193404 0.022550482
vt 0.720052958 0.013781077
vt 0.721474290 0.028525732
vt 0.728932023 0.021067964
vt 0.727449536 0.035806585
vt 0.736218929 0.029947061
vt 0.731889546 0.044113263
vt 0.741633594 0.040077142
vt 0.734623671 0.053126521
vt 0.744967878 0.051068924
vt 0.633463562 0.062500000
vt 0.633463562 0.073931068
vt 0.638020813 0.073931068
vt 0.638020813 0.062500000
vt 0.633463562 0.084922858
vt 0.638020813 0.084922858
vt 0.633463562 0.095052935
vt 0.638020813 0.095052935
vt 0.633463562 0.103932038
vt 0.638020813 0.103932038
vt 0.633463562 0.095052943
vt 0.638020813 0.095052943
vt 0.633463562 0.073931076
vt 0.638020813 0.073931076
vt 0.633463562 0.051068928
vt 0.638020813 0.051068928
vt 0.633463562 0.040077142
vt 0.638020813 0.040077142
vt 0.633463562 0.029947056
vt 0.638020813 0.029947056
vt 0.633463562 0.021067964
vt 0.638020813 0.021067964
vt 0.633463562 0.051068924
vt 0.638020813 0.051068924
vt 0.633463562 0.029947061
vt 0.638020813 0.029947061
vt 0.736979187 0.073931068
vt 0.736979187 0.062500000
vt 0.736979187 0.084922858
vt 0.736979187 0.095052935
vt 0.736979187 0.103932038
vt 0.736979187 0.095052943
vt 0.736979187 0.073931076
vt 0.736979187 0.051068928
vt 0.736979187 0.040077142
vt 0.736979187 0.029947056
vt 0.736979187 0.021067964
vt 0.736979187 0.051068924
vt 0.736979187 0.029947061
vt 0.741536438 0.073931068
vt 0.741536438 0.062500000
vt 0.741536438 0.084922858
vt 0.741536438 0.095052935
vt 0.741536438 0.103932038
vt 0.741536438 0.095052943
vt 0.741536438 0.073931076
vt 0.741536438 0.051068928
vt 0.741536438 0.040077142
vt 0.741536438 0.029947056
vt 0.741536438 0.021067964
vt 0.741536438 0.051068924
vt 0.741536438 0.029947061
vt 0.628906250 0.073931076
vt 0.746093750 0.073931076
vt 0.628906250 0.084922858
vt 0.746093750 0.084922858
vt 0.628906250 0.095052943
vt 0.746093750 0.095052943
vt 0.628906250 0.103932045
vt 0.746093750 0.103932045
vt 0.628906250 0.103932038
vt 0.746093750 0.103932038
vt 0.628906250 0.051068928
vt 0.746093750 0.051068928
vt 0.628906250 0.040077142
vt 0.746093750 0.040077142
vt 0.628906250 0.029947057
vt 0.746093750 0.029947057
vt 0.628906250 0.021067964
vt 0.746093750 0.021067964
vt 0.628906250 0.029947061
vt 0.746093750 0.029947061
vt 0.744967878 0.051068928
vt 0.741633534 0.040077142
vt 0.720052958 0.013781082
vt 0.709922850 0.008366433
vt 0.698931098 0.005032116
vt 0.676068902 0.005032116
vt 0.665077150 0.008366433
vt 0.654947042 0.013781082
vt 0.633366466 0.040077142
vt 0.630032122 0.051068928
vt 0.630032122 0.073931076
vt 0.633366466 0.084922858
vt 0.638781071 0.095052943
vt 0.646067977 0.103932045
vt 0.665077150 0.116633564
vt 0.676068902 0.119967893
vt 0.698931098 0.119967893
vt 0.709922850 0.116633564
vt 0.728932023 0.103932045
vt 0.736218929 0.095052943
vt 0.741633534 0.084922858
vt 0.744967878 0.073931076
vt 0.937500000 0.003906250
vt 0.996093750 0.003906250
vt 0.996093750 0.121093750
vt 0.937500000 0.121093750
vt 0.966796875 0.003906250
vt 0.908203125 0.003906250
vt 0.908203125 0.121093750
vt 0.966796875 0.121093750
vt 0.878906250 0.003906250
vt 0.878906250 0.121093750
vt 0.996093750 0.062500000
vt 0.878906250 0.062500000
vt 0.628906250 0.062499993
vt 0.628906250 0.077665165
vt 0.702690959 0.074260734
vt 0.702690959 0.062499993
vt 0.628906250 0.091796860
vt 0.702690959 0.085220017
vt 0.628906250 0.103932023
vt 0.702690959 0.094630949
vt 0.628906250 0.091796875
vt 0.702690959 0.085220024
vt 0.702690959 0.094630964
vt 0.628906250 0.077665180
vt 0.702690959 0.074260749
vt 0.702690959 0.062500000
vt 0.628906250 0.047334824
vt 0.702690959 0.050739247
vt 0.628906250 0.033203125
vt 0.702690959 0.039779976
vt 0.628906250 0.021067962
vt 0.702690959 0.030369034
vt 0.628906250 0.047334820
vt 0.702690959 0.050739240
vt 0.628906250 0.033203114
vt 0.702690959 0.039779969
vt 0.628906250 0.021067960
vt 0.702690959 0.030369025
vt 0.746093750 0.070856325
vt 0.746093750 0.062499993
vt 0.746093750 0.078643173
vt 0.746093750 0.085329898
vt 0.746093750 0.054143678
vt 0.746093750 0.046356823
vt 0.746093750 0.039670102
vt 0.746093750 0.054143675
vt 0.746093750 0.046356812
vt 0.746093750 0.039670087
vt 0.744097233 0.047334820
vt 0.738243699 0.033203114
vt 0.728932023 0.021067960
vt 0.716796875 0.011756324
vt 0.702665150 0.005902788
vt 0.672334850 0.005902788
vt 0.658203125 0.011756324
vt 0.646067977 0.021067960
vt 0.636756301 0.033203114
vt 0.630902767 0.047334820
vt 0.630902767 0.077665165
vt 0.636756301 0.091796860
vt 0.646067977 0.103932023
vt 0.658203125 0.113243677
vt 0.672334850 0.119097196
vt 0.702665150 0.119097196
vt 0.716796875 0.113243677
vt 0.728932023 0.103932023
vt 0.738243699 0.091796860
vt 0.744097233 0.077665165
vt 0.718686223 0.054143675
vt 0.719786346 0.062499993
vt 0.718686223 0.070856325
vt 0.715460777 0.078643173
vt 0.710329890 0.085329898
vt 0.703643203 0.090460785
vt 0.695856333 0.093686201
vt 0.687500000 0.094786353
vt 0.679143667 0.093686201
vt 0.671356797 0.090460785
vt 0.664670110 0.085329898
vt 0.659539223 0.078643173
vt 0.656313777 0.070856325
vt 0.655213654 0.062499993
vt 0.656313777 0.054143675
vt 0.659539223 0.046356812
vt 0.664670110 0.039670087
vt 0.671356797 0.034539189
vt 0.679143667 0.031313770
vt 0.687500000 0.030213647
vt 0.695856333 0.031313770
vt 0.703643203 0.034539189
vt 0.710329890 0.039670087
vt 0.715460777 0.046356812
vt 0.628906250 0.075687103
vt 0.651227653 0.077665173
vt 0.651227653 0.062500000
vt 0.628906250 0.087975547
vt 0.651227653 0.091796875
vt 0.628906250 0.098527849
vt 0.651227653 0.103932045
vt 0.628906250 0.098527864
vt 0.651227653 0.103932038
vt 0.628906250 0.075687110
vt 0.651227653 0.077665180
vt 0.628906250 0.049312890
vt 0.651227653 0.047334820
vt 0.628906250 0.037024457
vt 0.651227653 0.033203125
vt 0.628906250 0.026472140
vt 0.651227653 0.021067960
vt 0.628906250 0.049312882
vt 0.651227653 0.047334831
vt 0.628906250 0.037024453
vt 0.628906250 0.026472138
vt 0.651227653 0.021067968
vt 0.723772347 0.077665173
vt 0.723772347 0.062500000
vt 0.723772347 0.091796875
vt 0.723772347 0.103932045
vt 0.723772347 0.103932038
vt 0.723772347 0.077665180
vt 0.723772347 0.047334820
vt 0.723772347 0.033203125
vt 0.723772347 0.021067960
vt 0.723772347 0.047334831
vt 0.723772347 0.021067968
vt 0.744097233 0.077665173
vt 0.724411249 0.072390340
vt 0.725713313 0.062500000
vt 0.738243699 0.091796875
vt 0.720593691 0.081606671
vt 0.714520872 0.089520887
vt 0.706606686 0.095593698
vt 0.702665150 0.119097218
vt 0.697390318 0.099411227
vt 0.687500000 0.100713305
vt 0.672334850 0.119097218
vt 0.677609682 0.099411227
vt 0.668393314 0.095593698
vt 0.660479128 0.089520887
vt 0.636756301 0.091796875
vt 0.654406309 0.081606671
vt 0.630902767 0.077665173
vt 0.650588751 0.072390340
vt 0.649286687 0.062500000
vt 0.630902767 0.047334831
vt 0.650588751 0.052609660
vt 0.636756301 0.033203125
vt 0.654406309 0.043393347
vt 0.646067977 0.021067968
vt 0.660479128 0.035479113
vt 0.658203125 0.011756327
vt 0.668393314 0.029406305
vt 0.672334850 0.005902783
vt 0.677609682 0.025588773
vt 0.687500000 0.024286695
vt 0.702665150 0.005902783
vt 0.697390318 0.025588773
vt 0.716796875 0.011756327
vt 0.706606686 0.029406305
vt 0.728932023 0.021067968
vt 0.714520872 0.035479113
vt 0.738243699 0.033203125
vt 0.720593691 0.043393347
vt 0.744097233 0.047334831
vt 0.724411249 0.052609660
vt 0.738451064 0.062500000
vt 0.736714959 0.049312882
vt 0.731624961 0.037024453
vt 0.723527849 0.026472138
vt 0.712975562 0.018375069
vt 0.700687110 0.013285037
vt 0.687500000 0.011548921
vt 0.674312890 0.013285037
vt 0.662024438 0.018375069
vt 0.651472151 0.026472138
vt 0.643375039 0.037024453
vt 0.638285041 0.049312882
vt 0.636548936 0.062500000
vt 0.638285041 0.075687103
vt 0.643375039 0.087975547
vt 0.651472151 0.098527849
vt 0.662024438 0.106624946
vt 0.674312890 0.111714981
vt 0.687500000 0.113451093
vt 0.700687110 0.111714981
vt 0.712975562 0.106624946
vt 0.723527849 0.098527849
vt 0.731624961 0.087975547
vt 0.736714959 0.075687103
vt 0.008593751 0.130351022
vt 0.005580358 0.131543547
vt 0.008593751 0.132254466
vt 0.116406247 0.130351037
vt 0.116406254 0.132254466
vt 0.121093750 0.131780535
vt 0.116406262 0.246093750
vt 0.121093750 0.242745534
vt 0.116406254 0.242745534
vt 0.003906250 0.242745519
vt 0.008593742 0.246093750
vt 0.008593751 0.242745519
vt 0.007254465 0.244167387
vt 0.007421876 0.244167373
vt 0.007700893 0.246093750
vt 0.116406247 0.244167373
vt 0.121093750 0.244167387
vt 0.116406254 0.246093750
vt 0.118582591 0.244167387
vt 0.116741076 0.244419634
vt 0.117745534 0.244167387
vt 0.117745534 0.246093750
vt 0.121093743 0.244167387
vt 0.007254471 0.246093750
vt 0.008593751 0.244167373
vt 0.008593751 0.242745534
vt 0.116406247 0.130832627
vt 0.117745541 0.130832627
vt 0.117745534 0.130832627
vt 0.121093750 0.130832613
vt 0.007254465 0.130832627
vt 0.008593752 0.130832627
vt 0.634765625 0.006103517
vt 0.631250024 0.007714845
vt 0.634765625 0.008593751
vt 0.740234375 0.006103517
vt 0.740234375 0.008593751
vt 0.746093750 0.008007810
vt 0.740234375 0.121093750
vt 0.746093750 0.116406254
vt 0.740234375 0.116406247
vt 0.628906250 0.116406254
vt 0.634765625 0.121093750
vt 0.634765625 0.116406247
vt 0.633593738 0.118164055
vt 0.633300722 0.118164055
vt 0.633984447 0.121093750
vt 0.740234375 0.118164055
vt 0.746093750 0.118164055
vt 0.742578089 0.118164062
vt 0.740527332 0.118750006
vt 0.741406262 0.118164062
vt 0.741406202 0.121093750
vt 0.746093750 0.118164062
vt 0.633593738 0.118164062
vt 0.633593798 0.121093750
vt 0.634765565 0.118164055
vt 0.740234375 0.006835938
vt 0.741406202 0.006835938
vt 0.741406262 0.006835939
vt 0.746093750 0.006835942
vt 0.633593798 0.006835939
vt 0.634765625 0.006835939
vt 0.740234315 0.008593751
vt 0.632176638 0.014453123
vt 0.630541444 0.012572674
vt 0.632176578 0.007176600
vt 0.742823422 0.014453123
vt 0.742823422 0.007176600
vt 0.746093750 0.010773986
vt 0.742823362 0.121093750
vt 0.746093690 0.117823392
vt 0.742823422 0.117823400
vt 0.628906250 0.117823392
vt 0.632176578 0.121093743
vt 0.632176578 0.117823407
vt 0.632176578 0.107031256
vt 0.631358981 0.107031256
vt 0.632176638 0.121093750
vt 0.742823362 0.107031256
vt 0.746093750 0.107031256
vt 0.742823362 0.121093743
vt 0.743640959 0.107031256
vt 0.742823362 0.107031249
vt 0.742823422 0.119458571
vt 0.746093750 0.107031263
vt 0.632176578 0.107031249
vt 0.632176638 0.117823400
vt 0.742823422 0.017968748
vt 0.746093750 0.017968744
vt 0.632176578 0.017968748
vt 0.742823422 0.007176599
vt 0.740234435 0.006103517
vt 0.742823362 0.119458571
vt 0.634765565 0.006103517
vt 0.742578089 0.118164055
vt 0.632176578 0.014453123
vt 0.742823362 0.014453123
vt 0.631358981 0.107031249
vt 0.746093750 0.010773985
vt 0.437500000 0.128906250
vt 0.466796875 0.128906250
vt 0.466796875 0.246093750
vt 0.437500000 0.246093750
vt 0.488243669 0.128906250
vt 0.488243669 0.246093750
vt 0.408203125 0.128906250
vt 0.408203125 0.246093750
vt 0.386756331 0.128906250
vt 0.386756331 0.246093750
vt 0.496093750 0.187500000
vt 0.488243669 0.158203125
vt 0.466796875 0.136756331
vt 0.408203125 0.136756331
vt 0.386756331 0.158203125
vt 0.378906250 0.187500000
vt 0.386756331 0.216796875
vt 0.408203125 0.238243669
vt 0.466796875 0.238243669
vt 0.488243669 0.216796875
vt 0.628906250 0.067643985
vt 0.642968774 0.070311233
vt 0.642968774 0.062500000
vt 0.628906250 0.072590284
vt 0.642968774 0.077822283
vt 0.628906250 0.077148817
vt 0.642968774 0.084744513
vt 0.709423542 0.077148817
vt 0.706144392 0.081144415
vt 0.715811908 0.090811893
vt 0.720791280 0.084744513
vt 0.702148795 0.084423520
vt 0.709744513 0.095791265
vt 0.628906250 0.077148825
vt 0.628906250 0.057356019
vt 0.642968774 0.054688767
vt 0.628906250 0.052409712
vt 0.642968774 0.047177717
vt 0.628906250 0.047851175
vt 0.642968774 0.040255491
vt 0.672851205 0.084423520
vt 0.668855608 0.081144415
vt 0.659188092 0.090811893
vt 0.665255487 0.095791265
vt 0.665576458 0.077148817
vt 0.654208720 0.084744513
vt 0.628906250 0.057356015
vt 0.665576458 0.047851175
vt 0.668855608 0.043855585
vt 0.659188092 0.034188110
vt 0.654208720 0.040255491
vt 0.672851205 0.040576488
vt 0.665255487 0.029208735
vt 0.702148795 0.040576488
vt 0.706144392 0.043855585
vt 0.715811908 0.034188110
vt 0.709744513 0.029208735
vt 0.709423542 0.047851175
vt 0.720791280 0.040255491
vt 0.667968750 0.073550038
vt 0.667968750 0.062500000
vt 0.667968750 0.084175423
vt 0.667968750 0.093967840
vt 0.642968774 0.090811893
vt 0.667968750 0.102550969
vt 0.667968750 0.084175430
vt 0.667968750 0.051449962
vt 0.667968750 0.040824573
vt 0.667968750 0.031032156
vt 0.642968774 0.034188110
vt 0.667968750 0.022449033
vt 0.667968750 0.031032160
vt 0.716406286 0.073931076
vt 0.716406286 0.062500000
vt 0.716406286 0.084922858
vt 0.716406286 0.095052950
vt 0.716406286 0.103932038
vt 0.716406286 0.095052943
vt 0.716406286 0.051068924
vt 0.716406286 0.040077142
vt 0.716406286 0.029947056
vt 0.716406286 0.021067964
vt 0.716406286 0.029947052
vt 0.738281250 0.071073301
vt 0.738281250 0.062500000
vt 0.738281250 0.079317145
vt 0.738281250 0.086914711
vt 0.738281250 0.093574017
vt 0.738281250 0.093574025
vt 0.738281250 0.071073309
vt 0.738281250 0.053926695
vt 0.738281250 0.045682859
vt 0.738281250 0.038085293
vt 0.738281250 0.031425975
vt 0.738281250 0.053926691
vt 0.731445312 0.062500000
vt 0.730600893 0.071073301
vt 0.715276122 0.068025023
vt 0.715820312 0.062500000
vt 0.728100181 0.079317145
vt 0.713664532 0.073337719
vt 0.724039197 0.086914711
vt 0.711047471 0.078233927
vt 0.718574047 0.093574017
vt 0.707525492 0.082525484
vt 0.711914718 0.099039182
vt 0.703233898 0.086047478
vt 0.704317153 0.103100166
vt 0.698337734 0.088664554
vt 0.696073294 0.105600908
vt 0.693024993 0.090276137
vt 0.687500000 0.106445312
vt 0.687500000 0.090820305
vt 0.678926706 0.105600908
vt 0.681975007 0.090276137
vt 0.670682847 0.103100166
vt 0.676662266 0.088664554
vt 0.663085282 0.099039182
vt 0.671766102 0.086047478
vt 0.656425953 0.093574017
vt 0.667474508 0.082525484
vt 0.650960803 0.086914711
vt 0.663952529 0.078233927
vt 0.646899819 0.079317145
vt 0.661335468 0.073337719
vt 0.644399107 0.071073301
vt 0.659723878 0.068025023
vt 0.643554688 0.062500000
vt 0.659179688 0.062500000
vt 0.644399107 0.053926691
vt 0.659723878 0.056974981
vt 0.646899819 0.045682859
vt 0.661335468 0.051662289
vt 0.650960803 0.038085293
vt 0.663952529 0.046766080
vt 0.656425953 0.031425975
vt 0.667474508 0.042474516
vt 0.663085282 0.025960812
vt 0.671766102 0.038952522
vt 0.670682847 0.021899832
vt 0.676662266 0.036335450
vt 0.678926706 0.019399092
vt 0.681975007 0.034723859
vt 0.687500000 0.018554691
vt 0.687500000 0.034179691
vt 0.696073294 0.019399092
vt 0.693024993 0.034723859
vt 0.704317153 0.021899832
vt 0.698337734 0.036335450
vt 0.711914718 0.025960812
vt 0.703233898 0.038952522
vt 0.718574047 0.031425975
vt 0.707525492 0.042474516
vt 0.724039197 0.038085293
vt 0.711047471 0.046766080
vt 0.728100181 0.045682859
vt 0.713664532 0.051662289
vt 0.730600893 0.053926691
vt 0.715276122 0.056974981
vt 0.713867188 0.062500000
vt 0.713360548 0.057356015
vt 0.711860120 0.052409712
vt 0.697590292 0.038139898
vt 0.692644000 0.036639456
vt 0.687500000 0.036132816
vt 0.682356000 0.036639456
vt 0.677409708 0.038139898
vt 0.663139880 0.052409712
vt 0.661639452 0.057356015
vt 0.661132812 0.062500000
vt 0.661639452 0.067643985
vt 0.663139880 0.072590284
vt 0.677409708 0.086860105
vt 0.682356000 0.088360548
vt 0.687500000 0.088867188
vt 0.692644000 0.088360548
vt 0.697590292 0.086860105
vt 0.711860120 0.072590284
vt 0.713360548 0.067643985
vt 0.631835938 0.042358398
vt 0.630495906 0.031130768
vt 0.631835878 0.007085755
vt 0.743164062 0.042358398
vt 0.743164062 0.007085755
vt 0.746093750 0.023115754
vt 0.743164003 0.121093750
vt 0.746093750 0.117914252
vt 0.743164062 0.117914245
vt 0.628906250 0.117914259
vt 0.631835997 0.121093750
vt 0.631835878 0.117914245
vt 0.632085800 0.069824226
vt 0.631103516 0.069824226
vt 0.632002532 0.121093750
vt 0.743164122 0.069824226
vt 0.746093750 0.069824211
vt 0.743164062 0.121093750
vt 0.743709207 0.069824226
vt 0.743164062 0.069824226
vt 0.743101597 0.119503997
vt 0.742914259 0.069824219
vt 0.742914259 0.121093750
vt 0.746093750 0.069824219
vt 0.632085800 0.069824219
vt 0.632085741 0.121093750
vt 0.631835938 0.069824226
vt 0.631835938 0.117914245
vt 0.743164062 0.055175781
vt 0.742914200 0.055175781
vt 0.742914319 0.055175781
vt 0.746093750 0.055175781
vt 0.632085800 0.055175781
vt 0.631835938 0.055175781
vt 0.878906250 0.077665173
vt 0.996093750 0.077665173
vt 0.878906250 0.091796875
vt 0.996093750 0.091796875
vt 0.878906250 0.103932045
vt 0.996093750 0.103932045
vt 0.878906250 0.103932038
vt 0.996093750 0.103932038
vt 0.878906250 0.077665180
vt 0.996093750 0.077665180
vt 0.878906250 0.047334820
vt 0.996093750 0.047334820
vt 0.878906250 0.033203125
vt 0.996093750 0.033203125
vt 0.878906250 0.021067960
vt 0.996093750 0.021067960
vt 0.878906250 0.047334831
vt 0.996093750 0.047334831
vt 0.878906250 0.021067968
vt 0.996093750 0.021067968
vt 0.994097233 0.047334831
vt 0.988243699 0.033203125
vt 0.978932023 0.021067968
vt 0.966796875 0.011756327
vt 0.952665150 0.005902783
vt 0.922334850 0.005902783
vt 0.908203125 0.011756327
vt 0.896067977 0.021067968
vt 0.886756301 0.033203125
vt 0.880902767 0.047334831
vt 0.880902767 0.077665173
vt 0.886756301 0.091796875
vt 0.896067977 0.103932045
vt 0.908203125 0.113243677
vt 0.922334850 0.119097218
vt 0.952665150 0.119097218
vt 0.966796875 0.113243677
vt 0.978932023 0.103932045
vt 0.988243699 0.091796875
vt 0.994097233 0.077665173
vt 0.008928571 0.130457252
vt 0.005541425 0.131575435
vt 0.008928574 0.132176608
vt 0.116071418 0.130457252
vt 0.116071433 0.132176608
vt 0.121093750 0.131775826
vt 0.116071425 0.246093750
vt 0.121093743 0.242823392
vt 0.116071418 0.242823392
vt 0.003906250 0.242823407
vt 0.008928563 0.246093750
vt 0.008928573 0.242823392
vt 0.007176599 0.244025737
vt 0.007672992 0.244025737
vt 0.007760589 0.246093750
vt 0.116071418 0.244025722
vt 0.121093750 0.244025737
vt 0.116071433 0.246093750
vt 0.118640989 0.244025737
vt 0.116071425 0.244025722
vt 0.116509415 0.244458556
vt 0.117823400 0.244025737
vt 0.117823392 0.246093750
vt 0.121093743 0.244025722
vt 0.007176603 0.246093750
vt 0.008928573 0.244025722
vt 0.008928573 0.242823407
vt 0.116071418 0.130974263
vt 0.117823400 0.130974263
vt 0.121093750 0.130974263
vt 0.007176599 0.130974263
vt 0.008928573 0.130974263
vt 0.116071425 0.132176608
vt 0.008928570 0.130457252
vt 0.007672992 0.244025722
vt 0.118640982 0.244025737
vt 0.116509423 0.244458556
vt 0.634765625 0.006387869
vt 0.631250024 0.007904413
vt 0.740234375 0.006387869
vt 0.746093750 0.008134189
vt 0.633593738 0.117784917
vt 0.633300841 0.117784932
vt 0.740234375 0.117784925
vt 0.746093750 0.117784940
vt 0.742578089 0.117784917
vt 0.740234435 0.117784932
vt 0.741406262 0.117784932
vt 0.746093690 0.117784932
vt 0.633593738 0.117784932
vt 0.634765625 0.117784925
vt 0.740234435 0.007215075
vt 0.741406202 0.007215074
vt 0.741406262 0.007215074
vt 0.746093750 0.007215062
vt 0.633593798 0.007215074
vt 0.634765625 0.007215075
vt 0.740234375 0.006387868
vt 0.634765685 0.006387869
vt 0.630541444 0.012572673
vt 0.142783716 0.015891336
vt 0.134898782 0.017888850
vt 0.232216269 0.015891336
vt 0.232216284 0.015891336
vt 0.246093750 0.017223019
vt 0.232216269 0.121093750
vt 0.246093750 0.109108657
vt 0.232216284 0.109108672
vt 0.128906250 0.109108649
vt 0.142783716 0.121093750
vt 0.142783731 0.109108664
vt 0.140891328 0.105113640
vt 0.139314353 0.105113640
vt 0.141522139 0.121093750
vt 0.232216284 0.105113633
vt 0.246093750 0.105113640
vt 0.237104923 0.105113640
vt 0.232216269 0.105113633
vt 0.232689381 0.115101203
vt 0.234108657 0.105113640
vt 0.234108657 0.121093750
vt 0.140891343 0.121093750
vt 0.142783716 0.105113633
vt 0.142783716 0.109108657
vt 0.232216269 0.019886363
vt 0.234108657 0.019886363
vt 0.234108686 0.019886367
vt 0.246093750 0.019886363
vt 0.140891358 0.019886367
vt 0.142783716 0.019886363
vt 0.232216284 0.015891338
vt 0.628906250 0.084922828
vt 0.746093750 0.084922828
vt 0.646067977 0.003906250
vt 0.665077150 0.003906250
vt 0.665077150 0.121093750
vt 0.646067977 0.121093750
vt 0.709922850 0.003906250
vt 0.709922850 0.121093750
vt 0.728932023 0.003906250
vt 0.728932023 0.121093750
vt 0.628906250 0.040077176
vt 0.746093750 0.040077176
vt 0.628906250 0.021067958
vt 0.746093750 0.021067958
vt 0.633366406 0.084922828
vt 0.656643927 0.075281002
vt 0.654101551 0.062500000
vt 0.663883746 0.086116239
vt 0.665077150 0.116633572
vt 0.674718976 0.093356103
vt 0.687500000 0.095898457
vt 0.709922850 0.116633572
vt 0.700281024 0.093356103
vt 0.711116254 0.086116239
vt 0.741633594 0.084922828
vt 0.718356073 0.075281002
vt 0.720898449 0.062500000
vt 0.741633594 0.040077176
vt 0.718356073 0.049718998
vt 0.728932023 0.021067958
vt 0.711116254 0.038883764
vt 0.709922850 0.008366430
vt 0.700281024 0.031643897
vt 0.687500000 0.029101543
vt 0.665077150 0.008366430
vt 0.674718976 0.031643897
vt 0.646067977 0.021067958
vt 0.663883746 0.038883764
vt 0.633366406 0.040077176
vt 0.656643927 0.049718998
vt 0.746093750 0.075281002
vt 0.628906250 0.075281002
vt 0.746093750 0.086116239
vt 0.628906250 0.086116239
vt 0.663883746 0.121093750
vt 0.674718976 0.121093750
vt 0.674718976 0.003906250
vt 0.663883746 0.003906250
vt 0.700281024 0.121093750
vt 0.700281024 0.003906250
vt 0.711116254 0.121093750
vt 0.711116254 0.003906250
vt 0.746093750 0.049718998
vt 0.628906250 0.049718998
vt 0.746093750 0.038883764
vt 0.628906250 0.038883764
vt 0.665077209 0.003906250
vt 0.665077209 0.121093750
vt 0.687500060 0.003906250
vt 0.687500060 0.121093750
vt 0.728932083 0.003906250
vt 0.728932083 0.121093750
vt 0.663883805 0.086116239
vt 0.665077209 0.116633572
vt 0.674719036 0.093356103
vt 0.687500060 0.095898457
vt 0.728932083 0.103932045
vt 0.711116314 0.086116239
vt 0.741633654 0.084922828
vt 0.718356133 0.075281002
vt 0.720898509 0.062500000
vt 0.741633654 0.040077176
vt 0.718356133 0.049718998
vt 0.728932083 0.021067958
vt 0.711116314 0.038883764
vt 0.687500060 0.029101543
vt 0.665077209 0.008366430
vt 0.674719036 0.031643897
vt 0.663883805 0.038883764
vt 0.663883805 0.121093750
vt 0.674719036 0.121093750
vt 0.674719036 0.003906250
vt 0.663883805 0.003906250
vt 0.711116314 0.121093750
vt 0.711116314 0.003906250
vt 0.753906250 0.062500000
vt 0.753906250 0.077665135
vt 0.871093750 0.077665135
vt 0.871093750 0.062500000
vt 0.753906250 0.091796875
vt 0.871093750 0.091796875
vt 0.753906250 0.103932030
vt 0.871093750 0.103932030
vt 0.753906250 0.103932038
vt 0.871093750 0.103932038
vt 0.753906250 0.077665180
vt 0.871093750 0.077665180
vt 0.753906250 0.047334824
vt 0.871093750 0.047334824
vt 0.753906250 0.033203125
vt 0.871093750 0.033203125
vt 0.753906250 0.021067962
vt 0.871093750 0.021067962
vt 0.753906250 0.047334827
vt 0.871093750 0.047334827
vt 0.753906250 0.021067971
vt 0.871093750 0.021067971
vt 0.869097233 0.047334827
vt 0.863243699 0.033203125
vt 0.853932023 0.021067971
vt 0.841796875 0.011756341
vt 0.827665150 0.005902797
vt 0.812500000 0.003906250
vt 0.797334850 0.005902797
vt 0.783203125 0.011756341
vt 0.771067977 0.021067971
vt 0.761756301 0.033203125
vt 0.755902767 0.047334827
vt 0.755902767 0.077665135
vt 0.761756301 0.091796875
vt 0.771067977 0.103932030
vt 0.783203125 0.113243662
vt 0.797334850 0.119097166
vt 0.812500000 0.121093750
vt 0.827665150 0.119097166
vt 0.841796875 0.113243662
vt 0.853932023 0.103932030
vt 0.863243699 0.091796875
vt 0.869097233 0.077665135
vt 0.753906250 0.077665210
vt 0.871093750 0.077665210
vt 0.753906250 0.103932060
vt 0.871093750 0.103932060
vt 0.753906250 0.047334820
vt 0.871093750 0.047334820
vt 0.753906250 0.021067964
vt 0.871093750 0.021067964
vt 0.753906250 0.047334835
vt 0.871093750 0.047334835
vt 0.753906250 0.021067938
vt 0.871093750 0.021067938
vt 0.869097233 0.047334835
vt 0.853932023 0.021067938
vt 0.841796875 0.011756320
vt 0.827665150 0.005902773
vt 0.797334850 0.005902773
vt 0.783203125 0.011756320
vt 0.771067977 0.021067938
vt 0.755902767 0.047334835
vt 0.755902767 0.077665210
vt 0.771067977 0.103932060
vt 0.783203125 0.113243721
vt 0.797334850 0.119097270
vt 0.827665150 0.119097270
vt 0.841796875 0.113243721
vt 0.853932023 0.103932060
vt 0.869097233 0.077665210
vt 0.753906250 0.062499989
vt 0.753906250 0.084922858
vt 0.871093750 0.084922858
vt 0.871093750 0.062499989
vt 0.753906250 0.040077142
vt 0.871093750 0.040077142
vt 0.753906250 0.021067960
vt 0.871093750 0.021067960
vt 0.866633534 0.040077142
vt 0.853932023 0.021067960
vt 0.834922850 0.008366430
vt 0.790077150 0.008366430
vt 0.771067977 0.021067960
vt 0.758366466 0.040077142
vt 0.758366466 0.084922858
vt 0.771067977 0.103932038
vt 0.790077150 0.116633527
vt 0.834922850 0.116633527
vt 0.853932023 0.103932038
vt 0.866633534 0.084922858
vt 0.253906250 0.187499985
vt 0.253906250 0.209922850
vt 0.371093750 0.209922850
vt 0.371093750 0.187499985
vt 0.253906250 0.228932023
vt 0.371093750 0.228932023
vt 0.253906250 0.228932038
vt 0.371093750 0.228932038
vt 0.253906250 0.187500000
vt 0.371093750 0.187500000
vt 0.253906250 0.165077150
vt 0.371093750 0.165077150
vt 0.253906250 0.146067962
vt 0.371093750 0.146067962
vt 0.366633564 0.165077150
vt 0.353932023 0.146067962
vt 0.334922850 0.133366436
vt 0.312500000 0.128906250
vt 0.290077150 0.133366436
vt 0.271067977 0.146067962
vt 0.258366436 0.165077150
vt 0.258366436 0.209922850
vt 0.271067977 0.228932023
vt 0.290077150 0.241633549
vt 0.312500000 0.246093750
vt 0.334922850 0.241633549
vt 0.353932023 0.228932023
vt 0.366633564 0.209922850
vt 0.128906250 0.253906250
vt 0.128906250 0.284236610
vt 0.246093750 0.284236610
vt 0.246093750 0.253906250
vt 0.128906250 0.312500000
vt 0.246093750 0.312500000
vt 0.128906250 0.336770356
vt 0.246093750 0.336770356
vt 0.128906250 0.353932023
vt 0.128906250 0.341796875
vt 0.246093750 0.341796875
vt 0.246093750 0.353932023
vt 0.128906250 0.327665180
vt 0.246093750 0.327665180
vt 0.128906250 0.297334820
vt 0.246093750 0.297334820
vt 0.128906250 0.283203125
vt 0.246093750 0.283203125
vt 0.128906250 0.271067977
vt 0.246093750 0.271067977
vt 0.131303251 0.134314910
vt 0.140625000 0.136868984
vt 0.135209545 0.140625000
vt 0.242897719 0.132962734
vt 0.242897734 0.144531250
vt 0.246093750 0.141125798
vt 0.242897719 0.134314924
vt 0.235677093 0.134314895
vt 0.242897719 0.128906250
vt 0.230468750 0.134314924
vt 0.246093750 0.134314910
vt 0.230468765 0.128906250
vt 0.144531250 0.240685090
vt 0.131303281 0.240685105
vt 0.140388265 0.246093750
vt 0.242897734 0.240685105
vt 0.246093750 0.240685090
vt 0.242897719 0.246093735
vt 0.234375000 0.240685105
vt 0.239790499 0.238281250
vt 0.230468765 0.240685105
vt 0.230468750 0.246093750
vt 0.246093750 0.240685105
vt 0.128906250 0.230468750
vt 0.132102296 0.230468780
vt 0.242897734 0.230468780
vt 0.132102266 0.246093735
vt 0.242897719 0.246093750
vt 0.246093750 0.230468765
vt 0.144531250 0.240685105
vt 0.144531250 0.246093750
vt 0.132102281 0.240685105
vt 0.132102281 0.230468765
vt 0.144531265 0.134314924
vt 0.132102251 0.134314895
vt 0.132102281 0.144531250
vt 0.242897719 0.144531250
vt 0.919084787 0.005528847
vt 0.896484375 0.022566104
vt 0.919084787 0.039062496
vt 0.955915153 0.005528847
vt 0.955915213 0.039062500
vt 0.996093750 0.028064899
vt 0.955915153 0.121093750
vt 0.996093750 0.085937500
vt 0.955915153 0.085937500
vt 0.878906250 0.085937500
vt 0.919084787 0.121093750
vt 0.919084787 0.085937493
vt 0.914062500 0.118930288
vt 0.909040213 0.118930295
vt 0.915736616 0.121093750
vt 0.955915213 0.118930288
vt 0.996093750 0.118930280
vt 0.955915093 0.121093750
vt 0.969726562 0.118930280
vt 0.955915272 0.118930295
vt 0.957170784 0.103515625
vt 0.960937500 0.118930280
vt 0.960937500 0.121093750
vt 0.996093750 0.118930273
vt 0.914062500 0.118930280
vt 0.914062500 0.121093750
vt 0.919084787 0.118930288
vt 0.919084787 0.085937500
vt 0.955915213 0.006069712
vt 0.960937440 0.006069712
vt 0.960937500 0.006069712
vt 0.996093750 0.006069717
vt 0.914062500 0.006069712
vt 0.919084728 0.006069712
vt 0.919084787 0.039062500
vt 0.242897704 0.132962734
vt 0.955915093 0.005528846
vt 0.004157368 0.132962734
vt 0.006610578 0.134314910
vt 0.004157366 0.134314895
vt 0.120842643 0.132962748
vt 0.120842628 0.134314895
vt 0.121093750 0.134314924
vt 0.120842636 0.246093750
vt 0.121093750 0.240685105
vt 0.120842628 0.240685090
vt 0.003906250 0.240685090
vt 0.004157375 0.246093765
vt 0.004157366 0.240685090
vt 0.009314906 0.240685105
vt 0.004094587 0.240685076
vt 0.007595728 0.246093750
vt 0.121093750 0.240685090
vt 0.117037252 0.240685105
vt 0.120842628 0.240685076
vt 0.119553246 0.243389428
vt 0.115685090 0.240685090
vt 0.115685090 0.246093750
vt 0.009314906 0.240685090
vt 0.009314911 0.246093750
vt 0.004157366 0.240685076
vt 0.120842636 0.134314895
vt 0.115685090 0.134314910
vt 0.121093750 0.134314910
vt 0.009314906 0.134314910
vt 0.004157366 0.134314910
vt 0.120842643 0.134314910
vt 0.004157367 0.132962734
vt 0.120842636 0.132962734
vt 0.010298297 0.134179682
vt 0.004408482 0.132924110
vt 0.010298295 0.129910722
vt 0.114701711 0.134179682
vt 0.114701711 0.129910722
vt 0.121093750 0.131919652
vt 0.114701703 0.246093750
vt 0.121093750 0.245089278
vt 0.114701711 0.245089293
vt 0.003906250 0.245089278
vt 0.010298304 0.246093750
vt 0.010298294 0.245089293
vt 0.004910714 0.239062488
vt 0.008700283 0.239062503
vt 0.006706578 0.246093750
vt 0.114701703 0.239062503
vt 0.121093750 0.239062503
vt 0.120340392 0.239062488
vt 0.116048604 0.245591521
vt 0.120089285 0.239062503
vt 0.120089285 0.246093750
vt 0.004910715 0.239062503
vt 0.004910716 0.246093750
vt 0.010298295 0.239062503
vt 0.010298295 0.245089293
vt 0.114701711 0.135937497
vt 0.120089285 0.135937512
vt 0.121093750 0.135937497
vt 0.004910714 0.135937512
vt 0.010298295 0.135937497
vt 0.010298297 0.134179696
vt 0.116048589 0.245591521
vt 0.114701711 0.134179696
vt 0.004051123 0.150000006
vt 0.004406893 0.144893438
vt 0.004218002 0.129406899
vt 0.120900594 0.144726574
vt 0.120900586 0.129573777
vt 0.121093750 0.136382520
vt 0.120900594 0.150000006
vt 0.120648734 0.150000006
vt 0.120900586 0.128906250
vt 0.120426230 0.150000006
vt 0.121093750 0.149999991
vt 0.120426230 0.128906250
vt 0.004573774 0.224999994
vt 0.004051123 0.225000009
vt 0.004415656 0.246093750
vt 0.120900594 0.224999994
vt 0.121093750 0.225000009
vt 0.120900586 0.246093750
vt 0.120593101 0.224999994
vt 0.120900594 0.225000009
vt 0.120781995 0.245759994
vt 0.120426223 0.225000009
vt 0.120426230 0.246093750
vt 0.003906250 0.245426238
vt 0.004099415 0.245426267
vt 0.120900594 0.245426238
vt 0.004099414 0.246093750
vt 0.120900579 0.246093750
vt 0.121093750 0.245426238
vt 0.004573774 0.225000009
vt 0.004573764 0.246093750
vt 0.004099414 0.224999994
vt 0.004099414 0.245426223
vt 0.004573774 0.150000006
vt 0.004099414 0.150000006
vt 0.004099414 0.129573777
vt 0.120900594 0.129573777
vt 0.504807711 0.381250024
vt 0.533203125 0.390429705
vt 0.514573276 0.408203125
vt 0.619891882 0.380664080
vt 0.619891822 0.417968750
vt 0.621093750 0.405729175
vt 0.505108237 0.381249994
vt 0.503906250 0.381250024
vt 0.505108178 0.378906250
vt 0.582031190 0.381249994
vt 0.620292544 0.381249994
vt 0.582031250 0.378906250
vt 0.542968750 0.493749976
vt 0.504807711 0.493750006
vt 0.530348539 0.496093750
vt 0.619891882 0.493750036
vt 0.621093750 0.493749976
vt 0.619891822 0.496093750
vt 0.503906250 0.493749976
vt 0.505108178 0.493750006
vt 0.505108178 0.496093750
vt 0.582031250 0.493749976
vt 0.594651461 0.496093750
vt 0.620192349 0.493750036
vt 0.503906250 0.457031250
vt 0.505108237 0.457031250
vt 0.619891822 0.457031250
vt 0.505108178 0.496093720
vt 0.621093750 0.457031250
vt 0.621093750 0.417968750
vt 0.601562500 0.475390613
vt 0.619891763 0.417968750
vt 0.542968750 0.381249994
vt 0.582031250 0.381250024
vt 0.505108118 0.417968750
vt 0.505108178 0.457031250
vt 0.500000000 0.500000000
vn -0.775505091 0.061882221 -0.628301237
vn -0.775505112 0.061882261 -0.628301207
vn -0.775505145 0.183269149 -0.604155766
vn -0.775505018 0.183268944 -0.604155991
vn -0.775505006 0.297611767 -0.556793697
vn -0.775505155 0.297611950 -0.556793392
vn -0.775505270 0.400518411 -0.488033379
vn -0.775505075 0.400518254 -0.488033818
vn -0.775505146 0.488033235 -0.400518827
vn -0.775505313 0.488033293 -0.400518433
vn -0.775504894 0.556793674 -0.297612102
vn -0.775505124 0.556793647 -0.297611553
vn -0.775504955 0.604156009 -0.183269153
vn -0.775504925 0.604156026 -0.183269221
vn -0.775505726 0.628300549 -0.061881242
vn -0.775505005 0.628301287 -0.061882803
vn -0.775504933 0.628301519 0.061881338
vn -0.775505655 0.628300491 0.061882724
vn -0.775504922 0.604156047 0.183269164
vn -0.775504952 0.604155995 0.183269212
vn -0.775505147 0.556793400 0.297611956
vn -0.775504917 0.556793872 0.297611673
vn -0.775505329 0.488033061 0.400518684
vn -0.775505162 0.488033436 0.400518550
vn -0.775504945 0.400518664 0.488033687
vn -0.775505240 0.400517966 0.488033791
vn -0.775505575 0.297610932 0.556793351
vn -0.775504918 0.297612502 0.556793428
vn -0.775504854 0.183269550 0.604156018
vn -0.775505506 0.183268038 0.604155640
vn -0.775505098 0.061882542 0.628301196
vn -0.775504977 0.061882806 0.628301321
vn -0.775504996 -0.061882618 0.628301316
vn -0.775505086 -0.061882793 0.628301186
vn -0.775505561 -0.183269117 0.604155241
vn -0.775505001 -0.183268218 0.604156233
vn -0.775504718 -0.297611428 0.556794280
vn -0.775505498 -0.297612388 0.556792680
vn -0.775505018 -0.400518927 0.488033357
vn -0.775504768 -0.400518726 0.488033917
vn -0.775505170 -0.488033531 0.400518419
vn -0.775504991 -0.488033468 0.400518842
vn -0.775504741 -0.556793570 0.297612697
vn -0.775505136 -0.556793524 0.297611754
vn -0.775505121 -0.604155993 0.183268498
vn -0.775504788 -0.604156187 0.183269270
vn -0.775504953 -0.628301368 0.061882623
vn -0.775505121 -0.628301196 0.061882260
vn -0.775505138 -0.628301142 -0.061882601
vn -0.775504970 -0.628301381 -0.061882279
vn -0.775504756 -0.604156423 -0.183268628
vn -0.775505088 -0.604155834 -0.183269163
vn -0.775505175 -0.556793100 -0.297612446
vn -0.775504780 -0.556793910 -0.297611960
vn -0.775504974 -0.488033717 -0.400518572
vn -0.775505152 -0.488033315 -0.400518717
vn -0.775504854 -0.400519054 -0.488033512
vn -0.775505003 -0.400518702 -0.488033564
vn -0.775505170 -0.297611672 -0.556793520
vn -0.775504898 -0.297612320 -0.556793552
vn -0.775505097 -0.183268985 -0.604155877
vn -0.775505133 -0.183268903 -0.604155856
vn -0.775505111 -0.061882282 -0.628301206
vn -0.775505121 -0.061882260 -0.628301196
vn 0.000000000 0.098017131 -0.995184728
vn 0.000000000 0.290285008 -0.956940236
vn 0.000000000 0.471396345 -0.881921474
vn 0.000000000 0.634392575 -0.773011035
vn 0.000000000 0.773010562 -0.634393151
vn 0.000000000 0.881921825 -0.471395688
vn 0.000000000 0.956940118 -0.290285394
vn 0.000000000 0.995184645 -0.098017967
vn 0.000000000 0.995184645 0.098017967
vn 0.000000000 0.956940118 0.290285394
vn 0.000000000 0.881921825 0.471395688
vn 0.000000000 0.773010562 0.634393151
vn 0.000000000 0.634392323 0.773011242
vn 0.000000000 0.471397001 0.881921123
vn 0.000000000 0.290283847 0.956940587
vn 0.000000000 0.098017967 0.995184645
vn 0.000000000 -0.098017967 0.995184645
vn 0.000000000 -0.290283847 0.956940587
vn 0.000000000 -0.471397353 0.881920935
vn 0.000000000 -0.634392944 0.773010732
vn 0.000000000 -0.773010355 0.634393404
vn 0.000000000 -0.881921650 0.471396016
vn 0.000000000 -0.956940118 0.290285394
vn 0.000000000 -0.995184728 0.098017131
vn 0.000000000 -0.995184728 -0.098017131
vn 0.000000000 -0.956940118 -0.290285394
vn 0.000000000 -0.881921650 -0.471396016
vn 0.000000000 -0.773010355 -0.634393404
vn 0.000000000 -0.634393197 -0.773010525
vn 0.000000000 -0.471396696 -0.881921286
vn 0.000000000 -0.290285008 -0.956940236
vn 0.000000000 -0.098017131 -0.995184728
vn 0.775504391 0.061882348 -0.628302088
vn 0.775504412 0.061882303 -0.628302067
vn 0.775504431 0.183269153 -0.604156681
vn 0.775504303 0.183269449 -0.604156755
vn 0.775504319 0.297612434 -0.556794298
vn 0.775504468 0.297612079 -0.556794281
vn 0.775504548 0.400518664 -0.488034317
vn 0.775504353 0.400519125 -0.488034249
vn 0.775504461 0.488034102 -0.400519097
vn 0.775504627 0.488033727 -0.400519231
vn 0.775504215 0.556794632 -0.297612080
vn 0.775504445 0.556794161 -0.297612362
vn 0.775504250 0.604156820 -0.183269462
vn 0.775504220 0.604156872 -0.183269415
vn 0.775504953 0.628301349 -0.061882809
vn 0.775504231 0.628302377 -0.061881422
vn 0.775504303 0.628302145 0.061882887
vn 0.775505025 0.628301407 0.061881327
vn 0.775504223 0.604156851 0.183269471
vn 0.775504253 0.604156834 0.183269403
vn 0.775504422 0.556794408 0.297611960
vn 0.775504192 0.556794434 0.297612509
vn 0.775504611 0.488033960 0.400518980
vn 0.775504444 0.488033901 0.400519374
vn 0.775504272 0.400518720 0.488034710
vn 0.775504568 0.400518958 0.488034045
vn 0.775504808 0.297612566 0.556793546
vn 0.775504151 0.297611757 0.556794895
vn 0.775504216 0.183268497 0.604157156
vn 0.775504868 0.183269545 0.604156001
vn 0.775504385 0.061882877 0.628302044
vn 0.775504263 0.061882643 0.628302218
vn 0.775504303 -0.061882887 0.628302145
vn 0.775504393 -0.061882691 0.628302052
vn 0.775504804 -0.183268288 0.604156465
vn 0.775504244 -0.183269587 0.604156790
vn 0.775504093 -0.297613201 0.556794202
vn 0.775504874 -0.297611338 0.556794111
vn 0.775504291 -0.400519098 0.488034371
vn 0.775504042 -0.400519687 0.488034283
vn 0.775504451 -0.488033981 0.400519264
vn 0.775504272 -0.488034384 0.400519119
vn 0.775504078 -0.556794670 0.297612366
vn 0.775504473 -0.556793860 0.297612852
vn 0.775504387 -0.604156659 0.183269413
vn 0.775504054 -0.604157248 0.183268879
vn 0.775504268 -0.628302239 0.061882363
vn 0.775504436 -0.628302000 0.061882686
vn 0.775504419 -0.628302054 -0.061882345
vn 0.775504251 -0.628302226 -0.061882708
vn 0.775504087 -0.604157012 -0.183269520
vn 0.775504419 -0.604156818 -0.183268748
vn 0.775504434 -0.556794285 -0.297612160
vn 0.775504039 -0.556794331 -0.297613103
vn 0.775504289 -0.488034134 -0.400519389
vn 0.775504468 -0.488034197 -0.400518966
vn 0.775504167 -0.400519354 -0.488034358
vn 0.775504316 -0.400519474 -0.488034023
vn 0.775504441 -0.297612585 -0.556794047
vn 0.775504170 -0.297612251 -0.556794604
vn 0.775504399 -0.183269165 -0.604156719
vn 0.775504434 -0.183269221 -0.604156656
vn 0.775504410 -0.061882346 -0.628302065
vn 0.775504420 -0.061882365 -0.628302051
vn -1.000000000 0.000000000 0.000000000
vn 1.000000000 -0.000000000 0.000000000
vn 0.000000000 0.098017205 -0.995184720
vn 0.000000000 0.290285042 -0.956940225
vn 0.000000000 0.471396249 -0.881921525
vn 0.000000000 0.634392617 -0.773011001
vn 0.000000000 0.773011702 -0.634391763
vn 0.000000000 0.881920505 -0.471398157
vn 0.000000000 0.956940674 -0.290283562
vn 0.000000000 0.995184681 -0.098017605
vn 0.000000000 0.995184681 0.098017605
vn 0.000000000 0.956940674 0.290283562
vn 0.000000000 0.881920505 0.471398157
vn 0.000000000 0.773011865 0.634391565
vn 0.000000000 0.634392134 0.773011397
vn 0.000000000 0.471396564 0.881921357
vn 0.000000000 0.290285042 0.956940225
vn 0.000000000 0.098017605 0.995184681
vn 0.000000000 -0.098017605 0.995184681
vn 0.000000000 -0.290285042 0.956940225
vn 0.000000000 -0.471397236 0.881920998
vn 0.000000000 -0.634392530 0.773011072
vn 0.000000000 -0.773010676 0.634393013
vn 0.000000000 -0.881921345 0.471396585
vn 0.000000000 -0.956940337 0.290284672
vn 0.000000000 -0.995184681 0.098017605
vn 0.000000000 -0.995184681 -0.098017605
vn 0.000000000 -0.956940337 -0.290284672
vn 0.000000000 -0.881921345 -0.471396585
vn 0.000000000 -0.773010513 -0.634393212
vn 0.000000000 -0.634393013 -0.773010676
vn 0.000000000 -0.471396921 -0.881921166
vn 0.000000000 -0.290285042 -0.956940225
vn 0.000000000 -0.098017205 -0.995184720
vn 0.000000000 0.500003115 0.866023605
vn 0.000000000 1.000000000 0.000000000
vn 0.000000000 0.500003115 -0.866023605
vn 0.000000000 -0.500003115 -0.866023605
vn 0.000000000 -1.000000000 0.000000000
vn 0.000000000 -0.500003115 0.866023605
vn 0.000000000 0.499999757 0.866025544
vn 0.000000000 0.499999757 -0.866025544
vn 0.000000000 -0.499999757 -0.866025544
vn 0.000000000 -0.499999757 0.866025544
vn 0.000000000 0.499999922 0.866025449
vn 0.000000000 0.499999922 -0.866025449
vn 0.000000000 -0.499999922 -0.866025449
vn 0.000000000 -0.499999922 0.866025449
vn 0.000000000 0.500000372 0.866025189
vn 0.000000000 0.500000372 -0.866025189
vn 0.000000000 -0.500000372 -0.866025189
vn 0.000000000 -0.500000372 0.866025189
vn 0.294294242 0.124746243 -0.947538534
vn 0.294294589 0.124745055 -0.947538583
vn 0.294294325 0.365736370 -0.882965321
vn 0.294294271 0.365736547 -0.882965266
vn 0.294294451 0.581802281 -0.758219547
vn 0.294294210 0.581802980 -0.758219104
vn 0.294294204 0.758219010 -0.581803106
vn 0.294294529 0.758218256 -0.581803925
vn 0.294294181 0.882965980 -0.365734894
vn 0.294294277 0.882965828 -0.365735184
vn 0.294294898 0.947538153 -0.124747593
vn 0.294294145 0.947538718 -0.124745073
vn 0.294294240 0.947538354 0.124747619
vn 0.294294993 0.947538459 0.124745039
vn 0.294294265 0.882965956 0.365734884
vn 0.294294169 0.882965859 0.365735197
vn 0.294294487 0.758218941 0.581803053
vn 0.294294163 0.758218345 0.581803993
vn 0.294294240 0.581802321 0.758219599
vn 0.294294482 0.581802929 0.758219038
vn 0.294294278 0.365736376 0.882965334
vn 0.294294331 0.365736539 0.882965249
vn 0.294294545 0.124746231 0.947538442
vn 0.294294198 0.124745071 0.947538702
vn 0.294294201 -0.124746565 0.947538505
vn 0.294294581 -0.124745262 0.947538558
vn 0.294294584 -0.365735028 0.882965790
vn 0.294294115 -0.365736565 0.882965310
vn 0.294294258 -0.581803512 0.758218677
vn 0.294294742 -0.581802110 0.758219565
vn 0.294294528 -0.758218931 0.581803045
vn 0.294294111 -0.758219899 0.581801995
vn 0.294294139 -0.882965555 0.365735955
vn 0.294294763 -0.882964562 0.365737850
vn 0.294294180 -0.947538692 0.124745190
vn 0.294294145 -0.947538718 0.124745073
vn 0.294294149 -0.947538702 -0.124745191
vn 0.294294184 -0.947538707 -0.124745072
vn 0.294294684 -0.882965400 -0.365735891
vn 0.294294060 -0.882964762 -0.365737933
vn 0.294294164 -0.758219020 -0.581803113
vn 0.294294580 -0.758219784 -0.581801907
vn 0.294294681 -0.581803433 -0.758218574
vn 0.294294197 -0.581802212 -0.758219699
vn 0.294294174 -0.365735076 -0.882965907
vn 0.294294644 -0.365736503 -0.882965160
vn 0.294294533 -0.124746552 -0.947538403
vn 0.294294152 -0.124745279 -0.947538689
vn 0.463780367 0.115639010 -0.878370873
vn 0.463779772 0.115640897 -0.878370939
vn 0.463780284 0.339038767 -0.818511187
vn 0.463780290 0.339038747 -0.818511191
vn 0.463779939 0.539333034 -0.702871287
vn 0.463780306 0.539332007 -0.702871833
vn 0.463780619 0.702870291 -0.539333748
vn 0.463779755 0.702872296 -0.539331878
vn 0.463780575 0.818511569 -0.339037446
vn 0.463780750 0.818511274 -0.339037919
vn 0.463779325 0.878371414 -0.115639081
vn 0.463780667 0.878370170 -0.115643151
vn 0.463780440 0.878370835 0.115639005
vn 0.463779098 0.878370984 0.115643259
vn 0.463780721 0.818511498 0.339037417
vn 0.463780545 0.818511373 0.339037960
vn 0.463779901 0.702870589 0.539333977
vn 0.463780765 0.702871876 0.539331556
vn 0.463780244 0.539332937 0.702871161
vn 0.463779877 0.539332144 0.702872011
vn 0.463780289 0.339038766 0.818511184
vn 0.463780283 0.339038748 0.818511195
vn 0.463779873 0.115639043 0.878371130
vn 0.463780468 0.115640850 0.878370577
vn 0.463780450 -0.115639195 0.878370805
vn 0.463779742 -0.115641438 0.878370883
vn 0.463780284 -0.339038767 0.818511187
vn 0.463780545 -0.339037960 0.818511373
vn 0.463780227 -0.539332228 0.702871716
vn 0.463780306 -0.539332007 0.702871833
vn 0.463779869 -0.702872031 0.539332126
vn 0.463780282 -0.702871072 0.539333020
vn 0.463780937 -0.818510348 0.339039898
vn 0.463779625 -0.818512554 0.339036368
vn 0.463780969 -0.878370561 0.115638968
vn 0.463780991 -0.878370540 0.115639038
vn 0.463780987 -0.878370551 -0.115638967
vn 0.463780965 -0.878370554 -0.115639040
vn 0.463779847 -0.818510875 -0.339040116
vn 0.463781160 -0.818511812 -0.339036060
vn 0.463780212 -0.702871888 -0.539332016
vn 0.463779799 -0.702871272 -0.539333174
vn 0.463780293 -0.539332207 -0.702871689
vn 0.463780214 -0.539332037 -0.702871871
vn 0.463780501 -0.339038723 -0.818511082
vn 0.463780240 -0.339038021 -0.818511521
vn 0.463779862 -0.115639235 -0.878371110
vn 0.463780570 -0.115641382 -0.878370454
vn -0.348486161 0.122343448 -0.929295150
vn -0.348486525 0.122344016 -0.929294939
vn -0.348486367 0.358694281 -0.865965164
vn -0.348486211 0.358694069 -0.865965314
vn -0.348485974 0.570600074 -0.743621598
vn -0.348486397 0.570600523 -0.743621055
vn -0.348485069 0.743621016 -0.570601386
vn -0.348486253 0.743621836 -0.570599593
vn -0.348485897 0.865965412 -0.358694139
vn -0.348484915 0.865965139 -0.358695751
vn -0.348485748 0.929295327 -0.122343284
vn -0.348486027 0.929295283 -0.122342821
vn -0.348486046 0.929295217 0.122343269
vn -0.348485767 0.929295379 0.122342833
vn -0.348484846 0.865965773 0.358694288
vn -0.348485829 0.865964825 0.358695621
vn -0.348486336 0.743620642 0.570601099
vn -0.348485151 0.743622161 0.570599843
vn -0.348486427 0.570599972 0.743621465
vn -0.348486003 0.570600613 0.743621171
vn -0.348486200 0.358694305 0.865965221
vn -0.348486356 0.358694049 0.865965264
vn -0.348486551 0.122343429 0.929295007
vn -0.348486187 0.122344033 0.929295064
vn -0.348486046 -0.122343269 0.929295217
vn -0.348486525 -0.122344016 0.929294939
vn -0.348486101 -0.358695328 0.865964837
vn -0.348485857 -0.358694997 0.865965072
vn -0.348485476 -0.570600187 0.743621745
vn -0.348485899 -0.570600636 0.743621202
vn -0.348486415 -0.743621308 0.570600183
vn -0.348485689 -0.743620804 0.570601283
vn -0.348485897 -0.865965412 0.358694139
vn -0.348486328 -0.865965531 0.358693432
vn -0.348486498 -0.929294866 0.122344650
vn -0.348486133 -0.929294923 0.122345255
vn -0.348486107 -0.929295010 -0.122344669
vn -0.348486472 -0.929294798 -0.122345238
vn -0.348486358 -0.865965254 -0.358694073
vn -0.348485927 -0.865965669 -0.358693489
vn -0.348485638 -0.743621537 -0.570600359
vn -0.348486365 -0.743620605 -0.570601130
vn -0.348485929 -0.570600085 -0.743621611
vn -0.348485505 -0.570600725 -0.743621318
vn -0.348485840 -0.358695365 -0.865964927
vn -0.348486084 -0.358694965 -0.865964994
vn -0.348486559 -0.122343244 -0.929295028
vn -0.348486080 -0.122344038 -0.929295103
vn 0.000000000 0.130526209 -0.991444859
vn 0.000000000 0.382682970 -0.923879724
vn 0.000000000 0.608761442 -0.793353331
vn 0.000000000 0.793354119 -0.608760415
vn 0.000000000 0.923879062 -0.382684567
vn 0.000000000 0.991445030 -0.130524908
vn 0.000000000 0.991445030 0.130524908
vn 0.000000000 0.923879062 0.382684567
vn 0.000000000 0.793354119 0.608760415
vn 0.000000000 0.608761442 0.793353331
vn 0.000000000 0.382682970 0.923879724
vn 0.000000000 0.130526209 0.991444859
vn 0.000000000 -0.130526209 0.991444859
vn 0.000000000 -0.382683905 0.923879337
vn 0.000000000 -0.608761442 0.793353331
vn 0.000000000 -0.793352840 0.608762081
vn 0.000000000 -0.923879998 0.382682308
vn 0.000000000 -0.991444688 0.130527510
vn 0.000000000 -0.991444688 -0.130527510
vn 0.000000000 -0.923879998 -0.382682308
vn 0.000000000 -0.793352840 -0.608762081
vn 0.000000000 -0.608761442 -0.793353331
vn 0.000000000 -0.382683905 -0.923879337
vn 0.000000000 -0.130526209 -0.991444859
vn 0.704062929 0.092691567 -0.704062260
vn 0.704062948 0.092691503 -0.704062249
vn 0.704063072 0.271757506 -0.656081587
vn 0.704062710 0.271758712 -0.656081476
vn 0.704063369 0.432304116 -0.563389674
vn 0.704063057 0.432305093 -0.563389313
vn 0.704063183 0.563390379 -0.432303498
vn 0.704063508 0.563389493 -0.432304125
vn 0.704063170 0.656081027 -0.271758604
vn 0.704063148 0.656081075 -0.271758546
vn 0.704063005 0.704062306 -0.092690634
vn 0.704063336 0.704061843 -0.092691639
vn 0.704063267 0.704062049 0.092690600
vn 0.704062936 0.704062236 0.092691691
vn 0.704063153 0.656081043 0.271758610
vn 0.704063175 0.656081050 0.271758536
vn 0.704063439 0.563390178 0.432303344
vn 0.704063115 0.563389801 0.432304362
vn 0.704063123 0.432304264 0.563389867
vn 0.704063434 0.432304866 0.563389016
vn 0.704062786 0.271757615 0.656081849
vn 0.704063148 0.271758546 0.656081075
vn 0.704062944 0.092691565 0.704062245
vn 0.704062925 0.092691506 0.704062272
vn 0.704063022 -0.092691555 0.704062169
vn 0.704062923 -0.092691879 0.704062224
vn 0.704062983 -0.271758205 0.656081393
vn 0.704063019 -0.271758086 0.656081404
vn 0.704063152 -0.432304246 0.563389844
vn 0.704062841 -0.432305224 0.563389483
vn 0.704063368 -0.563389326 0.432304570
vn 0.704063225 -0.563389715 0.432304296
vn 0.704062956 -0.656081888 0.271757080
vn 0.704063476 -0.656080774 0.271758422
vn 0.704063235 -0.704061837 0.092692452
vn 0.704062983 -0.704062190 0.092691685
vn 0.704063037 -0.704062032 -0.092692477
vn 0.704063289 -0.704061890 -0.092691646
vn 0.704063367 -0.656081511 -0.271756924
vn 0.704062846 -0.656081351 -0.271758661
vn 0.704063255 -0.563389414 -0.432304638
vn 0.704063397 -0.563389579 -0.432304192
vn 0.704062906 -0.432304395 -0.563390037
vn 0.704063218 -0.432304997 -0.563389187
vn 0.704063011 -0.271758194 -0.656081367
vn 0.704062975 -0.271758102 -0.656081444
vn 0.704062944 -0.092691565 -0.704062245
vn 0.704063042 -0.092691864 -0.704062107
vn -0.577348995 -0.577352818 0.577348995
vn 0.577348995 -0.577352818 0.577348995
vn 0.577348995 -0.577352818 -0.577348995
vn -0.577348995 -0.577352818 -0.577348995
vn -0.577347720 0.577355367 0.577347720
vn 0.577347720 0.577355367 0.577347720
vn 0.577347720 0.577355367 -0.577347720
vn -0.577347720 0.577355367 -0.577347720
vn 0.000000000 -0.707109123 0.707104440
vn -0.707104440 -0.707109123 -0.000000000
vn -0.000000000 -0.707109123 -0.707104440
vn 0.707104440 -0.707109123 0.000000000
vn -0.707102098 0.707111464 0.000000000
vn -0.000000000 0.707111464 0.707102098
vn 0.707102098 0.707111464 0.000000000
vn 0.000000000 0.707111464 -0.707102098
vn -0.707106781 0.000000000 0.707106781
vn 0.707106781 -0.000000000 0.707106781
vn 0.707106781 0.000000000 -0.707106781
vn -0.707106781 0.000000000 -0.707106781
vn 0.000000000 0.000000000 1.000000000
vn 0.000000000 0.000000000 -1.000000000
vn -0.577346446 -0.577350269 0.577354093
vn 0.577346446 -0.577350269 0.577354093
vn 0.577347720 -0.577351544 -0.577351544
vn -0.577347720 -0.577351544 -0.577351544
vn -0.577347720 0.577347720 0.577355367
vn 0.577347720 0.577347720 0.577355367
vn 0.577348995 0.577348995 -0.577352818
vn -0.577348995 0.577348995 -0.577352818
vn 0.000000000 -0.707104440 0.707109123
vn -0.000000000 -0.707106781 -0.707106781
vn -0.707106781 0.707106781 0.000000000
vn -0.000000000 0.707102098 0.707111464
vn 0.707106781 0.707106781 0.000000000
vn 0.000000000 0.707104440 -0.707109123
vn -0.707102098 0.000000000 0.707111464
vn 0.707102098 -0.000000000 0.707111464
vn 0.707104440 0.000000000 -0.707109123
vn -0.707104440 0.000000000 -0.707109123
vn -0.577348995 -0.577348995 0.577352818
vn 0.577348995 -0.577348995 0.577352818
vn 0.577350269 -0.577350269 -0.577350269
vn -0.577350269 -0.577350269 -0.577350269
vn -0.577348995 0.577348995 0.577352818
vn 0.577348995 0.577348995 0.577352818
vn 0.577350269 0.577350269 -0.577350269
vn -0.577350269 0.577350269 -0.577350269
vn -0.707106781 -0.707106781 -0.000000000
vn 0.707106781 -0.707106781 0.000000000
vn -0.000000000 0.707104440 0.707109123
vn 0.000000000 0.707106781 -0.707106781
vn -0.707104440 0.000000000 0.707109123
vn 0.707104440 -0.000000000 0.707109123
vn -0.866026420 0.000000000 0.499998240
vn 0.866026420 0.000000000 0.499998240
vn 0.866026420 0.000000000 -0.499998240
vn -0.866026420 0.000000000 -0.499998240
vn -0.577347720 -0.577351544 0.577351544
vn 0.577347720 -0.577351544 0.577351544
vn 0.000000000 -0.707106781 0.707106781
vn -0.577350269 -0.577350269 0.577350269
vn 0.577350269 -0.577350269 0.577350269
vn -0.577350269 0.577350269 0.577350269
vn 0.577350269 0.577350269 0.577350269
vn -0.000000000 0.707106781 0.707106781
vn 0.866026089 0.000000000 -0.499998813
vn -0.866026089 0.000000000 -0.499998813
vn -0.577351544 -0.577347720 0.577351544
vn 0.577351544 -0.577347720 0.577351544
vn 0.577352818 -0.577348995 -0.577348995
vn -0.577352818 -0.577348995 -0.577348995
vn -0.577351544 0.577347720 0.577351544
vn 0.577351544 0.577347720 0.577351544
vn 0.577352818 0.577348995 -0.577348995
vn -0.577352818 0.577348995 -0.577348995
vn -0.707109123 -0.707104440 -0.000000000
vn 0.707109123 -0.707104440 0.000000000
vn -0.707109123 0.707104440 0.000000000
vn 0.707109123 0.707104440 0.000000000
vn 0.707109123 0.000000000 -0.707104440
vn -0.707109123 0.000000000 -0.707104440
vn -0.866025273 0.000000000 0.500000227
vn 0.866025273 0.000000000 0.500000227
vn 0.866025273 0.000000000 -0.500000227
vn -0.866025273 0.000000000 -0.500000227
vn -0.577352818 -0.577348995 0.577348995
vn 0.577352818 -0.577348995 0.577348995
vn -0.577352818 0.577348995 0.577348995
vn 0.577352818 0.577348995 0.577348995
vn -0.707109123 0.000000000 0.707104440
vn 0.707109123 -0.000000000 0.707104440
vn 0.866024942 0.000000000 -0.500000800
vn -0.866024942 0.000000000 -0.500000800
vn 0.965926426 0.000000000 -0.258816805
vn 0.707103369 0.000000000 -0.707110193
vn 0.258819989 0.000000000 -0.965925573
vn -0.258823401 0.000000000 -0.965924659
vn -0.707103369 0.000000000 -0.707110193
vn -0.965926426 0.000000000 -0.258816805
vn -0.965926426 0.000000000 0.258816805
vn -0.707103369 0.000000000 0.707110193
vn -0.258823401 0.000000000 0.965924659
vn 0.258819989 0.000000000 0.965925573
vn 0.707103369 0.000000000 0.707110193
vn 0.965926426 0.000000000 0.258816805
vn -0.612093748 0.077510616 -0.786977349
vn -0.612093696 0.077510398 -0.786977411
vn -0.612093519 0.229552088 -0.756734672
vn -0.612093712 0.229552841 -0.756734287
vn -0.612093591 0.372773564 -0.697410429
vn -0.612093568 0.372773485 -0.697410491
vn -0.612093553 0.501668749 -0.611285488
vn -0.612093607 0.501668902 -0.611285309
vn -0.612093795 0.611285448 -0.501668503
vn -0.612093563 0.611284952 -0.501669391
vn -0.612093653 0.697410386 -0.372773541
vn -0.612093761 0.697410533 -0.372773089
vn -0.612093672 0.756734328 -0.229552811
vn -0.612093697 0.756734341 -0.229552704
vn -0.612093463 0.786977557 -0.077510754
vn -0.612093631 0.786977499 -0.077510016
vn -0.612093666 0.786977401 0.077510738
vn -0.612093497 0.786977602 0.077510026
vn -0.612093702 0.756734306 0.229552804
vn -0.612093678 0.756734355 0.229552708
vn -0.612093783 0.697410297 0.372773494
vn -0.612093675 0.697410592 0.372773121
vn -0.612093515 0.611285616 0.501668640
vn -0.612093747 0.611284842 0.501669300
vn -0.612093787 0.501668634 0.611285349
vn -0.612093593 0.501669376 0.611284934
vn -0.612093371 0.372773644 0.697410579
vn -0.612093713 0.372772216 0.697411042
vn -0.612093856 0.229552012 0.756734422
vn -0.612093403 0.229553985 0.756734190
vn -0.612093686 0.077510621 0.786977397
vn -0.612093827 0.077510001 0.786977348
vn -0.612093883 -0.077510722 0.786977233
vn -0.612093715 -0.077510009 0.786977435
vn -0.612093310 -0.229552135 0.756734826
vn -0.612093815 -0.229554109 0.756733819
vn -0.612093783 -0.372773494 0.697410297
vn -0.612093441 -0.372772315 0.697411228
vn -0.612093728 -0.501669246 0.611284906
vn -0.612093747 -0.501669300 0.611284842
vn -0.612093667 -0.611284943 0.501669276
vn -0.612093717 -0.611285051 0.501669081
vn -0.612093653 -0.697410386 0.372773541
vn -0.612093681 -0.697410425 0.372773423
vn -0.612093672 -0.756734328 0.229552811
vn -0.612093697 -0.756734341 0.229552704
vn -0.612093463 -0.786977557 0.077510754
vn -0.612093631 -0.786977499 0.077510016
vn -0.612093666 -0.786977401 -0.077510738
vn -0.612093497 -0.786977602 -0.077510026
vn -0.612093702 -0.756734306 -0.229552804
vn -0.612093678 -0.756734355 -0.229552708
vn -0.612093687 -0.697410363 -0.372773529
vn -0.612093659 -0.697410440 -0.372773431
vn -0.612093728 -0.611284906 -0.501669246
vn -0.612093677 -0.611285075 -0.501669101
vn -0.612093582 -0.501669317 -0.611284993
vn -0.612093703 -0.501668855 -0.611285252
vn -0.612093563 -0.372773574 -0.697410448
vn -0.612093586 -0.372773478 -0.697410479
vn -0.612093815 -0.229552022 -0.756734452
vn -0.612093569 -0.229553091 -0.756734327
vn -0.612093680 -0.077510737 -0.786977390
vn -0.612093759 -0.077510393 -0.786977363
vn -0.467390385 0.086652031 -0.879794097
vn -0.467390520 0.086652588 -0.879793971
vn -0.467390513 0.256626454 -0.845984026
vn -0.467390421 0.256626097 -0.845984185
vn -0.467390571 0.416738561 -0.779663405
vn -0.467390523 0.416738392 -0.779663525
vn -0.467390616 0.560835970 -0.683380588
vn -0.467390596 0.560835910 -0.683380650
vn -0.467390389 0.683380251 -0.560836568
vn -0.467390647 0.683380835 -0.560835642
vn -0.467390309 0.779663722 -0.416738263
vn -0.467390385 0.779663837 -0.416737962
vn -0.467390362 0.845984150 -0.256626320
vn -0.467390247 0.845984067 -0.256626801
vn -0.467390731 0.879793958 -0.086651580
vn -0.467390407 0.879793994 -0.086652960
vn -0.467390351 0.879794158 0.086651599
vn -0.467390675 0.879793853 0.086652946
vn -0.467390227 0.845984218 0.256626341
vn -0.467390342 0.845984019 0.256626786
vn -0.467390398 0.779663680 0.416738241
vn -0.467390322 0.779663866 0.416737978
vn -0.467390691 0.683380128 0.560836467
vn -0.467390434 0.683380922 0.560835714
vn -0.467390498 0.560836531 0.683380207
vn -0.467390622 0.560836086 0.683380488
vn -0.467390880 0.416737125 0.779663988
vn -0.467390498 0.416738638 0.779663408
vn -0.467390354 0.256627679 0.845983742
vn -0.467390813 0.256625754 0.845984072
vn -0.467390390 0.086651597 0.879794137
vn -0.467390371 0.086651678 0.879794140
vn -0.467390351 -0.086651599 0.879794158
vn -0.467390384 -0.086651737 0.879794127
vn -0.467390902 -0.256627838 0.845983391
vn -0.467390383 -0.256625820 0.845984290
vn -0.467390352 -0.416737256 0.779664234
vn -0.467390802 -0.416738820 0.779663129
vn -0.467390480 -0.560836538 0.683380214
vn -0.467390403 -0.560836311 0.683380453
vn -0.467390470 -0.683380433 0.560836280
vn -0.467390477 -0.683380450 0.560836253
vn -0.467390521 -0.779663441 0.416738550
vn -0.467390494 -0.779663401 0.416738656
vn -0.467390362 -0.845984150 0.256626320
vn -0.467390457 -0.845984218 0.256625920
vn -0.467390560 -0.879794048 0.086651589
vn -0.467390381 -0.879794068 0.086652349
vn -0.467390351 -0.879794158 -0.086651599
vn -0.467390530 -0.879793990 -0.086652342
vn -0.467390474 -0.845984093 -0.256626303
vn -0.467390378 -0.845984259 -0.256625932
vn -0.467390489 -0.779663456 -0.416738558
vn -0.467390516 -0.779663391 -0.416738651
vn -0.467390478 -0.683380429 -0.560836277
vn -0.467390471 -0.683380452 -0.560836255
vn -0.467390483 -0.560836014 -0.683380642
vn -0.467390457 -0.560836108 -0.683380582
vn -0.467390514 -0.416738576 -0.779663432
vn -0.467390494 -0.416738656 -0.779663401
vn -0.467390345 -0.256626723 -0.845984037
vn -0.467390497 -0.256626085 -0.845984146
vn -0.467390543 -0.086652022 -0.879794014
vn -0.467390394 -0.086652655 -0.879794031
vn -0.032086312 0.097967170 -0.994672259
vn -0.032086242 0.097966796 -0.994672298
vn -0.032086303 0.290134796 -0.956447735
vn -0.032086306 0.290134812 -0.956447730
vn -0.032086198 0.471153627 -0.881467377
vn -0.032086311 0.471154158 -0.881467089
vn -0.032086133 0.634066576 -0.772612489
vn -0.032086205 0.634066873 -0.772612242
vn -0.032086248 0.772612719 -0.634066290
vn -0.032086107 0.772612244 -0.634066875
vn -0.032086484 0.881467649 -0.471153098
vn -0.032086231 0.881467016 -0.471154299
vn -0.032086402 0.956447499 -0.290135561
vn -0.032086488 0.956447631 -0.290135119
vn -0.032086176 0.994672222 -0.097967584
vn -0.032086386 0.994672326 -0.097966461
vn -0.032086390 0.994672215 0.097967584
vn -0.032086180 0.994672333 0.097966462
vn -0.032086489 0.956447497 0.290135560
vn -0.032086403 0.956447633 0.290135120
vn -0.032086257 0.881467655 0.471153101
vn -0.032086480 0.881467084 0.471154155
vn -0.032086146 0.772612721 0.634066292
vn -0.032086286 0.772612240 0.634066871
vn -0.032086205 0.634066783 0.772612316
vn -0.032086184 0.634066873 0.772612242
vn -0.032086255 0.471153897 0.881467230
vn -0.032086200 0.471154159 0.881467092
vn -0.032086123 0.290134478 0.956447837
vn -0.032086239 0.290133885 0.956448013
vn -0.032086435 0.097966132 0.994672357
vn -0.032086123 0.097967800 0.994672203
vn -0.032086118 -0.097966201 0.994672360
vn -0.032086430 -0.097967865 0.994672186
vn -0.032086241 -0.290134477 0.956447834
vn -0.032086125 -0.290133886 0.956448017
vn -0.032086261 -0.471154188 0.881467074
vn -0.032086254 -0.471154159 0.881467090
vn -0.032086306 -0.634066952 0.772612173
vn -0.032086286 -0.634066871 0.772612240
vn -0.032086385 -0.772612201 0.634066913
vn -0.032086298 -0.772611908 0.634067275
vn -0.032086312 -0.881467218 0.471153915
vn -0.032086372 -0.881467368 0.471153632
vn -0.032086405 -0.956447790 0.290134601
vn -0.032086304 -0.956447636 0.290135121
vn -0.032086369 -0.994672284 0.097966892
vn -0.032086387 -0.994672293 0.097966796
vn -0.032086388 -0.994672284 -0.097966892
vn -0.032086370 -0.994672294 -0.097966796
vn -0.032086302 -0.956447794 -0.290134602
vn -0.032086403 -0.956447633 -0.290135120
vn -0.032086342 -0.881467217 -0.471153915
vn -0.032086312 -0.881467294 -0.471153773
vn -0.032086256 -0.772612205 -0.634066916
vn -0.032086343 -0.772611907 -0.634067274
vn -0.032086287 -0.634066744 -0.772612344
vn -0.032086256 -0.634066872 -0.772612241
vn -0.032086312 -0.471153915 -0.881467218
vn -0.032086261 -0.471154158 -0.881467090
vn -0.032086306 -0.290134796 -0.956447735
vn -0.032086303 -0.290134812 -0.956447730
vn -0.032086241 -0.097967238 -0.994672254
vn -0.032086311 -0.097966862 -0.994672289
vn 0.470451746 0.086492956 -0.878176590
vn 0.470451712 0.086493075 -0.878176596
vn 0.470451824 0.256154302 -0.844428834
vn 0.470451758 0.256154530 -0.844428801
vn 0.470451651 0.415972755 -0.778229986
vn 0.470451859 0.415972063 -0.778230230
vn 0.470451794 0.559805143 -0.682124118
vn 0.470451578 0.559805801 -0.682123727
vn 0.470451719 0.682124149 -0.559805168
vn 0.470451822 0.682123876 -0.559805413
vn 0.470452087 0.778229715 -0.415972770
vn 0.470451645 0.778230649 -0.415971520
vn 0.470452036 0.844428643 -0.256154542
vn 0.470452086 0.844428567 -0.256154700
vn 0.470451535 0.878176731 -0.086492672
vn 0.470452107 0.878176232 -0.086494629
vn 0.470452025 0.878176471 0.086492646
vn 0.470451454 0.878176578 0.086494664
vn 0.470452079 0.844428621 0.256154536
vn 0.470452029 0.844428596 0.256154709
vn 0.470451749 0.778229940 0.415972731
vn 0.470452150 0.778230412 0.415971393
vn 0.470451869 0.682124087 0.559805117
vn 0.470451766 0.682123899 0.559805432
vn 0.470451533 0.559805231 0.682124225
vn 0.470451926 0.559806158 0.682123194
vn 0.470452001 0.415972667 0.778229821
vn 0.470451492 0.415971228 0.778230898
vn 0.470451709 0.256153501 0.844429140
vn 0.470452020 0.256154489 0.844428668
vn 0.470451875 0.086493835 0.878176434
vn 0.470451654 0.086493078 0.878176627
vn 0.470451669 -0.086493904 0.878176538
vn 0.470451906 -0.086493065 0.878176493
vn 0.470451975 -0.256153460 0.844429005
vn 0.470451599 -0.256154775 0.844428815
vn 0.470451657 -0.415972754 0.778229983
vn 0.470452058 -0.415971416 0.778230455
vn 0.470451746 -0.559805159 0.682124138
vn 0.470451642 -0.559805474 0.682123950
vn 0.470452063 -0.682123714 0.559805408
vn 0.470451683 -0.682124713 0.559804510
vn 0.470451942 -0.778230097 0.415972218
vn 0.470452093 -0.778229778 0.415972644
vn 0.470451943 -0.844428690 0.256154557
vn 0.470451883 -0.844428781 0.256154367
vn 0.470451814 -0.878176554 0.086492952
vn 0.470451961 -0.878176425 0.086493456
vn 0.470451940 -0.878176487 -0.086492946
vn 0.470451793 -0.878176515 -0.086493465
vn 0.470451892 -0.844428716 -0.256154564
vn 0.470451951 -0.844428746 -0.256154357
vn 0.470452031 -0.778229989 -0.415972320
vn 0.470451921 -0.778229859 -0.415972687
vn 0.470451676 -0.682123874 -0.559805539
vn 0.470452056 -0.682124560 -0.559804384
vn 0.470451732 -0.559805163 -0.682124143
vn 0.470451660 -0.559804993 -0.682124333
vn 0.470451829 -0.415972711 -0.778229902
vn 0.470451729 -0.415972427 -0.778230115
vn 0.470451711 -0.256154319 -0.844428891
vn 0.470451842 -0.256154738 -0.844428691
vn 0.470451715 -0.086493016 -0.878176601
vn 0.470451732 -0.086493074 -0.878176586
vn 0.846845913 0.052129409 -0.529277361
vn 0.846846007 0.052128933 -0.529277256
vn 0.846845825 0.154384475 -0.508937700
vn 0.846845914 0.154384021 -0.508937690
vn 0.846845884 0.250706561 -0.469039730
vn 0.846845827 0.250706850 -0.469039679
vn 0.846845954 0.337395095 -0.411116139
vn 0.846845867 0.337395512 -0.411115977
vn 0.846845989 0.411116248 -0.337394876
vn 0.846845931 0.411116496 -0.337394718
vn 0.846845805 0.469040034 -0.250706261
vn 0.846846018 0.469039246 -0.250707016
vn 0.846845866 0.508937597 -0.154384589
vn 0.846845749 0.508937942 -0.154384097
vn 0.846846123 0.529276934 -0.052130325
vn 0.846845847 0.529277503 -0.052129031
vn 0.846845907 0.529277276 0.052130359
vn 0.846846183 0.529276971 0.052128978
vn 0.846845774 0.508937737 0.154384632
vn 0.846845891 0.508937725 0.154384032
vn 0.846845972 0.469039800 0.250706135
vn 0.846845759 0.469039610 0.250707211
vn 0.846845944 0.411116303 0.337394922
vn 0.846846001 0.411116410 0.337394647
vn 0.846845962 0.337395373 0.411115895
vn 0.846845973 0.337395405 0.411115846
vn 0.846845815 0.250706054 0.469040127
vn 0.846846002 0.250706719 0.469039433
vn 0.846845837 0.154384470 0.508937681
vn 0.846845749 0.154384097 0.508937942
vn 0.846845927 0.052129406 0.529277338
vn 0.846845833 0.052128961 0.529277533
vn 0.846845865 -0.052129416 0.529277437
vn 0.846845945 -0.052129016 0.529277348
vn 0.846845809 -0.154384616 0.508937684
vn 0.846845882 -0.154384243 0.508937676
vn 0.846845972 -0.250706135 0.469039800
vn 0.846845831 -0.250706848 0.469039674
vn 0.846845944 -0.337394922 0.411116303
vn 0.846846001 -0.337394647 0.411116410
vn 0.846845929 -0.411116791 0.337394364
vn 0.846845906 -0.411116892 0.337394299
vn 0.846845978 -0.469039392 0.250706876
vn 0.846845883 -0.469039744 0.250706539
vn 0.846845933 -0.508937561 0.154384339
vn 0.846846009 -0.508937338 0.154384658
vn 0.846845917 -0.529277331 0.052129645
vn 0.846845940 -0.529277284 0.052129753
vn 0.846845935 -0.529277303 -0.052129643
vn 0.846845912 -0.529277328 -0.052129757
vn 0.846845993 -0.508937471 -0.154384311
vn 0.846845917 -0.508937479 -0.154384701
vn 0.846845904 -0.469039497 -0.250706932
vn 0.846845999 -0.469039582 -0.250706452
vn 0.846845911 -0.411116813 -0.337394382
vn 0.846845934 -0.411116857 -0.337394270
vn 0.846845913 -0.337394667 -0.411116576
vn 0.846845931 -0.337394718 -0.411116496
vn 0.846845886 -0.250706759 -0.469039622
vn 0.846845897 -0.250706798 -0.469039581
vn 0.846845923 -0.154384563 -0.508937510
vn 0.846845850 -0.154384257 -0.508937724
vn 0.846845987 -0.052129397 -0.529277243
vn 0.846845907 -0.052129021 -0.529277408
vn -0.577348084 -0.577352017 0.577350706
vn 0.577348084 -0.577352017 0.577350706
vn 0.577348084 -0.577352017 -0.577350706
vn -0.577348084 -0.577352017 -0.577350706
vn -0.577348084 0.577352017 0.577350706
vn 0.577348084 0.577352017 0.577350706
vn 0.577348084 0.577352017 -0.577350706
vn -0.577348084 0.577352017 -0.577350706
vn 0.000000000 -0.707107584 0.707105978
vn -0.707104373 -0.707109190 -0.000000000
vn -0.000000000 -0.707107584 -0.707105978
vn 0.707104373 -0.707109190 0.000000000
vn -0.707104373 0.707109190 0.000000000
vn -0.000000000 0.707107584 0.707105978
vn 0.707104373 0.707109190 0.000000000
vn 0.000000000 0.707107584 -0.707105978
vn -0.707105176 0.000000000 0.707108387
vn 0.707105176 -0.000000000 0.707108387
vn 0.707105176 0.000000000 -0.707108387
vn -0.707105176 0.000000000 -0.707108387
vn -0.866021772 0.000000000 0.500006290
vn 0.866021772 0.000000000 0.500006290
vn 0.866021772 0.000000000 -0.500006290
vn -0.866021772 0.000000000 -0.500006290
vn -0.866022140 0.000000000 0.500005652
vn 0.866022140 0.000000000 0.500005652
vn 0.866022140 0.000000000 -0.500005652
vn -0.866022140 0.000000000 -0.500005652
vn -0.577348039 -0.577350906 0.577351862
vn 0.577348039 -0.577350906 0.577351862
vn 0.577348039 -0.577350906 -0.577351862
vn -0.577348039 -0.577350906 -0.577351862
vn 0.000000000 -0.707106196 0.707107367
vn -0.707105025 -0.707108537 -0.000000000
vn -0.000000000 -0.707106196 -0.707107367
vn 0.707105025 -0.707108537 0.000000000
vn 0.577358235 -0.577345808 0.577346764
vn 0.577358235 -0.577345808 -0.577346764
vn 0.577359191 0.577343896 0.577347720
vn 0.577359191 0.577343896 -0.577347720
vn 0.707114391 -0.707099171 0.000000000
vn 0.707116147 0.707097415 0.000000000
vn 0.707113806 -0.000000000 0.707099757
vn 0.707113806 0.000000000 -0.707099757
vn 0.577356642 -0.577345171 0.577348995
vn 0.577356642 -0.577345171 -0.577348995
vn -0.577346446 -0.577350269 -0.577354093
vn 0.577357917 0.577342622 0.577350269
vn 0.577357917 0.577342622 -0.577350269
vn -0.577347720 0.577347720 -0.577355367
vn -0.000000000 -0.707104440 -0.707109123
vn 0.707113806 -0.707099757 0.000000000
vn 0.000000000 0.707102098 -0.707111464
vn 0.707111464 -0.000000000 0.707102098
vn 0.707111464 0.000000000 -0.707102098
vn -0.707102098 0.000000000 -0.707111464
vn -0.577346446 0.577350269 0.577354093
vn 0.577346446 0.577350269 0.577354093
vn 0.577347720 0.577351544 -0.577351544
vn -0.577347720 0.577351544 -0.577351544
vn -0.707104440 0.707109123 0.000000000
vn 0.707104440 0.707109123 0.000000000
vn 0.577357917 -0.577346445 0.577346445
vn 0.577357917 -0.577346445 -0.577346445
vn -0.577347720 0.577351544 0.577351544
vn 0.577347720 0.577351544 0.577351544
vn -0.866024942 0.000000000 0.500000800
vn 0.866024942 0.000000000 0.500000800
vn -0.577356642 -0.577345171 0.577348995
vn -0.577356642 -0.577345171 -0.577348995
vn -0.577357917 0.577342622 0.577350269
vn -0.577357917 0.577342622 -0.577350269
vn -0.707113806 -0.707099757 -0.000000000
vn -0.707116147 0.707097415 0.000000000
vn -0.707111464 0.000000000 0.707102098
vn -0.707111464 0.000000000 -0.707102098
vn -0.577357917 -0.577346445 0.577346445
vn -0.577357917 -0.577346445 -0.577346445
vn -0.577359191 0.577343896 0.577347720
vn -0.577359191 0.577343896 -0.577347720
vn -0.707113806 0.000000000 0.707099757
vn -0.707113806 0.000000000 -0.707099757
vn -0.577351969 -0.577348910 0.577349929
vn 0.577349250 -0.577350269 0.577351289
vn 0.577349250 -0.577350269 -0.577351289
vn -0.577351969 -0.577348910 -0.577349929
vn -0.577351629 0.577349589 0.577349589
vn 0.577348910 0.577350949 0.577350949
vn 0.577348910 0.577350949 -0.577350949
vn -0.577351629 0.577349589 -0.577349589
vn 0.000000000 -0.707106157 0.707107406
vn -0.707108654 -0.707104908 -0.000000000
vn -0.000000000 -0.707106157 -0.707107406
vn 0.707106157 -0.707107406 0.000000000
vn -0.707108030 0.707105532 0.000000000
vn 0.707105532 0.707108030 0.000000000
vn -0.707108030 0.000000000 0.707105532
vn 0.707105532 -0.000000000 0.707108030
vn 0.707105532 0.000000000 -0.707108030
vn -0.707108030 0.000000000 -0.707105532
vn -0.980785214 0.195090657 0.000000000
vn -0.831469085 0.555571023 0.000000000
vn -0.555569984 0.831469778 0.000000000
vn -0.195086303 0.980786080 0.000000000
vn 0.195086303 0.980786080 0.000000000
vn 0.555569984 0.831469778 0.000000000
vn 0.831469085 0.555571023 0.000000000
vn 0.980785214 0.195090657 0.000000000
vn 0.980785041 -0.195091523 0.000000000
vn 0.831467688 -0.555573114 0.000000000
vn 0.555573114 -0.831467688 0.000000000
vn 0.195086303 -0.980786080 0.000000000
vn -0.195086303 -0.980786080 0.000000000
vn -0.555573114 -0.831467688 0.000000000
vn -0.831467688 -0.555573114 0.000000000
vn -0.980785041 -0.195091523 0.000000000
vn 0.980785680 -0.195088311 0.000000000
vn 0.831465873 -0.555575829 0.000000000
vn 0.555572161 -0.831468324 0.000000000
vn 0.195097469 -0.980783859 0.000000000
vn -0.195097469 -0.980783859 0.000000000
vn -0.555572161 -0.831468324 0.000000000
vn -0.831465873 -0.555575829 0.000000000
vn -0.980785680 -0.195088311 0.000000000
vn -0.980785076 0.195091350 0.000000000
vn -0.831468324 0.555572161 0.000000000
vn -0.555572161 0.831468324 0.000000000
vn -0.195097469 0.980783859 0.000000000
vn 0.195097469 0.980783859 0.000000000
vn 0.555572161 0.831468324 0.000000000
vn 0.831468324 0.555572161 0.000000000
vn 0.980785076 0.195091350 0.000000000
vn 0.980786946 0.195081949 0.000000000
vn 0.980786774 -0.195082815 0.000000000
vn 0.000000000 0.130527957 -0.991444629
vn 0.000000000 0.382680662 -0.923880680
vn 0.000000000 0.608763159 -0.793352013
vn 0.000000000 0.793353201 -0.608761611
vn 0.000000000 0.923879078 -0.382684531
vn 0.000000000 0.991444629 -0.130527957
vn 0.000000000 0.991444629 0.130527957
vn 0.000000000 0.923879078 0.382684531
vn 0.000000000 0.793353201 0.608761611
vn 0.000000000 0.608763159 0.793352013
vn 0.000000000 0.382680662 0.923880680
vn 0.000000000 0.130527957 0.991444629
vn 0.000000000 -0.130527957 0.991444629
vn 0.000000000 -0.382681795 0.923880211
vn 0.000000000 -0.608763159 0.793352013
vn 0.000000000 -0.793353201 0.608761611
vn 0.000000000 -0.923880211 0.382681795
vn 0.000000000 -0.991444214 0.130531107
vn 0.000000000 -0.991444214 -0.130531107
vn 0.000000000 -0.923880211 -0.382681795
vn 0.000000000 -0.793353201 -0.608761611
vn 0.000000000 -0.608763159 -0.793352013
vn 0.000000000 -0.382681795 -0.923880211
vn 0.000000000 -0.130527957 -0.991444629
vn 0.000000000 0.130523954 -0.991445156
vn 0.000000000 0.382685920 -0.923878502
vn 0.000000000 0.608761324 -0.793353421
vn 0.000000000 0.793351683 -0.608763589
vn 0.000000000 0.923879774 -0.382682849
vn 0.000000000 0.991445560 -0.130520882
vn 0.000000000 0.991445560 0.130520882
vn 0.000000000 0.923879774 0.382682849
vn 0.000000000 0.793351683 0.608763589
vn 0.000000000 0.608761324 0.793353421
vn 0.000000000 0.382685920 0.923878502
vn 0.000000000 0.130523954 0.991445156
vn 0.000000000 -0.130524885 0.991445033
vn 0.000000000 -0.382684648 0.923879029
vn 0.000000000 -0.608763062 0.793352087
vn 0.000000000 -0.793351683 0.608763589
vn 0.000000000 -0.923879774 0.382682849
vn 0.000000000 -0.991445095 0.130524419
vn 0.000000000 -0.991445095 -0.130524419
vn 0.000000000 -0.923879774 -0.382682849
vn 0.000000000 -0.793351683 -0.608763589
vn 0.000000000 -0.608763062 -0.793352087
vn 0.000000000 -0.382684648 -0.923879029
vn 0.000000000 -0.130524885 -0.991445033
vn 0.000000000 0.195090002 -0.980785344
vn 0.000000000 0.555570504 -0.831469431
vn 0.000000000 0.831469954 -0.555569721
vn 0.000000000 0.980784868 -0.195092395
vn 0.000000000 0.980784868 0.195092395
vn 0.000000000 0.831469954 0.555569721
vn 0.000000000 0.555570504 0.831469431
vn 0.000000000 0.195090002 0.980785344
vn 0.000000000 -0.195090435 0.980785258
vn 0.000000000 -0.555569981 0.831469781
vn 0.000000000 -0.831469431 0.555570504
vn 0.000000000 -0.980785301 0.195090218
vn 0.000000000 -0.980785301 -0.195090218
vn 0.000000000 -0.831469431 -0.555570504
vn 0.000000000 -0.555569981 -0.831469781
vn 0.000000000 -0.195090435 -0.980785258
vn 0.000000000 0.500000380 0.866025184
vn 0.000000000 0.500000380 -0.866025184
vn 0.000000000 -0.500000380 -0.866025184
vn 0.000000000 -0.500000380 0.866025184
vn 0.000000000 0.195089804 -0.980785384
vn 0.000000000 0.555570825 -0.831469217
vn 0.000000000 0.831469020 -0.555571120
vn 0.000000000 0.980785335 -0.195090050
vn 0.000000000 0.980785335 0.195090050
vn 0.000000000 0.831469020 0.555571120
vn 0.000000000 0.555570825 0.831469217
vn 0.000000000 0.195089804 0.980785384
vn 0.000000000 -0.195090296 0.980785286
vn 0.000000000 -0.555570231 0.831469614
vn 0.000000000 -0.831469614 0.555570231
vn 0.000000000 -0.980785089 0.195091287
vn 0.000000000 -0.980785089 -0.195091287
vn 0.000000000 -0.831469614 -0.555570231
vn 0.000000000 -0.555570231 -0.831469614
vn 0.000000000 -0.195090296 -0.980785286
vn 0.000000000 0.130525870 -0.991444904
vn 0.000000000 0.382683630 -0.923879451
vn 0.000000000 0.608761234 -0.793353490
vn 0.000000000 0.793353379 -0.608761378
vn 0.000000000 0.923879798 -0.382682792
vn 0.000000000 0.991444887 -0.130525997
vn 0.000000000 0.991444887 0.130525997
vn 0.000000000 0.923879798 0.382682792
vn 0.000000000 0.793353379 0.608761378
vn 0.000000000 0.608761234 0.793353490
vn 0.000000000 0.382683630 0.923879451
vn 0.000000000 0.130525870 0.991444904
vn 0.000000000 -0.129188490 0.991620055
vn 0.000000000 -0.382683806 0.923879378
vn 0.000000000 -0.608761168 0.793353541
vn 0.000000000 -0.793352667 0.608762306
vn 0.000000000 -0.923880101 0.382682059
vn 0.000000000 -0.991444847 0.130526301
vn 0.000000000 -0.991444847 -0.130526301
vn 0.000000000 -0.923880101 -0.382682059
vn 0.000000000 -0.793352667 -0.608762306
vn 0.000000000 -0.608761168 -0.793353541
vn 0.000000000 -0.382683806 -0.923879378
vn 0.000000000 -0.129188490 -0.991620055
vn 0.000000000 -0.991444880 -0.130526054
vn 0.000000000 -0.991444880 0.130526054
vn -0.577357917 -0.577350269 0.577342622
vn 0.577357917 -0.577350269 0.577342622
vn 0.577357917 -0.577350269 -0.577342622
vn -0.577357917 -0.577350269 -0.577342622
vn -0.577357917 0.577350269 0.577342622
vn 0.577357917 0.577350269 0.577342622
vn 0.577357917 0.577350269 -0.577342622
vn -0.577357917 0.577350269 -0.577342622
vn 0.000000000 -0.707111464 0.707102098
vn -0.707111464 -0.707102098 -0.000000000
vn -0.000000000 -0.707111464 -0.707102098
vn 0.707111464 -0.707102098 0.000000000
vn -0.707111464 0.707102098 0.000000000
vn 0.707111464 0.707102098 0.000000000
vn -0.707116147 0.000000000 0.707097415
vn 0.707116147 -0.000000000 0.707097415
vn 0.707116147 0.000000000 -0.707097415
vn -0.707116147 0.000000000 -0.707097415
vn 0.577352818 0.577341347 -0.577356642
vn -0.577357917 0.577346445 -0.577346445
vn -0.577352818 0.577341347 0.577356642
vn 0.577357917 0.577346445 0.577346445
vn 0.707113806 0.707099757 -0.000000000
vn -0.707113806 0.707099757 0.000000000
vn 0.707104440 0.000000359 -0.707109123
vn -0.707104440 0.000000359 0.707109123
vn -0.866020022 0.000000000 0.500009321
vn 0.866020022 0.000000000 0.500009321
vn 0.866020022 0.000000000 -0.500009321
vn -0.866020022 0.000000000 -0.500009321
vn 0.577336249 -0.577355367 0.577359191
vn 0.577336249 -0.577355367 -0.577359191
vn 0.577336249 0.577355367 0.577359191
vn 0.577336249 0.577355367 -0.577359191
vn -0.577346446 0.577350269 -0.577354093
vn 0.707095074 -0.707118488 0.000000000
vn 0.707095074 0.707118488 0.000000000
vn 0.707092732 -0.000000000 0.707120830
vn 0.707092732 0.000000000 -0.707120830
vn 0.577337524 -0.577356642 0.577356642
vn 0.577337524 -0.577356642 -0.577356642
vn 0.577337524 0.577356642 0.577356642
vn 0.577337524 0.577356642 -0.577356642
vn 0.707095074 -0.000000000 0.707118488
vn 0.707095074 0.000000000 -0.707118488
vn -0.577352659 -0.577351225 0.577346924
vn 0.577351384 -0.577351862 0.577347561
vn 0.577350110 -0.577350588 -0.577350110
vn -0.577351384 -0.577349951 -0.577349473
vn -0.577352818 0.577350906 0.577347083
vn 0.577351544 0.577351544 0.577347720
vn -0.577351544 0.577349632 -0.577349632
vn 0.000000000 -0.707109415 0.707104147
vn -0.707107659 -0.707105903 -0.000000000
vn -0.000000000 -0.707107074 -0.707106489
vn 0.707106489 -0.707107074 0.000000000
vn -0.707107952 0.707105610 0.000000000
vn -0.000000000 0.707109123 0.707104440
vn -0.707110293 0.000000000 0.707103269
vn -0.707107952 0.000000000 -0.707105610
vn -0.577348835 -0.577353137 0.577348835
vn 0.577348835 -0.577353137 0.577348835
vn 0.577347561 -0.577351862 -0.577351384
vn -0.577347561 -0.577351862 -0.577351384
vn -0.577348995 0.577352818 0.577348995
vn 0.577348995 0.577352818 0.577348995
vn -0.707104147 -0.707109415 -0.000000000
vn 0.707104147 -0.707109415 0.000000000
vn 0.577359032 -0.577348039 0.577343737
vn 0.577357757 -0.577346764 -0.577346286
vn 0.577359191 0.577347720 0.577343896
vn 0.577357917 0.577346445 -0.577346445
vn 0.707113513 -0.707100049 0.000000000
vn -0.577354093 -0.577342622 0.577354093
vn 0.577367688 -0.577335824 0.577347295
vn 0.577371087 -0.577339223 -0.577340497
vn -0.577357492 -0.577346021 -0.577347295
vn -0.577354093 0.577342622 0.577354093
vn 0.577367688 0.577335824 0.577347295
vn 0.577371087 0.577339223 -0.577340497
vn -0.577357492 0.577346021 -0.577347295
vn 0.000000000 -0.707099757 0.707113806
vn -0.000000000 -0.707106001 -0.707107562
vn 0.707126294 -0.707087268 0.000000000
vn -0.000000000 0.707099757 0.707113806
vn 0.707126294 0.707087268 0.000000000
vn 0.000000000 0.707106001 -0.707107562
vn 0.707119269 -0.000000000 0.707094293
vn 0.707125513 0.000000000 -0.707088048
vn -0.707113025 0.000000000 -0.707100537
vn -0.866025564 0.000000000 0.499999722
vn 0.866025564 0.000000000 0.499999722
vn 0.866025564 0.000000000 -0.499999722
vn -0.866025564 0.000000000 -0.499999722
vn -0.866025348 0.000000000 0.500000096
vn 0.866025348 0.000000000 0.500000096
vn 0.866025348 0.000000000 -0.500000096
vn -0.866025348 0.000000000 -0.500000096
vn -0.866024816 0.000000000 0.500001018
vn 0.866024816 0.000000000 0.500001018
vn 0.866024816 0.000000000 -0.500001018
vn -0.866024816 0.000000000 -0.500001018
vn -0.866024600 0.000000000 0.500001392
vn 0.866024600 0.000000000 0.500001392
vn 0.866024600 0.000000000 -0.500001392
vn -0.866024600 0.000000000 -0.500001392
vn -0.577344534 -0.577356005 0.577350269
vn 0.577344534 -0.577356005 0.577350269
vn 0.577344534 -0.577356005 -0.577350269
vn -0.577344534 -0.577356005 -0.577350269
vn -0.577344534 0.577356005 0.577350269
vn 0.577344534 0.577356005 0.577350269
vn 0.577344534 0.577356005 -0.577350269
vn -0.577344534 0.577356005 -0.577350269
vn 0.000000000 -0.707110293 0.707103269
vn -0.707099757 -0.707113806 -0.000000000
vn -0.000000000 -0.707110293 -0.707103269
vn 0.707099757 -0.707113806 0.000000000
vn -0.707099757 0.707113806 0.000000000
vn -0.000000000 0.707110293 0.707103269
vn 0.707099757 0.707113806 0.000000000
vn 0.000000000 0.707110293 -0.707103269
vn -0.707103269 0.000000000 0.707110293
vn 0.707103269 -0.000000000 0.707110293
vn 0.707103269 0.000000000 -0.707110293
vn -0.707103269 0.000000000 -0.707110293
vn -0.156434485 0.000000000 -0.987688338
vn -0.453990187 0.000000000 -0.891006684
vn -0.891006684 0.000000000 -0.453990187
vn -0.987688338 0.000000000 -0.156434485
vn -0.987688338 0.000000000 0.156434485
vn -0.891006684 0.000000000 0.453990187
vn -0.453990187 0.000000000 0.891006684
vn -0.156434485 0.000000000 0.987688338
vn 0.156434485 0.000000000 0.987688338
vn 0.453990187 0.000000000 0.891006684
vn 0.891006684 0.000000000 0.453990187
vn 0.987688338 0.000000000 0.156434485
vn 0.987688338 0.000000000 -0.156434485
vn 0.891006684 0.000000000 -0.453990187
vn 0.453990187 0.000000000 -0.891006684
vn 0.156434485 0.000000000 -0.987688338
vn 0.156435477 0.000000000 0.987688180
vn 0.453989930 0.000000000 0.891006815
vn 0.891006815 0.000000000 0.453989930
vn 0.987688180 0.000000000 0.156435477
vn 0.987688180 0.000000000 -0.156435477
vn 0.891006815 0.000000000 -0.453989930
vn 0.453989930 0.000000000 -0.891006815
vn 0.156435477 0.000000000 -0.987688180
vn -0.156435477 0.000000000 -0.987688180
vn -0.453989930 0.000000000 -0.891006815
vn -0.891006815 0.000000000 -0.453989930
vn -0.987688180 0.000000000 -0.156435477
vn -0.987688180 0.000000000 0.156435477
vn -0.891006815 0.000000000 0.453989930
vn -0.453989930 0.000000000 0.891006815
vn -0.156435477 0.000000000 0.987688180
vn -0.156434714 0.000000000 -0.987688301
vn -0.987688301 0.000000000 -0.156434714
vn -0.987688301 0.000000000 0.156434714
vn -0.156434714 0.000000000 0.987688301
vn 0.156434714 0.000000000 0.987688301
vn 0.987688301 0.000000000 0.156434714
vn 0.987688301 0.000000000 -0.156434714
vn 0.156434714 0.000000000 -0.987688301
vn -0.156434077 0.000000000 -0.987688402
vn -0.453990911 0.000000000 -0.891006315
vn -0.891006315 0.000000000 -0.453990911
vn -0.987688402 0.000000000 -0.156434077
vn -0.987688402 0.000000000 0.156434077
vn -0.891006315 0.000000000 0.453990911
vn -0.453990911 0.000000000 0.891006315
vn -0.156434077 0.000000000 0.987688402
vn 0.156434077 0.000000000 0.987688402
vn 0.453990911 0.000000000 0.891006315
vn 0.891006315 0.000000000 0.453990911
vn 0.987688402 0.000000000 0.156434077
vn 0.987688402 0.000000000 -0.156434077
vn 0.891006315 0.000000000 -0.453990911
vn 0.453990911 0.000000000 -0.891006315
vn 0.156434077 0.000000000 -0.987688402
vn -0.500001200 0.000000000 -0.866024711
vn -0.500001200 0.000000000 0.866024711
vn 0.500001200 0.000000000 0.866024711
vn 0.500001200 0.000000000 -0.866024711
vn -0.156434649 0.000000000 -0.987688311
vn -0.453990276 0.000000000 -0.891006638
vn -0.891006638 0.000000000 -0.453990276
vn -0.987688311 0.000000000 -0.156434649
vn -0.987688311 0.000000000 0.156434649
vn -0.891006638 0.000000000 0.453990276
vn -0.453990276 0.000000000 0.891006638
vn -0.156434649 0.000000000 0.987688311
vn 0.156434649 0.000000000 0.987688311
vn 0.453990276 0.000000000 0.891006638
vn 0.891006638 0.000000000 0.453990276
vn 0.987688311 0.000000000 0.156434649
vn 0.987688311 0.000000000 -0.156434649
vn 0.891006638 0.000000000 -0.453990276
vn 0.453990276 0.000000000 -0.891006638
vn 0.156434649 0.000000000 -0.987688311
vn 0.156434023 0.000000000 0.987688411
vn 0.453990514 0.000000000 0.891006517
vn 0.891006517 0.000000000 0.453990514
vn 0.987688411 0.000000000 0.156434023
vn 0.987688411 0.000000000 -0.156434023
vn 0.891006517 0.000000000 -0.453990514
vn 0.453990514 0.000000000 -0.891006517
vn 0.156434023 0.000000000 -0.987688411
vn -0.156434023 0.000000000 -0.987688411
vn -0.453990514 0.000000000 -0.891006517
vn -0.891006517 0.000000000 -0.453990514
vn -0.987688411 0.000000000 -0.156434023
vn -0.987688411 0.000000000 0.156434023
vn -0.891006517 0.000000000 0.453990514
vn -0.453990514 0.000000000 0.891006517
vn -0.156434023 0.000000000 0.987688411
vn -0.453989570 0.000000000 -0.891006998
vn -0.707107543 0.000000000 -0.707106019
vn -0.707107543 0.000000000 0.707106019
vn -0.453989570 0.000000000 0.891006998
vn 0.453989570 0.000000000 0.891006998
vn 0.707107543 0.000000000 0.707106019
vn 0.707107543 0.000000000 -0.707106019
vn 0.453989570 0.000000000 -0.891006998
vn 0.987688467 0.000000000 0.156433664
vn 0.987688467 0.000000000 -0.156433664
vn -0.987688467 0.000000000 -0.156433664
vn -0.987688467 0.000000000 0.156433664
vn -0.156434570 0.000000000 -0.987688324
vn -0.707107246 0.000000000 -0.707106317
vn -0.987688158 0.000000000 -0.156435621
vn -0.987688158 0.000000000 0.156435621
vn -0.707107246 0.000000000 0.707106317
vn -0.156434570 0.000000000 0.987688324
vn 0.156434570 0.000000000 0.987688324
vn 0.707107246 0.000000000 0.707106317
vn 0.987688158 0.000000000 0.156435621
vn 0.987688158 0.000000000 -0.156435621
vn 0.707107246 0.000000000 -0.707106317
vn 0.156434570 0.000000000 -0.987688324
vn -0.891006719 0.000000000 -0.453990118
vn -0.987688248 0.000000000 -0.156435052
vn -0.987688248 0.000000000 0.156435052
vn -0.891006719 0.000000000 0.453990118
vn 0.891006719 0.000000000 0.453990118
vn 0.987688248 0.000000000 0.156435052
vn 0.987688248 0.000000000 -0.156435052
vn 0.891006719 0.000000000 -0.453990118
vn -0.499999215 0.000000000 -0.866025857
vn -0.499999215 0.000000000 0.866025857
vn 0.499999215 0.000000000 0.866025857
vn 0.499999215 0.000000000 -0.866025857
vn -0.156434420 0.000000000 -0.987688348
vn -0.453990875 0.000000000 -0.891006333
vn -0.707106040 0.000000000 -0.707107522
vn -0.891007238 0.000000000 -0.453989099
vn -0.891007238 0.000000000 0.453989099
vn -0.707106040 0.000000000 0.707107522
vn -0.453990875 0.000000000 0.891006333
vn -0.156434420 0.000000000 0.987688348
vn 0.156434420 0.000000000 0.987688348
vn 0.453990875 0.000000000 0.891006333
vn 0.707106040 0.000000000 0.707107522
vn 0.891007238 0.000000000 0.453989099
vn 0.891007238 0.000000000 -0.453989099
vn 0.707106040 0.000000000 -0.707107522
vn 0.453990875 0.000000000 -0.891006333
vn 0.156434420 0.000000000 -0.987688348
vn 0.156433787 0.000000000 0.987688448
vn 0.453991133 0.000000000 0.891006202
vn 0.707106016 0.000000000 0.707107546
vn 0.891007136 0.000000000 0.453989299
vn 0.987688174 0.000000000 0.156435516
vn 0.987688174 0.000000000 -0.156435516
vn 0.891007136 0.000000000 -0.453989299
vn 0.707106016 0.000000000 -0.707107546
vn 0.453991133 0.000000000 -0.891006202
vn 0.156433787 0.000000000 -0.987688448
vn -0.156433787 0.000000000 -0.987688448
vn -0.453991133 0.000000000 -0.891006202
vn -0.707106016 0.000000000 -0.707107546
vn -0.891007136 0.000000000 -0.453989299
vn -0.987688174 0.000000000 -0.156435516
vn -0.987688174 0.000000000 0.156435516
vn -0.891007136 0.000000000 0.453989299
vn -0.707106016 0.000000000 0.707107546
vn -0.453991133 0.000000000 0.891006202
vn -0.156433787 0.000000000 0.987688448
vn -0.891005451 0.000000000 -0.453992607
vn -0.987688808 0.000000000 -0.156431511
vn -0.987688808 0.000000000 0.156431511
vn -0.891005451 0.000000000 0.453992607
vn 0.891005451 0.000000000 0.453992607
vn 0.987688808 0.000000000 0.156431511
vn 0.987688808 0.000000000 -0.156431511
vn 0.891005451 0.000000000 -0.453992607
vn 0.156436051 0.000000000 0.987688089
vn 0.891003807 0.000000000 0.453995832
vn 0.987689042 0.000000000 0.156430038
vn 0.987689042 0.000000000 -0.156430038
vn 0.891003807 0.000000000 -0.453995832
vn 0.156436051 0.000000000 -0.987688089
vn -0.156436051 0.000000000 -0.987688089
vn -0.891003807 0.000000000 -0.453995832
vn -0.987689042 0.000000000 -0.156430038
vn -0.987689042 0.000000000 0.156430038
vn -0.891003807 0.000000000 0.453995832
vn -0.156436051 0.000000000 0.987688089
vn -0.987688445 0.000000000 -0.156433807
vn -0.987688445 0.000000000 0.156433807
vn 0.987688445 0.000000000 0.156433807
vn 0.987688445 0.000000000 -0.156433807
vn -0.156433768 0.000000000 -0.987688451
vn -0.453991720 0.000000000 -0.891005903
vn -0.707105782 0.000000000 -0.707107780
vn -0.987688556 0.000000000 -0.156433102
vn -0.987688556 0.000000000 0.156433102
vn -0.707105782 0.000000000 0.707107780
vn -0.453991720 0.000000000 0.891005903
vn -0.156433768 0.000000000 0.987688451
vn 0.156433768 0.000000000 0.987688451
vn 0.453991720 0.000000000 0.891005903
vn 0.707105782 0.000000000 0.707107780
vn 0.987688556 0.000000000 0.156433102
vn 0.987688556 0.000000000 -0.156433102
vn 0.707105782 0.000000000 -0.707107780
vn 0.453991720 0.000000000 -0.891005903
vn 0.156433768 0.000000000 -0.987688451
vn -0.156434878 0.000000000 -0.987688275
vn -0.891006039 0.000000000 -0.453991453
vn -0.891006039 0.000000000 0.453991453
vn -0.156434878 0.000000000 0.987688275
vn 0.156434878 0.000000000 0.987688275
vn 0.891006039 0.000000000 0.453991453
vn 0.891006039 0.000000000 -0.453991453
vn 0.156434878 0.000000000 -0.987688275
vn 0.707107546 0.000000000 0.707106016
vn 0.891005898 0.000000000 0.453991729
vn 0.891005898 0.000000000 -0.453991729
vn 0.707107546 0.000000000 -0.707106016
vn -0.707107546 0.000000000 -0.707106016
vn -0.891005898 0.000000000 -0.453991729
vn -0.891005898 0.000000000 0.453991729
vn -0.707107546 0.000000000 0.707106016
vn -0.987688808 -0.156431511 0.000000000
vn -0.891005451 -0.453992607 0.000000000
vn -0.707107543 -0.707106019 0.000000000
vn -0.453989570 -0.891006998 0.000000000
vn -0.156434485 -0.987688338 0.000000000
vn 0.156434485 -0.987688338 0.000000000
vn 0.453989570 -0.891006998 0.000000000
vn 0.707107543 -0.707106019 0.000000000
vn 0.891005451 -0.453992607 0.000000000
vn 0.987688808 -0.156431511 0.000000000
vn 0.987688808 0.156431511 0.000000000
vn 0.891005451 0.453992607 0.000000000
vn 0.707107543 0.707106019 0.000000000
vn 0.453989570 0.891006998 0.000000000
vn 0.156434485 0.987688338 0.000000000
vn -0.156434485 0.987688338 0.000000000
vn -0.453989570 0.891006998 0.000000000
vn -0.707107543 0.707106019 0.000000000
vn -0.891005451 0.453992607 0.000000000
vn -0.987688808 0.156431511 0.000000000
vn 0.987689042 0.156430038 0.000000000
vn 0.891003807 0.453995832 0.000000000
vn 0.453989930 0.891006815 0.000000000
vn 0.156436051 0.987688089 0.000000000
vn -0.156436051 0.987688089 0.000000000
vn -0.453989930 0.891006815 0.000000000
vn -0.891003807 0.453995832 0.000000000
vn -0.987689042 0.156430038 0.000000000
vn -0.987689042 -0.156430038 0.000000000
vn -0.891003807 -0.453995832 0.000000000
vn -0.453989930 -0.891006815 0.000000000
vn -0.156436051 -0.987688089 0.000000000
vn 0.156436051 -0.987688089 0.000000000
vn 0.453989930 -0.891006815 0.000000000
vn 0.891003807 -0.453995832 0.000000000
vn 0.987689042 -0.156430038 0.000000000
vn -0.987688445 -0.156433807 0.000000000
vn -0.891006815 -0.453989930 0.000000000
vn -0.707107246 -0.707106317 0.000000000
vn -0.156434570 -0.987688324 0.000000000
vn 0.156434570 -0.987688324 0.000000000
vn 0.707107246 -0.707106317 0.000000000
vn 0.891006815 -0.453989930 0.000000000
vn 0.987688445 -0.156433807 0.000000000
vn 0.987688445 0.156433807 0.000000000
vn 0.891006815 0.453989930 0.000000000
vn 0.707107246 0.707106317 0.000000000
vn 0.156434570 0.987688324 0.000000000
vn -0.156434570 0.987688324 0.000000000
vn -0.707107246 0.707106317 0.000000000
vn -0.891006815 0.453989930 0.000000000
vn -0.987688445 0.156433807 0.000000000
vn -0.987688556 -0.156433102 0.000000000
vn -0.891006719 -0.453990118 0.000000000
vn -0.707105782 -0.707107780 0.000000000
vn -0.453991720 -0.891005903 0.000000000
vn -0.156433768 -0.987688451 0.000000000
vn 0.156433768 -0.987688451 0.000000000
vn 0.453991720 -0.891005903 0.000000000
vn 0.707105782 -0.707107780 0.000000000
vn 0.891006719 -0.453990118 0.000000000
vn 0.987688556 -0.156433102 0.000000000
vn 0.987688556 0.156433102 0.000000000
vn 0.891006719 0.453990118 0.000000000
vn 0.707105782 0.707107780 0.000000000
vn 0.453991720 0.891005903 0.000000000
vn 0.156433768 0.987688451 0.000000000
vn -0.156433768 0.987688451 0.000000000
vn -0.453991720 0.891005903 0.000000000
vn -0.707105782 0.707107780 0.000000000
vn -0.891006719 0.453990118 0.000000000
vn -0.987688556 0.156433102 0.000000000
vn -0.866024711 -0.500001200 0.000000000
vn 0.866024711 -0.500001200 0.000000000
vn 0.866024711 0.500001200 0.000000000
vn -0.866024711 0.500001200 0.000000000
vn -0.987688311 -0.156434649 0.000000000
vn -0.891006039 -0.453991453 0.000000000
vn -0.707106040 -0.707107522 0.000000000
vn -0.453990875 -0.891006333 0.000000000
vn -0.156434878 -0.987688275 0.000000000
vn 0.156434878 -0.987688275 0.000000000
vn 0.453990875 -0.891006333 0.000000000
vn 0.707106040 -0.707107522 0.000000000
vn 0.891006039 -0.453991453 0.000000000
vn 0.987688311 -0.156434649 0.000000000
vn 0.987688311 0.156434649 0.000000000
vn 0.891006039 0.453991453 0.000000000
vn 0.707106040 0.707107522 0.000000000
vn 0.453990875 0.891006333 0.000000000
vn 0.156434878 0.987688275 0.000000000
vn -0.156434878 0.987688275 0.000000000
vn -0.453990875 0.891006333 0.000000000
vn -0.707106040 0.707107522 0.000000000
vn -0.891006039 0.453991453 0.000000000
vn -0.987688311 0.156434649 0.000000000
vn 0.987688174 0.156435516 0.000000000
vn 0.891005898 0.453991729 0.000000000
vn 0.707107546 0.707106016 0.000000000
vn 0.453991133 0.891006202 0.000000000
vn 0.156433787 0.987688448 0.000000000
vn -0.156433787 0.987688448 0.000000000
vn -0.453991133 0.891006202 0.000000000
vn -0.707107546 0.707106016 0.000000000
vn -0.891005898 0.453991729 0.000000000
vn -0.987688174 0.156435516 0.000000000
vn -0.987688174 -0.156435516 0.000000000
vn -0.891005898 -0.453991729 0.000000000
vn -0.707107546 -0.707106016 0.000000000
vn -0.453991133 -0.891006202 0.000000000
vn -0.156433787 -0.987688448 0.000000000
vn 0.156433787 -0.987688448 0.000000000
vn 0.453991133 -0.891006202 0.000000000
vn 0.707107546 -0.707106016 0.000000000
vn 0.891005898 -0.453991729 0.000000000
vn 0.987688174 -0.156435516 0.000000000
usemtl mat_0
f 1/1/1 2/2/1 3/3/1
f 1/1/2 3/3/2 4/4/2
f 2/2/3 5/5/3 6/6/3
f 2/2/4 6/6/4 3/3/4
f 5/5/5 7/7/5 8/8/5
f 5/5/6 8/8/6 6/6/6
f 7/7/7 9/9/7 10/10/7
f 7/7/8 10/10/8 8/8/8
f 9/9/9 11/11/9 12/12/9
f 9/9/10 12/12/10 10/10/10
f 11/11/11 13/13/11 14/14/11
f 11/11/12 14/14/12 12/12/12
f 13/13/13 15/15/13 16/16/13
f 13/13/14 16/16/14 14/14/14
f 15/15/15 17/17/15 18/18/15
f 15/15/16 18/18/16 16/16/16
f 17/17/17 19/19/17 20/20/17
f 17/17/18 20/20/18 18/18/18
f 19/19/19 21/21/19 22/22/19
f 19/19/20 22/22/20 20/20/20
f 21/21/21 23/23/21 24/24/21
f 21/21/22 24/24/22 22/22/22
f 23/23/23 25/25/23 26/26/23
f 23/23/24 26/26/24 24/24/24
f 25/25/25 27/27/25 28/28/25
f 25/25/26 28/28/26 26/26/26
f 27/27/27 29/29/27 30/30/27
f 27/27/28 30/30/28 28/28/28
f 29/29/29 31/31/29 32/32/29
f 29/29/30 32/32/30 30/30/30
f 31/31/31 33/33/31 34/34/31
f 31/31/32 34/34/32 32/32/32
f 33/33/33 35/35/33 36/36/33
f 33/33/34 36/36/34 34/34/34
f 35/35/35 37/37/35 38/38/35
f 35/35/36 38/38/36 36/36/36
f 37/37/37 39/39/37 40/40/37
f 37/37/38 40/40/38 38/38/38
f 39/39/39 41/41/39 42/42/39
f 39/39/40 42/42/40 40/40/40
f 41/41/41 43/43/41 44/44/41
f 41/41/42 44/44/42 42/42/42
f 43/43/43 45/45/43 46/46/43
f 43/43/44 46/46/44 44/44/44
f 45/45/45 47/47/45 48/48/45
f 45/45/46 48/48/46 46/46/46
f 47/47/47 49/49/47 50/50/47
f 47/47/48 50/50/48 48/48/48
f 49/49/49 51/51/49 52/52/49
f 49/49/50 52/52/50 50/50/50
f 51/51/51 53/53/51 54/54/51
f 51/51/52 54/54/52 52/52/52
f 53/53/53 55/55/53 56/56/53
f 53/53/54 56/56/54 54/54/54
f 55/55/55 57/57/55 58/58/55
f 55/55/56 58/58/56 56/56/56
f 57/57/57 59/59/57 60/60/57
f 57/57/58 60/60/58 58/58/58
f 59/59/59 61/61/59 62/62/59
f 59/59/60 62/62/60 60/60/60
f 61/61/61 63/63/61 64/64/61
f 61/61/62 64/64/62 62/62/62
f 63/63/63 1/1/63 4/4/63
f 63/63/64 4/4/64 64/64/64
f 4/65/65 3/66/65 65/67/65
f 4/65/65 65/67/65 66/68/65
f 3/66/66 6/69/66 67/70/66
f 3/66/66 67/70/66 65/67/66
f 6/69/67 8/71/67 68/72/67
f 6/69/67 68/72/67 67/70/67
f 8/71/68 10/73/68 69/74/68
f 8/71/68 69/74/68 68/72/68
f 10/73/69 12/75/69 70/76/69
f 10/73/69 70/76/69 69/74/69
f 12/75/70 14/69/70 71/70/70
f 12/75/70 71/70/70 70/76/70
f 14/69/71 16/77/71 72/78/71
f 14/69/71 72/78/71 71/70/71
f 16/77/72 18/65/72 73/68/72
f 16/77/72 73/68/72 72/78/72
f 18/65/73 20/79/73 74/80/73
f 18/65/73 74/80/73 73/68/73
f 20/79/74 22/81/74 75/82/74
f 20/79/74 75/82/74 74/80/74
f 22/81/75 24/83/75 76/84/75
f 22/81/75 76/84/75 75/82/75
f 24/83/76 26/85/76 77/86/76
f 24/83/76 77/86/76 76/84/76
f 26/73/77 28/71/77 78/72/77
f 26/73/77 78/72/77 77/74/77
f 28/71/78 30/69/78 79/70/78
f 28/71/78 79/70/78 78/72/78
f 30/69/79 32/66/79 80/67/79
f 30/69/79 80/67/79 79/70/79
f 32/66/80 34/65/80 81/68/80
f 32/66/80 81/68/80 80/67/80
f 34/65/81 36/87/81 82/88/81
f 34/65/81 82/88/81 81/68/81
f 36/87/82 38/81/82 83/82/82
f 36/87/82 83/82/82 82/88/82
f 38/81/83 40/89/83 84/90/83
f 38/81/83 84/90/83 83/82/83
f 40/89/84 42/85/84 85/86/84
f 40/89/84 85/86/84 84/90/84
f 42/85/85 44/83/85 86/84/85
f 42/85/85 86/84/85 85/86/85
f 44/83/86 46/81/86 87/82/86
f 44/83/86 87/82/86 86/84/86
f 46/81/87 48/79/87 88/80/87
f 46/81/87 88/80/87 87/82/87
f 48/79/88 50/65/88 89/68/88
f 48/79/88 89/68/88 88/80/88
f 50/65/89 52/77/89 90/78/89
f 50/65/89 90/78/89 89/68/89
f 52/77/90 54/69/90 91/70/90
f 52/77/90 91/70/90 90/78/90
f 54/69/91 56/75/91 92/76/91
f 54/69/91 92/76/91 91/70/91
f 56/75/92 58/73/92 93/74/92
f 56/75/92 93/74/92 92/76/92
f 58/85/93 60/89/93 94/90/93
f 58/85/93 94/90/93 93/86/93
f 60/89/94 62/81/94 95/82/94
f 60/89/94 95/82/94 94/90/94
f 62/81/95 64/87/95 96/88/95
f 62/81/95 96/88/95 95/82/95
f 64/87/96 4/65/96 66/68/96
f 64/87/96 66/68/96 96/88/96
f 66/68/65 65/67/65 97/91/65
f 66/68/65 97/91/65 98/92/65
f 65/67/66 67/70/66 99/93/66
f 65/67/66 99/93/66 97/91/66
f 67/70/67 68/72/67 100/94/67
f 67/70/67 100/94/67 99/93/67
f 68/72/68 69/74/68 101/95/68
f 68/72/68 101/95/68 100/94/68
f 69/74/69 70/76/69 102/96/69
f 69/74/69 102/96/69 101/95/69
f 70/76/70 71/70/70 103/93/70
f 70/76/70 103/93/70 102/96/70
f 71/70/71 72/78/71 104/97/71
f 71/70/71 104/97/71 103/93/71
f 72/78/72 73/68/72 105/92/72
f 72/78/72 105/92/72 104/97/72
f 73/68/73 74/80/73 106/98/73
f 73/68/73 106/98/73 105/92/73
f 74/80/74 75/82/74 107/99/74
f 74/80/74 107/99/74 106/98/74
f 75/82/75 76/84/75 108/100/75
f 75/82/75 108/100/75 107/99/75
f 76/84/76 77/86/76 109/101/76
f 76/84/76 109/101/76 108/100/76
f 77/74/77 78/72/77 110/94/77
f 77/74/77 110/94/77 109/95/77
f 78/72/78 79/70/78 111/93/78
f 78/72/78 111/93/78 110/94/78
f 79/70/79 80/67/79 112/91/79
f 79/70/79 112/91/79 111/93/79
f 80/67/80 81/68/80 113/92/80
f 80/67/80 113/92/80 112/91/80
f 81/68/81 82/88/81 114/102/81
f 81/68/81 114/102/81 113/92/81
f 82/88/82 83/82/82 115/99/82
f 82/88/82 115/99/82 114/102/82
f 83/82/83 84/90/83 116/103/83
f 83/82/83 116/103/83 115/99/83
f 84/90/84 85/86/84 117/101/84
f 84/90/84 117/101/84 116/103/84
f 85/86/85 86/84/85 118/100/85
f 85/86/85 118/100/85 117/101/85
f 86/84/86 87/82/86 119/99/86
f 86/84/86 119/99/86 118/100/86
f 87/82/87 88/80/87 120/98/87
f 87/82/87 120/98/87 119/99/87
f 88/80/88 89/68/88 121/92/88
f 88/80/88 121/92/88 120/98/88
f 89/68/89 90/78/89 122/97/89
f 89/68/89 122/97/89 121/92/89
f 90/78/90 91/70/90 123/93/90
f 90/78/90 123/93/90 122/97/90
f 91/70/91 92/76/91 124/96/91
f 91/70/91 124/96/91 123/93/91
f 92/76/92 93/74/92 125/95/92
f 92/76/92 125/95/92 124/96/92
f 93/86/93 94/90/93 126/103/93
f 93/86/93 126/103/93 125/101/93
f 94/90/94 95/82/94 127/99/94
f 94/90/94 127/99/94 126/103/94
f 95/82/95 96/88/95 128/102/95
f 95/82/95 128/102/95 127/99/95
f 96/88/96 66/68/96 98/92/96
f 96/88/96 98/92/96 128/102/96
f 98/92/65 97/91/65 129/104/65
f 98/92/65 129/104/65 130/105/65
f 97/91/66 99/93/66 131/106/66
f 97/91/66 131/106/66 129/104/66
f 99/93/67 100/94/67 132/107/67
f 99/93/67 132/107/67 131/106/67
f 100/94/68 101/95/68 133/108/68
f 100/94/68 133/108/68 132/107/68
f 101/95/69 102/96/69 134/109/69
f 101/95/69 134/109/69 133/108/69
f 102/96/70 103/93/70 135/106/70
f 102/96/70 135/106/70 134/109/70
f 103/93/71 104/97/71 136/110/71
f 103/93/71 136/110/71 135/106/71
f 104/97/72 105/92/72 137/105/72
f 104/97/72 137/105/72 136/110/72
f 105/92/73 106/98/73 138/111/73
f 105/92/73 138/111/73 137/105/73
f 106/98/74 107/99/74 139/112/74
f 106/98/74 139/112/74 138/111/74
f 107/99/75 108/100/75 140/113/75
f 107/99/75 140/113/75 139/112/75
f 108/100/76 109/101/76 141/114/76
f 108/100/76 141/114/76 140/113/76
f 109/95/77 110/94/77 142/107/77
f 109/95/77 142/107/77 141/108/77
f 110/94/78 111/93/78 143/106/78
f 110/94/78 143/106/78 142/107/78
f 111/93/79 112/91/79 144/104/79
f 111/93/79 144/104/79 143/106/79
f 112/91/80 113/92/80 145/105/80
f 112/91/80 145/105/80 144/104/80
f 113/92/81 114/102/81 146/115/81
f 113/92/81 146/115/81 145/105/81
f 114/102/82 115/99/82 147/112/82
f 114/102/82 147/112/82 146/115/82
f 115/99/83 116/103/83 148/116/83
f 115/99/83 148/116/83 147/112/83
f 116/103/84 117/101/84 149/114/84
f 116/103/84 149/114/84 148/116/84
f 117/101/85 118/100/85 150/113/85
f 117/101/85 150/113/85 149/114/85
f 118/100/86 119/99/86 151/112/86
f 118/100/86 151/112/86 150/113/86
f 119/99/87 120/98/87 152/111/87
f 119/99/87 152/111/87 151/112/87
f 120/98/88 121/92/88 153/105/88
f 120/98/88 153/105/88 152/111/88
f 121/92/89 122/97/89 154/110/89
f 121/92/89 154/110/89 153/105/89
f 122/97/90 123/93/90 155/106/90
f 122/97/90 155/106/90 154/110/90
f 123/93/91 124/96/91 156/109/91
f 123/93/91 156/109/91 155/106/91
f 124/96/92 125/95/92 157/108/92
f 124/96/92 157/108/92 156/109/92
f 125/101/93 126/103/93 158/116/93
f 125/101/93 158/116/93 157/114/93
f 126/103/94 127/99/94 159/112/94
f 126/103/94 159/112/94 158/116/94
f 127/99/95 128/102/95 160/115/95
f 127/99/95 160/115/95 159/112/95
f 128/102/96 98/92/96 130/105/96
f 128/102/96 130/105/96 160/115/96
f 130/4/97 129/3/97 161/2/97
f 130/4/98 161/2/98 162/1/98
f 129/3/99 131/6/99 163/5/99
f 129/3/100 163/5/100 161/2/100
f 131/6/101 132/8/101 164/7/101
f 131/6/102 164/7/102 163/5/102
f 132/8/103 133/10/103 165/9/103
f 132/8/104 165/9/104 164/7/104
f 133/10/105 134/12/105 166/11/105
f 133/10/106 166/11/106 165/9/106
f 134/12/107 135/14/107 167/13/107
f 134/12/108 167/13/108 166/11/108
f 135/14/109 136/16/109 168/15/109
f 135/14/110 168/15/110 167/13/110
f 136/16/111 137/18/111 169/17/111
f 136/16/112 169/17/112 168/15/112
f 137/18/113 138/20/113 170/19/113
f 137/18/114 170/19/114 169/17/114
f 138/20/115 139/22/115 171/21/115
f 138/20/116 171/21/116 170/19/116
f 139/22/117 140/24/117 172/23/117
f 139/22/118 172/23/118 171/21/118
f 140/24/119 141/26/119 173/25/119
f 140/24/120 173/25/120 172/23/120
f 141/26/121 142/28/121 174/27/121
f 141/26/122 174/27/122 173/25/122
f 142/28/123 143/30/123 175/29/123
f 142/28/124 175/29/124 174/27/124
f 143/30/125 144/32/125 176/31/125
f 143/30/126 176/31/126 175/29/126
f 144/32/127 145/34/127 177/33/127
f 144/32/128 177/33/128 176/31/128
f 145/34/129 146/36/129 178/35/129
f 145/34/130 178/35/130 177/33/130
f 146/36/131 147/38/131 179/37/131
f 146/36/132 179/37/132 178/35/132
f 147/38/133 148/40/133 180/39/133
f 147/38/134 180/39/134 179/37/134
f 148/40/135 149/42/135 181/41/135
f 148/40/136 181/41/136 180/39/136
f 149/42/137 150/44/137 182/43/137
f 149/42/138 182/43/138 181/41/138
f 150/44/139 151/46/139 183/45/139
f 150/44/140 183/45/140 182/43/140
f 151/46/141 152/48/141 184/47/141
f 151/46/142 184/47/142 183/45/142
f 152/48/143 153/50/143 185/49/143
f 152/48/144 185/49/144 184/47/144
f 153/50/145 154/52/145 186/51/145
f 153/50/146 186/51/146 185/49/146
f 154/52/147 155/54/147 187/53/147
f 154/52/148 187/53/148 186/51/148
f 155/54/149 156/56/149 188/55/149
f 155/54/150 188/55/150 187/53/150
f 156/56/151 157/58/151 189/57/151
f 156/56/152 189/57/152 188/55/152
f 157/58/153 158/60/153 190/59/153
f 157/58/154 190/59/154 189/57/154
f 158/60/155 159/62/155 191/61/155
f 158/60/156 191/61/156 190/59/156
f 159/62/157 160/64/157 192/63/157
f 159/62/158 192/63/158 191/61/158
f 160/64/159 130/4/159 162/1/159
f 160/64/160 162/1/160 192/63/160
f 1/1/161 63/63/161 61/61/161
f 61/61/161 59/59/161 57/57/161
f 57/57/161 55/55/161 53/53/161
f 53/53/161 51/51/161 49/49/161
f 49/49/161 47/47/161 45/45/161
f 45/45/161 43/43/161 41/41/161
f 41/41/161 39/39/161 37/37/161
f 37/37/161 35/35/161 33/33/161
f 33/33/161 31/31/161 29/29/161
f 29/29/161 27/27/161 25/25/161
f 25/25/161 23/23/161 21/21/161
f 21/21/161 19/19/161 17/17/161
f 17/17/161 15/15/161 13/13/161
f 13/13/161 11/11/161 9/9/161
f 9/9/161 7/7/161 5/5/161
f 5/5/161 2/2/161 1/1/161
f 1/1/161 61/61/161 57/57/161
f 57/57/161 53/53/161 49/49/161
f 49/49/161 45/45/161 41/41/161
f 41/41/161 37/37/161 33/33/161
f 33/33/161 29/29/161 25/25/161
f 25/25/161 21/21/161 17/17/161
f 17/17/161 13/13/161 9/9/161
f 9/9/161 5/5/161 1/1/161
f 1/1/161 57/57/161 49/49/161
f 49/49/161 41/41/161 33/33/161
f 33/33/161 25/25/161 17/17/161
f 17/17/161 9/9/161 1/1/161
f 1/1/161 49/49/161 33/33/161
f 33/33/161 17/17/161 1/1/161
f 192/63/162 162/1/162 161/2/162
f 161/2/162 163/5/162 164/7/162
f 164/7/162 165/9/162 166/11/162
f 166/11/162 167/13/162 168/15/162
f 168/15/162 169/17/162 170/19/162
f 170/19/162 171/21/162 172/23/162
f 172/23/162 173/25/162 174/27/162
f 174/27/162 175/29/162 176/31/162
f 176/31/162 177/33/162 178/35/162
f 178/35/162 179/37/162 180/39/162
f 180/39/162 181/41/162 182/43/162
f 182/43/162 183/45/162 184/47/162
f 184/47/162 185/49/162 186/51/162
f 186/51/162 187/53/162 188/55/162
f 188/55/162 189/57/162 190/59/162
f 190/59/162 191/61/162 192/63/162
f 192/63/162 161/2/162 164/7/162
f 164/7/162 166/11/162 168/15/162
f 168/15/162 170/19/162 172/23/162
f 172/23/162 174/27/162 176/31/162
f 176/31/162 178/35/162 180/39/162
f 180/39/162 182/43/162 184/47/162
f 184/47/162 186/51/162 188/55/162
f 188/55/162 190/59/162 192/63/162
f 192/63/162 164/7/162 168/15/162
f 168/15/162 172/23/162 176/31/162
f 176/31/162 180/39/162 184/47/162
f 184/47/162 188/55/162 192/63/162
f 192/63/162 168/15/162 176/31/162
f 176/31/162 184/47/162 192/63/162
f 193/34/163 194/117/163 195/118/163
f 193/34/163 195/118/163 196/4/163
f 194/117/164 197/119/164 198/120/164
f 194/117/164 198/120/164 195/118/164
f 197/119/165 199/121/165 200/122/165
f 197/119/165 200/122/165 198/120/165
f 199/121/166 201/123/166 202/124/166
f 199/121/166 202/124/166 200/122/166
f 201/125/167 203/121/167 204/122/167
f 201/125/167 204/122/167 202/126/167
f 203/121/168 205/119/168 206/120/168
f 203/121/168 206/120/168 204/122/168
f 205/119/169 207/117/169 208/118/169
f 205/119/169 208/118/169 206/120/169
f 207/117/170 209/34/170 210/4/170
f 207/117/170 210/4/170 208/118/170
f 209/34/171 211/127/171 212/128/171
f 209/34/171 212/128/171 210/4/171
f 211/127/172 213/129/172 214/130/172
f 211/127/172 214/130/172 212/128/172
f 213/129/173 215/131/173 216/132/173
f 213/129/173 216/132/173 214/130/173
f 215/131/174 217/133/174 218/134/174
f 215/131/174 218/134/174 216/132/174
f 217/123/175 219/121/175 220/122/175
f 217/123/175 220/122/175 218/124/175
f 219/121/176 221/119/176 222/120/176
f 219/121/176 222/120/176 220/122/176
f 221/119/177 223/117/177 224/118/177
f 221/119/177 224/118/177 222/120/177
f 223/117/178 225/34/178 226/4/178
f 223/117/178 226/4/178 224/118/178
f 225/34/179 227/127/179 228/128/179
f 225/34/179 228/128/179 226/4/179
f 227/127/180 229/129/180 230/130/180
f 227/127/180 230/130/180 228/128/180
f 229/129/181 231/135/181 232/136/181
f 229/129/181 232/136/181 230/130/181
f 231/135/182 233/133/182 234/134/182
f 231/135/182 234/134/182 232/136/182
f 233/133/183 235/131/183 236/132/183
f 233/133/183 236/132/183 234/134/183
f 235/131/184 237/129/184 238/130/184
f 235/131/184 238/130/184 236/132/184
f 237/129/185 239/127/185 240/128/185
f 237/129/185 240/128/185 238/130/185
f 239/127/186 241/34/186 242/4/186
f 239/127/186 242/4/186 240/128/186
f 241/34/187 243/117/187 244/118/187
f 241/34/187 244/118/187 242/4/187
f 243/117/188 245/119/188 246/120/188
f 243/117/188 246/120/188 244/118/188
f 245/119/189 247/121/189 248/122/189
f 245/119/189 248/122/189 246/120/189
f 247/121/190 249/125/190 250/126/190
f 247/121/190 250/126/190 248/122/190
f 249/133/191 251/135/191 252/136/191
f 249/133/191 252/136/191 250/134/191
f 251/135/192 253/129/192 254/130/192
f 251/135/192 254/130/192 252/136/192
f 253/129/193 255/127/193 256/128/193
f 253/129/193 256/128/193 254/130/193
f 255/127/194 193/34/194 196/4/194
f 255/127/194 196/4/194 256/128/194
f 193/4/161 255/137/161 253/138/161
f 253/138/161 251/60/161 249/58/161
f 249/58/161 247/139/161 245/140/161
f 245/140/161 243/141/161 241/50/161
f 241/50/161 239/142/161 237/143/161
f 237/143/161 235/144/161 233/42/161
f 233/42/161 231/40/161 229/145/161
f 229/145/161 227/146/161 225/34/161
f 225/34/161 223/147/161 221/148/161
f 221/148/161 219/149/161 217/150/161
f 217/150/161 215/24/161 213/151/161
f 213/151/161 211/152/161 209/18/161
f 209/18/161 207/153/161 205/154/161
f 205/154/161 203/12/161 201/155/161
f 201/155/161 199/156/161 197/157/161
f 197/157/161 194/158/161 193/4/161
f 193/4/161 253/138/161 249/58/161
f 249/58/161 245/140/161 241/50/161
f 241/50/161 237/143/161 233/42/161
f 233/42/161 229/145/161 225/34/161
f 225/34/161 221/148/161 217/150/161
f 217/150/161 213/151/161 209/18/161
f 209/18/161 205/154/161 201/155/161
f 201/155/161 197/157/161 193/4/161
f 193/4/161 249/58/161 241/50/161
f 241/50/161 233/42/161 225/34/161
f 225/34/161 217/150/161 209/18/161
f 209/18/161 201/155/161 193/4/161
f 193/4/161 241/50/161 225/34/161
f 225/34/161 209/18/161 193/4/161
f 256/137/162 196/4/162 195/158/162
f 195/158/162 198/157/162 200/156/162
f 200/156/162 202/155/162 204/12/162
f 204/12/162 206/154/162 208/153/162
f 208/153/162 210/18/162 212/152/162
f 212/152/162 214/151/162 216/24/162
f 216/24/162 218/150/162 220/149/162
f 220/149/162 222/148/162 224/147/162
f 224/147/162 226/34/162 228/146/162
f 228/146/162 230/145/162 232/40/162
f 232/40/162 234/42/162 236/144/162
f 236/144/162 238/143/162 240/142/162
f 240/142/162 242/50/162 244/141/162
f 244/141/162 246/140/162 248/139/162
f 248/139/162 250/58/162 252/60/162
f 252/60/162 254/138/162 256/137/162
f 256/137/162 195/158/162 200/156/162
f 200/156/162 204/12/162 208/153/162
f 208/153/162 212/152/162 216/24/162
f 216/24/162 220/149/162 224/147/162
f 224/147/162 228/146/162 232/40/162
f 232/40/162 236/144/162 240/142/162
f 240/142/162 244/141/162 248/139/162
f 248/139/162 252/60/162 256/137/162
f 256/137/162 200/156/162 208/153/162
f 208/153/162 216/24/162 224/147/162
f 224/147/162 232/40/162 240/142/162
f 240/142/162 248/139/162 256/137/162
f 256/137/162 208/153/162 224/147/162
f 224/147/162 240/142/162 256/137/162
usemtl mat_1
f 257/159/195 258/160/195 259/161/195
f 257/159/195 259/161/195 260/162/195
f 258/163/196 261/164/196 262/165/196
f 258/163/196 262/165/196 259/166/196
f 261/160/197 263/159/197 264/162/197
f 261/160/197 264/162/197 262/161/197
f 263/159/198 265/167/198 266/168/198
f 263/159/198 266/168/198 264/162/198
f 265/164/199 267/163/199 268/166/199
f 265/164/199 268/166/199 266/165/199
f 267/167/200 257/159/200 260/162/200
f 267/167/200 260/162/200 268/168/200
f 257/169/162 267/163/162 265/164/162
f 265/164/162 263/170/162 261/165/162
f 261/165/162 258/166/162 257/169/162
f 265/164/162 261/165/162 257/169/162
f 268/163/161 260/169/161 259/166/161
f 259/166/161 262/165/161 264/170/161
f 264/170/161 266/164/161 268/163/161
f 259/166/161 264/170/161 268/163/161
f 269/159/195 270/160/195 271/161/195
f 269/159/195 271/161/195 272/162/195
f 270/163/196 273/164/196 274/165/196
f 270/163/196 274/165/196 271/166/196
f 273/160/197 275/159/197 276/162/197
f 273/160/197 276/162/197 274/161/197
f 275/159/198 277/167/198 278/168/198
f 275/159/198 278/168/198 276/162/198
f 277/164/199 279/163/199 280/166/199
f 277/164/199 280/166/199 278/165/199
f 279/167/200 269/159/200 272/162/200
f 279/167/200 272/162/200 280/168/200
f 269/169/162 279/163/162 277/164/162
f 277/164/162 275/170/162 273/165/162
f 273/165/162 270/166/162 269/169/162
f 277/164/162 273/165/162 269/169/162
f 280/163/161 272/169/161 271/166/161
f 271/166/161 274/165/161 276/170/161
f 276/170/161 278/164/161 280/163/161
f 271/166/161 276/170/161 280/163/161
f 281/159/201 282/160/201 283/161/201
f 281/159/201 283/161/201 284/162/201
f 282/163/196 285/164/196 286/165/196
f 282/163/196 286/165/196 283/166/196
f 285/160/202 287/159/202 288/162/202
f 285/160/202 288/162/202 286/161/202
f 287/159/203 289/167/203 290/168/203
f 287/159/203 290/168/203 288/162/203
f 289/164/199 291/163/199 292/166/199
f 289/164/199 292/166/199 290/165/199
f 291/167/204 281/159/204 284/162/204
f 291/167/204 284/162/204 292/168/204
f 281/169/162 291/163/162 289/164/162
f 289/164/162 287/170/162 285/165/162
f 285/165/162 282/166/162 281/169/162
f 289/164/162 285/165/162 281/169/162
f 292/163/161 284/169/161 283/166/161
f 283/166/161 286/165/161 288/170/161
f 288/170/161 290/164/161 292/163/161
f 283/166/161 288/170/161 292/163/161
f 293/159/201 294/160/201 295/161/201
f 293/159/201 295/161/201 296/162/201
f 294/163/196 297/164/196 298/165/196
f 294/163/196 298/165/196 295/166/196
f 297/160/202 299/159/202 300/162/202
f 297/160/202 300/162/202 298/161/202
f 299/159/203 301/167/203 302/168/203
f 299/159/203 302/168/203 300/162/203
f 301/164/199 303/163/199 304/166/199
f 301/164/199 304/166/199 302/165/199
f 303/167/204 293/159/204 296/162/204
f 303/167/204 296/162/204 304/168/204
f 293/169/162 303/163/162 301/164/162
f 301/164/162 299/170/162 297/165/162
f 297/165/162 294/166/162 293/169/162
f 301/164/162 297/165/162 293/169/162
f 304/163/161 296/169/161 295/166/161
f 295/166/161 298/165/161 300/170/161
f 300/170/161 302/164/161 304/163/161
f 295/166/161 300/170/161 304/163/161
f 305/159/201 306/160/201 307/161/201
f 305/159/201 307/161/201 308/162/201
f 306/163/196 309/164/196 310/165/196
f 306/163/196 310/165/196 307/166/196
f 309/160/202 311/159/202 312/162/202
f 309/160/202 312/162/202 310/161/202
f 311/159/203 313/167/203 314/168/203
f 311/159/203 314/168/203 312/162/203
f 313/164/199 315/163/199 316/166/199
f 313/164/199 316/166/199 314/165/199
f 315/167/204 305/159/204 308/162/204
f 315/167/204 308/162/204 316/168/204
f 305/169/162 315/163/162 313/164/162
f 313/164/162 311/170/162 309/165/162
f 309/165/162 306/166/162 305/169/162
f 313/164/162 309/165/162 305/169/162
f 316/163/161 308/169/161 307/166/161
f 307/166/161 310/165/161 312/170/161
f 312/170/161 314/164/161 316/163/161
f 307/166/161 312/170/161 316/163/161
f 317/159/201 318/160/201 319/161/201
f 317/159/201 319/161/201 320/162/201
f 318/163/196 321/164/196 322/165/196
f 318/163/196 322/165/196 319/166/196
f 321/160/202 323/159/202 324/162/202
f 321/160/202 324/162/202 322/161/202
f 323/159/203 325/167/203 326/168/203
f 323/159/203 326/168/203 324/162/203
f 325/164/199 327/163/199 328/166/199
f 325/164/199 328/166/199 326/165/199
f 327/167/204 317/159/204 320/162/204
f 327/167/204 320/162/204 328/168/204
f 317/169/162 327/163/162 325/164/162
f 325/164/162 323/170/162 321/165/162
f 321/165/162 318/166/162 317/169/162
f 325/164/162 321/165/162 317/169/162
f 328/163/161 320/169/161 319/166/161
f 319/166/161 322/165/161 324/170/161
f 324/170/161 326/164/161 328/163/161
f 319/166/161 324/170/161 328/163/161
f 329/159/205 330/160/205 331/161/205
f 329/159/205 331/161/205 332/162/205
f 330/163/196 333/164/196 334/165/196
f 330/163/196 334/165/196 331/166/196
f 333/160/206 335/159/206 336/162/206
f 333/160/206 336/162/206 334/161/206
f 335/159/207 337/167/207 338/168/207
f 335/159/207 338/168/207 336/162/207
f 337/164/199 339/163/199 340/166/199
f 337/164/199 340/166/199 338/165/199
f 339/167/208 329/159/208 332/162/208
f 339/167/208 332/162/208 340/168/208
f 329/169/162 339/163/162 337/164/162
f 337/164/162 335/170/162 333/165/162
f 333/165/162 330/166/162 329/169/162
f 337/164/162 333/165/162 329/169/162
f 340/163/161 332/169/161 331/166/161
f 331/166/161 334/165/161 336/170/161
f 336/170/161 338/164/161 340/163/161
f 331/166/161 336/170/161 340/163/161
f 341/159/205 342/160/205 343/161/205
f 341/159/205 343/161/205 344/162/205
f 342/163/196 345/164/196 346/165/196
f 342/163/196 346/165/196 343/166/196
f 345/160/206 347/159/206 348/162/206
f 345/160/206 348/162/206 346/161/206
f 347/159/207 349/167/207 350/168/207
f 347/159/207 350/168/207 348/162/207
f 349/164/199 351/163/199 352/166/199
f 349/164/199 352/166/199 350/165/199
f 351/167/208 341/159/208 344/162/208
f 351/167/208 344/162/208 352/168/208
f 341/169/162 351/163/162 349/164/162
f 349/164/162 347/170/162 345/165/162
f 345/165/162 342/166/162 341/169/162
f 349/164/162 345/165/162 341/169/162
f 352/163/161 344/169/161 343/166/161
f 343/166/161 346/165/161 348/170/161
f 348/170/161 350/164/161 352/163/161
f 343/166/161 348/170/161 352/163/161
f 353/159/205 354/160/205 355/161/205
f 353/159/205 355/161/205 356/162/205
f 354/163/196 357/164/196 358/165/196
f 354/163/196 358/165/196 355/166/196
f 357/160/206 359/159/206 360/162/206
f 357/160/206 360/162/206 358/161/206
f 359/159/207 361/167/207 362/168/207
f 359/159/207 362/168/207 360/162/207
f 361/164/199 363/163/199 364/166/199
f 361/164/199 364/166/199 362/165/199
f 363/167/208 353/159/208 356/162/208
f 363/167/208 356/162/208 364/168/208
f 353/169/162 363/163/162 361/164/162
f 361/164/162 359/170/162 357/165/162
f 357/165/162 354/166/162 353/169/162
f 361/164/162 357/165/162 353/169/162
f 364/163/161 356/169/161 355/166/161
f 355/166/161 358/165/161 360/170/161
f 360/170/161 362/164/161 364/163/161
f 355/166/161 360/170/161 364/163/161
f 365/159/205 366/160/205 367/161/205
f 365/159/205 367/161/205 368/162/205
f 366/163/196 369/164/196 370/165/196
f 366/163/196 370/165/196 367/166/196
f 369/160/206 371/159/206 372/162/206
f 369/160/206 372/162/206 370/161/206
f 371/159/207 373/167/207 374/168/207
f 371/159/207 374/168/207 372/162/207
f 373/164/199 375/163/199 376/166/199
f 373/164/199 376/166/199 374/165/199
f 375/167/208 365/159/208 368/162/208
f 375/167/208 368/162/208 376/168/208
f 365/169/162 375/163/162 373/164/162
f 373/164/162 371/170/162 369/165/162
f 369/165/162 366/166/162 365/169/162
f 373/164/162 369/165/162 365/169/162
f 376/163/161 368/169/161 367/166/161
f 367/166/161 370/165/161 372/170/161
f 372/170/161 374/164/161 376/163/161
f 367/166/161 372/170/161 376/163/161
f 377/159/209 378/160/209 379/161/209
f 377/159/209 379/161/209 380/162/209
f 378/163/196 381/164/196 382/165/196
f 378/163/196 382/165/196 379/166/196
f 381/160/210 383/159/210 384/162/210
f 381/160/210 384/162/210 382/161/210
f 383/159/211 385/167/211 386/168/211
f 383/159/211 386/168/211 384/162/211
f 385/164/199 387/163/199 388/166/199
f 385/164/199 388/166/199 386/165/199
f 387/167/212 377/159/212 380/162/212
f 387/167/212 380/162/212 388/168/212
f 377/169/162 387/163/162 385/164/162
f 385/164/162 383/170/162 381/165/162
f 381/165/162 378/166/162 377/169/162
f 385/164/162 381/165/162 377/169/162
f 388/163/161 380/169/161 379/166/161
f 379/166/161 382/165/161 384/170/161
f 384/170/161 386/164/161 388/163/161
f 379/166/161 384/170/161 388/163/161
f 389/159/209 390/160/209 391/161/209
f 389/159/209 391/161/209 392/162/209
f 390/163/196 393/164/196 394/165/196
f 390/163/196 394/165/196 391/166/196
f 393/160/210 395/159/210 396/162/210
f 393/160/210 396/162/210 394/161/210
f 395/159/211 397/167/211 398/168/211
f 395/159/211 398/168/211 396/162/211
f 397/164/199 399/163/199 400/166/199
f 397/164/199 400/166/199 398/165/199
f 399/167/212 389/159/212 392/162/212
f 399/167/212 392/162/212 400/168/212
f 389/169/162 399/163/162 397/164/162
f 397/164/162 395/170/162 393/165/162
f 393/165/162 390/166/162 389/169/162
f 397/164/162 393/165/162 389/169/162
f 400/163/161 392/169/161 391/166/161
f 391/166/161 394/165/161 396/170/161
f 396/170/161 398/164/161 400/163/161
f 391/166/161 396/170/161 400/163/161
f 401/159/209 402/160/209 403/161/209
f 401/159/209 403/161/209 404/162/209
f 402/163/196 405/164/196 406/165/196
f 402/163/196 406/165/196 403/166/196
f 405/160/210 407/159/210 408/162/210
f 405/160/210 408/162/210 406/161/210
f 407/159/211 409/167/211 410/168/211
f 407/159/211 410/168/211 408/162/211
f 409/164/199 411/163/199 412/166/199
f 409/164/199 412/166/199 410/165/199
f 411/167/212 401/159/212 404/162/212
f 411/167/212 404/162/212 412/168/212
f 401/169/162 411/163/162 409/164/162
f 409/164/162 407/170/162 405/165/162
f 405/165/162 402/166/162 401/169/162
f 409/164/162 405/165/162 401/169/162
f 412/163/161 404/169/161 403/166/161
f 403/166/161 406/165/161 408/170/161
f 408/170/161 410/164/161 412/163/161
f 403/166/161 408/170/161 412/163/161
f 413/159/209 414/160/209 415/161/209
f 413/159/209 415/161/209 416/162/209
f 414/163/196 417/164/196 418/165/196
f 414/163/196 418/165/196 415/166/196
f 417/160/210 419/159/210 420/162/210
f 417/160/210 420/162/210 418/161/210
f 419/159/211 421/167/211 422/168/211
f 419/159/211 422/168/211 420/162/211
f 421/164/199 423/163/199 424/166/199
f 421/164/199 424/166/199 422/165/199
f 423/167/212 413/159/212 416/162/212
f 423/167/212 416/162/212 424/168/212
f 413/169/162 423/163/162 421/164/162
f 421/164/162 419/170/162 417/165/162
f 417/165/162 414/166/162 413/169/162
f 421/164/162 417/165/162 413/169/162
f 424/163/161 416/169/161 415/166/161
f 415/166/161 418/165/161 420/170/161
f 420/170/161 422/164/161 424/163/161
f 415/166/161 420/170/161 424/163/161
f 425/159/195 426/160/195 427/161/195
f 425/159/195 427/161/195 428/162/195
f 426/163/196 429/164/196 430/165/196
f 426/163/196 430/165/196 427/166/196
f 429/160/197 431/159/197 432/162/197
f 429/160/197 432/162/197 430/161/197
f 431/159/198 433/167/198 434/168/198
f 431/159/198 434/168/198 432/162/198
f 433/164/199 435/163/199 436/166/199
f 433/164/199 436/166/199 434/165/199
f 435/167/200 425/159/200 428/162/200
f 435/167/200 428/162/200 436/168/200
f 425/169/162 435/163/162 433/164/162
f 433/164/162 431/170/162 429/165/162
f 429/165/162 426/166/162 425/169/162
f 433/164/162 429/165/162 425/169/162
f 436/163/161 428/169/161 427/166/161
f 427/166/161 430/165/161 432/170/161
f 432/170/161 434/164/161 436/163/161
f 427/166/161 432/170/161 436/163/161
f 437/159/195 438/160/195 439/161/195
f 437/159/195 439/161/195 440/162/195
f 438/163/196 441/164/196 442/165/196
f 438/163/196 442/165/196 439/166/196
f 441/160/197 443/159/197 444/162/197
f 441/160/197 444/162/197 442/161/197
f 443/159/198 445/167/198 446/168/198
f 443/159/198 446/168/198 444/162/198
f 445/164/199 447/163/199 448/166/199
f 445/164/199 448/166/199 446/165/199
f 447/167/200 437/159/200 440/162/200
f 447/167/200 440/162/200 448/168/200
f 437/169/162 447/163/162 445/164/162
f 445/164/162 443/170/162 441/165/162
f 441/165/162 438/166/162 437/169/162
f 445/164/162 441/165/162 437/169/162
f 448/163/161 440/169/161 439/166/161
f 439/166/161 442/165/161 444/170/161
f 444/170/161 446/164/161 448/163/161
f 439/166/161 444/170/161 448/163/161
usemtl mat_0
f 449/34/163 450/117/163 451/118/163
f 449/34/163 451/118/163 452/4/163
f 450/117/164 453/119/164 454/120/164
f 450/117/164 454/120/164 451/118/164
f 453/119/165 455/121/165 456/122/165
f 453/119/165 456/122/165 454/120/165
f 455/121/166 457/123/166 458/124/166
f 455/121/166 458/124/166 456/122/166
f 457/125/167 459/121/167 460/122/167
f 457/125/167 460/122/167 458/126/167
f 459/121/168 461/119/168 462/120/168
f 459/121/168 462/120/168 460/122/168
f 461/119/169 463/117/169 464/118/169
f 461/119/169 464/118/169 462/120/169
f 463/117/170 465/34/170 466/4/170
f 463/117/170 466/4/170 464/118/170
f 465/34/171 467/127/171 468/128/171
f 465/34/171 468/128/171 466/4/171
f 467/127/172 469/129/172 470/130/172
f 467/127/172 470/130/172 468/128/172
f 469/129/173 471/131/173 472/132/173
f 469/129/173 472/132/173 470/130/173
f 471/131/174 473/133/174 474/134/174
f 471/131/174 474/134/174 472/132/174
f 473/123/175 475/121/175 476/122/175
f 473/123/175 476/122/175 474/124/175
f 475/121/176 477/119/176 478/120/176
f 475/121/176 478/120/176 476/122/176
f 477/119/177 479/117/177 480/118/177
f 477/119/177 480/118/177 478/120/177
f 479/117/178 481/34/178 482/4/178
f 479/117/178 482/4/178 480/118/178
f 481/34/179 483/127/179 484/128/179
f 481/34/179 484/128/179 482/4/179
f 483/127/180 485/129/180 486/130/180
f 483/127/180 486/130/180 484/128/180
f 485/129/181 487/135/181 488/136/181
f 485/129/181 488/136/181 486/130/181
f 487/135/182 489/133/182 490/134/182
f 487/135/182 490/134/182 488/136/182
f 489/133/183 491/131/183 492/132/183
f 489/133/183 492/132/183 490/134/183
f 491/131/184 493/129/184 494/130/184
f 491/131/184 494/130/184 492/132/184
f 493/129/185 495/127/185 496/128/185
f 493/129/185 496/128/185 494/130/185
f 495/127/186 497/34/186 498/4/186
f 495/127/186 498/4/186 496/128/186
f 497/34/187 499/117/187 500/118/187
f 497/34/187 500/118/187 498/4/187
f 499/117/188 501/119/188 502/120/188
f 499/117/188 502/120/188 500/118/188
f 501/119/189 503/121/189 504/122/189
f 501/119/189 504/122/189 502/120/189
f 503/121/190 505/125/190 506/126/190
f 503/121/190 506/126/190 504/122/190
f 505/133/191 507/135/191 508/136/191
f 505/133/191 508/136/191 506/134/191
f 507/135/192 509/129/192 510/130/192
f 507/135/192 510/130/192 508/136/192
f 509/129/193 511/127/193 512/128/193
f 509/129/193 512/128/193 510/130/193
f 511/127/194 449/34/194 452/4/194
f 511/127/194 452/4/194 512/128/194
f 449/4/161 511/137/161 509/138/161
f 509/138/161 507/60/161 505/58/161
f 505/58/161 503/139/161 501/140/161
f 501/140/161 499/141/161 497/50/161
f 497/50/161 495/142/161 493/143/161
f 493/143/161 491/144/161 489/42/161
f 489/42/161 487/40/161 485/145/161
f 485/145/161 483/146/161 481/34/161
f 481/34/161 479/147/161 477/148/161
f 477/148/161 475/149/161 473/150/161
f 473/150/161 471/24/161 469/151/161
f 469/151/161 467/152/161 465/18/161
f 465/18/161 463/153/161 461/154/161
f 461/154/161 459/12/161 457/155/161
f 457/155/161 455/156/161 453/157/161
f 453/157/161 450/158/161 449/4/161
f 449/4/161 509/138/161 505/58/161
f 505/58/161 501/140/161 497/50/161
f 497/50/161 493/143/161 489/42/161
f 489/42/161 485/145/161 481/34/161
f 481/34/161 477/148/161 473/150/161
f 473/150/161 469/151/161 465/18/161
f 465/18/161 461/154/161 457/155/161
f 457/155/161 453/157/161 449/4/161
f 449/4/161 505/58/161 497/50/161
f 497/50/161 489/42/161 481/34/161
f 481/34/161 473/150/161 465/18/161
f 465/18/161 457/155/161 449/4/161
f 449/4/161 497/50/161 481/34/161
f 481/34/161 465/18/161 449/4/161
f 512/137/162 452/4/162 451/158/162
f 451/158/162 454/157/162 456/156/162
f 456/156/162 458/155/162 460/12/162
f 460/12/162 462/154/162 464/153/162
f 464/153/162 466/18/162 468/152/162
f 468/152/162 470/151/162 472/24/162
f 472/24/162 474/150/162 476/149/162
f 476/149/162 478/148/162 480/147/162
f 480/147/162 482/34/162 484/146/162
f 484/146/162 486/145/162 488/40/162
f 488/40/162 490/42/162 492/144/162
f 492/144/162 494/143/162 496/142/162
f 496/142/162 498/50/162 500/141/162
f 500/141/162 502/140/162 504/139/162
f 504/139/162 506/58/162 508/60/162
f 508/60/162 510/138/162 512/137/162
f 512/137/162 451/158/162 456/156/162
f 456/156/162 460/12/162 464/153/162
f 464/153/162 468/152/162 472/24/162
f 472/24/162 476/149/162 480/147/162
f 480/147/162 484/146/162 488/40/162
f 488/40/162 492/144/162 496/142/162
f 496/142/162 500/141/162 504/139/162
f 504/139/162 508/60/162 512/137/162
f 512/137/162 456/156/162 464/153/162
f 464/153/162 472/24/162 480/147/162
f 480/147/162 488/40/162 496/142/162
f 496/142/162 504/139/162 512/137/162
f 512/137/162 464/153/162 480/147/162
f 480/147/162 496/142/162 512/137/162
usemtl mat_1
f 513/159/195 514/160/195 515/161/195
f 513/159/195 515/161/195 516/162/195
f 514/163/196 517/164/196 518/165/196
f 514/163/196 518/165/196 515/166/196
f 517/160/197 519/159/197 520/162/197
f 517/160/197 520/162/197 518/161/197
f 519/159/198 521/167/198 522/168/198
f 519/159/198 522/168/198 520/162/198
f 521/164/199 523/163/199 524/166/199
f 521/164/199 524/166/199 522/165/199
f 523/167/200 513/159/200 516/162/200
f 523/167/200 516/162/200 524/168/200
f 513/169/162 523/163/162 521/164/162
f 521/164/162 519/170/162 517/165/162
f 517/165/162 514/166/162 513/169/162
f 521/164/162 517/165/162 513/169/162
f 524/163/161 516/169/161 515/166/161
f 515/166/161 518/165/161 520/170/161
f 520/170/161 522/164/161 524/163/161
f 515/166/161 520/170/161 524/163/161
f 525/159/195 526/160/195 527/161/195
f 525/159/195 527/161/195 528/162/195
f 526/163/196 529/164/196 530/165/196
f 526/163/196 530/165/196 527/166/196
f 529/160/197 531/159/197 532/162/197
f 529/160/197 532/162/197 530/161/197
f 531/159/198 533/167/198 534/168/198
f 531/159/198 534/168/198 532/162/198
f 533/164/199 535/163/199 536/166/199
f 533/164/199 536/166/199 534/165/199
f 535/167/200 525/159/200 528/162/200
f 535/167/200 528/162/200 536/168/200
f 525/169/162 535/163/162 533/164/162
f 533/164/162 531/170/162 529/165/162
f 529/165/162 526/166/162 525/169/162
f 533/164/162 529/165/162 525/169/162
f 536/163/161 528/169/161 527/166/161
f 527/166/161 530/165/161 532/170/161
f 532/170/161 534/164/161 536/163/161
f 527/166/161 532/170/161 536/163/161
f 537/159/201 538/160/201 539/161/201
f 537/159/201 539/161/201 540/162/201
f 538/163/196 541/164/196 542/165/196
f 538/163/196 542/165/196 539/166/196
f 541/160/202 543/159/202 544/162/202
f 541/160/202 544/162/202 542/161/202
f 543/159/203 545/167/203 546/168/203
f 543/159/203 546/168/203 544/162/203
f 545/164/199 547/163/199 548/166/199
f 545/164/199 548/166/199 546/165/199
f 547/167/204 537/159/204 540/162/204
f 547/167/204 540/162/204 548/168/204
f 537/169/162 547/163/162 545/164/162
f 545/164/162 543/170/162 541/165/162
f 541/165/162 538/166/162 537/169/162
f 545/164/162 541/165/162 537/169/162
f 548/163/161 540/169/161 539/166/161
f 539/166/161 542/165/161 544/170/161
f 544/170/161 546/164/161 548/163/161
f 539/166/161 544/170/161 548/163/161
f 549/159/201 550/160/201 551/161/201
f 549/159/201 551/161/201 552/162/201
f 550/163/196 553/164/196 554/165/196
f 550/163/196 554/165/196 551/166/196
f 553/160/202 555/159/202 556/162/202
f 553/160/202 556/162/202 554/161/202
f 555/159/203 557/167/203 558/168/203
f 555/159/203 558/168/203 556/162/203
f 557/164/199 559/163/199 560/166/199
f 557/164/199 560/166/199 558/165/199
f 559/167/204 549/159/204 552/162/204
f 559/167/204 552/162/204 560/168/204
f 549/169/162 559/163/162 557/164/162
f 557/164/162 555/170/162 553/165/162
f 553/165/162 550/166/162 549/169/162
f 557/164/162 553/165/162 549/169/162
f 560/163/161 552/169/161 551/166/161
f 551/166/161 554/165/161 556/170/161
f 556/170/161 558/164/161 560/163/161
f 551/166/161 556/170/161 560/163/161
f 561/159/201 562/160/201 563/161/201
f 561/159/201 563/161/201 564/162/201
f 562/163/196 565/164/196 566/165/196
f 562/163/196 566/165/196 563/166/196
f 565/160/202 567/159/202 568/162/202
f 565/160/202 568/162/202 566/161/202
f 567/159/203 569/167/203 570/168/203
f 567/159/203 570/168/203 568/162/203
f 569/164/199 571/163/199 572/166/199
f 569/164/199 572/166/199 570/165/199
f 571/167/204 561/159/204 564/162/204
f 571/167/204 564/162/204 572/168/204
f 561/169/162 571/163/162 569/164/162
f 569/164/162 567/170/162 565/165/162
f 565/165/162 562/166/162 561/169/162
f 569/164/162 565/165/162 561/169/162
f 572/163/161 564/169/161 563/166/161
f 563/166/161 566/165/161 568/170/161
f 568/170/161 570/164/161 572/163/161
f 563/166/161 568/170/161 572/163/161
f 573/159/201 574/160/201 575/161/201
f 573/159/201 575/161/201 576/162/201
f 574/163/196 577/164/196 578/165/196
f 574/163/196 578/165/196 575/166/196
f 577/160/202 579/159/202 580/162/202
f 577/160/202 580/162/202 578/161/202
f 579/159/203 581/167/203 582/168/203
f 579/159/203 582/168/203 580/162/203
f 581/164/199 583/163/199 584/166/199
f 581/164/199 584/166/199 582/165/199
f 583/167/204 573/159/204 576/162/204
f 583/167/204 576/162/204 584/168/204
f 573/169/162 583/163/162 581/164/162
f 581/164/162 579/170/162 577/165/162
f 577/165/162 574/166/162 573/169/162
f 581/164/162 577/165/162 573/169/162
f 584/163/161 576/169/161 575/166/161
f 575/166/161 578/165/161 580/170/161
f 580/170/161 582/164/161 584/163/161
f 575/166/161 580/170/161 584/163/161
f 585/159/205 586/160/205 587/161/205
f 585/159/205 587/161/205 588/162/205
f 586/163/196 589/164/196 590/165/196
f 586/163/196 590/165/196 587/166/196
f 589/160/206 591/159/206 592/162/206
f 589/160/206 592/162/206 590/161/206
f 591/159/207 593/167/207 594/168/207
f 591/159/207 594/168/207 592/162/207
f 593/164/199 595/163/199 596/166/199
f 593/164/199 596/166/199 594/165/199
f 595/167/208 585/159/208 588/162/208
f 595/167/208 588/162/208 596/168/208
f 585/169/162 595/163/162 593/164/162
f 593/164/162 591/170/162 589/165/162
f 589/165/162 586/166/162 585/169/162
f 593/164/162 589/165/162 585/169/162
f 596/163/161 588/169/161 587/166/161
f 587/166/161 590/165/161 592/170/161
f 592/170/161 594/164/161 596/163/161
f 587/166/161 592/170/161 596/163/161
f 597/159/205 598/160/205 599/161/205
f 597/159/205 599/161/205 600/162/205
f 598/163/196 601/164/196 602/165/196
f 598/163/196 602/165/196 599/166/196
f 601/160/206 603/159/206 604/162/206
f 601/160/206 604/162/206 602/161/206
f 603/159/207 605/167/207 606/168/207
f 603/159/207 606/168/207 604/162/207
f 605/164/199 607/163/199 608/166/199
f 605/164/199 608/166/199 606/165/199
f 607/167/208 597/159/208 600/162/208
f 607/167/208 600/162/208 608/168/208
f 597/169/162 607/163/162 605/164/162
f 605/164/162 603/170/162 601/165/162
f 601/165/162 598/166/162 597/169/162
f 605/164/162 601/165/162 597/169/162
f 608/163/161 600/169/161 599/166/161
f 599/166/161 602/165/161 604/170/161
f 604/170/161 606/164/161 608/163/161
f 599/166/161 604/170/161 608/163/161
f 609/159/205 610/160/205 611/161/205
f 609/159/205 611/161/205 612/162/205
f 610/163/196 613/164/196 614/165/196
f 610/163/196 614/165/196 611/166/196
f 613/160/206 615/159/206 616/162/206
f 613/160/206 616/162/206 614/161/206
f 615/159/207 617/167/207 618/168/207
f 615/159/207 618/168/207 616/162/207
f 617/164/199 619/163/199 620/166/199
f 617/164/199 620/166/199 618/165/199
f 619/167/208 609/159/208 612/162/208
f 619/167/208 612/162/208 620/168/208
f 609/169/162 619/163/162 617/164/162
f 617/164/162 615/170/162 613/165/162
f 613/165/162 610/166/162 609/169/162
f 617/164/162 613/165/162 609/169/162
f 620/163/161 612/169/161 611/166/161
f 611/166/161 614/165/161 616/170/161
f 616/170/161 618/164/161 620/163/161
f 611/166/161 616/170/161 620/163/161
f 621/159/205 622/160/205 623/161/205
f 621/159/205 623/161/205 624/162/205
f 622/163/196 625/164/196 626/165/196
f 622/163/196 626/165/196 623/166/196
f 625/160/206 627/159/206 628/162/206
f 625/160/206 628/162/206 626/161/206
f 627/159/207 629/167/207 630/168/207
f 627/159/207 630/168/207 628/162/207
f 629/164/199 631/163/199 632/166/199
f 629/164/199 632/166/199 630/165/199
f 631/167/208 621/159/208 624/162/208
f 631/167/208 624/162/208 632/168/208
f 621/169/162 631/163/162 629/164/162
f 629/164/162 627/170/162 625/165/162
f 625/165/162 622/166/162 621/169/162
f 629/164/162 625/165/162 621/169/162
f 632/163/161 624/169/161 623/166/161
f 623/166/161 626/165/161 628/170/161
f 628/170/161 630/164/161 632/163/161
f 623/166/161 628/170/161 632/163/161
f 633/159/209 634/160/209 635/161/209
f 633/159/209 635/161/209 636/162/209
f 634/163/196 637/164/196 638/165/196
f 634/163/196 638/165/196 635/166/196
f 637/160/210 639/159/210 640/162/210
f 637/160/210 640/162/210 638/161/210
f 639/159/211 641/167/211 642/168/211
f 639/159/211 642/168/211 640/162/211
f 641/164/199 643/163/199 644/166/199
f 641/164/199 644/166/199 642/165/199
f 643/167/212 633/159/212 636/162/212
f 643/167/212 636/162/212 644/168/212
f 633/169/162 643/163/162 641/164/162
f 641/164/162 639/170/162 637/165/162
f 637/165/162 634/166/162 633/169/162
f 641/164/162 637/165/162 633/169/162
f 644/163/161 636/169/161 635/166/161
f 635/166/161 638/165/161 640/170/161
f 640/170/161 642/164/161 644/163/161
f 635/166/161 640/170/161 644/163/161
f 645/159/209 646/160/209 647/161/209
f 645/159/209 647/161/209 648/162/209
f 646/163/196 649/164/196 650/165/196
f 646/163/196 650/165/196 647/166/196
f 649/160/210 651/159/210 652/162/210
f 649/160/210 652/162/210 650/161/210
f 651/159/211 653/167/211 654/168/211
f 651/159/211 654/168/211 652/162/211
f 653/164/199 655/163/199 656/166/199
f 653/164/199 656/166/199 654/165/199
f 655/167/212 645/159/212 648/162/212
f 655/167/212 648/162/212 656/168/212
f 645/169/162 655/163/162 653/164/162
f 653/164/162 651/170/162 649/165/162
f 649/165/162 646/166/162 645/169/162
f 653/164/162 649/165/162 645/169/162
f 656/163/161 648/169/161 647/166/161
f 647/166/161 650/165/161 652/170/161
f 652/170/161 654/164/161 656/163/161
f 647/166/161 652/170/161 656/163/161
f 657/159/209 658/160/209 659/161/209
f 657/159/209 659/161/209 660/162/209
f 658/163/196 661/164/196 662/165/196
f 658/163/196 662/165/196 659/166/196
f 661/160/210 663/159/210 664/162/210
f 661/160/210 664/162/210 662/161/210
f 663/159/211 665/167/211 666/168/211
f 663/159/211 666/168/211 664/162/211
f 665/164/199 667/163/199 668/166/199
f 665/164/199 668/166/199 666/165/199
f 667/167/212 657/159/212 660/162/212
f 667/167/212 660/162/212 668/168/212
f 657/169/162 667/163/162 665/164/162
f 665/164/162 663/170/162 661/165/162
f 661/165/162 658/166/162 657/169/162
f 665/164/162 661/165/162 657/169/162
f 668/163/161 660/169/161 659/166/161
f 659/166/161 662/165/161 664/170/161
f 664/170/161 666/164/161 668/163/161
f 659/166/161 664/170/161 668/163/161
f 669/159/209 670/160/209 671/161/209
f 669/159/209 671/161/209 672/162/209
f 670/163/196 673/164/196 674/165/196
f 670/163/196 674/165/196 671/166/196
f 673/160/210 675/159/210 676/162/210
f 673/160/210 676/162/210 674/161/210
f 675/159/211 677/167/211 678/168/211
f 675/159/211 678/168/211 676/162/211
f 677/164/199 679/163/199 680/166/199
f 677/164/199 680/166/199 678/165/199
f 679/167/212 669/159/212 672/162/212
f 679/167/212 672/162/212 680/168/212
f 669/169/162 679/163/162 677/164/162
f 677/164/162 675/170/162 673/165/162
f 673/165/162 670/166/162 669/169/162
f 677/164/162 673/165/162 669/169/162
f 680/163/161 672/169/161 671/166/161
f 671/166/161 674/165/161 676/170/161
f 676/170/161 678/164/161 680/163/161
f 671/166/161 676/170/161 680/163/161
f 681/159/195 682/160/195 683/161/195
f 681/159/195 683/161/195 684/162/195
f 682/163/196 685/164/196 686/165/196
f 682/163/196 686/165/196 683/166/196
f 685/160/197 687/159/197 688/162/197
f 685/160/197 688/162/197 686/161/197
f 687/159/198 689/167/198 690/168/198
f 687/159/198 690/168/198 688/162/198
f 689/164/199 691/163/199 692/166/199
f 689/164/199 692/166/199 690/165/199
f 691/167/200 681/159/200 684/162/200
f 691/167/200 684/162/200 692/168/200
f 681/169/162 691/163/162 689/164/162
f 689/164/162 687/170/162 685/165/162
f 685/165/162 682/166/162 681/169/162
f 689/164/162 685/165/162 681/169/162
f 692/163/161 684/169/161 683/166/161
f 683/166/161 686/165/161 688/170/161
f 688/170/161 690/164/161 692/163/161
f 683/166/161 688/170/161 692/163/161
f 693/159/195 694/160/195 695/161/195
f 693/159/195 695/161/195 696/162/195
f 694/163/196 697/164/196 698/165/196
f 694/163/196 698/165/196 695/166/196
f 697/160/197 699/159/197 700/162/197
f 697/160/197 700/162/197 698/161/197
f 699/159/198 701/167/198 702/168/198
f 699/159/198 702/168/198 700/162/198
f 701/164/199 703/163/199 704/166/199
f 701/164/199 704/166/199 702/165/199
f 703/167/200 693/159/200 696/162/200
f 703/167/200 696/162/200 704/168/200
f 693/169/162 703/163/162 701/164/162
f 701/164/162 699/170/162 697/165/162
f 697/165/162 694/166/162 693/169/162
f 701/164/162 697/165/162 693/169/162
f 704/163/161 696/169/161 695/166/161
f 695/166/161 698/165/161 700/170/161
f 700/170/161 702/164/161 704/163/161
f 695/166/161 700/170/161 704/163/161
usemtl mat_0
f 705/171/213 706/172/213 707/173/213
f 705/171/214 707/173/214 708/174/214
f 706/172/215 709/175/215 710/176/215
f 706/172/216 710/176/216 707/173/216
f 709/175/217 711/177/217 712/178/217
f 709/175/218 712/178/218 710/176/218
f 711/125/219 713/179/219 714/180/219
f 711/125/220 714/180/220 712/181/220
f 713/179/221 715/182/221 716/183/221
f 713/179/222 716/183/222 714/180/222
f 715/182/223 717/34/223 718/184/223
f 715/182/224 718/184/224 716/183/224
f 717/34/225 719/185/225 720/186/225
f 717/34/226 720/186/226 718/184/226
f 719/185/227 721/187/227 722/188/227
f 719/185/228 722/188/228 720/186/228
f 721/187/229 723/189/229 724/190/229
f 721/187/230 724/190/230 722/188/230
f 723/177/231 725/175/231 726/176/231
f 723/177/232 726/176/232 724/178/232
f 725/175/233 727/172/233 728/173/233
f 725/175/234 728/173/234 726/176/234
f 727/172/235 729/171/235 730/174/235
f 727/172/236 730/174/236 728/173/236
f 729/171/237 731/191/237 732/192/237
f 729/171/238 732/192/238 730/174/238
f 731/191/239 733/193/239 734/194/239
f 731/191/240 734/194/240 732/192/240
f 733/193/241 735/195/241 736/196/241
f 733/193/242 736/196/242 734/194/242
f 735/189/243 737/187/243 738/188/243
f 735/189/244 738/188/244 736/190/244
f 737/187/245 739/185/245 740/186/245
f 737/187/246 740/186/246 738/188/246
f 739/185/247 741/34/247 742/184/247
f 739/185/248 742/184/248 740/186/248
f 741/34/249 743/182/249 744/183/249
f 741/34/250 744/183/250 742/184/250
f 743/182/251 745/179/251 746/180/251
f 743/182/252 746/180/252 744/183/252
f 745/179/253 747/125/253 748/181/253
f 745/179/254 748/181/254 746/180/254
f 747/195/255 749/193/255 750/194/255
f 747/195/256 750/194/256 748/196/256
f 749/193/257 751/191/257 752/192/257
f 749/193/258 752/192/258 750/194/258
f 751/191/259 705/171/259 708/174/259
f 751/191/260 708/174/260 752/192/260
f 708/174/261 707/173/261 753/197/261
f 708/174/262 753/197/262 754/198/262
f 707/173/263 710/176/263 755/199/263
f 707/173/264 755/199/264 753/197/264
f 710/176/265 712/178/265 756/200/265
f 710/176/266 756/200/266 755/199/266
f 712/181/267 714/180/267 757/199/267
f 712/181/268 757/199/268 756/200/268
f 714/180/269 716/183/269 758/197/269
f 714/180/270 758/197/270 757/199/270
f 716/183/271 718/184/271 759/4/271
f 716/183/272 759/4/272 758/197/272
f 718/184/273 720/186/273 760/201/273
f 718/184/274 760/201/274 759/4/274
f 720/186/275 722/188/275 761/202/275
f 720/186/276 761/202/276 760/201/276
f 722/188/277 724/190/277 762/203/277
f 722/188/278 762/203/278 761/202/278
f 724/178/279 726/176/279 763/199/279
f 724/178/280 763/199/280 762/200/280
f 726/176/281 728/173/281 764/197/281
f 726/176/282 764/197/282 763/199/282
f 728/173/283 730/174/283 765/198/283
f 728/173/284 765/198/284 764/197/284
f 730/174/285 732/192/285 766/204/285
f 730/174/286 766/204/286 765/198/286
f 732/192/287 734/194/287 767/205/287
f 732/192/288 767/205/288 766/204/288
f 734/194/289 736/196/289 768/206/289
f 734/194/290 768/206/290 767/205/290
f 736/190/291 738/188/291 769/202/291
f 736/190/292 769/202/292 768/203/292
f 738/188/293 740/186/293 770/201/293
f 738/188/294 770/201/294 769/202/294
f 740/186/295 742/184/295 771/4/295
f 740/186/296 771/4/296 770/201/296
f 742/184/297 744/183/297 772/197/297
f 742/184/298 772/197/298 771/4/298
f 744/183/299 746/180/299 773/199/299
f 744/183/300 773/199/300 772/197/300
f 746/180/301 748/181/301 774/200/301
f 746/180/302 774/200/302 773/199/302
f 748/196/303 750/194/303 775/205/303
f 748/196/304 775/205/304 774/206/304
f 750/194/305 752/192/305 776/204/305
f 750/194/306 776/204/306 775/205/306
f 752/192/307 708/174/307 754/198/307
f 752/192/308 754/198/308 776/204/308
f 705/198/161 751/207/161 749/208/161
f 749/208/161 747/209/161 745/210/161
f 745/210/161 743/211/161 741/50/161
f 741/50/161 739/212/161 737/213/161
f 737/213/161 735/214/161 733/215/161
f 733/215/161 731/216/161 729/171/161
f 729/171/161 727/217/161 725/218/161
f 725/218/161 723/219/161 721/220/161
f 721/220/161 719/221/161 717/18/161
f 717/18/161 715/222/161 713/223/161
f 713/223/161 711/224/161 709/225/161
f 709/225/161 706/226/161 705/198/161
f 705/198/161 749/208/161 745/210/161
f 745/210/161 741/50/161 737/213/161
f 737/213/161 733/215/161 729/171/161
f 729/171/161 725/218/161 721/220/161
f 721/220/161 717/18/161 713/223/161
f 713/223/161 709/225/161 705/198/161
f 705/198/161 745/210/161 737/213/161
f 737/213/161 729/171/161 721/220/161
f 721/220/161 713/223/161 705/198/161
f 737/213/161 721/220/161 705/198/161
f 776/227/162 754/228/162 753/229/162
f 753/229/162 755/230/162 756/231/162
f 756/231/162 757/232/162 758/233/162
f 758/233/162 759/234/162 760/235/162
f 760/235/162 761/236/162 762/237/162
f 762/237/162 763/238/162 764/239/162
f 764/239/162 765/240/162 766/241/162
f 766/241/162 767/242/162 768/243/162
f 768/243/162 769/244/162 770/245/162
f 770/245/162 771/246/162 772/247/162
f 772/247/162 773/248/162 774/249/162
f 774/249/162 775/250/162 776/227/162
f 776/227/162 753/229/162 756/231/162
f 756/231/162 758/233/162 760/235/162
f 760/235/162 762/237/162 764/239/162
f 764/239/162 766/241/162 768/243/162
f 768/243/162 770/245/162 772/247/162
f 772/247/162 774/249/162 776/227/162
f 776/227/162 756/231/162 760/235/162
f 760/235/162 764/239/162 768/243/162
f 768/243/162 772/247/162 776/227/162
f 760/235/162 768/243/162 776/227/162
f 777/34/309 778/251/309 779/252/309
f 777/34/310 779/252/310 780/253/310
f 778/251/311 781/254/311 782/255/311
f 778/251/312 782/255/312 779/252/312
f 781/254/313 783/256/313 784/257/313
f 781/254/314 784/257/314 782/255/314
f 783/258/315 785/254/315 786/255/315
f 783/258/316 786/255/316 784/259/316
f 785/254/317 787/260/317 788/261/317
f 785/254/318 788/261/318 786/255/318
f 787/260/319 789/34/319 790/253/319
f 787/260/320 790/253/320 788/261/320
f 789/34/321 791/262/321 792/263/321
f 789/34/322 792/263/322 790/253/322
f 791/262/323 793/264/323 794/265/323
f 791/262/324 794/265/324 792/263/324
f 793/264/325 795/266/325 796/267/325
f 793/264/326 796/267/326 794/265/326
f 795/256/327 797/254/327 798/255/327
f 795/256/328 798/255/328 796/257/328
f 797/254/329 799/251/329 800/252/329
f 797/254/330 800/252/330 798/255/330
f 799/251/331 801/34/331 802/253/331
f 799/251/332 802/253/332 800/252/332
f 801/34/333 803/268/333 804/269/333
f 801/34/334 804/269/334 802/253/334
f 803/268/335 805/270/335 806/265/335
f 803/268/336 806/265/336 804/269/336
f 805/270/337 807/271/337 808/272/337
f 805/270/338 808/272/338 806/265/338
f 807/266/339 809/264/339 810/265/339
f 807/266/340 810/265/340 808/267/340
f 809/264/341 811/262/341 812/263/341
f 809/264/342 812/263/342 810/265/342
f 811/262/343 813/34/343 814/253/343
f 811/262/344 814/253/344 812/263/344
f 813/34/345 815/260/345 816/261/345
f 813/34/346 816/261/346 814/253/346
f 815/260/347 817/254/347 818/255/347
f 815/260/348 818/255/348 816/261/348
f 817/254/349 819/258/349 820/259/349
f 817/254/350 820/259/350 818/255/350
f 819/271/351 821/270/351 822/265/351
f 819/271/352 822/265/352 820/272/352
f 821/270/353 823/268/353 824/269/353
f 821/270/354 824/269/354 822/265/354
f 823/268/355 777/34/355 780/253/355
f 823/268/356 780/253/356 824/269/356
f 780/253/357 779/252/357 825/273/357
f 780/253/357 825/273/357 826/274/357
f 779/252/358 782/255/358 827/275/358
f 779/252/358 827/275/358 825/273/358
f 782/255/359 784/257/359 828/276/359
f 782/255/359 828/276/359 827/275/359
f 784/259/360 786/255/360 829/275/360
f 784/259/360 829/275/360 828/277/360
f 786/255/361 788/261/361 830/278/361
f 786/255/361 830/278/361 829/275/361
f 788/261/362 790/253/362 831/274/362
f 788/261/362 831/274/362 830/278/362
f 790/253/363 792/263/363 832/279/363
f 790/253/363 832/279/363 831/274/363
f 792/263/364 794/265/364 833/280/364
f 792/263/364 833/280/364 832/279/364
f 794/265/365 796/267/365 834/281/365
f 794/265/365 834/281/365 833/280/365
f 796/257/366 798/255/366 835/275/366
f 796/257/366 835/275/366 834/276/366
f 798/255/367 800/252/367 836/273/367
f 798/255/367 836/273/367 835/275/367
f 800/252/368 802/253/368 837/274/368
f 800/252/368 837/274/368 836/273/368
f 802/253/369 804/269/369 838/282/369
f 802/253/369 838/282/369 837/274/369
f 804/269/370 806/265/370 839/280/370
f 804/269/370 839/280/370 838/282/370
f 806/265/371 808/272/371 840/283/371
f 806/265/371 840/283/371 839/280/371
f 808/267/372 810/265/372 841/280/372
f 808/267/372 841/280/372 840/281/372
f 810/265/373 812/263/373 842/279/373
f 810/265/373 842/279/373 841/280/373
f 812/263/374 814/253/374 843/274/374
f 812/263/374 843/274/374 842/279/374
f 814/253/375 816/261/375 844/278/375
f 814/253/375 844/278/375 843/274/375
f 816/261/376 818/255/376 845/275/376
f 816/261/376 845/275/376 844/278/376
f 818/255/377 820/259/377 846/277/377
f 818/255/377 846/277/377 845/275/377
f 820/272/378 822/265/378 847/280/378
f 820/272/378 847/280/378 846/283/378
f 822/265/379 824/269/379 848/282/379
f 822/265/379 848/282/379 847/280/379
f 824/269/380 780/253/380 826/274/380
f 824/269/380 826/274/380 848/282/380
f 826/4/381 825/284/381 849/285/381
f 826/4/382 849/285/382 850/286/382
f 825/284/383 827/287/383 851/288/383
f 825/284/384 851/288/384 849/285/384
f 827/287/385 828/155/385 852/289/385
f 827/287/386 852/289/386 851/288/386
f 828/155/387 829/223/387 853/290/387
f 828/155/388 853/290/388 852/289/388
f 829/223/389 830/291/389 854/292/389
f 829/223/390 854/292/390 853/290/390
f 830/291/391 831/18/391 855/293/391
f 830/291/392 855/293/392 854/292/392
f 831/18/393 832/294/393 856/295/393
f 831/18/394 856/295/394 855/293/394
f 832/294/395 833/220/395 857/296/395
f 832/294/396 857/296/396 856/295/396
f 833/220/397 834/150/397 858/297/397
f 833/220/398 858/297/398 857/296/398
f 834/150/399 835/298/399 859/299/399
f 834/150/400 859/299/400 858/297/400
f 835/298/401 836/300/401 860/301/401
f 835/298/402 860/301/402 859/299/402
f 836/300/403 837/34/403 861/302/403
f 836/300/404 861/302/404 860/301/404
f 837/34/405 838/303/405 862/304/405
f 837/34/406 862/304/406 861/302/406
f 838/303/407 839/305/407 863/306/407
f 838/303/408 863/306/408 862/304/408
f 839/305/409 840/307/409 864/308/409
f 839/305/410 864/308/410 863/306/410
f 840/307/411 841/309/411 865/310/411
f 840/307/412 865/310/412 864/308/412
f 841/309/413 842/311/413 866/312/413
f 841/309/414 866/312/414 865/310/414
f 842/311/415 843/50/415 867/313/415
f 842/311/416 867/313/416 866/312/416
f 843/50/417 844/314/417 868/315/417
f 843/50/418 868/315/418 867/313/418
f 844/314/419 845/316/419 869/317/419
f 844/314/420 869/317/420 868/315/420
f 845/316/421 846/318/421 870/319/421
f 845/316/422 870/319/422 869/317/422
f 846/318/423 847/320/423 871/321/423
f 846/318/424 871/321/424 870/319/424
f 847/320/425 848/322/425 872/323/425
f 847/320/426 872/323/426 871/321/426
f 848/322/427 826/4/427 850/286/427
f 848/322/428 850/286/428 872/323/428
f 777/324/161 823/325/161 821/326/161
f 821/326/161 819/327/161 817/328/161
f 817/328/161 815/329/161 813/330/161
f 813/330/161 811/331/161 809/332/161
f 809/332/161 807/333/161 805/334/161
f 805/334/161 803/335/161 801/336/161
f 801/336/161 799/337/161 797/338/161
f 797/338/161 795/339/161 793/340/161
f 793/340/161 791/341/161 789/342/161
f 789/342/161 787/343/161 785/344/161
f 785/344/161 783/345/161 781/346/161
f 781/346/161 778/347/161 777/324/161
f 777/324/161 821/326/161 817/328/161
f 817/328/161 813/330/161 809/332/161
f 809/332/161 805/334/161 801/336/161
f 801/336/161 797/338/161 793/340/161
f 793/340/161 789/342/161 785/344/161
f 785/344/161 781/346/161 777/324/161
f 777/324/161 817/328/161 809/332/161
f 809/332/161 801/336/161 793/340/161
f 793/340/161 785/344/161 777/324/161
f 809/332/161 793/340/161 777/324/161
f 872/323/162 850/286/162 849/285/162
f 849/285/162 851/288/162 852/289/162
f 852/289/162 853/290/162 854/292/162
f 854/292/162 855/293/162 856/295/162
f 856/295/162 857/296/162 858/297/162
f 858/297/162 859/299/162 860/301/162
f 860/301/162 861/302/162 862/304/162
f 862/304/162 863/306/162 864/308/162
f 864/308/162 865/310/162 866/312/162
f 866/312/162 867/313/162 868/315/162
f 868/315/162 869/317/162 870/319/162
f 870/319/162 871/321/162 872/323/162
f 872/323/162 849/285/162 852/289/162
f 852/289/162 854/292/162 856/295/162
f 856/295/162 858/297/162 860/301/162
f 860/301/162 862/304/162 864/308/162
f 864/308/162 866/312/162 868/315/162
f 868/315/162 870/319/162 872/323/162
f 872/323/162 852/289/162 856/295/162
f 856/295/162 860/301/162 864/308/162
f 864/308/162 868/315/162 872/323/162
f 856/295/162 864/308/162 872/323/162
usemtl mat_2
f 873/348/429 874/349/429 875/350/429
f 876/351/430 877/352/430 878/353/430
f 879/354/431 880/355/431 881/356/431
f 882/357/432 883/358/432 884/359/432
f 885/360/433 886/361/433 887/362/433
f 888/363/434 889/364/434 890/365/434
f 891/366/435 892/363/435 893/367/435
f 894/368/436 895/369/436 896/370/436
f 875/350/437 877/352/437 876/351/437
f 875/350/437 876/351/437 873/348/437
f 874/349/438 882/357/438 884/359/438
f 874/349/438 884/359/438 875/350/438
f 881/356/439 884/359/439 883/358/439
f 881/356/439 883/358/439 879/354/439
f 877/352/440 881/356/440 880/355/440
f 877/352/440 880/355/440 878/353/440
f 887/362/441 895/369/441 894/368/441
f 887/362/441 894/368/441 885/360/441
f 886/361/442 888/363/442 890/365/442
f 886/361/442 890/365/442 887/362/442
f 889/360/443 891/366/443 893/367/443
f 889/360/443 893/367/443 890/371/443
f 892/363/444 896/372/444 895/373/444
f 892/363/444 895/373/444 893/367/444
f 873/348/445 886/361/445 885/360/445
f 873/348/445 885/360/445 874/349/445
f 878/353/446 889/364/446 888/363/446
f 878/353/446 888/363/446 876/351/446
f 879/374/447 892/363/447 891/366/447
f 879/374/447 891/366/447 880/375/447
f 882/376/448 894/368/448 896/370/448
f 882/376/448 896/370/448 883/377/448
f 873/348/449 876/351/449 888/363/449
f 873/348/449 888/363/449 886/361/449
f 875/350/199 884/359/199 881/356/199
f 875/350/199 881/356/199 877/352/199
f 882/376/161 874/349/161 885/360/161
f 882/376/161 885/360/161 894/368/161
f 878/378/162 880/375/162 891/366/162
f 878/378/162 891/366/162 889/360/162
f 879/374/450 883/379/450 896/372/450
f 879/374/450 896/372/450 892/363/450
f 887/350/196 890/352/196 893/367/196
f 887/350/196 893/367/196 895/373/196
usemtl mat_0
f 897/380/451 898/381/451 899/382/451
f 900/383/452 901/384/452 902/385/452
f 903/386/453 904/387/453 905/388/453
f 906/389/454 907/390/454 908/391/454
f 909/392/455 910/393/455 911/394/455
f 912/395/456 913/396/456 914/386/456
f 915/397/457 916/395/457 917/398/457
f 918/399/458 919/400/458 920/401/458
f 899/382/459 901/384/459 900/383/459
f 899/382/459 900/383/459 897/380/459
f 898/381/438 906/389/438 908/391/438
f 898/381/438 908/391/438 899/382/438
f 905/388/460 908/391/460 907/390/460
f 905/388/460 907/390/460 903/386/460
f 901/384/440 905/388/440 904/387/440
f 901/384/440 904/387/440 902/385/440
f 911/394/461 919/400/461 918/399/461
f 911/394/461 918/399/461 909/392/461
f 910/393/462 912/395/462 914/386/462
f 910/393/462 914/386/462 911/394/462
f 913/402/463 915/397/463 917/398/463
f 913/402/463 917/398/463 914/403/463
f 916/395/464 920/404/464 919/391/464
f 916/395/464 919/391/464 917/398/464
f 897/380/465 910/393/465 909/392/465
f 897/380/465 909/392/465 898/381/465
f 902/385/466 913/396/466 912/395/466
f 902/385/466 912/395/466 900/383/466
f 903/405/467 916/395/467 915/397/467
f 903/405/467 915/397/467 904/406/467
f 906/407/468 918/399/468 920/401/468
f 906/407/468 920/401/468 907/408/468
f 897/380/449 900/383/449 912/395/449
f 897/380/449 912/395/449 910/393/449
f 899/382/199 908/391/199 905/388/199
f 899/382/199 905/388/199 901/384/199
f 906/407/161 898/381/161 909/392/161
f 906/407/161 909/392/161 918/399/161
f 902/409/162 904/406/162 915/397/162
f 902/409/162 915/397/162 913/402/162
f 903/405/450 907/410/450 920/404/450
f 903/405/450 920/404/450 916/395/450
f 911/382/196 914/411/196 917/398/196
f 911/382/196 917/398/196 919/391/196
f 921/412/469 922/413/469 923/414/469
f 924/415/470 925/416/470 926/417/470
f 927/418/471 928/419/471 929/420/471
f 930/421/472 931/422/472 932/423/472
f 933/424/473 934/425/473 935/426/473
f 936/427/474 937/428/474 938/429/474
f 939/430/475 940/431/475 941/432/475
f 942/431/476 943/418/476 944/433/476
f 923/414/459 925/416/459 924/415/459
f 923/414/459 924/415/459 921/412/459
f 922/413/477 930/421/477 932/423/477
f 922/413/477 932/423/477 923/414/477
f 929/420/460 932/423/460 931/422/460
f 929/420/460 931/422/460 927/418/460
f 925/416/478 929/420/478 928/419/478
f 925/416/478 928/419/478 926/417/478
f 935/426/461 943/418/461 942/431/461
f 935/426/461 942/431/461 933/424/461
f 934/425/479 936/427/479 938/429/479
f 934/425/479 938/429/479 935/426/479
f 937/434/463 939/430/463 941/432/463
f 937/434/463 941/432/463 938/426/463
f 940/431/480 944/424/480 943/435/480
f 940/431/480 943/435/480 941/432/480
f 921/412/481 934/425/481 933/424/481
f 921/412/481 933/424/481 922/413/481
f 926/417/482 937/428/482 936/427/482
f 926/417/482 936/427/482 924/415/482
f 927/436/447 940/431/447 939/430/447
f 927/436/447 939/430/447 928/436/447
f 930/436/448 942/431/448 944/433/448
f 930/436/448 944/433/448 931/437/448
f 921/412/449 924/415/449 936/427/449
f 921/412/449 936/427/449 934/425/449
f 923/414/199 932/423/199 929/420/199
f 923/414/199 929/420/199 925/416/199
f 930/436/161 922/413/161 933/424/161
f 930/436/161 933/424/161 942/431/161
f 926/438/162 928/436/162 939/430/162
f 926/438/162 939/430/162 937/434/162
f 927/436/450 931/438/450 944/424/450
f 927/436/450 944/424/450 940/431/450
f 935/414/196 938/439/196 941/432/196
f 935/414/196 941/432/196 943/435/196
usemtl mat_1
f 945/159/483 946/160/483 947/161/483
f 945/159/483 947/161/483 948/162/483
f 946/163/449 949/164/449 950/165/449
f 946/163/449 950/165/449 947/166/449
f 949/160/484 951/159/484 952/162/484
f 949/160/484 952/162/484 950/161/484
f 951/159/485 953/167/485 954/168/485
f 951/159/485 954/168/485 952/162/485
f 953/164/450 955/163/450 956/166/450
f 953/164/450 956/166/450 954/165/450
f 955/167/486 945/159/486 948/162/486
f 955/167/486 948/162/486 956/168/486
f 945/169/199 955/163/199 953/164/199
f 953/164/199 951/170/199 949/165/199
f 949/165/199 946/166/199 945/169/199
f 953/164/199 949/165/199 945/169/199
f 956/163/196 948/169/196 947/166/196
f 947/166/196 950/165/196 952/170/196
f 952/170/196 954/164/196 956/163/196
f 947/166/196 952/170/196 956/163/196
f 957/159/483 958/160/483 959/161/483
f 957/159/483 959/161/483 960/162/483
f 958/163/449 961/164/449 962/165/449
f 958/163/449 962/165/449 959/166/449
f 961/160/484 963/159/484 964/162/484
f 961/160/484 964/162/484 962/161/484
f 963/159/485 965/167/485 966/168/485
f 963/159/485 966/168/485 964/162/485
f 965/164/450 967/163/450 968/166/450
f 965/164/450 968/166/450 966/165/450
f 967/167/486 957/159/486 960/162/486
f 967/167/486 960/162/486 968/168/486
f 957/169/199 967/163/199 965/164/199
f 965/164/199 963/170/199 961/165/199
f 961/165/199 958/166/199 957/169/199
f 965/164/199 961/165/199 957/169/199
f 968/163/196 960/169/196 959/166/196
f 959/166/196 962/165/196 964/170/196
f 964/170/196 966/164/196 968/163/196
f 959/166/196 964/170/196 968/163/196
usemtl mat_0
f 969/380/487 970/381/487 971/382/487
f 972/440/488 973/384/488 974/385/488
f 975/386/453 976/387/453 977/388/453
f 978/389/454 979/390/454 980/391/454
f 981/392/473 982/393/473 983/394/473
f 984/395/474 985/396/474 986/386/474
f 987/397/457 988/395/457 989/398/457
f 990/399/458 991/400/458 992/401/458
f 971/382/489 973/384/489 972/440/489
f 971/382/489 972/440/489 969/380/489
f 970/381/438 978/389/438 980/391/438
f 970/381/438 980/391/438 971/382/438
f 977/388/460 980/391/460 979/390/460
f 977/388/460 979/390/460 975/386/460
f 973/384/440 977/388/440 976/387/440
f 973/384/440 976/387/440 974/385/440
f 983/394/461 991/400/461 990/399/461
f 983/394/461 990/399/461 981/392/461
f 982/393/479 984/395/479 986/386/479
f 982/393/479 986/386/479 983/394/479
f 985/402/463 987/397/463 989/398/463
f 985/402/463 989/398/463 986/403/463
f 988/395/464 992/404/464 991/391/464
f 988/395/464 991/391/464 989/398/464
f 969/380/481 982/393/481 981/392/481
f 969/380/481 981/392/481 970/381/481
f 974/385/482 985/396/482 984/395/482
f 974/385/482 984/395/482 972/440/482
f 975/405/467 988/395/467 987/397/467
f 975/405/467 987/397/467 976/406/467
f 978/407/468 990/399/468 992/401/468
f 978/407/468 992/401/468 979/408/468
f 969/380/449 972/440/449 984/395/449
f 969/380/449 984/395/449 982/393/449
f 971/382/199 980/391/199 977/388/199
f 971/382/199 977/388/199 973/384/199
f 978/407/161 970/381/161 981/392/161
f 978/407/161 981/392/161 990/399/161
f 974/409/162 976/406/162 987/397/162
f 974/409/162 987/397/162 985/402/162
f 975/405/450 979/410/450 992/404/450
f 975/405/450 992/404/450 988/395/450
f 983/382/196 986/411/196 989/398/196
f 983/382/196 989/398/196 991/391/196
f 993/412/490 994/413/490 995/414/490
f 996/415/491 997/416/491 998/417/491
f 999/418/471 1000/419/471 1001/420/471
f 1002/421/472 1003/422/472 1004/423/472
f 1005/424/492 1006/425/492 1007/426/492
f 1008/427/493 1009/428/493 1010/429/493
f 1011/430/475 1012/431/475 1013/441/475
f 1014/431/476 1015/418/476 1016/433/476
f 995/414/489 997/416/489 996/415/489
f 995/414/489 996/415/489 993/412/489
f 994/413/477 1002/421/477 1004/423/477
f 994/413/477 1004/423/477 995/414/477
f 1001/420/460 1004/423/460 1003/422/460
f 1001/420/460 1003/422/460 999/418/460
f 997/416/478 1001/420/478 1000/419/478
f 997/416/478 1000/419/478 998/417/478
f 1007/426/461 1015/418/461 1014/431/461
f 1007/426/461 1014/431/461 1005/424/461
f 1006/425/494 1008/427/494 1010/429/494
f 1006/425/494 1010/429/494 1007/426/494
f 1009/434/463 1011/430/463 1013/441/463
f 1009/434/463 1013/441/463 1010/426/463
f 1012/431/480 1016/424/480 1015/435/480
f 1012/431/480 1015/435/480 1013/441/480
f 993/412/445 1006/425/445 1005/424/445
f 993/412/445 1005/424/445 994/413/445
f 998/417/446 1009/428/446 1008/427/446
f 998/417/446 1008/427/446 996/415/446
f 999/436/447 1012/431/447 1011/430/447
f 999/436/447 1011/430/447 1000/436/447
f 1002/436/448 1014/431/448 1016/433/448
f 1002/436/448 1016/433/448 1003/437/448
f 993/412/449 996/415/449 1008/427/449
f 993/412/449 1008/427/449 1006/425/449
f 995/414/199 1004/423/199 1001/420/199
f 995/414/199 1001/420/199 997/416/199
f 1002/436/161 994/413/161 1005/424/161
f 1002/436/161 1005/424/161 1014/431/161
f 998/438/162 1000/436/162 1011/430/162
f 998/438/162 1011/430/162 1009/434/162
f 999/436/450 1003/438/450 1016/424/450
f 999/436/450 1016/424/450 1012/431/450
f 1007/414/196 1010/439/196 1013/441/196
f 1007/414/196 1013/441/196 1015/435/196
usemtl mat_1
f 1017/159/483 1018/160/483 1019/161/483
f 1017/159/483 1019/161/483 1020/162/483
f 1018/163/449 1021/164/449 1022/165/449
f 1018/163/449 1022/165/449 1019/166/449
f 1021/160/484 1023/159/484 1024/162/484
f 1021/160/484 1024/162/484 1022/161/484
f 1023/159/495 1025/167/495 1026/168/495
f 1023/159/495 1026/168/495 1024/162/495
f 1025/164/450 1027/163/450 1028/166/450
f 1025/164/450 1028/166/450 1026/165/450
f 1027/167/496 1017/159/496 1020/162/496
f 1027/167/496 1020/162/496 1028/168/496
f 1017/169/199 1027/163/199 1025/164/199
f 1025/164/199 1023/170/199 1021/165/199
f 1021/165/199 1018/166/199 1017/169/199
f 1025/164/199 1021/165/199 1017/169/199
f 1028/163/196 1020/169/196 1019/166/196
f 1019/166/196 1022/165/196 1024/170/196
f 1024/170/196 1026/164/196 1028/163/196
f 1019/166/196 1024/170/196 1028/163/196
f 1029/159/483 1030/160/483 1031/161/483
f 1029/159/483 1031/161/483 1032/162/483
f 1030/163/449 1033/164/449 1034/165/449
f 1030/163/449 1034/165/449 1031/166/449
f 1033/160/484 1035/159/484 1036/162/484
f 1033/160/484 1036/162/484 1034/161/484
f 1035/159/495 1037/167/495 1038/168/495
f 1035/159/495 1038/168/495 1036/162/495
f 1037/164/450 1039/163/450 1040/166/450
f 1037/164/450 1040/166/450 1038/165/450
f 1039/167/496 1029/159/496 1032/162/496
f 1039/167/496 1032/162/496 1040/168/496
f 1029/169/199 1039/163/199 1037/164/199
f 1037/164/199 1035/170/199 1033/165/199
f 1033/165/199 1030/166/199 1029/169/199
f 1037/164/199 1033/165/199 1029/169/199
f 1040/163/196 1032/169/196 1031/166/196
f 1031/166/196 1034/165/196 1036/170/196
f 1036/170/196 1038/164/196 1040/163/196
f 1031/166/196 1036/170/196 1040/163/196
usemtl mat_0
f 1041/442/451 1042/381/451 1043/382/451
f 1044/383/452 1045/384/452 1046/385/452
f 1047/386/453 1048/387/453 1049/388/453
f 1050/389/454 1051/390/454 1052/391/454
f 1053/392/455 1054/393/455 1055/394/455
f 1056/395/456 1057/396/456 1058/386/456
f 1059/443/457 1060/395/457 1061/398/457
f 1062/399/458 1063/400/458 1064/401/458
f 1043/382/459 1045/384/459 1044/383/459
f 1043/382/459 1044/383/459 1041/442/459
f 1042/381/438 1050/389/438 1052/391/438
f 1042/381/438 1052/391/438 1043/382/438
f 1049/388/460 1052/391/460 1051/390/460
f 1049/388/460 1051/390/460 1047/386/460
f 1045/384/440 1049/388/440 1048/387/440
f 1045/384/440 1048/387/440 1046/385/440
f 1055/394/461 1063/400/461 1062/399/461
f 1055/394/461 1062/399/461 1053/392/461
f 1054/393/462 1056/395/462 1058/386/462
f 1054/393/462 1058/386/462 1055/394/462
f 1057/402/463 1059/443/463 1061/398/463
f 1057/402/463 1061/398/463 1058/403/463
f 1060/395/464 1064/404/464 1063/391/464
f 1060/395/464 1063/391/464 1061/398/464
f 1041/442/465 1054/393/465 1053/392/465
f 1041/442/465 1053/392/465 1042/381/465
f 1046/385/466 1057/396/466 1056/395/466
f 1046/385/466 1056/395/466 1044/383/466
f 1047/405/467 1060/395/467 1059/443/467
f 1047/405/467 1059/443/467 1048/406/467
f 1050/407/468 1062/399/468 1064/401/468
f 1050/407/468 1064/401/468 1051/408/468
f 1041/442/449 1044/383/449 1056/395/449
f 1041/442/449 1056/395/449 1054/393/449
f 1043/382/199 1052/391/199 1049/388/199
f 1043/382/199 1049/388/199 1045/384/199
f 1050/407/161 1042/381/161 1053/392/161
f 1050/407/161 1053/392/161 1062/399/161
f 1046/409/162 1048/406/162 1059/443/162
f 1046/409/162 1059/443/162 1057/402/162
f 1047/405/450 1051/410/450 1064/404/450
f 1047/405/450 1064/404/450 1060/395/450
f 1055/382/196 1058/411/196 1061/398/196
f 1055/382/196 1061/398/196 1063/391/196
f 1065/444/497 1066/413/497 1067/414/497
f 1068/445/498 1069/416/498 1070/417/498
f 1071/418/499 1072/419/499 1073/420/499
f 1074/421/500 1075/422/500 1076/423/500
f 1077/424/501 1078/446/501 1079/426/501
f 1080/427/502 1081/428/502 1082/429/502
f 1083/430/503 1084/431/503 1085/432/503
f 1086/431/504 1087/418/504 1088/433/504
f 1067/414/459 1069/416/459 1068/445/459
f 1067/414/459 1068/445/459 1065/444/459
f 1066/413/505 1074/421/505 1076/423/505
f 1066/413/505 1076/423/505 1067/414/505
f 1073/420/460 1076/423/460 1075/422/460
f 1073/420/460 1075/422/460 1071/418/460
f 1069/416/506 1073/420/506 1072/419/506
f 1069/416/506 1072/419/506 1070/417/506
f 1079/426/507 1087/418/507 1086/431/507
f 1079/426/507 1086/431/507 1077/424/507
f 1078/446/479 1080/427/479 1082/429/479
f 1078/446/479 1082/429/479 1079/426/479
f 1081/434/508 1083/430/508 1085/432/508
f 1081/434/508 1085/432/508 1082/426/508
f 1084/431/480 1088/424/480 1087/435/480
f 1084/431/480 1087/435/480 1085/432/480
f 1065/444/445 1078/446/445 1077/424/445
f 1065/444/445 1077/424/445 1066/413/445
f 1070/417/446 1081/428/446 1080/427/446
f 1070/417/446 1080/427/446 1068/445/446
f 1071/436/509 1084/431/509 1083/430/509
f 1071/436/509 1083/430/509 1072/436/509
f 1074/436/510 1086/431/510 1088/433/510
f 1074/436/510 1088/433/510 1075/437/510
f 1065/444/449 1068/445/449 1080/427/449
f 1065/444/449 1080/427/449 1078/446/449
f 1067/414/199 1076/423/199 1073/420/199
f 1067/414/199 1073/420/199 1069/416/199
f 1074/436/161 1066/413/161 1077/424/161
f 1074/436/161 1077/424/161 1086/431/161
f 1070/438/162 1072/436/162 1083/430/162
f 1070/438/162 1083/430/162 1081/434/162
f 1071/436/450 1075/438/450 1088/424/450
f 1071/436/450 1088/424/450 1084/431/450
f 1079/414/196 1082/439/196 1085/432/196
f 1079/414/196 1085/432/196 1087/435/196
usemtl mat_1
f 1089/159/511 1090/160/511 1091/161/511
f 1089/159/511 1091/161/511 1092/162/511
f 1090/163/449 1093/164/449 1094/165/449
f 1090/163/449 1094/165/449 1091/166/449
f 1093/160/512 1095/159/512 1096/162/512
f 1093/160/512 1096/162/512 1094/161/512
f 1095/159/513 1097/167/513 1098/168/513
f 1095/159/513 1098/168/513 1096/162/513
f 1097/164/450 1099/163/450 1100/166/450
f 1097/164/450 1100/166/450 1098/165/450
f 1099/167/514 1089/159/514 1092/162/514
f 1099/167/514 1092/162/514 1100/168/514
f 1089/169/199 1099/163/199 1097/164/199
f 1097/164/199 1095/170/199 1093/165/199
f 1093/165/199 1090/166/199 1089/169/199
f 1097/164/199 1093/165/199 1089/169/199
f 1100/163/196 1092/169/196 1091/166/196
f 1091/166/196 1094/165/196 1096/170/196
f 1096/170/196 1098/164/196 1100/163/196
f 1091/166/196 1096/170/196 1100/163/196
f 1101/159/511 1102/160/511 1103/161/511
f 1101/159/511 1103/161/511 1104/162/511
f 1102/163/449 1105/164/449 1106/165/449
f 1102/163/449 1106/165/449 1103/166/449
f 1105/160/512 1107/159/512 1108/162/512
f 1105/160/512 1108/162/512 1106/161/512
f 1107/159/513 1109/167/513 1110/168/513
f 1107/159/513 1110/168/513 1108/162/513
f 1109/164/450 1111/163/450 1112/166/450
f 1109/164/450 1112/166/450 1110/165/450
f 1111/167/514 1101/159/514 1104/162/514
f 1111/167/514 1104/162/514 1112/168/514
f 1101/169/199 1111/163/199 1109/164/199
f 1109/164/199 1107/170/199 1105/165/199
f 1105/165/199 1102/166/199 1101/169/199
f 1109/164/199 1105/165/199 1101/169/199
f 1112/163/196 1104/169/196 1103/166/196
f 1103/166/196 1106/165/196 1108/170/196
f 1108/170/196 1110/164/196 1112/163/196
f 1103/166/196 1108/170/196 1112/163/196
usemtl mat_0
f 1113/442/487 1114/381/487 1115/382/487
f 1116/383/488 1117/384/488 1118/385/488
f 1119/386/453 1120/387/453 1121/388/453
f 1122/389/454 1123/390/454 1124/391/454
f 1125/392/473 1126/393/473 1127/394/473
f 1128/395/474 1129/396/474 1130/386/474
f 1131/443/457 1132/395/457 1133/398/457
f 1134/399/458 1135/400/458 1136/401/458
f 1115/382/489 1117/384/489 1116/383/489
f 1115/382/489 1116/383/489 1113/442/489
f 1114/381/438 1122/389/438 1124/391/438
f 1114/381/438 1124/391/438 1115/382/438
f 1121/388/460 1124/391/460 1123/390/460
f 1121/388/460 1123/390/460 1119/386/460
f 1117/384/440 1121/388/440 1120/387/440
f 1117/384/440 1120/387/440 1118/385/440
f 1127/394/461 1135/400/461 1134/399/461
f 1127/394/461 1134/399/461 1125/392/461
f 1126/393/479 1128/395/479 1130/386/479
f 1126/393/479 1130/386/479 1127/394/479
f 1129/402/463 1131/443/463 1133/398/463
f 1129/402/463 1133/398/463 1130/403/463
f 1132/395/464 1136/404/464 1135/391/464
f 1132/395/464 1135/391/464 1133/398/464
f 1113/442/481 1126/393/481 1125/392/481
f 1113/442/481 1125/392/481 1114/381/481
f 1118/385/482 1129/396/482 1128/395/482
f 1118/385/482 1128/395/482 1116/383/482
f 1119/405/467 1132/395/467 1131/443/467
f 1119/405/467 1131/443/467 1120/406/467
f 1122/407/468 1134/399/468 1136/401/468
f 1122/407/468 1136/401/468 1123/408/468
f 1113/442/449 1116/383/449 1128/395/449
f 1113/442/449 1128/395/449 1126/393/449
f 1115/382/199 1124/391/199 1121/388/199
f 1115/382/199 1121/388/199 1117/384/199
f 1122/407/161 1114/381/161 1125/392/161
f 1122/407/161 1125/392/161 1134/399/161
f 1118/409/162 1120/406/162 1131/443/162
f 1118/409/162 1131/443/162 1129/402/162
f 1119/405/450 1123/410/450 1136/404/450
f 1119/405/450 1136/404/450 1132/395/450
f 1127/382/196 1130/411/196 1133/398/196
f 1127/382/196 1133/398/196 1135/391/196
f 1137/444/515 1138/413/515 1139/414/515
f 1140/445/516 1141/416/516 1142/447/516
f 1143/418/499 1144/419/499 1145/420/499
f 1146/421/500 1147/422/500 1148/423/500
f 1149/424/517 1150/446/517 1151/426/517
f 1152/427/518 1153/428/518 1154/429/518
f 1155/430/503 1156/431/503 1157/432/503
f 1158/431/504 1159/418/504 1160/433/504
f 1139/414/489 1141/416/489 1140/445/489
f 1139/414/489 1140/445/489 1137/444/489
f 1138/413/505 1146/421/505 1148/423/505
f 1138/413/505 1148/423/505 1139/414/505
f 1145/420/460 1148/423/460 1147/422/460
f 1145/420/460 1147/422/460 1143/418/460
f 1141/416/506 1145/420/506 1144/419/506
f 1141/416/506 1144/419/506 1142/447/506
f 1151/426/507 1159/418/507 1158/431/507
f 1151/426/507 1158/431/507 1149/424/507
f 1150/446/494 1152/427/494 1154/429/494
f 1150/446/494 1154/429/494 1151/426/494
f 1153/434/508 1155/430/508 1157/432/508
f 1153/434/508 1157/432/508 1154/426/508
f 1156/431/480 1160/424/480 1159/435/480
f 1156/431/480 1159/435/480 1157/432/480
f 1137/444/519 1150/446/519 1149/424/519
f 1137/444/519 1149/424/519 1138/413/519
f 1142/447/520 1153/428/520 1152/427/520
f 1142/447/520 1152/427/520 1140/445/520
f 1143/436/509 1156/431/509 1155/430/509
f 1143/436/509 1155/430/509 1144/436/509
f 1146/436/510 1158/431/510 1160/433/510
f 1146/436/510 1160/433/510 1147/437/510
f 1137/444/449 1140/445/449 1152/427/449
f 1137/444/449 1152/427/449 1150/446/449
f 1139/414/199 1148/423/199 1145/420/199
f 1139/414/199 1145/420/199 1141/416/199
f 1146/436/161 1138/413/161 1149/424/161
f 1146/436/161 1149/424/161 1158/431/161
f 1142/438/162 1144/436/162 1155/430/162
f 1142/438/162 1155/430/162 1153/434/162
f 1143/436/450 1147/438/450 1160/424/450
f 1143/436/450 1160/424/450 1156/431/450
f 1151/414/196 1154/439/196 1157/432/196
f 1151/414/196 1157/432/196 1159/435/196
usemtl mat_1
f 1161/159/511 1162/160/511 1163/161/511
f 1161/159/511 1163/161/511 1164/162/511
f 1162/163/449 1165/164/449 1166/165/449
f 1162/163/449 1166/165/449 1163/166/449
f 1165/160/512 1167/159/512 1168/162/512
f 1165/160/512 1168/162/512 1166/161/512
f 1167/159/521 1169/167/521 1170/168/521
f 1167/159/521 1170/168/521 1168/162/521
f 1169/164/450 1171/163/450 1172/166/450
f 1169/164/450 1172/166/450 1170/165/450
f 1171/167/522 1161/159/522 1164/162/522
f 1171/167/522 1164/162/522 1172/168/522
f 1161/169/199 1171/163/199 1169/164/199
f 1169/164/199 1167/170/199 1165/165/199
f 1165/165/199 1162/166/199 1161/169/199
f 1169/164/199 1165/165/199 1161/169/199
f 1172/163/196 1164/169/196 1163/166/196
f 1163/166/196 1166/165/196 1168/170/196
f 1168/170/196 1170/164/196 1172/163/196
f 1163/166/196 1168/170/196 1172/163/196
f 1173/159/511 1174/160/511 1175/161/511
f 1173/159/511 1175/161/511 1176/162/511
f 1174/163/449 1177/164/449 1178/165/449
f 1174/163/449 1178/165/449 1175/166/449
f 1177/160/512 1179/159/512 1180/162/512
f 1177/160/512 1180/162/512 1178/161/512
f 1179/159/521 1181/167/521 1182/168/521
f 1179/159/521 1182/168/521 1180/162/521
f 1181/164/450 1183/163/450 1184/166/450
f 1181/164/450 1184/166/450 1182/165/450
f 1183/167/522 1173/159/522 1176/162/522
f 1183/167/522 1176/162/522 1184/168/522
f 1173/169/199 1183/163/199 1181/164/199
f 1181/164/199 1179/170/199 1177/165/199
f 1177/165/199 1174/166/199 1173/169/199
f 1181/164/199 1177/165/199 1173/169/199
f 1184/163/196 1176/169/196 1175/166/196
f 1175/166/196 1178/165/196 1180/170/196
f 1180/170/196 1182/164/196 1184/163/196
f 1175/166/196 1180/170/196 1184/163/196
usemtl mat_3
f 1185/448/523 1186/449/523 1187/450/523
f 1185/448/523 1187/450/523 1188/451/523
f 1186/449/524 1189/452/524 1190/453/524
f 1186/449/524 1190/453/524 1187/450/524
f 1189/449/525 1191/448/525 1192/451/525
f 1189/449/525 1192/451/525 1190/450/525
f 1191/448/526 1193/454/526 1194/455/526
f 1191/448/526 1194/455/526 1192/451/526
f 1193/452/527 1195/449/527 1196/450/527
f 1193/452/527 1196/450/527 1194/453/527
f 1195/449/528 1197/448/528 1198/451/528
f 1195/449/528 1198/451/528 1196/450/528
f 1197/448/529 1199/454/529 1200/455/529
f 1197/448/529 1200/455/529 1198/451/529
f 1199/454/530 1201/456/530 1202/457/530
f 1199/454/530 1202/457/530 1200/455/530
f 1201/454/531 1203/448/531 1204/451/531
f 1201/454/531 1204/451/531 1202/455/531
f 1203/448/532 1205/449/532 1206/450/532
f 1203/448/532 1206/450/532 1204/451/532
f 1205/456/533 1207/454/533 1208/455/533
f 1205/456/533 1208/455/533 1206/457/533
f 1207/454/534 1185/448/534 1188/451/534
f 1207/454/534 1188/451/534 1208/455/534
f 1185/458/199 1207/459/199 1205/460/199
f 1205/460/199 1203/448/199 1201/461/199
f 1201/461/199 1199/462/199 1197/463/199
f 1197/463/199 1195/464/199 1193/465/199
f 1193/465/199 1191/451/199 1189/466/199
f 1189/466/199 1186/467/199 1185/458/199
f 1185/458/199 1205/460/199 1201/461/199
f 1201/461/199 1197/463/199 1193/465/199
f 1193/465/199 1189/466/199 1185/458/199
f 1201/461/199 1193/465/199 1185/458/199
f 1208/459/196 1188/458/196 1187/467/196
f 1187/467/196 1190/466/196 1192/451/196
f 1192/451/196 1194/465/196 1196/464/196
f 1196/464/196 1198/463/196 1200/462/196
f 1200/462/196 1202/461/196 1204/448/196
f 1204/448/196 1206/460/196 1208/459/196
f 1208/459/196 1187/467/196 1192/451/196
f 1192/451/196 1196/464/196 1200/462/196
f 1200/462/196 1204/448/196 1208/459/196
f 1192/451/196 1200/462/196 1208/459/196
usemtl mat_0
f 1209/34/535 1210/468/535 1211/469/535
f 1209/34/536 1211/469/536 1212/470/536
f 1210/468/537 1213/471/537 1214/472/537
f 1210/468/538 1214/472/538 1211/469/538
f 1213/471/539 1215/473/539 1216/474/539
f 1213/471/540 1216/474/540 1214/472/540
f 1215/475/541 1217/476/541 1218/477/541
f 1215/475/542 1218/477/542 1216/478/542
f 1217/476/543 1219/479/543 1220/480/543
f 1217/476/544 1220/480/544 1218/477/544
f 1219/481/545 1221/471/545 1222/472/545
f 1219/481/546 1222/472/546 1220/474/546
f 1221/471/547 1223/468/547 1224/469/547
f 1221/471/548 1224/469/548 1222/472/548
f 1223/468/549 1225/34/549 1226/470/549
f 1223/468/550 1226/470/550 1224/469/550
f 1225/34/551 1227/482/551 1228/483/551
f 1225/34/552 1228/483/552 1226/470/552
f 1227/482/553 1229/484/553 1230/485/553
f 1227/482/554 1230/485/554 1228/483/554
f 1229/484/555 1231/486/555 1232/487/555
f 1229/484/556 1232/487/556 1230/485/556
f 1231/488/557 1233/489/557 1234/490/557
f 1231/488/558 1234/490/558 1232/491/558
f 1233/489/559 1235/492/559 1236/493/559
f 1233/489/560 1236/493/560 1234/490/560
f 1235/473/561 1237/471/561 1238/472/561
f 1235/473/562 1238/472/562 1236/474/562
f 1237/471/563 1239/468/563 1240/469/563
f 1237/471/564 1240/469/564 1238/472/564
f 1239/468/565 1241/34/565 1242/470/565
f 1239/468/566 1242/470/566 1240/469/566
f 1241/34/567 1243/494/567 1244/483/567
f 1241/34/568 1244/483/568 1242/470/568
f 1243/494/569 1245/484/569 1246/485/569
f 1243/494/570 1246/485/570 1244/483/570
f 1245/484/571 1247/486/571 1248/487/571
f 1245/484/572 1248/487/572 1246/485/572
f 1247/495/573 1249/496/573 1250/497/573
f 1247/495/574 1250/497/574 1248/498/574
f 1249/496/575 1251/499/575 1252/500/575
f 1249/496/576 1252/500/576 1250/497/576
f 1251/486/577 1253/484/577 1254/485/577
f 1251/486/578 1254/485/578 1252/487/578
f 1253/484/579 1255/482/579 1256/483/579
f 1253/484/580 1256/483/580 1254/485/580
f 1255/482/581 1257/34/581 1258/470/581
f 1255/482/582 1258/470/582 1256/483/582
f 1257/34/583 1259/468/583 1260/469/583
f 1257/34/584 1260/469/584 1258/470/584
f 1259/468/585 1261/471/585 1262/472/585
f 1259/468/586 1262/472/586 1260/469/586
f 1261/471/587 1263/481/587 1264/474/587
f 1261/471/588 1264/474/588 1262/472/588
f 1263/501/589 1265/502/589 1266/503/589
f 1263/501/590 1266/503/590 1264/504/590
f 1265/502/591 1267/505/591 1268/506/591
f 1265/502/592 1268/506/592 1266/503/592
f 1267/486/593 1269/484/593 1270/485/593
f 1267/486/594 1270/485/594 1268/487/594
f 1269/484/595 1271/494/595 1272/483/595
f 1269/484/596 1272/483/596 1270/485/596
f 1271/494/597 1209/34/597 1212/470/597
f 1271/494/598 1212/470/598 1272/483/598
f 1212/470/599 1211/469/599 1273/507/599
f 1212/470/600 1273/507/600 1274/508/600
f 1211/469/601 1214/472/601 1275/509/601
f 1211/469/602 1275/509/602 1273/507/602
f 1214/472/603 1216/474/603 1276/510/603
f 1214/472/604 1276/510/604 1275/509/604
f 1216/474/605 1218/511/605 1277/512/605
f 1216/474/606 1277/512/606 1276/510/606
f 1218/511/607 1220/474/607 1278/510/607
f 1218/511/608 1278/510/608 1277/512/608
f 1220/474/609 1222/472/609 1279/513/609
f 1220/474/610 1279/513/610 1278/510/610
f 1222/472/611 1224/469/611 1280/507/611
f 1222/472/612 1280/507/612 1279/513/612
f 1224/469/613 1226/470/613 1281/508/613
f 1224/469/614 1281/508/614 1280/507/614
f 1226/470/615 1228/483/615 1282/514/615
f 1226/470/616 1282/514/616 1281/508/616
f 1228/483/617 1230/485/617 1283/515/617
f 1228/483/618 1283/515/618 1282/514/618
f 1230/485/619 1232/487/619 1284/516/619
f 1230/485/620 1284/516/620 1283/515/620
f 1232/487/621 1234/517/621 1285/518/621
f 1232/487/622 1285/518/622 1284/516/622
f 1234/511/623 1236/474/623 1286/510/623
f 1234/511/624 1286/510/624 1285/512/624
f 1236/474/625 1238/472/625 1287/509/625
f 1236/474/626 1287/509/626 1286/510/626
f 1238/472/627 1240/469/627 1288/507/627
f 1238/472/628 1288/507/628 1287/509/628
f 1240/469/629 1242/470/629 1289/508/629
f 1240/469/630 1289/508/630 1288/507/630
f 1242/470/631 1244/483/631 1290/514/631
f 1242/470/632 1290/514/632 1289/508/632
f 1244/483/633 1246/485/633 1291/515/633
f 1244/483/634 1291/515/634 1290/514/634
f 1246/485/635 1248/487/635 1292/519/635
f 1246/485/636 1292/519/636 1291/515/636
f 1248/487/637 1250/517/637 1293/518/637
f 1248/487/638 1293/518/638 1292/519/638
f 1250/517/639 1252/487/639 1294/516/639
f 1250/517/640 1294/516/640 1293/518/640
f 1252/487/641 1254/485/641 1295/515/641
f 1252/487/642 1295/515/642 1294/516/642
f 1254/485/643 1256/483/643 1296/514/643
f 1254/485/644 1296/514/644 1295/515/644
f 1256/483/645 1258/470/645 1297/508/645
f 1256/483/646 1297/508/646 1296/514/646
f 1258/470/647 1260/469/647 1298/507/647
f 1258/470/648 1298/507/648 1297/508/648
f 1260/469/649 1262/472/649 1299/513/649
f 1260/469/650 1299/513/650 1298/507/650
f 1262/472/651 1264/474/651 1300/510/651
f 1262/472/652 1300/510/652 1299/513/652
f 1264/474/653 1266/511/653 1301/512/653
f 1264/474/654 1301/512/654 1300/510/654
f 1266/517/655 1268/487/655 1302/519/655
f 1266/517/656 1302/519/656 1301/518/656
f 1268/487/657 1270/485/657 1303/515/657
f 1268/487/658 1303/515/658 1302/519/658
f 1270/485/659 1272/483/659 1304/514/659
f 1270/485/660 1304/514/660 1303/515/660
f 1272/483/661 1212/470/661 1274/508/661
f 1272/483/662 1274/508/662 1304/514/662
f 1274/508/663 1273/507/663 1305/520/663
f 1274/508/664 1305/520/664 1306/521/664
f 1273/507/665 1275/509/665 1307/522/665
f 1273/507/666 1307/522/666 1305/520/666
f 1275/509/667 1276/510/667 1308/523/667
f 1275/509/668 1308/523/668 1307/522/668
f 1276/510/669 1277/512/669 1309/524/669
f 1276/510/670 1309/524/670 1308/523/670
f 1277/512/671 1278/510/671 1310/525/671
f 1277/512/672 1310/525/672 1309/524/672
f 1278/510/673 1279/513/673 1311/522/673
f 1278/510/674 1311/522/674 1310/525/674
f 1279/513/675 1280/507/675 1312/520/675
f 1279/513/676 1312/520/676 1311/522/676
f 1280/507/677 1281/508/677 1313/521/677
f 1280/507/678 1313/521/678 1312/520/678
f 1281/508/679 1282/514/679 1314/526/679
f 1281/508/680 1314/526/680 1313/521/680
f 1282/514/681 1283/515/681 1315/527/681
f 1282/514/682 1315/527/682 1314/526/682
f 1283/515/683 1284/516/683 1316/528/683
f 1283/515/684 1316/528/684 1315/527/684
f 1284/516/685 1285/518/685 1317/529/685
f 1284/516/686 1317/529/686 1316/528/686
f 1285/512/687 1286/510/687 1318/523/687
f 1285/512/688 1318/523/688 1317/524/688
f 1286/510/689 1287/509/689 1319/522/689
f 1286/510/690 1319/522/690 1318/523/690
f 1287/509/691 1288/507/691 1320/520/691
f 1287/509/692 1320/520/692 1319/522/692
f 1288/507/693 1289/508/693 1321/521/693
f 1288/507/694 1321/521/694 1320/520/694
f 1289/508/695 1290/514/695 1322/526/695
f 1289/508/696 1322/526/696 1321/521/696
f 1290/514/697 1291/515/697 1323/527/697
f 1290/514/698 1323/527/698 1322/526/698
f 1291/515/699 1292/519/699 1324/530/699
f 1291/515/700 1324/530/700 1323/527/700
f 1292/519/701 1293/518/701 1325/529/701
f 1292/519/702 1325/529/702 1324/530/702
f 1293/518/703 1294/516/703 1326/528/703
f 1293/518/704 1326/528/704 1325/529/704
f 1294/516/705 1295/515/705 1327/527/705
f 1294/516/706 1327/527/706 1326/528/706
f 1295/515/707 1296/514/707 1328/526/707
f 1295/515/708 1328/526/708 1327/527/708
f 1296/514/709 1297/508/709 1329/521/709
f 1296/514/710 1329/521/710 1328/526/710
f 1297/508/711 1298/507/711 1330/520/711
f 1297/508/712 1330/520/712 1329/521/712
f 1298/507/713 1299/513/713 1331/522/713
f 1298/507/714 1331/522/714 1330/520/714
f 1299/513/715 1300/510/715 1332/525/715
f 1299/513/716 1332/525/716 1331/522/716
f 1300/510/717 1301/512/717 1333/524/717
f 1300/510/718 1333/524/718 1332/525/718
f 1301/518/719 1302/519/719 1334/530/719
f 1301/518/720 1334/530/720 1333/529/720
f 1302/519/721 1303/515/721 1335/527/721
f 1302/519/722 1335/527/722 1334/530/722
f 1303/515/723 1304/514/723 1336/526/723
f 1303/515/724 1336/526/724 1335/527/724
f 1304/514/725 1274/508/725 1306/521/725
f 1304/514/726 1306/521/726 1336/526/726
f 1306/521/727 1305/520/727 1337/531/727
f 1306/521/728 1337/531/728 1338/532/728
f 1305/520/729 1307/522/729 1339/533/729
f 1305/520/730 1339/533/730 1337/531/730
f 1307/522/731 1308/523/731 1340/534/731
f 1307/522/732 1340/534/732 1339/533/732
f 1308/523/733 1309/524/733 1341/535/733
f 1308/523/734 1341/535/734 1340/534/734
f 1309/524/735 1310/525/735 1342/534/735
f 1309/524/736 1342/534/736 1341/536/736
f 1310/525/737 1311/522/737 1343/533/737
f 1310/525/738 1343/533/738 1342/534/738
f 1311/522/739 1312/520/739 1344/537/739
f 1311/522/740 1344/537/740 1343/533/740
f 1312/520/741 1313/521/741 1345/532/741
f 1312/520/742 1345/532/742 1344/537/742
f 1313/521/743 1314/526/743 1346/538/743
f 1313/521/744 1346/538/744 1345/532/744
f 1314/526/745 1315/527/745 1347/539/745
f 1314/526/746 1347/539/746 1346/538/746
f 1315/527/747 1316/528/747 1348/540/747
f 1315/527/748 1348/540/748 1347/539/748
f 1316/528/749 1317/529/749 1349/541/749
f 1316/528/750 1349/541/750 1348/540/750
f 1317/524/751 1318/523/751 1350/534/751
f 1317/524/752 1350/534/752 1349/535/752
f 1318/523/753 1319/522/753 1351/533/753
f 1318/523/754 1351/533/754 1350/534/754
f 1319/522/755 1320/520/755 1352/531/755
f 1319/522/756 1352/531/756 1351/533/756
f 1320/520/757 1321/521/757 1353/532/757
f 1320/520/758 1353/532/758 1352/531/758
f 1321/521/759 1322/526/759 1354/542/759
f 1321/521/760 1354/542/760 1353/532/760
f 1322/526/761 1323/527/761 1355/539/761
f 1322/526/762 1355/539/762 1354/542/762
f 1323/527/763 1324/530/763 1356/540/763
f 1323/527/764 1356/540/764 1355/539/764
f 1324/530/765 1325/529/765 1357/541/765
f 1324/530/766 1357/541/766 1356/540/766
f 1325/529/767 1326/528/767 1358/540/767
f 1325/529/768 1358/540/768 1357/541/768
f 1326/528/769 1327/527/769 1359/539/769
f 1326/528/770 1359/539/770 1358/540/770
f 1327/527/771 1328/526/771 1360/538/771
f 1327/527/772 1360/538/772 1359/539/772
f 1328/526/773 1329/521/773 1361/532/773
f 1328/526/774 1361/532/774 1360/538/774
f 1329/521/775 1330/520/775 1362/537/775
f 1329/521/776 1362/537/776 1361/532/776
f 1330/520/777 1331/522/777 1363/533/777
f 1330/520/778 1363/533/778 1362/537/778
f 1331/522/779 1332/525/779 1364/534/779
f 1331/522/780 1364/534/780 1363/533/780
f 1332/525/781 1333/524/781 1365/536/781
f 1332/525/782 1365/536/782 1364/534/782
f 1333/529/783 1334/530/783 1366/540/783
f 1333/529/784 1366/540/784 1365/541/784
f 1334/530/785 1335/527/785 1367/539/785
f 1334/530/786 1367/539/786 1366/540/786
f 1335/527/787 1336/526/787 1368/542/787
f 1335/527/788 1368/542/788 1367/539/788
f 1336/526/789 1306/521/789 1338/532/789
f 1336/526/790 1338/532/790 1368/542/790
f 1338/543/791 1337/544/791 1369/545/791
f 1338/543/792 1369/545/792 1370/546/792
f 1337/544/793 1339/547/793 1371/548/793
f 1337/544/794 1371/548/794 1369/545/794
f 1339/547/795 1340/549/795 1372/550/795
f 1339/547/796 1372/550/796 1371/548/796
f 1340/549/797 1341/551/797 1373/552/797
f 1340/549/798 1373/552/798 1372/550/798
f 1341/551/799 1342/553/799 1374/554/799
f 1341/551/800 1374/554/800 1373/552/800
f 1342/553/801 1343/555/801 1375/556/801
f 1342/553/802 1375/556/802 1374/554/802
f 1343/555/803 1344/557/803 1376/558/803
f 1343/555/804 1376/558/804 1375/556/804
f 1344/557/805 1345/559/805 1377/560/805
f 1344/557/806 1377/560/806 1376/558/806
f 1345/559/807 1346/561/807 1378/562/807
f 1345/559/808 1378/562/808 1377/560/808
f 1346/561/809 1347/563/809 1379/564/809
f 1346/561/810 1379/564/810 1378/562/810
f 1347/563/811 1348/565/811 1380/566/811
f 1347/563/812 1380/566/812 1379/564/812
f 1348/565/813 1349/567/813 1381/568/813
f 1348/565/814 1381/568/814 1380/566/814
f 1349/567/815 1350/569/815 1382/570/815
f 1349/567/816 1382/570/816 1381/568/816
f 1350/569/817 1351/571/817 1383/572/817
f 1350/569/818 1383/572/818 1382/570/818
f 1351/571/819 1352/573/819 1384/574/819
f 1351/571/820 1384/574/820 1383/572/820
f 1352/573/821 1353/575/821 1385/576/821
f 1352/573/822 1385/576/822 1384/574/822
f 1353/575/823 1354/577/823 1386/578/823
f 1353/575/824 1386/578/824 1385/576/824
f 1354/577/825 1355/579/825 1387/580/825
f 1354/577/826 1387/580/826 1386/578/826
f 1355/579/827 1356/581/827 1388/582/827
f 1355/579/828 1388/582/828 1387/580/828
f 1356/581/829 1357/583/829 1389/584/829
f 1356/581/830 1389/584/830 1388/582/830
f 1357/583/831 1358/585/831 1390/586/831
f 1357/583/832 1390/586/832 1389/584/832
f 1358/585/833 1359/587/833 1391/588/833
f 1358/585/834 1391/588/834 1390/586/834
f 1359/587/835 1360/589/835 1392/590/835
f 1359/587/836 1392/590/836 1391/588/836
f 1360/589/837 1361/591/837 1393/592/837
f 1360/589/838 1393/592/838 1392/590/838
f 1361/591/839 1362/593/839 1394/594/839
f 1361/591/840 1394/594/840 1393/592/840
f 1362/593/841 1363/595/841 1395/596/841
f 1362/593/842 1395/596/842 1394/594/842
f 1363/595/843 1364/597/843 1396/598/843
f 1363/595/844 1396/598/844 1395/596/844
f 1364/597/845 1365/599/845 1397/600/845
f 1364/597/846 1397/600/846 1396/598/846
f 1365/599/847 1366/601/847 1398/602/847
f 1365/599/848 1398/602/848 1397/600/848
f 1366/601/849 1367/603/849 1399/604/849
f 1366/601/850 1399/604/850 1398/602/850
f 1367/603/851 1368/605/851 1400/606/851
f 1367/603/852 1400/606/852 1399/604/852
f 1368/605/853 1338/543/853 1370/546/853
f 1368/605/854 1370/546/854 1400/606/854
f 1209/607/161 1271/608/161 1269/609/161
f 1269/609/161 1267/505/161 1265/502/161
f 1265/502/161 1263/501/161 1261/610/161
f 1261/610/161 1259/611/161 1257/612/161
f 1257/612/161 1255/613/161 1253/614/161
f 1253/614/161 1251/499/161 1249/496/161
f 1249/496/161 1247/495/161 1245/615/161
f 1245/615/161 1243/616/161 1241/617/161
f 1241/617/161 1239/618/161 1237/619/161
f 1237/619/161 1235/492/161 1233/489/161
f 1233/489/161 1231/488/161 1229/620/161
f 1229/620/161 1227/621/161 1225/622/161
f 1225/622/161 1223/623/161 1221/624/161
f 1221/624/161 1219/479/161 1217/476/161
f 1217/476/161 1215/475/161 1213/625/161
f 1213/625/161 1210/626/161 1209/607/161
f 1209/607/161 1269/609/161 1265/502/161
f 1265/502/161 1261/610/161 1257/612/161
f 1257/612/161 1253/614/161 1249/496/161
f 1249/496/161 1245/615/161 1241/617/161
f 1241/617/161 1237/619/161 1233/489/161
f 1233/489/161 1229/620/161 1225/622/161
f 1225/622/161 1221/624/161 1217/476/161
f 1217/476/161 1213/625/161 1209/607/161
f 1209/607/161 1265/502/161 1257/612/161
f 1257/612/161 1249/496/161 1241/617/161
f 1241/617/161 1233/489/161 1225/622/161
f 1225/622/161 1217/476/161 1209/607/161
f 1209/607/161 1257/612/161 1241/617/161
f 1241/617/161 1225/622/161 1209/607/161
f 1400/606/162 1370/546/162 1369/545/162
f 1369/545/162 1371/548/162 1372/550/162
f 1372/550/162 1373/552/162 1374/554/162
f 1374/554/162 1375/556/162 1376/558/162
f 1376/558/162 1377/560/162 1378/562/162
f 1378/562/162 1379/564/162 1380/566/162
f 1380/566/162 1381/568/162 1382/570/162
f 1382/570/162 1383/572/162 1384/574/162
f 1384/574/162 1385/576/162 1386/578/162
f 1386/578/162 1387/580/162 1388/582/162
f 1388/582/162 1389/584/162 1390/586/162
f 1390/586/162 1391/588/162 1392/590/162
f 1392/590/162 1393/592/162 1394/594/162
f 1394/594/162 1395/596/162 1396/598/162
f 1396/598/162 1397/600/162 1398/602/162
f 1398/602/162 1399/604/162 1400/606/162
f 1400/606/162 1369/545/162 1372/550/162
f 1372/550/162 1374/554/162 1376/558/162
f 1376/558/162 1378/562/162 1380/566/162
f 1380/566/162 1382/570/162 1384/574/162
f 1384/574/162 1386/578/162 1388/582/162
f 1388/582/162 1390/586/162 1392/590/162
f 1392/590/162 1394/594/162 1396/598/162
f 1396/598/162 1398/602/162 1400/606/162
f 1400/606/162 1372/550/162 1376/558/162
f 1376/558/162 1380/566/162 1384/574/162
f 1384/574/162 1388/582/162 1392/590/162
f 1392/590/162 1396/598/162 1400/606/162
f 1400/606/162 1376/558/162 1384/574/162
f 1384/574/162 1392/590/162 1400/606/162
f 1401/627/855 1402/628/855 1403/629/855
f 1404/630/856 1405/631/856 1406/632/856
f 1407/633/857 1408/634/857 1409/635/857
f 1410/636/858 1411/637/858 1412/638/858
f 1413/639/859 1414/640/859 1415/641/859
f 1416/642/860 1417/643/860 1418/644/860
f 1419/645/861 1420/646/861 1421/647/861
f 1422/648/862 1423/649/862 1424/650/862
f 1403/629/863 1405/631/863 1404/630/863
f 1403/629/863 1404/630/863 1401/627/863
f 1402/628/864 1410/636/864 1412/638/864
f 1402/628/864 1412/638/864 1403/629/864
f 1409/635/865 1412/638/865 1411/637/865
f 1409/635/865 1411/637/865 1407/633/865
f 1405/631/866 1409/635/866 1408/634/866
f 1405/631/866 1408/634/866 1406/632/866
f 1415/641/867 1423/649/867 1422/648/867
f 1415/641/867 1422/648/867 1413/639/867
f 1414/640/868 1416/642/868 1418/644/868
f 1414/640/868 1418/644/868 1415/641/868
f 1417/651/869 1419/645/869 1421/647/869
f 1417/651/869 1421/647/869 1418/652/869
f 1420/646/870 1424/653/870 1423/654/870
f 1420/646/870 1423/654/870 1421/647/870
f 1401/627/871 1414/640/871 1413/639/871
f 1401/627/871 1413/639/871 1402/628/871
f 1406/632/872 1417/643/872 1416/642/872
f 1406/632/872 1416/642/872 1404/630/872
f 1407/655/873 1420/646/873 1419/645/873
f 1407/655/873 1419/645/873 1408/656/873
f 1410/657/874 1422/648/874 1424/650/874
f 1410/657/874 1424/650/874 1411/658/874
f 1401/627/449 1404/630/449 1416/642/449
f 1401/627/449 1416/642/449 1414/640/449
f 1403/629/199 1412/638/199 1409/635/199
f 1403/629/199 1409/635/199 1405/631/199
f 1410/657/161 1402/628/161 1413/639/161
f 1410/657/161 1413/639/161 1422/648/161
f 1406/659/162 1408/656/162 1419/645/162
f 1406/659/162 1419/645/162 1417/651/162
f 1407/655/450 1411/660/450 1424/653/450
f 1407/655/450 1424/653/450 1420/646/450
f 1415/629/196 1418/631/196 1421/647/196
f 1415/629/196 1421/647/196 1423/654/196
usemtl mat_1
f 1425/159/875 1426/160/875 1427/161/875
f 1425/159/875 1427/161/875 1428/162/875
f 1426/163/449 1429/164/449 1430/165/449
f 1426/163/449 1430/165/449 1427/166/449
f 1429/160/876 1431/159/876 1432/162/876
f 1429/160/876 1432/162/876 1430/161/876
f 1431/159/877 1433/167/877 1434/168/877
f 1431/159/877 1434/168/877 1432/162/877
f 1433/164/450 1435/163/450 1436/166/450
f 1433/164/450 1436/166/450 1434/165/450
f 1435/167/878 1425/159/878 1428/162/878
f 1435/167/878 1428/162/878 1436/168/878
f 1425/169/199 1435/163/199 1433/164/199
f 1433/164/199 1431/170/199 1429/165/199
f 1429/165/199 1426/166/199 1425/169/199
f 1433/164/199 1429/165/199 1425/169/199
f 1436/163/196 1428/169/196 1427/166/196
f 1427/166/196 1430/165/196 1432/170/196
f 1432/170/196 1434/164/196 1436/163/196
f 1427/166/196 1432/170/196 1436/163/196
f 1437/159/879 1438/160/879 1439/161/879
f 1437/159/879 1439/161/879 1440/162/879
f 1438/163/449 1441/164/449 1442/165/449
f 1438/163/449 1442/165/449 1439/166/449
f 1441/160/880 1443/159/880 1444/162/880
f 1441/160/880 1444/162/880 1442/161/880
f 1443/159/881 1445/167/881 1446/168/881
f 1443/159/881 1446/168/881 1444/162/881
f 1445/164/450 1447/163/450 1448/166/450
f 1445/164/450 1448/166/450 1446/165/450
f 1447/167/882 1437/159/882 1440/162/882
f 1447/167/882 1440/162/882 1448/168/882
f 1437/169/199 1447/163/199 1445/164/199
f 1445/164/199 1443/170/199 1441/165/199
f 1441/165/199 1438/166/199 1437/169/199
f 1445/164/199 1441/165/199 1437/169/199
f 1448/163/196 1440/169/196 1439/166/196
f 1439/166/196 1442/165/196 1444/170/196
f 1444/170/196 1446/164/196 1448/163/196
f 1439/166/196 1444/170/196 1448/163/196
f 1449/159/875 1450/160/875 1451/161/875
f 1449/159/875 1451/161/875 1452/162/875
f 1450/163/449 1453/164/449 1454/165/449
f 1450/163/449 1454/165/449 1451/166/449
f 1453/160/876 1455/159/876 1456/162/876
f 1453/160/876 1456/162/876 1454/161/876
f 1455/159/877 1457/167/877 1458/168/877
f 1455/159/877 1458/168/877 1456/162/877
f 1457/164/450 1459/163/450 1460/166/450
f 1457/164/450 1460/166/450 1458/165/450
f 1459/167/878 1449/159/878 1452/162/878
f 1459/167/878 1452/162/878 1460/168/878
f 1449/169/199 1459/163/199 1457/164/199
f 1457/164/199 1455/170/199 1453/165/199
f 1453/165/199 1450/166/199 1449/169/199
f 1457/164/199 1453/165/199 1449/169/199
f 1460/163/196 1452/169/196 1451/166/196
f 1451/166/196 1454/165/196 1456/170/196
f 1456/170/196 1458/164/196 1460/163/196
f 1451/166/196 1456/170/196 1460/163/196
f 1461/159/879 1462/160/879 1463/161/879
f 1461/159/879 1463/161/879 1464/162/879
f 1462/163/449 1465/164/449 1466/165/449
f 1462/163/449 1466/165/449 1463/166/449
f 1465/160/880 1467/159/880 1468/162/880
f 1465/160/880 1468/162/880 1466/161/880
f 1467/159/881 1469/167/881 1470/168/881
f 1467/159/881 1470/168/881 1468/162/881
f 1469/164/450 1471/163/450 1472/166/450
f 1469/164/450 1472/166/450 1470/165/450
f 1471/167/882 1461/159/882 1464/162/882
f 1471/167/882 1464/162/882 1472/168/882
f 1461/169/199 1471/163/199 1469/164/199
f 1469/164/199 1467/170/199 1465/165/199
f 1465/165/199 1462/166/199 1461/169/199
f 1469/164/199 1465/165/199 1461/169/199
f 1472/163/196 1464/169/196 1463/166/196
f 1463/166/196 1466/165/196 1468/170/196
f 1468/170/196 1470/164/196 1472/163/196
f 1463/166/196 1468/170/196 1472/163/196
f 1473/159/875 1474/160/875 1475/161/875
f 1473/159/875 1475/161/875 1476/162/875
f 1474/163/449 1477/164/449 1478/165/449
f 1474/163/449 1478/165/449 1475/166/449
f 1477/160/876 1479/159/876 1480/162/876
f 1477/160/876 1480/162/876 1478/161/876
f 1479/159/877 1481/167/877 1482/168/877
f 1479/159/877 1482/168/877 1480/162/877
f 1481/164/450 1483/163/450 1484/166/450
f 1481/164/450 1484/166/450 1482/165/450
f 1483/167/878 1473/159/878 1476/162/878
f 1483/167/878 1476/162/878 1484/168/878
f 1473/169/199 1483/163/199 1481/164/199
f 1481/164/199 1479/170/199 1477/165/199
f 1477/165/199 1474/166/199 1473/169/199
f 1481/164/199 1477/165/199 1473/169/199
f 1484/163/196 1476/169/196 1475/166/196
f 1475/166/196 1478/165/196 1480/170/196
f 1480/170/196 1482/164/196 1484/163/196
f 1475/166/196 1480/170/196 1484/163/196
f 1485/159/879 1486/160/879 1487/161/879
f 1485/159/879 1487/161/879 1488/162/879
f 1486/163/449 1489/164/449 1490/165/449
f 1486/163/449 1490/165/449 1487/166/449
f 1489/160/880 1491/159/880 1492/162/880
f 1489/160/880 1492/162/880 1490/161/880
f 1491/159/881 1493/167/881 1494/168/881
f 1491/159/881 1494/168/881 1492/162/881
f 1493/164/450 1495/163/450 1496/166/450
f 1493/164/450 1496/166/450 1494/165/450
f 1495/167/882 1485/159/882 1488/162/882
f 1495/167/882 1488/162/882 1496/168/882
f 1485/169/199 1495/163/199 1493/164/199
f 1493/164/199 1491/170/199 1489/165/199
f 1489/165/199 1486/166/199 1485/169/199
f 1493/164/199 1489/165/199 1485/169/199
f 1496/163/196 1488/169/196 1487/166/196
f 1487/166/196 1490/165/196 1492/170/196
f 1492/170/196 1494/164/196 1496/163/196
f 1487/166/196 1492/170/196 1496/163/196
f 1497/159/875 1498/160/875 1499/161/875
f 1497/159/875 1499/161/875 1500/162/875
f 1498/163/449 1501/164/449 1502/165/449
f 1498/163/449 1502/165/449 1499/166/449
f 1501/160/876 1503/159/876 1504/162/876
f 1501/160/876 1504/162/876 1502/161/876
f 1503/159/877 1505/167/877 1506/168/877
f 1503/159/877 1506/168/877 1504/162/877
f 1505/164/450 1507/163/450 1508/166/450
f 1505/164/450 1508/166/450 1506/165/450
f 1507/167/878 1497/159/878 1500/162/878
f 1507/167/878 1500/162/878 1508/168/878
f 1497/169/199 1507/163/199 1505/164/199
f 1505/164/199 1503/170/199 1501/165/199
f 1501/165/199 1498/166/199 1497/169/199
f 1505/164/199 1501/165/199 1497/169/199
f 1508/163/196 1500/169/196 1499/166/196
f 1499/166/196 1502/165/196 1504/170/196
f 1504/170/196 1506/164/196 1508/163/196
f 1499/166/196 1504/170/196 1508/163/196
f 1509/159/879 1510/160/879 1511/161/879
f 1509/159/879 1511/161/879 1512/162/879
f 1510/163/449 1513/164/449 1514/165/449
f 1510/163/449 1514/165/449 1511/166/449
f 1513/160/880 1515/159/880 1516/162/880
f 1513/160/880 1516/162/880 1514/161/880
f 1515/159/881 1517/167/881 1518/168/881
f 1515/159/881 1518/168/881 1516/162/881
f 1517/164/450 1519/163/450 1520/166/450
f 1517/164/450 1520/166/450 1518/165/450
f 1519/167/882 1509/159/882 1512/162/882
f 1519/167/882 1512/162/882 1520/168/882
f 1509/169/199 1519/163/199 1517/164/199
f 1517/164/199 1515/170/199 1513/165/199
f 1513/165/199 1510/166/199 1509/169/199
f 1517/164/199 1513/165/199 1509/169/199
f 1520/163/196 1512/169/196 1511/166/196
f 1511/166/196 1514/165/196 1516/170/196
f 1516/170/196 1518/164/196 1520/163/196
f 1511/166/196 1516/170/196 1520/163/196
f 1521/159/875 1522/160/875 1523/161/875
f 1521/159/875 1523/161/875 1524/162/875
f 1522/163/449 1525/164/449 1526/165/449
f 1522/163/449 1526/165/449 1523/166/449
f 1525/160/876 1527/159/876 1528/162/876
f 1525/160/876 1528/162/876 1526/161/876
f 1527/159/877 1529/167/877 1530/168/877
f 1527/159/877 1530/168/877 1528/162/877
f 1529/164/450 1531/163/450 1532/166/450
f 1529/164/450 1532/166/450 1530/165/450
f 1531/167/878 1521/159/878 1524/162/878
f 1531/167/878 1524/162/878 1532/168/878
f 1521/169/199 1531/163/199 1529/164/199
f 1529/164/199 1527/170/199 1525/165/199
f 1525/165/199 1522/166/199 1521/169/199
f 1529/164/199 1525/165/199 1521/169/199
f 1532/163/196 1524/169/196 1523/166/196
f 1523/166/196 1526/165/196 1528/170/196
f 1528/170/196 1530/164/196 1532/163/196
f 1523/166/196 1528/170/196 1532/163/196
f 1533/159/879 1534/160/879 1535/161/879
f 1533/159/879 1535/161/879 1536/162/879
f 1534/163/449 1537/164/449 1538/165/449
f 1534/163/449 1538/165/449 1535/166/449
f 1537/160/880 1539/159/880 1540/162/880
f 1537/160/880 1540/162/880 1538/161/880
f 1539/159/881 1541/167/881 1542/168/881
f 1539/159/881 1542/168/881 1540/162/881
f 1541/164/450 1543/163/450 1544/166/450
f 1541/164/450 1544/166/450 1542/165/450
f 1543/167/882 1533/159/882 1536/162/882
f 1543/167/882 1536/162/882 1544/168/882
f 1533/169/199 1543/163/199 1541/164/199
f 1541/164/199 1539/170/199 1537/165/199
f 1537/165/199 1534/166/199 1533/169/199
f 1541/164/199 1537/165/199 1533/169/199
f 1544/163/196 1536/169/196 1535/166/196
f 1535/166/196 1538/165/196 1540/170/196
f 1540/170/196 1542/164/196 1544/163/196
f 1535/166/196 1540/170/196 1544/163/196
f 1545/159/875 1546/160/875 1547/161/875
f 1545/159/875 1547/161/875 1548/162/875
f 1546/163/449 1549/164/449 1550/165/449
f 1546/163/449 1550/165/449 1547/166/449
f 1549/160/876 1551/159/876 1552/162/876
f 1549/160/876 1552/162/876 1550/161/876
f 1551/159/877 1553/167/877 1554/168/877
f 1551/159/877 1554/168/877 1552/162/877
f 1553/164/450 1555/163/450 1556/166/450
f 1553/164/450 1556/166/450 1554/165/450
f 1555/167/878 1545/159/878 1548/162/878
f 1555/167/878 1548/162/878 1556/168/878
f 1545/169/199 1555/163/199 1553/164/199
f 1553/164/199 1551/170/199 1549/165/199
f 1549/165/199 1546/166/199 1545/169/199
f 1553/164/199 1549/165/199 1545/169/199
f 1556/163/196 1548/169/196 1547/166/196
f 1547/166/196 1550/165/196 1552/170/196
f 1552/170/196 1554/164/196 1556/163/196
f 1547/166/196 1552/170/196 1556/163/196
f 1557/159/879 1558/160/879 1559/161/879
f 1557/159/879 1559/161/879 1560/162/879
f 1558/163/449 1561/164/449 1562/165/449
f 1558/163/449 1562/165/449 1559/166/449
f 1561/160/880 1563/159/880 1564/162/880
f 1561/160/880 1564/162/880 1562/161/880
f 1563/159/881 1565/167/881 1566/168/881
f 1563/159/881 1566/168/881 1564/162/881
f 1565/164/450 1567/163/450 1568/166/450
f 1565/164/450 1568/166/450 1566/165/450
f 1567/167/882 1557/159/882 1560/162/882
f 1567/167/882 1560/162/882 1568/168/882
f 1557/169/199 1567/163/199 1565/164/199
f 1565/164/199 1563/170/199 1561/165/199
f 1561/165/199 1558/166/199 1557/169/199
f 1565/164/199 1561/165/199 1557/169/199
f 1568/163/196 1560/169/196 1559/166/196
f 1559/166/196 1562/165/196 1564/170/196
f 1564/170/196 1566/164/196 1568/163/196
f 1559/166/196 1564/170/196 1568/163/196
f 1569/170/357 1570/661/357 1571/662/357
f 1569/170/357 1571/662/357 1572/169/357
f 1570/661/358 1573/663/358 1574/664/358
f 1570/661/358 1574/664/358 1571/662/358
f 1573/663/359 1575/665/359 1576/666/359
f 1573/663/359 1576/666/359 1574/664/359
f 1575/667/360 1577/663/360 1578/664/360
f 1575/667/360 1578/664/360 1576/668/360
f 1577/663/361 1579/669/361 1580/670/361
f 1577/663/361 1580/670/361 1578/664/361
f 1579/669/362 1581/170/362 1582/169/362
f 1579/669/362 1582/169/362 1580/670/362
f 1581/170/363 1583/671/363 1584/672/363
f 1581/170/363 1584/672/363 1582/169/363
f 1583/671/364 1585/673/364 1586/674/364
f 1583/671/364 1586/674/364 1584/672/364
f 1585/673/365 1587/675/365 1588/676/365
f 1585/673/365 1588/676/365 1586/674/365
f 1587/665/366 1589/663/366 1590/664/366
f 1587/665/366 1590/664/366 1588/666/366
f 1589/663/367 1591/661/367 1592/662/367
f 1589/663/367 1592/662/367 1590/664/367
f 1591/661/368 1593/170/368 1594/169/368
f 1591/661/368 1594/169/368 1592/662/368
f 1593/170/369 1595/677/369 1596/678/369
f 1593/170/369 1596/678/369 1594/169/369
f 1595/677/370 1597/673/370 1598/674/370
f 1595/677/370 1598/674/370 1596/678/370
f 1597/673/371 1599/679/371 1600/680/371
f 1597/673/371 1600/680/371 1598/674/371
f 1599/675/372 1601/673/372 1602/674/372
f 1599/675/372 1602/674/372 1600/676/372
f 1601/673/373 1603/671/373 1604/672/373
f 1601/673/373 1604/672/373 1602/674/373
f 1603/671/374 1605/170/374 1606/169/374
f 1603/671/374 1606/169/374 1604/672/374
f 1605/170/375 1607/669/375 1608/670/375
f 1605/170/375 1608/670/375 1606/169/375
f 1607/669/376 1609/663/376 1610/664/376
f 1607/669/376 1610/664/376 1608/670/376
f 1609/663/377 1611/667/377 1612/668/377
f 1609/663/377 1612/668/377 1610/664/377
f 1611/679/378 1613/673/378 1614/674/378
f 1611/679/378 1614/674/378 1612/680/378
f 1613/673/379 1615/677/379 1616/678/379
f 1613/673/379 1616/678/379 1614/674/379
f 1615/677/380 1569/170/380 1572/169/380
f 1615/677/380 1572/169/380 1616/678/380
f 1569/169/161 1615/681/161 1613/682/161
f 1613/682/161 1611/683/161 1609/684/161
f 1609/684/161 1607/685/161 1605/159/161
f 1605/159/161 1603/686/161 1601/687/161
f 1601/687/161 1599/688/161 1597/689/161
f 1597/689/161 1595/690/161 1593/170/161
f 1593/170/161 1591/691/161 1589/692/161
f 1589/692/161 1587/693/161 1585/694/161
f 1585/694/161 1583/695/161 1581/162/161
f 1581/162/161 1579/696/161 1577/697/161
f 1577/697/161 1575/698/161 1573/699/161
f 1573/699/161 1570/700/161 1569/169/161
f 1569/169/161 1613/682/161 1609/684/161
f 1609/684/161 1605/159/161 1601/687/161
f 1601/687/161 1597/689/161 1593/170/161
f 1593/170/161 1589/692/161 1585/694/161
f 1585/694/161 1581/162/161 1577/697/161
f 1577/697/161 1573/699/161 1569/169/161
f 1569/169/161 1609/684/161 1601/687/161
f 1601/687/161 1593/170/161 1585/694/161
f 1585/694/161 1577/697/161 1569/169/161
f 1601/687/161 1585/694/161 1569/169/161
f 1616/681/162 1572/169/162 1571/700/162
f 1571/700/162 1574/699/162 1576/698/162
f 1576/698/162 1578/697/162 1580/696/162
f 1580/696/162 1582/162/162 1584/695/162
f 1584/695/162 1586/694/162 1588/693/162
f 1588/693/162 1590/692/162 1592/691/162
f 1592/691/162 1594/170/162 1596/690/162
f 1596/690/162 1598/689/162 1600/688/162
f 1600/688/162 1602/687/162 1604/686/162
f 1604/686/162 1606/159/162 1608/685/162
f 1608/685/162 1610/684/162 1612/683/162
f 1612/683/162 1614/682/162 1616/681/162
f 1616/681/162 1571/700/162 1576/698/162
f 1576/698/162 1580/696/162 1584/695/162
f 1584/695/162 1588/693/162 1592/691/162
f 1592/691/162 1596/690/162 1600/688/162
f 1600/688/162 1604/686/162 1608/685/162
f 1608/685/162 1612/683/162 1616/681/162
f 1616/681/162 1576/698/162 1584/695/162
f 1584/695/162 1592/691/162 1600/688/162
f 1600/688/162 1608/685/162 1616/681/162
f 1584/695/162 1600/688/162 1616/681/162
usemtl mat_2
f 1617/701/883 1618/702/883 1619/703/883
f 1620/704/884 1621/705/884 1622/706/884
f 1623/707/885 1624/708/885 1625/709/885
f 1626/710/886 1627/711/886 1628/712/886
f 1629/713/473 1630/714/473 1631/715/473
f 1632/716/474 1633/717/474 1634/718/474
f 1635/719/457 1636/720/457 1637/721/457
f 1638/722/458 1639/723/458 1640/724/458
f 1619/703/887 1621/705/887 1620/704/887
f 1619/703/887 1620/704/887 1617/701/887
f 1618/702/888 1626/710/888 1628/712/888
f 1618/702/888 1628/712/888 1619/703/888
f 1625/709/889 1628/712/889 1627/711/889
f 1625/709/889 1627/711/889 1623/707/889
f 1621/705/890 1625/709/890 1624/708/890
f 1621/705/890 1624/708/890 1622/706/890
f 1631/715/461 1639/723/461 1638/722/461
f 1631/715/461 1638/722/461 1629/713/461
f 1630/714/479 1632/716/479 1634/718/479
f 1630/714/479 1634/718/479 1631/715/479
f 1633/713/463 1635/719/463 1637/721/463
f 1633/713/463 1637/721/463 1634/725/463
f 1636/720/464 1640/726/464 1639/727/464
f 1636/720/464 1639/727/464 1637/721/464
f 1617/701/481 1630/714/481 1629/713/481
f 1617/701/481 1629/713/481 1618/702/481
f 1622/706/482 1633/717/482 1632/716/482
f 1622/706/482 1632/716/482 1620/704/482
f 1623/728/467 1636/720/467 1635/719/467
f 1623/728/467 1635/719/467 1624/729/467
f 1626/729/468 1638/722/468 1640/724/468
f 1626/729/468 1640/724/468 1627/730/468
f 1617/701/449 1620/704/449 1632/716/449
f 1617/701/449 1632/716/449 1630/714/449
f 1619/703/199 1628/712/199 1625/709/199
f 1619/703/199 1625/709/199 1621/705/199
f 1626/729/161 1618/702/161 1629/713/161
f 1626/729/161 1629/713/161 1638/722/161
f 1622/731/162 1624/729/162 1635/719/162
f 1622/731/162 1635/719/162 1633/713/162
f 1623/728/450 1627/732/450 1640/726/450
f 1623/728/450 1640/726/450 1636/720/450
f 1631/703/196 1634/733/196 1637/721/196
f 1631/703/196 1637/721/196 1639/727/196
usemtl mat_1
f 1641/170/357 1642/661/357 1643/662/357
f 1641/170/357 1643/662/357 1644/169/357
f 1642/661/358 1645/663/358 1646/664/358
f 1642/661/358 1646/664/358 1643/662/358
f 1645/663/359 1647/665/359 1648/666/359
f 1645/663/359 1648/666/359 1646/664/359
f 1647/667/360 1649/663/360 1650/664/360
f 1647/667/360 1650/664/360 1648/668/360
f 1649/663/361 1651/669/361 1652/670/361
f 1649/663/361 1652/670/361 1650/664/361
f 1651/669/362 1653/170/362 1654/169/362
f 1651/669/362 1654/169/362 1652/670/362
f 1653/170/363 1655/671/363 1656/672/363
f 1653/170/363 1656/672/363 1654/169/363
f 1655/671/364 1657/673/364 1658/674/364
f 1655/671/364 1658/674/364 1656/672/364
f 1657/673/365 1659/675/365 1660/676/365
f 1657/673/365 1660/676/365 1658/674/365
f 1659/665/366 1661/663/366 1662/664/366
f 1659/665/366 1662/664/366 1660/666/366
f 1661/663/367 1663/661/367 1664/662/367
f 1661/663/367 1664/662/367 1662/664/367
f 1663/661/368 1665/170/368 1666/169/368
f 1663/661/368 1666/169/368 1664/662/368
f 1665/170/369 1667/677/369 1668/678/369
f 1665/170/369 1668/678/369 1666/169/369
f 1667/677/370 1669/673/370 1670/674/370
f 1667/677/370 1670/674/370 1668/678/370
f 1669/673/371 1671/679/371 1672/680/371
f 1669/673/371 1672/680/371 1670/674/371
f 1671/675/372 1673/673/372 1674/674/372
f 1671/675/372 1674/674/372 1672/676/372
f 1673/673/373 1675/671/373 1676/672/373
f 1673/673/373 1676/672/373 1674/674/373
f 1675/671/374 1677/170/374 1678/169/374
f 1675/671/374 1678/169/374 1676/672/374
f 1677/170/375 1679/669/375 1680/670/375
f 1677/170/375 1680/670/375 1678/169/375
f 1679/669/376 1681/663/376 1682/664/376
f 1679/669/376 1682/664/376 1680/670/376
f 1681/663/377 1683/667/377 1684/668/377
f 1681/663/377 1684/668/377 1682/664/377
f 1683/679/378 1685/673/378 1686/674/378
f 1683/679/378 1686/674/378 1684/680/378
f 1685/673/379 1687/677/379 1688/678/379
f 1685/673/379 1688/678/379 1686/674/379
f 1687/677/380 1641/170/380 1644/169/380
f 1687/677/380 1644/169/380 1688/678/380
f 1641/169/161 1687/681/161 1685/682/161
f 1685/682/161 1683/683/161 1681/684/161
f 1681/684/161 1679/685/161 1677/159/161
f 1677/159/161 1675/686/161 1673/687/161
f 1673/687/161 1671/688/161 1669/689/161
f 1669/689/161 1667/690/161 1665/170/161
f 1665/170/161 1663/691/161 1661/692/161
f 1661/692/161 1659/693/161 1657/694/161
f 1657/694/161 1655/695/161 1653/162/161
f 1653/162/161 1651/696/161 1649/697/161
f 1649/697/161 1647/698/161 1645/699/161
f 1645/699/161 1642/700/161 1641/169/161
f 1641/169/161 1685/682/161 1681/684/161
f 1681/684/161 1677/159/161 1673/687/161
f 1673/687/161 1669/689/161 1665/170/161
f 1665/170/161 1661/692/161 1657/694/161
f 1657/694/161 1653/162/161 1649/697/161
f 1649/697/161 1645/699/161 1641/169/161
f 1641/169/161 1681/684/161 1673/687/161
f 1673/687/161 1665/170/161 1657/694/161
f 1657/694/161 1649/697/161 1641/169/161
f 1673/687/161 1657/694/161 1641/169/161
f 1688/681/162 1644/169/162 1643/700/162
f 1643/700/162 1646/699/162 1648/698/162
f 1648/698/162 1650/697/162 1652/696/162
f 1652/696/162 1654/162/162 1656/695/162
f 1656/695/162 1658/694/162 1660/693/162
f 1660/693/162 1662/692/162 1664/691/162
f 1664/691/162 1666/170/162 1668/690/162
f 1668/690/162 1670/689/162 1672/688/162
f 1672/688/162 1674/687/162 1676/686/162
f 1676/686/162 1678/159/162 1680/685/162
f 1680/685/162 1682/684/162 1684/683/162
f 1684/683/162 1686/682/162 1688/681/162
f 1688/681/162 1643/700/162 1648/698/162
f 1648/698/162 1652/696/162 1656/695/162
f 1656/695/162 1660/693/162 1664/691/162
f 1664/691/162 1668/690/162 1672/688/162
f 1672/688/162 1676/686/162 1680/685/162
f 1680/685/162 1684/683/162 1688/681/162
f 1688/681/162 1648/698/162 1656/695/162
f 1656/695/162 1664/691/162 1672/688/162
f 1672/688/162 1680/685/162 1688/681/162
f 1656/695/162 1672/688/162 1688/681/162
usemtl mat_2
f 1689/734/883 1690/702/883 1691/703/883
f 1692/704/891 1693/705/891 1694/706/891
f 1695/707/892 1696/708/892 1697/709/892
f 1698/710/886 1699/711/886 1700/712/886
f 1701/713/473 1702/735/473 1703/715/473
f 1704/716/893 1705/717/893 1706/718/893
f 1707/736/894 1708/720/894 1709/737/894
f 1710/722/458 1711/723/458 1712/724/458
f 1691/703/887 1693/705/887 1692/704/887
f 1691/703/887 1692/704/887 1689/734/887
f 1690/702/888 1698/710/888 1700/712/888
f 1690/702/888 1700/712/888 1691/703/888
f 1697/709/889 1700/712/889 1699/711/889
f 1697/709/889 1699/711/889 1695/707/889
f 1693/705/895 1697/709/895 1696/708/895
f 1693/705/895 1696/708/895 1694/706/895
f 1703/715/461 1711/723/461 1710/722/461
f 1703/715/461 1710/722/461 1701/713/461
f 1702/735/479 1704/716/479 1706/718/479
f 1702/735/479 1706/718/479 1703/715/479
f 1705/713/896 1707/736/896 1709/737/896
f 1705/713/896 1709/737/896 1706/725/896
f 1708/720/464 1712/726/464 1711/727/464
f 1708/720/464 1711/727/464 1709/737/464
f 1689/734/481 1702/735/481 1701/713/481
f 1689/734/481 1701/713/481 1690/702/481
f 1694/706/897 1705/717/897 1704/716/897
f 1694/706/897 1704/716/897 1692/704/897
f 1695/728/898 1708/720/898 1707/736/898
f 1695/728/898 1707/736/898 1696/729/898
f 1698/729/468 1710/722/468 1712/724/468
f 1698/729/468 1712/724/468 1699/730/468
f 1689/734/449 1692/704/449 1704/716/449
f 1689/734/449 1704/716/449 1702/735/449
f 1691/703/199 1700/712/199 1697/709/199
f 1691/703/199 1697/709/199 1693/705/199
f 1698/729/161 1690/702/161 1701/713/161
f 1698/729/161 1701/713/161 1710/722/161
f 1694/731/162 1696/729/162 1707/736/162
f 1694/731/162 1707/736/162 1705/713/162
f 1695/728/450 1699/732/450 1712/726/450
f 1695/728/450 1712/726/450 1708/720/450
f 1703/703/196 1706/733/196 1709/737/196
f 1703/703/196 1709/737/196 1711/727/196
usemtl mat_0
f 1713/738/451 1714/739/451 1715/382/451
f 1716/740/899 1717/384/899 1718/741/899
f 1719/386/900 1720/387/900 1721/388/900
f 1722/389/901 1723/390/901 1724/391/901
f 1725/742/455 1726/743/455 1727/394/455
f 1728/744/902 1729/745/902 1730/386/902
f 1731/746/903 1732/747/903 1733/398/903
f 1734/748/904 1735/400/904 1736/749/904
f 1715/382/459 1717/384/459 1716/740/459
f 1715/382/459 1716/740/459 1713/738/459
f 1714/739/438 1722/389/438 1724/391/438
f 1714/739/438 1724/391/438 1715/382/438
f 1721/388/905 1724/391/905 1723/390/905
f 1721/388/905 1723/390/905 1719/386/905
f 1717/384/906 1721/388/906 1720/387/906
f 1717/384/906 1720/387/906 1718/741/906
f 1727/394/461 1735/400/461 1734/748/461
f 1727/394/461 1734/748/461 1725/742/461
f 1726/743/462 1728/744/462 1730/386/462
f 1726/743/462 1730/386/462 1727/394/462
f 1729/750/896 1731/746/896 1733/398/896
f 1729/750/896 1733/398/896 1730/403/896
f 1732/747/907 1736/751/907 1735/391/907
f 1732/747/907 1735/391/907 1733/398/907
f 1713/738/465 1726/743/465 1725/742/465
f 1713/738/465 1725/742/465 1714/739/465
f 1718/741/908 1729/745/908 1728/744/908
f 1718/741/908 1728/744/908 1716/740/908
f 1719/752/909 1732/747/909 1731/746/909
f 1719/752/909 1731/746/909 1720/753/909
f 1722/754/910 1734/748/910 1736/749/910
f 1722/754/910 1736/749/910 1723/755/910
f 1713/738/449 1716/740/449 1728/744/449
f 1713/738/449 1728/744/449 1726/743/449
f 1715/382/199 1724/391/199 1721/388/199
f 1715/382/199 1721/388/199 1717/384/199
f 1722/754/161 1714/739/161 1725/742/161
f 1722/754/161 1725/742/161 1734/748/161
f 1718/756/162 1720/753/162 1731/746/162
f 1718/756/162 1731/746/162 1729/750/162
f 1719/752/450 1723/757/450 1736/751/450
f 1719/752/450 1736/751/450 1732/747/450
f 1727/382/196 1730/411/196 1733/398/196
f 1727/382/196 1733/398/196 1735/391/196
f 1737/444/451 1738/413/451 1739/414/451
f 1740/445/452 1741/416/452 1742/447/452
f 1743/418/453 1744/419/453 1745/420/453
f 1746/421/454 1747/422/454 1748/423/454
f 1749/424/911 1750/446/911 1751/426/911
f 1752/427/912 1753/428/912 1754/429/912
f 1755/430/913 1756/431/913 1757/432/913
f 1758/431/914 1759/418/914 1760/433/914
f 1739/414/459 1741/416/459 1740/445/459
f 1739/414/459 1740/445/459 1737/444/459
f 1738/413/438 1746/421/438 1748/423/438
f 1738/413/438 1748/423/438 1739/414/438
f 1745/420/460 1748/423/460 1747/422/460
f 1745/420/460 1747/422/460 1743/418/460
f 1741/416/440 1745/420/440 1744/419/440
f 1741/416/440 1744/419/440 1742/447/440
f 1751/426/915 1759/418/915 1758/431/915
f 1751/426/915 1758/431/915 1749/424/915
f 1750/446/479 1752/427/479 1754/429/479
f 1750/446/479 1754/429/479 1751/426/479
f 1753/434/916 1755/430/916 1757/432/916
f 1753/434/916 1757/432/916 1754/426/916
f 1756/431/480 1760/424/480 1759/435/480
f 1756/431/480 1759/435/480 1757/432/480
f 1737/444/465 1750/446/465 1749/424/465
f 1737/444/465 1749/424/465 1738/413/465
f 1742/447/466 1753/428/466 1752/427/466
f 1742/447/466 1752/427/466 1740/445/466
f 1743/436/467 1756/431/467 1755/430/467
f 1743/436/467 1755/430/467 1744/436/467
f 1746/436/468 1758/431/468 1760/433/468
f 1746/436/468 1760/433/468 1747/437/468
f 1737/444/449 1740/445/449 1752/427/449
f 1737/444/449 1752/427/449 1750/446/449
f 1739/414/199 1748/423/199 1745/420/199
f 1739/414/199 1745/420/199 1741/416/199
f 1746/436/161 1738/413/161 1749/424/161
f 1746/436/161 1749/424/161 1758/431/161
f 1742/438/162 1744/436/162 1755/430/162
f 1742/438/162 1755/430/162 1753/434/162
f 1743/436/450 1747/438/450 1760/424/450
f 1743/436/450 1760/424/450 1756/431/450
f 1751/414/196 1754/439/196 1757/432/196
f 1751/414/196 1757/432/196 1759/435/196
usemtl mat_1
f 1761/159/511 1762/160/511 1763/161/511
f 1761/159/511 1763/161/511 1764/162/511
f 1762/163/449 1765/164/449 1766/165/449
f 1762/163/449 1766/165/449 1763/166/449
f 1765/160/512 1767/159/512 1768/162/512
f 1765/160/512 1768/162/512 1766/161/512
f 1767/159/513 1769/167/513 1770/168/513
f 1767/159/513 1770/168/513 1768/162/513
f 1769/164/450 1771/163/450 1772/166/450
f 1769/164/450 1772/166/450 1770/165/450
f 1771/167/514 1761/159/514 1764/162/514
f 1771/167/514 1764/162/514 1772/168/514
f 1761/169/199 1771/163/199 1769/164/199
f 1769/164/199 1767/170/199 1765/165/199
f 1765/165/199 1762/166/199 1761/169/199
f 1769/164/199 1765/165/199 1761/169/199
f 1772/163/196 1764/169/196 1763/166/196
f 1763/166/196 1766/165/196 1768/170/196
f 1768/170/196 1770/164/196 1772/163/196
f 1763/166/196 1768/170/196 1772/163/196
f 1773/159/511 1774/160/511 1775/161/511
f 1773/159/511 1775/161/511 1776/162/511
f 1774/163/449 1777/164/449 1778/165/449
f 1774/163/449 1778/165/449 1775/166/449
f 1777/160/512 1779/159/512 1780/162/512
f 1777/160/512 1780/162/512 1778/161/512
f 1779/159/513 1781/167/513 1782/168/513
f 1779/159/513 1782/168/513 1780/162/513
f 1781/164/450 1783/163/450 1784/166/450
f 1781/164/450 1784/166/450 1782/165/450
f 1783/167/514 1773/159/514 1776/162/514
f 1783/167/514 1776/162/514 1784/168/514
f 1773/169/199 1783/163/199 1781/164/199
f 1781/164/199 1779/170/199 1777/165/199
f 1777/165/199 1774/166/199 1773/169/199
f 1781/164/199 1777/165/199 1773/169/199
f 1784/163/196 1776/169/196 1775/166/196
f 1775/166/196 1778/165/196 1780/170/196
f 1780/170/196 1782/164/196 1784/163/196
f 1775/166/196 1780/170/196 1784/163/196
usemtl mat_0
f 1785/738/487 1786/739/487 1787/382/487
f 1788/740/917 1789/384/917 1790/741/917
f 1791/386/918 1792/387/918 1793/388/918
f 1794/389/454 1795/390/454 1796/391/454
f 1797/742/473 1798/743/473 1799/394/473
f 1800/744/893 1801/745/893 1802/386/893
f 1803/746/894 1804/747/894 1805/398/894
f 1806/748/458 1807/400/458 1808/749/458
f 1787/382/489 1789/384/489 1788/740/489
f 1787/382/489 1788/740/489 1785/738/489
f 1786/739/438 1794/389/438 1796/391/438
f 1786/739/438 1796/391/438 1787/382/438
f 1793/388/460 1796/391/460 1795/390/460
f 1793/388/460 1795/390/460 1791/386/460
f 1789/384/906 1793/388/906 1792/387/906
f 1789/384/906 1792/387/906 1790/741/906
f 1799/394/461 1807/400/461 1806/748/461
f 1799/394/461 1806/748/461 1797/742/461
f 1798/743/479 1800/744/479 1802/386/479
f 1798/743/479 1802/386/479 1799/394/479
f 1801/750/896 1803/746/896 1805/398/896
f 1801/750/896 1805/398/896 1802/403/896
f 1804/747/464 1808/751/464 1807/391/464
f 1804/747/464 1807/391/464 1805/398/464
f 1785/738/481 1798/743/481 1797/742/481
f 1785/738/481 1797/742/481 1786/739/481
f 1790/741/897 1801/745/897 1800/744/897
f 1790/741/897 1800/744/897 1788/740/897
f 1791/752/898 1804/747/898 1803/746/898
f 1791/752/898 1803/746/898 1792/753/898
f 1794/754/468 1806/748/468 1808/749/468
f 1794/754/468 1808/749/468 1795/755/468
f 1785/738/449 1788/740/449 1800/744/449
f 1785/738/449 1800/744/449 1798/743/449
f 1787/382/199 1796/391/199 1793/388/199
f 1787/382/199 1793/388/199 1789/384/199
f 1794/754/161 1786/739/161 1797/742/161
f 1794/754/161 1797/742/161 1806/748/161
f 1790/756/162 1792/753/162 1803/746/162
f 1790/756/162 1803/746/162 1801/750/162
f 1791/752/450 1795/757/450 1808/751/450
f 1791/752/450 1808/751/450 1804/747/450
f 1799/382/196 1802/411/196 1805/398/196
f 1799/382/196 1805/398/196 1807/391/196
f 1809/412/487 1810/413/487 1811/414/487
f 1812/415/488 1813/416/488 1814/417/488
f 1815/418/453 1816/419/453 1817/420/453
f 1818/421/454 1819/422/454 1820/423/454
f 1821/424/919 1822/425/919 1823/426/919
f 1824/427/920 1825/428/920 1826/429/920
f 1827/430/913 1828/431/913 1829/441/913
f 1830/431/914 1831/418/914 1832/433/914
f 1811/414/489 1813/416/489 1812/415/489
f 1811/414/489 1812/415/489 1809/412/489
f 1810/413/438 1818/421/438 1820/423/438
f 1810/413/438 1820/423/438 1811/414/438
f 1817/420/460 1820/423/460 1819/422/460
f 1817/420/460 1819/422/460 1815/418/460
f 1813/416/440 1817/420/440 1816/419/440
f 1813/416/440 1816/419/440 1814/417/440
f 1823/426/915 1831/418/915 1830/431/915
f 1823/426/915 1830/431/915 1821/424/915
f 1822/425/494 1824/427/494 1826/429/494
f 1822/425/494 1826/429/494 1823/426/494
f 1825/434/916 1827/430/916 1829/441/916
f 1825/434/916 1829/441/916 1826/426/916
f 1828/431/480 1832/424/480 1831/435/480
f 1828/431/480 1831/435/480 1829/441/480
f 1809/412/481 1822/425/481 1821/424/481
f 1809/412/481 1821/424/481 1810/413/481
f 1814/417/482 1825/428/482 1824/427/482
f 1814/417/482 1824/427/482 1812/415/482
f 1815/436/467 1828/431/467 1827/430/467
f 1815/436/467 1827/430/467 1816/436/467
f 1818/436/468 1830/431/468 1832/433/468
f 1818/436/468 1832/433/468 1819/437/468
f 1809/412/449 1812/415/449 1824/427/449
f 1809/412/449 1824/427/449 1822/425/449
f 1811/414/199 1820/423/199 1817/420/199
f 1811/414/199 1817/420/199 1813/416/199
f 1818/436/161 1810/413/161 1821/424/161
f 1818/436/161 1821/424/161 1830/431/161
f 1814/438/162 1816/436/162 1827/430/162
f 1814/438/162 1827/430/162 1825/434/162
f 1815/436/450 1819/438/450 1832/424/450
f 1815/436/450 1832/424/450 1828/431/450
f 1823/414/196 1826/439/196 1829/441/196
f 1823/414/196 1829/441/196 1831/435/196
usemtl mat_1
f 1833/159/921 1834/160/921 1835/161/921
f 1833/159/921 1835/161/921 1836/162/921
f 1834/163/449 1837/164/449 1838/165/449
f 1834/163/449 1838/165/449 1835/166/449
f 1837/160/922 1839/159/922 1840/162/922
f 1837/160/922 1840/162/922 1838/161/922
f 1839/159/521 1841/167/521 1842/168/521
f 1839/159/521 1842/168/521 1840/162/521
f 1841/164/450 1843/163/450 1844/166/450
f 1841/164/450 1844/166/450 1842/165/450
f 1843/167/522 1833/159/522 1836/162/522
f 1843/167/522 1836/162/522 1844/168/522
f 1833/169/199 1843/163/199 1841/164/199
f 1841/164/199 1839/170/199 1837/165/199
f 1837/165/199 1834/166/199 1833/169/199
f 1841/164/199 1837/165/199 1833/169/199
f 1844/163/196 1836/169/196 1835/166/196
f 1835/166/196 1838/165/196 1840/170/196
f 1840/170/196 1842/164/196 1844/163/196
f 1835/166/196 1840/170/196 1844/163/196
f 1845/159/921 1846/160/921 1847/161/921
f 1845/159/921 1847/161/921 1848/162/921
f 1846/163/449 1849/164/449 1850/165/449
f 1846/163/449 1850/165/449 1847/166/449
f 1849/160/922 1851/159/922 1852/162/922
f 1849/160/922 1852/162/922 1850/161/922
f 1851/159/521 1853/167/521 1854/168/521
f 1851/159/521 1854/168/521 1852/162/521
f 1853/164/450 1855/163/450 1856/166/450
f 1853/164/450 1856/166/450 1854/165/450
f 1855/167/522 1845/159/522 1848/162/522
f 1855/167/522 1848/162/522 1856/168/522
f 1845/169/199 1855/163/199 1853/164/199
f 1853/164/199 1851/170/199 1849/165/199
f 1849/165/199 1846/166/199 1845/169/199
f 1853/164/199 1849/165/199 1845/169/199
f 1856/163/196 1848/169/196 1847/166/196
f 1847/166/196 1850/165/196 1852/170/196
f 1852/170/196 1854/164/196 1856/163/196
f 1847/166/196 1852/170/196 1856/163/196
usemtl mat_0
f 1857/738/923 1858/739/923 1859/382/923
f 1860/758/899 1861/384/899 1862/741/899
f 1863/386/900 1864/387/900 1865/388/900
f 1866/389/924 1867/390/924 1868/391/924
f 1869/742/925 1870/743/925 1871/394/925
f 1872/744/902 1873/745/902 1874/386/902
f 1875/746/903 1876/747/903 1877/398/903
f 1878/748/926 1879/400/926 1880/749/926
f 1859/382/459 1861/384/459 1860/758/459
f 1859/382/459 1860/758/459 1857/738/459
f 1858/739/927 1866/389/927 1868/391/927
f 1858/739/927 1868/391/927 1859/382/927
f 1865/388/905 1868/391/905 1867/390/905
f 1865/388/905 1867/390/905 1863/386/905
f 1861/384/906 1865/388/906 1864/387/906
f 1861/384/906 1864/387/906 1862/741/906
f 1871/394/928 1879/400/928 1878/748/928
f 1871/394/928 1878/748/928 1869/742/928
f 1870/743/462 1872/744/462 1874/386/462
f 1870/743/462 1874/386/462 1871/394/462
f 1873/750/896 1875/746/896 1877/398/896
f 1873/750/896 1877/398/896 1874/403/896
f 1876/747/907 1880/751/907 1879/391/907
f 1876/747/907 1879/391/907 1877/398/907
f 1857/738/929 1870/743/929 1869/742/929
f 1857/738/929 1869/742/929 1858/739/929
f 1862/741/908 1873/745/908 1872/744/908
f 1862/741/908 1872/744/908 1860/758/908
f 1863/752/909 1876/747/909 1875/746/909
f 1863/752/909 1875/746/909 1864/753/909
f 1866/754/930 1878/748/930 1880/749/930
f 1866/754/930 1880/749/930 1867/755/930
f 1857/738/449 1860/758/449 1872/744/449
f 1857/738/449 1872/744/449 1870/743/449
f 1859/382/199 1868/391/199 1865/388/199
f 1859/382/199 1865/388/199 1861/384/199
f 1866/754/161 1858/739/161 1869/742/161
f 1866/754/161 1869/742/161 1878/748/161
f 1862/756/162 1864/753/162 1875/746/162
f 1862/756/162 1875/746/162 1873/750/162
f 1863/752/450 1867/757/450 1880/751/450
f 1863/752/450 1880/751/450 1876/747/450
f 1871/382/196 1874/411/196 1877/398/196
f 1871/382/196 1877/398/196 1879/391/196
f 1881/412/451 1882/413/451 1883/414/451
f 1884/415/452 1885/416/452 1886/417/452
f 1887/418/453 1888/419/453 1889/420/453
f 1890/421/454 1891/422/454 1892/423/454
f 1893/424/911 1894/425/911 1895/426/911
f 1896/427/912 1897/428/912 1898/429/912
f 1899/430/913 1900/431/913 1901/432/913
f 1902/431/914 1903/418/914 1904/433/914
f 1883/414/459 1885/416/459 1884/415/459
f 1883/414/459 1884/415/459 1881/412/459
f 1882/413/438 1890/421/438 1892/423/438
f 1882/413/438 1892/423/438 1883/414/438
f 1889/420/460 1892/423/460 1891/422/460
f 1889/420/460 1891/422/460 1887/418/460
f 1885/416/440 1889/420/440 1888/419/440
f 1885/416/440 1888/419/440 1886/417/440
f 1895/426/915 1903/418/915 1902/431/915
f 1895/426/915 1902/431/915 1893/424/915
f 1894/425/479 1896/427/479 1898/429/479
f 1894/425/479 1898/429/479 1895/426/479
f 1897/434/916 1899/430/916 1901/432/916
f 1897/434/916 1901/432/916 1898/426/916
f 1900/431/480 1904/424/480 1903/435/480
f 1900/431/480 1903/435/480 1901/432/480
f 1881/412/465 1894/425/465 1893/424/465
f 1881/412/465 1893/424/465 1882/413/465
f 1886/417/466 1897/428/466 1896/427/466
f 1886/417/466 1896/427/466 1884/415/466
f 1887/436/467 1900/431/467 1899/430/467
f 1887/436/467 1899/430/467 1888/436/467
f 1890/436/468 1902/431/468 1904/433/468
f 1890/436/468 1904/433/468 1891/437/468
f 1881/412/449 1884/415/449 1896/427/449
f 1881/412/449 1896/427/449 1894/425/449
f 1883/414/199 1892/423/199 1889/420/199
f 1883/414/199 1889/420/199 1885/416/199
f 1890/436/161 1882/413/161 1893/424/161
f 1890/436/161 1893/424/161 1902/431/161
f 1886/438/162 1888/436/162 1899/430/162
f 1886/438/162 1899/430/162 1897/434/162
f 1887/436/450 1891/438/450 1904/424/450
f 1887/436/450 1904/424/450 1900/431/450
f 1895/414/196 1898/439/196 1901/432/196
f 1895/414/196 1901/432/196 1903/435/196
usemtl mat_1
f 1905/159/511 1906/160/511 1907/161/511
f 1905/159/511 1907/161/511 1908/162/511
f 1906/163/449 1909/164/449 1910/165/449
f 1906/163/449 1910/165/449 1907/166/449
f 1909/160/512 1911/159/512 1912/162/512
f 1909/160/512 1912/162/512 1910/161/512
f 1911/159/513 1913/167/513 1914/168/513
f 1911/159/513 1914/168/513 1912/162/513
f 1913/164/450 1915/163/450 1916/166/450
f 1913/164/450 1916/166/450 1914/165/450
f 1915/167/514 1905/159/514 1908/162/514
f 1915/167/514 1908/162/514 1916/168/514
f 1905/169/199 1915/163/199 1913/164/199
f 1913/164/199 1911/170/199 1909/165/199
f 1909/165/199 1906/166/199 1905/169/199
f 1913/164/199 1909/165/199 1905/169/199
f 1916/163/196 1908/169/196 1907/166/196
f 1907/166/196 1910/165/196 1912/170/196
f 1912/170/196 1914/164/196 1916/163/196
f 1907/166/196 1912/170/196 1916/163/196
f 1917/159/511 1918/160/511 1919/161/511
f 1917/159/511 1919/161/511 1920/162/511
f 1918/163/449 1921/164/449 1922/165/449
f 1918/163/449 1922/165/449 1919/166/449
f 1921/160/512 1923/159/512 1924/162/512
f 1921/160/512 1924/162/512 1922/161/512
f 1923/159/513 1925/167/513 1926/168/513
f 1923/159/513 1926/168/513 1924/162/513
f 1925/164/450 1927/163/450 1928/166/450
f 1925/164/450 1928/166/450 1926/165/450
f 1927/167/514 1917/159/514 1920/162/514
f 1927/167/514 1920/162/514 1928/168/514
f 1917/169/199 1927/163/199 1925/164/199
f 1925/164/199 1923/170/199 1921/165/199
f 1921/165/199 1918/166/199 1917/169/199
f 1925/164/199 1921/165/199 1917/169/199
f 1928/163/196 1920/169/196 1919/166/196
f 1919/166/196 1922/165/196 1924/170/196
f 1924/170/196 1926/164/196 1928/163/196
f 1919/166/196 1924/170/196 1928/163/196
usemtl mat_0
f 1929/759/931 1930/739/931 1931/382/931
f 1932/740/917 1933/384/917 1934/741/917
f 1935/386/918 1936/387/918 1937/388/918
f 1938/389/932 1939/390/932 1940/391/932
f 1941/742/933 1942/743/933 1943/394/933
f 1944/744/893 1945/745/893 1946/386/893
f 1947/746/894 1948/747/894 1949/398/894
f 1950/748/934 1951/400/934 1952/749/934
f 1931/382/489 1933/384/489 1932/740/489
f 1931/382/489 1932/740/489 1929/759/489
f 1930/739/927 1938/389/927 1940/391/927
f 1930/739/927 1940/391/927 1931/382/927
f 1937/388/460 1940/391/460 1939/390/460
f 1937/388/460 1939/390/460 1935/386/460
f 1933/384/906 1937/388/906 1936/387/906
f 1933/384/906 1936/387/906 1934/741/906
f 1943/394/928 1951/400/928 1950/748/928
f 1943/394/928 1950/748/928 1941/742/928
f 1942/743/479 1944/744/479 1946/386/479
f 1942/743/479 1946/386/479 1943/394/479
f 1945/750/896 1947/746/896 1949/398/896
f 1945/750/896 1949/398/896 1946/403/896
f 1948/747/464 1952/751/464 1951/391/464
f 1948/747/464 1951/391/464 1949/398/464
f 1929/759/935 1942/743/935 1941/742/935
f 1929/759/935 1941/742/935 1930/739/935
f 1934/741/897 1945/745/897 1944/744/897
f 1934/741/897 1944/744/897 1932/740/897
f 1935/752/898 1948/747/898 1947/746/898
f 1935/752/898 1947/746/898 1936/753/898
f 1938/754/936 1950/748/936 1952/749/936
f 1938/754/936 1952/749/936 1939/755/936
f 1929/759/449 1932/740/449 1944/744/449
f 1929/759/449 1944/744/449 1942/743/449
f 1931/382/199 1940/391/199 1937/388/199
f 1931/382/199 1937/388/199 1933/384/199
f 1938/754/161 1930/739/161 1941/742/161
f 1938/754/161 1941/742/161 1950/748/161
f 1934/756/162 1936/753/162 1947/746/162
f 1934/756/162 1947/746/162 1945/750/162
f 1935/752/450 1939/757/450 1952/751/450
f 1935/752/450 1952/751/450 1948/747/450
f 1943/382/196 1946/411/196 1949/398/196
f 1943/382/196 1949/398/196 1951/391/196
f 1953/444/487 1954/760/487 1955/414/487
f 1956/445/488 1957/416/488 1958/417/488
f 1959/418/453 1960/419/453 1961/420/453
f 1962/421/454 1963/422/454 1964/423/454
f 1965/424/919 1966/446/919 1967/426/919
f 1968/427/920 1969/428/920 1970/429/920
f 1971/430/913 1972/431/913 1973/432/913
f 1974/431/914 1975/418/914 1976/433/914
f 1955/414/489 1957/416/489 1956/445/489
f 1955/414/489 1956/445/489 1953/444/489
f 1954/760/438 1962/421/438 1964/423/438
f 1954/760/438 1964/423/438 1955/414/438
f 1961/420/460 1964/423/460 1963/422/460
f 1961/420/460 1963/422/460 1959/418/460
f 1957/416/440 1961/420/440 1960/419/440
f 1957/416/440 1960/419/440 1958/417/440
f 1967/426/915 1975/418/915 1974/431/915
f 1967/426/915 1974/431/915 1965/424/915
f 1966/446/494 1968/427/494 1970/429/494
f 1966/446/494 1970/429/494 1967/426/494
f 1969/434/916 1971/430/916 1973/432/916
f 1969/434/916 1973/432/916 1970/426/916
f 1972/431/480 1976/424/480 1975/435/480
f 1972/431/480 1975/435/480 1973/432/480
f 1953/444/481 1966/446/481 1965/424/481
f 1953/444/481 1965/424/481 1954/760/481
f 1958/417/482 1969/428/482 1968/427/482
f 1958/417/482 1968/427/482 1956/445/482
f 1959/436/467 1972/431/467 1971/430/467
f 1959/436/467 1971/430/467 1960/436/467
f 1962/436/468 1974/431/468 1976/433/468
f 1962/436/468 1976/433/468 1963/437/468
f 1953/444/449 1956/445/449 1968/427/449
f 1953/444/449 1968/427/449 1966/446/449
f 1955/414/199 1964/423/199 1961/420/199
f 1955/414/199 1961/420/199 1957/416/199
f 1962/436/161 1954/760/161 1965/424/161
f 1962/436/161 1965/424/161 1974/431/161
f 1958/438/162 1960/436/162 1971/430/162
f 1958/438/162 1971/430/162 1969/434/162
f 1959/436/450 1963/438/450 1976/424/450
f 1959/436/450 1976/424/450 1972/431/450
f 1967/414/196 1970/439/196 1973/432/196
f 1967/414/196 1973/432/196 1975/435/196
usemtl mat_1
f 1977/159/921 1978/160/921 1979/161/921
f 1977/159/921 1979/161/921 1980/162/921
f 1978/163/449 1981/164/449 1982/165/449
f 1978/163/449 1982/165/449 1979/166/449
f 1981/160/922 1983/159/922 1984/162/922
f 1981/160/922 1984/162/922 1982/161/922
f 1983/159/521 1985/167/521 1986/168/521
f 1983/159/521 1986/168/521 1984/162/521
f 1985/164/450 1987/163/450 1988/166/450
f 1985/164/450 1988/166/450 1986/165/450
f 1987/167/522 1977/159/522 1980/162/522
f 1987/167/522 1980/162/522 1988/168/522
f 1977/169/199 1987/163/199 1985/164/199
f 1985/164/199 1983/170/199 1981/165/199
f 1981/165/199 1978/166/199 1977/169/199
f 1985/164/199 1981/165/199 1977/169/199
f 1988/163/196 1980/169/196 1979/166/196
f 1979/166/196 1982/165/196 1984/170/196
f 1984/170/196 1986/164/196 1988/163/196
f 1979/166/196 1984/170/196 1988/163/196
f 1989/159/921 1990/160/921 1991/161/921
f 1989/159/921 1991/161/921 1992/162/921
f 1990/163/449 1993/164/449 1994/165/449
f 1990/163/449 1994/165/449 1991/166/449
f 1993/160/922 1995/159/922 1996/162/922
f 1993/160/922 1996/162/922 1994/161/922
f 1995/159/521 1997/167/521 1998/168/521
f 1995/159/521 1998/168/521 1996/162/521
f 1997/164/450 1999/163/450 2000/166/450
f 1997/164/450 2000/166/450 1998/165/450
f 1999/167/522 1989/159/522 1992/162/522
f 1999/167/522 1992/162/522 2000/168/522
f 1989/169/199 1999/163/199 1997/164/199
f 1997/164/199 1995/170/199 1993/165/199
f 1993/165/199 1990/166/199 1989/169/199
f 1997/164/199 1993/165/199 1989/169/199
f 2000/163/196 1992/169/196 1991/166/196
f 1991/166/196 1994/165/196 1996/170/196
f 1996/170/196 1998/164/196 2000/163/196
f 1991/166/196 1996/170/196 2000/163/196
usemtl mat_4
f 2001/761/937 2002/762/937 2003/761/937
f 2004/763/938 2005/764/938 2006/765/938
f 2007/766/939 2008/767/939 2009/768/939
f 2010/769/940 2011/770/940 2012/771/940
f 2013/772/941 2014/773/941 2015/774/941
f 2016/775/942 2017/776/942 2018/766/942
f 2019/777/943 2020/778/943 2021/779/943
f 2022/780/944 2023/781/944 2024/776/944
f 2003/761/945 2005/764/945 2004/763/945
f 2003/761/945 2004/763/945 2001/761/945
f 2002/762/946 2010/769/946 2012/771/946
f 2002/762/946 2012/771/946 2003/761/946
f 2009/768/947 2012/771/947 2011/770/947
f 2009/768/947 2011/770/947 2007/766/947
f 2005/764/948 2009/768/948 2008/767/948
f 2005/764/948 2008/767/948 2006/765/948
f 2015/774/949 2023/781/949 2022/780/949
f 2015/774/949 2022/780/949 2013/772/949
f 2014/773/494 2016/775/494 2018/766/494
f 2014/773/494 2018/766/494 2015/774/494
f 2017/772/950 2019/777/950 2021/779/950
f 2017/772/950 2021/779/950 2018/782/950
f 2020/778/480 2024/783/480 2023/784/480
f 2020/778/480 2023/784/480 2021/779/480
f 2001/761/951 2014/773/951 2013/772/951
f 2001/761/951 2013/772/951 2002/762/951
f 2006/765/952 2017/776/952 2016/775/952
f 2006/765/952 2016/775/952 2004/763/952
f 2007/785/953 2020/778/953 2019/777/953
f 2007/785/953 2019/777/953 2008/786/953
f 2010/787/954 2022/780/954 2024/776/954
f 2010/787/954 2024/776/954 2011/788/954
f 2001/761/449 2004/763/449 2016/775/449
f 2001/761/449 2016/775/449 2014/773/449
f 2003/761/199 2012/771/199 2009/768/199
f 2003/761/199 2009/768/199 2005/764/199
f 2010/787/161 2002/762/161 2013/772/161
f 2010/787/161 2013/772/161 2022/780/161
f 2006/789/162 2008/786/162 2019/777/162
f 2006/789/162 2019/777/162 2017/772/162
f 2007/785/450 2011/790/450 2024/783/450
f 2007/785/450 2024/783/450 2020/778/450
f 2015/761/196 2018/791/196 2021/779/196
f 2015/761/196 2021/779/196 2023/784/196
usemtl mat_0
f 2025/34/955 2026/792/955 2027/793/955
f 2025/34/955 2027/793/955 2028/4/955
f 2026/792/956 2029/123/956 2030/124/956
f 2026/792/956 2030/124/956 2027/793/956
f 2029/794/957 2031/795/957 2032/796/957
f 2029/794/957 2032/796/957 2030/797/957
f 2031/795/958 2033/50/958 2034/18/958
f 2031/795/958 2034/18/958 2032/796/958
f 2033/50/959 2035/798/959 2036/799/959
f 2033/50/959 2036/799/959 2034/18/959
f 2035/798/960 2037/800/960 2038/801/960
f 2035/798/960 2038/801/960 2036/799/960
f 2037/123/961 2039/792/961 2040/793/961
f 2037/123/961 2040/793/961 2038/124/961
f 2039/792/962 2041/34/962 2042/4/962
f 2039/792/962 2042/4/962 2040/793/962
f 2041/34/963 2043/802/963 2044/803/963
f 2041/34/963 2044/803/963 2042/4/963
f 2043/802/964 2045/804/964 2046/805/964
f 2043/802/964 2046/805/964 2044/803/964
f 2045/800/965 2047/798/965 2048/799/965
f 2045/800/965 2048/799/965 2046/801/965
f 2047/798/966 2049/50/966 2050/18/966
f 2047/798/966 2050/18/966 2048/799/966
f 2049/50/967 2051/795/967 2052/796/967
f 2049/50/967 2052/796/967 2050/18/967
f 2051/795/968 2053/794/968 2054/797/968
f 2051/795/968 2054/797/968 2052/796/968
f 2053/804/969 2055/802/969 2056/803/969
f 2053/804/969 2056/803/969 2054/805/969
f 2055/802/970 2025/34/970 2028/4/970
f 2055/802/970 2028/4/970 2056/803/970
f 2028/34/450 2027/806/450 2057/807/450
f 2028/34/450 2057/807/450 2058/808/450
f 2027/806/450 2030/150/450 2059/809/450
f 2027/806/450 2059/809/450 2057/807/450
f 2030/150/450 2032/810/450 2060/811/450
f 2030/150/450 2060/811/450 2059/809/450
f 2032/810/450 2034/18/450 2061/812/450
f 2032/810/450 2061/812/450 2060/811/450
f 2034/18/450 2036/813/450 2062/814/450
f 2034/18/450 2062/814/450 2061/812/450
f 2036/813/450 2038/155/450 2063/815/450
f 2036/813/450 2063/815/450 2062/814/450
f 2038/155/450 2040/816/450 2064/817/450
f 2038/155/450 2064/817/450 2063/815/450
f 2040/816/450 2042/4/450 2065/818/450
f 2040/816/450 2065/818/450 2064/817/450
f 2042/4/450 2044/819/450 2066/820/450
f 2042/4/450 2066/820/450 2065/818/450
f 2044/819/450 2046/821/450 2067/822/450
f 2044/819/450 2067/822/450 2066/820/450
f 2046/821/450 2048/823/450 2068/824/450
f 2046/821/450 2068/824/450 2067/822/450
f 2048/823/450 2050/50/450 2069/825/450
f 2048/823/450 2069/825/450 2068/824/450
f 2050/50/450 2052/826/450 2070/827/450
f 2050/50/450 2070/827/450 2069/825/450
f 2052/826/450 2054/828/450 2071/829/450
f 2052/826/450 2071/829/450 2070/827/450
f 2054/828/450 2056/830/450 2072/831/450
f 2054/828/450 2072/831/450 2071/829/450
f 2056/830/450 2028/34/450 2058/808/450
f 2056/830/450 2058/808/450 2072/831/450
f 2058/4/971 2057/832/971 2073/833/971
f 2058/4/971 2073/833/971 2074/34/971
f 2057/832/972 2059/834/972 2075/835/972
f 2057/832/972 2075/835/972 2073/833/972
f 2059/836/973 2060/837/973 2076/838/973
f 2059/836/973 2076/838/973 2075/839/973
f 2060/837/974 2061/18/974 2077/50/974
f 2060/837/974 2077/50/974 2076/838/974
f 2061/18/975 2062/840/975 2078/841/975
f 2061/18/975 2078/841/975 2077/50/975
f 2062/840/976 2063/842/976 2079/843/976
f 2062/840/976 2079/843/976 2078/841/976
f 2063/834/977 2064/832/977 2080/833/977
f 2063/834/977 2080/833/977 2079/835/977
f 2064/832/978 2065/4/978 2081/34/978
f 2064/832/978 2081/34/978 2080/833/978
f 2065/4/979 2066/844/979 2082/845/979
f 2065/4/979 2082/845/979 2081/34/979
f 2066/844/980 2067/846/980 2083/847/980
f 2066/844/980 2083/847/980 2082/845/980
f 2067/842/981 2068/840/981 2084/841/981
f 2067/842/981 2084/841/981 2083/843/981
f 2068/840/982 2069/18/982 2085/50/982
f 2068/840/982 2085/50/982 2084/841/982
f 2069/18/983 2070/837/983 2086/838/983
f 2069/18/983 2086/838/983 2085/50/983
f 2070/837/984 2071/836/984 2087/839/984
f 2070/837/984 2087/839/984 2086/838/984
f 2071/846/985 2072/844/985 2088/845/985
f 2071/846/985 2088/845/985 2087/847/985
f 2072/844/986 2058/4/986 2074/34/986
f 2072/844/986 2074/34/986 2088/845/986
f 2074/808/449 2073/807/449 2026/806/449
f 2074/808/449 2026/806/449 2025/34/449
f 2073/807/449 2075/809/449 2029/150/449
f 2073/807/449 2029/150/449 2026/806/449
f 2075/809/449 2076/811/449 2031/810/449
f 2075/809/449 2031/810/449 2029/150/449
f 2076/811/449 2077/812/449 2033/18/449
f 2076/811/449 2033/18/449 2031/810/449
f 2077/812/449 2078/814/449 2035/813/449
f 2077/812/449 2035/813/449 2033/18/449
f 2078/814/449 2079/815/449 2037/155/449
f 2078/814/449 2037/155/449 2035/813/449
f 2079/815/449 2080/817/449 2039/816/449
f 2079/815/449 2039/816/449 2037/155/449
f 2080/817/449 2081/818/449 2041/4/449
f 2080/817/449 2041/4/449 2039/816/449
f 2081/818/449 2082/820/449 2043/819/449
f 2081/818/449 2043/819/449 2041/4/449
f 2082/820/449 2083/822/449 2045/821/449
f 2082/820/449 2045/821/449 2043/819/449
f 2083/822/449 2084/824/449 2047/823/449
f 2083/822/449 2047/823/449 2045/821/449
f 2084/824/449 2085/825/449 2049/50/449
f 2084/824/449 2049/50/449 2047/823/449
f 2085/825/449 2086/827/449 2051/826/449
f 2085/825/449 2051/826/449 2049/50/449
f 2086/827/449 2087/829/449 2053/828/449
f 2086/827/449 2053/828/449 2051/826/449
f 2087/829/449 2088/831/449 2055/830/449
f 2087/829/449 2055/830/449 2053/828/449
f 2088/831/449 2074/808/449 2025/34/449
f 2088/831/449 2025/34/449 2055/830/449
f 2089/34/955 2090/792/955 2091/793/955
f 2089/34/955 2091/793/955 2092/4/955
f 2090/792/956 2093/123/956 2094/124/956
f 2090/792/956 2094/124/956 2091/793/956
f 2093/794/957 2095/848/957 2096/849/957
f 2093/794/957 2096/849/957 2094/797/957
f 2095/848/958 2097/850/958 2098/851/958
f 2095/848/958 2098/851/958 2096/849/958
f 2097/850/959 2099/798/959 2100/799/959
f 2097/850/959 2100/799/959 2098/851/959
f 2099/798/960 2101/852/960 2102/853/960
f 2099/798/960 2102/853/960 2100/799/960
f 2101/123/961 2103/792/961 2104/793/961
f 2101/123/961 2104/793/961 2102/124/961
f 2103/792/987 2105/34/987 2106/4/987
f 2103/792/987 2106/4/987 2104/793/987
f 2105/34/988 2107/802/988 2108/803/988
f 2105/34/988 2108/803/988 2106/4/988
f 2107/802/964 2109/804/964 2110/805/964
f 2107/802/964 2110/805/964 2108/803/964
f 2109/852/965 2111/798/965 2112/799/965
f 2109/852/965 2112/799/965 2110/853/965
f 2111/798/966 2113/850/966 2114/851/966
f 2111/798/966 2114/851/966 2112/799/966
f 2113/850/967 2115/848/967 2116/849/967
f 2113/850/967 2116/849/967 2114/851/967
f 2115/848/968 2117/794/968 2118/797/968
f 2115/848/968 2118/797/968 2116/849/968
f 2117/804/969 2119/802/969 2120/803/969
f 2117/804/969 2120/803/969 2118/805/969
f 2119/802/970 2089/34/970 2092/4/970
f 2119/802/970 2092/4/970 2120/803/970
f 2092/34/450 2091/806/450 2121/807/450
f 2092/34/450 2121/807/450 2122/808/450
f 2091/806/450 2094/150/450 2123/854/450
f 2091/806/450 2123/854/450 2121/807/450
f 2094/150/450 2096/855/450 2124/856/450
f 2094/150/450 2124/856/450 2123/854/450
f 2096/855/450 2098/851/450 2125/857/450
f 2096/855/450 2125/857/450 2124/856/450
f 2098/851/450 2100/813/450 2126/814/450
f 2098/851/450 2126/814/450 2125/857/450
f 2100/813/450 2102/858/450 2127/859/450
f 2100/813/450 2127/859/450 2126/814/450
f 2102/858/450 2104/860/450 2128/861/450
f 2102/858/450 2128/861/450 2127/859/450
f 2104/860/450 2106/4/450 2129/862/450
f 2104/860/450 2129/862/450 2128/861/450
f 2106/4/450 2108/863/450 2130/864/450
f 2106/4/450 2130/864/450 2129/862/450
f 2108/863/450 2110/865/450 2131/866/450
f 2108/863/450 2131/866/450 2130/864/450
f 2110/865/450 2112/823/450 2132/824/450
f 2110/865/450 2132/824/450 2131/866/450
f 2112/823/450 2114/850/450 2133/867/450
f 2112/823/450 2133/867/450 2132/824/450
f 2114/850/450 2116/868/450 2134/869/450
f 2114/850/450 2134/869/450 2133/867/450
f 2116/868/450 2118/828/450 2135/870/450
f 2116/868/450 2135/870/450 2134/869/450
f 2118/828/450 2120/830/450 2136/831/450
f 2118/828/450 2136/831/450 2135/870/450
f 2120/830/450 2092/34/450 2122/808/450
f 2120/830/450 2122/808/450 2136/831/450
f 2122/4/971 2121/832/971 2137/833/971
f 2122/4/971 2137/833/971 2138/34/971
f 2121/832/972 2123/834/972 2139/835/972
f 2121/832/972 2139/835/972 2137/833/972
f 2123/871/973 2124/872/973 2140/873/973
f 2123/871/973 2140/873/973 2139/874/973
f 2124/872/974 2125/851/974 2141/850/974
f 2124/872/974 2141/850/974 2140/873/974
f 2125/851/975 2126/840/975 2142/841/975
f 2125/851/975 2142/841/975 2141/850/975
f 2126/840/976 2127/875/976 2143/876/976
f 2126/840/976 2143/876/976 2142/841/976
f 2127/834/977 2128/832/977 2144/833/977
f 2127/834/977 2144/833/977 2143/835/977
f 2128/832/978 2129/4/978 2145/34/978
f 2128/832/978 2145/34/978 2144/833/978
f 2129/4/979 2130/844/979 2146/845/979
f 2129/4/979 2146/845/979 2145/34/979
f 2130/844/980 2131/846/980 2147/847/980
f 2130/844/980 2147/847/980 2146/845/980
f 2131/875/981 2132/840/981 2148/841/981
f 2131/875/981 2148/841/981 2147/876/981
f 2132/840/982 2133/851/982 2149/850/982
f 2132/840/982 2149/850/982 2148/841/982
f 2133/851/983 2134/872/983 2150/873/983
f 2133/851/983 2150/873/983 2149/850/983
f 2134/872/984 2135/871/984 2151/874/984
f 2134/872/984 2151/874/984 2150/873/984
f 2135/846/985 2136/844/985 2152/845/985
f 2135/846/985 2152/845/985 2151/847/985
f 2136/844/986 2122/4/986 2138/34/986
f 2136/844/986 2138/34/986 2152/845/986
f 2138/808/449 2137/807/449 2090/806/449
f 2138/808/449 2090/806/449 2089/34/449
f 2137/807/449 2139/854/449 2093/150/449
f 2137/807/449 2093/150/449 2090/806/449
f 2139/854/449 2140/856/449 2095/855/449
f 2139/854/449 2095/855/449 2093/150/449
f 2140/856/449 2141/857/449 2097/851/449
f 2140/856/449 2097/851/449 2095/855/449
f 2141/857/449 2142/814/449 2099/813/449
f 2141/857/449 2099/813/449 2097/851/449
f 2142/814/449 2143/859/449 2101/858/449
f 2142/814/449 2101/858/449 2099/813/449
f 2143/859/449 2144/861/449 2103/860/449
f 2143/859/449 2103/860/449 2101/858/449
f 2144/861/449 2145/862/449 2105/4/449
f 2144/861/449 2105/4/449 2103/860/449
f 2145/862/449 2146/864/449 2107/863/449
f 2145/862/449 2107/863/449 2105/4/449
f 2146/864/449 2147/866/449 2109/865/449
f 2146/864/449 2109/865/449 2107/863/449
f 2147/866/449 2148/824/449 2111/823/449
f 2147/866/449 2111/823/449 2109/865/449
f 2148/824/449 2149/867/449 2113/850/449
f 2148/824/449 2113/850/449 2111/823/449
f 2149/867/449 2150/869/449 2115/868/449
f 2149/867/449 2115/868/449 2113/850/449
f 2150/869/449 2151/870/449 2117/828/449
f 2150/869/449 2117/828/449 2115/868/449
f 2151/870/449 2152/831/449 2119/830/449
f 2151/870/449 2119/830/449 2117/828/449
f 2152/831/449 2138/808/449 2089/34/449
f 2152/831/449 2089/34/449 2119/830/449
usemtl mat_5
f 2153/877/989 2154/878/989 2155/879/989
f 2153/877/989 2155/879/989 2156/880/989
f 2154/878/990 2157/881/990 2158/882/990
f 2154/878/990 2158/882/990 2155/879/990
f 2157/881/991 2159/883/991 2160/884/991
f 2157/881/991 2160/884/991 2158/882/991
f 2159/885/992 2161/881/992 2162/882/992
f 2159/885/992 2162/882/992 2160/886/992
f 2161/881/993 2163/887/993 2164/888/993
f 2161/881/993 2164/888/993 2162/882/993
f 2163/887/994 2165/877/994 2166/880/994
f 2163/887/994 2166/880/994 2164/888/994
f 2165/877/995 2167/889/995 2168/890/995
f 2165/877/995 2168/890/995 2166/880/995
f 2167/889/996 2169/891/996 2170/892/996
f 2167/889/996 2170/892/996 2168/890/996
f 2169/891/997 2171/893/997 2172/894/997
f 2169/891/997 2172/894/997 2170/892/997
f 2171/883/998 2173/881/998 2174/882/998
f 2171/883/998 2174/882/998 2172/884/998
f 2173/881/999 2175/878/999 2176/879/999
f 2173/881/999 2176/879/999 2174/882/999
f 2175/878/1000 2177/877/1000 2178/880/1000
f 2175/878/1000 2178/880/1000 2176/879/1000
f 2177/877/1001 2179/895/1001 2180/896/1001
f 2177/877/1001 2180/896/1001 2178/880/1001
f 2179/895/1002 2181/891/1002 2182/892/1002
f 2179/895/1002 2182/892/1002 2180/896/1002
f 2181/891/1003 2183/897/1003 2184/898/1003
f 2181/891/1003 2184/898/1003 2182/892/1003
f 2183/893/1004 2185/891/1004 2186/892/1004
f 2183/893/1004 2186/892/1004 2184/894/1004
f 2185/891/1005 2187/889/1005 2188/890/1005
f 2185/891/1005 2188/890/1005 2186/892/1005
f 2187/889/1006 2189/877/1006 2190/880/1006
f 2187/889/1006 2190/880/1006 2188/890/1006
f 2189/877/1007 2191/887/1007 2192/888/1007
f 2189/877/1007 2192/888/1007 2190/880/1007
f 2191/887/1008 2193/881/1008 2194/882/1008
f 2191/887/1008 2194/882/1008 2192/888/1008
f 2193/881/1009 2195/885/1009 2196/886/1009
f 2193/881/1009 2196/886/1009 2194/882/1009
f 2195/897/1010 2197/891/1010 2198/892/1010
f 2195/897/1010 2198/892/1010 2196/898/1010
f 2197/891/1011 2199/895/1011 2200/896/1011
f 2197/891/1011 2200/896/1011 2198/892/1011
f 2199/895/1012 2153/877/1012 2156/880/1012
f 2199/895/1012 2156/880/1012 2200/896/1012
f 2153/880/161 2199/899/161 2197/900/161
f 2197/900/161 2195/901/161 2193/902/161
f 2193/902/161 2191/903/161 2189/904/161
f 2189/904/161 2187/905/161 2185/906/161
f 2185/906/161 2183/907/161 2181/908/161
f 2181/908/161 2179/909/161 2177/877/161
f 2177/877/161 2175/910/161 2173/911/161
f 2173/911/161 2171/912/161 2169/913/161
f 2169/913/161 2167/914/161 2165/915/161
f 2165/915/161 2163/916/161 2161/917/161
f 2161/917/161 2159/918/161 2157/919/161
f 2157/919/161 2154/920/161 2153/880/161
f 2153/880/161 2197/900/161 2193/902/161
f 2193/902/161 2189/904/161 2185/906/161
f 2185/906/161 2181/908/161 2177/877/161
f 2177/877/161 2173/911/161 2169/913/161
f 2169/913/161 2165/915/161 2161/917/161
f 2161/917/161 2157/919/161 2153/880/161
f 2153/880/161 2193/902/161 2185/906/161
f 2185/906/161 2177/877/161 2169/913/161
f 2169/913/161 2161/917/161 2153/880/161
f 2185/906/161 2169/913/161 2153/880/161
f 2200/899/162 2156/880/162 2155/920/162
f 2155/920/162 2158/919/162 2160/918/162
f 2160/918/162 2162/917/162 2164/916/162
f 2164/916/162 2166/915/162 2168/914/162
f 2168/914/162 2170/913/162 2172/912/162
f 2172/912/162 2174/911/162 2176/910/162
f 2176/910/162 2178/877/162 2180/909/162
f 2180/909/162 2182/908/162 2184/907/162
f 2184/907/162 2186/906/162 2188/905/162
f 2188/905/162 2190/904/162 2192/903/162
f 2192/903/162 2194/902/162 2196/901/162
f 2196/901/162 2198/900/162 2200/899/162
f 2200/899/162 2155/920/162 2160/918/162
f 2160/918/162 2164/916/162 2168/914/162
f 2168/914/162 2172/912/162 2176/910/162
f 2176/910/162 2180/909/162 2184/907/162
f 2184/907/162 2188/905/162 2192/903/162
f 2192/903/162 2196/901/162 2200/899/162
f 2200/899/162 2160/918/162 2168/914/162
f 2168/914/162 2176/910/162 2184/907/162
f 2184/907/162 2192/903/162 2200/899/162
f 2168/914/162 2184/907/162 2200/899/162
f 2201/877/1013 2202/921/1013 2203/922/1013
f 2201/877/1013 2203/922/1013 2204/880/1013
f 2202/921/1014 2205/881/1014 2206/882/1014
f 2202/921/1014 2206/882/1014 2203/922/1014
f 2205/881/1015 2207/923/1015 2208/924/1015
f 2205/881/1015 2208/924/1015 2206/882/1015
f 2207/885/1016 2209/881/1016 2210/882/1016
f 2207/885/1016 2210/882/1016 2208/886/1016
f 2209/881/1017 2211/887/1017 2212/888/1017
f 2209/881/1017 2212/888/1017 2210/882/1017
f 2211/887/1018 2213/877/1018 2214/880/1018
f 2211/887/1018 2214/880/1018 2212/888/1018
f 2213/877/1019 2215/925/1019 2216/926/1019
f 2213/877/1019 2216/926/1019 2214/880/1019
f 2215/925/1020 2217/891/1020 2218/892/1020
f 2215/925/1020 2218/892/1020 2216/926/1020
f 2217/891/1021 2219/927/1021 2220/928/1021
f 2217/891/1021 2220/928/1021 2218/892/1021
f 2219/923/1022 2221/881/1022 2222/882/1022
f 2219/923/1022 2222/882/1022 2220/924/1022
f 2221/881/1023 2223/921/1023 2224/922/1023
f 2221/881/1023 2224/922/1023 2222/882/1023
f 2223/921/1024 2225/877/1024 2226/880/1024
f 2223/921/1024 2226/880/1024 2224/922/1024
f 2225/877/1025 2227/929/1025 2228/930/1025
f 2225/877/1025 2228/930/1025 2226/880/1025
f 2227/929/1026 2229/891/1026 2230/892/1026
f 2227/929/1026 2230/892/1026 2228/930/1026
f 2229/891/1027 2231/931/1027 2232/932/1027
f 2229/891/1027 2232/932/1027 2230/892/1027
f 2231/927/1028 2233/891/1028 2234/892/1028
f 2231/927/1028 2234/892/1028 2232/928/1028
f 2233/891/1029 2235/925/1029 2236/926/1029
f 2233/891/1029 2236/926/1029 2234/892/1029
f 2235/925/1030 2237/877/1030 2238/880/1030
f 2235/925/1030 2238/880/1030 2236/926/1030
f 2237/877/1031 2239/887/1031 2240/888/1031
f 2237/877/1031 2240/888/1031 2238/880/1031
f 2239/887/1032 2241/881/1032 2242/882/1032
f 2239/887/1032 2242/882/1032 2240/888/1032
f 2241/881/1033 2243/885/1033 2244/886/1033
f 2241/881/1033 2244/886/1033 2242/882/1033
f 2243/931/1034 2245/891/1034 2246/892/1034
f 2243/931/1034 2246/892/1034 2244/932/1034
f 2245/891/1035 2247/929/1035 2248/930/1035
f 2245/891/1035 2248/930/1035 2246/892/1035
f 2247/929/1036 2201/877/1036 2204/880/1036
f 2247/929/1036 2204/880/1036 2248/930/1036
f 2201/880/161 2247/933/161 2245/900/161
f 2245/900/161 2243/934/161 2241/935/161
f 2241/935/161 2239/936/161 2237/904/161
f 2237/904/161 2235/937/161 2233/938/161
f 2233/938/161 2231/939/161 2229/908/161
f 2229/908/161 2227/940/161 2225/877/161
f 2225/877/161 2223/941/161 2221/911/161
f 2221/911/161 2219/942/161 2217/943/161
f 2217/943/161 2215/944/161 2213/915/161
f 2213/915/161 2211/945/161 2209/946/161
f 2209/946/161 2207/947/161 2205/919/161
f 2205/919/161 2202/948/161 2201/880/161
f 2201/880/161 2245/900/161 2241/935/161
f 2241/935/161 2237/904/161 2233/938/161
f 2233/938/161 2229/908/161 2225/877/161
f 2225/877/161 2221/911/161 2217/943/161
f 2217/943/161 2213/915/161 2209/946/161
f 2209/946/161 2205/919/161 2201/880/161
f 2201/880/161 2241/935/161 2233/938/161
f 2233/938/161 2225/877/161 2217/943/161
f 2217/943/161 2209/946/161 2201/880/161
f 2233/938/161 2217/943/161 2201/880/161
f 2248/933/162 2204/880/162 2203/948/162
f 2203/948/162 2206/919/162 2208/947/162
f 2208/947/162 2210/946/162 2212/945/162
f 2212/945/162 2214/915/162 2216/944/162
f 2216/944/162 2218/943/162 2220/942/162
f 2220/942/162 2222/911/162 2224/941/162
f 2224/941/162 2226/877/162 2228/940/162
f 2228/940/162 2230/908/162 2232/939/162
f 2232/939/162 2234/938/162 2236/937/162
f 2236/937/162 2238/904/162 2240/936/162
f 2240/936/162 2242/935/162 2244/934/162
f 2244/934/162 2246/900/162 2248/933/162
f 2248/933/162 2203/948/162 2208/947/162
f 2208/947/162 2212/945/162 2216/944/162
f 2216/944/162 2220/942/162 2224/941/162
f 2224/941/162 2228/940/162 2232/939/162
f 2232/939/162 2236/937/162 2240/936/162
f 2240/936/162 2244/934/162 2248/933/162
f 2248/933/162 2208/947/162 2216/944/162
f 2216/944/162 2224/941/162 2232/939/162
f 2232/939/162 2240/936/162 2248/933/162
f 2216/944/162 2232/939/162 2248/933/162
f 2249/949/1037 2250/950/1037 2251/951/1037
f 2249/949/1037 2251/951/1037 2252/952/1037
f 2250/950/1038 2253/885/1038 2254/886/1038
f 2250/950/1038 2254/886/1038 2251/951/1038
f 2253/885/1039 2255/950/1039 2256/951/1039
f 2253/885/1039 2256/951/1039 2254/886/1039
f 2255/950/1040 2257/877/1040 2258/880/1040
f 2255/950/1040 2258/880/1040 2256/951/1040
f 2257/877/1041 2259/953/1041 2260/954/1041
f 2257/877/1041 2260/954/1041 2258/880/1041
f 2259/953/1042 2261/927/1042 2262/928/1042
f 2259/953/1042 2262/928/1042 2260/954/1042
f 2261/885/1043 2263/950/1043 2264/951/1043
f 2261/885/1043 2264/951/1043 2262/886/1043
f 2263/950/1044 2265/949/1044 2266/952/1044
f 2263/950/1044 2266/952/1044 2264/951/1044
f 2265/949/1045 2267/953/1045 2268/954/1045
f 2265/949/1045 2268/954/1045 2266/952/1045
f 2267/953/1046 2269/955/1046 2270/956/1046
f 2267/953/1046 2270/956/1046 2268/954/1046
f 2269/927/1047 2271/953/1047 2272/954/1047
f 2269/927/1047 2272/954/1047 2270/928/1047
f 2271/953/1048 2273/877/1048 2274/880/1048
f 2271/953/1048 2274/880/1048 2272/954/1048
f 2273/877/1049 2275/950/1049 2276/951/1049
f 2273/877/1049 2276/951/1049 2274/880/1049
f 2275/950/1050 2277/885/1050 2278/886/1050
f 2275/950/1050 2278/886/1050 2276/951/1050
f 2277/955/1051 2279/953/1051 2280/954/1051
f 2277/955/1051 2280/954/1051 2278/956/1051
f 2279/953/1052 2249/949/1052 2252/952/1052
f 2279/953/1052 2252/952/1052 2280/954/1052
f 2249/952/161 2279/957/161 2277/958/161
f 2277/958/161 2275/959/161 2273/904/161
f 2273/904/161 2271/960/161 2269/961/161
f 2269/961/161 2267/962/161 2265/949/161
f 2265/949/161 2263/963/161 2261/964/161
f 2261/964/161 2259/965/161 2257/915/161
f 2257/915/161 2255/966/161 2253/967/161
f 2253/967/161 2250/968/161 2249/952/161
f 2249/952/161 2277/958/161 2273/904/161
f 2273/904/161 2269/961/161 2265/949/161
f 2265/949/161 2261/964/161 2257/915/161
f 2257/915/161 2253/967/161 2249/952/161
f 2249/952/161 2273/904/161 2265/949/161
f 2265/949/161 2257/915/161 2249/952/161
f 2280/957/162 2252/952/162 2251/968/162
f 2251/968/162 2254/967/162 2256/966/162
f 2256/966/162 2258/915/162 2260/965/162
f 2260/965/162 2262/964/162 2264/963/162
f 2264/963/162 2266/949/162 2268/962/162
f 2268/962/162 2270/961/162 2272/960/162
f 2272/960/162 2274/904/162 2276/959/162
f 2276/959/162 2278/958/162 2280/957/162
f 2280/957/162 2251/968/162 2256/966/162
f 2256/966/162 2260/965/162 2264/963/162
f 2264/963/162 2268/962/162 2272/960/162
f 2272/960/162 2276/959/162 2280/957/162
f 2280/957/162 2256/966/162 2264/963/162
f 2264/963/162 2272/960/162 2280/957/162
usemtl mat_1
f 2281/159/1053 2282/160/1053 2283/161/1053
f 2281/159/1053 2283/161/1053 2284/162/1053
f 2282/163/196 2285/164/196 2286/165/196
f 2282/163/196 2286/165/196 2283/166/196
f 2285/160/1054 2287/159/1054 2288/162/1054
f 2285/160/1054 2288/162/1054 2286/161/1054
f 2287/159/1055 2289/167/1055 2290/168/1055
f 2287/159/1055 2290/168/1055 2288/162/1055
f 2289/164/199 2291/163/199 2292/166/199
f 2289/164/199 2292/166/199 2290/165/199
f 2291/167/1056 2281/159/1056 2284/162/1056
f 2291/167/1056 2284/162/1056 2292/168/1056
f 2281/169/162 2291/163/162 2289/164/162
f 2289/164/162 2287/170/162 2285/165/162
f 2285/165/162 2282/166/162 2281/169/162
f 2289/164/162 2285/165/162 2281/169/162
f 2292/163/161 2284/169/161 2283/166/161
f 2283/166/161 2286/165/161 2288/170/161
f 2288/170/161 2290/164/161 2292/163/161
f 2283/166/161 2288/170/161 2292/163/161
f 2293/159/1053 2294/160/1053 2295/161/1053
f 2293/159/1053 2295/161/1053 2296/162/1053
f 2294/163/196 2297/164/196 2298/165/196
f 2294/163/196 2298/165/196 2295/166/196
f 2297/160/1054 2299/159/1054 2300/162/1054
f 2297/160/1054 2300/162/1054 2298/161/1054
f 2299/159/1055 2301/167/1055 2302/168/1055
f 2299/159/1055 2302/168/1055 2300/162/1055
f 2301/164/199 2303/163/199 2304/166/199
f 2301/164/199 2304/166/199 2302/165/199
f 2303/167/1056 2293/159/1056 2296/162/1056
f 2303/167/1056 2296/162/1056 2304/168/1056
f 2293/169/162 2303/163/162 2301/164/162
f 2301/164/162 2299/170/162 2297/165/162
f 2297/165/162 2294/166/162 2293/169/162
f 2301/164/162 2297/165/162 2293/169/162
f 2304/163/161 2296/169/161 2295/166/161
f 2295/166/161 2298/165/161 2300/170/161
f 2300/170/161 2302/164/161 2304/163/161
f 2295/166/161 2300/170/161 2304/163/161
f 2305/159/1053 2306/160/1053 2307/161/1053
f 2305/159/1053 2307/161/1053 2308/162/1053
f 2306/163/196 2309/164/196 2310/165/196
f 2306/163/196 2310/165/196 2307/166/196
f 2309/160/1054 2311/159/1054 2312/162/1054
f 2309/160/1054 2312/162/1054 2310/161/1054
f 2311/159/1055 2313/167/1055 2314/168/1055
f 2311/159/1055 2314/168/1055 2312/162/1055
f 2313/164/199 2315/163/199 2316/166/199
f 2313/164/199 2316/166/199 2314/165/199
f 2315/167/1056 2305/159/1056 2308/162/1056
f 2315/167/1056 2308/162/1056 2316/168/1056
f 2305/169/162 2315/163/162 2313/164/162
f 2313/164/162 2311/170/162 2309/165/162
f 2309/165/162 2306/166/162 2305/169/162
f 2313/164/162 2309/165/162 2305/169/162
f 2316/163/161 2308/169/161 2307/166/161
f 2307/166/161 2310/165/161 2312/170/161
f 2312/170/161 2314/164/161 2316/163/161
f 2307/166/161 2312/170/161 2316/163/161
f 2317/159/1053 2318/160/1053 2319/161/1053
f 2317/159/1053 2319/161/1053 2320/162/1053
f 2318/163/196 2321/164/196 2322/165/196
f 2318/163/196 2322/165/196 2319/166/196
f 2321/160/1054 2323/159/1054 2324/162/1054
f 2321/160/1054 2324/162/1054 2322/161/1054
f 2323/159/1055 2325/167/1055 2326/168/1055
f 2323/159/1055 2326/168/1055 2324/162/1055
f 2325/164/199 2327/163/199 2328/166/199
f 2325/164/199 2328/166/199 2326/165/199
f 2327/167/1056 2317/159/1056 2320/162/1056
f 2327/167/1056 2320/162/1056 2328/168/1056
f 2317/169/162 2327/163/162 2325/164/162
f 2325/164/162 2323/170/162 2321/165/162
f 2321/165/162 2318/166/162 2317/169/162
f 2325/164/162 2321/165/162 2317/169/162
f 2328/163/161 2320/169/161 2319/166/161
f 2319/166/161 2322/165/161 2324/170/161
f 2324/170/161 2326/164/161 2328/163/161
f 2319/166/161 2324/170/161 2328/163/161
f 2329/159/1053 2330/160/1053 2331/161/1053
f 2329/159/1053 2331/161/1053 2332/162/1053
f 2330/163/196 2333/164/196 2334/165/196
f 2330/163/196 2334/165/196 2331/166/196
f 2333/160/1054 2335/159/1054 2336/162/1054
f 2333/160/1054 2336/162/1054 2334/161/1054
f 2335/159/1055 2337/167/1055 2338/168/1055
f 2335/159/1055 2338/168/1055 2336/162/1055
f 2337/164/199 2339/163/199 2340/166/199
f 2337/164/199 2340/166/199 2338/165/199
f 2339/167/1056 2329/159/1056 2332/162/1056
f 2339/167/1056 2332/162/1056 2340/168/1056
f 2329/169/162 2339/163/162 2337/164/162
f 2337/164/162 2335/170/162 2333/165/162
f 2333/165/162 2330/166/162 2329/169/162
f 2337/164/162 2333/165/162 2329/169/162
f 2340/163/161 2332/169/161 2331/166/161
f 2331/166/161 2334/165/161 2336/170/161
f 2336/170/161 2338/164/161 2340/163/161
f 2331/166/161 2336/170/161 2340/163/161
f 2341/159/1053 2342/160/1053 2343/161/1053
f 2341/159/1053 2343/161/1053 2344/162/1053
f 2342/163/196 2345/164/196 2346/165/196
f 2342/163/196 2346/165/196 2343/166/196
f 2345/160/1054 2347/159/1054 2348/162/1054
f 2345/160/1054 2348/162/1054 2346/161/1054
f 2347/159/1055 2349/167/1055 2350/168/1055
f 2347/159/1055 2350/168/1055 2348/162/1055
f 2349/164/199 2351/163/199 2352/166/199
f 2349/164/199 2352/166/199 2350/165/199
f 2351/167/1056 2341/159/1056 2344/162/1056
f 2351/167/1056 2344/162/1056 2352/168/1056
f 2341/169/162 2351/163/162 2349/164/162
f 2349/164/162 2347/170/162 2345/165/162
f 2345/165/162 2342/166/162 2341/169/162
f 2349/164/162 2345/165/162 2341/169/162
f 2352/163/161 2344/169/161 2343/166/161
f 2343/166/161 2346/165/161 2348/170/161
f 2348/170/161 2350/164/161 2352/163/161
f 2343/166/161 2348/170/161 2352/163/161
usemtl mat_5
f 2353/949/1037 2354/950/1037 2355/951/1037
f 2353/949/1037 2355/951/1037 2356/952/1037
f 2354/950/1038 2357/885/1038 2358/886/1038
f 2354/950/1038 2358/886/1038 2355/951/1038
f 2357/885/1039 2359/950/1039 2360/951/1039
f 2357/885/1039 2360/951/1039 2358/886/1039
f 2359/950/1040 2361/877/1040 2362/880/1040
f 2359/950/1040 2362/880/1040 2360/951/1040
f 2361/877/1041 2363/953/1041 2364/954/1041
f 2361/877/1041 2364/954/1041 2362/880/1041
f 2363/953/1042 2365/927/1042 2366/928/1042
f 2363/953/1042 2366/928/1042 2364/954/1042
f 2365/885/1043 2367/950/1043 2368/951/1043
f 2365/885/1043 2368/951/1043 2366/886/1043
f 2367/950/1044 2369/949/1044 2370/952/1044
f 2367/950/1044 2370/952/1044 2368/951/1044
f 2369/949/1045 2371/953/1045 2372/954/1045
f 2369/949/1045 2372/954/1045 2370/952/1045
f 2371/953/1046 2373/955/1046 2374/956/1046
f 2371/953/1046 2374/956/1046 2372/954/1046
f 2373/927/1047 2375/953/1047 2376/954/1047
f 2373/927/1047 2376/954/1047 2374/928/1047
f 2375/953/1048 2377/877/1048 2378/880/1048
f 2375/953/1048 2378/880/1048 2376/954/1048
f 2377/877/1049 2379/950/1049 2380/951/1049
f 2377/877/1049 2380/951/1049 2378/880/1049
f 2379/950/1050 2381/885/1050 2382/886/1050
f 2379/950/1050 2382/886/1050 2380/951/1050
f 2381/955/1051 2383/953/1051 2384/954/1051
f 2381/955/1051 2384/954/1051 2382/956/1051
f 2383/953/1052 2353/949/1052 2356/952/1052
f 2383/953/1052 2356/952/1052 2384/954/1052
f 2353/952/161 2383/957/161 2381/958/161
f 2381/958/161 2379/959/161 2377/904/161
f 2377/904/161 2375/960/161 2373/961/161
f 2373/961/161 2371/962/161 2369/949/161
f 2369/949/161 2367/963/161 2365/964/161
f 2365/964/161 2363/965/161 2361/915/161
f 2361/915/161 2359/966/161 2357/967/161
f 2357/967/161 2354/968/161 2353/952/161
f 2353/952/161 2381/958/161 2377/904/161
f 2377/904/161 2373/961/161 2369/949/161
f 2369/949/161 2365/964/161 2361/915/161
f 2361/915/161 2357/967/161 2353/952/161
f 2353/952/161 2377/904/161 2369/949/161
f 2369/949/161 2361/915/161 2353/952/161
f 2384/957/162 2356/952/162 2355/968/162
f 2355/968/162 2358/967/162 2360/966/162
f 2360/966/162 2362/915/162 2364/965/162
f 2364/965/162 2366/964/162 2368/963/162
f 2368/963/162 2370/949/162 2372/962/162
f 2372/962/162 2374/961/162 2376/960/162
f 2376/960/162 2378/904/162 2380/959/162
f 2380/959/162 2382/958/162 2384/957/162
f 2384/957/162 2355/968/162 2360/966/162
f 2360/966/162 2364/965/162 2368/963/162
f 2368/963/162 2372/962/162 2376/960/162
f 2376/960/162 2380/959/162 2384/957/162
f 2384/957/162 2360/966/162 2368/963/162
f 2368/963/162 2376/960/162 2384/957/162
usemtl mat_1
f 2385/159/1053 2386/160/1053 2387/161/1053
f 2385/159/1053 2387/161/1053 2388/162/1053
f 2386/163/196 2389/164/196 2390/165/196
f 2386/163/196 2390/165/196 2387/166/196
f 2389/160/1054 2391/159/1054 2392/162/1054
f 2389/160/1054 2392/162/1054 2390/161/1054
f 2391/159/1055 2393/167/1055 2394/168/1055
f 2391/159/1055 2394/168/1055 2392/162/1055
f 2393/164/199 2395/163/199 2396/166/199
f 2393/164/199 2396/166/199 2394/165/199
f 2395/167/1056 2385/159/1056 2388/162/1056
f 2395/167/1056 2388/162/1056 2396/168/1056
f 2385/169/162 2395/163/162 2393/164/162
f 2393/164/162 2391/170/162 2389/165/162
f 2389/165/162 2386/166/162 2385/169/162
f 2393/164/162 2389/165/162 2385/169/162
f 2396/163/161 2388/169/161 2387/166/161
f 2387/166/161 2390/165/161 2392/170/161
f 2392/170/161 2394/164/161 2396/163/161
f 2387/166/161 2392/170/161 2396/163/161
f 2397/159/1053 2398/160/1053 2399/161/1053
f 2397/159/1053 2399/161/1053 2400/162/1053
f 2398/163/196 2401/164/196 2402/165/196
f 2398/163/196 2402/165/196 2399/166/196
f 2401/160/1054 2403/159/1054 2404/162/1054
f 2401/160/1054 2404/162/1054 2402/161/1054
f 2403/159/1055 2405/167/1055 2406/168/1055
f 2403/159/1055 2406/168/1055 2404/162/1055
f 2405/164/199 2407/163/199 2408/166/199
f 2405/164/199 2408/166/199 2406/165/199
f 2407/167/1056 2397/159/1056 2400/162/1056
f 2407/167/1056 2400/162/1056 2408/168/1056
f 2397/169/162 2407/163/162 2405/164/162
f 2405/164/162 2403/170/162 2401/165/162
f 2401/165/162 2398/166/162 2397/169/162
f 2405/164/162 2401/165/162 2397/169/162
f 2408/163/161 2400/169/161 2399/166/161
f 2399/166/161 2402/165/161 2404/170/161
f 2404/170/161 2406/164/161 2408/163/161
f 2399/166/161 2404/170/161 2408/163/161
f 2409/159/1053 2410/160/1053 2411/161/1053
f 2409/159/1053 2411/161/1053 2412/162/1053
f 2410/163/196 2413/164/196 2414/165/196
f 2410/163/196 2414/165/196 2411/166/196
f 2413/160/1054 2415/159/1054 2416/162/1054
f 2413/160/1054 2416/162/1054 2414/161/1054
f 2415/159/1055 2417/167/1055 2418/168/1055
f 2415/159/1055 2418/168/1055 2416/162/1055
f 2417/164/199 2419/163/199 2420/166/199
f 2417/164/199 2420/166/199 2418/165/199
f 2419/167/1056 2409/159/1056 2412/162/1056
f 2419/167/1056 2412/162/1056 2420/168/1056
f 2409/169/162 2419/163/162 2417/164/162
f 2417/164/162 2415/170/162 2413/165/162
f 2413/165/162 2410/166/162 2409/169/162
f 2417/164/162 2413/165/162 2409/169/162
f 2420/163/161 2412/169/161 2411/166/161
f 2411/166/161 2414/165/161 2416/170/161
f 2416/170/161 2418/164/161 2420/163/161
f 2411/166/161 2416/170/161 2420/163/161
f 2421/159/1053 2422/160/1053 2423/161/1053
f 2421/159/1053 2423/161/1053 2424/162/1053
f 2422/163/196 2425/164/196 2426/165/196
f 2422/163/196 2426/165/196 2423/166/196
f 2425/160/1054 2427/159/1054 2428/162/1054
f 2425/160/1054 2428/162/1054 2426/161/1054
f 2427/159/1055 2429/167/1055 2430/168/1055
f 2427/159/1055 2430/168/1055 2428/162/1055
f 2429/164/199 2431/163/199 2432/166/199
f 2429/164/199 2432/166/199 2430/165/199
f 2431/167/1056 2421/159/1056 2424/162/1056
f 2431/167/1056 2424/162/1056 2432/168/1056
f 2421/169/162 2431/163/162 2429/164/162
f 2429/164/162 2427/170/162 2425/165/162
f 2425/165/162 2422/166/162 2421/169/162
f 2429/164/162 2425/165/162 2421/169/162
f 2432/163/161 2424/169/161 2423/166/161
f 2423/166/161 2426/165/161 2428/170/161
f 2428/170/161 2430/164/161 2432/163/161
f 2423/166/161 2428/170/161 2432/163/161
f 2433/159/1053 2434/160/1053 2435/161/1053
f 2433/159/1053 2435/161/1053 2436/162/1053
f 2434/163/196 2437/164/196 2438/165/196
f 2434/163/196 2438/165/196 2435/166/196
f 2437/160/1054 2439/159/1054 2440/162/1054
f 2437/160/1054 2440/162/1054 2438/161/1054
f 2439/159/1055 2441/167/1055 2442/168/1055
f 2439/159/1055 2442/168/1055 2440/162/1055
f 2441/164/199 2443/163/199 2444/166/199
f 2441/164/199 2444/166/199 2442/165/199
f 2443/167/1056 2433/159/1056 2436/162/1056
f 2443/167/1056 2436/162/1056 2444/168/1056
f 2433/169/162 2443/163/162 2441/164/162
f 2441/164/162 2439/170/162 2437/165/162
f 2437/165/162 2434/166/162 2433/169/162
f 2441/164/162 2437/165/162 2433/169/162
f 2444/163/161 2436/169/161 2435/166/161
f 2435/166/161 2438/165/161 2440/170/161
f 2440/170/161 2442/164/161 2444/163/161
f 2435/166/161 2440/170/161 2444/163/161
f 2445/159/1053 2446/160/1053 2447/161/1053
f 2445/159/1053 2447/161/1053 2448/162/1053
f 2446/163/196 2449/164/196 2450/165/196
f 2446/163/196 2450/165/196 2447/166/196
f 2449/160/1054 2451/159/1054 2452/162/1054
f 2449/160/1054 2452/162/1054 2450/161/1054
f 2451/159/1055 2453/167/1055 2454/168/1055
f 2451/159/1055 2454/168/1055 2452/162/1055
f 2453/164/199 2455/163/199 2456/166/199
f 2453/164/199 2456/166/199 2454/165/199
f 2455/167/1056 2445/159/1056 2448/162/1056
f 2455/167/1056 2448/162/1056 2456/168/1056
f 2445/169/162 2455/163/162 2453/164/162
f 2453/164/162 2451/170/162 2449/165/162
f 2449/165/162 2446/166/162 2445/169/162
f 2453/164/162 2449/165/162 2445/169/162
f 2456/163/161 2448/169/161 2447/166/161
f 2447/166/161 2450/165/161 2452/170/161
f 2452/170/161 2454/164/161 2456/163/161
f 2447/166/161 2452/170/161 2456/163/161
usemtl mat_6
f 2457/969/1057 2458/970/1057 2459/971/1057
f 2457/969/1057 2459/971/1057 2460/972/1057
f 2458/970/1058 2461/973/1058 2462/974/1058
f 2458/970/1058 2462/974/1058 2459/971/1058
f 2461/975/1059 2463/970/1059 2464/971/1059
f 2461/975/1059 2464/971/1059 2462/976/1059
f 2463/970/1060 2465/977/1060 2466/978/1060
f 2463/970/1060 2466/978/1060 2464/971/1060
f 2465/977/1061 2467/979/1061 2468/980/1061
f 2465/977/1061 2468/980/1061 2466/978/1061
f 2467/979/1062 2469/981/1062 2470/982/1062
f 2467/979/1062 2470/982/1062 2468/980/1062
f 2469/973/1063 2471/970/1063 2472/971/1063
f 2469/973/1063 2472/971/1063 2470/974/1063
f 2471/970/1064 2473/969/1064 2474/972/1064
f 2471/970/1064 2474/972/1064 2472/971/1064
f 2473/969/1065 2475/979/1065 2476/980/1065
f 2473/969/1065 2476/980/1065 2474/972/1065
f 2475/979/1066 2477/981/1066 2478/982/1066
f 2475/979/1066 2478/982/1066 2476/980/1066
f 2477/981/1067 2479/979/1067 2480/980/1067
f 2477/981/1067 2480/980/1067 2478/982/1067
f 2479/979/1068 2481/977/1068 2482/978/1068
f 2479/979/1068 2482/978/1068 2480/980/1068
f 2481/977/1069 2483/970/1069 2484/971/1069
f 2481/977/1069 2484/971/1069 2482/978/1069
f 2483/970/1070 2485/975/1070 2486/976/1070
f 2483/970/1070 2486/976/1070 2484/971/1070
f 2485/981/1071 2487/979/1071 2488/980/1071
f 2485/981/1071 2488/980/1071 2486/982/1071
f 2487/979/1072 2457/969/1072 2460/972/1072
f 2487/979/1072 2460/972/1072 2488/980/1072
f 2457/972/161 2487/983/161 2485/984/161
f 2485/984/161 2483/985/161 2481/986/161
f 2481/986/161 2479/987/161 2477/988/161
f 2477/988/161 2475/989/161 2473/969/161
f 2473/969/161 2471/990/161 2469/991/161
f 2469/991/161 2467/992/161 2465/993/161
f 2465/993/161 2463/994/161 2461/995/161
f 2461/995/161 2458/996/161 2457/972/161
f 2457/972/161 2485/984/161 2481/986/161
f 2481/986/161 2477/988/161 2473/969/161
f 2473/969/161 2469/991/161 2465/993/161
f 2465/993/161 2461/995/161 2457/972/161
f 2457/972/161 2481/986/161 2473/969/161
f 2473/969/161 2465/993/161 2457/972/161
f 2488/983/162 2460/972/162 2459/996/162
f 2459/996/162 2462/995/162 2464/994/162
f 2464/994/162 2466/993/162 2468/992/162
f 2468/992/162 2470/991/162 2472/990/162
f 2472/990/162 2474/969/162 2476/989/162
f 2476/989/162 2478/988/162 2480/987/162
f 2480/987/162 2482/986/162 2484/985/162
f 2484/985/162 2486/984/162 2488/983/162
f 2488/983/162 2459/996/162 2464/994/162
f 2464/994/162 2468/992/162 2472/990/162
f 2472/990/162 2476/989/162 2480/987/162
f 2480/987/162 2484/985/162 2488/983/162
f 2488/983/162 2464/994/162 2472/990/162
f 2472/990/162 2480/987/162 2488/983/162
usemtl mat_7
f 2489/997/1073 2490/998/1073 2491/999/1073
f 2489/997/1073 2491/999/1073 2492/1000/1073
f 2490/998/1074 2493/1001/1074 2494/1002/1074
f 2490/998/1074 2494/1002/1074 2491/999/1074
f 2493/1001/1075 2495/1003/1075 2496/1004/1075
f 2493/1001/1075 2496/1004/1075 2494/1002/1075
f 2495/1005/1076 2497/1006/1076 2498/1007/1076
f 2495/1005/1076 2498/1007/1076 2496/1008/1076
f 2497/1006/1077 2499/1009/1077 2500/1010/1077
f 2497/1006/1077 2500/1010/1077 2498/1007/1077
f 2499/1009/1078 2501/1001/1078 2502/1002/1078
f 2499/1009/1078 2502/1002/1078 2500/1010/1078
f 2501/1001/1079 2503/1011/1079 2504/1012/1079
f 2501/1001/1079 2504/1012/1079 2502/1002/1079
f 2503/1011/1080 2505/1013/1080 2506/1014/1080
f 2503/1011/1080 2506/1014/1080 2504/1012/1080
f 2505/1013/1081 2507/1015/1081 2508/1016/1081
f 2505/1013/1081 2508/1016/1081 2506/1014/1081
f 2507/1003/1082 2509/1001/1082 2510/1002/1082
f 2507/1003/1082 2510/1002/1082 2508/1004/1082
f 2509/1001/1083 2511/998/1083 2512/999/1083
f 2509/1001/1083 2512/999/1083 2510/1002/1083
f 2511/998/1084 2513/997/1084 2514/1000/1084
f 2511/998/1084 2514/1000/1084 2512/999/1084
f 2515/997/1085 2516/1000/1085 2517/999/1085
f 2515/997/1085 2517/999/1085 2518/998/1085
f 2518/998/1086 2517/999/1086 2519/1002/1086
f 2518/998/1086 2519/1002/1086 2520/1001/1086
f 2520/1001/1087 2519/1002/1087 2521/1004/1087
f 2520/1001/1087 2521/1004/1087 2522/1003/1087
f 2522/1005/1088 2521/1008/1088 2523/1007/1088
f 2522/1005/1088 2523/1007/1088 2524/1006/1088
f 2524/1006/1089 2523/1007/1089 2525/1010/1089
f 2524/1006/1089 2525/1010/1089 2526/1009/1089
f 2526/1009/1090 2525/1010/1090 2527/1002/1090
f 2526/1009/1090 2527/1002/1090 2528/1001/1090
f 2528/1001/1091 2527/1002/1091 2529/1012/1091
f 2528/1001/1091 2529/1012/1091 2530/1011/1091
f 2530/1011/1092 2529/1012/1092 2531/1014/1092
f 2530/1011/1092 2531/1014/1092 2532/1013/1092
f 2532/1013/1093 2531/1014/1093 2533/1016/1093
f 2532/1013/1093 2533/1016/1093 2534/1015/1093
f 2534/1003/1094 2533/1004/1094 2535/1002/1094
f 2534/1003/1094 2535/1002/1094 2536/1001/1094
f 2536/1001/1095 2535/1002/1095 2537/999/1095
f 2536/1001/1095 2537/999/1095 2538/998/1095
f 2538/998/1096 2537/999/1096 2539/1000/1096
f 2538/998/1096 2539/1000/1096 2540/997/1096
f 2489/997/1097 2492/1000/1097 2516/1000/1097
f 2489/997/1097 2516/1000/1097 2515/997/1097
f 2490/998/161 2489/997/161 2515/997/161
f 2490/998/161 2515/997/161 2518/998/161
f 2492/1000/162 2491/999/162 2517/999/162
f 2492/1000/162 2517/999/162 2516/1000/162
f 2493/1001/161 2490/998/161 2518/998/161
f 2493/1001/161 2518/998/161 2520/1001/161
f 2491/999/162 2494/1002/162 2519/1002/162
f 2491/999/162 2519/1002/162 2517/999/162
f 2495/1003/161 2493/1001/161 2520/1001/161
f 2495/1003/161 2520/1001/161 2522/1003/161
f 2494/1002/162 2496/1004/162 2521/1004/162
f 2494/1002/162 2521/1004/162 2519/1002/162
f 2497/1006/161 2495/1005/161 2522/1005/161
f 2497/1006/161 2522/1005/161 2524/1006/161
f 2496/1008/162 2498/1007/162 2523/1007/162
f 2496/1008/162 2523/1007/162 2521/1008/162
f 2499/1009/161 2497/1006/161 2524/1006/161
f 2499/1009/161 2524/1006/161 2526/1009/161
f 2498/1007/162 2500/1010/162 2525/1010/162
f 2498/1007/162 2525/1010/162 2523/1007/162
f 2501/1001/161 2499/1009/161 2526/1009/161
f 2501/1001/161 2526/1009/161 2528/1001/161
f 2500/1010/162 2502/1002/162 2527/1002/162
f 2500/1010/162 2527/1002/162 2525/1010/162
f 2503/1011/161 2501/1001/161 2528/1001/161
f 2503/1011/161 2528/1001/161 2530/1011/161
f 2502/1002/162 2504/1012/162 2529/1012/162
f 2502/1002/162 2529/1012/162 2527/1002/162
f 2505/1013/161 2503/1011/161 2530/1011/161
f 2505/1013/161 2530/1011/161 2532/1013/161
f 2504/1012/162 2506/1014/162 2531/1014/162
f 2504/1012/162 2531/1014/162 2529/1012/162
f 2507/1015/161 2505/1013/161 2532/1013/161
f 2507/1015/161 2532/1013/161 2534/1015/161
f 2506/1014/162 2508/1016/162 2533/1016/162
f 2506/1014/162 2533/1016/162 2531/1014/162
f 2509/1001/161 2507/1003/161 2534/1003/161
f 2509/1001/161 2534/1003/161 2536/1001/161
f 2508/1004/162 2510/1002/162 2535/1002/162
f 2508/1004/162 2535/1002/162 2533/1004/162
f 2511/998/161 2509/1001/161 2536/1001/161
f 2511/998/161 2536/1001/161 2538/998/161
f 2510/1002/162 2512/999/162 2537/999/162
f 2510/1002/162 2537/999/162 2535/1002/162
f 2513/997/161 2511/998/161 2538/998/161
f 2513/997/161 2538/998/161 2540/997/161
f 2514/1000/1098 2513/997/1098 2540/997/1098
f 2514/1000/1098 2540/997/1098 2539/1000/1098
f 2512/999/162 2514/1000/162 2539/1000/162
f 2512/999/162 2539/1000/162 2537/999/162
usemtl mat_8
f 2541/1017/1099 2542/1018/1099 2543/1019/1099
f 2544/1020/1100 2545/1021/1100 2546/1022/1100
f 2547/1023/1101 2548/1024/1101 2549/1025/1101
f 2550/1026/1102 2551/1027/1102 2552/1028/1102
f 2553/1029/1103 2554/1030/1103 2555/1031/1103
f 2556/1032/1104 2557/1033/1104 2558/1034/1104
f 2559/1035/1105 2560/1032/1105 2561/1036/1105
f 2562/1037/1106 2563/1038/1106 2564/1039/1106
f 2543/1019/1107 2545/1021/1107 2544/1020/1107
f 2543/1019/1107 2544/1020/1107 2541/1017/1107
f 2542/1018/1108 2550/1040/1108 2552/1041/1108
f 2542/1018/1108 2552/1041/1108 2543/1019/1108
f 2549/1042/1109 2552/1041/1109 2551/1043/1109
f 2549/1042/1109 2551/1043/1109 2547/1044/1109
f 2545/1021/1110 2549/1042/1110 2548/1045/1110
f 2545/1021/1110 2548/1045/1110 2546/1022/1110
f 2555/1031/1111 2563/1038/1111 2562/1037/1111
f 2555/1031/1111 2562/1037/1111 2553/1029/1111
f 2554/1030/442 2556/1032/442 2558/1034/442
f 2554/1030/442 2558/1034/442 2555/1031/442
f 2557/1046/1112 2559/1035/1112 2561/1036/1112
f 2557/1046/1112 2561/1036/1112 2558/1047/1112
f 2560/1032/444 2564/1048/444 2563/1049/444
f 2560/1032/444 2563/1049/444 2561/1036/444
f 2541/1017/1113 2554/1030/1113 2553/1029/1113
f 2541/1017/1113 2553/1029/1113 2542/1018/1113
f 2546/1022/1114 2557/1033/1114 2556/1032/1114
f 2546/1022/1114 2556/1032/1114 2544/1020/1114
f 2547/1023/1115 2560/1032/1115 2559/1035/1115
f 2547/1023/1115 2559/1035/1115 2548/1024/1115
f 2550/1026/1116 2562/1037/1116 2564/1039/1116
f 2550/1026/1116 2564/1039/1116 2551/1027/1116
f 2541/1017/449 2544/1020/449 2556/1032/449
f 2541/1017/449 2556/1032/449 2554/1030/449
f 2543/1019/199 2552/1041/199 2549/1042/199
f 2543/1019/199 2549/1042/199 2545/1021/199
f 2550/1026/161 2542/1018/161 2553/1029/161
f 2550/1026/161 2553/1029/161 2562/1037/161
f 2546/1050/162 2548/1024/162 2559/1035/162
f 2546/1050/162 2559/1035/162 2557/1046/162
f 2547/1023/450 2551/1051/450 2564/1048/450
f 2547/1023/450 2564/1048/450 2560/1032/450
f 2555/1052/196 2558/1053/196 2561/1036/196
f 2555/1052/196 2561/1036/196 2563/1049/196
usemtl mat_1
f 2565/1054/918 2566/1055/918 2567/1056/918
f 2568/1057/932 2569/1058/932 2570/1059/932
f 2571/1060/931 2572/1061/931 2573/1062/931
f 2574/1063/917 2575/1064/917 2576/1065/917
f 2577/1066/1117 2578/1067/1117 2579/1068/1117
f 2580/1069/1118 2581/1070/1118 2582/1071/1118
f 2583/1072/1119 2584/1073/1119 2585/1074/1119
f 2586/1075/1120 2587/1076/1120 2588/1077/1120
f 2567/1056/460 2569/1058/460 2568/1057/460
f 2567/1056/460 2568/1057/460 2565/1054/460
f 2566/1055/906 2574/1063/906 2576/1065/906
f 2566/1055/906 2576/1065/906 2567/1056/906
f 2573/1062/489 2576/1065/489 2575/1064/489
f 2573/1062/489 2575/1064/489 2571/1060/489
f 2569/1058/927 2573/1062/927 2572/1061/927
f 2569/1058/927 2572/1061/927 2570/1059/927
f 2579/1068/1121 2587/1076/1121 2586/1075/1121
f 2579/1068/1121 2586/1075/1121 2577/1066/1121
f 2578/1067/480 2580/1069/480 2582/1071/480
f 2578/1067/480 2582/1071/480 2579/1068/480
f 2581/1078/1122 2583/1072/1122 2585/1074/1122
f 2581/1078/1122 2585/1074/1122 2582/1079/1122
f 2584/1073/494 2588/1080/494 2587/1081/494
f 2584/1073/494 2587/1081/494 2585/1074/494
f 2565/1054/1123 2578/1067/1123 2577/1066/1123
f 2565/1054/898 2577/1066/898 2566/1055/898
f 2570/1059/936 2581/1070/936 2580/1069/936
f 2570/1059/936 2580/1069/936 2568/1057/936
f 2571/1082/1124 2584/1073/1124 2583/1072/1124
f 2571/1082/935 2583/1072/935 2572/1083/935
f 2574/1084/897 2586/1075/897 2588/1077/897
f 2574/1084/897 2588/1077/897 2575/1085/897
f 2565/1054/450 2568/1057/450 2580/1069/450
f 2565/1054/450 2580/1069/450 2578/1067/450
f 2567/1056/199 2576/1065/199 2573/1062/199
f 2567/1056/199 2573/1062/199 2569/1058/199
f 2574/1084/162 2566/1055/162 2577/1066/162
f 2574/1084/162 2577/1066/162 2586/1075/162
f 2570/1086/161 2572/1083/161 2583/1072/161
f 2570/1086/161 2583/1072/161 2581/1078/161
f 2571/1082/449 2575/1087/449 2588/1080/449
f 2571/1082/449 2588/1080/449 2584/1073/449
f 2579/1088/196 2582/1058/196 2585/1074/196
f 2579/1088/196 2585/1074/196 2587/1081/196
f 2589/159/1125 2590/160/1125 2591/161/1125
f 2589/159/1125 2591/161/1125 2592/162/1125
f 2590/163/449 2593/164/449 2594/165/449
f 2590/163/449 2594/165/449 2591/166/449
f 2593/160/1126 2595/159/1126 2596/162/1126
f 2593/160/1126 2596/162/1126 2594/161/1126
f 2595/159/1127 2597/167/1127 2598/168/1127
f 2595/159/1127 2598/168/1127 2596/162/1127
f 2597/164/450 2599/163/450 2600/166/450
f 2597/164/450 2600/166/450 2598/165/450
f 2599/167/1128 2589/159/1128 2592/162/1128
f 2599/167/1128 2592/162/1128 2600/168/1128
f 2589/169/199 2599/163/199 2597/164/199
f 2597/164/199 2595/170/199 2593/165/199
f 2593/165/199 2590/166/199 2589/169/199
f 2597/164/199 2593/165/199 2589/169/199
f 2600/163/196 2592/169/196 2591/166/196
f 2591/166/196 2594/165/196 2596/170/196
f 2596/170/196 2598/164/196 2600/163/196
f 2591/166/196 2596/170/196 2600/163/196
f 2601/1054/918 2602/1055/918 2603/1056/918
f 2604/1057/932 2605/1058/932 2606/1059/932
f 2607/1060/931 2608/1061/931 2609/1062/931
f 2610/1063/917 2611/1064/917 2612/1065/917
f 2613/1066/1117 2614/1067/1117 2615/1068/1117
f 2616/1069/1118 2617/1070/1118 2618/1071/1118
f 2619/1072/1119 2620/1073/1119 2621/1074/1119
f 2622/1075/1120 2623/1076/1120 2624/1077/1120
f 2603/1056/460 2605/1058/460 2604/1057/460
f 2603/1056/460 2604/1057/460 2601/1054/460
f 2602/1055/906 2610/1063/906 2612/1065/906
f 2602/1055/906 2612/1065/906 2603/1056/906
f 2609/1062/489 2612/1065/489 2611/1064/489
f 2609/1062/489 2611/1064/489 2607/1060/489
f 2605/1058/927 2609/1062/927 2608/1061/927
f 2605/1058/927 2608/1061/927 2606/1059/927
f 2615/1068/1121 2623/1076/1121 2622/1075/1121
f 2615/1068/1121 2622/1075/1121 2613/1066/1121
f 2614/1067/480 2616/1069/480 2618/1071/480
f 2614/1067/480 2618/1071/480 2615/1068/480
f 2617/1078/1122 2619/1072/1122 2621/1074/1122
f 2617/1078/1122 2621/1074/1122 2618/1079/1122
f 2620/1073/494 2624/1080/494 2623/1081/494
f 2620/1073/494 2623/1081/494 2621/1074/494
f 2601/1054/1123 2614/1067/1123 2613/1066/1123
f 2601/1054/898 2613/1066/898 2602/1055/898
f 2606/1059/936 2617/1070/936 2616/1069/936
f 2606/1059/936 2616/1069/936 2604/1057/936
f 2607/1082/1124 2620/1073/1124 2619/1072/1124
f 2607/1082/935 2619/1072/935 2608/1083/935
f 2610/1084/897 2622/1075/897 2624/1077/897
f 2610/1084/897 2624/1077/897 2611/1085/897
f 2601/1054/450 2604/1057/450 2616/1069/450
f 2601/1054/450 2616/1069/450 2614/1067/450
f 2603/1056/199 2612/1065/199 2609/1062/199
f 2603/1056/199 2609/1062/199 2605/1058/199
f 2610/1084/162 2602/1055/162 2613/1066/162
f 2610/1084/162 2613/1066/162 2622/1075/162
f 2606/1086/161 2608/1083/161 2619/1072/161
f 2606/1086/161 2619/1072/161 2617/1078/161
f 2607/1082/449 2611/1087/449 2624/1080/449
f 2607/1082/449 2624/1080/449 2620/1073/449
f 2615/1088/196 2618/1058/196 2621/1074/196
f 2615/1088/196 2621/1074/196 2623/1081/196
f 2625/159/1125 2626/160/1125 2627/161/1125
f 2625/159/1125 2627/161/1125 2628/162/1125
f 2626/163/449 2629/164/449 2630/165/449
f 2626/163/449 2630/165/449 2627/166/449
f 2629/160/1126 2631/159/1126 2632/162/1126
f 2629/160/1126 2632/162/1126 2630/161/1126
f 2631/159/1127 2633/167/1127 2634/168/1127
f 2631/159/1127 2634/168/1127 2632/162/1127
f 2633/164/450 2635/163/450 2636/166/450
f 2633/164/450 2636/166/450 2634/165/450
f 2635/167/1128 2625/159/1128 2628/162/1128
f 2635/167/1128 2628/162/1128 2636/168/1128
f 2625/169/199 2635/163/199 2633/164/199
f 2633/164/199 2631/170/199 2629/165/199
f 2629/165/199 2626/166/199 2625/169/199
f 2633/164/199 2629/165/199 2625/169/199
f 2636/163/196 2628/169/196 2627/166/196
f 2627/166/196 2630/165/196 2632/170/196
f 2632/170/196 2634/164/196 2636/163/196
f 2627/166/196 2632/170/196 2636/163/196
usemtl mat_8
f 2637/1017/1099 2638/1018/1099 2639/1019/1099
f 2640/1089/1100 2641/1021/1100 2642/1022/1100
f 2643/1023/1101 2644/1024/1101 2645/1025/1101
f 2646/1026/1102 2647/1027/1102 2648/1028/1102
f 2649/1029/1103 2650/1030/1103 2651/1031/1103
f 2652/1032/1104 2653/1033/1104 2654/1034/1104
f 2655/1035/1105 2656/1032/1105 2657/1036/1105
f 2658/1037/1106 2659/1038/1106 2660/1039/1106
f 2639/1019/1107 2641/1021/1107 2640/1089/1107
f 2639/1019/1107 2640/1089/1107 2637/1017/1107
f 2638/1018/1108 2646/1040/1108 2648/1041/1108
f 2638/1018/1108 2648/1041/1108 2639/1019/1108
f 2645/1042/1109 2648/1041/1109 2647/1043/1109
f 2645/1042/1109 2647/1043/1109 2643/1044/1109
f 2641/1021/1110 2645/1042/1110 2644/1045/1110
f 2641/1021/1110 2644/1045/1110 2642/1022/1110
f 2651/1031/1111 2659/1038/1111 2658/1037/1111
f 2651/1031/1111 2658/1037/1111 2649/1029/1111
f 2650/1030/442 2652/1032/442 2654/1034/442
f 2650/1030/442 2654/1034/442 2651/1031/442
f 2653/1046/1112 2655/1035/1112 2657/1036/1112
f 2653/1046/1112 2657/1036/1112 2654/1047/1112
f 2656/1032/444 2660/1048/444 2659/1049/444
f 2656/1032/444 2659/1049/444 2657/1036/444
f 2637/1017/1113 2650/1030/1113 2649/1029/1113
f 2637/1017/1113 2649/1029/1113 2638/1018/1113
f 2642/1022/1114 2653/1033/1114 2652/1032/1114
f 2642/1022/1114 2652/1032/1114 2640/1089/1114
f 2643/1023/1115 2656/1032/1115 2655/1035/1115
f 2643/1023/1115 2655/1035/1115 2644/1024/1115
f 2646/1026/1116 2658/1037/1116 2660/1039/1116
f 2646/1026/1116 2660/1039/1116 2647/1027/1116
f 2637/1017/449 2640/1089/449 2652/1032/449
f 2637/1017/449 2652/1032/449 2650/1030/449
f 2639/1019/199 2648/1041/199 2645/1042/199
f 2639/1019/199 2645/1042/199 2641/1021/199
f 2646/1026/161 2638/1018/161 2649/1029/161
f 2646/1026/161 2649/1029/161 2658/1037/161
f 2642/1050/162 2644/1024/162 2655/1035/162
f 2642/1050/162 2655/1035/162 2653/1046/162
f 2643/1023/450 2647/1051/450 2660/1048/450
f 2643/1023/450 2660/1048/450 2656/1032/450
f 2651/1052/196 2654/1053/196 2657/1036/196
f 2651/1052/196 2657/1036/196 2659/1049/196
usemtl mat_1
f 2661/1054/918 2662/1055/918 2663/1056/918
f 2664/1057/932 2665/1058/932 2666/1059/932
f 2667/1060/931 2668/1061/931 2669/1062/931
f 2670/1063/917 2671/1064/917 2672/1065/917
f 2673/1066/1117 2674/1067/1117 2675/1068/1117
f 2676/1069/1118 2677/1070/1118 2678/1071/1118
f 2679/1072/1119 2680/1073/1119 2681/1074/1119
f 2682/1075/1120 2683/1076/1120 2684/1077/1120
f 2663/1056/460 2665/1058/460 2664/1057/460
f 2663/1056/460 2664/1057/460 2661/1054/460
f 2662/1055/906 2670/1063/906 2672/1065/906
f 2662/1055/906 2672/1065/906 2663/1056/906
f 2669/1062/489 2672/1065/489 2671/1064/489
f 2669/1062/489 2671/1064/489 2667/1060/489
f 2665/1058/927 2669/1062/927 2668/1061/927
f 2665/1058/927 2668/1061/927 2666/1059/927
f 2675/1068/1121 2683/1076/1121 2682/1075/1121
f 2675/1068/1121 2682/1075/1121 2673/1066/1121
f 2674/1067/480 2676/1069/480 2678/1071/480
f 2674/1067/480 2678/1071/480 2675/1068/480
f 2677/1078/1122 2679/1072/1122 2681/1074/1122
f 2677/1078/1122 2681/1074/1122 2678/1079/1122
f 2680/1073/494 2684/1080/494 2683/1081/494
f 2680/1073/494 2683/1081/494 2681/1074/494
f 2661/1054/1123 2674/1067/1123 2673/1066/1123
f 2661/1054/898 2673/1066/898 2662/1055/898
f 2666/1059/936 2677/1070/936 2676/1069/936
f 2666/1059/936 2676/1069/936 2664/1057/936
f 2667/1082/1124 2680/1073/1124 2679/1072/1124
f 2667/1082/935 2679/1072/935 2668/1083/935
f 2670/1084/897 2682/1075/897 2684/1077/897
f 2670/1084/897 2684/1077/897 2671/1085/897
f 2661/1054/450 2664/1057/450 2676/1069/450
f 2661/1054/450 2676/1069/450 2674/1067/450
f 2663/1056/199 2672/1065/199 2669/1062/199
f 2663/1056/199 2669/1062/199 2665/1058/199
f 2670/1084/162 2662/1055/162 2673/1066/162
f 2670/1084/162 2673/1066/162 2682/1075/162
f 2666/1086/161 2668/1083/161 2679/1072/161
f 2666/1086/161 2679/1072/161 2677/1078/161
f 2667/1082/449 2671/1087/449 2684/1080/449
f 2667/1082/449 2684/1080/449 2680/1073/449
f 2675/1088/196 2678/1058/196 2681/1074/196
f 2675/1088/196 2681/1074/196 2683/1081/196
f 2685/159/1125 2686/160/1125 2687/161/1125
f 2685/159/1125 2687/161/1125 2688/162/1125
f 2686/163/449 2689/164/449 2690/165/449
f 2686/163/449 2690/165/449 2687/166/449
f 2689/160/1126 2691/159/1126 2692/162/1126
f 2689/160/1126 2692/162/1126 2690/161/1126
f 2691/159/1127 2693/167/1127 2694/168/1127
f 2691/159/1127 2694/168/1127 2692/162/1127
f 2693/164/450 2695/163/450 2696/166/450
f 2693/164/450 2696/166/450 2694/165/450
f 2695/167/1128 2685/159/1128 2688/162/1128
f 2695/167/1128 2688/162/1128 2696/168/1128
f 2685/169/199 2695/163/199 2693/164/199
f 2693/164/199 2691/170/199 2689/165/199
f 2689/165/199 2686/166/199 2685/169/199
f 2693/164/199 2689/165/199 2685/169/199
f 2696/163/196 2688/169/196 2687/166/196
f 2687/166/196 2690/165/196 2692/170/196
f 2692/170/196 2694/164/196 2696/163/196
f 2687/166/196 2692/170/196 2696/163/196
f 2697/1054/918 2698/1055/918 2699/1056/918
f 2700/1090/932 2701/1058/932 2702/1059/932
f 2703/1060/931 2704/1061/931 2705/1062/931
f 2706/1063/917 2707/1064/917 2708/1065/917
f 2709/1066/1117 2710/1067/1117 2711/1068/1117
f 2712/1069/1118 2713/1070/1118 2714/1071/1118
f 2715/1072/1119 2716/1073/1119 2717/1074/1119
f 2718/1075/1120 2719/1076/1120 2720/1077/1120
f 2699/1056/460 2701/1058/460 2700/1090/460
f 2699/1056/460 2700/1090/460 2697/1054/460
f 2698/1055/906 2706/1063/906 2708/1065/906
f 2698/1055/906 2708/1065/906 2699/1056/906
f 2705/1062/489 2708/1065/489 2707/1064/489
f 2705/1062/489 2707/1064/489 2703/1060/489
f 2701/1058/927 2705/1062/927 2704/1061/927
f 2701/1058/927 2704/1061/927 2702/1059/927
f 2711/1068/1121 2719/1076/1121 2718/1075/1121
f 2711/1068/1121 2718/1075/1121 2709/1066/1121
f 2710/1067/480 2712/1069/480 2714/1071/480
f 2710/1067/480 2714/1071/480 2711/1068/480
f 2713/1078/1122 2715/1072/1122 2717/1074/1122
f 2713/1078/1122 2717/1074/1122 2714/1079/1122
f 2716/1073/494 2720/1080/494 2719/1081/494
f 2716/1073/494 2719/1081/494 2717/1074/494
f 2697/1054/1123 2710/1067/1123 2709/1066/1123
f 2697/1054/898 2709/1066/898 2698/1055/898
f 2702/1059/936 2713/1070/936 2712/1069/936
f 2702/1059/936 2712/1069/936 2700/1090/936
f 2703/1082/1124 2716/1073/1124 2715/1072/1124
f 2703/1082/935 2715/1072/935 2704/1083/935
f 2706/1084/897 2718/1075/897 2720/1077/897
f 2706/1084/897 2720/1077/897 2707/1085/897
f 2697/1054/450 2700/1090/450 2712/1069/450
f 2697/1054/450 2712/1069/450 2710/1067/450
f 2699/1056/199 2708/1065/199 2705/1062/199
f 2699/1056/199 2705/1062/199 2701/1058/199
f 2706/1084/162 2698/1055/162 2709/1066/162
f 2706/1084/162 2709/1066/162 2718/1075/162
f 2702/1086/161 2704/1083/161 2715/1072/161
f 2702/1086/161 2715/1072/161 2713/1078/161
f 2703/1082/449 2707/1087/449 2720/1080/449
f 2703/1082/449 2720/1080/449 2716/1073/449
f 2711/1088/196 2714/1058/196 2717/1074/196
f 2711/1088/196 2717/1074/196 2719/1081/196
f 2721/159/1125 2722/160/1125 2723/161/1125
f 2721/159/1125 2723/161/1125 2724/162/1125
f 2722/163/449 2725/164/449 2726/165/449
f 2722/163/449 2726/165/449 2723/166/449
f 2725/160/1126 2727/159/1126 2728/162/1126
f 2725/160/1126 2728/162/1126 2726/161/1126
f 2727/159/1127 2729/167/1127 2730/168/1127
f 2727/159/1127 2730/168/1127 2728/162/1127
f 2729/164/450 2731/163/450 2732/166/450
f 2729/164/450 2732/166/450 2730/165/450
f 2731/167/1128 2721/159/1128 2724/162/1128
f 2731/167/1128 2724/162/1128 2732/168/1128
f 2721/169/199 2731/163/199 2729/164/199
f 2729/164/199 2727/170/199 2725/165/199
f 2725/165/199 2722/166/199 2721/169/199
f 2729/164/199 2725/165/199 2721/169/199
f 2732/163/196 2724/169/196 2723/166/196
f 2723/166/196 2726/165/196 2728/170/196
f 2728/170/196 2730/164/196 2732/163/196
f 2723/166/196 2728/170/196 2732/163/196
usemtl mat_2
f 2733/1091/451 2734/1092/451 2735/1093/451
f 2736/1094/1129 2737/1095/1129 2738/1096/1129
f 2739/1097/1130 2740/1098/1130 2741/1099/1130
f 2742/1100/901 2743/1101/901 2744/1102/901
f 2745/1103/911 2746/1104/911 2747/1105/911
f 2748/1099/1131 2749/1106/1131 2750/1097/1131
f 2751/1107/1132 2752/1108/1132 2753/1109/1132
f 2754/1110/1133 2755/1111/1133 2756/1098/1133
f 2735/1093/459 2737/1095/459 2736/1094/459
f 2735/1093/459 2736/1094/459 2733/1091/459
f 2734/1092/438 2742/1100/438 2744/1102/438
f 2734/1092/438 2744/1102/438 2735/1093/438
f 2741/1099/905 2744/1102/905 2743/1101/905
f 2741/1099/905 2743/1101/905 2739/1097/905
f 2737/1095/1134 2741/1099/1134 2740/1098/1134
f 2737/1095/1134 2740/1098/1134 2738/1096/1134
f 2747/1105/915 2755/1111/915 2754/1110/915
f 2747/1105/915 2754/1110/915 2745/1103/915
f 2746/1104/479 2748/1099/479 2750/1097/479
f 2746/1104/479 2750/1097/479 2747/1105/479
f 2749/1112/1135 2751/1107/1135 2753/1109/1135
f 2749/1112/1135 2753/1109/1135 2750/1113/1135
f 2752/1108/464 2756/1102/464 2755/1114/464
f 2752/1108/464 2755/1114/464 2753/1109/464
f 2733/1091/465 2746/1104/465 2745/1103/465
f 2733/1091/465 2745/1103/465 2734/1092/465
f 2738/1096/1136 2749/1106/1136 2748/1099/1136
f 2738/1096/1136 2748/1099/1136 2736/1094/1136
f 2739/1115/1137 2752/1108/1137 2751/1107/1137
f 2739/1115/1137 2751/1107/1137 2740/1116/1137
f 2742/1116/910 2754/1110/910 2756/1098/910
f 2742/1116/910 2756/1098/910 2743/1117/910
f 2733/1091/449 2736/1094/449 2748/1099/449
f 2733/1091/449 2748/1099/449 2746/1104/449
f 2735/1093/199 2744/1102/199 2741/1099/199
f 2735/1093/199 2741/1099/199 2737/1095/199
f 2742/1116/161 2734/1092/161 2745/1103/161
f 2742/1116/161 2745/1103/161 2754/1110/161
f 2738/1118/162 2740/1116/162 2751/1107/162
f 2738/1118/162 2751/1107/162 2749/1112/162
f 2739/1115/450 2743/1119/450 2756/1102/450
f 2739/1115/450 2756/1102/450 2752/1108/450
f 2747/1093/196 2750/1120/196 2753/1109/196
f 2747/1093/196 2753/1109/196 2755/1114/196
f 2757/1121/487 2758/1092/487 2759/1093/487
f 2760/1122/1138 2761/1095/1138 2762/1096/1138
f 2763/1097/1139 2764/1098/1139 2765/1099/1139
f 2766/1100/454 2767/1101/454 2768/1102/454
f 2769/1103/919 2770/1104/919 2771/1105/919
f 2772/1099/1140 2773/1106/1140 2774/1097/1140
f 2775/1107/1141 2776/1108/1141 2777/1109/1141
f 2778/1110/914 2779/1111/914 2780/1098/914
f 2759/1093/489 2761/1095/489 2760/1122/489
f 2759/1093/489 2760/1122/489 2757/1121/489
f 2758/1092/438 2766/1100/438 2768/1102/438
f 2758/1092/438 2768/1102/438 2759/1093/438
f 2765/1099/460 2768/1102/460 2767/1101/460
f 2765/1099/460 2767/1101/460 2763/1097/460
f 2761/1095/1134 2765/1099/1134 2764/1098/1134
f 2761/1095/1134 2764/1098/1134 2762/1096/1134
f 2771/1105/915 2779/1111/915 2778/1110/915
f 2771/1105/915 2778/1110/915 2769/1103/915
f 2770/1104/494 2772/1099/494 2774/1097/494
f 2770/1104/494 2774/1097/494 2771/1105/494
f 2773/1112/1135 2775/1107/1135 2777/1109/1135
f 2773/1112/1135 2777/1109/1135 2774/1113/1135
f 2776/1108/480 2780/1102/480 2779/1114/480
f 2776/1108/480 2779/1114/480 2777/1109/480
f 2757/1121/481 2770/1104/481 2769/1103/481
f 2757/1121/481 2769/1103/481 2758/1092/481
f 2762/1096/1142 2773/1106/1142 2772/1099/1142
f 2762/1096/1142 2772/1099/1142 2760/1122/1142
f 2763/1115/1143 2776/1108/1143 2775/1107/1143
f 2763/1115/1143 2775/1107/1143 2764/1116/1143
f 2766/1116/468 2778/1110/468 2780/1098/468
f 2766/1116/468 2780/1098/468 2767/1117/468
f 2757/1121/449 2760/1122/449 2772/1099/449
f 2757/1121/449 2772/1099/449 2770/1104/449
f 2759/1093/199 2768/1102/199 2765/1099/199
f 2759/1093/199 2765/1099/199 2761/1095/199
f 2766/1116/161 2758/1092/161 2769/1103/161
f 2766/1116/161 2769/1103/161 2778/1110/161
f 2762/1118/162 2764/1116/162 2775/1107/162
f 2762/1118/162 2775/1107/162 2773/1112/162
f 2763/1115/450 2767/1119/450 2780/1102/450
f 2763/1115/450 2780/1102/450 2776/1108/450
f 2771/1093/196 2774/1120/196 2777/1109/196
f 2771/1093/196 2777/1109/196 2779/1114/196
f 2781/1123/1144 2782/1124/1144 2783/1125/1144
f 2784/1126/1145 2785/1127/1145 2786/1128/1145
f 2787/1129/1146 2788/1130/1146 2789/1131/1146
f 2790/1132/1147 2791/1133/1147 2792/1134/1147
f 2793/1135/1148 2794/1136/1148 2795/1137/1148
f 2796/1138/1149 2797/1139/1149 2798/1129/1149
f 2799/1140/475 2800/1138/475 2801/1141/475
f 2802/1142/1150 2803/1143/1150 2804/1139/1150
f 2783/1125/1151 2785/1127/1151 2784/1126/1151
f 2783/1125/1151 2784/1126/1151 2781/1123/1151
f 2782/1124/1152 2790/1132/1152 2792/1134/1152
f 2782/1124/1152 2792/1134/1152 2783/1125/1152
f 2789/1131/1153 2792/1134/1153 2791/1133/1153
f 2789/1131/1153 2791/1133/1153 2787/1129/1153
f 2785/1127/1154 2789/1131/1154 2788/1130/1154
f 2785/1127/1154 2788/1130/1154 2786/1128/1154
f 2795/1137/1155 2803/1143/1155 2802/1142/1155
f 2795/1137/1155 2802/1142/1155 2793/1135/1155
f 2794/1136/1156 2796/1138/1156 2798/1129/1156
f 2794/1136/1156 2798/1129/1156 2795/1137/1156
f 2797/1144/463 2799/1140/463 2801/1141/463
f 2797/1144/463 2801/1141/463 2798/1145/463
f 2800/1138/480 2804/1146/480 2803/1147/480
f 2800/1138/480 2803/1147/480 2801/1141/480
f 2781/1123/1157 2794/1136/1157 2793/1135/1157
f 2781/1123/1157 2793/1135/1157 2782/1124/1157
f 2786/1128/520 2797/1139/520 2796/1138/520
f 2786/1128/520 2796/1138/520 2784/1126/520
f 2787/1148/447 2800/1138/447 2799/1140/447
f 2787/1148/447 2799/1140/447 2788/1149/447
f 2790/1149/1158 2802/1142/1158 2804/1139/1158
f 2790/1149/1158 2804/1139/1158 2791/1150/1158
f 2781/1123/449 2784/1126/449 2796/1138/449
f 2781/1123/449 2796/1138/449 2794/1136/449
f 2783/1125/199 2792/1134/199 2789/1131/199
f 2783/1125/199 2789/1131/199 2785/1127/199
f 2790/1149/161 2782/1124/161 2793/1135/161
f 2790/1149/161 2793/1135/161 2802/1142/161
f 2786/1151/162 2788/1149/162 2799/1140/162
f 2786/1151/162 2799/1140/162 2797/1144/162
f 2787/1148/450 2791/1152/450 2804/1146/450
f 2787/1148/450 2804/1146/450 2800/1138/450
f 2795/1125/196 2798/1127/196 2801/1141/196
f 2795/1125/196 2801/1141/196 2803/1147/196
f 2805/1153/1159 2806/1124/1159 2807/1125/1159
f 2808/1126/1160 2809/1127/1160 2810/1128/1160
f 2811/1129/1161 2812/1130/1161 2813/1131/1161
f 2814/1132/1162 2815/1133/1162 2816/1134/1162
f 2817/1135/1163 2818/1136/1163 2819/1137/1163
f 2820/1138/1164 2821/1139/1164 2822/1129/1164
f 2823/1140/913 2824/1138/913 2825/1154/913
f 2826/1142/914 2827/1143/914 2828/1139/914
f 2807/1125/1151 2809/1127/1151 2808/1126/1151
f 2807/1125/1151 2808/1126/1151 2805/1153/1151
f 2806/1124/1165 2814/1132/1165 2816/1134/1165
f 2806/1124/1165 2816/1134/1165 2807/1125/1165
f 2813/1131/1153 2816/1134/1153 2815/1133/1153
f 2813/1131/1153 2815/1133/1153 2811/1129/1153
f 2809/1127/1166 2813/1131/1166 2812/1130/1166
f 2809/1127/1166 2812/1130/1166 2810/1128/1166
f 2819/1137/915 2827/1143/915 2826/1142/915
f 2819/1137/915 2826/1142/915 2817/1135/915
f 2818/1136/1156 2820/1138/1156 2822/1129/1156
f 2818/1136/1156 2822/1129/1156 2819/1137/1156
f 2821/1144/916 2823/1140/916 2825/1154/916
f 2821/1144/916 2825/1154/916 2822/1145/916
f 2824/1138/480 2828/1146/480 2827/1147/480
f 2824/1138/480 2827/1147/480 2825/1154/480
f 2805/1153/445 2818/1136/445 2817/1135/445
f 2805/1153/445 2817/1135/445 2806/1124/445
f 2810/1128/446 2821/1139/446 2820/1138/446
f 2810/1128/446 2820/1138/446 2808/1126/446
f 2811/1148/467 2824/1138/467 2823/1140/467
f 2811/1148/467 2823/1140/467 2812/1149/467
f 2814/1149/468 2826/1142/468 2828/1139/468
f 2814/1149/468 2828/1139/468 2815/1150/468
f 2805/1153/449 2808/1126/449 2820/1138/449
f 2805/1153/449 2820/1138/449 2818/1136/449
f 2807/1125/199 2816/1134/199 2813/1131/199
f 2807/1125/199 2813/1131/199 2809/1127/199
f 2814/1149/161 2806/1124/161 2817/1135/161
f 2814/1149/161 2817/1135/161 2826/1142/161
f 2810/1151/162 2812/1149/162 2823/1140/162
f 2810/1151/162 2823/1140/162 2821/1144/162
f 2811/1148/450 2815/1152/450 2828/1146/450
f 2811/1148/450 2828/1146/450 2824/1138/450
f 2819/1125/196 2822/1127/196 2825/1154/196
f 2819/1125/196 2825/1154/196 2827/1147/196
f 2829/1123/1159 2830/1124/1159 2831/1125/1159
f 2832/1155/1167 2833/1127/1167 2834/1128/1167
f 2835/1129/1168 2836/1130/1168 2837/1131/1168
f 2838/1132/1162 2839/1133/1162 2840/1134/1162
f 2841/1135/1163 2842/1136/1163 2843/1137/1163
f 2844/1138/1169 2845/1139/1169 2846/1129/1169
f 2847/1140/1170 2848/1138/1170 2849/1141/1170
f 2850/1142/914 2851/1143/914 2852/1139/914
f 2831/1125/1151 2833/1127/1151 2832/1155/1151
f 2831/1125/1151 2832/1155/1151 2829/1123/1151
f 2830/1124/1165 2838/1132/1165 2840/1134/1165
f 2830/1124/1165 2840/1134/1165 2831/1125/1165
f 2837/1131/1153 2840/1134/1153 2839/1133/1153
f 2837/1131/1153 2839/1133/1153 2835/1129/1153
f 2833/1127/1171 2837/1131/1171 2836/1130/1171
f 2833/1127/1171 2836/1130/1171 2834/1128/1171
f 2843/1137/915 2851/1143/915 2850/1142/915
f 2843/1137/915 2850/1142/915 2841/1135/915
f 2842/1136/1156 2844/1138/1156 2846/1129/1156
f 2842/1136/1156 2846/1129/1156 2843/1137/1156
f 2845/1144/1121 2847/1140/1121 2849/1141/1121
f 2845/1144/1121 2849/1141/1121 2846/1145/1121
f 2848/1138/480 2852/1146/480 2851/1147/480
f 2848/1138/480 2851/1147/480 2849/1141/480
f 2829/1123/445 2842/1136/445 2841/1135/445
f 2829/1123/445 2841/1135/445 2830/1124/445
f 2834/1128/1114 2845/1139/1114 2844/1138/1114
f 2834/1128/1114 2844/1138/1114 2832/1155/1114
f 2835/1148/898 2848/1138/898 2847/1140/898
f 2835/1148/898 2847/1140/898 2836/1149/898
f 2838/1149/468 2850/1142/468 2852/1139/468
f 2838/1149/468 2852/1139/468 2839/1150/468
f 2829/1123/449 2832/1155/449 2844/1138/449
f 2829/1123/449 2844/1138/449 2842/1136/449
f 2831/1125/199 2840/1134/199 2837/1131/199
f 2831/1125/199 2837/1131/199 2833/1127/199
f 2838/1149/161 2830/1124/161 2841/1135/161
f 2838/1149/161 2841/1135/161 2850/1142/161
f 2834/1151/162 2836/1149/162 2847/1140/162
f 2834/1151/162 2847/1140/162 2845/1144/162
f 2835/1148/450 2839/1152/450 2852/1146/450
f 2835/1148/450 2852/1146/450 2848/1138/450
f 2843/1125/196 2846/1127/196 2849/1141/196
f 2843/1125/196 2849/1141/196 2851/1147/196
f 2853/1156/1172 2854/1157/1172 2855/1158/1172
f 2856/1159/1173 2857/1160/1173 2858/1161/1173
f 2859/1162/1174 2860/1163/1174 2861/1164/1174
f 2862/1165/1175 2863/1166/1175 2864/1167/1175
f 2865/1168/1176 2866/1169/1176 2867/1170/1176
f 2868/1171/1177 2869/1172/1177 2870/1173/1177
f 2871/1174/1178 2872/1175/1178 2873/1176/1178
f 2874/1177/1179 2875/1178/1179 2876/1172/1179
f 2855/1158/1180 2857/1160/1180 2856/1159/1180
f 2855/1158/1180 2856/1159/1180 2853/1156/1180
f 2854/1157/927 2862/1179/927 2864/1180/927
f 2854/1157/927 2864/1180/927 2855/1158/927
f 2861/1181/1181 2864/1180/1181 2863/1182/1181
f 2861/1181/1181 2863/1182/1181 2859/1183/1181
f 2857/1160/1182 2861/1181/1182 2860/1184/1182
f 2857/1160/1182 2860/1184/1182 2858/1161/1182
f 2867/1170/1122 2875/1178/1122 2874/1177/1122
f 2867/1170/1122 2874/1177/1122 2865/1168/1122
f 2866/1169/1183 2868/1171/1183 2870/1173/1183
f 2866/1169/1183 2870/1173/1183 2867/1170/1183
f 2869/1185/1184 2871/1174/1184 2873/1176/1184
f 2869/1185/1184 2873/1176/1184 2870/1186/1184
f 2872/1175/1185 2876/1187/1185 2875/1188/1185
f 2872/1175/1185 2875/1188/1185 2873/1176/1185
f 2853/1156/445 2866/1169/445 2865/1168/445
f 2853/1156/445 2865/1168/445 2854/1157/445
f 2858/1161/1186 2869/1172/1186 2868/1171/1186
f 2858/1161/1186 2868/1171/1186 2856/1159/1186
f 2859/1162/1187 2872/1175/1187 2871/1174/1187
f 2859/1162/1187 2871/1174/1187 2860/1163/1187
f 2862/1165/1188 2874/1177/1188 2876/1172/1188
f 2862/1165/1188 2876/1172/1188 2863/1166/1188
f 2853/1156/449 2856/1159/449 2868/1171/449
f 2853/1156/449 2868/1171/449 2866/1169/449
f 2855/1158/199 2864/1180/199 2861/1181/199
f 2855/1158/199 2861/1181/199 2857/1160/199
f 2862/1165/161 2854/1157/161 2865/1168/161
f 2862/1165/161 2865/1168/161 2874/1177/161
f 2858/1189/162 2860/1163/162 2871/1174/162
f 2858/1189/162 2871/1174/162 2869/1185/162
f 2859/1162/450 2863/1190/450 2876/1187/450
f 2859/1162/450 2876/1187/450 2872/1175/450
f 2867/1191/196 2870/1192/196 2873/1176/196
f 2867/1191/196 2873/1176/196 2875/1188/196
usemtl mat_1
f 2877/159/1189 2878/160/1189 2879/161/1189
f 2877/159/1189 2879/161/1189 2880/162/1189
f 2878/163/449 2881/164/449 2882/165/449
f 2878/163/449 2882/165/449 2879/166/449
f 2881/160/1190 2883/159/1190 2884/162/1190
f 2881/160/1190 2884/162/1190 2882/161/1190
f 2883/159/1191 2885/167/1191 2886/168/1191
f 2883/159/1191 2886/168/1191 2884/162/1191
f 2885/164/450 2887/163/450 2888/166/450
f 2885/164/450 2888/166/450 2886/165/450
f 2887/167/1192 2877/159/1192 2880/162/1192
f 2887/167/1192 2880/162/1192 2888/168/1192
f 2877/169/199 2887/163/199 2885/164/199
f 2885/164/199 2883/170/199 2881/165/199
f 2881/165/199 2878/166/199 2877/169/199
f 2885/164/199 2881/165/199 2877/169/199
f 2888/163/196 2880/169/196 2879/166/196
f 2879/166/196 2882/165/196 2884/170/196
f 2884/170/196 2886/164/196 2888/163/196
f 2879/166/196 2884/170/196 2888/163/196
f 2889/159/1193 2890/160/1193 2891/161/1193
f 2889/159/1193 2891/161/1193 2892/162/1193
f 2890/163/449 2893/164/449 2894/165/449
f 2890/163/449 2894/165/449 2891/166/449
f 2893/160/1194 2895/159/1194 2896/162/1194
f 2893/160/1194 2896/162/1194 2894/161/1194
f 2895/159/1195 2897/167/1195 2898/168/1195
f 2895/159/1195 2898/168/1195 2896/162/1195
f 2897/164/450 2899/163/450 2900/166/450
f 2897/164/450 2900/166/450 2898/165/450
f 2899/167/1196 2889/159/1196 2892/162/1196
f 2899/167/1196 2892/162/1196 2900/168/1196
f 2889/169/199 2899/163/199 2897/164/199
f 2897/164/199 2895/170/199 2893/165/199
f 2893/165/199 2890/166/199 2889/169/199
f 2897/164/199 2893/165/199 2889/169/199
f 2900/163/196 2892/169/196 2891/166/196
f 2891/166/196 2894/165/196 2896/170/196
f 2896/170/196 2898/164/196 2900/163/196
f 2891/166/196 2896/170/196 2900/163/196
f 2901/159/1197 2902/160/1197 2903/161/1197
f 2901/159/1197 2903/161/1197 2904/162/1197
f 2902/163/449 2905/164/449 2906/165/449
f 2902/163/449 2906/165/449 2903/166/449
f 2905/160/1198 2907/159/1198 2908/162/1198
f 2905/160/1198 2908/162/1198 2906/161/1198
f 2907/159/1199 2909/167/1199 2910/168/1199
f 2907/159/1199 2910/168/1199 2908/162/1199
f 2909/164/450 2911/163/450 2912/166/450
f 2909/164/450 2912/166/450 2910/165/450
f 2911/167/1200 2901/159/1200 2904/162/1200
f 2911/167/1200 2904/162/1200 2912/168/1200
f 2901/169/199 2911/163/199 2909/164/199
f 2909/164/199 2907/170/199 2905/165/199
f 2905/165/199 2902/166/199 2901/169/199
f 2909/164/199 2905/165/199 2901/169/199
f 2912/163/196 2904/169/196 2903/166/196
f 2903/166/196 2906/165/196 2908/170/196
f 2908/170/196 2910/164/196 2912/163/196
f 2903/166/196 2908/170/196 2912/163/196
f 2913/159/1201 2914/160/1201 2915/161/1201
f 2913/159/1201 2915/161/1201 2916/162/1201
f 2914/163/449 2917/164/449 2918/165/449
f 2914/163/449 2918/165/449 2915/166/449
f 2917/160/1202 2919/159/1202 2920/162/1202
f 2917/160/1202 2920/162/1202 2918/161/1202
f 2919/159/1203 2921/167/1203 2922/168/1203
f 2919/159/1203 2922/168/1203 2920/162/1203
f 2921/164/450 2923/163/450 2924/166/450
f 2921/164/450 2924/166/450 2922/165/450
f 2923/167/1204 2913/159/1204 2916/162/1204
f 2923/167/1204 2916/162/1204 2924/168/1204
f 2913/169/199 2923/163/199 2921/164/199
f 2921/164/199 2919/170/199 2917/165/199
f 2917/165/199 2914/166/199 2913/169/199
f 2921/164/199 2917/165/199 2913/169/199
f 2924/163/196 2916/169/196 2915/166/196
f 2915/166/196 2918/165/196 2920/170/196
f 2920/170/196 2922/164/196 2924/163/196
f 2915/166/196 2920/170/196 2924/163/196
usemtl mat_9
f 2925/1193/1205 2926/1194/1205 2927/1195/1205
f 2928/1196/1206 2929/1197/1206 2930/1198/1206
f 2931/1199/1207 2932/1200/1207 2933/1201/1207
f 2934/1202/1208 2935/1203/1208 2936/1204/1208
f 2937/1205/1209 2938/1206/1209 2939/1207/1209
f 2940/1208/1210 2941/1209/1210 2942/1210/1210
f 2943/1211/1211 2944/1212/1211 2945/1213/1211
f 2946/1214/1212 2947/1215/1212 2948/1216/1212
f 2927/1195/1213 2929/1197/1213 2928/1196/1213
f 2927/1195/1213 2928/1196/1213 2925/1193/1213
f 2926/1194/1214 2934/1217/1214 2936/1218/1214
f 2926/1194/1214 2936/1218/1214 2927/1195/1214
f 2933/1219/1215 2936/1218/1215 2935/1220/1215
f 2933/1219/1215 2935/1220/1215 2931/1210/1215
f 2929/1197/1216 2933/1219/1216 2932/1221/1216
f 2929/1197/1216 2932/1221/1216 2930/1198/1216
f 2939/1207/1217 2947/1215/1217 2946/1214/1217
f 2939/1207/1217 2946/1214/1217 2937/1205/1217
f 2938/1206/1218 2940/1208/1218 2942/1210/1218
f 2938/1206/1218 2942/1210/1218 2939/1207/1218
f 2941/1222/1219 2943/1223/1219 2945/1219/1219
f 2941/1222/1219 2945/1219/1219 2942/1224/1219
f 2944/1212/1220 2948/1216/1220 2947/1215/1220
f 2944/1212/1220 2947/1215/1220 2945/1213/1220
f 2925/1193/1221 2938/1206/1221 2937/1205/1221
f 2925/1193/1221 2937/1205/1221 2926/1194/1221
f 2930/1198/1222 2941/1209/1222 2940/1208/1222
f 2930/1198/1222 2940/1208/1222 2928/1196/1222
f 2931/1199/1223 2944/1212/1223 2943/1211/1223
f 2931/1199/1223 2943/1211/1223 2932/1200/1223
f 2934/1202/1224 2946/1214/1224 2948/1216/1224
f 2934/1202/1224 2948/1216/1224 2935/1203/1224
f 2925/1193/449 2928/1196/449 2940/1208/449
f 2925/1193/449 2940/1208/449 2938/1206/449
f 2927/1195/199 2936/1218/199 2933/1219/199
f 2927/1195/199 2933/1219/199 2929/1197/199
f 2934/1202/161 2926/1194/161 2937/1205/161
f 2934/1202/161 2937/1205/161 2946/1214/161
f 2930/1225/162 2932/1226/162 2943/1223/162
f 2930/1225/162 2943/1223/162 2941/1205/162
f 2931/1199/450 2935/1203/450 2948/1216/450
f 2931/1199/450 2948/1216/450 2944/1212/450
f 2939/1227/196 2942/1224/196 2945/1219/196
f 2939/1227/196 2945/1219/196 2947/1228/196
usemtl mat_10
f 2949/1229/1225 2950/1229/1225 2951/1229/1225
f 2949/1229/1225 2951/1229/1225 2952/1229/1225
f 2950/1229/1226 2953/1229/1226 2954/1229/1226
f 2950/1229/1226 2954/1229/1226 2951/1229/1226
f 2953/1229/448 2955/1229/448 2956/1229/448
f 2953/1229/448 2956/1229/448 2954/1229/448
f 2955/1229/1227 2957/1229/1227 2958/1229/1227
f 2955/1229/1227 2958/1229/1227 2956/1229/1227
f 2957/1229/1228 2959/1229/1228 2960/1229/1228
f 2957/1229/1228 2960/1229/1228 2958/1229/1228
f 2959/1229/1229 2961/1229/1229 2962/1229/1229
f 2959/1229/1229 2962/1229/1229 2960/1229/1229
f 2961/1229/1230 2963/1229/1230 2964/1229/1230
f 2961/1229/1230 2964/1229/1230 2962/1229/1230
f 2963/1229/445 2965/1229/445 2966/1229/445
f 2963/1229/445 2966/1229/445 2964/1229/445
f 2965/1229/1231 2967/1229/1231 2968/1229/1231
f 2965/1229/1231 2968/1229/1231 2966/1229/1231
f 2967/1229/1232 2969/1229/1232 2970/1229/1232
f 2967/1229/1232 2970/1229/1232 2968/1229/1232
f 2969/1229/1233 2971/1229/1233 2972/1229/1233
f 2969/1229/1233 2972/1229/1233 2970/1229/1233
f 2971/1229/1234 2973/1229/1234 2974/1229/1234
f 2971/1229/1234 2974/1229/1234 2972/1229/1234
f 2973/1229/446 2975/1229/446 2976/1229/446
f 2973/1229/446 2976/1229/446 2974/1229/446
f 2975/1229/1235 2977/1229/1235 2978/1229/1235
f 2975/1229/1235 2978/1229/1235 2976/1229/1235
f 2977/1229/1236 2979/1229/1236 2980/1229/1236
f 2977/1229/1236 2980/1229/1236 2978/1229/1236
f 2979/1229/1237 2981/1229/1237 2982/1229/1237
f 2979/1229/1237 2982/1229/1237 2980/1229/1237
f 2981/1229/1238 2983/1229/1238 2984/1229/1238
f 2981/1229/1238 2984/1229/1238 2982/1229/1238
f 2983/1229/447 2985/1229/447 2986/1229/447
f 2983/1229/447 2986/1229/447 2984/1229/447
f 2985/1229/1239 2987/1229/1239 2988/1229/1239
f 2985/1229/1239 2988/1229/1239 2986/1229/1239
f 2987/1229/1240 2949/1229/1240 2952/1229/1240
f 2987/1229/1240 2952/1229/1240 2988/1229/1240
f 2952/1229/196 2951/1229/196 2989/1229/196
f 2952/1229/196 2989/1229/196 2990/1229/196
f 2951/1229/196 2954/1229/196 2991/1229/196
f 2951/1229/196 2991/1229/196 2989/1229/196
f 2954/1229/196 2956/1229/196 2992/1229/196
f 2954/1229/196 2992/1229/196 2991/1229/196
f 2956/1229/196 2958/1229/196 2993/1229/196
f 2956/1229/196 2993/1229/196 2992/1229/196
f 2958/1229/196 2960/1229/196 2994/1229/196
f 2958/1229/196 2994/1229/196 2993/1229/196
f 2960/1229/196 2962/1229/196 2995/1229/196
f 2960/1229/196 2995/1229/196 2994/1229/196
f 2962/1229/196 2964/1229/196 2996/1229/196
f 2962/1229/196 2996/1229/196 2995/1229/196
f 2964/1229/196 2966/1229/196 2997/1229/196
f 2964/1229/196 2997/1229/196 2996/1229/196
f 2966/1229/196 2968/1229/196 2998/1229/196
f 2966/1229/196 2998/1229/196 2997/1229/196
f 2968/1229/196 2970/1229/196 2999/1229/196
f 2968/1229/196 2999/1229/196 2998/1229/196
f 2970/1229/196 2972/1229/196 3000/1229/196
f 2970/1229/196 3000/1229/196 2999/1229/196
f 2972/1229/196 2974/1229/196 3001/1229/196
f 2972/1229/196 3001/1229/196 3000/1229/196
f 2974/1229/196 2976/1229/196 3002/1229/196
f 2974/1229/196 3002/1229/196 3001/1229/196
f 2976/1229/196 2978/1229/196 3003/1229/196
f 2976/1229/196 3003/1229/196 3002/1229/196
f 2978/1229/196 2980/1229/196 3004/1229/196
f 2978/1229/196 3004/1229/196 3003/1229/196
f 2980/1229/196 2982/1229/196 3005/1229/196
f 2980/1229/196 3005/1229/196 3004/1229/196
f 2982/1229/196 2984/1229/196 3006/1229/196
f 2982/1229/196 3006/1229/196 3005/1229/196
f 2984/1229/196 2986/1229/196 3007/1229/196
f 2984/1229/196 3007/1229/196 3006/1229/196
f 2986/1229/196 2988/1229/196 3008/1229/196
f 2986/1229/196 3008/1229/196 3007/1229/196
f 2988/1229/196 2952/1229/196 2990/1229/196
f 2988/1229/196 2990/1229/196 3008/1229/196
f 2990/1229/1241 2989/1229/1241 3009/1229/1241
f 2990/1229/1241 3009/1229/1241 3010/1229/1241
f 2989/1229/1242 2991/1229/1242 3011/1229/1242
f 2989/1229/1242 3011/1229/1242 3009/1229/1242
f 2991/1229/446 2992/1229/446 3012/1229/446
f 2991/1229/446 3012/1229/446 3011/1229/446
f 2992/1229/1243 2993/1229/1243 3013/1229/1243
f 2992/1229/1243 3013/1229/1243 3012/1229/1243
f 2993/1229/1244 2994/1229/1244 3014/1229/1244
f 2993/1229/1244 3014/1229/1244 3013/1229/1244
f 2994/1229/1245 2995/1229/1245 3015/1229/1245
f 2994/1229/1245 3015/1229/1245 3014/1229/1245
f 2995/1229/1246 2996/1229/1246 3016/1229/1246
f 2995/1229/1246 3016/1229/1246 3015/1229/1246
f 2996/1229/447 2997/1229/447 3017/1229/447
f 2996/1229/447 3017/1229/447 3016/1229/447
f 2997/1229/1247 2998/1229/1247 3018/1229/1247
f 2997/1229/1247 3018/1229/1247 3017/1229/1247
f 2998/1229/1248 2999/1229/1248 3019/1229/1248
f 2998/1229/1248 3019/1229/1248 3018/1229/1248
f 2999/1229/1249 3000/1229/1249 3020/1229/1249
f 2999/1229/1249 3020/1229/1249 3019/1229/1249
f 3000/1229/1250 3001/1229/1250 3021/1229/1250
f 3000/1229/1250 3021/1229/1250 3020/1229/1250
f 3001/1229/448 3002/1229/448 3022/1229/448
f 3001/1229/448 3022/1229/448 3021/1229/448
f 3002/1229/1251 3003/1229/1251 3023/1229/1251
f 3002/1229/1251 3023/1229/1251 3022/1229/1251
f 3003/1229/1252 3004/1229/1252 3024/1229/1252
f 3003/1229/1252 3024/1229/1252 3023/1229/1252
f 3004/1229/1253 3005/1229/1253 3025/1229/1253
f 3004/1229/1253 3025/1229/1253 3024/1229/1253
f 3005/1229/1254 3006/1229/1254 3026/1229/1254
f 3005/1229/1254 3026/1229/1254 3025/1229/1254
f 3006/1229/445 3007/1229/445 3027/1229/445
f 3006/1229/445 3027/1229/445 3026/1229/445
f 3007/1229/1255 3008/1229/1255 3028/1229/1255
f 3007/1229/1255 3028/1229/1255 3027/1229/1255
f 3008/1229/1256 2990/1229/1256 3010/1229/1256
f 3008/1229/1256 3010/1229/1256 3028/1229/1256
f 3010/1229/199 3009/1229/199 2950/1229/199
f 3010/1229/199 2950/1229/199 2949/1229/199
f 3009/1229/199 3011/1229/199 2953/1229/199
f 3009/1229/199 2953/1229/199 2950/1229/199
f 3011/1229/199 3012/1229/199 2955/1229/199
f 3011/1229/199 2955/1229/199 2953/1229/199
f 3012/1229/199 3013/1229/199 2957/1229/199
f 3012/1229/199 2957/1229/199 2955/1229/199
f 3013/1229/199 3014/1229/199 2959/1229/199
f 3013/1229/199 2959/1229/199 2957/1229/199
f 3014/1229/199 3015/1229/199 2961/1229/199
f 3014/1229/199 2961/1229/199 2959/1229/199
f 3015/1229/199 3016/1229/199 2963/1229/199
f 3015/1229/199 2963/1229/199 2961/1229/199
f 3016/1229/199 3017/1229/199 2965/1229/199
f 3016/1229/199 2965/1229/199 2963/1229/199
f 3017/1229/199 3018/1229/199 2967/1229/199
f 3017/1229/199 2967/1229/199 2965/1229/199
f 3018/1229/199 3019/1229/199 2969/1229/199
f 3018/1229/199 2969/1229/199 2967/1229/199
f 3019/1229/199 3020/1229/199 2971/1229/199
f 3019/1229/199 2971/1229/199 2969/1229/199
f 3020/1229/199 3021/1229/199 2973/1229/199
f 3020/1229/199 2973/1229/199 2971/1229/199
f 3021/1229/199 3022/1229/199 2975/1229/199
f 3021/1229/199 2975/1229/199 2973/1229/199
f 3022/1229/199 3023/1229/199 2977/1229/199
f 3022/1229/199 2977/1229/199 2975/1229/199
f 3023/1229/199 3024/1229/199 2979/1229/199
f 3023/1229/199 2979/1229/199 2977/1229/199
f 3024/1229/199 3025/1229/199 2981/1229/199
f 3024/1229/199 2981/1229/199 2979/1229/199
f 3025/1229/199 3026/1229/199 2983/1229/199
f 3025/1229/199 2983/1229/199 2981/1229/199
f 3026/1229/199 3027/1229/199 2985/1229/199
f 3026/1229/199 2985/1229/199 2983/1229/199
f 3027/1229/199 3028/1229/199 2987/1229/199
f 3027/1229/199 2987/1229/199 2985/1229/199
f 3028/1229/199 3010/1229/199 2949/1229/199
f 3028/1229/199 2949/1229/199 2987/1229/199
usemtl mat_11
f 3029/1229/1257 3030/1229/1257 3031/1229/1257
f 3029/1229/1257 3031/1229/1257 3032/1229/1257
f 3030/1229/1250 3033/1229/1250 3034/1229/1250
f 3030/1229/1250 3034/1229/1250 3031/1229/1250
f 3033/1229/448 3035/1229/448 3036/1229/448
f 3033/1229/448 3036/1229/448 3034/1229/448
f 3035/1229/1251 3037/1229/1251 3038/1229/1251
f 3035/1229/1251 3038/1229/1251 3036/1229/1251
f 3037/1229/1258 3039/1229/1258 3040/1229/1258
f 3037/1229/1258 3040/1229/1258 3038/1229/1258
f 3039/1229/1259 3041/1229/1259 3042/1229/1259
f 3039/1229/1259 3042/1229/1259 3040/1229/1259
f 3041/1229/1254 3043/1229/1254 3044/1229/1254
f 3041/1229/1254 3044/1229/1254 3042/1229/1254
f 3043/1229/445 3045/1229/445 3046/1229/445
f 3043/1229/445 3046/1229/445 3044/1229/445
f 3045/1229/1255 3047/1229/1255 3048/1229/1255
f 3045/1229/1255 3048/1229/1255 3046/1229/1255
f 3047/1229/1260 3049/1229/1260 3050/1229/1260
f 3047/1229/1260 3050/1229/1260 3048/1229/1260
f 3049/1229/1261 3051/1229/1261 3052/1229/1261
f 3049/1229/1261 3052/1229/1261 3050/1229/1261
f 3051/1229/1242 3053/1229/1242 3054/1229/1242
f 3051/1229/1242 3054/1229/1242 3052/1229/1242
f 3053/1229/446 3055/1229/446 3056/1229/446
f 3053/1229/446 3056/1229/446 3054/1229/446
f 3055/1229/1243 3057/1229/1243 3058/1229/1243
f 3055/1229/1243 3058/1229/1243 3056/1229/1243
f 3057/1229/1262 3059/1229/1262 3060/1229/1262
f 3057/1229/1262 3060/1229/1262 3058/1229/1262
f 3059/1229/1263 3061/1229/1263 3062/1229/1263
f 3059/1229/1263 3062/1229/1263 3060/1229/1263
f 3061/1229/1246 3063/1229/1246 3064/1229/1246
f 3061/1229/1246 3064/1229/1246 3062/1229/1246
f 3063/1229/447 3065/1229/447 3066/1229/447
f 3063/1229/447 3066/1229/447 3064/1229/447
f 3065/1229/1247 3067/1229/1247 3068/1229/1247
f 3065/1229/1247 3068/1229/1247 3066/1229/1247
f 3067/1229/1264 3029/1229/1264 3032/1229/1264
f 3067/1229/1264 3032/1229/1264 3068/1229/1264
f 3032/1229/196 3031/1229/196 3069/1229/196
f 3032/1229/196 3069/1229/196 3070/1229/196
f 3031/1229/196 3034/1229/196 3071/1229/196
f 3031/1229/196 3071/1229/196 3069/1229/196
f 3034/1229/196 3036/1229/196 3072/1229/196
f 3034/1229/196 3072/1229/196 3071/1229/196
f 3036/1229/196 3038/1229/196 3073/1229/196
f 3036/1229/196 3073/1229/196 3072/1229/196
f 3038/1229/196 3040/1229/196 3074/1229/196
f 3038/1229/196 3074/1229/196 3073/1229/196
f 3040/1229/196 3042/1229/196 3075/1229/196
f 3040/1229/196 3075/1229/196 3074/1229/196
f 3042/1229/196 3044/1229/196 3076/1229/196
f 3042/1229/196 3076/1229/196 3075/1229/196
f 3044/1229/196 3046/1229/196 3077/1229/196
f 3044/1229/196 3077/1229/196 3076/1229/196
f 3046/1229/196 3048/1229/196 3078/1229/196
f 3046/1229/196 3078/1229/196 3077/1229/196
f 3048/1229/196 3050/1229/196 3079/1229/196
f 3048/1229/196 3079/1229/196 3078/1229/196
f 3050/1229/196 3052/1229/196 3080/1229/196
f 3050/1229/196 3080/1229/196 3079/1229/196
f 3052/1229/196 3054/1229/196 3081/1229/196
f 3052/1229/196 3081/1229/196 3080/1229/196
f 3054/1229/196 3056/1229/196 3082/1229/196
f 3054/1229/196 3082/1229/196 3081/1229/196
f 3056/1229/196 3058/1229/196 3083/1229/196
f 3056/1229/196 3083/1229/196 3082/1229/196
f 3058/1229/196 3060/1229/196 3084/1229/196
f 3058/1229/196 3084/1229/196 3083/1229/196
f 3060/1229/196 3062/1229/196 3085/1229/196
f 3060/1229/196 3085/1229/196 3084/1229/196
f 3062/1229/196 3064/1229/196 3086/1229/196
f 3062/1229/196 3086/1229/196 3085/1229/196
f 3064/1229/196 3066/1229/196 3087/1229/196
f 3064/1229/196 3087/1229/196 3086/1229/196
f 3066/1229/196 3068/1229/196 3088/1229/196
f 3066/1229/196 3088/1229/196 3087/1229/196
f 3068/1229/196 3032/1229/196 3070/1229/196
f 3068/1229/196 3070/1229/196 3088/1229/196
f 3070/1229/1241 3069/1229/1241 3089/1229/1241
f 3070/1229/1241 3089/1229/1241 3090/1229/1241
f 3069/1229/1242 3071/1229/1242 3091/1229/1242
f 3069/1229/1242 3091/1229/1242 3089/1229/1242
f 3071/1229/446 3072/1229/446 3092/1229/446
f 3071/1229/446 3092/1229/446 3091/1229/446
f 3072/1229/1243 3073/1229/1243 3093/1229/1243
f 3072/1229/1243 3093/1229/1243 3092/1229/1243
f 3073/1229/1244 3074/1229/1244 3094/1229/1244
f 3073/1229/1244 3094/1229/1244 3093/1229/1244
f 3074/1229/1245 3075/1229/1245 3095/1229/1245
f 3074/1229/1245 3095/1229/1245 3094/1229/1245
f 3075/1229/1246 3076/1229/1246 3096/1229/1246
f 3075/1229/1246 3096/1229/1246 3095/1229/1246
f 3076/1229/447 3077/1229/447 3097/1229/447
f 3076/1229/447 3097/1229/447 3096/1229/447
f 3077/1229/1247 3078/1229/1247 3098/1229/1247
f 3077/1229/1247 3098/1229/1247 3097/1229/1247
f 3078/1229/1248 3079/1229/1248 3099/1229/1248
f 3078/1229/1248 3099/1229/1248 3098/1229/1248
f 3079/1229/1249 3080/1229/1249 3100/1229/1249
f 3079/1229/1249 3100/1229/1249 3099/1229/1249
f 3080/1229/1250 3081/1229/1250 3101/1229/1250
f 3080/1229/1250 3101/1229/1250 3100/1229/1250
f 3081/1229/448 3082/1229/448 3102/1229/448
f 3081/1229/448 3102/1229/448 3101/1229/448
f 3082/1229/1251 3083/1229/1251 3103/1229/1251
f 3082/1229/1251 3103/1229/1251 3102/1229/1251
f 3083/1229/1252 3084/1229/1252 3104/1229/1252
f 3083/1229/1252 3104/1229/1252 3103/1229/1252
f 3084/1229/1253 3085/1229/1253 3105/1229/1253
f 3084/1229/1253 3105/1229/1253 3104/1229/1253
f 3085/1229/1254 3086/1229/1254 3106/1229/1254
f 3085/1229/1254 3106/1229/1254 3105/1229/1254
f 3086/1229/445 3087/1229/445 3107/1229/445
f 3086/1229/445 3107/1229/445 3106/1229/445
f 3087/1229/1255 3088/1229/1255 3108/1229/1255
f 3087/1229/1255 3108/1229/1255 3107/1229/1255
f 3088/1229/1256 3070/1229/1256 3090/1229/1256
f 3088/1229/1256 3090/1229/1256 3108/1229/1256
f 3090/1229/199 3089/1229/199 3030/1229/199
f 3090/1229/199 3030/1229/199 3029/1229/199
f 3089/1229/199 3091/1229/199 3033/1229/199
f 3089/1229/199 3033/1229/199 3030/1229/199
f 3091/1229/199 3092/1229/199 3035/1229/199
f 3091/1229/199 3035/1229/199 3033/1229/199
f 3092/1229/199 3093/1229/199 3037/1229/199
f 3092/1229/199 3037/1229/199 3035/1229/199
f 3093/1229/199 3094/1229/199 3039/1229/199
f 3093/1229/199 3039/1229/199 3037/1229/199
f 3094/1229/199 3095/1229/199 3041/1229/199
f 3094/1229/199 3041/1229/199 3039/1229/199
f 3095/1229/199 3096/1229/199 3043/1229/199
f 3095/1229/199 3043/1229/199 3041/1229/199
f 3096/1229/199 3097/1229/199 3045/1229/199
f 3096/1229/199 3045/1229/199 3043/1229/199
f 3097/1229/199 3098/1229/199 3047/1229/199
f 3097/1229/199 3047/1229/199 3045/1229/199
f 3098/1229/199 3099/1229/199 3049/1229/199
f 3098/1229/199 3049/1229/199 3047/1229/199
f 3099/1229/199 3100/1229/199 3051/1229/199
f 3099/1229/199 3051/1229/199 3049/1229/199
f 3100/1229/199 3101/1229/199 3053/1229/199
f 3100/1229/199 3053/1229/199 3051/1229/199
f 3101/1229/199 3102/1229/199 3055/1229/199
f 3101/1229/199 3055/1229/199 3053/1229/199
f 3102/1229/199 3103/1229/199 3057/1229/199
f 3102/1229/199 3057/1229/199 3055/1229/199
f 3103/1229/199 3104/1229/199 3059/1229/199
f 3103/1229/199 3059/1229/199 3057/1229/199
f 3104/1229/199 3105/1229/199 3061/1229/199
f 3104/1229/199 3061/1229/199 3059/1229/199
f 3105/1229/199 3106/1229/199 3063/1229/199
f 3105/1229/199 3063/1229/199 3061/1229/199
f 3106/1229/199 3107/1229/199 3065/1229/199
f 3106/1229/199 3065/1229/199 3063/1229/199
f 3107/1229/199 3108/1229/199 3067/1229/199
f 3107/1229/199 3067/1229/199 3065/1229/199
f 3108/1229/199 3090/1229/199 3029/1229/199
f 3108/1229/199 3029/1229/199 3067/1229/199
usemtl mat_12
f 3109/1229/1265 3110/1229/1265 3111/1229/1265
f 3109/1229/1265 3111/1229/1265 3112/1229/1265
f 3110/1229/1266 3113/1229/1266 3114/1229/1266
f 3110/1229/1266 3114/1229/1266 3111/1229/1266
f 3113/1229/448 3115/1229/448 3116/1229/448
f 3113/1229/448 3116/1229/448 3114/1229/448
f 3115/1229/1267 3117/1229/1267 3118/1229/1267
f 3115/1229/1267 3118/1229/1267 3116/1229/1267
f 3117/1229/1268 3119/1229/1268 3120/1229/1268
f 3117/1229/1268 3120/1229/1268 3118/1229/1268
f 3119/1229/1269 3121/1229/1269 3122/1229/1269
f 3119/1229/1269 3122/1229/1269 3120/1229/1269
f 3121/1229/1270 3123/1229/1270 3124/1229/1270
f 3121/1229/1270 3124/1229/1270 3122/1229/1270
f 3123/1229/445 3125/1229/445 3126/1229/445
f 3123/1229/445 3126/1229/445 3124/1229/445
f 3125/1229/1271 3127/1229/1271 3128/1229/1271
f 3125/1229/1271 3128/1229/1271 3126/1229/1271
f 3127/1229/1272 3129/1229/1272 3130/1229/1272
f 3127/1229/1272 3130/1229/1272 3128/1229/1272
f 3129/1229/1273 3131/1229/1273 3132/1229/1273
f 3129/1229/1273 3132/1229/1273 3130/1229/1273
f 3131/1229/1274 3133/1229/1274 3134/1229/1274
f 3131/1229/1274 3134/1229/1274 3132/1229/1274
f 3133/1229/446 3135/1229/446 3136/1229/446
f 3133/1229/446 3136/1229/446 3134/1229/446
f 3135/1229/1275 3137/1229/1275 3138/1229/1275
f 3135/1229/1275 3138/1229/1275 3136/1229/1275
f 3137/1229/1276 3139/1229/1276 3140/1229/1276
f 3137/1229/1276 3140/1229/1276 3138/1229/1276
f 3139/1229/1277 3141/1229/1277 3142/1229/1277
f 3139/1229/1277 3142/1229/1277 3140/1229/1277
f 3141/1229/1278 3143/1229/1278 3144/1229/1278
f 3141/1229/1278 3144/1229/1278 3142/1229/1278
f 3143/1229/447 3145/1229/447 3146/1229/447
f 3143/1229/447 3146/1229/447 3144/1229/447
f 3145/1229/1279 3147/1229/1279 3148/1229/1279
f 3145/1229/1279 3148/1229/1279 3146/1229/1279
f 3147/1229/1280 3109/1229/1280 3112/1229/1280
f 3147/1229/1280 3112/1229/1280 3148/1229/1280
f 3112/1229/196 3111/1229/196 3149/1229/196
f 3112/1229/196 3149/1229/196 3150/1229/196
f 3111/1229/196 3114/1229/196 3151/1229/196
f 3111/1229/196 3151/1229/196 3149/1229/196
f 3114/1229/196 3116/1229/196 3152/1229/196
f 3114/1229/196 3152/1229/196 3151/1229/196
f 3116/1229/196 3118/1229/196 3153/1229/196
f 3116/1229/196 3153/1229/196 3152/1229/196
f 3118/1229/196 3120/1229/196 3154/1229/196
f 3118/1229/196 3154/1229/196 3153/1229/196
f 3120/1229/196 3122/1229/196 3155/1229/196
f 3120/1229/196 3155/1229/196 3154/1229/196
f 3122/1229/196 3124/1229/196 3156/1229/196
f 3122/1229/196 3156/1229/196 3155/1229/196
f 3124/1229/196 3126/1229/196 3157/1229/196
f 3124/1229/196 3157/1229/196 3156/1229/196
f 3126/1229/196 3128/1229/196 3158/1229/196
f 3126/1229/196 3158/1229/196 3157/1229/196
f 3128/1229/196 3130/1229/196 3159/1229/196
f 3128/1229/196 3159/1229/196 3158/1229/196
f 3130/1229/196 3132/1229/196 3160/1229/196
f 3130/1229/196 3160/1229/196 3159/1229/196
f 3132/1229/196 3134/1229/196 3161/1229/196
f 3132/1229/196 3161/1229/196 3160/1229/196
f 3134/1229/196 3136/1229/196 3162/1229/196
f 3134/1229/196 3162/1229/196 3161/1229/196
f 3136/1229/196 3138/1229/196 3163/1229/196
f 3136/1229/196 3163/1229/196 3162/1229/196
f 3138/1229/196 3140/1229/196 3164/1229/196
f 3138/1229/196 3164/1229/196 3163/1229/196
f 3140/1229/196 3142/1229/196 3165/1229/196
f 3140/1229/196 3165/1229/196 3164/1229/196
f 3142/1229/196 3144/1229/196 3166/1229/196
f 3142/1229/196 3166/1229/196 3165/1229/196
f 3144/1229/196 3146/1229/196 3167/1229/196
f 3144/1229/196 3167/1229/196 3166/1229/196
f 3146/1229/196 3148/1229/196 3168/1229/196
f 3146/1229/196 3168/1229/196 3167/1229/196
f 3148/1229/196 3112/1229/196 3150/1229/196
f 3148/1229/196 3150/1229/196 3168/1229/196
f 3150/1229/1241 3149/1229/1241 3069/1229/1241
f 3150/1229/1241 3069/1229/1241 3070/1229/1241
f 3149/1229/1242 3151/1229/1242 3071/1229/1242
f 3149/1229/1242 3071/1229/1242 3069/1229/1242
f 3151/1229/446 3152/1229/446 3072/1229/446
f 3151/1229/446 3072/1229/446 3071/1229/446
f 3152/1229/1243 3153/1229/1243 3073/1229/1243
f 3152/1229/1243 3073/1229/1243 3072/1229/1243
f 3153/1229/1244 3154/1229/1244 3074/1229/1244
f 3153/1229/1244 3074/1229/1244 3073/1229/1244
f 3154/1229/1245 3155/1229/1245 3075/1229/1245
f 3154/1229/1245 3075/1229/1245 3074/1229/1245
f 3155/1229/1246 3156/1229/1246 3076/1229/1246
f 3155/1229/1246 3076/1229/1246 3075/1229/1246
f 3156/1229/447 3157/1229/447 3077/1229/447
f 3156/1229/447 3077/1229/447 3076/1229/447
f 3157/1229/1247 3158/1229/1247 3078/1229/1247
f 3157/1229/1247 3078/1229/1247 3077/1229/1247
f 3158/1229/1248 3159/1229/1248 3079/1229/1248
f 3158/1229/1248 3079/1229/1248 3078/1229/1248
f 3159/1229/1249 3160/1229/1249 3080/1229/1249
f 3159/1229/1249 3080/1229/1249 3079/1229/1249
f 3160/1229/1250 3161/1229/1250 3081/1229/1250
f 3160/1229/1250 3081/1229/1250 3080/1229/1250
f 3161/1229/448 3162/1229/448 3082/1229/448
f 3161/1229/448 3082/1229/448 3081/1229/448
f 3162/1229/1251 3163/1229/1251 3083/1229/1251
f 3162/1229/1251 3083/1229/1251 3082/1229/1251
f 3163/1229/1252 3164/1229/1252 3084/1229/1252
f 3163/1229/1252 3084/1229/1252 3083/1229/1252
f 3164/1229/1253 3165/1229/1253 3085/1229/1253
f 3164/1229/1253 3085/1229/1253 3084/1229/1253
f 3165/1229/1254 3166/1229/1254 3086/1229/1254
f 3165/1229/1254 3086/1229/1254 3085/1229/1254
f 3166/1229/445 3167/1229/445 3087/1229/445
f 3166/1229/445 3087/1229/445 3086/1229/445
f 3167/1229/1255 3168/1229/1255 3088/1229/1255
f 3167/1229/1255 3088/1229/1255 3087/1229/1255
f 3168/1229/1256 3150/1229/1256 3070/1229/1256
f 3168/1229/1256 3070/1229/1256 3088/1229/1256
f 3070/1229/199 3069/1229/199 3110/1229/199
f 3070/1229/199 3110/1229/199 3109/1229/199
f 3069/1229/199 3071/1229/199 3113/1229/199
f 3069/1229/199 3113/1229/199 3110/1229/199
f 3071/1229/199 3072/1229/199 3115/1229/199
f 3071/1229/199 3115/1229/199 3113/1229/199
f 3072/1229/199 3073/1229/199 3117/1229/199
f 3072/1229/199 3117/1229/199 3115/1229/199
f 3073/1229/199 3074/1229/199 3119/1229/199
f 3073/1229/199 3119/1229/199 3117/1229/199
f 3074/1229/199 3075/1229/199 3121/1229/199
f 3074/1229/199 3121/1229/199 3119/1229/199
f 3075/1229/199 3076/1229/199 3123/1229/199
f 3075/1229/199 3123/1229/199 3121/1229/199
f 3076/1229/199 3077/1229/199 3125/1229/199
f 3076/1229/199 3125/1229/199 3123/1229/199
f 3077/1229/199 3078/1229/199 3127/1229/199
f 3077/1229/199 3127/1229/199 3125/1229/199
f 3078/1229/199 3079/1229/199 3129/1229/199
f 3078/1229/199 3129/1229/199 3127/1229/199
f 3079/1229/199 3080/1229/199 3131/1229/199
f 3079/1229/199 3131/1229/199 3129/1229/199
f 3080/1229/199 3081/1229/199 3133/1229/199
f 3080/1229/199 3133/1229/199 3131/1229/199
f 3081/1229/199 3082/1229/199 3135/1229/199
f 3081/1229/199 3135/1229/199 3133/1229/199
f 3082/1229/199 3083/1229/199 3137/1229/199
f 3082/1229/199 3137/1229/199 3135/1229/199
f 3083/1229/199 3084/1229/199 3139/1229/199
f 3083/1229/199 3139/1229/199 3137/1229/199
f 3084/1229/199 3085/1229/199 3141/1229/199
f 3084/1229/199 3141/1229/199 3139/1229/199
f 3085/1229/199 3086/1229/199 3143/1229/199
f 3085/1229/199 3143/1229/199 3141/1229/199
f 3086/1229/199 3087/1229/199 3145/1229/199
f 3086/1229/199 3145/1229/199 3143/1229/199
f 3087/1229/199 3088/1229/199 3147/1229/199
f 3087/1229/199 3147/1229/199 3145/1229/199
f 3088/1229/199 3070/1229/199 3109/1229/199
f 3088/1229/199 3109/1229/199 3147/1229/199
usemtl mat_11
f 3169/1229/199 3170/1229/199 3171/1229/199
f 3171/1229/199 3172/1229/199 3173/1229/199
f 3173/1229/199 3174/1229/199 3169/1229/199
f 3171/1229/199 3173/1229/199 3169/1229/199
f 3175/1229/196 3176/1229/196 3177/1229/196
f 3177/1229/196 3178/1229/196 3179/1229/196
f 3179/1229/196 3180/1229/196 3175/1229/196
f 3177/1229/196 3179/1229/196 3175/1229/196
f 3169/1229/1281 3174/1229/1281 3177/1229/1281
f 3169/1229/1281 3177/1229/1281 3176/1229/1281
f 3174/1229/161 3173/1229/161 3178/1229/161
f 3174/1229/161 3178/1229/161 3177/1229/161
f 3173/1229/1282 3172/1229/1282 3179/1229/1282
f 3173/1229/1282 3179/1229/1282 3178/1229/1282
f 3172/1229/1283 3171/1229/1283 3180/1229/1283
f 3172/1229/1283 3180/1229/1283 3179/1229/1283
f 3171/1229/162 3170/1229/162 3175/1229/162
f 3171/1229/162 3175/1229/162 3180/1229/162
f 3170/1229/1284 3169/1229/1284 3176/1229/1284
f 3170/1229/1284 3176/1229/1284 3175/1229/1284
f 3181/1229/199 3182/1229/199 3183/1229/199
f 3183/1229/199 3184/1229/199 3185/1229/199
f 3185/1229/199 3186/1229/199 3181/1229/199
f 3183/1229/199 3185/1229/199 3181/1229/199
f 3187/1229/196 3188/1229/196 3189/1229/196
f 3189/1229/196 3190/1229/196 3191/1229/196
f 3191/1229/196 3192/1229/196 3187/1229/196
f 3189/1229/196 3191/1229/196 3187/1229/196
f 3181/1229/1281 3186/1229/1281 3189/1229/1281
f 3181/1229/1281 3189/1229/1281 3188/1229/1281
f 3186/1229/161 3185/1229/161 3190/1229/161
f 3186/1229/161 3190/1229/161 3189/1229/161
f 3185/1229/1282 3184/1229/1282 3191/1229/1282
f 3185/1229/1282 3191/1229/1282 3190/1229/1282
f 3184/1229/1283 3183/1229/1283 3192/1229/1283
f 3184/1229/1283 3192/1229/1283 3191/1229/1283
f 3183/1229/162 3182/1229/162 3187/1229/162
f 3183/1229/162 3187/1229/162 3192/1229/162
f 3182/1229/1284 3181/1229/1284 3188/1229/1284
f 3182/1229/1284 3188/1229/1284 3187/1229/1284
f 3193/1229/199 3194/1229/199 3195/1229/199
f 3195/1229/199 3196/1229/199 3197/1229/199
f 3197/1229/199 3198/1229/199 3193/1229/199
f 3195/1229/199 3197/1229/199 3193/1229/199
f 3199/1229/196 3200/1229/196 3201/1229/196
f 3201/1229/196 3202/1229/196 3203/1229/196
f 3203/1229/196 3204/1229/196 3199/1229/196
f 3201/1229/196 3203/1229/196 3199/1229/196
f 3193/1229/1281 3198/1229/1281 3201/1229/1281
f 3193/1229/1281 3201/1229/1281 3200/1229/1281
f 3198/1229/161 3197/1229/161 3202/1229/161
f 3198/1229/161 3202/1229/161 3201/1229/161
f 3197/1229/1282 3196/1229/1282 3203/1229/1282
f 3197/1229/1282 3203/1229/1282 3202/1229/1282
f 3196/1229/1283 3195/1229/1283 3204/1229/1283
f 3196/1229/1283 3204/1229/1283 3203/1229/1283
f 3195/1229/162 3194/1229/162 3199/1229/162
f 3195/1229/162 3199/1229/162 3204/1229/162
f 3194/1229/1284 3193/1229/1284 3200/1229/1284
f 3194/1229/1284 3200/1229/1284 3199/1229/1284
f 3205/1229/199 3206/1229/199 3207/1229/199
f 3207/1229/199 3208/1229/199 3209/1229/199
f 3209/1229/199 3210/1229/199 3205/1229/199
f 3207/1229/199 3209/1229/199 3205/1229/199
f 3211/1229/196 3212/1229/196 3213/1229/196
f 3213/1229/196 3214/1229/196 3215/1229/196
f 3215/1229/196 3216/1229/196 3211/1229/196
f 3213/1229/196 3215/1229/196 3211/1229/196
f 3205/1229/1281 3210/1229/1281 3213/1229/1281
f 3205/1229/1281 3213/1229/1281 3212/1229/1281
f 3210/1229/161 3209/1229/161 3214/1229/161
f 3210/1229/161 3214/1229/161 3213/1229/161
f 3209/1229/1282 3208/1229/1282 3215/1229/1282
f 3209/1229/1282 3215/1229/1282 3214/1229/1282
f 3208/1229/1283 3207/1229/1283 3216/1229/1283
f 3208/1229/1283 3216/1229/1283 3215/1229/1283
f 3207/1229/162 3206/1229/162 3211/1229/162
f 3207/1229/162 3211/1229/162 3216/1229/162
f 3206/1229/1284 3205/1229/1284 3212/1229/1284
f 3206/1229/1284 3212/1229/1284 3211/1229/1284
f 3217/1229/199 3218/1229/199 3219/1229/199
f 3219/1229/199 3220/1229/199 3221/1229/199
f 3221/1229/199 3222/1229/199 3217/1229/199
f 3219/1229/199 3221/1229/199 3217/1229/199
f 3223/1229/196 3224/1229/196 3225/1229/196
f 3225/1229/196 3226/1229/196 3227/1229/196
f 3227/1229/196 3228/1229/196 3223/1229/196
f 3225/1229/196 3227/1229/196 3223/1229/196
f 3217/1229/1281 3222/1229/1281 3225/1229/1281
f 3217/1229/1281 3225/1229/1281 3224/1229/1281
f 3222/1229/161 3221/1229/161 3226/1229/161
f 3222/1229/161 3226/1229/161 3225/1229/161
f 3221/1229/1282 3220/1229/1282 3227/1229/1282
f 3221/1229/1282 3227/1229/1282 3226/1229/1282
f 3220/1229/1283 3219/1229/1283 3228/1229/1283
f 3220/1229/1283 3228/1229/1283 3227/1229/1283
f 3219/1229/162 3218/1229/162 3223/1229/162
f 3219/1229/162 3223/1229/162 3228/1229/162
f 3218/1229/1284 3217/1229/1284 3224/1229/1284
f 3218/1229/1284 3224/1229/1284 3223/1229/1284
f 3229/1229/199 3230/1229/199 3231/1229/199
f 3231/1229/199 3232/1229/199 3233/1229/199
f 3233/1229/199 3234/1229/199 3229/1229/199
f 3231/1229/199 3233/1229/199 3229/1229/199
f 3235/1229/196 3236/1229/196 3237/1229/196
f 3237/1229/196 3238/1229/196 3239/1229/196
f 3239/1229/196 3240/1229/196 3235/1229/196
f 3237/1229/196 3239/1229/196 3235/1229/196
f 3229/1229/1281 3234/1229/1281 3237/1229/1281
f 3229/1229/1281 3237/1229/1281 3236/1229/1281
f 3234/1229/161 3233/1229/161 3238/1229/161
f 3234/1229/161 3238/1229/161 3237/1229/161
f 3233/1229/1282 3232/1229/1282 3239/1229/1282
f 3233/1229/1282 3239/1229/1282 3238/1229/1282
f 3232/1229/1283 3231/1229/1283 3240/1229/1283
f 3232/1229/1283 3240/1229/1283 3239/1229/1283
f 3231/1229/162 3230/1229/162 3235/1229/162
f 3231/1229/162 3235/1229/162 3240/1229/162
f 3230/1229/1284 3229/1229/1284 3236/1229/1284
f 3230/1229/1284 3236/1229/1284 3235/1229/1284
f 3241/1229/199 3242/1229/199 3243/1229/199
f 3243/1229/199 3244/1229/199 3245/1229/199
f 3245/1229/199 3246/1229/199 3241/1229/199
f 3243/1229/199 3245/1229/199 3241/1229/199
f 3247/1229/196 3248/1229/196 3249/1229/196
f 3249/1229/196 3250/1229/196 3251/1229/196
f 3251/1229/196 3252/1229/196 3247/1229/196
f 3249/1229/196 3251/1229/196 3247/1229/196
f 3241/1229/1281 3246/1229/1281 3249/1229/1281
f 3241/1229/1281 3249/1229/1281 3248/1229/1281
f 3246/1229/161 3245/1229/161 3250/1229/161
f 3246/1229/161 3250/1229/161 3249/1229/161
f 3245/1229/1282 3244/1229/1282 3251/1229/1282
f 3245/1229/1282 3251/1229/1282 3250/1229/1282
f 3244/1229/1283 3243/1229/1283 3252/1229/1283
f 3244/1229/1283 3252/1229/1283 3251/1229/1283
f 3243/1229/162 3242/1229/162 3247/1229/162
f 3243/1229/162 3247/1229/162 3252/1229/162
f 3242/1229/1284 3241/1229/1284 3248/1229/1284
f 3242/1229/1284 3248/1229/1284 3247/1229/1284
f 3253/1229/199 3254/1229/199 3255/1229/199
f 3255/1229/199 3256/1229/199 3257/1229/199
f 3257/1229/199 3258/1229/199 3253/1229/199
f 3255/1229/199 3257/1229/199 3253/1229/199
f 3259/1229/196 3260/1229/196 3261/1229/196
f 3261/1229/196 3262/1229/196 3263/1229/196
f 3263/1229/196 3264/1229/196 3259/1229/196
f 3261/1229/196 3263/1229/196 3259/1229/196
f 3253/1229/1281 3258/1229/1281 3261/1229/1281
f 3253/1229/1281 3261/1229/1281 3260/1229/1281
f 3258/1229/161 3257/1229/161 3262/1229/161
f 3258/1229/161 3262/1229/161 3261/1229/161
f 3257/1229/1282 3256/1229/1282 3263/1229/1282
f 3257/1229/1282 3263/1229/1282 3262/1229/1282
f 3256/1229/1283 3255/1229/1283 3264/1229/1283
f 3256/1229/1283 3264/1229/1283 3263/1229/1283
f 3255/1229/162 3254/1229/162 3259/1229/162
f 3255/1229/162 3259/1229/162 3264/1229/162
f 3254/1229/1284 3253/1229/1284 3260/1229/1284
f 3254/1229/1284 3260/1229/1284 3259/1229/1284
usemtl mat_13
f 3265/1229/1285 3266/1229/1285 3267/1229/1285
f 3265/1229/1285 3267/1229/1285 3268/1229/1285
f 3266/1229/1286 3269/1229/1286 3270/1229/1286
f 3266/1229/1286 3270/1229/1286 3267/1229/1286
f 3269/1229/448 3271/1229/448 3272/1229/448
f 3269/1229/448 3272/1229/448 3270/1229/448
f 3271/1229/1287 3273/1229/1287 3274/1229/1287
f 3271/1229/1287 3274/1229/1287 3272/1229/1287
f 3273/1229/1288 3275/1229/1288 3276/1229/1288
f 3273/1229/1288 3276/1229/1288 3274/1229/1288
f 3275/1229/1289 3277/1229/1289 3278/1229/1289
f 3275/1229/1289 3278/1229/1289 3276/1229/1289
f 3277/1229/1290 3279/1229/1290 3280/1229/1290
f 3277/1229/1290 3280/1229/1290 3278/1229/1290
f 3279/1229/445 3281/1229/445 3282/1229/445
f 3279/1229/445 3282/1229/445 3280/1229/445
f 3281/1229/1291 3283/1229/1291 3284/1229/1291
f 3281/1229/1291 3284/1229/1291 3282/1229/1291
f 3283/1229/1292 3285/1229/1292 3286/1229/1292
f 3283/1229/1292 3286/1229/1292 3284/1229/1292
f 3285/1229/1293 3287/1229/1293 3288/1229/1293
f 3285/1229/1293 3288/1229/1293 3286/1229/1293
f 3287/1229/1294 3289/1229/1294 3290/1229/1294
f 3287/1229/1294 3290/1229/1294 3288/1229/1294
f 3289/1229/446 3291/1229/446 3292/1229/446
f 3289/1229/446 3292/1229/446 3290/1229/446
f 3291/1229/1295 3293/1229/1295 3294/1229/1295
f 3291/1229/1295 3294/1229/1295 3292/1229/1295
f 3293/1229/1296 3295/1229/1296 3296/1229/1296
f 3293/1229/1296 3296/1229/1296 3294/1229/1296
f 3295/1229/1297 3297/1229/1297 3298/1229/1297
f 3295/1229/1297 3298/1229/1297 3296/1229/1297
f 3297/1229/1298 3299/1229/1298 3300/1229/1298
f 3297/1229/1298 3300/1229/1298 3298/1229/1298
f 3299/1229/447 3301/1229/447 3302/1229/447
f 3299/1229/447 3302/1229/447 3300/1229/447
f 3301/1229/1299 3303/1229/1299 3304/1229/1299
f 3301/1229/1299 3304/1229/1299 3302/1229/1299
f 3303/1229/1300 3265/1229/1300 3268/1229/1300
f 3303/1229/1300 3268/1229/1300 3304/1229/1300
f 3268/1229/196 3267/1229/196 3305/1229/196
f 3268/1229/196 3305/1229/196 3306/1229/196
f 3267/1229/196 3270/1229/196 3307/1229/196
f 3267/1229/196 3307/1229/196 3305/1229/196
f 3270/1229/196 3272/1229/196 3308/1229/196
f 3270/1229/196 3308/1229/196 3307/1229/196
f 3272/1229/196 3274/1229/196 3309/1229/196
f 3272/1229/196 3309/1229/196 3308/1229/196
f 3274/1229/196 3276/1229/196 3310/1229/196
f 3274/1229/196 3310/1229/196 3309/1229/196
f 3276/1229/196 3278/1229/196 3311/1229/196
f 3276/1229/196 3311/1229/196 3310/1229/196
f 3278/1229/196 3280/1229/196 3312/1229/196
f 3278/1229/196 3312/1229/196 3311/1229/196
f 3280/1229/196 3282/1229/196 3313/1229/196
f 3280/1229/196 3313/1229/196 3312/1229/196
f 3282/1229/196 3284/1229/196 3314/1229/196
f 3282/1229/196 3314/1229/196 3313/1229/196
f 3284/1229/196 3286/1229/196 3315/1229/196
f 3284/1229/196 3315/1229/196 3314/1229/196
f 3286/1229/196 3288/1229/196 3316/1229/196
f 3286/1229/196 3316/1229/196 3315/1229/196
f 3288/1229/196 3290/1229/196 3317/1229/196
f 3288/1229/196 3317/1229/196 3316/1229/196
f 3290/1229/196 3292/1229/196 3318/1229/196
f 3290/1229/196 3318/1229/196 3317/1229/196
f 3292/1229/196 3294/1229/196 3319/1229/196
f 3292/1229/196 3319/1229/196 3318/1229/196
f 3294/1229/196 3296/1229/196 3320/1229/196
f 3294/1229/196 3320/1229/196 3319/1229/196
f 3296/1229/196 3298/1229/196 3321/1229/196
f 3296/1229/196 3321/1229/196 3320/1229/196
f 3298/1229/196 3300/1229/196 3322/1229/196
f 3298/1229/196 3322/1229/196 3321/1229/196
f 3300/1229/196 3302/1229/196 3323/1229/196
f 3300/1229/196 3323/1229/196 3322/1229/196
f 3302/1229/196 3304/1229/196 3324/1229/196
f 3302/1229/196 3324/1229/196 3323/1229/196
f 3304/1229/196 3268/1229/196 3306/1229/196
f 3304/1229/196 3306/1229/196 3324/1229/196
f 3306/1229/1301 3305/1229/1301 3325/1229/1301
f 3306/1229/1301 3325/1229/1301 3326/1229/1301
f 3305/1229/1302 3307/1229/1302 3327/1229/1302
f 3305/1229/1302 3327/1229/1302 3325/1229/1302
f 3307/1229/446 3308/1229/446 3328/1229/446
f 3307/1229/446 3328/1229/446 3327/1229/446
f 3308/1229/1303 3309/1229/1303 3329/1229/1303
f 3308/1229/1303 3329/1229/1303 3328/1229/1303
f 3309/1229/1304 3310/1229/1304 3330/1229/1304
f 3309/1229/1304 3330/1229/1304 3329/1229/1304
f 3310/1229/1305 3311/1229/1305 3331/1229/1305
f 3310/1229/1305 3331/1229/1305 3330/1229/1305
f 3311/1229/1306 3312/1229/1306 3332/1229/1306
f 3311/1229/1306 3332/1229/1306 3331/1229/1306
f 3312/1229/447 3313/1229/447 3333/1229/447
f 3312/1229/447 3333/1229/447 3332/1229/447
f 3313/1229/1307 3314/1229/1307 3334/1229/1307
f 3313/1229/1307 3334/1229/1307 3333/1229/1307
f 3314/1229/1308 3315/1229/1308 3335/1229/1308
f 3314/1229/1308 3335/1229/1308 3334/1229/1308
f 3315/1229/1309 3316/1229/1309 3336/1229/1309
f 3315/1229/1309 3336/1229/1309 3335/1229/1309
f 3316/1229/1310 3317/1229/1310 3337/1229/1310
f 3316/1229/1310 3337/1229/1310 3336/1229/1310
f 3317/1229/448 3318/1229/448 3338/1229/448
f 3317/1229/448 3338/1229/448 3337/1229/448
f 3318/1229/1311 3319/1229/1311 3339/1229/1311
f 3318/1229/1311 3339/1229/1311 3338/1229/1311
f 3319/1229/1312 3320/1229/1312 3340/1229/1312
f 3319/1229/1312 3340/1229/1312 3339/1229/1312
f 3320/1229/1313 3321/1229/1313 3341/1229/1313
f 3320/1229/1313 3341/1229/1313 3340/1229/1313
f 3321/1229/1314 3322/1229/1314 3342/1229/1314
f 3321/1229/1314 3342/1229/1314 3341/1229/1314
f 3322/1229/445 3323/1229/445 3343/1229/445
f 3322/1229/445 3343/1229/445 3342/1229/445
f 3323/1229/1315 3324/1229/1315 3344/1229/1315
f 3323/1229/1315 3344/1229/1315 3343/1229/1315
f 3324/1229/1316 3306/1229/1316 3326/1229/1316
f 3324/1229/1316 3326/1229/1316 3344/1229/1316
f 3326/1229/199 3325/1229/199 3266/1229/199
f 3326/1229/199 3266/1229/199 3265/1229/199
f 3325/1229/199 3327/1229/199 3269/1229/199
f 3325/1229/199 3269/1229/199 3266/1229/199
f 3327/1229/199 3328/1229/199 3271/1229/199
f 3327/1229/199 3271/1229/199 3269/1229/199
f 3328/1229/199 3329/1229/199 3273/1229/199
f 3328/1229/199 3273/1229/199 3271/1229/199
f 3329/1229/199 3330/1229/199 3275/1229/199
f 3329/1229/199 3275/1229/199 3273/1229/199
f 3330/1229/199 3331/1229/199 3277/1229/199
f 3330/1229/199 3277/1229/199 3275/1229/199
f 3331/1229/199 3332/1229/199 3279/1229/199
f 3331/1229/199 3279/1229/199 3277/1229/199
f 3332/1229/199 3333/1229/199 3281/1229/199
f 3332/1229/199 3281/1229/199 3279/1229/199
f 3333/1229/199 3334/1229/199 3283/1229/199
f 3333/1229/199 3283/1229/199 3281/1229/199
f 3334/1229/199 3335/1229/199 3285/1229/199
f 3334/1229/199 3285/1229/199 3283/1229/199
f 3335/1229/199 3336/1229/199 3287/1229/199
f 3335/1229/199 3287/1229/199 3285/1229/199
f 3336/1229/199 3337/1229/199 3289/1229/199
f 3336/1229/199 3289/1229/199 3287/1229/199
f 3337/1229/199 3338/1229/199 3291/1229/199
f 3337/1229/199 3291/1229/199 3289/1229/199
f 3338/1229/199 3339/1229/199 3293/1229/199
f 3338/1229/199 3293/1229/199 3291/1229/199
f 3339/1229/199 3340/1229/199 3295/1229/199
f 3339/1229/199 3295/1229/199 3293/1229/199
f 3340/1229/199 3341/1229/199 3297/1229/199
f 3340/1229/199 3297/1229/199 3295/1229/199
f 3341/1229/199 3342/1229/199 3299/1229/199
f 3341/1229/199 3299/1229/199 3297/1229/199
f 3342/1229/199 3343/1229/199 3301/1229/199
f 3342/1229/199 3301/1229/199 3299/1229/199
f 3343/1229/199 3344/1229/199 3303/1229/199
f 3343/1229/199 3303/1229/199 3301/1229/199
f 3344/1229/199 3326/1229/199 3265/1229/199
f 3344/1229/199 3265/1229/199 3303/1229/199
usemtl mat_10
f 3345/1229/1225 3346/1229/1225 3347/1229/1225
f 3345/1229/1225 3347/1229/1225 3348/1229/1225
f 3346/1229/1317 3349/1229/1317 3350/1229/1317
f 3346/1229/1317 3350/1229/1317 3347/1229/1317
f 3349/1229/1318 3351/1229/1318 3352/1229/1318
f 3349/1229/1318 3352/1229/1318 3350/1229/1318
f 3351/1229/1227 3353/1229/1227 3354/1229/1227
f 3351/1229/1227 3354/1229/1227 3352/1229/1227
f 3353/1229/1228 3355/1229/1228 3356/1229/1228
f 3353/1229/1228 3356/1229/1228 3354/1229/1228
f 3355/1229/1229 3357/1229/1229 3358/1229/1229
f 3355/1229/1229 3358/1229/1229 3356/1229/1229
f 3357/1229/1230 3359/1229/1230 3360/1229/1230
f 3357/1229/1230 3360/1229/1230 3358/1229/1230
f 3359/1229/1319 3361/1229/1319 3362/1229/1319
f 3359/1229/1319 3362/1229/1319 3360/1229/1319
f 3361/1229/1320 3363/1229/1320 3364/1229/1320
f 3361/1229/1320 3364/1229/1320 3362/1229/1320
f 3363/1229/1232 3365/1229/1232 3366/1229/1232
f 3363/1229/1232 3366/1229/1232 3364/1229/1232
f 3365/1229/1233 3367/1229/1233 3368/1229/1233
f 3365/1229/1233 3368/1229/1233 3366/1229/1233
f 3367/1229/1321 3369/1229/1321 3370/1229/1321
f 3367/1229/1321 3370/1229/1321 3368/1229/1321
f 3369/1229/1322 3371/1229/1322 3372/1229/1322
f 3369/1229/1322 3372/1229/1322 3370/1229/1322
f 3371/1229/1235 3373/1229/1235 3374/1229/1235
f 3371/1229/1235 3374/1229/1235 3372/1229/1235
f 3373/1229/1236 3375/1229/1236 3376/1229/1236
f 3373/1229/1236 3376/1229/1236 3374/1229/1236
f 3375/1229/1237 3377/1229/1237 3378/1229/1237
f 3375/1229/1237 3378/1229/1237 3376/1229/1237
f 3377/1229/1238 3379/1229/1238 3380/1229/1238
f 3377/1229/1238 3380/1229/1238 3378/1229/1238
f 3379/1229/1323 3381/1229/1323 3382/1229/1323
f 3379/1229/1323 3382/1229/1323 3380/1229/1323
f 3381/1229/1324 3383/1229/1324 3384/1229/1324
f 3381/1229/1324 3384/1229/1324 3382/1229/1324
f 3383/1229/1240 3345/1229/1240 3348/1229/1240
f 3383/1229/1240 3348/1229/1240 3384/1229/1240
f 3348/1229/196 3347/1229/196 3385/1229/196
f 3348/1229/196 3385/1229/196 3386/1229/196
f 3347/1229/196 3350/1229/196 3387/1229/196
f 3347/1229/196 3387/1229/196 3385/1229/196
f 3350/1229/196 3352/1229/196 3388/1229/196
f 3350/1229/196 3388/1229/196 3387/1229/196
f 3352/1229/196 3354/1229/196 3389/1229/196
f 3352/1229/196 3389/1229/196 3388/1229/196
f 3354/1229/196 3356/1229/196 3390/1229/196
f 3354/1229/196 3390/1229/196 3389/1229/196
f 3356/1229/196 3358/1229/196 3391/1229/196
f 3356/1229/196 3391/1229/196 3390/1229/196
f 3358/1229/196 3360/1229/196 3392/1229/196
f 3358/1229/196 3392/1229/196 3391/1229/196
f 3360/1229/196 3362/1229/196 3393/1229/196
f 3360/1229/196 3393/1229/196 3392/1229/196
f 3362/1229/196 3364/1229/196 3394/1229/196
f 3362/1229/196 3394/1229/196 3393/1229/196
f 3364/1229/196 3366/1229/196 3395/1229/196
f 3364/1229/196 3395/1229/196 3394/1229/196
f 3366/1229/196 3368/1229/196 3396/1229/196
f 3366/1229/196 3396/1229/196 3395/1229/196
f 3368/1229/196 3370/1229/196 3397/1229/196
f 3368/1229/196 3397/1229/196 3396/1229/196
f 3370/1229/196 3372/1229/196 3398/1229/196
f 3370/1229/196 3398/1229/196 3397/1229/196
f 3372/1229/196 3374/1229/196 3399/1229/196
f 3372/1229/196 3399/1229/196 3398/1229/196
f 3374/1229/196 3376/1229/196 3400/1229/196
f 3374/1229/196 3400/1229/196 3399/1229/196
f 3376/1229/196 3378/1229/196 3401/1229/196
f 3376/1229/196 3401/1229/196 3400/1229/196
f 3378/1229/196 3380/1229/196 3402/1229/196
f 3378/1229/196 3402/1229/196 3401/1229/196
f 3380/1229/196 3382/1229/196 3403/1229/196
f 3380/1229/196 3403/1229/196 3402/1229/196
f 3382/1229/196 3384/1229/196 3404/1229/196
f 3382/1229/196 3404/1229/196 3403/1229/196
f 3384/1229/196 3348/1229/196 3386/1229/196
f 3384/1229/196 3386/1229/196 3404/1229/196
f 3386/1229/1241 3385/1229/1241 3405/1229/1241
f 3386/1229/1241 3405/1229/1241 3406/1229/1241
f 3385/1229/1242 3387/1229/1242 3407/1229/1242
f 3385/1229/1242 3407/1229/1242 3405/1229/1242
f 3387/1229/446 3388/1229/446 3408/1229/446
f 3387/1229/446 3408/1229/446 3407/1229/446
f 3388/1229/1243 3389/1229/1243 3409/1229/1243
f 3388/1229/1243 3409/1229/1243 3408/1229/1243
f 3389/1229/1325 3390/1229/1325 3410/1229/1325
f 3389/1229/1325 3410/1229/1325 3409/1229/1325
f 3390/1229/1326 3391/1229/1326 3411/1229/1326
f 3390/1229/1326 3411/1229/1326 3410/1229/1326
f 3391/1229/1246 3392/1229/1246 3412/1229/1246
f 3391/1229/1246 3412/1229/1246 3411/1229/1246
f 3392/1229/447 3393/1229/447 3413/1229/447
f 3392/1229/447 3413/1229/447 3412/1229/447
f 3393/1229/1247 3394/1229/1247 3414/1229/1247
f 3393/1229/1247 3414/1229/1247 3413/1229/1247
f 3394/1229/1248 3395/1229/1248 3415/1229/1248
f 3394/1229/1248 3415/1229/1248 3414/1229/1248
f 3395/1229/1249 3396/1229/1249 3416/1229/1249
f 3395/1229/1249 3416/1229/1249 3415/1229/1249
f 3396/1229/1250 3397/1229/1250 3417/1229/1250
f 3396/1229/1250 3417/1229/1250 3416/1229/1250
f 3397/1229/448 3398/1229/448 3418/1229/448
f 3397/1229/448 3418/1229/448 3417/1229/448
f 3398/1229/1251 3399/1229/1251 3419/1229/1251
f 3398/1229/1251 3419/1229/1251 3418/1229/1251
f 3399/1229/1327 3400/1229/1327 3420/1229/1327
f 3399/1229/1327 3420/1229/1327 3419/1229/1327
f 3400/1229/1328 3401/1229/1328 3421/1229/1328
f 3400/1229/1328 3421/1229/1328 3420/1229/1328
f 3401/1229/1254 3402/1229/1254 3422/1229/1254
f 3401/1229/1254 3422/1229/1254 3421/1229/1254
f 3402/1229/445 3403/1229/445 3423/1229/445
f 3402/1229/445 3423/1229/445 3422/1229/445
f 3403/1229/1255 3404/1229/1255 3424/1229/1255
f 3403/1229/1255 3424/1229/1255 3423/1229/1255
f 3404/1229/1256 3386/1229/1256 3406/1229/1256
f 3404/1229/1256 3406/1229/1256 3424/1229/1256
f 3406/1229/199 3405/1229/199 3346/1229/199
f 3406/1229/199 3346/1229/199 3345/1229/199
f 3405/1229/199 3407/1229/199 3349/1229/199
f 3405/1229/199 3349/1229/199 3346/1229/199
f 3407/1229/199 3408/1229/199 3351/1229/199
f 3407/1229/199 3351/1229/199 3349/1229/199
f 3408/1229/199 3409/1229/199 3353/1229/199
f 3408/1229/199 3353/1229/199 3351/1229/199
f 3409/1229/199 3410/1229/199 3355/1229/199
f 3409/1229/199 3355/1229/199 3353/1229/199
f 3410/1229/199 3411/1229/199 3357/1229/199
f 3410/1229/199 3357/1229/199 3355/1229/199
f 3411/1229/199 3412/1229/199 3359/1229/199
f 3411/1229/199 3359/1229/199 3357/1229/199
f 3412/1229/199 3413/1229/199 3361/1229/199
f 3412/1229/199 3361/1229/199 3359/1229/199
f 3413/1229/199 3414/1229/199 3363/1229/199
f 3413/1229/199 3363/1229/199 3361/1229/199
f 3414/1229/199 3415/1229/199 3365/1229/199
f 3414/1229/199 3365/1229/199 3363/1229/199
f 3415/1229/199 3416/1229/199 3367/1229/199
f 3415/1229/199 3367/1229/199 3365/1229/199
f 3416/1229/199 3417/1229/199 3369/1229/199
f 3416/1229/199 3369/1229/199 3367/1229/199
f 3417/1229/199 3418/1229/199 3371/1229/199
f 3417/1229/199 3371/1229/199 3369/1229/199
f 3418/1229/199 3419/1229/199 3373/1229/199
f 3418/1229/199 3373/1229/199 3371/1229/199
f 3419/1229/199 3420/1229/199 3375/1229/199
f 3419/1229/199 3375/1229/199 3373/1229/199
f 3420/1229/199 3421/1229/199 3377/1229/199
f 3420/1229/199 3377/1229/199 3375/1229/199
f 3421/1229/199 3422/1229/199 3379/1229/199
f 3421/1229/199 3379/1229/199 3377/1229/199
f 3422/1229/199 3423/1229/199 3381/1229/199
f 3422/1229/199 3381/1229/199 3379/1229/199
f 3423/1229/199 3424/1229/199 3383/1229/199
f 3423/1229/199 3383/1229/199 3381/1229/199
f 3424/1229/199 3406/1229/199 3345/1229/199
f 3424/1229/199 3345/1229/199 3383/1229/199
usemtl mat_11
f 3425/1229/1329 3426/1229/1329 3427/1229/1329
f 3425/1229/1329 3427/1229/1329 3428/1229/1329
f 3426/1229/1250 3429/1229/1250 3430/1229/1250
f 3426/1229/1250 3430/1229/1250 3427/1229/1250
f 3429/1229/1330 3431/1229/1330 3432/1229/1330
f 3429/1229/1330 3432/1229/1330 3430/1229/1330
f 3431/1229/1251 3433/1229/1251 3434/1229/1251
f 3431/1229/1251 3434/1229/1251 3432/1229/1251
f 3433/1229/1331 3435/1229/1331 3436/1229/1331
f 3433/1229/1331 3436/1229/1331 3434/1229/1331
f 3435/1229/1332 3437/1229/1332 3438/1229/1332
f 3435/1229/1332 3438/1229/1332 3436/1229/1332
f 3437/1229/1254 3439/1229/1254 3440/1229/1254
f 3437/1229/1254 3440/1229/1254 3438/1229/1254
f 3439/1229/1333 3441/1229/1333 3442/1229/1333
f 3439/1229/1333 3442/1229/1333 3440/1229/1333
f 3441/1229/1255 3443/1229/1255 3444/1229/1255
f 3441/1229/1255 3444/1229/1255 3442/1229/1255
f 3443/1229/1334 3445/1229/1334 3446/1229/1334
f 3443/1229/1334 3446/1229/1334 3444/1229/1334
f 3445/1229/1335 3447/1229/1335 3448/1229/1335
f 3445/1229/1335 3448/1229/1335 3446/1229/1335
f 3447/1229/1242 3449/1229/1242 3450/1229/1242
f 3447/1229/1242 3450/1229/1242 3448/1229/1242
f 3449/1229/1336 3451/1229/1336 3452/1229/1336
f 3449/1229/1336 3452/1229/1336 3450/1229/1336
f 3451/1229/1243 3453/1229/1243 3454/1229/1243
f 3451/1229/1243 3454/1229/1243 3452/1229/1243
f 3453/1229/1337 3455/1229/1337 3456/1229/1337
f 3453/1229/1337 3456/1229/1337 3454/1229/1337
f 3455/1229/1338 3457/1229/1338 3458/1229/1338
f 3455/1229/1338 3458/1229/1338 3456/1229/1338
f 3457/1229/1246 3459/1229/1246 3460/1229/1246
f 3457/1229/1246 3460/1229/1246 3458/1229/1246
f 3459/1229/1339 3461/1229/1339 3462/1229/1339
f 3459/1229/1339 3462/1229/1339 3460/1229/1339
f 3461/1229/1247 3463/1229/1247 3464/1229/1247
f 3461/1229/1247 3464/1229/1247 3462/1229/1247
f 3463/1229/1340 3425/1229/1340 3428/1229/1340
f 3463/1229/1340 3428/1229/1340 3464/1229/1340
f 3428/1229/196 3427/1229/196 3465/1229/196
f 3428/1229/196 3465/1229/196 3466/1229/196
f 3427/1229/196 3430/1229/196 3467/1229/196
f 3427/1229/196 3467/1229/196 3465/1229/196
f 3430/1229/196 3432/1229/196 3468/1229/196
f 3430/1229/196 3468/1229/196 3467/1229/196
f 3432/1229/196 3434/1229/196 3469/1229/196
f 3432/1229/196 3469/1229/196 3468/1229/196
f 3434/1229/196 3436/1229/196 3470/1229/196
f 3434/1229/196 3470/1229/196 3469/1229/196
f 3436/1229/196 3438/1229/196 3471/1229/196
f 3436/1229/196 3471/1229/196 3470/1229/196
f 3438/1229/196 3440/1229/196 3472/1229/196
f 3438/1229/196 3472/1229/196 3471/1229/196
f 3440/1229/196 3442/1229/196 3473/1229/196
f 3440/1229/196 3473/1229/196 3472/1229/196
f 3442/1229/196 3444/1229/196 3474/1229/196
f 3442/1229/196 3474/1229/196 3473/1229/196
f 3444/1229/196 3446/1229/196 3475/1229/196
f 3444/1229/196 3475/1229/196 3474/1229/196
f 3446/1229/196 3448/1229/196 3476/1229/196
f 3446/1229/196 3476/1229/196 3475/1229/196
f 3448/1229/196 3450/1229/196 3477/1229/196
f 3448/1229/196 3477/1229/196 3476/1229/196
f 3450/1229/196 3452/1229/196 3478/1229/196
f 3450/1229/196 3478/1229/196 3477/1229/196
f 3452/1229/196 3454/1229/196 3479/1229/196
f 3452/1229/196 3479/1229/196 3478/1229/196
f 3454/1229/196 3456/1229/196 3480/1229/196
f 3454/1229/196 3480/1229/196 3479/1229/196
f 3456/1229/196 3458/1229/196 3481/1229/196
f 3456/1229/196 3481/1229/196 3480/1229/196
f 3458/1229/196 3460/1229/196 3482/1229/196
f 3458/1229/196 3482/1229/196 3481/1229/196
f 3460/1229/196 3462/1229/196 3483/1229/196
f 3460/1229/196 3483/1229/196 3482/1229/196
f 3462/1229/196 3464/1229/196 3484/1229/196
f 3462/1229/196 3484/1229/196 3483/1229/196
f 3464/1229/196 3428/1229/196 3466/1229/196
f 3464/1229/196 3466/1229/196 3484/1229/196
f 3466/1229/1241 3465/1229/1241 3485/1229/1241
f 3466/1229/1241 3485/1229/1241 3486/1229/1241
f 3465/1229/1242 3467/1229/1242 3487/1229/1242
f 3465/1229/1242 3487/1229/1242 3485/1229/1242
f 3467/1229/446 3468/1229/446 3488/1229/446
f 3467/1229/446 3488/1229/446 3487/1229/446
f 3468/1229/1243 3469/1229/1243 3489/1229/1243
f 3468/1229/1243 3489/1229/1243 3488/1229/1243
f 3469/1229/1325 3470/1229/1325 3490/1229/1325
f 3469/1229/1325 3490/1229/1325 3489/1229/1325
f 3470/1229/1326 3471/1229/1326 3491/1229/1326
f 3470/1229/1326 3491/1229/1326 3490/1229/1326
f 3471/1229/1246 3472/1229/1246 3492/1229/1246
f 3471/1229/1246 3492/1229/1246 3491/1229/1246
f 3472/1229/447 3473/1229/447 3493/1229/447
f 3472/1229/447 3493/1229/447 3492/1229/447
f 3473/1229/1247 3474/1229/1247 3494/1229/1247
f 3473/1229/1247 3494/1229/1247 3493/1229/1247
f 3474/1229/1248 3475/1229/1248 3495/1229/1248
f 3474/1229/1248 3495/1229/1248 3494/1229/1248
f 3475/1229/1249 3476/1229/1249 3496/1229/1249
f 3475/1229/1249 3496/1229/1249 3495/1229/1249
f 3476/1229/1250 3477/1229/1250 3497/1229/1250
f 3476/1229/1250 3497/1229/1250 3496/1229/1250
f 3477/1229/448 3478/1229/448 3498/1229/448
f 3477/1229/448 3498/1229/448 3497/1229/448
f 3478/1229/1251 3479/1229/1251 3499/1229/1251
f 3478/1229/1251 3499/1229/1251 3498/1229/1251
f 3479/1229/1327 3480/1229/1327 3500/1229/1327
f 3479/1229/1327 3500/1229/1327 3499/1229/1327
f 3480/1229/1328 3481/1229/1328 3501/1229/1328
f 3480/1229/1328 3501/1229/1328 3500/1229/1328
f 3481/1229/1254 3482/1229/1254 3502/1229/1254
f 3481/1229/1254 3502/1229/1254 3501/1229/1254
f 3482/1229/445 3483/1229/445 3503/1229/445
f 3482/1229/445 3503/1229/445 3502/1229/445
f 3483/1229/1255 3484/1229/1255 3504/1229/1255
f 3483/1229/1255 3504/1229/1255 3503/1229/1255
f 3484/1229/1256 3466/1229/1256 3486/1229/1256
f 3484/1229/1256 3486/1229/1256 3504/1229/1256
f 3486/1229/199 3485/1229/199 3426/1229/199
f 3486/1229/199 3426/1229/199 3425/1229/199
f 3485/1229/199 3487/1229/199 3429/1229/199
f 3485/1229/199 3429/1229/199 3426/1229/199
f 3487/1229/199 3488/1229/199 3431/1229/199
f 3487/1229/199 3431/1229/199 3429/1229/199
f 3488/1229/199 3489/1229/199 3433/1229/199
f 3488/1229/199 3433/1229/199 3431/1229/199
f 3489/1229/199 3490/1229/199 3435/1229/199
f 3489/1229/199 3435/1229/199 3433/1229/199
f 3490/1229/199 3491/1229/199 3437/1229/199
f 3490/1229/199 3437/1229/199 3435/1229/199
f 3491/1229/199 3492/1229/199 3439/1229/199
f 3491/1229/199 3439/1229/199 3437/1229/199
f 3492/1229/199 3493/1229/199 3441/1229/199
f 3492/1229/199 3441/1229/199 3439/1229/199
f 3493/1229/199 3494/1229/199 3443/1229/199
f 3493/1229/199 3443/1229/199 3441/1229/199
f 3494/1229/199 3495/1229/199 3445/1229/199
f 3494/1229/199 3445/1229/199 3443/1229/199
f 3495/1229/199 3496/1229/199 3447/1229/199
f 3495/1229/199 3447/1229/199 3445/1229/199
f 3496/1229/199 3497/1229/199 3449/1229/199
f 3496/1229/199 3449/1229/199 3447/1229/199
f 3497/1229/199 3498/1229/199 3451/1229/199
f 3497/1229/199 3451/1229/199 3449/1229/199
f 3498/1229/199 3499/1229/199 3453/1229/199
f 3498/1229/199 3453/1229/199 3451/1229/199
f 3499/1229/199 3500/1229/199 3455/1229/199
f 3499/1229/199 3455/1229/199 3453/1229/199
f 3500/1229/199 3501/1229/199 3457/1229/199
f 3500/1229/199 3457/1229/199 3455/1229/199
f 3501/1229/199 3502/1229/199 3459/1229/199
f 3501/1229/199 3459/1229/199 3457/1229/199
f 3502/1229/199 3503/1229/199 3461/1229/199
f 3502/1229/199 3461/1229/199 3459/1229/199
f 3503/1229/199 3504/1229/199 3463/1229/199
f 3503/1229/199 3463/1229/199 3461/1229/199
f 3504/1229/199 3486/1229/199 3425/1229/199
f 3504/1229/199 3425/1229/199 3463/1229/199
usemtl mat_12
f 3505/1229/1265 3506/1229/1265 3507/1229/1265
f 3505/1229/1265 3507/1229/1265 3508/1229/1265
f 3506/1229/1266 3509/1229/1266 3510/1229/1266
f 3506/1229/1266 3510/1229/1266 3507/1229/1266
f 3509/1229/448 3511/1229/448 3512/1229/448
f 3509/1229/448 3512/1229/448 3510/1229/448
f 3511/1229/1341 3513/1229/1341 3514/1229/1341
f 3511/1229/1341 3514/1229/1341 3512/1229/1341
f 3513/1229/1342 3515/1229/1342 3516/1229/1342
f 3513/1229/1342 3516/1229/1342 3514/1229/1342
f 3515/1229/1343 3517/1229/1343 3518/1229/1343
f 3515/1229/1343 3518/1229/1343 3516/1229/1343
f 3517/1229/1344 3519/1229/1344 3520/1229/1344
f 3517/1229/1344 3520/1229/1344 3518/1229/1344
f 3519/1229/445 3521/1229/445 3522/1229/445
f 3519/1229/445 3522/1229/445 3520/1229/445
f 3521/1229/1271 3523/1229/1271 3524/1229/1271
f 3521/1229/1271 3524/1229/1271 3522/1229/1271
f 3523/1229/1272 3525/1229/1272 3526/1229/1272
f 3523/1229/1272 3526/1229/1272 3524/1229/1272
f 3525/1229/1273 3527/1229/1273 3528/1229/1273
f 3525/1229/1273 3528/1229/1273 3526/1229/1273
f 3527/1229/1274 3529/1229/1274 3530/1229/1274
f 3527/1229/1274 3530/1229/1274 3528/1229/1274
f 3529/1229/446 3531/1229/446 3532/1229/446
f 3529/1229/446 3532/1229/446 3530/1229/446
f 3531/1229/1345 3533/1229/1345 3534/1229/1345
f 3531/1229/1345 3534/1229/1345 3532/1229/1345
f 3533/1229/1346 3535/1229/1346 3536/1229/1346
f 3533/1229/1346 3536/1229/1346 3534/1229/1346
f 3535/1229/1347 3537/1229/1347 3538/1229/1347
f 3535/1229/1347 3538/1229/1347 3536/1229/1347
f 3537/1229/1348 3539/1229/1348 3540/1229/1348
f 3537/1229/1348 3540/1229/1348 3538/1229/1348
f 3539/1229/447 3541/1229/447 3542/1229/447
f 3539/1229/447 3542/1229/447 3540/1229/447
f 3541/1229/1279 3543/1229/1279 3544/1229/1279
f 3541/1229/1279 3544/1229/1279 3542/1229/1279
f 3543/1229/1280 3505/1229/1280 3508/1229/1280
f 3543/1229/1280 3508/1229/1280 3544/1229/1280
f 3508/1229/196 3507/1229/196 3545/1229/196
f 3508/1229/196 3545/1229/196 3546/1229/196
f 3507/1229/196 3510/1229/196 3547/1229/196
f 3507/1229/196 3547/1229/196 3545/1229/196
f 3510/1229/196 3512/1229/196 3548/1229/196
f 3510/1229/196 3548/1229/196 3547/1229/196
f 3512/1229/196 3514/1229/196 3549/1229/196
f 3512/1229/196 3549/1229/196 3548/1229/196
f 3514/1229/196 3516/1229/196 3550/1229/196
f 3514/1229/196 3550/1229/196 3549/1229/196
f 3516/1229/196 3518/1229/196 3551/1229/196
f 3516/1229/196 3551/1229/196 3550/1229/196
f 3518/1229/196 3520/1229/196 3552/1229/196
f 3518/1229/196 3552/1229/196 3551/1229/196
f 3520/1229/196 3522/1229/196 3553/1229/196
f 3520/1229/196 3553/1229/196 3552/1229/196
f 3522/1229/196 3524/1229/196 3554/1229/196
f 3522/1229/196 3554/1229/196 3553/1229/196
f 3524/1229/196 3526/1229/196 3555/1229/196
f 3524/1229/196 3555/1229/196 3554/1229/196
f 3526/1229/196 3528/1229/196 3556/1229/196
f 3526/1229/196 3556/1229/196 3555/1229/196
f 3528/1229/196 3530/1229/196 3557/1229/196
f 3528/1229/196 3557/1229/196 3556/1229/196
f 3530/1229/196 3532/1229/196 3558/1229/196
f 3530/1229/196 3558/1229/196 3557/1229/196
f 3532/1229/196 3534/1229/196 3559/1229/196
f 3532/1229/196 3559/1229/196 3558/1229/196
f 3534/1229/196 3536/1229/196 3560/1229/196
f 3534/1229/196 3560/1229/196 3559/1229/196
f 3536/1229/196 3538/1229/196 3561/1229/196
f 3536/1229/196 3561/1229/196 3560/1229/196
f 3538/1229/196 3540/1229/196 3562/1229/196
f 3538/1229/196 3562/1229/196 3561/1229/196
f 3540/1229/196 3542/1229/196 3563/1229/196
f 3540/1229/196 3563/1229/196 3562/1229/196
f 3542/1229/196 3544/1229/196 3564/1229/196
f 3542/1229/196 3564/1229/196 3563/1229/196
f 3544/1229/196 3508/1229/196 3546/1229/196
f 3544/1229/196 3546/1229/196 3564/1229/196
f 3546/1229/1241 3545/1229/1241 3465/1229/1241
f 3546/1229/1241 3465/1229/1241 3466/1229/1241
f 3545/1229/1242 3547/1229/1242 3467/1229/1242
f 3545/1229/1242 3467/1229/1242 3465/1229/1242
f 3547/1229/446 3548/1229/446 3468/1229/446
f 3547/1229/446 3468/1229/446 3467/1229/446
f 3548/1229/1243 3549/1229/1243 3469/1229/1243
f 3548/1229/1243 3469/1229/1243 3468/1229/1243
f 3549/1229/1325 3550/1229/1325 3470/1229/1325
f 3549/1229/1325 3470/1229/1325 3469/1229/1325
f 3550/1229/1326 3551/1229/1326 3471/1229/1326
f 3550/1229/1326 3471/1229/1326 3470/1229/1326
f 3551/1229/1246 3552/1229/1246 3472/1229/1246
f 3551/1229/1246 3472/1229/1246 3471/1229/1246
f 3552/1229/447 3553/1229/447 3473/1229/447
f 3552/1229/447 3473/1229/447 3472/1229/447
f 3553/1229/1247 3554/1229/1247 3474/1229/1247
f 3553/1229/1247 3474/1229/1247 3473/1229/1247
f 3554/1229/1248 3555/1229/1248 3475/1229/1248
f 3554/1229/1248 3475/1229/1248 3474/1229/1248
f 3555/1229/1249 3556/1229/1249 3476/1229/1249
f 3555/1229/1249 3476/1229/1249 3475/1229/1249
f 3556/1229/1250 3557/1229/1250 3477/1229/1250
f 3556/1229/1250 3477/1229/1250 3476/1229/1250
f 3557/1229/448 3558/1229/448 3478/1229/448
f 3557/1229/448 3478/1229/448 3477/1229/448
f 3558/1229/1251 3559/1229/1251 3479/1229/1251
f 3558/1229/1251 3479/1229/1251 3478/1229/1251
f 3559/1229/1327 3560/1229/1327 3480/1229/1327
f 3559/1229/1327 3480/1229/1327 3479/1229/1327
f 3560/1229/1328 3561/1229/1328 3481/1229/1328
f 3560/1229/1328 3481/1229/1328 3480/1229/1328
f 3561/1229/1254 3562/1229/1254 3482/1229/1254
f 3561/1229/1254 3482/1229/1254 3481/1229/1254
f 3562/1229/445 3563/1229/445 3483/1229/445
f 3562/1229/445 3483/1229/445 3482/1229/445
f 3563/1229/1255 3564/1229/1255 3484/1229/1255
f 3563/1229/1255 3484/1229/1255 3483/1229/1255
f 3564/1229/1256 3546/1229/1256 3466/1229/1256
f 3564/1229/1256 3466/1229/1256 3484/1229/1256
f 3466/1229/199 3465/1229/199 3506/1229/199
f 3466/1229/199 3506/1229/199 3505/1229/199
f 3465/1229/199 3467/1229/199 3509/1229/199
f 3465/1229/199 3509/1229/199 3506/1229/199
f 3467/1229/199 3468/1229/199 3511/1229/199
f 3467/1229/199 3511/1229/199 3509/1229/199
f 3468/1229/199 3469/1229/199 3513/1229/199
f 3468/1229/199 3513/1229/199 3511/1229/199
f 3469/1229/199 3470/1229/199 3515/1229/199
f 3469/1229/199 3515/1229/199 3513/1229/199
f 3470/1229/199 3471/1229/199 3517/1229/199
f 3470/1229/199 3517/1229/199 3515/1229/199
f 3471/1229/199 3472/1229/199 3519/1229/199
f 3471/1229/199 3519/1229/199 3517/1229/199
f 3472/1229/199 3473/1229/199 3521/1229/199
f 3472/1229/199 3521/1229/199 3519/1229/199
f 3473/1229/199 3474/1229/199 3523/1229/199
f 3473/1229/199 3523/1229/199 3521/1229/199
f 3474/1229/199 3475/1229/199 3525/1229/199
f 3474/1229/199 3525/1229/199 3523/1229/199
f 3475/1229/199 3476/1229/199 3527/1229/199
f 3475/1229/199 3527/1229/199 3525/1229/199
f 3476/1229/199 3477/1229/199 3529/1229/199
f 3476/1229/199 3529/1229/199 3527/1229/199
f 3477/1229/199 3478/1229/199 3531/1229/199
f 3477/1229/199 3531/1229/199 3529/1229/199
f 3478/1229/199 3479/1229/199 3533/1229/199
f 3478/1229/199 3533/1229/199 3531/1229/199
f 3479/1229/199 3480/1229/199 3535/1229/199
f 3479/1229/199 3535/1229/199 3533/1229/199
f 3480/1229/199 3481/1229/199 3537/1229/199
f 3480/1229/199 3537/1229/199 3535/1229/199
f 3481/1229/199 3482/1229/199 3539/1229/199
f 3481/1229/199 3539/1229/199 3537/1229/199
f 3482/1229/199 3483/1229/199 3541/1229/199
f 3482/1229/199 3541/1229/199 3539/1229/199
f 3483/1229/199 3484/1229/199 3543/1229/199
f 3483/1229/199 3543/1229/199 3541/1229/199
f 3484/1229/199 3466/1229/199 3505/1229/199
f 3484/1229/199 3505/1229/199 3543/1229/199
usemtl mat_11
f 3565/1229/199 3566/1229/199 3567/1229/199
f 3567/1229/199 3568/1229/199 3569/1229/199
f 3569/1229/199 3570/1229/199 3565/1229/199
f 3567/1229/199 3569/1229/199 3565/1229/199
f 3571/1229/196 3572/1229/196 3573/1229/196
f 3573/1229/196 3574/1229/196 3575/1229/196
f 3575/1229/196 3576/1229/196 3571/1229/196
f 3573/1229/196 3575/1229/196 3571/1229/196
f 3565/1229/1349 3570/1229/1349 3573/1229/1349
f 3565/1229/1349 3573/1229/1349 3572/1229/1349
f 3570/1229/161 3569/1229/161 3574/1229/161
f 3570/1229/161 3574/1229/161 3573/1229/161
f 3569/1229/1350 3568/1229/1350 3575/1229/1350
f 3569/1229/1350 3575/1229/1350 3574/1229/1350
f 3568/1229/1351 3567/1229/1351 3576/1229/1351
f 3568/1229/1351 3576/1229/1351 3575/1229/1351
f 3567/1229/162 3566/1229/162 3571/1229/162
f 3567/1229/162 3571/1229/162 3576/1229/162
f 3566/1229/1352 3565/1229/1352 3572/1229/1352
f 3566/1229/1352 3572/1229/1352 3571/1229/1352
f 3577/1229/199 3578/1229/199 3579/1229/199
f 3579/1229/199 3580/1229/199 3581/1229/199
f 3581/1229/199 3582/1229/199 3577/1229/199
f 3579/1229/199 3581/1229/199 3577/1229/199
f 3583/1229/196 3584/1229/196 3585/1229/196
f 3585/1229/196 3586/1229/196 3587/1229/196
f 3587/1229/196 3588/1229/196 3583/1229/196
f 3585/1229/196 3587/1229/196 3583/1229/196
f 3577/1229/1349 3582/1229/1349 3585/1229/1349
f 3577/1229/1349 3585/1229/1349 3584/1229/1349
f 3582/1229/161 3581/1229/161 3586/1229/161
f 3582/1229/161 3586/1229/161 3585/1229/161
f 3581/1229/1350 3580/1229/1350 3587/1229/1350
f 3581/1229/1350 3587/1229/1350 3586/1229/1350
f 3580/1229/1351 3579/1229/1351 3588/1229/1351
f 3580/1229/1351 3588/1229/1351 3587/1229/1351
f 3579/1229/162 3578/1229/162 3583/1229/162
f 3579/1229/162 3583/1229/162 3588/1229/162
f 3578/1229/1352 3577/1229/1352 3584/1229/1352
f 3578/1229/1352 3584/1229/1352 3583/1229/1352
f 3589/1229/199 3590/1229/199 3591/1229/199
f 3591/1229/199 3592/1229/199 3593/1229/199
f 3593/1229/199 3594/1229/199 3589/1229/199
f 3591/1229/199 3593/1229/199 3589/1229/199
f 3595/1229/196 3596/1229/196 3597/1229/196
f 3597/1229/196 3598/1229/196 3599/1229/196
f 3599/1229/196 3600/1229/196 3595/1229/196
f 3597/1229/196 3599/1229/196 3595/1229/196
f 3589/1229/1349 3594/1229/1349 3597/1229/1349
f 3589/1229/1349 3597/1229/1349 3596/1229/1349
f 3594/1229/161 3593/1229/161 3598/1229/161
f 3594/1229/161 3598/1229/161 3597/1229/161
f 3593/1229/1350 3592/1229/1350 3599/1229/1350
f 3593/1229/1350 3599/1229/1350 3598/1229/1350
f 3592/1229/1351 3591/1229/1351 3600/1229/1351
f 3592/1229/1351 3600/1229/1351 3599/1229/1351
f 3591/1229/162 3590/1229/162 3595/1229/162
f 3591/1229/162 3595/1229/162 3600/1229/162
f 3590/1229/1352 3589/1229/1352 3596/1229/1352
f 3590/1229/1352 3596/1229/1352 3595/1229/1352
f 3601/1229/199 3602/1229/199 3603/1229/199
f 3603/1229/199 3604/1229/199 3605/1229/199
f 3605/1229/199 3606/1229/199 3601/1229/199
f 3603/1229/199 3605/1229/199 3601/1229/199
f 3607/1229/196 3608/1229/196 3609/1229/196
f 3609/1229/196 3610/1229/196 3611/1229/196
f 3611/1229/196 3612/1229/196 3607/1229/196
f 3609/1229/196 3611/1229/196 3607/1229/196
f 3601/1229/1349 3606/1229/1349 3609/1229/1349
f 3601/1229/1349 3609/1229/1349 3608/1229/1349
f 3606/1229/161 3605/1229/161 3610/1229/161
f 3606/1229/161 3610/1229/161 3609/1229/161
f 3605/1229/1350 3604/1229/1350 3611/1229/1350
f 3605/1229/1350 3611/1229/1350 3610/1229/1350
f 3604/1229/1351 3603/1229/1351 3612/1229/1351
f 3604/1229/1351 3612/1229/1351 3611/1229/1351
f 3603/1229/162 3602/1229/162 3607/1229/162
f 3603/1229/162 3607/1229/162 3612/1229/162
f 3602/1229/1352 3601/1229/1352 3608/1229/1352
f 3602/1229/1352 3608/1229/1352 3607/1229/1352
f 3613/1229/199 3614/1229/199 3615/1229/199
f 3615/1229/199 3616/1229/199 3617/1229/199
f 3617/1229/199 3618/1229/199 3613/1229/199
f 3615/1229/199 3617/1229/199 3613/1229/199
f 3619/1229/196 3620/1229/196 3621/1229/196
f 3621/1229/196 3622/1229/196 3623/1229/196
f 3623/1229/196 3624/1229/196 3619/1229/196
f 3621/1229/196 3623/1229/196 3619/1229/196
f 3613/1229/1349 3618/1229/1349 3621/1229/1349
f 3613/1229/1349 3621/1229/1349 3620/1229/1349
f 3618/1229/161 3617/1229/161 3622/1229/161
f 3618/1229/161 3622/1229/161 3621/1229/161
f 3617/1229/1350 3616/1229/1350 3623/1229/1350
f 3617/1229/1350 3623/1229/1350 3622/1229/1350
f 3616/1229/1351 3615/1229/1351 3624/1229/1351
f 3616/1229/1351 3624/1229/1351 3623/1229/1351
f 3615/1229/162 3614/1229/162 3619/1229/162
f 3615/1229/162 3619/1229/162 3624/1229/162
f 3614/1229/1352 3613/1229/1352 3620/1229/1352
f 3614/1229/1352 3620/1229/1352 3619/1229/1352
f 3625/1229/199 3626/1229/199 3627/1229/199
f 3627/1229/199 3628/1229/199 3629/1229/199
f 3629/1229/199 3630/1229/199 3625/1229/199
f 3627/1229/199 3629/1229/199 3625/1229/199
f 3631/1229/196 3632/1229/196 3633/1229/196
f 3633/1229/196 3634/1229/196 3635/1229/196
f 3635/1229/196 3636/1229/196 3631/1229/196
f 3633/1229/196 3635/1229/196 3631/1229/196
f 3625/1229/1349 3630/1229/1349 3633/1229/1349
f 3625/1229/1349 3633/1229/1349 3632/1229/1349
f 3630/1229/161 3629/1229/161 3634/1229/161
f 3630/1229/161 3634/1229/161 3633/1229/161
f 3629/1229/1350 3628/1229/1350 3635/1229/1350
f 3629/1229/1350 3635/1229/1350 3634/1229/1350
f 3628/1229/1351 3627/1229/1351 3636/1229/1351
f 3628/1229/1351 3636/1229/1351 3635/1229/1351
f 3627/1229/162 3626/1229/162 3631/1229/162
f 3627/1229/162 3631/1229/162 3636/1229/162
f 3626/1229/1352 3625/1229/1352 3632/1229/1352
f 3626/1229/1352 3632/1229/1352 3631/1229/1352
f 3637/1229/199 3638/1229/199 3639/1229/199
f 3639/1229/199 3640/1229/199 3641/1229/199
f 3641/1229/199 3642/1229/199 3637/1229/199
f 3639/1229/199 3641/1229/199 3637/1229/199
f 3643/1229/196 3644/1229/196 3645/1229/196
f 3645/1229/196 3646/1229/196 3647/1229/196
f 3647/1229/196 3648/1229/196 3643/1229/196
f 3645/1229/196 3647/1229/196 3643/1229/196
f 3637/1229/1349 3642/1229/1349 3645/1229/1349
f 3637/1229/1349 3645/1229/1349 3644/1229/1349
f 3642/1229/161 3641/1229/161 3646/1229/161
f 3642/1229/161 3646/1229/161 3645/1229/161
f 3641/1229/1350 3640/1229/1350 3647/1229/1350
f 3641/1229/1350 3647/1229/1350 3646/1229/1350
f 3640/1229/1351 3639/1229/1351 3648/1229/1351
f 3640/1229/1351 3648/1229/1351 3647/1229/1351
f 3639/1229/162 3638/1229/162 3643/1229/162
f 3639/1229/162 3643/1229/162 3648/1229/162
f 3638/1229/1352 3637/1229/1352 3644/1229/1352
f 3638/1229/1352 3644/1229/1352 3643/1229/1352
f 3649/1229/199 3650/1229/199 3651/1229/199
f 3651/1229/199 3652/1229/199 3653/1229/199
f 3653/1229/199 3654/1229/199 3649/1229/199
f 3651/1229/199 3653/1229/199 3649/1229/199
f 3655/1229/196 3656/1229/196 3657/1229/196
f 3657/1229/196 3658/1229/196 3659/1229/196
f 3659/1229/196 3660/1229/196 3655/1229/196
f 3657/1229/196 3659/1229/196 3655/1229/196
f 3649/1229/1349 3654/1229/1349 3657/1229/1349
f 3649/1229/1349 3657/1229/1349 3656/1229/1349
f 3654/1229/161 3653/1229/161 3658/1229/161
f 3654/1229/161 3658/1229/161 3657/1229/161
f 3653/1229/1350 3652/1229/1350 3659/1229/1350
f 3653/1229/1350 3659/1229/1350 3658/1229/1350
f 3652/1229/1351 3651/1229/1351 3660/1229/1351
f 3652/1229/1351 3660/1229/1351 3659/1229/1351
f 3651/1229/162 3650/1229/162 3655/1229/162
f 3651/1229/162 3655/1229/162 3660/1229/162
f 3650/1229/1352 3649/1229/1352 3656/1229/1352
f 3650/1229/1352 3656/1229/1352 3655/1229/1352
usemtl mat_14
f 3661/1229/1353 3662/1229/1353 3663/1229/1353
f 3661/1229/1353 3663/1229/1353 3664/1229/1353
f 3662/1229/1354 3665/1229/1354 3666/1229/1354
f 3662/1229/1354 3666/1229/1354 3663/1229/1354
f 3665/1229/1355 3667/1229/1355 3668/1229/1355
f 3665/1229/1355 3668/1229/1355 3666/1229/1355
f 3667/1229/1356 3669/1229/1356 3670/1229/1356
f 3667/1229/1356 3670/1229/1356 3668/1229/1356
f 3669/1229/1288 3671/1229/1288 3672/1229/1288
f 3669/1229/1288 3672/1229/1288 3670/1229/1288
f 3671/1229/1289 3673/1229/1289 3674/1229/1289
f 3671/1229/1289 3674/1229/1289 3672/1229/1289
f 3673/1229/1357 3675/1229/1357 3676/1229/1357
f 3673/1229/1357 3676/1229/1357 3674/1229/1357
f 3675/1229/1358 3677/1229/1358 3678/1229/1358
f 3675/1229/1358 3678/1229/1358 3676/1229/1358
f 3677/1229/1359 3679/1229/1359 3680/1229/1359
f 3677/1229/1359 3680/1229/1359 3678/1229/1359
f 3679/1229/1360 3681/1229/1360 3682/1229/1360
f 3679/1229/1360 3682/1229/1360 3680/1229/1360
f 3681/1229/1361 3683/1229/1361 3684/1229/1361
f 3681/1229/1361 3684/1229/1361 3682/1229/1361
f 3683/1229/1362 3685/1229/1362 3686/1229/1362
f 3683/1229/1362 3686/1229/1362 3684/1229/1362
f 3685/1229/1363 3687/1229/1363 3688/1229/1363
f 3685/1229/1363 3688/1229/1363 3686/1229/1363
f 3687/1229/1364 3689/1229/1364 3690/1229/1364
f 3687/1229/1364 3690/1229/1364 3688/1229/1364
f 3689/1229/1296 3691/1229/1296 3692/1229/1296
f 3689/1229/1296 3692/1229/1296 3690/1229/1296
f 3691/1229/1297 3693/1229/1297 3694/1229/1297
f 3691/1229/1297 3694/1229/1297 3692/1229/1297
f 3693/1229/1365 3695/1229/1365 3696/1229/1365
f 3693/1229/1365 3696/1229/1365 3694/1229/1365
f 3695/1229/1366 3697/1229/1366 3698/1229/1366
f 3695/1229/1366 3698/1229/1366 3696/1229/1366
f 3697/1229/1367 3699/1229/1367 3700/1229/1367
f 3697/1229/1367 3700/1229/1367 3698/1229/1367
f 3699/1229/1368 3661/1229/1368 3664/1229/1368
f 3699/1229/1368 3664/1229/1368 3700/1229/1368
f 3664/1229/196 3663/1229/196 3701/1229/196
f 3664/1229/196 3701/1229/196 3702/1229/196
f 3663/1229/196 3666/1229/196 3703/1229/196
f 3663/1229/196 3703/1229/196 3701/1229/196
f 3666/1229/196 3668/1229/196 3704/1229/196
f 3666/1229/196 3704/1229/196 3703/1229/196
f 3668/1229/196 3670/1229/196 3705/1229/196
f 3668/1229/196 3705/1229/196 3704/1229/196
f 3670/1229/196 3672/1229/196 3706/1229/196
f 3670/1229/196 3706/1229/196 3705/1229/196
f 3672/1229/196 3674/1229/196 3707/1229/196
f 3672/1229/196 3707/1229/196 3706/1229/196
f 3674/1229/196 3676/1229/196 3708/1229/196
f 3674/1229/196 3708/1229/196 3707/1229/196
f 3676/1229/196 3678/1229/196 3709/1229/196
f 3676/1229/196 3709/1229/196 3708/1229/196
f 3678/1229/196 3680/1229/196 3710/1229/196
f 3678/1229/196 3710/1229/196 3709/1229/196
f 3680/1229/196 3682/1229/196 3711/1229/196
f 3680/1229/196 3711/1229/196 3710/1229/196
f 3682/1229/196 3684/1229/196 3712/1229/196
f 3682/1229/196 3712/1229/196 3711/1229/196
f 3684/1229/196 3686/1229/196 3713/1229/196
f 3684/1229/196 3713/1229/196 3712/1229/196
f 3686/1229/196 3688/1229/196 3714/1229/196
f 3686/1229/196 3714/1229/196 3713/1229/196
f 3688/1229/196 3690/1229/196 3715/1229/196
f 3688/1229/196 3715/1229/196 3714/1229/196
f 3690/1229/196 3692/1229/196 3716/1229/196
f 3690/1229/196 3716/1229/196 3715/1229/196
f 3692/1229/196 3694/1229/196 3717/1229/196
f 3692/1229/196 3717/1229/196 3716/1229/196
f 3694/1229/196 3696/1229/196 3718/1229/196
f 3694/1229/196 3718/1229/196 3717/1229/196
f 3696/1229/196 3698/1229/196 3719/1229/196
f 3696/1229/196 3719/1229/196 3718/1229/196
f 3698/1229/196 3700/1229/196 3720/1229/196
f 3698/1229/196 3720/1229/196 3719/1229/196
f 3700/1229/196 3664/1229/196 3702/1229/196
f 3700/1229/196 3702/1229/196 3720/1229/196
f 3702/1229/1369 3701/1229/1369 3721/1229/1369
f 3702/1229/1369 3721/1229/1369 3722/1229/1369
f 3701/1229/1370 3703/1229/1370 3723/1229/1370
f 3701/1229/1370 3723/1229/1370 3721/1229/1370
f 3703/1229/1371 3704/1229/1371 3724/1229/1371
f 3703/1229/1371 3724/1229/1371 3723/1229/1371
f 3704/1229/1372 3705/1229/1372 3725/1229/1372
f 3704/1229/1372 3725/1229/1372 3724/1229/1372
f 3705/1229/1373 3706/1229/1373 3726/1229/1373
f 3705/1229/1373 3726/1229/1373 3725/1229/1373
f 3706/1229/1374 3707/1229/1374 3727/1229/1374
f 3706/1229/1374 3727/1229/1374 3726/1229/1374
f 3707/1229/1375 3708/1229/1375 3728/1229/1375
f 3707/1229/1375 3728/1229/1375 3727/1229/1375
f 3708/1229/1376 3709/1229/1376 3729/1229/1376
f 3708/1229/1376 3729/1229/1376 3728/1229/1376
f 3709/1229/1377 3710/1229/1377 3730/1229/1377
f 3709/1229/1377 3730/1229/1377 3729/1229/1377
f 3710/1229/1378 3711/1229/1378 3731/1229/1378
f 3710/1229/1378 3731/1229/1378 3730/1229/1378
f 3711/1229/1379 3712/1229/1379 3732/1229/1379
f 3711/1229/1379 3732/1229/1379 3731/1229/1379
f 3712/1229/1380 3713/1229/1380 3733/1229/1380
f 3712/1229/1380 3733/1229/1380 3732/1229/1380
f 3713/1229/1381 3714/1229/1381 3734/1229/1381
f 3713/1229/1381 3734/1229/1381 3733/1229/1381
f 3714/1229/1382 3715/1229/1382 3735/1229/1382
f 3714/1229/1382 3735/1229/1382 3734/1229/1382
f 3715/1229/1383 3716/1229/1383 3736/1229/1383
f 3715/1229/1383 3736/1229/1383 3735/1229/1383
f 3716/1229/1384 3717/1229/1384 3737/1229/1384
f 3716/1229/1384 3737/1229/1384 3736/1229/1384
f 3717/1229/1385 3718/1229/1385 3738/1229/1385
f 3717/1229/1385 3738/1229/1385 3737/1229/1385
f 3718/1229/1386 3719/1229/1386 3739/1229/1386
f 3718/1229/1386 3739/1229/1386 3738/1229/1386
f 3719/1229/1387 3720/1229/1387 3740/1229/1387
f 3719/1229/1387 3740/1229/1387 3739/1229/1387
f 3720/1229/1388 3702/1229/1388 3722/1229/1388
f 3720/1229/1388 3722/1229/1388 3740/1229/1388
f 3722/1229/199 3721/1229/199 3662/1229/199
f 3722/1229/199 3662/1229/199 3661/1229/199
f 3721/1229/199 3723/1229/199 3665/1229/199
f 3721/1229/199 3665/1229/199 3662/1229/199
f 3723/1229/199 3724/1229/199 3667/1229/199
f 3723/1229/199 3667/1229/199 3665/1229/199
f 3724/1229/199 3725/1229/199 3669/1229/199
f 3724/1229/199 3669/1229/199 3667/1229/199
f 3725/1229/199 3726/1229/199 3671/1229/199
f 3725/1229/199 3671/1229/199 3669/1229/199
f 3726/1229/199 3727/1229/199 3673/1229/199
f 3726/1229/199 3673/1229/199 3671/1229/199
f 3727/1229/199 3728/1229/199 3675/1229/199
f 3727/1229/199 3675/1229/199 3673/1229/199
f 3728/1229/199 3729/1229/199 3677/1229/199
f 3728/1229/199 3677/1229/199 3675/1229/199
f 3729/1229/199 3730/1229/199 3679/1229/199
f 3729/1229/199 3679/1229/199 3677/1229/199
f 3730/1229/199 3731/1229/199 3681/1229/199
f 3730/1229/199 3681/1229/199 3679/1229/199
f 3731/1229/199 3732/1229/199 3683/1229/199
f 3731/1229/199 3683/1229/199 3681/1229/199
f 3732/1229/199 3733/1229/199 3685/1229/199
f 3732/1229/199 3685/1229/199 3683/1229/199
f 3733/1229/199 3734/1229/199 3687/1229/199
f 3733/1229/199 3687/1229/199 3685/1229/199
f 3734/1229/199 3735/1229/199 3689/1229/199
f 3734/1229/199 3689/1229/199 3687/1229/199
f 3735/1229/199 3736/1229/199 3691/1229/199
f 3735/1229/199 3691/1229/199 3689/1229/199
f 3736/1229/199 3737/1229/199 3693/1229/199
f 3736/1229/199 3693/1229/199 3691/1229/199
f 3737/1229/199 3738/1229/199 3695/1229/199
f 3737/1229/199 3695/1229/199 3693/1229/199
f 3738/1229/199 3739/1229/199 3697/1229/199
f 3738/1229/199 3697/1229/199 3695/1229/199
f 3739/1229/199 3740/1229/199 3699/1229/199
f 3739/1229/199 3699/1229/199 3697/1229/199
f 3740/1229/199 3722/1229/199 3661/1229/199
f 3740/1229/199 3661/1229/199 3699/1229/199
usemtl mat_10
f 3741/1229/1225 3742/1229/1225 3743/1229/1225
f 3741/1229/1225 3743/1229/1225 3744/1229/1225
f 3742/1229/1317 3745/1229/1317 3746/1229/1317
f 3742/1229/1317 3746/1229/1317 3743/1229/1317
f 3745/1229/1318 3747/1229/1318 3748/1229/1318
f 3745/1229/1318 3748/1229/1318 3746/1229/1318
f 3747/1229/1389 3749/1229/1389 3750/1229/1389
f 3747/1229/1389 3750/1229/1389 3748/1229/1389
f 3749/1229/1390 3751/1229/1390 3752/1229/1390
f 3749/1229/1390 3752/1229/1390 3750/1229/1390
f 3751/1229/1391 3753/1229/1391 3754/1229/1391
f 3751/1229/1391 3754/1229/1391 3752/1229/1391
f 3753/1229/1392 3755/1229/1392 3756/1229/1392
f 3753/1229/1392 3756/1229/1392 3754/1229/1392
f 3755/1229/1319 3757/1229/1319 3758/1229/1319
f 3755/1229/1319 3758/1229/1319 3756/1229/1319
f 3757/1229/1320 3759/1229/1320 3760/1229/1320
f 3757/1229/1320 3760/1229/1320 3758/1229/1320
f 3759/1229/1232 3761/1229/1232 3762/1229/1232
f 3759/1229/1232 3762/1229/1232 3760/1229/1232
f 3761/1229/1233 3763/1229/1233 3764/1229/1233
f 3761/1229/1233 3764/1229/1233 3762/1229/1233
f 3763/1229/1321 3765/1229/1321 3766/1229/1321
f 3763/1229/1321 3766/1229/1321 3764/1229/1321
f 3765/1229/1322 3767/1229/1322 3768/1229/1322
f 3765/1229/1322 3768/1229/1322 3766/1229/1322
f 3767/1229/1393 3769/1229/1393 3770/1229/1393
f 3767/1229/1393 3770/1229/1393 3768/1229/1393
f 3769/1229/1394 3771/1229/1394 3772/1229/1394
f 3769/1229/1394 3772/1229/1394 3770/1229/1394
f 3771/1229/1395 3773/1229/1395 3774/1229/1395
f 3771/1229/1395 3774/1229/1395 3772/1229/1395
f 3773/1229/1396 3775/1229/1396 3776/1229/1396
f 3773/1229/1396 3776/1229/1396 3774/1229/1396
f 3775/1229/1323 3777/1229/1323 3778/1229/1323
f 3775/1229/1323 3778/1229/1323 3776/1229/1323
f 3777/1229/1324 3779/1229/1324 3780/1229/1324
f 3777/1229/1324 3780/1229/1324 3778/1229/1324
f 3779/1229/1240 3741/1229/1240 3744/1229/1240
f 3779/1229/1240 3744/1229/1240 3780/1229/1240
f 3744/1229/196 3743/1229/196 3781/1229/196
f 3744/1229/196 3781/1229/196 3782/1229/196
f 3743/1229/196 3746/1229/196 3783/1229/196
f 3743/1229/196 3783/1229/196 3781/1229/196
f 3746/1229/196 3748/1229/196 3784/1229/196
f 3746/1229/196 3784/1229/196 3783/1229/196
f 3748/1229/196 3750/1229/196 3785/1229/196
f 3748/1229/196 3785/1229/196 3784/1229/196
f 3750/1229/196 3752/1229/196 3786/1229/196
f 3750/1229/196 3786/1229/196 3785/1229/196
f 3752/1229/196 3754/1229/196 3787/1229/196
f 3752/1229/196 3787/1229/196 3786/1229/196
f 3754/1229/196 3756/1229/196 3788/1229/196
f 3754/1229/196 3788/1229/196 3787/1229/196
f 3756/1229/196 3758/1229/196 3789/1229/196
f 3756/1229/196 3789/1229/196 3788/1229/196
f 3758/1229/196 3760/1229/196 3790/1229/196
f 3758/1229/196 3790/1229/196 3789/1229/196
f 3760/1229/196 3762/1229/196 3791/1229/196
f 3760/1229/196 3791/1229/196 3790/1229/196
f 3762/1229/196 3764/1229/196 3792/1229/196
f 3762/1229/196 3792/1229/196 3791/1229/196
f 3764/1229/196 3766/1229/196 3793/1229/196
f 3764/1229/196 3793/1229/196 3792/1229/196
f 3766/1229/196 3768/1229/196 3794/1229/196
f 3766/1229/196 3794/1229/196 3793/1229/196
f 3768/1229/196 3770/1229/196 3795/1229/196
f 3768/1229/196 3795/1229/196 3794/1229/196
f 3770/1229/196 3772/1229/196 3796/1229/196
f 3770/1229/196 3796/1229/196 3795/1229/196
f 3772/1229/196 3774/1229/196 3797/1229/196
f 3772/1229/196 3797/1229/196 3796/1229/196
f 3774/1229/196 3776/1229/196 3798/1229/196
f 3774/1229/196 3798/1229/196 3797/1229/196
f 3776/1229/196 3778/1229/196 3799/1229/196
f 3776/1229/196 3799/1229/196 3798/1229/196
f 3778/1229/196 3780/1229/196 3800/1229/196
f 3778/1229/196 3800/1229/196 3799/1229/196
f 3780/1229/196 3744/1229/196 3782/1229/196
f 3780/1229/196 3782/1229/196 3800/1229/196
f 3782/1229/1397 3781/1229/1397 3801/1229/1397
f 3782/1229/1397 3801/1229/1397 3802/1229/1397
f 3781/1229/1242 3783/1229/1242 3803/1229/1242
f 3781/1229/1242 3803/1229/1242 3801/1229/1242
f 3783/1229/446 3784/1229/446 3804/1229/446
f 3783/1229/446 3804/1229/446 3803/1229/446
f 3784/1229/1398 3785/1229/1398 3805/1229/1398
f 3784/1229/1398 3805/1229/1398 3804/1229/1398
f 3785/1229/1399 3786/1229/1399 3806/1229/1399
f 3785/1229/1399 3806/1229/1399 3805/1229/1399
f 3786/1229/1400 3787/1229/1400 3807/1229/1400
f 3786/1229/1400 3807/1229/1400 3806/1229/1400
f 3787/1229/1401 3788/1229/1401 3808/1229/1401
f 3787/1229/1401 3808/1229/1401 3807/1229/1401
f 3788/1229/447 3789/1229/447 3809/1229/447
f 3788/1229/447 3809/1229/447 3808/1229/447
f 3789/1229/1247 3790/1229/1247 3810/1229/1247
f 3789/1229/1247 3810/1229/1247 3809/1229/1247
f 3790/1229/1402 3791/1229/1402 3811/1229/1402
f 3790/1229/1402 3811/1229/1402 3810/1229/1402
f 3791/1229/1403 3792/1229/1403 3812/1229/1403
f 3791/1229/1403 3812/1229/1403 3811/1229/1403
f 3792/1229/1250 3793/1229/1250 3813/1229/1250
f 3792/1229/1250 3813/1229/1250 3812/1229/1250
f 3793/1229/448 3794/1229/448 3814/1229/448
f 3793/1229/448 3814/1229/448 3813/1229/448
f 3794/1229/1404 3795/1229/1404 3815/1229/1404
f 3794/1229/1404 3815/1229/1404 3814/1229/1404
f 3795/1229/1405 3796/1229/1405 3816/1229/1405
f 3795/1229/1405 3816/1229/1405 3815/1229/1405
f 3796/1229/1406 3797/1229/1406 3817/1229/1406
f 3796/1229/1406 3817/1229/1406 3816/1229/1406
f 3797/1229/1407 3798/1229/1407 3818/1229/1407
f 3797/1229/1407 3818/1229/1407 3817/1229/1407
f 3798/1229/445 3799/1229/445 3819/1229/445
f 3798/1229/445 3819/1229/445 3818/1229/445
f 3799/1229/1255 3800/1229/1255 3820/1229/1255
f 3799/1229/1255 3820/1229/1255 3819/1229/1255
f 3800/1229/1408 3782/1229/1408 3802/1229/1408
f 3800/1229/1408 3802/1229/1408 3820/1229/1408
f 3802/1229/199 3801/1229/199 3742/1229/199
f 3802/1229/199 3742/1229/199 3741/1229/199
f 3801/1229/199 3803/1229/199 3745/1229/199
f 3801/1229/199 3745/1229/199 3742/1229/199
f 3803/1229/199 3804/1229/199 3747/1229/199
f 3803/1229/199 3747/1229/199 3745/1229/199
f 3804/1229/199 3805/1229/199 3749/1229/199
f 3804/1229/199 3749/1229/199 3747/1229/199
f 3805/1229/199 3806/1229/199 3751/1229/199
f 3805/1229/199 3751/1229/199 3749/1229/199
f 3806/1229/199 3807/1229/199 3753/1229/199
f 3806/1229/199 3753/1229/199 3751/1229/199
f 3807/1229/199 3808/1229/199 3755/1229/199
f 3807/1229/199 3755/1229/199 3753/1229/199
f 3808/1229/199 3809/1229/199 3757/1229/199
f 3808/1229/199 3757/1229/199 3755/1229/199
f 3809/1229/199 3810/1229/199 3759/1229/199
f 3809/1229/199 3759/1229/199 3757/1229/199
f 3810/1229/199 3811/1229/199 3761/1229/199
f 3810/1229/199 3761/1229/199 3759/1229/199
f 3811/1229/199 3812/1229/199 3763/1229/199
f 3811/1229/199 3763/1229/199 3761/1229/199
f 3812/1229/199 3813/1229/199 3765/1229/199
f 3812/1229/199 3765/1229/199 3763/1229/199
f 3813/1229/199 3814/1229/199 3767/1229/199
f 3813/1229/199 3767/1229/199 3765/1229/199
f 3814/1229/199 3815/1229/199 3769/1229/199
f 3814/1229/199 3769/1229/199 3767/1229/199
f 3815/1229/199 3816/1229/199 3771/1229/199
f 3815/1229/199 3771/1229/199 3769/1229/199
f 3816/1229/199 3817/1229/199 3773/1229/199
f 3816/1229/199 3773/1229/199 3771/1229/199
f 3817/1229/199 3818/1229/199 3775/1229/199
f 3817/1229/199 3775/1229/199 3773/1229/199
f 3818/1229/199 3819/1229/199 3777/1229/199
f 3818/1229/199 3777/1229/199 3775/1229/199
f 3819/1229/199 3820/1229/199 3779/1229/199
f 3819/1229/199 3779/1229/199 3777/1229/199
f 3820/1229/199 3802/1229/199 3741/1229/199
f 3820/1229/199 3741/1229/199 3779/1229/199
usemtl mat_11
f 3821/1229/1329 3822/1229/1329 3823/1229/1329
f 3821/1229/1329 3823/1229/1329 3824/1229/1329
f 3822/1229/1250 3825/1229/1250 3826/1229/1250
f 3822/1229/1250 3826/1229/1250 3823/1229/1250
f 3825/1229/1330 3827/1229/1330 3828/1229/1330
f 3825/1229/1330 3828/1229/1330 3826/1229/1330
f 3827/1229/1251 3829/1229/1251 3830/1229/1251
f 3827/1229/1251 3830/1229/1251 3828/1229/1251
f 3829/1229/1409 3831/1229/1409 3832/1229/1409
f 3829/1229/1409 3832/1229/1409 3830/1229/1409
f 3831/1229/1410 3833/1229/1410 3834/1229/1410
f 3831/1229/1410 3834/1229/1410 3832/1229/1410
f 3833/1229/1254 3835/1229/1254 3836/1229/1254
f 3833/1229/1254 3836/1229/1254 3834/1229/1254
f 3835/1229/1333 3837/1229/1333 3838/1229/1333
f 3835/1229/1333 3838/1229/1333 3836/1229/1333
f 3837/1229/1255 3839/1229/1255 3840/1229/1255
f 3837/1229/1255 3840/1229/1255 3838/1229/1255
f 3839/1229/1334 3841/1229/1334 3842/1229/1334
f 3839/1229/1334 3842/1229/1334 3840/1229/1334
f 3841/1229/1335 3843/1229/1335 3844/1229/1335
f 3841/1229/1335 3844/1229/1335 3842/1229/1335
f 3843/1229/1242 3845/1229/1242 3846/1229/1242
f 3843/1229/1242 3846/1229/1242 3844/1229/1242
f 3845/1229/1336 3847/1229/1336 3848/1229/1336
f 3845/1229/1336 3848/1229/1336 3846/1229/1336
f 3847/1229/1243 3849/1229/1243 3850/1229/1243
f 3847/1229/1243 3850/1229/1243 3848/1229/1243
f 3849/1229/1411 3851/1229/1411 3852/1229/1411
f 3849/1229/1411 3852/1229/1411 3850/1229/1411
f 3851/1229/1412 3853/1229/1412 3854/1229/1412
f 3851/1229/1412 3854/1229/1412 3852/1229/1412
f 3853/1229/1246 3855/1229/1246 3856/1229/1246
f 3853/1229/1246 3856/1229/1246 3854/1229/1246
f 3855/1229/1339 3857/1229/1339 3858/1229/1339
f 3855/1229/1339 3858/1229/1339 3856/1229/1339
f 3857/1229/1247 3859/1229/1247 3860/1229/1247
f 3857/1229/1247 3860/1229/1247 3858/1229/1247
f 3859/1229/1340 3821/1229/1340 3824/1229/1340
f 3859/1229/1340 3824/1229/1340 3860/1229/1340
f 3824/1229/196 3823/1229/196 3861/1229/196
f 3824/1229/196 3861/1229/196 3862/1229/196
f 3823/1229/196 3826/1229/196 3863/1229/196
f 3823/1229/196 3863/1229/196 3861/1229/196
f 3826/1229/196 3828/1229/196 3864/1229/196
f 3826/1229/196 3864/1229/196 3863/1229/196
f 3828/1229/196 3830/1229/196 3865/1229/196
f 3828/1229/196 3865/1229/196 3864/1229/196
f 3830/1229/196 3832/1229/196 3866/1229/196
f 3830/1229/196 3866/1229/196 3865/1229/196
f 3832/1229/196 3834/1229/196 3867/1229/196
f 3832/1229/196 3867/1229/196 3866/1229/196
f 3834/1229/196 3836/1229/196 3868/1229/196
f 3834/1229/196 3868/1229/196 3867/1229/196
f 3836/1229/196 3838/1229/196 3869/1229/196
f 3836/1229/196 3869/1229/196 3868/1229/196
f 3838/1229/196 3840/1229/196 3870/1229/196
f 3838/1229/196 3870/1229/196 3869/1229/196
f 3840/1229/196 3842/1229/196 3871/1229/196
f 3840/1229/196 3871/1229/196 3870/1229/196
f 3842/1229/196 3844/1229/196 3872/1229/196
f 3842/1229/196 3872/1229/196 3871/1229/196
f 3844/1229/196 3846/1229/196 3873/1229/196
f 3844/1229/196 3873/1229/196 3872/1229/196
f 3846/1229/196 3848/1229/196 3874/1229/196
f 3846/1229/196 3874/1229/196 3873/1229/196
f 3848/1229/196 3850/1229/196 3875/1229/196
f 3848/1229/196 3875/1229/196 3874/1229/196
f 3850/1229/196 3852/1229/196 3876/1229/196
f 3850/1229/196 3876/1229/196 3875/1229/196
f 3852/1229/196 3854/1229/196 3877/1229/196
f 3852/1229/196 3877/1229/196 3876/1229/196
f 3854/1229/196 3856/1229/196 3878/1229/196
f 3854/1229/196 3878/1229/196 3877/1229/196
f 3856/1229/196 3858/1229/196 3879/1229/196
f 3856/1229/196 3879/1229/196 3878/1229/196
f 3858/1229/196 3860/1229/196 3880/1229/196
f 3858/1229/196 3880/1229/196 3879/1229/196
f 3860/1229/196 3824/1229/196 3862/1229/196
f 3860/1229/196 3862/1229/196 3880/1229/196
f 3862/1229/1397 3861/1229/1397 3881/1229/1397
f 3862/1229/1397 3881/1229/1397 3882/1229/1397
f 3861/1229/1242 3863/1229/1242 3883/1229/1242
f 3861/1229/1242 3883/1229/1242 3881/1229/1242
f 3863/1229/446 3864/1229/446 3884/1229/446
f 3863/1229/446 3884/1229/446 3883/1229/446
f 3864/1229/1398 3865/1229/1398 3885/1229/1398
f 3864/1229/1398 3885/1229/1398 3884/1229/1398
f 3865/1229/1399 3866/1229/1399 3886/1229/1399
f 3865/1229/1399 3886/1229/1399 3885/1229/1399
f 3866/1229/1400 3867/1229/1400 3887/1229/1400
f 3866/1229/1400 3887/1229/1400 3886/1229/1400
f 3867/1229/1401 3868/1229/1401 3888/1229/1401
f 3867/1229/1401 3888/1229/1401 3887/1229/1401
f 3868/1229/447 3869/1229/447 3889/1229/447
f 3868/1229/447 3889/1229/447 3888/1229/447
f 3869/1229/1247 3870/1229/1247 3890/1229/1247
f 3869/1229/1247 3890/1229/1247 3889/1229/1247
f 3870/1229/1402 3871/1229/1402 3891/1229/1402
f 3870/1229/1402 3891/1229/1402 3890/1229/1402
f 3871/1229/1403 3872/1229/1403 3892/1229/1403
f 3871/1229/1403 3892/1229/1403 3891/1229/1403
f 3872/1229/1250 3873/1229/1250 3893/1229/1250
f 3872/1229/1250 3893/1229/1250 3892/1229/1250
f 3873/1229/448 3874/1229/448 3894/1229/448
f 3873/1229/448 3894/1229/448 3893/1229/448
f 3874/1229/1404 3875/1229/1404 3895/1229/1404
f 3874/1229/1404 3895/1229/1404 3894/1229/1404
f 3875/1229/1405 3876/1229/1405 3896/1229/1405
f 3875/1229/1405 3896/1229/1405 3895/1229/1405
f 3876/1229/1406 3877/1229/1406 3897/1229/1406
f 3876/1229/1406 3897/1229/1406 3896/1229/1406
f 3877/1229/1407 3878/1229/1407 3898/1229/1407
f 3877/1229/1407 3898/1229/1407 3897/1229/1407
f 3878/1229/445 3879/1229/445 3899/1229/445
f 3878/1229/445 3899/1229/445 3898/1229/445
f 3879/1229/1255 3880/1229/1255 3900/1229/1255
f 3879/1229/1255 3900/1229/1255 3899/1229/1255
f 3880/1229/1408 3862/1229/1408 3882/1229/1408
f 3880/1229/1408 3882/1229/1408 3900/1229/1408
f 3882/1229/199 3881/1229/199 3822/1229/199
f 3882/1229/199 3822/1229/199 3821/1229/199
f 3881/1229/199 3883/1229/199 3825/1229/199
f 3881/1229/199 3825/1229/199 3822/1229/199
f 3883/1229/199 3884/1229/199 3827/1229/199
f 3883/1229/199 3827/1229/199 3825/1229/199
f 3884/1229/199 3885/1229/199 3829/1229/199
f 3884/1229/199 3829/1229/199 3827/1229/199
f 3885/1229/199 3886/1229/199 3831/1229/199
f 3885/1229/199 3831/1229/199 3829/1229/199
f 3886/1229/199 3887/1229/199 3833/1229/199
f 3886/1229/199 3833/1229/199 3831/1229/199
f 3887/1229/199 3888/1229/199 3835/1229/199
f 3887/1229/199 3835/1229/199 3833/1229/199
f 3888/1229/199 3889/1229/199 3837/1229/199
f 3888/1229/199 3837/1229/199 3835/1229/199
f 3889/1229/199 3890/1229/199 3839/1229/199
f 3889/1229/199 3839/1229/199 3837/1229/199
f 3890/1229/199 3891/1229/199 3841/1229/199
f 3890/1229/199 3841/1229/199 3839/1229/199
f 3891/1229/199 3892/1229/199 3843/1229/199
f 3891/1229/199 3843/1229/199 3841/1229/199
f 3892/1229/199 3893/1229/199 3845/1229/199
f 3892/1229/199 3845/1229/199 3843/1229/199
f 3893/1229/199 3894/1229/199 3847/1229/199
f 3893/1229/199 3847/1229/199 3845/1229/199
f 3894/1229/199 3895/1229/199 3849/1229/199
f 3894/1229/199 3849/1229/199 3847/1229/199
f 3895/1229/199 3896/1229/199 3851/1229/199
f 3895/1229/199 3851/1229/199 3849/1229/199
f 3896/1229/199 3897/1229/199 3853/1229/199
f 3896/1229/199 3853/1229/199 3851/1229/199
f 3897/1229/199 3898/1229/199 3855/1229/199
f 3897/1229/199 3855/1229/199 3853/1229/199
f 3898/1229/199 3899/1229/199 3857/1229/199
f 3898/1229/199 3857/1229/199 3855/1229/199
f 3899/1229/199 3900/1229/199 3859/1229/199
f 3899/1229/199 3859/1229/199 3857/1229/199
f 3900/1229/199 3882/1229/199 3821/1229/199
f 3900/1229/199 3821/1229/199 3859/1229/199
usemtl mat_12
f 3901/1229/1413 3902/1229/1413 3903/1229/1413
f 3901/1229/1413 3903/1229/1413 3904/1229/1413
f 3902/1229/1414 3905/1229/1414 3906/1229/1414
f 3902/1229/1414 3906/1229/1414 3903/1229/1414
f 3905/1229/1415 3907/1229/1415 3908/1229/1415
f 3905/1229/1415 3908/1229/1415 3906/1229/1415
f 3907/1229/1341 3909/1229/1341 3910/1229/1341
f 3907/1229/1341 3910/1229/1341 3908/1229/1341
f 3909/1229/1416 3911/1229/1416 3912/1229/1416
f 3909/1229/1416 3912/1229/1416 3910/1229/1416
f 3911/1229/1417 3913/1229/1417 3914/1229/1417
f 3911/1229/1417 3914/1229/1417 3912/1229/1417
f 3913/1229/1344 3915/1229/1344 3916/1229/1344
f 3913/1229/1344 3916/1229/1344 3914/1229/1344
f 3915/1229/1418 3917/1229/1418 3918/1229/1418
f 3915/1229/1418 3918/1229/1418 3916/1229/1418
f 3917/1229/1419 3919/1229/1419 3920/1229/1419
f 3917/1229/1419 3920/1229/1419 3918/1229/1419
f 3919/1229/1420 3921/1229/1420 3922/1229/1420
f 3919/1229/1420 3922/1229/1420 3920/1229/1420
f 3921/1229/1421 3923/1229/1421 3924/1229/1421
f 3921/1229/1421 3924/1229/1421 3922/1229/1421
f 3923/1229/1422 3925/1229/1422 3926/1229/1422
f 3923/1229/1422 3926/1229/1422 3924/1229/1422
f 3925/1229/1423 3927/1229/1423 3928/1229/1423
f 3925/1229/1423 3928/1229/1423 3926/1229/1423
f 3927/1229/1345 3929/1229/1345 3930/1229/1345
f 3927/1229/1345 3930/1229/1345 3928/1229/1345
f 3929/1229/1424 3931/1229/1424 3932/1229/1424
f 3929/1229/1424 3932/1229/1424 3930/1229/1424
f 3931/1229/1425 3933/1229/1425 3934/1229/1425
f 3931/1229/1425 3934/1229/1425 3932/1229/1425
f 3933/1229/1348 3935/1229/1348 3936/1229/1348
f 3933/1229/1348 3936/1229/1348 3934/1229/1348
f 3935/1229/1426 3937/1229/1426 3938/1229/1426
f 3935/1229/1426 3938/1229/1426 3936/1229/1426
f 3937/1229/1427 3939/1229/1427 3940/1229/1427
f 3937/1229/1427 3940/1229/1427 3938/1229/1427
f 3939/1229/1428 3901/1229/1428 3904/1229/1428
f 3939/1229/1428 3904/1229/1428 3940/1229/1428
f 3904/1229/196 3903/1229/196 3941/1229/196
f 3904/1229/196 3941/1229/196 3942/1229/196
f 3903/1229/196 3906/1229/196 3943/1229/196
f 3903/1229/196 3943/1229/196 3941/1229/196
f 3906/1229/196 3908/1229/196 3944/1229/196
f 3906/1229/196 3944/1229/196 3943/1229/196
f 3908/1229/196 3910/1229/196 3945/1229/196
f 3908/1229/196 3945/1229/196 3944/1229/196
f 3910/1229/196 3912/1229/196 3946/1229/196
f 3910/1229/196 3946/1229/196 3945/1229/196
f 3912/1229/196 3914/1229/196 3947/1229/196
f 3912/1229/196 3947/1229/196 3946/1229/196
f 3914/1229/196 3916/1229/196 3948/1229/196
f 3914/1229/196 3948/1229/196 3947/1229/196
f 3916/1229/196 3918/1229/196 3949/1229/196
f 3916/1229/196 3949/1229/196 3948/1229/196
f 3918/1229/196 3920/1229/196 3950/1229/196
f 3918/1229/196 3950/1229/196 3949/1229/196
f 3920/1229/196 3922/1229/196 3951/1229/196
f 3920/1229/196 3951/1229/196 3950/1229/196
f 3922/1229/196 3924/1229/196 3952/1229/196
f 3922/1229/196 3952/1229/196 3951/1229/196
f 3924/1229/196 3926/1229/196 3953/1229/196
f 3924/1229/196 3953/1229/196 3952/1229/196
f 3926/1229/196 3928/1229/196 3954/1229/196
f 3926/1229/196 3954/1229/196 3953/1229/196
f 3928/1229/196 3930/1229/196 3955/1229/196
f 3928/1229/196 3955/1229/196 3954/1229/196
f 3930/1229/196 3932/1229/196 3956/1229/196
f 3930/1229/196 3956/1229/196 3955/1229/196
f 3932/1229/196 3934/1229/196 3957/1229/196
f 3932/1229/196 3957/1229/196 3956/1229/196
f 3934/1229/196 3936/1229/196 3958/1229/196
f 3934/1229/196 3958/1229/196 3957/1229/196
f 3936/1229/196 3938/1229/196 3959/1229/196
f 3936/1229/196 3959/1229/196 3958/1229/196
f 3938/1229/196 3940/1229/196 3960/1229/196
f 3938/1229/196 3960/1229/196 3959/1229/196
f 3940/1229/196 3904/1229/196 3942/1229/196
f 3940/1229/196 3942/1229/196 3960/1229/196
f 3942/1229/1397 3941/1229/1397 3861/1229/1397
f 3942/1229/1397 3861/1229/1397 3862/1229/1397
f 3941/1229/1242 3943/1229/1242 3863/1229/1242
f 3941/1229/1242 3863/1229/1242 3861/1229/1242
f 3943/1229/446 3944/1229/446 3864/1229/446
f 3943/1229/446 3864/1229/446 3863/1229/446
f 3944/1229/1398 3945/1229/1398 3865/1229/1398
f 3944/1229/1398 3865/1229/1398 3864/1229/1398
f 3945/1229/1399 3946/1229/1399 3866/1229/1399
f 3945/1229/1399 3866/1229/1399 3865/1229/1399
f 3946/1229/1400 3947/1229/1400 3867/1229/1400
f 3946/1229/1400 3867/1229/1400 3866/1229/1400
f 3947/1229/1401 3948/1229/1401 3868/1229/1401
f 3947/1229/1401 3868/1229/1401 3867/1229/1401
f 3948/1229/447 3949/1229/447 3869/1229/447
f 3948/1229/447 3869/1229/447 3868/1229/447
f 3949/1229/1247 3950/1229/1247 3870/1229/1247
f 3949/1229/1247 3870/1229/1247 3869/1229/1247
f 3950/1229/1402 3951/1229/1402 3871/1229/1402
f 3950/1229/1402 3871/1229/1402 3870/1229/1402
f 3951/1229/1403 3952/1229/1403 3872/1229/1403
f 3951/1229/1403 3872/1229/1403 3871/1229/1403
f 3952/1229/1250 3953/1229/1250 3873/1229/1250
f 3952/1229/1250 3873/1229/1250 3872/1229/1250
f 3953/1229/448 3954/1229/448 3874/1229/448
f 3953/1229/448 3874/1229/448 3873/1229/448
f 3954/1229/1404 3955/1229/1404 3875/1229/1404
f 3954/1229/1404 3875/1229/1404 3874/1229/1404
f 3955/1229/1405 3956/1229/1405 3876/1229/1405
f 3955/1229/1405 3876/1229/1405 3875/1229/1405
f 3956/1229/1406 3957/1229/1406 3877/1229/1406
f 3956/1229/1406 3877/1229/1406 3876/1229/1406
f 3957/1229/1407 3958/1229/1407 3878/1229/1407
f 3957/1229/1407 3878/1229/1407 3877/1229/1407
f 3958/1229/445 3959/1229/445 3879/1229/445
f 3958/1229/445 3879/1229/445 3878/1229/445
f 3959/1229/1255 3960/1229/1255 3880/1229/1255
f 3959/1229/1255 3880/1229/1255 3879/1229/1255
f 3960/1229/1408 3942/1229/1408 3862/1229/1408
f 3960/1229/1408 3862/1229/1408 3880/1229/1408
f 3862/1229/199 3861/1229/199 3902/1229/199
f 3862/1229/199 3902/1229/199 3901/1229/199
f 3861/1229/199 3863/1229/199 3905/1229/199
f 3861/1229/199 3905/1229/199 3902/1229/199
f 3863/1229/199 3864/1229/199 3907/1229/199
f 3863/1229/199 3907/1229/199 3905/1229/199
f 3864/1229/199 3865/1229/199 3909/1229/199
f 3864/1229/199 3909/1229/199 3907/1229/199
f 3865/1229/199 3866/1229/199 3911/1229/199
f 3865/1229/199 3911/1229/199 3909/1229/199
f 3866/1229/199 3867/1229/199 3913/1229/199
f 3866/1229/199 3913/1229/199 3911/1229/199
f 3867/1229/199 3868/1229/199 3915/1229/199
f 3867/1229/199 3915/1229/199 3913/1229/199
f 3868/1229/199 3869/1229/199 3917/1229/199
f 3868/1229/199 3917/1229/199 3915/1229/199
f 3869/1229/199 3870/1229/199 3919/1229/199
f 3869/1229/199 3919/1229/199 3917/1229/199
f 3870/1229/199 3871/1229/199 3921/1229/199
f 3870/1229/199 3921/1229/199 3919/1229/199
f 3871/1229/199 3872/1229/199 3923/1229/199
f 3871/1229/199 3923/1229/199 3921/1229/199
f 3872/1229/199 3873/1229/199 3925/1229/199
f 3872/1229/199 3925/1229/199 3923/1229/199
f 3873/1229/199 3874/1229/199 3927/1229/199
f 3873/1229/199 3927/1229/199 3925/1229/199
f 3874/1229/199 3875/1229/199 3929/1229/199
f 3874/1229/199 3929/1229/199 3927/1229/199
f 3875/1229/199 3876/1229/199 3931/1229/199
f 3875/1229/199 3931/1229/199 3929/1229/199
f 3876/1229/199 3877/1229/199 3933/1229/199
f 3876/1229/199 3933/1229/199 3931/1229/199
f 3877/1229/199 3878/1229/199 3935/1229/199
f 3877/1229/199 3935/1229/199 3933/1229/199
f 3878/1229/199 3879/1229/199 3937/1229/199
f 3878/1229/199 3937/1229/199 3935/1229/199
f 3879/1229/199 3880/1229/199 3939/1229/199
f 3879/1229/199 3939/1229/199 3937/1229/199
f 3880/1229/199 3862/1229/199 3901/1229/199
f 3880/1229/199 3901/1229/199 3939/1229/199
usemtl mat_11
f 3961/1229/199 3962/1229/199 3963/1229/199
f 3963/1229/199 3964/1229/199 3965/1229/199
f 3965/1229/199 3966/1229/199 3961/1229/199
f 3963/1229/199 3965/1229/199 3961/1229/199
f 3967/1229/196 3968/1229/196 3969/1229/196
f 3969/1229/196 3970/1229/196 3971/1229/196
f 3971/1229/196 3972/1229/196 3967/1229/196
f 3969/1229/196 3971/1229/196 3967/1229/196
f 3961/1229/1349 3966/1229/1349 3969/1229/1349
f 3961/1229/1349 3969/1229/1349 3968/1229/1349
f 3966/1229/161 3965/1229/161 3970/1229/161
f 3966/1229/161 3970/1229/161 3969/1229/161
f 3965/1229/1350 3964/1229/1350 3971/1229/1350
f 3965/1229/1350 3971/1229/1350 3970/1229/1350
f 3964/1229/1351 3963/1229/1351 3972/1229/1351
f 3964/1229/1351 3972/1229/1351 3971/1229/1351
f 3963/1229/162 3962/1229/162 3967/1229/162
f 3963/1229/162 3967/1229/162 3972/1229/162
f 3962/1229/1352 3961/1229/1352 3968/1229/1352
f 3962/1229/1352 3968/1229/1352 3967/1229/1352
f 3973/1229/199 3974/1229/199 3975/1229/199
f 3975/1229/199 3976/1229/199 3977/1229/199
f 3977/1229/199 3978/1229/199 3973/1229/199
f 3975/1229/199 3977/1229/199 3973/1229/199
f 3979/1229/196 3980/1229/196 3981/1229/196
f 3981/1229/196 3982/1229/196 3983/1229/196
f 3983/1229/196 3984/1229/196 3979/1229/196
f 3981/1229/196 3983/1229/196 3979/1229/196
f 3973/1229/1349 3978/1229/1349 3981/1229/1349
f 3973/1229/1349 3981/1229/1349 3980/1229/1349
f 3978/1229/161 3977/1229/161 3982/1229/161
f 3978/1229/161 3982/1229/161 3981/1229/161
f 3977/1229/1350 3976/1229/1350 3983/1229/1350
f 3977/1229/1350 3983/1229/1350 3982/1229/1350
f 3976/1229/1351 3975/1229/1351 3984/1229/1351
f 3976/1229/1351 3984/1229/1351 3983/1229/1351
f 3975/1229/162 3974/1229/162 3979/1229/162
f 3975/1229/162 3979/1229/162 3984/1229/162
f 3974/1229/1352 3973/1229/1352 3980/1229/1352
f 3974/1229/1352 3980/1229/1352 3979/1229/1352
f 3985/1229/199 3986/1229/199 3987/1229/199
f 3987/1229/199 3988/1229/199 3989/1229/199
f 3989/1229/199 3990/1229/199 3985/1229/199
f 3987/1229/199 3989/1229/199 3985/1229/199
f 3991/1229/196 3992/1229/196 3993/1229/196
f 3993/1229/196 3994/1229/196 3995/1229/196
f 3995/1229/196 3996/1229/196 3991/1229/196
f 3993/1229/196 3995/1229/196 3991/1229/196
f 3985/1229/1349 3990/1229/1349 3993/1229/1349
f 3985/1229/1349 3993/1229/1349 3992/1229/1349
f 3990/1229/161 3989/1229/161 3994/1229/161
f 3990/1229/161 3994/1229/161 3993/1229/161
f 3989/1229/1350 3988/1229/1350 3995/1229/1350
f 3989/1229/1350 3995/1229/1350 3994/1229/1350
f 3988/1229/1351 3987/1229/1351 3996/1229/1351
f 3988/1229/1351 3996/1229/1351 3995/1229/1351
f 3987/1229/162 3986/1229/162 3991/1229/162
f 3987/1229/162 3991/1229/162 3996/1229/162
f 3986/1229/1352 3985/1229/1352 3992/1229/1352
f 3986/1229/1352 3992/1229/1352 3991/1229/1352
f 3997/1229/199 3998/1229/199 3999/1229/199
f 3999/1229/199 4000/1229/199 4001/1229/199
f 4001/1229/199 4002/1229/199 3997/1229/199
f 3999/1229/199 4001/1229/199 3997/1229/199
f 4003/1229/196 4004/1229/196 4005/1229/196
f 4005/1229/196 4006/1229/196 4007/1229/196
f 4007/1229/196 4008/1229/196 4003/1229/196
f 4005/1229/196 4007/1229/196 4003/1229/196
f 3997/1229/1349 4002/1229/1349 4005/1229/1349
f 3997/1229/1349 4005/1229/1349 4004/1229/1349
f 4002/1229/161 4001/1229/161 4006/1229/161
f 4002/1229/161 4006/1229/161 4005/1229/161
f 4001/1229/1350 4000/1229/1350 4007/1229/1350
f 4001/1229/1350 4007/1229/1350 4006/1229/1350
f 4000/1229/1351 3999/1229/1351 4008/1229/1351
f 4000/1229/1351 4008/1229/1351 4007/1229/1351
f 3999/1229/162 3998/1229/162 4003/1229/162
f 3999/1229/162 4003/1229/162 4008/1229/162
f 3998/1229/1352 3997/1229/1352 4004/1229/1352
f 3998/1229/1352 4004/1229/1352 4003/1229/1352
f 4009/1229/199 4010/1229/199 4011/1229/199
f 4011/1229/199 4012/1229/199 4013/1229/199
f 4013/1229/199 4014/1229/199 4009/1229/199
f 4011/1229/199 4013/1229/199 4009/1229/199
f 4015/1229/196 4016/1229/196 4017/1229/196
f 4017/1229/196 4018/1229/196 4019/1229/196
f 4019/1229/196 4020/1229/196 4015/1229/196
f 4017/1229/196 4019/1229/196 4015/1229/196
f 4009/1229/1349 4014/1229/1349 4017/1229/1349
f 4009/1229/1349 4017/1229/1349 4016/1229/1349
f 4014/1229/161 4013/1229/161 4018/1229/161
f 4014/1229/161 4018/1229/161 4017/1229/161
f 4013/1229/1350 4012/1229/1350 4019/1229/1350
f 4013/1229/1350 4019/1229/1350 4018/1229/1350
f 4012/1229/1351 4011/1229/1351 4020/1229/1351
f 4012/1229/1351 4020/1229/1351 4019/1229/1351
f 4011/1229/162 4010/1229/162 4015/1229/162
f 4011/1229/162 4015/1229/162 4020/1229/162
f 4010/1229/1352 4009/1229/1352 4016/1229/1352
f 4010/1229/1352 4016/1229/1352 4015/1229/1352
f 4021/1229/199 4022/1229/199 4023/1229/199
f 4023/1229/199 4024/1229/199 4025/1229/199
f 4025/1229/199 4026/1229/199 4021/1229/199
f 4023/1229/199 4025/1229/199 4021/1229/199
f 4027/1229/196 4028/1229/196 4029/1229/196
f 4029/1229/196 4030/1229/196 4031/1229/196
f 4031/1229/196 4032/1229/196 4027/1229/196
f 4029/1229/196 4031/1229/196 4027/1229/196
f 4021/1229/1349 4026/1229/1349 4029/1229/1349
f 4021/1229/1349 4029/1229/1349 4028/1229/1349
f 4026/1229/161 4025/1229/161 4030/1229/161
f 4026/1229/161 4030/1229/161 4029/1229/161
f 4025/1229/1350 4024/1229/1350 4031/1229/1350
f 4025/1229/1350 4031/1229/1350 4030/1229/1350
f 4024/1229/1351 4023/1229/1351 4032/1229/1351
f 4024/1229/1351 4032/1229/1351 4031/1229/1351
f 4023/1229/162 4022/1229/162 4027/1229/162
f 4023/1229/162 4027/1229/162 4032/1229/162
f 4022/1229/1352 4021/1229/1352 4028/1229/1352
f 4022/1229/1352 4028/1229/1352 4027/1229/1352
f 4033/1229/199 4034/1229/199 4035/1229/199
f 4035/1229/199 4036/1229/199 4037/1229/199
f 4037/1229/199 4038/1229/199 4033/1229/199
f 4035/1229/199 4037/1229/199 4033/1229/199
f 4039/1229/196 4040/1229/196 4041/1229/196
f 4041/1229/196 4042/1229/196 4043/1229/196
f 4043/1229/196 4044/1229/196 4039/1229/196
f 4041/1229/196 4043/1229/196 4039/1229/196
f 4033/1229/1349 4038/1229/1349 4041/1229/1349
f 4033/1229/1349 4041/1229/1349 4040/1229/1349
f 4038/1229/161 4037/1229/161 4042/1229/161
f 4038/1229/161 4042/1229/161 4041/1229/161
f 4037/1229/1350 4036/1229/1350 4043/1229/1350
f 4037/1229/1350 4043/1229/1350 4042/1229/1350
f 4036/1229/1351 4035/1229/1351 4044/1229/1351
f 4036/1229/1351 4044/1229/1351 4043/1229/1351
f 4035/1229/162 4034/1229/162 4039/1229/162
f 4035/1229/162 4039/1229/162 4044/1229/162
f 4034/1229/1352 4033/1229/1352 4040/1229/1352
f 4034/1229/1352 4040/1229/1352 4039/1229/1352
f 4045/1229/199 4046/1229/199 4047/1229/199
f 4047/1229/199 4048/1229/199 4049/1229/199
f 4049/1229/199 4050/1229/199 4045/1229/199
f 4047/1229/199 4049/1229/199 4045/1229/199
f 4051/1229/196 4052/1229/196 4053/1229/196
f 4053/1229/196 4054/1229/196 4055/1229/196
f 4055/1229/196 4056/1229/196 4051/1229/196
f 4053/1229/196 4055/1229/196 4051/1229/196
f 4045/1229/1349 4050/1229/1349 4053/1229/1349
f 4045/1229/1349 4053/1229/1349 4052/1229/1349
f 4050/1229/161 4049/1229/161 4054/1229/161
f 4050/1229/161 4054/1229/161 4053/1229/161
f 4049/1229/1350 4048/1229/1350 4055/1229/1350
f 4049/1229/1350 4055/1229/1350 4054/1229/1350
f 4048/1229/1351 4047/1229/1351 4056/1229/1351
f 4048/1229/1351 4056/1229/1351 4055/1229/1351
f 4047/1229/162 4046/1229/162 4051/1229/162
f 4047/1229/162 4051/1229/162 4056/1229/162
f 4046/1229/1352 4045/1229/1352 4052/1229/1352
f 4046/1229/1352 4052/1229/1352 4051/1229/1352
usemtl mat_15
f 4057/1229/1429 4058/1229/1429 4059/1229/1429
f 4057/1229/1429 4059/1229/1429 4060/1229/1429
f 4058/1229/1354 4061/1229/1354 4062/1229/1354
f 4058/1229/1354 4062/1229/1354 4059/1229/1354
f 4061/1229/1355 4063/1229/1355 4064/1229/1355
f 4061/1229/1355 4064/1229/1355 4062/1229/1355
f 4063/1229/1430 4065/1229/1430 4066/1229/1430
f 4063/1229/1430 4066/1229/1430 4064/1229/1430
f 4065/1229/1288 4067/1229/1288 4068/1229/1288
f 4065/1229/1288 4068/1229/1288 4066/1229/1288
f 4067/1229/1289 4069/1229/1289 4070/1229/1289
f 4067/1229/1289 4070/1229/1289 4068/1229/1289
f 4069/1229/1431 4071/1229/1431 4072/1229/1431
f 4069/1229/1431 4072/1229/1431 4070/1229/1431
f 4071/1229/1358 4073/1229/1358 4074/1229/1358
f 4071/1229/1358 4074/1229/1358 4072/1229/1358
f 4073/1229/1359 4075/1229/1359 4076/1229/1359
f 4073/1229/1359 4076/1229/1359 4074/1229/1359
f 4075/1229/1432 4077/1229/1432 4078/1229/1432
f 4075/1229/1432 4078/1229/1432 4076/1229/1432
f 4077/1229/1433 4079/1229/1433 4080/1229/1433
f 4077/1229/1433 4080/1229/1433 4078/1229/1433
f 4079/1229/1362 4081/1229/1362 4082/1229/1362
f 4079/1229/1362 4082/1229/1362 4080/1229/1362
f 4081/1229/1363 4083/1229/1363 4084/1229/1363
f 4081/1229/1363 4084/1229/1363 4082/1229/1363
f 4083/1229/1434 4085/1229/1434 4086/1229/1434
f 4083/1229/1434 4086/1229/1434 4084/1229/1434
f 4085/1229/1296 4087/1229/1296 4088/1229/1296
f 4085/1229/1296 4088/1229/1296 4086/1229/1296
f 4087/1229/1297 4089/1229/1297 4090/1229/1297
f 4087/1229/1297 4090/1229/1297 4088/1229/1297
f 4089/1229/1435 4091/1229/1435 4092/1229/1435
f 4089/1229/1435 4092/1229/1435 4090/1229/1435
f 4091/1229/1366 4093/1229/1366 4094/1229/1366
f 4091/1229/1366 4094/1229/1366 4092/1229/1366
f 4093/1229/1367 4095/1229/1367 4096/1229/1367
f 4093/1229/1367 4096/1229/1367 4094/1229/1367
f 4095/1229/1436 4057/1229/1436 4060/1229/1436
f 4095/1229/1436 4060/1229/1436 4096/1229/1436
f 4060/1229/196 4059/1229/196 4097/1229/196
f 4060/1229/196 4097/1229/196 4098/1229/196
f 4059/1229/196 4062/1229/196 4099/1229/196
f 4059/1229/196 4099/1229/196 4097/1229/196
f 4062/1229/196 4064/1229/196 4100/1229/196
f 4062/1229/196 4100/1229/196 4099/1229/196
f 4064/1229/196 4066/1229/196 4101/1229/196
f 4064/1229/196 4101/1229/196 4100/1229/196
f 4066/1229/196 4068/1229/196 4102/1229/196
f 4066/1229/196 4102/1229/196 4101/1229/196
f 4068/1229/196 4070/1229/196 4103/1229/196
f 4068/1229/196 4103/1229/196 4102/1229/196
f 4070/1229/196 4072/1229/196 4104/1229/196
f 4070/1229/196 4104/1229/196 4103/1229/196
f 4072/1229/196 4074/1229/196 4105/1229/196
f 4072/1229/196 4105/1229/196 4104/1229/196
f 4074/1229/196 4076/1229/196 4106/1229/196
f 4074/1229/196 4106/1229/196 4105/1229/196
f 4076/1229/196 4078/1229/196 4107/1229/196
f 4076/1229/196 4107/1229/196 4106/1229/196
f 4078/1229/196 4080/1229/196 4108/1229/196
f 4078/1229/196 4108/1229/196 4107/1229/196
f 4080/1229/196 4082/1229/196 4109/1229/196
f 4080/1229/196 4109/1229/196 4108/1229/196
f 4082/1229/196 4084/1229/196 4110/1229/196
f 4082/1229/196 4110/1229/196 4109/1229/196
f 4084/1229/196 4086/1229/196 4111/1229/196
f 4084/1229/196 4111/1229/196 4110/1229/196
f 4086/1229/196 4088/1229/196 4112/1229/196
f 4086/1229/196 4112/1229/196 4111/1229/196
f 4088/1229/196 4090/1229/196 4113/1229/196
f 4088/1229/196 4113/1229/196 4112/1229/196
f 4090/1229/196 4092/1229/196 4114/1229/196
f 4090/1229/196 4114/1229/196 4113/1229/196
f 4092/1229/196 4094/1229/196 4115/1229/196
f 4092/1229/196 4115/1229/196 4114/1229/196
f 4094/1229/196 4096/1229/196 4116/1229/196
f 4094/1229/196 4116/1229/196 4115/1229/196
f 4096/1229/196 4060/1229/196 4098/1229/196
f 4096/1229/196 4098/1229/196 4116/1229/196
f 4098/1229/1369 4097/1229/1369 4117/1229/1369
f 4098/1229/1369 4117/1229/1369 4118/1229/1369
f 4097/1229/1370 4099/1229/1370 4119/1229/1370
f 4097/1229/1370 4119/1229/1370 4117/1229/1370
f 4099/1229/1437 4100/1229/1437 4120/1229/1437
f 4099/1229/1437 4120/1229/1437 4119/1229/1437
f 4100/1229/1438 4101/1229/1438 4121/1229/1438
f 4100/1229/1438 4121/1229/1438 4120/1229/1438
f 4101/1229/1373 4102/1229/1373 4122/1229/1373
f 4101/1229/1373 4122/1229/1373 4121/1229/1373
f 4102/1229/1374 4103/1229/1374 4123/1229/1374
f 4102/1229/1374 4123/1229/1374 4122/1229/1374
f 4103/1229/1439 4104/1229/1439 4124/1229/1439
f 4103/1229/1439 4124/1229/1439 4123/1229/1439
f 4104/1229/1440 4105/1229/1440 4125/1229/1440
f 4104/1229/1440 4125/1229/1440 4124/1229/1440
f 4105/1229/1377 4106/1229/1377 4126/1229/1377
f 4105/1229/1377 4126/1229/1377 4125/1229/1377
f 4106/1229/1378 4107/1229/1378 4127/1229/1378
f 4106/1229/1378 4127/1229/1378 4126/1229/1378
f 4107/1229/1379 4108/1229/1379 4128/1229/1379
f 4107/1229/1379 4128/1229/1379 4127/1229/1379
f 4108/1229/1380 4109/1229/1380 4129/1229/1380
f 4108/1229/1380 4129/1229/1380 4128/1229/1380
f 4109/1229/1441 4110/1229/1441 4130/1229/1441
f 4109/1229/1441 4130/1229/1441 4129/1229/1441
f 4110/1229/1442 4111/1229/1442 4131/1229/1442
f 4110/1229/1442 4131/1229/1442 4130/1229/1442
f 4111/1229/1383 4112/1229/1383 4132/1229/1383
f 4111/1229/1383 4132/1229/1383 4131/1229/1383
f 4112/1229/1384 4113/1229/1384 4133/1229/1384
f 4112/1229/1384 4133/1229/1384 4132/1229/1384
f 4113/1229/1443 4114/1229/1443 4134/1229/1443
f 4113/1229/1443 4134/1229/1443 4133/1229/1443
f 4114/1229/1444 4115/1229/1444 4135/1229/1444
f 4114/1229/1444 4135/1229/1444 4134/1229/1444
f 4115/1229/1387 4116/1229/1387 4136/1229/1387
f 4115/1229/1387 4136/1229/1387 4135/1229/1387
f 4116/1229/1388 4098/1229/1388 4118/1229/1388
f 4116/1229/1388 4118/1229/1388 4136/1229/1388
f 4118/1229/199 4117/1229/199 4058/1229/199
f 4118/1229/199 4058/1229/199 4057/1229/199
f 4117/1229/199 4119/1229/199 4061/1229/199
f 4117/1229/199 4061/1229/199 4058/1229/199
f 4119/1229/199 4120/1229/199 4063/1229/199
f 4119/1229/199 4063/1229/199 4061/1229/199
f 4120/1229/199 4121/1229/199 4065/1229/199
f 4120/1229/199 4065/1229/199 4063/1229/199
f 4121/1229/199 4122/1229/199 4067/1229/199
f 4121/1229/199 4067/1229/199 4065/1229/199
f 4122/1229/199 4123/1229/199 4069/1229/199
f 4122/1229/199 4069/1229/199 4067/1229/199
f 4123/1229/199 4124/1229/199 4071/1229/199
f 4123/1229/199 4071/1229/199 4069/1229/199
f 4124/1229/199 4125/1229/199 4073/1229/199
f 4124/1229/199 4073/1229/199 4071/1229/199
f 4125/1229/199 4126/1229/199 4075/1229/199
f 4125/1229/199 4075/1229/199 4073/1229/199
f 4126/1229/199 4127/1229/199 4077/1229/199
f 4126/1229/199 4077/1229/199 4075/1229/199
f 4127/1229/199 4128/1229/199 4079/1229/199
f 4127/1229/199 4079/1229/199 4077/1229/199
f 4128/1229/199 4129/1229/199 4081/1229/199
f 4128/1229/199 4081/1229/199 4079/1229/199
f 4129/1229/199 4130/1229/199 4083/1229/199
f 4129/1229/199 4083/1229/199 4081/1229/199
f 4130/1229/199 4131/1229/199 4085/1229/199
f 4130/1229/199 4085/1229/199 4083/1229/199
f 4131/1229/199 4132/1229/199 4087/1229/199
f 4131/1229/199 4087/1229/199 4085/1229/199
f 4132/1229/199 4133/1229/199 4089/1229/199
f 4132/1229/199 4089/1229/199 4087/1229/199
f 4133/1229/199 4134/1229/199 4091/1229/199
f 4133/1229/199 4091/1229/199 4089/1229/199
f 4134/1229/199 4135/1229/199 4093/1229/199
f 4134/1229/199 4093/1229/199 4091/1229/199
f 4135/1229/199 4136/1229/199 4095/1229/199
f 4135/1229/199 4095/1229/199 4093/1229/199
f 4136/1229/199 4118/1229/199 4057/1229/199
f 4136/1229/199 4057/1229/199 4095/1229/199
usemtl mat_10
f 4137/1229/1445 4138/1229/1445 4139/1229/1445
f 4137/1229/1445 4139/1229/1445 4140/1229/1445
f 4138/1229/1446 4141/1229/1446 4142/1229/1446
f 4138/1229/1446 4142/1229/1446 4139/1229/1446
f 4141/1229/1447 4143/1229/1447 4144/1229/1447
f 4141/1229/1447 4144/1229/1447 4142/1229/1447
f 4143/1229/1448 4145/1229/1448 4146/1229/1448
f 4143/1229/1448 4146/1229/1448 4144/1229/1448
f 4145/1229/1449 4147/1229/1449 4148/1229/1449
f 4145/1229/1449 4148/1229/1449 4146/1229/1449
f 4147/1229/1450 4149/1229/1450 4150/1229/1450
f 4147/1229/1450 4150/1229/1450 4148/1229/1450
f 4149/1229/1451 4151/1229/1451 4152/1229/1451
f 4149/1229/1451 4152/1229/1451 4150/1229/1451
f 4151/1229/1452 4153/1229/1452 4154/1229/1452
f 4151/1229/1452 4154/1229/1452 4152/1229/1452
f 4153/1229/1453 4155/1229/1453 4156/1229/1453
f 4153/1229/1453 4156/1229/1453 4154/1229/1453
f 4155/1229/1454 4157/1229/1454 4158/1229/1454
f 4155/1229/1454 4158/1229/1454 4156/1229/1454
f 4157/1229/1455 4159/1229/1455 4160/1229/1455
f 4157/1229/1455 4160/1229/1455 4158/1229/1455
f 4159/1229/1456 4161/1229/1456 4162/1229/1456
f 4159/1229/1456 4162/1229/1456 4160/1229/1456
f 4161/1229/1457 4163/1229/1457 4164/1229/1457
f 4161/1229/1457 4164/1229/1457 4162/1229/1457
f 4163/1229/1458 4165/1229/1458 4166/1229/1458
f 4163/1229/1458 4166/1229/1458 4164/1229/1458
f 4165/1229/1459 4167/1229/1459 4168/1229/1459
f 4165/1229/1459 4168/1229/1459 4166/1229/1459
f 4167/1229/1460 4169/1229/1460 4170/1229/1460
f 4167/1229/1460 4170/1229/1460 4168/1229/1460
f 4169/1229/1461 4171/1229/1461 4172/1229/1461
f 4169/1229/1461 4172/1229/1461 4170/1229/1461
f 4171/1229/1462 4173/1229/1462 4174/1229/1462
f 4171/1229/1462 4174/1229/1462 4172/1229/1462
f 4173/1229/1463 4175/1229/1463 4176/1229/1463
f 4173/1229/1463 4176/1229/1463 4174/1229/1463
f 4175/1229/1464 4137/1229/1464 4140/1229/1464
f 4175/1229/1464 4140/1229/1464 4176/1229/1464
f 4140/1229/449 4139/1229/449 4177/1229/449
f 4140/1229/449 4177/1229/449 4178/1229/449
f 4139/1229/449 4142/1229/449 4179/1229/449
f 4139/1229/449 4179/1229/449 4177/1229/449
f 4142/1229/449 4144/1229/449 4180/1229/449
f 4142/1229/449 4180/1229/449 4179/1229/449
f 4144/1229/449 4146/1229/449 4181/1229/449
f 4144/1229/449 4181/1229/449 4180/1229/449
f 4146/1229/449 4148/1229/449 4182/1229/449
f 4146/1229/449 4182/1229/449 4181/1229/449
f 4148/1229/449 4150/1229/449 4183/1229/449
f 4148/1229/449 4183/1229/449 4182/1229/449
f 4150/1229/449 4152/1229/449 4184/1229/449
f 4150/1229/449 4184/1229/449 4183/1229/449
f 4152/1229/449 4154/1229/449 4185/1229/449
f 4152/1229/449 4185/1229/449 4184/1229/449
f 4154/1229/449 4156/1229/449 4186/1229/449
f 4154/1229/449 4186/1229/449 4185/1229/449
f 4156/1229/449 4158/1229/449 4187/1229/449
f 4156/1229/449 4187/1229/449 4186/1229/449
f 4158/1229/449 4160/1229/449 4188/1229/449
f 4158/1229/449 4188/1229/449 4187/1229/449
f 4160/1229/449 4162/1229/449 4189/1229/449
f 4160/1229/449 4189/1229/449 4188/1229/449
f 4162/1229/449 4164/1229/449 4190/1229/449
f 4162/1229/449 4190/1229/449 4189/1229/449
f 4164/1229/449 4166/1229/449 4191/1229/449
f 4164/1229/449 4191/1229/449 4190/1229/449
f 4166/1229/449 4168/1229/449 4192/1229/449
f 4166/1229/449 4192/1229/449 4191/1229/449
f 4168/1229/449 4170/1229/449 4193/1229/449
f 4168/1229/449 4193/1229/449 4192/1229/449
f 4170/1229/449 4172/1229/449 4194/1229/449
f 4170/1229/449 4194/1229/449 4193/1229/449
f 4172/1229/449 4174/1229/449 4195/1229/449
f 4172/1229/449 4195/1229/449 4194/1229/449
f 4174/1229/449 4176/1229/449 4196/1229/449
f 4174/1229/449 4196/1229/449 4195/1229/449
f 4176/1229/449 4140/1229/449 4178/1229/449
f 4176/1229/449 4178/1229/449 4196/1229/449
f 4178/1229/1465 4177/1229/1465 4197/1229/1465
f 4178/1229/1465 4197/1229/1465 4198/1229/1465
f 4177/1229/1466 4179/1229/1466 4199/1229/1466
f 4177/1229/1466 4199/1229/1466 4197/1229/1466
f 4179/1229/463 4180/1229/463 4200/1229/463
f 4179/1229/463 4200/1229/463 4199/1229/463
f 4180/1229/1467 4181/1229/1467 4201/1229/1467
f 4180/1229/1467 4201/1229/1467 4200/1229/1467
f 4181/1229/1468 4182/1229/1468 4202/1229/1468
f 4181/1229/1468 4202/1229/1468 4201/1229/1468
f 4182/1229/1469 4183/1229/1469 4203/1229/1469
f 4182/1229/1469 4203/1229/1469 4202/1229/1469
f 4183/1229/1470 4184/1229/1470 4204/1229/1470
f 4183/1229/1470 4204/1229/1470 4203/1229/1470
f 4184/1229/461 4185/1229/461 4205/1229/461
f 4184/1229/461 4205/1229/461 4204/1229/461
f 4185/1229/1471 4186/1229/1471 4206/1229/1471
f 4185/1229/1471 4206/1229/1471 4205/1229/1471
f 4186/1229/1472 4187/1229/1472 4207/1229/1472
f 4186/1229/1472 4207/1229/1472 4206/1229/1472
f 4187/1229/1473 4188/1229/1473 4208/1229/1473
f 4187/1229/1473 4208/1229/1473 4207/1229/1473
f 4188/1229/1474 4189/1229/1474 4209/1229/1474
f 4188/1229/1474 4209/1229/1474 4208/1229/1474
f 4189/1229/477 4190/1229/477 4210/1229/477
f 4189/1229/477 4210/1229/477 4209/1229/477
f 4190/1229/1475 4191/1229/1475 4211/1229/1475
f 4190/1229/1475 4211/1229/1475 4210/1229/1475
f 4191/1229/1476 4192/1229/1476 4212/1229/1476
f 4191/1229/1476 4212/1229/1476 4211/1229/1476
f 4192/1229/1477 4193/1229/1477 4213/1229/1477
f 4192/1229/1477 4213/1229/1477 4212/1229/1477
f 4193/1229/1478 4194/1229/1478 4214/1229/1478
f 4193/1229/1478 4214/1229/1478 4213/1229/1478
f 4194/1229/478 4195/1229/478 4215/1229/478
f 4194/1229/478 4215/1229/478 4214/1229/478
f 4195/1229/1479 4196/1229/1479 4216/1229/1479
f 4195/1229/1479 4216/1229/1479 4215/1229/1479
f 4196/1229/1480 4178/1229/1480 4198/1229/1480
f 4196/1229/1480 4198/1229/1480 4216/1229/1480
f 4198/1229/450 4197/1229/450 4138/1229/450
f 4198/1229/450 4138/1229/450 4137/1229/450
f 4197/1229/450 4199/1229/450 4141/1229/450
f 4197/1229/450 4141/1229/450 4138/1229/450
f 4199/1229/450 4200/1229/450 4143/1229/450
f 4199/1229/450 4143/1229/450 4141/1229/450
f 4200/1229/450 4201/1229/450 4145/1229/450
f 4200/1229/450 4145/1229/450 4143/1229/450
f 4201/1229/450 4202/1229/450 4147/1229/450
f 4201/1229/450 4147/1229/450 4145/1229/450
f 4202/1229/450 4203/1229/450 4149/1229/450
f 4202/1229/450 4149/1229/450 4147/1229/450
f 4203/1229/450 4204/1229/450 4151/1229/450
f 4203/1229/450 4151/1229/450 4149/1229/450
f 4204/1229/450 4205/1229/450 4153/1229/450
f 4204/1229/450 4153/1229/450 4151/1229/450
f 4205/1229/450 4206/1229/450 4155/1229/450
f 4205/1229/450 4155/1229/450 4153/1229/450
f 4206/1229/450 4207/1229/450 4157/1229/450
f 4206/1229/450 4157/1229/450 4155/1229/450
f 4207/1229/450 4208/1229/450 4159/1229/450
f 4207/1229/450 4159/1229/450 4157/1229/450
f 4208/1229/450 4209/1229/450 4161/1229/450
f 4208/1229/450 4161/1229/450 4159/1229/450
f 4209/1229/450 4210/1229/450 4163/1229/450
f 4209/1229/450 4163/1229/450 4161/1229/450
f 4210/1229/450 4211/1229/450 4165/1229/450
f 4210/1229/450 4165/1229/450 4163/1229/450
f 4211/1229/450 4212/1229/450 4167/1229/450
f 4211/1229/450 4167/1229/450 4165/1229/450
f 4212/1229/450 4213/1229/450 4169/1229/450
f 4212/1229/450 4169/1229/450 4167/1229/450
f 4213/1229/450 4214/1229/450 4171/1229/450
f 4213/1229/450 4171/1229/450 4169/1229/450
f 4214/1229/450 4215/1229/450 4173/1229/450
f 4214/1229/450 4173/1229/450 4171/1229/450
f 4215/1229/450 4216/1229/450 4175/1229/450
f 4215/1229/450 4175/1229/450 4173/1229/450
f 4216/1229/450 4198/1229/450 4137/1229/450
f 4216/1229/450 4137/1229/450 4175/1229/450
usemtl mat_11
f 4217/1229/1481 4218/1229/1481 4219/1229/1481
f 4217/1229/1481 4219/1229/1481 4220/1229/1481
f 4218/1229/1482 4221/1229/1482 4222/1229/1482
f 4218/1229/1482 4222/1229/1482 4219/1229/1482
f 4221/1229/1483 4223/1229/1483 4224/1229/1483
f 4221/1229/1483 4224/1229/1483 4222/1229/1483
f 4223/1229/1475 4225/1229/1475 4226/1229/1475
f 4223/1229/1475 4226/1229/1475 4224/1229/1475
f 4225/1229/1484 4227/1229/1484 4228/1229/1484
f 4225/1229/1484 4228/1229/1484 4226/1229/1484
f 4227/1229/1485 4229/1229/1485 4230/1229/1485
f 4227/1229/1485 4230/1229/1485 4228/1229/1485
f 4229/1229/1478 4231/1229/1478 4232/1229/1478
f 4229/1229/1478 4232/1229/1478 4230/1229/1478
f 4231/1229/1486 4233/1229/1486 4234/1229/1486
f 4231/1229/1486 4234/1229/1486 4232/1229/1486
f 4233/1229/1487 4235/1229/1487 4236/1229/1487
f 4233/1229/1487 4236/1229/1487 4234/1229/1487
f 4235/1229/1488 4237/1229/1488 4238/1229/1488
f 4235/1229/1488 4238/1229/1488 4236/1229/1488
f 4237/1229/1489 4239/1229/1489 4240/1229/1489
f 4237/1229/1489 4240/1229/1489 4238/1229/1489
f 4239/1229/1490 4241/1229/1490 4242/1229/1490
f 4239/1229/1490 4242/1229/1490 4240/1229/1490
f 4241/1229/1491 4243/1229/1491 4244/1229/1491
f 4241/1229/1491 4244/1229/1491 4242/1229/1491
f 4243/1229/1467 4245/1229/1467 4246/1229/1467
f 4243/1229/1467 4246/1229/1467 4244/1229/1467
f 4245/1229/1492 4247/1229/1492 4248/1229/1492
f 4245/1229/1492 4248/1229/1492 4246/1229/1492
f 4247/1229/1493 4249/1229/1493 4250/1229/1493
f 4247/1229/1493 4250/1229/1493 4248/1229/1493
f 4249/1229/1470 4251/1229/1470 4252/1229/1470
f 4249/1229/1470 4252/1229/1470 4250/1229/1470
f 4251/1229/1494 4253/1229/1494 4254/1229/1494
f 4251/1229/1494 4254/1229/1494 4252/1229/1494
f 4253/1229/1495 4255/1229/1495 4256/1229/1495
f 4253/1229/1495 4256/1229/1495 4254/1229/1495
f 4255/1229/1496 4217/1229/1496 4220/1229/1496
f 4255/1229/1496 4220/1229/1496 4256/1229/1496
f 4220/1229/449 4219/1229/449 4257/1229/449
f 4220/1229/449 4257/1229/449 4258/1229/449
f 4219/1229/449 4222/1229/449 4259/1229/449
f 4219/1229/449 4259/1229/449 4257/1229/449
f 4222/1229/449 4224/1229/449 4260/1229/449
f 4222/1229/449 4260/1229/449 4259/1229/449
f 4224/1229/449 4226/1229/449 4261/1229/449
f 4224/1229/449 4261/1229/449 4260/1229/449
f 4226/1229/449 4228/1229/449 4262/1229/449
f 4226/1229/449 4262/1229/449 4261/1229/449
f 4228/1229/449 4230/1229/449 4263/1229/449
f 4228/1229/449 4263/1229/449 4262/1229/449
f 4230/1229/449 4232/1229/449 4264/1229/449
f 4230/1229/449 4264/1229/449 4263/1229/449
f 4232/1229/449 4234/1229/449 4265/1229/449
f 4232/1229/449 4265/1229/449 4264/1229/449
f 4234/1229/449 4236/1229/449 4266/1229/449
f 4234/1229/449 4266/1229/449 4265/1229/449
f 4236/1229/449 4238/1229/449 4267/1229/449
f 4236/1229/449 4267/1229/449 4266/1229/449
f 4238/1229/449 4240/1229/449 4268/1229/449
f 4238/1229/449 4268/1229/449 4267/1229/449
f 4240/1229/449 4242/1229/449 4269/1229/449
f 4240/1229/449 4269/1229/449 4268/1229/449
f 4242/1229/449 4244/1229/449 4270/1229/449
f 4242/1229/449 4270/1229/449 4269/1229/449
f 4244/1229/449 4246/1229/449 4271/1229/449
f 4244/1229/449 4271/1229/449 4270/1229/449
f 4246/1229/449 4248/1229/449 4272/1229/449
f 4246/1229/449 4272/1229/449 4271/1229/449
f 4248/1229/449 4250/1229/449 4273/1229/449
f 4248/1229/449 4273/1229/449 4272/1229/449
f 4250/1229/449 4252/1229/449 4274/1229/449
f 4250/1229/449 4274/1229/449 4273/1229/449
f 4252/1229/449 4254/1229/449 4275/1229/449
f 4252/1229/449 4275/1229/449 4274/1229/449
f 4254/1229/449 4256/1229/449 4276/1229/449
f 4254/1229/449 4276/1229/449 4275/1229/449
f 4256/1229/449 4220/1229/449 4258/1229/449
f 4256/1229/449 4258/1229/449 4276/1229/449
f 4258/1229/1465 4257/1229/1465 4277/1229/1465
f 4258/1229/1465 4277/1229/1465 4278/1229/1465
f 4257/1229/1466 4259/1229/1466 4279/1229/1466
f 4257/1229/1466 4279/1229/1466 4277/1229/1466
f 4259/1229/463 4260/1229/463 4280/1229/463
f 4259/1229/463 4280/1229/463 4279/1229/463
f 4260/1229/1467 4261/1229/1467 4281/1229/1467
f 4260/1229/1467 4281/1229/1467 4280/1229/1467
f 4261/1229/1468 4262/1229/1468 4282/1229/1468
f 4261/1229/1468 4282/1229/1468 4281/1229/1468
f 4262/1229/1469 4263/1229/1469 4283/1229/1469
f 4262/1229/1469 4283/1229/1469 4282/1229/1469
f 4263/1229/1470 4264/1229/1470 4284/1229/1470
f 4263/1229/1470 4284/1229/1470 4283/1229/1470
f 4264/1229/461 4265/1229/461 4285/1229/461
f 4264/1229/461 4285/1229/461 4284/1229/461
f 4265/1229/1471 4266/1229/1471 4286/1229/1471
f 4265/1229/1471 4286/1229/1471 4285/1229/1471
f 4266/1229/1472 4267/1229/1472 4287/1229/1472
f 4266/1229/1472 4287/1229/1472 4286/1229/1472
f 4267/1229/1473 4268/1229/1473 4288/1229/1473
f 4267/1229/1473 4288/1229/1473 4287/1229/1473
f 4268/1229/1474 4269/1229/1474 4289/1229/1474
f 4268/1229/1474 4289/1229/1474 4288/1229/1474
f 4269/1229/477 4270/1229/477 4290/1229/477
f 4269/1229/477 4290/1229/477 4289/1229/477
f 4270/1229/1475 4271/1229/1475 4291/1229/1475
f 4270/1229/1475 4291/1229/1475 4290/1229/1475
f 4271/1229/1476 4272/1229/1476 4292/1229/1476
f 4271/1229/1476 4292/1229/1476 4291/1229/1476
f 4272/1229/1477 4273/1229/1477 4293/1229/1477
f 4272/1229/1477 4293/1229/1477 4292/1229/1477
f 4273/1229/1478 4274/1229/1478 4294/1229/1478
f 4273/1229/1478 4294/1229/1478 4293/1229/1478
f 4274/1229/478 4275/1229/478 4295/1229/478
f 4274/1229/478 4295/1229/478 4294/1229/478
f 4275/1229/1479 4276/1229/1479 4296/1229/1479
f 4275/1229/1479 4296/1229/1479 4295/1229/1479
f 4276/1229/1480 4258/1229/1480 4278/1229/1480
f 4276/1229/1480 4278/1229/1480 4296/1229/1480
f 4278/1229/450 4277/1229/450 4218/1229/450
f 4278/1229/450 4218/1229/450 4217/1229/450
f 4277/1229/450 4279/1229/450 4221/1229/450
f 4277/1229/450 4221/1229/450 4218/1229/450
f 4279/1229/450 4280/1229/450 4223/1229/450
f 4279/1229/450 4223/1229/450 4221/1229/450
f 4280/1229/450 4281/1229/450 4225/1229/450
f 4280/1229/450 4225/1229/450 4223/1229/450
f 4281/1229/450 4282/1229/450 4227/1229/450
f 4281/1229/450 4227/1229/450 4225/1229/450
f 4282/1229/450 4283/1229/450 4229/1229/450
f 4282/1229/450 4229/1229/450 4227/1229/450
f 4283/1229/450 4284/1229/450 4231/1229/450
f 4283/1229/450 4231/1229/450 4229/1229/450
f 4284/1229/450 4285/1229/450 4233/1229/450
f 4284/1229/450 4233/1229/450 4231/1229/450
f 4285/1229/450 4286/1229/450 4235/1229/450
f 4285/1229/450 4235/1229/450 4233/1229/450
f 4286/1229/450 4287/1229/450 4237/1229/450
f 4286/1229/450 4237/1229/450 4235/1229/450
f 4287/1229/450 4288/1229/450 4239/1229/450
f 4287/1229/450 4239/1229/450 4237/1229/450
f 4288/1229/450 4289/1229/450 4241/1229/450
f 4288/1229/450 4241/1229/450 4239/1229/450
f 4289/1229/450 4290/1229/450 4243/1229/450
f 4289/1229/450 4243/1229/450 4241/1229/450
f 4290/1229/450 4291/1229/450 4245/1229/450
f 4290/1229/450 4245/1229/450 4243/1229/450
f 4291/1229/450 4292/1229/450 4247/1229/450
f 4291/1229/450 4247/1229/450 4245/1229/450
f 4292/1229/450 4293/1229/450 4249/1229/450
f 4292/1229/450 4249/1229/450 4247/1229/450
f 4293/1229/450 4294/1229/450 4251/1229/450
f 4293/1229/450 4251/1229/450 4249/1229/450
f 4294/1229/450 4295/1229/450 4253/1229/450
f 4294/1229/450 4253/1229/450 4251/1229/450
f 4295/1229/450 4296/1229/450 4255/1229/450
f 4295/1229/450 4255/1229/450 4253/1229/450
f 4296/1229/450 4278/1229/450 4217/1229/450
f 4296/1229/450 4217/1229/450 4255/1229/450
usemtl mat_12
f 4297/1229/1497 4298/1229/1497 4299/1229/1497
f 4297/1229/1497 4299/1229/1497 4300/1229/1497
f 4298/1229/1498 4301/1229/1498 4302/1229/1498
f 4298/1229/1498 4302/1229/1498 4299/1229/1498
f 4301/1229/1499 4303/1229/1499 4304/1229/1499
f 4301/1229/1499 4304/1229/1499 4302/1229/1499
f 4303/1229/1500 4305/1229/1500 4306/1229/1500
f 4303/1229/1500 4306/1229/1500 4304/1229/1500
f 4305/1229/1501 4307/1229/1501 4308/1229/1501
f 4305/1229/1501 4308/1229/1501 4306/1229/1501
f 4307/1229/1502 4309/1229/1502 4310/1229/1502
f 4307/1229/1502 4310/1229/1502 4308/1229/1502
f 4309/1229/1503 4311/1229/1503 4312/1229/1503
f 4309/1229/1503 4312/1229/1503 4310/1229/1503
f 4311/1229/1504 4313/1229/1504 4314/1229/1504
f 4311/1229/1504 4314/1229/1504 4312/1229/1504
f 4313/1229/1505 4315/1229/1505 4316/1229/1505
f 4313/1229/1505 4316/1229/1505 4314/1229/1505
f 4315/1229/1506 4317/1229/1506 4318/1229/1506
f 4315/1229/1506 4318/1229/1506 4316/1229/1506
f 4317/1229/1507 4319/1229/1507 4320/1229/1507
f 4317/1229/1507 4320/1229/1507 4318/1229/1507
f 4319/1229/1508 4321/1229/1508 4322/1229/1508
f 4319/1229/1508 4322/1229/1508 4320/1229/1508
f 4321/1229/1509 4323/1229/1509 4324/1229/1509
f 4321/1229/1509 4324/1229/1509 4322/1229/1509
f 4323/1229/1510 4325/1229/1510 4326/1229/1510
f 4323/1229/1510 4326/1229/1510 4324/1229/1510
f 4325/1229/1511 4327/1229/1511 4328/1229/1511
f 4325/1229/1511 4328/1229/1511 4326/1229/1511
f 4327/1229/1512 4329/1229/1512 4330/1229/1512
f 4327/1229/1512 4330/1229/1512 4328/1229/1512
f 4329/1229/1513 4331/1229/1513 4332/1229/1513
f 4329/1229/1513 4332/1229/1513 4330/1229/1513
f 4331/1229/1514 4333/1229/1514 4334/1229/1514
f 4331/1229/1514 4334/1229/1514 4332/1229/1514
f 4333/1229/1515 4335/1229/1515 4336/1229/1515
f 4333/1229/1515 4336/1229/1515 4334/1229/1515
f 4335/1229/1516 4297/1229/1516 4300/1229/1516
f 4335/1229/1516 4300/1229/1516 4336/1229/1516
f 4300/1229/449 4299/1229/449 4337/1229/449
f 4300/1229/449 4337/1229/449 4338/1229/449
f 4299/1229/449 4302/1229/449 4339/1229/449
f 4299/1229/449 4339/1229/449 4337/1229/449
f 4302/1229/449 4304/1229/449 4340/1229/449
f 4302/1229/449 4340/1229/449 4339/1229/449
f 4304/1229/449 4306/1229/449 4341/1229/449
f 4304/1229/449 4341/1229/449 4340/1229/449
f 4306/1229/449 4308/1229/449 4342/1229/449
f 4306/1229/449 4342/1229/449 4341/1229/449
f 4308/1229/449 4310/1229/449 4343/1229/449
f 4308/1229/449 4343/1229/449 4342/1229/449
f 4310/1229/449 4312/1229/449 4344/1229/449
f 4310/1229/449 4344/1229/449 4343/1229/449
f 4312/1229/449 4314/1229/449 4345/1229/449
f 4312/1229/449 4345/1229/449 4344/1229/449
f 4314/1229/449 4316/1229/449 4346/1229/449
f 4314/1229/449 4346/1229/449 4345/1229/449
f 4316/1229/449 4318/1229/449 4347/1229/449
f 4316/1229/449 4347/1229/449 4346/1229/449
f 4318/1229/449 4320/1229/449 4348/1229/449
f 4318/1229/449 4348/1229/449 4347/1229/449
f 4320/1229/449 4322/1229/449 4349/1229/449
f 4320/1229/449 4349/1229/449 4348/1229/449
f 4322/1229/449 4324/1229/449 4350/1229/449
f 4322/1229/449 4350/1229/449 4349/1229/449
f 4324/1229/449 4326/1229/449 4351/1229/449
f 4324/1229/449 4351/1229/449 4350/1229/449
f 4326/1229/449 4328/1229/449 4352/1229/449
f 4326/1229/449 4352/1229/449 4351/1229/449
f 4328/1229/449 4330/1229/449 4353/1229/449
f 4328/1229/449 4353/1229/449 4352/1229/449
f 4330/1229/449 4332/1229/449 4354/1229/449
f 4330/1229/449 4354/1229/449 4353/1229/449
f 4332/1229/449 4334/1229/449 4355/1229/449
f 4332/1229/449 4355/1229/449 4354/1229/449
f 4334/1229/449 4336/1229/449 4356/1229/449
f 4334/1229/449 4356/1229/449 4355/1229/449
f 4336/1229/449 4300/1229/449 4338/1229/449
f 4336/1229/449 4338/1229/449 4356/1229/449
f 4338/1229/1465 4337/1229/1465 4257/1229/1465
f 4338/1229/1465 4257/1229/1465 4258/1229/1465
f 4337/1229/1466 4339/1229/1466 4259/1229/1466
f 4337/1229/1466 4259/1229/1466 4257/1229/1466
f 4339/1229/463 4340/1229/463 4260/1229/463
f 4339/1229/463 4260/1229/463 4259/1229/463
f 4340/1229/1467 4341/1229/1467 4261/1229/1467
f 4340/1229/1467 4261/1229/1467 4260/1229/1467
f 4341/1229/1468 4342/1229/1468 4262/1229/1468
f 4341/1229/1468 4262/1229/1468 4261/1229/1468
f 4342/1229/1469 4343/1229/1469 4263/1229/1469
f 4342/1229/1469 4263/1229/1469 4262/1229/1469
f 4343/1229/1470 4344/1229/1470 4264/1229/1470
f 4343/1229/1470 4264/1229/1470 4263/1229/1470
f 4344/1229/461 4345/1229/461 4265/1229/461
f 4344/1229/461 4265/1229/461 4264/1229/461
f 4345/1229/1471 4346/1229/1471 4266/1229/1471
f 4345/1229/1471 4266/1229/1471 4265/1229/1471
f 4346/1229/1472 4347/1229/1472 4267/1229/1472
f 4346/1229/1472 4267/1229/1472 4266/1229/1472
f 4347/1229/1473 4348/1229/1473 4268/1229/1473
f 4347/1229/1473 4268/1229/1473 4267/1229/1473
f 4348/1229/1474 4349/1229/1474 4269/1229/1474
f 4348/1229/1474 4269/1229/1474 4268/1229/1474
f 4349/1229/477 4350/1229/477 4270/1229/477
f 4349/1229/477 4270/1229/477 4269/1229/477
f 4350/1229/1475 4351/1229/1475 4271/1229/1475
f 4350/1229/1475 4271/1229/1475 4270/1229/1475
f 4351/1229/1476 4352/1229/1476 4272/1229/1476
f 4351/1229/1476 4272/1229/1476 4271/1229/1476
f 4352/1229/1477 4353/1229/1477 4273/1229/1477
f 4352/1229/1477 4273/1229/1477 4272/1229/1477
f 4353/1229/1478 4354/1229/1478 4274/1229/1478
f 4353/1229/1478 4274/1229/1478 4273/1229/1478
f 4354/1229/478 4355/1229/478 4275/1229/478
f 4354/1229/478 4275/1229/478 4274/1229/478
f 4355/1229/1479 4356/1229/1479 4276/1229/1479
f 4355/1229/1479 4276/1229/1479 4275/1229/1479
f 4356/1229/1480 4338/1229/1480 4258/1229/1480
f 4356/1229/1480 4258/1229/1480 4276/1229/1480
f 4258/1229/450 4257/1229/450 4298/1229/450
f 4258/1229/450 4298/1229/450 4297/1229/450
f 4257/1229/450 4259/1229/450 4301/1229/450
f 4257/1229/450 4301/1229/450 4298/1229/450
f 4259/1229/450 4260/1229/450 4303/1229/450
f 4259/1229/450 4303/1229/450 4301/1229/450
f 4260/1229/450 4261/1229/450 4305/1229/450
f 4260/1229/450 4305/1229/450 4303/1229/450
f 4261/1229/450 4262/1229/450 4307/1229/450
f 4261/1229/450 4307/1229/450 4305/1229/450
f 4262/1229/450 4263/1229/450 4309/1229/450
f 4262/1229/450 4309/1229/450 4307/1229/450
f 4263/1229/450 4264/1229/450 4311/1229/450
f 4263/1229/450 4311/1229/450 4309/1229/450
f 4264/1229/450 4265/1229/450 4313/1229/450
f 4264/1229/450 4313/1229/450 4311/1229/450
f 4265/1229/450 4266/1229/450 4315/1229/450
f 4265/1229/450 4315/1229/450 4313/1229/450
f 4266/1229/450 4267/1229/450 4317/1229/450
f 4266/1229/450 4317/1229/450 4315/1229/450
f 4267/1229/450 4268/1229/450 4319/1229/450
f 4267/1229/450 4319/1229/450 4317/1229/450
f 4268/1229/450 4269/1229/450 4321/1229/450
f 4268/1229/450 4321/1229/450 4319/1229/450
f 4269/1229/450 4270/1229/450 4323/1229/450
f 4269/1229/450 4323/1229/450 4321/1229/450
f 4270/1229/450 4271/1229/450 4325/1229/450
f 4270/1229/450 4325/1229/450 4323/1229/450
f 4271/1229/450 4272/1229/450 4327/1229/450
f 4271/1229/450 4327/1229/450 4325/1229/450
f 4272/1229/450 4273/1229/450 4329/1229/450
f 4272/1229/450 4329/1229/450 4327/1229/450
f 4273/1229/450 4274/1229/450 4331/1229/450
f 4273/1229/450 4331/1229/450 4329/1229/450
f 4274/1229/450 4275/1229/450 4333/1229/450
f 4274/1229/450 4333/1229/450 4331/1229/450
f 4275/1229/450 4276/1229/450 4335/1229/450
f 4275/1229/450 4335/1229/450 4333/1229/450
f 4276/1229/450 4258/1229/450 4297/1229/450
f 4276/1229/450 4297/1229/450 4335/1229/450
usemtl mat_11
f 4357/1229/450 4358/1229/450 4359/1229/450
f 4359/1229/450 4360/1229/450 4361/1229/450
f 4361/1229/450 4362/1229/450 4357/1229/450
f 4359/1229/450 4361/1229/450 4357/1229/450
f 4363/1229/449 4364/1229/449 4365/1229/449
f 4365/1229/449 4366/1229/449 4367/1229/449
f 4367/1229/449 4368/1229/449 4363/1229/449
f 4365/1229/449 4367/1229/449 4363/1229/449
f 4357/1229/1517 4362/1229/1517 4365/1229/1517
f 4357/1229/1517 4365/1229/1517 4364/1229/1517
f 4362/1229/199 4361/1229/199 4366/1229/199
f 4362/1229/199 4366/1229/199 4365/1229/199
f 4361/1229/1518 4360/1229/1518 4367/1229/1518
f 4361/1229/1518 4367/1229/1518 4366/1229/1518
f 4360/1229/1519 4359/1229/1519 4368/1229/1519
f 4360/1229/1519 4368/1229/1519 4367/1229/1519
f 4359/1229/196 4358/1229/196 4363/1229/196
f 4359/1229/196 4363/1229/196 4368/1229/196
f 4358/1229/1520 4357/1229/1520 4364/1229/1520
f 4358/1229/1520 4364/1229/1520 4363/1229/1520
f 4369/1229/450 4370/1229/450 4371/1229/450
f 4371/1229/450 4372/1229/450 4373/1229/450
f 4373/1229/450 4374/1229/450 4369/1229/450
f 4371/1229/450 4373/1229/450 4369/1229/450
f 4375/1229/449 4376/1229/449 4377/1229/449
f 4377/1229/449 4378/1229/449 4379/1229/449
f 4379/1229/449 4380/1229/449 4375/1229/449
f 4377/1229/449 4379/1229/449 4375/1229/449
f 4369/1229/1517 4374/1229/1517 4377/1229/1517
f 4369/1229/1517 4377/1229/1517 4376/1229/1517
f 4374/1229/199 4373/1229/199 4378/1229/199
f 4374/1229/199 4378/1229/199 4377/1229/199
f 4373/1229/1518 4372/1229/1518 4379/1229/1518
f 4373/1229/1518 4379/1229/1518 4378/1229/1518
f 4372/1229/1519 4371/1229/1519 4380/1229/1519
f 4372/1229/1519 4380/1229/1519 4379/1229/1519
f 4371/1229/196 4370/1229/196 4375/1229/196
f 4371/1229/196 4375/1229/196 4380/1229/196
f 4370/1229/1520 4369/1229/1520 4376/1229/1520
f 4370/1229/1520 4376/1229/1520 4375/1229/1520
f 4381/1229/450 4382/1229/450 4383/1229/450
f 4383/1229/450 4384/1229/450 4385/1229/450
f 4385/1229/450 4386/1229/450 4381/1229/450
f 4383/1229/450 4385/1229/450 4381/1229/450
f 4387/1229/449 4388/1229/449 4389/1229/449
f 4389/1229/449 4390/1229/449 4391/1229/449
f 4391/1229/449 4392/1229/449 4387/1229/449
f 4389/1229/449 4391/1229/449 4387/1229/449
f 4381/1229/1517 4386/1229/1517 4389/1229/1517
f 4381/1229/1517 4389/1229/1517 4388/1229/1517
f 4386/1229/199 4385/1229/199 4390/1229/199
f 4386/1229/199 4390/1229/199 4389/1229/199
f 4385/1229/1518 4384/1229/1518 4391/1229/1518
f 4385/1229/1518 4391/1229/1518 4390/1229/1518
f 4384/1229/1519 4383/1229/1519 4392/1229/1519
f 4384/1229/1519 4392/1229/1519 4391/1229/1519
f 4383/1229/196 4382/1229/196 4387/1229/196
f 4383/1229/196 4387/1229/196 4392/1229/196
f 4382/1229/1520 4381/1229/1520 4388/1229/1520
f 4382/1229/1520 4388/1229/1520 4387/1229/1520
f 4393/1229/450 4394/1229/450 4395/1229/450
f 4395/1229/450 4396/1229/450 4397/1229/450
f 4397/1229/450 4398/1229/450 4393/1229/450
f 4395/1229/450 4397/1229/450 4393/1229/450
f 4399/1229/449 4400/1229/449 4401/1229/449
f 4401/1229/449 4402/1229/449 4403/1229/449
f 4403/1229/449 4404/1229/449 4399/1229/449
f 4401/1229/449 4403/1229/449 4399/1229/449
f 4393/1229/1517 4398/1229/1517 4401/1229/1517
f 4393/1229/1517 4401/1229/1517 4400/1229/1517
f 4398/1229/199 4397/1229/199 4402/1229/199
f 4398/1229/199 4402/1229/199 4401/1229/199
f 4397/1229/1518 4396/1229/1518 4403/1229/1518
f 4397/1229/1518 4403/1229/1518 4402/1229/1518
f 4396/1229/1519 4395/1229/1519 4404/1229/1519
f 4396/1229/1519 4404/1229/1519 4403/1229/1519
f 4395/1229/196 4394/1229/196 4399/1229/196
f 4395/1229/196 4399/1229/196 4404/1229/196
f 4394/1229/1520 4393/1229/1520 4400/1229/1520
f 4394/1229/1520 4400/1229/1520 4399/1229/1520
f 4405/1229/450 4406/1229/450 4407/1229/450
f 4407/1229/450 4408/1229/450 4409/1229/450
f 4409/1229/450 4410/1229/450 4405/1229/450
f 4407/1229/450 4409/1229/450 4405/1229/450
f 4411/1229/449 4412/1229/449 4413/1229/449
f 4413/1229/449 4414/1229/449 4415/1229/449
f 4415/1229/449 4416/1229/449 4411/1229/449
f 4413/1229/449 4415/1229/449 4411/1229/449
f 4405/1229/1517 4410/1229/1517 4413/1229/1517
f 4405/1229/1517 4413/1229/1517 4412/1229/1517
f 4410/1229/199 4409/1229/199 4414/1229/199
f 4410/1229/199 4414/1229/199 4413/1229/199
f 4409/1229/1518 4408/1229/1518 4415/1229/1518
f 4409/1229/1518 4415/1229/1518 4414/1229/1518
f 4408/1229/1519 4407/1229/1519 4416/1229/1519
f 4408/1229/1519 4416/1229/1519 4415/1229/1519
f 4407/1229/196 4406/1229/196 4411/1229/196
f 4407/1229/196 4411/1229/196 4416/1229/196
f 4406/1229/1520 4405/1229/1520 4412/1229/1520
f 4406/1229/1520 4412/1229/1520 4411/1229/1520
f 4417/1229/450 4418/1229/450 4419/1229/450
f 4419/1229/450 4420/1229/450 4421/1229/450
f 4421/1229/450 4422/1229/450 4417/1229/450
f 4419/1229/450 4421/1229/450 4417/1229/450
f 4423/1229/449 4424/1229/449 4425/1229/449
f 4425/1229/449 4426/1229/449 4427/1229/449
f 4427/1229/449 4428/1229/449 4423/1229/449
f 4425/1229/449 4427/1229/449 4423/1229/449
f 4417/1229/1517 4422/1229/1517 4425/1229/1517
f 4417/1229/1517 4425/1229/1517 4424/1229/1517
f 4422/1229/199 4421/1229/199 4426/1229/199
f 4422/1229/199 4426/1229/199 4425/1229/199
f 4421/1229/1518 4420/1229/1518 4427/1229/1518
f 4421/1229/1518 4427/1229/1518 4426/1229/1518
f 4420/1229/1519 4419/1229/1519 4428/1229/1519
f 4420/1229/1519 4428/1229/1519 4427/1229/1519
f 4419/1229/196 4418/1229/196 4423/1229/196
f 4419/1229/196 4423/1229/196 4428/1229/196
f 4418/1229/1520 4417/1229/1520 4424/1229/1520
f 4418/1229/1520 4424/1229/1520 4423/1229/1520
f 4429/1229/450 4430/1229/450 4431/1229/450
f 4431/1229/450 4432/1229/450 4433/1229/450
f 4433/1229/450 4434/1229/450 4429/1229/450
f 4431/1229/450 4433/1229/450 4429/1229/450
f 4435/1229/449 4436/1229/449 4437/1229/449
f 4437/1229/449 4438/1229/449 4439/1229/449
f 4439/1229/449 4440/1229/449 4435/1229/449
f 4437/1229/449 4439/1229/449 4435/1229/449
f 4429/1229/1517 4434/1229/1517 4437/1229/1517
f 4429/1229/1517 4437/1229/1517 4436/1229/1517
f 4434/1229/199 4433/1229/199 4438/1229/199
f 4434/1229/199 4438/1229/199 4437/1229/199
f 4433/1229/1518 4432/1229/1518 4439/1229/1518
f 4433/1229/1518 4439/1229/1518 4438/1229/1518
f 4432/1229/1519 4431/1229/1519 4440/1229/1519
f 4432/1229/1519 4440/1229/1519 4439/1229/1519
f 4431/1229/196 4430/1229/196 4435/1229/196
f 4431/1229/196 4435/1229/196 4440/1229/196
f 4430/1229/1520 4429/1229/1520 4436/1229/1520
f 4430/1229/1520 4436/1229/1520 4435/1229/1520
f 4441/1229/450 4442/1229/450 4443/1229/450
f 4443/1229/450 4444/1229/450 4445/1229/450
f 4445/1229/450 4446/1229/450 4441/1229/450
f 4443/1229/450 4445/1229/450 4441/1229/450
f 4447/1229/449 4448/1229/449 4449/1229/449
f 4449/1229/449 4450/1229/449 4451/1229/449
f 4451/1229/449 4452/1229/449 4447/1229/449
f 4449/1229/449 4451/1229/449 4447/1229/449
f 4441/1229/1517 4446/1229/1517 4449/1229/1517
f 4441/1229/1517 4449/1229/1517 4448/1229/1517
f 4446/1229/199 4445/1229/199 4450/1229/199
f 4446/1229/199 4450/1229/199 4449/1229/199
f 4445/1229/1518 4444/1229/1518 4451/1229/1518
f 4445/1229/1518 4451/1229/1518 4450/1229/1518
f 4444/1229/1519 4443/1229/1519 4452/1229/1519
f 4444/1229/1519 4452/1229/1519 4451/1229/1519
f 4443/1229/196 4442/1229/196 4447/1229/196
f 4443/1229/196 4447/1229/196 4452/1229/196
f 4442/1229/1520 4441/1229/1520 4448/1229/1520
f 4442/1229/1520 4448/1229/1520 4447/1229/1520
usemtl mat_15
f 4453/1229/1521 4454/1229/1521 4455/1229/1521
f 4453/1229/1521 4455/1229/1521 4456/1229/1521
f 4454/1229/1522 4457/1229/1522 4458/1229/1522
f 4454/1229/1522 4458/1229/1522 4455/1229/1522
f 4457/1229/1523 4459/1229/1523 4460/1229/1523
f 4457/1229/1523 4460/1229/1523 4458/1229/1523
f 4459/1229/1524 4461/1229/1524 4462/1229/1524
f 4459/1229/1524 4462/1229/1524 4460/1229/1524
f 4461/1229/1525 4463/1229/1525 4464/1229/1525
f 4461/1229/1525 4464/1229/1525 4462/1229/1525
f 4463/1229/1526 4465/1229/1526 4466/1229/1526
f 4463/1229/1526 4466/1229/1526 4464/1229/1526
f 4465/1229/1527 4467/1229/1527 4468/1229/1527
f 4465/1229/1527 4468/1229/1527 4466/1229/1527
f 4467/1229/1528 4469/1229/1528 4470/1229/1528
f 4467/1229/1528 4470/1229/1528 4468/1229/1528
f 4469/1229/1529 4471/1229/1529 4472/1229/1529
f 4469/1229/1529 4472/1229/1529 4470/1229/1529
f 4471/1229/1530 4473/1229/1530 4474/1229/1530
f 4471/1229/1530 4474/1229/1530 4472/1229/1530
f 4473/1229/1531 4475/1229/1531 4476/1229/1531
f 4473/1229/1531 4476/1229/1531 4474/1229/1531
f 4475/1229/1532 4477/1229/1532 4478/1229/1532
f 4475/1229/1532 4478/1229/1532 4476/1229/1532
f 4477/1229/1533 4479/1229/1533 4480/1229/1533
f 4477/1229/1533 4480/1229/1533 4478/1229/1533
f 4479/1229/1534 4481/1229/1534 4482/1229/1534
f 4479/1229/1534 4482/1229/1534 4480/1229/1534
f 4481/1229/1535 4483/1229/1535 4484/1229/1535
f 4481/1229/1535 4484/1229/1535 4482/1229/1535
f 4483/1229/1536 4485/1229/1536 4486/1229/1536
f 4483/1229/1536 4486/1229/1536 4484/1229/1536
f 4485/1229/1537 4487/1229/1537 4488/1229/1537
f 4485/1229/1537 4488/1229/1537 4486/1229/1537
f 4487/1229/1538 4489/1229/1538 4490/1229/1538
f 4487/1229/1538 4490/1229/1538 4488/1229/1538
f 4489/1229/1539 4491/1229/1539 4492/1229/1539
f 4489/1229/1539 4492/1229/1539 4490/1229/1539
f 4491/1229/1540 4453/1229/1540 4456/1229/1540
f 4491/1229/1540 4456/1229/1540 4492/1229/1540
f 4456/1229/449 4455/1229/449 4493/1229/449
f 4456/1229/449 4493/1229/449 4494/1229/449
f 4455/1229/449 4458/1229/449 4495/1229/449
f 4455/1229/449 4495/1229/449 4493/1229/449
f 4458/1229/449 4460/1229/449 4496/1229/449
f 4458/1229/449 4496/1229/449 4495/1229/449
f 4460/1229/449 4462/1229/449 4497/1229/449
f 4460/1229/449 4497/1229/449 4496/1229/449
f 4462/1229/449 4464/1229/449 4498/1229/449
f 4462/1229/449 4498/1229/449 4497/1229/449
f 4464/1229/449 4466/1229/449 4499/1229/449
f 4464/1229/449 4499/1229/449 4498/1229/449
f 4466/1229/449 4468/1229/449 4500/1229/449
f 4466/1229/449 4500/1229/449 4499/1229/449
f 4468/1229/449 4470/1229/449 4501/1229/449
f 4468/1229/449 4501/1229/449 4500/1229/449
f 4470/1229/449 4472/1229/449 4502/1229/449
f 4470/1229/449 4502/1229/449 4501/1229/449
f 4472/1229/449 4474/1229/449 4503/1229/449
f 4472/1229/449 4503/1229/449 4502/1229/449
f 4474/1229/449 4476/1229/449 4504/1229/449
f 4474/1229/449 4504/1229/449 4503/1229/449
f 4476/1229/449 4478/1229/449 4505/1229/449
f 4476/1229/449 4505/1229/449 4504/1229/449
f 4478/1229/449 4480/1229/449 4506/1229/449
f 4478/1229/449 4506/1229/449 4505/1229/449
f 4480/1229/449 4482/1229/449 4507/1229/449
f 4480/1229/449 4507/1229/449 4506/1229/449
f 4482/1229/449 4484/1229/449 4508/1229/449
f 4482/1229/449 4508/1229/449 4507/1229/449
f 4484/1229/449 4486/1229/449 4509/1229/449
f 4484/1229/449 4509/1229/449 4508/1229/449
f 4486/1229/449 4488/1229/449 4510/1229/449
f 4486/1229/449 4510/1229/449 4509/1229/449
f 4488/1229/449 4490/1229/449 4511/1229/449
f 4488/1229/449 4511/1229/449 4510/1229/449
f 4490/1229/449 4492/1229/449 4512/1229/449
f 4490/1229/449 4512/1229/449 4511/1229/449
f 4492/1229/449 4456/1229/449 4494/1229/449
f 4492/1229/449 4494/1229/449 4512/1229/449
f 4494/1229/1541 4493/1229/1541 4513/1229/1541
f 4494/1229/1541 4513/1229/1541 4514/1229/1541
f 4493/1229/1542 4495/1229/1542 4515/1229/1542
f 4493/1229/1542 4515/1229/1542 4513/1229/1542
f 4495/1229/1543 4496/1229/1543 4516/1229/1543
f 4495/1229/1543 4516/1229/1543 4515/1229/1543
f 4496/1229/1544 4497/1229/1544 4517/1229/1544
f 4496/1229/1544 4517/1229/1544 4516/1229/1544
f 4497/1229/1545 4498/1229/1545 4518/1229/1545
f 4497/1229/1545 4518/1229/1545 4517/1229/1545
f 4498/1229/1546 4499/1229/1546 4519/1229/1546
f 4498/1229/1546 4519/1229/1546 4518/1229/1546
f 4499/1229/1547 4500/1229/1547 4520/1229/1547
f 4499/1229/1547 4520/1229/1547 4519/1229/1547
f 4500/1229/1548 4501/1229/1548 4521/1229/1548
f 4500/1229/1548 4521/1229/1548 4520/1229/1548
f 4501/1229/1549 4502/1229/1549 4522/1229/1549
f 4501/1229/1549 4522/1229/1549 4521/1229/1549
f 4502/1229/1550 4503/1229/1550 4523/1229/1550
f 4502/1229/1550 4523/1229/1550 4522/1229/1550
f 4503/1229/1551 4504/1229/1551 4524/1229/1551
f 4503/1229/1551 4524/1229/1551 4523/1229/1551
f 4504/1229/1552 4505/1229/1552 4525/1229/1552
f 4504/1229/1552 4525/1229/1552 4524/1229/1552
f 4505/1229/1553 4506/1229/1553 4526/1229/1553
f 4505/1229/1553 4526/1229/1553 4525/1229/1553
f 4506/1229/1554 4507/1229/1554 4527/1229/1554
f 4506/1229/1554 4527/1229/1554 4526/1229/1554
f 4507/1229/1555 4508/1229/1555 4528/1229/1555
f 4507/1229/1555 4528/1229/1555 4527/1229/1555
f 4508/1229/1556 4509/1229/1556 4529/1229/1556
f 4508/1229/1556 4529/1229/1556 4528/1229/1556
f 4509/1229/1557 4510/1229/1557 4530/1229/1557
f 4509/1229/1557 4530/1229/1557 4529/1229/1557
f 4510/1229/1558 4511/1229/1558 4531/1229/1558
f 4510/1229/1558 4531/1229/1558 4530/1229/1558
f 4511/1229/1559 4512/1229/1559 4532/1229/1559
f 4511/1229/1559 4532/1229/1559 4531/1229/1559
f 4512/1229/1560 4494/1229/1560 4514/1229/1560
f 4512/1229/1560 4514/1229/1560 4532/1229/1560
f 4514/1229/450 4513/1229/450 4454/1229/450
f 4514/1229/450 4454/1229/450 4453/1229/450
f 4513/1229/450 4515/1229/450 4457/1229/450
f 4513/1229/450 4457/1229/450 4454/1229/450
f 4515/1229/450 4516/1229/450 4459/1229/450
f 4515/1229/450 4459/1229/450 4457/1229/450
f 4516/1229/450 4517/1229/450 4461/1229/450
f 4516/1229/450 4461/1229/450 4459/1229/450
f 4517/1229/450 4518/1229/450 4463/1229/450
f 4517/1229/450 4463/1229/450 4461/1229/450
f 4518/1229/450 4519/1229/450 4465/1229/450
f 4518/1229/450 4465/1229/450 4463/1229/450
f 4519/1229/450 4520/1229/450 4467/1229/450
f 4519/1229/450 4467/1229/450 4465/1229/450
f 4520/1229/450 4521/1229/450 4469/1229/450
f 4520/1229/450 4469/1229/450 4467/1229/450
f 4521/1229/450 4522/1229/450 4471/1229/450
f 4521/1229/450 4471/1229/450 4469/1229/450
f 4522/1229/450 4523/1229/450 4473/1229/450
f 4522/1229/450 4473/1229/450 4471/1229/450
f 4523/1229/450 4524/1229/450 4475/1229/450
f 4523/1229/450 4475/1229/450 4473/1229/450
f 4524/1229/450 4525/1229/450 4477/1229/450
f 4524/1229/450 4477/1229/450 4475/1229/450
f 4525/1229/450 4526/1229/450 4479/1229/450
f 4525/1229/450 4479/1229/450 4477/1229/450
f 4526/1229/450 4527/1229/450 4481/1229/450
f 4526/1229/450 4481/1229/450 4479/1229/450
f 4527/1229/450 4528/1229/450 4483/1229/450
f 4527/1229/450 4483/1229/450 4481/1229/450
f 4528/1229/450 4529/1229/450 4485/1229/450
f 4528/1229/450 4485/1229/450 4483/1229/450
f 4529/1229/450 4530/1229/450 4487/1229/450
f 4529/1229/450 4487/1229/450 4485/1229/450
f 4530/1229/450 4531/1229/450 4489/1229/450
f 4530/1229/450 4489/1229/450 4487/1229/450
f 4531/1229/450 4532/1229/450 4491/1229/450
f 4531/1229/450 4491/1229/450 4489/1229/450
f 4532/1229/450 4514/1229/450 4453/1229/450
f 4532/1229/450 4453/1229/450 4491/1229/450
